ic,traj,n_steps,eta,loss_total,loss_T,loss_olw,loss_slwd,rmse_T,bias_T,rmse_olw,bias_olw,rmse_slwd,bias_slwd,nrmse_T,nbias_T,nrmse_olw,nbias_olw,nrmse_slwd,nbias_slwd,mean_T,mean_olw,mean_slwd,bias_C,pnorm,gnorm
1,1,10,0.01,0.79970336,0.33931664,0.41080502,0.049581736,0.29125446,-0.056502838,24.388582,17.872618,18.97152,4.9667196,0.5825089,-0.113005675,0.6409407,0.46969885,0.22266957,0.05829464,253.44098,253.19496,339.12674,-22.839336,16.85364,3.7661347
1,2,10,0.01,0.81409585,0.3388902,0.42479378,0.0504119,0.2910714,-0.060445428,24.800348,18.536245,19.129683,5.2887,0.5821428,-0.120890856,0.65176207,0.48713925,0.22452594,0.062073704,253.37492,252.8641,339.22464,-23.824945,16.85364,3.7898262
1,3,10,0.01,0.27692267,0.12633479,0.11912762,0.03146026,0.17771803,0.018615272,13.133332,0.39724115,15.112015,11.365111,0.35543606,0.037230544,0.34514868,0.010439637,0.1773704,0.13339284,253.31229,252.57848,339.22614,-11.762353,16.838743,1.4828054
1,4,10,0.01,0.26434326,0.119062595,0.11310767,0.032172993,0.17252724,0.026467675,12.797193,0.043661945,15.282238,11.682587,0.34505448,0.05293535,0.33631483,0.0011474581,0.17936832,0.13711904,253.23888,252.28624,338.54605,-11.726249,16.838743,1.5533147
1,5,10,0.01,0.2292656,0.08834066,0.112418756,0.028506193,0.14861079,0.033018354,12.758161,-6.2410126,14.385032,11.239351,0.29722157,0.06603671,0.33528906,-0.16401607,0.16883777,0.13191679,253.23166,252.15302,338.61072,-4.9983387,16.82628,1.4589448
1,6,10,0.01,0.23506273,0.09328124,0.11599393,0.025787557,0.15270989,0.025441209,12.959443,-6.0653367,13.681897,10.536381,0.30541977,0.050882418,0.34057882,-0.15939924,0.16058505,0.12366597,253.2447,252.20015,338.76895,-4.471044,16.82628,1.4133701
1,7,10,0.01,0.1807235,0.07720249,0.08376013,0.019760888,0.13892668,0.02619084,11.012535,-3.9000695,11.976901,7.58386,0.27785337,0.05238168,0.28941342,-0.102495216,0.14057343,0.08901211,253.19907,252.07347,338.19302,-3.6837904,16.810438,1.0026027
1,8,10,0.01,0.1797001,0.07456676,0.08533897,0.019794377,0.13653457,0.023858389,11.115843,-4.1574764,11.987044,7.493222,0.27306914,0.047716778,0.29212835,-0.10925996,0.14069249,0.087948285,253.17316,251.89806,338.47687,-3.3357458,16.810438,0.9598726
1,9,10,0.01,0.16019787,0.0617308,0.086242385,0.012224686,0.12422842,0.008374044,11.174524,-0.8104032,9.420199,2.970165,0.24845684,0.016748087,0.29367054,-0.021297695,0.110565305,0.03486096,253.15988,251.80525,338.61688,-2.159762,16.796473,1.0917329
1,10,10,0.01,0.1500698,0.04947134,0.08734157,0.01325689,0.11121077,0.017746978,11.24551,-0.72408897,9.809843,3.2898052,0.22242154,0.035493955,0.29553607,-0.019029314,0.11513857,0.038612586,253.09833,251.58862,337.8262,-2.5657163,16.796473,1.1053177
1,11,10,0.01,0.10743953,0.031186994,0.067080535,0.009172007,0.0882992,0.007483127,9.855233,1.5771856,8.159686,0.14943285,0.1765984,0.014966254,0.2589991,0.041449003,0.0957706,0.0017538995,253.08928,251.51953,338.30264,-1.7266185,16.786572,1.0326337
1,12,10,0.01,0.11679075,0.040719632,0.06650273,0.009568388,0.10089553,0.005114961,9.812697,1.2519562,8.334137,-0.30441314,0.20179106,0.010229922,0.25788122,0.03290186,0.097818136,-0.003572911,253.05873,251.42033,338.20303,-0.9475431,16.786572,1.0097884
1,13,10,0.01,0.09178548,0.037341025,0.04373611,0.010708344,0.09661913,0.010260373,7.957721,1.9114759,8.816626,-2.4796321,0.19323826,0.020520747,0.2091318,0.050234273,0.10348113,-0.029103553,252.99611,251.23141,337.1402,0.56815624,16.779825,0.56236196
1,14,10,0.01,0.08934,0.036352843,0.042923845,0.010063316,0.09533211,0.006733313,7.8834805,2.0558333,8.546962,-2.4358647,0.19066422,0.013466626,0.20718071,0.054028038,0.10031608,-0.028589858,252.9795,251.07451,337.40656,0.38003135,16.779825,0.57039696
1,15,10,0.01,0.11773951,0.057481077,0.047335494,0.012922939,0.11987606,0.0018706166,8.2787,1.0332689,9.685494,-4.6841574,0.23975211,0.0037412331,0.21756722,0.027154684,0.1136791,-0.05497817,252.96161,250.94547,337.53165,3.6508884,16.774775,0.6122735
1,16,10,0.01,0.0998085,0.036628783,0.0512245,0.011955218,0.09569324,0.008004898,8.612069,1.3625908,9.315797,-4.1252813,0.19138648,0.016009796,0.2263283,0.035809383,0.10933992,-0.048418615,252.90793,250.80154,336.80075,2.7626905,16.774775,0.5574056
1,17,10,0.01,0.10580285,0.03452851,0.05834471,0.012929636,0.09290924,0.0032013438,9.19114,0.47675824,9.688005,-5.1042886,0.18581848,0.0064026876,0.2415465,0.012529378,0.113708556,-0.059909265,252.91217,250.81747,337.33298,4.62753,16.769875,0.8694316
1,18,10,0.01,0.11633997,0.04082031,0.061094344,0.014425311,0.10102019,0.0013519074,9.405224,0.29341638,10.233019,-5.4851027,0.20204037,0.0027038148,0.2471727,0.0077110794,0.120105416,-0.064378895,252.90578,250.81282,337.41257,5.191686,16.769875,0.90660197
1,19,10,0.01,0.095152095,0.02874129,0.0523325,0.014078304,0.08476628,0.0049940515,8.704712,0.8672885,10.10919,-5.321906,0.16953257,0.009988103,0.22876298,0.022792652,0.11865203,-0.06246345,252.85478,250.6011,336.69046,4.4546175,16.764906,0.78001297
1,20,10,0.01,0.093400925,0.030741988,0.049223885,0.013435047,0.087666966,0.0026203908,8.44222,0.78528184,9.875539,-5.3148365,0.17533393,0.0052407817,0.22186457,0.020637494,0.11590965,-0.06238048,252.85326,250.5842,336.97397,4.529555,16.764906,0.748611
1,21,10,0.01,0.0797711,0.029423714,0.037111934,0.013235447,0.08576671,-0.0033090077,7.3303623,1.5086124,9.801907,-5.273953,0.17153342,-0.0066180155,0.19264458,0.03964687,0.11504541,-0.06190063,252.82867,250.49669,336.79184,3.7653406,16.760168,0.47670823
1,22,10,0.01,0.07987221,0.025216084,0.041953012,0.012703116,0.079397865,0.0020193825,7.7938175,1.8345053,9.602765,-4.7315125,0.15879573,0.004038765,0.20482434,0.048211455,0.1127081,-0.055533968,252.77942,250.30374,335.94287,2.8970072,16.760168,0.48815
1,23,10,0.01,0.06306483,0.02668446,0.026729321,0.00965105,0.08167689,-0.0019770262,6.221035,1.6664876,8.370059,-3.4504535,0.16335379,-0.0039540525,0.16349104,0.043795902,0.09823976,-0.040498137,252.79477,250.3125,336.3757,1.783966,16.755758,0.33560693
1,24,10,0.01,0.06276776,0.02683667,0.025808733,0.010122359,0.08190951,-0.005875288,6.112966,1.590723,8.571998,-3.8034256,0.16381902,-0.011750576,0.16065097,0.041804776,0.100609936,-0.044640973,252.81659,250.4392,336.72278,2.2127025,16.755758,0.3212971
1,25,10,0.01,0.055634335,0.020763323,0.02648285,0.008388162,0.07204742,-0.0024102617,6.1922874,1.0973477,7.8032346,-1.9391837,0.14409484,-0.0048205233,0.16273552,0.02883869,0.09158691,-0.022760287,252.77406,250.34602,336.1891,0.841836,16.751736,0.34452558
1,26,10,0.01,0.047717698,0.019375358,0.02036987,0.007972472,0.0695977,-0.0034347225,5.430787,1.0800483,7.6074257,-2.0469663,0.1391954,-0.006869445,0.14272305,0.028384058,0.089288704,-0.024025336,252.71437,250.00325,336.26443,0.966918,16.751736,0.35764107
1,27,10,0.01,0.04942938,0.020158187,0.02118959,0.008081599,0.070989765,-0.011123208,5.5389824,-0.19833349,7.6593137,-1.3353577,0.14197953,-0.022246417,0.14556645,-0.0052122725,0.089897715,-0.01567315,252.65921,249.76527,336.1059,1.5336912,16.747927,0.29452983
1,28,10,0.01,0.055061154,0.02116442,0.025014676,0.0088820625,0.07273998,-0.006068858,6.0181937,-0.04932392,8.029678,-1.067501,0.14547996,-0.012137716,0.15816028,-0.001296248,0.094244696,-0.012529309,252.5926,249.59174,335.1879,1.1168249,16.747927,0.29184547
1,29,10,0.01,0.05442749,0.020230794,0.025071686,0.009125009,0.0711175,-0.00657821,6.0250463,-1.750485,8.138753,-0.031365056,0.142235,-0.01315642,0.15834041,-0.04600337,0.095524915,-0.00036813575,252.55571,249.39522,335.13455,1.78185,16.74407,0.35949543
1,30,10,0.01,0.056450017,0.019222124,0.02748652,0.009741372,0.06932194,-0.009903051,6.3085356,-1.7260597,8.409135,-0.59015125,0.13864388,-0.019806102,0.16579059,-0.045361467,0.09869839,-0.006926631,252.51517,249.2145,335.02197,2.316211,16.74407,0.3664028
1,31,10,0.01,0.06489164,0.023855226,0.030194597,0.010841813,0.077225685,-6.520643e-5,6.612007,-2.364558,8.871399,0.38176605,0.15445137,-0.00013041285,0.17376593,-0.062141437,0.104124025,0.004480806,252.44681,248.98561,334.08337,1.9827919,16.73995,0.40943232
1,32,10,0.01,0.06332565,0.025752187,0.027178047,0.010395415,0.08023744,-0.003346895,6.2730365,-2.539578,8.686847,0.3121458,0.16047488,-0.00669379,0.16485766,-0.06674102,0.10195791,0.0036636686,252.43312,248.88542,334.23096,2.2274323,16.73995,0.42403814
1,33,10,0.01,0.06403558,0.026126565,0.028264288,0.009644725,0.08081857,-0.002400931,6.3971677,-2.926602,8.367316,-0.015472335,0.16163714,-0.004801862,0.16811986,-0.07691215,0.09820756,-0.00018159668,252.43715,248.92078,334.32275,2.9420743,16.735165,0.42499992
1,34,10,0.01,0.079340465,0.035782002,0.032335315,0.011223143,0.09458066,0.002529656,6.8423805,-2.539516,9.026066,0.27251127,0.18916132,0.005059312,0.17982022,-0.066739395,0.105939336,0.003198478,252.40959,248.83916,333.67984,2.2670047,16.735165,0.44437385
1,35,10,0.01,0.06749409,0.031682283,0.026541192,0.009270612,0.08899759,0.0076019666,6.1991034,-2.0010388,8.203429,0.3218292,0.17799518,0.015203933,0.16291468,-0.052588016,0.09628402,0.0037773242,252.42278,248.78314,334.07385,1.6792096,16.72955,0.2944226
1,36,10,0.01,0.07000545,0.030269034,0.030426927,0.009309489,0.08698999,0.006364565,6.637397,-2.314963,8.220612,0.15983605,0.17397998,0.01272913,0.17443316,-0.060838062,0.0964857,0.001876005,252.42163,248.75694,334.24182,2.155127,16.72955,0.30795676
1,37,10,0.01,0.0692588,0.030433908,0.029908681,0.008916217,0.087226585,0.013482649,6.580627,-0.96212816,8.045102,0.4044745,0.17445317,0.026965298,0.17294127,-0.025285073,0.09442572,0.004747336,252.4014,248.75331,333.7345,0.55765367,16.72327,0.39670646
1,38,10,0.01,0.06564836,0.031856064,0.026119923,0.00767238,0.08924133,0.01141528,6.14971,-1.1498756,7.4628763,0.69146115,0.17848267,0.02283056,0.1616166,-0.030219141,0.087592125,0.00811571,252.41493,248.80164,334.2262,0.4584145,16.72327,0.43633676
1,39,10,0.01,0.056227848,0.02639791,0.022177877,0.0076520573,0.08123717,0.0033415882,5.6666794,0.22209594,7.4529862,-0.13978171,0.16247433,0.0066831764,0.14892238,0.005836765,0.08747604,-0.0016406239,252.39674,248.77075,334.2843,-0.08231422,16.716595,0.3034223
1,40,10,0.01,0.061287597,0.029331407,0.024329813,0.007626379,0.08563207,0.008586131,5.9352365,0.32077843,7.4404697,0.010999622,0.17126414,0.017172262,0.15598017,0.0084301755,0.08732914,0.00012910547,252.32854,248.53989,333.5535,-0.33177805,16.716595,0.31459326
1,41,10,0.01,0.05283177,0.024499893,0.021134978,0.0071968953,0.07826221,0.00046510287,5.5318394,1.0280954,7.2279267,-0.3408608,0.15652442,0.00093020574,0.14537874,0.027018718,0.084834516,-0.004000698,252.30563,248.36996,333.79553,-0.6872345,16.709465,0.2571823
1,42,10,0.01,0.053578876,0.025684942,0.019602466,0.00829147,0.08013261,-0.0011786695,5.3275065,0.97594345,7.7581286,-0.8665471,0.16026522,-0.002357339,0.1400088,0.025648147,0.09105751,-0.010170706,252.26878,248.25935,333.52872,-0.10939634,16.709465,0.27250928
1,43,10,0.01,0.056180596,0.026114322,0.022328427,0.007737846,0.08079963,-0.0028450168,5.685881,1.6703355,7.494648,-0.88359684,0.16159926,-0.0056900335,0.149427,0.04389702,0.08796503,-0.010370817,252.21123,248.04427,332.65112,-0.7867387,16.701868,0.34697053
1,44,10,0.01,0.05767197,0.02535161,0.025033567,0.007286795,0.079610944,-0.0045169606,6.020465,1.7155015,7.272931,-0.6705118,0.15922189,-0.009033921,0.15822,0.045084,0.085362725,-0.007869826,252.20941,247.95479,332.846,-1.0449898,16.701868,0.36096355
1,45,10,0.01,0.057580628,0.023427602,0.02618737,0.007965654,0.07653039,-0.0087869875,6.1576443,1.5185112,7.6041727,-1.1859757,0.15306078,-0.017573975,0.16182512,0.039907027,0.08925051,-0.013919847,252.2306,248.04506,333.1014,-0.3325355,16.693913,0.36894265
1,46,10,0.01,0.054845188,0.02446017,0.022791054,0.007593963,0.07819874,-0.00588913,5.7444816,1.5791793,7.4246407,-0.9273187,0.15639748,-0.01177826,0.15096706,0.041501395,0.08714335,-0.010883984,252.2174,248.0596,332.6729,-0.6518606,16.693913,0.35187563
1,47,10,0.01,0.046473823,0.01965167,0.020164547,0.0066576097,0.07009221,-0.0053996625,5.403348,0.80215067,6.9518495,-1.0205951,0.14018442,-0.010799325,0.14200193,0.021080809,0.08159418,-0.011978773,252.22293,248.09285,333.06503,0.2184444,16.685806,0.19350757
1,48,10,0.01,0.04515043,0.01985859,0.018580187,0.0067116525,0.07046025,-0.007904091,5.186731,0.5735665,6.980008,-1.2968955,0.1409205,-0.015808182,0.13630916,0.015073534,0.08192468,-0.015221719,252.21042,248.08592,333.05594,0.723329,16.685806,0.2517781
1,49,10,0.01,0.047068417,0.02189825,0.018498354,0.006671816,0.073990285,0.0004927957,5.1752963,0.47827893,6.959263,-0.9159694,0.14798057,0.0009855914,0.13600865,0.012569343,0.081681184,-0.010750773,252.20384,248.20226,332.37378,0.43769044,16.677652,0.16033584
1,50,10,0.01,0.045791402,0.020194216,0.018892923,0.0067042643,0.07105318,-0.0010889955,5.230199,0.3816323,6.976165,-0.84491765,0.14210635,-0.002177991,0.13745153,0.010029434,0.08187957,-0.009916836,252.2388,248.41486,332.8342,0.46328536,16.677652,0.17704336
1,51,10,0.01,0.039780855,0.01748448,0.015853804,0.0064425697,0.06611445,0.0008799001,4.791102,-0.6619571,6.8386564,-0.729306,0.1322289,0.0017598002,0.12591189,-0.017396476,0.08026562,-0.0085598985,252.23686,248.47072,333.0542,1.391263,16.669584,0.22720745
1,52,10,0.01,0.044986982,0.021508727,0.016667474,0.0068107815,0.07332927,0.0053777127,4.9125113,-0.42337224,7.031366,-0.59386265,0.14665854,0.010755425,0.12910257,-0.011126374,0.08252746,-0.0069701923,252.20522,248.43037,332.47427,1.0172349,16.669584,0.23795001
1,53,10,0.01,0.04723202,0.020434923,0.020651786,0.00614531,0.07147539,0.0065642577,5.4682384,-1.176026,6.679025,0.018016633,0.14295077,0.013128515,0.14370729,-0.030906392,0.07839203,0.00021146193,252.19368,248.34146,332.70294,1.1580094,16.661432,0.29117608
1,54,10,0.01,0.045905303,0.018879138,0.020221151,0.0068050125,0.068700686,0.0036510539,5.410926,-1.3691638,7.028387,-0.17653182,0.13740137,0.0073021078,0.1422011,-0.035982117,0.0824925,-0.0020719604,252.19243,248.2573,332.58984,1.5456955,16.661432,0.26836678
1,55,10,0.01,0.04728181,0.0195848,0.020655148,0.007041865,0.06997285,0.0062192474,5.468684,-1.0218375,7.149655,0.7148087,0.1399457,0.012438495,0.14371899,-0.026854254,0.08391582,0.008389743,252.2191,248.44405,332.37988,0.30702877,16.653046,0.21688786
1,56,10,0.01,0.045276944,0.01928227,0.019523583,0.006471091,0.06943031,0.0056006275,5.3167768,-1.274574,6.8537765,0.77394783,0.13886061,0.011201255,0.13972682,-0.033496268,0.08044309,0.009083861,252.25317,248.6576,333.02652,0.5006262,16.653046,0.24000527
1,57,10,0.01,0.03905343,0.01736005,0.015316366,0.006377013,0.06587877,0.0024457858,4.709193,-1.1143377,6.803774,0.9143692,0.13175754,0.0048915716,0.12375931,-0.0292852,0.0798562,0.010731994,252.20793,248.52344,333.18277,0.19996846,16.644705,0.2166311
1,58,10,0.01,0.03964047,0.017525366,0.015927898,0.0061872075,0.0661917,0.003330327,4.8022842,-0.8595799,6.7017555,0.9483932,0.1323834,0.006660654,0.12620577,-0.022590064,0.078658804,0.011131339,252.11037,248.1273,332.28976,-0.088813305,16.644705,0.22304317
1,59,10,0.01,0.039346162,0.017165162,0.015823117,0.0063578812,0.06550794,0.0007811639,4.7864633,0.061743032,6.7935596,0.9587953,0.13101588,0.0015623278,0.12578997,0.0016226263,0.07973632,0.011253422,252.0816,247.92714,332.3766,-1.0205383,16.636513,0.25966904
1,60,10,0.01,0.041656107,0.019313548,0.015493469,0.006849089,0.069486596,-0.0020121355,4.7363415,-0.06188256,7.0511117,0.83105224,0.13897319,-0.004024271,0.12447277,-0.0016262941,0.082759224,0.0097541,252.04608,247.75801,332.23264,-0.7691697,16.636513,0.30200452
1,61,10,0.01,0.040496636,0.018186266,0.016470779,0.0058395886,0.06742823,0.0024297552,4.883438,1.0797341,6.51077,0.71107453,0.13485646,0.0048595103,0.12833853,0.028375799,0.0764172,0.008345913,251.97932,247.53555,331.32877,-1.7908087,16.628576,0.21222343
1,62,10,0.01,0.04152262,0.018461442,0.017048271,0.006012904,0.06793644,0.0031313363,4.968312,0.85157347,6.60668,0.8819423,0.13587289,0.0062626726,0.13056903,0.02237966,0.077542916,0.010351395,251.9948,247.62816,331.71466,-1.7335157,16.628576,0.21735798
1,63,10,0.01,0.04130103,0.019280031,0.015757998,0.0062629995,0.069426276,0.0021820164,4.7766037,0.9766961,6.742678,0.01168253,0.13885255,0.0043640328,0.12553087,0.025667924,0.07913911,0.00013711792,251.98169,247.59332,331.67892,-0.9883786,16.62137,0.25342667
1,64,10,0.01,0.042979486,0.019365776,0.017239166,0.0063745463,0.06958049,0.0058948584,4.996051,1.1527015,6.8024583,0.164947,0.13916098,0.011789717,0.131298,0.030293407,0.07984076,0.0019359903,251.95052,247.52386,331.0928,-1.3176485,16.62137,0.26967135
1,65,10,0.01,0.04211559,0.018842423,0.0168199,0.006453269,0.068633854,0.0047129714,4.9349227,0.801696,6.844333,-0.14135738,0.13726771,0.009425943,0.12969156,0.021068858,0.08033224,-0.0016591179,251.98119,247.5799,331.51828,-0.66033864,16.614819,0.23200835
1,66,10,0.01,0.04332907,0.020615213,0.016591404,0.0061224536,0.071789995,0.002136169,4.9012885,0.5570184,6.666594,-0.34614125,0.14357999,0.004272338,0.12880762,0.014638643,0.07824611,-0.0040626754,252.00269,247.71307,331.8287,-0.21087715,16.614819,0.22161168
1,67,10,0.01,0.040135264,0.017935317,0.016294973,0.0059049726,0.0669614,0.0022393374,4.857306,-0.13346012,6.5471177,-0.5620352,0.1339228,0.004478675,0.12765177,-0.003507381,0.07684382,-0.006596633,251.99617,247.7282,331.17416,0.6954953,16.60864,0.1724405
1,68,10,0.01,0.037568204,0.016299253,0.016123332,0.0051456178,0.063834265,0.0016753078,4.8316565,-0.31147134,6.111671,-0.33245072,0.12766853,0.0033506155,0.12697768,-0.00818558,0.07173296,-0.003901988,252.03668,247.88712,331.8141,0.6439221,16.60864,0.14977051
1,69,10,0.01,0.03414679,0.0153837465,0.013622279,0.005140763,0.062015615,-0.0039542466,4.4411306,-0.8983473,6.1087866,-0.5254262,0.12403123,-0.007908493,0.11671452,-0.023608888,0.07169911,-0.0061669513,252.05022,247.95384,332.0385,1.4237735,16.602509,0.27416998
1,70,10,0.01,0.034726914,0.014762013,0.014774853,0.005190048,0.060749512,-0.0008382478,4.6251974,-0.6288246,6.1380005,-0.4486088,0.121499024,-0.0016764957,0.12155186,-0.01652574,0.07204199,-0.005265341,251.99725,247.82646,331.33484,1.0774333,16.602509,0.234402
1,71,10,0.01,0.03410601,0.015463278,0.013496592,0.005146137,0.062175713,-0.0022611422,4.4205947,-0.49101692,6.111979,-0.3408656,0.12435143,-0.0045222845,0.11617483,-0.012904101,0.07173658,-0.0040007546,251.96136,247.63676,331.66504,0.83188254,16.596664,0.17611618
1,72,10,0.01,0.035800107,0.016486218,0.013735877,0.005578011,0.064199336,-0.0028170035,4.4596095,-0.99001336,6.363278,-0.43334812,0.12839867,-0.005634007,0.11720016,-0.026017906,0.07468608,-0.0050862264,251.94801,247.60767,331.62137,1.4233615,16.596664,0.23590258
1,73,10,0.01,0.034587845,0.014483705,0.014821367,0.005282774,0.060174134,-3.636982e-5,4.632472,-0.24019104,6.192589,-0.23642711,0.12034827,-7.273964e-5,0.12174304,-0.0063123032,0.07268269,-0.002774954,251.89185,247.49348,330.80954,0.47661817,16.591234,0.20335822
1,74,10,0.01,0.038440194,0.018176544,0.014749763,0.0055138865,0.06741021,-0.0014497889,4.6212687,-0.09167781,6.3265967,-0.15040042,0.13482042,-0.0028995778,0.1214486,-0.0024093252,0.07425555,-0.0017652569,251.87985,247.38872,330.78256,0.24207821,16.591234,0.19520102
1,75,10,0.01,0.03900068,0.017902048,0.015072638,0.0060259923,0.06689927,-0.0025461626,4.671575,0.40629804,6.6138678,-0.024757886,0.13379854,-0.005092325,0.122770675,0.010677659,0.077627264,-0.0002905856,251.93884,247.64522,331.174,-0.38154015,16.586195,0.17419642
1,76,10,0.01,0.041942693,0.019792534,0.015765898,0.0063842605,0.07034297,0.0010577661,4.7778,0.59430575,6.8076396,0.029636268,0.14068595,0.0021155323,0.12556233,0.01561857,0.07990157,0.00034784217,251.94937,247.75903,330.78824,-0.623942,16.586195,0.17531271
1,77,10,0.01,0.035912555,0.01630716,0.014088669,0.005516725,0.06384975,0.0023335924,4.516517,0.52696496,6.3282247,0.37407038,0.1276995,0.004667185,0.1186957,0.01384883,0.07427466,0.004390481,251.9841,247.92604,331.7257,-0.9010353,16.58169,0.12854889
1,78,10,0.01,0.035227053,0.01616389,0.013326173,0.0057369904,0.063568644,-0.00054030074,4.3925977,0.6593777,6.453321,0.36012378,0.12713729,-0.0010806015,0.11543904,0.017328687,0.07574292,0.0042267884,251.98804,247.98868,331.92252,-1.0195014,16.58169,0.13654396
1,79,10,0.01,0.038473472,0.018448874,0.014058719,0.005965877,0.067913316,0.0057574697,4.5117135,0.4162929,6.580795,0.65263104,0.13582663,0.011514939,0.11856947,0.010940329,0.07723909,0.0076599577,252.01111,248.1922,331.55334,-1.068924,16.577238,0.19776948
1,80,10,0.01,0.035971124,0.016849244,0.013319597,0.0058022817,0.06490232,0.0045284904,4.3915133,0.2808394,6.489939,0.77333677,0.12980464,0.009056981,0.11541056,0.007380559,0.07617271,0.009076685,252.01373,248.12431,332.06644,-1.0541762,16.577238,0.18372695
1,81,10,0.01,0.029947612,0.012332879,0.01188592,0.005728814,0.05552675,0.002169868,4.1484427,-0.11675235,6.4487205,0.61977774,0.1110535,0.004339736,0.109022565,-0.0030682927,0.07568893,0.007274358,251.97064,247.91054,332.16638,-0.5030254,16.572603,0.11586036
1,82,10,0.01,0.031047732,0.013083433,0.012500994,0.005463307,0.057191417,0.003507938,4.254426,-0.053850636,6.297512,0.54374266,0.11438283,0.007015876,0.111807846,-0.0014152157,0.073914185,0.0063819326,251.93974,247.89963,331.45502,-0.489892,16.572603,0.11813436
1,83,10,0.01,0.036371116,0.019131387,0.012162122,0.0050776084,0.06915813,0.002559803,4.196366,-0.44480175,6.0711484,0.263546,0.13831626,0.005119606,0.11028201,-0.011689549,0.07125734,0.00309325,251.97348,248.07071,332.24713,0.18125576,16.56798,0.19203097
1,84,10,0.01,0.032676514,0.01436541,0.012705713,0.0056053926,0.059927896,0.0025566611,4.2891197,-0.5872026,6.3788776,0.17851092,0.11985579,0.0051133223,0.11271962,-0.015431894,0.07486917,0.0020951908,251.98997,248.10376,332.3245,0.4086917,16.56798,0.19225143
1,85,10,0.01,0.033743985,0.014923104,0.013434365,0.0053865174,0.06108008,0.004598512,4.4103928,-0.2784154,6.2530985,-0.060432896,0.12216016,0.009197024,0.11590671,-0.007316859,0.0733929,-0.0007093037,252.01231,248.12326,331.53046,0.3388483,16.56326,0.12530123
1,86,10,0.01,0.03133568,0.014719049,0.011609044,0.005007589,0.060661044,0.0028186706,4.0998397,-0.18615642,6.029143,0.0624619,0.12132209,0.005637341,0.107745275,-0.004892257,0.07076432,0.00073311804,252.10942,248.40382,332.40103,0.123694524,16.56326,0.09823544
1,87,10,0.01,0.028589036,0.013703657,0.010280271,0.004605107,0.05853131,-0.0027943247,3.8580775,0.16312112,5.781773,-0.38859048,0.11706262,-0.0055886493,0.10139167,0.0042868825,0.06786094,-0.0045609036,252.151,248.64764,333.03815,0.22546937,16.558407,0.21863401
1,88,10,0.01,0.027340002,0.012209588,0.010571925,0.004558488,0.055248503,0.0005622192,3.9124224,0.101593696,5.752434,-0.33164257,0.110497005,0.0011244384,0.10281987,0.0026699181,0.06751657,-0.003892503,252.10883,248.56956,332.53986,0.23004887,16.558407,0.15261997
1,89,10,0.01,0.024642678,0.010868715,0.009669226,0.0041047377,0.052126564,-0.0004658896,3.7416613,0.2887321,5.4586334,-0.46713936,0.10425313,-0.0009317792,0.09833222,0.0075879856,0.06406823,-0.005482836,252.07437,248.41028,332.78534,0.17840725,16.553345,0.08915959
1,90,10,0.01,0.022565769,0.0099032065,0.008896109,0.0037664524,0.04975743,-0.0030670462,3.588961,0.12115983,5.2288656,-0.51232725,0.09951486,-0.0061340923,0.09431919,0.0031841232,0.06137143,-0.0060132085,252.04715,248.2172,332.86246,0.39116743,16.553345,0.09382125
1,91,10,0.01,0.025666947,0.012248121,0.009496227,0.003922599,0.055335615,0.0005296812,3.7080383,0.36171758,5.3361516,-0.79696965,0.11067123,0.0010593624,0.09744859,0.009506066,0.06263065,-0.009354068,252.00119,248.05247,331.8393,0.43525207,16.54797,0.2099154
1,92,10,0.01,0.026965186,0.014148988,0.00890398,0.0039122184,0.05947476,-0.0004849524,3.590548,0.39665145,5.3290854,-0.78371775,0.11894952,-0.0009699048,0.0943609,0.010424142,0.06254773,-0.009198531,252.04463,248.24309,332.37692,0.3870663,16.54797,0.20859627
1,93,10,0.01,0.024752414,0.01220333,0.0090403585,0.0035087254,0.055234343,-0.0043492867,3.6179411,0.042114586,5.0467978,-0.6954916,0.110468686,-0.008698573,0.0950808,0.0011067875,0.059234496,-0.008163015,252.06006,248.38309,332.7683,0.65337706,16.542313,0.13650735
1,94,10,0.01,0.02547621,0.012773016,0.009113097,0.0035900972,0.056508884,-0.002149203,3.6324668,0.17146854,5.1049833,-0.77150947,0.11301777,-0.004298406,0.09546254,0.0045062536,0.05991742,-0.009055241,252.04982,248.4785,332.1234,0.6000409,16.542313,0.12231461
1,95,10,0.01,0.024925545,0.01288715,0.008886991,0.0031514044,0.05676079,-0.0039702943,3.5871212,-0.18648699,4.7829223,-0.57823795,0.11352158,-0.0079405885,0.09427084,-0.004900945,0.05613737,-0.006786805,252.10176,248.72226,332.87665,0.76472497,16.536232,0.11241602
1,96,10,0.01,0.026269179,0.013689994,0.009382838,0.0031963468,0.058502123,-0.007157573,3.6858344,-0.22962877,4.816906,-0.62920815,0.117004246,-0.014315146,0.09686505,-0.006034727,0.056536242,-0.007385045,252.152,248.97685,333.26077,0.8588369,16.536232,0.20194073
1,97,10,0.01,0.025622262,0.013202135,0.008997097,0.0034230293,0.057450272,-0.0010694491,3.6092741,-0.0956951,4.984786,-0.49867132,0.114900544,-0.0021388982,0.09485303,-0.0025148997,0.05850666,-0.005852927,252.16661,248.98875,332.70654,0.59436643,16.529627,0.13967122
1,98,10,0.01,0.028194534,0.014955969,0.009720423,0.0035181423,0.0611473,-0.0019491499,3.7515547,-0.17653513,5.0535655,-0.3882822,0.1222946,-0.0038982998,0.09859221,-0.004639409,0.05931393,-0.0045572845,252.23412,249.11043,333.3747,0.5648173,16.529627,0.21893819
1,99,10,0.01,0.02646981,0.012346807,0.010877026,0.0032459782,0.055558093,-0.0053667715,3.9684753,0.09519731,4.8541594,-0.2863558,0.111116186,-0.010733543,0.10429298,0.0025018197,0.056973487,-0.003360971,252.31178,249.45135,334.28134,0.19115847,16.522581,0.09243377
1,100,10,0.01,0.025025269,0.012081714,0.009603244,0.0033403097,0.054958425,-0.0040211556,3.7288733,0.24932162,4.9241877,-0.34638664,0.10991685,-0.008042311,0.097996145,0.006552262,0.057795413,-0.004065556,252.30487,249.54387,333.7749,0.09706502,16.522581,0.06814586
2,1,10,0.0069999998,0.17944585,0.06270449,0.08866331,0.028078046,0.12520432,0.0057194917,11.33028,0.36307132,14.276595,0.010102243,0.25040865,0.0114389835,0.29776385,0.009541647,0.16756505,0.000118563876,253.70683,254.98735,340.65576,-0.37317356,16.515064,0.9487708
2,2,10,0.0069999998,0.18099871,0.06735346,0.083702676,0.029942574,0.12976272,0.003440348,11.008759,0.7996524,14.742999,0.07831088,0.25952545,0.006880696,0.28931415,0.021015167,0.17303923,0.0009191494,253.75288,255.08357,341.10388,-0.8779633,16.515064,0.9732671
2,3,10,0.0069999998,0.14560328,0.051495537,0.0662614,0.027846342,0.11346314,0.0013500751,9.794878,0.35558912,14.2175665,0.0022136034,0.22692628,0.0027001502,0.2574129,0.009345016,0.16687223,2.5975583e-5,253.77397,255.1609,341.79675,-0.35780272,16.506966,0.6983551
2,4,10,0.0069999998,0.14917411,0.046435997,0.07436936,0.028368745,0.10774507,0.004189625,10.376854,0.42655513,14.350309,-0.073980466,0.21549013,0.00837925,0.27270746,0.011210013,0.16843024,-0.00086831563,253.74092,255.10878,340.9984,-0.35257465,16.506966,0.71464473
2,5,10,0.0069999998,0.101280995,0.033570968,0.04328397,0.02442606,0.09161191,0.004149874,7.9164815,0.7799354,13.315819,-0.10017441,0.18322381,0.008299748,0.208048,0.020496985,0.15628839,-0.0011757504,253.71733,254.87843,341.3118,-0.679761,16.497696,0.39355135
2,6,10,0.0069999998,0.10408947,0.03426894,0.04344911,0.02637142,0.09255936,0.003121114,7.93157,0.3194062,13.835918,0.118394025,0.18511872,0.006242228,0.2084445,0.008394106,0.1623928,0.001389595,253.7341,254.80719,341.86502,-0.43780023,16.497696,0.39062664
2,7,10,0.0069999998,0.095945805,0.038036797,0.03624502,0.021663994,0.09751512,0.0073554595,7.24424,-0.13892257,12.540374,0.47338128,0.19503024,0.014710919,0.19038124,-0.0036509365,0.14718693,0.00555609,253.7351,254.82375,340.9903,-0.3344587,16.48797,0.39655527
2,8,10,0.0069999998,0.08992104,0.034165774,0.03489673,0.02085854,0.09241993,0.0077009317,7.108222,0.10777125,12.305044,0.33578923,0.18483986,0.0154018635,0.18680666,0.0028322667,0.14442486,0.00394117,253.77548,254.99405,341.23846,-0.44356048,16.48797,0.3806696
2,9,10,0.0069999998,0.08242957,0.034203343,0.031084176,0.017142061,0.09247073,0.0034579323,6.7086997,-0.7765289,11.155083,0.529123,0.18494146,0.0069158645,0.17630705,-0.020407455,0.1309277,0.0062103416,253.80481,255.2083,341.99585,0.24740589,16.47774,0.4688159
2,10,10,0.0069999998,0.08310719,0.034407917,0.031829897,0.01686937,0.092746854,0.004931546,6.788695,-0.65012616,11.065999,0.57944494,0.18549371,0.009863092,0.17840935,-0.017085547,0.12988214,0.0068009696,253.74373,255.0318,341.16833,0.070681214,16.47774,0.47740796
2,11,10,0.0069999998,0.078175925,0.031633534,0.03178297,0.014759424,0.088929094,0.002405698,6.783688,-0.84044707,10.350848,0.59573597,0.17785819,0.004811396,0.17827779,-0.022087252,0.12148837,0.006992176,253.70839,254.73889,341.06653,0.2447111,16.467043,0.46351567
2,12,10,0.0069999998,0.079236336,0.032403145,0.032019313,0.014813876,0.09000437,6.4527294e-6,6.8088646,-1.0542011,10.369924,0.48024726,0.18000874,1.2905459e-5,0.17893942,-0.027704773,0.12171227,0.0056366776,253.70155,254.64452,341.36768,0.57395387,16.467043,0.44652155
2,13,10,0.0069999998,0.074974254,0.03189861,0.030336099,0.012739543,0.08930091,0.00029171153,6.627482,-1.1202992,9.616525,0.5142705,0.17860182,0.00058342307,0.17417261,-0.029441867,0.11286958,0.006036013,253.6338,254.46246,340.49774,0.60602874,16.455757,0.40064797
2,14,10,0.0069999998,0.072153546,0.030981345,0.028451685,0.01272052,0.08800759,-0.0007679431,6.4183393,-0.7294656,9.609342,0.5675073,0.17601518,-0.0015358862,0.16867627,-0.01917062,0.11278528,0.006660854,253.61098,254.3094,340.92487,0.16195828,16.455757,0.4232423
2,15,10,0.0069999998,0.07158583,0.03132518,0.027905853,0.01235479,0.08849461,-0.00614968,6.3564744,-0.40720206,9.470194,0.4635295,0.17698921,-0.01229936,0.16705045,-0.010701418,0.111152105,0.005440468,253.58472,254.10902,340.8432,-0.056327432,16.444212,0.39298752
2,16,10,0.0069999998,0.07370618,0.03025615,0.031198263,0.012251767,0.08697148,-0.0016382304,6.721,-0.59737813,9.430627,0.43002257,0.17394295,-0.0032764608,0.1766303,-0.015699312,0.1106877,0.0050471933,253.53682,253.91025,339.7035,0.16735557,16.444212,0.39879048
2,17,10,0.0069999998,0.0626653,0.0281297,0.023310399,0.011225205,0.083859555,-0.0018297242,5.809564,0.21176718,9.026894,0.26095814,0.16771911,-0.0036594484,0.15267743,0.0055653183,0.10594907,0.003062881,253.53911,253.88815,339.9454,-0.47272533,16.432926,0.34511396
2,18,10,0.0069999998,0.061090413,0.027128015,0.02287753,0.01108487,0.08235292,-0.004853657,5.755369,0.5240563,8.970291,0.2892152,0.16470584,-0.009707314,0.1512532,0.013772388,0.10528471,0.003394531,253.51732,253.73161,340.28055,-0.8132715,16.432926,0.35128465
2,19,10,0.0069999998,0.052332986,0.022975279,0.019474372,0.009883333,0.07578799,-0.0031959896,5.3100724,0.31809416,8.470184,0.0464087,0.15157598,-0.0063919793,0.13955061,0.008359636,0.09941495,0.00054470066,253.44536,253.48337,339.32016,-0.36450288,16.422398,0.29240334
2,20,10,0.0069999998,0.057416346,0.027586011,0.019790912,0.010039423,0.083045185,-0.002925246,5.3530536,0.48999134,8.53681,-0.0002128524,0.16609037,-0.005850492,0.14068018,0.012877151,0.10019692,-2.4958692e-6,253.42625,253.42206,339.38986,-0.4897785,16.422398,0.29064536
2,21,10,0.0069999998,0.060442273,0.0273187,0.023097014,0.01002656,0.08264185,-0.004679751,5.782912,0.25398687,8.531339,0.1590394,0.1652837,-0.009359502,0.15197702,0.0066748713,0.10013271,0.0018666519,253.46106,253.55927,339.95746,-0.41302627,16.412897,0.31083244
2,22,10,0.0069999998,0.05803129,0.02480339,0.023266632,0.00996127,0.07874546,-0.0017138551,5.804107,-0.15062071,8.503517,0.11616062,0.15749092,-0.0034277102,0.15253404,-0.0039583663,0.09980616,0.0013633828,253.46841,253.72311,339.437,0.034460098,16.412897,0.23594432
2,23,10,0.0069999998,0.056910753,0.02564096,0.022322228,0.008947568,0.08006398,-0.00078291964,5.685091,-0.75619113,8.059234,0.3590932,0.16012795,-0.0015658393,0.14940625,-0.01987298,0.09459159,0.004214691,253.5196,253.8374,340.28964,0.39709795,16.404493,0.28297085
2,24,10,0.0069999998,0.058527105,0.027272854,0.022288593,0.008965654,0.082572475,-0.0014464312,5.680806,-0.5464301,8.067375,0.5609792,0.16514495,-0.0028928623,0.14929365,-0.014360371,0.09468714,0.006584238,253.56256,253.9596,340.87436,-0.014549077,16.404493,0.33327258
2,25,10,0.0069999998,0.0542863,0.025507066,0.020327065,0.008452169,0.07985466,-0.00012407881,5.4250784,-1.3077439,7.8329496,0.49057454,0.15970932,-0.00024815762,0.14257301,-0.034367975,0.09193568,0.0057578953,253.55894,254.08313,339.95517,0.81716937,16.397032,0.31907153
2,26,10,0.0069999998,0.051127173,0.024159886,0.018936042,0.008031246,0.07771725,-0.0014581677,5.2361646,-1.4059881,7.6354156,0.40048465,0.1554345,-0.0029163354,0.13760829,-0.03694987,0.08961722,0.0047005042,253.6109,254.27216,340.48898,1.0055034,16.397032,0.3069881
2,27,10,0.0069999998,0.05457974,0.026199337,0.020478964,0.0079014385,0.080931045,-0.0060638166,5.4453106,-1.2583841,7.5734596,0.53489995,0.16186209,-0.012127633,0.14310473,-0.033070788,0.08889004,0.006278143,253.63477,254.36827,340.78976,0.72348416,16.390238,0.28508112
2,28,10,0.0069999998,0.053318575,0.023820367,0.021248497,0.008249709,0.07716924,-0.002905725,5.5466757,-1.4569265,7.738567,0.5660099,0.15433848,-0.00581145,0.14576864,-0.038288556,0.09082791,0.0066432846,253.5982,254.34787,340.2197,0.8909166,16.390238,0.2809694
2,29,10,0.0069999998,0.045293406,0.019785283,0.017549777,0.007958343,0.07033008,-0.0037642207,5.040858,-0.72559565,7.6006813,0.6825916,0.14066017,-0.0075284415,0.13247557,-0.019068923,0.08920955,0.008011607,253.60054,254.25438,340.6833,0.043004036,16.384214,0.20710623
2,30,10,0.0069999998,0.045265544,0.02036745,0.01726506,0.0076330327,0.07135729,-0.004371624,4.9998007,-0.7003985,7.4437165,0.7707749,0.14271457,-0.008743248,0.13139658,-0.01840673,0.08736723,0.009046619,253.59773,254.11697,340.8615,-0.070376396,16.384214,0.22044192
2,31,10,0.0069999998,0.039453678,0.015834935,0.01607962,0.0075391238,0.06291847,-0.0034615623,4.8251023,0.21707167,7.3977838,0.48749813,0.12583694,-0.0069231247,0.12680544,0.005704721,0.08682813,0.0057217856,253.57396,254.05032,339.92334,-0.7045698,16.378765,0.18155181
2,32,10,0.0069999998,0.04160438,0.017963434,0.016204469,0.007436482,0.06701387,-0.004883397,4.8437986,0.23222484,7.3472524,0.5089334,0.13402773,-0.009766794,0.12729678,0.006102953,0.08623504,0.005973374,253.60196,254.15416,340.54245,-0.74115825,16.378765,0.1879132
2,33,10,0.0069999998,0.042223033,0.019385964,0.015465117,0.0073719523,0.06961674,-0.0076168175,4.732006,1.0478879,7.315306,0.36779287,0.13923348,-0.015233635,0.124358825,0.027538877,0.08586007,0.0043168045,253.59915,254.17068,340.84567,-1.4156808,16.373774,0.22851868
2,34,10,0.0069999998,0.03922384,0.01624731,0.015361956,0.00761457,0.06373247,-0.0049787615,4.716197,1.1257851,7.434708,0.37746906,0.12746494,-0.009957523,0.12394336,0.029586038,0.087261505,0.0044303746,253.54443,254.0396,340.07324,-1.5032542,16.373774,0.24069396
2,35,10,0.0069999998,0.039718755,0.017562278,0.014958517,0.0071979607,0.06626137,-0.0038454714,4.653856,1.4746977,7.228463,0.10908031,0.13252275,-0.007690943,0.12230501,0.038755585,0.0848408,0.0012802825,253.53816,253.92645,340.40387,-1.583778,16.369024,0.2625909
2,36,10,0.0069999998,0.04036991,0.017281296,0.015977686,0.007110927,0.06572917,-0.006329208,4.8097844,1.5115002,7.184629,0.039067626,0.13145834,-0.012658416,0.12640287,0.039722774,0.08432631,0.00045853973,253.52802,253.81857,340.47913,-1.5505679,16.369024,0.25258362
2,37,10,0.0069999998,0.038076967,0.014639024,0.016431835,0.007006109,0.060495917,-0.0010551064,4.8776617,1.2321326,7.13148,-0.6395418,0.12099183,-0.0021102128,0.12818672,0.03238089,0.083702505,-0.007506331,253.49538,253.80806,339.45694,-0.59259075,16.36434,0.22377302
2,38,10,0.0069999998,0.039225455,0.015293045,0.017146006,0.0067864037,0.061832525,-0.0014011108,4.9825325,1.2492667,7.01877,-0.5305978,0.12366505,-0.0028022216,0.13094276,0.032831185,0.08237963,-0.0062276497,253.474,253.62881,339.81653,-0.71866894,16.36434,0.2312959
2,39,10,0.0069999998,0.042372297,0.017551845,0.018004274,0.0068161776,0.06624169,-0.00034278902,5.105714,0.29892838,7.0341506,-0.8372621,0.13248338,-0.00068557804,0.13418001,0.007855945,0.082560144,-0.009826983,253.46832,253.51921,340.14172,0.5383337,16.359661,0.23777159
2,40,10,0.0069999998,0.037438624,0.013634624,0.016860284,0.006943715,0.058383696,0.002786463,4.9408436,0.32200113,7.0996532,-0.68636143,0.11676739,0.005572926,0.12984715,0.008462309,0.083328955,-0.008055853,253.46437,253.53279,339.50528,0.3643603,16.359661,0.22124255
2,41,10,0.0069999998,0.037007496,0.015578643,0.014793858,0.006634997,0.062407218,0.0044412552,4.6281714,-0.2500766,6.9400344,-0.968633,0.124814436,0.0088825105,0.121630006,-0.0065721045,0.08145549,-0.011368888,253.49783,253.67064,339.82297,1.2187096,16.355034,0.2429994
2,42,10,0.0069999998,0.040692635,0.019787295,0.014099486,0.006805852,0.07033366,0.0031933263,4.5182505,-0.34429947,7.028821,-1.0080227,0.14066732,0.0063866526,0.11874126,-0.009048317,0.08249759,-0.011831208,253.46996,253.53673,339.95596,1.3523221,16.355034,0.2463362
2,43,10,0.0069999998,0.033693355,0.01462384,0.012548071,0.006521444,0.060464535,0.008805857,4.262429,-0.40890986,6.880391,-1.4336641,0.12092907,0.017611714,0.112018175,-0.010746293,0.08075546,-0.01682698,253.36826,253.19496,338.69128,1.8425739,16.350468,0.22672117
2,44,10,0.0069999998,0.033542298,0.014777082,0.01231887,0.0064463485,0.06078051,0.008643523,4.223321,-0.36807558,6.8406615,-1.2845197,0.12156102,0.017287046,0.110990405,-0.009673163,0.080289155,-0.015076466,253.35278,252.9944,339.06226,1.6525953,16.350468,0.24695954
2,45,10,0.0069999998,0.033476755,0.015677324,0.011979439,0.00581999,0.06260456,0.007764925,4.16473,-0.5495875,6.4998345,-1.3558723,0.12520912,0.01552985,0.10945062,-0.0144433575,0.07628886,-0.015913934,253.34827,252.83372,339.3252,1.9054598,16.34601,0.21742803
2,46,10,0.0069999998,0.03279135,0.014582748,0.01242079,0.005787811,0.060379524,0.010295239,4.240756,-0.45184317,6.481841,-1.5524489,0.12075905,0.020590479,0.1114486,-0.011874598,0.07607766,-0.018221162,253.33716,252.86734,338.55228,2.004292,16.34601,0.21796589
2,47,10,0.0069999998,0.031306423,0.013240695,0.0129996985,0.0050660283,0.05753411,0.009317684,4.338457,-0.5627634,6.0642214,-1.4387337,0.11506822,0.018635368,0.11401622,-0.014789625,0.07117604,-0.016886482,253.37663,252.96666,339.0405,2.001497,16.341822,0.1746666
2,48,10,0.0069999998,0.035033233,0.016147878,0.013617593,0.0052677616,0.06353715,0.0077123274,4.4403663,-0.5831819,6.183783,-1.5134258,0.1270743,0.015424655,0.11669444,-0.015326228,0.07257935,-0.017763149,253.39363,252.97452,339.35266,2.0966077,16.341822,0.1710125
2,49,10,0.0069999998,0.032940622,0.015203346,0.012994487,0.0047427886,0.061650924,0.009011674,4.3375874,-0.48998734,5.867568,-1.0812669,0.12330185,0.018023347,0.11399336,-0.012877045,0.06886791,-0.012690876,253.39815,253.08263,339.12415,1.5712543,16.33794,0.16867702
2,50,10,0.0069999998,0.03058556,0.013059837,0.01294256,0.0045831627,0.05713982,0.006911617,4.3289123,-0.47775647,5.7679815,-0.9097376,0.11427964,0.013823234,0.113765374,-0.012555612,0.06769906,-0.010677631,253.45084,253.2762,339.734,1.3874941,16.33794,0.15446952
2,51,10,0.0069999998,0.029143412,0.012499858,0.012326645,0.0043169092,0.055901382,0.0028169008,4.2246537,-0.76377314,5.597933,-0.55395925,0.111802764,0.0056338017,0.11102542,-0.020072237,0.06570319,-0.0065018428,253.47575,253.3868,339.82703,1.3177323,16.334143,0.18195787
2,52,10,0.0069999998,0.030277535,0.013029391,0.012398177,0.0048499666,0.05707318,0.0051556006,4.236894,-0.602853,5.933495,-0.71437484,0.11414636,0.010311201,0.1113471,-0.015843198,0.0696417,-0.0083846515,253.4264,253.22467,338.87946,1.3172278,16.334143,0.17978157
2,53,10,0.0069999998,0.026523462,0.011505216,0.010794748,0.0042234976,0.053631186,0.00057807885,3.9534376,-0.47283906,5.5370355,-0.18728298,0.10726237,0.0011561577,0.10389777,-0.01242638,0.06498844,-0.0021981485,253.42484,253.14832,339.2459,0.66012204,16.330345,0.1536961
2,54,10,0.0069999998,0.025828222,0.012602414,0.009311661,0.0039141453,0.056130238,-1.9009065e-5,3.6718273,-0.57636386,5.3303976,-0.1543072,0.112260476,-3.801813e-5,0.09649695,-0.01514705,0.06256313,-0.0018111097,253.4214,253.10263,339.5412,0.73067105,16.330345,0.14763944
2,55,10,0.0069999998,0.023808328,0.011391887,0.008508294,0.003908148,0.053366393,-0.00030800814,3.5098612,-0.05625824,5.326314,-0.020607919,0.106732786,-0.0006160163,0.092240416,-0.0014784851,0.062515184,-0.00024187805,253.34274,252.83109,338.44675,0.07686616,16.32639,0.096731156
2,56,10,0.0069999998,0.024825849,0.011728329,0.009115452,0.003982067,0.054148704,-0.001384008,3.6329362,0.083185926,5.3764486,0.011434034,0.10829741,-0.002768016,0.09547488,0.0021861559,0.06310362,0.00013420076,253.28464,252.53291,338.554,-0.09461996,16.32639,0.102137536
2,57,10,0.0069999998,0.024253603,0.011241296,0.009437622,0.0035746847,0.05301249,-0.0041161967,3.6965787,0.52287287,5.094013,0.17426912,0.10602498,-0.008232393,0.09714742,0.0137412865,0.059788667,0.0020454044,253.19441,252.07666,338.43094,-0.697142,16.322193,0.096872054
2,58,10,0.0069999998,0.026021022,0.010810178,0.01125946,0.0039513865,0.051986,-0.003050629,4.037638,0.75283784,5.3556967,-0.0995347,0.103972,-0.006101258,0.1061106,0.019784853,0.06286006,-0.0011682427,253.09624,251.69965,337.31116,-0.65330315,16.322193,0.10719226
2,59,10,0.0069999998,0.024612317,0.010463789,0.010341355,0.0038071733,0.051146332,-0.0043003964,3.8695228,0.9585506,5.2570553,0.18941367,0.102292664,-0.008600793,0.10169245,0.025191057,0.061702296,0.0022231576,253.1042,251.69263,337.63757,-1.1479642,16.3178,0.15398517
2,60,10,0.0069999998,0.027461441,0.012660033,0.010771463,0.0040299464,0.056258406,-0.005510983,3.9491713,0.92629063,5.408675,0.19430642,0.11251681,-0.011021966,0.10378566,0.02434325,0.06348186,0.0022805845,253.14717,251.75726,337.93103,-1.120597,16.3178,0.17703821
2,61,10,0.0069999998,0.02746719,0.012513179,0.010574141,0.00437987,0.055931162,-0.0029631588,3.9128323,0.8255959,5.6386065,0.29389152,0.111862324,-0.0059263175,0.10283064,0.02169696,0.06618059,0.0034494183,253.19969,252.02332,337.55658,-1.1194874,16.313206,0.17818026
2,62,10,0.0069999998,0.026094193,0.010727397,0.0109698875,0.004396908,0.051786575,-0.0042439434,3.98538,0.7644389,5.649563,0.4676478,0.10357315,-0.008487887,0.10473723,0.020089729,0.066309184,0.005488802,253.25383,252.2715,338.1548,-1.2320867,16.313206,0.21170968
2,63,10,0.0069999998,0.025451733,0.011757263,0.00973413,0.00396034,0.054215457,-0.0038273465,3.7541986,0.31247294,5.3617606,0.46531996,0.108430915,-0.007654693,0.0986617,0.008211903,0.06293123,0.005461481,253.23868,252.20651,338.4559,-0.77779293,16.308321,0.12626062
2,64,10,0.0069999998,0.023935711,0.009542604,0.0101644825,0.004228624,0.048843127,-0.001471855,3.8362892,0.42204824,5.5403953,0.2602764,0.09768625,-0.00294371,0.10081906,0.011091581,0.06502787,0.003054874,253.15274,251.95885,337.45312,-0.68232465,16.308321,0.11868716
2,65,10,0.0069999998,0.023974799,0.009870114,0.009974388,0.0041302973,0.049674224,-0.0022127454,3.800247,0.11877646,5.4756017,0.21883439,0.09934845,-0.0044254907,0.09987186,0.003121488,0.06426739,0.002568469,253.08653,251.58282,337.51697,-0.33761084,16.30325,0.092694074
2,66,10,0.0069999998,0.026378531,0.009527602,0.012363446,0.004487483,0.04880472,-0.0033540328,4.2309556,0.1766408,5.7074566,0.08092953,0.09760944,-0.0067080655,0.111191034,0.0046421858,0.06698868,0.0009498753,253.00485,251.22517,337.39954,-0.25757033,16.30325,0.11390595
2,67,10,0.0069999998,0.027741047,0.009650864,0.013179907,0.0049102777,0.049119405,0.00027861318,4.368425,0.038247176,5.970273,-0.17126358,0.09823881,0.00055722636,0.114803776,0.0010051511,0.07007337,-0.0020101287,252.9163,250.92192,336.48697,0.13301641,16.298029,0.17145522
2,68,10,0.0069999998,0.026093485,0.009729456,0.01163715,0.0047268774,0.049319003,-0.00046881175,4.1048,-0.0277772,5.857717,-0.18552761,0.098638006,-0.0009376235,0.10787562,-0.00072999496,0.06875229,-0.0021775474,252.90187,250.84114,336.82355,0.2133048,16.298029,0.16122496
2,69,10,0.0069999998,0.025210373,0.008653832,0.012027095,0.0045294454,0.046512987,-0.0005302547,4.173006,0.092044674,5.7340803,-0.4226222,0.093025975,-0.0010605094,0.10966811,0.002418966,0.067301154,-0.0049603377,252.88638,250.70853,336.87555,0.33057752,16.292715,0.13936105
2,70,10,0.0069999998,0.02602495,0.009719087,0.011677819,0.0046280455,0.049292713,0.0024022309,4.111966,0.24081463,5.7961555,-0.44025332,0.09858543,0.0048044617,0.10806396,0.006328694,0.06802974,-0.0051672766,252.90092,250.84758,336.33112,0.19943869,16.292715,0.118605815
2,71,10,0.0069999998,0.022093449,0.008118376,0.009801716,0.004173357,0.045051016,0.002674597,3.7672095,0.27553883,5.5040708,-0.56528544,0.09010203,0.005349194,0.09900361,0.0072412593,0.064601526,-0.0066347816,252.93896,251.0084,336.66745,0.2897466,16.287418,0.15678248
2,72,10,0.0069999998,0.027619857,0.01361953,0.00954848,0.004451848,0.05835137,0.0022458693,3.718226,0.21101706,5.68475,-0.69787997,0.11670274,0.0044917385,0.097716324,0.005545602,0.06672217,-0.008191048,252.95908,251.0664,336.77655,0.4868629,16.287418,0.16996837
2,73,10,0.0069999998,0.022591392,0.0094371,0.008652214,0.0045020785,0.04857237,0.004644219,3.5394218,0.028948784,5.716731,-0.75087947,0.09714474,0.009288438,0.09301728,0.0007607819,0.06709753,-0.008813103,252.96815,251.14488,336.14584,0.7219307,16.28225,0.16061763
2,74,10,0.0069999998,0.021430906,0.008681967,0.008409042,0.0043398966,0.046588536,0.0034641316,3.4893293,-0.08036305,5.6128173,-0.61131006,0.09317707,0.006928263,0.09170083,-0.0021119677,0.06587789,-0.007174975,253.02116,251.37476,336.58698,0.6916731,16.28225,0.1939969
2,75,10,0.0069999998,0.02245219,0.010081315,0.008152932,0.0042179427,0.050202876,0.0021345667,3.4357817,-0.6836679,5.533393,-0.504471,0.10040575,0.0042691333,0.090293586,-0.017967038,0.06494569,-0.005920998,252.99904,251.31857,336.6759,1.188139,16.277134,0.10526534
2,76,10,0.0069999998,0.023319673,0.0092705805,0.009144533,0.0049045584,0.048141927,0.0042166333,3.6387267,-0.5278183,5.9667954,-0.5987832,0.09628385,0.008433267,0.095627055,-0.013871255,0.07003255,-0.007027946,252.91043,250.93166,335.70422,1.1266015,16.277134,0.08342533
2,77,10,0.0069999998,0.025045171,0.01079008,0.009010574,0.0052445172,0.051937655,0.003966645,3.6119761,-0.680405,6.1701255,-0.44777414,0.10387531,0.00793329,0.09492404,-0.01788129,0.07241904,-0.005255547,252.84726,250.55013,335.74734,1.1281792,16.272154,0.15013291
2,78,10,0.0069999998,0.02722016,0.010808476,0.01052207,0.0058896136,0.05198191,0.0022696091,3.9031863,-0.6321187,6.538598,-0.68174666,0.10396382,0.0045392183,0.10257714,-0.016612306,0.07674382,-0.00800169,252.8015,250.31313,335.57477,1.3138654,16.272154,0.17993052
2,79,10,0.0069999998,0.029697552,0.01108574,0.012299327,0.0063124867,0.05264442,0.0023455478,4.2199693,-0.111637406,6.7692633,-0.6318918,0.10528884,0.0046910956,0.11090233,-0.00293387,0.07945116,-0.0074165417,252.76515,250.23503,334.89212,0.7435292,16.267166,0.17310748
2,80,10,0.0069999998,0.026168771,0.009176202,0.011201755,0.005790815,0.047896247,0.0022677083,4.0272794,-0.1133613,6.483524,-0.487492,0.095792495,0.0045354166,0.10583834,-0.0029791768,0.07609741,-0.0057217157,252.7616,250.18965,335.22235,0.6008533,16.267166,0.17242089
2,81,10,0.0069999998,0.024242949,0.009042583,0.0099206,0.0052797636,0.04754625,-0.001142817,3.7899864,0.1930973,6.1908245,-0.6675639,0.0950925,-0.002285634,0.09960221,0.005074669,0.07266198,-0.007835228,252.76701,250.241,335.22775,0.47446662,16.262127,0.08125627
2,82,10,0.0069999998,0.02577791,0.009903128,0.010364746,0.0055100354,0.04975723,0.0011115085,3.8738966,0.31065634,6.324386,-0.779831,0.09951446,0.002223017,0.10180739,0.00816416,0.07422961,-0.0091529135,252.74783,250.20786,334.5416,0.46917465,16.262127,0.09746396
2,83,10,0.0069999998,0.024999473,0.010094197,0.009929186,0.0049760896,0.05023494,-0.00010470662,3.7916257,0.68044984,6.01015,-0.6425299,0.10046988,-0.00020941324,0.0996453,0.017882466,0.070541404,-0.0075414013,252.7612,250.25754,334.8047,-0.03791994,16.257128,0.18151523
2,84,10,0.0069999998,0.025802866,0.010579517,0.010164457,0.005058893,0.05142839,-0.00152941,3.8362842,0.5378529,6.0599484,-0.80574805,0.10285678,-0.00305882,0.10081893,0.014134966,0.071125895,-0.0094571,252.7597,250.2876,334.89468,0.26789516,16.257128,0.14789018
2,85,10,0.0069999998,0.02407771,0.009653784,0.009412535,0.005011392,0.049126837,-0.0002904579,3.6916623,0.51721054,6.0314326,-0.69063365,0.098253675,-0.0005809158,0.09701822,0.013592476,0.070791185,-0.008105999,252.71556,250.10504,334.23737,0.17342311,16.252253,0.15494682
2,86,10,0.0069999998,0.024337258,0.010929839,0.0082523115,0.0051551084,0.052272934,-0.0006615438,3.4566586,0.45344582,6.117305,-0.5408794,0.10454587,-0.0013230876,0.09084223,0.011916719,0.071799085,-0.0063483277,252.71014,249.97285,334.6703,0.08743361,16.252253,0.19345632
2,87,10,0.0069999998,0.021991447,0.009000861,0.008068732,0.004921854,0.047436435,-0.001976309,3.417994,-0.47953126,5.977308,-0.5103371,0.09487287,-0.003952618,0.08982612,-0.012602255,0.070155926,-0.00598985,252.70157,249.99915,334.8125,0.9898684,16.247498,0.1137362
2,88,10,0.0069999998,0.022423059,0.008583845,0.008452869,0.0053863446,0.04632452,-0.00078310404,3.4984105,-0.2904566,6.2529984,-0.557168,0.09264904,-0.0015662081,0.09193949,-0.0076333066,0.07339172,-0.0065395064,252.65005,249.85866,334.2007,0.8476246,16.247498,0.10695902
2,89,10,0.0069999998,0.022433989,0.008886117,0.008446515,0.0051013557,0.0471331,-0.0012275679,3.4970953,-0.6478872,6.085328,-0.44448677,0.0942662,-0.0024551358,0.09190492,-0.01702671,0.07142378,-0.005216962,252.60121,249.5902,334.34232,1.092374,16.242865,0.16240501
2,90,10,0.0069999998,0.02399938,0.008862042,0.010130575,0.005006762,0.04706921,-0.002145175,3.829885,-0.9272432,6.0286446,-0.6631161,0.09413842,-0.00429035,0.10065076,-0.024368284,0.07075848,-0.007783022,252.53659,249.31728,334.16052,1.5903592,16.242865,0.21617316
2,91,10,0.0069999998,0.025369179,0.010265425,0.00972835,0.0053754044,0.050659217,-0.0016024102,3.7530837,-0.32229322,6.2466445,-0.563497,0.101318434,-0.0032048204,0.098632395,-0.00846998,0.07331715,-0.006613788,252.44539,248.99393,333.04135,0.8857902,16.238312,0.15702915
2,92,10,0.0069999998,0.026172694,0.011029581,0.009558047,0.0055850665,0.052510906,-0.0014128324,3.7200882,-0.3612688,6.3673015,-0.5791089,0.10502181,-0.0028256648,0.09776527,-0.009494276,0.0747333,-0.0067970282,252.40558,248.81654,333.11533,0.9403777,16.238312,0.15932885
2,93,10,0.0069999998,0.026969137,0.010820604,0.010274671,0.0058738613,0.052011065,-0.001146118,3.857027,0.1738349,6.5298476,-0.66457206,0.10402213,-0.002292236,0.101364054,0.0045684436,0.07664112,-0.007800114,252.37457,248.67876,332.98904,0.49073714,16.233856,0.14451757
2,94,10,0.0069999998,0.032629296,0.013036662,0.0129275685,0.0066650673,0.0570891,0.000549104,4.3264046,0.5548291,6.955742,-0.636965,0.1141782,0.001098208,0.113699466,0.01458111,0.08163986,-0.0074760853,252.32246,248.49164,332.32663,0.082135856,16.233856,0.17930157
2,95,10,0.0069999998,0.031013371,0.011540221,0.01304987,0.006423282,0.05371271,0.0017831409,4.3468213,1.1614064,6.8284125,-0.28743836,0.10742542,0.0035662819,0.11423603,0.030522177,0.08014538,-0.0033736767,252.31595,248.43736,332.71225,-0.873968,16.229597,0.18411055
2,96,10,0.0069999998,0.0319358,0.011809741,0.0133349,0.00679116,0.054336317,-0.00013917248,4.3940353,0.90618867,7.0212297,-0.42497796,0.108672634,-0.00027834496,0.11547684,0.02381496,0.082408495,-0.0049879844,252.32999,248.53746,333.03906,-0.4812107,16.229597,0.17047875
2,97,10,0.0069999998,0.030153308,0.011243122,0.012519339,0.0063908463,0.053016793,0.003169961,4.257547,0.9748682,6.811149,-0.207058,0.106033586,0.006339922,0.111889854,0.025619887,0.07994277,-0.0024302476,252.30626,248.58327,332.52393,-0.76781017,16.225582,0.16541843
2,98,10,0.0069999998,0.029829573,0.01190789,0.011733977,0.0061877044,0.05456164,0.0046427674,4.1218414,0.88828045,6.7020235,-0.12798008,0.10912328,0.009285535,0.108323485,0.02334433,0.07866196,-0.0015021069,252.29059,248.50607,333.01532,-0.7603004,16.225582,0.20478466
2,99,10,0.0069999998,0.028508127,0.0105149485,0.012115548,0.0058776294,0.05127121,0.004684109,4.1883235,-0.036752526,6.531942,0.29946798,0.10254242,0.009368218,0.11007065,-0.0009658698,0.0766657,0.0035148677,252.28113,248.46948,333.2057,-0.26271546,16.221918,0.17811705
2,100,10,0.0069999998,0.029277887,0.012034769,0.011593503,0.005649614,0.054851547,0.0055065486,4.0970945,0.05871401,6.4039903,0.44277555,0.109703094,0.011013097,0.10767313,0.0015430251,0.075163916,0.005196876,252.27965,248.49866,332.7042,-0.5014896,16.221918,0.1917335
3,1,10,0.0048999996,0.04124913,0.01808679,0.019318422,0.0038439191,0.06724357,0.00080772134,5.288768,-0.10434957,5.282364,1.0707065,0.13448714,0.0016154427,0.13899073,-0.002742346,0.061999347,0.01256693,253.0625,252.8759,338.83942,-0.96635693,16.2184,0.34881753
3,2,10,0.0048999996,0.035859644,0.01899767,0.012942417,0.0039195577,0.068916015,0.0010324881,4.3288884,-0.40035388,5.3340836,1.2258582,0.13783203,0.0020649761,0.11376474,-0.010521442,0.06260637,0.014387956,253.1564,253.25645,339.71274,-0.8255043,16.2184,0.32237688
3,3,10,0.0048999996,0.03556835,0.018508568,0.013292405,0.0037673735,0.0680231,-0.00028288516,4.3870287,-0.28955883,5.229504,1.0493377,0.1360462,-0.0005657703,0.11529269,-0.007609711,0.061378933,0.012316127,253.20584,253.40071,340.26706,-0.7597789,16.215624,0.29059917
3,4,10,0.0048999996,0.03653988,0.018119058,0.014682062,0.0037387565,0.06730352,0.0010914998,4.6106505,0.15475008,5.209605,1.1739604,0.13460705,0.0021829996,0.12116956,0.004066889,0.061145373,0.013778829,253.17921,253.30925,339.52924,-1.3287106,16.215624,0.2898235
3,5,10,0.0048999996,0.02974424,0.015875723,0.010524731,0.0033437845,0.06299945,0.0014125684,3.90368,0.5303782,4.9267483,1.1601071,0.1259989,0.0028251368,0.102590114,0.013938533,0.057825465,0.013616232,253.18173,253.25766,339.77652,-1.6904854,16.212574,0.16941501
3,6,10,0.0048999996,0.033776734,0.016465466,0.013879534,0.0034317325,0.06415892,0.00036938352,4.48287,0.52112037,4.991119,0.85387206,0.12831783,0.00073876703,0.117811434,0.013695233,0.05858099,0.010021932,253.17616,253.10596,340.1122,-1.3749924,16.212574,0.18279262
3,7,10,0.0048999996,0.037164725,0.015015133,0.01806471,0.004084887,0.061268125,0.0038720078,5.1142755,1.2989949,5.445419,1.0029848,0.12253625,0.0077440157,0.13440502,0.034138054,0.06391312,0.011772078,253.12088,252.89421,339.132,-2.3019795,16.209332,0.22390796
3,8,10,0.0048999996,0.032665733,0.016589183,0.011633639,0.004442913,0.0643995,0.0036448897,4.1041803,1.059835,5.679042,1.2673651,0.128799,0.0072897794,0.10785935,0.027852843,0.06665518,0.014875121,253.14716,252.9162,339.3859,-2.3272,16.209332,0.25323442
3,9,10,0.0048999996,0.03440752,0.016412292,0.013107086,0.004888141,0.064055234,0.0014915337,4.3563395,0.79719865,5.956801,1.2198735,0.12811047,0.0029830674,0.11448618,0.020950671,0.06991524,0.014317715,253.15846,252.91957,339.50998,-2.0170722,16.206125,0.27537712
3,10,10,0.0048999996,0.036337785,0.015963912,0.01575427,0.004619605,0.06317419,0.0038753622,4.776038,1.2123791,5.790868,1.2500038,0.12634838,0.0077507244,0.12551601,0.031861756,0.067967676,0.014671354,253.12512,252.80693,338.76926,-2.4623828,16.206125,0.2899383
3,11,10,0.0048999996,0.028270315,0.014912234,0.009284121,0.0040739602,0.06105783,0.0025174378,3.6663935,0.4393279,5.43813,1.3715614,0.12211566,0.0050348756,0.09635414,0.011545699,0.06382758,0.016098082,253.16267,252.88782,339.30972,-1.8108892,16.202917,0.212844
3,12,10,0.0048999996,0.028338771,0.014379586,0.009715244,0.004243941,0.059957456,-0.0001226921,3.750555,0.1613227,5.5504208,1.319269,0.11991491,-0.0002453842,0.098565936,0.004239623,0.06514554,0.015484318,253.19376,253.02661,339.75528,-1.4805917,16.202917,0.1818547
3,13,10,0.0048999996,0.027250715,0.0125729265,0.010373045,0.0043047434,0.05606453,-0.00046307765,3.8754468,-0.44157493,5.5900393,1.4223235,0.11212906,-0.0009261553,0.10184815,-0.011604749,0.06561054,0.016693873,253.13869,252.86502,338.7196,-0.98074853,16.199642,0.17134033
3,14,10,0.0048999996,0.029297814,0.014725705,0.010141063,0.004431046,0.060674757,0.00043423293,3.831867,-0.41429108,5.671453,1.4781773,0.12134951,0.00086846587,0.100702845,-0.010887719,0.0665661,0.017349433,253.16913,252.9949,339.1053,-1.0638862,16.199642,0.16772923
3,15,10,0.0048999996,0.02617757,0.012050063,0.01020239,0.0039251163,0.05488639,-0.0057364674,3.8434355,-1.0317479,5.3378634,1.2869067,0.10977278,-0.011472935,0.10100688,-0.027114706,0.06265075,0.015104486,253.1871,253.04703,339.49637,-0.25515878,16.196266,0.23120089
3,16,10,0.0048999996,0.028875865,0.011606445,0.013357167,0.003912254,0.053866606,-0.0031486503,4.397702,-0.65785474,5.3291106,1.2680255,0.10773321,-0.0062973006,0.11557321,-0.017288659,0.06254801,0.014882873,253.15657,252.9943,338.98563,-0.6101708,16.196266,0.21304883
3,17,10,0.0048999996,0.025310254,0.010754336,0.010731536,0.0038243816,0.051851556,-0.006126416,3.9418457,-0.46509707,5.268923,1.3719571,0.10370311,-0.012252832,0.103593126,-0.012222919,0.061841585,0.016102722,253.2006,253.10114,339.45068,-0.90686,16.192675,0.13456105
3,18,10,0.0048999996,0.025412224,0.011343931,0.010080497,0.003987797,0.053253945,-0.0062577506,3.820407,-0.82432586,5.3803153,1.4287667,0.10650789,-0.012515501,0.10040168,-0.021663584,0.063149005,0.016769497,253.26913,253.31868,340.18408,-0.60444087,16.192675,0.18969113
3,19,10,0.0048999996,0.024059502,0.010562768,0.0094909435,0.004005792,0.051387664,-0.0053964476,3.7070067,-0.21203022,5.392441,1.3807647,0.10277533,-0.010792895,0.097421475,-0.0055722324,0.063291326,0.016206095,253.28421,253.4849,339.87082,-1.1687346,16.188965,0.108642444
3,20,10,0.0048999996,0.024588361,0.011737351,0.009172259,0.0036787505,0.05416953,-0.0069130207,3.6442382,-0.056819882,5.1676292,1.4037606,0.10833906,-0.0138260415,0.09577191,-0.0014932465,0.060652703,0.016476002,253.3112,253.59334,340.15088,-1.3469406,16.188965,0.10059335
3,21,10,0.0048999996,0.022658309,0.010368145,0.009141471,0.003148692,0.050912045,-0.0066100014,3.6381176,0.38585746,4.780863,1.1344324,0.10182409,-0.013220003,0.09561104,0.010140473,0.056113206,0.013314885,253.33629,253.70435,340.43695,-1.5202899,16.185152,0.15675838
3,22,10,0.0048999996,0.023635201,0.009200614,0.0107979365,0.0036366507,0.047959916,-0.004570572,3.954022,0.45156237,5.1379757,1.289048,0.09591983,-0.009141144,0.10391312,0.011867223,0.06030465,0.0151296165,253.31293,253.69708,339.8529,-1.7406104,16.185152,0.15591633
3,23,10,0.0048999996,0.024862945,0.009775364,0.011424241,0.0036633406,0.04943522,-0.0032078286,4.067076,0.8080568,5.1567945,1.0960208,0.09887044,-0.0064156572,0.10688424,0.02123603,0.060525537,0.012864046,253.31642,253.62326,340.17447,-1.9040775,16.181286,0.20248847
3,24,10,0.0048999996,0.026477491,0.0111032,0.011127458,0.0042468333,0.05268586,-0.003788303,4.0139008,0.51554275,5.552312,1.0001457,0.10537172,-0.007576606,0.105486766,0.013548646,0.06516773,0.011738758,253.28911,253.37437,340.27185,-1.5156884,16.181286,0.18534109
3,25,10,0.0048999996,0.02547057,0.009430716,0.011901565,0.00413829,0.048555937,-0.0012130614,4.151172,0.28918302,5.480898,0.7786229,0.09711187,-0.0024261228,0.10909429,0.0075998344,0.06432954,0.009138732,253.23146,253.11348,339.3413,-1.067806,16.177423,0.12633973
3,26,10,0.0048999996,0.025851998,0.010341584,0.0113311345,0.0041792803,0.05084679,-0.00030992896,4.0504694,0.5725108,5.507975,0.7350453,0.10169358,-0.0006198579,0.1064478,0.01504579,0.064647354,0.008627259,253.19089,252.82596,339.3233,-1.3075562,16.177423,0.1428784
3,27,10,0.0048999996,0.023992877,0.00963375,0.010265137,0.00409399,0.049075834,6.6197055e-5,3.8552365,0.11236391,5.4514823,0.5035972,0.09815167,0.00013239411,0.10131701,0.002952964,0.0639843,0.0059107416,253.17981,252.7442,339.3583,-0.61596113,16.173573,0.0905192
3,28,10,0.0048999996,0.027052926,0.0106383925,0.012061354,0.0043531787,0.05157129,0.0010311934,4.1789455,0.24380223,5.621399,0.56266093,0.10314258,0.0020623868,0.109824196,0.006407208,0.065978624,0.0066039795,253.20483,253.046,338.92804,-0.8064632,16.173573,0.09917743
3,29,10,0.0048999996,0.02783061,0.010403138,0.013224815,0.0042026583,0.050997887,0.0013760027,4.3758607,-0.13163376,5.5233583,0.49011964,0.10199577,0.0027520054,0.1149992,-0.0034593807,0.06482791,0.0057525598,253.3086,253.51625,339.7682,-0.35848588,16.169807,0.14117675
3,30,10,0.0048999996,0.029651547,0.011364939,0.013470723,0.0048158863,0.053303234,0.0006098091,4.4163566,-0.6486972,5.9126115,0.61263984,0.10660647,0.0012196183,0.116063446,-0.017047996,0.069396585,0.007190579,253.38657,253.78125,340.25485,0.036057353,16.169807,0.15541115
3,31,10,0.0048999996,0.029058205,0.010494439,0.013886448,0.004677318,0.051221184,0.0021180108,4.483987,-0.95734376,5.826928,0.5949355,0.10244237,0.0042360215,0.117840774,-0.025159337,0.06839092,0.006982783,253.41785,253.92783,339.8376,0.36240828,16.166132,0.18133362
3,32,10,0.0048999996,0.029274361,0.012350268,0.012416122,0.0045079715,0.05556588,0.0026622957,4.2399592,-0.81092805,5.720472,0.60510993,0.11113176,0.0053245914,0.11142765,-0.021311486,0.06714143,0.0071022003,253.484,254.18324,340.219,0.20581812,16.166132,0.19477142
3,33,10,0.0048999996,0.027083965,0.010225272,0.012118114,0.0047405786,0.050560042,-0.0008040811,4.1887665,-0.5650079,5.8662,0.23717052,0.101120085,-0.0016081622,0.110082306,-0.014848615,0.06885186,0.0027836817,253.48642,254.13475,340.30627,0.3278374,16.162502,0.08781944
3,34,10,0.0048999996,0.030448332,0.012561162,0.012871587,0.005015583,0.056038294,8.201547e-6,4.3170266,-0.58807224,6.0339527,0.07227056,0.11207659,1.6403093e-5,0.113453016,-0.015454752,0.07082078,0.00084824517,253.439,254.06499,339.47064,0.51580167,16.162502,0.09217289
3,35,10,0.0048999996,0.026467217,0.0109813595,0.01089252,0.004593337,0.052395992,-0.0010088693,3.971301,-0.08833031,5.7743797,0.012905005,0.104791984,-0.0020177385,0.104367234,-0.002321356,0.06777416,0.00015146624,253.4303,253.9939,340.1779,0.07542531,16.159025,0.13559814
3,36,10,0.0048999996,0.026031867,0.011159354,0.010050823,0.0048216903,0.05281892,-0.0021590155,3.81478,-0.22032501,5.9161725,0.09543309,0.10563784,-0.004318031,0.10025379,-0.005790221,0.06943839,0.0011201068,253.4214,253.89114,340.6845,0.124891914,16.159025,0.12344415
3,37,10,0.0048999996,0.0262092,0.011464264,0.009901628,0.0048433077,0.05353565,-0.0025873696,3.7863603,0.043602683,5.92942,-0.15616018,0.1070713,-0.0051747393,0.09950692,0.0011458921,0.06959388,-0.0018328591,253.39386,253.7865,339.76215,0.11255749,16.155724,0.17915857
3,38,10,0.0048999996,0.026503328,0.009840116,0.011927452,0.0047357595,0.04959868,-0.0030515648,4.155684,0.2504774,5.863218,-0.215774,0.09919736,-0.0061031296,0.109212875,0.00658264,0.068816856,-0.002532549,253.44936,253.93884,339.94086,-0.034703404,16.155724,0.18786478
3,39,10,0.0048999996,0.029263007,0.012045585,0.0124656055,0.0047518164,0.05487619,-0.005656385,4.2483997,0.34895787,5.8731494,-0.0331718,0.10975238,-0.01131277,0.111649476,0.009170736,0.06893342,-0.00038933844,253.51254,254.16077,340.26498,-0.31578606,16.152561,0.19051632
3,40,10,0.0048999996,0.031406373,0.011510909,0.014837688,0.005057776,0.053644452,-0.004447616,4.635022,0.29329988,6.05928,0.03552011,0.107288904,-0.008895232,0.12181005,0.0077080275,0.07111804,0.00041689927,253.55544,254.48494,339.63913,-0.32882,16.152561,0.20076783
3,41,10,0.0048999996,0.026356492,0.009552119,0.012000877,0.0048034964,0.04886747,-0.0040232004,4.168455,-0.24983026,5.9050007,0.09536838,0.09773494,-0.008046401,0.10954852,-0.0065656286,0.06930726,0.0011193451,253.63933,254.83014,340.46695,0.15446189,16.149645,0.08932214
3,42,10,0.0048999996,0.027911864,0.0118299145,0.011310047,0.0047719027,0.054382704,-0.005503395,4.0466986,-0.41018623,5.885549,0.26962978,0.10876541,-0.01100679,0.1063487,-0.010779843,0.06907896,0.0031646565,253.66083,254.81783,341.07346,0.14055645,16.149645,0.12167895
3,43,10,0.0048999996,0.027073584,0.011593136,0.010634729,0.0048457203,0.053835712,-0.0046909405,3.9240258,-0.82289326,5.9308968,0.1857274,0.107671425,-0.009381881,0.10312482,-0.021625929,0.06961121,0.0021798909,253.61829,254.72318,340.33893,0.63716584,16.146904,0.1746838
3,44,10,0.0048999996,0.024599861,0.010129954,0.009630325,0.0048395824,0.050323837,-0.003300832,3.7341278,-0.7145765,5.9271398,0.22588824,0.10064767,-0.006601664,0.09813422,-0.018779334,0.06956711,0.0026512616,253.62512,254.6825,340.76672,0.48868823,16.146904,0.17893939
3,45,10,0.0048999996,0.026629303,0.012047514,0.009484884,0.005096904,0.054880586,-0.0025604696,3.7058234,-0.63176566,6.082673,0.3545878,0.10976117,-0.005120939,0.09739037,-0.016603032,0.0713926,0.0041618133,253.62944,254.62898,340.98737,0.27717787,16.144054,0.19607109
3,46,10,0.0048999996,0.022854505,0.009058238,0.008707283,0.0050889836,0.047587387,-0.0018432591,3.550667,-0.619245,6.0779448,0.23257715,0.095174775,-0.0036865182,0.09331282,-0.016273987,0.07133711,0.0027297693,253.57259,254.4253,340.09802,0.38666785,16.144054,0.19411577
3,47,10,0.0048999996,0.023706192,0.010364978,0.0084576635,0.004883552,0.050904267,-0.0017856986,3.499402,0.012297043,5.9540043,0.06190823,0.10180853,-0.0035713972,0.091965556,0.00032316917,0.069882415,0.00072662113,253.53697,254.20251,340.39047,-0.07420527,16.141176,0.10058192
3,48,10,0.0048999996,0.022680808,0.008194497,0.009350418,0.0051358943,0.04526173,-0.0028132375,3.679461,-0.11281876,6.105893,0.061972145,0.09052346,-0.005626475,0.09669756,-0.0029649162,0.07166515,0.0007273714,253.49011,253.97842,340.27695,0.050846618,16.141176,0.112633295
3,49,10,0.0048999996,0.02480663,0.008567427,0.011099331,0.005139873,0.046280198,0.0020488736,4.008825,0.30272213,6.1082582,0.06999239,0.092560396,0.004097747,0.10535336,0.007955654,0.07169291,0.0008215052,253.4486,253.91907,339.33902,-0.37271452,16.138304,0.10995318
3,50,10,0.0048999996,0.02395066,0.009139577,0.009474424,0.0053366595,0.047800567,0.002365389,3.7037787,0.3667409,6.224091,0.12751429,0.095601134,0.004730778,0.09733665,0.00963809,0.07305244,0.0014966407,253.4732,253.9667,339.9536,-0.4942552,16.138304,0.12047551
3,51,10,0.0048999996,0.0237886,0.008919178,0.009802947,0.005066475,0.0472207,-0.00061860145,3.7674456,0.5418981,6.064488,0.09939354,0.0944414,-0.0012372029,0.099009834,0.014241279,0.071179174,0.001166589,253.45631,253.82043,340.07056,-0.6412916,16.13547,0.20810795
3,52,10,0.0048999996,0.024281595,0.009599008,0.009675497,0.00500709,0.048987262,0.0003796666,3.742875,0.5204341,6.028842,-0.09423115,0.097974524,0.0007593332,0.09836411,0.013677196,0.070760794,-0.0011059958,253.40697,253.68896,339.03177,-0.42620292,16.13547,0.20753533
3,53,10,0.0048999996,0.021389918,0.007825108,0.009380621,0.004184189,0.04422982,0.0014370269,3.6853986,0.35569787,5.511209,-0.26618436,0.08845964,0.0028740538,0.09685361,0.009347869,0.06468531,-0.0031242182,253.41063,253.69026,339.26996,-0.08951351,16.13273,0.19584632
3,54,10,0.0048999996,0.022507185,0.009319277,0.009012526,0.0041753817,0.0482682,0.00021000206,3.6123674,0.17696539,5.5054054,-0.1376713,0.0965364,0.00042000413,0.09493432,0.00465072,0.064617194,-0.0016158548,253.41405,253.7092,339.64612,-0.03929408,16.13273,0.19819322
3,55,10,0.0048999996,0.019300856,0.0071526165,0.008010878,0.0041373624,0.04228657,0.0012576549,3.4057183,-0.38530648,5.480283,-0.2644766,0.08457314,0.0025153097,0.08950351,-0.010125994,0.06432233,-0.0031041743,253.36758,253.61842,339.05106,0.6497831,16.130117,0.12680693
3,56,10,0.0048999996,0.019996848,0.008163341,0.007832934,0.0040005716,0.045175605,0.0011013167,3.3676808,-0.19381374,5.388926,-0.37573022,0.09035121,0.0022026333,0.08850387,-0.0050934926,0.06325007,-0.0044099614,253.35236,253.48787,339.45758,0.56954396,16.130117,0.13667387
3,57,10,0.0048999996,0.022331983,0.01098162,0.0074880044,0.0038623593,0.052396614,-0.0013924222,3.2926967,-0.5539656,5.295019,-0.2894411,0.10479323,-0.0027848445,0.086533256,-0.014558418,0.06214788,-0.003397183,253.3569,253.47952,339.55414,0.84340674,16.12754,0.16756117
3,58,10,0.0048999996,0.021996116,0.008458585,0.00907042,0.0044671134,0.04598528,-0.0013919757,3.6239514,-0.57268935,5.694488,-0.4474853,0.09197056,-0.0027839513,0.09523875,-0.015050481,0.06683647,-0.005252156,253.35925,253.5464,338.94852,1.0201746,16.12754,0.15033428
3,59,10,0.0048999996,0.022180095,0.008247092,0.0096537685,0.0042792326,0.04540675,-0.0018530124,3.7386699,-0.34941426,5.5734506,-0.47185263,0.0908135,-0.0037060247,0.09825359,-0.0091827335,0.065415844,-0.005538157,253.38498,253.59915,339.3062,0.8212669,16.124954,0.17668958
3,60,10,0.0048999996,0.021226525,0.008925728,0.008366724,0.003934074,0.047238033,-0.0011113245,3.480538,-0.6215567,5.343951,-0.30128497,0.09447607,-0.002222649,0.091469795,-0.016334731,0.0627222,-0.0035361974,253.40909,253.65822,339.3859,0.92284167,16.124954,0.2011901
3,61,10,0.0048999996,0.020292386,0.008840714,0.007887672,0.003564001,0.047012534,0.0007021821,3.3794272,-0.20981309,5.0863957,-0.24286841,0.09402507,0.0014043642,0.08881257,-0.0055139647,0.059699256,-0.0028505553,253.43492,253.86433,339.14746,0.45268148,16.122387,0.10642037
3,62,10,0.0048999996,0.019865153,0.008428498,0.00781935,0.0036173048,0.045903426,-0.00048498018,3.3647594,-0.13215297,5.1242905,-0.18387203,0.09180685,-0.00096996035,0.08842709,-0.003473029,0.060144033,-0.0021581175,253.48375,254.04767,339.87003,0.31602502,16.122387,0.09202321
3,63,10,0.0048999996,0.019901184,0.009250919,0.0075356388,0.0031146256,0.04809085,-0.00030645193,3.303153,0.2217648,4.75493,0.10802683,0.0961817,-0.00061290385,0.086808056,0.0058280597,0.05580883,0.0012679148,253.51042,254.09381,340.33432,-0.32979164,16.119764,0.09659473
3,64,10,0.0048999996,0.019492883,0.0082028555,0.0077233254,0.0035667038,0.045284808,0.0011192645,3.3440354,0.15287003,5.088324,0.008302554,0.090569615,0.002238529,0.08788245,0.004017481,0.059721887,9.744637e-5,253.50288,254.11867,339.54712,-0.16117258,16.119764,0.10607237
3,65,10,0.0048999996,0.020403896,0.0078202635,0.009025381,0.0035582527,0.044216126,0.0016496326,3.6149428,0.57372564,5.082292,0.28404418,0.08843225,0.0032992652,0.095002,0.015077718,0.05965109,0.00333384,253.51547,254.04897,339.9569,-0.85776985,16.117182,0.17216595
3,66,10,0.0048999996,0.020394156,0.009042323,0.007953596,0.0033982375,0.047545563,0.00031394925,3.3935199,0.5031693,4.966702,0.2677253,0.09509113,0.0006278985,0.089182936,0.013223471,0.058294404,0.0031423015,253.4895,253.88936,340.10376,-0.7708946,16.117182,0.16572863
3,67,10,0.0048999996,0.01812446,0.0074117985,0.007597234,0.0031154265,0.0430459,0.0022989612,3.3166256,0.2997019,4.7555413,0.24346446,0.0860918,0.0045979223,0.087162115,0.007876278,0.055816006,0.0028575503,253.42021,253.6604,339.34317,-0.54316634,16.114609,0.110004224
3,68,10,0.0048999996,0.017030211,0.006196738,0.007979957,0.0028535158,0.03935968,0.0010201632,3.3991394,0.33319932,4.5512567,0.24038021,0.07871936,0.0020403264,0.089330606,0.008756599,0.05341831,0.0028213547,253.39134,253.50316,339.66956,-0.57357955,16.114609,0.10687008
3,69,10,0.0048999996,0.016645808,0.007196546,0.0069771144,0.0024721478,0.04241623,0.00061658176,3.1783855,-0.07936852,4.2362194,0.35640663,0.08483246,0.0012331635,0.08352912,-0.0020858336,0.049720697,0.004183161,253.32872,253.1441,339.53467,-0.2770381,16.11197,0.08180446
3,70,10,0.0048999996,0.0166466,0.007050351,0.0066668885,0.0029293594,0.041983183,0.0023934757,3.1069217,-0.079415545,4.6113443,0.15598209,0.08396637,0.0047869515,0.08165102,-0.0020870666,0.054123558,0.0018307681,253.25702,252.91785,338.41788,-0.07656655,16.11197,0.0737857
3,71,10,0.0048999996,0.016915213,0.005670653,0.008445974,0.002798586,0.03765187,0.001588981,3.4969835,-0.13263446,4.507238,0.16228728,0.07530374,0.003177962,0.09190198,-0.0034856847,0.052901663,0.0019047754,253.21638,252.70584,338.37476,-0.029652819,16.109297,0.12658525
3,72,10,0.0048999996,0.01832305,0.0071125943,0.008336987,0.0028734687,0.0421681,0.0016635621,3.4743474,-0.10655694,4.5671415,0.17500402,0.0843362,0.0033271243,0.0913071,-0.0028003533,0.053604744,0.0020540303,253.17093,252.48804,338.17307,-0.06844708,16.109297,0.15050657
3,73,10,0.0048999996,0.017460283,0.006744899,0.0074775647,0.00323782,0.041063666,0.0026356075,3.2904007,0.06231882,4.848055,0.067234196,0.08212733,0.005271215,0.08647291,0.0016377604,0.056901846,0.0007891306,253.1046,252.22171,337.4881,-0.12955302,16.106508,0.11230936
3,74,10,0.0048999996,0.016618967,0.0057160403,0.007986958,0.0029159691,0.03780225,0.0007812936,3.40063,0.09377995,4.6007934,0.20636341,0.0756045,0.0015625872,0.08936978,0.0024645715,0.053999715,0.0024220967,253.08696,252.06464,337.99054,-0.30014336,16.106508,0.111791715
3,75,10,0.0048999996,0.015468331,0.00620731,0.0067084716,0.0025525491,0.039393242,0.00077554944,3.1165957,0.25588,4.3045554,0.13771592,0.078786485,0.0015510989,0.08190526,0.0067246165,0.05052276,0.0016163787,253.06255,251.97043,338.07867,-0.39359593,16.103542,0.07219936
3,76,10,0.0048999996,0.014919414,0.0065312115,0.0058102855,0.0025779167,0.040407956,0.0013834231,2.9004633,0.31376094,4.3258915,-0.06676845,0.08081591,0.0027668462,0.07622523,0.008245751,0.05077319,-0.0007836638,253.00635,251.75099,337.2014,-0.24699248,16.103542,0.07895843
3,77,10,0.0048999996,0.015285984,0.0060613058,0.006723299,0.0025013785,0.038927194,0.00132195,3.120038,0.63498926,4.2611904,-0.06313551,0.07785439,0.0026439,0.081995726,0.016687745,0.050013784,-0.00074102543,253.03308,251.8834,337.46597,-0.57185376,16.100523,0.1355502
3,78,10,0.0048999996,0.016433073,0.006598608,0.007237139,0.0025973269,0.04061591,0.0011344987,3.2370703,0.5843428,4.342147,-0.017147256,0.08123182,0.0022689975,0.08507138,0.015356741,0.050963975,-0.0002012572,253.08041,252.05705,337.71838,-0.56719553,16.100523,0.12469637
3,79,10,0.0048999996,0.016272062,0.0058518965,0.0073445025,0.003075663,0.038248844,0.002670258,3.260993,0.32778153,4.725095,-0.23696668,0.07649769,0.005340516,0.08570007,0.008614216,0.05545866,-0.0027812857,253.07819,252.07954,337.08917,-0.090814844,16.097486,0.10233619
3,80,10,0.0048999996,0.016867219,0.006644366,0.0074896887,0.002733163,0.04075649,0.0017848848,3.293067,0.3506167,4.4542437,-0.08368459,0.08151298,0.0035697697,0.08654299,0.009214332,0.052279662,-0.0009822105,253.1482,252.33768,337.79184,-0.2669321,16.097486,0.14305955
3,81,10,0.0048999996,0.015681334,0.00638017,0.0066571743,0.0026439892,0.039937984,0.0011434075,3.1046572,-0.41869527,4.3809776,0.054227192,0.07987597,0.002286815,0.08159151,-0.011003464,0.051419735,0.000636468,253.2165,252.5717,338.34497,0.36446807,16.094301,0.07762222
3,82,10,0.0048999996,0.01673705,0.0074147107,0.00632558,0.0029967586,0.043054357,0.0007133411,3.026348,-0.5112621,4.6640916,-0.025004916,0.086108714,0.0014266822,0.07953352,-0.0134361535,0.054742657,-0.00029348364,253.2665,252.82912,337.99088,0.53626704,16.094301,0.10394604
3,83,10,0.0048999996,0.017041083,0.0068052066,0.007175668,0.0030602086,0.04124684,-0.00022243231,3.2232933,-0.5877153,4.713209,-0.067725286,0.08249368,-0.00044486462,0.08470932,-0.015445375,0.055319153,-0.00079489534,253.30914,253.00673,338.4871,0.6554406,16.090843,0.13041729
3,84,10,0.0048999996,0.018990733,0.007118428,0.008684346,0.0031879572,0.04218539,-0.000108286586,3.5459883,-0.6989749,4.81058,-0.13426478,0.08437078,-0.00021657317,0.09318984,-0.01836931,0.056461997,-0.0015758697,253.29759,252.97064,338.4496,0.8332397,16.090843,0.13185878
3,85,10,0.0048999996,0.017343737,0.0063429046,0.0073630423,0.0036377911,0.039821178,0.00086138165,3.2651062,-0.56169844,5.1387806,-0.33086988,0.079642355,0.0017227633,0.08580817,-0.014761638,0.060314104,-0.003883434,253.25162,252.84454,337.82474,0.89256835,16.087036,0.118077196
3,86,10,0.0048999996,0.016015783,0.0060907444,0.00676968,0.0031553586,0.03902161,-0.00040329262,3.130781,-0.46705604,4.7859216,-0.23434764,0.07804322,-0.00080658525,0.082278065,-0.012274401,0.05617258,-0.0027505485,253.22467,252.65677,338.23428,0.7014037,16.087036,0.11493391
3,87,10,0.0048999996,0.016359322,0.006438482,0.0066304584,0.0032903804,0.040120076,-0.0012369006,3.0984213,-0.1690919,4.8872466,-0.37164003,0.08024015,-0.0024738011,0.08142763,-0.004443796,0.057361837,-0.0043619564,253.14575,252.30891,338.05563,0.5407319,16.0829,0.090847485
3,88,10,0.0048999996,0.018431647,0.0063549727,0.007885731,0.0041909427,0.03985904,3.2948865e-5,3.3790112,-0.071241915,5.515654,-0.47275776,0.07971808,6.589773e-5,0.08880164,-0.0018722632,0.06473749,-0.0055487775,253.03854,251.85405,337.02454,0.5439997,16.0829,0.09565838
3,89,10,0.0048999996,0.01720278,0.0052289916,0.007968529,0.004005259,0.036155883,0.00016505078,3.3967047,0.30282384,5.3920827,-0.29848742,0.07231177,0.00033010155,0.08926662,0.007958318,0.06328712,-0.0035033617,252.98347,251.46968,336.87396,-0.0043364167,16.078552,0.08356954
3,90,10,0.0048999996,0.018318793,0.005730201,0.0083819525,0.0042066392,0.037849046,-0.00073647115,3.4837039,0.3289059,5.525974,-0.4415657,0.07569809,-0.0014729423,0.091553,0.008643768,0.06485861,-0.0051826756,252.92937,251.1864,336.7104,0.11265978,16.078552,0.10373014
3,91,10,0.0048999996,0.01740595,0.0050600735,0.008259861,0.0040860167,0.035567097,0.0011965142,3.4582393,0.4968613,5.446171,-0.6832738,0.071134195,0.0023930285,0.09088378,0.013057696,0.06392196,-0.008019615,252.86356,251.00075,335.86166,0.18641248,16.074198,0.10104399
3,92,10,0.0048999996,0.015852146,0.005188995,0.0070673074,0.0035958448,0.03601734,0.0006223082,3.198863,0.61178714,5.1090684,-0.6924539,0.07203468,0.0012446163,0.08406728,0.016077986,0.059965365,-0.008127364,252.85165,250.89658,336.12555,0.08066678,16.074198,0.11119686
3,93,10,0.0048999996,0.015356805,0.0059640077,0.0058213593,0.0035714374,0.038613494,0.0018165943,2.9032264,0.48644748,5.091699,-0.6954749,0.07722699,0.0036331885,0.076297835,0.012784016,0.059761506,-0.008162821,252.8153,250.69691,336.14764,0.20902744,16.069847,0.09457263
3,94,10,0.0048999996,0.015870605,0.005346471,0.0063041593,0.0042199735,0.036559783,0.0018331129,3.0212193,0.42148942,5.5347247,-0.8697116,0.073119566,0.0036662258,0.07939874,0.011076894,0.06496132,-0.010207843,252.74274,250.4243,335.39484,0.44822216,16.069847,0.08235442
3,95,10,0.0048999996,0.01502408,0.005397178,0.005791701,0.0038352003,0.036732744,0.0015353302,2.8958206,0.08567142,5.2763705,-0.63860244,0.07346549,0.0030706604,0.076103225,0.0022514758,0.061928995,-0.007495306,252.70084,250.17897,335.58203,0.552931,16.0655,0.06274503
3,96,10,0.0048999996,0.016344655,0.005812444,0.006399926,0.0041322857,0.038119692,0.0014527364,3.0440803,0.057534922,5.476919,-0.7895067,0.076239385,0.0029054729,0.07999954,0.0015120392,0.06428286,-0.009266477,252.65692,250.012,335.65002,0.73197174,16.0655,0.062015627
3,97,10,0.0048999996,0.017983783,0.006211627,0.007473325,0.0042988304,0.039406937,0.0015380767,3.2894673,-0.19719017,5.586199,-0.855554,0.07881387,0.0030761533,0.086448394,-0.005182227,0.06556547,-0.0100416755,252.60474,249.87305,334.97064,1.0527442,16.061155,0.10706843
3,98,10,0.0048999996,0.016534882,0.006240658,0.006415343,0.0038788805,0.039498918,0.0023596531,3.0477448,-0.28247505,5.3063326,-0.74729997,0.078997836,0.0047193062,0.080095835,-0.007423546,0.06228066,-0.008771095,252.65565,250.09976,335.43246,1.029775,16.061155,0.10200103
3,99,10,0.0048999996,0.015338981,0.0056727575,0.00604234,0.0036238832,0.037658855,0.001806552,2.9578166,-0.5271596,5.128948,-0.62203145,0.07531771,0.003613104,0.07773249,-0.013853945,0.0601987,-0.007300811,252.716,250.45718,335.64267,1.149191,16.056711,0.119457826
3,100,10,0.0048999996,0.01690399,0.0063391277,0.0065814117,0.0039834515,0.03980932,0.0021099655,3.08694,-0.561649,5.377383,-0.745388,0.07961864,0.004219931,0.0811259,-0.014760341,0.06311459,-0.0087486515,252.72076,250.54005,334.99017,1.307037,16.056711,0.12195926
4,1,10,0.0034299996,0.07959561,0.020730909,0.042652022,0.016212676,0.07199116,0.0052391225,7.858478,0.58678645,10.848473,-1.4550983,0.14398232,0.010478245,0.20652366,0.015420971,0.127329,-0.017078545,251.48538,245.98755,329.6221,0.8683118,16.052227,0.47076848
4,2,10,0.0034299996,0.08163995,0.023278844,0.042955346,0.015405767,0.07628703,0.00562906,7.8863726,0.5954526,10.57506,-1.1904198,0.15257406,0.01125812,0.20725672,0.015648713,0.12411997,-0.013972015,251.4845,245.95271,329.98843,0.5949672,16.052227,0.47348002
4,3,10,0.0034299996,0.07430588,0.020203605,0.03935822,0.014744053,0.071069695,0.0055465274,7.548948,0.22887321,10.345457,-1.0819695,0.14213939,0.011093055,0.19838907,0.0060148574,0.12142509,-0.012699123,251.44176,245.7742,329.9349,0.8530963,16.04859,0.39807582
4,4,10,0.0034299996,0.07372622,0.01961368,0.03881138,0.015301161,0.07002442,0.0058210655,7.4963207,0.35514,10.539097,-1.1444803,0.14004885,0.011642131,0.19700603,0.009333201,0.12369786,-0.013432816,251.39401,245.6611,329.20462,0.7893404,16.04859,0.39249685
4,5,10,0.0034299996,0.06012817,0.015824024,0.030964466,0.013339681,0.06289679,0.006317173,6.6957693,-0.018097078,9.840427,-0.8761347,0.12579358,0.012634346,0.17596723,-0.0004755969,0.11549754,-0.010283226,251.38538,245.52797,329.6604,0.8942318,16.044771,0.25638077
4,6,10,0.0034299996,0.06222699,0.015729146,0.0324981,0.013999745,0.062707946,0.0064894482,6.859583,-0.05427004,10.080946,-0.955317,0.12541589,0.0129788965,0.1802723,-0.0014262319,0.11832052,-0.011212602,251.35942,245.43192,329.53757,1.009587,16.044771,0.2658676
4,7,10,0.0034299996,0.057774436,0.016245486,0.028738018,0.01279093,0.06372889,0.0062037734,6.4505544,-0.40536526,9.6359,-0.874498,0.12745778,0.012407547,0.16952291,-0.010653147,0.113097,-0.010264023,251.32103,245.29393,328.82587,1.2798632,16.040918,0.24064621
4,8,10,0.0034299996,0.055051018,0.01728432,0.025790606,0.011976089,0.06573492,0.006407646,6.11082,-0.5009952,9.323925,-0.7595999,0.13146985,0.012815292,0.16059454,-0.013166334,0.10943532,-0.008915454,251.35883,245.39586,329.11615,1.2605951,16.040918,0.23996727
4,9,10,0.0034299996,0.050332338,0.016601946,0.022324651,0.011405741,0.06442427,0.0063875047,5.685399,-0.9456097,9.099195,-0.6725566,0.12884854,0.0127750095,0.14941436,-0.02485096,0.106797665,-0.007893827,251.3741,245.50882,329.2647,1.6181662,16.037243,0.22683488
4,10,10,0.0034299996,0.05091005,0.016922353,0.022231584,0.01175611,0.06504297,0.0054203677,5.673537,-0.9537898,9.237895,-0.7999975,0.13008595,0.010840735,0.1491026,-0.025065938,0.108425595,-0.009389607,251.35913,245.54474,328.921,1.7537873,16.037243,0.23691079
4,11,10,0.0034299996,0.046524227,0.016169077,0.020082522,0.010272628,0.063578844,0.0035887288,5.392346,-1.2507172,8.63539,-0.38513368,0.12715769,0.0071774577,0.14171281,-0.032869294,0.10135397,-0.0045203357,251.38995,245.61679,329.7373,1.6358509,16.033827,0.27056926
4,12,10,0.0034299996,0.04471319,0.014143903,0.02032143,0.010247856,0.05946407,0.002765319,5.4243264,-1.233387,8.624972,-0.3993924,0.11892814,0.005530638,0.14255325,-0.03241386,0.101231694,-0.004687686,251.40645,245.71907,330.12332,1.6327794,16.033827,0.24544783
4,13,10,0.0034299996,0.043225735,0.014994687,0.018705187,0.009525862,0.061226398,-0.0006125077,5.2041492,-0.8582927,8.315597,-0.21035828,0.122452796,-0.0012250154,0.13676691,-0.022556242,0.09760052,-0.0024689857,251.39035,245.69887,329.69366,1.068651,16.03064,0.1820553
4,14,10,0.0034299996,0.043616064,0.014081529,0.02020403,0.0093305055,0.05933281,0.0004131484,5.4086347,-1.057409,8.229886,-0.013053817,0.11866562,0.0008262968,0.14214088,-0.027789094,0.09659454,-0.00015322126,251.43526,245.79126,330.37848,1.0704628,16.03064,0.2239051
4,15,10,0.0034299996,0.041574247,0.0134314345,0.019312637,0.008830173,0.057947032,-0.002501709,5.287976,-0.9078246,8.006188,0.06333361,0.115894064,-0.005003418,0.13896991,-0.023857957,0.093969,0.000743347,251.46913,245.97125,330.54373,0.84449095,16.027521,0.213176
4,16,10,0.0034299996,0.04031813,0.013373468,0.018182484,0.00876218,0.057821855,-0.0027672763,5.1309204,-0.6501939,7.975305,0.11667479,0.11564371,-0.0055345525,0.13484244,-0.01708733,0.09360652,0.0013694222,251.45085,245.94987,330.00537,0.53351915,16.027521,0.21208736
4,17,10,0.0034299996,0.03747899,0.013059004,0.01631448,0.008105507,0.057138,-0.004770624,4.8602133,-0.28853774,7.6706343,0.63460165,0.114276,-0.009541248,0.12772815,-0.0075828754,0.09003059,0.007448346,251.46243,245.88786,330.37073,-0.3460639,16.024435,0.21323656
4,18,10,0.0034299996,0.0379301,0.012921019,0.016509918,0.008499164,0.05683533,-0.0042826887,4.8892374,-0.5763681,7.8546953,0.5552403,0.11367066,-0.008565377,0.12849092,-0.015147152,0.092190914,0.0065168766,251.47342,245.92506,330.55356,0.02112782,16.024435,0.24002576
4,19,10,0.0034299996,0.035945237,0.013708075,0.0141730895,0.008064073,0.058540743,-0.006397909,4.5300283,0.025346005,7.6510034,0.75287634,0.117081486,-0.012795818,0.119050786,0.000666103,0.08980018,0.008836546,251.44014,245.84671,329.9778,-0.7782223,16.021423,0.21862388
4,20,10,0.0034299996,0.033229504,0.012059968,0.013340043,0.007829494,0.054908942,-0.006765694,4.3948827,0.22810908,7.5389023,0.8350625,0.109817885,-0.013531388,0.1154991,0.0059947837,0.08848443,0.009801164,251.39647,245.60231,330.13016,-1.0631716,16.021423,0.20969044
4,21,10,0.0034299996,0.032887705,0.012529282,0.012703443,0.0076549784,0.055967137,-0.0075027226,4.288737,0.5095333,7.4544086,0.8302565,0.111934274,-0.015005445,0.11270955,0.013390715,0.087492734,0.009744758,251.36478,245.49765,329.79556,-1.3397899,16.01842,0.2157668
4,22,10,0.0034299996,0.0368368,0.014396915,0.014584504,0.00785538,0.059993573,-0.007067535,4.5953064,0.74348795,7.551354,0.7547817,0.119987145,-0.01413507,0.12076632,0.019539133,0.08863058,0.008858906,251.35788,245.61037,329.23193,-1.4982697,16.01842,0.22157153
4,23,10,0.0034299996,0.032626405,0.012575491,0.012550247,0.007500668,0.05607025,-0.005938842,4.262798,0.7255169,7.378893,1.3136272,0.1121405,-0.011877684,0.11202788,0.019066846,0.0866064,0.015418103,251.41788,245.77628,329.91046,-2.039144,16.015432,0.12641685
4,24,10,0.0034299996,0.032006327,0.012651013,0.011962775,0.0073925382,0.05623836,-0.0061732014,4.161833,0.6045885,7.3255124,1.2331343,0.11247672,-0.012346403,0.10937447,0.015888805,0.08597987,0.0144733535,251.49635,246.14761,330.26678,-1.8377228,16.015432,0.15404226
4,25,10,0.0034299996,0.031964388,0.012267794,0.0124497535,0.0072468403,0.05538004,-0.004228487,4.245698,0.8676598,7.252965,1.6033823,0.11076008,-0.008456974,0.111578465,0.022802416,0.085128374,0.018818969,251.54857,246.42482,330.0003,-2.4710422,16.012526,0.17804708
4,26,10,0.0034299996,0.030825708,0.013100249,0.010628895,0.007096564,0.05722816,-0.0028733255,3.92295,0.76770145,7.177369,1.8285198,0.11445632,-0.005746651,0.10309653,0.020175474,0.08424111,0.021461423,251.61833,246.61017,331.06165,-2.5962212,16.012526,0.17593458
4,27,10,0.0034299996,0.03144163,0.012793028,0.0116783185,0.0069702812,0.056553133,-0.0020734195,4.1120543,0.725521,7.113222,1.690663,0.113106266,-0.004146839,0.10806627,0.019066958,0.08348821,0.01984339,251.64627,246.75551,331.3571,-2.416184,16.009724,0.21722221
4,28,10,0.0034299996,0.03076223,0.011659226,0.012334203,0.0067688,0.05398895,-0.0011639969,4.225949,0.8946973,7.009661,1.7944435,0.1079779,-0.0023279937,0.11105946,0.023512974,0.082272716,0.021061463,251.61095,246.65913,330.7418,-2.6891408,16.009724,0.25429618
4,29,10,0.0034299996,0.030758478,0.013815533,0.010776474,0.0061664702,0.058769748,-0.0011675874,3.9500897,0.64436233,6.690514,2.0170193,0.117539495,-0.0023351747,0.103809796,0.016934073,0.07852688,0.023673847,251.5877,246.41501,331.17178,-2.6613817,16.007063,0.25656888
4,30,10,0.0034299996,0.029631462,0.011958513,0.011387747,0.006285201,0.054677494,-0.00057988695,4.060575,0.4757166,6.7546177,1.8027058,0.10935499,-0.0011597739,0.106713384,0.012502005,0.07927926,0.021158442,251.54083,246.20879,331.05783,-2.2784224,16.007063,0.24266616
4,31,10,0.0034299996,0.029211,0.010699654,0.012139588,0.006371758,0.051719565,0.00034589946,4.1924763,0.37517887,6.80097,1.7040609,0.10343913,0.0006917989,0.1101798,0.009859838,0.07982329,0.020000642,251.50887,246.17061,330.21783,-2.0792398,16.004503,0.1588395
4,32,10,0.0034299996,0.02675869,0.011505062,0.009395063,0.0058585643,0.053630825,0.0008638919,3.6882346,0.33723187,6.5213404,1.8478745,0.10726165,0.0017277838,0.096928135,0.008862575,0.07654126,0.021688586,251.51892,246.07646,330.7085,-2.1851063,16.004503,0.17984594
4,33,10,0.0034299996,0.026235953,0.0113031175,0.0098292865,0.0051035485,0.05315806,-0.00089269696,3.7725034,-0.052740037,6.086636,1.4048734,0.10631612,-0.0017853939,0.09914276,-0.0013860272,0.071439125,0.016489064,251.5595,246.28253,330.9527,-1.3521333,16.002054,0.11816832
4,34,10,0.0034299996,0.027748302,0.011023159,0.01144745,0.0052776933,0.052495617,-0.0009861989,4.0712056,0.23837876,6.1896105,1.4748079,0.104991235,-0.0019723978,0.10699276,0.006264679,0.072647735,0.017309887,251.60236,246.56198,330.7249,-1.7131866,16.002054,0.11116405
4,35,10,0.0034299996,0.026602482,0.0113245575,0.010333119,0.0049448074,0.05320845,-0.0022521843,3.8679812,-0.17435765,5.9912295,1.3428696,0.1064169,-0.0045043686,0.10165195,-0.0045821797,0.070319325,0.015761323,251.68369,246.85423,331.91083,-1.168512,15.999673,0.15925941
4,36,10,0.0034299996,0.024371698,0.0098535055,0.009738261,0.0047799307,0.04963241,-0.0028836576,3.7549956,-0.1223723,5.890498,1.1482996,0.09926482,-0.005767315,0.09868263,-0.003215988,0.069137044,0.013477646,251.70966,246.92606,332.56036,-1.0259273,15.999673,0.1459868
4,37,10,0.0034299996,0.026825296,0.010563436,0.011068106,0.0051937536,0.05138929,-0.00047192798,4.003182,0.044508867,6.140191,0.76486486,0.10277858,-0.00094385596,0.10520507,0.0011697104,0.0720677,0.008977254,251.68602,246.95398,331.9382,-0.80937374,15.997258,0.17239602
4,38,10,0.0034299996,0.026744401,0.011430555,0.010280722,0.0050331247,0.053456888,-0.00030310528,3.858162,-0.084377415,6.0444956,0.9269819,0.106913775,-0.00060621055,0.10139389,-0.0022174676,0.07094452,0.010880028,251.72891,246.9965,332.70557,-0.8426045,15.997258,0.14692596
4,39,10,0.0034299996,0.022606727,0.009063817,0.009254331,0.004288581,0.04760204,-0.0014353761,3.6605065,-0.4187012,5.579535,0.38289812,0.09520408,-0.0028707522,0.09619943,-0.011003619,0.06548726,0.004494093,251.80551,247.25537,333.29166,0.03580308,15.994772,0.1538552
4,40,10,0.0034299996,0.025557455,0.010328093,0.010785876,0.004443486,0.05081361,-0.0006313956,3.9518135,-0.13701187,5.679409,0.2727936,0.10162722,-0.0012627912,0.10385507,-0.0036007229,0.06665948,0.0032017906,251.84036,247.60895,332.74945,-0.13578172,15.994772,0.15647571
4,41,10,0.0034299996,0.020478705,0.00929926,0.007525118,0.0036543268,0.048216335,0.00021017561,3.3008466,-0.42498696,5.150447,-0.0772833,0.09643267,0.00042035122,0.08674744,-0.0111688115,0.060451027,-0.0009070779,251.84967,247.62352,333.3668,0.5022703,15.99232,0.10721761
4,42,10,0.0034299996,0.018875485,0.008663369,0.0069611403,0.0032509752,0.04653861,-0.00076311204,3.174745,-0.42545608,4.8578944,-0.29517248,0.09307722,-0.0015262241,0.08343345,-0.01118114,0.057017323,-0.003464453,251.82063,247.49806,333.34778,0.72062856,15.99232,0.110867165
4,43,10,0.0034299996,0.019453473,0.008504648,0.007616647,0.00333218,0.046110325,0.0005306702,3.3208597,-0.31092587,4.9181914,-0.79163843,0.09222065,0.0010613404,0.087273404,-0.0081712445,0.05772504,-0.009291496,251.75667,247.36436,332.58057,1.1025643,15.98992,0.08281757
4,44,10,0.0034299996,0.02057636,0.009192999,0.00802425,0.003359111,0.047940064,-0.00015608394,3.4085598,-0.4550762,4.938026,-0.6118595,0.09588013,-0.0003121679,0.08957818,-0.011959565,0.05795784,-0.007181422,251.75406,247.33728,333.1325,1.0669357,15.98992,0.097599655
4,45,10,0.0034299996,0.019722663,0.007999313,0.008527516,0.0031958336,0.04471944,0.00013119822,3.5138235,-0.5469336,4.816519,-1.0769182,0.08943888,0.00026239644,0.09234455,-0.01437361,0.056531705,-0.0126398355,251.75087,247.24596,333.38138,1.6238518,15.987518,0.10881675
4,46,10,0.0034299996,0.020662779,0.0089581935,0.008594214,0.003110372,0.047323868,0.0012197577,3.5275383,-0.2901171,4.751682,-1.0814488,0.094647735,0.0024395154,0.09270498,-0.0076243817,0.05577071,-0.012693015,251.77733,247.46088,332.64722,1.3715659,15.987518,0.09111709
4,47,10,0.0034299996,0.0213957,0.009643802,0.008648773,0.0031031247,0.04910143,-0.0003345618,3.538718,-0.39197984,4.746143,-1.1495633,0.09820286,-0.0006691236,0.09299878,-0.010301372,0.055705696,-0.013492474,251.8837,247.8972,333.23486,1.5415431,15.985104,0.12986833
4,48,10,0.0034299996,0.023079162,0.009598353,0.0100431675,0.0034376425,0.048985593,0.00047949236,3.8133266,-0.37821227,4.9954157,-1.3046161,0.097971186,0.0009589847,0.10021561,-0.009939555,0.058631413,-0.015312339,251.95697,248.17603,333.52853,1.6828284,15.985104,0.117085755
4,49,10,0.0034299996,0.023225352,0.008854092,0.010586587,0.003784673,0.047048092,0.002081744,3.915134,0.12253048,5.241498,-1.3479189,0.094096184,0.004163488,0.10289114,0.0032201458,0.061519697,-0.015820583,251.98871,248.43456,333.1714,1.2253884,15.982712,0.09971033
4,50,10,0.0034299996,0.022563161,0.009917115,0.009014208,0.0036318388,0.049792357,0.00031927432,3.6127048,-0.26749513,5.1345754,-1.0265186,0.09958471,0.00063854863,0.09494318,-0.00702987,0.06026474,-0.012048298,252.04028,248.54955,334.13818,1.2940137,15.982712,0.11699691
4,51,10,0.0034299996,0.023572285,0.011310312,0.008827377,0.0034345945,0.053174976,-0.0014429679,3.5750694,-0.032274883,4.9932,-1.3404177,0.10634995,-0.0028859358,0.09395412,-0.00084819517,0.058605414,-0.015732544,252.04901,248.50142,334.4906,1.3726926,15.980328,0.11490455
4,52,10,0.0034299996,0.02142703,0.009012761,0.008833593,0.0035806769,0.04746778,-0.00032432677,3.576328,0.20892806,5.098281,-1.3034651,0.09493556,-0.00064865354,0.0939872,0.0054907054,0.059838757,-0.015298828,252.0489,248.57379,333.93295,1.094537,15.980328,0.103165016
4,53,10,0.0034299996,0.020056736,0.009580372,0.0071416907,0.003334674,0.048939686,-0.00189356,3.215653,0.10510143,4.9200315,-0.9271926,0.09787937,-0.00378712,0.08450852,0.0027621032,0.057746638,-0.010882501,252.10217,248.67752,334.759,0.8220912,15.977932,0.08484888
4,54,10,0.0034299996,0.021389263,0.009277729,0.008675407,0.0034361281,0.048160486,-0.0019624492,3.544162,0.2002568,4.994314,-1.128404,0.09632097,-0.0039248983,0.09314186,0.0052628214,0.058618497,-0.013244128,252.15839,248.89178,335.2411,0.9281472,15.977932,0.10719872
4,55,10,0.0034299996,0.020841304,0.008716594,0.009017819,0.0031068923,0.046681352,-0.00016106741,3.6134276,0.44877392,4.7490234,-0.9544923,0.093362704,-0.00032213482,0.094962195,0.011793939,0.055739503,-0.0112029165,252.14552,248.97527,334.49622,0.50571835,15.975472,0.090490505
4,56,10,0.0034299996,0.02043298,0.00959728,0.00764687,0.0031888322,0.048982855,-0.0012569209,3.3274422,0.19529314,4.8112397,-0.92610425,0.09796571,-0.0025138417,0.087446384,0.0051323744,0.056469746,-0.010869728,252.16563,248.95494,335.03085,0.7308111,15.975472,0.085492454
4,57,10,0.0034299996,0.020199724,0.0099471165,0.006962767,0.0032898402,0.049867615,-0.0019075765,3.175116,0.26650378,4.886846,-0.83885986,0.09973523,-0.003815153,0.083443195,0.0070038154,0.05735713,-0.009845736,252.21974,249.13956,335.59366,0.5723561,15.97292,0.10973298
4,58,10,0.0034299996,0.020502787,0.008637118,0.008535204,0.0033304663,0.04646805,0.00018514942,3.515407,0.48324573,4.9169264,-0.7978937,0.0929361,0.00037029883,0.09238617,0.012699871,0.057710193,-0.009364916,252.2242,249.2552,334.86465,0.31464797,15.97292,0.09454329
4,59,10,0.0034299996,0.019651791,0.0093803415,0.007264049,0.003007401,0.04842608,0.00079358753,3.2430828,0.2612251,4.672366,-0.22577845,0.09685216,0.0015871751,0.08522939,0.00686509,0.054839775,-0.002649972,252.25099,249.3451,335.478,-0.03544666,15.97027,0.09330898
4,60,10,0.0034299996,0.01952336,0.008749678,0.0076763774,0.003097305,0.046769857,-0.0020203153,3.333856,0.46820766,4.741691,-0.4722475,0.093539715,-0.0040406305,0.08761494,0.012304666,0.055653438,-0.0055427914,252.25557,249.36505,335.61356,0.004039854,15.97027,0.0905797
4,61,10,0.0034299996,0.020553011,0.008702246,0.008655255,0.0031955107,0.046642914,0.0006658531,3.5400434,0.5111442,4.816276,-0.16256706,0.09328583,0.0013317062,0.09303362,0.013433053,0.056528848,-0.0019080568,252.24901,249.40437,334.93948,-0.34857714,15.967492,0.09207878
4,62,10,0.0034299996,0.021379968,0.00895984,0.0089826835,0.003437445,0.047328215,0.00030574258,3.606382,0.2671368,4.9952717,-0.07552176,0.09465643,0.00061148516,0.09477702,0.0070204525,0.05862973,-0.00088640087,252.32558,249.5437,335.60464,-0.19161505,15.967492,0.09163048
4,63,10,0.0034299996,0.023687977,0.011908688,0.0082958685,0.003483423,0.054563466,-0.00035753933,3.4657686,-0.07377543,5.028568,-0.30851042,0.10912693,-0.00071507867,0.09108166,-0.0019388446,0.05902053,-0.003621002,252.41063,249.87823,336.078,0.38228586,15.964608,0.09031183
4,64,10,0.0034299996,0.023439039,0.009196097,0.01048201,0.0037609304,0.04794814,0.000861708,3.8957489,0.1879014,5.2250314,-0.2526173,0.09589628,0.001723416,0.10238169,0.004938116,0.061326426,-0.0029649804,252.39987,249.94855,335.55576,0.06471591,15.964608,0.0789434
4,65,10,0.0034299996,0.021797389,0.009349288,0.008699688,0.003748414,0.04834586,0.00041843037,3.5491185,-0.17274503,5.2163296,0.0353461,0.09669172,0.00083686074,0.09327212,-0.004539802,0.061224293,0.00041485977,252.43793,249.98969,336.1816,0.13739893,15.961728,0.09819763
4,66,10,0.0034299996,0.02187114,0.009365877,0.009090787,0.0034144765,0.04838873,-0.0011853095,3.628018,-0.09793423,4.9785547,-0.14208463,0.09677746,-0.002370619,0.09534562,-0.0025737474,0.05843352,-0.0016676537,252.49147,250.13948,336.7227,0.24001886,15.961728,0.09242469
4,67,10,0.0034299996,0.022650097,0.008344721,0.010645682,0.0036596942,0.045674723,0.00084490253,3.9260464,0.0073052086,5.1542277,-0.040991887,0.091349445,0.0016898051,0.10317791,0.00019198329,0.060495406,-0.0004811239,252.5421,250.49251,336.14316,0.03368668,15.9588375,0.094343945
4,68,10,0.0034299996,0.024991656,0.011592153,0.009320867,0.0040786355,0.053833432,0.0004571001,3.673642,-0.3855916,5.44125,0.26899785,0.107666865,0.0009142002,0.09654464,-0.010133487,0.063864194,0.0031572394,252.64836,250.87527,336.95502,0.11659375,15.9588375,0.111764275
4,69,10,0.0034299996,0.022956971,0.010537237,0.008184851,0.004234885,0.051325522,-0.00018048091,3.442501,-0.023846535,5.5444956,0.21159548,0.102651045,-0.00036096183,0.090470165,-0.0006266961,0.06507599,0.002483506,252.72878,251.15634,337.51657,-0.18774894,15.955948,0.07982795
4,70,10,0.0034299996,0.0226904,0.010015699,0.008821861,0.0038528405,0.05003923,-0.00013582747,3.5739527,0.17300566,5.2884903,0.16012026,0.10007846,-0.00027165495,0.09392476,0.004546652,0.062071253,0.0018793384,252.73627,251.30557,336.856,-0.33312592,15.955948,0.08566248
4,71,10,0.0034299996,0.021980409,0.009773359,0.008533532,0.0036735174,0.04943015,-0.0008651476,3.5150628,0.3761276,5.1639524,0.23638824,0.0988603,-0.0017302952,0.09237712,0.009884768,0.06060955,0.0027745003,252.74945,251.2673,337.2481,-0.6125158,15.953057,0.065129496
4,72,10,0.0034299996,0.024408432,0.012017818,0.0085355,0.0038551146,0.054812904,-0.0022746578,3.515468,0.4570635,5.2900515,0.065669976,0.10962581,-0.0045493157,0.092387766,0.012011795,0.06208957,0.00077076815,252.74371,251.13281,337.53748,-0.52273345,15.953057,0.08870796
4,73,10,0.0034299996,0.023845132,0.009023448,0.010870876,0.0039508077,0.047495916,-0.0007807471,3.9673538,0.81416225,5.3553047,0.18686491,0.09499183,-0.0015614942,0.10426349,0.021396479,0.06285545,0.0021932446,252.7106,251.0554,336.92218,-1.0010271,15.950167,0.10681318
4,74,10,0.0034299996,0.023191467,0.009861769,0.0091709625,0.004158735,0.04965322,-0.0010835894,3.643981,0.5956532,5.49442,0.36056313,0.09930644,-0.0021671788,0.09576514,0.015653979,0.064488254,0.004231948,252.74266,251.17712,337.433,-0.95621634,15.950167,0.084021844
4,75,10,0.0034299996,0.025580818,0.010847534,0.010420742,0.004312541,0.052075747,-0.0019714003,3.8843467,0.70155853,5.5950994,0.3033678,0.104151495,-0.0039428007,0.10208204,0.01843721,0.06566994,0.0035606404,252.74878,251.12689,337.5535,-1.0049263,15.947289,0.121099874
4,76,10,0.0034299996,0.022363022,0.008212571,0.009934586,0.0042158663,0.04531162,0.00036040923,3.7926567,0.7373645,5.532031,0.27004042,0.09062324,0.00072081847,0.09967239,0.019378208,0.0649297,0.0031694782,252.6774,250.86427,336.4027,-1.0074049,15.947289,0.10033544
4,77,10,0.0034299996,0.0199855,0.008531804,0.0077000367,0.0037536602,0.046183884,-0.00036972034,3.3389895,0.4388037,5.2199783,0.49349463,0.09236777,-0.0007394407,0.087749854,0.011531917,0.061267123,0.0057921684,252.69275,250.84819,336.8709,-0.9322983,15.944537,0.07233993
4,78,10,0.0034299996,0.022305194,0.009165698,0.009179968,0.003959529,0.047868825,-0.0019959959,3.6457698,0.43922696,5.361212,0.4470344,0.09573765,-0.0039919917,0.09581215,0.011543043,0.06292479,0.0052468604,252.75479,251.04369,337.6767,-0.88626134,15.944537,0.08768804
4,79,10,0.0034299996,0.021570334,0.0076830606,0.0100337155,0.003853558,0.043826535,-0.0003925618,3.8115323,0.36126852,5.2889833,0.6857783,0.08765307,-0.0007851236,0.10016844,0.009494268,0.062077034,0.00804901,252.79759,251.38222,337.34265,-1.0470469,15.94184,0.08429283
4,80,10,0.0034299996,0.023915354,0.010417241,0.009337566,0.0041605486,0.051032443,-0.001336663,3.6769311,0.14702712,5.495618,0.9062545,0.102064885,-0.002673326,0.09663108,0.0038639258,0.064502314,0.010636748,252.90764,251.84032,338.06448,-1.0532815,15.94184,0.06968728
4,81,10,0.0034299996,0.025476292,0.010904808,0.010236821,0.004334661,0.052213043,-0.002868151,3.8499157,-0.092654236,5.609431,0.8655117,0.104426086,-0.005736302,0.10117718,-0.0024349862,0.06583814,0.010158546,252.98552,252.18015,338.57312,-0.7728575,15.93921,0.11650781
4,82,10,0.0034299996,0.024176292,0.010385981,0.00981205,0.003978261,0.050955817,-1.7997554e-5,3.7691944,0.030792382,5.3738785,0.85595673,0.101911634,-3.599511e-5,0.09905579,0.0008092354,0.06307346,0.010046403,252.98318,252.24307,338.20218,-0.8867491,15.93921,0.09380299
4,83,10,0.0034299996,0.023827944,0.011695086,0.008246329,0.003886528,0.05407191,0.0011507286,3.4554057,-0.33166558,5.31156,0.9676354,0.10814382,0.002301457,0.0908093,-0.008716288,0.062342025,0.01135718,253.01448,252.27315,338.689,-0.6359698,15.936668,0.086114064
4,84,10,0.0034299996,0.022336354,0.010414908,0.00797375,0.0039476953,0.051026728,-0.0016245574,3.3978171,-0.4073223,5.3531947,0.8251634,0.102053456,-0.0032491148,0.08929586,-0.010704578,0.06283069,0.009684982,253.0058,252.12405,338.7848,-0.41784114,15.936668,0.104982674
4,85,10,0.0034299996,0.019254258,0.0074230405,0.00820575,0.0036254677,0.043078534,7.9343605e-5,3.446893,-0.05199544,5.1300697,0.87862575,0.08615707,0.00015868721,0.0905856,-0.0013664615,0.060211856,0.010312468,252.96378,251.96094,337.83273,-0.8266303,15.934202,0.052659806
4,86,10,0.0034299996,0.0208504,0.008262332,0.00862738,0.0039606877,0.045448683,-9.164431e-6,3.5343385,-0.07753424,5.361996,0.9890408,0.09089737,-1.8328861e-5,0.09288369,-0.0020376272,0.062934,0.011608417,253.00513,252.07866,338.42636,-0.91150653,15.934202,0.06548152
4,87,10,0.0034299996,0.021516044,0.008969229,0.008317108,0.0042297053,0.047353007,-0.00061673083,3.470203,0.060852993,5.5411034,0.711869,0.094706014,-0.0012334617,0.09119818,0.001599238,0.065036185,0.008355239,253.04996,252.25008,338.80862,-0.772722,15.931754,0.089517966
4,88,10,0.0034299996,0.023007583,0.008823191,0.00998661,0.0041977824,0.04696592,0.00044295055,3.8025746,0.18543953,5.520153,0.7999551,0.09393184,0.0008859011,0.09993303,0.004873416,0.06479029,0.009389112,253.0715,252.50024,338.42062,-0.98539466,15.931754,0.07211579
4,89,10,0.0034299996,0.02050137,0.008007646,0.008675172,0.0038185515,0.044742726,-0.0004108494,3.5441144,0.0021533582,5.2649055,0.79397815,0.08948545,-0.0008216988,0.0931406,5.6590397e-5,0.06179443,0.009318957,253.12903,252.72978,339.10883,-0.7961315,15.929369,0.06129967
4,90,10,0.0034299996,0.021398805,0.008504737,0.009110538,0.0037835296,0.046110567,-0.0013973671,3.6319568,0.011913704,5.2407055,0.82449317,0.09222113,-0.0027947342,0.09544914,0.00031309357,0.061510403,0.009677111,253.19055,252.9767,339.9791,-0.8364069,15.929369,0.0514858
4,91,10,0.0034299996,0.022071678,0.00925852,0.008968494,0.0038446633,0.0481106,-9.0726564e-5,3.6035323,0.038822163,5.282875,0.82614166,0.0962212,-0.00018145313,0.09470213,0.0010202582,0.06200535,0.009696463,253.16197,252.96255,339.35107,-0.8649638,15.926991,0.07151092
4,92,10,0.0034299996,0.021642849,0.008400839,0.008888356,0.0043536527,0.045828044,-0.0006649674,3.5873966,0.0021243433,5.6217055,0.80082643,0.09165609,-0.0013299348,0.09427808,5.5827877e-5,0.065982215,0.009399336,253.14983,252.77824,339.51648,-0.8029508,15.926991,0.07109296
4,93,10,0.0034299996,0.021753682,0.007961819,0.009112606,0.0046792566,0.044614512,-0.0012726223,3.632369,-0.026106564,5.828136,0.54298824,0.089229025,-0.0025452445,0.09545997,-0.0006860931,0.06840509,0.0063730786,253.14429,252.70616,339.71542,-0.5168817,15.924611,0.07008411
4,94,10,0.0034299996,0.022832075,0.008478867,0.009987277,0.00436593,0.046040382,0.0005645823,3.8027017,0.026572583,5.6296268,0.5797328,0.092080764,0.0011291646,0.099936366,0.00069833704,0.06607518,0.006804349,253.129,252.73032,339.0012,-0.60630536,15.924611,0.08028009
4,95,10,0.0034299996,0.022225944,0.008297664,0.009570508,0.0043577715,0.045545757,-0.00035211036,3.7225127,-0.05050723,5.624364,0.33582518,0.09109151,-0.0007042207,0.09782898,-0.0013273509,0.06601342,0.003941595,253.17705,252.87677,339.54602,-0.28531796,15.922224,0.08766432
4,96,10,0.0034299996,0.025452256,0.011023794,0.009859196,0.004569265,0.05249713,-0.0018478833,3.7782393,-0.15051658,5.7592297,0.29607514,0.10499426,-0.0036957667,0.099293485,-0.003955627,0.06759634,0.003475046,253.20222,252.97981,339.80756,-0.14555855,15.922224,0.11320894
4,97,10,0.0034299996,0.02328901,0.008359839,0.010780122,0.0041490505,0.045716077,0.00012870185,3.950759,-0.14821601,5.4880185,0.19983134,0.091432154,0.0002574037,0.103827365,-0.003895172,0.06441312,0.0023454325,253.1803,252.97487,339.07257,-0.051615328,15.91988,0.07464857
4,98,10,0.0034299996,0.02314436,0.009093899,0.009978721,0.0040717395,0.04768097,-0.0012894068,3.8010721,-0.12209073,5.436648,0.21136805,0.09536194,-0.0025788136,0.09989355,-0.0032085897,0.063810185,0.0024808361,253.22455,253.06142,339.78668,-0.08927733,15.91988,0.08646835
4,99,10,0.0034299996,0.02379034,0.009668702,0.009509382,0.004612255,0.04916478,-0.0014760771,3.7106056,-0.03225083,5.7862587,0.172099,0.09832956,-0.0029521543,0.09751606,-0.0008475645,0.067913584,0.0020199358,253.23868,253.03003,339.90695,-0.13984817,15.917574,0.08622714
4,100,10,0.0034299996,0.023477647,0.00785523,0.010940768,0.00468165,0.04431487,-5.113676e-6,3.980087,0.06748159,5.829626,0.21461256,0.08862974,-1.0227352e-5,0.10459813,0.0017734411,0.068422586,0.0025189163,253.24452,253.11577,339.07358,-0.28209415,15.917574,0.09360173
5,1,10,0.0024009997,0.027874812,0.010745086,0.013042097,0.0040876316,0.051829252,0.006059566,4.345526,0.7608488,5.447247,0.42311683,0.103658505,0.012119132,0.114202,0.019995391,0.06393459,0.004966142,251.9297,247.44241,331.65866,-1.1839657,15.91537,0.2376615
5,2,10,0.0024009997,0.02847563,0.01125949,0.013168499,0.004047641,0.053055372,0.0055232993,4.3665338,0.76463026,5.420535,0.32486102,0.106110744,0.011046599,0.11475408,0.020094756,0.063621074,0.0038129091,251.91301,247.3999,331.92078,-1.0894912,15.91537,0.23432636
5,3,10,0.0024009997,0.028600466,0.011297719,0.013210829,0.004091918,0.053145364,0.0060800044,4.373546,0.52484775,5.4501023,0.21293516,0.10629073,0.012160009,0.11493837,0.013793189,0.0639681,0.0024992311,251.89253,247.30864,332.1189,-0.7377829,15.913757,0.21660481
5,4,10,0.0024009997,0.02762737,0.011240259,0.0124489805,0.0039381296,0.053010043,0.005198861,4.245566,0.38487667,5.346705,0.13659884,0.106020086,0.010397722,0.111575,0.010114701,0.06275452,0.0016032674,251.84,247.16252,331.39966,-0.5214755,15.913757,0.22417581
5,5,10,0.0024009997,0.02661048,0.01099437,0.011648862,0.00396725,0.05242702,0.005464361,4.106865,0.016647032,5.366437,0.25488836,0.10485404,0.010928722,0.10792989,0.00043748604,0.06298611,0.0029916395,251.83673,247.09525,331.76297,-0.2715354,15.9121,0.19755998
5,6,10,0.0024009997,0.028721802,0.01125307,0.013005034,0.0044636982,0.053040244,0.0057383776,4.3393474,-0.15521133,5.692311,0.34061718,0.10608049,0.011476755,0.114039615,-0.0040790094,0.06681091,0.003997839,251.85161,247.1824,332.06934,-0.18540585,15.9121,0.21146102
5,7,10,0.0024009997,0.026153091,0.008944034,0.012388995,0.0048200646,0.04728645,0.0050729527,4.235325,-0.3074232,5.9151764,0.159731,0.0945729,0.010145905,0.11130586,-0.008079199,0.069426686,0.0018747684,251.79951,247.01662,331.40503,0.1476922,15.910452,0.16852616
5,8,10,0.0024009997,0.02689019,0.010085397,0.012002678,0.0048021157,0.05021304,0.006513533,4.1687684,-0.19917674,5.904152,0.17022328,0.10042608,0.013027066,0.109556735,-0.0052344343,0.0692973,0.0019979188,251.7921,246.96126,331.9131,0.028953463,15.910452,0.1599431
5,9,10,0.0024009997,0.02400312,0.008182695,0.011129398,0.0046910266,0.045229126,0.007078002,4.0142508,-0.3980088,5.83546,0.08564512,0.09045825,0.014156004,0.10549596,-0.0104598105,0.06849107,0.0010052173,251.76144,246.83763,332.03156,0.31236368,15.908827,0.13283716
5,10,10,0.0024009997,0.024280844,0.008727901,0.010960042,0.0045929016,0.046711616,0.0072472636,3.9835916,-0.5031616,5.7741065,0.084803954,0.09342323,0.014494527,0.10469022,-0.0132232625,0.06777095,0.0009953507,251.74753,246.89249,331.30453,0.41835767,15.908827,0.15512
5,11,10,0.0024009997,0.022832222,0.009170486,0.0091702975,0.0044914396,0.047881328,0.0076168776,3.6438496,-0.30885142,5.709972,0.057277795,0.095762655,0.015233755,0.09576167,-0.008116728,0.0670182,0.00067227415,251.77234,247.00319,331.48267,0.25157362,15.907265,0.12832737
5,12,10,0.0024009997,0.02499536,0.009218453,0.010898007,0.0048789014,0.04800639,0.0077309622,3.9723017,-0.45598426,5.9511685,0.14333305,0.09601278,0.0154619245,0.10439352,-0.011983428,0.06984913,0.0016823044,251.75824,246.97261,331.60645,0.31265122,15.907265,0.12129418
5,13,10,0.0024009997,0.025110314,0.0083050635,0.011871988,0.004933262,0.04556606,0.0056279777,4.1460104,-0.2514692,5.9842305,-0.101672545,0.09113212,0.011255955,0.108958654,-0.006608704,0.07023718,-0.0011933332,251.66917,246.6039,330.70862,0.35314173,15.905804,0.11124673
5,14,10,0.0024009997,0.023696098,0.009676932,0.009054312,0.004964855,0.0491857,0.0055758543,3.6207318,-0.11864225,6.003361,-0.14135334,0.0983714,0.011151709,0.095154144,-0.0031179648,0.07046173,-0.001659067,251.64122,246.35202,330.86053,0.25999558,15.905804,0.11883227
5,15,10,0.0024009997,0.027134772,0.010688515,0.01093706,0.005509198,0.05169264,0.005664517,3.9794123,0.17964752,6.3239064,-0.245345,0.10338528,0.011329034,0.1045804,0.004721202,0.07422397,-0.002879622,251.65053,246.48929,330.76068,0.065697476,15.904409,0.124682695
5,16,10,0.0024009997,0.027701927,0.010018951,0.011715639,0.0059673362,0.050047357,0.005140781,4.118619,-0.032576937,6.5815997,-0.1901948,0.10009471,0.010281562,0.10823881,-0.0008561334,0.077248536,-0.0022323264,251.64189,246.52403,330.03214,0.22277173,15.904409,0.111475185
5,17,10,0.0024009997,0.027248684,0.010536076,0.010270983,0.0064416258,0.051322695,0.004573454,3.8563344,0.1298621,6.8381553,-0.075682975,0.10264539,0.009146908,0.10134586,0.0034128223,0.08025974,-0.0008882898,251.69113,246.58797,330.483,-0.054179125,15.90306,0.12511201
5,18,10,0.0024009997,0.027578369,0.009434371,0.011544195,0.006599803,0.048565347,0.0043838085,4.0883727,-0.02050604,6.921603,-0.011280253,0.09713069,0.008767617,0.107443914,-0.0005389061,0.08123917,-0.00013239817,251.74704,246.83626,331.0978,0.031786293,15.90306,0.12784353
5,19,10,0.0024009997,0.03043425,0.010080598,0.013496164,0.0068574874,0.050201092,0.00085721456,4.4205246,0.09519571,7.0554333,-0.05702302,0.100402184,0.0017144291,0.11617299,0.0025017776,0.08280995,-0.0006692819,251.73543,246.91031,330.8805,-0.038172692,15.901784,0.13836804
5,20,10,0.0024009997,0.028108828,0.009145533,0.011931716,0.0070315776,0.04781614,0.0009970432,4.1564264,0.2881357,7.1444306,-0.018275406,0.09563228,0.0019940864,0.109232396,0.007572312,0.083854504,-0.00021449725,251.736,246.88573,331.4387,-0.2698603,15.901784,0.138934
5,21,10,0.0024009997,0.03124396,0.008861735,0.015390182,0.006992042,0.047068395,0.00054463366,4.7205276,0.26003814,7.124317,0.028031936,0.09413679,0.0010892673,0.124057174,0.006833894,0.08361843,0.00032901161,251.70766,246.8292,331.38092,-0.28807008,15.90053,0.16041899
5,22,10,0.0024009997,0.03326302,0.00966128,0.016399868,0.0072018714,0.049145903,-0.00062148215,4.872915,0.27259594,7.2304273,0.07440817,0.09829181,-0.0012429643,0.12806197,0.00716392,0.08486384,0.0008733381,251.62161,246.47144,330.4631,-0.34700412,15.90053,0.17165208
5,23,10,0.0024009997,0.028424697,0.01009447,0.011658948,0.006671278,0.05023562,-0.0006637317,4.1086426,0.36642203,6.958982,0.20069052,0.10047124,-0.0013274634,0.10797661,0.009629703,0.08167789,0.0023555118,251.60036,246.1791,330.59714,-0.56711257,15.899228,0.1386422
5,24,10,0.0024009997,0.029051278,0.009990992,0.012382529,0.006677757,0.049977474,0.00048574142,4.234219,0.28164893,6.962361,0.041348543,0.09995495,0.00097148283,0.11127681,0.007401836,0.08171754,0.00048530946,251.59848,246.19765,330.64407,-0.32299748,15.899228,0.13662733
5,25,10,0.0024009997,0.03035155,0.011041523,0.01319355,0.006116476,0.052539326,-0.0019211331,4.370685,0.26201963,6.663338,0.02364411,0.10507865,-0.0038422663,0.11486318,0.006885969,0.0782079,0.0002775096,251.5711,246.23584,330.2085,-0.28566375,15.897945,0.12543325
5,26,10,0.0024009997,0.027828032,0.010969763,0.010925206,0.0059330636,0.052368317,-0.0018523583,3.9772553,0.30649102,6.562672,0.31511873,0.10473663,-0.0037047167,0.10452371,0.008054693,0.07702638,0.0036985658,251.56552,246.21484,330.34766,-0.62160975,15.897945,0.12949552
5,27,10,0.0024009997,0.028842568,0.010537821,0.012106252,0.006198495,0.051326945,-0.0029862572,4.186716,0.06547392,6.7078657,0.46408606,0.10265389,-0.0059725144,0.110028416,0.0017206798,0.07873052,0.0054470017,251.57599,246.31929,330.25964,-0.52955997,15.896644,0.08791279
5,28,10,0.0024009997,0.030474983,0.010282555,0.013723711,0.0064687165,0.050701465,-0.0044491766,4.4576344,0.16539395,6.852519,0.48747385,0.10140293,-0.008898353,0.11714824,0.0043466142,0.08042833,0.005721502,251.59839,246.45122,329.89453,-0.6528678,15.896644,0.09477797
5,29,10,0.0024009997,0.027949598,0.011120115,0.010396194,0.0064332904,0.05272598,-0.0043443567,3.8797686,-0.052808423,6.8337297,0.43851694,0.10545196,-0.008688713,0.101961724,-0.0013878251,0.080207795,0.005146894,251.67664,246.63313,330.5558,-0.3857085,15.895307,0.0822472
5,30,10,0.0024009997,0.030756723,0.011583827,0.011958148,0.007214747,0.053814095,-0.0029854411,4.161028,-0.30413106,7.2368865,0.26818594,0.10762819,-0.0059708823,0.10935332,-0.007992675,0.084939666,0.0031477103,251.74124,246.94148,330.9665,0.035945117,15.895307,0.12960555
5,31,10,0.0024009997,0.030354079,0.010351709,0.013281465,0.0067209043,0.050871674,-0.0032336102,4.385223,-0.2802521,6.984817,0.36504573,0.10174335,-0.0064672204,0.11524524,-0.0073651243,0.08198112,0.0042845593,251.78235,247.16203,330.69553,-0.08479363,15.893968,0.10728821
5,32,10,0.0024009997,0.027925406,0.01062863,0.010462151,0.0068346253,0.051547624,-0.0029091097,3.8920567,-0.1626228,7.043663,0.52770543,0.10309525,-0.0058182194,0.102284655,-0.0042737867,0.08267179,0.0061937002,251.83568,247.33522,331.29395,-0.36508262,15.893968,0.097507045
5,33,10,0.0024009997,0.028203242,0.009984574,0.011597107,0.00662156,0.04996142,-0.0021184473,4.097731,-0.117618,6.9330015,0.58735293,0.09992284,-0.0042368947,0.107689865,-0.0030910417,0.08137297,0.006893786,251.83029,247.26535,331.707,-0.46973494,15.892621,0.08251493
5,34,10,0.0024009997,0.026828857,0.010221153,0.010650728,0.005956976,0.050549857,-0.0029048556,3.926977,0.053323958,6.575885,0.4696116,0.101099715,-0.0058097113,0.103202365,0.0014013732,0.07718145,0.0055118506,251.75317,247.05484,330.89493,-0.52293557,15.892621,0.08480115
5,35,10,0.0024009997,0.024151806,0.010469577,0.008246378,0.00543585,0.051160477,-0.0012301876,3.4554155,0.09991806,6.2816677,0.47075257,0.102320954,-0.0024603752,0.09080957,0.0026258826,0.07372822,0.005525241,251.69357,246.77925,331.0666,-0.5706706,15.891221,0.09018245
5,36,10,0.0024009997,0.025744297,0.009570164,0.0104426155,0.0057315165,0.048913606,-9.724005e-5,3.8884215,-0.13810576,6.450242,0.53716046,0.09782721,-0.0001944801,0.102189116,-0.0036294684,0.07570678,0.0063046757,251.63428,246.45364,330.87018,-0.3990547,15.891221,0.09927167
5,37,10,0.0024009997,0.028794426,0.011705906,0.011432261,0.005656259,0.05409692,-0.001504567,4.068504,-0.0049079354,6.4077544,0.5046937,0.10819384,-0.003009134,0.106921755,-0.00012898205,0.075208105,0.005923612,251.5642,246.17097,329.99222,-0.49978575,15.889791,0.121221066
5,38,10,0.0024009997,0.027550725,0.012140113,0.010023071,0.0053875414,0.05509109,0.0003649219,3.8095098,-0.07279462,6.2536917,0.6236163,0.11018218,0.0007298438,0.10011529,-0.001913068,0.07339987,0.007319414,251.59126,246.22708,330.16437,-0.55082166,15.889791,0.16160826
5,39,10,0.0024009997,0.024514668,0.010235938,0.009140744,0.005137985,0.050586406,0.0012882649,3.6379726,-0.20415759,6.107137,0.68382657,0.10117281,0.0025765297,0.095607236,-0.0053653345,0.07167974,0.008026103,251.66286,246.55106,330.369,-0.47966897,15.888376,0.10964758
5,40,10,0.0024009997,0.023727873,0.010705072,0.008112312,0.0049104895,0.05173266,0.0004206887,3.4272122,-0.24544567,5.9704027,0.7363349,0.10346532,0.0008413774,0.09006838,-0.0064504,0.070074886,0.008642395,251.67981,246.81598,329.82855,-0.49088925,15.888376,0.107299
5,41,10,0.0024009997,0.025690727,0.012389027,0.008263339,0.005038361,0.055653002,0.00057238626,3.4589674,-0.2130173,6.0476384,0.48011264,0.111306004,0.0011447725,0.09090291,-0.0055981716,0.07098141,0.005635103,251.6887,246.85928,330.2493,-0.26709533,15.887049,0.119228594
5,42,10,0.0024009997,0.026345689,0.011479846,0.009499515,0.0053663272,0.05357202,0.00083467975,3.7086806,-0.25971934,6.241368,0.21200912,0.10714404,0.0016693595,0.097465456,-0.0068255183,0.07325522,0.0024883633,251.778,247.22313,330.5536,0.047710225,15.887049,0.10843913
5,43,10,0.0024009997,0.028301183,0.01310334,0.009960429,0.005237416,0.05723491,0.0011026788,3.7975864,-0.21255967,6.165946,0.041330162,0.11446982,0.0022053577,0.09980195,-0.005586145,0.07236999,0.0004850933,251.85898,247.60878,330.14212,0.17122951,15.885766,0.10182338
5,44,10,0.0024009997,0.02742379,0.012244531,0.009684194,0.005495066,0.055327505,0.0008293904,3.744557,-0.25706416,6.315789,0.22734289,0.11065501,0.0016587808,0.098408304,-0.0067557385,0.07412871,0.0026683337,251.96504,247.90495,330.96844,0.029721275,15.885766,0.11966846
5,45,10,0.0024009997,0.024190286,0.00934029,0.009751628,0.0050983666,0.04832259,0.00043312367,3.7575715,0.045413643,6.0835457,0.044234112,0.09664518,0.00086624734,0.09875033,0.0011934873,0.07140285,0.0005191742,252.00241,248.01602,331.8133,-0.089647755,15.8845415,0.09121904
5,46,10,0.0024009997,0.023533706,0.009302334,0.009190513,0.0050408584,0.048224304,-0.00020482714,3.6478634,0.3560922,6.0491376,0.0006605977,0.09644861,-0.00040965428,0.095867164,0.009358226,0.070999004,7.7534205e-6,251.9425,247.87,331.25687,-0.3567528,15.8845415,0.09129321
5,47,10,0.0024009997,0.020806871,0.009077558,0.0075738034,0.0041555087,0.04763811,0.00074173784,3.3115072,0.25263762,5.492288,0.14452896,0.09527622,0.0014834757,0.0870276,0.006639407,0.064463235,0.0016963432,251.8973,247.56396,331.6931,-0.39716658,15.883274,0.1125687
5,48,10,0.0024009997,0.01843865,0.007566713,0.006833977,0.00403796,0.043493427,0.0011416344,3.1456141,0.116156995,5.4140496,0.15524812,0.086986855,0.0022832688,0.08266787,0.0030526482,0.063544944,0.0018221537,251.8574,247.30278,331.77066,-0.2714051,15.883274,0.109011665
5,49,10,0.0024009997,0.017936792,0.007296973,0.006830952,0.0038088672,0.04271116,0.0015669964,3.1449177,0.3002488,5.2582245,-0.117314614,0.08542232,0.003133993,0.08264957,0.007890647,0.06171602,-0.0013769278,251.79463,247.12,331.02963,-0.1829342,15.881949,0.124957055
5,50,10,0.0024009997,0.017730504,0.008139896,0.006025927,0.00356468,0.045110688,0.00040458294,2.9537969,0.30194816,5.0868797,-0.16608067,0.090221375,0.0008091659,0.07762685,0.007935311,0.05970494,-0.0019492969,251.76424,247.01587,331.4111,-0.13586749,15.881949,0.11893989
5,51,10,0.0024009997,0.01652233,0.006862275,0.006273708,0.0033863473,0.041419424,0.00040869927,3.0139136,0.2607674,4.9580054,-0.28936857,0.08283885,0.00081739854,0.07920674,0.0068530613,0.05819233,-0.0033963323,251.76073,246.95998,331.43484,0.02860117,15.880607,0.10473445
5,52,10,0.0024009997,0.017651396,0.0075571667,0.0068032634,0.0032909664,0.043465983,-0.0008016702,3.1385374,0.38437083,4.887682,-0.3959027,0.086931966,-0.0016033404,0.0824819,0.010101403,0.057366945,-0.0046467287,251.76147,247.05354,330.86423,0.01153186,15.880607,0.09517493
5,53,10,0.0024009997,0.016360935,0.0073198164,0.0061198105,0.0029213072,0.042777963,-0.0016700943,2.976718,0.33857572,4.605002,-0.38328823,0.085555926,-0.0033401886,0.07822922,0.008897893,0.05404912,-0.004498672,251.78201,247.0932,331.53244,0.044712514,15.8792,0.064567305
5,54,10,0.0024009997,0.017171778,0.0070768134,0.0072347675,0.002860196,0.0420619,-0.00177045,3.2365398,0.37214816,4.5565815,-0.4635342,0.0841238,-0.0035409,0.08505744,0.009780186,0.0534808,-0.005440521,251.75732,247.03282,331.53613,0.09138605,15.8792,0.10743803
5,55,10,0.0024009997,0.016175454,0.0077063823,0.005634607,0.002834465,0.043893002,-0.00082148024,2.856278,0.32299414,4.5360384,-0.49059403,0.087786004,-0.0016429605,0.07506402,0.008488404,0.053239692,-0.0057581253,251.70964,246.94446,330.70377,0.16759989,15.877718,0.07549578
5,56,10,0.0024009997,0.014927365,0.0072798156,0.0049661687,0.00268138,0.042660918,-0.0003358289,2.6815097,0.14544481,4.4118466,-0.36210874,0.085321836,-0.0006716578,0.07047105,0.0038223404,0.05178204,-0.004250087,251.71472,246.8268,331.07678,0.21666393,15.877718,0.08109314
5,57,10,0.0024009997,0.016386203,0.0073345792,0.006283063,0.0027685608,0.04282108,-0.001477568,3.01616,0.05297316,4.4829946,-0.42771757,0.08564216,-0.002955136,0.07926577,0.0013921544,0.052617114,-0.0050201397,251.74261,246.88336,331.40277,0.37474442,15.876208,0.09115969
5,58,10,0.0024009997,0.017585294,0.007347626,0.00698152,0.003256147,0.04285915,-0.002238962,3.179389,0.16521877,4.8617563,-0.37053052,0.0857183,-0.004477924,0.08355549,0.0043420093,0.05706266,-0.004348933,251.76784,247.0774,330.8976,0.20531175,15.876208,0.082094215
5,59,10,0.0024009997,0.015900008,0.007101301,0.005960791,0.0028379161,0.04213461,-0.0014986335,2.9377892,-0.19976872,4.5387993,-0.06732062,0.08426922,-0.002997267,0.07720616,-0.0052499943,0.053272095,-0.00079014624,251.81009,247.19342,331.57693,0.26708934,15.874649,0.085381
5,60,10,0.0024009997,0.014362252,0.0058843466,0.0059267525,0.0025511535,0.038354747,-0.0006001355,2.929389,-0.1916894,4.3033776,-0.14185752,0.076709494,-0.001200271,0.076985404,-0.0050376644,0.050508946,-0.0016649883,251.8271,247.18439,332.02386,0.33354694,15.874649,0.0809408
5,61,10,0.0024009997,0.014540329,0.0060120593,0.0058102366,0.0027180323,0.038768735,-0.0008075466,2.9004514,-0.139447,4.4418974,-0.3140697,0.07753747,-0.0016150932,0.07622491,-0.0036647185,0.052134752,-0.00368625,251.82045,247.24779,331.4709,0.4535167,15.873035,0.06223479
5,62,10,0.0024009997,0.0147572635,0.006565002,0.005784707,0.0024075543,0.04051235,8.552736e-5,2.8940725,-0.19042562,4.18051,-0.13809259,0.0810247,0.00017105472,0.07605726,-0.005004453,0.049066834,-0.0016207999,251.85136,247.31183,332.07355,0.3285182,15.873035,0.09413403
5,63,10,0.0024009997,0.014973119,0.0059377626,0.0069123823,0.0021229745,0.03852844,-0.0008099597,3.1636066,-0.31814817,3.9256678,-0.13847087,0.07705688,-0.0016199194,0.08314074,-0.008361049,0.046075746,-0.0016252387,251.88222,247.49052,332.41263,0.45661902,15.87143,0.0748138
5,64,10,0.0024009997,0.016902737,0.0067003435,0.0074584796,0.002743914,0.040927812,-0.0003678609,3.2861989,-0.08823082,4.4629955,-0.26668224,0.081855625,-0.0007357218,0.08636249,-0.002318738,0.052382383,-0.003130062,251.88353,247.6301,331.77225,0.35491306,15.87143,0.06091281
5,65,10,0.0024009997,0.016254023,0.0065008337,0.0071675265,0.0025856616,0.040313873,-0.0009402622,3.2214642,-0.37611866,4.332385,-0.024602756,0.08062775,-0.0018805244,0.084661245,-0.009884535,0.0508494,-0.00028876314,251.94456,247.81776,332.4188,0.40072143,15.869821,0.09195394
5,66,10,0.0024009997,0.016245676,0.006446485,0.007425946,0.0023732441,0.040145002,-0.0004404155,3.2790241,-0.558683,4.1506147,0.04613464,0.080290005,-0.000880831,0.08617393,-0.014682391,0.048715953,0.00054148503,251.9811,247.86868,332.7556,0.5125483,15.869821,0.09892998
5,67,10,0.0024009997,0.014947028,0.0060187695,0.00675847,0.0021697886,0.038790364,-0.0010747453,3.1281881,-0.49402633,3.9687154,-0.25209597,0.07758073,-0.0021494906,0.082209915,-0.012983192,0.04658099,-0.002958862,251.95908,247.85027,332.09238,0.7461223,15.868175,0.08397426
5,68,10,0.0024009997,0.014089888,0.0060707526,0.0060171303,0.0020020048,0.038957518,-0.0014178071,2.95164,-0.52775407,3.8121834,-0.25590757,0.077915035,-0.0028356141,0.07757016,-0.013869568,0.04474377,-0.0030035984,251.95798,247.84036,332.73065,0.7836616,15.868175,0.10361791
5,69,10,0.0024009997,0.014420478,0.0065563214,0.005729933,0.0021342237,0.040485557,-0.0024453378,2.8803377,-0.324734,3.9360554,-0.487698,0.080971114,-0.0048906757,0.07569632,-0.008534126,0.04619766,-0.0057241335,251.94585,247.74454,333.17484,0.812432,15.866449,0.08968522
5,70,10,0.0024009997,0.0143225435,0.006031439,0.0057633035,0.0025278016,0.03883117,-0.00086526875,2.888713,-0.23396613,4.2836375,-0.5505581,0.07766234,-0.0017305375,0.075916424,-0.006148715,0.050277248,-0.0064619263,251.89183,247.46109,332.3891,0.7845242,15.866449,0.088981725
5,71,10,0.0024009997,0.014113878,0.006479951,0.00533281,0.0023011167,0.040249072,-0.00022241133,2.7787323,-0.22448884,4.0870557,-0.3798109,0.080498144,-0.00044482265,0.07302609,-0.005899649,0.047969956,-0.0044578565,251.87717,247.30116,332.8141,0.6042997,15.864596,0.06321354
5,72,10,0.0024009997,0.012999526,0.0052933292,0.005555338,0.002150859,0.036377635,-0.001377521,2.8361158,-0.17041332,3.9513655,-0.5472061,0.07275527,-0.002755042,0.07453414,-0.004478524,0.046377353,-0.006422583,251.86253,247.26639,332.99905,0.7176194,15.864596,0.09801165
5,73,10,0.0024009997,0.013714519,0.005900883,0.0054771667,0.0023364692,0.038408604,-0.0019581767,2.8160908,0.34215885,4.1183305,-0.66552436,0.07681721,-0.0039163535,0.07400788,0.008992058,0.04833704,-0.007811287,251.8346,247.3052,332.22296,0.3233655,15.862611,0.12097093
5,74,10,0.0024009997,0.015064586,0.006575847,0.006133465,0.0023552743,0.0405458,-0.0024882478,2.980037,0.4217024,4.134871,-0.5956296,0.0810916,-0.0049764956,0.07831644,0.011082493,0.048531167,-0.006990932,251.85014,247.29285,332.9184,0.17392716,15.862611,0.11411559
5,75,10,0.0024009997,0.015326248,0.006334535,0.0067222593,0.0022694531,0.039794896,-0.0029995732,3.1197968,0.5262841,4.058839,-0.76975614,0.07958979,-0.0059991465,0.081989385,0.013830938,0.047638778,-0.0090346625,251.8964,247.4456,333.2302,0.24347204,15.860436,0.10499109
5,76,10,0.0024009997,0.016126115,0.0059454995,0.0076953145,0.0024853013,0.038553532,-0.0018240549,3.3379655,0.62699777,4.247474,-0.9329828,0.077107064,-0.0036481097,0.08772294,0.016477726,0.049852796,-0.010950462,251.92053,247.67448,332.59378,0.30598503,15.860436,0.09598342
5,77,10,0.0024009997,0.014367424,0.00591914,0.006252903,0.0021953802,0.038467973,-0.00037206526,3.008912,0.44341737,3.9920511,-0.82422554,0.07693595,-0.0007441305,0.0790753,0.01165317,0.046854883,-0.009673972,251.96014,247.8445,333.231,0.38080817,15.858121,0.08433838
5,78,10,0.0024009997,0.015841117,0.006813385,0.006647535,0.0023801967,0.041271616,-0.00037376265,3.1024082,0.47220156,4.1566896,-0.7017653,0.08254323,-0.0007475253,0.08153242,0.012409628,0.04878726,-0.008236649,252.00821,248.01172,333.7614,0.22956374,15.858121,0.080900446
5,79,10,0.0024009997,0.016156552,0.0064912494,0.0071981694,0.0024671336,0.040284146,0.0008520663,3.2283435,0.44138622,4.2319207,-0.7789147,0.08056829,0.0017041327,0.084842026,0.011599787,0.04967025,-0.009142158,252.05559,248.25343,333.18335,0.33752847,15.855768,0.082155816
5,80,10,0.0024009997,0.015738064,0.0064992993,0.0068767495,0.0023620161,0.040309116,0.00048597204,3.1554425,0.26631892,4.1407847,-0.5800816,0.08061823,0.0009719441,0.08292617,0.0069989567,0.048600577,-0.0068084435,252.1686,248.64134,334.27966,0.31376266,15.855768,0.104994535
5,81,10,0.0024009997,0.015559474,0.0069875573,0.006282006,0.002289911,0.041795805,-0.00035121074,3.015906,-0.16268481,4.0770917,-0.47321373,0.08359161,-0.0007024215,0.079259105,-0.004275415,0.047853015,-0.0055541317,252.28911,249.14929,335.26147,0.63589853,15.853391,0.10020033
5,82,10,0.0024009997,0.014770409,0.0067448537,0.0057037063,0.0023218489,0.04106353,0.0008169875,2.8737383,-0.13948591,4.105426,-0.49262068,0.08212706,0.001633975,0.075522885,-0.00366574,0.04818557,-0.0057819095,252.32536,249.3917,334.78503,0.6321066,15.853391,0.088228546
5,83,10,0.0024009997,0.013666823,0.0061824615,0.005328346,0.0021560143,0.039314315,0.00041053633,2.777569,-0.30344445,3.956098,-0.42722425,0.07862863,0.00082107267,0.07299552,-0.007974627,0.0464329,-0.005014351,252.36333,249.53279,335.49985,0.73066866,15.851023,0.0886074
5,84,10,0.0024009997,0.014761619,0.007083387,0.0053812605,0.002296971,0.04208143,6.049766e-5,2.7913265,-0.25423598,4.0833716,-0.6588176,0.08416286,0.00012099532,0.073357075,-0.006681413,0.047926724,-0.007732573,252.37671,249.61235,335.74902,0.9130536,15.851023,0.079871915
5,85,10,0.0024009997,0.013516142,0.0064003584,0.0048303534,0.00228543,0.04000112,-8.997893e-5,2.6445885,-0.16426441,4.0731006,-0.73715365,0.08000224,-0.00017995786,0.069500744,-0.0043169283,0.04780617,-0.008652006,252.32497,249.47733,335.0535,0.9014181,15.848672,0.07617178
5,86,10,0.0024009997,0.012660588,0.005976112,0.004456296,0.0022281802,0.03865266,-0.0004466216,2.5401285,-0.17463697,4.0217624,-0.6413324,0.07730532,-0.0008932432,0.066755496,-0.0045895227,0.047203604,-0.0075273477,252.35551,249.61409,335.5321,0.81596935,15.848672,0.060928166
5,87,10,0.0024009997,0.013484877,0.0060329726,0.0053433985,0.002108505,0.038836107,-8.3299296e-5,2.7814898,-0.14493638,3.9122674,-0.71879977,0.07767221,-0.00016659859,0.073098555,-0.0038089794,0.04591846,-0.008436587,252.40019,249.85085,336.04053,0.86373615,15.846294,0.072311305
5,88,10,0.0024009997,0.01313598,0.005287227,0.0055162767,0.002332476,0.03635666,8.2891245e-5,2.8261268,-0.073735096,4.1148105,-0.7181881,0.07271332,0.00016578249,0.07427164,-0.0019377852,0.048295714,-0.008429407,252.39801,249.82166,335.63815,0.7919232,15.846294,0.0699135
5,89,10,0.0024009997,0.0128888,0.0058268034,0.0047550895,0.002306907,0.03816675,-5.5502762e-5,2.6239042,-0.07977624,4.092194,-0.40366414,0.0763335,-0.000111005524,0.06895716,-0.0020965482,0.048030272,-0.0047378237,252.50975,250.20506,336.29306,0.4834404,15.843907,0.057838935
5,90,10,0.0024009997,0.014984967,0.007057254,0.0054997667,0.002427947,0.042003732,7.013781e-5,2.8218946,-0.23571089,4.198178,-0.35772783,0.084007464,0.00014027562,0.07416041,-0.0061945687,0.049274202,-0.004198668,252.65073,250.79605,336.99985,0.59343874,15.843907,0.06653056
5,91,10,0.0024009997,0.014855027,0.0069176215,0.0056063244,0.0023310818,0.04158612,0.0013679224,2.8491008,-0.030488275,4.11358,-0.2182769,0.08317224,0.0027358448,0.07487539,-0.0008012416,0.04828128,-0.0025619254,252.70831,251.1598,336.5606,0.24876517,15.841552,0.06617146
5,92,10,0.0024009997,0.014839772,0.0072470913,0.0054956554,0.0020970253,0.042564925,0.00043317088,2.82084,-0.05999545,3.9016027,-0.19957957,0.08512985,0.00086634175,0.07413269,-0.0015767018,0.045793287,-0.0023424742,252.7719,251.45676,337.47513,0.259575,15.841552,0.088022925
5,93,10,0.0024009997,0.016535316,0.0080402875,0.006096457,0.002398572,0.044833824,-0.0004525151,2.9710326,0.06746887,4.172704,-0.2165885,0.08966765,-0.0009050302,0.07807981,0.001773107,0.048975218,-0.0025421097,252.80453,251.54283,338.03406,0.14911963,15.839236,0.070123255
5,94,10,0.0024009997,0.016128013,0.0061357925,0.00698378,0.0030084397,0.03916565,0.0015779213,3.1799035,0.124219164,4.673173,-0.26944566,0.0783313,0.0031558427,0.08356901,0.0032645257,0.054849245,-0.003162496,252.75833,251.28905,337.06793,0.1452265,15.839236,0.06790941
5,95,10,0.0024009997,0.016302655,0.006475095,0.006913071,0.0029144883,0.04023399,0.00059893803,3.163765,0.08982437,4.5996246,-0.09100361,0.08046798,0.0011978761,0.08314488,0.0023606163,0.053986,-0.0010681131,252.82788,251.49962,337.7303,0.0011792406,15.836981,0.054869924
5,96,10,0.0024009997,0.017066207,0.0076648365,0.006816538,0.0025848318,0.043774527,-0.00065830373,3.1415975,0.16481312,4.33169,-0.1070515,0.08754905,-0.0013166075,0.08256233,0.004331346,0.050841242,-0.0012564678,252.91252,251.85129,338.27765,-0.057761617,15.836981,0.06907805
5,97,10,0.0024009997,0.014638742,0.006107295,0.0062008398,0.0023306075,0.039074592,-0.0009212661,2.996359,0.24775392,4.113162,-0.03182623,0.078149185,-0.0018425322,0.07874541,0.0065110615,0.048276365,-0.00037354653,252.95337,252.1496,337.9032,-0.21592769,15.834765,0.05514293
5,98,10,0.0024009997,0.017441977,0.0076838196,0.0070426967,0.0027154612,0.0438287,0.0005603795,3.1932888,-0.09447484,4.439796,0.12998307,0.0876574,0.001120759,0.08392078,-0.0024828338,0.052110087,0.0015256176,253.03215,252.3767,338.63232,-0.03550823,15.834765,0.0689152
5,99,10,0.0024009997,0.01873953,0.008227337,0.0072720624,0.003240131,0.045352336,-0.00015484782,3.2448714,-0.045931827,4.849785,0.21009326,0.09070467,-0.00030969564,0.08527639,-0.0012071072,0.05692215,0.002465874,253.06293,252.37425,339.13977,-0.16416143,15.832601,0.06637824
5,100,10,0.0024009997,0.018421315,0.006583524,0.008157518,0.0036802725,0.04056946,0.0013708525,3.436748,0.09265324,5.1686983,0.08961753,0.08113892,0.002741705,0.09031898,0.002434959,0.06066525,0.0010518468,253.03831,252.37259,338.34848,-0.18227077,15.832601,0.060055148
