ic,traj,n_steps,eta,loss_total,loss_T,loss_olw,loss_slwd,rmse_T,bias_T,rmse_olw,bias_olw,rmse_slwd,bias_slwd,nrmse_T,nbias_T,nrmse_olw,nbias_olw,nrmse_slwd,nbias_slwd,mean_T,mean_olw,mean_slwd,bias_C,pnorm,gnorm
1,1,1,0.01,0.34760153,0.00930471,0.28257048,0.055726334,0.04823046,-0.0034705126,20.227028,7.8699346,20.11275,-2.8356836,0.09646092,-0.006941025,0.5315736,0.20682468,0.23606426,-0.03328254,252.6461,251.41426,336.88297,-5.034251,10.830645,1.0426219
1,2,1,0.01,0.4005386,0.011456079,0.33329326,0.05578926,0.053516537,-0.006133837,21.96757,9.299275,20.124102,-2.7013974,0.107033074,-0.012267674,0.57731557,0.24438827,0.2361975,-0.03170641,252.68182,251.42607,337.54688,-6.597878,10.830645,1.1533207
1,3,1,0.01,0.2431902,0.008346784,0.19831294,0.036530484,0.045680366,-0.00576551,16.945103,10.736171,16.284294,-3.7058256,0.09136073,-0.01153102,0.4453234,0.28215045,0.19112949,-0.043495454,252.64406,251.30827,336.94318,-7.030345,10.806355,1.0236766
1,4,1,0.01,0.22868173,0.0074268063,0.18460384,0.03665108,0.04308946,-0.0034237779,16.348919,9.859574,16.31115,-3.7157407,0.08617892,-0.0068475557,0.4296555,0.25911316,0.19144471,-0.04361181,252.62639,251.2106,337.2228,-6.1438336,10.806355,0.9965408
1,5,1,0.01,0.14012441,0.006185889,0.10706514,0.026873376,0.03932521,-0.0015449636,12.45067,6.3257337,13.966973,-3.0667934,0.07865042,-0.0030899271,0.3272081,0.16624254,0.16393101,-0.035995103,252.62926,251.15834,337.79956,-3.2589402,10.789095,0.69310665
1,6,1,0.01,0.13271147,0.005924973,0.09978631,0.027000193,0.038486924,-0.0018470335,12.019992,6.283123,13.999889,-3.1410394,0.07697385,-0.003694067,0.31588972,0.16512275,0.16431735,-0.03686652,252.59312,251.12473,337.08475,-3.1420836,10.789095,0.6863856
1,7,1,0.01,0.06168644,0.006146607,0.035108674,0.020431163,0.03920015,0.005919117,7.1297765,-0.6970846,12.17833,-2.0606973,0.0784003,0.011838234,0.18737309,-0.018319638,0.14293762,-0.024186501,252.58148,251.06714,337.25632,2.757782,10.786453,0.16640988
1,8,1,0.01,0.065193266,0.0059821336,0.039000165,0.020210965,0.038672127,0.0039372323,7.514531,-0.01706838,12.112527,-1.894052,0.07734425,0.007874465,0.1974846,-0.00044856287,0.14216527,-0.022230573,252.58783,251.00763,337.85645,1.9111204,10.786453,0.19990483
1,9,1,0.01,0.07897345,0.0077859145,0.056971554,0.014215982,0.044118915,0.007785667,9.082339,-5.346091,10.158502,-0.6077247,0.08823783,0.015571334,0.23868714,-0.14049721,0.11923079,-0.0071328925,252.54695,250.89137,336.9359,5.9538155,10.7916765,0.47418413
1,10,1,0.01,0.08298521,0.0087736985,0.060272116,0.013939394,0.04683401,0.010263455,9.341722,-5.932245,10.059193,-0.7492107,0.09366802,0.02052691,0.2455038,-0.1559015,0.11806521,-0.008793522,252.56929,250.97266,336.92017,6.6814556,10.7916765,0.5181047
1,11,1,0.01,0.09072719,0.0076818815,0.07412016,0.008925147,0.04382317,0.008581181,10.359453,-7.1747503,8.0491295,0.34201133,0.08764634,0.017162362,0.27225018,-0.18855505,0.094473,0.004014196,252.64038,251.23871,337.7481,6.832739,10.786209,0.6783446
1,12,1,0.01,0.09027806,0.0074041365,0.073542766,0.009331163,0.043023646,0.008515809,10.319025,-7.2939076,8.230176,0.34023649,0.08604729,0.017031617,0.2711877,-0.19168654,0.09659795,0.003993368,252.6764,251.5016,337.45584,6.953671,10.786209,0.6872728
1,13,1,0.01,0.06658467,0.006328981,0.054631684,0.005624007,0.039777447,0.008682901,8.893874,-5.919785,6.38946,0.3284539,0.07955489,0.017365802,0.23373422,-0.1555741,0.07499338,0.0038550803,252.7333,251.74547,337.65332,5.591331,10.773809,0.53194463
1,14,1,0.01,0.06502367,0.005764732,0.05337299,0.0058859424,0.037962917,0.0069026006,8.790821,-5.5393744,6.5365605,0.5581178,0.075925834,0.013805201,0.23102595,-0.14557679,0.076719895,0.0065506487,252.78125,251.8267,338.31006,4.9812565,10.773809,0.5092391
1,15,1,0.01,0.047065314,0.0040865713,0.039679628,0.003299114,0.031963147,0.0034558508,7.579708,-1.825524,4.8937287,-0.06837907,0.063926294,0.0069117015,0.19919746,-0.047975436,0.057437915,-0.0008025657,252.73904,251.66197,337.33527,1.893903,10.761367,0.1958366
1,16,1,0.01,0.04678372,0.0039514187,0.039454833,0.003377466,0.031430155,0.005919936,7.5582075,-2.375172,4.9514995,-0.284423,0.06286031,0.011839872,0.1986324,-0.062420383,0.05811597,-0.0033382853,252.71146,251.4721,337.2097,2.659595,10.761367,0.22323719
1,17,1,0.01,0.04479255,0.0037554135,0.03840739,0.00262975,0.030640714,0.0011825582,7.4572053,1.2273278,4.369165,-0.6474622,0.061281428,0.0023651165,0.19597803,0.032254625,0.051281087,-0.007599292,252.73041,251.5157,337.75458,-0.57986563,10.751165,0.22605492
1,18,1,0.01,0.041832175,0.003778299,0.035307895,0.0027459837,0.030733936,0.000757984,7.149976,1.0994109,4.4646783,-0.55885506,0.06146787,0.001515968,0.18790396,0.02889291,0.052402135,-0.006559306,252.70439,251.4944,337.2839,-0.54055583,10.751165,0.20492682
1,19,1,0.01,0.039477512,0.0031927184,0.03366511,0.0026196847,0.028252073,0.001445778,6.9816604,2.3949952,4.3607955,-0.97975063,0.056504145,0.002891556,0.18348055,0.06294134,0.051182855,-0.011499379,252.72856,251.5616,337.63715,-1.4152446,10.74319,0.24157263
1,20,1,0.01,0.039286554,0.0040744203,0.032601964,0.0026101675,0.031915594,-0.000994005,6.870535,2.670631,4.352867,-0.5868769,0.06383119,-0.00198801,0.18056014,0.07018514,0.051089797,-0.006888202,252.76057,251.58492,338.43158,-2.083754,10.74319,0.25806913
1,21,1,0.01,0.042197358,0.0049323794,0.03459663,0.002668347,0.03511545,-0.002292753,7.077593,2.9957316,4.4011116,-0.6977839,0.0702309,-0.004585506,0.18600169,0.0787289,0.051656045,-0.0081899185,252.7721,251.75499,337.88336,-2.2979476,10.737016,0.259161
1,22,1,0.01,0.041415166,0.0036209922,0.035177343,0.0026168292,0.03008734,0.0005187975,7.136745,2.6281393,4.358418,-0.86291903,0.06017468,0.001037595,0.18755624,0.06906845,0.051154952,-0.01012812,252.80016,251.79674,338.0532,-1.7652202,10.737016,0.23054516
1,23,1,0.01,0.04567171,0.0047431067,0.037852135,0.0030764688,0.03443511,-0.0022316026,7.4031043,2.886768,4.7257147,-0.34191826,0.06887022,-0.004463205,0.19455625,0.075865306,0.055465925,-0.004013109,252.85875,251.96815,338.9064,-2.5448499,10.732577,0.2800702
1,24,1,0.01,0.044112243,0.004765857,0.036469214,0.002877171,0.034517594,-0.002382472,7.26661,3.0302594,4.570082,-0.33282208,0.06903519,-0.004764944,0.19096914,0.07963631,0.053639267,-0.003906349,252.83864,252.0088,338.3754,-2.6974373,10.732577,0.26566353
1,25,1,0.01,0.035601597,0.0036471523,0.02909412,0.002860328,0.030195829,0.00016046541,6.490398,1.9892839,4.556686,-0.10796545,0.060391657,0.00032093082,0.17056999,0.052279096,0.053482033,-0.0012671959,252.84108,251.99945,338.3611,-1.8813184,10.729744,0.19335389
1,26,1,0.01,0.039640274,0.004997546,0.031478383,0.003164346,0.03534666,-0.0019457119,6.751105,2.019465,4.792733,0.29376408,0.07069332,-0.0038914238,0.17742148,0.053072274,0.05625252,0.0034479212,252.92981,252.3208,339.08334,-2.313229,10.729744,0.21162419
1,27,1,0.01,0.033699445,0.004508671,0.02610016,0.0030906138,0.03357332,-0.0014031497,6.147383,0.7442463,4.7365656,0.7319604,0.06714664,-0.0028062994,0.16155544,0.019559061,0.05559329,0.008591052,252.96011,252.5439,338.6542,-1.4762068,10.728884,0.11383423
1,28,1,0.01,0.03291837,0.0036007955,0.026919443,0.0023981351,0.030003315,0.00087832275,6.24312,0.7927517,4.1723237,0.50562656,0.06000663,0.0017566455,0.16407146,0.020833805,0.04897076,0.0059345616,252.95395,252.47171,338.44904,-1.2983782,10.728884,0.10714348
1,29,1,0.01,0.033546947,0.004197894,0.026400592,0.002948461,0.03239558,-0.00067299034,6.182661,0.002911423,4.626354,1.5397397,0.06479116,-0.0013459807,0.16248259,7.65131e-5,0.054299735,0.018071996,252.98729,252.42688,339.16312,-1.5426512,10.730107,0.06364118
1,30,1,0.01,0.034106996,0.00437685,0.026773546,0.0029565997,0.033078883,-0.0010621456,6.226179,0.23267518,4.6327353,1.5692366,0.066157766,-0.0021242911,0.16362624,0.0061147893,0.054374624,0.018418204,252.98793,252.42673,338.6347,-1.8019118,10.730107,0.063782714
1,31,1,0.01,0.02827236,0.0030867932,0.022882104,0.0023034615,0.027779458,0.0017717264,5.755945,-0.8850859,4.089137,1.6395711,0.055558916,0.0035434528,0.15126832,-0.023260377,0.04799439,0.019243719,253.01704,252.60014,338.58908,-0.7544852,10.732764,0.09805
1,32,1,0.01,0.03087008,0.0038929787,0.024077209,0.0028998926,0.03119687,-0.00024095621,5.9043446,-1.0827934,4.588092,2.092279,0.06239374,-0.00048191243,0.15516832,-0.028456202,0.05385065,0.024557173,253.0839,252.8505,339.50418,-1.0094856,10.732764,0.12006105
1,33,1,0.01,0.038101204,0.0034095899,0.030585073,0.00410654,0.029195847,-0.00023196495,6.6546226,-2.0615442,5.459831,2.3265872,0.058391694,-0.0004639299,0.17488588,-0.054178134,0.06408229,0.027307257,253.11679,253.07208,339.25403,-0.26504302,10.735396,0.20863166
1,34,1,0.01,0.03200053,0.002792379,0.026041111,0.003167041,0.026421482,0.0022567613,6.1404247,-1.9874324,4.794773,2.1219833,0.052842963,0.0045135226,0.16137259,-0.05223044,0.05627647,0.024905812,253.13152,253.05281,339.34903,-0.13455093,10.735396,0.19243786
1,35,1,0.01,0.03275218,0.003494711,0.026491173,0.0027662937,0.02955804,0.00032569325,6.1932597,-2.3384206,4.481159,1.8883203,0.05911608,0.0006513865,0.16276109,-0.06145453,0.052595567,0.022163302,253.12157,252.93593,339.66013,0.4501003,10.736604,0.22058195
1,36,1,0.01,0.03321305,0.0036398163,0.026924167,0.0026490635,0.030165445,4.3660402e-6,6.2436676,-2.042258,4.38518,1.7313349,0.06033089,8.7320805e-6,0.16408585,-0.05367128,0.051469054,0.020320758,253.0735,252.78928,338.67,0.3109231,10.736604,0.19142477
1,37,1,0.01,0.029318701,0.0026986205,0.024008397,0.002611683,0.025974125,0.0023490137,5.8959026,-1.8821774,4.3541303,1.1333749,0.05194825,0.0046980274,0.15494643,-0.049464293,0.051104628,0.013302475,253.10997,252.89798,339.0692,0.7488024,10.736814,0.16077027
1,38,1,0.01,0.03258878,0.0033082694,0.025755066,0.0035254445,0.02875878,0.00015371774,6.1066074,-2.1584592,5.058807,1.5487638,0.05751756,0.0003074355,0.16048385,-0.056725092,0.059375454,0.01817791,253.15677,253.02658,339.87582,0.60969543,10.736814,0.1984976
1,39,1,0.01,0.029288325,0.0030387535,0.022938143,0.0033114294,0.027562445,1.9764433e-5,5.7629895,-1.3327532,4.902855,0.4604412,0.05512489,3.9528866e-5,0.15145344,-0.035025235,0.05754502,0.0054042195,253.13927,253.05824,339.22913,0.87231195,10.736763,0.12996824
1,40,1,0.01,0.02594979,0.0025406505,0.020595012,0.0028141267,0.025202433,0.0023841478,5.460717,-1.3530532,4.519736,0.193478,0.050404865,0.0047682957,0.14350963,-0.03555873,0.053048342,0.0022708592,253.11375,252.90826,339.12152,1.1595752,10.736763,0.11953169
1,41,1,0.01,0.026526302,0.0027739774,0.020136656,0.003615667,0.02633428,3.8533803e-5,5.3996096,-0.44162163,5.123131,-0.4241242,0.05266856,7.7067605e-5,0.14190368,-0.011605974,0.060130417,-0.0049779657,253.0904,252.68365,339.57303,0.86574584,10.737169,0.09740378
1,42,1,0.01,0.030912993,0.0028958714,0.023541322,0.0044758003,0.02690665,-0.0002473748,5.8382688,-0.45283636,5.700022,-0.34620366,0.0538133,-0.0004947496,0.15343182,-0.011900707,0.06690142,-0.0040634093,253.07744,252.67456,338.91016,0.79904,10.737169,0.11903905
1,43,1,0.01,0.027603205,0.0026241657,0.021131204,0.0038478354,0.025613306,0.0020619247,5.531346,0.8026405,5.285054,-1.6107193,0.051226612,0.0041238493,0.14536576,0.021093687,0.062030923,-0.018905086,253.12729,252.85144,338.982,0.8080788,10.737713,0.08731294
1,44,1,0.01,0.027265811,0.003078377,0.020204276,0.003983158,0.027741563,-5.84851e-5,5.408668,0.83138883,5.3771853,-1.4208753,0.055483125,-0.0001169702,0.14214174,0.02184919,0.06311227,-0.016676877,253.19951,253.1134,339.70273,0.5894865,10.737713,0.0883371
1,45,1,0.01,0.027779132,0.003164152,0.020359812,0.004255167,0.028125398,-0.00022357296,5.4294467,1.8786569,5.5577564,-2.1494858,0.056250796,-0.00044714593,0.14268781,0.049371783,0.06523164,-0.02522861,253.18123,253.06801,339.17,0.27082896,10.738828,0.14955442
1,46,1,0.01,0.027046472,0.0024029082,0.020686569,0.003956995,0.024509734,0.0021775363,5.4728413,1.9077269,5.3594966,-2.3227623,0.049019467,0.0043550725,0.14382826,0.050135747,0.06290465,-0.027262365,253.17375,252.99637,338.8668,0.41503537,10.738828,0.15131825
1,47,1,0.01,0.026677908,0.002599575,0.019945085,0.004133249,0.025493015,0.00047119288,5.373863,2.4275358,5.477558,-2.338262,0.05098603,0.00094238576,0.14122707,0.06379651,0.06429035,-0.02744429,253.22408,253.22891,339.3839,-0.08927369,10.740205,0.18708612
1,48,1,0.01,0.029624186,0.0033234667,0.021786053,0.0045146653,0.028824758,-0.0002971154,5.616399,2.4336603,5.724716,-2.200724,0.057649516,-0.0005942308,0.147601,0.06395747,0.06719126,-0.025829999,253.26898,253.49756,338.99463,-0.23293638,10.740205,0.18161975
1,49,1,0.01,0.02641982,0.0026204032,0.01969737,0.004102047,0.025594937,0.003190515,5.3403873,1.9165208,5.4568443,-2.0126712,0.051189873,0.00638103,0.14034732,0.05036686,0.064047225,-0.02362281,253.36743,253.81944,339.84485,0.0961504,10.742175,0.13264257
1,50,1,0.01,0.027250055,0.0028990412,0.020267626,0.004083387,0.026921373,0.0009802144,5.4171405,1.884093,5.4444184,-1.7217165,0.053842746,0.001960429,0.14236441,0.049514636,0.06390139,-0.020207865,253.43889,254.17775,340.86893,-0.16237652,10.742175,0.13859677
1,51,1,0.01,0.025583485,0.0026003867,0.018916788,0.0040663104,0.025496993,0.0015984542,5.2335014,1.1643256,5.433022,-1.3094299,0.050993986,0.0031969084,0.13753831,0.030598894,0.06376763,-0.015368839,253.40828,254.13498,340.26538,0.14510429,10.743741,0.10501091
1,52,1,0.01,0.026016371,0.002566389,0.019531243,0.0039187386,0.02532977,0.0038016057,5.3178196,1.4558196,5.3335257,-1.5016512,0.05065954,0.0076032113,0.13975422,0.03825946,0.06259983,-0.017624946,253.37602,253.9014,339.79315,0.04583156,10.743741,0.1104626
1,53,1,0.01,0.02662143,0.0026070075,0.020216754,0.0037976669,0.025529431,0.0024949675,5.4103374,0.5810967,5.2504873,-0.5835922,0.051058862,0.004989935,0.14218563,0.015271431,0.061625212,-0.0068496503,253.37619,253.79259,340.2398,0.0024954677,10.744245,0.09674495
1,54,1,0.01,0.026367573,0.0029132203,0.019718317,0.0037360354,0.026987128,0.0019867418,5.343227,0.5111901,5.207709,-0.7423145,0.053974256,0.0039734836,0.14042193,0.013434262,0.061123118,-0.00871258,253.31747,253.62473,339.4042,0.2311244,10.744245,0.09329846
1,55,1,0.01,0.021685168,0.00255666,0.016073754,0.0030547546,0.025281712,0.005213515,4.824222,-0.43283775,4.709007,-0.33230937,0.050563425,0.01042703,0.12678231,-0.011375128,0.055269834,-0.0039003305,253.28325,253.40996,339.02078,0.7651471,10.743324,0.06606858
1,56,1,0.01,0.022302223,0.0026276447,0.016745795,0.0029287846,0.025630279,0.0035505714,4.92404,-0.42291665,4.610892,-0.15342142,0.051260557,0.007101143,0.12940554,-0.0111144,0.054118246,-0.0018007156,253.30563,253.45609,339.4615,0.57633805,10.743324,0.0639086
1,57,1,0.01,0.023786778,0.0027159764,0.01771949,0.00335131,0.026057515,0.003591361,5.065173,-0.58951956,4.932289,0.45329455,0.05211503,0.007182722,0.13311458,-0.015492788,0.0578905,0.005320337,253.30269,253.50423,338.9057,0.13622501,10.740985,0.07463689
1,58,1,0.01,0.02302274,0.002832183,0.017156862,0.0030336943,0.026609128,0.005764879,4.98411,-0.44722825,4.692747,0.30707064,0.053218257,0.011529758,0.1309842,-0.01175332,0.055078983,0.0036041026,253.31932,253.42326,338.741,0.14015761,10.740985,0.059811115
1,59,1,0.01,0.023917587,0.0028381692,0.01793354,0.0031458796,0.026637236,0.0042985776,5.0956745,-0.9150054,4.7787275,0.99136114,0.05327447,0.008597155,0.13391617,-0.02404667,0.056088142,0.011635649,253.4092,253.73639,339.48123,-0.076355755,10.737629,0.10332154
1,60,1,0.01,0.025157109,0.003354006,0.018168988,0.0036341166,0.02895689,0.003730208,5.129016,-1.022357,5.136184,1.0273907,0.05791378,0.007460416,0.13479239,-0.02686791,0.060283635,0.01205853,253.46484,254.10518,339.3327,-0.0050337315,10.737629,0.11022054
1,61,1,0.01,0.02219493,0.0027986877,0.016039416,0.0033568246,0.026451312,0.0063395165,4.8190665,-1.2975497,4.9363456,1.0486017,0.052902624,0.012679033,0.12664682,-0.034100074,0.05793811,0.012307488,253.48639,254.17772,339.82343,0.24894798,10.733382,0.120492786
1,62,1,0.01,0.022932775,0.0027682683,0.016587906,0.0035766005,0.026307167,0.0042419317,4.9007716,-1.2084792,5.095378,1.3516756,0.052614335,0.008483863,0.12879404,-0.031759266,0.059804685,0.015864678,253.49522,254.16106,340.33054,-0.14319646,10.733382,0.1286336
1,63,1,0.01,0.022098262,0.0028319084,0.015440776,0.003825578,0.02660784,0.0033257,4.7282805,-1.0403788,5.269747,1.2118765,0.05321568,0.0066514,0.12426092,-0.027341528,0.061851256,0.0142238485,253.45528,254.0971,339.6249,-0.1714977,10.728034,0.0907922
1,64,1,0.01,0.020972323,0.002559039,0.015074876,0.003338408,0.025293473,0.00593633,4.6719213,-1.1013037,4.9227853,1.0458857,0.050586946,0.01187266,0.12277979,-0.028942654,0.05777896,0.012275608,253.4345,253.90192,339.5603,0.055418015,10.728034,0.101091914
1,65,1,0.01,0.019641137,0.0022861569,0.014205341,0.0031496373,0.023906887,0.0031181863,4.5351796,-0.8994465,4.781581,0.9249024,0.047813773,0.0062363725,0.11918616,-0.02363778,0.05612163,0.010855621,253.47455,253.99077,339.9431,-0.025455892,10.722702,0.09352733
1,66,1,0.01,0.020696789,0.0026189552,0.0146085275,0.003469306,0.025587864,0.0026971123,4.59909,-0.86873674,5.018368,0.96310014,0.05117573,0.0053942245,0.12086574,-0.022830715,0.058900815,0.01130395,253.48686,254.12756,339.46622,-0.09436339,10.722702,0.08646541
1,67,1,0.01,0.018918661,0.0020676376,0.014046596,0.0028044262,0.022735642,0.00439209,4.5097685,-0.45688882,4.511939,0.26666242,0.045471285,0.00878418,0.11851834,-0.012007204,0.052956834,0.0031298283,253.52942,254.2558,339.74988,0.1902264,10.71826,0.06680773
1,68,1,0.01,0.018716086,0.0022469726,0.013591316,0.0028777972,0.023701122,0.0021898753,4.4360805,-0.42243338,4.5705795,0.4501549,0.047402244,0.0043797507,0.1165818,-0.011101702,0.053645104,0.0052834875,253.60204,254.5175,340.45123,-0.027721524,10.71826,0.07134127
1,69,1,0.01,0.020276845,0.0027201918,0.014240183,0.00331647,0.026077729,0.0006650425,4.540738,0.4648273,4.906584,-0.24615014,0.052155457,0.001330085,0.11933224,0.012215829,0.0575888,-0.0028890755,253.628,254.77216,340.18396,-0.21867716,10.715148,0.06174847
1,70,1,0.01,0.018973203,0.0019433936,0.013887528,0.003142281,0.022041969,0.0034753385,4.4841604,0.36066428,4.7759933,-0.48781028,0.044083938,0.006950677,0.11784536,0.009478389,0.056056052,-0.0057254513,253.68703,255.05054,340.61624,0.127146,10.715148,0.052206095
1,71,1,0.01,0.019956598,0.002365933,0.014597298,0.002993368,0.02432043,0.0007310401,4.5973215,1.1617376,4.6614523,-0.91480553,0.04864086,0.0014620802,0.12081928,0.030530887,0.05471168,-0.0107371155,253.74178,255.30138,341.20108,-0.24693203,10.713214,0.10843518
1,72,1,0.01,0.020760838,0.002781427,0.0151631255,0.0028162862,0.026369618,0.0004544393,4.6855764,1.3829582,4.5214696,-1.0221475,0.052739237,0.0009088786,0.123138644,0.03634464,0.053068694,-0.011996996,253.69377,255.16707,340.3728,-0.36081064,10.713214,0.11938563
1,73,1,0.01,0.01811019,0.0018106836,0.013304967,0.0029945392,0.021276064,0.002101361,4.3891015,1.4876552,4.6623645,-1.4039576,0.04255213,0.004202722,0.11534716,0.03909612,0.054722384,-0.016478315,253.67485,254.99457,340.17606,-0.08369756,10.711968,0.11772179
1,74,1,0.01,0.019539127,0.0022023853,0.014227326,0.003109416,0.02346479,0.00012939412,4.538688,1.650103,4.750952,-1.3159932,0.04692958,0.00025878823,0.11927836,0.0433653,0.05576214,-0.015445872,253.69328,254.99644,340.6224,-0.33410978,10.711968,0.13262483
1,75,1,0.01,0.018972496,0.0028347361,0.013470978,0.0026667828,0.02662112,-0.00061199284,4.416398,0.99466145,4.3998213,-1.3034259,0.05324224,-0.0012239857,0.11606454,0.026140064,0.0516409,-0.015298369,253.65706,254.94334,339.96402,0.30876446,10.710947,0.07972745
1,76,1,0.01,0.017912893,0.0017723057,0.013580747,0.0025598404,0.02104938,0.0017741602,4.4343553,0.7492642,4.3106985,-1.3684597,0.04209876,0.0035483204,0.11653646,0.019690935,0.050594866,-0.016061675,253.6261,254.75406,339.72412,0.6191955,10.710947,0.06361719
1,77,1,0.01,0.017732436,0.0020561505,0.013415549,0.0022607355,0.022672398,-0.000112719536,4.4073033,-0.15711798,4.051036,-0.79777366,0.045344796,-0.00022543907,0.11582551,-0.0041291113,0.04754719,-0.009363504,253.61404,254.61707,340.27335,0.9548916,10.710345,0.10539673
1,78,1,0.01,0.016286744,0.002226755,0.011784823,0.0022751656,0.023594253,-0.00035731177,4.130762,-0.13050874,4.0639443,-0.7155898,0.047188506,-0.00071462354,0.108557925,-0.003429815,0.047698695,-0.008398911,253.55194,254.39061,339.64725,0.84609854,10.710345,0.10025712
1,79,1,0.01,0.013035612,0.0015934242,0.009157565,0.0022846228,0.01995886,0.002169993,3.6413186,-0.44817954,4.0723815,-0.2836003,0.03991772,0.004339986,0.09569517,-0.011778321,0.04779773,-0.0033286305,253.55086,254.30565,339.6729,0.7317798,10.709532,0.042766366
1,80,1,0.01,0.014085143,0.0019537727,0.009518604,0.0026127668,0.02210075,0.000329844,3.7124047,-0.2721429,4.355034,-0.12315623,0.0442015,0.000659688,0.097563334,-0.0071520144,0.05111523,-0.0014454908,253.54189,254.15712,339.9293,0.3952991,10.709532,0.040676273
1,81,1,0.01,0.015346844,0.002417594,0.010448957,0.0024802927,0.024584517,0.0001308182,3.8896015,-0.284166,4.243192,0.13887364,0.049169034,0.0002616364,0.10222014,-0.007467985,0.049802538,0.001629966,253.48416,254.00568,338.9011,0.14529237,10.708932,0.04775288
1,82,1,0.01,0.0136964535,0.0015990569,0.009655317,0.0024420794,0.019994104,0.002370961,3.7389696,-0.48046365,4.210378,-0.087380186,0.03998821,0.004741922,0.098261476,-0.012626758,0.0494174,-0.0010255858,253.46033,253.89197,339.01956,0.56784385,10.708932,0.058485452
1,83,1,0.01,0.01458389,0.0019222107,0.010423109,0.0022385707,0.021921512,0.0002998439,3.8847876,-0.79756695,4.0311284,0.46531442,0.043843023,0.0005996878,0.10209363,-0.020960348,0.047313537,0.005461417,253.44044,253.7813,339.47696,0.33225253,10.70881,0.09293976
1,84,1,0.01,0.015686115,0.0022272342,0.011486555,0.0019723244,0.023596792,0.00016812475,4.0781536,-0.7934438,3.783819,0.45432264,0.047193583,0.0003362495,0.10717535,-0.020851992,0.04441086,0.0053324066,253.38174,253.58669,338.7717,0.33912116,10.70881,0.09657826
1,85,1,0.01,0.014366926,0.0015986937,0.010663874,0.0021043578,0.019991834,0.002638787,3.9293993,-1.1137031,3.9084182,0.39111802,0.039983667,0.005277574,0.10326604,-0.02926852,0.04587328,0.0045905705,253.36684,253.48698,338.6952,0.7225851,10.70925,0.08640981
1,86,1,0.01,0.014469866,0.001861451,0.010274343,0.0023340713,0.021572268,0.00061506155,3.8569655,-1.0992562,4.1162176,0.68211085,0.043144535,0.0012301231,0.10136244,-0.028888842,0.04831223,0.008005966,253.38092,253.40073,339.05,0.4171453,10.70925,0.084679626
1,87,1,0.01,0.014765908,0.0021124557,0.010388822,0.00226463,0.02298073,0.00028501835,3.8783934,-0.8031822,4.0545235,0.55588627,0.04596146,0.0005700367,0.101925574,-0.02110792,0.04758813,0.006524462,253.39629,253.50267,338.47607,0.24729592,10.709964,0.08518169
1,88,1,0.01,0.016554398,0.0016467398,0.012155157,0.0027525022,0.02029002,0.0027485192,4.195164,-0.9572045,4.4699745,0.37015432,0.04058004,0.0054970384,0.11025043,-0.025155678,0.052464295,0.0043445188,253.44377,253.66138,338.6897,0.5870502,10.709964,0.09686322
1,89,1,0.01,0.016113883,0.0018784914,0.011492754,0.002742637,0.021670783,0.00028490997,4.0792537,-0.2476318,4.461957,0.26706833,0.043341566,0.00056981994,0.107204266,-0.0065078507,0.05237019,0.0031345922,253.47455,253.7558,339.38644,-0.019436523,10.710022,0.058252767
1,90,1,0.01,0.015844947,0.0023737883,0.011066022,0.0024051366,0.024360768,-0.0002417179,4.002805,-0.020951454,4.17841,0.23126364,0.048721537,-0.0004834358,0.105195165,-0.00055061147,0.04904219,0.0027143527,253.41966,253.62744,338.644,-0.21031219,10.710022,0.054872066
1,91,1,0.01,0.013134022,0.0015389716,0.008917039,0.0026780118,0.019614864,0.0016768338,3.5931802,0.68653274,4.409075,-0.3452863,0.03922973,0.0033536677,0.094430074,0.01804233,0.05174951,-0.0040526413,253.39513,253.468,338.63794,-0.34124643,10.709777,0.058209945
1,92,1,0.01,0.013469125,0.0018226379,0.008870322,0.0027761653,0.021346182,-5.3081174e-5,3.5837555,0.6423044,4.4891477,-0.14988966,0.042692363,-0.00010616235,0.09418239,0.016879993,0.05268933,-0.0017592618,253.38538,253.38133,338.98975,-0.49241477,10.709777,0.06245379
1,93,1,0.01,0.016069103,0.0020400202,0.011372192,0.0026568915,0.022583291,-0.000473721,4.0578017,1.1994576,4.391654,-0.326582,0.045166582,-0.000947442,0.10664048,0.03152218,0.051545043,-0.0038331086,253.32576,253.17395,338.09903,-0.87287563,10.708038,0.10915082
1,94,1,0.01,0.016516298,0.0015146212,0.011929965,0.0030717116,0.019459067,0.0016959505,4.1561213,1.242859,4.722059,-0.49287546,0.038918134,0.003391901,0.10922438,0.032662783,0.055423025,-0.005784902,253.29066,252.94193,338.04428,-0.74998355,10.708038,0.118105
1,95,1,0.01,0.014987679,0.0017441398,0.010915518,0.0023280217,0.02088145,-0.00031161844,3.9754915,1.0197586,4.110879,-0.512678,0.0417629,-0.0006232369,0.10447735,0.026799623,0.048249576,-0.0060173236,253.2491,252.73807,338.39307,-0.50708055,10.704796,0.08466464
1,96,1,0.01,0.015312378,0.001963098,0.011096851,0.0022524288,0.022153432,-0.00046832394,4.008377,1.0062239,4.0435863,-0.71949106,0.044306863,-0.0009366479,0.10534159,0.026443927,0.04745976,-0.008444699,253.15596,252.40909,337.53235,-0.28673285,10.704796,0.08740292
1,97,1,0.01,0.01452798,0.0014035212,0.010677386,0.0024470738,0.018731799,0.0021769116,3.931888,0.33352923,4.214681,-0.7103901,0.037463598,0.004353823,0.10333144,0.008765265,0.049467906,-0.008337882,253.12857,252.24692,337.35098,0.37686086,10.70021,0.09035537
1,98,1,0.01,0.014554373,0.0016649441,0.010273021,0.0026164085,0.020401863,0.00018883406,3.8567166,0.41751274,4.358067,-0.4366645,0.040803727,0.00037766813,0.10135591,0.010972386,0.05115084,-0.005125151,253.12784,252.19397,337.72452,0.019151747,10.70021,0.08155128
1,99,1,0.01,0.0130759,0.0017190042,0.009398403,0.0019584931,0.020730438,0.00046106827,3.6888902,0.13483332,3.7705286,-0.20499471,0.041460875,0.00092213653,0.09694536,0.0035434694,0.044254865,-0.002406032,253.0924,252.06464,337.34137,0.07016139,10.694562,0.07912807
1,100,1,0.01,0.012172433,0.0014377804,0.008962595,0.0017720573,0.018959038,0.0027884233,3.602347,-0.087535605,3.5865762,-0.27099732,0.037918076,0.0055768467,0.09467098,-0.002300467,0.04209581,-0.0031807076,253.12997,252.20535,337.58066,0.3585329,10.694562,0.09306294
2,1,1,0.0069999998,0.11864872,0.0031522545,0.079837926,0.03565855,0.02807247,0.0061582658,10.751605,-0.6361432,16.088778,-2.3827474,0.05614494,0.0123165315,0.28255606,-0.01671805,0.18883471,-0.027966423,251.83539,247.85886,332.28345,3.0188906,10.6883,0.8894794
2,2,1,0.0069999998,0.12129004,0.0032001259,0.081919335,0.036170583,0.028284827,0.0041588447,10.890852,-0.7547891,16.203878,-2.322733,0.056569654,0.008317689,0.28621554,-0.019836122,0.19018565,-0.027262006,251.88388,248.02882,332.88132,3.077522,10.6883,0.9073532
2,3,1,0.0069999998,0.07659463,0.0026945516,0.047735676,0.0261644,0.025954535,0.0042564217,8.313621,-1.0796196,13.781504,-1.4343866,0.05190907,0.008512843,0.21848495,-0.02837278,0.16175413,-0.01683546,251.91,248.2467,332.40515,2.5140061,10.677545,0.5529417
2,4,1,0.0069999998,0.07237657,0.002829745,0.044098422,0.025448404,0.026597673,0.0057927743,7.9906144,-0.97024137,13.591628,-1.5561619,0.053195346,0.0115855485,0.20999624,-0.025498284,0.15952556,-0.018264739,251.94832,248.44318,333.03787,2.5264032,10.677545,0.55590993
2,5,1,0.0069999998,0.036608532,0.002366666,0.020005789,0.014236076,0.024324195,0.003501234,5.3820353,-1.1682118,10.165679,0.1349586,0.04864839,0.007002468,0.14144182,-0.030701019,0.11931503,0.0015840121,251.96118,248.50761,333.7361,1.0332532,10.665928,0.2283605
2,6,1,0.0069999998,0.036404386,0.0020017137,0.020295493,0.014107181,0.022370258,0.0036052899,5.4208646,-0.9079719,10.119554,-0.13179494,0.044740517,0.0072105797,0.14246225,-0.023861827,0.118773654,-0.0015468838,251.89285,248.21808,332.8349,1.0397669,10.665928,0.239282
2,7,1,0.0069999998,0.024286728,0.002081119,0.014668643,0.007536966,0.022809641,0.005129233,4.608543,-0.8906555,7.3967257,1.1595416,0.045619283,0.010258466,0.12111417,-0.02340675,0.0868157,0.013609601,251.89742,248.08156,333.15805,-0.2688861,10.656576,0.17921934
2,8,1,0.0069999998,0.024652861,0.0019340201,0.0153161315,0.0074027083,0.021988748,0.0030763943,4.709158,-0.9959433,7.3305497,1.4756405,0.043977495,0.0061527886,0.12375836,-0.02617375,0.08603899,0.017319655,251.92873,248.15862,333.80078,-0.47969723,10.656576,0.1879612
2,9,1,0.0069999998,0.03071444,0.0016080154,0.024020163,0.0050862595,0.020050034,0.002965779,5.8973465,-0.053893466,6.0763173,1.914712,0.040100068,0.005931558,0.1549844,-0.00141634,0.071318015,0.022473061,251.89647,248.06932,333.10226,-1.8608185,10.64975,0.24467339
2,10,1,0.0069999998,0.031353313,0.0019475694,0.024308983,0.00509676,0.022065638,0.004533976,5.932696,-0.11754801,6.082586,1.94931,0.044131275,0.009067952,0.15591338,-0.003089207,0.0713916,0.022879142,251.9094,247.99728,333.21744,-1.831762,10.64975,0.24801366
2,11,1,0.0069999998,0.037684426,0.0020361207,0.030049207,0.005599098,0.022561697,0.0016954027,6.5960693,0.57657665,6.375294,2.3199785,0.045123395,0.0033908053,0.17334707,0.015152638,0.07482712,0.027229693,251.98029,248.35457,333.8621,-2.8965552,10.642795,0.2787385
2,12,1,0.0069999998,0.036135398,0.0017455723,0.028760707,0.0056291185,0.020890024,0.0018879547,6.453101,0.6958106,6.392362,2.1600018,0.041780047,0.0037759093,0.16958982,0.01828615,0.07502745,0.025352035,252.0198,248.66779,333.46036,-2.8558123,10.642795,0.25877428
2,13,1,0.0069999998,0.037069075,0.0019859113,0.02842626,0.006656902,0.022281783,0.0028910418,6.415471,1.072679,6.95148,2.1682878,0.044563565,0.0057820836,0.16860089,0.028190397,0.08158984,0.025449295,252.09377,248.94327,334.0267,-3.2409668,10.634384,0.24230441
2,14,1,0.0069999998,0.035188984,0.00204005,0.026200715,0.006948219,0.022583457,0.00089133345,6.159213,0.9941015,7.1019564,2.299807,0.045166913,0.0017826669,0.16186635,0.02612535,0.08335598,0.026992943,252.19284,249.38634,335.09607,-3.2939086,10.634384,0.2384479
2,15,1,0.0069999998,0.02880013,0.0016993005,0.019504875,0.0075959535,0.020611286,0.0001741839,5.314229,1.3236349,7.4256144,2.0268936,0.041222572,0.0003483678,0.13965985,0.034785602,0.08715477,0.023789745,252.20439,249.39117,334.44394,-3.3505285,10.625147,0.17913967
2,16,1,0.0069999998,0.028102465,0.0018513493,0.018921789,0.007329325,0.021513654,0.0019723626,5.2341933,1.1688671,7.294125,2.0380354,0.043027308,0.0039447253,0.1375565,0.03071826,0.08561148,0.023920517,252.24254,249.52904,334.74753,-3.2069025,10.625147,0.17914547
2,17,1,0.0069999998,0.02304366,0.0020465637,0.013425861,0.007571236,0.02261948,-0.00051463756,4.4089966,0.9914662,7.413522,2.0260944,0.04523896,-0.0010292751,0.115870014,0.026056087,0.08701285,0.02378036,252.23497,249.54715,335.34244,-3.0175607,10.61626,0.1266348
2,18,1,0.0069999998,0.02526338,0.0018228173,0.015950842,0.0074897194,0.021347232,-0.0003569175,4.8057423,1.2722836,7.373505,1.9551501,0.042694464,-0.000713835,0.12629664,0.033436067,0.086543165,0.022947688,252.16496,249.25803,334.542,-3.2274337,10.61626,0.12572959
2,19,1,0.0069999998,0.025014583,0.0017948127,0.016041575,0.0071781944,0.021182615,0.0012412717,4.8193913,0.6993121,7.2185316,1.6455845,0.04236523,0.0024825435,0.12665534,0.01837817,0.084724225,0.019314304,252.1368,249.03879,334.54327,-2.3448966,10.608607,0.09190546
2,20,1,0.0069999998,0.023059545,0.0021381853,0.013450481,0.007470879,0.023120258,-0.0010768184,4.413037,0.64460695,7.364225,1.7700229,0.046240516,-0.002153637,0.11597621,0.016940506,0.086434245,0.02077484,252.14938,249.00813,335.02792,-2.41463,10.608607,0.09166693
2,21,1,0.0069999998,0.020111978,0.0018385211,0.011807832,0.006465625,0.02143899,-0.0010441188,4.134793,0.17464685,6.850882,1.2359697,0.04287798,-0.0020882376,0.10866385,0.004589782,0.08040911,0.014506633,252.15353,249.14801,334.48532,-1.4106165,10.602524,0.086679816
2,22,1,0.0069999998,0.021130454,0.0019331215,0.012585874,0.0066114585,0.021983638,0.00091287115,4.2688446,0.103746146,6.9277124,1.255788,0.043967277,0.0018257423,0.11218678,0.002726486,0.081310876,0.0147392405,252.18513,249.26833,334.96103,-1.3595341,10.602524,0.09798111
2,23,1,0.0069999998,0.02047881,0.0022333525,0.012775596,0.005469861,0.02362918,-0.0009291301,4.300899,-0.3638417,6.301289,0.90504307,0.04725836,-0.0018582602,0.11302918,-0.009561892,0.07395851,0.010622533,252.24117,249.41754,335.58878,-0.54120135,10.59773,0.10685417
2,24,1,0.0069999998,0.021053744,0.001732217,0.0137351975,0.0055863294,0.020809956,-0.00046586464,4.4595,-0.30630684,6.3680215,0.82399786,0.04161991,-0.0009317293,0.11719726,-0.008049855,0.07474175,0.009671301,252.25586,249.54399,335.02374,-0.517691,10.59773,0.107762255
2,25,1,0.0069999998,0.019454101,0.0016383278,0.013746948,0.004068825,0.020238131,0.0016243302,4.4614067,-0.60747796,5.4347024,0.20045201,0.040476263,0.0032486604,0.11724738,-0.01596474,0.06378734,0.0023527157,252.26038,249.53212,334.9776,0.40702593,10.593748,0.10120953
2,26,1,0.0069999998,0.019386454,0.0020197895,0.013159125,0.004207539,0.022471035,-0.00046961912,4.3649793,-0.65556306,5.5265646,0.36376336,0.04494207,-0.00093923823,0.11471323,-0.017228434,0.064865544,0.0042695026,252.30585,249.6766,335.75858,0.2917997,10.593748,0.09948971
2,27,1,0.0069999998,0.01861696,0.0015918615,0.014044746,0.0029803505,0.01994907,8.50857e-5,4.509471,-0.6061818,4.651306,-0.4403224,0.03989814,0.0001701714,0.11851053,-0.015930679,0.054592587,-0.0051680864,252.29579,249.68431,335.32034,1.0465043,10.590179,0.07825844
2,28,1,0.0069999998,0.018418074,0.0016740452,0.013390626,0.0033534032,0.020457549,0.0017886529,4.4032073,-0.59830576,4.9338293,-0.45438778,0.040915098,0.0035773057,0.11571787,-0.015723692,0.057908576,-0.0053331754,252.297,249.60886,335.37253,1.0526936,10.590179,0.08073234
2,29,1,0.0069999998,0.015779693,0.001843487,0.011135889,0.0028003165,0.021467924,0.00044204615,4.0154214,-0.6624797,4.508632,-0.93364185,0.04293585,0.0008840923,0.10552672,-0.017410206,0.052918017,-0.0109581975,252.33504,249.6761,336.0152,1.5961215,10.586748,0.064708345
2,30,1,0.0069999998,0.018325632,0.0017706361,0.013815283,0.0027397135,0.021039464,0.000385251,4.4724813,-0.6445838,4.4595785,-1.0429353,0.042078927,0.000770502,0.11753843,-0.016939895,0.052342273,-0.01224098,252.34799,249.78035,335.36707,1.6875191,10.586748,0.06594463
2,31,1,0.0069999998,0.020141086,0.0017636007,0.015818667,0.0025588183,0.020997623,0.003058156,4.78579,-0.70373905,4.309838,-1.6258411,0.041995246,0.006116312,0.12577228,-0.018494517,0.050584763,-0.019082569,252.37709,249.89754,335.55728,2.3295803,10.583168,0.07580623
2,32,1,0.0069999998,0.0198191,0.0018358903,0.015235182,0.0027480277,0.021423645,0.0008345285,4.6966963,-0.8609867,4.4663396,-1.380618,0.04284729,0.001669057,0.12343088,-0.022627043,0.052421633,-0.016204374,252.402,249.91367,336.41928,2.2416048,10.583168,0.079890214
2,33,1,0.0069999998,0.019975968,0.0017855794,0.015174066,0.0030163229,0.021128058,0.0013124669,4.6872663,-0.6479577,4.6792917,-1.9687006,0.042256117,0.0026249338,0.12318306,-0.01702856,0.05492106,-0.023106731,252.37552,249.85277,335.8031,2.6166582,10.57928,0.088668115
2,34,1,0.0069999998,0.01968055,0.0019467328,0.014494326,0.0032394924,0.022060897,0.003325235,4.581078,-0.70126206,4.849307,-2.0093832,0.044121794,0.00665047,0.12039238,-0.018429423,0.05691654,-0.02358422,252.39401,249.92342,335.9977,2.7106452,10.57928,0.085290045
2,35,1,0.0069999998,0.018854557,0.0020804172,0.013094599,0.0036795407,0.022805795,0.0016257227,4.3542643,-0.59891564,5.168185,-2.070231,0.04561159,0.0032514455,0.114431635,-0.015739715,0.06065922,-0.024298396,252.43553,250.02971,336.6864,2.6691465,10.574705,0.08184249
2,36,1,0.0069999998,0.01715568,0.0020239474,0.011803244,0.00332849,0.022494152,0.0014555538,4.1339893,-0.51626855,4.9154677,-2.156483,0.044988304,0.0029111076,0.108642735,-0.013567724,0.057693068,-0.02531073,252.44695,250.15982,335.9697,2.6727514,10.574705,0.07277216
2,37,1,0.0069999998,0.015870536,0.0020351275,0.0106616095,0.0031737983,0.022556193,0.0034837213,3.9289825,-0.42076966,4.7998853,-2.2035713,0.045112386,0.0069674426,0.10325507,-0.011057982,0.056336474,-0.025863418,252.50916,250.42795,336.43362,2.624341,10.569881,0.070112176
2,38,1,0.0069999998,0.017173639,0.0019776856,0.011841502,0.00335445,0.02223559,0.0016123632,4.140683,-0.4874008,4.934599,-1.9331118,0.04447118,0.0032247263,0.108818665,-0.012809068,0.057917614,-0.022689022,252.56952,250.65578,337.3848,2.4205127,10.569881,0.078452066
2,39,1,0.0069999998,0.018915657,0.0020463516,0.01346234,0.0034069654,0.022618309,0.0012362007,4.4149823,-0.25009742,4.973076,-1.8739897,0.045236617,0.0024724014,0.116027325,-0.00657265,0.058369216,-0.021995101,252.56703,250.69489,336.75214,2.124087,10.565126,0.07597361
2,40,1,0.0069999998,0.019023994,0.0019435851,0.013528864,0.0035515442,0.022043055,0.0033042904,4.4258766,-0.2754437,5.0774984,-1.8420649,0.04408611,0.0066085807,0.116313644,-0.0072387625,0.059594832,-0.021620395,252.60985,250.84953,337.0089,2.1175086,10.565126,0.07232734
2,41,1,0.0069999998,0.016514447,0.0018820119,0.011342065,0.003290369,0.02169108,0.001267665,4.052423,-0.23576206,4.887238,-1.2004818,0.04338216,0.00253533,0.106499135,-0.0061959145,0.057361737,-0.014090114,252.68239,251.09126,337.8766,1.4362438,10.560746,0.07936653
2,42,1,0.0069999998,0.016558237,0.002078105,0.011293921,0.0031862124,0.022793118,0.0010325437,4.0438128,-0.110533744,4.809263,-1.3375503,0.045586236,0.0020650874,0.10627286,-0.0029048715,0.056446545,-0.015698891,252.66493,251.12083,337.1119,1.448084,10.560746,0.08030643
2,43,1,0.0069999998,0.015530752,0.0017951615,0.011033948,0.0027016432,0.021184674,0.0028554732,3.9969997,-0.039342128,4.4284854,-0.99736136,0.042369347,0.0057109464,0.1050426,-0.0010339257,0.051977333,-0.011706077,252.67772,251.1888,337.2011,1.0367035,10.5570545,0.09003958
2,44,1,0.0069999998,0.016730065,0.0018024823,0.011613436,0.0033141456,0.021227825,0.0011184743,4.1006155,-0.049719762,4.9048643,-0.7547495,0.04245565,0.0022369486,0.10776565,-0.0013066542,0.057568617,-0.008858528,252.71782,251.2554,337.9701,0.8044692,10.5570545,0.09627103
2,45,1,0.0069999998,0.01643269,0.0020901852,0.011550382,0.0027921225,0.022859272,0.00048981747,4.0894685,0.078545846,4.502031,-0.27000704,0.045718543,0.0009796349,0.1074727,0.0020642143,0.05284054,-0.0031690851,252.71217,251.30345,337.32614,0.1914612,10.554305,0.08214978
2,46,1,0.0069999998,0.015743293,0.0018026114,0.011297956,0.0026427263,0.021228585,0.002612287,4.0445347,-0.07951713,4.3799314,-0.277481,0.04245717,0.005224574,0.106291845,-0.0020897358,0.051407453,-0.0032568073,252.78908,251.6866,337.76926,0.35699812,10.554305,0.07803266
2,47,1,0.0069999998,0.014359222,0.0019175035,0.009985435,0.002456283,0.021894654,0.0006882448,3.8023508,-0.13057631,4.2226048,0.5125083,0.04378931,0.0013764896,0.09992715,-0.0034315947,0.0495609,0.0060153343,252.8836,252.04971,338.87012,-0.38193196,10.552586,0.060423378
2,48,1,0.0069999998,0.015687734,0.0017543929,0.011304643,0.0026286973,0.020942736,0.0004042045,4.045732,-0.002460711,4.3682904,0.5396195,0.041885473,0.000808409,0.106323294,-6.467405e-5,0.051270824,0.0063335397,252.90451,252.10144,338.29388,-0.5371588,10.552586,0.07013485
2,49,1,0.0069999998,0.014496403,0.0017105582,0.0104762595,0.002309585,0.020679448,0.0023130658,3.8946805,0.12171462,4.0945687,0.8829379,0.041358896,0.0046261316,0.1023536,0.0031987038,0.04805814,0.010363082,252.95258,252.3785,338.46796,-1.0046525,10.55193,0.05572455
2,50,1,0.0069999998,0.013972027,0.001875853,0.009368108,0.0027280664,0.02165556,0.0005011659,3.6829402,0.15215579,4.4500885,1.1418862,0.04331112,0.0010023318,0.09678899,0.0039987033,0.052230895,0.013402373,252.99527,252.53764,339.24692,-1.294042,10.55193,0.05760815
2,51,1,0.0069999998,0.014291696,0.002227772,0.009573286,0.0024906378,0.02359964,-3.598194e-5,3.7230527,0.25995794,4.252032,1.407929,0.04719928,-7.196388e-5,0.09784317,0.006831787,0.04990629,0.016524928,253.0083,252.65498,338.81503,-1.6678869,10.552266,0.04588783
2,52,1,0.0069999998,0.013995772,0.0017586743,0.009515167,0.0027219309,0.020968275,0.0021712505,3.7117345,0.18710119,4.445081,1.4342895,0.04193655,0.004342501,0.09754572,0.0049170833,0.052172128,0.016834324,253.06526,252.88434,339.14404,-1.6213906,10.552266,0.048919432
2,53,1,0.0069999998,0.014271103,0.0018471921,0.009502311,0.0029216001,0.021489486,0.00031523127,3.709226,0.027859928,4.6052327,1.8188688,0.042978972,0.00063046254,0.0974798,0.0007321684,0.054051828,0.021348147,253.11943,253.03847,339.86758,-1.8467287,10.553355,0.04693792
2,54,1,0.0069999998,0.01459483,0.0019869686,0.0095398,0.0030680615,0.022287713,-0.00016093586,3.7165353,0.10953171,4.7192526,1.7281798,0.044575427,-0.00032187172,0.097671896,0.0028785353,0.055390086,0.020283725,253.10182,252.96965,339.20264,-1.8377116,10.553355,0.0488126
2,55,1,0.0069999998,0.012238646,0.0016342212,0.007880911,0.0027235132,0.02021275,0.0018963171,3.3779783,0.16099423,4.4463735,1.5829929,0.0404255,0.0037926342,0.088774495,0.004230989,0.05218729,0.018579662,253.10861,253.01506,339.34186,-1.7439871,10.554809,0.04899787
2,56,1,0.0069999998,0.012915904,0.0017369237,0.007877799,0.0033011807,0.020838208,0.00024208555,3.3773115,0.073074766,4.895261,1.7373146,0.041676417,0.0004841711,0.08875696,0.0019204303,0.0574559,0.020390939,253.08946,252.83333,339.75433,-1.8103894,10.554809,0.057027455
2,57,1,0.0069999998,0.013384909,0.0021293429,0.008418022,0.0028375455,0.023072401,-0.00012386116,3.4911919,0.062364116,4.5385027,1.4702168,0.046144802,-0.00024772232,0.09174978,0.0016389525,0.053268615,0.017256003,253.04797,252.67026,338.84216,-1.5325809,10.556201,0.053625412
2,58,1,0.0069999998,0.014760902,0.0016838153,0.009936913,0.0031401734,0.02051716,0.0018592861,3.7931008,0.054411724,4.7743917,1.3838412,0.04103432,0.0037185722,0.09968407,0.0014299612,0.05603725,0.016242208,253.06578,252.71126,338.93118,-1.4382529,10.556201,0.054973606
2,59,1,0.0069999998,0.014608369,0.0016377459,0.009844455,0.0031261686,0.020234536,0.00011640588,3.7754133,-0.060625385,4.763733,1.4505751,0.040469073,0.00023281176,0.099219225,-0.0015932568,0.055912152,0.017025465,253.1027,252.79929,339.70462,-1.3899497,10.557506,0.056454863
2,60,1,0.0069999998,0.015297768,0.0021851389,0.010054835,0.003057794,0.023372734,-0.00069208205,3.8155413,-0.010991338,4.711349,1.3601127,0.046745468,-0.0013841641,0.1002738,-0.00028885616,0.055297323,0.015963703,253.08862,252.89128,339.01877,-1.3491213,10.557506,0.05677616
2,61,1,0.0069999998,0.014338665,0.0014586516,0.009941254,0.0029387593,0.01909615,0.0014980345,3.7939296,0.18534951,4.6187367,1.0888187,0.0381923,0.002996069,0.09970584,0.004871053,0.054210324,0.012779514,253.11238,253.00209,339.23184,-1.2741681,10.558687,0.049073927
2,62,1,0.0069999998,0.015310712,0.0015361967,0.010147946,0.003626569,0.019597173,-0.00043761783,3.8331668,0.052395117,5.1308494,1.3461547,0.039194345,-0.00087523565,0.10073701,0.001376963,0.060221,0.015799878,253.13182,252.98062,340.0688,-1.3985498,10.558687,0.0548919
2,63,1,0.0069999998,0.014610538,0.0022972526,0.008985495,0.003327791,0.023964832,-0.0012789809,3.6069465,0.074954964,4.914952,0.8575424,0.047929663,-0.0025579617,0.09479185,0.001969845,0.05768701,0.010065017,253.09543,252.84497,339.2496,-0.9324974,10.559763,0.0455923
2,64,1,0.0069999998,0.012982145,0.001355097,0.008024443,0.0036026055,0.018405821,0.001254105,3.4086008,0.16117229,5.1138687,0.84685165,0.036811642,0.00250821,0.089579254,0.004235666,0.06002171,0.009939532,253.12433,252.89966,339.23044,-1.008024,10.559763,0.047086854
2,65,1,0.0069999998,0.013577564,0.0015274175,0.008521356,0.00352879,0.019541094,-0.00023116247,3.5125544,0.15118252,5.061207,0.5774071,0.03908219,-0.00046232494,0.09231119,0.0039731325,0.05940362,0.006777054,253.15877,252.90764,339.71387,-0.72858965,10.560948,0.05090973
2,66,1,0.0069999998,0.017342689,0.0019236993,0.011388322,0.0040306672,0.021929998,-0.0009159137,4.060678,0.1320523,5.409159,0.5424316,0.043859996,-0.0018318275,0.10671608,0.003470383,0.06348754,0.006366548,253.13896,252.82753,339.0936,-0.6744839,10.560948,0.057511363
2,67,1,0.0069999998,0.016672272,0.001377601,0.011800363,0.0034943076,0.018558023,0.0012692619,4.133485,0.3759408,5.0364184,-0.10525482,0.037116047,0.0025385239,0.10862947,0.009879859,0.059112668,-0.0012353864,253.14339,252.78568,338.91626,-0.27068597,10.562474,0.05975039
2,68,1,0.0069999998,0.016339071,0.0018897043,0.010799009,0.003650358,0.021735365,-0.00075941975,3.9542184,0.25425336,5.14765,0.09070387,0.04347073,-0.0015188395,0.103918284,0.0066818697,0.060418192,0.0010645931,253.2015,252.9628,339.38455,-0.34495723,10.562474,0.05859636
2,69,1,0.0069999998,0.015842788,0.0023064935,0.010018883,0.0035174119,0.024012983,-0.000711775,3.8087134,0.2558016,5.0530415,-0.4078907,0.048025966,-0.00142355,0.10009437,0.006722558,0.059307773,-0.004787431,253.27133,253.38843,339.28156,0.15208912,10.564664,0.06104722
2,70,1,0.0069999998,0.014615806,0.0015592821,0.009339651,0.0037168728,0.019743873,0.0016957916,3.6773415,0.52392423,5.1943355,-0.38294506,0.039487746,0.0033915832,0.09664187,0.013768923,0.06096616,-0.004494641,253.35922,253.75348,339.68225,-0.14097917,10.564664,0.06596378
2,71,1,0.0069999998,0.014199723,0.0017463942,0.00881601,0.003637318,0.020894941,0.00052243134,3.5727673,0.36162975,5.1384463,-0.6344119,0.041789882,0.0010448627,0.09389361,0.00950376,0.06031018,-0.007446123,253.41911,253.95213,340.33444,0.27278212,10.567357,0.049493704
2,72,1,0.0069999998,0.01596187,0.0020953943,0.0098743,0.0039921748,0.022887738,0.00039610025,3.781132,0.36146623,5.3832674,-0.7417418,0.045775477,0.0007922005,0.09936951,0.009499464,0.06318366,-0.008705862,253.43407,254.05441,339.6047,0.38027555,10.567357,0.054222755
2,73,1,0.0069999998,0.014544105,0.0015279885,0.009478131,0.0035379853,0.019544747,0.0026897297,3.7045038,0.2722965,5.067797,-1.0601428,0.039089493,0.0053794594,0.09735569,0.0071560508,0.059480965,-0.012442942,253.46802,254.125,339.70352,0.78784627,10.570837,0.039727278
2,74,1,0.0069999998,0.014979274,0.0017093437,0.009589167,0.0036807626,0.020672105,0.0008644611,3.7261395,0.12545489,5.1690426,-0.83710515,0.04134421,0.0017289222,0.09792429,0.003296999,0.060669288,-0.009825138,253.52513,254.30093,340.57285,0.71165025,10.570837,0.038579036
2,75,1,0.0069999998,0.014134051,0.0020412775,0.008326363,0.0037664105,0.02259025,0.0007918632,3.472133,0.02460933,5.2288365,-1.0542966,0.0451805,0.0015837264,0.09124891,0.00064674224,0.061371088,-0.012374327,253.51697,254.35548,340.17264,1.0296873,10.574833,0.04110944
2,76,1,0.0069999998,0.013330476,0.0014599415,0.00789034,0.003980195,0.01910459,0.00280308,3.3799987,0.076456025,5.3751845,-1.1373695,0.03820918,0.00560616,0.08882759,0.0020092921,0.06308879,-0.013349355,253.51631,254.39249,340.2958,1.0609134,10.574833,0.04896424
2,77,1,0.0069999998,0.012794507,0.0015365633,0.007706839,0.003551104,0.01959951,0.0013457135,3.340464,-0.1610597,5.0771832,-1.0124826,0.03919902,0.002691427,0.087788604,-0.004232707,0.05959114,-0.011883551,253.50789,254.25517,340.83563,1.1735424,10.578905,0.06015418
2,78,1,0.0069999998,0.013960945,0.0023401785,0.007930595,0.003690171,0.024187695,0.00070329045,3.38861,-0.14501186,5.175645,-1.1312505,0.04837539,0.0014065809,0.08905389,-0.0038109645,0.060746778,-0.013277535,253.4566,254.10521,339.93658,1.2762624,10.578905,0.063606575
2,79,1,0.0069999998,0.013499955,0.0014434088,0.0086997505,0.0033567962,0.01899611,0.0033772138,3.5491314,-0.18983282,4.936324,-1.0640118,0.03799222,0.0067544277,0.093272455,-0.0049888757,0.057937864,-0.012488353,253.4373,253.95874,339.8561,1.2538446,10.58272,0.05045974
2,80,1,0.0069999998,0.014989788,0.0015925622,0.009640469,0.0037567564,0.01995346,0.0015412563,3.7360933,-0.31679004,5.2221303,-0.74164206,0.03990692,0.0030825126,0.09818589,-0.008325358,0.061292384,-0.008704686,253.4482,253.86388,340.27008,1.0584321,10.58272,0.054374386
2,81,1,0.0069999998,0.015110122,0.0021310518,0.009340131,0.0036389402,0.023081658,0.0012488954,3.6774364,-0.5043959,5.1395926,-0.46075383,0.046163317,0.0024977908,0.09664435,-0.013255707,0.06032363,-0.005407887,253.47452,254.01958,339.87888,0.96514976,10.58622,0.048189327
2,82,1,0.0069999998,0.013318189,0.0015097071,0.008353846,0.003454636,0.019427475,0.0035723804,3.4778583,-0.57630813,5.0077467,-0.5563884,0.03885495,0.007144761,0.09139938,-0.015145587,0.05877615,-0.006530356,253.54703,254.2911,340.24756,1.1326965,10.58622,0.050656375
2,83,1,0.0069999998,0.012481137,0.0015204733,0.008131685,0.0028289792,0.019496623,0.0019392592,3.4313018,-0.51380086,4.5316467,-0.12361041,0.038993247,0.0038785185,0.09017585,-0.013502873,0.05318815,-0.0014508213,253.62473,254.5837,341.0015,0.63741124,10.589427,0.047693696
2,84,1,0.0069999998,0.01415468,0.0022558453,0.008405174,0.0034936606,0.02374787,0.0012788754,3.4885263,-0.5883803,5.0359516,-0.1395599,0.04749574,0.0025577508,0.09167974,-0.015462851,0.059107196,-0.0016380235,253.60619,254.57967,340.34528,0.7279402,10.589427,0.05606406
2,85,1,0.0069999998,0.0139279775,0.0015334827,0.009063791,0.0033307038,0.019579854,0.0034792183,3.622627,-0.29174453,4.917102,-0.009245631,0.039159708,0.0069584367,0.09520394,-0.007667149,0.05771225,-0.00010851778,253.59901,254.4643,340.22867,0.30099016,10.592726,0.052375052
2,86,1,0.0069999998,0.013868531,0.0016533239,0.008867179,0.0033480285,0.020330543,0.001824154,3.58312,-0.21404815,4.929874,0.2113004,0.040661085,0.003648308,0.0941657,-0.005625261,0.05786215,0.0024800426,253.61882,254.43367,340.56723,0.0027477443,10.592726,0.045270614
2,87,1,0.0069999998,0.013202176,0.0024921906,0.007878477,0.002831509,0.024960922,0.000768034,3.3774567,0.003769518,4.533673,0.28943032,0.049921844,0.001536068,0.088760786,9.9062316e-5,0.053211927,0.003397059,253.59505,254.38586,339.83752,-0.29319984,10.596375,0.04076506
2,88,1,0.0069999998,0.012537387,0.0014130048,0.008223981,0.002900402,0.018794978,0.003029761,3.4507198,0.07071959,4.5884953,0.23141521,0.037589956,0.006059522,0.090686165,0.0018585357,0.053855382,0.0027161313,253.59236,254.38187,339.9045,-0.3021348,10.596375,0.039040305
2,89,1,0.0069999998,0.0121114645,0.0015548007,0.007889892,0.0026667719,0.01971548,0.0012460109,3.3799024,0.15903415,4.399812,0.5114937,0.03943096,0.0024920218,0.08882506,0.0041794735,0.051640797,0.006003427,253.57446,254.22084,340.17743,-0.6705278,10.600307,0.042871322
2,90,1,0.0069999998,0.013051134,0.0023024715,0.007824543,0.002924119,0.023992037,0.00064799737,3.365876,0.04599141,4.6072183,0.39935595,0.047984075,0.0012959947,0.088456444,0.0012086733,0.054075122,0.004687259,253.50316,253.9758,339.33746,-0.44534737,10.600307,0.04079169
2,91,1,0.0069999998,0.012610718,0.001514034,0.008153402,0.002943281,0.019455295,0.002691617,3.4358811,0.2595594,4.6222887,0.31661847,0.03891059,0.005383234,0.090296194,0.006821316,0.054252014,0.0037161666,253.51086,253.99385,339.65414,-0.57617784,10.604777,0.035965417
2,92,1,0.0069999998,0.012816367,0.0017106411,0.008093862,0.0030118634,0.020679949,0.0009384455,3.423313,0.14789066,4.675832,0.6257319,0.041359898,0.001876891,0.089965895,0.0038866226,0.054880448,0.007344244,253.56807,254.12883,340.2881,-0.7736225,10.604777,0.038793057
2,93,1,0.0069999998,0.012413703,0.0025315962,0.0075020115,0.0023800957,0.025157485,0.00034909463,3.295775,0.014817296,4.156602,0.5151202,0.05031497,0.00069818925,0.086614154,0.00038940558,0.048786223,0.0060459897,253.6093,254.44002,339.95227,-0.5299375,10.609364,0.028451012
2,94,1,0.0069999998,0.011546513,0.001563086,0.007642534,0.0023408935,0.019767942,0.0025367658,3.3264987,0.016931409,4.122228,0.46606752,0.039535884,0.0050735315,0.08742159,0.00044496523,0.04838278,0.0054702554,253.65773,254.6595,340.33502,-0.48299894,10.609364,0.026009645
2,95,1,0.0069999998,0.011433517,0.0016864031,0.0074953935,0.0022517198,0.02053292,0.0009974185,3.294321,0.07445496,4.0429497,0.7097315,0.04106584,0.001994837,0.08657594,0.0019567006,0.04745229,0.008330152,253.71161,254.86235,341.00632,-0.7841865,10.6139765,0.027887689
2,96,1,0.0069999998,0.012202047,0.002284967,0.0073090554,0.0026080243,0.023900665,0.00074996235,3.2531142,0.058532305,4.3510795,0.7708988,0.04780133,0.0014999247,0.08549301,0.0015382493,0.05106882,0.0090480745,253.67747,254.74086,340.26263,-0.8294311,10.6139765,0.025752626
2,97,1,0.0069999998,0.0122588705,0.0016542574,0.008147612,0.0024570015,0.020336282,0.0026616375,3.434661,0.28313112,4.223222,0.4992588,0.040672563,0.005323275,0.09026413,0.0074407854,0.04956815,0.005859823,253.67847,254.69711,340.45395,-0.7823899,10.618405,0.03094521
2,98,1,0.0069999998,0.012035802,0.0016242195,0.00788927,0.002522313,0.020150803,0.0009607085,3.3797696,0.27132595,4.2789845,0.7213713,0.040301606,0.001921417,0.08882156,0.007130543,0.050222635,0.008466766,253.71101,254.74594,340.89856,-0.99269724,10.618405,0.034292962
2,99,1,0.0069999998,0.011375681,0.0021878488,0.0071487995,0.0020390316,0.023387223,0.0006952876,3.217253,0.18567872,3.8472745,0.33614576,0.046774447,0.0013905752,0.084550574,0.0048797033,0.045155637,0.003945359,253.70079,254.80841,340.21045,-0.5218245,10.622401,0.03462185
2,100,1,0.0069999998,0.011918171,0.0016409245,0.00793093,0.0023463173,0.020254163,0.002661483,3.3886814,0.3360059,4.127001,0.30320597,0.040508326,0.005322966,0.08905577,0.008830355,0.0484388,0.0035587428,253.68803,254.72699,340.1753,-0.6392119,10.622401,0.043104313
3,1,1,0.0048999996,0.017044319,0.0018626447,0.012017521,0.003164154,0.021579184,0.0030798977,4.1713443,-0.24601977,4.7925873,1.146513,0.043158367,0.0061597954,0.10962445,-0.006465483,0.056250814,0.013456679,253.87448,255.36876,342.2257,-0.9004932,10.625685,0.07611806
3,2,1,0.0048999996,0.015266922,0.0017857223,0.010749709,0.002731491,0.021128904,0.0011914423,3.9451816,-0.022169633,4.452882,1.1907035,0.04225781,0.0023828845,0.103680804,-0.00058262516,0.05226367,0.013975342,253.82733,255.14653,342.53677,-1.1685339,10.625685,0.07564191
3,3,1,0.0048999996,0.014587582,0.002060191,0.0097688595,0.0027585316,0.022694664,0.0007529961,3.7608895,0.03929909,4.4748673,0.7255509,0.04538933,0.0015059921,0.09883754,0.0010327908,0.052521724,0.008515824,253.70743,254.61443,341.4262,-0.76484996,10.6268,0.07782492
3,4,1,0.0048999996,0.015733663,0.0015495599,0.011199853,0.0029842502,0.019682225,0.0026259837,4.026937,0.21144158,4.654348,0.46198758,0.03936445,0.0052519673,0.10582936,0.0055567594,0.05462829,0.0054223696,253.60303,254.13074,340.67014,-0.67342913,10.6268,0.0904082
3,5,1,0.0048999996,0.015357994,0.0016943476,0.0107860435,0.0028776021,0.020581227,0.0006626009,3.9518437,-0.04223332,4.570425,0.255027,0.041162454,0.0013252018,0.10385588,-0.0011099108,0.053643286,0.0029932645,253.54088,253.83305,340.8675,-0.21279368,10.626298,0.08318514
3,6,1,0.0048999996,0.016749552,0.0023449797,0.011218264,0.0031863071,0.024212494,0.00029304056,4.0302453,-0.18134747,4.8093343,-0.071231574,0.04842499,0.0005860811,0.10591631,-0.004765881,0.056447383,-0.00083604845,253.48639,253.69942,339.9767,0.25257903,10.626298,0.080407284
3,7,1,0.0048999996,0.017017515,0.0014475884,0.01212051,0.0034494167,0.019023594,0.002630023,4.1891813,-0.18843472,5.0039625,-0.38707456,0.038047187,0.005260046,0.11009319,-0.004952131,0.058731735,-0.0045431093,253.49623,253.69504,340.24976,0.5755093,10.624544,0.08391283
3,8,1,0.0048999996,0.0155670885,0.0016868877,0.010874386,0.003005815,0.02053587,0.0007173471,3.9679942,-0.3423617,4.6711335,-0.2719069,0.04107174,0.0014346942,0.10428032,-0.008997387,0.054825313,-0.0031913857,253.51474,253.70279,340.98065,0.6142686,10.624544,0.082920924
3,9,1,0.0048999996,0.014325647,0.0021783435,0.009270384,0.0028769183,0.023336364,0.0006661607,3.66368,-0.49516642,4.569882,-0.5079164,0.046672728,0.0013323214,0.09628283,-0.013013153,0.053636912,-0.00596144,253.48674,253.63678,340.24478,1.0030828,10.621566,0.062037397
3,10,1,0.0048999996,0.015348742,0.0014188107,0.010623611,0.0033063209,0.018833552,0.0030545795,3.9219744,-0.29632053,4.8990707,-0.58440614,0.037667103,0.006109159,0.1030709,-0.0077874083,0.057500616,-0.0068592015,253.48094,253.49818,340.21674,0.8807267,10.621566,0.070361845
3,11,1,0.0048999996,0.014564494,0.0015703833,0.009790824,0.0032032873,0.019814031,0.0012445137,3.7651155,-0.39380345,4.8221326,-0.44673428,0.039628062,0.0024890273,0.09894859,-0.010349295,0.05659759,-0.00524334,253.52579,253.64642,340.656,0.8405377,10.617696,0.06521958
3,12,1,0.0048999996,0.014819085,0.002081954,0.009294594,0.0034425373,0.022814216,0.001293468,3.6684601,-0.50734615,4.9989705,-0.6645958,0.045628432,0.002586936,0.09640847,-0.013333241,0.05867314,-0.007800392,253.5662,253.94902,340.0441,1.171942,10.617696,0.06966314
3,13,1,0.0048999996,0.013161768,0.0015172206,0.008575025,0.003069523,0.019475758,0.0034565863,3.523598,-0.19096664,4.720377,-0.6112954,0.038951516,0.0069131725,0.09260143,-0.0050186706,0.055403277,-0.0071748015,253.63206,254.2135,340.60718,0.80226207,10.613328,0.050283343
3,14,1,0.0048999996,0.011816742,0.0015944412,0.007766187,0.0024561137,0.019965228,0.0017221235,3.3533013,-0.2077895,4.2224593,-0.35102952,0.039930455,0.003444247,0.088125974,-0.005460782,0.049559195,-0.00412005,253.64575,254.25871,341.2728,0.558819,10.613328,0.04683672
3,15,1,0.0048999996,0.010930511,0.002000473,0.0066309655,0.0022990734,0.022363324,0.0012987745,3.0985398,-0.13209413,4.0852404,-0.54974777,0.044726647,0.002597549,0.08143074,-0.0034714816,0.047948655,-0.006452413,253.56439,254.01833,340.45056,0.6818419,10.60861,0.04065174
3,16,1,0.0048999996,0.010729378,0.001360007,0.0066683767,0.002700995,0.018439136,0.003382915,3.1072679,-0.038706288,4.4279537,-0.6587966,0.036878273,0.00676583,0.08166013,-0.001017218,0.051971097,-0.007732328,253.51503,253.75931,340.45187,0.6975029,10.60861,0.045097232
3,17,1,0.0048999996,0.009688579,0.0014458881,0.006169596,0.002073094,0.019012418,0.0013724639,2.9888015,-0.052814387,3.8792765,-0.40221182,0.038024835,0.0027449278,0.07854678,-0.0013879805,0.045531243,-0.004720777,253.47717,253.5084,340.85062,0.4550262,10.603615,0.050625376
3,18,1,0.0048999996,0.0095981015,0.0019452964,0.0056576016,0.0019952036,0.022052757,0.0009854247,2.8621001,-0.046846814,3.8057024,-0.78299236,0.044105515,0.0019708495,0.07521703,-0.001231149,0.044667702,-0.009190017,253.36531,253.05879,339.75293,0.82983917,10.603615,0.05628568
3,19,1,0.0048999996,0.008865526,0.0012750417,0.0054954435,0.0020950409,0.017853864,0.00290917,2.8207855,0.19273108,3.8997564,-0.88415325,0.035707727,0.00581834,0.07413126,0.0050650425,0.045771617,-0.010377347,253.30745,252.77762,339.41943,0.69142216,10.598405,0.057760067
3,20,1,0.0048999996,0.009172022,0.0014955688,0.0053647137,0.0023117396,0.019336293,0.0012611224,2.787032,0.093948305,4.096478,-0.7220729,0.038672585,0.0025222448,0.07324421,0.0024689967,0.048080552,-0.008475003,253.30307,252.72063,339.71713,0.6281246,10.598405,0.06026546
3,21,1,0.0048999996,0.009012397,0.0015661228,0.005582808,0.0018634669,0.019787135,0.0009972138,2.8431191,0.13431096,3.6779182,-0.68450534,0.03957427,0.0019944275,0.07471819,0.0035297407,0.043167893,-0.00803407,253.24672,252.57161,338.88162,0.5501944,10.592875,0.046198018
3,22,1,0.0048999996,0.008539651,0.0013155072,0.005269211,0.0019549325,0.01813496,0.0030427976,2.762113,0.3248796,3.7670991,-0.8184794,0.03626992,0.006085595,0.07258933,0.008537955,0.044214617,-0.009606529,253.21039,252.35751,338.9619,0.49359983,10.592875,0.0445853
3,23,1,0.0048999996,0.008173663,0.0014290176,0.0051721456,0.0015724995,0.018901175,0.0008681444,2.736554,0.19650145,3.3785973,-0.2731397,0.03780235,0.0017362888,0.07191763,0.0051641283,0.039654754,-0.003205854,253.1999,252.28792,339.2911,0.07663824,10.587194,0.038036194
3,24,1,0.0048999996,0.0088205505,0.0016342715,0.005388017,0.0017982626,0.020213062,0.00068905385,2.7930787,0.1990773,3.6129985,-0.50578946,0.040426124,0.0013781077,0.07340311,0.0052318224,0.042405926,-0.005936476,253.15001,252.11514,338.48828,0.30671215,10.587194,0.042876318
3,25,1,0.0048999996,0.008358078,0.0011986536,0.0055628577,0.0015965664,0.017310789,0.0025308717,2.8380344,0.3389556,3.404354,-0.27227148,0.034621578,0.0050617433,0.074584566,0.008907873,0.039957058,-0.003195664,253.11153,251.90732,338.4565,-0.06668413,10.581642,0.04922779
3,26,1,0.0048999996,0.008233373,0.0013920094,0.005280016,0.0015613477,0.018654821,0.0008117818,2.7649436,0.21269193,3.366596,-0.25128096,0.037309643,0.0016235636,0.07266372,0.00558962,0.039513893,-0.0029492972,253.07874,251.76395,338.57043,0.03858903,10.581642,0.046316117
3,27,1,0.0048999996,0.008325998,0.0014574378,0.0049923514,0.0018762083,0.019088201,0.00079978583,2.6885693,0.12689295,3.6904712,-0.14977427,0.038176402,0.0015995717,0.070656575,0.0033347928,0.04331522,-0.0017579101,253.03642,251.6426,337.76425,0.022881314,10.576088,0.04491253
3,28,1,0.0048999996,0.008501267,0.0012801896,0.0051752883,0.002045789,0.017889868,0.00280835,2.7373853,0.20264183,3.8536441,-0.15809315,0.035779737,0.0056167,0.071939476,0.005325501,0.0452304,-0.0018555474,253.03891,251.62071,337.9394,-0.044548675,10.576088,0.051151745
3,29,1,0.0048999996,0.00804557,0.0012402501,0.004964624,0.0018406954,0.017608592,0.0009067483,2.6810927,0.13106492,3.6553771,0.3427458,0.035217185,0.0018134966,0.07046009,0.0034444344,0.042903326,0.004022824,253.04463,251.66325,338.5311,-0.47381073,10.570563,0.03513597
3,30,1,0.0048999996,0.008912495,0.0014453513,0.0053661675,0.0021009769,0.019008888,0.0009366434,2.7874093,0.1865754,3.905277,0.1809771,0.038017776,0.0018732868,0.07325413,0.004903269,0.045836415,0.002124136,252.99873,251.51247,337.81918,-0.36755252,10.570563,0.0350547
3,31,1,0.0048999996,0.00830127,0.0012360784,0.0049638543,0.0021013373,0.017578954,0.0026488714,2.6808848,0.23826772,3.905612,0.41772696,0.035157908,0.005297743,0.07045463,0.006261763,0.045840345,0.00490288,252.98457,251.35504,337.82687,-0.65599465,10.564954,0.035382338
3,32,1,0.0048999996,0.007554709,0.0012804746,0.004580668,0.0016935662,0.01789186,0.00092587236,2.5753312,0.070752114,3.5062454,0.52907026,0.03578372,0.0018517447,0.067680635,0.0018593889,0.04115296,0.006209723,252.98557,251.31763,338.05667,-0.5998224,10.564954,0.0384533
3,33,1,0.0048999996,0.0064746793,0.0013174041,0.0037984317,0.0013588436,0.018148031,0.001173507,2.345151,-0.015920293,3.1406965,0.40455955,0.036296062,0.002347014,0.06163142,-0.0004183909,0.036862496,0.004748333,252.93866,251.1673,337.1119,-0.38863927,10.559112,0.035452977
3,34,1,0.0048999996,0.006892072,0.0012345408,0.0039540296,0.0017035016,0.017568016,0.0029622132,2.3927019,0.07612375,3.5165153,0.2574686,0.035136033,0.0059244265,0.062881075,0.0020005617,0.041273497,0.0030219187,252.8995,251.02136,336.81088,-0.33359236,10.559112,0.033743348
3,35,1,0.0048999996,0.007814108,0.0011996673,0.0046236613,0.0019907798,0.017318107,0.0010316084,2.5873883,0.10239286,3.8014808,0.47790182,0.034636214,0.0020632169,0.06799751,0.0026909215,0.044618156,0.0056091566,252.87346,250.83313,336.9515,-0.58029467,10.553124,0.04172153
3,36,1,0.0048999996,0.008697407,0.0012549802,0.0050050626,0.0024373648,0.01771285,0.0010513741,2.69199,0.048013467,4.206312,0.2983243,0.0354257,0.0021027483,0.07074647,0.0012618114,0.049369674,0.0035014478,252.84172,250.6881,336.24457,-0.34633777,10.553124,0.03876106
3,37,1,0.0048999996,0.008279196,0.0011454745,0.004746175,0.0023875467,0.01692243,0.0025173265,2.6214437,0.15199567,4.1631026,0.41731548,0.03384486,0.005034653,0.06889249,0.0039945017,0.048862528,0.004898052,252.87358,250.80116,336.5617,-0.56931114,10.547061,0.03303933
3,38,1,0.0048999996,0.008288165,0.0011489306,0.0047100885,0.0024291454,0.01694794,0.0009957111,2.611459,0.14570256,4.199214,0.5929521,0.03389588,0.0019914221,0.068630084,0.0038291179,0.04928636,0.0069595054,252.89368,250.90611,337.18362,-0.7386546,10.547061,0.038085204
3,39,1,0.0048999996,0.00848387,0.0012728587,0.0047418117,0.0024692,0.017838573,0.00075659156,2.6202388,0.27686796,4.2336926,0.32014513,0.035677146,0.0015131831,0.068860814,0.007276188,0.049691044,0.0037575588,252.81491,250.65091,336.28717,-0.5970131,10.541162,0.040115308
3,40,1,0.0048999996,0.008782919,0.0011511948,0.0047901655,0.0028415585,0.016964631,0.002423486,2.6335645,0.3057523,4.541711,0.17651775,0.033929262,0.004846972,0.06921102,0.008035281,0.05330627,0.002071796,252.73357,250.24615,335.86533,-0.48227006,10.541162,0.043512877
3,41,1,0.0048999996,0.008340761,0.0012128069,0.004420962,0.0027069922,0.017412689,0.000644531,2.5300379,0.28036883,4.432867,0.122879796,0.034825377,0.001289062,0.066490315,0.007368195,0.052028764,0.0014422458,252.70326,250.08884,335.9946,-0.40324864,10.535357,0.040755045
3,42,1,0.0048999996,0.009021485,0.001253692,0.004743267,0.0030245262,0.017703757,0.00074024097,2.6206403,0.30209115,4.685651,-0.14089757,0.035407513,0.0014804819,0.06887138,0.007939064,0.054995693,-0.0016537218,252.64276,249.90582,335.06693,-0.16119358,10.535357,0.04718051
3,43,1,0.0048999996,0.008764514,0.0011739782,0.0046393564,0.002951179,0.017131682,0.002105928,2.5917764,0.30220821,4.628486,-0.18765914,0.034263365,0.004211856,0.06811282,0.007942139,0.054324754,-0.002202565,252.62946,249.81776,335.22742,-0.11454907,10.529703,0.039573785
3,44,1,0.0048999996,0.0086957915,0.001204175,0.004531988,0.0029596288,0.017350612,0.00046789245,2.56161,0.20445395,4.635108,-0.09344837,0.034701224,0.0009357849,0.06732004,0.005373125,0.05440247,-0.0010968073,252.64183,249.9321,335.69748,-0.111005574,10.529703,0.040346075
3,45,1,0.0048999996,0.009108912,0.001260211,0.004668225,0.0031804761,0.017749725,0.00066862203,2.5998278,0.026781525,4.8049326,-0.27701184,0.03549945,0.0013372441,0.06832441,0.0007038261,0.05639571,-0.0032512974,252.61052,249.8308,335.06146,0.2502303,10.524375,0.04250985
3,46,1,0.0048999996,0.010913746,0.001298281,0.005828795,0.003786671,0.018015834,0.0023155573,2.90508,0.07651017,5.242881,-0.23300394,0.036031667,0.0046311147,0.07634655,0.0020107152,0.061535932,-0.0027347773,252.61475,249.70164,335.34708,0.15649378,10.524375,0.050176032
3,47,1,0.0048999996,0.010506783,0.0013034488,0.0056043207,0.003599013,0.018051654,0.000788942,2.8485913,-0.0045487373,5.111318,-0.038646504,0.03610331,0.001577884,0.07486201,-0.000119542834,0.059991773,-0.00045359376,252.65906,249.8663,335.9263,0.04319524,10.519537,0.055837378
3,48,1,0.0048999996,0.010387239,0.0012699144,0.0055762557,0.003541069,0.01781793,0.0009069735,2.84145,0.033811357,5.070005,-0.25795284,0.03563586,0.001813947,0.07467433,0.0008885752,0.059506882,-0.0030276028,252.61186,249.82579,335.05618,0.22414148,10.519537,0.06098187
3,49,1,0.0048999996,0.010414673,0.0013974071,0.0055924375,0.0034248284,0.018690955,0.002594129,2.84557,-0.090863235,4.986096,-0.358875,0.03738191,0.005188258,0.0747826,-0.0023879174,0.058522034,-0.0042121313,252.56598,249.64185,334.7662,0.44973823,10.51529,0.053730648
3,50,1,0.0048999996,0.011276249,0.0012816874,0.0062244073,0.003770154,0.017900331,0.0011211509,3.0020483,-0.15164739,5.231434,-0.21629842,0.035800662,0.0022423018,0.07889491,-0.003985347,0.06140158,-0.00253871,252.55827,249.60657,334.94388,0.3679458,10.51529,0.06016996
3,51,1,0.0048999996,0.010489764,0.0012085906,0.005559085,0.0037220886,0.017382395,0.0013377331,2.8370721,-0.13080716,5.19798,-0.30900767,0.03476479,0.0026754662,0.07455927,-0.003437658,0.061008923,-0.0036268355,252.54329,249.6045,334.39548,0.43981484,10.511483,0.04413752
3,52,1,0.0048999996,0.011571011,0.0013839833,0.0060489136,0.0041381135,0.018600963,0.0027147655,2.959425,-0.031552095,5.4807816,-0.40539458,0.037201926,0.005429531,0.07777476,-0.00082920113,0.06432817,-0.0047581354,252.573,249.69897,334.65063,0.4369467,10.511483,0.04377639
3,53,1,0.0048999996,0.010480071,0.001295471,0.005443219,0.0037413812,0.017996326,0.0013414986,2.8073502,0.046123445,5.211434,-0.18430875,0.035992652,0.0026829971,0.073778175,0.0012121405,0.06116683,-0.0021632405,252.6104,249.85527,335.18848,0.1381853,10.508039,0.040017784
3,54,1,0.0048999996,0.011377161,0.0013345097,0.005812754,0.004229897,0.01826547,0.0015915313,2.9010794,-0.08212319,5.5412297,-0.3244803,0.03653094,0.0031830627,0.07624142,-0.00215823,0.06503766,-0.0038084406,252.58704,249.90356,334.43332,0.4066035,10.508039,0.048642315
3,55,1,0.0048999996,0.012313161,0.0013604489,0.006273099,0.0046796123,0.018442132,0.0028235207,3.0137675,-0.014934154,5.828357,-0.33296767,0.036884263,0.0056470414,0.0792029,-0.0003924749,0.06840769,-0.0039080586,252.55585,249.74823,334.2962,0.34790182,10.504992,0.057140157
3,56,1,0.0048999996,0.014579948,0.0013465796,0.0074334973,0.005799871,0.018347885,0.0013671537,3.2806907,-0.14628962,6.4885907,-0.2395461,0.03669577,0.0027343074,0.08621773,-0.003844544,0.076156884,-0.0028115632,252.57693,249.78299,334.62747,0.3858357,10.504992,0.06544869
3,57,1,0.0048999996,0.014495324,0.0012171566,0.0075851483,0.00569302,0.017443886,0.0012659009,3.3139863,-0.064326726,6.4285426,-0.36886558,0.034887772,0.0025318018,0.08709276,-0.0016905299,0.075452104,-0.00432939,252.5711,249.88846,334.078,0.4331923,10.502109,0.063031524
3,58,1,0.0048999996,0.013718955,0.0013202741,0.0068125622,0.00558612,0.018167788,0.0026260347,3.1406817,0.030984301,6.367901,-0.4205037,0.036335576,0.0052520693,0.08253825,0.000814278,0.07474035,-0.0049354727,252.54842,249.80019,334.29578,0.3895194,10.502109,0.062193096
3,59,1,0.0048999996,0.011063611,0.0013355399,0.005011914,0.004716158,0.01827252,0.0010164852,2.6938317,0.05606163,5.8510704,-0.22569999,0.03654504,0.0020329703,0.07079487,0.00147332,0.06867429,-0.0026490544,252.51653,249.5652,334.5916,0.16963837,10.499284,0.039617654
3,60,1,0.0048999996,0.010212353,0.0011859335,0.004616796,0.004409624,0.017218692,0.001222353,2.5854669,0.11522828,5.6577272,-0.36413366,0.034437384,0.002444706,0.06794701,0.003028241,0.066405,-0.004273854,252.48969,249.47044,333.9142,0.24890538,10.499284,0.03657126
3,61,1,0.0048999996,0.009823537,0.001393528,0.0047550555,0.0036749542,0.018664993,0.0022259327,2.6238952,0.1983244,5.1649623,-0.30840972,0.037329987,0.0044518653,0.06895691,0.0052120364,0.0606214,-0.003619819,252.48572,249.47443,334.09943,0.11008532,10.496584,0.029362518
3,62,1,0.0048999996,0.009142719,0.0013121588,0.004018228,0.0038123322,0.018111866,0.00082561176,2.412048,0.12425045,5.260616,-0.15446264,0.036223732,0.0016512235,0.063389495,0.003265346,0.061744086,-0.0018129385,252.45636,249.33278,334.55054,0.030212186,10.496584,0.029221661
3,63,1,0.0048999996,0.008057623,0.0011408819,0.0036777367,0.0032390046,0.016888471,0.0009977672,2.3075917,-0.012701574,4.8489423,-0.26912943,0.033776943,0.0019955344,0.060644347,-0.00033380257,0.056912255,-0.003158783,252.3612,249.00261,333.73627,0.281831,10.49405,0.027481318
3,64,1,0.0048999996,0.008949881,0.0013690525,0.004083613,0.0034972155,0.018500354,0.0022102154,2.4315934,0.0041887015,5.038513,-0.421042,0.03700071,0.004420431,0.06390315,0.00011008165,0.05913726,-0.00494179,252.28844,248.69496,333.5056,0.4168533,10.49405,0.02779728
3,65,1,0.0048999996,0.009076634,0.0013599982,0.004442092,0.0032745437,0.018439077,0.00067947403,2.5360773,0.007224613,4.8754716,-0.029733755,0.036878154,0.0013589481,0.06664902,0.00018986547,0.05722363,-0.00034898458,252.26361,248.59813,333.70142,0.022509143,10.491559,0.0313639
3,66,1,0.0048999996,0.008903861,0.0011699747,0.003994278,0.0037396082,0.017102446,0.0010870385,2.4048493,0.00086248765,5.210198,-0.14134833,0.034204893,0.002174077,0.0632003,2.2666021e-5,0.061152335,-0.0016590152,252.25143,248.6192,332.86777,0.14048584,10.491559,0.03714809
3,67,1,0.0048999996,0.008506791,0.0014722948,0.0037528907,0.0032816054,0.019185247,0.002019641,2.3310502,0.19583927,4.880726,-0.14919905,0.038370494,0.004039282,0.06126084,0.0051467274,0.057285298,-0.0017511556,252.28654,248.80902,333.16095,-0.046640217,10.489041,0.033088777
3,68,1,0.0048999996,0.008877382,0.0014800049,0.0038036637,0.0035937133,0.019235415,0.0004984312,2.3467658,0.17247872,5.1075535,-0.124415234,0.03847083,0.0009968624,0.06167385,0.0045328024,0.059947588,-0.001460265,252.30275,248.9517,333.5723,-0.048063487,10.489041,0.027812438
3,69,1,0.0048999996,0.009290006,0.0013344194,0.004602299,0.0033532875,0.018264852,0.0006001352,2.5814047,0.33994976,4.933744,-0.2746875,0.036529705,0.0012002704,0.06784025,0.008934003,0.057907578,-0.003224019,252.24901,248.92465,332.68436,-0.06526226,10.486527,0.032006785
3,70,1,0.0048999996,0.009324127,0.0014811063,0.0042908015,0.003552219,0.019242572,0.0018566976,2.492515,0.3240567,5.077981,-0.3384243,0.038485143,0.0037133952,0.06550421,0.0085163275,0.059600495,-0.0039721034,252.22485,248.77393,332.53314,0.01436758,10.486527,0.034526743
3,71,1,0.0048999996,0.009741116,0.0015055814,0.004680346,0.0035551887,0.019400911,0.0004090195,2.603201,0.23208243,5.0801034,-0.10155695,0.038801823,0.000818039,0.06841306,0.006099211,0.059625402,-0.0011919773,252.25941,248.85414,333.1292,-0.13052547,10.483923,0.027055232
3,72,1,0.0048999996,0.01008255,0.0012310743,0.00516521,0.0036862665,0.017543335,0.00057886547,2.7347188,0.24953318,5.1729054,-0.14874391,0.03508667,0.0011577309,0.071869396,0.0065578218,0.060714632,-0.0017458122,252.25632,248.7975,332.5927,-0.100789264,10.483923,0.03140099
3,73,1,0.0048999996,0.008841608,0.0014523885,0.0043392773,0.0030499413,0.019055108,0.0018948368,2.5065558,0.34817955,4.705296,-0.06970808,0.038110215,0.0037896736,0.06587319,0.009150285,0.055226274,-0.0008181665,252.28577,248.82959,332.91068,-0.27847147,10.481578,0.02789569
3,74,1,0.0048999996,0.009266512,0.0015445701,0.0043833894,0.0033385518,0.01965051,0.0005745901,2.5192642,0.2356795,4.922892,0.035834957,0.03930102,0.0011491802,0.06620717,0.006193742,0.057780202,0.00042059444,252.30739,248.97177,333.33966,-0.27151448,10.481578,0.025990738
3,75,1,0.0048999996,0.009832589,0.0013824928,0.0052302093,0.0032198871,0.018590944,0.00043391535,2.7518716,0.1699393,4.834611,-0.036882225,0.037181888,0.0008678307,0.072320186,0.0044660666,0.05674405,-0.00043288866,252.23187,248.81093,332.21997,-0.13305707,10.479402,0.026471747
3,76,1,0.0048999996,0.009455971,0.0015322972,0.004940171,0.0029835037,0.019572284,0.0016921529,2.674482,0.28711808,4.653765,-0.052846927,0.03914457,0.0033843059,0.07028635,0.007545566,0.054621458,-0.0006202646,252.18723,248.53752,332.4983,-0.23427115,10.479402,0.028946906
3,77,1,0.0048999996,0.008927676,0.0015507571,0.0046549956,0.0027219232,0.019689826,0.0004193919,2.5961413,0.14659216,4.445075,0.2054446,0.039379653,0.0008387838,0.06822753,0.0038524936,0.052172054,0.0024113134,252.15785,248.39674,332.84485,-0.35203677,10.477351,0.0321229
3,78,1,0.0048999996,0.009730877,0.0012962199,0.005621428,0.0028132298,0.018001527,0.00063007406,2.852936,0.1494703,4.519016,0.15862104,0.036003053,0.0012601481,0.07497618,0.0039281333,0.05303989,0.0018617429,252.10135,248.24345,332.27032,-0.30809134,10.477351,0.04176749
3,79,1,0.0048999996,0.009301223,0.001465746,0.005306707,0.0025287694,0.01914253,0.0018937804,2.7719238,0.22027941,4.2844577,0.039211698,0.03828506,0.0037875609,0.07284715,0.005789021,0.05028687,0.00046022973,252.06474,248.16371,332.29602,-0.25949112,10.475378,0.04237252
3,80,1,0.0048999996,0.010436291,0.0015048466,0.0059600603,0.002971384,0.019396177,0.00059340266,2.9376087,0.06560654,4.644304,0.23836184,0.038792353,0.0011868053,0.077201426,0.0017241634,0.054510403,0.0027976634,252.03374,248.03772,332.32837,-0.30396837,10.475378,0.049815446
3,81,1,0.0048999996,0.010948626,0.0012909748,0.006640129,0.0030175224,0.017965069,0.00086478586,3.1006799,0.11797757,4.6802216,0.19232322,0.035930138,0.0017295717,0.081486985,0.0031004937,0.05493198,0.0022573057,252.02881,248.098,331.4115,-0.3103008,10.473474,0.040565405
3,82,1,0.0048999996,0.0106525915,0.0014629177,0.006120571,0.0030691025,0.019124053,0.0019834903,2.9769025,0.24631193,4.720053,0.1249217,0.038248107,0.0039669806,0.07823408,0.0064731664,0.05539948,0.0014662128,252.09604,248.34845,331.88998,-0.37123364,10.473474,0.039730493
3,83,1,0.0048999996,0.010458884,0.0015109272,0.0058421553,0.0031058013,0.019435324,0.00047175834,2.9084072,0.040870123,4.748189,0.31138602,0.038870648,0.0009435167,0.076433994,0.0010740815,0.055729717,0.0036547515,252.14084,248.51164,332.55334,-0.35225615,10.472,0.026755946
3,84,1,0.0048999996,0.011997748,0.00136612,0.007442406,0.0031892217,0.01848053,0.0008980943,3.2826557,0.0471268,4.8115344,0.23324288,0.03696106,0.0017961886,0.08626938,0.0012385094,0.056473196,0.0027375827,252.18118,248.83945,332.2217,-0.2803697,10.472,0.04172908
3,85,1,0.0048999996,0.009125572,0.0014934127,0.004898941,0.002733218,0.019322349,0.0022087775,2.6632981,0.08333802,4.4542885,0.10950882,0.038644698,0.004417555,0.06999244,0.0021901538,0.052280188,0.0012853104,252.2388,249.07468,332.65842,-0.19284683,10.47132,0.027559325
3,86,1,0.0048999996,0.0092135705,0.0015156736,0.004758624,0.0029392734,0.019465826,0.00095840596,2.6248794,0.047079623,4.619141,0.3267221,0.038931653,0.0019168119,0.06898278,0.0012372689,0.054215066,0.003834751,252.29202,249.25243,333.3489,-0.3738017,10.47132,0.02916058
3,87,1,0.0048999996,0.00971551,0.0012557191,0.005716983,0.0027428074,0.017718064,0.0010309214,2.8770812,0.15676352,4.4620953,0.029127603,0.035436127,0.0020618427,0.075610735,0.0041198023,0.05237182,0.00034187268,252.27892,249.30199,332.7919,-0.18589112,10.471008,0.023345094
3,88,1,0.0048999996,0.009039074,0.0015488121,0.00500589,0.0024843724,0.019677475,0.0021215472,2.6922126,7.9954516e-5,4.2466803,-0.14457309,0.03935495,0.0042430945,0.070752315,2.10001e-6,0.04984348,-0.0016968617,252.2782,249.19902,332.83023,0.14449313,10.471008,0.024557484
3,89,1,0.0048999996,0.009092098,0.001596033,0.0049857176,0.0025103474,0.019975191,0.0008841331,2.6867824,-0.10477101,4.2688227,-0.06347697,0.039950382,0.0017682662,0.070609614,-0.0027534193,0.050103366,-0.00074503216,252.29416,249.14424,333.17615,0.16824798,10.470716,0.045092788
3,90,1,0.0048999996,0.00909851,0.0013875656,0.0054915524,0.002219392,0.018625021,0.001185022,2.8197865,-0.16072688,4.0138226,0.015581699,0.037250042,0.002370044,0.07410501,-0.0042239595,0.047110423,0.00018288319,252.27396,249.1499,332.57898,0.14514518,10.470716,0.04734274
3,91,1,0.0048999996,0.008323858,0.0015009617,0.004640624,0.002182272,0.019371124,0.002373861,2.5921302,-0.07679332,3.9801152,-0.1057272,0.038742248,0.004747722,0.068122126,-0.002018156,0.046714794,-0.0012409249,252.27829,249.2128,332.75717,0.18252052,10.469705,0.04342888
3,92,1,0.0048999996,0.008294045,0.0014339226,0.004405926,0.0024541966,0.018933585,0.00096877944,2.5257318,-0.08247481,4.220811,0.13049607,0.03786717,0.0019375589,0.06637715,-0.0021674687,0.04953985,0.0015316384,252.2705,249.22928,333.1487,-0.048021257,10.469705,0.03876936
3,93,1,0.0048999996,0.009109578,0.0013397635,0.005058399,0.002711416,0.01830139,0.0015291987,2.7062955,0.033157196,4.436487,-0.08964317,0.03660278,0.0030583974,0.07112242,0.0008713844,0.05207126,-0.001052146,252.245,249.10342,332.46063,0.056485977,10.46752,0.04175824
3,94,1,0.0048999996,0.009168628,0.00159139,0.0049693626,0.0026078748,0.019946115,0.002552587,2.682372,0.12096047,4.3509545,-0.22536036,0.03989223,0.005105174,0.070493706,0.0031788854,0.051067356,-0.0026450641,252.28595,249.20766,332.68268,0.1043999,10.46752,0.04804483
3,95,1,0.0048999996,0.008790241,0.0016436093,0.0044202623,0.0027263688,0.020270726,0.0010369765,2.5298378,-0.0234254,4.448704,-0.08141348,0.04054145,0.002073953,0.066485055,-0.0006156282,0.05221464,-0.0009555537,252.36119,249.53682,333.36127,0.10483888,10.464319,0.041357752
3,96,1,0.0048999996,0.00844506,0.001354452,0.0044164048,0.0026742036,0.01840144,0.0012794605,2.5287335,0.0649375,4.405939,-0.22106798,0.03680288,0.002558921,0.066456035,0.0017065818,0.051712703,-0.002594685,252.36363,249.66562,332.75348,0.15613048,10.464319,0.034925383
3,97,1,0.0048999996,0.008437466,0.0016117448,0.00464859,0.0021771316,0.02007327,0.0024429471,2.5943544,0.041136663,3.9754245,-0.25852123,0.04014654,0.0048858942,0.06818057,0.0010810868,0.04665974,-0.003034275,252.42775,249.83623,333.36728,0.21738456,10.460422,0.03442393
3,98,1,0.0048999996,0.009397708,0.0015269234,0.005497877,0.0023729077,0.019537933,0.00094265613,2.82141,-0.1686342,4.150321,0.103609204,0.039075866,0.0018853123,0.07414767,-0.004431767,0.0487125,0.0012160662,252.50154,249.9588,334.20264,0.065025,10.460422,0.027480928
3,99,1,0.0048999996,0.008914535,0.0012519733,0.0055565853,0.0021059762,0.017691618,0.0013524946,2.836434,-0.124641515,3.9099207,0.037366807,0.035383236,0.0027049892,0.07454251,-0.0032756242,0.045890916,0.00043857525,252.5262,250.13966,333.70667,0.08727471,10.456814,0.035087354
3,100,1,0.0048999996,0.008623686,0.0015332157,0.0051590926,0.0019313775,0.01957815,0.0026565562,2.7330985,-0.16351701,3.744336,-0.10565088,0.0391563,0.0053131124,0.07182682,-0.004297287,0.04394744,-0.001240029,252.54774,250.3071,334.0162,0.2691679,10.456814,0.031117367
4,1,1,0.0034299996,0.039429575,0.0020972276,0.026896339,0.01043601,0.022897748,0.00016746497,6.24044,1.4063153,8.703792,-0.42441258,0.045795497,0.00033492994,0.16400103,0.03695848,0.10215679,-0.004981356,253.08336,252.85316,339.3458,-0.9819027,10.453911,0.42530194
4,2,1,0.0034299996,0.041961946,0.0018978463,0.028998097,0.011066001,0.02178214,-0.001544217,6.4796777,1.3335505,8.962652,-0.20727986,0.04356428,-0.003088434,0.17028828,0.03504619,0.10519506,-0.0024328497,253.13158,253.05211,340.01657,-1.1262705,10.453911,0.46239358
4,3,1,0.0034299996,0.033114314,0.0027450316,0.02055506,0.00981422,0.026196525,-0.002311073,5.455418,0.80751747,8.440517,0.09833149,0.05239305,-0.004622146,0.14337036,0.021221852,0.09906674,0.0011541289,253.17259,253.39272,339.80902,-0.905849,10.449461,0.3059613
4,4,1,0.0034299996,0.033637706,0.0018249915,0.021934273,0.009878442,0.02135996,0.00010676983,5.6354723,0.9061509,8.46809,-0.02308362,0.04271992,0.00021353966,0.14810224,0.023813978,0.09939035,-0.0002709278,253.23059,253.6122,340.38617,-0.88306725,10.449461,0.3244832
4,5,1,0.0034299996,0.024667403,0.001679582,0.014191813,0.008796008,0.020491352,-0.0012642246,4.53302,-0.105584964,7.990686,0.86768794,0.040982705,-0.0025284493,0.1191294,-0.002774807,0.09378704,0.010184088,253.28334,253.74513,340.95715,-0.76210296,10.444113,0.13946731
4,6,1,0.0034299996,0.02629964,0.002001209,0.015220272,0.00907816,0.022367436,-0.0017439111,4.694398,-0.025533194,8.117833,0.91542053,0.044734873,-0.0034878221,0.12337047,-0.00067102787,0.09527938,0.010744329,253.27675,253.75935,340.20444,-0.88988733,10.444113,0.13949706
4,7,1,0.0034299996,0.02435438,0.0016320337,0.014539523,0.008182824,0.020199219,0.000583546,4.588215,-0.7011974,7.7071314,1.2932224,0.040398438,0.001167092,0.12057994,-0.01842772,0.09045896,0.01517861,253.27788,253.68874,340.20914,-0.59202504,10.439252,0.17177185
4,8,1,0.0034299996,0.025059368,0.0016332903,0.014468226,0.008957853,0.020206993,-0.00094112847,4.5769515,-0.8051828,8.063864,1.517674,0.040413987,-0.0018822569,0.12028394,-0.021160496,0.09464593,0.017813006,253.31601,253.77998,340.7791,-0.71249115,10.439252,0.17192607
4,9,1,0.0034299996,0.027136384,0.0018261368,0.016423298,0.008886948,0.021366661,-0.0009456515,4.8763947,-1.3176165,8.031885,1.7271113,0.042733323,-0.001891303,0.12815341,-0.034627438,0.09427061,0.020271184,253.32141,253.91179,340.06763,-0.40949488,10.435165,0.2339755
4,10,1,0.0034299996,0.02666178,0.0016236036,0.016416397,0.008621779,0.020146983,0.00095781684,4.8753705,-1.2231053,7.911151,1.6771021,0.040293965,0.0019156337,0.12812649,-0.032143656,0.09285354,0.019684227,253.37134,254.09497,340.29813,-0.45399678,10.435165,0.2336282
4,11,1,0.0034299996,0.026191968,0.0014978554,0.015672317,0.009021796,0.019351069,-0.00031250718,4.7636,-1.5240188,8.092594,1.9833922,0.038702138,-0.00062501436,0.12518913,-0.040051762,0.09498314,0.023279168,253.48308,254.51413,341.3571,-0.45937347,10.431841,0.2390608
4,12,1,0.0034299996,0.026696447,0.0018523586,0.015290826,0.009553264,0.021519518,-0.0010843759,4.7052655,-1.4831219,8.327546,1.9728308,0.043039035,-0.0021687518,0.12365608,-0.03897698,0.0977408,0.023155196,253.50955,254.70627,341.12024,-0.4897089,10.431841,0.23006575
4,13,1,0.0034299996,0.022413433,0.0013301831,0.0124385,0.00864475,0.018235838,0.0011729199,4.243778,-1.2651547,7.9216833,1.7242941,0.036471676,0.0023458397,0.111528024,-0.03324872,0.09297715,0.020238115,253.50694,254.58026,341.05792,-0.45913935,10.42923,0.19228595
4,14,1,0.0034299996,0.023030102,0.0014224743,0.012579536,0.009028093,0.018857852,-0.00024500806,4.26777,-1.3297708,8.095416,1.9442749,0.037715703,-0.00049001613,0.11215853,-0.03494686,0.09501628,0.022820042,253.52634,254.51332,341.09253,-0.6145041,10.42923,0.18924163
4,15,1,0.0034299996,0.02122766,0.0019954077,0.010473685,0.008758566,0.022334993,-0.00089673913,3.8942022,-1.1647807,7.973661,1.7376605,0.044669986,-0.0017934783,0.102341026,-0.030610863,0.09358721,0.020395009,253.5039,254.47177,340.39505,-0.5728798,10.427289,0.14176714
4,16,1,0.0034299996,0.019166226,0.0014273339,0.00914007,0.008598822,0.018890036,0.0012590684,3.6378388,-1.044223,7.9006114,1.6020504,0.037780073,0.0025181368,0.09560371,-0.027442554,0.09272984,0.018803343,253.54445,254.60376,340.75308,-0.5578275,10.427289,0.13985541
4,17,1,0.0034299996,0.016709555,0.0014953894,0.0070988666,0.008115299,0.019335132,-0.0004954431,3.2059977,-0.8136288,7.6752667,1.4377146,0.038670264,-0.0009908862,0.08425477,-0.021382457,0.090084955,0.016874524,253.61273,254.86485,341.53394,-0.6240858,10.425953,0.09199292
4,18,1,0.0034299996,0.017747067,0.0020607298,0.0072619077,0.008424428,0.022697631,-0.0009904745,3.242605,-0.6587663,7.8200846,1.3566246,0.045395263,-0.001980949,0.08521683,-0.01731262,0.091784686,0.01592277,253.60768,254.90929,341.0595,-0.6978583,10.425953,0.084405884
4,19,1,0.0034299996,0.01548828,0.001264022,0.0070540174,0.0071702404,0.017776543,0.0012002474,3.1958542,-0.15794085,7.2145305,0.77139354,0.035553087,0.0024004949,0.0839882,-0.004150744,0.08467727,0.009053877,253.63863,254.97359,341.14923,-0.6134527,10.425011,0.05569532
4,20,1,0.0034299996,0.017422376,0.0014359159,0.008481215,0.007505245,0.01894674,-0.0004803025,3.504271,-0.35951957,7.381143,1.0155822,0.03789348,-0.000960605,0.09209351,-0.009448305,0.08663282,0.011919935,253.69968,255.20784,342.0043,-0.6560626,10.425011,0.06376853
4,21,1,0.0034299996,0.019358523,0.0018289965,0.01040141,0.0071281157,0.021383384,-0.0009221168,3.880742,0.13326427,7.193307,0.65293145,0.04276677,-0.0018442336,0.1019873,0.0035022337,0.08442817,0.0076634907,253.68317,255.2645,341.39386,-0.78619576,10.424212,0.096230604
4,22,1,0.0034299996,0.018834226,0.0014079675,0.010058565,0.0073676924,0.018761447,0.0012283423,3.8162494,0.29888323,7.3131924,0.6299198,0.037522893,0.0024566846,0.1002924,0.007854759,0.08583526,0.0073933927,253.7078,255.29292,341.46664,-0.9288031,10.424212,0.10123654
4,23,1,0.0034299996,0.019243151,0.0014055648,0.010366616,0.007470969,0.018745432,-0.0003657367,3.8742461,0.52699316,7.3642693,0.49246216,0.037490863,-0.0007314734,0.10181658,0.01384957,0.08643477,0.005780055,253.7732,255.41318,342.0731,-1.0194553,10.423383,0.12174925
4,24,1,0.0034299996,0.018806962,0.0015349755,0.009304956,0.007967032,0.019589381,-0.00044087536,3.670505,0.47676626,7.6048303,0.48071367,0.039178763,-0.0008817507,0.0964622,0.01252959,0.08925823,0.00564216,253.77814,255.3725,341.31927,-0.95747995,10.423383,0.118733495
4,25,1,0.0034299996,0.017645769,0.001406876,0.010127405,0.006111487,0.018754173,0.0014537417,3.8292856,0.9401864,6.6606197,-0.28855988,0.037508346,0.0029074834,0.10063501,0.024708435,0.078176,-0.0033868384,253.77971,255.37096,341.0543,-0.65162647,10.422283,0.1410687
4,26,1,0.0034299996,0.018699907,0.0016330952,0.0113297785,0.005737033,0.020205786,-7.044543e-5,4.050227,0.97262055,6.453346,-0.2223036,0.040411573,-0.00014089086,0.10644143,0.025560817,0.075743206,-0.002609182,253.78534,255.39343,341.54953,-0.750317,10.422283,0.14969097
4,27,1,0.0034299996,0.018838141,0.00192713,0.011155804,0.005755208,0.021949545,-0.00077657035,4.0190105,1.0961915,6.4635587,-0.4721672,0.04389909,-0.0015531407,0.10562104,0.028808312,0.075863086,-0.0055418494,253.74577,255.31958,340.85278,-0.62402433,10.420877,0.146582
4,28,1,0.0034299996,0.017129326,0.0013220019,0.010111974,0.00569535,0.018179672,0.0013782062,3.8263676,1.1593964,6.429858,-0.5480788,0.036359344,0.0027564124,0.10055831,0.030469358,0.07546754,-0.0064328173,253.75168,255.2564,341.0729,-0.61131763,10.420877,0.15021053
4,29,1,0.0034299996,0.015606709,0.0014797471,0.008677234,0.005449728,0.01923374,-0.00023164586,3.5445356,0.99854594,6.289681,-0.6360987,0.03846748,-0.0004632917,0.09315167,0.026242148,0.073822275,-0.007465918,253.7611,255.23988,341.3237,-0.36244726,10.41923,0.12727222
4,30,1,0.0034299996,0.016612582,0.0018711902,0.009200167,0.0055412254,0.021628628,-0.00066829275,3.6497784,1.0033184,6.342261,-0.7118004,0.043257255,-0.0013365855,0.0959175,0.026367571,0.07443941,-0.008354434,253.71214,255.08746,340.33612,-0.29151803,10.41923,0.13170284
4,31,1,0.0034299996,0.015422541,0.001345882,0.009030648,0.005046011,0.018343132,0.0015668747,3.6159973,0.85645765,6.0522285,-0.7468946,0.036686264,0.0031337494,0.09502972,0.02250801,0.07103528,-0.00876634,253.7165,255.031,340.71475,-0.10956305,10.4179125,0.100148514
4,32,1,0.0034299996,0.01629573,0.0013848102,0.009506389,0.0054045296,0.01860652,-0.00027857645,3.7100215,0.89205587,6.2635446,-0.4228764,0.03721304,-0.0005571529,0.09750071,0.02344355,0.073515505,-0.0049633244,253.74614,255.12491,341.38052,-0.46917948,10.4179125,0.10536879
4,33,1,0.0034299996,0.016241988,0.0019843592,0.008736326,0.0055213035,0.022273073,-0.00022877926,3.556584,0.47526526,6.3308496,-0.30416092,0.044546146,-0.00045755852,0.093468316,0.012490145,0.074305475,-0.0035699545,253.6966,255.01486,340.65878,-0.17110434,10.417077,0.07269494
4,34,1,0.0034299996,0.014710022,0.0012761373,0.008352732,0.005081152,0.017861532,0.0018661655,3.4776268,0.60025954,6.0732656,-0.5536392,0.035723064,0.003732331,0.091393284,0.015775038,0.0712822,-0.00649809,253.6401,254.69653,340.2992,-0.04662037,10.417077,0.08137678
4,35,1,0.0034299996,0.013153989,0.0013655288,0.0068951007,0.0048933597,0.01847653,0.000387079,3.15965,0.16455455,5.95998,-0.23628859,0.03695306,0.000774158,0.08303674,0.004324555,0.069952555,-0.0027733312,253.59485,254.36754,340.58994,0.07173404,10.417012,0.04946041
4,36,1,0.0034299996,0.013764743,0.0018385112,0.0065206005,0.0054056314,0.021438932,-3.750178e-5,3.0726457,0.103804946,6.264183,-0.30710718,0.042877864,-7.500356e-5,0.080750234,0.0027280317,0.073523,-0.003604535,253.52545,254.16225,339.84418,0.20330223,10.417012,0.053340334
4,37,1,0.0034299996,0.0119469,0.0012750556,0.005832659,0.004839185,0.01785396,0.0024990852,2.9060428,-0.35322285,5.9268966,-0.4712099,0.03570792,0.0049981703,0.07637185,-0.009282825,0.06956425,-0.0055306144,253.47803,253.94633,339.695,0.82443273,10.417687,0.04048209
4,38,1,0.0034299996,0.012624129,0.0013749386,0.0064313724,0.004817818,0.018540082,0.001079756,3.05155,-0.32822943,5.913797,-0.33391994,0.037080165,0.002159512,0.08019584,-0.008625987,0.0694105,-0.00391923,253.43924,253.71532,339.79483,0.66214937,10.417687,0.04451118
4,39,1,0.0034299996,0.013122251,0.001894064,0.0064589013,0.0047692866,0.021760423,0.0008204363,3.058074,-0.82720333,5.883936,-0.2695866,0.043520845,0.0016408726,0.08036729,-0.021739198,0.06906002,-0.0031641445,253.3702,253.49947,338.94482,1.09679,10.418869,0.060377248
4,40,1,0.0034299996,0.012268983,0.0012373641,0.0065007578,0.0045308615,0.017588094,0.0027783115,3.0679672,-0.6832838,5.734977,-0.50848734,0.035176188,0.005556623,0.08062728,-0.017956946,0.067311674,-0.005968139,253.37091,253.50255,339.22284,1.1917711,10.418869,0.054675203
4,41,1,0.0034299996,0.012293327,0.001268268,0.0068054516,0.0042196075,0.017806375,0.0013738518,3.1390421,-1.042146,5.5344853,-0.27243093,0.03561275,0.0027477036,0.08249516,-0.02738798,0.064958505,-0.0031975333,253.3911,253.53065,339.7339,1.3145769,10.420304,0.08417804
4,42,1,0.0034299996,0.013476195,0.0020540329,0.0068822494,0.004539912,0.02266072,0.00076538115,3.156704,-1.1433505,5.7407017,-0.2787481,0.04532144,0.0015307623,0.082959324,-0.030047663,0.06737887,-0.0032716766,253.39923,253.6458,339.34967,1.4220986,10.420304,0.09341825
4,43,1,0.0034299996,0.013556851,0.0014358024,0.007822805,0.004298244,0.018945992,0.0031999247,3.3655028,-1.1531451,5.585818,-0.29065293,0.037891984,0.0063998494,0.088446625,-0.030305063,0.065561,-0.0034114057,253.49776,254.06616,340.06036,1.4437981,10.421887,0.11543975
4,44,1,0.0034299996,0.013897512,0.001376463,0.008123598,0.0043974514,0.018550357,0.0017019216,3.4295957,-1.215697,5.6499124,-0.1342518,0.037100714,0.0034038431,0.09013101,-0.031948958,0.06631328,-0.0015757211,253.57927,254.3534,340.99,1.3499489,10.421887,0.12039854
4,45,1,0.0034299996,0.013944266,0.00223969,0.0075094076,0.004195168,0.02366268,0.0010851887,3.2973993,-0.96049386,5.5184336,-0.23035708,0.04732536,0.0021703774,0.08665684,-0.025242122,0.06477012,-0.0027037119,253.54834,254.2304,340.22412,1.190851,10.4235,0.110523365
4,46,1,0.0034299996,0.012611808,0.0013227356,0.0073754354,0.003913637,0.018184716,0.0032912355,3.2678533,-0.8560327,5.3300524,-0.38762292,0.03636943,0.006582471,0.085880354,-0.02249685,0.06255907,-0.004549548,253.52594,254.07753,340.06992,1.2436557,10.4235,0.107505925
4,47,1,0.0034299996,0.012632425,0.001385049,0.0075429617,0.0037044145,0.018608123,0.0017114856,3.304758,-0.6531561,5.1856236,-0.2026865,0.037216246,0.003422971,0.086850226,-0.017165178,0.0608639,-0.0023789413,253.52359,253.96619,340.45242,0.8558426,10.425152,0.09545948
4,48,1,0.0034299996,0.01402011,0.0018468319,0.008360359,0.0038129182,0.02148739,0.0015090345,3.479214,-0.6850176,5.26102,-0.33960095,0.04297478,0.003018069,0.091435,-0.018002504,0.061748832,-0.003985913,253.47314,253.79585,339.45203,1.0246185,10.425152,0.10001832
4,49,1,0.0034299996,0.012401483,0.0012677761,0.0075795716,0.0035541358,0.017802922,0.0031928255,3.3127675,-0.18812297,5.0793514,-0.55479896,0.035605844,0.006385651,0.087060735,-0.0049439357,0.059616573,-0.0065117013,253.47878,253.7974,339.39496,0.74292195,10.42685,0.07837061
4,50,1,0.0034299996,0.011715671,0.001330566,0.00702447,0.0033606356,0.018238463,0.0016013621,3.1891534,-0.2658538,4.9391465,-0.35852718,0.036476925,0.0032027243,0.08381211,-0.0069867373,0.05797099,-0.0042080497,253.515,253.9335,340.04877,0.62438095,10.42685,0.07410353
4,51,1,0.0034299996,0.011251332,0.0018764813,0.006024663,0.0033501876,0.021659186,0.0009513864,2.953487,0.148543,4.931463,-0.44760555,0.043318372,0.0019027728,0.0776187,0.0039037648,0.057880804,-0.0052535664,253.48357,253.93163,339.3517,0.29906255,10.428518,0.052156135
4,52,1,0.0034299996,0.011059297,0.001323315,0.0062907035,0.0034452789,0.018188698,0.002956033,3.0179935,0.24615762,5.00096,-0.53195935,0.036377396,0.005912066,0.079313956,0.0064691114,0.058696497,-0.0062436336,253.4674,253.8325,339.59082,0.28580174,10.428518,0.043120712
4,53,1,0.0034299996,0.010563151,0.0012284799,0.0059808185,0.0033538528,0.017524838,0.0012749358,2.9427202,0.54431176,4.9341593,-0.24289066,0.035049677,0.0025498716,0.07733575,0.014304711,0.057912458,-0.0028508184,253.4489,253.63986,339.92633,-0.3014211,10.430048,0.040969476
4,54,1,0.0034299996,0.010772862,0.0016160654,0.005626194,0.0035306024,0.020100158,0.0010347595,2.854145,0.5860121,5.0625067,-0.3049285,0.040200315,0.002069519,0.07500796,0.01540061,0.059418872,-0.00357896,253.39868,253.4857,339.02945,-0.2810836,10.430048,0.042929776
4,55,1,0.0034299996,0.010924993,0.0012520859,0.0059926836,0.0036802234,0.017692413,0.002865569,2.9456377,0.8557303,5.168664,-0.4797192,0.035384826,0.005731138,0.07741243,0.022488901,0.060664844,-0.0056304857,253.38017,253.34949,338.98422,-0.3760111,10.431245,0.06179871
4,56,1,0.0034299996,0.010571351,0.0013213207,0.0056589567,0.0035910732,0.018174987,0.0014636626,2.862443,0.74889827,5.105677,-0.22039878,0.036349975,0.0029273252,0.07522604,0.01968132,0.059925564,-0.0025868304,253.41762,253.51567,339.64938,-0.5284995,10.431245,0.06196259
4,57,1,0.0034299996,0.01062634,0.0014259538,0.005897668,0.003302718,0.018880902,0.0014621281,2.9221926,0.7548238,4.896401,-0.12124594,0.037761804,0.0029242563,0.07679628,0.019837042,0.05746928,-0.0014230693,253.4064,253.61995,339.04898,-0.6335779,10.431774,0.075109944
4,58,1,0.0034299996,0.009985371,0.0013553228,0.005438062,0.0031919864,0.018407354,0.003256877,2.80602,0.8488627,4.8136196,-0.3327581,0.03681471,0.006513754,0.07374322,0.022308417,0.056497667,-0.0039055971,253.39314,253.53938,339.19656,-0.5161046,10.431774,0.076913394
4,59,1,0.0034299996,0.009468868,0.0011898341,0.0052862065,0.0029928284,0.017246986,0.001681189,2.7665641,0.6634042,4.661032,0.093962334,0.03449397,0.003362378,0.072706304,0.0174345,0.05470675,0.001102838,253.3968,253.46088,339.70914,-0.75736654,10.431591,0.0767908
4,60,1,0.0034299996,0.009314523,0.0013801471,0.0052139577,0.0027204186,0.018575165,0.0014842799,2.7475932,0.6036354,4.443847,0.00935264,0.03715033,0.0029685597,0.07220774,0.015863754,0.052157633,0.00010977174,253.36612,253.39162,338.8117,-0.612988,10.431591,0.06621063
4,61,1,0.0034299996,0.009188788,0.0011755157,0.0055252914,0.0024879812,0.017142897,0.0033754448,2.8284357,0.6459345,4.2497635,-0.015307147,0.034285795,0.0067508896,0.074332304,0.016975392,0.049879666,-0.00017966164,253.37923,253.46587,339.08664,-0.6306274,10.430902,0.061792254
4,62,1,0.0034299996,0.008986581,0.001071174,0.0054221665,0.0024932402,0.016364397,0.0018534588,2.801916,0.5795931,4.2542524,0.19603737,0.032728795,0.0037069176,0.07363536,0.015231919,0.049932357,0.0023009,253.38713,253.45908,339.6105,-0.7756305,10.430902,0.061623827
4,63,1,0.0034299996,0.008753799,0.00127177,0.0046472987,0.00283473,0.017830942,0.0016933861,2.593994,0.47010142,4.536251,0.1682746,0.035661884,0.0033867722,0.0681711,0.012354436,0.053242184,0.001975048,253.35736,253.42126,338.96826,-0.638376,10.429689,0.04956056
4,64,1,0.0034299996,0.008910261,0.0011921354,0.004634451,0.003083675,0.017263656,0.0034402404,2.590406,0.51196575,4.731246,-0.00046180957,0.034527313,0.006880481,0.068076804,0.013454644,0.055530846,-5.4216143e-6,253.33194,253.2867,338.87247,-0.51150393,10.429689,0.049542885
4,65,1,0.0034299996,0.009046286,0.0010828406,0.00491017,0.0030532756,0.016453272,0.0016939512,2.6663485,0.35553882,4.707867,0.39385617,0.032906543,0.0033879024,0.070072606,0.009343688,0.055256452,0.0046227085,253.31439,253.07288,339.0666,-0.749395,10.428124,0.03954485
4,66,1,0.0034299996,0.008942624,0.0012601572,0.0048144064,0.0028680598,0.017749347,0.0017504719,2.6402197,0.4634261,4.562841,0.44284096,0.035498694,0.0035009438,0.06938592,0.012179004,0.05355427,0.0051976447,253.28902,252.96294,338.32867,-0.90626705,10.428124,0.0411656
4,67,1,0.0034299996,0.008293876,0.0012850753,0.0041942117,0.0028145898,0.017923974,0.003344874,2.4643013,0.396665,4.5201077,0.43337595,0.035847947,0.006689748,0.064762734,0.010424499,0.05305271,0.005086554,253.33473,253.17558,338.75696,-0.83004093,10.426325,0.029791666
4,68,1,0.0034299996,0.008237869,0.0011758908,0.0041500977,0.0029118797,0.017145632,0.001926172,2.4513078,0.27827144,4.5975657,0.6223582,0.034291264,0.003852344,0.06442125,0.007313074,0.053961836,0.0073046475,253.39844,253.44241,339.46432,-0.90062964,10.426325,0.024990704
4,69,1,0.0034299996,0.008548604,0.0013755979,0.004171404,0.0030016026,0.018544527,0.0018581543,2.4575922,0.03624618,4.6678596,0.4738671,0.037089054,0.0037163086,0.06458641,0.0009525627,0.054786883,0.005561798,253.35674,253.37097,338.67728,-0.51011324,10.424368,0.029161299
4,70,1,0.0034299996,0.009190732,0.0012147174,0.004717647,0.0032583668,0.017426398,0.0035619603,2.6135533,0.00864394,4.863414,0.5120867,0.034852795,0.0071239206,0.06868513,0.00022716685,0.057082105,0.0060103857,253.33475,253.1471,338.46054,-0.5207306,10.424368,0.03888329
4,71,1,0.0034299996,0.009260765,0.0011623156,0.004938005,0.0031604448,0.017046375,0.0020294609,2.6738958,-0.2726553,4.789777,0.770216,0.03409275,0.0040589217,0.07027094,-0.007165479,0.056217834,0.00904006,253.34584,253.08925,338.97726,-0.49756068,10.422528,0.05228318
4,72,1,0.0034299996,0.009434693,0.0013573988,0.005021942,0.0030553516,0.018421447,0.0019942026,2.6965256,-0.24006183,4.7094674,0.76311904,0.036842894,0.003988405,0.07086566,-0.0063089104,0.055275235,0.008956763,253.32771,253.04951,338.37823,-0.5230572,10.422528,0.05630535
4,73,1,0.0034299996,0.0085084345,0.0011532533,0.0045305495,0.002824632,0.016979791,0.0036052174,2.561204,-0.42257535,4.528164,0.55611324,0.033959582,0.007210435,0.06730936,-0.011105433,0.053147268,0.0065271277,253.33017,253.05855,338.66147,-0.13353789,10.420819,0.060346246
4,74,1,0.0034299996,0.008332568,0.0011083148,0.0044367067,0.002787547,0.016645681,0.0020693445,2.5345392,-0.47360563,4.49834,0.7914853,0.033291362,0.004138689,0.06660861,-0.01244653,0.052797224,0.009289701,253.27254,252.71098,338.59763,-0.31787968,10.420819,0.063943654
4,75,1,0.0034299996,0.009111602,0.0012879099,0.0050389725,0.0027847192,0.01794373,0.0017691014,2.7010937,-0.53554434,4.496058,0.53543323,0.03588746,0.0035382027,0.07098572,-0.014074298,0.05277044,0.0062844036,253.17793,252.31586,337.55573,0.00011110306,10.419177,0.060365442
4,76,1,0.0034299996,0.009961557,0.0011885535,0.005481056,0.0032919468,0.017237702,0.0034089426,2.8170903,-0.5088245,4.88841,0.3838789,0.034475405,0.006817885,0.074034154,-0.0133720925,0.05737549,0.004505604,253.1576,252.21123,337.4686,0.12494564,10.419177,0.059902925
4,77,1,0.0034299996,0.010293017,0.0011621662,0.005916867,0.0032139842,0.01704528,0.0017647087,2.926945,-0.4976416,4.8301773,0.35645548,0.03409056,0.0035294173,0.07692117,-0.013078201,0.05669201,0.0041837348,253.15523,252.1905,337.68552,0.14118612,10.417629,0.04876545
4,78,1,0.0034299996,0.010806713,0.001345047,0.0064448793,0.0030167862,0.018337442,0.0015401547,3.054753,-0.47964478,4.679651,0.2368157,0.036674883,0.0030803094,0.080280006,-0.01260524,0.054925278,0.0027795157,253.08743,251.94208,336.89197,0.24282907,10.417629,0.047141712
4,79,1,0.0034299996,0.009182799,0.0011480149,0.005398725,0.0026360587,0.016941184,0.0029372338,2.7958524,-0.40755847,4.3744025,-0.108823836,0.03388237,0.0058744675,0.07347602,-0.010710783,0.05134256,-0.0012772704,253.06683,251.72652,336.9049,0.51638234,10.416068,0.039797686
4,80,1,0.0034299996,0.008357434,0.0011680252,0.0047674775,0.0024219311,0.017088192,0.0014117673,2.6273198,-0.5196222,4.192973,0.065048486,0.034176383,0.0028235347,0.06904692,-0.013655859,0.04921312,0.0007634747,253.07819,251.70422,337.29166,0.45457372,10.416068,0.046092786
4,81,1,0.0034299996,0.007693735,0.0011585776,0.00411655,0.0024186077,0.017018942,0.0012638995,2.4413798,-0.32811004,4.1900954,-0.17762557,0.034037884,0.002527799,0.06416035,-0.00862285,0.04917934,-0.0020847996,253.0606,251.75928,336.9244,0.50573564,10.414383,0.03163519
4,82,1,0.0034299996,0.007721969,0.0012182546,0.003783849,0.002719865,0.017451752,0.0029134678,2.340645,-0.33511838,4.4433947,-0.3154789,0.034903504,0.0058269356,0.061513,-0.0088070305,0.052152324,-0.0037027905,253.0454,251.72124,336.9131,0.6505973,10.414383,0.034957405
4,83,1,0.0034299996,0.007695781,0.0012529213,0.0040157186,0.0024271412,0.017698314,0.0012285246,2.411295,-0.14674293,4.197481,-0.3167922,0.035396628,0.0024570492,0.0633697,-0.0038564568,0.049266025,-0.003718206,253.01582,251.50815,337.17456,0.46353513,10.412544,0.027180858
4,84,1,0.0034299996,0.0072762445,0.0012082292,0.0036925988,0.0023754165,0.017379796,0.0011251565,2.3122497,-0.06495624,4.152514,-0.42216733,0.034759592,0.002250313,0.060766757,-0.001707074,0.048738245,-0.004954996,252.89809,251.01077,336.11957,0.48712358,10.412544,0.026120655
4,85,1,0.0034299996,0.006769038,0.0012192474,0.0032215333,0.002328257,0.017458862,0.0021996018,2.1597328,0.11893009,4.1110873,-0.8223655,0.034917723,0.0043992037,0.056758553,0.0031255258,0.048252016,-0.009652142,252.79242,250.58951,335.48218,0.7034354,10.410511,0.027727682
4,86,1,0.0034299996,0.0075322734,0.0012167509,0.00394354,0.0023719822,0.017440978,0.0006415219,2.3895264,-0.023971153,4.149511,-0.6630411,0.034881957,0.0012830438,0.06279761,-0.0006299693,0.048703,-0.007782141,252.71591,250.25854,335.2791,0.68701226,10.410511,0.029773548
4,87,1,0.0034299996,0.008543476,0.0011799968,0.0048291883,0.0025342915,0.01717554,0.0005601964,2.6442697,0.031172339,4.2891326,-0.8813588,0.03435108,0.0011203928,0.06949236,0.0008192207,0.050341748,-0.010344549,252.6791,250.13354,334.5834,0.85018647,10.408257,0.039970286
4,88,1,0.0034299996,0.009043673,0.0011465189,0.0052645253,0.0026326291,0.016930142,0.0021172918,2.7608848,-0.07603168,4.3715563,-0.9558848,0.033860285,0.0042345836,0.07255705,-0.0019981416,0.051309153,-0.011219264,252.73671,250.35886,335.03015,1.0319165,10.408257,0.031978622
4,89,1,0.0034299996,0.009308409,0.0011890912,0.005505519,0.0026137992,0.0172416,0.00048225233,2.82337,-0.063642636,4.355894,-0.7444693,0.0344832,0.00096450467,0.074199185,-0.0016725509,0.05112533,-0.008737872,252.7535,250.39156,335.48004,0.8081119,10.405861,0.03349234
4,90,1,0.0034299996,0.008732642,0.0012219608,0.0047725253,0.0027381561,0.017478278,0.0006484767,2.6287107,0.03263855,4.45831,-0.84936464,0.034956556,0.0012969534,0.06908347,0.0008577506,0.052327394,-0.009969032,252.70226,250.2028,334.89496,0.8167261,10.405861,0.035673775
4,91,1,0.0034299996,0.008580924,0.0012871942,0.004288993,0.0030047372,0.017938744,0.0020147709,2.4919903,0.12923674,4.6702967,-1.0132037,0.03587749,0.0040295417,0.0654904,0.003396387,0.054815482,-0.011892022,252.70183,250.1644,334.7724,0.883967,10.40341,0.037200004
4,92,1,0.0034299996,0.009712642,0.001273997,0.0048564402,0.0035822045,0.017846547,0.00063224166,2.65172,0.029906224,5.0993686,-0.8757443,0.035693094,0.0012644833,0.06968816,0.0007859456,0.05985152,-0.0102786515,252.7225,250.23642,334.98343,0.84583807,10.40341,0.044601418
4,93,1,0.0034299996,0.010032152,0.0012755092,0.0048606447,0.0038959982,0.017857136,0.00065144117,2.6528678,0.1181074,5.3180275,-1.0172805,0.035714272,0.0013028823,0.06971832,0.003103907,0.06241793,-0.011939867,252.72015,250.28632,334.5176,0.8991731,10.400862,0.048444476
4,94,1,0.0034299996,0.010717474,0.0013540459,0.0054420605,0.0039213677,0.018398682,0.0019507848,2.8070514,0.08683145,5.3353148,-1.1732737,0.036797363,0.0039015696,0.07377032,0.0022819585,0.062620826,-0.013770766,252.75256,250.47661,334.80496,1.0864422,10.400862,0.04944024
4,95,1,0.0034299996,0.0101671405,0.0013227729,0.0051600514,0.0036843163,0.018184973,0.0006776804,2.733353,-0.0116287,5.1715374,-0.9081016,0.036369946,0.0013553608,0.0718335,-0.00030560687,0.06069857,-0.010658427,252.73055,250.33875,335.11438,0.9197303,10.398067,0.043918304
4,96,1,0.0034299996,0.010552846,0.0013348889,0.0055374233,0.0036805337,0.018268066,0.00066609995,2.8315392,-0.030466793,5.168882,-0.94912606,0.03653613,0.0013321999,0.074413866,-0.000800677,0.060667403,-0.011139934,252.6675,250.09676,334.3229,0.97959286,10.398067,0.047444504
4,97,1,0.0034299996,0.009896238,0.0013725205,0.005010043,0.003513675,0.018523771,0.0019358285,2.6933289,-0.117325425,5.0503564,-0.9026281,0.037047543,0.003871657,0.070781656,-0.0030833567,0.05927626,-0.010594186,252.64163,249.94843,334.2718,1.0199535,10.395374,0.039240982
4,98,1,0.0034299996,0.010003928,0.0013632099,0.0051860535,0.003454665,0.018460836,0.00058299286,2.740231,-0.19125733,5.0077677,-0.6589027,0.036921673,0.0011659857,0.07201426,-0.00502631,0.058776397,-0.0077335713,252.62721,249.79735,334.526,0.85016,10.395374,0.04525073
4,99,1,0.0034299996,0.009370903,0.0012781116,0.004930582,0.0031622094,0.017875344,0.0010076177,2.671885,-0.13687198,4.7911143,-0.59575015,0.035750687,0.0020152354,0.0702181,-0.0035970446,0.056233525,-0.0069923466,252.58824,249.66095,333.8159,0.73262215,10.392757,0.043524813
4,100,1,0.0034299996,0.009869505,0.0015104162,0.005373735,0.002985353,0.019432036,0.002220464,2.789374,-0.0944763,4.6552076,-0.6411127,0.038864072,0.004440928,0.07330576,-0.0024828706,0.054638386,-0.0075247684,252.5903,249.69705,333.8944,0.73558897,10.392757,0.04586633
5,1,1,0.0024009997,0.037204865,0.0016318125,0.026934227,0.008638826,0.02019785,0.0026648033,6.2448344,0.038749617,7.9189677,-1.4450098,0.0403957,0.0053296066,0.1641165,0.0010183604,0.092945285,-0.016960146,251.80544,247.14372,331.24875,1.4062603,10.390164,0.23381016
5,2,1,0.0024009997,0.037579436,0.0016199539,0.027649356,0.008310125,0.020124326,0.0012121472,6.3271947,0.07124298,7.766852,-1.2561083,0.04024865,0.0024242944,0.16628096,0.0018722746,0.09115989,-0.014743,251.77144,246.978,331.523,1.1848654,10.390164,0.23724128
5,3,1,0.0024009997,0.03450634,0.0013888062,0.02565264,0.0074648946,0.018633345,0.001605115,6.094453,0.12263011,7.3612747,-1.1192052,0.03726669,0.00321023,0.16016442,0.003222769,0.08639962,-0.0131361615,251.72711,246.88416,331.0303,0.9965751,10.388256,0.22652163
5,4,1,0.0024009997,0.03452156,0.0015318032,0.025584532,0.007405224,0.019569129,0.0028813023,6.086357,0.15275481,7.331795,-1.2039205,0.039138258,0.0057626045,0.15995166,0.0040144464,0.08605361,-0.01413047,251.721,246.86707,331.12555,1.0511657,10.388256,0.23556237
5,5,1,0.0024009997,0.03147461,0.0014854544,0.022815162,0.007173992,0.019270796,0.001536956,5.7475195,0.11680441,7.216418,-0.9262068,0.038541593,0.003073912,0.15104689,0.0030696632,0.08469942,-0.010870928,251.70264,246.78416,331.1634,0.8094024,10.386366,0.2105199
5,6,1,0.0024009997,0.030980509,0.0012990497,0.02239673,0.007284728,0.018021166,0.0014489965,5.69457,0.16830668,7.2718997,-0.9085522,0.036042333,0.002897993,0.14965537,0.0044231513,0.08535062,-0.010663713,251.6368,246.58453,330.44885,0.7402456,10.386366,0.21094076
5,7,1,0.0024009997,0.026035158,0.001496116,0.01783884,0.0067002033,0.01933983,0.0028357091,5.0822024,0.15470193,6.9740524,-0.8732303,0.03867966,0.0056714183,0.13356212,0.0040656147,0.08185477,-0.0102491435,251.58156,246.32117,330.32312,0.71852833,10.384687,0.17234814
5,8,1,0.0024009997,0.028554473,0.0014861046,0.019873723,0.007194646,0.019275013,0.0014594342,5.3642416,0.07747503,7.2267985,-0.88545644,0.038550027,0.0029188683,0.1409742,0.002036078,0.08482126,-0.010392643,251.51958,246.11186,330.34027,0.80798143,10.384687,0.1801998
5,9,1,0.0024009997,0.025522893,0.0015574165,0.017255068,0.0067104087,0.019732058,0.0016479393,4.9983544,0.0028531624,6.9793615,-0.9098306,0.039464116,0.0032958786,0.13135855,7.4995885e-5,0.081917085,-0.010678722,251.46567,245.90973,329.35806,0.9069774,10.383508,0.14949723
5,10,1,0.0024009997,0.026922418,0.001733551,0.018110866,0.0070780017,0.020817967,0.0029456306,5.1208053,-0.119519934,7.1679754,-0.9396136,0.041635934,0.005891261,0.13457662,-0.0031410228,0.08413086,-0.011028291,251.51968,246.08284,329.6674,1.0591335,10.383508,0.15835215
5,11,1,0.0024009997,0.023923464,0.0016689753,0.015563233,0.006691257,0.020426547,0.0014106964,4.7469926,-0.3392318,6.969394,-0.67513055,0.040853094,0.0028213928,0.124752685,-0.008915132,0.0818001,-0.0079240315,251.5994,246.46675,330.2313,1.0143623,10.382919,0.12879935
5,12,1,0.0024009997,0.024721367,0.001461731,0.016641252,0.0066183847,0.019116296,0.001656561,4.9086456,-0.38461465,6.9313397,-0.7716425,0.03823259,0.003313122,0.12900098,-0.01010781,0.081353456,-0.009056802,251.61308,246.53864,329.93768,1.1562572,10.382919,0.13093063
5,13,1,0.0024009997,0.0183559,0.0016076115,0.011717143,0.0050311456,0.020047516,0.0028266853,4.118884,-0.35929862,6.043308,-0.34936553,0.04009503,0.0056533706,0.10824575,-0.009442497,0.07093057,-0.0041005216,251.64279,246.47937,330.52185,0.7086642,10.383149,0.10083953
5,14,1,0.0024009997,0.018483847,0.0014351653,0.012022572,0.0050261095,0.018941788,0.0014546276,4.1722217,-0.3939681,6.0402813,-0.09220377,0.037883576,0.0029092552,0.10964749,-0.010353624,0.07089506,-0.0010821988,251.67294,246.61848,331.18127,0.48617187,10.383149,0.103368565
5,15,1,0.0024009997,0.0150259435,0.0012901144,0.00958161,0.004154219,0.01795908,0.0019966469,3.724671,-0.34726,5.491435,-0.08705933,0.03591816,0.0039932937,0.0978857,-0.009126119,0.06445323,-0.001021821,251.63387,246.56526,330.60995,0.43431932,10.384023,0.0840546
5,16,1,0.0024009997,0.015181635,0.0015140111,0.0095076235,0.0041599995,0.019455148,0.002869124,3.7102633,-0.20532443,5.4952555,-0.2155949,0.038910296,0.005738248,0.097507045,-0.005396,0.06449806,-0.0025304484,251.56346,246.18726,330.7008,0.42091933,10.384023,0.08381981
5,17,1,0.0024009997,0.012857896,0.0015873536,0.007516776,0.0037537662,0.019920804,0.0013855911,3.2990167,-0.09670722,5.2200527,-0.08875791,0.039841607,0.0027711822,0.086699344,-0.0025415001,0.061267987,-0.001041758,251.48392,245.79016,330.6841,0.18546513,10.385213,0.06200577
5,18,1,0.0024009997,0.014218792,0.001363439,0.009016956,0.0038383978,0.018462388,0.0014472348,3.6132555,0.052613422,5.278569,-0.3939435,0.036924776,0.0028944695,0.09495766,0.0013826998,0.061954804,-0.0046237344,251.39934,245.56569,329.83792,0.34133005,10.385213,0.06893623
5,19,1,0.0024009997,0.01335373,0.0016534211,0.008535218,0.003165091,0.02033114,0.00277996,3.5154102,0.026133811,4.7932963,-0.46888724,0.04066228,0.00555992,0.092386246,0.00068680604,0.05625914,-0.0055033504,251.39233,245.60104,330.0905,0.44275343,10.386519,0.055396568
5,20,1,0.0024009997,0.013585861,0.0016189759,0.008529018,0.0034378676,0.02011825,0.0013438077,3.514133,-0.039108854,4.9955783,-0.3228995,0.0402365,0.0026876153,0.09235268,-0.0010277947,0.05863333,-0.0037898843,251.40886,245.64835,330.50516,0.36200833,10.386519,0.057752833
5,21,1,0.0024009997,0.010498056,0.0013212461,0.0063881334,0.002788677,0.018174475,0.0016315089,3.0412748,0.0477603,4.4992523,-0.34321263,0.03634895,0.0032630179,0.0799258,0.0012551573,0.052807927,-0.004028302,251.4144,245.69531,330.00595,0.29545233,10.387679,0.041124906
5,22,1,0.0024009997,0.010463789,0.0016896087,0.0062231505,0.0025510301,0.020552425,0.0028750186,3.001745,0.065681666,4.303274,-0.34472495,0.04110485,0.0057500373,0.07888695,0.0017261385,0.050507724,-0.004046055,251.41751,245.7399,330.0264,0.2790433,10.387679,0.04279074
5,23,1,0.0024009997,0.01061155,0.0016446651,0.006501844,0.0024650407,0.020277236,0.0012940498,3.0682235,0.14386219,4.2301254,-0.2918155,0.04055447,0.0025880996,0.08063401,0.0037807503,0.049649175,-0.0034250503,251.37775,245.663,330.29114,0.1479533,10.388446,0.04940481
5,24,1,0.0024009997,0.009693993,0.0014605573,0.0059655095,0.0022679267,0.01910862,0.0014968016,2.9389517,0.23049304,4.0574737,-0.4066885,0.03821724,0.0029936032,0.07723671,0.0060574417,0.047622755,-0.004773323,251.31522,245.46458,329.57443,0.17619547,10.388446,0.045837175
5,25,1,0.0024009997,0.01027316,0.0016871152,0.006889775,0.0016962701,0.020537253,0.002871488,3.1584294,0.310452,3.509043,-0.4677136,0.041074507,0.005742976,0.08300467,0.008158792,0.0411858,-0.0054895747,251.33263,245.50359,329.91083,0.15726158,10.388722,0.06262818
5,26,1,0.0024009997,0.011169553,0.0016366738,0.007471609,0.00206127,0.020227913,0.0012674578,3.28909,0.22083059,3.868198,-0.38371715,0.040455826,0.0025349157,0.08643847,0.005803509,0.04540121,-0.004503705,251.38814,245.79498,330.4314,0.16288656,10.388722,0.061051514
5,27,1,0.0024009997,0.011125129,0.0013872301,0.0077068326,0.002031065,0.018622769,0.0016943072,3.3404627,0.3521698,3.8397515,-0.4830696,0.037245538,0.0033886144,0.08778857,0.009255148,0.04506734,-0.0056698103,251.42456,246.09636,330.0036,0.13089979,10.388327,0.073955305
5,28,1,0.0024009997,0.011325231,0.0017470624,0.007413262,0.0021649064,0.020898938,0.0031637775,3.276222,0.3099171,3.9642477,-0.48570558,0.041797876,0.006327555,0.0861003,0.008144733,0.046528555,-0.0057007503,251.48247,246.22044,330.2667,0.17578849,10.388327,0.07612635
5,29,1,0.0024009997,0.010955908,0.0016452085,0.0074296524,0.0018810468,0.020280585,0.0016956221,3.279842,0.40034157,3.6952257,-0.24413326,0.04056117,0.0033912442,0.08619543,0.0105211185,0.043371037,-0.0028654027,251.5394,246.39114,331.27872,-0.1562083,10.387201,0.086454354
5,30,1,0.0024009997,0.009812344,0.0013254621,0.006770732,0.0017161501,0.018203449,0.0017003709,3.1310248,0.47375497,3.529546,-0.35566974,0.036406897,0.0034007418,0.08228446,0.012450447,0.041426443,-0.0041745133,251.53023,246.42883,330.8751,-0.118085235,10.387201,0.08989174
5,31,1,0.0024009997,0.010660709,0.0016687129,0.0076237298,0.0013682663,0.020424942,0.002996561,3.322404,0.38895386,3.1515667,-0.24625936,0.040849883,0.005993122,0.08731397,0.010221847,0.036990084,-0.0028903584,251.51682,246.38048,331.021,-0.1426945,10.385299,0.09751974
5,32,1,0.0024009997,0.010750096,0.0015682568,0.00775018,0.0014316593,0.01980061,0.0015661102,3.3498437,0.37293765,3.2237475,-0.04595878,0.03960122,0.0031322204,0.08803511,0.009800941,0.037837274,-0.00053941994,251.49661,246.2564,331.25455,-0.32697886,10.385299,0.09674773
5,33,1,0.0024009997,0.010169165,0.0013775266,0.0072619244,0.001529714,0.018557522,0.0015376734,3.2426083,0.34025058,3.3323169,-0.03965586,0.037115045,0.0030753468,0.085216925,0.008941914,0.03911156,-0.00046544243,251.43193,246.08894,330.15866,-0.30059472,10.382684,0.08820298
5,34,1,0.0024009997,0.011168901,0.0016151274,0.007952894,0.0016008789,0.020094324,0.0027398106,3.3933706,0.32931402,3.4089487,-0.11070308,0.040188648,0.0054796212,0.089179,0.008654492,0.040010985,-0.0012993272,251.42078,245.96567,330.27026,-0.21861094,10.382684,0.092637226
5,35,1,0.0024009997,0.011430737,0.0015556584,0.008325106,0.001549972,0.019720918,0.00090630923,3.471871,0.27438134,3.3543096,0.2941527,0.039441835,0.0018126185,0.09124202,0.0072108386,0.039369684,0.003452483,251.46999,246.05267,331.01172,-0.568534,10.379572,0.08192258
5,36,1,0.0024009997,0.010988584,0.0013824565,0.00803231,0.0015738182,0.0185907,0.0012694793,3.4102707,0.27618805,3.380014,0.123580046,0.0371814,0.0025389586,0.08962315,0.007258321,0.039671376,0.0014504646,251.53503,246.44382,330.5512,-0.39976808,10.379572,0.07746022
5,37,1,0.0024009997,0.00992804,0.001626423,0.006702877,0.0015987395,0.020164467,0.002726408,3.1152961,0.052192725,3.4066699,0.34646532,0.040328935,0.005452816,0.0818711,0.0013716462,0.03998424,0.0040664794,251.64215,246.82236,331.22992,-0.39865804,10.376371,0.07393172
5,38,1,0.0024009997,0.009605495,0.0017125849,0.0065165604,0.00137635,0.020691695,0.0010252856,3.0716934,0.07683347,3.1608624,0.5195775,0.04138339,0.0020505711,0.080725215,0.0020192103,0.03709919,0.0060983053,251.7232,247.02304,332.04214,-0.596411,10.376371,0.08013852
5,39,1,0.0024009997,0.009149166,0.0013483686,0.00630426,0.0014965371,0.018360069,0.0013440663,3.021243,-0.09576293,3.2959826,0.6189776,0.036720138,0.0026881327,0.07939937,-0.002516684,0.038685102,0.0072649694,251.7716,247.26993,331.8536,-0.5232147,10.373135,0.06490449
5,40,1,0.0024009997,0.009257148,0.001525785,0.006290674,0.0014406887,0.019530648,0.0027479348,3.0179863,-0.055958603,3.2338977,0.6396872,0.039061297,0.0054958696,0.07931377,-0.001470614,0.037956405,0.007508038,251.7556,247.19977,332.15283,-0.58372855,10.373135,0.07161687
5,41,1,0.0024009997,0.007976902,0.001571997,0.0048504327,0.0015544717,0.019824209,0.0010700211,2.6500797,-0.23394834,3.3591745,0.90333986,0.039648417,0.0021400421,0.06964505,-0.00614825,0.03942679,0.01060254,251.67879,246.86333,332.32703,-0.6693915,10.370015,0.06621593
5,42,1,0.0024009997,0.0071962513,0.0011626977,0.0045298273,0.0015037266,0.017049177,0.0012924431,2.5609996,-0.15114568,3.3038902,0.7760769,0.034098353,0.0025848863,0.06730399,-0.0039721644,0.038777914,0.009108849,251.56479,246.39674,331.39175,-0.6249312,10.370015,0.05373821
5,43,1,0.0024009997,0.0076095853,0.0015201331,0.0045356895,0.0015537626,0.019494442,0.0027368478,2.562656,-0.25475168,3.358409,0.8218631,0.038988885,0.0054736957,0.06734753,-0.0066949637,0.039417796,0.009646244,251.53773,246.235,331.2728,-0.56711143,10.367066,0.05383296
5,44,1,0.0024009997,0.008171216,0.0015443224,0.005069009,0.0015578846,0.019648934,0.0012265026,2.709132,-0.33297637,3.3628604,0.89520764,0.039297868,0.0024530052,0.07119697,-0.0087507395,0.039470047,0.010507091,251.54793,246.28949,331.7384,-0.5622313,10.367066,0.056322135
5,45,1,0.0024009997,0.008093309,0.0012625977,0.0053368695,0.0014938416,0.017766526,0.001246315,2.7797902,-0.34308708,3.293013,0.76798904,0.035533052,0.00249263,0.07305388,-0.009016453,0.03865025,0.009013923,251.52486,246.40785,330.9498,-0.42490196,10.364369,0.05327649
5,46,1,0.0024009997,0.007943105,0.00142472,0.0049811616,0.001537223,0.018872732,0.0026392755,2.6855547,-0.34965223,3.340486,0.78309023,0.037745465,0.005278551,0.070577346,-0.009188986,0.039207436,0.009191165,251.52719,246.37752,331.1335,-0.433438,10.364369,0.052344725
5,47,1,0.0024009997,0.0075836834,0.0014298934,0.0044915103,0.0016622794,0.018906966,0.0008816238,2.5501451,-0.39025825,3.473707,0.94125473,0.03781393,0.0017632477,0.06701873,-0.010256127,0.04077106,0.011047551,251.58235,246.47763,331.87674,-0.5509965,10.361943,0.0478578
5,48,1,0.0024009997,0.0089188265,0.0012807982,0.005870013,0.0017680154,0.01789412,0.0009872796,2.9153335,-0.2170349,3.5824842,0.8237482,0.03578824,0.0019745592,0.07661601,-0.0057037547,0.042047776,0.00966837,251.66821,246.93294,331.7294,-0.6067133,10.361943,0.03829395
5,49,1,0.0024009997,0.008202597,0.0014340086,0.0051643588,0.0016042293,0.018934153,0.0024118715,2.7344935,-0.3129368,3.412514,0.8398664,0.037868306,0.004823743,0.07186347,-0.008224092,0.04005283,0.00985755,251.80327,247.46577,332.56274,-0.5269296,10.359891,0.04957092
5,50,1,0.0024009997,0.008274692,0.0015495778,0.0050620264,0.0016630878,0.019682338,0.0009324356,2.7072656,-0.49741602,3.4745517,1.0196338,0.039364677,0.0018648712,0.07114792,-0.013072272,0.040780973,0.01196749,251.93333,247.87682,333.39603,-0.52221775,10.359891,0.061855435
5,51,1,0.0024009997,0.0074994056,0.0012744738,0.004577595,0.001647337,0.017849887,0.00072012347,2.5744672,-0.3838423,3.4580593,0.8766104,0.035699774,0.0014402469,0.067657925,-0.010087513,0.0405874,0.010288814,252.00943,248.18071,333.14764,-0.4927681,10.35826,0.060033813
5,52,1,0.0024009997,0.0070807193,0.0013696942,0.0041581374,0.0015528878,0.01850469,0.0023449564,2.4536808,-0.41191024,3.3574631,0.88124883,0.03700938,0.004689913,0.06448362,-0.01082515,0.0394067,0.010343258,252.06049,248.38684,333.62137,-0.4693386,10.35826,0.065889046
5,53,1,0.0024009997,0.0064992276,0.0013887899,0.0035142135,0.0015962241,0.018633235,0.0006883953,2.2557073,-0.35004634,3.403989,0.96400404,0.03726647,0.0013767906,0.0592808,-0.009199344,0.039952774,0.011314558,252.11743,248.67418,334.42407,-0.6139577,10.357,0.050665975
5,54,1,0.0024009997,0.0062566726,0.001207226,0.003519393,0.0015300538,0.017372578,0.0008066882,2.2573688,-0.17806284,3.3326871,0.8940148,0.034745157,0.0016133764,0.059324473,-0.004679558,0.039115902,0.010493092,252.11438,248.8073,334.17078,-0.7159519,10.357,0.041900814
5,55,1,0.0024009997,0.0058669,0.001360193,0.0030384085,0.0014682983,0.018440397,0.0022559776,2.0974507,-0.014023179,3.264738,0.76480234,0.036880795,0.004511955,0.05512176,-0.00036853386,0.03831838,0.008976521,252.11533,248.86537,334.21603,-0.75077915,10.355998,0.03318713
5,56,1,0.0024009997,0.0059305024,0.0013354102,0.0030899632,0.001505129,0.018271632,0.0007174175,2.1151702,-0.08690986,3.305431,0.91646725,0.036543265,0.001434835,0.055587437,-0.0022840216,0.038795993,0.010756617,252.12614,248.84564,334.80023,-0.8295574,10.355998,0.02852612
5,57,1,0.0024009997,0.0064082053,0.001166447,0.0038371186,0.0014046398,0.017076643,0.0005710434,2.3570635,0.22747244,3.1931822,0.6963493,0.034153286,0.0011420868,0.06194448,0.0059780567,0.037478525,0.008173084,252.11362,248.80817,334.36084,-0.92382175,10.355229,0.02926381
5,58,1,0.0024009997,0.0067213355,0.0013715139,0.0038864831,0.0014633383,0.018516978,0.0020694353,2.3721766,0.22177848,3.2592192,0.69677174,0.037033956,0.0041388706,0.062341664,0.0058284174,0.038253605,0.00817804,252.13948,248.85353,334.54605,-0.91855025,10.355229,0.027647866
5,59,1,0.0024009997,0.0067142188,0.0014745106,0.0036795093,0.0015601986,0.019199679,0.00040311945,2.308148,0.28978273,3.3653572,0.6797677,0.038399357,0.0008062389,0.060658958,0.007615597,0.03949935,0.007978466,252.2421,249.23256,335.4196,-0.9695505,10.354546,0.030192042
5,60,1,0.0024009997,0.0069139004,0.0013939897,0.0039811344,0.0015387763,0.018668085,0.00019136294,2.400889,0.3596293,3.342173,0.5282741,0.03733617,0.00038272588,0.06309623,0.009451188,0.03922724,0.006200375,252.28413,249.55023,335.0295,-0.88790345,10.354546,0.035490554
5,61,1,0.0024009997,0.0069759507,0.0014468387,0.00400374,0.0015253723,0.019018667,0.0018732876,2.4076958,0.51771474,3.327585,0.3083145,0.038037334,0.0037465752,0.06327511,0.01360573,0.039056014,0.0036187016,252.29633,249.6105,335.24857,-0.82602924,10.353837,0.044013668
5,62,1,0.0024009997,0.007207586,0.0013778836,0.004038263,0.0017914395,0.018559927,9.996948e-5,2.4180536,0.36311302,3.6061378,0.58252525,0.037119854,0.00019993896,0.06354733,0.009542741,0.0423254,0.0068371254,252.33722,249.61714,336.00504,-0.9456383,10.353837,0.03782038
5,63,1,0.0024009997,0.008251013,0.0012999645,0.0052073677,0.0017436806,0.01802751,-1.3007434e-5,2.745856,0.49075308,3.5577438,0.4121409,0.03605502,-2.6014868e-5,0.07216209,0.012897168,0.0417574,0.0048373174,252.34561,249.72705,335.2474,-0.902894,10.352948,0.04549514
5,64,1,0.0024009997,0.0079316925,0.0013439152,0.0047323722,0.0018554055,0.018329725,0.0018142149,2.617629,0.54384446,3.669954,0.49846318,0.03665945,0.0036284297,0.06879224,0.014292428,0.043074418,0.005850485,252.39429,249.89943,335.72318,-1.0423076,10.352948,0.045909833
5,65,1,0.0024009997,0.007128606,0.0012436802,0.0040895543,0.0017953715,0.017632926,0.0003704835,2.4333615,0.27138573,3.610093,0.5900045,0.03526585,0.000740967,0.06394962,0.0071321153,0.042371824,0.00692491,252.46149,250.1803,336.39536,-0.86139023,10.351918,0.04035046
5,66,1,0.0024009997,0.0073900623,0.0013210587,0.0043264497,0.0017425541,0.018173186,0.00014152401,2.5028481,0.4018013,3.5565944,0.48155922,0.036346372,0.00028304802,0.06577575,0.010559482,0.04174391,0.0056520845,252.46074,250.21867,335.7931,-0.8833605,10.351918,0.040101577
5,67,1,0.0024009997,0.007273353,0.001361031,0.0041968436,0.0017154786,0.018446077,0.0018435253,2.4650748,0.38361263,3.5288558,0.2606221,0.036892153,0.0036870507,0.06478305,0.010081478,0.041418336,0.0030589353,252.48997,250.29593,336.05765,-0.6442348,10.350752,0.034684822
5,68,1,0.0024009997,0.007455636,0.0013004349,0.0043806154,0.0017745855,0.018030772,0.00015102192,2.518467,0.15442546,3.5891342,0.43559885,0.036061544,0.00030204383,0.06618622,0.0040583564,0.04212583,0.005112644,252.58635,250.67387,336.8406,-0.5900243,10.350752,0.029419463
5,69,1,0.0024009997,0.0077383933,0.0013494202,0.0048035965,0.0015853764,0.018367227,-4.099144e-5,2.637254,0.20366746,3.3924026,0.30228332,0.036734454,-8.198288e-5,0.06930798,0.0053524547,0.039816786,0.0035479134,252.62431,250.90663,336.5675,-0.5059508,10.34945,0.03247217
5,70,1,0.0024009997,0.0071904017,0.0013847185,0.004082395,0.001723288,0.018605903,0.0017132435,2.431231,0.29640263,3.5368788,0.2904115,0.037211806,0.003426487,0.06389362,0.0077895666,0.041512504,0.0034085736,252.65694,250.96228,336.8458,-0.58681417,10.34945,0.035166398
5,71,1,0.0024009997,0.0074330033,0.0013427247,0.0041431775,0.0019471013,0.018321604,4.3131036e-5,2.449263,0.061558038,3.7595468,0.29951394,0.036643207,8.626207e-5,0.06436752,0.0016177681,0.04412597,0.0035154098,252.67558,250.89413,337.46237,-0.36107197,10.348019,0.03609822
5,72,1,0.0024009997,0.008337955,0.0013737357,0.0049628415,0.0020013778,0.01853197,-0.00010111966,2.6806114,0.039197654,3.8115861,0.093746305,0.03706394,-0.00020223932,0.07044744,0.001030129,0.04473676,0.0011003054,252.64906,250.77754,336.82373,-0.13294396,10.348019,0.032463185
5,73,1,0.0024009997,0.008106815,0.0013542984,0.004688091,0.0020644255,0.018400397,0.0016120946,2.6053536,0.069207795,3.8711576,-0.073448025,0.036800794,0.0032241892,0.068469636,0.0018188063,0.04543595,-0.00086206256,252.6654,250.82967,336.7361,0.0042402297,10.346368,0.02740157
5,74,1,0.0024009997,0.007827049,0.0013738619,0.004398547,0.0020546399,0.018532822,0.0003203577,2.5236163,-0.11970327,3.861972,0.2601202,0.037065644,0.0006407154,0.066321544,-0.0031458458,0.045328137,0.0030530414,252.71527,251.02042,337.45914,-0.14041695,10.346368,0.036713507
5,75,1,0.0024009997,0.007573999,0.0014762684,0.00427448,0.0018232506,0.019211119,0.00016950507,2.4877706,-0.05898065,3.638014,0.12312409,0.038422238,0.00033901015,0.06537951,-0.0015500326,0.04269954,0.001445111,252.72214,251.17038,337.0412,-0.06414344,10.344573,0.033499286
5,76,1,0.0024009997,0.0073639303,0.0015223277,0.003952343,0.0018892593,0.019508509,0.0019521957,2.3921916,0.12922907,3.7032835,0.14221492,0.039017018,0.0039043913,0.062867664,0.0033961877,0.04346561,0.0016691817,252.76753,251.33353,337.19925,-0.271444,10.344573,0.034245092
5,77,1,0.0024009997,0.0066979835,0.0014736428,0.0031579905,0.00206635,0.019194027,0.00040208793,2.138327,-0.09206706,3.8729618,0.35724315,0.038388055,0.00080417586,0.056196,-0.0024195553,0.045457125,0.004192976,252.84908,251.58763,338.0161,-0.2651761,10.342834,0.03718446
5,78,1,0.0024009997,0.007431891,0.0014364872,0.0039178752,0.0020775283,0.018950509,0.0002825218,2.3817377,-0.16264324,3.8834226,0.25798774,0.037901018,0.0005650436,0.06259293,-0.0042743213,0.04557991,0.0030280158,252.83485,251.5843,337.4718,-0.0953445,10.342834,0.039981544
5,79,1,0.0024009997,0.0071520554,0.0014764393,0.0037856284,0.0018899877,0.019212231,0.0020216063,2.341195,-0.051342435,3.7039976,0.03495249,0.038424462,0.0040432126,0.06152746,-0.0013492969,0.04347399,0.0004102401,252.81996,251.51918,337.66043,0.016389944,10.341105,0.04202555
5,80,1,0.0024009997,0.007091459,0.001316223,0.0036044403,0.0021707958,0.018139893,0.00031025926,2.2844813,-0.13790633,3.9696357,0.17934588,0.036279786,0.0006205185,0.06003699,-0.0036242285,0.0465918,0.0021049904,252.83055,251.48303,338.31305,-0.041439548,10.341105,0.043797385
5,81,1,0.0024009997,0.007290866,0.001516393,0.0037812556,0.0019932177,0.019470446,1.7772645e-5,2.3398428,-0.20174901,3.8038082,-0.057804916,0.03894089,3.554529e-5,0.061491914,-0.005302038,0.044645466,-0.0006784604,252.81183,251.52727,337.51743,0.25955394,10.339409,0.04019453
5,82,1,0.0024009997,0.007199716,0.0014472123,0.0035517092,0.0022007942,0.019021122,0.0019215738,2.267709,-0.09142641,3.99697,-0.13593146,0.038042244,0.0038431475,0.05959622,-0.0024027198,0.04691262,-0.0015954333,252.84549,251.65775,337.64133,0.22735786,10.339409,0.043099236
5,83,1,0.0024009997,0.007251328,0.0012577589,0.0037154534,0.0022781154,0.017732449,0.0002320174,2.319394,-0.23601681,4.0665774,0.0033077663,0.035464898,0.0004640348,0.06095452,-0.006202605,0.047729608,3.88249e-5,252.92001,251.86385,338.47455,0.23270905,10.337875,0.042044815
5,84,1,0.0024009997,0.008069745,0.0014912718,0.004247053,0.0023314203,0.019308494,-0.0002257511,2.4797761,-0.21130593,4.113879,-0.08031001,0.03861699,-0.0004515022,0.06516942,-0.005553196,0.048284784,-0.0009426017,252.96553,252.05861,337.89874,0.29161593,10.337875,0.045530714
5,85,1,0.0024009997,0.0077219536,0.0013399831,0.004070365,0.0023116055,0.01830289,0.0018007195,2.4276462,-0.2720616,4.0963593,-0.13794339,0.03660578,0.003601439,0.06379941,-0.00714988,0.04807916,-0.0016190482,253.02773,252.31784,337.9786,0.41000497,10.336453,0.047766786
5,86,1,0.0024009997,0.008053433,0.0011555698,0.004368379,0.0025294847,0.016996836,2.9407329e-5,2.514947,-0.4132923,4.2850633,0.23580717,0.033993673,5.8814658e-5,0.06609371,-0.010861471,0.050293982,0.0027676784,253.10387,252.54782,338.9476,0.17748512,10.336453,0.057009492
5,87,1,0.0024009997,0.008459938,0.001532553,0.00426977,0.0026576149,0.019573918,-0.0002229327,2.4863997,-0.37461734,4.3922524,0.083652146,0.039147835,-0.0004458654,0.06534348,-0.009845079,0.05155206,0.0009818306,253.11125,252.61044,338.68994,0.2909652,10.335211,0.052047733
5,88,1,0.0024009997,0.008161422,0.0013335006,0.0042727627,0.002555159,0.018258564,0.0017127016,2.4872706,-0.31216303,4.3067555,0.025831973,0.03651713,0.0034254033,0.06536637,-0.008203756,0.05054858,0.00030319017,253.09923,252.54646,338.77225,0.28633106,10.335211,0.05425128
5,89,1,0.0024009997,0.0079149045,0.001135446,0.004147342,0.002632117,0.01684819,-6.887426e-5,2.4504936,-0.32943726,4.371131,0.19815564,0.03369638,-0.00013774852,0.06439986,-0.008657729,0.05130416,0.00232576,253.10669,252.53677,339.34003,0.13128161,10.33413,0.04727734
5,90,1,0.0024009997,0.008817682,0.0016632342,0.0043134773,0.0028409704,0.020391384,-0.00056320603,2.4990935,-0.33441308,4.541241,0.09771782,0.04078277,-0.0011264121,0.06567707,-0.008788499,0.053300753,0.0011469162,253.07292,252.50699,338.87247,0.23669526,10.33413,0.048782326
5,91,1,0.0024009997,0.00785374,0.0012973725,0.003979586,0.0025767814,0.018009529,0.0015456148,2.400422,-0.1851825,4.3249393,-0.011919426,0.036019057,0.0030912296,0.06308396,-0.004866662,0.05076201,-0.00013989872,253.05814,252.4235,338.933,0.19710192,10.333103,0.045411833
5,92,1,0.0024009997,0.008643195,0.0012162465,0.0043915818,0.003035367,0.017437363,0.00010821035,2.5216174,-0.33871758,4.69404,0.22994094,0.034874726,0.0002164207,0.06626901,-0.008901621,0.055094164,0.0026988296,253.08199,252.43509,339.47302,0.108776644,10.333103,0.05491947
5,93,1,0.0024009997,0.009062798,0.0014728672,0.0043311045,0.0032588264,0.019188976,-0.0002481935,2.5041943,-0.34332055,4.863757,0.19909552,0.03837795,-0.000496387,0.06581113,-0.009022589,0.057086132,0.0023367922,253.0574,252.32112,338.65546,0.14422503,10.332102,0.053572644
5,94,1,0.0024009997,0.008599355,0.0012894175,0.004297324,0.0030126132,0.01795423,0.0016542411,2.4944093,-0.14236543,4.6764135,0.054158527,0.03590846,0.0033084822,0.06555398,-0.0037414148,0.054887276,0.0006356601,253.06892,252.36293,338.6146,0.0882069,10.332102,0.049225777
5,95,1,0.0024009997,0.009148864,0.0012276047,0.004827539,0.0030937204,0.017518595,-1.0665393e-5,2.643818,-0.13949873,4.7389455,0.0990747,0.03503719,-2.1330787e-5,0.06948049,-0.0036660759,0.05562122,0.0011628469,253.09254,252.38657,339.1699,0.040424027,10.331143,0.048463497
5,96,1,0.0024009997,0.010055518,0.0014367122,0.0052683814,0.0033504239,0.018951993,-0.0003562739,2.7618954,-0.1917376,4.9316363,0.014211481,0.037903987,-0.0007125478,0.072583616,-0.005038936,0.057882845,0.00016680028,253.08727,252.39627,338.66342,0.17752613,10.331143,0.0502461
5,97,1,0.0024009997,0.009109484,0.0012948321,0.004556656,0.003257996,0.017991887,0.0014531187,2.568572,0.054362096,4.8631372,-0.13778524,0.035983775,0.0029062375,0.067503005,0.0014286565,0.057078857,-0.0016171908,253.08997,252.39491,338.5412,0.083423145,10.330154,0.04532343
5,98,1,0.0024009997,0.009479219,0.0012584894,0.004809327,0.003411403,0.017737597,-7.022052e-5,2.6388261,0.031504218,4.9763136,0.100046024,0.035475194,-0.00014044104,0.06934931,0.000827944,0.058407217,0.0011742404,253.10818,252.38861,339.0305,-0.13155024,10.330154,0.054647546
5,99,1,0.0024009997,0.009819502,0.0015769833,0.005004682,0.003237837,0.019855624,-0.0007144956,2.6918874,0.20323344,4.8480678,-0.08954651,0.039711248,-0.0014289912,0.07074378,0.005341049,0.056901995,-0.0010510142,253.0728,252.27415,338.46457,-0.11368693,10.329123,0.05050354
5,100,1,0.0024009997,0.01019118,0.0011970879,0.0056161582,0.0033779333,0.017299479,0.0011051559,2.851598,0.22914003,4.9518414,-0.3141015,0.034598958,0.0022103118,0.07494103,0.0060218847,0.05811999,-0.0036866206,253.04501,252.10994,338.25143,0.08496146,10.329123,0.055764772
