ic,traj,n_steps,eta,loss_total,loss_T,loss_olw,loss_slwd,rmse_T,bias_T,rmse_olw,bias_olw,rmse_slwd,bias_slwd,nrmse_T,nbias_T,nrmse_olw,nbias_olw,nrmse_slwd,nbias_slwd,mean_T,mean_olw,mean_slwd,bias_C,pnorm,gnorm
1,1,2,0.01,0.3471807,0.010708586,0.28077394,0.055698168,0.05174115,-0.0038725138,20.162624,7.88264,20.107664,-2.8448353,0.1034823,-0.0077450275,0.52988106,0.20715864,0.23600459,-0.03338996,252.643,251.41217,336.8346,-5.0378046,10.830645,1.0335556
1,2,2,0.01,0.39616853,0.013065546,0.3273397,0.055763282,0.05715231,-0.006475693,21.770481,9.203532,20.119417,-2.7057073,0.11430462,-0.012951386,0.5721361,0.24187207,0.2361425,-0.03175701,252.68173,251.42722,337.55673,-6.4978247,10.830645,1.1387401
1,3,2,0.01,0.2481356,0.009802057,0.2017533,0.03658024,0.04950267,-0.0064947126,17.091454,10.838593,16.295382,-3.748393,0.09900534,-0.012989425,0.44916958,0.28484213,0.19125961,-0.043995067,252.6464,251.30852,337.0198,-7.0901995,10.809698,1.0311099
1,4,2,0.01,0.22935924,0.008444079,0.18421662,0.036698535,0.045945834,-0.0037908866,16.331762,9.853611,16.321707,-3.7877512,0.09189167,-0.007581773,0.42920464,0.25895643,0.19156861,-0.044457003,252.62338,251.20222,337.14166,-6.06586,10.809698,0.99861306
1,5,2,0.01,0.13868351,0.0069888006,0.1046914,0.027003307,0.041799523,-0.001450255,12.311874,6.2202935,14.000697,-3.1286883,0.083599046,-0.00290051,0.3235605,0.16347155,0.16432683,-0.036721572,252.62926,251.16232,337.8024,-3.0916052,10.794592,0.6801045
1,6,2,0.01,0.13535398,0.006897343,0.10131097,0.027145669,0.04152512,-0.0022749205,12.11147,6.347905,14.037555,-3.1707683,0.08305024,-0.004549841,0.31829384,0.16682525,0.16475943,-0.037215453,252.59572,251.13289,337.1635,-3.177137,10.794592,0.6872404
1,7,2,0.01,0.0619721,0.00692864,0.03443312,0.02061034,0.041619226,0.0063556107,7.060848,-0.72492325,12.231615,-2.1305375,0.08323845,0.012711221,0.18556163,-0.019051243,0.14356302,-0.025006218,252.57867,251.05417,337.18246,2.8554606,10.793924,0.165218
1,8,2,0.01,0.06606899,0.0069360035,0.038786843,0.020346146,0.041641336,0.0044636526,7.4939513,-0.09745326,12.1529665,-1.9678802,0.08328267,0.008927305,0.19694376,-0.0025611056,0.14263992,-0.023097096,252.5874,251.01025,337.858,2.0653336,10.793924,0.19455408
1,9,2,0.01,0.08003238,0.008866728,0.056832187,0.014333463,0.047081653,0.0080961455,9.071223,-5.271742,10.20039,-0.65391034,0.094163306,0.016192291,0.23839502,-0.13854328,0.11972244,-0.007674982,252.54999,250.90111,337.00024,5.925652,10.800554,0.47179782
1,10,2,0.01,0.083979666,0.009979056,0.059924927,0.014075684,0.049947612,0.010962734,9.314776,-5.899014,10.10825,-0.83088267,0.099895224,0.021925468,0.24479568,-0.15502821,0.11864099,-0.009752099,252.5675,250.9682,336.85376,6.7298965,10.800554,0.5194872
1,11,2,0.01,0.09215844,0.008934831,0.07427425,0.008949357,0.047262117,0.009350081,10.370215,-7.155297,8.060039,0.25590146,0.094524235,0.018700162,0.27253303,-0.18804377,0.09460104,0.0030035274,252.64159,251.25014,337.7592,6.8993955,10.796455,0.67940634
1,12,2,0.01,0.09056981,0.008411109,0.07274391,0.009414792,0.04585605,0.008920059,10.262826,-7.222363,8.266974,0.30015647,0.0917121,0.017840117,0.26971078,-0.18980631,0.09702985,0.0035229549,252.68071,251.51305,337.54,6.9222064,10.796455,0.6829125
1,13,2,0.01,0.06661623,0.007114392,0.053861484,0.0056403545,0.042173427,0.009208841,8.830958,-5.8497505,6.3987393,0.264785,0.08434685,0.018417682,0.23208077,-0.15373357,0.07510229,0.0031077983,252.73149,251.74072,337.58737,5.5849657,10.7853365,0.5267082
1,14,2,0.01,0.0654695,0.0066044196,0.052995276,0.005869811,0.04063379,0.0075020418,8.75966,-5.495361,6.5275965,0.48338988,0.08126758,0.0150040835,0.23020703,-0.14442007,0.07661469,0.00567357,252.78152,251.83176,338.29593,5.011971,10.7853365,0.50654054
1,15,2,0.01,0.04794567,0.004731769,0.039913233,0.0033006687,0.03439393,0.0034538237,7.601987,-1.7265517,4.8948812,-0.07911131,0.06878786,0.0069076475,0.19978297,-0.045374397,0.057451446,-0.0009285296,252.74136,251.66316,337.3984,1.805663,10.774084,0.18736927
1,16,2,0.01,0.047002055,0.0044218604,0.03920358,0.0033766136,0.033248536,0.006262203,7.534103,-2.316988,4.950874,-0.32715788,0.06649707,0.012524406,0.19799894,-0.06089128,0.058108635,-0.003839869,252.70851,251.46188,337.1343,2.644146,10.774084,0.2185607
1,17,2,0.01,0.045136996,0.0041188365,0.038398962,0.0026191976,0.03208908,0.0014145966,7.4563866,1.250091,4.36039,-0.6759582,0.06417816,0.0028291931,0.19595653,0.032852836,0.051178098,-0.007933753,252.7306,251.51764,337.76794,-0.57413274,10.765056,0.22545646
1,18,2,0.01,0.04290414,0.004417456,0.0357075,0.0027791818,0.033231974,0.0005189733,7.1903224,1.1959997,4.491586,-0.53891546,0.06646395,0.0010379466,0.18896428,0.031431302,0.052717946,-0.0063252756,252.70699,251.50162,337.36224,-0.6570843,10.765056,0.2078361
1,19,2,0.01,0.039849352,0.0035273004,0.03369478,0.002627273,0.02969554,0.001450418,6.984737,2.427567,4.367107,-0.97838193,0.05939108,0.002900836,0.18356138,0.06379734,0.051256932,-0.011483313,252.72621,251.55699,337.5652,-1.4491851,10.758151,0.24495675
1,20,2,0.01,0.03965909,0.0044026575,0.032664433,0.0025920025,0.033176262,-0.00086400396,6.8771133,2.68086,4.337694,-0.598049,0.066352524,-0.0017280079,0.18073304,0.07045398,0.050911713,-0.007019327,252.76129,251.58578,338.44434,-2.082811,10.758151,0.25758752
1,21,2,0.01,0.043721862,0.0057609226,0.035257317,0.0027036224,0.03795037,-0.0027754344,7.144853,3.0528362,4.4301066,-0.6418825,0.07590074,-0.005550869,0.18776932,0.08022963,0.05199637,-0.007533807,252.77533,251.76262,337.95502,-2.4109538,10.752928,0.26571396
1,22,2,0.01,0.04182965,0.004016188,0.035199896,0.0026135673,0.0316867,0.0004797763,7.1390324,2.6525319,4.355701,-0.84877884,0.0633734,0.0009595526,0.18761635,0.06970949,0.05112306,-0.009962155,252.79774,251.79077,337.97723,-1.803753,10.752928,0.23112097
1,23,2,0.01,0.045685977,0.005152356,0.037483517,0.0030501022,0.035889957,-0.0022123537,7.366969,2.8510754,4.70542,-0.31316844,0.071779914,-0.0044247075,0.1936066,0.07492727,0.05522773,-0.0036756734,252.85933,251.9725,338.92172,-2.537907,10.749366,0.2745697
1,24,2,0.01,0.045247585,0.0056048995,0.03669891,0.0029437728,0.03743294,-0.0028218718,7.289458,3.046069,4.622675,-0.25915626,0.07486588,-0.0056437436,0.1915696,0.08005178,0.054256547,-0.0030417298,252.84134,252.01521,338.4375,-2.7869127,10.749366,0.26870286
1,25,2,0.01,0.03557285,0.0040540523,0.028694201,0.0028245961,0.03183572,8.67529e-5,6.445635,1.9342941,4.5281353,-0.046380382,0.06367144,0.0001735058,0.16939363,0.05083395,0.05314693,-0.00054436864,252.83908,251.99503,338.28125,-1.8879137,10.747393,0.18877427
1,26,2,0.01,0.039744906,0.0054287356,0.031206282,0.003109886,0.036839977,-0.0019281793,6.7218633,1.9550037,4.7513113,0.34136763,0.073679954,-0.0038563586,0.176653,0.0513782,0.05576635,0.0040066475,252.93088,252.32898,339.082,-2.2963715,10.747393,0.20597431
1,27,2,0.01,0.034484338,0.0052987915,0.026011376,0.0031741697,0.0363964,-0.0017638938,6.136918,0.68045616,4.8001666,0.83754826,0.0727928,-0.0035277875,0.16128042,0.017882636,0.05633977,0.009830341,252.9629,252.55016,338.71582,-1.5180044,10.747359,0.11249171
1,28,2,0.01,0.033281386,0.0040158313,0.026861794,0.0024037596,0.031685293,0.0008654916,6.2364316,0.73366064,4.1772137,0.5725819,0.063370585,0.0017309831,0.16389568,0.019280871,0.04902815,0.00672042,252.95116,252.45955,338.3755,-1.3062425,10.747359,0.10361816
1,29,2,0.01,0.03383169,0.004603833,0.02628891,0.0029389453,0.033925775,-0.0005821401,6.169571,-0.07087964,4.618883,1.6048784,0.06785155,-0.0011642802,0.16213855,-0.0018627439,0.05421204,0.018836528,252.98819,252.42793,339.1598,-1.5339987,10.749337,0.063934125
1,30,2,0.01,0.034803566,0.0051006014,0.026630765,0.0030721982,0.035709247,-0.0013814601,6.209555,0.16003971,4.722433,1.6825975,0.071418494,-0.0027629202,0.16318935,0.004205903,0.055427413,0.019748721,252.99124,252.43286,338.7099,-1.8426372,10.749337,0.064374864
1,31,2,0.01,0.028725762,0.0034415394,0.022935603,0.0023486202,0.029332317,0.0017703057,5.7626696,-0.94490886,4.129026,1.7113916,0.058664635,0.0035406114,0.15144505,-0.024832543,0.048462566,0.020086678,253.01503,252.59744,338.52817,-0.7664827,10.752648,0.10060507
1,32,2,0.01,0.031293727,0.0042499024,0.024135165,0.0029086615,0.03259564,-0.00012260939,5.911447,-1.1398121,4.595024,2.1531358,0.06519128,-0.00024521878,0.15535496,-0.029954677,0.053932007,0.025271457,253.08519,252.85742,339.51572,-1.0133237,10.752648,0.120975524
1,33,2,0.01,0.03930309,0.0039786557,0.030993149,0.004331287,0.031538293,-0.0005441148,6.69887,-2.1360717,5.607247,2.429877,0.063076586,-0.0010882296,0.17604871,-0.05613674,0.06581251,0.02851958,253.12003,253.07686,339.3384,-0.29380536,10.755877,0.21485224
1,34,2,0.01,0.032740887,0.0031087364,0.026367065,0.0032650852,0.027878022,0.0022760406,6.178735,-2.029878,4.868425,2.1770165,0.055756044,0.004552081,0.16237938,-0.053345926,0.057140924,0.025551744,253.12897,253.0468,339.28528,-0.1471386,10.755877,0.19443594
1,35,2,0.01,0.032901406,0.0037643975,0.026372436,0.0027645698,0.030677343,0.00039254202,6.179365,-2.3375528,4.4797626,1.9111248,0.061354686,0.00078508403,0.16239592,-0.061431732,0.052579176,0.022430956,253.12082,252.935,339.66626,0.42642796,10.757482,0.21615496
1,36,2,0.01,0.0341901,0.0042440477,0.027162543,0.0027835115,0.03257318,-0.00039301932,6.2712464,-2.0969326,4.4950833,1.8145972,0.06514636,-0.00078603864,0.16481063,-0.05510814,0.052758995,0.021298014,253.07645,252.79591,338.7403,0.2823354,10.757482,0.19516246
1,37,2,0.01,0.029571094,0.0029835505,0.023957964,0.0026295776,0.027310943,0.0023056846,5.889706,-1.8776587,4.3690214,1.1429898,0.054621886,0.004611369,0.1547836,-0.049345553,0.051279407,0.0134153245,253.10799,252.89445,339.00485,0.73466897,10.757971,0.1586597
1,38,2,0.01,0.032521043,0.0036103383,0.025446845,0.0034638604,0.030043045,0.00020375916,6.0699577,-2.1347327,5.014428,1.5444416,0.06008609,0.00040751832,0.15952067,-0.05610154,0.05885457,0.018127184,253.15738,253.02911,339.8727,0.59029114,10.757971,0.19244868
1,39,2,0.01,0.02994067,0.0035727592,0.022969948,0.0033979614,0.029886281,-0.00034637764,5.766983,-1.3560618,4.9665,0.48127708,0.059772562,-0.0006927553,0.1515584,-0.035637792,0.058292035,0.005648769,253.1413,253.06175,339.29755,0.8747847,10.758128,0.13137719
1,40,2,0.01,0.026200408,0.0027958532,0.020578824,0.002825732,0.026437914,0.0023043759,5.4585705,-1.3362973,4.529046,0.17149292,0.052875828,0.0046087517,0.14345321,-0.035118382,0.053157616,0.0020128184,253.11037,252.90236,339.05264,1.1648043,10.758128,0.11824998
1,41,2,0.01,0.026625428,0.0030377095,0.020015076,0.003572642,0.02755771,1.6681473e-5,5.3832846,-0.4139249,5.092558,-0.47130167,0.05511542,3.3362947e-5,0.14147465,-0.010878099,0.059771582,-0.0055316905,253.09012,252.67767,339.56354,0.8852266,10.75858,0.09620398
1,42,2,0.01,0.031481422,0.003436934,0.02347386,0.004570627,0.029312685,-0.0006257905,5.8298974,-0.45273075,5.7600875,-0.341779,0.05862537,-0.001251581,0.15321182,-0.01189793,0.06760641,-0.0040114745,253.08026,252.67973,338.97726,0.79450977,10.75858,0.11872162
1,43,2,0.01,0.0278625,0.0028886218,0.021076588,0.0038972902,0.02687295,0.001992862,5.524193,0.832276,5.3189096,-1.6614528,0.0537459,0.003985724,0.14517778,0.02187251,0.06242828,-0.019500546,253.12596,252.84975,338.9153,0.8291768,10.759044,0.08740835
1,44,2,0.01,0.027430797,0.0033363583,0.020129928,0.0039645093,0.02888061,-4.693546e-5,5.3987074,0.86051327,5.3645825,-1.4757727,0.05776122,-9.387092e-5,0.14187998,0.022614602,0.06296435,-0.01732121,253.20085,253.11458,339.70404,0.61525947,10.759044,0.08933139
1,45,2,0.01,0.028335774,0.0036756962,0.020356793,0.004303286,0.03031376,-0.0006270018,5.4290442,1.8895949,5.5890923,-2.1591587,0.06062752,-0.0012540036,0.14267723,0.049659237,0.065599434,-0.025342146,253.18364,253.07112,339.22546,0.2695638,10.759953,0.1505797
1,46,2,0.01,0.027408766,0.0026432218,0.020771582,0.003993962,0.025706137,0.002091742,5.4840755,1.9415283,5.384473,-2.3742013,0.051412273,0.004183484,0.1441235,0.05102406,0.0631978,-0.02786611,253.17175,252.99353,338.78906,0.43267298,10.759953,0.15219165
1,47,2,0.01,0.027042937,0.0028455048,0.02006076,0.0041366704,0.026671637,0.00053479214,5.3894243,2.4342613,5.4798245,-2.3902702,0.053343274,0.0010695843,0.14163601,0.06397327,0.06431695,-0.028054714,253.22574,253.23726,339.39172,-0.04399109,10.761051,0.18612936
1,48,2,0.01,0.030271761,0.0038112854,0.021897865,0.004562611,0.030867804,-0.00067912386,5.630793,2.4409895,5.7550354,-2.2020671,0.061735608,-0.0013582477,0.14797927,0.06415009,0.067547105,-0.025845759,253.27342,253.51176,339.08002,-0.23892236,10.761051,0.1819256
1,49,2,0.01,0.026656669,0.0028814762,0.01966352,0.004111672,0.026839692,0.0032136876,5.335797,1.9275066,5.4632416,-2.0680325,0.053679384,0.006427375,0.14022668,0.050655566,0.06412232,-0.02427259,253.36604,253.82141,339.7743,0.14052594,10.762653,0.13233012
1,50,2,0.01,0.027405724,0.0031683666,0.020219449,0.0040179086,0.028144123,0.0011428149,5.4106975,1.890948,5.4005904,-1.780083,0.056288246,0.0022856297,0.1421951,0.049694795,0.06338698,-0.020892916,253.43954,254.17908,340.8653,-0.110865116,10.762653,0.13829817
1,51,2,0.01,0.02608445,0.0030356788,0.018917624,0.004131146,0.027548498,0.0014515298,5.2336173,1.153566,5.476165,-1.3280802,0.055096995,0.0029030596,0.13754135,0.03031613,0.06427399,-0.01558774,253.41014,254.14027,340.32693,0.17451417,10.76377,0.10467809
1,52,2,0.01,0.026312001,0.002813228,0.019533962,0.0039648125,0.026519936,0.003925551,5.31819,1.4681401,5.364788,-1.5553817,0.05303987,0.007851102,0.13976395,0.038583253,0.06296676,-0.018255586,253.37248,253.89088,339.70944,0.08724153,10.76377,0.11038827
1,53,2,0.01,0.026923448,0.0028730466,0.020266239,0.0037841625,0.026800403,0.0028514748,5.416955,0.5698216,5.241144,-0.6606306,0.053600807,0.0057029496,0.14235954,0.014975123,0.061515547,-0.0077538528,253.37567,253.78642,340.23532,0.09080899,10.763796,0.09589784
1,54,2,0.01,0.026790034,0.00337811,0.019625546,0.0037863767,0.029060755,0.001906244,5.330642,0.4842133,5.2426763,-0.7677951,0.05812151,0.003812488,0.14009121,0.012725298,0.06153354,-0.009011646,253.32004,253.62817,339.47147,0.2835818,10.763796,0.09276029
1,55,2,0.01,0.02199121,0.0028503363,0.016051233,0.0030896396,0.02669427,0.005503048,4.820842,-0.43498823,4.7358193,-0.41531003,0.05338854,0.011006096,0.12669346,-0.011431649,0.055584528,-0.004874515,253.28044,253.4014,338.9353,0.8502983,10.762395,0.06690361
1,56,2,0.01,0.022639556,0.0029084524,0.016797315,0.0029337876,0.026965035,0.0039391224,4.9316087,-0.4356281,4.6148286,-0.23428284,0.05393007,0.007878245,0.12960446,-0.0114484625,0.05416445,-0.002749788,253.30591,253.4566,339.46063,0.6699109,10.762395,0.064951055
1,57,2,0.01,0.024233697,0.0031248496,0.017687831,0.0034210156,0.027950177,0.0036235338,5.060646,-0.6191534,4.9833193,0.4034041,0.055900354,0.0072470675,0.1329956,-0.016271576,0.05848945,0.0047347746,253.30531,253.50665,338.97562,0.2157493,10.759546,0.07687023
1,58,2,0.01,0.023541989,0.003179334,0.017300619,0.0030620352,0.028192792,0.006104949,5.0049477,-0.44881764,4.7146153,0.2205281,0.056385584,0.012209898,0.13153182,-0.011795088,0.05533566,0.002588348,253.3178,253.42014,338.68597,0.22828954,10.759546,0.06148711
1,59,2,0.01,0.024219451,0.0031923703,0.01791421,0.003112872,0.028250532,0.00473812,5.092927,-0.9249972,4.753591,0.8846872,0.056501064,0.00947624,0.13384397,-0.024309259,0.055793118,0.010383613,253.41028,253.74045,339.484,0.040310025,10.755711,0.1042669
1,60,2,0.01,0.025626285,0.0038476284,0.018097268,0.0036813878,0.031014627,0.0037452355,5.118882,-1.0434561,5.1694813,0.9674387,0.062029254,0.007490471,0.13452609,-0.027422406,0.06067444,0.011354871,253.46867,254.11624,339.4239,0.07601738,10.755711,0.11160646
1,61,2,0.01,0.022440623,0.0031314658,0.015942995,0.003366162,0.02797975,0.0066352584,4.80456,-1.2812942,4.943206,0.9391793,0.0559595,0.013270517,0.12626557,-0.033672873,0.058018636,0.011023189,253.48318,254.17018,339.75812,0.34211493,10.751041,0.11927411
1,62,2,0.01,0.023187969,0.0031079506,0.016540056,0.0035399634,0.027874498,0.004617667,4.893698,-1.2064402,5.0692134,1.235529,0.055748995,0.009235334,0.12860815,-0.03170568,0.05949759,0.014501461,253.495,254.16301,340.3258,-0.029088736,10.751041,0.12822796
1,63,2,0.01,0.022398695,0.003292565,0.015244159,0.0038619712,0.028690439,0.003223998,4.69808,-1.0373747,5.2947536,1.1341306,0.057380877,0.006447996,0.12346724,-0.027262582,0.06214476,0.013311342,253.45738,254.1027,339.69824,-0.09675586,10.745333,0.08889512
1,64,2,0.01,0.021181213,0.002853975,0.014994107,0.0033331306,0.026711304,0.006148102,4.659389,-1.0715525,4.918893,0.9293008,0.053422607,0.012296204,0.122450426,-0.028160784,0.05773327,0.010907246,253.43146,253.89218,339.47964,0.14225173,10.745333,0.09841478
1,65,2,0.01,0.019824313,0.002505031,0.014161141,0.0031581407,0.025025142,0.0032930272,4.5281186,-0.87662745,4.788031,0.80972844,0.050050285,0.0065860543,0.11900059,-0.02303809,0.056197338,0.00950382,253.47536,253.99683,339.95108,0.066899,10.73974,0.09355007
1,66,2,0.01,0.021009577,0.0030511722,0.014468196,0.0034902089,0.027618708,0.0024641615,4.5769467,-0.841875,5.0334635,0.886665,0.055237416,0.004928323,0.12028381,-0.022124782,0.05907799,0.010406827,253.49037,254.13634,339.53903,-0.04478997,10.73974,0.08588448
1,67,2,0.01,0.019115606,0.0022665837,0.014047462,0.0028015613,0.023804326,0.004402301,4.5099072,-0.40879515,4.5096335,0.16809765,0.04760865,0.008804602,0.11852199,-0.010743278,0.052929778,0.0019729713,253.52748,254.25113,339.68747,0.2406975,10.735104,0.0656193
1,68,2,0.01,0.018837867,0.0024156258,0.013550302,0.00287194,0.024574509,0.0022562423,4.4293823,-0.38302073,4.565926,0.34318992,0.049149018,0.0045124847,0.11640576,-0.0100659225,0.053590484,0.0040280377,253.60286,254.51884,340.45325,0.039830804,10.735104,0.069680646
1,69,2,0.01,0.020783259,0.0031688549,0.014221465,0.0033929378,0.028146291,0.00016801266,4.5377526,0.5017907,4.9628267,-0.28150097,0.056292582,0.00033602532,0.119253784,0.013187244,0.05824893,-0.003303988,253.63158,254.78455,340.2684,-0.22028974,10.73183,0.06456133
1,70,2,0.01,0.019124987,0.0021290705,0.0138313025,0.0031646132,0.023070926,0.0033769384,4.4750743,0.40371946,4.792935,-0.55803776,0.04614185,0.006753877,0.11760656,0.010609889,0.056254894,-0.0065497146,253.68549,255.05078,340.5531,0.1543183,10.73183,0.053393845
1,71,2,0.01,0.020074157,0.002530983,0.014548557,0.0029946172,0.025154438,0.0006512002,4.5896397,1.1742496,4.6624246,-0.9565653,0.050308876,0.0013024004,0.1206174,0.030859701,0.054723095,-0.01122725,253.7414,255.30064,341.1942,-0.21768433,10.729754,0.10854567
1,72,2,0.01,0.021260755,0.0032917059,0.015108013,0.0028610365,0.028686695,-5.227568e-5,4.677053,1.403713,4.55725,-1.0240307,0.05737339,-0.00010455136,0.12291466,0.03689009,0.053488657,-0.012019097,253.69579,255.1718,340.43646,-0.3796823,10.729754,0.12165007
1,73,2,0.01,0.018281378,0.00199686,0.013276034,0.0030084841,0.02234312,0.0019488441,4.384326,1.487825,4.6732078,-1.4041333,0.04468624,0.0038976881,0.11522167,0.03910058,0.05484965,-0.016480377,253.67216,254.98453,340.1102,-0.083691716,10.728381,0.11622557
1,74,2,0.01,0.019596098,0.0024088814,0.0140771,0.003110117,0.024540178,-4.0006607e-6,4.5146623,1.631537,4.7514877,-1.3215227,0.049080357,-8.0013215e-6,0.11864696,0.04287738,0.055768423,-0.015510771,253.69363,254.997,340.62503,-0.31001425,10.728381,0.13028501
1,75,2,0.01,0.019329779,0.0033550754,0.013315647,0.0026590556,0.028961506,-0.0010987332,4.3908625,0.9777251,4.3934426,-1.2447517,0.05792301,-0.0021974663,0.115393445,0.025694964,0.05156603,-0.014609709,253.65976,254.95226,340.03772,0.2670266,10.727215,0.079818055
1,76,2,0.01,0.018057998,0.0019535692,0.013555265,0.0025491647,0.0220996,0.0016357204,4.430193,0.73837656,4.3017,-1.3508201,0.0441992,0.0032714407,0.11642708,0.019404804,0.050489254,-0.015854634,253.62248,254.74266,339.6321,0.6124435,10.727215,0.06258495
1,77,2,0.01,0.017798971,0.0021927191,0.013326258,0.002279995,0.023413239,-0.00016791328,4.3926115,-0.18711703,4.068255,-0.76168054,0.046826478,-0.00033582657,0.115439415,-0.0049175047,0.047749292,-0.008939878,253.6139,254.61455,340.28705,0.9487976,10.726478,0.105215155
1,78,2,0.01,0.016616546,0.0026660822,0.011631441,0.0023190225,0.025817059,-0.00081948866,4.103793,-0.14663604,4.102926,-0.6409018,0.051634118,-0.0016389773,0.10784916,-0.0038536487,0.04815623,-0.007522295,253.55434,254.39734,339.71594,0.7875378,10.726478,0.09984575
1,79,2,0.01,0.013115734,0.0017402124,0.009084875,0.0022906468,0.020857926,0.0021621806,3.6268377,-0.4541279,4.0777464,-0.23479187,0.041715853,0.004324361,0.09531461,-0.011934646,0.0478607,-0.002755763,253.54784,254.29538,339.58966,0.6889198,10.725521,0.041718848
1,80,2,0.01,0.014211929,0.0020957685,0.009490561,0.0026256002,0.022889782,0.0003767098,3.7069316,-0.28745976,4.3657165,-0.07840946,0.045779563,0.0007534196,0.09741951,-0.007554548,0.05124061,-0.00092029525,253.54135,254.1566,339.92203,0.36586922,10.725521,0.039017282
1,81,2,0.01,0.015773498,0.0028886024,0.010363969,0.0025209258,0.02687286,-0.00013808327,3.8737512,-0.3073858,4.2778077,0.22763608,0.05374572,-0.00027616654,0.10180358,-0.008078208,0.050208822,0.0026717742,253.48627,254.01083,338.96323,0.07974972,10.724781,0.04934985
1,82,2,0.01,0.013872467,0.001770184,0.009654231,0.0024480512,0.021036778,0.0024580553,3.7387595,-0.50035024,4.215523,-0.035691407,0.042073555,0.0049161105,0.09825595,-0.013149386,0.049477786,-0.00041891212,253.45729,253.88185,338.9481,0.5360416,10.724781,0.060439855
1,83,2,0.01,0.014745189,0.0020399,0.01042586,0.0022794283,0.022582626,0.00046177863,3.8853009,-0.8247508,4.0677495,0.51136285,0.045165252,0.00092355727,0.1021071,-0.02167475,0.047743358,0.0060018892,253.44002,253.77797,339.48398,0.31338793,10.72453,0.09319915
1,84,2,0.01,0.016004683,0.0026359379,0.011356702,0.002012043,0.025670692,-7.6774246e-5,4.0550365,-0.83653104,3.821729,0.5431916,0.051341385,-0.00015354849,0.10656783,-0.021984333,0.044855803,0.0063754646,253.3843,253.59422,338.84518,0.29333943,10.72453,0.0968243
1,85,2,0.01,0.01439425,0.0017581044,0.010530526,0.0021056202,0.020964878,0.0028059534,3.9047546,-1.1090447,3.90959,0.4136934,0.041929755,0.0056119068,0.10261835,-0.029146094,0.045887038,0.0048555373,253.36368,253.47542,338.62173,0.69535124,10.724838,0.08601253
1,86,2,0.01,0.014673259,0.002013662,0.010297407,0.0023621898,0.022436922,0.0008324442,3.861292,-1.1127322,4.140937,0.71415,0.044873845,0.0016648883,0.10147614,-0.029243004,0.048602365,0.008382011,253.38206,253.40425,339.05533,0.39858216,10.724838,0.08546988
1,87,2,0.01,0.015034897,0.0025050105,0.010232026,0.0022978613,0.02502504,0.00012254475,3.849014,-0.78838027,4.0841637,0.6062991,0.05005008,0.0002450895,0.10115348,-0.020718917,0.04793601,0.00711616,253.3995,253.51082,338.54837,0.18208116,10.725408,0.085009
1,88,2,0.01,0.016641587,0.0018463305,0.012059128,0.0027361296,0.021484474,0.0029321539,4.1785593,-0.9283247,4.4566607,0.37974903,0.042968947,0.0058643078,0.10981406,-0.024396714,0.052308027,0.004457131,253.44168,253.65422,338.6142,0.54857564,10.725408,0.096401535
1,89,2,0.01,0.016248198,0.0020118712,0.011444495,0.002791832,0.022426944,0.0004694221,4.07068,-0.21355617,4.5017962,0.26905203,0.04485389,0.0009388442,0.106978945,-0.005612333,0.05283779,0.0031578757,253.47487,253.75836,339.39435,-0.05549586,10.725358,0.05731086
1,90,2,0.01,0.016201409,0.0028382784,0.010935111,0.0024280201,0.026637748,-0.0004671803,3.9790578,0.013594869,4.1982408,0.27217263,0.053275496,-0.0009343606,0.10457108,0.00035728107,0.049274944,0.0031945026,253.42116,253.63219,338.70053,-0.2857675,10.725358,0.05466942
1,91,2,0.01,0.013142497,0.0016969607,0.00878432,0.0026612158,0.020597091,0.0017915714,3.56634,0.7160959,4.395227,-0.34571427,0.041194182,0.0035831428,0.093724705,0.01881926,0.051586974,-0.004057665,253.39252,253.46243,338.55255,-0.37038165,10.725008,0.05944669
1,92,2,0.01,0.013649927,0.0019463475,0.0088783335,0.0028252467,0.022058714,0.00012009704,3.5853732,0.6712044,4.528657,-0.14756109,0.04411743,0.00024019407,0.09422491,0.017639492,0.05315305,-0.0017319303,253.38472,253.38068,338.98993,-0.5236433,10.725008,0.0650672
1,93,2,0.01,0.016323185,0.0024252974,0.011217246,0.0026806418,0.024623655,-0.0007159591,4.0300627,1.2098657,4.411239,-0.27995297,0.04924731,-0.0014319182,0.1059115,0.03179571,0.051774915,-0.0032858204,253.32753,253.17584,338.16187,-0.9299127,10.723135,0.10988016
1,94,2,0.01,0.01658361,0.0016891836,0.011827284,0.003067144,0.02054984,0.0018269907,4.138197,1.2642254,4.718547,-0.49095964,0.04109968,0.0036539815,0.108753316,0.033224303,0.0553818,-0.0057624155,253.28758,252.92758,337.97507,-0.7732657,10.723135,0.11873447
1,95,2,0.01,0.015045946,0.0018516909,0.010824302,0.0023699536,0.02151564,-0.00019164722,3.9588463,1.0129561,4.147736,-0.51388603,0.04303128,-0.00038329445,0.10403991,0.026620856,0.048682168,-0.006031503,253.24756,252.73398,338.38757,-0.4990701,10.71979,0.08379711
1,96,2,0.01,0.015504632,0.0023213185,0.0109175425,0.0022657712,0.024090031,-0.000700256,3.97586,0.9953105,4.055545,-0.6823343,0.048180062,-0.001400512,0.10448705,0.026157118,0.047600117,-0.00800859,253.15746,252.41081,337.5958,-0.31297618,10.71979,0.08685053
1,97,2,0.01,0.014596059,0.0015820272,0.010582504,0.0024315277,0.019887352,0.0023150626,3.9143796,0.3191225,4.201272,-0.7172671,0.039774705,0.004630125,0.1028713,0.008386654,0.049310524,-0.008418596,253.12541,252.23615,337.28,0.3981446,10.715115,0.08954022
1,98,2,0.01,0.014603876,0.0017829333,0.010164706,0.0026562368,0.021112397,0.0003583155,3.8363311,0.3990351,4.391113,-0.4422439,0.042224795,0.000716631,0.10082017,0.010486786,0.05153869,-0.005190637,253.12756,252.19681,337.7299,0.043208808,10.715115,0.07998948
1,99,2,0.01,0.013261185,0.0020368204,0.009229904,0.0019944606,0.022565573,0.00032006713,3.655672,0.095037885,3.8049936,-0.19484371,0.045131147,0.00064013427,0.09607239,0.002497631,0.044659384,-0.0022868896,253.09502,252.07047,337.40616,0.099805824,10.709425,0.077929065
1,100,2,0.01,0.0122412555,0.0016058149,0.008879209,0.0017562314,0.02003631,0.0030153105,3.5855505,-0.11114328,3.5705252,-0.29875344,0.04007262,0.006030621,0.09422956,-0.0029208846,0.041907415,-0.0035064823,253.12791,252.19742,337.5161,0.40989673,10.709425,0.09260251
2,1,2,0.0069999998,0.119576246,0.003686324,0.08011791,0.035772014,0.030357553,0.006585612,10.77044,-0.66839784,16.114353,-2.4521782,0.060715105,0.013171224,0.28305107,-0.017565746,0.18913491,-0.028781326,251.83342,247.85626,332.23953,3.1205761,10.703161,0.8929063
2,2,2,0.0069999998,0.121804245,0.003666003,0.08179688,0.03634136,0.030273763,0.004575045,10.88271,-0.781873,16.242085,-2.3881366,0.060547527,0.00915009,0.28600153,-0.020547891,0.1906341,-0.02802969,251.88478,248.0312,332.89377,3.1700096,10.703161,0.9101766
2,3,2,0.0069999998,0.07730041,0.0032256579,0.047801904,0.026272846,0.028397437,0.0042724917,8.3193865,-1.0954726,13.810035,-1.4912813,0.056794874,0.008544983,0.21863647,-0.028789405,0.162089,-0.017503228,251.91252,248.25757,332.46295,2.5867538,10.692367,0.55575144
2,4,2,0.0069999998,0.07320194,0.0032831705,0.04437543,0.025543343,0.02864948,0.006186199,8.015673,-0.9873216,13.616959,-1.6508132,0.05729896,0.012372398,0.21065477,-0.02594719,0.15982285,-0.019375669,251.94594,248.43703,332.96097,2.638135,10.692367,0.56023127
2,5,2,0.0069999998,0.036951445,0.0026961982,0.019944604,0.014310644,0.025962465,0.0039083376,5.373799,-1.1727024,10.192266,0.039962616,0.05192493,0.007816675,0.14122537,-0.030819038,0.1196271,0.0004690512,251.96109,248.50308,333.7455,1.1327398,10.680676,0.23019381
2,6,2,0.0069999998,0.036731333,0.0023546573,0.020227475,0.0141492,0.024262406,0.0035889465,5.4117727,-0.908969,10.134612,-0.20371686,0.048524812,0.007177893,0.14222333,-0.02388803,0.11895041,-0.0023910278,251.8946,248.22058,332.88266,1.1126858,10.680676,0.24161921
2,7,2,0.0069999998,0.024341173,0.0023810999,0.014489108,0.0074709663,0.024398258,0.0054819137,4.580253,-0.8910173,7.3642683,1.0464922,0.048796516,0.010963827,0.12037071,-0.023416258,0.08643475,0.012282728,251.89505,248.07442,333.08286,-0.1554749,10.671248,0.17658634
2,8,2,0.0069999998,0.024696738,0.0021624917,0.015191352,0.0073428936,0.023251299,0.0034482111,4.6899357,-0.9997098,7.3008733,1.3752719,0.046502598,0.0068964222,0.123253204,-0.026272735,0.085690685,0.016141629,251.92894,248.15779,333.81677,-0.37556213,10.671248,0.18541272
2,9,2,0.0069999998,0.030851886,0.0019096554,0.023998506,0.0049437243,0.021849802,0.0029481482,5.8946877,-0.06150186,5.990572,1.836553,0.043699604,0.0058962964,0.15491451,-0.0016162889,0.07031162,0.021555709,251.89899,248.07596,333.1677,-1.7750511,10.664318,0.24534339
2,10,2,0.0069999998,0.03134141,0.0022242982,0.024185041,0.004932072,0.023581233,0.004854879,5.917552,-0.1177456,5.983508,1.839605,0.047162466,0.009709758,0.1555154,-0.0030943956,0.07022871,0.021591533,251.90752,247.99275,333.1552,-1.7218593,10.664318,0.24735114
2,11,2,0.0069999998,0.03789384,0.0022886284,0.030192852,0.0054123593,0.023919806,0.0019458815,6.611816,0.5704049,6.2680798,2.2359884,0.04783961,0.003891763,0.1737609,0.014990445,0.07356874,0.026243899,251.98181,248.35922,333.8727,-2.8063931,10.657247,0.2796173
2,12,2,0.0069999998,0.03632243,0.002050898,0.028790852,0.005480682,0.02264342,0.0017601284,6.456482,0.69705325,6.307519,2.0986757,0.04528684,0.0035202568,0.16967867,0.018318811,0.07403163,0.02463225,252.02344,248.67607,333.53384,-2.795729,10.657247,0.2602372
2,13,2,0.0069999998,0.037074506,0.002257809,0.02832933,0.0064873686,0.023758205,0.0030583707,6.404524,1.0687548,6.8623915,2.0941927,0.04751641,0.0061167413,0.16831319,0.02808727,0.0805442,0.024579633,252.09265,248.94234,333.96313,-3.1629477,10.648742,0.24251737
2,14,2,0.0069999998,0.035258524,0.0022778409,0.026208825,0.006771859,0.023863366,0.0010782658,6.1601667,0.9900107,7.0112453,2.2313752,0.04772673,0.0021565317,0.1618914,0.026017845,0.082291305,0.026189754,252.19405,249.39236,335.11768,-3.221386,10.648742,0.23890285
2,15,2,0.0069999998,0.028964449,0.0020145916,0.019451668,0.007498188,0.0224421,-9.802684e-5,5.3069754,1.3172655,7.377673,2.008845,0.0448842,-0.00019605368,0.13946924,0.034618217,0.08659208,0.023577912,252.20728,249.39613,334.50604,-3.3261106,10.639437,0.1798358
2,16,2,0.0069999998,0.028203387,0.002093146,0.018915152,0.00719509,0.022875456,0.0020329966,5.2332754,1.1665624,7.2270207,1.984321,0.045750912,0.0040659932,0.13753237,0.030657684,0.08482388,0.023290066,252.24036,249.52527,334.67365,-3.1508834,10.639437,0.17947492
2,17,2,0.0069999998,0.023161583,0.0022415803,0.0134625165,0.007457486,0.023672665,-0.00051585963,4.415011,0.98247474,7.3576207,2.0041833,0.04734533,-0.0010317193,0.116028085,0.02581979,0.08635674,0.023523193,252.23412,249.54398,335.34842,-2.986658,10.630541,0.12673652
2,18,2,0.0069999998,0.02527527,0.002137198,0.01571616,0.007421912,0.02311492,-0.00073795003,4.7702584,1.2585158,7.340052,1.9617952,0.04622984,-0.0014759001,0.12536411,0.03307425,0.08615052,0.023025684,252.16663,249.25473,334.60785,-3.2203112,10.630541,0.12609933
2,19,2,0.0069999998,0.025113769,0.0020223905,0.0159911,0.007100279,0.022485498,0.0011850126,4.811803,0.69402045,7.1792474,1.6290683,0.044970997,0.0023700253,0.12645592,0.018239109,0.08426315,0.01912045,252.13358,249.02815,334.46124,-2.3230886,10.622949,0.09168505
2,20,2,0.0069999998,0.023330398,0.0023761338,0.013564921,0.007389342,0.024372801,-0.00113009,4.431771,0.63541824,7.323928,1.7580409,0.048745602,-0.00226018,0.11646854,0.016699018,0.08596128,0.02063421,252.14993,249.01192,335.0374,-2.393459,10.622949,0.092162006
2,21,2,0.0069999998,0.020328278,0.0021666014,0.011699693,0.006461984,0.023273382,-0.0015285045,4.1158156,0.15608695,6.848952,1.2714282,0.046546765,-0.003057009,0.10816512,0.00410202,0.08038647,0.014922812,252.1568,249.15605,334.5594,-1.4275151,10.616933,0.088067375
2,22,2,0.0069999998,0.0212636,0.00217124,0.012527019,0.0065653413,0.023298284,0.00080566393,4.2588515,0.09800859,6.903508,1.2527459,0.046596568,0.0016113279,0.111924164,0.0025757009,0.08102679,0.014703532,252.18312,249.26172,334.88004,-1.3507545,10.616933,0.09856034
2,23,2,0.0069999998,0.020713612,0.0024396763,0.012802223,0.005471715,0.02469654,-0.0010131473,4.3053784,-0.36490035,6.302356,0.9317311,0.04939308,-0.0020262946,0.11314691,-0.009589712,0.07397104,0.01093577,252.24234,249.42169,335.59784,-0.56683075,10.612222,0.10734687
2,24,2,0.0069999998,0.021337695,0.0020941945,0.013625683,0.005617818,0.022881186,-0.00088982354,4.4416857,-0.31433558,6.3859425,0.8705301,0.04576237,-0.0017796471,0.1167291,-0.008260852,0.0749521,0.010217448,252.25809,249.5501,335.07837,-0.55619454,10.612222,0.10784684
2,25,2,0.0069999998,0.019643184,0.001838772,0.01370255,0.0041018617,0.021440452,0.0015401404,4.4541965,-0.6019741,5.4567204,0.22626789,0.042880904,0.0030802807,0.11705789,-0.015820095,0.06404578,0.0026557157,252.2584,249.52666,334.90405,0.37570626,10.608305,0.09973448
2,26,2,0.0069999998,0.019593233,0.0021945348,0.013159489,0.004239209,0.02342293,-0.00052553264,4.3650393,-0.65446174,5.5473256,0.40354094,0.04684586,-0.0010510653,0.114714816,-0.01719949,0.06510921,0.0047363807,252.30632,249.67941,335.7723,0.2509208,10.608305,0.09873422
2,27,2,0.0069999998,0.018821524,0.0018906641,0.013870772,0.0030600878,0.021740884,-0.00034625392,4.481454,-0.6140921,4.7131166,-0.35613537,0.043481767,-0.00069250783,0.11777424,-0.016138563,0.05531806,-0.004179977,252.29823,249.6881,335.394,0.9702275,10.604753,0.077694766
2,28,2,0.0069999998,0.01866487,0.0018563492,0.013396279,0.003412241,0.021542685,0.001638028,4.404137,-0.58665264,4.9769244,-0.40719575,0.04308537,0.003276056,0.115742296,-0.015417444,0.058414392,-0.0047792764,252.2951,249.60246,335.2954,0.9938484,10.604753,0.079405606
2,29,2,0.0069999998,0.016011694,0.0020164975,0.0111508705,0.0028443257,0.022452714,0.00040623845,4.0181212,-0.64667404,4.543922,-0.865721,0.044905428,0.0008124769,0.10559768,-0.016994825,0.05333222,-0.010161008,252.33562,249.6772,336.0251,1.512395,10.601299,0.06471945
2,30,2,0.0069999998,0.018606247,0.002061098,0.0137404585,0.002804691,0.02269966,-7.777895e-5,4.4603534,-0.64283717,4.512152,-0.95012,0.04539932,-0.0001555579,0.1172197,-0.016893992,0.052959334,-0.011151601,252.3508,249.78363,335.42938,1.5929571,10.601299,0.066557415
2,31,2,0.0069999998,0.020582808,0.0019460573,0.016052576,0.0025841747,0.02205707,0.0029816588,4.821044,-0.68075806,4.3311396,-1.572376,0.04411414,0.0059633176,0.12669876,-0.01789057,0.05083478,-0.018455043,252.37476,249.89331,335.48602,2.253134,10.597669,0.07783988
2,32,2,0.0069999998,0.020065144,0.0019766616,0.015313053,0.0027754281,0.022229832,0.0008189192,4.7086844,-0.8446185,4.4885516,-1.3091631,0.044459663,0.0016378384,0.12374592,-0.022196883,0.052682333,-0.015365707,252.40259,249.91583,336.43686,2.1537817,10.597669,0.0815082
2,33,2,0.0069999998,0.020100405,0.0020321978,0.015069477,0.0029987309,0.022539953,0.00089422544,4.671085,-0.64825463,4.665626,-1.8687665,0.045079906,0.0017884509,0.1227578,-0.017036363,0.05476067,-0.021933796,252.37875,249.8576,335.8791,2.5170212,10.593696,0.089903615
2,34,2,0.0069999998,0.019768693,0.0021144385,0.0144621665,0.0031920874,0.022991512,0.0032168808,4.575993,-0.67231596,4.8136954,-1.9518931,0.045983024,0.0064337617,0.12025875,-0.017668705,0.05649856,-0.022909453,252.39183,249.91884,335.93506,2.624209,10.593696,0.08644701
2,35,2,0.0069999998,0.019017573,0.002265393,0.013148665,0.0036035152,0.023798073,0.0016304019,4.363244,-0.58436066,5.1145144,-2.0195289,0.047596145,0.0032608039,0.11466763,-0.01535721,0.060029287,-0.023703305,252.43643,250.0348,336.6922,2.6038895,10.58904,0.08030261
2,36,2,0.0069999998,0.017369824,0.0023310455,0.011749147,0.0032896304,0.024140451,0.0010778846,4.124505,-0.5136218,4.88669,-2.0721083,0.048280902,0.0021557692,0.10839348,-0.013498166,0.0573553,-0.02432043,252.45076,250.16902,336.04947,2.58573,10.58904,0.071965724
2,37,2,0.0069999998,0.01597733,0.0022132983,0.010664972,0.0030990602,0.023522852,0.003431005,3.9296017,-0.39904907,4.743034,-2.1875937,0.047045704,0.00686201,0.10327135,-0.010487154,0.055669203,-0.02567589,252.50719,250.42505,336.35852,2.5866427,10.584184,0.06887331
2,38,2,0.0069999998,0.017343273,0.0021638705,0.011886503,0.0032928998,0.02325871,0.0016567312,4.148545,-0.47432196,4.8891172,-1.9026836,0.04651742,0.0033134625,0.10902524,-0.012465353,0.057383794,-0.02233188,252.56975,250.66173,337.38684,2.3770056,10.584184,0.07692671
2,39,2,0.0069999998,0.019128669,0.0023812135,0.013359373,0.0033880828,0.02439884,0.0008824891,4.398066,-0.2523126,4.9592752,-1.837872,0.04879768,0.0017649782,0.11558276,-0.00663087,0.05820724,-0.02157119,252.57079,250.70364,336.83835,2.0901847,10.579447,0.07515641
2,40,2,0.0069999998,0.019064585,0.0021515577,0.013439319,0.0034737086,0.023192443,0.0032631417,4.411206,-0.2539205,5.0215516,-1.8444598,0.046384886,0.0065262835,0.115928076,-0.0066731237,0.058938175,-0.021648506,252.60852,250.84532,336.94522,2.0983803,10.579447,0.07180363
2,41,2,0.0069999998,0.016768228,0.0020974248,0.01141029,0.0032605128,0.022898825,0.0014134229,4.064593,-0.22608012,4.8650146,-1.231139,0.04579765,0.0028268457,0.10681896,-0.0059414646,0.0571009,-0.014449931,252.68332,251.10222,337.8806,1.4572191,10.575156,0.0817902
2,42,2,0.0069999998,0.016869798,0.0024424202,0.0112354625,0.0031919153,0.024710424,0.0006791509,4.0333333,-0.10569728,4.8135657,-1.3349757,0.04942085,0.0013583018,0.105997466,-0.0027777655,0.056497037,-0.015668668,252.6679,251.12788,337.17725,1.440673,10.575156,0.08293375
2,43,2,0.0069999998,0.01574579,0.0019995638,0.011057026,0.0026892012,0.02235824,0.0028891792,4.0011783,-0.015166466,4.4182763,-1.0639918,0.04471648,0.0057783583,0.10515239,-0.00039858106,0.05185751,-0.012488119,252.67459,251.17769,337.12057,1.0791583,10.571621,0.09315888
2,44,2,0.0069999998,0.017024517,0.0020442477,0.01166744,0.0033128303,0.022606678,0.0012356725,4.110139,-0.03472962,4.903891,-0.8204123,0.045213357,0.002471345,0.108015925,-0.00091271085,0.05755719,-0.0096292095,252.71808,251.26187,337.95865,0.8551419,10.571621,0.09903616
2,45,2,0.0069999998,0.016733568,0.002443504,0.011456771,0.0028332944,0.024715906,0.00024802831,4.072863,0.07940963,4.535102,-0.30958027,0.049431812,0.00049605663,0.10703631,0.002086918,0.0532287,-0.0036335594,252.7165,251.31566,337.40506,0.23017064,10.569051,0.084457584
2,46,2,0.0069999998,0.01588967,0.0019996779,0.011265906,0.0026240863,0.02235888,0.002703718,4.038794,-0.059844702,4.3644576,-0.36348695,0.04471776,0.005407436,0.10614097,-0.0015727408,0.051225837,-0.0042662635,252.7879,251.6864,337.70392,0.42333165,10.569051,0.07957635
2,47,2,0.0069999998,0.01449293,0.0020993869,0.009956739,0.0024368048,0.022909533,0.0009354882,3.796883,-0.1146315,4.2058287,0.42635763,0.045819066,0.0018709764,0.09978346,-0.0030125615,0.049364004,0.005004178,252.88411,252.04976,338.86017,-0.31172612,10.567539,0.060819633
2,48,2,0.0069999998,0.015858784,0.0019924939,0.011200805,0.0026654848,0.02231868,0.0002775801,4.027108,0.0021240544,4.3987503,0.4887398,0.04463736,0.0005551602,0.10583386,5.5817643e-5,0.051628333,0.0057363627,252.90811,252.11137,338.38553,-0.49086383,10.567539,0.07023406
2,49,2,0.0069999998,0.01455811,0.0018641505,0.01042251,0.0022714497,0.021587905,0.0024917948,3.8846762,0.14081284,4.060624,0.7899367,0.04317581,0.0049835895,0.102090694,0.003700617,0.04765973,0.009271522,252.95041,252.3767,338.3997,-0.93074954,10.567093,0.055127878
2,50,2,0.0069999998,0.014050999,0.002069993,0.009298665,0.00268234,0.022748588,0.00078661303,3.6692643,0.16632038,4.4126363,1.0549557,0.045497175,0.0015732261,0.09642959,0.0043709567,0.051791314,0.012382059,252.99542,252.54047,339.2489,-1.221276,10.567093,0.057053976
2,51,2,0.0069999998,0.014464768,0.0025224579,0.009456707,0.0024856036,0.025112038,-0.00017386136,3.7003148,0.23765281,4.2477326,1.3704087,0.050224077,-0.00034772273,0.097245604,0.0062455973,0.04985583,0.016084554,253.01205,252.66556,338.89774,-1.6080614,10.567613,0.04517362
2,52,2,0.0069999998,0.014039472,0.0019434668,0.00943731,0.0026586952,0.022042384,0.0023661377,3.696518,0.19974348,4.393144,1.3498697,0.04408477,0.0047322754,0.09714582,0.0052493354,0.051562537,0.015843485,253.06374,252.88239,339.0804,-1.5496132,10.567613,0.047915068
2,53,2,0.0069999998,0.014243618,0.0019602773,0.009437774,0.0028455653,0.02213751,0.0006325582,3.6966088,0.032846797,4.544912,1.7547506,0.04427502,0.0012651164,0.09714821,0.0008632258,0.05334384,0.02059559,253.11957,253.0388,339.86594,-1.7875974,10.568856,0.04673039
2,54,2,0.0069999998,0.014750136,0.0022149866,0.009480884,0.0030542654,0.023531822,-0.0002436826,3.7050416,0.08650146,4.7086306,1.7007282,0.047063645,-0.0004873652,0.097369835,0.0022732927,0.055265408,0.019961525,253.10527,252.97507,339.27652,-1.7872297,10.568856,0.04999775
2,55,2,0.0069999998,0.012242055,0.0017544163,0.007836269,0.0026513694,0.020942876,0.0021036805,3.3683972,0.1578709,4.3870883,1.5284283,0.041885752,0.004207361,0.0885227,0.0041489005,0.05149145,0.01793923,253.10585,253.00847,339.2821,-1.6862992,10.570409,0.049721736
2,56,2,0.0069999998,0.012998544,0.0018950664,0.007877947,0.0032255307,0.02176618,0.000555742,3.377343,0.06563776,4.838846,1.6912438,0.04353236,0.001111484,0.0887578,0.0017249843,0.056793757,0.019850206,253.08894,252.83252,339.75522,-1.7568815,10.570409,0.057914473
2,57,2,0.0069999998,0.013609948,0.0024150126,0.008374171,0.0028207642,0.024571389,-0.0002593648,3.482087,0.026844006,4.525063,1.4773556,0.049142778,-0.0005187296,0.0915105,0.00070547033,0.053110868,0.01733979,253.05103,252.67543,338.91193,-1.5041996,10.571851,0.054593585
2,58,2,0.0069999998,0.014869452,0.0018392004,0.009942234,0.0030880186,0.02144295,0.0020192377,3.7941163,0.0566865,4.7345767,1.346217,0.0428859,0.0040384755,0.09971075,0.001489744,0.055569943,0.015800606,253.06392,252.70547,338.86584,-1.4029036,10.571851,0.055345867
2,59,2,0.0069999998,0.014630928,0.0017628041,0.009786765,0.003081358,0.02099288,0.00034900082,3.764335,-0.051829696,4.729468,1.4366076,0.04198576,0.00069800165,0.09892808,-0.0013621028,0.05550998,0.016861528,253.10263,252.79984,339.70053,-1.3847779,10.573173,0.055721942
2,60,2,0.0069999998,0.015532653,0.002505694,0.009964098,0.0030628599,0.025028454,-0.0008960575,3.7982864,-0.038524106,4.7152505,1.3884723,0.05005691,-0.001792115,0.09982033,-0.0010124289,0.05534311,0.016296567,253.09245,252.89832,339.08878,-1.3499482,10.573173,0.05732192
2,61,2,0.0069999998,0.014352649,0.0015863719,0.009864152,0.0029021255,0.019914642,0.0015210687,3.7791884,0.2015478,4.5898585,1.0773617,0.039829284,0.0030421375,0.09931844,0.0052967477,0.05387138,0.012645047,253.10963,252.99786,339.156,-1.2789094,10.574359,0.048167724
2,62,2,0.0069999998,0.015281865,0.001651204,0.010044595,0.0035860655,0.020317504,-0.0002588662,3.8135982,0.065649614,5.1021156,1.3440584,0.04063501,-0.0005177324,0.10022273,0.001725295,0.059883766,0.015775269,253.13232,252.97957,340.07758,-1.409708,10.574359,0.053241327
2,63,2,0.0069999998,0.014914608,0.002664459,0.008900438,0.0033497105,0.025809199,-0.0016288923,3.589834,0.060839854,4.9311123,0.90635234,0.051618397,-0.0032577845,0.094342135,0.0015988942,0.057876684,0.0106379,253.09912,252.85522,339.31314,-0.9671922,10.575462,0.04623681
2,64,2,0.0069999998,0.01309848,0.0015080577,0.008006773,0.0035836494,0.01941686,0.001234791,3.404846,0.17343962,5.1003966,0.85171294,0.03883372,0.002469582,0.08948057,0.0045580566,0.05986359,0.009996593,253.12155,252.89192,339.1584,-1.0251526,10.575462,0.04763658
2,65,2,0.0069999998,0.013650536,0.0016957613,0.008472658,0.0034821162,0.020589812,-0.00016916024,3.5025032,0.17428531,5.027624,0.5881802,0.041179623,-0.00033832047,0.09204704,0.00458028,0.05900946,0.0069034966,253.15869,252.90663,339.701,-0.7624655,10.576692,0.052213676
2,66,2,0.0069999998,0.01759012,0.0022610577,0.011266138,0.0040629245,0.02377529,-0.0012540206,4.0388355,0.13009131,5.430759,0.59085053,0.04755058,-0.0025080412,0.10614207,0.003418846,0.06374107,0.006934839,253.14157,252.83427,339.15903,-0.72094184,10.576692,0.058510233
2,67,2,0.0069999998,0.016849969,0.0015309061,0.011825686,0.0034933751,0.019563397,0.0011874974,4.137918,0.39414987,5.0357466,-0.09309064,0.039126795,0.0023749948,0.10874597,0.0103584025,0.05910478,-0.0010926103,253.14156,252.77948,338.85315,-0.30105925,10.578286,0.060864754
2,68,2,0.0069999998,0.016295666,0.0020431478,0.010633361,0.003619158,0.022600597,-0.000741517,3.9237738,0.28013325,5.125603,0.10999398,0.045201194,-0.001483034,0.10311819,0.0073620016,0.060159437,0.0012910089,253.20312,252.96634,339.39062,-0.39012724,10.578286,0.060080033
2,69,2,0.0069999998,0.016061949,0.0026929001,0.00984035,0.003528699,0.02594658,-0.0011167736,3.7746258,0.2495805,5.061142,-0.35550228,0.05189316,-0.0022335472,0.099198535,0.006559066,0.059402853,-0.004172551,253.27596,253.40356,339.35764,0.105921775,10.580561,0.060915053
2,70,2,0.0069999998,0.014701026,0.0017221991,0.009287084,0.0036917427,0.020749694,0.0016100105,3.6669784,0.53449696,5.1767464,-0.36784455,0.041499387,0.003220021,0.09636952,0.0140467705,0.060759712,-0.004317405,253.35815,253.74976,339.6336,-0.16665241,10.580561,0.06603523
2,71,2,0.0069999998,0.014221339,0.0018916199,0.00872843,0.0036012896,0.021746378,0.0005769625,3.5549762,0.36277947,5.1129346,-0.62204045,0.043492757,0.001153925,0.09342606,0.009533977,0.060010746,-0.007300915,253.41924,253.95372,340.3269,0.25926098,10.583365,0.048449695
2,72,2,0.0069999998,0.016088303,0.002413227,0.009681238,0.0039938386,0.024562303,0.00010257726,3.7439852,0.3435064,5.384389,-0.69345486,0.049124606,0.00020515452,0.098393284,0.0090274755,0.06319682,-0.008139108,253.43745,254.06447,339.67715,0.34994847,10.583365,0.05283342
2,73,2,0.0069999998,0.014551878,0.0016355838,0.009385668,0.0035306257,0.020221176,0.0026961763,3.6863897,0.25669274,5.062524,-1.0577714,0.04044235,0.0053923526,0.09687965,0.0067459773,0.05941907,-0.012415118,253.4666,254.11833,339.6463,0.8010787,10.586963,0.03834925
2,74,2,0.0069999998,0.014937948,0.0018360784,0.009435828,0.003666042,0.021424742,0.0009213293,3.696227,0.10870293,5.158696,-0.82177216,0.042849485,0.0018426586,0.09713819,0.0028567507,0.060547847,-0.00964518,253.52563,254.30602,340.5722,0.7130692,10.586963,0.037476607
2,75,2,0.0069999998,0.014278643,0.0023540317,0.0081250435,0.003799568,0.024259182,0.0005120081,3.4299006,-0.01954026,5.251801,-1.0098752,0.048518363,0.0010240162,0.090139024,-0.00051352574,0.061640635,-0.011852955,253.51993,254.36107,340.2388,1.0294155,10.591045,0.04238779
2,76,2,0.0069999998,0.013429642,0.0015760671,0.007854559,0.003999015,0.019849855,0.0027976995,3.3723261,0.054647543,5.3878775,-1.1406617,0.03969971,0.005595399,0.08862595,0.0014361574,0.063237764,-0.013388,253.5136,254.38354,340.23184,1.0860142,10.591045,0.050969217
2,77,2,0.0069999998,0.012880433,0.0016341881,0.0077010514,0.003545194,0.020212546,0.0014887786,3.3392093,-0.18527944,5.0729575,-1.0110873,0.040425092,0.0029775572,0.087755635,-0.00486921,0.05954153,-0.011867179,253.50761,254.25653,340.84525,1.1963668,10.595173,0.0618623
2,78,2,0.0069999998,0.014224778,0.0026713125,0.007853631,0.0036998345,0.02584237,0.00043228676,3.3721268,-0.19380654,5.182417,-1.0910485,0.05168474,0.0008645735,0.088620715,-0.0050933054,0.060826264,-0.012805681,253.45872,254.10776,340.00372,1.284855,10.595173,0.06580613
2,79,2,0.0069999998,0.013595706,0.0015932833,0.008631059,0.003371363,0.019957976,0.0034051938,3.535092,-0.21254857,4.947024,-1.0810949,0.039915953,0.0068103876,0.092903495,-0.005585855,0.05806344,-0.012688864,253.43375,253.94708,339.7784,1.2936435,10.599,0.050892826
2,80,2,0.0069999998,0.015077551,0.0016883309,0.009623683,0.0037655372,0.020544652,0.0016667754,3.7328396,-0.33702046,5.22823,-0.7464429,0.041089304,0.0033335509,0.09810037,-0.00885702,0.061363973,-0.008761029,253.4484,253.86623,340.26822,1.0834634,10.599,0.055061504
2,81,2,0.0069999998,0.015324885,0.0024494817,0.009184351,0.0036910523,0.02474612,0.0010443069,3.6466403,-0.5276269,5.1762624,-0.43319505,0.04949224,0.0020886138,0.09583502,-0.013866227,0.06075403,-0.005084428,253.4785,254.02821,339.95746,0.9608219,10.602471,0.04906788
2,82,2,0.0069999998,0.013412182,0.0016670169,0.008287626,0.003457539,0.02041456,0.0036541726,3.464047,-0.58663225,5.0098505,-0.57696486,0.04082912,0.0073083453,0.0910364,-0.015416906,0.058800843,-0.006771862,253.54553,254.29053,340.18628,1.1635971,10.602471,0.05159168
2,83,2,0.0069999998,0.012579177,0.0016556646,0.008105151,0.002818361,0.02034493,0.002090974,3.4256992,-0.4984648,4.5231347,-0.14095384,0.04068986,0.004181948,0.090028614,-0.013099833,0.053088237,-0.0016543805,253.6261,254.59006,341.00845,0.6394186,10.605633,0.048445813
2,84,2,0.0069999998,0.014389484,0.0025670913,0.008284154,0.003538239,0.025333235,0.0010765857,3.4633217,-0.58638656,5.067979,-0.11758897,0.05066647,0.0021531715,0.09101733,-0.0154104475,0.0594831,-0.0013801461,253.60864,254.58345,340.42413,0.70397556,10.605633,0.057108797
2,85,2,0.0069999998,0.014054156,0.00170794,0.008994887,0.0033513287,0.020663615,0.0035562136,3.6088307,-0.2636604,4.932302,-0.04651823,0.04132723,0.007112427,0.094841376,-0.006929093,0.05789066,-0.00054598635,253.59627,254.45212,340.15814,0.31017864,10.608898,0.053845968
2,86,2,0.0069999998,0.013964986,0.0018146526,0.008804951,0.0033453838,0.02129937,0.0019761557,3.5705254,-0.18376337,4.927926,0.17953834,0.04259874,0.0039523114,0.0938347,-0.004829372,0.057839293,0.0021072517,253.61845,254.43079,340.55002,0.0042250305,10.608898,0.0466916
2,87,2,0.0069999998,0.013508635,0.0029074696,0.007731275,0.0028698905,0.02696048,0.0005213161,3.3457553,0.03310637,4.5642967,0.28632522,0.05392096,0.0010426322,0.08792767,0.0008700454,0.05357136,0.0033606119,253.59764,254.3924,339.90198,-0.3194316,10.6125145,0.042457577
2,88,2,0.0069999998,0.012672098,0.0015679093,0.008187697,0.0029164911,0.019798417,0.0030887746,3.4430995,0.10379168,4.6012044,0.17875113,0.039596833,0.0061775493,0.09048589,0.0027276804,0.054004546,0.0020980122,253.58919,254.37393,339.83966,-0.2825428,10.6125145,0.040335737
2,89,2,0.0069999998,0.012245467,0.0016971019,0.007873762,0.0026746031,0.020597948,0.0013720958,3.376446,0.19618905,4.406268,0.4596385,0.041195896,0.0027441916,0.088734224,0.0051559154,0.051716566,0.0053947996,253.57373,254.21735,340.1635,-0.6558275,10.61645,0.043146282
2,90,2,0.0069999998,0.0133077605,0.0026534365,0.007704058,0.0029502662,0.02575576,0.00040142954,3.3398614,0.07319575,4.627771,0.39068204,0.05151152,0.0008028591,0.087772764,0.0019236116,0.054316353,0.0045854524,253.50557,253.97961,339.41043,-0.4638778,10.61645,0.041218445
2,91,2,0.0069999998,0.012651281,0.0016704284,0.008036344,0.0029445088,0.020435438,0.0027217302,3.4111276,0.28544345,4.6232524,0.25516582,0.040870875,0.0054434603,0.08964566,0.007501557,0.054263327,0.0029948922,253.50829,253.98871,339.58524,-0.54060924,10.620933,0.03648289
2,92,2,0.0069999998,0.012899527,0.0018402074,0.008044125,0.0030151953,0.021448819,0.0010980845,3.412778,0.17611887,4.6784177,0.5699341,0.042897638,0.002196169,0.089689046,0.0046284646,0.054910794,0.006689341,253.56917,254.1357,340.28925,-0.746053,10.620933,0.0383249
2,93,2,0.0069999998,0.012714876,0.0029301948,0.0073775174,0.0024071631,0.027065637,0.000113527996,3.2683141,0.021554176,4.18017,0.5082193,0.054131273,0.00022705599,0.085892476,0.0005664497,0.049062848,0.005964993,253.6135,254.45442,340.0288,-0.5297735,10.625507,0.028493501
2,94,2,0.0069999998,0.0116621535,0.0017401607,0.007587939,0.0023340539,0.020857617,0.0026353553,3.314596,0.028327143,4.1162014,0.40490344,0.041715235,0.0052707107,0.087108776,0.00074444606,0.048312046,0.0047523696,253.65573,254.65485,340.2722,-0.43323058,10.625507,0.026417837
2,95,2,0.0069999998,0.011488138,0.001791125,0.0074339956,0.002263017,0.021160843,0.0011951408,3.2808008,0.091372356,4.05308,0.6640769,0.042321686,0.0023902815,0.08622062,0.0024013014,0.04757118,0.007794302,253.71188,254.8622,341.01672,-0.7554493,10.630105,0.028431412
2,96,2,0.0069999998,0.01248226,0.0026214863,0.007203489,0.002657285,0.025600227,0.0005963039,3.2295358,0.055271905,4.391979,0.76706535,0.051200453,0.0011926078,0.08487337,0.0014525648,0.05154886,0.0090030795,253.67984,254.74443,340.33362,-0.82233727,10.630105,0.025956945
2,97,2,0.0069999998,0.012373425,0.0018369954,0.008062465,0.002473964,0.021430092,0.002781674,3.4166665,0.27921882,4.2377753,0.44985992,0.042860184,0.005563348,0.08979123,0.00733797,0.04973896,0.0052800244,253.67583,254.68822,340.39456,-0.72907877,10.634476,0.03152773
2,98,2,0.0069999998,0.0121301375,0.0017700327,0.007824973,0.0025351318,0.021035878,0.0011408005,3.365969,0.26904705,4.289844,0.6798913,0.042071756,0.002281601,0.08845888,0.007070653,0.050350092,0.007979915,253.71136,254.75043,340.89618,-0.94893837,10.634476,0.03456663
2,99,2,0.0069999998,0.011611274,0.0024997524,0.0070504034,0.0020611181,0.024998762,0.0005071377,3.1950352,0.1875613,3.868055,0.34307244,0.049997523,0.0010142754,0.08396668,0.0049291793,0.04539954,0.004026656,253.70367,254.81598,340.2804,-0.53063375,10.638381,0.034955572
2,100,2,0.0069999998,0.012030435,0.001828919,0.007856027,0.0023454884,0.021382932,0.0027299104,3.3726413,0.33507568,4.1262712,0.25473815,0.042765863,0.005459821,0.08863423,0.008805911,0.04843024,0.0029898738,253.685,254.7181,340.0921,-0.5898138,10.638381,0.04314002
3,1,2,0.0048999996,0.017171005,0.0020965333,0.011920415,0.003154056,0.022893958,0.0032158154,4.1544576,-0.2354869,4.784934,1.1143965,0.045787916,0.006431631,0.10918065,-0.006188672,0.056160983,0.013079724,253.87077,255.3632,342.18094,-0.8789096,10.641611,0.076170325
3,2,2,0.0048999996,0.01528665,0.0019473962,0.010622504,0.0027167492,0.022064656,0.0013585942,3.92177,-0.0021537242,4.440849,1.1634501,0.044129312,0.0027171883,0.103065535,-5.6599125e-5,0.052122444,0.013655468,253.82608,255.1409,342.52792,-1.1612964,10.641611,0.075739376
3,3,2,0.0048999996,0.014780805,0.0024089874,0.0096238265,0.002747991,0.024540719,0.0005405144,3.7328675,0.0579125,4.46631,0.74118274,0.049081437,0.0010810288,0.0981011,0.0015219606,0.052421283,0.008699298,253.7085,254.61205,341.49365,-0.7990953,10.642681,0.07803319
3,4,2,0.0048999996,0.015785452,0.0016828853,0.011113065,0.0029895017,0.020511493,0.0027043524,4.0113044,0.22495,4.658441,0.41978046,0.041022986,0.0054087047,0.105418526,0.0059117647,0.054676335,0.004926985,253.59895,254.11539,340.5874,-0.64473045,10.642681,0.08985222
3,5,2,0.0048999996,0.015509031,0.0018293916,0.010804167,0.0028754727,0.021385694,0.0007211635,3.9551625,-0.016224485,4.568733,0.23240861,0.042771388,0.001442327,0.103943095,-0.00042638634,0.053623434,0.0027277903,253.53981,253.82784,340.85843,-0.21618412,10.642168,0.082855545
3,6,2,0.0048999996,0.01685576,0.0027621407,0.010978795,0.0031148235,0.026278036,-2.999822e-5,3.9869978,-0.17009257,4.7550817,-0.044519134,0.05255607,-5.999644e-5,0.10477974,-0.004470092,0.055810604,-0.000522522,253.48918,253.70433,340.0523,0.21461171,10.642168,0.079657175
3,7,2,0.0048999996,0.016951688,0.0016074164,0.011886877,0.0034573954,0.0200463,0.002642675,4.1486096,-0.17265813,5.0097466,-0.4270381,0.0400926,0.00528535,0.10902695,-0.004537521,0.05879962,-0.0050121676,253.49365,253.69019,340.18536,0.5996962,10.640439,0.082458295
3,8,2,0.0048999996,0.015681965,0.0017828153,0.010889422,0.0030097286,0.021111699,0.0008064267,3.9707367,-0.3210437,4.674174,-0.2888693,0.042223398,0.0016128534,0.10435239,-0.0084371455,0.054860994,-0.0033904735,253.51506,253.70422,340.99472,0.609913,10.640439,0.08231986
3,9,2,0.0048999996,0.0145544205,0.0025761148,0.009137742,0.0028405641,0.02537772,0.00034723262,3.6373756,-0.4886072,4.540917,-0.4820011,0.05075544,0.00069446524,0.09559154,-0.012840772,0.053296942,-0.005657268,253.48888,253.64182,340.3083,0.9706083,10.637489,0.06139442
3,10,2,0.0048999996,0.015297915,0.001599612,0.010393381,0.0033049223,0.019997574,0.0031365256,3.8792439,-0.28273025,4.898034,-0.62656343,0.03999515,0.0062730513,0.10194793,-0.0074302526,0.057488453,-0.007354003,253.4783,253.48996,340.14597,0.90929365,10.637489,0.06952023
3,11,2,0.0048999996,0.014702862,0.0016717296,0.009800774,0.0032303587,0.020443395,0.001352377,3.7670279,-0.37998226,4.8424664,-0.4760071,0.04088679,0.002704754,0.09899886,-0.009986066,0.056836244,-0.0055869175,253.52625,253.64883,340.65506,0.85598934,10.633669,0.065303214
3,12,2,0.0048999996,0.01506388,0.002468651,0.009182668,0.0034125606,0.02484276,0.0010308793,3.646306,-0.5049906,4.977158,-0.64213336,0.04968552,0.0020617587,0.09582624,-0.0132713355,0.058417127,-0.007536746,253.57027,253.95914,340.12012,1.1471239,10.633669,0.06961007
3,13,2,0.0048999996,0.013211755,0.0016871209,0.008430715,0.0030939197,0.020537289,0.0035579232,3.4938226,-0.18394017,4.7390985,-0.6606232,0.041074578,0.0071158465,0.09181892,-0.004834015,0.055623014,-0.0077537643,253.6302,254.20905,340.54813,0.84456336,10.629337,0.04993796
3,14,2,0.0048999996,0.011911262,0.0016815215,0.007738656,0.0024910844,0.02050318,0.001837942,3.347352,-0.19281158,4.2524133,-0.3890831,0.04100636,0.003675884,0.08796963,-0.005067162,0.049910765,-0.004566684,253.6452,254.25829,341.2668,0.58189464,10.629337,0.04691129
3,15,2,0.0048999996,0.011219323,0.0023462728,0.0065754713,0.0022975784,0.02421917,0.0010383005,3.0855465,-0.1335763,4.083912,-0.5492949,0.04843834,0.002076601,0.08108928,-0.0035104342,0.04793306,-0.0064470987,253.56554,254.02005,340.51425,0.6828712,10.62463,0.042022586
3,16,2,0.0048999996,0.010775324,0.0014985851,0.0065570828,0.0027196559,0.019355781,0.0034713296,3.0812292,-0.031064428,4.443224,-0.722101,0.038711563,0.006942659,0.080975816,-0.00081638136,0.05215032,-0.008475333,253.5116,253.74696,340.38107,0.7531654,10.62463,0.047340058
3,17,2,0.0048999996,0.009877379,0.001545774,0.0062173614,0.0021142438,0.019658167,0.0014599541,3.0003488,-0.035652623,3.9175878,-0.4484904,0.039316334,0.0029199081,0.07885025,-0.0009369645,0.045980908,-0.005263953,253.47595,253.50424,340.84424,0.48414302,10.619636,0.05428196
3,18,2,0.0048999996,0.009953443,0.002269249,0.005670541,0.0020136535,0.023818318,0.0007278645,2.8653715,-0.039190024,3.823258,-0.79113793,0.047636636,0.001455729,0.075302996,-0.0010299273,0.04487375,-0.009285621,253.36612,253.05562,339.81152,0.830328,10.619636,0.060071193
3,19,2,0.0048999996,0.009032162,0.0014111346,0.0054930532,0.002127974,0.018782536,0.0029895417,2.8201718,0.19658904,3.930288,-0.9391142,0.03756507,0.0059790835,0.074115135,0.0051664338,0.046129968,-0.011022427,253.30414,252.7663,339.34445,0.74252516,10.614402,0.060575295
3,20,2,0.0048999996,0.0093654115,0.0015815208,0.0054214927,0.0023623984,0.01988417,0.0013618789,2.8017416,0.10855316,4.14112,-0.7592755,0.03976834,0.0027237579,0.07363079,0.0028528157,0.04860451,-0.008911652,253.30327,252.72285,339.7237,0.6507223,10.614402,0.06325153
3,21,2,0.0048999996,0.009259551,0.0018447135,0.005515503,0.0018993339,0.021475064,0.0007328992,2.8259292,0.12570244,3.713145,-0.6716811,0.042950127,0.0014657984,0.07426643,0.0033035039,0.043581348,-0.007883552,253.24866,252.5747,338.94702,0.54597867,10.608817,0.047612287
3,22,2,0.0048999996,0.0086590275,0.0014348112,0.0052242656,0.0019999514,0.01893945,0.0031078178,2.7503076,0.3201948,3.810228,-0.8621753,0.0378789,0.0062156357,0.07227908,0.008414836,0.044720817,-0.01011939,253.20709,252.34598,338.87482,0.5419805,10.608817,0.04566424
3,23,2,0.0048999996,0.008275636,0.0015047062,0.0051572593,0.0016136704,0.019395271,0.00095505995,2.732613,0.1983085,3.4225411,-0.283273,0.038790543,0.0019101199,0.07181406,0.005211617,0.040170517,-0.003324785,253.19926,252.28537,339.29297,0.084964514,10.603089,0.038831994
3,24,2,0.0048999996,0.008999355,0.0019148729,0.0052677593,0.0018167231,0.02187963,0.00043736424,2.7617328,0.1905111,3.631496,-0.47874606,0.04375926,0.0008747285,0.07257933,0.0050066994,0.042623036,-0.005619065,253.15166,252.11557,338.55304,0.28823495,10.603089,0.043343827
3,25,2,0.0048999996,0.008465342,0.0013279963,0.0055002277,0.0016371182,0.018220842,0.0026061235,2.8220127,0.3235322,3.447317,-0.28904614,0.036441684,0.005212247,0.07416352,0.00850254,0.040461317,-0.0033925483,253.10875,251.89647,338.38858,-0.034486055,10.597499,0.049437035
3,26,2,0.0048999996,0.0083902255,0.0014802631,0.0052862437,0.0016237189,0.019237094,0.0009043451,2.7665741,0.20181096,3.4331808,-0.25143367,0.038474187,0.0018086903,0.07270656,0.0053036637,0.040295396,-0.0029510867,253.07819,251.76172,338.57028,0.049622715,10.597499,0.047338318
3,27,2,0.0048999996,0.008544695,0.0017078292,0.0049289507,0.0019079149,0.020662945,0.0005885565,2.671443,0.099754564,3.721523,-0.107836634,0.04132589,0.001177113,0.070206486,0.002621585,0.043679684,-0.0012656841,253.0384,251.64682,337.82925,0.008082069,10.591904,0.04590049
3,28,2,0.0048999996,0.008674934,0.0014254029,0.005121656,0.0021278746,0.018877255,0.0029169847,2.7231643,0.18272427,3.9301965,-0.17254265,0.03775451,0.0058339695,0.07156575,0.004802059,0.04612889,-0.0020251407,253.03679,251.61598,337.88052,-0.010181621,10.591904,0.052103013
3,29,2,0.0048999996,0.0082035,0.0013450708,0.0049472535,0.0019111752,0.018337604,0.0010255467,2.6763983,0.12484941,3.7247016,0.35052538,0.036675207,0.0020510934,0.070336714,0.003281087,0.04371699,0.004114132,253.04451,251.66347,338.5304,-0.4753748,10.586334,0.03664072
3,30,2,0.0048999996,0.00914847,0.0016984544,0.005297135,0.002152881,0.020606155,0.0007418237,2.7694223,0.15587865,3.9532218,0.22659098,0.04121231,0.0014836474,0.07278142,0.0040965467,0.046399146,0.0026595076,253.00047,251.51657,337.8749,-0.38246962,10.586334,0.036239754
3,31,2,0.0048999996,0.008445868,0.0013947007,0.0049018976,0.0021492704,0.018672846,0.0028132559,2.6641018,0.22278567,3.9499056,0.4101756,0.037345693,0.0056265118,0.07001355,0.0058548884,0.046360224,0.004814249,252.98181,251.34572,337.7695,-0.6329613,10.580665,0.036357004
3,32,2,0.0048999996,0.0076939007,0.0013676741,0.0045647346,0.0017614918,0.018491039,0.0010889337,2.570848,0.06497011,3.575868,0.5384557,0.036982078,0.0021778673,0.06756282,0.0017074401,0.04197013,0.006319881,252.98528,251.316,338.05994,-0.60342586,10.580665,0.03968858
3,33,2,0.0048999996,0.0066611655,0.00151863,0.0037379616,0.0014045743,0.019484801,0.0010475384,2.326409,-0.025690975,3.1931074,0.43713078,0.038969602,0.0020950767,0.061138872,-0.0006751704,0.03747765,0.0051306235,252.94019,251.1706,337.1696,-0.4114398,10.5747385,0.03646196
3,34,2,0.0048999996,0.007087856,0.0013755255,0.0039476063,0.0017647245,0.018544039,0.0030968196,2.390758,0.06290764,3.5791483,0.24436025,0.037088078,0.0061936392,0.06282998,0.0016532362,0.042008623,0.0028680696,252.89667,251.01476,336.7377,-0.3072679,10.5747385,0.03524983
3,35,2,0.0048999996,0.007959188,0.0012864975,0.0046148836,0.0020578073,0.017933888,0.0011679651,2.5849314,0.1140758,3.864947,0.4780829,0.035867777,0.0023359302,0.06793293,0.002997955,0.04536306,0.0056112795,252.87318,250.82741,336.95102,-0.5921587,10.568638,0.042414088
3,36,2,0.0048999996,0.008922069,0.0014635458,0.0049759047,0.0024826187,0.019128159,0.0008863976,2.6841366,0.04229692,4.2451816,0.32823804,0.038256317,0.0017727952,0.07054009,0.0011115788,0.049825884,0.0038525444,252.844,250.69267,336.31085,-0.37053496,10.568638,0.040254902
3,37,2,0.0048999996,0.0084977355,0.0012878211,0.0047729197,0.0024369948,0.017943112,0.0026029572,2.6288195,0.16246946,4.2059927,0.40064633,0.035886224,0.0052059144,0.06908632,0.0042697554,0.049365927,0.004702402,252.87196,250.79944,336.50916,-0.5631158,10.562429,0.03487631
3,38,2,0.0048999996,0.008446652,0.0012644475,0.0046989336,0.002483271,0.017779535,0.0011342486,2.6083646,0.16557363,4.245739,0.58866954,0.03555907,0.0022684971,0.06854877,0.0043513346,0.04983243,0.006909239,252.89394,250.90585,337.18283,-0.75424314,10.562429,0.03941076
3,39,2,0.0048999996,0.008669541,0.0014854443,0.0046942444,0.0024898527,0.019270731,0.0005627525,2.6070628,0.2942854,4.251362,0.33520806,0.038541462,0.001125505,0.068514556,0.007733928,0.049898423,0.003934353,252.81546,250.64966,336.33633,-0.6294935,10.556344,0.04175261
3,40,2,0.0048999996,0.009030507,0.0013050531,0.0048252046,0.0029002493,0.01806276,0.0025111188,2.6431787,0.31706253,4.5883746,0.15189199,0.03612552,0.0050222375,0.06946369,0.008332517,0.053853963,0.0017827658,252.73,250.23503,335.7996,-0.4689545,10.556344,0.04537497
3,41,2,0.0048999996,0.008557679,0.0013540136,0.0044355593,0.0027681063,0.018398462,0.00071178074,2.5342116,0.30504012,4.482627,0.11091367,0.036796924,0.0014235615,0.066599995,0.008016563,0.052612796,0.0013017968,252.70241,250.0836,335.97885,-0.4159538,10.550349,0.04200324
3,42,2,0.0048999996,0.009227445,0.0014687825,0.0046948907,0.0030637716,0.01916235,0.00051320816,2.6072423,0.3171333,4.7159514,-0.12732697,0.0383247,0.0010264163,0.06851927,0.008334378,0.055351347,-0.001494439,252.64413,249.90727,335.1153,-0.18980634,10.550349,0.048291285
3,43,2,0.0048999996,0.0089755785,0.001326091,0.00464327,0.0030062173,0.018207766,0.0021484091,2.592869,0.30475017,4.671447,-0.21140659,0.036415532,0.0042968183,0.06814154,0.008008946,0.054828983,-0.0024812878,252.62741,249.81653,335.1759,-0.093343586,10.544519,0.039778184
3,44,2,0.0048999996,0.00884936,0.0013153626,0.0045076404,0.0030263565,0.018133964,0.0005465895,2.55472,0.22111043,4.687068,-0.10516388,0.03626793,0.001093179,0.06713896,0.005810863,0.05501233,-0.0012343104,252.64203,249.92969,335.71906,-0.11594655,10.544519,0.04114126
3,45,2,0.0048999996,0.009271,0.0014545067,0.0045992853,0.0032172077,0.019068997,0.00044917376,2.580559,0.028184466,4.832599,-0.26602644,0.038137995,0.0008983475,0.06781803,0.0007406985,0.056720436,-0.0031223653,252.61281,249.83554,335.11978,0.23784196,10.539018,0.04367864
3,46,2,0.0048999996,0.01107904,0.0014534023,0.005790345,0.0038352928,0.019061757,0.0023868848,2.895482,0.07650938,5.276433,-0.25847957,0.038123515,0.0047737695,0.076094314,0.002010697,0.06192974,-0.0030337898,252.6128,249.69728,335.28125,0.18197018,10.539018,0.050411414
3,47,2,0.0048999996,0.01068313,0.0014651276,0.0055686506,0.003649351,0.019138493,0.0009110251,2.8395119,-0.0011085741,5.146939,-0.049380448,0.038276985,0.0018220502,0.07462339,-2.9133425e-5,0.06040986,-0.0005795835,252.65933,249.86685,335.93396,0.050489023,10.534032,0.05600932
3,48,2,0.0048999996,0.010577915,0.0014448615,0.0055505875,0.0035824662,0.019005667,0.0007697362,2.8349025,0.028102374,5.099555,-0.25095245,0.038011335,0.0015394724,0.07450227,0.0007385419,0.059853707,-0.0029454425,252.61249,249.82845,335.09848,0.22285008,10.534032,0.06198138
3,49,2,0.0048999996,0.010612442,0.0015496135,0.005608924,0.0034539043,0.019682566,0.0027090095,2.8497612,-0.11263009,5.007216,-0.3842875,0.03936513,0.005418019,0.07489275,-0.0029599583,0.058769926,-0.0045104004,252.5634,249.6353,334.6888,0.4969176,10.529657,0.05387987
3,50,2,0.0048999996,0.011429655,0.0014277888,0.0061914735,0.0038103934,0.018893046,0.0013083525,2.9940958,-0.15534796,5.2592783,-0.23017798,0.037786093,0.002616705,0.07868592,-0.004082599,0.061728384,-0.00270161,252.55835,249.60464,334.95255,0.38552594,10.529657,0.059820432
3,51,2,0.0048999996,0.010620027,0.0013712924,0.00549814,0.0037505943,0.018515483,0.001220698,2.8214777,-0.1459427,5.217846,-0.30146095,0.037030965,0.002441396,0.074149445,-0.0038354264,0.061242096,-0.0035382623,252.5451,249.60936,334.44016,0.44740367,10.525725,0.044197056
3,52,2,0.0048999996,0.011744888,0.0015606601,0.005996272,0.0041879555,0.019752596,0.00281608,2.9465196,-0.052512005,5.5136886,-0.4288062,0.03950519,0.00563216,0.0774356,-0.001380033,0.06471442,-0.005032919,252.57126,249.6967,334.58554,0.48131818,10.525725,0.04397922
3,53,2,0.0048999996,0.010627491,0.0014670801,0.0053868806,0.003773531,0.01915124,0.0015259585,2.792784,0.041158177,5.2337766,-0.19669288,0.03830248,0.003051917,0.07339537,0.0010816546,0.061429072,-0.0023085927,252.61095,249.85875,335.20273,0.15553471,10.522167,0.04006148
3,54,2,0.0048999996,0.011495769,0.0015165564,0.0057230587,0.004256154,0.019471494,0.0015053794,2.8786097,-0.09879513,5.558401,-0.3173539,0.03894299,0.003010759,0.0756509,-0.00259637,0.065239206,-0.0037247979,252.58818,249.90651,334.4716,0.41614902,10.522167,0.04879728
3,55,2,0.0048999996,0.012472272,0.0015387773,0.006216853,0.004716642,0.019613625,0.0029503785,3.0002258,-0.030497542,5.851372,-0.35456124,0.03922725,0.005900757,0.07884702,-0.000801488,0.06867781,-0.0041615036,252.55354,249.74338,334.22696,0.3850588,10.519006,0.057358615
3,56,2,0.0048999996,0.0148126045,0.0015576956,0.007402421,0.005852488,0.019733826,0.0015303673,3.273826,-0.15404844,6.517957,-0.25381085,0.03946765,0.0030607346,0.08603732,-0.0040484476,0.076501556,-0.002978992,252.57736,249.78302,334.62833,0.4078593,10.519006,0.0656842
3,57,2,0.0048999996,0.014575861,0.0013835537,0.0074721747,0.0057201325,0.018598076,0.0011638086,3.2892144,-0.069767274,6.443832,-0.35864064,0.037196152,0.0023276173,0.08644174,-0.0018335108,0.07563156,-0.0042093834,252.57268,249.89386,334.12204,0.4284079,10.515999,0.063127264
3,58,2,0.0048999996,0.013893211,0.0014875175,0.006782345,0.005623349,0.019284174,0.0027317135,3.1337085,0.02246374,6.389086,-0.4450396,0.038568348,0.005463427,0.08235499,0.0005903545,0.07498899,-0.005223449,252.54593,249.79478,334.23438,0.42257586,10.515999,0.062216524
3,59,2,0.0048999996,0.011270439,0.0015602905,0.004972433,0.004737716,0.019750256,0.0011597894,2.6832008,0.074430175,5.86443,-0.23573457,0.039500512,0.0023195788,0.07051548,0.0019560526,0.06883107,-0.0027668294,252.51651,249.56128,334.59982,0.16130438,10.513053,0.04069159
3,60,2,0.0048999996,0.010342197,0.0013463467,0.0045566657,0.0044391844,0.018346298,0.0010840521,2.568575,0.12244515,5.6766586,-0.352589,0.036692597,0.0021681043,0.06750308,0.0032179037,0.066627204,-0.004138349,252.49184,249.47914,333.95816,0.23014386,10.513053,0.03706539
3,61,2,0.0048999996,0.009990936,0.0015762224,0.0047216006,0.0036931136,0.019850833,0.0023296047,2.6146486,0.21964718,5.1777077,-0.32339486,0.039701667,0.0046592094,0.0687139,0.0057724076,0.060770992,-0.0037956985,252.48285,249.46605,334.04544,0.10374768,10.51023,0.03005531
3,62,2,0.0048999996,0.009388464,0.0015312798,0.004025141,0.0038320427,0.019565785,0.0009438901,2.4141219,0.15664819,5.2741976,-0.16162032,0.03913157,0.0018877801,0.063443996,0.0041167713,0.061903495,-0.0018969473,252.45584,249.32837,334.55737,0.00497213,10.51023,0.031049013
3,63,2,0.0048999996,0.008164961,0.001294279,0.0035955322,0.0032751495,0.017988045,0.00088690507,2.2816565,0.015633496,4.8759217,-0.25195768,0.03597609,0.0017738101,0.059962757,0.00041085482,0.057228923,-0.0029572393,252.36118,248.99777,333.77878,0.23632419,10.507574,0.026294317
3,64,2,0.0048999996,0.009161791,0.001544445,0.00409197,0.0035253752,0.019649714,0.0023138542,2.4340806,0.030961702,5.058758,-0.42913765,0.03929943,0.0046277083,0.06396851,0.000813685,0.05937487,-0.005036806,252.28535,248.68742,333.43802,0.39817595,10.507574,0.02790688
3,65,2,0.0048999996,0.00931903,0.0015784993,0.0044532153,0.0032873156,0.019865166,0.0007917868,2.5392501,0.041822974,4.8849697,-0.020532474,0.039730333,0.0015835736,0.066732414,0.0010991229,0.057335116,-0.0002409882,252.26396,248.5967,333.71686,-0.0212905,10.504987,0.02941825
3,66,2,0.0048999996,0.009031887,0.0013231692,0.003935554,0.0037731638,0.018187696,0.00092905393,2.3871055,0.024920685,5.2335215,-0.11871215,0.036375392,0.0018581079,0.06273399,0.00065492437,0.061426084,-0.001393329,252.25356,248.62788,332.90854,0.09379146,10.504987,0.035678633
3,67,2,0.0048999996,0.008723155,0.0016807405,0.00374334,0.0032990742,0.020498417,0.0020717015,2.328082,0.20024817,4.893699,-0.14760058,0.040996835,0.004143403,0.06118284,0.0052625923,0.05743757,-0.0017323957,252.28477,248.8059,333.1059,-0.05264759,10.502408,0.031807046
3,68,2,0.0048999996,0.009164035,0.0017119474,0.003849355,0.0036027331,0.020687843,0.00055135024,2.3608189,0.19483836,5.113959,-0.11782305,0.041375685,0.0011027005,0.06204317,0.005120423,0.06002277,-0.0013828957,252.30275,248.95454,333.58185,-0.07701531,10.502408,0.027389795
3,69,2,0.0048999996,0.009383903,0.0015208309,0.004486286,0.003376786,0.019498916,0.00039080885,2.5486612,0.31975514,4.9510007,-0.24466574,0.038997833,0.0007816177,0.06697974,0.00840328,0.058110118,-0.0028716542,252.24988,248.92883,332.71915,-0.075089395,10.49987,0.03164613
3,70,2,0.0048999996,0.0095704235,0.0016856138,0.004299009,0.0035858003,0.020528113,0.0018477358,2.4948986,0.30851993,5.1019273,-0.33693403,0.041056227,0.0036954717,0.06556683,0.008108015,0.059881553,-0.0039546113,252.22267,248.76692,332.47162,0.0284141,10.49987,0.03411055
3,71,2,0.0048999996,0.01001426,0.0017374373,0.004717747,0.0035590755,0.02084129,0.0004417307,2.6135812,0.20903955,5.0828795,-0.08717485,0.04168258,0.0008834614,0.06868586,0.0054936334,0.059657987,-0.0010231764,252.26042,248.85652,333.1422,-0.12186471,10.497279,0.026978238
3,72,2,0.0048999996,0.010149224,0.00139391,0.00505422,0.003701094,0.018667553,0.00035386684,2.7051775,0.20766817,5.183299,-0.10725619,0.037335105,0.0007077337,0.07109304,0.005457595,0.060836617,-0.0012588706,252.2579,248.80116,332.63196,-0.10041198,10.497279,0.03182554
3,73,2,0.0048999996,0.009065351,0.0016423536,0.004361398,0.0030615998,0.02026298,0.0018955524,2.5129366,0.29729065,4.71428,-0.06298651,0.04052596,0.0037911048,0.06604088,0.007812904,0.055331726,-0.0007392746,252.28436,248.82936,332.85388,-0.23430414,10.49495,0.027115047
3,74,2,0.0048999996,0.009520505,0.001772901,0.0044276533,0.0033199503,0.021052916,0.0005958658,2.5319521,0.2043025,4.9091578,0.048077516,0.04210583,0.0011917315,0.066540614,0.005369143,0.05761901,0.0005642868,252.30725,248.97218,333.33893,-0.25238,10.49495,0.025245123
3,75,2,0.0048999996,0.009930044,0.0015607846,0.0051456788,0.0032235817,0.019753383,0.0001881562,2.7295434,0.12728004,4.8373833,-0.007959847,0.039506767,0.0003763124,0.071733385,0.0033449668,0.056776594,-9.3425166e-5,252.23248,248.80806,332.2578,-0.11932019,10.492761,0.025302941
3,76,2,0.0048999996,0.009703464,0.0017294425,0.004980942,0.0029930798,0.020793283,0.0016457232,2.6854954,0.23845056,4.6612277,-0.04952529,0.041586567,0.0032914465,0.07057579,0.0062665655,0.054709047,-0.00058128196,252.18462,248.53185,332.43195,-0.18892527,10.492761,0.026254958
3,77,2,0.0048999996,0.009082284,0.0017550132,0.0046294564,0.0026978145,0.02094644,0.00042672787,2.5890098,0.13932584,4.4253464,0.2041497,0.04189288,0.00085345574,0.06804011,0.003661534,0.05194049,0.0023961149,252.15735,248.39177,332.85507,-0.34347552,10.490655,0.030892666
3,78,2,0.0048999996,0.009829482,0.0014494883,0.005553748,0.002826245,0.019036073,0.00039509765,2.8357098,0.11676552,4.5294566,0.18370457,0.038072146,0.0007901953,0.07452347,0.0030686404,0.05316244,0.0021561496,252.10217,248.24756,332.31793,-0.30047008,10.490655,0.039164227
3,79,2,0.0048999996,0.009522619,0.0016469968,0.005336391,0.0025392307,0.020291604,0.0018136989,2.7796652,0.20459026,4.29331,0.0279358,0.04058321,0.0036273978,0.0730506,0.0053767064,0.05039078,0.00032788486,252.06221,248.1597,332.2283,-0.23252606,10.488531,0.040981047
3,80,2,0.0048999996,0.01054013,0.0017199032,0.0058714873,0.0029487386,0.020735858,0.0006059406,2.9156995,0.07562758,4.626572,0.23548599,0.041471716,0.0012118812,0.07662563,0.0019875208,0.05430229,0.002763911,252.03352,248.03413,332.33517,-0.31111357,10.488531,0.04791001
3,81,2,0.0048999996,0.011113661,0.0014403542,0.006625834,0.0030474726,0.018976,0.0005865635,3.0973406,0.13359447,4.7033916,0.20407869,0.037952,0.001173127,0.081399225,0.003510911,0.05520392,0.0023952806,252.03116,248.10669,331.4534,-0.33767316,10.486387,0.040875133
3,82,2,0.0048999996,0.010967455,0.0016509203,0.00621942,0.003097114,0.020315759,0.0019233673,3.0008454,0.25922632,4.741544,0.10719138,0.040631518,0.0038467345,0.0788633,0.0068125594,0.05565172,0.0012581107,252.0945,248.34846,331.83728,-0.3664177,10.486387,0.04036249
3,83,2,0.0048999996,0.010608487,0.0017309946,0.0057914276,0.0030860654,0.020802611,0.000447031,2.895753,0.0956068,4.733079,0.29526493,0.041605223,0.000894062,0.07610143,0.0025125812,0.055552367,0.0034655381,252.14232,248.51474,332.57632,-0.39087173,10.484639,0.026025167
3,84,2,0.0048999996,0.012186729,0.0015335381,0.0074216397,0.0032315513,0.019580208,0.00060659705,3.2780728,0.084718965,4.84336,0.24046381,0.039160416,0.0012131941,0.08614894,0.002226445,0.056846734,0.0028223344,252.1833,248.8466,332.26382,-0.32518277,10.484639,0.04209338
3,85,2,0.0048999996,0.009421275,0.0016809918,0.0049639996,0.002776284,0.02049995,0.0021701418,2.6809242,0.12624864,4.489243,0.0851104,0.0409999,0.0043402836,0.070455655,0.0033178597,0.052690454,0.0009989452,252.23824,249.07549,332.60693,-0.21135905,10.483682,0.027526185
3,86,2,0.0048999996,0.009428941,0.0017469401,0.0047381646,0.0029438357,0.020898206,0.0009614659,2.6192307,0.1106651,4.6227236,0.30696398,0.041796412,0.0019229318,0.06883433,0.0029083185,0.054257125,0.00360285,252.29282,249.25249,333.3615,-0.41762906,10.483682,0.03057546
3,87,2,0.0048999996,0.009872535,0.0014062504,0.005665593,0.0028006923,0.018750003,0.0007753526,2.864121,0.18003328,4.5089345,0.028557999,0.037500005,0.0015507052,0.07527013,0.004731339,0.052921567,0.00033518672,252.28038,249.30608,332.8284,-0.20859128,10.483176,0.025338983
3,88,2,0.0048999996,0.009255894,0.0017439661,0.004999287,0.002512641,0.02088041,0.0020608082,2.6904366,0.023876522,4.2707725,-0.17148945,0.04176082,0.0041216165,0.07070564,0.0006274837,0.05012625,-0.002012779,252.27678,249.19537,332.7697,0.14761293,10.483176,0.023065837
3,89,2,0.0048999996,0.00923566,0.0018408872,0.0049033957,0.002491377,0.02145278,0.0008801566,2.6645088,-0.088207364,4.2526636,-0.08309335,0.04290556,0.0017603132,0.07002425,-0.0023181222,0.049913697,-0.0009752704,252.29521,249.14558,333.19595,0.17130071,10.482876,0.04113051
3,90,2,0.0048999996,0.009124845,0.0015650954,0.005327152,0.0022325972,0.019780643,0.0009717765,2.777258,-0.16130541,4.025746,0.020338913,0.039561287,0.001943553,0.07298734,-0.004239163,0.047250368,0.00023871871,252.2752,249.15337,332.61783,0.1409665,10.482876,0.04522333
3,91,2,0.0048999996,0.008495963,0.001693195,0.004596048,0.0022067204,0.020574225,0.0023872382,2.579651,-0.10636834,4.0023484,-0.13772897,0.04114845,0.0047744764,0.06779416,-0.002795399,0.046975743,-0.0016165309,252.2766,249.2096,332.7016,0.24409732,10.482064,0.042355478
3,92,2,0.0048999996,0.00844639,0.0016300869,0.0043786573,0.002437646,0.020187167,0.0010274625,2.5179038,-0.09292342,4.206555,0.10665538,0.040374335,0.002054925,0.06617142,-0.0024420607,0.049372524,0.001251819,252.27048,249.22548,333.16135,-0.013731964,10.482064,0.037431262
3,93,2,0.0048999996,0.009214211,0.0015182615,0.004981536,0.0027144137,0.019482438,0.0013015587,2.6856554,-0.018682847,4.43894,-0.104454264,0.038964875,0.0026031174,0.07058,-0.00049099384,0.052100036,-0.001225984,252.24628,249.10959,332.49167,0.12313711,10.48019,0.04068273
3,94,2,0.0048999996,0.009386012,0.0018047675,0.004951451,0.002629794,0.021241277,0.0025610165,2.6775334,0.058370486,4.369201,-0.26390082,0.042482555,0.005122033,0.07036655,0.0015339978,0.051281516,-0.0030974157,252.2851,249.20842,332.6195,0.20553033,10.48019,0.046474025
3,95,2,0.0048999996,0.009083334,0.001879978,0.004475519,0.002727837,0.021679357,0.0010685704,2.5456011,-0.067779996,4.449902,-0.12282691,0.043358713,0.0021371408,0.06689932,-0.0017812828,0.0522287,-0.0014416251,252.36201,249.53906,333.3767,0.1906069,10.477274,0.04253122
3,96,2,0.0048999996,0.008569794,0.0015131746,0.004356715,0.0026999041,0.019449772,0.0010274833,2.5115871,0.015484626,4.427059,-0.24870035,0.038899545,0.0020549665,0.066005416,0.00040694137,0.051960602,-0.002919008,252.36537,249.67519,332.79956,0.23321572,10.477274,0.03165698
3,97,2,0.0048999996,0.008595727,0.0018085031,0.004583556,0.0022036685,0.02126325,0.0024067238,2.5761428,0.0034550272,3.9995794,-0.32931527,0.0425265,0.0048134476,0.067701966,9.079985e-5,0.046943247,-0.0038651885,252.42668,249.83298,333.31238,0.32586026,10.473574,0.03128651
3,98,2,0.0048999996,0.009578139,0.001718535,0.005490712,0.0023688918,0.020727608,0.0009797306,2.8195708,-0.18675648,4.146807,0.038426954,0.041455217,0.0019594613,0.07409934,-0.004908028,0.048671264,0.00045101886,252.50302,249.9591,334.2264,0.14832953,10.473574,0.025703821
3,99,2,0.0048999996,0.008940209,0.00140418,0.005400824,0.0021352053,0.018736195,0.001067396,2.796396,-0.12695597,3.93696,-0.010840965,0.03747239,0.002134792,0.0734903,-0.003336449,0.04620828,-0.00012724102,252.5289,250.14804,333.7693,0.13779694,10.470017,0.03105995
3,100,2,0.0048999996,0.008734604,0.001718682,0.0050633773,0.0019525444,0.020728495,0.0026011846,2.7076268,-0.17045477,3.7647982,-0.19045588,0.04145699,0.0052023693,0.07115741,-0.004479612,0.044187605,-0.0022353893,252.54587,250.30406,333.94864,0.36091065,10.470017,0.027655002
4,1,2,0.0034299996,0.039249375,0.0024436952,0.02641575,0.010389929,0.024716873,-0.0001883442,6.1844363,1.4022948,8.684553,-0.4591134,0.049433745,-0.0003766884,0.16252923,0.036852825,0.101931,-0.0053886333,253.08076,252.85318,339.30966,-0.9431814,10.467051,0.41606662
4,2,2,0.0034299996,0.041558933,0.0021893878,0.028434113,0.010935432,0.023395447,-0.0017789758,6.4163566,1.3433608,8.90962,-0.24629936,0.046790894,-0.0035579517,0.16862418,0.035304006,0.10457262,-0.0028908276,253.13242,253.05945,340.02487,-1.0970614,10.467051,0.45384917
4,3,2,0.0034299996,0.033241585,0.0031298203,0.020300696,0.009811068,0.027972398,-0.0029553794,5.421558,0.826054,8.439162,0.08894163,0.055944797,-0.005910759,0.14248051,0.021708991,0.099050835,0.0010439241,253.17685,253.40163,339.884,-0.9149956,10.462528,0.30336177
4,4,2,0.0034299996,0.033441033,0.002100258,0.02156193,0.009778846,0.022914285,-0.00024263914,5.5874352,0.94295895,8.425293,-0.070885554,0.04582857,-0.0004852783,0.14683981,0.024781303,0.09888805,-0.0008319869,253.22758,253.60602,340.31644,-0.8720734,10.462528,0.3221078
4,5,2,0.0034299996,0.0245378,0.0018941078,0.0139911985,0.008652493,0.021760674,-0.0014398318,4.500866,-0.050496187,7.9252295,0.80566347,0.04352135,-0.0028796636,0.1182844,-0.0013270667,0.09301878,0.009456107,253.28322,253.74731,340.94595,-0.7551673,10.457097,0.1384869
4,6,2,0.0034299996,0.026279828,0.0022571862,0.014963836,0.009058805,0.023754926,-0.00225537,4.6546836,0.01797917,8.109175,0.8934853,0.047509853,-0.00451074,0.12232676,0.0004725023,0.095177755,0.01048687,253.28004,253.76291,340.27402,-0.91146445,10.457097,0.13890001
4,7,2,0.0034299996,0.02399807,0.0018072891,0.0141148595,0.008075923,0.021256112,0.0003403231,4.520713,-0.62964106,7.656624,1.2199109,0.042512223,0.0006806462,0.118805975,-0.01654719,0.08986614,0.014318153,253.27538,253.6836,340.15024,-0.5902698,10.452181,0.16512872
4,8,2,0.0034299996,0.02467155,0.0018253477,0.014063064,0.00878314,0.021362044,-0.0010640239,4.512411,-0.7314602,7.9848385,1.4428302,0.042724088,-0.0021280479,0.11858779,-0.01922304,0.09371841,0.01693457,253.31601,253.78455,340.78476,-0.71137,10.452181,0.16563994
4,9,2,0.0034299996,0.026740223,0.0020636898,0.01585493,0.008821602,0.022713926,-0.001357119,4.791272,-1.2669861,8.002303,1.6902466,0.04542785,-0.002714238,0.12591636,-0.033296853,0.09392338,0.0198385,253.32475,253.91838,340.13226,-0.42326045,10.44811,0.22612405
4,10,2,0.0034299996,0.026146749,0.0017873136,0.015857708,0.008501727,0.021138316,0.0007667773,4.791692,-1.1637415,7.8558793,1.6037228,0.042276632,0.0015335546,0.12592739,-0.030583544,0.09220481,0.018822968,253.36928,254.0939,340.22614,-0.43998134,10.44811,0.22579649
4,11,2,0.0034299996,0.025657654,0.001659616,0.015162671,0.008835366,0.020369193,-0.00034762442,4.6855063,-1.4732528,8.008543,1.9104378,0.040738385,-0.00069524883,0.123136796,-0.038717616,0.09399663,0.0224229,253.48485,254.52386,341.35098,-0.43718505,10.444915,0.23233964
4,12,2,0.0034299996,0.026330704,0.0020310178,0.014773831,0.009525856,0.022533407,-0.001454308,4.625037,-1.4588325,8.315592,1.9454912,0.045066815,-0.002908616,0.12154765,-0.03833865,0.09760049,0.02283431,253.51279,254.71039,341.1996,-0.4866587,10.444915,0.22356755
4,13,2,0.0034299996,0.022212002,0.0014544299,0.012193002,0.008564572,0.019068494,0.0011217361,4.2016892,-1.255292,7.884861,1.6688843,0.03813699,0.0022434723,0.110421926,-0.032989524,0.09254497,0.019587768,253.5042,254.56966,340.9864,-0.41359222,10.4424925,0.18846886
4,14,2,0.0034299996,0.02274656,0.0015498353,0.012331221,0.008865504,0.019683974,-0.00019574088,4.225438,-1.308988,8.022189,1.8844776,0.039367948,-0.00039148176,0.11104603,-0.03440068,0.0941568,0.022118207,253.52715,254.51562,341.08713,-0.57548964,10.4424925,0.18537357
4,15,2,0.0034299996,0.021284904,0.0021912851,0.010358129,0.008735492,0.023405582,-0.0011872402,3.8726594,-1.1964898,7.9631495,1.7315565,0.046811163,-0.0023744805,0.10177489,-0.031444184,0.09346385,0.020323358,253.50754,254.47668,340.46927,-0.5350667,10.440764,0.14154959
4,16,2,0.0034299996,0.019122615,0.0015471436,0.009064189,0.008511282,0.019666873,0.001227979,3.6227064,-1.0600512,7.8602915,1.5560671,0.039333746,0.002455958,0.09520604,-0.027858527,0.092256606,0.018263636,253.54262,254.60164,340.6874,-0.4960159,10.440764,0.13931988
4,17,2,0.0034299996,0.016721673,0.0015733246,0.007149606,0.007998742,0.019832578,-0.0004049417,3.217435,-0.8415035,7.6199493,1.4053539,0.039665155,-0.0008098834,0.08455534,-0.022115018,0.08943569,0.016494708,253.61302,254.86664,341.5081,-0.5638504,10.439644,0.093618035
4,18,2,0.0034299996,0.017973991,0.0022909162,0.0072637857,0.008419289,0.023931758,-0.0012439074,3.2430243,-0.70910466,7.8176975,1.3631907,0.047863517,-0.0024878148,0.08522785,-0.018635528,0.09175669,0.015999831,253.61098,254.91615,341.13742,-0.654086,10.439644,0.08640306
4,19,2,0.0034299996,0.015555305,0.0013630702,0.007075986,0.0071162484,0.01845989,0.0011921135,3.200827,-0.20426461,7.187317,0.7420899,0.03691978,0.002384227,0.08411888,-0.0053681484,0.08435786,0.008709948,253.63684,254.96982,341.08792,-0.53782535,10.438878,0.056189746
4,20,2,0.0034299996,0.017433625,0.001495391,0.008541661,0.007396573,0.019335143,-0.00036824503,3.5167363,-0.40625328,7.327511,0.99218625,0.038670287,-0.00073649007,0.09242111,-0.010676482,0.08600333,0.011645335,253.70016,255.21228,342.00064,-0.58593297,10.438878,0.064174354
4,21,2,0.0034299996,0.019503005,0.002003701,0.010344313,0.0071549895,0.02238136,-0.0011478213,3.8700762,0.071807906,7.206855,0.67510444,0.04476272,-0.0022956426,0.101707,0.0018871384,0.08458717,0.007923731,253.68636,255.27177,341.4749,-0.74691236,10.438204,0.09411922
4,22,2,0.0034299996,0.018879361,0.0015263042,0.009985517,0.00736754,0.019533971,0.0012424651,3.8023665,0.24583882,7.3131156,0.6157,0.039067943,0.0024849302,0.09992756,0.0064607305,0.08583438,0.0072264983,253.70561,255.2877,341.39505,-0.8615388,10.438204,0.09838674
4,23,2,0.0034299996,0.019169478,0.0015096923,0.010285453,0.0073743323,0.01942738,-0.00021530772,3.85905,0.49535182,7.316487,0.4819491,0.03885476,-0.00043061544,0.10141722,0.013018025,0.08587393,0.005656653,253.77396,255.41359,342.06805,-0.9773009,10.437465,0.118171066
4,24,2,0.0034299996,0.018940292,0.0017390352,0.009210821,0.007990437,0.02085087,-0.00055652595,3.651891,0.42761648,7.615992,0.5013277,0.04170174,-0.0011130519,0.09597302,0.011237914,0.08938924,0.0058841105,253.78139,255.38226,341.40063,-0.9289442,10.437465,0.11496404
4,25,2,0.0034299996,0.017627455,0.0015017383,0.010046421,0.006079296,0.019376134,0.001523743,3.8139443,0.90756625,6.6430545,-0.30104142,0.03875227,0.003047486,0.100231834,0.023851167,0.07796984,-0.0035333345,253.77682,255.36494,340.98172,-0.6065248,10.436401,0.13799231
4,26,2,0.0034299996,0.018614853,0.0017329905,0.01122459,0.0056572724,0.020814601,5.4638003e-5,4.031382,0.9487915,6.4083285,-0.23253238,0.041629203,0.00010927601,0.10594617,0.02493458,0.07521484,-0.002729245,253.78467,255.39284,341.53897,-0.7162591,10.436401,0.14658478
4,27,2,0.0034299996,0.01904642,0.0021803176,0.011114915,0.0057511874,0.023346936,-0.0010236453,4.0116377,1.0791594,6.4613013,-0.4477194,0.046693873,-0.0020472906,0.105427295,0.028360698,0.075836584,-0.005254902,253.74886,255.32326,340.93323,-0.63144,10.435006,0.14511523
4,28,2,0.0034299996,0.017152414,0.0014221616,0.0100494465,0.005680805,0.018855779,0.0013891221,3.8145182,1.140863,6.4216433,-0.5584551,0.037711557,0.0027782442,0.10024693,0.02998229,0.07537112,-0.0065546134,253.74873,255.24985,341.00015,-0.58240783,10.435006,0.14855719
4,29,2,0.0034299996,0.01563463,0.0015761348,0.008672567,0.005385928,0.019850282,-0.00011733441,3.543582,0.9895453,6.2527556,-0.64674175,0.039700564,-0.00023466883,0.09312662,0.026005605,0.07338888,-0.007590835,253.76085,255.24042,341.29663,-0.34280354,10.43335,0.12680022
4,30,2,0.0034299996,0.016819078,0.0021104796,0.009190766,0.005517832,0.022969978,-0.00089315913,3.6479137,0.99893355,6.3288593,-0.6868628,0.045939956,-0.0017863183,0.09586848,0.026252333,0.07428211,-0.0080617415,253.71472,255.09387,340.4233,-0.31207073,10.43335,0.13182591
4,31,2,0.0034299996,0.015521681,0.0014759215,0.009029899,0.0050158603,0.019208862,0.0016073392,3.6158476,0.867986,6.03412,-0.7601161,0.038417723,0.0032146785,0.09502578,0.022810988,0.07082274,-0.008921524,253.71362,255.02272,340.63586,-0.10786992,10.432009,0.10097923
4,32,2,0.0034299996,0.016358081,0.0014686455,0.009535341,0.005354096,0.019161455,-0.00010762484,3.715667,0.8977554,6.234252,-0.4379082,0.03832291,-0.00021524967,0.09764907,0.023593334,0.07317169,-0.005139751,253.74684,255.13182,341.38358,-0.45984718,10.432009,0.10595746
4,33,2,0.0034299996,0.016513593,0.0022485498,0.008735843,0.005529201,0.023709439,-0.00040641904,3.5564857,0.48254383,6.3353753,-0.28378457,0.047418877,-0.0008128381,0.09346573,0.012681427,0.0743586,-0.0033307918,253.69875,255.01637,340.72684,-0.19875926,10.431132,0.07375761
4,34,2,0.0034299996,0.014835559,0.0014001176,0.008370814,0.005064627,0.018709073,0.001943341,3.4813888,0.6133723,6.063382,-0.5664088,0.037418146,0.003886682,0.09149215,0.016119648,0.071166195,-0.0066479677,253.63632,254.68303,340.22855,-0.046963513,10.431132,0.082649045
4,35,2,0.0034299996,0.013203487,0.0014425153,0.006929182,0.004831789,0.01899023,0.00061019993,3.1674495,0.16763027,5.9223657,-0.25156426,0.03798046,0.0012203999,0.08324171,0.004405382,0.06951107,-0.002952614,253.59422,254.3658,340.58685,0.083933994,10.431031,0.0493539
4,36,2,0.0034299996,0.014002498,0.002085873,0.0065198243,0.0053968006,0.02283568,-0.00016522512,3.0724628,0.10904898,6.2590647,-0.28616008,0.04567136,-0.00033045025,0.08074543,0.0028658467,0.07346292,-0.0033586735,253.52768,254.16559,339.9127,0.1771111,10.431031,0.054050133
4,37,2,0.0034299996,0.012044676,0.0014100648,0.0058193337,0.004815277,0.018775415,0.0026634631,2.9027214,-0.34143198,5.9122367,-0.4825526,0.03755083,0.0053269262,0.07628456,-0.008972957,0.0693922,-0.0056637395,253.475,253.93668,339.6262,0.82398456,10.431651,0.040208593
4,38,2,0.0034299996,0.0126857115,0.0014948834,0.0064299717,0.0047608567,0.019331861,0.0013380817,3.0512176,-0.32601297,5.878734,-0.3472236,0.038663723,0.0026761633,0.080187105,-0.008567739,0.06899896,-0.004075383,253.43837,253.71265,339.78268,0.6732366,10.431651,0.044311427
4,39,2,0.0034299996,0.013332054,0.0021316786,0.0064610797,0.004739296,0.023085052,0.00075808365,3.0585897,-0.8270743,5.8654065,-0.24088441,0.046170104,0.0015161673,0.08038084,-0.021735813,0.068842545,-0.0028272734,253.37257,253.50142,339.01996,1.0679587,10.432761,0.060560882
4,40,2,0.0034299996,0.012344511,0.0013514922,0.0064983983,0.00449462,0.018381324,0.0029569557,3.06741,-0.67483073,5.711993,-0.52220505,0.036762647,0.0059139114,0.080612645,-0.017734798,0.067041926,-0.0061291456,253.36786,253.49538,339.1531,1.1970358,10.432761,0.054982383
4,41,2,0.0034299996,0.012353502,0.0013612498,0.006814781,0.0041774716,0.01844756,0.0016346766,3.1411932,-1.0339983,5.5067825,-0.28014082,0.03689512,0.0032693532,0.08255169,-0.027173845,0.06463336,-0.0032880234,253.39178,253.53525,339.73898,1.3141391,10.434126,0.08521205
4,42,2,0.0034299996,0.01374767,0.0023075498,0.0068946998,0.004545421,0.024018481,0.00065813866,3.1595578,-1.1473905,5.744183,-0.24977913,0.048036963,0.0013162773,0.08303433,-0.03015384,0.06741974,-0.0029316708,253.40337,253.65376,339.42725,1.3971696,10.434126,0.09494126
4,43,2,0.0034299996,0.0136597585,0.0015669446,0.007833321,0.004259493,0.019792326,0.003352916,3.367764,-1.1404086,5.5605817,-0.30497724,0.03958465,0.006705832,0.08850605,-0.029970352,0.06526479,-0.0035795323,253.4959,254.06436,339.98978,1.4453859,10.435623,0.11745313
4,44,2,0.0034299996,0.013984149,0.0014680413,0.008165527,0.0043505807,0.019157514,0.0019502174,3.4384348,-1.203114,5.619722,-0.14847735,0.038315028,0.0039004348,0.09036331,-0.03161827,0.06595893,-0.0017426875,253.57979,254.35799,340.99478,1.3515913,10.435623,0.122011356
4,45,2,0.0034299996,0.014227621,0.002547424,0.0075188177,0.004161379,0.025236007,0.0009274645,3.2994645,-0.9496468,5.4961653,-0.20912868,0.050472014,0.001854929,0.086711116,-0.024957057,0.06450875,-0.0024545519,253.55063,254.2364,340.28687,1.1587754,10.4371395,0.11166971
4,46,2,0.0034299996,0.012690768,0.001468402,0.007360223,0.0038621426,0.019159866,0.0034343963,3.2644813,-0.83366877,5.2948704,-0.40508753,0.038319733,0.0068687927,0.085791744,-0.021909116,0.06214614,-0.0047545293,253.52284,254.06773,339.9999,1.2387563,10.4371395,0.1089418
4,47,2,0.0034299996,0.012692713,0.0014757194,0.007545506,0.0036714878,0.019207546,0.0018904763,3.305315,-0.6261892,5.1625257,-0.21331058,0.038415093,0.0037809527,0.086864874,-0.016456477,0.060592804,-0.0025036365,253.52383,253.96564,340.44617,0.8394998,10.438712,0.09557018
4,48,2,0.0034299996,0.014173701,0.0020772875,0.008311852,0.0037845618,0.022788635,0.0013779372,3.4691057,-0.6691993,5.24142,-0.31203845,0.04557727,0.0027558743,0.09116936,-0.017586801,0.061518792,-0.0036624086,253.47568,253.80038,339.5202,0.98123777,10.438712,0.10044524
4,49,2,0.0034299996,0.012364494,0.0013608825,0.007490618,0.0035129932,0.01844507,0.0032889554,3.293271,-0.15273464,5.049866,-0.5724833,0.03689014,0.006577911,0.08654836,-0.00401392,0.05927051,-0.0067192623,253.47617,253.79042,339.33054,0.72521794,10.440344,0.07749627
4,50,2,0.0034299996,0.011725466,0.0014009377,0.006974909,0.0033496188,0.01871455,0.001745276,3.1778836,-0.23357998,4.931044,-0.37103274,0.0374291,0.003490552,0.08351592,-0.0061385706,0.05787589,-0.0043548276,253.51488,253.936,340.04105,0.6046127,10.440344,0.072859384
4,51,2,0.0034299996,0.011476792,0.0021546173,0.0060037454,0.00331843,0.023208927,0.00072751095,2.9483552,0.17531581,4.9080334,-0.42237222,0.046417855,0.0014550219,0.07748384,0.0046073636,0.057605814,-0.0049574026,253.48576,253.93723,339.4191,0.24705641,10.441968,0.050464272
4,52,2,0.0034299996,0.011093369,0.0014463151,0.006243295,0.0034037584,0.019015225,0.0030291155,3.0066,0.28495607,4.9707346,-0.55389035,0.03803045,0.006058231,0.079014525,0.0074887485,0.058341738,-0.0065010353,253.46404,253.82024,339.51334,0.26893428,10.441968,0.04197351
4,53,2,0.0034299996,0.01065809,0.0013298476,0.005984469,0.0033437735,0.018233538,0.0013710046,2.9436183,0.5814859,4.9267397,-0.25840572,0.036467075,0.0027420092,0.07735935,0.01528166,0.05782537,-0.0030329209,253.44823,253.64117,339.91876,-0.3230802,10.443478,0.041921664
4,54,2,0.0034299996,0.010997913,0.0018411842,0.0056415047,0.003515224,0.021454511,0.000837957,2.8580258,0.6058312,5.05147,-0.28599697,0.042909022,0.001675914,0.07510995,0.015921462,0.059289325,-0.003356759,253.40135,253.49326,339.107,-0.31983423,10.443478,0.04381321
4,55,2,0.0034299996,0.011076311,0.0013980448,0.006041045,0.0036372214,0.018695218,0.0029375234,2.9574993,0.8925419,5.138378,-0.5136855,0.037390437,0.005875047,0.07772416,0.023456324,0.06030938,-0.006029152,253.37752,253.3402,338.91983,-0.37885636,10.444656,0.065482214
4,56,2,0.0034299996,0.010748317,0.001432056,0.005747573,0.0035686886,0.018921258,0.0015479242,2.884768,0.78260785,5.08974,-0.24059652,0.037842516,0.0030958485,0.07581275,0.020567218,0.059738502,-0.0028238934,253.41805,253.52205,339.6428,-0.5420113,10.444656,0.06557326
4,57,2,0.0034299996,0.010901367,0.0016338209,0.0059800614,0.003287485,0.020210275,0.0012853625,2.9425344,0.7611111,4.8850965,-0.10334962,0.04042055,0.002570725,0.07733086,0.020002276,0.057336595,-0.001213019,253.40906,253.62717,339.11606,-0.65776145,10.445146,0.07821173
4,58,2,0.0034299996,0.010149473,0.0015038595,0.0055024037,0.0031432104,0.019389814,0.0033337518,2.8225713,0.8727201,4.7767,-0.36230823,0.038779628,0.0066675036,0.07417819,0.0229354,0.05606434,-0.004252428,253.39027,253.52892,339.1366,-0.51041186,10.445146,0.08015771
4,59,2,0.0034299996,0.009677803,0.0013159678,0.005372882,0.0029889538,0.018138135,0.001791396,2.789153,0.676001,4.6580143,0.06820487,0.03627627,0.003582792,0.073299944,0.017765552,0.054671325,0.00080052385,253.3966,253.4627,339.6999,-0.7442059,10.44492,0.078211516
4,60,2,0.0034299996,0.009556673,0.0015884715,0.00526717,0.0027010308,0.019927816,0.0012822548,2.761578,0.60249406,4.4279833,0.024984803,0.039855633,0.0025645096,0.07257527,0.015833763,0.051971443,0.0002932484,253.36845,253.39674,338.87366,-0.62747884,10.44492,0.06782177
4,61,2,0.0034299996,0.009237631,0.001290735,0.005492056,0.0024548408,0.0179634,0.003441185,2.819916,0.65109867,4.221365,-0.051315807,0.0359268,0.00688237,0.07410841,0.01711111,0.04954635,-0.0006022977,253.37639,253.4562,339.02182,-0.5997829,10.444187,0.061886888
4,62,2,0.0034299996,0.009093952,0.0011889684,0.005421147,0.0024838366,0.01724071,0.0019476323,2.8016524,0.5819812,4.2462215,0.17114551,0.03448142,0.0038952646,0.07362844,0.015294674,0.049838103,0.0020087417,253.38707,253.45912,339.60336,-0.7531267,10.444187,0.061321586
4,63,2,0.0034299996,0.008891383,0.0014472743,0.004618485,0.0028256234,0.01902153,0.0014987736,2.58594,0.4476336,4.5289583,0.17556645,0.03804306,0.0029975472,0.067959435,0.011763974,0.053156592,0.0020606325,253.35933,253.42471,339.02847,-0.62320006,10.442948,0.047990467
4,64,2,0.0034299996,0.008980646,0.00132694,0.0046072267,0.0030464793,0.018213594,0.0035351638,2.5827863,0.50512147,4.702625,-0.04527325,0.03642719,0.0070703276,0.067876555,0.013274777,0.05519492,-0.0005313748,253.329,253.27519,338.80756,-0.45984823,10.442948,0.048366316
4,65,2,0.0034299996,0.009075459,0.0011827633,0.0048473333,0.0030453627,0.017195662,0.0018069888,2.6492326,0.333944,4.7017627,0.36087942,0.034391325,0.0036139777,0.06962279,0.008776168,0.055184804,0.004235658,253.31392,253.0728,339.06305,-0.6948234,10.441384,0.03672903
4,66,2,0.0034299996,0.009048145,0.0014719678,0.0047070016,0.002869176,0.019183116,0.0016154067,2.6106029,0.42557564,4.563729,0.4462021,0.038366232,0.0032308134,0.06860759,0.011184282,0.05356469,0.0052370927,253.2917,252.9729,338.39685,-0.8717778,10.441384,0.03850313
4,67,2,0.0034299996,0.008360426,0.0014360328,0.00411997,0.0028044232,0.018947512,0.0034626469,2.4423938,0.36391637,4.5119367,0.38437822,0.037895024,0.0069252937,0.06418699,0.009563852,0.052956805,0.004511464,253.33325,253.1718,338.70474,-0.7482946,10.43961,0.028494202
4,68,2,0.0034299996,0.008346522,0.0013031501,0.0041293735,0.0029139982,0.018049585,0.0020457897,2.4451795,0.2412536,4.599238,0.5818072,0.03609917,0.0040915795,0.0642602,0.0063402317,0.05398146,0.0068286983,253.39911,253.44832,339.46484,-0.8230608,10.43961,0.02412769
4,69,2,0.0034299996,0.008770466,0.0015997029,0.004173046,0.0029977171,0.019998142,0.0017035019,2.4580758,-0.016725637,4.6648374,0.46908912,0.039996285,0.0034070038,0.06459912,-0.00043955582,0.05475141,0.00550572,253.35881,253.37279,338.7306,-0.4523635,10.437702,0.03142922
4,70,2,0.0034299996,0.009333234,0.0013669801,0.0047320225,0.0032342323,0.018486347,0.0036925492,2.6175327,-0.033794057,4.845369,0.46480677,0.036972694,0.0073850984,0.0687897,-0.00088812184,0.05687031,0.0054554567,253.33191,253.13287,338.39505,-0.43101272,10.437702,0.04184236
4,71,2,0.0034299996,0.009423733,0.0012752251,0.004978089,0.003170418,0.017855147,0.0021876115,2.6847265,-0.32198307,4.7973294,0.72700244,0.035710294,0.004375223,0.070555575,-0.00846183,0.056306466,0.008532858,253.34592,253.09161,338.9727,-0.40501937,10.43594,0.056077614
4,72,2,0.0034299996,0.009677538,0.0015841796,0.0050445483,0.0030488095,0.019900877,0.0018515511,2.702588,-0.29927957,4.7044225,0.75466824,0.039801754,0.0037031022,0.071024984,-0.0078651775,0.055216026,0.008857576,253.3299,253.05717,338.4363,-0.45538867,10.43594,0.059863813
4,73,2,0.0034299996,0.008663424,0.0012995678,0.004551116,0.0028127404,0.01802476,0.0037466628,2.5670102,-0.4640508,4.5186224,0.49966177,0.03604952,0.0074933255,0.06746196,-0.012195423,0.053035274,0.0058645527,253.3269,253.04842,338.59076,-0.035610974,10.434317,0.06293213
4,74,2,0.0034299996,0.008503159,0.0012156019,0.004482201,0.002805356,0.017432742,0.002236271,2.5475008,-0.5173077,4.5126867,0.7472234,0.034865484,0.004472542,0.06694924,-0.013595034,0.05296561,0.008770194,253.27177,252.70476,338.58875,-0.22991568,10.434317,0.067155726
4,75,2,0.0034299996,0.009362964,0.0015135056,0.0050603324,0.002789126,0.0194519,0.0016228622,2.7068126,-0.5758936,4.4996147,0.5161783,0.0389038,0.0032457244,0.07113601,-0.0151346885,0.052812178,0.006058408,253.1794,252.31804,337.60455,0.05971527,10.43277,0.062371526
4,76,2,0.0034299996,0.010109186,0.0013415002,0.0054845936,0.0032830925,0.018313248,0.0035116116,2.8179994,-0.53919905,4.881831,0.32503873,0.036626495,0.007023223,0.07405804,-0.014170348,0.057298277,0.0038149941,253.15543,252.20422,337.3974,0.21416032,10.43277,0.061544858
4,77,2,0.0034299996,0.010375248,0.0012860146,0.005880088,0.0032091455,0.017930523,0.0018825114,2.917834,-0.5067728,4.8265395,0.30024248,0.035861045,0.0037650228,0.07668173,-0.013318175,0.05664932,0.0035239595,253.15477,252.19011,337.67596,0.20653033,10.431316,0.04933443
4,78,2,0.0034299996,0.010926347,0.0015675284,0.0063532954,0.0030055232,0.019796012,0.0013872556,3.0329707,-0.5000583,4.6709075,0.21063548,0.039592024,0.0027745112,0.07970756,-0.013141715,0.054822654,0.0024722386,253.08917,251.94368,336.9417,0.2894228,10.431316,0.047944847
4,79,2,0.0034299996,0.009231138,0.0012910038,0.005321825,0.0026183089,0.01796527,0.0029946507,2.7758691,-0.39509296,4.3596506,-0.18240017,0.03593054,0.0059893015,0.07295084,-0.010383187,0.051169414,-0.0021408387,253.06439,251.71693,336.83737,0.57749313,10.429842,0.03876079
4,80,2,0.0034299996,0.008396125,0.0012777499,0.004695681,0.0024226946,0.017872814,0.0014783707,2.607462,-0.5055686,4.193634,0.0013836562,0.03574563,0.0029567415,0.06852504,-0.013286525,0.049220875,1.6238955e-5,253.0788,251.70755,337.3029,0.50418496,10.429842,0.0450704
4,81,2,0.0034299996,0.0078014024,0.001331488,0.0040520714,0.002417843,0.01824478,0.001050959,2.4221842,-0.30512172,4.189433,-0.21115613,0.03648956,0.002101918,0.06365588,-0.008018709,0.049171567,-0.002478349,253.06282,251.76497,336.97943,0.51627785,10.428241,0.029988512
4,82,2,0.0034299996,0.0078045493,0.0013515706,0.0037501536,0.0027028252,0.018381856,0.002931033,2.3301997,-0.30885786,4.4294543,-0.3876818,0.036763713,0.005862066,0.061238497,-0.008116896,0.051988702,-0.0045502414,253.04254,251.71115,336.85092,0.69653964,10.428241,0.033220463
4,83,2,0.0034299996,0.007822575,0.0014018547,0.0039923894,0.0024283307,0.018720675,0.0012684511,2.4042804,-0.10167394,4.198509,-0.37691945,0.03744135,0.0025369022,0.06318536,-0.0026720283,0.049278095,-0.0044239215,253.0146,251.50182,337.1647,0.47859338,10.426477,0.027474554
4,84,2,0.0034299996,0.007402959,0.0013858429,0.003645158,0.002371958,0.018613456,0.0009230786,2.2973483,-0.022798019,4.14949,-0.4533315,0.03722691,0.0018461572,0.060375143,-0.00059914106,0.04870275,-0.0053207716,252.89844,251.00722,336.1615,0.47612953,10.426477,0.02652371
4,85,2,0.0034299996,0.0068573137,0.0013456641,0.0031779278,0.0023337216,0.018341647,0.0021909412,2.145066,0.16148475,4.1159086,-0.8765111,0.036683295,0.0043818825,0.056373112,0.004243878,0.048308607,-0.010287654,252.78874,250.57986,335.41714,0.7150264,10.424507,0.030409979
4,86,2,0.0034299996,0.007643177,0.0013359907,0.0039316565,0.00237553,0.018275604,0.00065192993,2.3859231,0.027507763,4.1526136,-0.71031785,0.036551207,0.0013038599,0.062702924,0.0007229152,0.04873941,-0.008337034,252.71559,250.25314,335.27502,0.68281007,10.424507,0.031575065
4,87,2,0.0034299996,0.008668068,0.0013549015,0.004785643,0.0025275233,0.018404493,0.00031130752,2.6323206,0.06493308,4.2834015,-0.88500494,0.036808986,0.00062261504,0.06917834,0.0017064644,0.05027448,-0.010387345,252.68166,250.13939,334.62967,0.8200719,10.422302,0.041942444
4,88,2,0.0034299996,0.009128874,0.0012712793,0.005230123,0.0026274717,0.017827502,0.0021065765,2.7518492,-0.044718772,4.367272,-0.9930042,0.035655003,0.004213153,0.07231959,-0.0011752242,0.05125887,-0.011654939,252.7349,250.35551,334.9682,1.037723,10.422302,0.032788638
4,89,2,0.0034299996,0.009332087,0.0013085504,0.005407664,0.0026158723,0.018086946,0.00050465885,2.798166,-0.033706434,4.357621,-0.7583071,0.03617389,0.0010093177,0.07353682,-0.0008858165,0.0511456,-0.008900287,252.75357,250.39043,335.48895,0.7920135,10.41996,0.03339036
4,90,2,0.0034299996,0.008761912,0.0013804014,0.004648143,0.0027333675,0.018576877,0.00043495948,2.5942295,0.04976467,4.4544106,-0.8393368,0.037153754,0.00086991896,0.06817729,0.0013078318,0.052281618,-0.009851336,252.70317,250.205,334.93222,0.7895721,10.41996,0.03567243
4,91,2,0.0034299996,0.008679164,0.0014329685,0.004236001,0.0030101938,0.018927285,0.0020497288,2.4765477,0.13182743,4.6745353,-1.021309,0.03785457,0.0040994575,0.06508457,0.0034644713,0.054865234,-0.011987152,252.70004,250.16252,334.71915,0.8894816,10.4175625,0.03659147
4,92,2,0.0034299996,0.009795258,0.0014067184,0.0047877557,0.0036007836,0.018753123,0.0006939266,2.632902,0.036954474,5.112575,-0.8763437,0.037506245,0.0013878532,0.06919361,0.0009711776,0.06000653,-0.010285687,252.72308,250.23776,334.99362,0.83938926,10.4175625,0.043834478
4,93,2,0.0034299996,0.010071589,0.0014339335,0.004748192,0.003889463,0.018933658,0.0004709061,2.6220007,0.10287273,5.3135657,-0.98228717,0.037867315,0.0009418122,0.06890713,0.00270353,0.062365558,-0.0115291495,252.72278,250.29446,334.5718,0.87941444,10.415061,0.047465526
4,94,2,0.0034299996,0.010776355,0.0015051259,0.0053578718,0.0039133574,0.019397976,0.001959592,2.785254,0.071179666,5.3298616,-1.1688428,0.03879595,0.003919184,0.073197484,0.0018706274,0.06255683,-0.0137187615,252.75087,250.47171,334.75238,1.0976632,10.415061,0.048533943
4,95,2,0.0034299996,0.010212623,0.0014729652,0.005053773,0.003685884,0.019189615,0.00074631866,2.7050579,-0.033893105,5.1726365,-0.8839697,0.03837923,0.0014926373,0.07108989,-0.0008907228,0.06071148,-0.010375196,252.72972,250.33205,335.10867,0.91786283,10.4123125,0.043238617
4,96,2,0.0034299996,0.010565149,0.0014892722,0.0054058847,0.0036699912,0.019295545,0.0005189587,2.797706,-0.06274391,5.1614738,-0.90501904,0.03859109,0.0010379174,0.07352472,-0.0016489354,0.06058045,-0.010622247,252.6686,250.09868,334.36514,0.96776295,10.4123125,0.047023874
4,97,2,0.0034299996,0.009998298,0.0015386533,0.004953937,0.0035057075,0.019612836,0.002003043,2.6782057,-0.14875114,5.044627,-0.8842084,0.03922567,0.004006086,0.07038421,-0.003909233,0.059209015,-0.010377995,252.63875,249.93927,334.21863,1.0329595,10.409656,0.03960248
4,98,2,0.0034299996,0.010116532,0.0015160907,0.005150153,0.0034502894,0.019468505,0.0006776185,2.7307298,-0.21583024,5.0045953,-0.63053846,0.03893701,0.001355237,0.071764566,-0.005672097,0.058739163,-0.007400658,252.62747,249.79558,334.53094,0.8463687,10.409656,0.04582717
4,99,2,0.0034299996,0.009440661,0.001426569,0.0048503205,0.003163772,0.018884974,0.00088622933,2.6500487,-0.17590405,4.7922983,-0.5455873,0.037769947,0.0017724587,0.06964424,-0.0046228226,0.056247417,-0.0064035854,252.59018,249.66628,333.8547,0.72149134,10.4070635,0.044266663
4,100,2,0.0034299996,0.009933749,0.0016786713,0.0052749324,0.0029801452,0.020485796,0.0022976035,2.7636123,-0.12918648,4.6511455,-0.62109977,0.040971592,0.004595207,0.07262873,-0.0033950673,0.054590706,-0.0072898758,252.58783,249.69217,333.8454,0.7502862,10.4070635,0.04616223
5,1,2,0.0024009997,0.036975168,0.0018567691,0.026464045,0.008654352,0.021545121,0.0027110216,6.190087,0.01414274,7.9260807,-1.4519336,0.043090243,0.005422043,0.16267774,0.00037168976,0.09302877,-0.017041404,251.80292,247.14182,331.2138,1.4377909,10.404494,0.22850297
5,2,2,0.0024009997,0.03727262,0.0018532347,0.0271015,0.008317886,0.021524606,0.0012907005,6.264197,0.0590418,7.7704763,-1.2578058,0.043049213,0.002581401,0.16462533,0.0015516329,0.091202445,-0.014762928,251.77144,246.97755,331.54092,1.198764,10.404494,0.23202647
5,3,2,0.0024009997,0.03419003,0.0015421483,0.025168493,0.007479387,0.019635098,0.0014547019,6.0366683,0.11380745,7.3684177,-1.1035573,0.039270196,0.0029094038,0.15864581,0.002990908,0.08648345,-0.012952499,251.7286,246.88672,331.0745,0.9897499,10.402602,0.22234635
5,4,2,0.0024009997,0.034306254,0.0017139964,0.025168393,0.0074238647,0.02070022,0.0029443481,6.0366554,0.13452935,7.3410172,-1.2196953,0.04140044,0.0058886963,0.1586455,0.0035354802,0.08616185,-0.014315621,251.71887,246.8634,331.06644,1.085166,10.402602,0.23099373
5,5,2,0.0024009997,0.031198537,0.0016925576,0.022347251,0.007158729,0.020570353,0.0016463455,5.688277,0.122542255,7.208737,-0.9354119,0.041140705,0.003292691,0.14948997,0.0032204522,0.08460927,-0.010978971,251.70287,246.784,331.17102,0.8128696,10.400738,0.20661685
5,6,2,0.0024009997,0.030657202,0.0014463369,0.021934811,0.007276054,0.019015368,0.0013262372,5.6355414,0.16675961,7.267569,-0.8949406,0.038030736,0.0026524744,0.14810406,0.004382507,0.08529979,-0.010503962,251.63644,246.57982,330.4785,0.728181,10.400738,0.20715974
5,7,2,0.0024009997,0.025909016,0.0016759364,0.017556718,0.006676363,0.020469101,0.002917605,5.0418553,0.15182726,6.9616337,-0.89033306,0.040938202,0.00583521,0.13250177,0.0039900844,0.08170901,-0.010449879,251.57855,246.31714,330.25674,0.7385058,10.399085,0.16997638
5,8,2,0.0024009997,0.028388318,0.0017016776,0.01952029,0.0071663507,0.020625697,0.0015938956,5.316328,0.08349363,7.212573,-0.89557534,0.041251395,0.0031877912,0.13971503,0.002194236,0.0846543,-0.010511407,251.51913,246.11018,330.3452,0.8120817,10.399085,0.1774806
5,9,2,0.0024009997,0.025531564,0.0017530955,0.017080607,0.0066978624,0.020934992,0.0015029138,4.9730215,0.011252509,6.972833,-0.9026627,0.041869983,0.0030058275,0.1306928,0.0002957161,0.08184047,-0.01059459,251.46765,245.91312,329.40097,0.8914102,10.397919,0.14854668
5,10,2,0.0024009997,0.027002206,0.0019494464,0.017984102,0.0070686587,0.022076268,0.003020932,5.1028533,-0.12016859,7.1632433,-0.9613487,0.044152535,0.006041864,0.13410482,-0.003158078,0.08407532,-0.011283395,251.51846,246.08406,329.59946,1.0815173,10.397919,0.15736172
5,11,2,0.0024009997,0.023946634,0.0019137196,0.01537064,0.0066622733,0.02187304,0.001521541,4.7175293,-0.31843328,6.954284,-0.6951613,0.04374608,0.003043082,0.123978384,-0.008368539,0.08162275,-0.008159146,251.60083,246.46918,330.2558,1.0135946,10.397339,0.1277128
5,12,2,0.0024009997,0.024602028,0.0016377368,0.016374478,0.0065898136,0.02023448,0.001502205,4.869142,-0.36672574,6.9163637,-0.7667938,0.04046896,0.00300441,0.1279628,-0.009637681,0.08117767,-0.008999895,251.61557,246.54263,329.99042,1.1335195,10.397339,0.13007292
5,13,2,0.0024009997,0.018430836,0.0017904592,0.011626577,0.0050138,0.021156909,0.0029116424,4.102935,-0.3465016,6.032881,-0.37713006,0.042313818,0.005823285,0.107826605,-0.009106185,0.070808195,-0.0044263937,251.64055,246.47542,330.45654,0.7236316,10.397571,0.09955476
5,14,2,0.0024009997,0.018506456,0.0016383707,0.0118845515,0.0049835346,0.020238396,0.0016186326,4.148204,-0.36769915,6.014644,-0.11420726,0.04047679,0.0032372652,0.10901629,-0.009663265,0.070594154,-0.0013404579,251.67409,246.62311,331.21143,0.4819064,10.397571,0.102121204
5,15,2,0.0024009997,0.015033398,0.0014489032,0.009429398,0.0041550966,0.01903223,0.0019227766,3.6949675,-0.3384039,5.4920163,-0.09121442,0.03806446,0.0038455531,0.097105086,-0.008893379,0.06446004,-0.0010705873,251.63437,246.5653,330.6419,0.42961833,10.398425,0.082809575
5,16,2,0.0024009997,0.015315324,0.0017002232,0.009462271,0.0041528293,0.020616882,0.0029846225,3.701403,-0.19893384,5.4905167,-0.24806422,0.041233763,0.005969245,0.09727421,-0.0052280515,0.06444245,-0.0029115377,251.56007,246.17705,330.634,0.44699806,10.398425,0.08246644
5,17,2,0.0024009997,0.013054405,0.0018099343,0.0075175567,0.0037269148,0.02127166,0.0015368103,3.2991877,-0.084668785,5.2013483,-0.110308096,0.04254332,0.0030736206,0.086703844,-0.0022251275,0.061048463,-0.0012946936,251.48291,245.78462,330.69608,0.19497688,10.399588,0.060791712
5,18,2,0.0024009997,0.014256656,0.0015195246,0.008894523,0.003842609,0.01949054,0.0013368443,3.5886407,0.051957738,5.2814636,-0.39439717,0.03898108,0.0026736886,0.094310775,0.0013654674,0.061988782,-0.004629059,251.40045,245.56917,329.87363,0.34243944,10.399588,0.06829196
5,19,2,0.0024009997,0.013581743,0.0018456671,0.00856265,0.0031734272,0.021480614,0.0029175377,3.5210545,0.020288782,4.799605,-0.49227273,0.04296123,0.0058350754,0.09253459,0.0005331969,0.05633318,-0.0057778256,251.3896,245.59598,330.02847,0.47198394,10.400848,0.055245273
5,20,2,0.0024009997,0.013786824,0.0018562342,0.008509786,0.003420805,0.021542018,0.0015015705,3.5101683,-0.040076666,4.983166,-0.33831987,0.043084037,0.003003141,0.0922485,-0.001053229,0.05848765,-0.003970876,251.40991,245.64966,330.5253,0.37839654,10.400848,0.057361037
5,21,2,0.0024009997,0.0105726905,0.0014574772,0.006313486,0.002801727,0.01908846,0.0015290702,3.0234532,0.03363461,4.5097675,-0.33428138,0.03817692,0.0030581404,0.07945745,0.0008839309,0.052931342,-0.003923477,251.41698,245.70224,330.05945,0.30064678,10.401939,0.040697582
5,22,2,0.0024009997,0.010613133,0.0018725259,0.006175712,0.0025648947,0.021636346,0.0030122155,2.9902823,0.04945439,4.314952,-0.36760473,0.043272693,0.006024431,0.0785857,0.0012996787,0.05064479,-0.0043145926,251.41525,245.73813,329.96524,0.31815034,10.401939,0.04281669
5,23,2,0.0024009997,0.010772137,0.0018646115,0.0064485753,0.0024589503,0.021590574,0.0014334907,3.0556285,0.12886436,4.224897,-0.30049023,0.043181147,0.0028669813,0.08030302,0.0033865992,0.049587805,-0.0035268683,251.37714,245.65913,330.2991,0.17162587,10.40264,0.048819363
5,24,2,0.0024009997,0.009698855,0.0016127697,0.005818097,0.0022679886,0.020079652,0.0013780764,2.9024127,0.21310838,4.057529,-0.39584786,0.040159304,0.0027561528,0.07627645,0.0056005656,0.047623403,-0.0046460833,251.31676,245.46803,329.6284,0.18273948,10.40264,0.044831194
5,25,2,0.0024009997,0.010395107,0.0018733578,0.006806141,0.0017156076,0.021641152,0.0029957483,3.1392012,0.28711584,3.5289884,-0.48238072,0.043282304,0.0059914966,0.08249934,0.007545504,0.041419894,-0.005661726,251.33087,245.50319,329.84488,0.19526488,10.402859,0.06105515
5,26,2,0.0024009997,0.0112551525,0.0018204822,0.007364641,0.0020700288,0.021333555,0.0014061214,3.2654607,0.20901354,3.8764074,-0.3897265,0.04266711,0.0028122428,0.085817486,0.005492949,0.04549757,-0.004574236,251.38957,245.80066,330.4464,0.18071295,10.402859,0.059584036
5,27,2,0.0024009997,0.011045102,0.0015318942,0.0074830716,0.002030136,0.01956971,0.0015381308,3.291612,0.33317158,3.8388736,-0.46959063,0.03913942,0.0030762616,0.08650475,0.008755871,0.045057032,-0.005511608,251.42712,246.10353,330.05185,0.13641906,10.402413,0.07146575
5,28,2,0.0024009997,0.01138919,0.0019349498,0.0072758496,0.0021783914,0.021994032,0.0032778166,3.245716,0.2961186,3.9765754,-0.5051787,0.043988064,0.006555633,0.08529859,0.007782109,0.046673242,-0.0059293043,251.48096,246.21877,330.20642,0.2090601,10.402413,0.0738684
5,29,2,0.0024009997,0.011028608,0.0018736571,0.0072896853,0.0018652659,0.02164288,0.0017943003,3.2488005,0.39883116,3.6796927,-0.25069058,0.04328576,0.0035886005,0.08537965,0.0104814265,0.043188725,-0.0029423677,251.54059,246.39432,331.3036,-0.14814058,10.401269,0.08407576
5,30,2,0.0024009997,0.009763936,0.0014654031,0.006591356,0.0017071764,0.019140292,0.0014997601,3.0892713,0.47199333,3.5203059,-0.34515595,0.038280584,0.0029995202,0.081187166,0.012404154,0.041317992,-0.0040511126,251.53206,246.43442,330.92496,-0.12683737,10.401269,0.0874612
5,31,2,0.0024009997,0.01068595,0.0018342896,0.0074941562,0.0013575045,0.021414304,0.0030370993,3.294049,0.3856384,3.1391485,-0.26022688,0.04282861,0.0060741985,0.086568795,0.010134718,0.036844328,-0.0030542943,251.5136,246.37358,330.94183,-0.12541151,10.399372,0.095552556
5,32,2,0.0024009997,0.010811976,0.001769864,0.0076240133,0.0014180988,0.021034876,0.0016775494,3.322466,0.3777714,3.2084439,-0.05498541,0.04206975,0.003355099,0.0873156,0.009927963,0.037657652,-0.00064536626,251.49692,246.256,331.26562,-0.322786,10.399372,0.094980925
5,33,2,0.0024009997,0.010157597,0.0015056736,0.007131001,0.0015209222,0.019401506,0.0012997142,3.2132459,0.35326362,3.3227272,-0.03864822,0.03880301,0.0025994284,0.08444525,0.009283893,0.038999002,-0.0004536156,251.43298,246.09212,330.20114,-0.3146154,10.396775,0.08708398
5,34,2,0.0024009997,0.011173593,0.0017767408,0.0078052655,0.0015915862,0.021075701,0.002756377,3.3617277,0.33986175,3.3990402,-0.13350643,0.042151403,0.005512754,0.08834741,0.008931692,0.03989469,-0.0015669708,251.4188,245.9615,330.20767,-0.20635532,10.396775,0.091375135
5,35,2,0.0024009997,0.011412428,0.0017219713,0.0081492895,0.0015411662,0.020748321,0.0009602917,3.4350145,0.2935029,3.344768,0.2813581,0.041496642,0.0019205834,0.09027342,0.007713357,0.03925769,0.0033023125,251.47137,246.05608,331.03195,-0.574861,10.393697,0.0811276
5,36,2,0.0024009997,0.010928685,0.001537292,0.007830164,0.0015612285,0.019604158,0.00096981414,3.3670852,0.28819546,3.3664677,0.12526375,0.039208315,0.0019396283,0.08848821,0.0075738826,0.039512385,0.0014702266,251.53871,246.45563,330.60638,-0.4134592,10.393697,0.07704615
5,37,2,0.0024009997,0.009962212,0.0017974345,0.0065784683,0.0015863101,0.02119808,0.0027191574,3.0862496,0.06752454,3.3934016,0.31825784,0.04239616,0.0054383148,0.08110776,0.0017745711,0.03982851,0.0037354068,251.64143,246.82053,331.17496,-0.38578236,10.390539,0.07274675
5,38,2,0.0024009997,0.009681771,0.0019099272,0.00640508,0.0013667636,0.021851357,0.0010435256,3.0453064,0.10587172,3.1498358,0.5002036,0.043702714,0.0020870513,0.080031745,0.0027823471,0.036969766,0.005870912,251.72557,247.03197,332.0655,-0.60607535,10.390539,0.07885334
5,39,2,0.0024009997,0.009155728,0.0015118512,0.0061517507,0.0014921256,0.019441266,0.0010699623,2.9844754,-0.07946543,3.2911215,0.6177008,0.03888253,0.0021399246,0.0784331,-0.0020883805,0.03862804,0.007249982,251.77426,247.27618,331.91647,-0.53823537,10.3873415,0.06386182
5,40,2,0.0024009997,0.009295691,0.0016976666,0.006169601,0.0014284231,0.020601375,0.0027421433,2.9888027,-0.031025434,3.2201023,0.60823727,0.04120275,0.0054842867,0.07854681,-0.000815359,0.037794486,0.0071389084,251.75182,247.19005,332.07504,-0.57721186,10.3873415,0.06950335
5,41,2,0.0024009997,0.008030362,0.0017287662,0.004757603,0.0015439928,0.020789217,0.0011066681,2.624598,-0.20096166,3.3478334,0.8888038,0.041578434,0.0022133363,0.06897538,-0.0052813436,0.039293673,0.01043193,251.67755,246.8593,332.33997,-0.68784213,10.384271,0.06416768
5,42,2,0.0024009997,0.0071996814,0.0012979897,0.004398826,0.0015028652,0.018013813,0.0010389365,2.523696,-0.13064396,3.3029442,0.7789333,0.036027625,0.002077873,0.066323645,-0.0034333703,0.038766805,0.009142376,251.56561,246.39609,331.44693,-0.6482893,10.384271,0.052227218
5,43,2,0.0024009997,0.0076513262,0.0016840954,0.004426303,0.0015409281,0.020518865,0.0027244175,2.531566,-0.23741531,3.3445094,0.7957617,0.04103773,0.005448835,0.066530466,-0.006239361,0.039254658,0.009339893,251.53589,246.23004,331.1971,-0.5583464,10.381371,0.051843066
5,44,2,0.0024009997,0.008279512,0.0017338762,0.00499341,0.0015522253,0.02081992,0.0012385871,2.6888542,-0.3067913,3.356747,0.8796473,0.04163984,0.0024771742,0.07066406,-0.008062585,0.03939829,0.010324462,251.548,246.29387,331.7394,-0.572856,10.381371,0.0543306
5,45,2,0.0024009997,0.0081411395,0.001408826,0.005225484,0.00150683,0.018767165,0.0009491122,2.750628,-0.32696962,3.307298,0.77395165,0.03753433,0.0018982243,0.07228751,-0.0085928785,0.03881791,0.009083907,251.5275,246.41716,331.00192,-0.44698203,10.378714,0.051901467
5,46,2,0.0024009997,0.008009491,0.0015737631,0.0048965835,0.0015391435,0.019835342,0.0026377626,2.662657,-0.32786703,3.3425717,0.76283246,0.039670683,0.005275525,0.06997559,-0.008616464,0.03923192,0.008953398,251.52473,246.36714,331.06195,-0.43496543,10.378714,0.05092757
5,47,2,0.0024009997,0.0076251784,0.0015655452,0.0043927706,0.0016668624,0.019783486,0.00089721486,2.5219584,-0.36563993,3.4784925,0.9348083,0.03956697,0.0017944297,0.06627798,-0.009609148,0.040827226,0.010971888,251.58371,246.48451,331.89545,-0.5691684,10.376325,0.04636147
5,48,2,0.0024009997,0.008999208,0.0014533211,0.005769837,0.0017760498,0.019061225,0.00062174926,2.89035,-0.21178892,3.5906148,0.83581805,0.03812245,0.0012434985,0.075959444,-0.00556589,0.042143207,0.009810033,251.67342,246.94997,331.81274,-0.62402916,10.376325,0.037495323
5,49,2,0.0024009997,0.008335241,0.0015662647,0.005159767,0.0016092098,0.01978803,0.002361555,2.7332778,-0.3031431,3.4178069,0.8212678,0.03957606,0.00472311,0.07183152,-0.007966712,0.040114958,0.009639256,251.80275,247.46452,332.49115,-0.5181247,10.374304,0.048806854
5,50,2,0.0024009997,0.008434708,0.0016966602,0.005060909,0.001677139,0.020595267,0.0008880008,2.706967,-0.4845235,3.489199,1.0129316,0.041190535,0.0017760016,0.071140066,-0.012733452,0.040952887,0.011888824,251.9357,247.88948,333.40805,-0.52840805,10.374304,0.06119108
5,51,2,0.0024009997,0.007586312,0.001442345,0.004471502,0.0016724654,0.018989109,0.00040516022,2.5444586,-0.39298788,3.4843345,0.8904328,0.037978217,0.00081032043,0.06686929,-0.010327864,0.040895786,0.01045105,252.01266,248.18576,333.21338,-0.4974449,10.372698,0.06036261
5,52,2,0.0024009997,0.0072007217,0.0015199864,0.004118263,0.0015624723,0.019493502,0.002300286,2.4418876,-0.4070915,3.3678083,0.8628201,0.038987003,0.004600572,0.06417369,-0.010698511,0.03952812,0.0101269595,252.05899,248.38696,333.55518,-0.4557286,10.372698,0.065542474
5,53,2,0.0024009997,0.0066216234,0.0015177239,0.0034941952,0.0016097042,0.019478988,0.0006720935,2.2492735,-0.3314509,3.418332,0.96369797,0.038957976,0.001344187,0.059111718,-0.008710651,0.04012112,0.011310967,252.11801,248.68173,334.4374,-0.6322471,10.371468,0.051132053
5,54,2,0.0024009997,0.0064059226,0.001376039,0.0034704076,0.0015594759,0.0185475,0.000500249,2.241604,-0.18633923,3.3645773,0.9128007,0.037095,0.001000498,0.058910165,-0.0048970627,0.0394902,0.010713582,252.11694,248.81407,334.23218,-0.7264615,10.371468,0.042272262
5,55,2,0.0024009997,0.006015679,0.0015021604,0.0030355263,0.0014779922,0.019378858,0.0022030359,2.0964553,-0.016326364,3.2754977,0.75193006,0.038757715,0.0044060717,0.05509561,-0.000429063,0.038444664,0.008825439,252.11304,248.86067,334.14853,-0.7356037,10.370482,0.033801354
5,56,2,0.0024009997,0.0060926955,0.0014866417,0.0030872466,0.0015188074,0.019278497,0.00074451946,2.1142402,-0.08127008,3.3204162,0.9176077,0.038556993,0.0014890389,0.055562995,-0.0021358083,0.03897188,0.010770001,252.1267,248.84795,334.81158,-0.8363376,10.370482,0.02941552
5,57,2,0.0024009997,0.0065278364,0.0013165076,0.0037838188,0.0014275098,0.018141855,0.00026723088,2.340636,0.19957598,3.2190728,0.7148422,0.03628371,0.00053446175,0.061512753,0.005244928,0.0377824,0.008390137,252.11633,248.81593,334.43063,-0.91441816,10.369726,0.028730072
5,58,2,0.0024009997,0.006842305,0.0014991412,0.0038730123,0.0014701515,0.019359373,0.0020093387,2.3680623,0.2116503,3.2667978,0.6864027,0.038718745,0.0040186774,0.06223353,0.0055622454,0.038342554,0.008056339,252.13754,248.84862,334.4751,-0.898053,10.369726,0.027901946
5,59,2,0.0024009997,0.006875378,0.0016529924,0.0036559226,0.001566463,0.020328505,0.0004218886,2.300738,0.27871138,3.3721066,0.6836879,0.04065701,0.0008437772,0.060464226,0.007324636,0.03957857,0.008024476,252.24348,249.24165,335.42636,-0.9623993,10.369055,0.02941843
5,60,2,0.0024009997,0.0070403176,0.001557011,0.0039196773,0.001563629,0.01972949,-8.865243e-5,2.3822856,0.32187617,3.3690548,0.5503189,0.03945898,-0.00017730486,0.062607326,0.008459022,0.03954275,0.006459117,252.28732,249.56001,335.09857,-0.87219507,10.369055,0.033927474
5,61,2,0.0024009997,0.0070995498,0.0015902525,0.0039719194,0.0015373778,0.019938985,0.0018488425,2.398109,0.49353293,3.3406541,0.29450762,0.03987797,0.003697685,0.063023165,0.012970222,0.03920941,0.0034566503,252.29407,249.60342,335.1769,-0.7880405,10.36835,0.042537328
5,62,2,0.0024009997,0.0072703427,0.0015001525,0.003964059,0.0018061313,0.019365901,0.0001562663,2.3957345,0.34840995,3.6208944,0.58675414,0.038731802,0.0003125326,0.06296077,0.009156339,0.042498603,0.006886762,252.33821,249.61894,336.019,-0.9351641,10.36835,0.036082964
5,63,2,0.0024009997,0.008365986,0.0014760926,0.005126851,0.0017630422,0.019209975,-0.00031842012,2.7245452,0.44839755,3.5774415,0.43336964,0.03841995,-0.00063684024,0.07160203,0.011784048,0.041988596,0.005086481,252.34853,249.73242,335.3106,-0.88176715,10.367463,0.04398679
5,64,2,0.0024009997,0.007999447,0.0014799169,0.0046708817,0.001848649,0.019234844,0.0018139365,2.6005676,0.5233485,3.6632655,0.4850822,0.038469687,0.003627873,0.06834385,0.013753788,0.04299592,0.0056934315,252.39238,249.89978,335.65637,-1.0084307,10.367463,0.044588402
5,65,2,0.0024009997,0.007204069,0.0013678527,0.0040340135,0.001802203,0.018492246,0.00046280847,2.416781,0.25950015,3.6169548,0.5824909,0.036984492,0.00092561694,0.06351388,0.006819758,0.04245236,0.0068367226,252.4626,250.18994,336.40656,-0.84199107,10.366426,0.03872841
5,66,2,0.0024009997,0.0075183557,0.001478273,0.004278407,0.0017616757,0.019224158,-0.00012218124,2.4889133,0.36288786,3.576055,0.494388,0.038448315,-0.00024436248,0.06540953,0.009536823,0.04197232,0.0058026533,252.46416,250.22629,335.866,-0.85727584,10.366426,0.038991287
5,67,2,0.0024009997,0.007425545,0.001490972,0.0042149248,0.001719648,0.019306554,0.0018238901,2.4703789,0.37052667,3.5331414,0.23011614,0.038613107,0.0036477803,0.06492245,0.0097375745,0.04146864,0.0027008841,252.48836,250.2943,335.9848,-0.6006428,10.36524,0.034014676
5,68,2,0.0024009997,0.0075385505,0.0014358377,0.004318036,0.0017846769,0.018946225,0.00022023864,2.5004134,0.14553206,3.5993245,0.4246584,0.03789245,0.00044047728,0.06571177,0.003824635,0.042245436,0.0049842326,252.5876,250.68398,336.85623,-0.5701904,10.36524,0.02843142
5,69,2,0.0024009997,0.007835091,0.0015001666,0.0047330856,0.0016018392,0.019365992,-0.00026394147,2.6178265,0.17791137,3.4099708,0.3040108,0.038731985,-0.00052788295,0.068797424,0.004675575,0.040022984,0.003568187,252.62761,250.91306,336.64694,-0.48192218,10.36391,0.032297853
5,70,2,0.0024009997,0.007272568,0.0015127236,0.004037247,0.0017225974,0.019446874,0.0017215837,2.41775,0.291009,3.53617,0.2558148,0.038893748,0.0034431673,0.06353933,0.007647821,0.041504186,0.0030025062,252.65465,250.9583,336.77753,-0.5468238,10.36391,0.03494015
5,71,2,0.0024009997,0.007544817,0.0014817595,0.0041110907,0.001951967,0.019246815,0.00013970655,2.4397607,0.06915766,3.764241,0.2675255,0.03849363,0.0002794131,0.06411779,0.0018174881,0.04418107,0.0031399583,252.67607,250.89525,337.4776,-0.33668315,10.362437,0.035227407
5,72,2,0.0024009997,0.008557046,0.0015360921,0.0049994853,0.0020214678,0.019596506,-0.0003856774,2.6904895,0.011878293,3.8306692,0.081513375,0.03919301,-0.0007713548,0.07070704,0.00031216638,0.044960737,0.0009567274,252.65173,250.78413,336.8817,-0.09339167,10.362437,0.03335615
5,73,2,0.0024009997,0.008275632,0.0014785007,0.004728874,0.002068257,0.019225638,0.0015935018,2.6166615,0.0794668,3.8747475,-0.12145249,0.038451277,0.0031870035,0.06876681,0.002088417,0.045478094,-0.0014254933,252.66367,250.82562,336.6592,0.04198569,10.360726,0.027772186
5,74,2,0.0024009997,0.008022633,0.0015250295,0.0044408506,0.0020567533,0.019525813,0.0004674005,2.5357225,-0.0993338,3.8639576,0.22372857,0.039051626,0.000934801,0.06663971,-0.0026105293,0.045351442,0.0026259122,252.716,251.02565,337.46347,-0.12439477,10.360726,0.03599252
5,75,2,0.0024009997,0.0077560646,0.0016550251,0.004247719,0.0018533206,0.020341,-3.99455e-5,2.4799707,-0.07060338,3.6678915,0.10895253,0.040682,-7.9891e-5,0.06517453,-0.0018554829,0.04305021,0.0012787797,252.72537,251.17558,337.10974,-0.03834915,10.358864,0.034344815
5,76,2,0.0024009997,0.0074757673,0.0016623702,0.0039237216,0.0018896752,0.020386087,0.001960968,2.3835142,0.14045501,3.7036915,0.094056025,0.040772174,0.003921936,0.06263962,0.0036912085,0.043470394,0.0011039407,252.76645,251.33574,337.13882,-0.23451103,10.358864,0.034736942
5,77,2,0.0024009997,0.006848545,0.0016336496,0.0031684001,0.0020464952,0.020209216,0.00056393153,2.1418483,-0.065045886,3.8543098,0.3136138,0.04041843,0.0011278631,0.056288544,-0.0017094287,0.045238204,0.003680898,252.85062,251.59799,338.01093,-0.24856791,10.357057,0.037290692
5,78,2,0.0024009997,0.0076196706,0.0016104726,0.003909442,0.0020997562,0.020065347,9.080338e-5,2.379173,-0.16226628,3.9041424,0.24214381,0.040130693,0.00018160677,0.06252553,-0.004264416,0.045823097,0.0028420554,252.8373,251.59225,337.53574,-0.079877526,10.357057,0.0405387
5,79,2,0.0024009997,0.007239405,0.0016054581,0.0037452523,0.0018886946,0.020034084,0.0020449038,2.3286767,-0.037467223,3.70273,-0.013090577,0.04006817,0.0040898076,0.061198466,-0.0009846524,0.043459114,-0.0001536397,252.81693,251.51099,337.59485,0.0505578,10.35526,0.042136326
5,80,2,0.0024009997,0.007271696,0.001474725,0.0036314828,0.0021654882,0.019201074,0.00046130014,2.2930353,-0.107859604,3.9647803,0.13773839,0.038402148,0.0009226003,0.060261786,-0.0028345897,0.046534806,0.0016166405,252.83063,251.48567,338.30887,-0.029878788,10.35526,0.044429477
5,81,2,0.0024009997,0.0074848374,0.0017031812,0.0037649062,0.0020167502,0.020634808,-0.00017305758,2.3347788,-0.20929989,3.826197,-0.06609529,0.041269615,-0.00034611515,0.06135883,-0.0055004754,0.04490824,-0.00077576045,252.81464,251.53307,337.58322,0.27539518,10.353492,0.04052444
5,82,2,0.0024009997,0.0073484546,0.0015828027,0.0035699452,0.0021957068,0.019892227,0.0019369799,2.2735236,-0.075699836,3.9923482,-0.18433858,0.039784454,0.0038739599,0.05974902,-0.0019894205,0.04685837,-0.0021635909,252.84328,251.65462,337.57837,0.26003844,10.353492,0.042864848
5,83,2,0.0024009997,0.007337222,0.0013664549,0.0036984324,0.002272335,0.018482795,0.0003981762,2.3140757,-0.22149542,4.061415,-0.03333891,0.03696559,0.0007963524,0.06081474,-0.005820981,0.047669016,-0.00039129908,252.92223,251.8739,338.48602,0.25483432,10.351899,0.04231177
5,84,2,0.0024009997,0.008259582,0.0016754039,0.0042363736,0.0023478046,0.020465849,-0.00042458158,2.4766564,-0.22044927,4.1283092,-0.087804005,0.040931698,-0.00084916316,0.06508743,-0.0057934877,0.04845415,-0.0010305607,252.96954,252.06842,337.965,0.3082533,10.351899,0.045482628
5,85,2,0.0024009997,0.007829828,0.0014466016,0.004069461,0.0023137657,0.019017108,0.0018209337,2.4273763,-0.269423,4.0982733,-0.18014619,0.038034216,0.0036418673,0.063792326,-0.0070805345,0.04810162,-0.002114384,253.02602,252.31467,337.9095,0.4495692,10.350424,0.047229536
5,86,2,0.0024009997,0.008113742,0.0012347329,0.004351931,0.0025270777,0.017569384,0.00019215296,2.5102081,-0.40017653,4.2830243,0.20384517,0.035138767,0.00038430592,0.06596917,-0.010516786,0.050270047,0.0023925418,253.10555,252.55429,338.9666,0.19633135,10.350424,0.057052217
5,87,2,0.0024009997,0.008668154,0.0017289757,0.004266495,0.0026726832,0.020790476,-0.0004287064,2.4854457,-0.38903126,4.404686,0.07564113,0.041580953,-0.0008574128,0.06531841,-0.01022388,0.051698,0.00088780274,253.11407,252.61899,338.75732,0.31339014,10.349131,0.052056417
5,88,2,0.0024009997,0.0082479,0.0014519249,0.0042515327,0.0025444422,0.019052066,0.0017434811,2.4810839,-0.31321892,4.297714,-0.01366571,0.03810413,0.0034869623,0.06520378,-0.008231509,0.050442465,-0.0001603937,253.09657,252.53987,338.70123,0.32688463,10.349131,0.053931672
5,89,2,0.0024009997,0.007977885,0.0012189131,0.004141695,0.002617277,0.017456468,9.690206e-5,2.448825,-0.3218741,4.358792,0.16872399,0.034912936,0.00019380412,0.064356,-0.008458966,0.05115933,0.0019803229,253.10748,252.54039,339.33798,0.15315013,10.348003,0.04718308
5,90,2,0.0024009997,0.009009376,0.0018564695,0.0043151127,0.0028377934,0.021543384,-0.0007856468,2.4995668,-0.34194842,4.538701,0.09587906,0.043086767,-0.0015712936,0.06568952,-0.00898653,0.053270943,0.0011253357,253.07521,252.51125,338.9348,0.24606936,10.348003,0.048949856
5,91,2,0.0024009997,0.007893684,0.0013992711,0.003936278,0.0025581347,0.018703416,0.001556902,2.3873253,-0.17851013,4.309262,-0.043465275,0.037406832,0.003113804,0.06273977,-0.0046913107,0.050578006,-0.00051015435,253.05501,252.41347,338.85873,0.2219754,10.346926,0.045239337
5,92,2,0.0024009997,0.00872051,0.0013457573,0.0043722955,0.0030024566,0.018342283,0.00024136972,2.5160742,-0.32399854,4.668524,0.20285141,0.036684565,0.00048273944,0.06612334,-0.008514798,0.054794677,0.0023808768,253.08246,252.43825,339.46497,0.121147126,10.346926,0.05431533
5,93,2,0.0024009997,0.009173486,0.001636279,0.0042714654,0.0032657427,0.020225473,-0.00040924695,2.486893,-0.34858593,4.8689146,0.20820525,0.040450945,-0.0008184939,0.06535645,-0.009160963,0.057146676,0.0024437157,253.06053,252.3274,338.72256,0.14038068,10.345877,0.053662095
5,94,2,0.0024009997,0.008654852,0.001392253,0.0042693145,0.002993285,0.018656453,0.001695933,2.4862666,-0.13646185,4.6613874,0.026914269,0.037312906,0.003391866,0.06533999,-0.0035862676,0.05471092,0.00031588896,253.06728,252.35861,338.552,0.109547585,10.345877,0.048986718
5,95,2,0.0024009997,0.009193651,0.0013175175,0.004805351,0.003070783,0.018148812,0.0001424387,2.6377356,-0.12225392,4.721346,0.08215309,0.036297623,0.0002848774,0.06932064,-0.003212877,0.055414647,0.0009642346,253.09293,252.39433,339.1891,0.040100828,10.344878,0.047516223
5,96,2,0.0024009997,0.010226054,0.0016131754,0.0052461503,0.0033667288,0.020082178,-0.0005611072,2.7560625,-0.2019891,4.943622,0.030955844,0.040164355,-0.0011222144,0.07243031,-0.0053083473,0.05802352,0.00036333065,253.08997,252.3993,338.72324,0.17103326,10.344878,0.049842585
5,97,2,0.0024009997,0.009120474,0.0013894618,0.004495555,0.003235456,0.018637743,0.0014635936,2.5512927,0.06488072,4.846285,-0.15043487,0.037275486,0.0029271871,0.0670489,0.0017050875,0.05688107,-0.0017656618,253.0877,252.38666,338.4766,0.085554145,10.343852,0.044534486
5,98,2,0.0024009997,0.009541934,0.0013741207,0.004797024,0.0033707893,0.018534567,6.3184496e-5,2.635449,0.04687257,4.9466023,0.08966164,0.037069134,0.00012636899,0.06926055,0.0012318281,0.0580585,0.0010523604,253.10883,252.38936,339.0251,-0.13653421,10.343852,0.053841844
5,99,2,0.0024009997,0.00996219,0.0017449725,0.0049783457,0.003238872,0.020886434,-0.0009554262,2.6847954,0.1970057,4.848842,-0.06565417,0.04177287,-0.0019108524,0.07055739,0.0051773824,0.05691109,-0.0007705857,253.07501,252.28319,338.53748,-0.13135153,10.3427925,0.049776167
5,100,2,0.0024009997,0.010212688,0.001289334,0.0055718157,0.0033515382,0.01795365,0.0010909548,2.8403184,0.23275259,4.932457,-0.32687733,0.0359073,0.0021819095,0.074644595,0.00611682,0.05789247,-0.003836574,253.0424,252.09962,338.18063,0.094124734,10.3427925,0.05486385
