ic,traj,n_steps,eta,loss_total,loss_T,loss_olw,loss_slwd,rmse_T,bias_T,rmse_olw,bias_olw,rmse_slwd,bias_slwd,nrmse_T,nbias_T,nrmse_olw,nbias_olw,nrmse_slwd,nbias_slwd,mean_T,mean_olw,mean_slwd,bias_C,pnorm,gnorm
1,1,10,0.01,0.63276875,0.284384,0.2915287,0.056856025,0.26663834,0.046751916,20.545149,8.950571,20.31559,-3.2536423,0.5332767,0.09350383,0.539934,0.23522425,0.23844501,-0.038188145,252.38171,250.41885,336.0445,-5.696929,12.941648,2.177093
1,2,10,0.01,0.6167961,0.27681825,0.2817097,0.05826814,0.2630676,0.04052157,20.196196,8.903046,20.566332,-3.1141586,0.5261352,0.08104314,0.5307633,0.23397519,0.24138795,-0.036551017,252.4257,250.53682,336.72128,-5.788887,12.941648,2.1869106
1,3,10,0.01,0.6329743,0.2598317,0.31506944,0.058073226,0.25486845,0.032239743,21.358553,9.890515,20.531902,-3.6349154,0.5097369,0.064479485,0.56131047,0.25992632,0.24098387,-0.04266317,252.42111,250.4441,336.9982,-6.2556,12.941648,2.24615
1,4,10,0.01,0.6315343,0.30602524,0.2709923,0.054516748,0.27659774,0.045832932,19.808296,8.940298,19.89327,-3.1259842,0.5531955,0.091665864,0.5205692,0.23495425,0.23348822,-0.036689818,252.38048,250.36833,336.27866,-5.814314,12.941648,2.214743
1,5,10,0.01,0.3547147,0.21006702,0.103885695,0.040761974,0.22916535,0.06601512,12.264406,1.5996403,17.201601,-4.1872983,0.4583307,0.13203023,0.32231304,0.04203912,0.20189595,-0.049146526,252.39743,250.3604,336.80554,2.587658,12.918217,0.7398627
1,6,10,0.01,0.35135585,0.17580082,0.13373028,0.04182477,0.20964304,0.0584309,13.915011,2.511532,17.424406,-4.6630855,0.41928607,0.1168618,0.3656915,0.06600397,0.20451105,-0.05473084,252.39925,250.27686,337.04785,2.1515534,12.918217,0.74716145
1,7,10,0.01,0.3565335,0.20560785,0.11068296,0.04024271,0.22672,0.070391394,12.659281,1.3312157,17.091682,-4.176404,0.45344,0.14078279,0.33269048,0.034984834,0.20060585,-0.04901864,252.3821,250.30699,336.2166,2.8451881,12.918217,0.72175175
1,8,10,0.01,0.3385297,0.19791095,0.09874368,0.04187505,0.22243592,0.06732091,11.957029,1.0903704,17.434875,-4.125595,0.44487184,0.13464183,0.31423506,0.028655332,0.20463394,-0.0484223,252.40317,250.38165,336.82275,3.0352247,12.918217,0.7053183
1,9,10,0.01,0.2931646,0.15569879,0.10458995,0.03287585,0.19729343,0.05984644,12.305907,-2.2873578,15.448264,-5.460502,0.39458686,0.11969288,0.3234037,-0.060112573,0.18131699,-0.064090155,252.42783,250.44316,337.29257,7.74786,12.900833,0.850741
1,10,10,0.01,0.31182986,0.1823397,0.09878208,0.030708084,0.21350627,0.07212889,11.959353,-3.1829538,14.930266,-4.9321985,0.42701253,0.14425778,0.31429616,-0.08364917,0.17523722,-0.05788944,252.4165,250.44183,336.5788,8.115152,12.900833,0.9268811
1,11,10,0.01,0.29614028,0.17675632,0.08772166,0.031662315,0.21021199,0.07033207,11.269954,-3.3323088,15.160467,-5.1469994,0.42042398,0.14066415,0.29617843,-0.08757427,0.17793907,-0.060410563,252.4573,250.55524,337.32285,8.479308,12.900833,0.8787807
1,12,10,0.01,0.2929433,0.16104311,0.0997014,0.032198798,0.20065089,0.059513096,12.014875,-2.5564935,15.288364,-5.584916,0.40130177,0.11902619,0.31575528,-0.06718559,0.17944023,-0.06555042,252.48001,250.6883,337.74515,8.14141,12.900833,0.82277375
1,13,10,0.01,0.2699806,0.14451575,0.101825185,0.023639677,0.19007614,0.06256923,12.14217,-3.815932,13.099719,-5.293007,0.3801523,0.12513846,0.3191006,-0.10028408,0.153752,-0.062124267,252.44322,250.5902,336.94427,9.108939,12.882638,0.99926716
1,14,10,0.01,0.26830825,0.14393443,0.101059616,0.023314202,0.18969345,0.061026096,12.096437,-3.8874805,13.009229,-5.3332014,0.3793869,0.12205219,0.31789875,-0.102164395,0.15268989,-0.06259604,252.5035,250.74165,337.67764,9.220682,12.882638,0.9812016
1,15,10,0.01,0.25595587,0.13449901,0.09756016,0.023896685,0.18337053,0.050770387,11.885157,-3.284589,13.170736,-5.7493615,0.36674106,0.101540774,0.31234622,-0.086320184,0.15458553,-0.067480505,252.59706,251.16734,338.38657,9.033951,12.882638,0.9077748
1,16,10,0.01,0.26810515,0.15116076,0.09484324,0.022101143,0.19439699,0.06304645,11.718494,-3.8019135,12.666266,-5.0159464,0.38879398,0.1260929,0.3079663,-0.09991567,0.14866453,-0.058872398,252.60255,251.34268,337.84756,8.81786,12.882638,1.0063388
1,17,10,0.01,0.2178069,0.111822404,0.08734317,0.01864132,0.16719928,0.045594744,11.245613,-2.916765,11.632673,-5.482176,0.33439857,0.09118949,0.29553878,-0.07665364,0.13653322,-0.06434455,252.6482,251.37575,338.29108,8.398941,12.8653145,0.835533
1,18,10,0.01,0.21767497,0.11528982,0.08295316,0.019431971,0.16977178,0.03587295,10.959357,-2.3269243,11.876806,-5.8696146,0.33954355,0.0717459,0.2880159,-0.06115241,0.1393986,-0.06889194,252.69577,251.52722,338.6126,8.196539,12.8653145,0.7569962
1,19,10,0.01,0.21683554,0.1109395,0.08734717,0.018548856,0.16653791,0.04759055,11.245871,-2.6167212,11.603787,-5.1808276,0.33307582,0.0951811,0.29554555,-0.06876837,0.13619418,-0.0608076,252.7151,251.72267,338.1119,7.797549,12.8653145,0.81443703
1,20,10,0.01,0.22136667,0.11320695,0.08972508,0.01843464,0.1682312,0.0453216,11.397918,-2.5863678,11.5680065,-5.3933144,0.3364624,0.0906432,0.29954144,-0.06797069,0.13577422,-0.06330157,252.76279,251.88084,338.61572,7.979682,12.8653145,0.78935874
1,21,10,0.01,0.18788874,0.09565722,0.07638164,0.015849886,0.1546425,0.020532256,10.516305,-0.69735247,10.726408,-5.537876,0.309285,0.041064512,0.27637228,-0.018326683,0.12589633,-0.0649983,252.80295,251.99988,339.04285,6.2352285,12.849297,0.58746856
1,22,10,0.01,0.17573556,0.08438134,0.07666339,0.014690839,0.14524233,0.03231264,10.535683,-1.1915842,10.32677,-5.1526732,0.29048467,0.06462528,0.27688155,-0.03131527,0.12120577,-0.060477152,252.78065,251.98288,338.3724,6.3442574,12.849297,0.6125149
1,23,10,0.01,0.17716053,0.08819958,0.07415437,0.014806588,0.14849207,0.02973904,10.361844,-1.3353504,10.3673725,-5.23706,0.29698414,0.05947808,0.272313,-0.03509349,0.12168232,-0.061467614,252.84155,252.19034,339.0988,6.5724106,12.849297,0.59793055
1,24,10,0.01,0.19103731,0.100678794,0.07480117,0.015557342,0.15864961,0.019508816,10.406935,-1.1283184,10.626956,-5.624571,0.31729922,0.039017633,0.27349803,-0.029652618,0.124729075,-0.06601585,252.93312,252.55946,339.7163,6.752889,12.849297,0.5892111
1,25,10,0.01,0.14955977,0.073449366,0.063493475,0.0126169305,0.13550772,0.017948082,9.588115,0.3662509,9.570135,-4.6422453,0.27101544,0.035896163,0.2519791,0.009625212,0.11232511,-0.05448624,252.9858,252.85966,339.20044,4.2759943,12.834627,0.42803815
1,26,10,0.01,0.15881768,0.08228566,0.06421746,0.012314555,0.14342739,0.018332643,9.642624,0.74062645,9.4547615,-4.736115,0.28685477,0.036665287,0.25341165,0.019463938,0.11097097,-0.055588,253.0835,253.18138,340.0457,3.9954886,12.834627,0.43025547
1,27,10,0.01,0.17770004,0.099805854,0.06532731,0.012566874,0.15796033,0.011377993,9.725593,0.9544828,9.551131,-4.9011736,0.31592065,0.022755986,0.25559208,0.02508415,0.11210207,-0.057525303,253.12904,253.3399,340.18442,3.9466908,12.834627,0.48145822
1,28,10,0.01,0.15860386,0.07885956,0.0680103,0.011733999,0.14040972,0.018304877,9.923298,0.45772946,9.229203,-4.554253,0.28081945,0.036609754,0.26078784,0.012029296,0.10832358,-0.05345348,253.07437,253.19241,339.29373,4.096524,12.834627,0.4628745
1,29,10,0.01,0.15360199,0.08111092,0.06231976,0.010171305,0.14239989,0.007252256,9.499081,1.0095344,8.592698,-3.8922513,0.28479978,0.014504512,0.24963926,0.026530925,0.10085289,-0.04568353,253.06377,253.00795,339.82956,2.882717,12.821324,0.46027055
1,30,10,0.01,0.17904833,0.10391039,0.06447946,0.01065847,0.16117567,-0.0013633725,9.662273,1.078442,8.796069,-3.9496057,0.32235134,-0.002726745,0.25392807,0.028341847,0.103239864,-0.046356693,253.08127,252.98984,340.04852,2.8711638,12.821324,0.50757414
1,31,10,0.01,0.13904765,0.06951825,0.059010044,0.010519351,0.13183157,0.011745386,9.243398,0.97181726,8.738475,-3.4876137,0.26366314,0.023490772,0.24291983,0.025539711,0.10256389,-0.04093428,253.10818,253.19951,339.6902,2.5157964,12.821324,0.42156926
1,32,10,0.01,0.15101522,0.08326316,0.05772734,0.010024729,0.14427678,0.009305231,9.142384,0.95249623,8.5305605,-3.5514872,0.28855357,0.018610463,0.24026515,0.025031947,0.10012357,-0.04168397,253.21422,253.59058,340.39062,2.598991,12.821324,0.43768921
1,33,10,0.01,0.16590077,0.098808736,0.05725755,0.009834486,0.15716928,-0.0018912075,9.105106,1.230819,8.449229,-2.8396735,0.31433856,-0.003782415,0.2392855,0.03234636,0.09916898,-0.033329383,253.28018,253.8503,340.61868,1.6088545,12.809568,0.48606855
1,34,10,0.01,0.12965843,0.06551753,0.054637246,0.009503648,0.12798196,0.009045267,8.894326,1.1356466,8.305894,-2.5637825,0.25596392,0.018090533,0.23374611,0.029845206,0.09748665,-0.03009123,253.24228,253.68044,339.78867,1.4281359,12.809568,0.41531035
1,35,10,0.01,0.13386995,0.06680937,0.057335205,0.009725366,0.12923755,0.0043294476,9.1112795,1.2421135,8.402224,-2.3534987,0.2584751,0.008658895,0.23944771,0.0326432,0.09861727,-0.027623124,253.24089,253.53477,340.20447,1.1113852,12.809568,0.4357002
1,36,10,0.01,0.16773003,0.098568685,0.058860738,0.010300603,0.15697825,-0.0020183069,9.231696,1.518157,8.6471405,-2.498388,0.3139565,-0.0040366137,0.24261232,0.039897703,0.10149188,-0.029323699,253.24982,253.53922,340.48334,0.98023105,12.809568,0.49184677
1,37,10,0.01,0.1153303,0.056122333,0.04860816,0.01059981,0.11845076,0.0063255,8.389254,0.64617,8.7718315,-1.0799786,0.23690152,0.012651,0.22047259,0.016981578,0.10295538,-0.012675753,253.24376,253.57617,339.83432,0.43380857,12.799354,0.3850639
1,38,10,0.01,0.13337877,0.06928273,0.053747576,0.010348468,0.13160807,0.002662401,8.821615,0.19703636,8.667208,-1.3569287,0.26321614,0.005324802,0.23183523,0.005178189,0.10172742,-0.015926331,253.32457,253.84627,340.56573,1.1598923,12.799354,0.41197285
1,39,10,0.01,0.14648814,0.081400774,0.054652628,0.010434752,0.1426541,-0.0052972645,8.895578,0.34305042,8.703266,-1.6094056,0.2853082,-0.010594529,0.23377901,0.009015493,0.102150634,-0.018889667,253.40866,254.23854,341.12262,1.2663553,12.799354,0.45358858
1,40,10,0.01,0.12393221,0.0589704,0.054783117,0.010178698,0.12141911,0.0049268855,8.906191,0.3848513,8.595821,-1.3578796,0.24283822,0.009853771,0.23405793,0.010114032,0.100889534,-0.015937494,253.43034,254.38617,340.54562,0.9730283,12.799354,0.38088137
1,41,10,0.01,0.12008609,0.05490138,0.054785613,0.0103990985,0.11715522,0.002517571,8.906395,-0.32514074,8.688386,-0.13642429,0.23431043,0.005035142,0.23406327,-0.008544826,0.10197597,-0.001601218,253.48112,254.5825,341.07852,0.46156502,12.790763,0.40150428
1,42,10,0.01,0.14486226,0.07929683,0.054743093,0.01082234,0.14079846,-0.0061922045,8.902937,-0.29347554,8.86343,-0.17413855,0.28159693,-0.012384409,0.23397242,-0.007712639,0.104030475,-0.0020438728,253.49767,254.65025,341.70383,0.46761408,12.790763,0.46591926
1,43,10,0.01,0.11370972,0.050246134,0.052412,0.011051582,0.11207825,0.0031571202,8.711322,-0.22377153,8.956812,0.12999555,0.2241565,0.0063142404,0.22893667,-0.005880799,0.10512651,0.0015257658,253.42883,254.36516,340.81052,0.09377597,12.790763,0.40515327
1,44,10,0.01,0.13059877,0.06331235,0.056285165,0.011001249,0.12580973,-0.0003964493,9.027461,-0.19566491,8.936392,0.0843233,0.25161946,-0.0007928986,0.23724495,-0.0051421467,0.10488684,0.0009897057,253.44563,254.29167,341.1938,0.11134161,12.790763,0.4393504
1,45,10,0.01,0.14340787,0.07524568,0.056289967,0.011872217,0.13715473,-0.006045115,9.027846,-0.96596175,9.283401,0.6788481,0.27430946,-0.01209023,0.23725507,-0.025385816,0.108959705,0.007967674,253.5132,254.51353,341.3284,0.28711367,12.783515,0.44253358
1,46,10,0.01,0.106679,0.044330835,0.051549826,0.01079834,0.10527445,0.0045212884,8.639373,-0.9621357,8.853596,0.86710364,0.2105489,0.009042577,0.22704586,-0.025285268,0.10391506,0.010177234,253.538,254.55942,340.51752,0.09503204,12.783515,0.39521426
1,47,10,0.01,0.11323067,0.050207656,0.052412827,0.0106101865,0.11203533,0.0024540983,8.71139,-0.7431639,8.776123,1.0104187,0.22407065,0.0049081966,0.22893848,-0.019530624,0.10300576,0.011859329,253.5581,254.55966,340.74915,-0.26725477,12.783515,0.3903395
1,48,10,0.01,0.12774026,0.06339583,0.0535896,0.010754836,0.12589264,-0.0063521876,8.808641,-0.8722912,8.835744,0.7816293,0.25178528,-0.012704375,0.23149428,-0.022924125,0.103705525,0.009174017,253.565,254.62906,341.157,0.09066188,12.783515,0.41470918
1,49,10,0.01,0.10183533,0.03971581,0.050810676,0.011308839,0.09964413,0.0055461507,8.577212,-1.4741607,9.060459,1.8350679,0.19928826,0.011092301,0.22541223,-0.038741473,0.10634302,0.021538276,253.52693,254.54317,340.4229,-0.3609072,12.777439,0.3516651
1,50,10,0.01,0.107910946,0.04397323,0.052921526,0.011016189,0.10484897,0.004165495,8.753563,-1.7167741,8.942458,1.784164,0.20969795,0.00833099,0.2300468,-0.045117445,0.104958035,0.020940814,253.54344,254.50357,340.9622,-0.067389846,12.777439,0.371115
1,51,10,0.01,0.11723242,0.05454446,0.051412433,0.011275522,0.11677378,-0.00334825,8.627853,-1.6239464,9.047104,1.6304746,0.23354755,-0.0066965,0.2267431,-0.042677898,0.10618626,0.019136952,253.58148,254.62498,341.33945,-0.006528139,12.777439,0.37871858
1,52,10,0.01,0.103490084,0.04162613,0.050350618,0.011513341,0.10201241,0.004211577,8.538293,-1.5326754,9.142014,1.7893271,0.20402482,0.008423154,0.22438943,-0.040279258,0.10730024,0.021001413,253.59532,254.77296,340.60605,-0.25665176,12.777439,0.35880515
1,53,10,0.01,0.101738155,0.041241813,0.04920809,0.011288259,0.1015404,0.0044291867,8.440865,-1.7680199,9.052211,2.3909109,0.2030808,0.008858373,0.22182897,-0.046464186,0.10624622,0.028062234,253.66829,255.04019,341.32828,-0.62289095,12.772058,0.33658177
1,54,10,0.01,0.1157192,0.052530244,0.05144057,0.011748389,0.11459739,-0.0009755944,8.630215,-1.6250615,9.234861,2.176385,0.22919478,-0.0019511888,0.22680514,-0.04270721,0.10838999,0.025544336,253.70717,255.18486,341.8326,-0.5513234,12.772058,0.32296494
1,55,10,0.01,0.09346984,0.034504328,0.04747301,0.011492507,0.0928767,0.0074835713,8.290716,-1.620695,9.1337385,2.2149773,0.1857534,0.014967143,0.21788302,-0.042592444,0.10720311,0.025997287,253.67194,255.04903,340.91013,-0.59428227,12.772058,0.29423818
1,56,10,0.01,0.11140383,0.04628208,0.053853214,0.011268531,0.10756635,0.0054849833,8.83028,-1.6505756,9.044299,2.0714185,0.2151327,0.010969967,0.23206295,-0.043377727,0.10615334,0.024312332,253.68092,255.00838,341.04486,-0.4208429,12.772058,0.32411337
1,57,10,0.01,0.11721135,0.05302408,0.053393893,0.01079338,0.11513479,-0.0014869315,8.792542,-1.3410105,8.8515625,1.8394248,0.23026958,-0.002973863,0.23107119,-0.03524223,0.103891194,0.02158941,253.71877,255.16193,341.3611,-0.4984144,12.767183,0.29095173
1,58,10,0.01,0.09465432,0.03458203,0.049218643,0.010853644,0.09298122,0.0074892268,8.44177,-1.4044746,8.876239,2.093824,0.18596244,0.0149784535,0.22185275,-0.036910094,0.10418083,0.024575308,253.70863,255.17789,340.857,-0.6893493,12.767183,0.27958506
1,59,10,0.01,0.099419504,0.041782286,0.04658558,0.011051642,0.10220358,0.007022032,8.21286,-1.4758116,8.956837,2.2790773,0.20440716,0.014044064,0.21583693,-0.038784865,0.10512679,0.026749633,253.76634,255.35841,341.45068,-0.8032657,12.767183,0.2853031
1,60,10,0.01,0.1098381,0.047113348,0.051583566,0.011141185,0.10852805,-0.0016285061,8.6422,-1.4318544,8.993048,2.2310064,0.2170561,-0.0032570122,0.22712016,-0.03762965,0.10555181,0.02618542,253.83844,255.7127,341.98373,-0.799152,12.767183,0.29428425
1,61,10,0.01,0.0982355,0.04079312,0.046756316,0.010686066,0.10098653,0.008130824,8.227897,-1.3090141,8.807448,2.5591474,0.20197307,0.016261648,0.21623209,-0.03440137,0.10337343,0.030036828,253.82626,255.77446,341.24936,-1.2501333,12.762562,0.2571691
1,62,10,0.01,0.103044614,0.04669446,0.044970136,0.011380017,0.108044505,0.008130835,8.069205,-1.0575919,9.088928,2.818795,0.21608901,0.01626167,0.21206163,-0.02779389,0.10667716,0.03308432,253.8127,255.5975,341.84775,-1.761203,12.762562,0.25223726
1,63,10,0.01,0.10976192,0.048394714,0.049206946,0.012160263,0.109993994,0.0018862049,8.440766,-0.68751556,9.395345,2.6073036,0.21998799,0.0037724099,0.22182639,-0.018068155,0.110273585,0.030602042,253.7514,255.17397,341.6773,-1.9197881,12.762562,0.24638593
1,64,10,0.01,0.09316396,0.035189513,0.04687992,0.011094526,0.09379434,0.009218765,8.238765,-0.38535726,8.974196,2.4698153,0.18758868,0.01843753,0.21651772,-0.010127324,0.10533056,0.028988332,253.6473,254.68063,340.05667,-2.0844579,12.762562,0.20103747
1,65,10,0.01,0.10477232,0.047408845,0.04705037,0.010313104,0.10886786,0.007421238,8.253729,0.07460993,8.652387,2.1832268,0.21773572,0.014842476,0.21691097,0.001960775,0.101553455,0.025624635,253.64305,254.61093,340.2988,-2.2578368,12.757904,0.16372585
1,66,10,0.01,0.10560765,0.044662837,0.050389927,0.01055489,0.10566792,-0.0018231621,8.541625,0.075182326,8.753225,1.8080182,0.21133584,-0.0036463242,0.22447701,0.001975817,0.102736995,0.021220792,253.61781,254.44492,340.4652,-1.8832005,12.757904,0.14683402
1,67,10,0.01,0.0978275,0.039454874,0.04797735,0.010395283,0.099316254,0.0061440966,8.334639,0.23314027,8.686792,1.919273,0.19863251,0.012288193,0.21903732,0.006127012,0.10195726,0.022526592,253.56676,254.25604,339.6131,-2.1524134,12.757904,0.21835822
1,68,10,0.01,0.11244112,0.05381246,0.047611017,0.01101765,0.11598756,0.0038354069,8.302758,0.17942771,8.94305,2.0450442,0.23197512,0.0076708137,0.21819949,0.004715421,0.104964994,0.02400278,253.57756,254.26286,339.85226,-2.2244718,12.757904,0.25090218
1,69,10,0.01,0.10640737,0.048161637,0.047727555,0.010518171,0.1097288,-0.002712956,8.312914,0.5288711,8.737986,1.5575309,0.2194576,-0.005425912,0.21846637,0.013898923,0.102558136,0.01828081,253.62233,254.47928,340.3326,-2.086402,12.753369,0.20659563
1,70,10,0.01,0.096375756,0.041171208,0.044801597,0.010402955,0.101453446,0.0075340634,8.0540695,0.6202961,8.689996,1.9219133,0.20290689,0.015068127,0.21166387,0.016301602,0.10199488,0.022557586,253.67749,254.84288,340.1074,-2.5422094,12.753369,0.22604649
1,71,10,0.01,0.1090736,0.047924396,0.050189663,0.010959545,0.10945821,0.006469933,8.524636,0.5605371,8.919437,2.1486685,0.21891642,0.012939866,0.2240305,0.01473112,0.10468785,0.025219027,253.77174,255.20818,341.14685,-2.7092056,12.753369,0.23368643
1,72,10,0.01,0.11863774,0.048092417,0.05935012,0.011195195,0.10964992,-0.00089220837,9.269994,0.6813208,9.01482,1.8920983,0.21929984,-0.0017844167,0.2436188,0.017905356,0.10580735,0.022207644,253.7931,255.22925,341.17426,-2.573419,12.753369,0.27988213
1,73,10,0.01,0.11908525,0.04799534,0.060565133,0.010524783,0.109539196,0.009329887,9.364402,0.84183925,8.740731,1.4808939,0.21907839,0.018659774,0.24609984,0.02212384,0.10259037,0.01738132,253.72345,254.9903,340.1185,-2.3227332,12.748694,0.3125719
1,74,10,0.01,0.11886005,0.0532336,0.055463728,0.010162728,0.11536204,0.006304765,8.961345,0.90782934,8.589074,1.5064907,0.23072408,0.01260953,0.23550738,0.023858089,0.10081036,0.017681748,253.69116,254.78857,340.55484,-2.41432,12.748694,0.2688561
1,75,10,0.01,0.10579642,0.044966526,0.051004346,0.009825549,0.10602656,-0.0012682722,8.593544,0.80406916,8.445389,1.0072496,0.21205312,-0.0025365443,0.22584142,0.021131227,0.09912391,0.011822139,253.69263,254.76001,340.70975,-1.8113188,12.748694,0.25649232
1,76,10,0.01,0.096895404,0.03894635,0.048203137,0.009745921,0.09867415,0.009071877,8.354228,0.5021207,8.411098,1.2612908,0.1973483,0.018143754,0.21955213,0.0131959105,0.09872143,0.014803825,253.7145,255.00487,340.4155,-1.7634115,12.748694,0.24925189
1,77,10,0.01,0.09530018,0.040497936,0.045503747,0.0092985,0.10062049,0.009945371,8.116939,0.19224654,8.215759,0.71309054,0.20124099,0.019890742,0.21331607,0.0050523076,0.09642873,0.008369573,253.73639,255.03078,340.97803,-0.9053371,12.743566,0.24750653
1,78,10,0.01,0.09396762,0.039466236,0.044827625,0.009673761,0.09933055,0.0012832365,8.056409,0.4047015,8.379901,0.36314598,0.1986611,0.002566473,0.21172535,0.010635699,0.09835528,0.00426226,253.72676,254.9324,341.1075,-0.7678475,12.743566,0.21745546
1,79,10,0.01,0.08570764,0.036621585,0.039869092,0.009216967,0.095683835,0.011310752,7.5977817,0.4731931,8.17966,0.5723446,0.19136767,0.022621503,0.19967246,0.012435682,0.09600504,0.0067176344,253.67973,254.7706,340.26523,-1.0455377,12.743566,0.23945889
1,80,10,0.01,0.0862741,0.035886258,0.041382395,0.0090054525,0.094718345,0.008388839,7.740633,0.8753158,8.08526,0.61783016,0.18943669,0.016777677,0.20342663,0.023003612,0.09489706,0.0072514997,253.68413,254.74268,340.5122,-1.493146,12.743566,0.212451
1,81,10,0.01,0.090857826,0.038102597,0.04400909,0.008746141,0.09759943,0.0006054992,7.982517,1.0796137,7.968002,-0.58473116,0.19519886,0.0012109984,0.20978343,0.028372632,0.093520805,-0.006863015,253.6664,254.71289,340.62247,-0.49488252,12.7380705,0.24121615
1,82,10,0.01,0.08535964,0.036153007,0.040805724,0.008400911,0.09506972,0.011941971,7.68651,0.71578395,7.809161,-0.38929904,0.19013944,0.023883943,0.20200427,0.018811056,0.09165648,-0.0045692166,253.59703,254.43971,340.06116,-0.32648492,12.7380705,0.30682814
1,83,10,0.01,0.088290215,0.039459273,0.040352967,0.008477971,0.09932179,0.010240712,7.6437497,0.6735938,7.844895,-0.29383373,0.19864358,0.020481424,0.20088048,0.01770229,0.0920759,-0.003448742,253.55685,254.22186,340.11252,-0.3797601,12.7380705,0.31839168
1,84,10,0.01,0.089467436,0.037048534,0.04370937,0.008709536,0.09623998,0.002024507,7.955289,0.83507574,7.9513097,-0.68629223,0.19247995,0.004049014,0.20906787,0.021946093,0.09332489,-0.0080550425,253.5227,254.01993,339.94846,-0.1487835,12.7380705,0.29229143
1,85,10,0.01,0.07598361,0.031585794,0.03619813,0.008199687,0.088861965,0.010840047,7.2395535,0.54150844,7.7150693,-0.91380787,0.17772393,0.021680094,0.19025807,0.014231045,0.09055212,-0.010725404,253.46082,253.79565,339.2339,0.37229943,12.732082,0.31919923
1,86,10,0.01,0.081697404,0.03828296,0.034878977,0.008535468,0.09783016,0.008863455,7.106415,0.49192718,7.8714523,-0.83601636,0.19566032,0.01772691,0.18675914,0.012928032,0.092387594,-0.009812361,253.46516,253.7257,339.68668,0.34408918,12.732082,0.31211588
1,87,10,0.01,0.0872449,0.03951263,0.038841784,0.008890477,0.09938892,0.0037378182,7.499257,0.6536127,8.033482,-1.165539,0.19877784,0.0074756364,0.19708319,0.017177178,0.094289325,-0.013679985,253.45345,253.60432,339.55673,0.51192635,12.732082,0.27943903
1,88,10,0.01,0.08205558,0.032525882,0.04104658,0.00848313,0.09017467,0.012077801,7.7091618,0.35765317,7.847282,-1.014627,0.18034934,0.024155602,0.20259956,0.009399257,0.092103906,-0.011908724,253.40825,253.44247,338.74115,0.65697384,12.732082,0.3118974
1,89,10,0.01,0.07949354,0.033088163,0.038178623,0.008226756,0.09095076,0.007147918,7.434963,-0.35188386,7.727793,-1.418912,0.18190151,0.014295836,0.1953935,-0.0092476355,0.09070147,-0.016653836,253.41258,253.36531,339.21338,1.770796,12.725724,0.2404955
1,90,10,0.01,0.08390056,0.03582966,0.039127372,0.008943537,0.09464362,0.0006260345,7.5267763,-0.15043911,8.057417,-1.7368629,0.18928725,0.001252069,0.1978064,-0.0039535947,0.09457028,-0.020385638,253.42342,253.35298,339.25638,1.887302,12.725724,0.22319704
1,91,10,0.01,0.07252266,0.030350836,0.03365563,0.008516198,0.08710746,0.009451,6.9806767,-0.24336393,7.862562,-1.5181559,0.17421491,0.018902,0.1834547,-0.006395692,0.09228325,-0.017818667,253.43051,253.32631,338.60196,1.7615199,12.725724,0.20619513
1,92,10,0.01,0.0733291,0.03168539,0.033033237,0.008610471,0.08900195,0.0076770657,6.9158287,-0.21872947,7.9059606,-1.2635704,0.1780039,0.015354131,0.18175048,-0.0057482906,0.09279262,-0.014830585,253.50735,253.58904,339.27115,1.4822999,12.725724,0.18656226
1,93,10,0.01,0.076836206,0.03690748,0.03096316,0.008965566,0.096056595,-0.0012214282,6.695628,-0.24656242,8.067334,-1.746459,0.19211319,-0.0024428563,0.17596352,-0.006479746,0.09468667,-0.02049827,253.54585,253.73682,339.45352,1.9930215,12.719121,0.16259287
1,94,10,0.01,0.07067431,0.029653443,0.032578893,0.008441972,0.08610088,0.009025235,6.868104,-0.2323153,7.8282228,-1.5034584,0.17220175,0.01805047,0.18049625,-0.0061053312,0.0918802,-0.017646158,253.51476,253.62299,338.5734,1.7357737,12.719121,0.15896873
1,95,10,0.01,0.07148634,0.030427108,0.03295554,0.008103693,0.08721684,0.0064055487,6.9076905,-0.47488302,7.669777,-1.3709278,0.17443368,0.012811097,0.1815366,-0.012480093,0.090020515,-0.01609064,253.57523,253.894,339.39035,1.8458109,12.719121,0.19135006
1,96,10,0.01,0.078471996,0.03698753,0.032484736,0.008999726,0.09616071,0.00028421075,6.8581715,-0.44412675,8.082689,-1.8182931,0.19232142,0.0005684215,0.18023522,-0.011671808,0.09486689,-0.021341387,253.62164,254.08,339.84384,2.26242,12.719121,0.19661209
1,97,10,0.01,0.06600517,0.024901414,0.032814648,0.008289103,0.07890091,0.0047750096,6.8929095,-0.88573396,7.757022,-1.9459687,0.15780182,0.009550019,0.18114814,-0.023277406,0.091044515,-0.022839922,253.5966,253.96591,339.31192,2.8317027,12.7122,0.16634913
1,98,10,0.01,0.08007361,0.03766382,0.033792432,0.008617353,0.09703585,0.0029106524,6.9948497,-0.83717316,7.90912,-2.044615,0.1940717,0.005821305,0.18382718,-0.022001209,0.0928297,-0.02399774,253.55698,253.71365,339.32904,2.8817883,12.7122,0.1757571
1,99,10,0.01,0.069927305,0.030689338,0.030778404,0.008459559,0.087591864,-0.0039581372,6.675622,-0.6262386,7.836372,-2.2036498,0.17518373,-0.0079162745,0.17543775,-0.016457776,0.09197586,-0.025864337,253.50221,253.42813,339.21426,2.8298883,12.7122,0.19137865
1,100,10,0.01,0.06302911,0.024326758,0.030935876,0.0077664764,0.07798519,0.005763234,6.6926775,-0.53658724,7.5085006,-2.0088224,0.15597038,0.011526468,0.17588598,-0.014101699,0.08812761,-0.023577638,253.43954,253.20389,338.52698,2.5454097,12.7122,0.16435032
2,1,10,0.0069999998,0.17824179,0.048263084,0.10532439,0.024654321,0.109844305,0.013990633,12.349039,0.90949506,13.3778925,-3.8371928,0.21968861,0.027981266,0.3245372,0.023901852,0.15701695,-0.0450373,252.00142,248.02647,331.76886,2.9276977,12.704887,0.5497186
2,2,10,0.0069999998,0.16976446,0.039109573,0.10730886,0.023346044,0.0988807,0.009906916,12.464832,1.1799946,13.018107,-3.6973317,0.1977614,0.019813832,0.3275803,0.031010676,0.15279412,-0.043395735,251.9985,247.95515,332.35913,2.517337,12.704887,0.55560434
2,3,10,0.0069999998,0.1771173,0.04029407,0.11317551,0.02364772,0.10036691,0.0041758884,12.80103,1.6322373,13.101948,-4.098359,0.20073383,0.008351777,0.33641568,0.04289577,0.15377815,-0.048102625,251.92317,247.73146,332.15033,2.4661217,12.704887,0.5931055
2,4,10,0.0069999998,0.18728696,0.046435684,0.11685868,0.02399258,0.1077447,0.01271843,13.007661,1.4648955,13.197136,-4.1696153,0.2154894,0.02543686,0.341846,0.038497943,0.15489538,-0.048938967,251.80878,247.27478,331.1194,2.7047198,12.704887,0.6295045
2,5,10,0.0069999998,0.16998573,0.03984914,0.106609784,0.023526803,0.09981125,0.0073845373,12.424165,1.0806432,13.068407,-4.184788,0.1996225,0.0147690745,0.32651153,0.028399698,0.15338449,-0.049117055,251.751,246.94478,331.47607,3.104145,12.698468,0.59106404
2,6,10,0.0069999998,0.17623313,0.04177776,0.11017508,0.024280299,0.10219804,0.0020232906,12.630203,1.0063026,13.27603,-4.5437555,0.20439608,0.004046581,0.33192632,0.026445966,0.15582137,-0.053330284,251.66478,246.52248,331.37833,3.537453,12.698468,0.6348106
2,7,10,0.0069999998,0.18729155,0.044902954,0.11729249,0.025096098,0.105951585,0.008914598,13.031781,0.9755286,13.497219,-4.6545506,0.21190317,0.017829197,0.3424799,0.025637202,0.15841748,-0.054630674,251.5262,246.07745,330.18817,3.6790218,12.698468,0.6714899
2,8,10,0.0069999998,0.19047591,0.0485607,0.116248965,0.025666237,0.110182464,0.0052236537,12.973681,0.9239126,13.649673,-4.6522417,0.22036493,0.0104473075,0.34095302,0.02428074,0.16020685,-0.054603577,251.44492,245.8133,329.9301,3.7283292,12.698468,0.66462415
2,9,10,0.0069999998,0.17480637,0.05032888,0.10045722,0.024020275,0.112170495,3.508275e-5,12.060331,0.48125264,13.20475,-4.482455,0.22434099,7.01655e-5,0.31694987,0.012647465,0.15498476,-0.052610777,251.42653,245.69365,329.9133,4.001202,12.691095,0.56807816
2,10,10,0.0069999998,0.1833467,0.05275003,0.10693568,0.023661008,0.11483687,0.007973756,12.443139,0.2784991,13.105628,-4.3831615,0.22967374,0.015947511,0.3270102,0.0073190653,0.15382135,-0.051445372,251.45517,245.817,329.60788,4.1046624,12.691095,0.54879785
2,11,10,0.0069999998,0.16621977,0.043902077,0.0989805,0.023337193,0.10476411,0.005555517,11.971361,0.122951314,13.015638,-4.410481,0.20952822,0.011111034,0.31461167,0.0032312123,0.15276515,-0.05176602,251.53116,246.08653,330.47876,4.2875295,12.691095,0.5155577
2,12,10,0.0069999998,0.16521303,0.044700805,0.09641138,0.024100859,0.10571282,0.0012708645,11.814976,0.15498707,13.226882,-4.5951395,0.21142565,0.002541729,0.3105018,0.004073114,0.15524451,-0.053933363,251.56352,246.276,330.79672,4.4401526,12.691095,0.53447616
2,13,10,0.0069999998,0.1535219,0.043883096,0.08638186,0.023256946,0.10474146,0.010438413,11.183557,-0.3922865,12.993242,-4.350556,0.20948292,0.020876827,0.2939079,-0.010309421,0.15250228,-0.05106267,251.55887,246.28046,330.05325,4.742842,12.683194,0.42813027
2,14,10,0.0069999998,0.15487517,0.040202077,0.09264936,0.022023743,0.10025228,0.0058382424,11.582169,-0.34639978,12.644068,-4.0297365,0.20050456,0.011676485,0.30438358,-0.009103496,0.14840399,-0.0472972,251.69125,246.83615,331.22168,4.3761363,12.683194,0.4175207
2,15,10,0.0069999998,0.16305317,0.040150225,0.100648046,0.022254903,0.10018761,0.0023731063,12.07178,-0.092633486,12.710248,-3.9113023,0.20037521,0.0047462126,0.31725076,-0.0024344223,0.14918077,-0.045907125,251.77596,247.14748,331.807,4.003936,12.683194,0.44655246
2,16,10,0.0069999998,0.16111816,0.040193122,0.09915068,0.021774363,0.10024111,0.0087241735,11.981648,-0.4767336,12.572276,-3.7380972,0.20048222,0.017448347,0.314882,-0.012528718,0.14756139,-0.04387421,251.80444,247.375,331.37347,4.214831,12.683194,0.42846477
2,17,10,0.0069999998,0.13619603,0.039328776,0.07737403,0.019493219,0.09915742,0.006899322,10.584401,-1.3013939,11.895507,-3.3119814,0.19831485,0.013798644,0.27816188,-0.034201097,0.13961811,-0.03887288,251.85486,247.67387,332.12878,4.613375,12.675135,0.339888
2,18,10,0.0069999998,0.14030592,0.04058308,0.07995721,0.019765627,0.10072622,0.0036689646,10.759634,-0.9962506,11.978337,-3.5440896,0.20145243,0.007337929,0.28276706,-0.026181828,0.14059028,-0.041597135,251.89244,247.83444,332.4657,4.5403404,12.675135,0.35978496
2,19,10,0.0069999998,0.14499226,0.041412808,0.08466538,0.01891408,0.10175069,0.010759585,11.071885,-0.7688965,11.717469,-3.5619273,0.20350137,0.02151917,0.29097316,-0.020206846,0.13752846,-0.041806515,251.91884,247.92326,332.23413,4.330824,12.675135,0.36597598
2,20,10,0.0069999998,0.14324793,0.03917453,0.085979514,0.018093886,0.098962784,0.0067185992,11.157481,-0.8564842,11.460592,-3.5745301,0.19792557,0.0134371985,0.29322264,-0.022508703,0.13451351,-0.041954424,251.93283,247.89343,332.72964,4.431014,12.675135,0.36560145
2,21,10,0.0069999998,0.1146412,0.035126742,0.06348996,0.016024493,0.093710646,0.0036493798,9.587849,-1.2551718,10.785329,-3.1922805,0.18742129,0.0072987597,0.25197214,-0.032986373,0.12658788,-0.037467938,251.91994,247.80864,332.88928,4.4474525,12.667064,0.3190596
2,22,10,0.0069999998,0.11618005,0.03618843,0.06401313,0.015978487,0.09511629,0.010699296,9.627271,-1.5273681,10.769835,-3.1646988,0.19023257,0.021398593,0.25300816,-0.040139776,0.12640604,-0.037144218,251.9104,247.83408,332.30658,4.692067,12.667064,0.3316632
2,23,10,0.0069999998,0.11508066,0.036997452,0.0624229,0.015660306,0.09617361,0.008651451,9.506938,-1.730516,10.662065,-3.1015363,0.19234721,0.017302902,0.24984576,-0.04547858,0.12514114,-0.036402863,251.93413,247.89555,332.83286,4.832052,12.667064,0.32864124
2,24,10,0.0069999998,0.11976263,0.04084429,0.06192848,0.016989855,0.101049855,0.0037320352,9.4692135,-1.7627888,11.105447,-3.4382188,0.20209971,0.0074640703,0.24885434,-0.046326704,0.13034514,-0.040354528,251.8739,247.67459,332.56363,5.201008,12.667064,0.32984272
2,25,10,0.0069999998,0.10900843,0.038451042,0.054844223,0.015713168,0.098044686,0.009142236,8.911158,-1.7773062,10.680045,-3.2331872,0.19608937,0.018284472,0.23418844,-0.046708256,0.12535217,-0.03794806,251.76823,247.29033,331.4216,5.0104933,12.659212,0.28339913
2,26,10,0.0069999998,0.104385495,0.033594828,0.05577927,0.015011401,0.09164446,0.005329744,8.9868,-1.6463114,10.438829,-3.1071255,0.18328892,0.010659488,0.23617636,-0.04326566,0.12252102,-0.036468472,251.75821,247.09383,332.06036,4.753437,12.659212,0.27694887
2,27,10,0.0069999998,0.1095642,0.041697506,0.05358796,0.014278741,0.102099836,0.00020242776,8.808506,-1.353635,10.180902,-3.179149,0.20419967,0.00040485553,0.23149073,-0.03557402,0.119493686,-0.037313808,251.78625,247.19717,332.38028,4.532784,12.659212,0.2922493
2,28,10,0.0069999998,0.09987626,0.034082733,0.05258854,0.013204984,0.092307545,0.008797655,8.725981,-1.3739567,9.79062,-2.9822454,0.18461509,0.01759531,0.22932191,-0.036108077,0.11491294,-0.035002746,251.76271,247.21315,331.98172,4.356202,12.659212,0.30479762
2,29,10,0.0069999998,0.08234011,0.030136356,0.040498026,0.0117057245,0.08679913,0.0049068956,7.657475,-1.414327,9.218078,-2.459708,0.17359826,0.009813791,0.20124121,-0.037169013,0.108192995,-0.028869696,251.80054,247.34631,332.62366,3.874035,12.651678,0.31498098
2,30,10,0.0069999998,0.086844325,0.035803035,0.038875982,0.012165305,0.09460845,0.0020997887,7.502558,-1.4010708,9.397293,-2.5387857,0.1892169,0.0041995775,0.19716993,-0.03682065,0.11029644,-0.029797839,251.81116,247.40968,332.87704,3.9398565,12.651678,0.331099
2,31,10,0.0069999998,0.08466708,0.031870324,0.04025098,0.012545773,0.08926131,0.008426115,7.6340833,-1.5825136,9.54311,-2.6102107,0.17852262,0.01685223,0.20062646,-0.041589033,0.112007916,-0.030636162,251.78146,247.40091,332.1665,4.192724,12.651678,0.29268265
2,32,10,0.0069999998,0.08366823,0.0307246,0.040248107,0.012695522,0.08764217,0.005985414,7.6338115,-1.4650031,9.5998955,-2.7381709,0.17528434,0.011970828,0.20061931,-0.038500816,0.11267441,-0.032138046,251.76302,247.30145,332.57056,4.203174,12.651678,0.29955724
2,33,10,0.0069999998,0.084247515,0.033185095,0.039533798,0.011528628,0.091083884,-0.0013023738,7.565767,-0.8539078,9.148082,-2.5362086,0.18216777,-0.0026047477,0.19883108,-0.022441002,0.10737145,-0.029767595,251.73662,247.23291,332.50595,3.3901165,12.644687,0.2426401
2,34,10,0.0069999998,0.08387745,0.03097707,0.041123044,0.011777335,0.08800152,0.005278415,7.7163386,-1.0565056,9.246229,-2.5710652,0.17600304,0.01055683,0.20278817,-0.027765349,0.10852343,-0.030176716,251.73413,247.3429,331.64954,3.6275706,12.644687,0.23434548
2,35,10,0.0069999998,0.087139085,0.030094868,0.044672906,0.012371311,0.08673936,0.0025032472,8.042495,-1.0401608,9.476524,-2.566806,0.17347872,0.0050064945,0.21135966,-0.027335798,0.111226395,-0.03012672,251.81244,247.6258,332.27185,3.606967,12.644687,0.2444921
2,36,10,0.0069999998,0.092723444,0.035402745,0.045494236,0.011826467,0.09407809,-0.0014358045,8.116089,-0.68087226,9.265498,-2.4762049,0.18815617,-0.002871609,0.21329378,-0.017893571,0.10874956,-0.029063335,251.88597,247.83519,332.71204,3.157077,12.644687,0.22207041
2,37,10,0.0069999998,0.088307306,0.029552983,0.047818817,0.010935509,0.085954905,0.0023744195,8.320858,0.13012934,8.909651,-1.9600744,0.17190981,0.004748839,0.21867514,0.0034198496,0.10457298,-0.023005476,251.91872,247.96399,332.17062,1.8299451,12.638201,0.14700224
2,38,10,0.0069999998,0.08655564,0.03041392,0.04533007,0.010811649,0.08719794,-0.0012524938,8.101434,0.044871762,8.859051,-1.8491812,0.17439587,-0.0025049876,0.2129086,0.0011792484,0.10397908,-0.021703927,251.98524,248.17192,332.85434,1.8043094,12.638201,0.19780552
2,39,10,0.0069999998,0.08696715,0.036086604,0.04018235,0.010698193,0.09498237,-0.0037417558,7.627572,-0.2602336,8.812445,-1.8810992,0.18996474,-0.0074835117,0.20045535,-0.0068390346,0.10343207,-0.022078548,252.02364,248.33554,333.45392,2.1413329,12.638201,0.21383141
2,40,10,0.0069999998,0.08463638,0.0333359,0.040845256,0.010455227,0.09129061,0.0028899973,7.6902323,-0.52557456,8.711802,-1.8414186,0.18258122,0.0057799947,0.2021021,-0.0138122905,0.10225081,-0.021612817,252.01385,248.29483,332.94177,2.3669932,12.638201,0.18113935
2,41,10,0.0069999998,0.07930242,0.026882386,0.042223882,0.010196155,0.081979245,-0.002278165,7.818938,0.3083232,8.6031885,-1.2899687,0.16395849,-0.00455633,0.20548451,0.008102845,0.10097601,-0.015140422,252.06053,248.39023,333.6833,0.9816455,12.632019,0.18055102
2,42,10,0.0069999998,0.09507273,0.03750973,0.047317043,0.010245966,0.09683714,-0.008472321,8.277086,0.38800862,8.624178,-1.2939949,0.19367428,-0.016944641,0.21752481,0.010197007,0.10122236,-0.015187682,252.06392,248.35428,333.95154,0.9059863,12.632019,0.19695675
2,43,10,0.0069999998,0.09656858,0.032093056,0.05412776,0.010347764,0.089572676,-0.00025872074,8.85276,0.2855511,8.666913,-1.1586212,0.17914535,-0.0005174415,0.23265374,0.0075043864,0.10172396,-0.01359879,252.05388,248.3129,333.3393,0.8730701,12.632019,0.17484167
2,44,10,0.0069999998,0.0998214,0.033147596,0.056018107,0.010655704,0.09103241,-0.0046736593,9.006019,0.073951796,8.794929,-1.134691,0.18206482,-0.009347319,0.23668145,0.0019434805,0.10322647,-0.013317922,252.17307,248.82777,334.12943,1.0607392,12.632019,0.22041953
2,45,10,0.0069999998,0.099819355,0.041026555,0.048783973,0.010008825,0.101275064,-0.011325174,8.40441,0.6734477,8.523791,-0.69888014,0.20255013,-0.022650348,0.22087094,0.01769845,0.10004412,-0.008202789,252.30307,249.41852,335.1421,0.025432408,12.625875,0.25357866
2,46,10,0.0069999998,0.08607825,0.032220155,0.04417818,0.009679914,0.089749865,-0.002860054,7.997838,0.37682116,8.3825655,-0.6440828,0.17949973,-0.005720108,0.21018606,0.009902994,0.098386556,-0.0075596287,252.32915,249.59268,334.98993,0.26726162,12.625875,0.20145112
2,47,10,0.0069999998,0.085539095,0.031357754,0.04447038,0.009710957,0.088540606,-0.0036063753,8.024243,0.25607318,8.395995,-0.5937432,0.17708121,-0.0072127506,0.21088001,0.0067296973,0.09854419,-0.006968794,252.38,249.68121,335.3586,0.33767003,12.625875,0.2025428
2,48,10,0.0069999998,0.09420632,0.038676437,0.04560876,0.00992112,0.09833163,-0.008070487,8.126299,0.480649,8.4863615,-0.56504244,0.19666326,-0.016140973,0.21356207,0.012631629,0.099604815,-0.006631925,252.45938,249.88611,335.70163,0.08439344,12.625875,0.22457713
2,49,10,0.0069999998,0.09220747,0.030274589,0.05238086,0.009552027,0.08699797,-0.0028198457,8.7087345,1.5174733,8.327008,-0.0829383,0.17399594,-0.0056396914,0.22886865,0.039879743,0.09773447,-0.0009734504,252.47672,249.99423,335.00858,-1.434535,12.619679,0.24311915
2,50,10,0.0069999998,0.09259164,0.031669293,0.05206188,0.008860469,0.08897934,-0.0072061727,8.682175,1.6844516,8.019912,-0.11116074,0.17795868,-0.014412345,0.22817072,0.044268,0.09413006,-0.0013046975,252.52681,250.1754,335.55734,-1.5732908,12.619679,0.2753923
2,51,10,0.0069999998,0.10691696,0.050298035,0.047880452,0.008738467,0.11213612,-0.013852318,8.326218,2.009302,7.964505,-0.22315697,0.22427224,-0.027704636,0.21881603,0.05280519,0.09347977,-0.0026192039,252.55907,250.29393,335.89032,-1.786145,12.619679,0.3247621
2,52,10,0.0069999998,0.0897705,0.03529575,0.045903604,0.008571149,0.09393582,-0.0045797396,8.152523,1.8908616,7.8878884,-0.14869422,0.18787163,-0.009159479,0.21425126,0.04969253,0.0925805,-0.0017452321,252.57805,250.43802,335.6362,-1.7421675,12.619679,0.30505148
2,53,10,0.0069999998,0.09005646,0.036299687,0.0455878,0.008168974,0.095262386,-0.0073951385,8.124432,2.112801,7.7006073,0.22784998,0.19052477,-0.014790277,0.213513,0.055525173,0.090382375,0.0026742849,252.63712,250.71484,336.49344,-2.340651,12.613382,0.30161628
2,54,10,0.0069999998,0.090903684,0.044166412,0.038366597,0.008370672,0.10507903,-0.012437019,7.4532437,2.1644437,7.795095,0.085745506,0.21015806,-0.024874037,0.19587393,0.05688236,0.09149138,0.0010063971,252.66844,250.85129,336.97552,-2.2501893,12.613382,0.31950662
2,55,10,0.0069999998,0.079793826,0.033156835,0.038237978,0.008399012,0.09104509,-0.0061647138,7.4407396,1.7775637,7.8082786,0.10928023,0.18209018,-0.0123294275,0.19554533,0.04671501,0.09164612,0.0012826276,252.63553,250.84703,336.28275,-1.8868439,12.613382,0.3164645
2,56,10,0.0069999998,0.0779682,0.03230918,0.037435796,0.008223231,0.08987377,-0.009055977,7.362278,1.5575771,7.726139,0.03309585,0.17974754,-0.018111954,0.19348332,0.04093369,0.09068203,0.0003884476,252.6601,250.98532,336.81897,-1.590673,12.613382,0.3110245
2,57,10,0.0069999998,0.08114228,0.034769394,0.038800217,0.007572665,0.093232766,-0.0137741435,7.4952435,1.8233964,7.414222,0.5094567,0.18646553,-0.027548287,0.1969777,0.047919516,0.08702106,0.005979516,252.66675,250.91959,337.23492,-2.332853,12.607056,0.30733788
2,58,10,0.0069999998,0.0798145,0.030204857,0.04167837,0.007931276,0.08689772,-0.0054680975,7.7682657,1.7849964,7.5877447,0.6273043,0.17379545,-0.010936195,0.20415281,0.046910353,0.089057714,0.007362699,252.62823,250.73679,336.4479,-2.4123006,12.607056,0.31168965
2,59,10,0.0069999998,0.08365299,0.030589424,0.04507597,0.007987591,0.08744916,-0.008028367,8.078695,1.9431546,7.6146364,0.5984279,0.17489833,-0.016056733,0.21231103,0.051066805,0.08937333,0.0070237746,252.65111,250.78935,336.7848,-2.5415826,12.607056,0.32832006
2,60,10,0.0069999998,0.095100574,0.043021534,0.044109475,0.007969566,0.10370816,-0.015340616,7.991616,2.197751,7.606039,0.43223256,0.20741633,-0.030681232,0.21002255,0.057757687,0.089272425,0.005073133,252.71492,251.03601,337.29388,-2.6299837,12.607056,0.34984744
2,61,10,0.0069999998,0.080769934,0.02672874,0.045865398,0.008175797,0.08174463,-0.0047101406,8.14913,2.2161644,7.7038217,1.1171775,0.16348927,-0.009420281,0.21416208,0.058241595,0.09042011,0.013112362,252.71896,251.09636,336.76007,-3.3333418,12.600746,0.2831346
2,62,10,0.0069999998,0.08610047,0.031068584,0.046693686,0.008338197,0.08813141,-0.006785011,8.222384,1.994276,7.7799587,1.214283,0.17626283,-0.013570022,0.21608722,0.05241032,0.09131373,0.014252096,252.76878,251.28024,337.56543,-3.208559,12.600746,0.27842373
2,63,10,0.0069999998,0.081322774,0.027108693,0.045755677,0.008458404,0.08232359,-0.012481721,8.139378,1.9953917,7.835837,1.1809455,0.16464718,-0.024963442,0.21390577,0.052439623,0.09196958,0.013860809,252.82455,251.48639,338.18436,-3.1763372,12.600746,0.29726946
2,64,10,0.0069999998,0.0805902,0.026684362,0.04536436,0.008541479,0.081676744,-0.00424002,8.104497,1.9885617,7.874223,1.3971225,0.16335349,-0.00848004,0.2129891,0.05226012,0.09242012,0.016398093,252.83006,251.61218,337.5585,-3.3856843,12.600746,0.27625763
2,65,10,0.0069999998,0.074996196,0.025308168,0.041430604,0.008257426,0.079542704,-0.002290743,7.7451415,1.8091763,7.7421856,1.7367079,0.15908541,-0.004581486,0.2035451,0.047545806,0.09087038,0.020383824,252.88625,251.80544,338.0947,-3.5458841,12.594489,0.23179612
2,66,10,0.0069999998,0.07854916,0.028323587,0.04174499,0.008480582,0.084148064,-0.0095559135,7.7744703,1.8210609,7.846103,1.5324821,0.16829613,-0.019111827,0.2043159,0.04785814,0.09209008,0.01798681,252.9334,251.97731,338.40112,-3.353543,12.594489,0.22867504
2,67,10,0.0069999998,0.080307536,0.023551654,0.047581527,0.009174356,0.07673274,-0.0025574346,8.300186,1.6676967,8.16073,1.6411635,0.15346548,-0.005114869,0.2181319,0.043827668,0.09578286,0.01926241,252.92928,251.9596,337.50638,-3.3088603,12.594489,0.21938932
2,68,10,0.0069999998,0.07963062,0.02580655,0.04486022,0.0089638475,0.08032209,-0.003696268,8.059339,1.7409678,8.066562,1.7333928,0.16064417,-0.007392536,0.21180232,0.04575325,0.0946776,0.020344913,252.99171,252.13013,337.99356,-3.4743605,12.594489,0.22606814
2,69,10,0.0069999998,0.08287901,0.028896784,0.046102602,0.007879622,0.08499527,-0.009166731,8.1701765,1.3007519,7.5629964,1.8495593,0.16999054,-0.018333461,0.21471517,0.03418423,0.08876724,0.021708358,253.04094,252.44708,338.54712,-3.1503112,12.588381,0.21410634
2,70,10,0.0069999998,0.077876024,0.022116188,0.047763657,0.00799618,0.07435756,-0.002321413,8.316057,1.2683704,7.6187286,1.8141905,0.14871512,-0.004642826,0.21854898,0.03333323,0.08942136,0.021293236,253.00035,252.40697,337.96597,-3.082561,12.588381,0.20558977
2,71,10,0.0069999998,0.06921333,0.021599902,0.03943331,0.008180115,0.073484525,-0.004287853,7.556145,1.0418684,7.705857,1.8695264,0.14696905,-0.008575706,0.19857822,0.027380686,0.09044399,0.021942716,252.99326,252.28082,338.665,-2.9113948,12.588381,0.20834163
2,72,10,0.0069999998,0.07579489,0.026909165,0.04058126,0.008304462,0.08202007,-0.011482925,7.665341,1.2228334,7.764204,1.8847699,0.16404013,-0.02296585,0.2014479,0.0321365,0.09112882,0.022121629,253.01231,252.26299,339.12674,-3.1076033,12.588381,0.2173712
2,73,10,0.0069999998,0.0725886,0.02214219,0.041812867,0.008633546,0.07440126,-6.769492e-5,7.7807884,0.5656155,7.9165483,2.327235,0.14880252,-0.00013538984,0.20448194,0.01486458,0.092916876,0.027314866,253.03429,252.45917,338.31558,-2.8928504,12.582316,0.2029022
2,74,10,0.0069999998,0.07377731,0.024173047,0.041264966,0.0083392905,0.07773842,-0.0013574369,7.729643,0.3588992,7.780469,2.3771534,0.15547684,-0.0027148738,0.2031378,0.009431998,0.09131972,0.02790076,253.10054,252.65349,338.9172,-2.7360525,12.582316,0.20911357
2,75,10,0.0069999998,0.07351147,0.025199281,0.04066817,0.0076440126,0.07937141,-0.01044187,7.673544,0.4146105,7.4490676,2.1924708,0.15874282,-0.02088374,0.20166351,0.010896119,0.087430045,0.025733128,253.14809,252.83383,339.48618,-2.6070814,12.582316,0.20884207
2,76,10,0.0069999998,0.07561637,0.022967605,0.044222474,0.008426289,0.07577533,0.0007174444,8.001846,0.62928146,7.820947,2.572512,0.15155067,0.0014348888,0.2102914,0.016537743,0.09179482,0.030193692,253.11307,252.7676,338.78653,-3.2017934,12.582316,0.21099138
2,77,10,0.0069999998,0.07149239,0.022714313,0.04066102,0.008117055,0.07535634,-0.0006822879,7.6728697,-0.078120224,7.676097,2.7821388,0.15071268,-0.0013645758,0.20164578,-0.0020530273,0.0900947,0.03265409,253.10748,252.61319,339.165,-2.7040186,12.576181,0.22257777
2,78,10,0.0069999998,0.071449295,0.02545426,0.038283,0.0077120373,0.07977196,-0.009332634,7.4451194,0.09466322,7.4821396,2.590385,0.15954392,-0.018665267,0.19566043,0.0024877824,0.087818205,0.030403469,253.09315,252.51595,339.51617,-2.685048,12.576181,0.20725092
2,79,10,0.0069999998,0.07260789,0.021800414,0.042562608,0.008244873,0.073824815,0.00036877496,7.8502374,0.093625,7.736298,2.8104837,0.14764963,0.0007375499,0.20630707,0.002460487,0.09080128,0.03298677,253.03401,252.36017,338.5135,-2.9041088,12.576181,0.20337634
2,80,10,0.0069999998,0.07807756,0.024924804,0.044577144,0.008575609,0.078937955,-0.00028140197,8.033869,-0.16602133,7.8899403,2.8574712,0.15787591,-0.00056280394,0.211133,-0.0043631108,0.092604585,0.03353827,253.053,252.3666,338.95377,-2.6914499,12.576181,0.21271017
2,81,10,0.0069999998,0.07473707,0.025550341,0.04078454,0.008402188,0.07992237,-0.00576364,7.6845155,-0.6234358,7.809755,2.5742853,0.15984474,-0.01152728,0.20195183,-0.016384123,0.09166345,0.030214502,253.08302,252.41563,339.21597,-1.9508495,12.569976,0.19693655
2,82,10,0.0069999998,0.07146297,0.021659225,0.04119294,0.008610799,0.07358537,0.0014852101,7.722893,-0.524004,7.9061117,2.7686086,0.14717074,0.0029704203,0.20296045,-0.013771013,0.09279439,0.032495283,253.10472,252.51811,338.43994,-2.2446046,12.569976,0.18848805
2,83,10,0.0069999998,0.07885148,0.023884676,0.04631416,0.008652642,0.07727334,-6.096825e-5,8.1889,-0.5733438,7.9252977,2.695888,0.15454668,-0.0001219365,0.21520725,-0.015067688,0.09301958,0.03164176,253.18509,252.67499,338.9232,-2.1225443,12.569976,0.19689235
2,84,10,0.0069999998,0.083132595,0.022399545,0.052232135,0.008500919,0.07483239,-0.005085392,8.696362,-0.64447415,7.855506,2.5704868,0.14966477,-0.010170784,0.2285435,-0.016937008,0.09220043,0.030169921,253.29007,253.04747,339.54758,-1.9260126,12.569976,0.2000479
2,85,10,0.0069999998,0.0789285,0.023039777,0.047641605,0.008247118,0.075894296,0.0021575217,8.305426,-0.93271035,7.7373514,2.5718565,0.15178859,0.0043150433,0.21826957,-0.024511972,0.090813644,0.030186001,253.3435,253.4257,339.01984,-1.6391461,12.563769,0.1948876
2,86,10,0.0069999998,0.07616019,0.025629757,0.042087473,0.00844296,0.08004648,0.0009441195,7.8062973,-1.0761877,7.8286805,2.74831,0.16009296,0.001888239,0.20515232,-0.028282594,0.09188558,0.03225704,253.4321,253.78221,339.89114,-1.6721224,12.563769,0.19453734
2,87,10,0.0069999998,0.073859915,0.025741141,0.03980882,0.00830995,0.08022023,-0.004734179,7.592038,-1.1567767,7.766769,2.6286662,0.16044046,-0.009468358,0.19952148,-0.030400507,0.09115893,0.030852778,253.47116,253.9122,340.7062,-1.4718895,12.563769,0.17915201
2,88,10,0.0069999998,0.07136186,0.023931697,0.03895335,0.008476814,0.077349365,0.0037080783,7.5100193,-1.3438679,7.84436,2.7078311,0.15469873,0.0074161566,0.19736603,-0.035317328,0.09206962,0.031781934,253.43285,253.8618,339.94815,-1.3639632,12.563769,0.20254171
2,89,10,0.0069999998,0.071575314,0.024354517,0.039308637,0.007912163,0.07802967,0.003029886,7.544191,-1.6139522,7.578597,2.4007893,0.15605934,0.006059772,0.19826406,-0.04241524,0.088950336,0.028178176,253.44243,253.7994,340.24088,-0.7868371,12.557551,0.20477594
2,90,10,0.0069999998,0.081592895,0.030900577,0.04250667,0.00818565,0.0878928,-0.006315896,7.8450775,-1.3790293,7.7084627,2.2535558,0.1757856,-0.012631792,0.20617145,-0.036241397,0.09047458,0.026450085,253.45297,253.8213,340.58078,-0.8745265,12.557551,0.19663864
2,91,10,0.0069999998,0.06915659,0.019442005,0.041755956,0.007958631,0.069717295,0.00052092987,7.7754917,-1.3352609,7.6008186,2.3410268,0.13943459,0.0010418597,0.20434274,-0.035091136,0.08921116,0.02747674,253.41267,253.73885,339.72855,-1.0057659,12.557551,0.1971999
2,92,10,0.0069999998,0.07388482,0.02355454,0.042215183,0.008115098,0.07673744,0.0006139936,7.8181324,-1.4747388,7.675172,2.333802,0.15347488,0.0012279872,0.20546333,-0.03875667,0.09008384,0.02739194,253.46126,253.85141,340.03,-0.85906315,12.557551,0.20727825
2,93,10,0.0069999998,0.08308357,0.031975437,0.04363564,0.0074724928,0.08940838,-0.0046230233,7.9485765,-1.6127918,7.3650203,1.8607571,0.17881677,-0.009246047,0.20889145,-0.042384744,0.08644358,0.02183979,253.55171,254.20984,340.6961,-0.24796534,12.551382,0.19590122
2,94,10,0.0069999998,0.07991292,0.025980454,0.04622005,0.007712417,0.08059227,0.0025093886,8.180575,-1.774577,7.4823236,2.1724563,0.16118453,0.005018777,0.21498848,-0.046636514,0.087820366,0.025498219,253.57541,254.47226,340.3033,-0.39787924,12.551382,0.21705164
2,95,10,0.0069999998,0.07427917,0.023392664,0.04238365,0.008502858,0.0764733,0.0024195712,7.833716,-1.7432165,7.8564014,2.4275422,0.1529466,0.0048391423,0.2058729,-0.045812357,0.09221094,0.028492173,253.6141,254.49542,341.02106,-0.6843257,12.551382,0.20718437
2,96,10,0.0069999998,0.07841072,0.024995292,0.04449772,0.00891771,0.0790495,-0.0056920075,8.02671,-1.7139484,8.045774,2.206485,0.158099,-0.011384015,0.21094483,-0.045043174,0.09443363,0.025897613,253.65775,254.57845,341.45816,-0.49253666,12.551382,0.20822896
2,97,10,0.0069999998,0.07088493,0.021874854,0.040767808,0.008242264,0.07395075,0.005151503,7.682939,-1.3133287,7.7350745,2.0491893,0.1479015,0.010303006,0.20191039,-0.034514762,0.09078692,0.024051433,253.65877,254.64609,340.65857,-0.7358606,12.545239,0.18797596
2,98,10,0.0069999998,0.07691092,0.024390068,0.04456375,0.007957101,0.0780866,0.004343627,8.032663,-1.2526762,7.6000886,2.0892422,0.1561732,0.008687254,0.21110128,-0.032920774,0.08920258,0.02452153,253.69846,254.72968,341.0022,-0.836566,12.545239,0.20481764
2,99,10,0.0069999998,0.08313678,0.028738234,0.04597558,0.0084229745,0.084761776,-0.005483159,8.158913,-1.1207029,7.8194094,1.8768779,0.16952355,-0.010966318,0.21441917,-0.029452471,0.091776766,0.022029005,253.76973,254.917,341.52975,-0.75617504,12.545239,0.1977847
2,100,10,0.0069999998,0.077037394,0.021062365,0.0468647,0.009110335,0.07256439,0.0033710527,8.237427,-1.2067506,8.132207,2.0974503,0.14512879,0.0067421054,0.21648256,-0.03171386,0.09544808,0.02461787,253.8065,255.19348,340.93408,-0.8906996,12.545239,0.2259059
3,1,10,0.0048999996,0.07571136,0.028055947,0.03359816,0.014057258,0.08374955,0.012547736,6.974714,0.5288949,10.101632,0.037797716,0.1674991,0.025095472,0.183298,0.01389955,0.11856331,0.00044363196,251.77585,247.40353,331.05157,-0.5666926,12.539169,0.26674095
3,2,10,0.0048999996,0.07952868,0.029245114,0.036368523,0.013915044,0.085506015,0.010758992,7.256572,0.81569386,10.050404,0.020567924,0.17101203,0.021517985,0.19070533,0.021436734,0.11796205,0.00024140844,251.73888,247.21739,331.0273,-0.83626175,12.539169,0.2798666
3,3,10,0.0048999996,0.08354751,0.029763998,0.039627433,0.014156081,0.08626123,0.004172403,7.5747204,1.425493,10.137076,-0.037598737,0.17252246,0.008344806,0.1990664,0.037462473,0.11897933,-0.00044130074,251.71808,247.07497,330.8175,-1.3878943,12.539169,0.3240803
3,4,10,0.0048999996,0.083617814,0.029631991,0.040273804,0.013712018,0.086069725,0.011029694,7.636248,1.239863,9.976814,-0.0498752,0.17213945,0.022059388,0.20068334,0.032584053,0.117098324,-0.00058538746,251.70328,247.09793,330.27716,-1.1899879,12.539169,0.27942082
3,5,10,0.0048999996,0.08003948,0.027476322,0.03945419,0.013108967,0.082879916,0.010911778,7.558145,1.1977015,9.754959,-0.25362828,0.16575983,0.021823555,0.19863078,0.031476025,0.1144944,-0.0029768432,251.71405,247.12094,330.96246,-0.9440732,12.534942,0.19504932
3,6,10,0.0048999996,0.07851667,0.024319848,0.040744305,0.013452515,0.07797411,0.0065926462,7.680723,1.5605226,9.881957,-0.22386809,0.15594822,0.0131852925,0.20185219,0.04101109,0.11598498,-0.0026275485,251.6758,246.99055,330.9911,-1.3366544,12.534942,0.20628315
3,7,10,0.0048999996,0.07912906,0.026355457,0.039849807,0.012923799,0.08117182,0.01240695,7.595945,1.4937134,9.685818,-0.20084435,0.16234364,0.0248139,0.19962417,0.039255325,0.11368289,-0.0023573167,251.599,246.68678,330.3916,-1.2928691,12.534942,0.19832553
3,8,10,0.0048999996,0.07586289,0.02605231,0.036868162,0.0129424175,0.08070364,0.010510717,7.306248,1.1102896,9.692793,-0.25673714,0.16140728,0.021021433,0.19201083,0.029178802,0.11376475,-0.0030133314,251.56514,246.46526,330.668,-0.85355246,12.534942,0.18368311
3,9,10,0.0048999996,0.07851035,0.024864996,0.040316794,0.013328561,0.07884319,0.009564356,7.640322,1.3180848,9.836324,-0.8148227,0.15768638,0.019128712,0.20079042,0.03463975,0.115449384,-0.009563606,251.52243,246.32295,330.34296,-0.50326216,12.530794,0.17403278
3,10,10,0.0048999996,0.08091671,0.026547791,0.04174308,0.012625836,0.081467465,0.016525902,7.7742934,1.28328,9.573512,-0.916692,0.16293493,0.033051804,0.20431124,0.033725068,0.11236475,-0.010759258,251.4476,246.05727,329.4589,-0.366588,12.530794,0.1786163
3,11,10,0.0048999996,0.07748447,0.025839211,0.040357985,0.011287282,0.0803729,0.014754081,7.644224,1.193918,9.05182,-0.8123313,0.1607458,0.029508162,0.20089297,0.031376604,0.10624162,-0.009534373,251.44499,245.96437,329.78067,-0.38158667,12.530794,0.16750032
3,12,10,0.0048999996,0.08282707,0.026160104,0.04523822,0.011428743,0.08087043,0.009255101,8.093222,1.4000027,9.108365,-0.9797369,0.16174085,0.018510202,0.21269278,0.03679257,0.1069053,-0.011499215,251.44968,245.9723,329.84668,-0.4202658,12.530794,0.19441862
3,13,10,0.0048999996,0.08225791,0.027166197,0.04412904,0.010962675,0.08241086,0.017165935,7.9933896,1.2578845,8.9207115,-1.0534887,0.16482171,0.03433187,0.21006913,0.03305766,0.10470279,-0.012364848,251.42603,245.84967,329.31412,-0.20439577,12.526785,0.19080901
3,14,10,0.0048999996,0.07845728,0.023973158,0.04363481,0.010849314,0.07741634,0.014971593,7.9485016,1.3140994,8.874468,-0.8661012,0.15483268,0.029943187,0.20888947,0.03453501,0.10416004,-0.010165471,251.40906,245.63408,329.74387,-0.44799823,12.526785,0.19761066
3,15,10,0.0048999996,0.08135006,0.02586183,0.044631142,0.01085709,0.08040807,0.010237052,8.0387335,1.6508379,8.877648,-1.0151972,0.16081613,0.020474104,0.21126084,0.043384615,0.10419736,-0.011915414,251.40869,245.69254,329.9157,-0.63564074,12.526785,0.21683024
3,16,10,0.0048999996,0.08273585,0.02343996,0.04868599,0.0106099,0.07655057,0.016225923,8.395966,1.7189069,8.776004,-0.94984967,0.15310115,0.032451846,0.22064902,0.045173492,0.103004366,-0.011148429,251.37721,245.68593,329.36774,-0.7690572,12.526785,0.20890488
3,17,10,0.0048999996,0.071739376,0.022137769,0.03917897,0.010422636,0.07439383,0.014735817,7.5317383,1.2427083,8.698213,-0.9315366,0.14878766,0.029471634,0.19793679,0.032658827,0.10209131,-0.010933485,251.42126,245.82275,329.85056,-0.3111717,12.522931,0.22795668
3,18,10,0.0048999996,0.077394985,0.025349725,0.040920153,0.011125108,0.079607986,0.010360174,7.6972804,1.3687934,8.986557,-1.1200911,0.15921597,0.020720348,0.2022873,0.03597238,0.10547563,-0.013146562,251.4503,245.92638,329.76743,-0.24870229,12.522931,0.19238979
3,19,10,0.0048999996,0.06961449,0.024446698,0.034402795,0.010765,0.0781772,0.01707314,7.057738,1.2099463,8.839918,-0.88113666,0.1563544,0.03414628,0.18547991,0.031797826,0.10375452,-0.01034194,251.46442,246.04364,329.56537,-0.32880962,12.522931,0.18843
3,20,10,0.0048999996,0.07030778,0.02533728,0.034131132,0.0108393645,0.07958844,0.014945646,7.0298166,1.0316067,8.870398,-0.64635897,0.15917689,0.029891292,0.18474613,0.02711099,0.10411227,-0.007586342,251.52568,246.32158,330.3667,-0.3852477,12.522931,0.23060481
3,21,10,0.0048999996,0.07297287,0.026250225,0.035523217,0.011199431,0.081009604,0.010460577,7.1717443,1.1249443,9.016524,-0.9536062,0.16201921,0.020921154,0.18847604,0.02956394,0.10582736,-0.011192519,251.52223,246.31255,330.3873,-0.17133814,12.519324,0.24421433
3,22,10,0.0048999996,0.071635455,0.02464147,0.03617004,0.010823945,0.07848801,0.016233616,7.236743,1.0568827,8.864086,-0.9869881,0.15697601,0.03246723,0.19018422,0.027775256,0.10403819,-0.011584323,251.47353,246.18456,329.7006,-0.06989461,12.519324,0.26226285
3,23,10,0.0048999996,0.06979146,0.025103724,0.034351915,0.01033582,0.07922077,0.014678565,7.052517,1.0897287,8.661911,-0.9743384,0.15844154,0.02935713,0.1853427,0.028638463,0.101665236,-0.011435853,251.49649,246.23625,330.19623,-0.1153903,12.519324,0.26556072
3,24,10,0.0048999996,0.07365562,0.027463233,0.035313353,0.010879034,0.08286017,0.009893554,7.150529,1.0818855,8.886616,-1.1254873,0.16572034,0.019787109,0.18791847,0.02843234,0.10430261,-0.013209903,251.49095,246.3288,330.45258,0.04360187,12.519324,0.25804412
3,25,10,0.0048999996,0.07255968,0.027516153,0.03402437,0.011019158,0.08293997,0.015186512,7.018813,0.3804659,8.943663,-1.1540948,0.16587994,0.030373024,0.18445696,0.009998777,0.104972176,-0.013545665,251.41414,246.0153,329.70828,0.77362895,12.515981,0.2249768
3,26,10,0.0048999996,0.06965693,0.025790725,0.033394177,0.010472029,0.080297455,0.013941326,6.9535093,0.41525924,8.718798,-1.1137785,0.16059491,0.027882652,0.18274073,0.0109131625,0.102332935,-0.0130724665,251.39172,245.77824,329.90164,0.69851923,12.515981,0.27094913
3,27,10,0.0048999996,0.07641466,0.026289973,0.039394047,0.01073064,0.081070915,0.008533049,7.5523825,0.6178453,8.8258,-1.1844196,0.16214183,0.017066099,0.19847934,0.01623719,0.103588805,-0.01390159,251.39003,245.85295,329.98618,0.56657434,12.515981,0.24335185
3,28,10,0.0048999996,0.07422611,0.025215218,0.038041834,0.010969059,0.0793965,0.015681643,7.421632,0.14262013,8.923308,-1.2127842,0.158793,0.031363286,0.19504316,0.0037481159,0.10473327,-0.014234505,251.35663,245.79292,329.37234,1.0701641,12.515981,0.2534423
3,29,10,0.0048999996,0.071528494,0.023561386,0.037681796,0.010285312,0.076748595,0.01159291,7.386428,-0.5072435,8.64072,-1.1655667,0.15349719,0.02318582,0.194118,-0.013330546,0.10141653,-0.013680306,251.38629,245.83827,329.88333,1.6728102,12.512829,0.2026619
3,30,10,0.0048999996,0.07497147,0.028614454,0.036544316,0.009812698,0.084579036,0.007235966,7.274088,-0.1804922,8.439863,-1.0575762,0.16915807,0.014471932,0.19116567,-0.004743405,0.09905906,-0.012412825,251.40228,245.83615,330.10965,1.2380683,12.512829,0.18944111
3,31,10,0.0048999996,0.072683655,0.02470498,0.038348805,0.009629866,0.07858909,0.014150456,7.4515157,-0.24641488,8.360867,-0.89977366,0.15717818,0.028300911,0.19582851,-0.0064758775,0.09813188,-0.010560684,251.42886,245.95805,329.56274,1.1461885,12.512829,0.19251034
3,32,10,0.0048999996,0.06420767,0.0226084,0.032101456,0.009497819,0.07518045,0.01219834,6.817592,-0.73331076,8.303347,-1.0271428,0.1503609,0.02439668,0.17916879,-0.019271664,0.09745675,-0.012055626,251.5248,246.36058,330.4558,1.7604535,12.512829,0.21133201
3,33,10,0.0048999996,0.06844685,0.02658497,0.032726984,0.009134896,0.08152449,0.0045046974,6.883696,-1.0085588,8.143161,-1.199498,0.16304898,0.009009395,0.18090601,-0.026505288,0.09557665,-0.014078559,251.54944,246.53877,331.06644,2.208057,12.50984,0.16431774
3,34,10,0.0048999996,0.07090286,0.023026163,0.039092246,0.008784453,0.07587187,0.01066538,7.523397,-0.73866165,7.985436,-1.0840756,0.15174374,0.02133076,0.19771759,-0.019412294,0.09372541,-0.012723845,251.48682,246.30705,330.3105,1.8227372,12.50984,0.1577059
3,35,10,0.0048999996,0.06640893,0.020629315,0.03752768,0.008251937,0.071814544,0.0070568905,7.3713074,-0.56114215,7.739612,-0.83719814,0.14362909,0.014113781,0.19372062,-0.01474702,0.090840176,-0.009826233,251.53426,246.42967,331.0464,1.3983402,12.50984,0.15937878
3,36,10,0.0048999996,0.06702795,0.02315141,0.035647266,0.008229269,0.07607794,0.0018072412,7.184256,-0.3060617,7.728974,-1.0606712,0.15215588,0.0036144825,0.18880484,-0.008043414,0.09071532,-0.012449148,251.6018,246.76291,331.4698,1.366733,12.50984,0.1681817
3,37,10,0.0048999996,0.06322425,0.020701298,0.03433204,0.008190907,0.07193973,0.005901586,7.0504775,-0.6727808,7.710938,-0.9327841,0.14387946,0.011803172,0.18528907,-0.01768093,0.090503626,-0.010948129,251.61026,246.8814,330.82614,1.6055648,12.506936,0.13321099
3,38,10,0.0048999996,0.059620984,0.021413514,0.03034984,0.007857626,0.07316679,0.0037927362,6.628983,-0.8744146,7.5524335,-0.7506374,0.14633358,0.0075854724,0.17421205,-0.022979932,0.08864325,-0.008810262,251.64444,246.9133,331.32135,1.625052,12.506936,0.14218748
3,39,10,0.0048999996,0.06144933,0.023492238,0.03024252,0.0077145724,0.07663589,-9.240955e-5,6.617252,-0.6860592,7.483369,-0.767222,0.15327178,-0.0001848191,0.17390376,-0.018029882,0.08783264,-0.009004923,251.64758,246.87094,331.8231,1.4532812,12.506936,0.15280539
3,40,10,0.0048999996,0.059224635,0.019950658,0.031787563,0.0074864132,0.0706234,0.0055281767,6.7841787,-0.7063109,7.3718777,-0.91004306,0.1412468,0.011056353,0.17829067,-0.0185621,0.08652406,-0.010681215,251.572,246.70116,331.04428,1.616354,12.506936,0.1460409
3,41,10,0.0048999996,0.055634335,0.01853819,0.029765109,0.007331037,0.06807751,0.0007177304,6.564814,-1.240449,7.294977,-0.88010174,0.13615502,0.0014354608,0.17252567,-0.032599434,0.085621476,-0.010329797,251.53407,246.53938,331.3809,2.1205506,12.503993,0.1598666
3,42,10,0.0048999996,0.06533477,0.028183509,0.029920222,0.007231033,0.08393972,-0.0038108807,6.5818973,-1.2022303,7.245051,-1.0796938,0.16787945,-0.0076217614,0.17297463,-0.031595048,0.08503548,-0.012672413,251.51839,246.43118,331.48737,2.2819242,12.503993,0.18776105
3,43,10,0.0048999996,0.06105308,0.020731136,0.03320223,0.007119713,0.071991555,0.0035781078,6.9334965,-0.98817635,7.189066,-1.0155096,0.14398311,0.0071562156,0.1822148,-0.025969623,0.08437839,-0.011919087,251.48712,246.30736,330.80316,2.003686,12.503993,0.16324599
3,44,10,0.0048999996,0.059523452,0.018529994,0.03408563,0.006907824,0.06806246,0.0010400473,7.0251293,-0.9239834,7.081281,-0.85748124,0.13612492,0.0020800945,0.18462294,-0.024282612,0.08311332,-0.010064297,251.5053,246.31033,331.2682,1.7814646,12.503993,0.14068721
3,45,10,0.0048999996,0.073303804,0.027121231,0.038434535,0.0077480366,0.082342625,-0.0058821724,7.45984,-1.2500371,7.499582,-0.8311993,0.16468525,-0.011764345,0.19604728,-0.032851428,0.08802293,-0.009755827,251.5479,246.54654,331.46497,2.0812364,12.5009365,0.214881
3,46,10,0.0048999996,0.07829862,0.023363542,0.046935104,0.007999979,0.07642569,0.0013007242,8.243612,-1.2649755,7.6205387,-0.64446,0.15285137,0.0026014484,0.2166451,-0.033244014,0.0894426,-0.007564054,251.54955,246.53773,330.9557,1.9094355,12.5009365,0.19869788
3,47,10,0.0048999996,0.065143704,0.017696762,0.040190484,0.0072564576,0.06651459,-0.00019813915,7.6283455,-1.6356721,7.257776,-0.5963078,0.13302918,-0.0003962783,0.20047565,-0.042986054,0.08518484,-0.006998892,251.62851,246.73862,331.60858,2.2319798,12.5009365,0.19798242
3,48,10,0.0048999996,0.076337606,0.029422436,0.03996533,0.0069498424,0.08576485,-0.0047507472,7.606947,-1.3758255,7.102785,-0.75634974,0.1715297,-0.0095014945,0.19991331,-0.036157195,0.083365716,-0.008877311,251.74359,247.1994,332.30667,2.1321752,12.5009365,0.21746536
3,49,10,0.0048999996,0.06758342,0.02074994,0.040200952,0.006632532,0.0720242,0.0028819784,7.629338,-1.2866672,6.9387445,-0.6972832,0.1440484,0.005763957,0.20050175,-0.03381408,0.08144036,-0.0081840465,251.83858,247.72131,332.01413,1.9839504,12.497794,0.1926949
3,50,10,0.0048999996,0.06358359,0.021175485,0.03598187,0.0064262347,0.072758995,0.0008256038,7.217894,-1.420457,6.829981,-0.5581464,0.14551799,0.0016512076,0.18968888,-0.037330117,0.0801638,-0.006550986,251.95285,248.22603,332.94998,1.9786034,12.497794,0.19701591
3,51,10,0.0048999996,0.06772261,0.026330588,0.03534274,0.0060492856,0.081133515,-0.006604516,7.153504,-0.9679266,6.626639,-0.52564824,0.16226703,-0.013209032,0.18799666,-0.025437465,0.077777155,-0.006169559,251.99385,248.33943,333.46054,1.4935749,12.497794,0.21099623
3,52,10,0.0048999996,0.06420637,0.018802566,0.039393973,0.0060098306,0.068561226,0.0010028641,7.5523744,-0.9300093,6.6049924,-0.3571901,0.13712245,0.0020057282,0.19847915,-0.024440972,0.0775231,-0.004192359,251.9646,248.2242,332.85748,1.2871994,12.497794,0.17801549
3,53,10,0.0048999996,0.057294615,0.015336561,0.036085322,0.0058727306,0.061920434,-0.0025160888,7.2282634,-1.1338806,6.5292196,-0.3232655,0.12384087,-0.0050321775,0.18996137,-0.029798795,0.076633744,-0.003794182,252.01662,248.44855,333.76334,1.4571462,12.494634,0.1548766
3,54,10,0.0048999996,0.071219,0.028743766,0.036447763,0.0060274648,0.084769934,-0.006530004,7.264473,-1.2011455,6.614675,-0.4777453,0.16953987,-0.013060008,0.19091298,-0.03156653,0.07763675,-0.0056073186,252.0557,248.59381,334.20923,1.6788908,12.494634,0.19513407
3,55,10,0.0048999996,0.05894376,0.016066005,0.03705416,0.005823594,0.063375875,0.0011383742,7.324655,-1.2186023,6.5018477,-0.37465718,0.12675175,0.0022767484,0.19249457,-0.0320253,0.076312475,-0.004397369,252.05824,248.66568,333.74203,1.5932595,12.494634,0.15559988
3,56,10,0.0048999996,0.06077598,0.017537279,0.037294425,0.0059442725,0.0662142,-0.00073604746,7.348364,-1.4630321,6.5688686,-0.4891847,0.1324284,-0.0014720949,0.19311765,-0.03844901,0.07709911,-0.0057415855,252.09296,248.87038,334.27182,1.9522169,12.494634,0.16852467
3,57,10,0.0048999996,0.067339666,0.027101548,0.034180973,0.0060571427,0.08231274,-0.0073393295,7.0349474,-0.93234795,6.630941,-0.764086,0.16462548,-0.014678659,0.18488097,-0.024502436,0.07782765,-0.008968112,252.10942,248.9467,334.5927,1.696434,12.4915085,0.18403931
3,58,10,0.0048999996,0.06289924,0.019169627,0.03778218,0.0059474367,0.06922721,8.9894005e-5,7.3962607,-0.84830505,6.5706167,-0.7316366,0.13845442,0.00017978801,0.1943764,-0.022293765,0.077119626,-0.0085872505,252.09935,249.01233,333.98627,1.5799416,12.4915085,0.1602979
3,59,10,0.0048999996,0.06040246,0.01797303,0.036708284,0.005721145,0.06703176,-0.0022104196,7.2903886,-1.017204,6.4444027,-0.652932,0.13406353,-0.0044208393,0.19159406,-0.026732488,0.07563825,-0.007663492,252.13086,249.08733,334.43994,1.670136,12.4915085,0.1448822
3,60,10,0.0048999996,0.072540365,0.028297035,0.0382865,0.0059568305,0.08410861,-0.0089235995,7.44546,-0.8797204,6.5758033,-0.60020053,0.16821723,-0.017847199,0.19566937,-0.023119358,0.077180505,-0.0070445803,252.16438,249.14493,334.8848,1.4799209,12.4915085,0.18122092
3,61,10,0.0048999996,0.06395116,0.019224137,0.039040904,0.0056861187,0.06932557,0.00089468056,7.5184555,-0.70103395,6.4246445,-0.50100094,0.13865113,0.0017893611,0.19758771,-0.018423429,0.07540636,-0.00588027,252.18008,249.28015,334.3144,1.202035,12.488346,0.13107982
3,62,10,0.0048999996,0.056591295,0.015042635,0.035959464,0.0055891955,0.06132421,-0.0030151773,7.215647,-0.97986996,6.3696537,-0.34699133,0.12264842,-0.0060303546,0.18962981,-0.025751341,0.07476092,-0.004072652,252.23648,249.35081,335.02805,1.3268613,12.488346,0.12448972
3,63,10,0.0048999996,0.06564389,0.024001922,0.03606213,0.0055798437,0.07746277,-0.007268202,7.2259398,-0.7672959,6.364323,-0.24876143,0.15492554,-0.014536404,0.18990031,-0.020164812,0.07469835,-0.0029197251,252.32121,249.5472,335.47574,1.0160574,12.488346,0.16777517
3,64,10,0.0048999996,0.0577614,0.015996609,0.03607742,0.0056873728,0.06323885,0.00078061974,7.227472,-0.6707448,6.4253545,-0.11558813,0.1264777,0.0015612395,0.18994057,-0.017627414,0.07541467,-0.0013566634,252.36151,249.72375,334.9797,0.7863329,12.488346,0.14664951
3,65,10,0.0048999996,0.053187042,0.016007207,0.03169416,0.005485676,0.063259795,0.00029487608,6.7742047,-0.43237913,6.3103914,-0.051393818,0.12651959,0.00058975216,0.17802854,-0.011363075,0.07406535,-0.0006032109,252.43924,249.99785,335.88525,0.48377293,12.485197,0.1347699
3,66,10,0.0048999996,0.061950795,0.022381159,0.034084767,0.0054848706,0.07480167,-0.0062923045,7.0250406,-0.14717695,6.3099275,-0.309865,0.14960334,-0.012584609,0.1846206,-0.0038678658,0.07405991,-0.0036368996,252.47223,250.0988,336.23456,0.45704195,12.485197,0.14002831
3,67,10,0.0048999996,0.0569857,0.017826812,0.03370871,0.005450176,0.06675854,0.0020629182,6.98618,-0.21751192,6.28994,-0.30475885,0.13351709,0.0041258363,0.18359932,-0.0057162927,0.07382531,-0.0035769665,252.44382,250.10637,335.35086,0.5222708,12.485197,0.11795724
3,68,10,0.0048999996,0.051238693,0.017279861,0.028683268,0.005275561,0.065726444,-0.0015619594,6.444407,-0.29552403,6.1883597,-0.32800347,0.13145289,-0.0031239188,0.16936135,-0.007766477,0.07263306,-0.0038497914,252.46022,250.17587,335.7938,0.6235275,12.485197,0.11058458
3,69,10,0.0048999996,0.062392086,0.02877001,0.028355576,0.0052665006,0.084808625,-0.007278706,6.40749,0.17515717,6.183043,-0.6108677,0.16961725,-0.014557412,0.16839114,0.0046031955,0.07257066,-0.0071697826,252.46709,250.19391,336.07413,0.4357105,12.482097,0.14201564
3,70,10,0.0048999996,0.057867806,0.019038172,0.033362884,0.005466748,0.06898944,0.0022643548,6.9502506,0.118905716,6.2994957,-0.3701681,0.13797888,0.0045287097,0.1826551,0.0031248862,0.07393746,-0.0043446794,252.44557,250.12852,335.468,0.25126237,12.482097,0.11264835
3,71,10,0.0048999996,0.05382201,0.016602261,0.031511746,0.0057080025,0.06442488,0.0006244282,6.754682,-0.08880601,6.4369965,-0.23538116,0.12884976,0.0012488564,0.17751548,-0.002333855,0.07555132,-0.002762679,252.50267,250.21667,335.96765,0.32418716,12.482097,0.1321679
3,72,10,0.0048999996,0.06350516,0.027214037,0.030349996,0.005941126,0.08248339,-0.0048549753,6.629,-0.1883418,6.5671296,-0.4060255,0.16496678,-0.009709951,0.1742125,-0.0049496917,0.0770787,-0.00476554,252.60669,250.68526,336.59027,0.59436727,12.482097,0.15456642
3,73,10,0.0048999996,0.057155013,0.01867123,0.032694843,0.005788941,0.068321355,0.0028200492,6.880315,0.26727718,6.482475,-0.3828916,0.13664271,0.0056400984,0.18081716,0.00702414,0.07608509,-0.004494013,252.62003,250.89775,336.0598,0.115614414,12.47905,0.1231616
3,74,10,0.0048999996,0.055439122,0.017130405,0.032398548,0.005910169,0.065441586,-0.00056480593,6.8490677,-0.008412732,6.549998,-0.37482706,0.13088317,-0.0011296119,0.17999597,-0.00022108988,0.076877624,-0.0043993606,252.62042,250.80916,336.55533,0.38323978,12.47905,0.12312618
3,75,10,0.0048999996,0.063019186,0.027266722,0.029750723,0.006001741,0.08256319,-0.008391573,6.563227,-0.015008141,6.6005464,-0.47249046,0.16512638,-0.016783146,0.17248398,-0.00039442003,0.077470906,-0.0055456404,252.62744,250.76614,337.04892,0.4874986,12.47905,0.15371324
3,76,10,0.0048999996,0.060381696,0.020466896,0.033848263,0.006066538,0.07153128,0.0025123183,7.0006256,-0.016070314,6.6360807,-0.17287037,0.14306256,0.0050246366,0.18397897,-0.0004223342,0.07788798,-0.0020289873,252.58578,250.63786,336.35535,0.18894067,12.47905,0.13179678
3,77,10,0.0048999996,0.05243276,0.017493885,0.028831178,0.0061076945,0.066132225,0.000609027,6.461002,0.34872067,6.6585526,-0.15046935,0.13226445,0.001218054,0.16979747,0.009164505,0.07815174,-0.0017660651,252.64636,250.79976,336.76843,-0.19825132,12.476038,0.13902467
3,78,10,0.0048999996,0.06527399,0.030386033,0.02841708,0.0064708814,0.08715795,-0.005040514,6.4144344,0.4138919,6.853666,-0.2766864,0.1743159,-0.010081028,0.16857366,0.01087723,0.08044179,-0.0032474801,252.73405,251.09273,337.33258,-0.13720551,12.476038,0.1781886
3,79,10,0.0048999996,0.057979107,0.018947043,0.032554764,0.006477299,0.06882413,0.0033909476,6.8655596,0.37040228,6.8570642,-0.12061248,0.13764825,0.006781895,0.18042938,0.0097343065,0.08048167,-0.001415635,252.76604,251.29608,336.86667,-0.2497898,12.476038,0.15457524
3,80,10,0.0048999996,0.054960318,0.018026184,0.030734202,0.006199935,0.06713081,0.0009686116,6.6708264,0.38209334,6.7086444,-0.024474867,0.13426162,0.0019372232,0.17531173,0.010041551,0.078739665,-0.00028726007,252.81131,251.40747,337.33673,-0.35761848,12.476038,0.1617975
3,81,10,0.0048999996,0.057728164,0.023610901,0.028307108,0.0058101583,0.076829195,-0.0041518942,6.402011,0.7100232,6.4943423,-0.06839768,0.15365839,-0.0083037885,0.16824716,0.018659666,0.076224394,-0.0008027861,252.85641,251.52513,337.98224,-0.6416255,12.473101,0.1523649
3,82,10,0.0048999996,0.057769958,0.02174973,0.030465715,0.0055545173,0.07373895,0.004925481,6.641625,0.55710554,6.349864,0.0062213475,0.1474779,0.009850962,0.1745443,0.014640936,0.074528635,7.3017494e-5,252.82266,251.47992,337.3626,-0.5633269,12.473101,0.1324781
3,83,10,0.0048999996,0.058254555,0.022167198,0.030242203,0.00584515,0.074443266,0.0013210089,6.617217,0.6464005,6.51387,0.04900414,0.14888653,0.0026420178,0.17390285,0.016987637,0.07645358,0.000575165,252.82005,251.38727,337.58136,-0.69540465,12.473101,0.12677139
3,84,10,0.0048999996,0.0628012,0.029220538,0.027103512,0.0064771506,0.08547008,-0.0057424908,6.2644286,0.8891842,6.856985,-0.1918577,0.17094016,-0.0114849815,0.16463144,0.023368081,0.08048075,-0.0022518442,252.86356,251.51193,337.87985,-0.6973265,12.473101,0.15831433
3,85,10,0.0048999996,0.057497505,0.02139825,0.029803699,0.006295557,0.0731407,0.004449326,6.569068,0.87634754,6.76018,-0.099661626,0.1462814,0.008898652,0.17263748,0.023030732,0.07934455,-0.0011697345,252.8941,251.78139,337.23886,-0.7766859,12.470193,0.15184954
3,86,10,0.0048999996,0.053998657,0.017224757,0.030893385,0.0058805123,0.06562156,0.0012999171,6.6880794,0.61878,6.5335436,-0.10177628,0.13124312,0.0025998342,0.17576514,0.016261766,0.0766845,-0.0011945553,252.96349,252.05415,337.9791,-0.5170037,12.470193,0.13952278
3,87,10,0.0048999996,0.06317215,0.02897907,0.028396133,0.0057969424,0.0851162,-0.00504272,6.4120703,0.55827975,6.4869523,-0.28614518,0.1702324,-0.01008544,0.16851152,0.014671794,0.076137654,-0.0033585008,253.02887,252.29054,338.70444,-0.27213457,12.470193,0.15706839
3,88,10,0.0048999996,0.056542695,0.021501144,0.029140783,0.0059007653,0.07331634,0.0012189451,6.4956,0.42440635,6.544785,-0.04599785,0.14663269,0.0024378903,0.17070672,0.011153554,0.07681644,-0.0005398808,253.01689,252.35718,338.10385,-0.3784085,12.470193,0.15031494
3,89,10,0.0048999996,0.055517957,0.02210479,0.027308505,0.0061046625,0.0743384,0.0030213955,6.2880726,0.32334468,6.6569,0.0016336152,0.1486768,0.006042791,0.16525285,0.008497617,0.07813234,1.9172225e-5,253.0222,252.25757,338.3807,-0.3249783,12.467268,0.12345562
3,90,10,0.0048999996,0.06324433,0.025892962,0.030624889,0.006726481,0.08045645,-0.0022360242,6.658953,0.50852615,6.9877152,0.03730057,0.1609129,-0.0044720485,0.17499968,0.013364258,0.08201513,0.0004377955,253.02187,252.14798,338.41342,-0.54582673,12.467268,0.11985475
3,91,10,0.0048999996,0.057820484,0.020507254,0.030602222,0.006711008,0.07160177,0.005758978,6.656489,0.4895938,6.979673,0.07425798,0.14320354,0.011517956,0.17493491,0.012866699,0.08192074,0.0008715668,252.95912,251.9175,337.56052,-0.5638518,12.467268,0.12931418
3,92,10,0.0048999996,0.055693716,0.018740695,0.03054551,0.0064075086,0.06844833,0.0010708022,6.6503167,0.5583364,6.820022,-0.116504475,0.13689665,0.0021416044,0.17477274,0.014673279,0.080046915,-0.0013674184,252.94739,251.81505,337.75388,-0.4418319,12.467268,0.12854882
3,93,10,0.0048999996,0.06555527,0.026584378,0.032749116,0.006221773,0.08152358,-0.005000276,6.8860226,0.7439045,6.7204485,-0.2699046,0.16304716,-0.010000552,0.18096717,0.01955008,0.07887822,-0.0031678833,252.98833,251.93741,338.29822,-0.47399986,12.464358,0.13760291
3,94,10,0.0048999996,0.05651852,0.01913811,0.030949345,0.006431064,0.06917028,0.002771216,6.6941338,0.5397195,6.8325467,-0.10157267,0.13834056,0.005542432,0.17592426,0.0141840195,0.080193914,-0.0011921639,253.01018,252.16016,337.76343,-0.43814686,12.464358,0.13676415
3,95,10,0.0048999996,0.0582248,0.022409715,0.029411519,0.006403568,0.074849375,0.0008958542,6.5257044,0.41484344,6.8179255,-0.048799302,0.14969875,0.0017917084,0.17149787,0.010902229,0.0800223,-0.0005727585,253.07173,252.35953,338.34146,-0.36604413,12.464358,0.13201433
3,96,10,0.0048999996,0.060622357,0.023748854,0.030057468,0.006816037,0.077053316,-0.0039424594,6.596976,0.52058357,7.0340786,-0.015613055,0.15410663,-0.007884919,0.1733709,0.013681116,0.082559295,-0.00018325237,253.16075,252.71826,339.0607,-0.5049705,12.464358,0.15122177
3,97,10,0.0048999996,0.054769576,0.019092597,0.028977305,0.006699674,0.06908798,0.005325921,6.4773545,0.2595984,6.973777,0.007284762,0.13817596,0.010651842,0.17022721,0.00682234,0.081851535,8.550196e-5,253.1813,252.89249,338.4374,-0.26688316,12.461422,0.11810895
3,98,10,0.0048999996,0.05836883,0.019711459,0.032371048,0.0062863207,0.07019875,0.003208863,6.8461595,0.06541335,6.7552195,-0.046444055,0.1403975,0.006417726,0.17991956,0.0017190775,0.07928632,-0.0005451164,253.21243,252.93265,338.85336,-0.018969294,12.461422,0.120254695
3,99,10,0.0048999996,0.07084429,0.02942967,0.03501276,0.0064018667,0.08577539,-0.002100748,7.12003,0.19621184,6.817019,-0.03266606,0.17155078,-0.004201496,0.18711697,0.005156529,0.080011666,-0.00038339995,253.27376,253.10898,339.44666,-0.16354579,12.461422,0.11573881
3,100,10,0.0048999996,0.06033073,0.020583043,0.032707408,0.007040281,0.07173396,0.004973153,6.8816366,0.33103836,7.14885,0.054882858,0.14346792,0.009946306,0.18085189,0.008699817,0.08390638,0.00064416,253.27869,253.26709,338.87833,-0.3859212,12.461422,0.118413605
4,1,10,0.0034299996,0.07840113,0.028779298,0.042371146,0.0072506918,0.08482231,0.011783483,7.8325605,0.24031113,7.254892,1.917542,0.16964462,0.023566967,0.20584252,0.0063154623,0.085150994,0.022506278,253.35626,252.36699,337.98676,-2.1578531,12.45846,0.24773824
4,2,10,0.0034299996,0.08480271,0.032868486,0.044641495,0.007292726,0.09064834,0.00910185,8.039666,0.27957538,7.2758904,1.924377,0.18129668,0.0182037,0.21128534,0.007347353,0.08539746,0.022586502,253.34827,252.25085,338.34317,-2.2039523,12.45846,0.2454605
4,3,10,0.0034299996,0.08713008,0.03389377,0.046290956,0.006945348,0.092051305,0.0025670624,8.186849,0.4915027,7.1004887,1.610187,0.18410261,0.005134125,0.21515334,0.012916873,0.08333875,0.018898847,253.33511,252.29935,338.35196,-2.1016898,12.45846,0.23153548
4,4,10,0.0034299996,0.0738596,0.025217991,0.042030156,0.0066114548,0.07940087,0.010473666,7.80098,0.6809559,6.9277105,1.5635467,0.15880173,0.020947332,0.20501257,0.017895758,0.08131085,0.018351423,253.26416,252.08453,337.28528,-2.2445025,12.45846,0.22951025
4,5,10,0.0034299996,0.07505875,0.030747496,0.038213864,0.006097388,0.08767482,0.009019194,7.438394,0.56453604,6.652932,1.4790555,0.17534964,0.018038388,0.19548367,0.014836205,0.07808577,0.017359743,253.2318,251.81696,337.4919,-2.0435915,12.456336,0.25407088
4,6,10,0.0034299996,0.078956075,0.034065615,0.039083526,0.0058069285,0.09228437,0.0025919972,7.522558,0.66691166,6.4925375,1.309604,0.18456873,0.0051839943,0.19769554,0.017526679,0.076203205,0.015370884,253.20906,251.72624,337.7586,-1.9765158,12.456336,0.23913103
4,7,10,0.0034299996,0.07589085,0.03246234,0.0378058,0.0056227096,0.09008654,0.011275345,7.398572,0.6336463,6.3887234,1.3897486,0.18017308,0.02255069,0.19443713,0.016652452,0.07498473,0.016311543,253.10828,251.39401,336.84003,-2.0233948,12.456336,0.25515035
4,8,10,0.0034299996,0.07079779,0.028049838,0.036942407,0.005805548,0.08374043,0.009343872,7.3136015,0.35151735,6.4917655,1.3407657,0.16748086,0.018687744,0.19220407,0.00923799,0.076194145,0.015736626,253.0307,250.98048,336.80295,-1.692283,12.456336,0.2867782
4,9,10,0.0034299996,0.078058615,0.03417044,0.03825076,0.0056374124,0.09242624,0.0029093528,7.441983,0.40568057,6.39707,1.0153476,0.18485248,0.0058187055,0.19557801,0.010661438,0.075082704,0.011917181,252.94926,250.54605,336.48825,-1.4210281,12.454171,0.25174555
4,10,10,0.0034299996,0.06838535,0.024664314,0.038142264,0.005578771,0.07852438,0.011017097,7.4314218,0.37959397,6.363711,1.1261376,0.15704876,0.022034194,0.19530044,0.009975874,0.07469117,0.013217528,252.87267,250.30019,335.57263,-1.5057316,12.454171,0.2311526
4,11,10,0.0034299996,0.068681434,0.02762972,0.035721675,0.0053300443,0.08311095,0.0095610935,7.1917496,0.37374887,6.220233,1.2056602,0.1662219,0.019122187,0.18900178,0.0098222485,0.07300715,0.01415089,252.84154,250.10715,335.86786,-1.5794091,12.454171,0.24498428
4,12,10,0.0034299996,0.07486312,0.0331172,0.03657637,0.0051695504,0.09099066,0.002548626,7.277279,0.629103,6.1258683,0.9548224,0.18198133,0.005097252,0.1912495,0.016533056,0.071899585,0.011206795,252.8206,250.06392,335.95132,-1.5839255,12.454171,0.23868012
4,13,10,0.0034299996,0.061464127,0.02263698,0.033901602,0.004925544,0.07522795,0.009452964,7.0061393,0.36678323,5.979548,0.9124488,0.1504559,0.018905928,0.18412387,0.009639186,0.07018222,0.0107094515,252.76717,249.92679,335.2134,-1.279232,12.451984,0.19746836
4,14,10,0.0034299996,0.058471464,0.024005838,0.029433295,0.0050323326,0.07746909,0.008061842,6.52812,0.41798323,6.0440197,0.8353275,0.15493818,0.016123684,0.17156135,0.010984753,0.07093894,0.009804279,252.74771,249.84572,335.44153,-1.2533107,12.451984,0.22156239
4,15,10,0.0034299996,0.059824783,0.027108364,0.027832454,0.004883963,0.08232309,0.0022816807,6.3481092,0.6426547,5.954255,0.5926427,0.16464618,0.0045633614,0.16683061,0.016889194,0.06988536,0.0069558728,252.69843,249.6934,335.5381,-1.2352974,12.451984,0.19894047
4,16,10,0.0034299996,0.056571368,0.026359249,0.02570275,0.004509372,0.08117766,0.010062739,6.100403,0.8192102,5.7213597,0.5906463,0.16235532,0.020125479,0.16032077,0.021529146,0.06715186,0.006932443,252.5936,249.31297,334.5628,-1.4098566,12.451984,0.21199384
4,17,10,0.0034299996,0.052046917,0.021402178,0.025753153,0.004891586,0.073147416,0.0040248777,6.106381,0.8654682,5.9588995,0.48761067,0.14629483,0.008049755,0.16047789,0.02274482,0.069939874,0.005723107,252.5349,249.01219,334.61243,-1.3530788,12.44979,0.1537115
4,18,10,0.0034299996,0.05831712,0.02428171,0.028995084,0.0050403285,0.07791295,-0.00039555403,6.4793415,0.7844182,6.048819,0.31897885,0.1558259,-0.00079110806,0.17027943,0.020614795,0.07099527,0.0037438688,252.51701,248.96695,334.53204,-1.1033971,12.44979,0.14364806
4,19,10,0.0034299996,0.05402038,0.02058331,0.028140618,0.0052964487,0.07173442,0.00746135,6.3831563,0.3471551,6.2005982,0.33101133,0.14346884,0.0149227,0.16775165,0.00912336,0.072776705,0.0038850948,252.48843,249.00853,333.96796,-0.6781664,12.44979,0.13540825
4,20,10,0.0034299996,0.054655965,0.020069089,0.028891671,0.005695206,0.07083271,0.005307243,6.467777,0.12761603,6.429777,0.25795364,0.14166541,0.010614486,0.1699755,0.003353792,0.07546659,0.0030276126,252.45331,248.75916,334.16833,-0.3855697,12.44979,0.13769318
4,21,10,0.0034299996,0.06347637,0.023828724,0.03357105,0.006076593,0.07718278,-0.0016168773,6.9719,0.3023295,6.6415777,-0.08941588,0.15436555,-0.0032337545,0.18322404,0.007945325,0.077952504,-0.00104948,252.40974,248.50383,333.9279,-0.21291363,12.447536,0.1481693
4,22,10,0.0034299996,0.06376171,0.023824217,0.033306256,0.006631241,0.077175476,0.004656088,6.9443502,0.26021126,6.938069,-0.086984865,0.15435095,0.009312176,0.18250002,0.0068384456,0.08143243,-0.001020945,252.37904,248.45071,333.0651,-0.17322639,12.447536,0.15555568
4,23,10,0.0034299996,0.058754176,0.02136486,0.0305515,0.006837815,0.07308362,0.0044796634,6.650969,-0.017875286,7.0453057,-0.0530141,0.14616723,0.008959327,0.17478988,-0.0004697761,0.08269108,-0.0006222281,252.37062,248.43562,333.41544,0.07088938,12.447536,0.14179912
4,24,10,0.0034299996,0.060133006,0.023150684,0.030301506,0.006680815,0.076076746,-0.00025365525,6.6237025,0.11967037,6.963955,-0.22351184,0.15215349,-0.0005073105,0.17407328,0.0031449723,0.08173625,-0.0026233678,252.34073,248.34448,333.54758,0.103841476,12.447536,0.1690089
4,25,10,0.0034299996,0.059032887,0.02286185,0.029543597,0.0066274423,0.075600676,0.0047438717,6.540341,-0.04134211,6.9360814,-0.4487844,0.15120135,0.0094877435,0.17188251,-0.0010864903,0.081409104,-0.0052674017,252.28072,248.17442,332.76492,0.49012652,12.445194,0.21277525
4,26,10,0.0034299996,0.05778407,0.022449756,0.028241606,0.007092706,0.074916214,0.0025932884,6.3945994,-0.024673887,7.1754184,-0.540568,0.14983243,0.005186577,0.16805239,-0.0006484359,0.084218204,-0.006344668,252.26022,248.1139,332.83475,0.5652419,12.445194,0.21998328
4,27,10,0.0034299996,0.062375035,0.025607772,0.02937444,0.007392824,0.08001214,-0.0024803134,6.5215898,0.3791307,7.325654,-0.801923,0.16002429,-0.004960627,0.17138973,0.009963694,0.08598153,-0.009412206,252.20871,247.89244,332.628,0.4227923,12.445194,0.26888576
4,28,10,0.0034299996,0.063408315,0.027366323,0.02871713,0.007324856,0.08271385,0.004586148,6.4482102,0.34839106,7.2919006,-0.627162,0.1654277,0.009172296,0.1694613,0.009155842,0.08558537,-0.0073610293,252.15442,247.72441,332.00717,0.27877092,12.445194,0.2529591
4,29,10,0.0034299996,0.055812605,0.02396781,0.024437314,0.007407481,0.0774077,0.0013924072,5.948334,0.13567972,7.3329124,-0.5745083,0.1548154,0.0027848145,0.15632439,0.0035657142,0.08606672,-0.0067430306,252.15778,247.70703,332.65665,0.4388286,12.442727,0.26955855
4,30,10,0.0034299996,0.055057213,0.024600398,0.022797637,0.0076591796,0.07842257,-0.0043403893,5.745312,0.15008342,7.456454,-0.64592606,0.15684514,-0.008680779,0.15098886,0.0039442484,0.08751674,-0.0075812633,252.14694,247.7021,332.83286,0.49584264,12.442727,0.3005533
4,31,10,0.0034299996,0.058885477,0.02542537,0.025464356,0.007995753,0.07972667,0.0026556987,6.0720453,-0.03663431,7.618525,-0.6904241,0.15945335,0.0053113974,0.15957555,-0.0009627601,0.08941897,-0.008103537,252.11761,247.73686,332.0935,0.7270584,12.442727,0.30047393
4,32,10,0.0034299996,0.056465656,0.023435459,0.024830697,0.008199498,0.07654322,0.000987946,5.9960213,0.1338382,7.7149806,-0.739012,0.15308644,0.001975892,0.15757759,0.0035173164,0.09055108,-0.008673819,252.09839,247.54712,332.18198,0.6051738,12.442727,0.30455
4,33,10,0.0034299996,0.056431778,0.023074152,0.025396613,0.0079610115,0.07595089,-0.0033810497,6.0639634,0.26689962,7.601956,-0.91304755,0.15190178,-0.0067620995,0.15936315,0.007014218,0.0892245,-0.010716479,252.0937,247.50995,332.35495,0.64614797,12.440147,0.27716622
4,34,10,0.0034299996,0.05687771,0.021767367,0.027016595,0.008093749,0.07376884,0.0025236346,6.2543764,0.0063837804,7.665069,-0.8401182,0.14753768,0.005047269,0.16436726,0.00016776781,0.08996527,-0.0098605035,252.08945,247.5992,331.8681,0.83373445,12.440147,0.29278982
4,35,10,0.0034299996,0.051991493,0.019751389,0.02437139,0.007868714,0.070269816,0.00076340337,5.9403057,-0.19174872,7.55776,-0.7299394,0.14053963,0.0015268067,0.15611339,-0.005039227,0.08870577,-0.008567326,252.10393,247.64555,332.56946,0.92168814,12.440147,0.26131848
4,36,10,0.0034299996,0.05672528,0.021887777,0.02622264,0.008614861,0.07397259,-0.0031187965,6.16179,0.012538197,7.9079766,-0.78949773,0.14794518,-0.006237593,0.16193406,0.00032950877,0.09281628,-0.009266369,252.10942,247.66112,332.6602,0.77695954,12.440147,0.2801231
4,37,10,0.0034299996,0.0560727,0.020932116,0.026308367,0.008832221,0.07233968,0.0045026564,6.1718535,0.15632431,8.007116,-0.76194245,0.14467935,0.009005313,0.16219854,0.0041082595,0.093979895,-0.008942957,252.08424,247.63539,331.93335,0.6056181,12.437541,0.20243037
4,38,10,0.0034299996,0.054613836,0.019002205,0.026215093,0.009396538,0.06892424,0.0017551796,6.1609035,0.25445357,8.258956,-0.7092507,0.13784848,0.0035103592,0.16191076,0.0066871336,0.09693574,-0.008324508,252.07117,247.52625,332.29404,0.45479712,12.437541,0.18624593
4,39,10,0.0034299996,0.06104883,0.023388516,0.027727803,0.009932514,0.07646652,-0.00205922,6.336164,0.34294507,8.491234,-0.9164136,0.15293305,-0.00411844,0.16651668,0.009012717,0.099662,-0.010755992,252.02377,247.39687,332.15717,0.57346857,12.437541,0.22393729
4,40,10,0.0034299996,0.05750179,0.0214288,0.02620813,0.009864859,0.073192894,0.0048540705,6.1600857,0.059871983,8.462266,-0.86292166,0.14638579,0.009708141,0.16188926,0.001573459,0.099322,-0.010128153,251.91707,247.00693,331.24557,0.8030497,12.437541,0.2088983
4,41,10,0.0034299996,0.055666663,0.020105546,0.026132269,0.009428848,0.07089701,0.00418574,6.151163,-0.21046583,8.273143,-0.8923516,0.14179403,0.00837148,0.16165479,-0.00553112,0.097102255,-0.0104735745,251.90335,246.8662,331.49045,1.1028174,12.43499,0.11546785
4,42,10,0.0034299996,0.06481657,0.023598809,0.03125575,0.00996201,0.07680952,0.000441626,6.727189,-0.07857363,8.503832,-1.126993,0.15361904,0.000883252,0.17679296,-0.002064941,0.09980987,-0.013227562,251.91483,246.88274,331.3671,1.2055665,12.43499,0.17201376
4,43,10,0.0034299996,0.06404975,0.022244757,0.031251907,0.010553088,0.07457338,0.0075730183,6.7267756,-0.11898816,8.752477,-1.0983824,0.14914677,0.015146037,0.17678209,-0.0031270506,0.102728225,-0.012891762,251.93178,246.99187,330.81467,1.2173705,12.43499,0.15659685
4,44,10,0.0034299996,0.06516481,0.02130681,0.033337925,0.010520077,0.07298426,0.005862217,6.947651,0.15606709,8.738777,-1.0697533,0.14596853,0.011724434,0.18258676,0.0041014943,0.10256743,-0.012555747,251.95688,247.05414,331.3346,0.9136862,12.43499,0.12801644
4,45,10,0.0034299996,0.06911249,0.021694908,0.03655677,0.010860809,0.07364596,0.00275742,7.2753286,0.54642326,8.8791685,-1.2176872,0.14729191,0.00551484,0.19119824,0.014360206,0.104215205,-0.014292055,251.97987,247.24567,331.3374,0.671264,12.432523,0.14771356
4,46,10,0.0034299996,0.068896666,0.02094457,0.03704588,0.010906219,0.07236119,0.009167302,7.323836,0.5011448,8.897712,-1.0726479,0.14472239,0.018334605,0.19247307,0.01317027,0.10443284,-0.012589719,251.98466,247.37283,330.87827,0.5715031,12.432523,0.14379781
4,47,10,0.0034299996,0.06886255,0.022227995,0.03542381,0.0112107415,0.07454528,0.007825502,7.161703,0.47984406,9.021077,-1.0367616,0.14909056,0.015651004,0.18821214,0.012610469,0.10588079,-0.012168517,251.95894,247.18726,331.05148,0.55691755,12.432523,0.14340857
4,48,10,0.0034299996,0.067838416,0.023267701,0.03348724,0.01108347,0.07626877,0.002987047,6.963192,0.6604609,8.969725,-0.9924708,0.15253754,0.005974094,0.1829952,0.017357146,0.10527806,-0.011648676,251.93413,247.07166,330.95132,0.3320099,12.432523,0.15044186
4,49,10,0.0034299996,0.073985614,0.026824886,0.036104295,0.011056429,0.08189152,0.011651595,7.2301636,0.37613216,8.958775,-1.0398319,0.16378304,0.02330319,0.19001131,0.009884883,0.10514955,-0.012204554,251.9034,247.05031,330.1131,0.66369975,12.430209,0.16920382
4,50,10,0.0034299996,0.07100077,0.025030548,0.035713855,0.010256361,0.07910523,0.008461529,7.1909637,0.36974475,8.628551,-1.0061194,0.15821046,0.016923059,0.1889811,0.009717024,0.10127369,-0.011808867,251.95415,247.22858,330.786,0.6363746,12.430209,0.16697331
4,51,10,0.0034299996,0.077479385,0.027865745,0.039485075,0.010128565,0.08346518,0.0044299974,7.5611024,0.43172848,8.574626,-0.96551913,0.16693036,0.008859995,0.19870852,0.011345974,0.100640774,-0.011332342,252.02415,247.57295,331.32812,0.53379065,12.430209,0.17080288
4,52,10,0.0034299996,0.07616286,0.024724057,0.04107522,0.010363583,0.07861943,0.010569737,7.7118497,0.28838032,8.673536,-0.9205657,0.15723886,0.021139475,0.20267022,0.0075787343,0.101801686,-0.010804719,252.09026,247.98497,331.2054,0.6321854,12.430209,0.1521472
4,53,10,0.0034299996,0.06840843,0.024433978,0.033850178,0.010124274,0.07815686,0.007789551,7.0008235,0.12857634,8.572809,-0.78172165,0.15631372,0.015579102,0.18398418,0.0033790271,0.10061945,-0.009175104,252.17242,248.26228,331.8618,0.6531453,12.428058,0.19389185
4,54,10,0.0034299996,0.0708543,0.023785565,0.03629222,0.01077651,0.077112846,0.004828892,7.2489557,0.16258825,8.844643,-0.699478,0.15422569,0.009657784,0.19050518,0.0042728824,0.103809975,-0.008209803,252.22166,248.34761,332.10434,0.53688973,12.428058,0.176715
4,55,10,0.0034299996,0.072367296,0.024082448,0.037324615,0.010960229,0.077592604,0.010100802,7.3513374,0.17353089,8.919715,-0.57363784,0.15518521,0.020201605,0.19319579,0.0045604585,0.10469111,-0.006732814,252.24928,248.55414,331.7701,0.40010697,12.428058,0.18315098
4,56,10,0.0034299996,0.066066585,0.023615343,0.032774296,0.00967695,0.07683642,0.008258371,6.8886695,0.27334487,8.381283,-0.6225699,0.15367284,0.016516741,0.18103673,0.0071836025,0.09837149,-0.0073071322,252.29033,248.73213,332.77676,0.34922504,12.428058,0.19406733
4,57,10,0.0034299996,0.06463379,0.025139878,0.02999911,0.0094948,0.0792778,0.0040699765,6.5905685,0.05628428,8.302026,-0.63662726,0.1585556,0.008139953,0.17320251,0.0014791657,0.09744126,-0.007472124,252.26682,248.69275,333.1391,0.580343,12.426133,0.23685601
4,58,10,0.0034299996,0.062217005,0.02272664,0.029902605,0.009587756,0.07537679,0.009979152,6.5799584,-0.06533975,8.3425665,-0.55023736,0.15075357,0.019958304,0.1729237,-0.001717158,0.09791709,-0.006458161,252.16371,248.28264,332.3623,0.6155771,12.426133,0.25358862
4,59,10,0.0034299996,0.061887216,0.022820627,0.02991867,0.009147915,0.07553249,0.007898199,6.581726,0.02242726,8.148962,-0.5154581,0.15106498,0.015796399,0.17297015,0.0005893948,0.095644735,-0.0060499543,252.10089,247.90767,332.39874,0.49303085,12.426133,0.27600333
4,60,10,0.0034299996,0.06848139,0.02617801,0.032243263,0.010060123,0.0808981,0.003395108,6.832634,-0.12022547,8.545606,-0.67221576,0.1617962,0.006790216,0.17956409,-0.0031595735,0.10030016,-0.007889833,252.08742,247.96666,332.2627,0.79244125,12.426133,0.24781209
4,61,10,0.0034299996,0.06824142,0.023078298,0.03464861,0.0105145145,0.075957716,0.009780285,7.0829086,-0.52953446,8.736467,-0.6760982,0.15191543,0.01956057,0.18614137,-0.013916362,0.10254031,-0.007935396,252.06924,248.01373,331.60602,1.2056327,12.42438,0.21843041
4,62,10,0.0034299996,0.06686758,0.021771597,0.035026953,0.010069034,0.07377601,0.0075924485,7.1214724,-0.41524953,8.54939,-0.78927934,0.14755201,0.015184897,0.18715489,-0.01091291,0.100344576,-0.009263802,252.1021,248.03947,332.06897,1.2045288,12.42438,0.21607424
4,63,10,0.0034299996,0.07422962,0.02653939,0.036969922,0.010720304,0.081454575,0.0034756854,7.3163238,-0.16621491,8.8215475,-0.78970504,0.16290915,0.0069513707,0.19227564,-0.0043681874,0.1035389,-0.009268803,252.12251,248.17725,332.29282,0.95592,12.42438,0.20246013
4,64,10,0.0034299996,0.06754602,0.022384137,0.034181446,0.010980434,0.074806646,0.009485287,7.0349965,-0.13456233,8.927936,-0.8882577,0.14961329,0.018970573,0.18488225,-0.0035363424,0.104787566,-0.010425522,252.09627,248.16382,331.50067,1.02282,12.42438,0.19273265
4,65,10,0.0034299996,0.069257885,0.025549898,0.033431403,0.01027659,0.07992168,0.006483326,6.957384,-0.34215108,8.637056,-0.8646624,0.15984336,0.012966652,0.18284257,-0.008991853,0.101373516,-0.0101485755,252.10751,248.12457,331.92834,1.2068135,12.422799,0.15529372
4,66,10,0.0034299996,0.07469514,0.026524905,0.03798693,0.010183304,0.08143234,0.0033345395,7.4162745,-0.24884018,8.597764,-0.7133938,0.16286469,0.006669079,0.19490236,-0.006539612,0.100912355,-0.008373133,252.12662,248.24408,332.32788,0.962234,12.422799,0.1728137
4,67,10,0.0034299996,0.07289699,0.02591068,0.03716024,0.009826067,0.08048397,0.008192756,7.335132,-0.49637666,8.44561,-0.5908542,0.16096795,0.016385512,0.19276991,-0.0130449645,0.09912652,-0.006934885,252.14398,248.35973,331.99896,1.0872309,12.422799,0.16710575
4,68,10,0.0034299996,0.06713566,0.023444999,0.0344942,0.009196463,0.0765588,0.006793086,7.067107,-0.7265443,8.170557,-0.6265314,0.1531176,0.013586172,0.18572614,-0.019093849,0.09589819,-0.0073536322,252.20616,248.50624,332.74573,1.3530757,12.422799,0.18711236
4,69,10,0.0034299996,0.07095989,0.028518623,0.033248134,0.009193129,0.08443729,0.00058683543,6.9382877,-0.63204193,8.169075,-0.69535285,0.16887458,0.0011736709,0.18234071,-0.016610293,0.09588081,-0.008161392,252.21417,248.59839,332.82962,1.3273947,12.421354,0.16243055
4,70,10,0.0034299996,0.06661799,0.022382608,0.03512056,0.009114816,0.07480409,0.0071313395,7.1309834,-0.3427786,8.134207,-0.52469456,0.14960818,0.014262679,0.18740481,-0.009008342,0.095471546,-0.0061583566,252.23015,248.70297,332.2264,0.8674731,12.421354,0.14014019
4,71,10,0.0034299996,0.06489533,0.021176213,0.034737006,0.008982116,0.07276025,0.0033392427,7.0919366,-0.5233434,8.074778,-0.44477674,0.1455205,0.0066784853,0.18637866,-0.01375365,0.09477403,-0.005220364,252.32103,249.03662,333.01224,0.9681201,12.421354,0.13939917
4,72,10,0.0034299996,0.06633938,0.0249906,0.03194008,0.009408703,0.07904208,-0.00082980306,6.800435,-0.6445107,8.2643,-0.5233786,0.15808415,-0.0016596061,0.17871788,-0.016937971,0.09699847,-0.00614292,252.36557,249.23958,333.36664,1.1678894,12.421354,0.15785478
4,73,10,0.0034299996,0.06548564,0.02216636,0.033788126,0.0095311515,0.07444186,0.0058435616,6.9944043,-0.92846924,8.3179035,-0.41162294,0.14888372,0.011687123,0.18381546,-0.024400506,0.09762762,-0.0048312345,252.3179,249.18176,332.53687,1.3400922,12.4200535,0.15153639
4,74,10,0.0034299996,0.063310765,0.021215085,0.03326957,0.008826109,0.072827,0.0017329525,6.9405246,-0.9026065,8.004346,-0.41484216,0.145654,0.003465905,0.18239948,-0.023720823,0.09394737,-0.0048690178,252.31569,249.0537,332.99075,1.3174486,12.4200535,0.1620487
4,75,10,0.0034299996,0.06432027,0.021970473,0.033829257,0.008520543,0.0741122,-0.0009111556,6.99866,-0.65289813,7.864568,-0.41497517,0.1482244,-0.0018223112,0.18392731,-0.017158395,0.092306785,-0.0048705833,252.33417,249.08803,333.38358,1.0678732,12.4200535,0.15887539
4,76,10,0.0034299996,0.061136004,0.018752221,0.034082737,0.008301046,0.068469375,0.004039289,7.024832,-0.3873607,7.762607,-0.48165014,0.13693875,0.008078578,0.1846151,-0.010179987,0.09111007,-0.0056531504,252.32468,249.14075,332.71588,0.8690108,12.4200535,0.1372274
4,77,10,0.0034299996,0.05635908,0.01797229,0.03057834,0.00780845,0.067030385,-0.00226965,6.6538897,-0.51038903,7.528763,-0.43980762,0.13406077,-0.0045393,0.17486663,-0.01341321,0.088365436,-0.005162043,252.33205,249.20338,333.32675,0.9501966,12.418862,0.14569353
4,78,10,0.0034299996,0.0639747,0.025668094,0.030730117,0.0075764856,0.080106325,-0.00585944,6.670383,-0.67056453,7.416092,-0.4850729,0.16021265,-0.01171888,0.17530008,-0.017622674,0.08704301,-0.0056933295,252.30272,249.13239,333.65643,1.1556375,12.418862,0.17009625
4,79,10,0.0034299996,0.05951651,0.020183321,0.03217342,0.00715977,0.07103401,0.001965304,6.82523,-0.70085824,7.209261,-0.2849672,0.14206801,0.003930608,0.17936951,-0.018418798,0.084615424,-0.0033446732,252.27194,249.04257,333.1898,0.9858254,12.418862,0.13503274
4,80,10,0.0034299996,0.05650319,0.019900255,0.029884772,0.006718165,0.07053413,-0.0010711084,6.5779967,-0.699651,6.983394,-0.19252484,0.14106826,-0.0021422168,0.17287213,-0.018387081,0.08196441,-0.0022596747,252.33713,249.24738,334.03134,0.89217585,12.418862,0.13569088
4,81,10,0.0034299996,0.060122404,0.022591624,0.0308297,0.0067010787,0.07515255,-0.005686891,6.6811814,-0.639428,6.9745073,-0.30135608,0.1503051,-0.011373782,0.17558388,-0.016804397,0.08186012,-0.003537027,252.3894,249.45245,334.29083,0.9407841,12.417743,0.15206406
4,82,10,0.0034299996,0.05688682,0.01911459,0.031092973,0.0066792546,0.06912776,0.0012831307,6.709649,-0.5974813,6.963141,-0.32784626,0.13825552,0.0025662614,0.176332,-0.015702024,0.08172671,-0.0038479464,252.39677,249.57083,333.54633,0.92532754,12.417743,0.12596166
4,83,10,0.0034299996,0.055709697,0.021258116,0.028047247,0.0064043347,0.07290082,-0.001618897,6.3725576,-0.8694365,6.8183336,-0.28831622,0.14580163,-0.003237794,0.16747312,-0.022849107,0.08002709,-0.0033839785,252.38478,249.47206,334.05093,1.1577528,12.417743,0.130874
4,84,10,0.0034299996,0.06175576,0.025671326,0.02977871,0.006305725,0.08011137,-0.0062521794,6.5663137,-0.68745476,6.765637,-0.35192832,0.16022274,-0.012504359,0.17256509,-0.018066565,0.07940859,-0.004130597,252.34154,249.23465,333.9517,1.039383,12.417743,0.15988702
4,85,10,0.0034299996,0.05562901,0.017135164,0.03247952,0.0060143275,0.065450676,-0.00028510185,6.857621,-0.2856407,6.6074634,-0.12243005,0.13090135,-0.0005702037,0.18022075,-0.0075067463,0.077552095,-0.0014369668,252.35275,249.3323,333.46616,0.40807074,12.416688,0.12537532
4,86,10,0.0034299996,0.057051226,0.018779563,0.032331295,0.0059403703,0.06851927,-0.0026117996,6.8419557,-0.27493325,6.566712,-0.09590145,0.13703854,-0.0052235993,0.17980905,-0.007225351,0.0770738,-0.0011256007,252.42996,249.61186,334.2256,0.3708347,12.416688,0.15207382
4,87,10,0.0034299996,0.058512606,0.02153317,0.030631544,0.006347889,0.073370926,-0.0067049093,6.659676,-0.4844989,6.7882195,-0.4527527,0.14674185,-0.0134098185,0.1750187,-0.012732799,0.07967364,-0.00531398,252.49005,249.98122,334.62485,0.93725157,12.416688,0.17766756
4,88,10,0.0034299996,0.05393231,0.01821116,0.02924195,0.006479198,0.067474365,5.5847368e-6,6.506866,-0.50678545,6.858069,-0.5663073,0.13494873,1.11694735e-5,0.17100278,-0.01331851,0.080493465,-0.0066467794,252.45985,249.95082,333.9178,1.0730927,12.416688,0.1450699
4,89,10,0.0034299996,0.053542025,0.019710375,0.027433088,0.006398561,0.07019682,-0.0037546854,6.302401,-0.43105772,6.815259,-0.37695935,0.14039364,-0.007509371,0.16562937,-0.011328353,0.079991005,-0.0044243895,252.47076,249.92928,334.37576,0.8080171,12.4157,0.14264943
4,90,10,0.0034299996,0.06456262,0.025478892,0.032498486,0.0065852418,0.079810545,-0.008848154,6.8596234,-0.25832692,6.9139633,-0.28722277,0.15962109,-0.017696308,0.18027337,-0.0067889295,0.0811495,-0.0033711495,252.50941,250.04857,334.76956,0.5455497,12.4157,0.17391257
4,91,10,0.0034299996,0.07056968,0.022719434,0.04068521,0.007165034,0.075364836,-0.0005459687,7.675152,-0.33281684,7.2119102,-0.22124389,0.15072967,-0.0010919374,0.20170575,-0.0087465495,0.08464652,-0.0025967504,252.53426,250.1977,334.255,0.5540607,12.4157,0.15059294
4,92,10,0.0034299996,0.060200613,0.017783944,0.03593232,0.0064843483,0.066678226,-0.0034234712,7.212923,-0.21857452,6.860794,-0.07820137,0.13335645,-0.0068469425,0.18955822,-0.0057442114,0.08052545,-0.0009178525,252.59589,250.32164,335.16895,0.29677588,12.4157,0.15215164
4,93,10,0.0034299996,0.065475486,0.026176717,0.03338592,0.0059128455,0.0808961,-0.009216404,6.95265,0.100411154,6.5514812,-0.0024848706,0.1617922,-0.018432807,0.18271814,0.0026388434,0.07689503,-2.9165034e-5,252.6437,250.47928,335.87653,-0.09792628,12.414733,0.15933616
4,94,10,0.0034299996,0.058333524,0.017851153,0.034644507,0.0058378633,0.0668041,-0.0021814213,7.082488,0.14219634,6.5098076,0.08461613,0.1336082,-0.0043628425,0.18613034,0.0037369728,0.07640591,0.0009931423,252.61119,250.39865,335.18625,-0.22681248,12.414733,0.112108804
4,95,10,0.0034299996,0.053448554,0.01766832,0.030069694,0.005710538,0.066461116,-0.0038992679,6.598317,0.019977454,6.4384255,0.235504,0.13292223,-0.0077985357,0.17340615,0.0005250146,0.0755681,0.0027641214,252.60428,250.23747,335.66425,-0.25548145,12.414733,0.12114335
4,96,10,0.0034299996,0.06418793,0.02712163,0.031353254,0.005713047,0.08234323,-0.008793781,6.737673,0.3277288,6.4398403,0.22072832,0.16468646,-0.017587561,0.1770685,0.00861283,0.0755847,0.0025906966,252.6349,250.34683,335.95312,-0.54845715,12.414733,0.1562672
4,97,10,0.0034299996,0.05666717,0.019385494,0.03192276,0.0053589176,0.0696159,-0.00073063327,6.798591,0.3841269,6.2370577,0.32879788,0.1392318,-0.0014612665,0.17866942,0.010094992,0.07320463,0.0038591179,252.66754,250.62735,335.32608,-0.7129248,12.413774,0.1198723
4,98,10,0.0034299996,0.05254649,0.018095504,0.029368004,0.0050829835,0.067259766,-0.0033667714,6.5208755,0.3960854,6.074361,0.30443582,0.13451953,-0.006733543,0.17137095,0.010409264,0.071295045,0.003573177,252.72072,250.81737,336.08633,-0.70052123,12.413774,0.14248325
4,99,10,0.0034299996,0.06027095,0.024829706,0.030203298,0.0052379463,0.07878722,-0.009621349,6.61296,0.44998336,6.1662593,0.037170447,0.15757445,-0.019242698,0.17379096,0.011825727,0.07237366,0.00043627378,252.74294,250.86447,336.66025,-0.4871538,12.413774,0.14514229
4,100,10,0.0034299996,0.05256106,0.017601538,0.02965658,0.0053029447,0.066335395,-0.0029846365,6.552834,0.41730806,6.204399,-0.018424544,0.13267079,-0.005969273,0.17221086,0.010967005,0.07282132,-0.00021625077,252.7182,250.83798,335.78082,-0.39888352,12.413774,0.10573289
5,1,10,0.0024009997,0.061459344,0.02058974,0.033106282,0.0077633234,0.07174563,-0.007023579,6.9234715,-0.6177115,7.5069766,1.3514614,0.14349125,-0.014047158,0.18195131,-0.01623368,0.088109724,0.01586216,253.47566,254.61366,340.84457,-0.7337499,12.412747,0.2185112
5,2,10,0.0024009997,0.06799308,0.024354666,0.035777476,0.007860941,0.07802991,-0.007776686,7.1973653,-0.647829,7.5540266,1.2464286,0.15605982,-0.015553372,0.18914935,-0.017025173,0.08866195,0.014629389,253.45065,254.44165,340.99826,-0.5985996,12.412747,0.21997789
5,3,10,0.0024009997,0.07600491,0.032491833,0.035523202,0.007989868,0.09012745,-0.015180626,7.1717424,-0.5427836,7.6157203,1.1960828,0.1802549,-0.030361252,0.188476,-0.014264547,0.08938606,0.014038481,253.44354,254.39304,341.36505,-0.6532992,12.412747,0.24552763
5,4,10,0.0024009997,0.06658321,0.021814449,0.03677034,0.007998423,0.073848575,-0.008570466,7.2965484,-0.49490803,7.619797,1.372437,0.14769715,-0.017140932,0.19175594,-0.013006362,0.0894339,0.016108355,253.37184,254.21954,340.24557,-0.87752897,12.412747,0.23475692
5,5,10,0.0024009997,0.06605491,0.023290109,0.03452081,0.008243991,0.076305486,-0.007137383,7.069833,-0.6668004,7.7358837,1.4303124,0.15261097,-0.014274766,0.18579777,-0.017523754,0.090796426,0.01678764,253.37279,254.0977,340.858,-0.763512,12.411864,0.22394948
5,6,10,0.0024009997,0.071055464,0.02907627,0.03379621,0.008182981,0.08525883,-0.015394748,6.9952407,-0.7381275,7.7072062,1.234155,0.17051765,-0.030789496,0.18383746,-0.01939826,0.09045983,0.014485339,253.36678,253.98538,341.19843,-0.49602753,12.411864,0.25320148
5,7,10,0.0024009997,0.062450647,0.020725511,0.03378317,0.007941964,0.07198179,-0.0064238803,6.9938927,-0.76718885,7.5928564,1.3591965,0.14396358,-0.012847761,0.183802,-0.020162005,0.0891177,0.015952956,253.30702,253.71004,340.2593,-0.5920077,12.411864,0.23065652
5,8,10,0.0024009997,0.069160774,0.023940029,0.03715809,0.008062656,0.07736283,-0.008157217,7.334921,-0.80015844,7.650332,1.3355477,0.15472566,-0.016314434,0.19276434,-0.021028446,0.0897923,0.01567539,253.31322,253.67464,340.43924,-0.53538924,12.411864,0.22260189
5,9,10,0.0024009997,0.08026563,0.032166738,0.039908916,0.008189975,0.08967544,-0.0141139645,7.6015763,-0.32439184,7.7104993,1.0616589,0.17935088,-0.028227929,0.19977216,-0.008525141,0.090498485,0.012460732,253.32414,253.6847,340.44263,-0.737267,12.410812,0.23924303
5,10,10,0.0024009997,0.06997761,0.023385609,0.038331587,0.00826041,0.07646177,-0.005875099,7.4498425,-0.2592153,7.743584,1.2954482,0.15292354,-0.011750198,0.19578454,-0.006812274,0.0908868,0.015204735,253.28386,253.60425,339.66815,-1.036233,12.410812,0.22752503
5,11,10,0.0024009997,0.070610866,0.0226489,0.039072894,0.008889074,0.07524776,-0.007706689,7.5215335,-0.25032344,8.032847,1.3905162,0.15049551,-0.015413378,0.19766864,-0.0065785875,0.09428189,0.016320556,253.33353,253.70694,340.2981,-1.1401927,12.410812,0.23975156
5,12,10,0.0024009997,0.09055482,0.03720723,0.04359173,0.0097558545,0.09644588,-0.012872087,7.944576,-0.29030478,8.415383,1.2967467,0.19289176,-0.025744174,0.20878632,-0.0076293126,0.09877173,0.01521998,253.39668,253.91008,340.96783,-1.006442,12.410812,0.27570418
5,13,10,0.0024009997,0.07726184,0.025730168,0.041912075,0.0096196,0.08020313,-0.0029079204,7.7900143,-0.33994117,8.356411,1.3591044,0.16040626,-0.005815841,0.20472439,-0.00893378,0.09807956,0.015951866,253.43265,254.14038,340.22754,-1.0191633,12.409633,0.25602826
5,14,10,0.0024009997,0.07835988,0.025970252,0.043291785,0.009097845,0.08057644,-0.004802464,7.917196,-0.28966144,8.12663,1.339358,0.16115288,-0.009604928,0.20806678,-0.0076124137,0.09538262,0.015720097,253.5413,254.54303,340.80225,-1.0496966,12.409633,0.24823277
5,15,10,0.0024009997,0.08938638,0.03204018,0.04825692,0.009089285,0.089498855,-0.012075955,8.358887,0.16894886,8.122806,1.325122,0.17899771,-0.02415191,0.21967457,0.0044400357,0.09533774,0.015553019,253.63684,254.89351,341.43616,-1.4940709,12.409633,0.25779393
5,16,10,0.0024009997,0.080271766,0.020726636,0.05043875,0.009106382,0.07198374,-0.0042108316,8.545762,0.3648374,8.130443,1.3842391,0.14396748,-0.008421663,0.22458573,0.009588064,0.095427364,0.016246876,253.6241,254.94354,340.72763,-1.7490765,12.409633,0.26123005
5,17,10,0.0024009997,0.08496576,0.02867935,0.047606643,0.008679765,0.084674895,-0.0033396317,8.302378,0.2974459,7.93771,1.2329069,0.16934979,-0.0066792634,0.21818946,0.00781698,0.093165256,0.014470683,253.61949,254.90033,340.8625,-1.5303528,12.40834,0.22426066
5,18,10,0.0024009997,0.08802368,0.03196333,0.047514766,0.008545578,0.089391455,-0.010292267,8.294361,0.22706558,7.8761125,1.1480006,0.17878291,-0.020584535,0.21797882,0.0059673544,0.0924423,0.0134741245,253.62973,254.9062,341.37997,-1.3750662,12.40834,0.2386365
5,19,10,0.0024009997,0.0778299,0.025487488,0.043315127,0.009027278,0.07982401,-0.0022638903,7.91933,-0.005126799,8.095052,1.341082,0.15964802,-0.0045277807,0.20812286,-0.00013474743,0.09501199,0.015740346,253.62448,254.94365,340.94177,-1.3359551,12.40834,0.23785816
5,20,10,0.0024009997,0.07868841,0.025495201,0.04362975,0.009563459,0.079836085,-0.0034078094,7.94804,-0.058707036,8.331989,1.4711362,0.15967217,-0.006815619,0.20887735,-0.0015428379,0.09779294,0.0172668,253.68163,255.0872,341.5644,-1.4124292,12.40834,0.24812941
5,21,10,0.0024009997,0.0841007,0.028858598,0.04587925,0.009362852,0.08493909,-0.005793905,8.15036,0.3378658,8.244139,1.3712443,0.16987818,-0.01158781,0.21419442,0.0088792285,0.09676183,0.016094355,253.71524,255.16673,341.7951,-1.7091101,12.406956,0.20839171
5,22,10,0.0024009997,0.08136195,0.025129728,0.047179457,0.00905277,0.079261795,-0.00031862716,8.265044,0.69597924,8.106473,1.396205,0.15852359,-0.0006372543,0.21720833,0.018290585,0.095146045,0.016387321,253.64334,254.89603,340.61118,-2.092184,12.406956,0.19253314
5,23,10,0.0024009997,0.08048626,0.025658702,0.045526493,0.009301065,0.08009167,-0.0007653223,8.118967,0.6998672,8.216891,1.4612877,0.16018334,-0.0015306446,0.21336938,0.018392777,0.09644203,0.017151201,253.60204,254.5971,340.69733,-2.161155,12.406956,0.2036332
5,24,10,0.0024009997,0.09093504,0.032297213,0.048353557,0.010284264,0.089857124,-0.007378198,8.367252,0.6915738,8.64028,1.2950544,0.17971425,-0.014756396,0.21989442,0.018174827,0.10141136,0.015200112,253.57758,254.37546,340.89093,-1.9866283,12.406956,0.21760522
5,25,10,0.0024009997,0.08241004,0.024176605,0.048531994,0.009701435,0.07774414,0.0010764734,8.382677,0.74440664,8.391879,1.232625,0.15548828,0.0021529468,0.22029978,0.019563287,0.09849586,0.014467371,253.5114,254.14023,339.65427,-1.9770317,12.405506,0.19661617
5,26,10,0.0024009997,0.08582387,0.027722886,0.048752263,0.009348719,0.083250955,0.0015934571,8.40168,0.76605654,8.237914,1.2615739,0.16650191,0.0031869141,0.22079915,0.020132247,0.09668878,0.01480715,253.53986,254.21931,340.1571,-2.0276303,12.405506,0.19578849
5,27,10,0.0024009997,0.092995904,0.031317316,0.051695284,0.009983308,0.0884835,-0.0061972477,8.651554,1.0730249,8.512918,1.2070906,0.176967,-0.012394495,0.22736597,0.028199477,0.0999165,0.014167683,253.58902,254.39061,340.79718,-2.2801156,12.405506,0.19938846
5,28,10,0.0024009997,0.0928806,0.02722869,0.055325296,0.0103266165,0.08250559,0.00075565005,8.950154,0.9967488,8.658053,1.4855509,0.16501118,0.0015113001,0.2352133,0.026194924,0.10161996,0.017435992,253.56116,254.42546,339.99823,-2.4822998,12.405506,0.20090157
5,29,10,0.0024009997,0.08801799,0.026002431,0.052035615,0.0099799475,0.080626346,0.0013971581,8.679985,0.8626495,8.511485,1.4876789,0.16125269,0.0027943163,0.22811316,0.02267074,0.09989969,0.017460963,253.59206,254.51897,340.4233,-2.3503284,12.404003,0.18526024
5,30,10,0.0024009997,0.095465116,0.032950424,0.052852806,0.009661893,0.09076126,-0.007443085,8.747878,1.0547943,8.374759,1.2010144,0.18152252,-0.01488617,0.22989738,0.027720371,0.09829493,0.014096364,253.64418,254.67242,340.9391,-2.2558088,12.404003,0.1831979
5,31,10,0.0024009997,0.08544499,0.02558827,0.049992267,0.009864447,0.07998167,0.0014953486,8.507856,0.69265884,8.46209,1.4228216,0.15996334,0.0029906973,0.22358951,0.018203326,0.09931992,0.016699715,253.65355,254.76906,340.72592,-2.1154804,12.404003,0.19089457
5,32,10,0.0024009997,0.08557335,0.027323715,0.047834333,0.010415308,0.08264943,0.00076970004,8.322208,0.36884037,8.695153,1.4354337,0.16529886,0.0015394001,0.21871062,0.009693281,0.102055416,0.01684776,253.67491,254.82591,341.2807,-1.8042741,12.404003,0.18530019
5,33,10,0.0024009997,0.09359916,0.031988684,0.051059645,0.010550837,0.089426905,-0.0038583917,8.598201,0.74756753,8.751544,1.1981997,0.17885381,-0.0077167833,0.22596382,0.01964633,0.102717265,0.014063321,253.66536,254.69807,341.24298,-1.9457673,12.4024725,0.18137999
5,34,10,0.0024009997,0.08513389,0.025971645,0.049123466,0.010038778,0.0805786,0.0030517767,8.433603,0.96047324,8.536535,1.2282045,0.1611572,0.0061035533,0.22163814,0.025241572,0.1001937,0.014415494,253.60289,254.45387,339.98044,-2.1886778,12.4024725,0.19309528
5,35,10,0.0024009997,0.08810338,0.02810262,0.050147615,0.0098531395,0.08381918,0.0017715268,8.521064,0.71159905,8.457238,1.2352095,0.16763836,0.0035430535,0.22393663,0.018701082,0.09926298,0.014497712,253.61467,254.4868,340.2969,-1.9468086,12.4024725,0.18788882
5,36,10,0.0024009997,0.10077928,0.037673842,0.05294844,0.0101569975,0.09704875,-0.0035566285,8.755789,0.8085984,8.586653,1.0543094,0.1940975,-0.007113257,0.23010528,0.021250281,0.10078193,0.012374483,253.66406,254.6407,340.81955,-1.8629078,12.4024725,0.19050063
5,37,10,0.0024009997,0.08599159,0.027812246,0.048285466,0.009893881,0.08338502,0.004655784,8.361359,0.50694877,8.474705,1.1220104,0.16677004,0.009311568,0.21973954,0.013322806,0.09946799,0.013169091,253.67854,254.84418,340.38858,-1.6289592,12.400955,0.18804573
5,38,10,0.0024009997,0.08566592,0.028826408,0.04647877,0.010360741,0.08489171,0.004066684,8.20344,0.2613863,8.672347,1.4537332,0.16978341,0.008133368,0.21558936,0.0068693403,0.10178772,0.01706253,253.6986,254.84407,341.25226,-1.7151195,12.400955,0.20200005
5,39,10,0.0024009997,0.09529467,0.033304323,0.050830945,0.011159409,0.09124736,-0.001338241,8.578923,0.5368204,9.000399,1.3905268,0.18249471,-0.002676482,0.22545719,0.014107839,0.1056381,0.016320674,253.68631,254.6903,341.2902,-1.9273472,12.400955,0.19566378
5,40,10,0.0024009997,0.09038999,0.025245458,0.054075286,0.011069248,0.079444095,0.003747122,8.848469,0.82816494,8.963967,1.3933784,0.15888819,0.007494244,0.23254094,0.021764448,0.1052105,0.016354144,253.64102,254.5163,339.89304,-2.2215433,12.400955,0.19112968
5,41,10,0.0024009997,0.090300635,0.025436368,0.053963095,0.010901171,0.079743914,0.004141837,8.839284,0.7016389,8.895652,1.3680377,0.15948783,0.008283674,0.23229958,0.018439308,0.104408674,0.016056724,253.68994,254.65404,340.2197,-2.0696766,12.399439,0.17801985
5,42,10,0.0024009997,0.09807935,0.03293264,0.05402009,0.011126626,0.09073676,-0.004127101,8.84395,0.99317133,8.98717,1.1004032,0.18147352,-0.008254202,0.23242222,0.0261009,0.105482824,0.012915481,253.76671,254.94989,340.70984,-2.0935745,12.399439,0.17763247
5,43,10,0.0024009997,0.085038394,0.027139414,0.046974115,0.010924861,0.08237022,0.0067327805,8.247038,0.54170656,8.905312,1.4105374,0.16474044,0.013465561,0.21673512,0.01423625,0.10452206,0.016555544,253.77615,255.12111,340.7516,-1.9522439,12.399439,0.17800945
5,44,10,0.0024009997,0.085050315,0.029982492,0.04419713,0.010870695,0.08657727,0.0059345383,7.999553,0.40064308,8.883208,1.3261738,0.17315453,0.011869077,0.21023114,0.010529041,0.10426263,0.015565362,253.75311,254.95264,341.21103,-1.7268169,12.399439,0.1771898
5,45,10,0.0024009997,0.095559046,0.03800116,0.046724148,0.010833744,0.097469434,-0.002052871,8.225065,0.63744056,8.868097,0.95189595,0.19493887,-0.004105742,0.21615769,0.016752169,0.104085274,0.011172451,253.68785,254.61644,341.0845,-1.5893365,12.397919,0.17287196
5,46,10,0.0024009997,0.08310673,0.022937195,0.049739987,0.0104295425,0.07572515,0.0055951327,8.4863615,0.6141257,8.701094,0.9956104,0.1514503,0.011190265,0.22302464,0.016139438,0.10212513,0.011685525,253.57951,254.27586,340.02792,-1.6097362,12.397919,0.18818422
5,47,10,0.0024009997,0.08730651,0.024621867,0.052270114,0.010414526,0.07845678,0.004204058,8.699522,0.36093956,8.694827,0.9085712,0.15691356,0.008408116,0.22862658,0.009485611,0.102051586,0.01066395,253.52457,254.0373,340.14435,-1.2695107,12.397919,0.19769269
5,48,10,0.0024009997,0.09426054,0.03023049,0.053427238,0.010602821,0.08693459,-0.0021791158,8.795287,0.5785487,8.773077,0.7054291,0.17386918,-0.0043582316,0.23114333,0.015204473,0.10297,0.008279651,253.50624,253.904,340.16498,-1.2839777,12.397919,0.21039301
5,49,10,0.0024009997,0.08146683,0.024342654,0.046849307,0.010274869,0.07801066,0.007211346,8.2360735,0.34089968,8.6363325,0.82792014,0.15602133,0.014422692,0.21644701,0.00895897,0.10136503,0.009717333,253.49765,253.89633,339.46378,-1.1688198,12.396426,0.20482181
5,50,10,0.0024009997,0.08735222,0.032169566,0.044965573,0.010217088,0.08967938,0.0059114923,8.068796,0.032726556,8.612015,1.0898789,0.17935877,0.011822985,0.21205087,0.00086007937,0.10107961,0.012791959,253.55978,254.10803,340.30768,-1.1226054,12.396426,0.21033284
5,51,10,0.0024009997,0.09516263,0.033525396,0.050673194,0.01096404,0.09154971,-0.00017265418,8.565601,0.32420024,8.9212675,0.89689237,0.18309942,-0.00034530836,0.22510707,0.0085200975,0.10470931,0.010526859,253.60344,254.28435,340.44238,-1.2210926,12.396426,0.19034362
5,52,10,0.0024009997,0.08793525,0.027206654,0.049684744,0.011043846,0.0824722,0.007085002,8.4816475,0.3860429,8.953676,1.0195285,0.1649444,0.014170004,0.22290075,0.010145356,0.1050897,0.011966255,253.58827,254.3558,339.6497,-1.4055715,12.396426,0.17939875
5,53,10,0.0024009997,0.08421066,0.026965974,0.04674979,0.0104948925,0.0821066,0.006366029,8.227323,0.037976507,8.728311,1.1394944,0.1642132,0.012732058,0.216217,0.0009980202,0.10244458,0.0133743,253.61798,254.4154,340.38785,-1.1774709,12.394927,0.18737376
5,54,10,0.0024009997,0.082937025,0.029703831,0.04297322,0.010259969,0.086174,-0.0009261288,7.8880134,0.041935932,8.630069,0.8023287,0.172348,-0.0018522576,0.20729983,0.0011021055,0.10129151,0.009416971,253.65004,254.5311,340.86786,-0.8442646,12.394927,0.18531795
5,55,10,0.0024009997,0.07760158,0.025575133,0.042161852,0.009864602,0.079961136,0.0073237238,7.813192,-0.17700242,8.462155,0.8822362,0.15992227,0.0146474475,0.20533352,-0.004651691,0.0993207,0.010354839,253.5997,254.44861,340.2074,-0.70523375,12.394927,0.19719931
5,56,10,0.0024009997,0.07915725,0.025068127,0.044265438,0.009823683,0.07916459,0.0054465905,8.005733,-0.20441014,8.444587,0.8057428,0.15832917,0.010893181,0.21039353,-0.0053719655,0.09911449,0.009457038,253.52875,254.03632,340.35812,-0.60133266,12.394927,0.2035587
5,57,10,0.0024009997,0.0880224,0.033148043,0.045007836,0.00986653,0.09103302,-0.00020750966,8.072586,0.062474415,8.462982,0.5307238,0.18206604,-0.0004150193,0.2121505,0.0016418515,0.09933041,0.006229132,253.44507,253.53053,340.08908,-0.59319824,12.39343,0.19094852
5,58,10,0.0024009997,0.0813539,0.026694601,0.045045506,0.009613795,0.08169241,0.0067024627,8.075964,-0.050097685,8.353888,0.65499264,0.16338482,0.013404925,0.21223927,-0.0013165907,0.09804996,0.0076876804,253.35278,253.16902,338.70813,-0.60489494,12.39343,0.1872237
5,59,10,0.0024009997,0.07919419,0.024434179,0.045395095,0.009364917,0.07815718,0.0054271505,8.107242,-0.028506808,8.2450485,0.78943825,0.15631436,0.010854301,0.21306124,-0.0007491786,0.0967725,0.009265673,253.3393,252.98311,338.9597,-0.76093143,12.39343,0.19557387
5,60,10,0.0024009997,0.08863647,0.032595765,0.046377428,0.009663286,0.09027149,-0.0008691616,8.19449,0.4175782,8.375363,0.59193254,0.18054298,-0.0017383232,0.21535419,0.010974102,0.098302014,0.0069475365,253.32085,252.83138,339.07788,-1.0095108,12.39343,0.19810139
5,61,10,0.0024009997,0.075615615,0.022129552,0.044517796,0.008968264,0.074380025,0.004489962,8.028522,0.3397602,8.068548,0.63002217,0.14876005,0.008979924,0.21099241,0.008929026,0.09470092,0.007394598,253.25018,252.65579,338.11102,-0.96978235,12.391962,0.17098601
5,62,10,0.0024009997,0.07916396,0.02507105,0.045368016,0.008724901,0.0791692,0.0030201143,8.104823,0.02370106,7.958321,0.6179309,0.1583384,0.0060402285,0.21299769,0.00062287453,0.09340718,0.0072526825,253.21524,252.4517,338.35358,-0.64163196,12.391962,0.18436465
5,63,10,0.0024009997,0.08369157,0.029509516,0.045315858,0.008866188,0.08589167,-0.0017041203,8.100163,0.20174848,8.0225,0.49035105,0.17178334,-0.0034082406,0.21287522,0.005302029,0.09416044,0.005755274,253.22615,252.47404,338.5529,-0.6920995,12.391962,0.18938334
5,64,10,0.0024009997,0.07078828,0.022683628,0.03965948,0.00844517,0.075305425,0.0060976683,7.577782,-0.06772575,7.829705,0.70251787,0.15061085,0.012195337,0.19914688,-0.0017798693,0.09189761,0.008245488,253.25816,252.72293,338.20813,-0.6347921,12.391962,0.17956458
5,65,10,0.0024009997,0.071616895,0.025521368,0.037725087,0.008370438,0.07987704,0.0028831006,7.3906703,-0.4159687,7.7949853,0.6313826,0.15975408,0.0057662013,0.19422947,-0.010931815,0.0914901,0.0074105635,253.27551,252.74614,338.9256,-0.2154139,12.390523,0.16120613
5,66,10,0.0024009997,0.07511182,0.027082207,0.039512865,0.008516752,0.08228336,-0.0038652534,7.5637636,-0.1766977,7.8628182,0.40545,0.16456673,-0.007730507,0.19877844,-0.004643681,0.09228625,0.004758783,253.24976,252.54567,338.98477,-0.22875229,12.390523,0.16792071
5,67,10,0.0024009997,0.06681124,0.020811465,0.03819413,0.0078056473,0.072130896,0.0048516328,7.436472,-0.32548708,7.527413,0.6279572,0.14426179,0.0097032655,0.19543318,-0.008553917,0.08834957,0.007370361,253.2348,252.54588,338.4518,-0.30247015,12.390523,0.17080134
5,68,10,0.0024009997,0.068220854,0.021582477,0.0389529,0.007685476,0.07345488,0.003832339,7.509976,-0.5050493,7.469244,0.5331019,0.14690976,0.007664678,0.19736488,-0.013272876,0.08766685,0.006257038,253.2518,252.60677,338.5711,-0.028052628,12.390523,0.19962896
5,69,10,0.0024009997,0.07402814,0.02765109,0.038612444,0.0077646077,0.083143085,-0.0035770566,7.477085,-0.3241651,7.5075974,0.25377926,0.16628617,-0.007154113,0.1965005,-0.008519173,0.08811701,0.0029786176,253.2766,252.72644,338.65216,0.07038584,12.389104,0.18271993
5,70,10,0.0024009997,0.06413349,0.019358445,0.03760718,0.0071678595,0.069567315,0.0053987736,7.379111,-0.37071344,7.213333,0.5163639,0.13913463,0.010797547,0.19392571,-0.0097424835,0.08466321,0.006060586,253.26796,252.7616,338.18924,-0.14565048,12.389104,0.17297773
5,71,10,0.0024009997,0.06243709,0.019445576,0.036152173,0.006839343,0.069723696,0.0039990605,7.234956,-0.45970523,7.0460935,0.60815746,0.13944739,0.007998121,0.19013725,-0.012081231,0.08270032,0.0071379715,253.2867,252.79865,338.7089,-0.14845222,12.389104,0.19043511
5,72,10,0.0024009997,0.07054965,0.0261418,0.037296295,0.0071115564,0.08084213,-0.0022126155,7.348548,-0.3854337,7.184946,0.30714124,0.16168426,-0.004425231,0.19312249,-0.010129336,0.084330045,0.0036049292,253.26508,252.6931,338.67062,0.07829246,12.389104,0.19780424
5,73,10,0.0024009997,0.061920427,0.019967372,0.035064984,0.0068880683,0.07065298,0.0045162607,7.125339,-0.51796246,7.0711474,0.39639282,0.14130595,0.009032521,0.18725647,-0.013612236,0.08299439,0.004652482,253.1987,252.44365,337.75162,0.12156963,12.387735,0.18442777
5,74,10,0.0024009997,0.06445606,0.024322841,0.03299205,0.0071411654,0.07797891,0.0016227801,6.911516,-0.6059113,7.1998878,0.45540965,0.15595782,0.0032455602,0.18163714,-0.015923576,0.08450542,0.005345163,253.1898,252.24731,338.10507,0.15050167,12.387735,0.19853738
5,75,10,0.0024009997,0.065728515,0.024533132,0.03413479,0.0070605967,0.07831528,-0.0035311948,7.030194,-0.34010884,7.1591578,0.37777293,0.15663056,-0.0070623895,0.18475603,-0.008938178,0.08402736,0.0044339336,253.21295,252.3112,338.2689,-0.037664086,12.387735,0.20225558
5,76,10,0.0024009997,0.0626251,0.01992691,0.03596029,0.0067379056,0.070581354,0.0051467833,7.2157297,-0.58414304,6.993646,0.4348778,0.14116271,0.010293567,0.18963198,-0.015351481,0.082084745,0.00510418,253.2095,252.43886,337.68228,0.14926523,12.387735,0.19222116
5,77,10,0.0024009997,0.05882861,0.01863743,0.03371415,0.006477031,0.068259485,0.0032596386,6.986744,-0.5541824,6.856922,0.32767978,0.13651897,0.006519277,0.18361413,-0.014564124,0.08048,0.0038459934,253.1892,252.37358,337.87515,0.22650263,12.386406,0.20095259
5,78,10,0.0024009997,0.06607437,0.024935711,0.034888286,0.006250377,0.078955226,-0.0031507816,7.107363,0.087911814,6.7358794,0.0834877,0.15791045,-0.0063015632,0.18678406,0.0023103554,0.079059325,0.0009798979,253.1592,252.20381,337.82275,-0.1713995,12.386406,0.20203733
5,79,10,0.0024009997,0.05766921,0.016807131,0.034899473,0.005962606,0.06482116,0.00418892,7.108503,0.12540776,6.5789905,0.02399225,0.12964232,0.00837784,0.18681401,0.00329576,0.077217914,0.00028159883,253.08093,251.91965,336.96643,-0.14940001,12.386406,0.17317957
5,80,10,0.0024009997,0.05819477,0.021670604,0.030769698,0.005754471,0.073604695,0.00021812809,6.6746783,-0.19925466,6.463145,-0.053726774,0.14720939,0.00043625617,0.17541294,-0.005236486,0.07585823,-0.00063059427,253.05739,251.79712,337.36237,0.25298142,12.386406,0.17795663
5,81,10,0.0024009997,0.059892572,0.025704982,0.028479395,0.005708196,0.08016387,-0.0063427542,6.4214644,0.040076785,6.437106,-0.33282402,0.16032773,-0.0126855085,0.16875839,0.0010532273,0.075552605,-0.0039063697,253.02257,251.58185,337.33594,0.29274723,12.3851185,0.18103872
5,82,10,0.0024009997,0.050644565,0.016659934,0.028417638,0.005566996,0.06453668,0.0022567527,6.4144974,-0.14953674,6.3569927,-0.135658,0.12907337,0.0045135054,0.16857532,-0.0039298753,0.074612305,-0.0015922249,252.97021,251.42375,336.562,0.28519475,12.3851185,0.1500953
5,83,10,0.0024009997,0.05075933,0.016871117,0.027901229,0.0059869853,0.06494443,-0.0005943485,6.3559484,-0.42907044,6.592427,-0.09728765,0.12988886,-0.001188697,0.16703661,-0.011276127,0.07737561,-0.0011418682,252.9412,251.21793,336.66403,0.52635807,12.3851185,0.15501478
5,84,10,0.0024009997,0.056029335,0.021291105,0.028359942,0.0063782837,0.07295736,-0.004564037,6.4079823,-0.24828616,6.804452,-0.20507808,0.14591472,-0.009128074,0.1684041,-0.0065250485,0.07986416,-0.0024070095,252.9006,250.9579,336.6152,0.45336425,12.3851185,0.17612113
5,85,10,0.0024009997,0.04934716,0.017255234,0.02623144,0.0058604865,0.06567959,0.0020184927,6.162823,-0.21850559,6.522409,-0.19738527,0.13135917,0.0040369853,0.16196123,-0.0057424014,0.076553814,-0.0023167192,252.82417,250.6301,335.72992,0.41589087,12.383824,0.1410877
5,86,10,0.0024009997,0.050010398,0.018206418,0.026243648,0.0055603306,0.06746558,-0.0010917817,6.1642575,-0.31223902,6.353185,-0.2957899,0.13493116,-0.0021835633,0.16199891,-0.008205757,0.07456762,-0.003471699,252.81235,250.55496,335.91013,0.6080289,12.383824,0.13544701
5,87,10,0.0024009997,0.05634769,0.022659454,0.027908383,0.005779853,0.07526529,-0.0059082173,6.356763,0.025093136,6.4773836,-0.64780104,0.15053058,-0.011816435,0.16705802,0.0006594543,0.076025344,-0.0076032705,252.78752,250.47917,335.80228,0.6227079,12.383824,0.16690098
5,88,10,0.0024009997,0.05395975,0.020049568,0.028058622,0.005851559,0.07079825,0.0021030915,6.37385,0.101668656,6.5174394,-0.407794,0.1415965,0.004206183,0.16750708,0.0026718895,0.07649548,-0.004786296,252.7364,250.30043,334.94934,0.30612534,12.383824,0.12604426
5,89,10,0.0024009997,0.04670009,0.015012892,0.025872085,0.0058151125,0.061263554,-0.00090574345,6.120465,0.114044726,6.497111,-0.50782305,0.12252711,-0.0018114869,0.16084802,0.002997136,0.076256886,-0.0059603415,252.73666,250.22923,335.36218,0.39377832,12.3825035,0.12935658
5,90,10,0.0024009997,0.051937073,0.02075571,0.024723673,0.0064576883,0.07203421,-0.005839855,5.9830847,0.2297494,6.8466754,-0.80874914,0.14406842,-0.01167971,0.15723763,0.0060378974,0.08035974,-0.0094923265,252.6908,250.01196,335.24866,0.57899976,12.3825035,0.17984678
5,91,10,0.0024009997,0.05174946,0.018780183,0.026690599,0.0062786792,0.068520404,0.0013843287,6.216527,0.08967866,6.7511125,-0.75593215,0.13704081,0.0027686574,0.16337258,0.0023567886,0.07923812,-0.0088724075,252.62804,249.83069,334.37234,0.6662535,12.3825035,0.15208228
5,92,10,0.0024009997,0.047930755,0.015327461,0.026088264,0.0065150317,0.06190206,-0.00016285517,6.145982,-0.11685042,6.8770075,-0.73226297,0.12380412,-0.00032571034,0.16151862,-0.0030708683,0.080715746,-0.008594604,252.63896,249.83592,334.65863,0.8491134,12.3825035,0.15400442
5,93,10,0.0024009997,0.0510566,0.020160997,0.024401523,0.006494082,0.07099471,-0.005835241,5.943977,0.2731239,6.865941,-0.8445446,0.14198942,-0.011670482,0.15620987,0.007177795,0.08058587,-0.009912459,252.65816,249.87912,334.7863,0.57142067,12.381145,0.18985696
5,94,10,0.0024009997,0.047736023,0.01773041,0.023598159,0.006407456,0.06657779,0.0002754978,5.8453126,0.3672835,6.8199944,-0.81475693,0.13315558,0.0005509956,0.15361692,0.009652343,0.08004659,-0.009562838,252.6415,249.87762,334.41824,0.44747344,12.381145,0.1797245
5,95,10,0.0024009997,0.043249313,0.0149097005,0.021876637,0.006462976,0.061052643,-0.0032893738,5.628063,0.29027683,6.8494773,-0.866409,0.122105286,-0.0065787476,0.14790753,0.00762858,0.08039264,-0.010169081,252.64879,249.88538,334.81857,0.5761322,12.381145,0.16971402
5,96,10,0.0024009997,0.049361706,0.021603318,0.021431604,0.0063267844,0.07349034,-0.006045713,5.5705233,0.29679438,6.776926,-0.98281354,0.14698067,-0.012091426,0.14639537,0.0077998643,0.07954109,-0.011535325,252.66232,249.97981,335.07285,0.6860192,12.381145,0.1914831
5,97,10,0.0024009997,0.043733962,0.018151633,0.019351617,0.00623071,0.067364,0.0013567787,5.2933097,0.44040966,6.725274,-1.0613418,0.134728,0.0027135573,0.13911009,0.011574125,0.07893485,-0.012457018,252.60432,249.7882,334.34576,0.6209321,12.379727,0.16058329
5,98,10,0.0024009997,0.044442464,0.016929135,0.0207544,0.0067589297,0.065056,-0.0003558084,5.4818077,0.19141978,7.0045485,-1.1232841,0.130112,-0.0007116168,0.14406388,0.005030581,0.08221271,-0.013184036,252.53894,249.46193,334.31705,0.9318643,12.379727,0.15242338
5,99,10,0.0024009997,0.04896085,0.019093767,0.022701887,0.0071651954,0.0690901,-0.0030023484,5.733234,0.3578732,7.2119927,-1.1788934,0.1381802,-0.0060046967,0.15067145,0.009405036,0.08464748,-0.013836726,252.47163,249.12434,333.97357,0.82102025,12.379727,0.17057887
5,100,10,0.0024009997,0.050357774,0.016776245,0.02604834,0.007533189,0.06476157,0.0019505337,6.141278,0.18601198,7.3948717,-1.1715561,0.12952314,0.0039010674,0.16139498,0.004888463,0.086793944,-0.01375061,252.41687,248.93292,333.20755,0.98554415,12.379727,0.1593834
