ic,traj,n_steps,eta,loss_total,loss_T,loss_olw,loss_slwd,rmse_T,bias_T,rmse_olw,bias_olw,rmse_slwd,bias_slwd,nrmse_T,nbias_T,nrmse_olw,nbias_olw,nrmse_slwd,nbias_slwd,mean_T,mean_olw,mean_slwd,bias_C,pnorm,gnorm
1,1,20,0.01,0.64827275,0.25478154,0.3312024,0.06228885,0.25237945,-0.0022037823,21.898552,9.493804,21.264069,-3.8516285,0.5047589,-0.0044075646,0.57550186,0.24950066,0.24957734,-0.045206726,252.66536,251.42984,337.24628,-5.6421757,10.830645,1.4375874
1,2,20,0.01,0.5828571,0.23761709,0.28320077,0.062039215,0.24372992,0.0028614323,20.249573,8.648918,21.221416,-3.697949,0.48745984,0.0057228645,0.5321661,0.2272967,0.24907672,-0.04340301,252.64493,251.34875,336.6469,-4.950969,10.830645,1.4019539
1,3,20,0.01,0.41076574,0.20679477,0.1634619,0.04050907,0.22737347,-0.0143441,15.384272,8.379835,17.148153,-4.0514064,0.45474693,-0.0286882,0.4043042,0.22022508,0.20126866,-0.04755153,252.65744,251.30655,337.5737,-4.3284287,10.830125,1.9771798
1,4,20,0.01,0.4414706,0.20435317,0.19723877,0.039878648,0.22602719,-0.009967877,16.899149,9.3532715,17.014196,-3.9613764,0.45205438,-0.019935753,0.44411573,0.24580732,0.19969639,-0.04649485,252.63562,251.20009,337.66675,-5.3918953,10.830125,2.2520432
1,5,20,0.01,0.26685098,0.1376453,0.092587486,0.036618177,0.1855029,0.034900296,11.5783,5.374101,16.303827,-1.7510072,0.3710058,0.06980059,0.30428192,0.14123331,0.19135876,-0.020551646,252.58882,251.0926,336.84918,-3.623094,10.842029,1.2282715
1,6,20,0.01,0.27528083,0.14136003,0.096914954,0.03700584,0.18798938,0.024092121,11.845791,5.264166,16.389902,-1.8977981,0.37597877,0.048184242,0.31131166,0.13834417,0.19236903,-0.022274535,252.61275,251.17516,337.63803,-3.3663678,10.842029,1.2848715
1,7,20,0.01,0.20137751,0.121074565,0.054835055,0.02546788,0.17397885,0.035301946,8.910412,1.8835875,13.596829,-0.93739843,0.3479577,0.07060389,0.23416886,0.04950137,0.1595866,-0.011002287,252.59746,251.06941,337.73074,-0.94618905,10.865464,0.72628486
1,8,20,0.01,0.20395759,0.12938277,0.049261358,0.025313457,0.17984909,0.038889665,8.445431,1.3628583,13.555543,-0.942256,0.35969818,0.07777933,0.221949,0.035816398,0.15910204,-0.011059318,252.54295,250.87276,336.9559,-0.42060232,10.865464,0.9441903
1,9,20,0.01,0.19833997,0.13822931,0.045822382,0.014288281,0.18589601,0.016043596,8.145308,-2.2876348,10.1843,-1.0217236,0.37179202,0.032087192,0.21406163,-0.06011987,0.1195336,-0.011992022,252.5709,250.93704,337.40622,3.3093586,10.893309,1.0110945
1,10,20,0.01,0.20542262,0.14399114,0.047017034,0.014414449,0.18973082,0.022197742,8.250804,-1.717804,10.229166,-0.9370527,0.37946165,0.044395484,0.21683411,-0.04514451,0.12006019,-0.010998224,252.59773,251.0578,337.44586,2.6548567,10.893309,0.9194153
1,11,20,0.01,0.20980132,0.15097146,0.048473243,0.010356615,0.19427523,0.01955728,8.377602,-4.4908724,8.67062,-0.22259337,0.38855046,0.03911456,0.2201664,-0.118021734,0.10176746,-0.0026125945,252.62398,251.27155,336.9907,4.7134657,10.912437,1.0941178
1,12,20,0.01,0.19521078,0.13754533,0.046977814,0.010687642,0.18543552,0.014544048,8.247362,-4.903259,8.808098,-0.29109994,0.37087104,0.029088097,0.21674366,-0.12885942,0.10338105,-0.0034166623,252.71382,251.6334,337.93408,5.194359,10.912437,1.0716574
1,13,20,0.01,0.15575427,0.101574086,0.04436198,0.0098182,0.15935345,0.012421251,8.014458,-4.5325046,8.442228,0.2574201,0.3187069,0.024842503,0.21062283,-0.11911586,0.09908683,0.0030213485,252.7687,251.82817,338.2903,4.2750845,10.926455,0.6003079
1,14,20,0.01,0.15826593,0.101594284,0.046823885,0.009847755,0.15936929,0.017712785,8.233839,-4.7112403,8.4549265,0.20250316,0.31873858,0.03542557,0.21638827,-0.12381309,0.099235855,0.0023767888,252.74648,251.73424,337.35718,4.508737,10.926455,0.6876966
1,15,20,0.01,0.15083504,0.10068428,0.041552573,0.008598186,0.15865393,0.0025668896,7.756533,-3.050371,7.900319,-0.6119913,0.31730786,0.0051337793,0.20384449,-0.08016485,0.0927264,-0.0071829665,252.74712,251.62161,337.774,3.662362,10.940828,0.5447151
1,16,20,0.01,0.15109158,0.095614806,0.047282677,0.0081940815,0.15460822,0.0064977445,8.27408,-2.7456367,7.7124324,-0.48709014,0.30921644,0.012995489,0.2174458,-0.072156325,0.090521164,-0.0057169967,252.72446,251.4891,337.5539,3.2327268,10.940828,1.3979135
1,17,20,0.01,0.12588182,0.07852844,0.038635533,0.008717853,0.14011464,0.008596625,7.47932,-1.2699056,7.955106,-0.31150308,0.28022927,0.01719325,0.19655924,-0.033373572,0.09336944,-0.0036561284,252.69843,251.49123,336.9325,1.5814086,10.950951,0.632259
1,18,20,0.01,0.14123787,0.09532246,0.03675676,0.009158651,0.15437168,-0.0028401276,7.295201,-1.3528521,8.153743,-0.3606861,0.30874336,-0.005680255,0.19172053,-0.03555344,0.095700845,-0.0042333906,252.72917,251.52632,337.86182,1.7135382,10.950951,0.6669834
1,19,20,0.01,0.13854189,0.09571104,0.033997998,0.008832862,0.154686,-0.010878547,7.0160933,0.91024935,8.007407,-0.22194602,0.309372,-0.021757094,0.18438546,0.023921682,0.09398331,-0.002604991,252.7434,251.59973,338.07108,-0.68830335,10.964716,0.36634552
1,20,20,0.01,0.101831175,0.065856814,0.0270472,0.008927159,0.12831292,-0.0026104946,6.257917,0.35576758,8.050035,-0.1297115,0.25662583,-0.005220989,0.16446033,0.009349696,0.094483644,-0.0015224285,252.73564,251.56282,337.63455,-0.22605608,10.964716,0.31988975
1,21,20,0.01,0.12547983,0.08518646,0.0323915,0.007901881,0.1459336,-0.020535927,6.8483224,1.5996778,7.573671,-0.3477791,0.2918672,-0.041071855,0.17997639,0.042040113,0.08889253,-0.0040819114,252.80322,251.80792,338.46347,-1.2518988,10.981744,0.32598925
1,22,20,0.01,0.14322074,0.097877175,0.03723883,0.00810473,0.15642664,-0.015332789,7.3428845,2.0037186,7.670267,-0.1856116,0.31285328,-0.030665578,0.19297364,0.052658454,0.090026274,-0.0021785365,252.82817,251.86955,338.53946,-1.818107,10.981744,1.5623722
1,23,20,0.01,0.10736807,0.06365049,0.034781493,0.008936082,0.12614524,-0.007874948,7.0964766,2.2017844,8.054059,0.66359025,0.2522905,-0.015749896,0.18649797,0.05786369,0.09453085,0.0077885883,252.82536,251.92778,338.07504,-2.8653746,10.998715,0.43896633
1,24,20,0.01,0.13549261,0.09083801,0.035703927,0.008950672,0.15069672,-0.019747391,7.1899633,2.3302877,8.060631,0.44593257,0.30139345,-0.039494783,0.18895483,0.061240803,0.094607994,0.0052339286,252.85243,252.0213,338.79468,-2.7762203,10.998715,0.5040746
1,25,20,0.01,0.12693927,0.081321836,0.035312686,0.010304755,0.14258492,-0.011911207,7.1504607,2.1338556,8.648883,1.6652718,0.28516984,-0.023822414,0.1879167,0.056078497,0.101512335,0.019545373,252.8741,252.09921,338.84778,-3.7991273,11.017853,0.43293452
1,26,20,0.01,0.112079576,0.06642769,0.034975607,0.010676276,0.12886785,-0.00465096,7.116251,1.6226758,8.803414,1.6500864,0.2577357,-0.00930192,0.18701766,0.042644504,0.10332607,0.019367134,252.92282,252.3727,338.4002,-3.2727623,11.017853,0.5104555
1,27,20,0.01,0.130999,0.08948257,0.030870132,0.0106462985,0.14956819,-0.0076663396,6.685562,0.66658866,8.791046,2.501791,0.29913637,-0.015332679,0.17569898,0.017518185,0.1031809,0.029363632,252.97462,252.56027,338.97275,-3.1683798,11.0393305,0.26781747
1,28,20,0.01,0.13391973,0.086961016,0.03611277,0.010845939,0.14744577,-0.0029617199,7.2310123,1.1177685,8.873088,2.6788955,0.29489154,-0.0059234397,0.1900336,0.029375361,0.104143836,0.031442326,252.97443,252.48955,338.89813,-3.796664,11.0393305,0.25110123
1,29,20,0.01,0.11481338,0.067147896,0.034203596,0.013461886,0.12956455,0.0120828245,7.0372763,0.019497264,9.885397,4.064626,0.2591291,0.024165649,0.18494214,0.0005123952,0.116025366,0.04770671,252.95872,252.34222,338.28268,-4.0841236,11.063134,0.3244687
1,30,20,0.01,0.1241045,0.0800585,0.030818654,0.013227342,0.14147305,0.0018822541,6.6799855,0.1354538,9.798904,3.8388019,0.2829461,0.0037645083,0.17555243,0.0035597773,0.11501018,0.045056194,253.01422,252.51207,338.97507,-3.9742556,11.063134,0.3828615
1,31,20,0.01,0.12026623,0.076036915,0.029903019,0.014326298,0.13787396,0.008851799,6.5800037,-0.857621,10.197841,5.016023,0.27574793,0.017703598,0.17292489,-0.022538586,0.11969251,0.058873277,253.04324,252.68475,339.16632,-4.158402,11.088687,0.433277
1,32,20,0.01,0.11283962,0.06518572,0.032094203,0.015559695,0.12765747,0.01452646,6.8168225,-1.1389086,10.627761,5.1246552,0.25531495,0.02905292,0.17914855,-0.02993093,0.12473851,0.060148302,253.07234,252.90141,338.74802,-3.9857466,11.088687,0.50336516
1,33,20,0.01,0.12209718,0.073788375,0.03224547,0.016063336,0.13582008,0.00495874,6.832868,-2.1623828,10.79839,5.568189,0.27164015,0.00991748,0.17957023,-0.05682819,0.12674122,0.0653541,253.14465,253.11539,339.67743,-3.4058063,11.11531,0.3476063
1,34,20,0.01,0.123287186,0.07381943,0.0324083,0.017059457,0.13584866,0.0077599124,6.850098,-2.1347208,11.12817,5.8209705,0.2716973,0.015519825,0.18002306,-0.056101236,0.13061185,0.06832099,253.13977,253.04633,339.7441,-3.6862497,11.11531,0.39128476
1,35,20,0.01,0.10859829,0.06037467,0.033373673,0.014849946,0.12285629,0.01486659,6.9513745,-2.1810362,10.382541,5.684278,0.24571258,0.02973318,0.18268463,-0.057318427,0.121860355,0.06671663,253.07382,252.8076,338.6681,-3.5032418,11.141025,1.3081676
1,36,20,0.01,0.12039998,0.07252362,0.033321608,0.014554755,0.13465105,0.003025159,6.9459496,-2.1875026,10.27883,5.5497303,0.2693021,0.006050318,0.18254207,-0.057488363,0.12064309,0.06513742,253.10243,252.85693,339.16406,-3.3622277,11.141025,0.36004767
1,37,20,0.01,0.12033285,0.06924281,0.0333013,0.017788736,0.13157015,0.009374827,6.943834,-2.2945302,11.363543,6.519487,0.2631403,0.018749654,0.18248644,-0.060301084,0.13337442,0.076519504,253.13754,252.97717,339.70203,-4.2249565,11.162988,0.37014854
1,38,20,0.01,0.113558024,0.06100416,0.034021337,0.018532526,0.1234951,0.01634007,7.0185003,-2.2437048,11.598679,6.555491,0.2469902,0.03268014,0.18444873,-0.05896536,0.13613422,0.07694211,253.12701,252.98997,339.14005,-4.311786,11.162988,0.60791516
1,39,20,0.01,0.1145555,0.06765932,0.029540708,0.017355472,0.13005702,0.011412145,6.5400205,-1.6509274,11.224305,6.437601,0.26011404,0.02282429,0.1718741,-0.043386966,0.13174017,0.07555843,253.1442,253.0252,339.4417,-4.7866735,11.184304,0.22284107
1,40,20,0.01,0.113912806,0.06417504,0.031139415,0.01859835,0.12666397,0.012442927,6.7146573,-1.7779278,11.619258,6.6354637,0.25332794,0.024885854,0.17646363,-0.046724584,0.13637577,0.07788074,253.11617,252.89583,339.52158,-4.857536,11.184304,0.26485628
1,41,20,0.01,0.09908733,0.052181453,0.027362932,0.019542951,0.1142163,0.020824438,6.2943363,-0.7948342,11.910673,6.7242923,0.2284326,0.041648876,0.16541745,-0.020888532,0.13979611,0.078923345,253.05031,252.58195,338.71378,-5.929458,11.204644,0.29155418
1,42,20,0.01,0.114604145,0.066445515,0.02851875,0.01963988,0.12888514,0.013632794,6.425899,-0.8838064,11.940172,6.6844015,0.25777027,0.027265588,0.16887495,-0.023226757,0.14014235,0.07845513,253.10538,252.73352,339.26572,-5.8005953,11.204644,0.28870618
1,43,20,0.01,0.1114485,0.06456723,0.027421372,0.019459898,0.12705041,0.01472309,6.3010554,0.2373441,11.885338,6.5365195,0.25410083,0.02944618,0.165594,0.0062374887,0.13949874,0.07671941,253.16154,252.97253,339.4857,-6.773864,11.224721,0.15807317
1,44,20,0.01,0.100003906,0.0547565,0.02595128,0.019296123,0.117000535,0.019979592,6.1298246,0.22756873,11.835217,6.452659,0.23400107,0.039959185,0.16109401,0.0059805918,0.13891049,0.07573515,253.1784,253.10236,339.00717,-6.6802278,11.224721,0.33991542
1,45,20,0.01,0.09453312,0.053645995,0.024130858,0.016756274,0.115808025,0.0072117914,5.9109197,1.0947071,11.028843,5.7398686,0.23161605,0.014423583,0.1553411,0.028769301,0.12944603,0.06736909,253.19365,253.03696,339.39536,-6.8345757,11.246762,0.21086805
1,46,20,0.01,0.102185674,0.060743738,0.024109572,0.01733237,0.123231225,0.008947995,5.908312,1.3713741,11.216833,5.9033813,0.24646245,0.01789599,0.15527257,0.036040206,0.13165246,0.069288276,253.19409,253.09454,339.22113,-7.2747555,11.246762,0.17906931
1,47,20,0.01,0.09028047,0.048991494,0.02585796,0.015431019,0.11067011,0.0096373055,6.1187935,2.124048,10.583723,5.136866,0.22134022,0.019274611,0.16080411,0.05582075,0.12422165,0.060291637,253.20723,253.2616,338.55685,-7.260914,11.270006,0.33944252
1,48,20,0.01,0.098200634,0.054740645,0.027325355,0.016134633,0.11698359,0.00076147163,6.2900133,1.8805122,10.822331,5.2713284,0.23396719,0.0015229433,0.16530383,0.04942053,0.12702218,0.061869815,253.32437,253.61606,339.72806,-7.1518407,11.270006,0.5456032
1,49,20,0.01,0.0963975,0.053010643,0.029103328,0.0142835295,0.1151202,-0.005415865,6.491424,2.2349741,10.182607,4.5384,0.2302404,-0.01083173,0.17059697,0.058735933,0.11951372,0.053267416,253.40576,254.00336,340.48904,-6.7733746,11.294211,0.28864616
1,50,20,0.01,0.091788866,0.049556818,0.027646294,0.014585753,0.1113068,0.0011108113,6.326844,2.193568,10.289769,4.637836,0.2226136,0.0022216225,0.16627175,0.057647765,0.12077149,0.054434493,253.40747,254.13368,340.1946,-6.8314037,11.294211,0.25965688
1,51,20,0.01,0.0924883,0.055263527,0.025892694,0.011332073,0.11754098,-0.012032288,6.122902,2.2229116,9.069762,3.5706942,0.23508196,-0.024064576,0.16091207,0.058418915,0.10645221,0.041909393,253.41327,254.08517,340.47885,-5.793606,11.317077,0.2858888
1,52,20,0.01,0.10450965,0.064287536,0.028111344,0.012110773,0.12677494,-0.011145485,6.3798347,2.482944,9.376206,3.766837,0.25354987,-0.02229097,0.16766438,0.06525266,0.11004896,0.04421154,253.38222,253.89615,340.17697,-6.2497807,11.317077,0.31167087
1,53,20,0.01,0.087012246,0.048167523,0.027580887,0.011263829,0.109735504,-0.0069536283,6.319356,1.8461553,9.042411,3.0661292,0.21947101,-0.013907257,0.16607495,0.048517626,0.10613119,0.0359873,253.33023,253.67807,339.31772,-4.9122844,11.337216,0.32777193
1,54,20,0.01,0.100642644,0.06459133,0.025151834,0.010899477,0.12707412,-0.016864646,6.03467,1.5659479,8.894961,2.8287778,0.25414824,-0.033729292,0.1585933,0.041153677,0.10440056,0.033201497,253.32158,253.57007,339.74463,-4.394726,11.337216,0.25784087
1,55,20,0.01,0.08143629,0.048545197,0.022804054,0.010087042,0.11016487,-0.014778796,5.74612,0.42674795,8.557031,2.5553024,0.22032975,-0.029557591,0.15101011,0.011215092,0.100434266,0.029991709,253.2974,253.43474,339.40472,-2.9820504,11.354156,0.22966172
1,56,20,0.01,0.080629215,0.044241745,0.025974095,0.0104133785,0.10516861,-0.0075236685,6.132519,0.6574159,8.694348,2.525179,0.21033722,-0.015047337,0.1611648,0.017277133,0.10204596,0.029638149,253.27963,253.44167,338.5834,-3.1825948,11.354156,0.19884206
1,57,20,0.01,0.08562414,0.050742783,0.025314638,0.009566723,0.11263079,-0.013799166,6.0541697,-0.12118977,8.333411,2.2483704,0.22526158,-0.027598333,0.15910575,-0.0031849109,0.09780963,0.026389226,253.32343,253.49057,339.27866,-2.1271806,11.36719,0.21543743
1,58,20,0.01,0.08152709,0.045678835,0.025656411,0.010191845,0.10686304,-0.011382231,6.0949006,-0.12974733,8.60137,2.4915912,0.21372607,-0.022764461,0.16017619,-0.0034098094,0.10095467,0.02924392,253.35275,253.5225,339.2668,-2.3618438,11.36719,0.7606179
1,59,20,0.01,0.07922154,0.04429049,0.024796285,0.010134764,0.10522653,-0.0009667372,5.991864,-0.60783833,8.5772505,2.2553992,0.21045306,-0.0019334744,0.15746836,-0.015974214,0.10067157,0.026471723,253.40361,253.80933,338.7815,-1.6475608,11.375103,0.38724685
1,60,20,0.01,0.086701505,0.052621905,0.023662828,0.010416771,0.11469732,-0.009451242,5.8533163,-0.8819235,8.695765,2.2327936,0.22939464,-0.018902484,0.15382726,-0.02317727,0.10206258,0.026206397,253.50133,254.19424,340.0179,-1.3508701,11.375103,0.43997753
1,61,20,0.01,0.07470724,0.043892577,0.020139476,0.010675186,0.10475278,-0.0034816645,5.399987,-1.0017536,8.802964,2.1465847,0.20950556,-0.006963329,0.14191362,-0.026326448,0.10332079,0.025194565,253.49867,254.19026,340.3355,-1.1448312,11.381859,0.19302778
1,62,20,0.01,0.06680076,0.036105923,0.020177618,0.010517216,0.09500779,0.0015332088,5.4050984,-0.6534418,8.73759,2.0351224,0.19001558,0.0030664175,0.14204794,-0.017172687,0.10255348,0.023886325,253.45833,254.09167,339.42007,-1.3816806,11.381859,0.1731585
1,63,20,0.01,0.074888945,0.04747429,0.017178385,0.010236271,0.10894298,-0.0034971638,4.9872346,-0.42440745,8.620095,1.4927729,0.21788596,-0.0069943275,0.13106634,-0.0111535825,0.10117446,0.017520744,253.46693,254.07536,340.02707,-1.0683655,11.386125,0.21856128
1,64,20,0.01,0.07687199,0.048059653,0.018372197,0.01044014,0.10961256,-0.0031988558,5.157618,-0.37074152,8.705513,1.6681355,0.21922512,-0.0063977116,0.13554408,-0.009743224,0.102177,0.01957899,253.44826,253.91438,339.89935,-1.297394,11.386125,1.2462871
1,65,20,0.01,0.06771422,0.038384397,0.018714536,0.010615286,0.09795968,0.0021100754,5.2054486,0.49936494,8.778232,0.74119616,0.19591936,0.004220151,0.13680108,0.013123491,0.10303051,0.008699452,253.45355,253.99118,339.1046,-1.2405611,11.3931055,0.30386811
1,66,20,0.01,0.074945316,0.046071693,0.018263081,0.010610544,0.10732159,-0.007847205,5.1422796,0.32639197,8.776271,0.5058551,0.21464318,-0.01569441,0.13514097,0.008577696,0.103007495,0.0059372415,253.51598,254.18501,339.9483,-0.832247,11.3931055,0.2535241
1,67,20,0.01,0.08056469,0.05292771,0.018113947,0.009523037,0.11503012,-0.0047327955,5.121241,0.79307485,8.314362,0.12100482,0.23006023,-0.009465591,0.13458806,0.020842297,0.09758605,0.0014202403,253.56151,254.3787,340.18692,-0.91407967,11.399078,0.23255454
1,68,20,0.01,0.0691012,0.04087568,0.018447647,0.009777877,0.10108867,0.0024624798,5.1681986,0.83673275,8.424875,0.061348654,0.20217735,0.0049249595,0.13582212,0.02198964,0.098883145,0.0007200506,253.58235,254.50835,339.68207,-0.8980814,11.399078,0.22868285
1,69,20,0.01,0.06866537,0.041554835,0.018699702,0.008410832,0.101925015,-0.006272003,5.203386,1.0002713,7.813772,-0.31213826,0.20385003,-0.012544006,0.13674685,0.026287492,0.09171059,-0.003663576,253.66559,254.87865,340.74338,-0.68813306,11.404547,1.3499854
1,70,20,0.01,0.06857252,0.04127106,0.018341392,0.008960071,0.1015764,-0.0032348174,5.153293,1.0306166,8.064862,-0.14486802,0.2031528,-0.006469635,0.1354304,0.027084978,0.09465765,-0.0017003254,253.72021,255.20778,341.1678,-0.8857486,11.404547,1.8188837
1,71,20,0.01,0.061784763,0.03723801,0.017017983,0.0075287702,0.096485764,0.0030548356,4.9638963,1.0035936,7.392702,-0.110201135,0.19297153,0.006109671,0.13045299,0.026374798,0.086768486,-0.0012934352,253.71126,255.23126,340.40286,-0.89339244,11.406618,0.37267804
1,72,20,0.01,0.06454984,0.040652506,0.016658045,0.007239288,0.10081233,-0.0032709623,4.911122,1.1236702,7.2491846,-0.29168662,0.20162466,-0.0065419246,0.12906605,0.02953046,0.085084006,-0.0034235343,253.69832,255.11707,340.67984,-0.83198357,11.406618,0.35159913
1,73,20,0.01,0.059402842,0.03673273,0.014930385,0.007739727,0.09582892,-0.0024287566,4.649478,0.8759462,7.4955597,-0.049623586,0.19165784,-0.004857513,0.122189954,0.023020186,0.08797572,-0.00058243494,253.68999,255.02759,340.5753,-0.8263226,11.409959,0.19116656
1,74,20,0.01,0.066892564,0.043349758,0.015547207,0.007995598,0.10410302,0.0011037922,4.7445483,0.8353608,7.6184506,-0.24895154,0.20820604,0.0022075844,0.12468844,0.021953583,0.089418106,-0.0029219582,253.65833,254.9251,339.7858,-0.5864093,11.409959,0.30501541
1,75,20,0.01,0.062459517,0.04137737,0.014404239,0.0066779056,0.10170714,-0.00669763,4.5668197,-0.05876755,6.9624376,-0.33504194,0.20341428,-0.01339526,0.12001766,-0.0015444304,0.08171845,-0.003932399,253.6653,254.93004,340.30023,0.3938095,11.415672,0.42234442
1,76,20,0.01,0.06256482,0.03993974,0.015973056,0.0066520264,0.09992465,-0.0057754866,4.8090878,-0.1182882,6.9489346,-0.14572883,0.1998493,-0.011550973,0.12638456,-0.0031086544,0.081559956,-0.0017104245,253.62965,254.73936,340.0238,0.26401702,11.415672,0.2249084
1,77,20,0.01,0.05301473,0.03136451,0.014952873,0.0066973455,0.08855014,0.004251545,4.652978,-1.031074,6.972564,0.14380546,0.17710029,0.00850309,0.12228194,-0.027096996,0.08183731,0.0016878477,253.56755,254.48221,339.53473,0.8872686,11.42137,0.23553422
1,78,20,0.01,0.05329437,0.033246968,0.012957932,0.007089471,0.091168754,-0.002591271,4.3314824,-1.1185707,7.1737804,0.13084096,0.18233751,-0.005182542,0.11383291,-0.029396446,0.084199,0.0015356878,253.57266,254.41637,340.11087,0.9877297,11.42137,0.18848293
1,79,20,0.01,0.0531639,0.032087274,0.013671658,0.0074049686,0.08956461,0.002719262,4.449173,-1.4603872,7.331668,0.4635374,0.17912921,0.005438524,0.116925865,-0.038379498,0.08605213,0.0054405616,253.55551,254.26991,339.94617,0.99684983,11.426202,0.18216057
1,80,20,0.01,0.054988414,0.033264324,0.014248596,0.0074754967,0.09119255,0.007734825,4.542079,-1.0362316,7.366501,0.35112515,0.1823851,0.01546965,0.11936748,-0.027232539,0.086460955,0.0041211657,253.49986,254.05367,338.9996,0.6851065,11.426202,0.26055372
1,81,20,0.01,0.054130886,0.034597177,0.012756825,0.0067768837,0.09300158,0.0011804982,4.297738,-0.7737098,7.0138464,-0.08461646,0.18600316,0.0023609963,0.112946115,-0.020333372,0.08232183,-0.0009931459,253.49052,253.9831,339.24405,0.85832626,11.430582,0.16762742
1,82,20,0.01,0.04703525,0.028304592,0.011963142,0.0067675137,0.08411984,0.0029768262,4.1618967,-1.0878892,7.008996,0.06319042,0.16823968,0.0059536523,0.10937615,-0.02859012,0.0822649,0.00074166723,253.45999,253.88126,339.37665,1.0246987,11.430582,0.1464186
1,83,20,0.01,0.04983482,0.031900994,0.01117444,0.0067593865,0.089304246,0.0035530203,4.0223656,-0.29249337,7.004786,-0.38630173,0.17860849,0.0071060406,0.105709225,-0.007686833,0.08221549,-0.0045340387,253.39542,253.63313,338.654,0.6787951,11.434917,0.1330098
1,84,20,0.01,0.04765847,0.02918635,0.011890947,0.0065811737,0.085420065,-4.2207237e-5,4.14932,-0.60053873,6.9118276,-0.31910518,0.17084013,-8.4414474e-5,0.10904562,-0.015782373,0.08112443,-0.003745353,253.39893,253.60674,339.25403,0.9196439,11.434917,0.1922679
1,85,20,0.01,0.047529705,0.030442862,0.010672344,0.0064145,0.087239414,-0.002791473,3.9309592,0.039768122,6.8237424,-0.48993513,0.17447883,-0.005582946,0.10330704,0.0010451201,0.080090575,-0.005750391,253.3746,253.45927,339.04892,0.450167,11.43921,0.1964046
1,86,20,0.01,0.051513612,0.03378131,0.011070432,0.006661868,0.09189846,0.0035318828,4.003603,0.25719956,6.9540725,-0.5576175,0.18379693,0.0070637655,0.10521612,0.006759298,0.08162027,-0.006544782,253.35825,253.35056,338.26547,0.30041793,11.43921,0.20938712
1,87,20,0.01,0.050886683,0.033204604,0.011231644,0.006450437,0.091110654,-0.0004520609,4.032648,0.70007795,6.8428307,-0.70784724,0.18222131,-0.0009041218,0.10597945,0.018398304,0.080314614,-0.008308033,253.4305,253.58733,338.97592,0.0077692866,11.4440155,0.2773965
1,88,20,0.01,0.05249141,0.034254003,0.011727139,0.0065102694,0.092539184,-0.00044772404,4.1206403,0.50672036,6.874494,-0.6024339,0.18507837,-0.0008954481,0.10829192,0.013316792,0.08068624,-0.0070707956,253.46156,253.72005,339.1148,0.095713556,11.4440155,0.16350839
1,89,20,0.01,0.053211644,0.034506075,0.012342124,0.0063634454,0.09287906,0.0064751315,4.227306,0.97012585,6.796532,-0.7532167,0.18575811,0.012950263,0.111095116,0.025495255,0.079771206,-0.008840541,253.43521,253.66467,338.555,-0.21690917,11.448975,0.16017303
1,90,20,0.01,0.04881596,0.030864697,0.011844235,0.006107025,0.08784176,0.0017024648,4.1411614,1.0278476,6.6581883,-0.6545905,0.17568351,0.0034049295,0.10883122,0.027012207,0.078147456,-0.007682956,253.4297,253.60048,339.1022,-0.37325716,11.448975,0.1726289
1,91,20,0.01,0.048456382,0.032662276,0.009648471,0.006145635,0.09036354,0.0049754325,3.737644,0.7287741,6.6792016,-0.24530369,0.18072708,0.009950865,0.09822663,0.019152446,0.0783941,-0.0028791374,253.39993,253.4855,338.96503,-0.48347038,11.453842,0.11386277
1,92,20,0.01,0.049919166,0.033316653,0.010337362,0.0062651495,0.09126425,0.008625401,3.8687756,0.94050014,6.7438345,-0.4423607,0.1825285,0.017250802,0.10167282,0.024716683,0.079152696,-0.0051920083,253.34697,253.27673,338.1247,-0.49813944,11.453842,0.120098256
1,93,20,0.01,0.04662643,0.029551871,0.01089076,0.0061838008,0.08595329,0.005282937,3.9709804,0.69134045,6.6999087,-0.12966387,0.17190658,0.010565874,0.10435881,0.018168679,0.078637145,-0.00152187,253.33049,253.12944,338.48312,-0.56167656,11.458274,0.13425605
1,94,20,0.01,0.05371789,0.035756953,0.012088838,0.0058720983,0.09454755,0.007403328,4.183704,0.64153576,6.5288672,0.116629556,0.1890951,0.014806656,0.10994925,0.01685979,0.07662962,0.0013688884,253.29114,252.91737,338.39954,-0.7581653,11.458274,0.22538815
1,95,20,0.01,0.048458174,0.031744547,0.011414003,0.0052996236,0.089085,0.0073429877,4.0652533,0.4224138,6.202456,-0.20998368,0.17817,0.014685975,0.106836334,0.011101187,0.07279851,-0.0024645913,253.19424,252.561,337.57462,-0.21243012,11.461919,0.14582743
1,96,20,0.01,0.04478347,0.027491298,0.011825413,0.005466759,0.0829025,0.0032484985,4.1378703,0.19458547,6.2995024,-0.2653988,0.165805,0.006496997,0.10874472,0.0051137777,0.073937535,-0.003114998,253.16211,252.39465,337.90997,0.07081333,11.461919,0.13716155
1,97,20,0.01,0.044716895,0.028403698,0.011015821,0.005297379,0.08426698,0.003582164,3.9937158,-0.2846346,6.2011423,0.052987784,0.16853397,0.007164328,0.104956284,-0.0074803,0.0727831,0.00062192074,253.13147,252.22954,337.6075,0.2316468,11.46427,0.14144605
1,98,20,0.01,0.04415536,0.02882319,0.009869913,0.005462257,0.08488697,0.008918157,3.7802916,0.0168442,6.296907,-0.10764806,0.16977394,0.017836314,0.099347435,0.00044267107,0.073907085,-0.0012634691,253.09236,252.09026,337.0168,0.09080386,11.46427,0.15454417
1,99,20,0.01,0.03964179,0.024742309,0.009585097,0.0053143846,0.07864844,0.00226064,3.7253487,-0.3344524,6.211088,-0.2123442,0.15729688,0.00452128,0.09790351,-0.008789528,0.072899826,-0.0024922923,253.11652,252.13254,337.81195,0.54679656,11.467821,1.2817782
1,100,20,0.01,0.04409774,0.029615294,0.009323709,0.005158736,0.086045474,0.003777677,3.674202,-0.48258302,6.119457,0.088353515,0.17209095,0.007555354,0.09655935,-0.012682456,0.07182434,0.0010370064,253.1508,252.25722,337.8757,0.3942295,11.467821,0.24651746
2,1,20,0.0069999998,0.2381166,0.13010095,0.086546086,0.021469584,0.18034755,0.02906621,11.194181,-1.2583948,12.483977,0.42213085,0.3606951,0.05813242,0.29418716,-0.03307108,0.14652503,0.0049545644,251.85172,247.92867,332.5337,0.836264,11.465736,1.0114331
2,2,20,0.0069999998,0.24062212,0.1290173,0.0899673,0.021637516,0.17959489,0.030392686,11.413296,-1.2616315,12.532708,-0.08464682,0.35918978,0.06078537,0.2999455,-0.033156153,0.14709696,-0.0009935119,251.86821,248.03879,332.08014,1.3462783,11.465736,1.0839965
2,3,20,0.0069999998,0.177998,0.09195336,0.06798908,0.018055566,0.15161906,0.015277744,9.92175,-1.6044831,11.448451,-0.13802855,0.30323812,0.030555489,0.26074716,-0.042166427,0.134371,-0.001620047,251.94731,248.3548,333.16714,1.7425116,11.460669,0.7895958
2,4,20,0.0069999998,0.1749655,0.09158539,0.06623375,0.017146366,0.15131539,0.016630644,9.792831,-1.6027055,11.156483,0.037353206,0.30263078,0.033261288,0.25735918,-0.042119678,0.13094413,0.00043842287,251.96082,248.51689,333.4287,1.5653523,11.460669,0.7893824
2,5,20,0.0069999998,0.12577544,0.066179745,0.04720971,0.012385983,0.12862712,0.0062560113,8.267692,-1.4849597,9.482142,-0.20578496,0.25725424,0.012512023,0.21727796,-0.03902526,0.11129233,-0.002415315,251.92168,248.38936,332.9084,1.6907446,11.4556265,0.40198764
2,6,20,0.0069999998,0.11548893,0.057350457,0.0465045,0.011633977,0.11973978,-0.000315242,8.20571,-1.5730159,9.189785,-0.06776629,0.23947956,-0.000630484,0.21564902,-0.04133943,0.107860915,-0.0007953692,251.90578,248.15652,333.41553,1.6407822,11.4556265,0.40274173
2,7,20,0.0069999998,0.08932474,0.04847462,0.032736905,0.00811322,0.110084765,-0.012962144,6.8847394,-1.5913327,7.674283,0.10101056,0.22016953,-0.025924288,0.18093343,-0.04182079,0.090073414,0.0011855665,251.91264,248.13387,333.4778,1.4903221,11.451476,0.3444026
2,8,20,0.0069999998,0.0913661,0.050137818,0.03364639,0.0075818887,0.11195738,-0.010458331,6.9797187,-1.5086093,7.4187365,-0.21639845,0.22391476,-0.020916661,0.18342952,-0.039646808,0.08707404,-0.0025398827,251.89784,248.08156,332.97546,1.7250078,11.451476,0.3486078
2,9,20,0.0069999998,0.082955375,0.053347573,0.02425327,0.005354531,0.11548547,-0.023638932,5.9258933,-1.1944616,6.234504,-0.36871114,0.23097093,-0.047277864,0.15573461,-0.031390883,0.07317466,-0.0043275766,251.91145,248.04646,333.62387,1.5631727,11.446662,0.52795655
2,10,20,0.0069999998,0.0808319,0.053411663,0.022213276,0.0052069547,0.11555482,-0.021440726,5.6712008,-1.0598125,6.1479893,-0.12027964,0.23110963,-0.04288145,0.14904119,-0.027852254,0.07215923,-0.0014117282,251.93845,248.11812,333.63898,1.1800922,11.446662,0.5707081
2,11,20,0.0069999998,0.077415444,0.05582335,0.017485691,0.0041064,0.11813483,-0.016051464,5.031646,-0.38462317,5.459739,-0.48687288,0.23626965,-0.032102928,0.13223347,-0.010108035,0.0640812,-0.005714449,251.97032,248.41943,333.10867,0.8714961,11.440394,0.48098642
2,12,20,0.0069999998,0.078121506,0.05578372,0.01813774,0.004200051,0.11809289,-0.019575471,5.1246033,-0.49129432,5.5216446,-0.38273227,0.23618577,-0.039150942,0.13467643,-0.012911392,0.0648078,-0.0044921474,252.06259,248.7927,334.20242,0.8740266,11.440394,0.48479444
2,13,20,0.0069999998,0.0614335,0.043347217,0.014443405,0.0036428776,0.104099974,-0.0071102586,4.573024,0.31800544,5.142372,-0.05278073,0.20819995,-0.014220517,0.12018072,0.008357297,0.060356256,-0.00061948976,252.13739,249.11969,334.6072,-0.26522473,11.433546,1.3357902
2,14,20,0.0069999998,0.067940906,0.050178725,0.0139405215,0.0038216559,0.11200304,-0.00418438,4.4927077,0.30600396,5.2670445,-0.4411216,0.22400609,-0.00836876,0.118069984,0.008041896,0.061819542,-0.0051774625,252.17755,249.36374,334.39417,0.13511765,11.433546,0.46843767
2,15,20,0.0069999998,0.06464075,0.047474965,0.013062083,0.004103702,0.10894375,0.0028704978,4.348855,0.81784093,5.4579444,0.37626144,0.2178875,0.0057409955,0.11428947,0.021493157,0.064060144,0.0044161985,252.23358,249.43556,334.94543,-1.1941024,11.425517,0.4726925
2,16,20,0.0069999998,0.06121536,0.04370015,0.01348502,0.0040301867,0.104522906,0.0034038534,4.4186997,0.8165727,5.408836,0.45246524,0.20904581,0.006807707,0.11612502,0.021459829,0.06348375,0.0053106057,252.25433,249.58195,335.1965,-1.269038,11.425517,0.36229697
2,17,20,0.0069999998,0.064892195,0.04196045,0.018561807,0.0043699383,0.102421254,0.013848986,5.184165,1.3643252,5.63221,0.6185722,0.20484251,0.027697971,0.13624172,0.03585496,0.06610551,0.0072602113,252.18932,249.44215,334.3986,-1.9828973,11.419458,0.4231059
2,18,20,0.0069999998,0.06027241,0.03690554,0.018978598,0.0043882723,0.09605407,0.008967466,5.242045,1.3689873,5.6440125,0.743529,0.19210814,0.017934931,0.13776283,0.035977475,0.066244036,0.008726833,252.16846,249.19536,335.03418,-2.1125164,11.419458,0.42017332
2,19,20,0.0069999998,0.06450516,0.03666517,0.02283038,0.005009605,0.09574076,0.010626319,5.7494364,1.5070621,6.0303555,1.1553735,0.19148152,0.021252638,0.15109725,0.039606135,0.07077856,0.013560669,252.14352,249.0279,334.86566,-2.6624355,11.414632,0.27689636
2,20,20,0.0069999998,0.078516275,0.051442064,0.022085745,0.004988461,0.113404214,0.012356236,5.6548963,1.4455268,6.0176163,0.9125337,0.22680843,0.024712471,0.14861274,0.037988976,0.07062904,0.010710452,252.12314,248.9938,334.1552,-2.3580606,11.414632,0.2771148
2,21,20,0.0069999998,0.07449098,0.04770281,0.021981765,0.004806398,0.109204866,0.0052004685,5.6415696,1.2009519,5.9067836,1.0026385,0.21840973,0.010400937,0.14826249,0.031561457,0.06932819,0.011768015,252.18344,249.24522,335.16815,-2.2035904,11.40981,0.359297
2,22,20,0.0069999998,0.068584226,0.04156082,0.021941124,0.005082276,0.101932354,0.0070385826,5.6363525,1.2109928,6.0739384,1.2686504,0.20386471,0.014077165,0.14812537,0.03182533,0.07129008,0.014890206,252.21034,249.33936,335.3507,-2.4796433,11.40981,0.32637182
2,23,20,0.0069999998,0.07265719,0.047943562,0.019436562,0.0052770656,0.10948009,0.0094228545,5.3049145,0.7632891,6.189243,1.2062358,0.21896018,0.018845709,0.13941507,0.020059513,0.072643414,0.014157645,252.22649,249.4094,334.82904,-1.9695249,11.404721,0.36448395
2,24,20,0.0069999998,0.07330774,0.047686063,0.020477979,0.0051436927,0.109185696,0.0053769243,5.4451795,0.6729371,6.1105275,1.157114,0.21837139,0.010753849,0.14310129,0.017685032,0.07171954,0.013581104,252.27155,249.5776,335.37503,-1.8300512,11.404721,0.31098968
2,25,20,0.0069999998,0.064622805,0.040824298,0.018496439,0.005302071,0.10102512,0.005676477,5.175029,0.21756737,6.203888,1.405167,0.20205024,0.011352954,0.13600162,0.0057177558,0.07281532,0.01649251,252.28267,249.60567,335.37262,-1.6227343,11.399795,0.58742213
2,26,20,0.0069999998,0.068064556,0.04260188,0.02019422,0.0052684527,0.10320111,0.009088094,5.4073215,0.29753622,6.18419,1.1883312,0.20640223,0.018176189,0.14210637,0.00781936,0.07258411,0.013947502,252.28232,249.66454,334.96777,-1.4858675,11.399795,0.23605856
2,27,20,0.0069999998,0.06071558,0.03684888,0.017900996,0.005965702,0.09598031,0.0026414716,5.0910487,-0.35913503,6.580698,1.4731268,0.19196062,0.005282943,0.1337946,-0.009438197,0.077237956,0.017290158,252.31207,249.705,335.78983,-1.1139917,11.394215,0.19806659
2,28,20,0.0069999998,0.05916967,0.03562971,0.016987873,0.0065520895,0.094379164,0.0028811235,4.959503,-0.2738402,6.896538,1.7283514,0.18875833,0.005762247,0.13033754,-0.007196619,0.08094498,0.020285739,252.3134,249.64473,335.82877,-1.4545112,11.394215,0.21826792
2,29,20,0.0069999998,0.06366693,0.04108403,0.015456061,0.007126839,0.10134598,0.006369763,4.73062,-0.6756716,7.192662,1.8405004,0.20269196,0.012739526,0.12432241,-0.017756902,0.08442061,0.021602036,252.3173,249.65962,335.2193,-1.1648288,11.389448,0.24863958
2,30,20,0.0069999998,0.06042705,0.03637513,0.01715708,0.0068948385,0.09536133,0.0010556214,4.9841413,-0.8787356,7.074623,1.734916,0.19072266,0.0021112429,0.13098504,-0.023093488,0.08303516,0.020362789,252.37717,249.84616,335.90625,-0.85618037,11.389448,0.20175415
2,31,20,0.0069999998,0.05533064,0.030658951,0.017903373,0.0067683156,0.08754849,0.00043130794,5.0913873,-1.1640177,7.009411,1.802102,0.17509697,0.0008626159,0.13380349,-0.030590802,0.08226977,0.02115135,252.39761,249.94888,336.04404,-0.6380843,11.385413,0.17728855
2,32,20,0.0069999998,0.06062834,0.034987476,0.0185984,0.007042463,0.093524694,0.0039555263,5.189272,-1.078616,7.149959,1.737033,0.18704939,0.007911053,0.13637595,-0.028346416,0.08391938,0.020387638,252.36766,249.85143,335.55972,-0.658417,11.385413,1.0645288
2,33,20,0.0069999998,0.052463293,0.030211901,0.016402466,0.005848926,0.086907856,-0.005587438,4.8733,-1.1987548,6.5159726,1.2932925,0.17381571,-0.011174876,0.12807211,-0.031503715,0.07647827,0.015179434,252.40315,249.93152,336.40878,-0.094537735,11.383128,0.22130734
2,34,20,0.0069999998,0.051968895,0.029753773,0.0158642,0.0063509205,0.08624641,-0.0041012648,4.792673,-1.2140039,6.78984,1.4951249,0.17249282,-0.0082025295,0.12595317,-0.031904463,0.07969266,0.017548352,252.41357,249.95021,336.47427,-0.28112102,11.383128,0.20298666
2,35,20,0.0069999998,0.05430447,0.033362564,0.015289783,0.005652122,0.09132711,0.00017364729,4.7051053,-0.8800861,6.40541,1.0288783,0.18265422,0.00034729458,0.12365186,-0.023128977,0.0751806,0.012075992,252.40834,249.99928,335.76495,-0.1487922,11.381097,4.2988477
2,36,20,0.0069999998,0.05182198,0.03231817,0.014150462,0.005353345,0.08988628,-0.004917671,4.5264106,-0.9094184,6.2338142,1.0467961,0.17977256,-0.009835342,0.11895572,-0.023899844,0.07316656,0.012286288,252.48425,250.28261,336.62256,-0.13737768,11.381097,0.17572725
2,37,20,0.0069999998,0.054011382,0.032902382,0.01349664,0.0076123574,0.09069507,0.0030354888,4.420603,-0.7976132,7.433628,2.011147,0.18139014,0.0060709775,0.11617504,-0.020961564,0.087248825,0.023604922,252.54019,250.51945,337.02353,-1.2135339,11.3754425,0.47649518
2,38,20,0.0069999998,0.0598139,0.037244815,0.015001921,0.007567169,0.09649458,0.0057376707,4.660603,-0.6786141,7.4115305,1.8410131,0.19298916,0.011475341,0.12248233,-0.017834226,0.08698948,0.021608055,252.54245,250.61423,336.46426,-1.162399,11.3754425,0.38090906
2,39,20,0.0069999998,0.06389076,0.03845872,0.01673671,0.008695331,0.098054476,0.0025654589,4.9227037,-0.46545184,7.944824,2.3150811,0.19610895,0.0051309178,0.12937044,-0.012232242,0.09324876,0.02717221,252.59518,250.77621,337.34198,-1.8496293,11.3715,0.48063567
2,40,20,0.0069999998,0.05783309,0.033408433,0.015034559,0.009390098,0.09138987,0.0032132526,4.6656704,-0.5508019,8.256125,2.4867308,0.18277974,0.0064265053,0.122615494,-0.01447527,0.09690252,0.02918687,252.64796,250.95102,337.65817,-1.935929,11.3715,0.3846062
2,41,20,0.0069999998,0.055935197,0.033052027,0.012850539,0.010032633,0.090901084,0.007951778,4.313495,-0.40562746,8.533923,2.6936212,0.18180217,0.015903557,0.11336022,-0.0106600365,0.100163035,0.031615157,252.65692,251.07785,337.01877,-2.2879937,11.369228,0.5932378
2,42,20,0.0069999998,0.05353988,0.0310562,0.012827657,0.009656025,0.088113844,0.00058564846,4.3096538,-0.41725436,8.372215,2.6258585,0.17622769,0.0011712969,0.11325925,-0.010965599,0.098265074,0.030819817,252.6867,251.19688,337.56287,-2.208604,11.369228,0.24367715
2,43,20,0.0069999998,0.04810109,0.025332766,0.013044963,0.009723361,0.07958135,-0.0009137876,4.346004,-0.22285885,8.401357,2.8432388,0.1591627,-0.0018275751,0.11421455,-0.0058568125,0.0986071,0.033371218,252.7009,251.2064,337.738,-2.62038,11.368589,0.24629295
2,44,20,0.0069999998,0.05673083,0.03275837,0.013631081,0.010341376,0.09049637,0.0033948654,4.4425654,-0.112072885,8.664238,2.7637203,0.18099274,0.006789731,0.11675222,-0.0029453142,0.10169256,0.032437913,252.6817,251.18263,337.06085,-2.6516473,11.368589,0.42580914
2,45,20,0.0069999998,0.05273626,0.029956458,0.012927272,0.00985253,0.08653967,-0.0031212412,4.326355,-0.06555584,8.456976,2.8616195,0.17307934,-0.0062424825,0.11369816,-0.0017228305,0.09925991,0.033586957,252.7502,251.4639,337.90433,-2.7960637,11.368831,0.3419952
2,46,20,0.0069999998,0.051065918,0.028469222,0.012484402,0.010112293,0.08436412,-0.0039810464,4.2516017,-0.3286376,8.567737,2.9947293,0.16872825,-0.007962093,0.11173362,-0.008636716,0.1005599,0.03514928,252.83646,251.85991,338.47665,-2.6660917,11.368831,0.36354244
2,47,20,0.0069999998,0.059325945,0.034559976,0.013810442,0.010955528,0.092951566,0.006770499,4.471698,-0.19384298,8.917803,3.2300384,0.18590313,0.013540998,0.11751784,-0.0050942656,0.10466866,0.037911106,252.8658,252.00827,338.01248,-3.0361955,11.369804,0.2293941
2,48,20,0.0069999998,0.059408218,0.032857727,0.015203798,0.011346689,0.090633504,0.0016041823,4.691857,-0.17637783,9.075609,3.2608297,0.18126701,0.0032083646,0.12330368,-0.004635275,0.10652084,0.038272515,252.93663,252.20656,338.68466,-3.084452,11.369804,0.3405166
2,49,20,0.0069999998,0.05655153,0.027961386,0.01635678,0.012233366,0.08360829,0.0094213,4.8665094,-0.03816335,9.423543,3.5642302,0.16721658,0.0188426,0.12789363,-0.0010029451,0.11060455,0.04183353,252.97548,252.45927,339.01593,-3.5260668,11.370522,1.3061124
2,50,20,0.0069999998,0.062246677,0.034038704,0.016113933,0.01209404,0.0922479,0.01340785,4.8302484,0.17293757,9.369727,3.4933963,0.1844958,0.0268157,0.12694067,0.004544862,0.10997291,0.041002158,252.9677,252.49779,338.35913,-3.666334,11.370522,0.22926956
2,51,20,0.0069999998,0.055316545,0.027450072,0.016754624,0.011111846,0.082840316,0.007303224,4.9253373,0.4486689,8.981199,3.2665176,0.16568063,0.014606448,0.12943965,0.011791181,0.105412744,0.038339272,253.04337,252.76826,339.32,-3.7151866,11.372599,0.2560286
2,52,20,0.0069999998,0.058372814,0.030197,0.015828628,0.012347189,0.08688642,0.007892355,4.7872963,0.2131466,9.467281,3.5195596,0.17377284,0.01578471,0.12581187,0.0056015747,0.11111791,0.04130924,253.09894,252.9819,339.68323,-3.7327063,11.372599,0.33873624
2,53,20,0.0069999998,0.057249907,0.029757129,0.016142577,0.011350203,0.086251274,0.008912571,4.8345394,0.43494123,9.077014,2.9815187,0.17250255,0.017825142,0.12705344,0.011430411,0.106537335,0.03499421,253.08643,252.9461,338.95868,-3.41646,11.374348,0.39902422
2,54,20,0.0069999998,0.05084316,0.024927739,0.014547591,0.011367832,0.078942604,0.0033814576,4.589488,0.38423812,9.084061,2.887333,0.15788521,0.0067629153,0.120613396,0.010097913,0.106620036,0.03388877,253.1263,253.0417,339.5924,-3.2715712,11.374348,0.17599975
2,55,20,0.0069999998,0.04770042,0.02219923,0.0142929945,0.011208197,0.07449703,-0.0001947201,4.5491505,0.35265628,9.020053,2.6738114,0.14899406,-0.0003894402,0.11955331,0.009267937,0.10586877,0.031382646,253.11308,252.99423,339.7742,-3.0264678,11.375531,0.12462429
2,56,20,0.0069999998,0.053803854,0.025699578,0.016756147,0.011348127,0.08015544,0.005803412,4.9255614,0.54077715,9.076184,2.5397358,0.16031088,0.011606824,0.12944554,0.014211818,0.10652759,0.029808993,253.04001,252.68944,338.762,-3.080513,11.375531,0.4546544
2,57,20,0.0069999998,0.050484214,0.022501418,0.017051559,0.010931236,0.075002365,-0.0017165495,4.9687905,0.31075376,8.90791,2.353335,0.15000473,-0.003433099,0.13058162,0.008166725,0.10455255,0.027621202,253.06996,252.72728,339.2721,-2.6640887,11.375925,0.118799984
2,58,20,0.0069999998,0.05543512,0.026736528,0.017355504,0.01134309,0.08175654,-0.0023812135,5.0128794,0.14600591,9.074169,2.4361296,0.16351308,-0.004762427,0.13174029,0.003837087,0.10650394,0.028592966,253.09071,252.75114,339.49268,-2.5821354,11.375925,0.17313926
2,59,20,0.0069999998,0.054614194,0.025451537,0.017493945,0.01166871,0.07976769,0.004335619,5.0328336,0.041129295,9.203492,2.488254,0.15953538,0.008671238,0.13226467,0.0010808947,0.1080218,0.029204749,253.06723,252.76396,338.80066,-2.5293834,11.376893,0.17390476
2,60,20,0.0069999998,0.050253645,0.02067347,0.01817245,0.011407727,0.07189136,-0.004363681,5.1295047,-0.05276239,9.099988,2.4836717,0.14378272,-0.008727362,0.13480523,-0.0013866184,0.10680696,0.029150963,253.1184,252.98718,339.49152,-2.4309092,11.376893,0.10696407
2,61,20,0.0069999998,0.053275466,0.02354508,0.017714033,0.012016351,0.07672203,-0.0031748598,5.0643926,-0.553459,9.339584,2.700495,0.15344407,-0.0063497196,0.13309407,-0.014545103,0.10961912,0.031695824,253.13013,253.02937,339.73785,-2.147036,11.378278,0.17528482
2,62,20,0.0069999998,0.050627034,0.020592323,0.017047618,0.012987097,0.07175013,0.0018093062,4.9682164,-0.33182517,9.709508,2.7183268,0.14350025,0.0036186124,0.13056652,-0.008720484,0.113960944,0.031905122,253.08704,252.85313,339.21756,-2.3865016,11.378278,0.5722813
2,63,20,0.0069999998,0.048152257,0.020629315,0.014863979,0.012658965,0.071814544,-0.0058942824,4.6391263,-0.718281,9.586063,2.6238623,0.14362909,-0.011788565,0.12191792,-0.01887669,0.11251207,0.030796394,253.12413,252.90384,339.61624,-1.9055812,11.379732,0.12622575
2,64,20,0.0069999998,0.05082992,0.019924318,0.017060472,0.013845131,0.070576765,-0.0019358544,4.970089,-0.8606464,10.025124,2.7533257,0.14115353,-0.0038717089,0.13061574,-0.022618096,0.117665336,0.032315917,253.14862,252.9289,339.60233,-1.8926792,11.379732,0.14376111
2,65,20,0.0069999998,0.057448044,0.02406264,0.019232431,0.014152974,0.077560686,0.004340162,5.276984,-0.81157583,10.135965,2.7216852,0.15512137,0.008680324,0.13868104,-0.021328498,0.118966274,0.03194454,253.12582,252.83289,338.89322,-1.9101093,11.381397,2.0251052
2,66,20,0.0069999998,0.058457933,0.023626836,0.020822158,0.014008941,0.076855116,-0.0019270936,5.4907484,-0.8092431,10.084256,2.5861914,0.15371023,-0.0038541872,0.14429885,-0.021267202,0.11835937,0.030354239,253.15024,252.8179,339.2622,-1.7769483,11.381397,0.13717133
2,67,20,0.0069999998,0.059459753,0.023705091,0.022884263,0.012870402,0.07698229,-0.0018508497,5.7562175,-0.72956944,9.665788,2.2489197,0.15396458,-0.0037016994,0.15127546,-0.01917335,0.11344779,0.026395664,253.16505,252.85135,339.31982,-1.5193503,11.384535,0.26559135
2,68,20,0.0069999998,0.057442095,0.023839427,0.020603748,0.012998919,0.07720011,0.004725374,5.4618754,-0.5469379,9.713927,2.1515853,0.15440021,0.009450748,0.14354005,-0.014373726,0.1140128,0.025253257,253.19507,253.02808,338.71082,-1.6046474,11.384535,0.5987665
2,69,20,0.0069999998,0.052596416,0.024089327,0.01680481,0.01170228,0.07760368,-0.0018151824,4.9327087,-0.21091515,9.216721,1.8061954,0.15520737,-0.0036303648,0.12963337,-0.0055429214,0.10817707,0.021199398,253.3216,253.5465,339.7837,-1.5952802,11.387704,0.16567917
2,70,20,0.0069999998,0.05355301,0.023750283,0.016978273,0.012824456,0.07705563,0.0007176605,4.958101,-0.14011201,9.64852,1.9468201,0.15411127,0.001435321,0.1303007,-0.0036821938,0.113245115,0.022849912,253.39815,253.89273,340.25616,-1.8067081,11.387704,0.214686
2,71,20,0.0069999998,0.057999406,0.02804533,0.017752778,0.012201299,0.0837337,0.0066238074,5.0699286,0.15410224,9.411183,1.5788157,0.1674674,0.013247615,0.13323955,0.0040498637,0.11045949,0.01853063,253.39653,253.91536,339.45718,-1.7329179,11.391061,0.17824386
2,72,20,0.0069999998,0.05921138,0.028568218,0.018789958,0.011853202,0.08451068,0.0037768208,5.215927,0.06827618,9.275964,1.511613,0.16902135,0.0075536417,0.13707647,0.0017943262,0.10887241,0.017741866,253.45857,254.12811,339.91928,-1.5798892,11.391061,0.38737187
2,73,20,0.0069999998,0.053607713,0.026218433,0.016299082,0.011090199,0.080960535,0.004976004,4.8579187,0.17447838,8.9724455,1.4824319,0.16192107,0.009952008,0.12766786,0.0045853504,0.105310015,0.017399369,253.50209,254.20325,340.28787,-1.6569103,11.394895,0.19831792
2,74,20,0.0069999998,0.050998367,0.02400093,0.015604983,0.011392456,0.07746117,0.008826412,4.7533555,0.3073319,9.093894,1.4238511,0.15492234,0.017652825,0.124919906,0.0080767935,0.106735446,0.016711805,253.4948,254.263,339.73428,-1.731183,11.394895,0.3174164
2,75,20,0.0069999998,0.043421037,0.021833124,0.011450267,0.010137647,0.07388018,0.0008476836,4.071707,0.62152964,8.578469,1.0560989,0.14776036,0.0016953672,0.107005924,0.016334023,0.10068589,0.012395476,253.53673,254.41434,340.58295,-1.6776285,11.39911,0.10120001
2,76,20,0.0069999998,0.044903353,0.023530358,0.010980108,0.0103928875,0.07669804,-0.0005263632,3.9872363,0.6310838,8.68579,1.1334984,0.15339608,-0.0010527264,0.10478601,0.01658511,0.10194551,0.013303918,253.52454,254.3713,340.73383,-1.7645822,11.39911,0.13495812
2,77,20,0.0069999998,0.047551617,0.024420345,0.013606667,0.009524608,0.07813505,0.0006839347,4.438585,1.034408,8.315048,0.7905081,0.1562701,0.0013678694,0.116647616,0.027184615,0.0975941,0.009278228,253.4607,254.14682,339.8208,-1.8249161,11.402176,0.24882543
2,78,20,0.0069999998,0.044264052,0.02129077,0.013538307,0.009434977,0.072956786,-0.004402466,4.427421,1.0431333,8.275831,0.74589455,0.14591357,-0.008804932,0.11635423,0.027413918,0.09713381,0.008754598,253.4721,254.12283,340.36365,-1.7890278,11.402176,0.21534383
2,79,20,0.0069999998,0.050652422,0.027982803,0.013963448,0.00870617,0.08364031,-0.004887155,4.496401,1.0470649,7.9497733,0.81127614,0.16728061,-0.00977431,0.118167035,0.027517246,0.09330686,0.0095219845,253.44664,253.90672,340.1973,-1.858341,11.403977,0.24017642
2,80,20,0.0069999998,0.046233367,0.021836625,0.014803525,0.009593215,0.073886104,-0.0016835305,4.629683,1.1916462,8.344942,0.73620605,0.14777221,-0.003367061,0.12166974,0.031316895,0.09794496,0.00864088,253.41998,253.83075,339.42084,-1.9278523,11.403977,0.18738878
2,81,20,0.0069999998,0.04302031,0.021519642,0.0124316355,0.009069032,0.073347874,-0.0056547085,4.242607,0.9797902,8.113751,0.85390735,0.14669575,-0.011309417,0.111497246,0.02574924,0.095231466,0.010022355,253.5161,254.13448,340.42084,-1.8336976,11.404157,0.15792614
2,82,20,0.0069999998,0.04830784,0.026830748,0.012550658,0.008926433,0.08190047,-0.0038857667,4.262868,0.7043005,8.049709,0.9535793,0.16380094,-0.0077715334,0.11202972,0.018509272,0.0944798,0.011192206,253.5823,254.4029,340.70395,-1.6578798,11.404157,0.3182336
2,83,20,0.0069999998,0.041361257,0.020657089,0.012541265,0.0081629045,0.07186287,-0.0006072421,4.261273,0.6590515,7.6977444,0.887101,0.14372574,-0.0012144842,0.11198779,0.01732011,0.090348795,0.010411941,253.5945,254.55232,340.1036,-1.5461525,11.403877,0.13335128
2,84,20,0.0069999998,0.044239223,0.022737674,0.012798794,0.008702755,0.075395085,-0.0045053293,4.304802,0.68209356,7.9482145,0.8953108,0.15079017,-0.009010659,0.113131754,0.017925665,0.093288556,0.010508306,253.62262,254.58076,340.76382,-1.5774044,11.403877,0.11623618
2,85,20,0.0069999998,0.04501211,0.023786824,0.012763068,0.008462215,0.07711489,-0.003294184,4.29879,0.5573562,7.837602,0.9995872,0.15422978,-0.006588368,0.11297375,0.014647522,0.0919903,0.0117321955,253.61955,254.47878,340.68332,-1.5569434,11.402814,0.19365232
2,86,20,0.0069999998,0.04364426,0.022310065,0.012988737,0.008345459,0.07468277,0.002106284,4.3366275,0.77491283,7.7833457,0.8447387,0.14936554,0.004212568,0.11396814,0.020364989,0.09135348,0.009914734,253.58325,254.3426,339.63196,-1.6196516,11.402814,0.16802058
2,87,20,0.0069999998,0.040433474,0.021664964,0.011272914,0.0074955975,0.073595114,-0.0022734615,4.0400505,0.43474302,7.3763995,0.87626994,0.14719023,-0.004546923,0.10617398,0.011425203,0.08657712,0.010284816,253.61212,254.41718,340.2827,-1.311013,11.4015665,0.92297506
2,88,20,0.0069999998,0.04296686,0.023221487,0.011954131,0.007791243,0.07619299,-0.0025403306,4.160329,0.32473147,7.520463,1.0338968,0.15238598,-0.0050806613,0.109334946,0.008534061,0.08826802,0.012134897,253.59834,254.3518,340.28275,-1.3586283,11.4015665,0.10569543
2,89,20,0.0069999998,0.040332295,0.020928442,0.012166977,0.007236877,0.07233333,0.004698599,4.197203,0.030614285,7.247978,0.88223976,0.14466666,0.009397198,0.11030402,0.000804553,0.085069835,0.010354888,253.52187,254.07489,339.2449,-0.912854,11.4030695,0.26660112
2,90,20,0.0069999998,0.04078462,0.021459851,0.012023749,0.0073010162,0.073245905,0.00020335012,4.1724257,-0.023617538,7.2800255,0.84462273,0.14649181,0.00040670024,0.109652855,-0.00062067865,0.085445985,0.009913376,253.52155,254.01393,339.89304,-0.82100517,11.4030695,0.22313029
2,91,20,0.0069999998,0.044476837,0.02605695,0.010827589,0.007592298,0.08071083,0.0026809312,3.9594474,-0.33794206,7.4238267,1.1800684,0.16142166,0.0053618625,0.1040557,-0.00888124,0.087133795,0.013850515,253.53615,254.04431,340.12073,-0.8421263,11.40277,0.09735185
2,92,20,0.0069999998,0.04450158,0.025658278,0.011239084,0.0076042195,0.08009101,0.006922375,4.0339837,-0.26095867,7.4296527,0.99771774,0.16018201,0.01384475,0.10601455,-0.006858086,0.08720218,0.011710252,253.553,254.14674,339.55148,-0.73675907,11.40277,0.18635239
2,93,20,0.0069999998,0.042066697,0.02345828,0.011840646,0.0067677726,0.07658048,0.0013116456,4.1405344,-0.35434917,7.0091295,0.9023225,0.15316096,0.0026232912,0.10881473,-0.009312426,0.08226647,0.010590598,253.6419,254.53645,340.45294,-0.5479733,11.402597,0.13060805
2,94,20,0.0069999998,0.042509556,0.024614329,0.0110889375,0.00680629,0.07844477,0.0017191172,4.0069475,-0.55448896,7.0290465,1.1263003,0.15688954,0.0034382343,0.105304025,-0.014572169,0.08250024,0.0132194385,253.68884,254.77466,340.8021,-0.5718114,11.402597,0.19499558
2,95,20,0.0069999998,0.03954768,0.022181258,0.010549784,0.0068166424,0.07446687,0.005043457,3.908323,-0.04834838,7.0343904,0.9924598,0.14893374,0.010086914,0.10271214,-0.0012706126,0.08256296,0.011648551,253.67535,254.78745,340.10968,-0.9441114,11.402686,0.097940825
2,96,20,0.0069999998,0.0383697,0.021002568,0.010338335,0.0070287944,0.072461314,0.0016446257,3.8689578,0.10197488,7.1430163,1.0506141,0.14492263,0.0032892514,0.101677604,0.0026799368,0.083837904,0.012331105,253.69577,254.75049,340.778,-1.152589,11.402686,0.08929811
2,97,20,0.0069999998,0.04216318,0.023939373,0.011047465,0.007176341,0.07736177,4.618743e-5,3.999447,0.38734353,7.217599,1.0894095,0.15472354,9.237486e-5,0.10510692,0.010179527,0.08471329,0.012786449,253.69496,254.7185,340.8229,-1.476753,11.402299,0.08928143
2,98,20,0.0069999998,0.041252382,0.024073934,0.010498017,0.00668043,0.07757889,0.0034216796,3.8987226,0.34882608,6.9637537,0.9218098,0.15515777,0.006843359,0.10245983,0.009167275,0.0817339,0.01081932,253.6864,254.71988,340.16257,-1.2706358,11.402299,0.27181363
2,99,20,0.0069999998,0.03640289,0.020267613,0.010943128,0.005192148,0.071182184,-0.0006720224,3.9805162,0.6508611,6.1392417,0.48092833,0.14236437,-0.0013440448,0.10460941,0.017104864,0.07205656,0.005644679,253.71524,254.84308,340.56683,-1.1317894,11.402697,0.1183201
2,100,20,0.0069999998,0.04325833,0.02608,0.011483739,0.005694595,0.08074652,-0.0016162638,4.0776534,0.6082782,6.429433,0.8082297,0.16149303,-0.0032325275,0.10716221,0.015985774,0.07546254,0.009486233,253.69536,254.69862,340.50568,-1.416508,11.402697,0.32522863
3,1,20,0.0048999996,0.048430044,0.029963927,0.011453616,0.007012502,0.08655046,-0.0016111967,4.0723023,-0.29713467,7.134733,2.2632911,0.17310092,-0.0032223933,0.10702157,-0.007808806,0.08374068,0.026564358,253.87279,255.34454,342.63623,-1.9661565,11.403211,0.26132363
3,2,20,0.0048999996,0.043982785,0.027463706,0.010423894,0.0060951854,0.08286089,0.00228081,3.884934,-0.030387878,6.6517305,1.9065582,0.16572177,0.00456162,0.102097474,-0.0007986047,0.07807167,0.022377353,253.76575,254.94868,341.52386,-1.8761703,11.403211,0.20067559
3,3,20,0.0048999996,0.03610172,0.021823768,0.009023955,0.0052539995,0.07386435,-0.0029915457,3.6146576,0.07677598,6.175701,1.5518395,0.1477287,-0.0059830914,0.0949945,0.0020177027,0.07248448,0.018214012,253.68973,254.48102,341.52307,-1.6286155,11.403209,0.114219196
3,4,20,0.0048999996,0.040152192,0.026207445,0.009195348,0.0047493987,0.08094357,-0.0040849545,3.6488228,-0.06609957,5.8716555,1.5653859,0.16188714,-0.008169909,0.09589238,-0.0017371202,0.06891588,0.018373007,253.58846,254.04195,340.96762,-1.4992864,11.403209,0.15862602
3,5,20,0.0048999996,0.037047453,0.021234725,0.011421912,0.0043908167,0.072860695,0.00046679558,4.0666623,-0.20112024,5.645649,1.1332092,0.14572139,0.00093359116,0.10687335,-0.005285512,0.066263236,0.01330053,253.49306,253.71626,339.9083,-0.932089,11.40331,0.27285787
3,6,20,0.0048999996,0.039446943,0.023103468,0.012026151,0.0043173265,0.075999126,-0.0041742967,4.1728425,-0.30012497,5.5982037,1.1073084,0.15199825,-0.0083485935,0.10966381,-0.007887392,0.065706365,0.012996529,253.50478,253.71361,340.46347,-0.8071834,11.40331,0.30524632
3,7,20,0.0048999996,0.0485479,0.032679904,0.011220586,0.0046474105,0.09038792,-0.0017842952,4.030663,-0.72355914,5.8082685,1.2217956,0.18077584,-0.0035685904,0.105927266,-0.019015398,0.06817192,0.01434027,253.51093,253.72688,340.73193,-0.49823642,11.403118,0.26259056
3,8,20,0.0048999996,0.043145616,0.027578566,0.010979351,0.004587699,0.08303398,0.0024614749,3.987099,-0.5631532,5.7708354,1.0043682,0.16606796,0.0049229497,0.104782395,-0.01479987,0.06773256,0.011788315,253.48132,253.6461,340.1482,-0.44121498,11.403118,0.19515322
3,9,20,0.0048999996,0.03966525,0.024150228,0.010962593,0.004552428,0.07770172,0.002082189,3.9840553,-0.5482716,5.748608,1.0547465,0.15540344,0.004164378,0.104702406,-0.014408777,0.06747168,0.012379605,253.49805,253.59955,340.63367,-0.5064749,11.40255,0.2500516
3,10,20,0.0048999996,0.04335837,0.027916782,0.0110002,0.004441389,0.08354158,0.0028835686,3.9908826,-0.6412135,5.6780686,1.2530591,0.16708316,0.0057671373,0.10488184,-0.016851323,0.066643745,0.014707211,253.50122,253.56749,340.57758,-0.6118457,11.40255,0.26722848
3,11,20,0.0048999996,0.040157847,0.025393745,0.010585912,0.004178189,0.079677075,0.005296982,3.9150093,-0.14311396,5.507256,0.8703942,0.15935415,0.010593964,0.10288786,-0.003761088,0.06463891,0.010215855,253.51132,253.66406,339.76962,-0.7272802,11.401336,0.34958544
3,12,20,0.0048999996,0.041423246,0.026574772,0.01035178,0.004496694,0.08150885,0.0033696324,3.8714726,-0.18136801,5.713311,0.83124626,0.1630177,0.006739265,0.1017437,-0.004766417,0.06705739,0.009756378,253.6073,254.07956,340.64038,-0.64987826,11.401336,0.29749697
3,13,20,0.0048999996,0.037737235,0.025502078,0.008176838,0.004058322,0.07984685,-0.0008853586,3.4408152,0.33950683,5.427683,0.6022723,0.1596937,-0.0017707172,0.09042587,0.008922362,0.06370496,0.0070688967,253.65227,254.27415,341.13226,-0.94177914,11.39984,0.10588985
3,14,20,0.0048999996,0.032019626,0.020130398,0.008177848,0.003711379,0.070940815,0.0023434886,3.4410279,0.5246203,5.1904964,0.3227479,0.14188163,0.0046869772,0.09043145,0.013787209,0.060921088,0.0037881043,253.60048,254.1685,340.41406,-0.8473682,11.39984,0.112248935
3,15,20,0.0048999996,0.02913588,0.018029492,0.007852133,0.0032542525,0.06713697,-0.0056595677,3.3718054,0.80320984,4.860342,-0.06694568,0.13427395,-0.011319135,0.088612266,0.02110865,0.057046056,-0.00078574335,253.55872,253.93724,340.813,-0.73626417,11.398833,0.16197868
3,16,20,0.0048999996,0.03123067,0.021545628,0.007106702,0.00257834,0.073392145,-0.0044827415,3.2077663,0.674012,4.3262467,0.10387282,0.14678429,-0.008965483,0.084301256,0.01771328,0.050777357,0.00121916,253.51244,253.72694,340.7773,-0.77788484,11.398833,0.15179868
3,17,20,0.0048999996,0.030169759,0.019764466,0.007706601,0.0026986918,0.07029308,-0.0019760795,3.3404124,0.8928518,4.4260654,-0.43092224,0.14058615,-0.003952159,0.08778725,0.023464467,0.051948935,-0.005057754,253.4198,253.32623,339.89767,-0.4619296,11.398549,0.28041157
3,18,20,0.0048999996,0.03439324,0.023905296,0.007480342,0.0030076029,0.07730669,-0.00783821,3.2910113,0.9114341,4.672523,-0.66915894,0.15461338,-0.01567642,0.08648897,0.023952821,0.054841615,-0.0078539485,253.3598,252.98473,340.07654,-0.24227518,11.398549,0.3594741
3,19,20,0.0048999996,0.030073754,0.020276474,0.00689543,0.0029018505,0.07119774,-0.004911136,3.1597257,0.5716656,4.589641,-0.72432786,0.14239548,-0.009822272,0.083038725,0.01502358,0.053868826,-0.008501468,253.30757,252.75139,339.62186,0.15266228,11.398715,0.30153638
3,20,20,0.0048999996,0.030719293,0.019784965,0.008270153,0.002664177,0.07032952,0.0010878313,3.4603927,0.7334652,4.3976717,-0.76503617,0.14065903,0.0021756627,0.09094038,0.019275729,0.051615667,-0.008979266,253.26402,252.6391,338.8429,0.03157097,11.398715,0.2599945
3,21,20,0.0048999996,0.025949672,0.015735937,0.007253726,0.002960007,0.06272148,0.0014018735,3.2407782,0.38848162,4.6354036,-0.75655764,0.12544297,0.002803747,0.08516881,0.010209436,0.054405946,-0.008879751,253.25424,252.53154,339.41904,0.36807603,11.398818,0.10591336
3,22,20,0.0048999996,0.025072237,0.015334719,0.006981537,0.0027559802,0.061916716,0.0022962955,3.1793928,0.23970115,4.4727974,-0.65363973,0.12383343,0.004592591,0.083555594,0.006299432,0.05249743,-0.007671798,253.21019,252.35666,339.19775,0.41393858,11.398818,0.10435782
3,23,20,0.0048999996,0.032506973,0.022879682,0.00686536,0.0027619293,0.07563016,0.009623742,3.1528285,-0.02065751,4.477622,-0.7675854,0.15126032,0.019247483,0.08285747,-0.0005428863,0.05255406,-0.009009183,253.16368,252.18701,338.43396,0.78824294,11.398833,0.314261
3,24,20,0.0048999996,0.028549567,0.018691259,0.0069524776,0.0029058312,0.06835799,0.0073216716,3.172769,0.048447695,4.5927877,-0.7747064,0.13671598,0.014643343,0.08338152,0.0012732239,0.053905763,-0.009092766,253.1559,252.08176,338.91705,0.72625875,11.398833,0.3080639
3,25,20,0.0048999996,0.026701918,0.017710483,0.006351633,0.0026398024,0.06654037,0.007322736,3.0325737,-0.2661997,4.377507,-0.89499027,0.13308074,0.014645472,0.07969713,-0.0069958237,0.051379006,-0.010504542,253.10555,251.87775,338.6766,1.16119,11.398511,0.24197017
3,26,20,0.0048999996,0.02770127,0.017735414,0.007119738,0.002846119,0.06658719,0.010290825,3.210707,-0.17632787,4.5453544,-1.2390748,0.13317437,0.02058165,0.08437854,-0.004633961,0.05334903,-0.014543078,253.04387,251.67805,337.75714,1.4154027,11.398511,0.28341317
3,27,20,0.0048999996,0.02654593,0.016302861,0.006889336,0.0033537345,0.06384133,0.004648804,3.158329,-0.24330667,4.934073,-1.4803976,0.12768266,0.009297608,0.08300202,-0.006394185,0.057911437,-0.017375493,253.04956,251.63249,338.21875,1.7237042,11.398012,0.08178214
3,28,20,0.0048999996,0.030944819,0.02073087,0.0071164053,0.0030975433,0.07199109,0.005469264,3.2099557,-0.24442515,4.741873,-1.3376665,0.14398219,0.010938528,0.08435879,-0.0064235795,0.055655576,-0.015700253,253.04948,251.67685,338.32022,1.5820917,11.398012,0.087696455
3,29,20,0.0048999996,0.030181896,0.019239338,0.0073538776,0.00358868,0.06935297,0.0044999216,3.2630734,0.002701634,5.103976,-1.8305475,0.13870594,0.008999843,0.08575475,7.099937e-5,0.059905592,-0.021485219,253.0095,251.58693,337.72333,1.8278458,11.397376,0.2742707
3,30,20,0.0048999996,0.02780482,0.016998207,0.006807683,0.003998929,0.06518859,0.0006902068,3.1395566,0.011502006,5.3878193,-1.7682983,0.13037717,0.0013804137,0.08250868,0.0003022756,0.063237086,-0.020754598,253.00986,251.49246,338.27725,1.7567962,11.397376,0.22650461
3,31,20,0.0048999996,0.027316272,0.017745953,0.0061156778,0.0034546398,0.06660697,0.00020013185,2.9757123,-0.123561956,5.0077496,-1.6850154,0.13321394,0.0004002637,0.0782028,-0.003247252,0.058776185,-0.0197771,252.98894,251.35475,338.07816,1.8085774,11.396085,0.24124803
3,32,20,0.0048999996,0.028244378,0.01852118,0.0064874766,0.0032357222,0.06804627,0.0032127812,3.064831,-0.13259092,4.8464847,-1.9054682,0.13609254,0.0064255623,0.080544874,-0.003484537,0.05688341,-0.022364566,252.95213,251.22585,337.2104,2.0380592,11.396085,0.19626543
3,33,20,0.0048999996,0.024572928,0.014535832,0.0063810227,0.0036560735,0.06028232,0.0005523046,3.039582,-0.25882545,5.151678,-2.135233,0.12056464,0.0011046092,0.0798813,-0.0068020266,0.060465474,-0.025061328,252.94196,251.15434,337.39346,2.3940585,11.394872,0.14688662
3,34,20,0.0048999996,0.02947585,0.018597098,0.0069360742,0.003942677,0.06818559,0.0023711326,3.1690238,-0.18397607,5.34979,-2.0556364,0.13637118,0.004742265,0.0832831,-0.0048349565,0.06279074,-0.024127098,252.89668,251.00607,336.99338,2.2396126,11.394872,0.17341468
3,35,20,0.0048999996,0.03384805,0.02112283,0.008049275,0.004675946,0.07266848,0.0073465793,3.4138708,-0.24908979,5.826074,-2.0833342,0.14533696,0.014693159,0.08971775,-0.006546171,0.06838089,-0.024452185,252.83911,250.71631,336.17984,2.332424,11.393977,0.109015994
3,36,20,0.0048999996,0.032975316,0.018904403,0.008953236,0.005117679,0.06874664,0.003334962,3.6004655,-0.39658132,6.0950565,-2.036161,0.13749328,0.006669924,0.09462154,-0.010422297,0.07153796,-0.023898512,252.8636,250.71729,336.7072,2.4327424,11.393977,0.16054492
3,37,20,0.0048999996,0.03058343,0.01773264,0.008407303,0.0044434853,0.06658198,0.00576662,3.4889686,-0.54655015,5.6794086,-1.7233403,0.13316396,0.01153324,0.091691345,-0.014363535,0.06665947,-0.020226922,252.88629,250.88277,336.9191,2.2698903,11.393372,0.37325913
3,38,20,0.0048999996,0.032239705,0.019111088,0.008406754,0.0047218655,0.06912143,0.0076342765,3.4888544,-0.4434265,5.8546104,-1.9296329,0.13824286,0.015268553,0.09168835,-0.01165341,0.06871583,-0.022648185,252.85703,250.83049,336.42358,2.3730593,11.393372,0.20933552
3,39,20,0.0048999996,0.032482438,0.018969024,0.0074975416,0.0060158726,0.06886404,0.0029151607,3.294793,-0.46654826,6.608312,-2.1752598,0.13772808,0.0058303215,0.086588345,-0.012261058,0.07756206,-0.025531122,252.80461,250.54472,336.5555,2.641808,11.393793,0.11919607
3,40,20,0.0048999996,0.037715357,0.023890825,0.006878252,0.006946279,0.077283286,0.003923511,3.1557875,-0.48828134,7.1009645,-2.180091,0.15456657,0.007847022,0.08293523,-0.0128322095,0.08334434,-0.025587821,252.72342,250.19058,336.04712,2.6683722,11.393793,0.23323579
3,41,20,0.0048999996,0.03964966,0.025214655,0.006380632,0.008054375,0.079395615,0.005529952,3.0394888,-0.38695776,7.6464024,-2.51038,0.15879123,0.011059904,0.07987886,-0.01016939,0.08974617,-0.029464448,252.6664,249.99933,335.1317,2.897338,11.393815,0.3242235
3,42,20,0.0048999996,0.039128263,0.02378834,0.0062310775,0.009108845,0.077117346,0.0024917503,3.0036561,-0.45850626,8.131541,-2.6088297,0.15423469,0.0049835006,0.07893717,-0.012049709,0.09544027,-0.030619953,252.646,249.86165,335.4821,3.067336,11.393815,0.3439134
3,43,20,0.0048999996,0.03492101,0.021023521,0.0058075585,0.008089931,0.07249745,0.00493168,2.8997831,-0.3267834,7.66326,-2.3916602,0.1449949,0.00986336,0.07620734,-0.008587984,0.08994404,-0.02807102,252.63858,249.88516,335.53452,2.7184436,11.393089,0.17006928
3,44,20,0.0048999996,0.039878443,0.025212549,0.0064505483,0.008215347,0.0793923,0.008106906,3.0560958,-0.3304193,7.7224345,-2.5427892,0.1587846,0.016213812,0.08031531,-0.008683539,0.090638556,-0.029844841,252.61475,249.87996,334.97372,2.8732085,11.393089,0.14620326
3,45,20,0.0048999996,0.038428213,0.024167746,0.0061345575,0.008125909,0.077729896,0.005655802,2.9803026,-0.1775935,7.6802826,-2.3507316,0.15545979,0.011311604,0.07832342,-0.004667222,0.09014382,-0.027590645,252.62347,249.79329,335.55164,2.528325,11.391798,0.262464
3,46,20,0.0048999996,0.03926619,0.024057351,0.0073441104,0.007864729,0.07755216,0.0076278523,3.2609057,-0.21862604,7.5558467,-2.0609417,0.15510432,0.0152557045,0.085697785,-0.005745571,0.08868331,-0.024189368,252.63779,249.77956,335.67426,2.2795677,11.391798,0.33377904
3,47,20,0.0048999996,0.040755995,0.026885645,0.007085182,0.006785169,0.081984214,0.007915033,3.202906,0.26483178,7.0181327,-2.1681626,0.16396843,0.015830066,0.08417352,0.006959873,0.08237214,-0.025447821,252.63297,249.83504,335.14764,1.9033308,11.390106,0.39152658
3,48,20,0.0048999996,0.040985722,0.02626474,0.0080212485,0.0066997334,0.081032,0.006271444,3.407922,0.33782253,6.9738083,-2.311733,0.162064,0.012542888,0.089561425,0.0088781,0.0818519,-0.027132912,252.61052,249.79135,335.40997,1.9739105,11.390106,0.44929388
3,49,20,0.0048999996,0.036602803,0.02103388,0.008513707,0.007055215,0.07251531,0.00053726055,3.510977,0.6026591,7.1564283,-2.3790817,0.14503062,0.0010745211,0.09226975,0.015838096,0.08399533,-0.027923392,252.56715,249.65764,334.8795,1.7764226,11.388214,0.15222783
3,50,20,0.0048999996,0.041530214,0.024358647,0.009210003,0.007961565,0.078036286,0.0035654975,3.6517293,0.72984713,7.60222,-2.4451065,0.15607257,0.007130995,0.09596876,0.019180644,0.0892276,-0.02869833,252.53429,249.55612,334.25836,1.7152593,11.388214,0.16946545
3,51,20,0.0048999996,0.04306172,0.025016509,0.009399261,0.008645946,0.07908304,-0.0050373995,3.6890583,0.88965994,7.9222302,-2.4283404,0.15816608,-0.010074799,0.096949786,0.023380583,0.09298358,-0.028501537,252.56558,249.63983,334.9293,1.5386806,11.386177,0.50443655
3,52,20,0.0048999996,0.04578028,0.026521824,0.010251674,0.009006778,0.08142761,-0.0046603605,3.8527074,0.9479531,8.085855,-2.420382,0.16285522,-0.009320721,0.10125055,0.024912547,0.09490404,-0.028408123,252.58932,249.75252,334.91895,1.4724289,11.386177,0.59970075
3,53,20,0.0048999996,0.04819916,0.030898314,0.009264941,0.008035901,0.08788958,-0.0009467545,3.6626046,0.75242543,7.637628,-2.2677329,0.17577916,-0.001893509,0.096254565,0.019774012,0.08964319,-0.026616486,252.58922,249.84795,334.459,1.5153074,11.383657,0.4017778
3,54,20,0.0048999996,0.04623156,0.027826363,0.009197525,0.009207673,0.08340618,-0.004174333,3.649254,0.49389002,8.175534,-2.3789608,0.16681236,-0.008348666,0.095903724,0.012979607,0.09595662,-0.027921975,252.59276,249.88821,334.83154,1.8850708,11.383657,0.45357007
3,55,20,0.0048999996,0.043725554,0.025270233,0.009236501,0.00921882,0.07948307,0.0006616933,3.6569784,-0.060851876,8.180481,-1.874997,0.15896614,0.0013233866,0.096106716,-0.001599207,0.096014686,-0.02200693,252.56384,249.77512,334.45068,1.935849,11.381146,0.16751808
3,56,20,0.0048999996,0.050128344,0.02924883,0.010289926,0.0105895875,0.085511446,0.0028777537,3.859889,-0.23743512,8.7676,-2.136656,0.17102289,0.0057555074,0.101439275,-0.0062398827,0.10290572,-0.025078028,252.56102,249.7842,333.9339,2.3740911,11.381146,0.21992113
3,57,20,0.0048999996,0.049070783,0.028910782,0.011076892,0.009083106,0.085015856,0.0056893067,4.0047708,-0.6991756,8.120045,-1.8091015,0.17003171,0.011378613,0.10524681,-0.018374585,0.09530533,-0.021233508,252.58127,249.89307,334.5663,2.508277,11.378991,0.43569854
3,58,20,0.0048999996,0.04618332,0.0277101,0.009896303,0.008576918,0.083231755,0.006921893,3.7853422,-0.75808716,7.8905425,-1.646534,0.16646351,0.013843786,0.09948016,-0.019922802,0.092611656,-0.019325439,252.54117,249.7558,334.4873,2.4046211,11.378991,0.524829
3,59,20,0.0048999996,0.046150193,0.03046151,0.008656574,0.007032106,0.08726613,0.00933807,3.5403135,-0.7000737,7.1446986,-1.4974183,0.17453226,0.01867614,0.09304071,-0.018398188,0.083857656,-0.01757527,252.48593,249.47385,333.83743,2.1974921,11.377526,0.6339941
3,60,20,0.0048999996,0.045999248,0.03163192,0.008125453,0.006241873,0.08892682,0.0080592595,3.4299872,-0.7312415,6.731296,-1.4060731,0.17785364,0.016118519,0.0901413,-0.019217294,0.079005525,-0.016503146,252.50838,249.52415,334.41464,2.1373146,11.377526,0.70420086
3,61,20,0.0048999996,0.03623951,0.023251798,0.0074911136,0.0054965955,0.0762427,0.0035283752,3.2933805,-0.41714832,6.3166685,-1.3367097,0.1524854,0.0070567504,0.08655122,-0.01096281,0.07413903,-0.01568902,252.48509,249.47435,334.35315,1.7538581,11.37659,0.18419124
3,62,20,0.0048999996,0.037959214,0.025307523,0.0072181444,0.0054335487,0.07954169,0.006165619,3.2328196,-0.33950424,6.2803373,-1.4990423,0.15908338,0.012331238,0.08495966,-0.008922294,0.07371261,-0.017594328,252.40834,249.19327,333.7944,1.8385465,11.37659,0.39598912
3,63,20,0.0048999996,0.033933476,0.022175875,0.006806076,0.004951524,0.07445783,-0.0045481957,3.1391864,0.105139345,5.9952965,-1.6585883,0.14891566,-0.0090963915,0.082498945,0.002763101,0.07036707,-0.019466931,252.35425,248.93465,334.11176,1.5534489,11.37564,0.38822582
3,64,20,0.0048999996,0.03612643,0.022830348,0.007999269,0.005296812,0.075548574,-0.0027228731,3.4032497,0.15406887,6.200812,-1.6268978,0.15109715,-0.0054457462,0.08943863,0.004048983,0.0727792,-0.019094974,252.27713,248.66382,333.60147,1.472829,11.37564,0.4369652
3,65,20,0.0048999996,0.04227583,0.02755153,0.009369288,0.0053550163,0.08299327,-0.0030109335,3.6831722,0.86126137,6.2347865,-1.6622326,0.16598654,-0.006021867,0.09679508,0.02263426,0.07317798,-0.0195097,252.23743,248.5402,332.97604,0.80097127,11.374492,0.64229685
3,66,20,0.0048999996,0.039691646,0.025107836,0.008754669,0.005829141,0.07922726,-0.0043540993,3.5603156,0.7072964,6.5049424,-1.640865,0.15845452,-0.008708199,0.09356639,0.018588005,0.07634881,-0.019258907,252.27777,248.70715,333.33618,0.9335686,11.374492,1.5705978
3,67,20,0.0048999996,0.034853064,0.022264129,0.007174271,0.005414663,0.074605845,0.00025569292,3.2229795,0.5571637,6.2694144,-0.96103704,0.14921169,0.00051138585,0.08470107,0.014642466,0.07358439,-0.011279732,252.29837,248.87694,333.38367,0.40387332,11.370699,0.32129824
3,68,20,0.0048999996,0.043396357,0.028834883,0.0084002605,0.006161214,0.08490419,0.001077073,3.4875069,0.6222468,6.687663,-1.3390577,0.16980837,0.002154146,0.09165294,0.016352868,0.0784934,-0.015716575,252.27202,248.93057,332.89713,0.7168109,11.370699,0.7474405
3,69,20,0.0048999996,0.042480003,0.02783324,0.00827865,0.006368112,0.083416484,0.0038856245,3.4621704,0.18516806,6.799023,-0.6225846,0.16683297,0.007771249,0.09098709,0.004866281,0.07980045,-0.0073072994,252.25276,248.90254,333.07364,0.43741652,11.36777,7.0393934
3,70,20,0.0048999996,0.045934297,0.03127027,0.00783151,0.0068325177,0.08841701,0.006353416,3.3673747,0.067054905,7.0425763,-0.51757133,0.17683402,0.012706832,0.08849582,0.0017622269,0.08265904,-0.006074762,252.23654,248.80989,332.74155,0.45051643,11.36777,0.58292615
3,71,20,0.0048999996,0.05081685,0.036558665,0.008160969,0.006097211,0.0956016,0.009980047,3.4374752,0.21353829,6.6528354,-0.9986452,0.1912032,0.019960094,0.09033808,0.005611861,0.07808464,-0.0117211435,252.24652,248.84402,332.48676,0.7851069,11.372052,3.7662742
3,72,20,0.0048999996,0.041869186,0.028515225,0.0077454634,0.0056085004,0.08443226,0.008676122,3.3488243,0.24976541,6.3806453,-0.80076236,0.16886452,0.017352244,0.088008314,0.006563926,0.07488992,-0.009398587,252.27383,248.78401,333.0955,0.55099696,11.372052,2.091446
3,73,20,0.0048999996,0.0382439,0.025901066,0.0069402023,0.005402631,0.08046904,0.007935085,3.1699672,0.07144892,6.2624445,-0.7764727,0.16093808,0.01587017,0.08330788,0.0018777037,0.07350259,-0.009113493,252.30295,248.9214,333.2111,0.70502377,11.375782,0.29037485
3,74,20,0.0048999996,0.046803087,0.032608185,0.008450384,0.0057445164,0.090288684,0.008555449,3.4978962,0.16573662,6.4575534,-0.98545283,0.18057737,0.017110897,0.09192597,0.004355618,0.07579259,-0.011566303,252.27284,248.92221,332.49625,0.8197162,11.375782,0.44392097
3,75,20,0.0048999996,0.04591322,0.032347307,0.007977343,0.005588569,0.08992679,0.0021007967,3.3985822,0.118676096,6.369297,-1.1020663,0.17985357,0.0042015933,0.08931597,0.00311885,0.074756734,-0.012935002,252.2294,248.72661,332.70746,0.9833902,11.3792305,0.8124876
3,76,20,0.0048999996,0.04181637,0.027018232,0.008830164,0.0059679765,0.08218612,0.0022347134,3.575634,0.020282533,6.5819526,-0.9258914,0.16437224,0.004469427,0.09396895,0.0005330329,0.07725268,-0.010867232,252.18198,248.53328,332.61118,0.9056089,11.3792305,0.180127
3,77,20,0.0048999996,0.042510904,0.02796296,0.00914658,0.005401364,0.08361065,0.0010383057,3.6391342,0.35282406,6.26171,-1.3163409,0.1672213,0.0020766114,0.09563775,0.009272344,0.07349397,-0.015449957,252.12236,248.31165,332.1246,0.96351683,11.38421,0.34010413
3,78,20,0.0048999996,0.036426537,0.0224009,0.008791579,0.005234056,0.07483465,-0.0010124821,3.5678132,0.45349446,6.1639686,-1.2573094,0.1496693,-0.0020249642,0.09376342,0.011917997,0.07234678,-0.0147571,252.10495,248.22517,332.72888,0.803815,11.38421,0.47538665
3,79,20,0.0048999996,0.040024262,0.024287563,0.010023152,0.0057135485,0.07792234,-0.004062752,3.8095245,0.31955126,6.440124,-1.3867583,0.15584467,-0.008125504,0.100115694,0.008397922,0.07558802,-0.016276443,252.05626,248.16139,332.43994,1.0672071,11.388542,2.6905732
3,80,20,0.0048999996,0.045522735,0.02832172,0.011415576,0.005785438,0.08414529,-0.0010062177,4.065534,0.5059055,6.480512,-1.4767412,0.16829059,-0.0020124353,0.106843695,0.013295379,0.07606207,-0.017332576,252.00331,247.9562,331.46805,0.9708357,11.388542,9.3534975
3,81,20,0.0048999996,0.041135017,0.025709713,0.00910359,0.006321714,0.08017124,-0.0012166015,3.6305718,0.067102216,6.7742095,-0.61482143,0.16034248,-0.002433203,0.09541273,0.0017634691,0.079509206,-0.0072161877,252.06824,248.20482,331.96292,0.54771924,11.386591,3.1931815
3,82,20,0.0048999996,0.048443012,0.03101691,0.010304923,0.0071211793,0.08805809,-0.0016158912,3.8627007,-0.07711633,7.1898055,-0.4120518,0.17611618,-0.0032317825,0.10151317,-0.0020266452,0.08438708,-0.004836274,252.1138,248.44597,332.15585,0.48916814,11.386591,0.7159029
3,83,20,0.0048999996,0.04638913,0.028859194,0.011001443,0.0065284916,0.08493997,0.003545,3.991108,-0.15614294,6.884107,-0.4198572,0.16987994,0.00709,0.10488776,-0.0041034897,0.08079908,-0.0049278834,252.13719,248.58122,331.9471,0.57600015,11.389561,0.118968554
3,84,20,0.0048999996,0.045199007,0.02919494,0.009776322,0.0062277466,0.085432634,0.0014551092,3.762326,-0.105376616,6.723675,-0.3672033,0.17086527,0.0029102184,0.098875284,-0.0027693354,0.07891607,-0.004309885,252.21315,248.9285,332.77066,0.4725799,11.389561,0.121496074
3,85,20,0.0048999996,0.044059414,0.028215468,0.009301101,0.0065428475,0.0839873,0.0061136778,3.6697447,-0.48023686,6.891672,0.0063081994,0.1679746,0.0122273555,0.096442215,-0.012620798,0.08088787,7.40386e-5,252.26361,249.19652,332.95523,0.47392866,11.392815,0.22689228
3,86,20,0.0048999996,0.04541247,0.030276429,0.0089891115,0.006146929,0.087000616,0.0073652677,3.6076725,-0.24476984,6.679906,-0.07900924,0.17400123,0.014730535,0.094810925,-0.0064326385,0.078402355,-0.0009273411,252.27176,249.21974,332.64102,0.32377908,11.392815,0.27106714
3,87,20,0.0048999996,0.04014562,0.026855402,0.0077613685,0.005528854,0.08193809,0.005320196,3.352261,-0.36672035,6.335178,-0.15442634,0.16387618,0.010640392,0.08809863,-0.009637543,0.074356265,-0.0018125098,252.29634,249.323,333.31155,0.52114666,11.396243,0.26575404
3,88,20,0.0048999996,0.042475075,0.028219929,0.008720319,0.005534826,0.08399394,0.007128301,3.5533245,-0.6779636,6.3385973,-0.06831167,0.16798788,0.014256602,0.09338265,-0.01781713,0.07439641,-0.0008017788,252.28693,249.19994,333.0011,0.7462753,11.396243,0.30272594
3,89,20,0.0048999996,0.04572089,0.031880636,0.00870809,0.0051321634,0.08927575,0.007548714,3.5508318,-0.45449567,6.1036763,-0.25942415,0.1785515,0.015097428,0.09331714,-0.011944311,0.07163912,-0.0030448725,252.27649,249.13297,332.452,0.7139198,11.399308,0.1721258
3,90,20,0.0048999996,0.043244094,0.02978768,0.008635005,0.0048214067,0.08629554,0.0049092993,3.5359,-0.39148805,5.9159985,-0.14482017,0.17259108,0.009818599,0.09292473,-0.010288447,0.06943635,-0.0016997571,252.28906,249.1855,333.00778,0.5363082,11.399308,0.30020747
3,91,20,0.0048999996,0.038882595,0.0279115,0.006128441,0.0048426543,0.083533674,0.0008251259,2.9788156,0.052916627,5.929021,-0.20804842,0.16706735,0.0016502518,0.07828436,0.0013906679,0.06958918,-0.0024418721,252.28316,249.27383,333.02155,0.15513179,11.402032,0.25897303
3,92,20,0.0048999996,0.040843822,0.028746687,0.007131728,0.0049654073,0.08477424,0.0013731399,3.2134092,0.18576552,6.0036964,-0.39070493,0.16954848,0.0027462798,0.08444956,0.0048819855,0.07046565,-0.0045857225,252.24179,249.14333,332.45035,0.20493941,11.402032,0.28475255
3,93,20,0.0048999996,0.046138607,0.03264019,0.00878461,0.0047138087,0.09033298,-0.004085672,3.5663989,0.4598956,5.8496137,-0.51400524,0.18066595,-0.008171344,0.09372625,0.012086226,0.06865718,-0.006032904,252.26692,249.13313,332.92944,0.054109633,11.404112,0.43218526
3,94,20,0.0048999996,0.03735195,0.024100943,0.007946346,0.005304666,0.07762239,-0.0026512826,3.391973,0.38229966,6.205406,-0.41201997,0.15524478,-0.005302565,0.08914228,0.010046974,0.072833136,-0.004835903,252.3134,249.33865,332.89645,0.029720306,11.404112,0.718088
3,95,20,0.0048999996,0.04027061,0.027774883,0.0076354467,0.0048602833,0.08332899,-0.00027739338,3.324956,0.5483953,5.9398026,-0.69204026,0.16665798,-0.00055478676,0.08738104,0.014412025,0.06971573,-0.008122508,252.34515,249.52702,332.69238,0.14364499,11.4056835,0.116736375
3,96,20,0.0048999996,0.042987365,0.029819028,0.008292519,0.00487582,0.086340934,-0.004878507,3.4650693,0.61901563,5.949289,-0.7627926,0.17268187,-0.009757014,0.09106327,0.016267955,0.06982707,-0.00895293,252.39296,249.73787,333.32532,0.14377695,11.4056835,0.12124319
3,97,20,0.0048999996,0.039485928,0.026333578,0.008527274,0.0046250755,0.08113812,-0.0025633483,3.5137734,0.36269048,5.7942953,-0.51557493,0.16227624,-0.0051266965,0.09234324,0.009531636,0.06800791,-0.006051331,252.46094,249.93535,333.7496,0.15288445,11.406656,0.28210536
3,98,20,0.0048999996,0.04203282,0.029171886,0.008366482,0.00449445,0.0853989,-0.0011521674,3.4804876,0.37054408,5.711885,-0.5186758,0.1707978,-0.002304335,0.091468476,0.009738033,0.06704066,-0.006087721,252.49171,249.95775,333.48065,0.14813173,11.406656,0.3272411
3,99,20,0.0048999996,0.037271075,0.02447114,0.008608534,0.004191402,0.07821627,-0.0064743985,3.5304759,0.33758834,5.515957,-0.7308407,0.15643254,-0.012948797,0.092782184,0.008871943,0.06474104,-0.008577908,252.55406,250.21579,334.35175,0.39325234,11.407279,0.25100157
3,100,20,0.0048999996,0.040324945,0.02829523,0.007537861,0.004491855,0.08410593,-0.0048807687,3.30364,0.08198657,5.7102365,-0.70435095,0.16821186,-0.009761537,0.086820856,0.0021546362,0.0670213,-0.008266998,252.55922,250.40755,334.20935,0.6223644,11.407279,0.16546097
4,1,20,0.0034299996,0.12589368,0.09796056,0.022196805,0.0057363086,0.15649326,-0.0283809,5.669097,1.084537,6.4529366,-0.79720515,0.31298652,-0.0567618,0.14898592,0.02850203,0.07573842,-0.009356829,253.10243,252.89615,339.76706,-0.28733188,11.407235,1.4253103
4,2,20,0.0034299996,0.12690438,0.0987957,0.022463096,0.005645591,0.15715891,-0.02364721,5.7030015,1.1717467,6.401709,-0.91977054,0.31431782,-0.04729442,0.14987694,0.030793935,0.075137146,-0.010795384,253.11324,253.09085,339.34427,-0.2519762,11.407235,1.5167851
4,3,20,0.0034299996,0.110316746,0.08424233,0.020306917,0.0057675024,0.14512265,-0.024928242,5.422389,0.76214725,6.470459,-0.9110455,0.2902453,-0.049856484,0.14250234,0.020029511,0.07594407,-0.010692984,253.21687,253.52815,340.44418,0.14889824,11.404142,1.1686835
4,4,20,0.0034299996,0.121858574,0.09515294,0.02081112,0.0058945217,0.15423435,-0.025289949,5.4892926,0.6630491,6.5413213,-0.66485655,0.3084687,-0.050579898,0.1442606,0.017425165,0.07677579,-0.0078034503,253.25714,253.66687,340.85477,0.0018074512,11.404142,1.1438566
4,5,20,0.0034299996,0.08347155,0.05943423,0.017733624,0.006303698,0.121895686,-0.01204598,5.067193,0.23568378,6.7645497,-0.39986604,0.24379137,-0.02409196,0.13316765,0.006193852,0.07939583,-0.004693247,253.25032,253.70628,340.06424,0.16418226,11.399285,0.6048701
4,6,20,0.0034299996,0.08446966,0.058408074,0.019921022,0.006140565,0.12083881,-0.015007848,5.3706203,0.32787046,6.676446,-0.41572016,0.24167763,-0.030015696,0.14114185,0.008616566,0.07836176,-0.004879326,253.297,253.77312,340.53006,0.08784971,11.399285,0.5914459
4,7,20,0.0034299996,0.0747957,0.049935866,0.01800435,0.0068554836,0.11173167,-0.008691681,5.105725,-0.19392101,7.0544033,0.054531444,0.22346334,-0.017383361,0.13418029,-0.005096315,0.08279785,0.0006400395,253.29726,253.7268,340.70834,0.13938957,11.393253,0.35342994
4,8,20,0.0034299996,0.07337532,0.04849575,0.017728481,0.0071510877,0.110108756,-0.0040070857,5.0664577,-0.090430364,7.2048883,-0.064270176,0.22021751,-0.008014171,0.13314834,-0.0023765396,0.084564105,-0.0007543395,253.2919,253.78447,339.9935,0.15470055,11.393253,0.36323148
4,9,20,0.0034299996,0.07315174,0.0481566,0.018262932,0.0067322017,0.10972306,-0.00016801285,5.142259,-0.32412812,6.990686,0.124956034,0.21944612,-0.0003360257,0.13514042,-0.008518199,0.082049996,0.0014666114,253.34714,253.9734,340.4395,0.19917208,11.3866415,0.57480115
4,10,20,0.0034299996,0.079149075,0.05344283,0.018693382,0.0070128674,0.11558852,-0.001210073,5.2025056,-0.3623073,7.1349187,0.4273241,0.23117705,-0.002420146,0.13672374,-0.009521574,0.083742864,0.005015521,253.4156,254.23877,340.8982,-0.06501678,11.3866415,0.5168133
4,11,20,0.0034299996,0.07135602,0.04769857,0.01599059,0.0076668668,0.10920001,0.0058583324,4.8117256,-0.34520707,7.4601946,0.41718474,0.21840002,0.011716665,0.1264539,-0.009072169,0.087560646,0.004896516,253.46753,254.5794,340.55713,-0.071977675,11.3807,0.7965017
4,12,20,0.0034299996,0.075813964,0.052529044,0.015817797,0.007467121,0.11459608,0.0005493537,4.785658,-0.23876725,7.3623734,0.33310452,0.22919215,0.0010987074,0.12576883,-0.006274894,0.086412504,0.0039096633,253.53287,254.73146,341.57553,-0.09433727,11.3807,0.65446347
4,13,20,0.0034299996,0.0711543,0.04860884,0.014806864,0.007738588,0.11023706,0.0027961382,4.6302047,-0.26920593,7.495007,0.6022933,0.22047412,0.0055922763,0.121683456,-0.007074827,0.08796924,0.007069143,253.5231,254.56416,341.3858,-0.33308738,11.3751955,0.7522224
4,14,20,0.0034299996,0.072257936,0.048610292,0.015917785,0.0077298586,0.11023871,0.007854212,4.8007603,-0.22139582,7.490779,0.54430944,0.22047742,0.015708424,0.1261657,-0.005818357,0.087919615,0.0063885837,253.48769,254.42216,340.2602,-0.32291362,11.3751955,0.69973254
4,15,20,0.0034299996,0.061753485,0.04047024,0.014099485,0.007183762,0.10058608,0.004586519,4.51825,-0.07260386,7.221329,0.46352732,0.20117216,0.009173038,0.11874125,-0.0019080578,0.084757075,0.0054404424,253.53448,254.52281,340.93,-0.39092347,11.369815,0.6277215
4,16,20,0.0034299996,0.06483072,0.04443913,0.01243278,0.007958813,0.105402954,0.0032808867,4.2428026,-0.20762338,7.600908,0.67069685,0.21080591,0.0065617734,0.11150238,-0.0054564173,0.08921218,0.007872006,253.57922,254.72388,341.3823,-0.4630735,11.369815,0.68861383
4,17,20,0.0034299996,0.052581195,0.032959767,0.01178601,0.007835417,0.09077413,0.006103731,4.1309705,-0.008551068,7.541753,0.3577013,0.18154825,0.012207462,0.10856339,-0.00022472788,0.08851789,0.004198356,253.58818,254.8389,340.83566,-0.34915024,11.364675,0.5220849
4,18,20,0.0034299996,0.052503563,0.032969233,0.012102077,0.0074322512,0.09078716,0.001676356,4.185994,0.061067987,7.345162,0.21026328,0.18157431,0.003352712,0.11000944,0.0016048881,0.086210504,0.002467867,253.62923,254.92697,341.37375,-0.27133128,11.364675,3.3671577
4,19,20,0.0034299996,0.051315024,0.03249338,0.011674679,0.0071469652,0.0901296,-0.0028274192,4.1114135,-0.045189943,7.202812,0.2736562,0.1802592,-0.0056548384,0.10804943,-0.0011876087,0.08453973,0.0032119174,253.67041,255.07974,341.79404,-0.22846624,11.359141,0.19747856
4,20,20,0.0034299996,0.046135463,0.0254512,0.013472903,0.0072113615,0.07976716,0.0013480615,4.4167137,0.02931722,7.235189,0.19737883,0.15953432,0.002696123,0.11607283,0.0007704668,0.084919736,0.0023166423,253.6687,255.18001,341.20328,-0.22669604,11.359141,0.21491961
4,21,20,0.0034299996,0.04687056,0.026942097,0.0130969845,0.006831478,0.08207024,-0.0062133097,4.3546605,0.2993086,7.0420403,0.038262222,0.16414048,-0.012426619,0.11444206,0.007865936,0.082652755,0.00044908517,253.7054,255.28757,341.7877,-0.33757082,11.3544445,0.18890405
4,22,20,0.0034299996,0.05104333,0.031166561,0.012038547,0.007838221,0.08827027,-0.0052686892,4.1749926,0.16115981,7.5431013,0.39359748,0.17654054,-0.0105373785,0.10972031,0.0042353375,0.08853373,0.0046196734,253.73735,255.35925,341.99216,-0.5547573,11.3544445,0.20702536
4,23,20,0.0034299996,0.05334253,0.03485171,0.010529577,0.007961241,0.093343064,-0.0017692082,3.9045784,0.25210613,7.602064,0.21122295,0.18668613,-0.0035384165,0.102613725,0.006625441,0.089225784,0.0024791323,253.7452,255.32303,341.17435,-0.46332908,11.350154,0.9819136
4,24,20,0.0034299996,0.053098258,0.035887446,0.009836893,0.007373919,0.09471991,-0.0024365317,3.773963,0.32462418,7.3162823,0.030422712,0.18943982,-0.0048730634,0.09918111,0.008531241,0.085871525,0.00035707216,253.79807,255.3967,341.53473,-0.3550469,11.350154,0.47041857
4,25,20,0.0034299996,0.057452023,0.039880477,0.010774911,0.0067966343,0.09985048,-0.0046747527,3.9498036,0.45827508,7.02406,-0.22226723,0.19970097,-0.009349505,0.10380227,0.012043636,0.0824417,-0.0026087605,253.79597,255.41553,341.55383,-0.23600785,11.347623,0.5413928
4,26,20,0.0034299996,0.057395548,0.039357603,0.011565224,0.0064727226,0.09919375,-0.0032676265,4.092095,0.560875,6.8546414,-0.45903787,0.1983875,-0.006535253,0.10754173,0.014739998,0.08045323,-0.005387748,253.74333,255.30737,340.65814,-0.10183713,11.347623,1.1988007
4,27,20,0.0034299996,0.05825867,0.041320592,0.011044018,0.0058940607,0.10163733,-0.0064090826,3.9988234,0.6604906,6.541066,-0.44770366,0.20327467,-0.012818165,0.10509052,0.01735793,0.07677279,-0.005254718,253.76894,255.32074,341.37045,-0.21278691,11.343742,0.5989926
4,28,20,0.0034299996,0.060588345,0.04427396,0.009749675,0.006564707,0.10520689,-0.008473673,3.7571945,0.54384553,6.9031744,-0.22075607,0.21041378,-0.016947346,0.09874044,0.014292458,0.08102288,-0.0025910253,253.76634,255.27106,341.53085,-0.32308948,11.343742,0.61947215
4,29,20,0.0034299996,0.0571635,0.041193996,0.009534045,0.006435456,0.10148152,-0.0047730673,3.715415,0.40839672,6.83488,-0.41738835,0.20296304,-0.009546135,0.09764244,0.010732812,0.080221295,-0.004898906,253.72061,255.156,340.33823,0.008991629,11.340423,0.70239943
4,30,20,0.0034299996,0.057561733,0.04094444,0.010814002,0.005803293,0.10117366,-0.0072700405,3.9569623,0.48169252,6.490505,-0.38923687,0.20234732,-0.014540081,0.10399039,0.012659052,0.07617935,-0.004568492,253.72865,255.0775,340.85318,-0.092455655,11.340423,0.58605295
4,31,20,0.0034299996,0.056632094,0.039970748,0.010781424,0.0058799223,0.09996343,-0.005830688,3.9509976,0.30578023,6.5332165,0.066737935,0.19992685,-0.011661376,0.10383364,0.008036016,0.07668065,0.00078330736,253.73186,255.06622,341.18024,-0.37251818,11.33815,0.4336511
4,32,20,0.0034299996,0.053345926,0.034674328,0.012265802,0.0064057983,0.09310522,-0.002448783,4.214215,0.5582333,6.819112,0.062499076,0.18621044,-0.004897566,0.110751085,0.014670573,0.08003623,0.000733552,253.70985,255.08138,340.55872,-0.6207324,11.33815,0.43817002
4,33,20,0.0034299996,0.044216093,0.0270815,0.011112799,0.006021795,0.08228229,-0.0028705513,4.0112557,0.3825781,6.6115646,0.057352893,0.16456458,-0.0057411026,0.10541726,0.010054291,0.077600226,0.0006731514,253.70111,254.95163,340.8897,-0.439931,11.336442,0.26584783
4,34,20,0.0034299996,0.04622972,0.029573966,0.010532614,0.0061231405,0.085985415,-0.0026445976,3.905141,0.34163558,6.666967,0.2850967,0.17197083,-0.005289195,0.10262852,0.008978305,0.0782505,0.0033461933,253.62976,254.58257,340.6273,-0.6267323,11.336442,0.2583502
4,35,20,0.0034299996,0.040882718,0.024807803,0.009662678,0.006412234,0.078752466,0.0041968552,3.7403939,0.20097482,6.8225365,0.33695212,0.15750493,0.0083937105,0.09829892,0.005281691,0.080076426,0.003954823,253.54625,254.23749,339.7724,-0.5379269,11.335088,0.17172173
4,36,20,0.0034299996,0.038452037,0.02280638,0.0095502185,0.00609544,0.07550891,0.0014211144,3.7185645,0.12063992,6.6518703,0.14917867,0.15101781,0.0028422289,0.09772522,0.0031704616,0.0780733,0.0017509141,253.53043,254.13715,340.20032,-0.2698186,11.335088,0.14425105
4,37,20,0.0034299996,0.04379051,0.02806632,0.009427869,0.0062963236,0.08376503,0.004479067,3.6946678,-0.35155222,6.760592,0.52372634,0.16753006,0.008958134,0.09709721,-0.009238921,0.079349376,0.0061469995,253.47542,253.89587,340.01257,-0.17217413,11.3338995,0.2460219
4,38,20,0.0034299996,0.04387936,0.026709747,0.010579504,0.006590111,0.081715584,0.008716091,3.9138248,-0.25082988,6.9165196,0.34096608,0.16343117,0.017432181,0.10285672,-0.0065918993,0.0811795,0.004001935,253.38853,253.58609,338.9003,-0.0901362,11.3338995,0.3068688
4,39,20,0.0034299996,0.04064519,0.024541149,0.009849111,0.0062549296,0.07832807,0.0065904856,3.7763062,-0.457745,6.7383323,0.4002707,0.15665615,0.013180971,0.09924269,-0.012029705,0.079088114,0.0046979953,253.38885,253.51125,339.49423,0.057474285,11.333157,0.35709834
4,40,20,0.0034299996,0.040678654,0.025176838,0.009246527,0.006255289,0.079336055,0.0052326787,3.658963,-0.6853129,6.7385263,0.5136208,0.15867211,0.010465357,0.09615886,-0.01801027,0.07909039,0.006028392,253.38548,253.52829,339.6253,0.17169213,11.333157,0.3588489
4,41,20,0.0034299996,0.040082384,0.025332656,0.0084888,0.0062609273,0.07958118,0.00823167,3.5058377,-0.6901214,6.7415624,0.43542466,0.15916236,0.01646334,0.092134684,-0.018136643,0.07912602,0.005110597,253.35878,253.4961,338.91516,0.25469676,11.333141,0.34355122
4,42,20,0.0034299996,0.040107004,0.024883717,0.008460578,0.0067627104,0.07887287,0.0047693793,3.500005,-0.73498505,7.0065084,0.38367918,0.15774573,0.009538759,0.091981396,-0.019315673,0.0822357,0.0045032627,253.45076,253.79346,340.0842,0.35130587,11.333141,0.43583763
4,43,20,0.0034299996,0.03922262,0.024308769,0.0077701574,0.007143697,0.07795635,0.0024434587,3.3541584,-0.8622761,7.2011633,0.6241427,0.1559127,0.0048869173,0.0881485,-0.022660928,0.08452039,0.0073255915,253.53993,254.20496,340.66052,0.23813337,11.333417,0.32539105
4,44,20,0.0034299996,0.038943216,0.024308287,0.0075672744,0.007067655,0.077955574,0.005226684,3.3100793,-0.66917974,7.1627345,0.38687068,0.15591115,0.010453368,0.08699008,-0.017586285,0.08406935,0.004540718,253.54889,254.27634,340.24405,0.28230906,11.333417,0.33559337
4,45,20,0.0034299996,0.03645188,0.022160726,0.0077596856,0.006531469,0.074432395,-0.0013075462,3.3518975,-0.41144255,6.885678,0.21174571,0.14886479,-0.0026150923,0.08808908,-0.010812858,0.080817506,0.0024852692,253.56064,254.2251,340.57715,0.19969684,11.334008,3.3050709
4,46,20,0.0034299996,0.034450717,0.02087765,0.007125239,0.00644783,0.0722455,0.0011591817,3.2119472,-0.6276602,6.841447,0.52663505,0.144491,0.0023183634,0.08441113,-0.016495137,0.08029838,0.006181138,253.53697,254.07314,340.48947,0.101025164,11.334008,0.23570114
4,47,20,0.0034299996,0.036645524,0.02103711,0.008986439,0.0066219773,0.072520874,0.0046355207,3.6071353,-0.9332807,6.9332213,0.81666714,0.14504175,0.0092710415,0.09479683,-0.024526952,0.08137553,0.009585259,253.48317,253.84549,339.5661,0.11661357,11.332584,0.17939523
4,48,20,0.0034299996,0.036511578,0.020277454,0.009614229,0.0066198967,0.07119946,0.0033135575,3.7310057,-0.87339187,6.9321313,0.70428884,0.14239892,0.006627115,0.098052174,-0.022953052,0.08136275,0.0082662655,253.48836,253.82274,339.78513,0.16910303,11.332584,0.14487015
4,49,20,0.0034299996,0.03549211,0.02016489,0.009081909,0.0062453123,0.07100157,0.0011454485,3.6262457,-1.0205086,6.7331505,1.1852021,0.14200313,0.002290897,0.09529905,-0.026819337,0.07902729,0.013910768,253.49771,253.84004,339.88013,-0.16469347,11.331367,0.21820699
4,50,20,0.0034299996,0.035684396,0.021413812,0.008202547,0.0060680374,0.073167294,0.0035649303,3.4462209,-0.92231095,6.636901,0.9448572,0.14633459,0.0071298606,0.09056792,-0.024238663,0.07789761,0.011089831,253.48477,253.90395,339.28235,-0.022546232,11.331367,0.21056771
4,51,20,0.0034299996,0.04140031,0.025991585,0.009169492,0.0062392303,0.08060953,-0.002154639,3.643689,-0.6681948,6.7298703,1.0885013,0.16121906,-0.004309278,0.09575746,-0.017560402,0.0789888,0.012775787,253.50119,253.94827,339.88385,-0.42030656,11.330037,0.30688223
4,52,20,0.0034299996,0.043889947,0.029432856,0.008475351,0.005981738,0.08578003,-0.0033745505,3.5030594,-0.69008154,6.5895376,1.3134001,0.17156006,-0.006749101,0.09206167,-0.018135594,0.0773417,0.015415439,253.46715,253.7818,339.9115,-0.6233186,11.330037,0.28513017
4,53,20,0.0034299996,0.039137863,0.02473831,0.008442444,0.00595711,0.078642085,-0.00091735396,3.4962523,-0.13365142,6.5759573,1.2279156,0.15728417,-0.0018347079,0.09188277,-0.0035124114,0.077182315,0.014412102,253.4072,253.53177,339.07074,-1.0942643,11.328532,0.34522095
4,54,20,0.0034299996,0.040747557,0.025782399,0.009113063,0.005852095,0.08028449,-0.0032748238,3.6324606,-0.051351026,6.5177383,1.1672535,0.16056898,-0.0065496475,0.09546237,-0.0013495251,0.076498985,0.013700106,253.40666,253.47092,339.38925,-1.1159024,11.328532,0.7984449
4,55,20,0.0034299996,0.03929622,0.024643682,0.008992852,0.005659687,0.07849153,-0.0057274057,3.6084225,0.46034843,6.409695,1.163761,0.15698306,-0.011454811,0.09483065,0.012098124,0.07523089,0.013659112,253.39804,253.3979,339.4368,-1.6241095,11.326513,0.30238813
4,56,20,0.0034299996,0.041376274,0.026440086,0.009165112,0.005771073,0.08130204,-0.0032163805,3.6428182,0.43182003,6.4724617,1.0799828,0.16260408,-0.006432761,0.09573459,0.011348384,0.07596758,0.012675806,253.3927,253.49661,338.92654,-1.5118028,11.326513,0.3157233
4,57,20,0.0034299996,0.040320225,0.024468949,0.010110609,0.0057406635,0.07821277,-0.0052932487,3.8261094,0.74062103,6.4553866,0.962298,0.15642554,-0.010586497,0.10055152,0.019463783,0.07576717,0.011294537,253.422,253.65854,339.45526,-1.702919,11.324362,0.24183244
4,58,20,0.0034299996,0.038305953,0.022958297,0.009650819,0.0056968387,0.07575998,-0.003924507,3.7380989,0.84686905,6.430699,1.1576705,0.15151995,-0.007849014,0.09823858,0.022256022,0.07547741,0.013587631,253.40291,253.5251,339.66983,-2.0045395,11.324362,0.23393
4,59,20,0.0034299996,0.035978936,0.021750938,0.0083220005,0.005905995,0.073741,-0.00068013545,3.4712234,0.7003003,6.5476847,0.9262046,0.147482,-0.0013602709,0.091225,0.018404141,0.076850474,0.010870906,253.36458,253.3739,338.929,-1.6265049,11.32242,0.23640811
4,60,20,0.0034299996,0.034632064,0.019507593,0.009338892,0.00578558,0.06983479,-0.0030513613,3.677192,0.7389126,6.4805913,0.8283679,0.13966958,-0.0061027226,0.09663794,0.019418892,0.076063,0.009722596,253.38754,253.45679,339.25024,-1.5672805,11.32242,0.21206863
4,61,20,0.0034299996,0.032571416,0.01892807,0.008342799,0.005300549,0.06878966,0.0010329154,3.4755583,0.68318754,6.202997,0.9936326,0.13757932,0.0020658309,0.091338925,0.017954413,0.07280487,0.011662312,253.38861,253.48647,339.4601,-1.6768202,11.321227,0.2595956
4,62,20,0.0034299996,0.03304338,0.020709999,0.007010569,0.005322813,0.07195485,0.0030323921,3.185997,0.5591208,6.2160115,0.81074244,0.1439097,0.0060647842,0.08372914,0.0146938935,0.07295761,0.009515724,253.35744,253.40327,338.93893,-1.3698633,11.321227,0.25454137
4,63,20,0.0034299996,0.030731056,0.018661743,0.006821183,0.005248129,0.068303995,0.0031587626,3.142668,0.18924153,6.1722493,0.7751802,0.13660799,0.006317525,0.08259045,0.004973333,0.07244397,0.009098324,253.36876,253.44202,339.32822,-0.96442175,11.320785,0.33573514
4,64,20,0.0034299996,0.037861526,0.025575139,0.0071212784,0.005165107,0.07996114,0.0037823722,3.2110546,0.15947361,6.1232343,0.87766194,0.15992229,0.0075647444,0.08438767,0.0041910266,0.07186868,0.010301159,253.33289,253.24178,339.1802,-1.0371356,11.320785,0.3389844
4,65,20,0.0034299996,0.032307975,0.020336822,0.007007576,0.0049635763,0.07130361,0.0070348005,3.1853166,-0.18729056,6.002588,0.7987362,0.14260723,0.014069601,0.08371127,-0.004922063,0.07045265,0.009374802,253.27611,252.93481,338.22647,-0.61144567,11.321021,0.29779938
4,66,20,0.0034299996,0.03237469,0.020137835,0.007053807,0.005183048,0.07095392,0.005196364,3.1958063,-0.049782455,6.13386,0.8882798,0.14190784,0.010392728,0.083986945,-0.0013083009,0.07199339,0.010425781,253.31432,253.04625,338.793,-0.83849734,11.321021,0.32922637
4,67,20,0.0034299996,0.033666547,0.02099493,0.007744139,0.0049274787,0.072448134,0.0055657113,3.3485382,-0.3868536,5.9807215,1.0631986,0.14489627,0.011131423,0.08800079,-0.010166653,0.070196,0.012478805,253.36766,253.2929,339.22955,-0.676345,11.32133,0.2557908
4,68,20,0.0034299996,0.03294638,0.020923885,0.007241271,0.004781226,0.07232545,0.007315475,3.2379937,-0.39029282,5.891296,0.8528564,0.1446509,0.01463095,0.08509566,-0.010257037,0.06914641,0.010010015,253.3693,253.39734,338.71597,-0.46256357,11.32133,0.2853099
4,69,20,0.0034299996,0.031681046,0.019560728,0.007451932,0.004668383,0.06992984,0.0031673773,3.284756,-0.6236544,5.8213596,0.65784764,0.13985968,0.0063347546,0.08632457,-0.016389864,0.068325564,0.007721187,253.36334,253.34616,338.978,-0.034193218,11.321342,0.17633794
4,70,20,0.0034299996,0.03388567,0.020659357,0.008451069,0.0047752424,0.07186682,0.0047147227,3.4980383,-0.72670686,5.887609,0.96848136,0.14373364,0.0094294455,0.0919297,-0.019098118,0.06910313,0.011367109,253.34604,253.12694,338.83813,-0.2417745,11.321342,0.21893437
4,71,20,0.0034299996,0.031374827,0.01902216,0.0076130815,0.0047395853,0.06896042,0.004223096,3.320083,-0.39048976,5.8655853,0.57832384,0.13792084,0.008446192,0.087252975,-0.010262213,0.068844646,0.0067878133,253.31444,252.99072,338.21835,-0.18783408,11.321124,0.14934926
4,72,20,0.0034299996,0.030211607,0.017661987,0.007696976,0.0048526432,0.0664492,0.0011109181,3.338326,-0.44611028,5.9351325,0.6116005,0.1328984,0.0022218362,0.08773241,-0.0117239375,0.06966092,0.0071783825,253.34973,253.10504,338.86575,-0.16549024,11.321124,0.17047238
4,73,20,0.0034299996,0.028461307,0.017097078,0.007070538,0.004293692,0.0653779,-0.0026649598,3.1995943,-0.19191071,5.582859,0.42683282,0.1307558,-0.0053299195,0.08408649,-0.005043484,0.06552627,0.0050097574,253.322,253.0048,338.8196,-0.23492211,11.320667,0.13146152
4,74,20,0.0034299996,0.029330112,0.017724505,0.0072021624,0.0044034463,0.066566706,-0.0006366495,3.2292385,-0.049921267,5.6537623,0.30089724,0.13313341,-0.001273299,0.084865555,-0.0013119512,0.06635847,0.003531644,253.21362,252.48685,337.71777,-0.25097597,11.320667,0.12135426
4,75,20,0.0034299996,0.030296668,0.01768304,0.007899991,0.004713635,0.066488795,-0.0069824182,3.382065,0.30904907,5.8495064,0.021590425,0.13297759,-0.0139648365,0.088881895,0.008121917,0.068655916,0.00025340726,253.18698,252.31168,337.89795,-0.33063948,11.320116,0.19913791
4,76,20,0.0034299996,0.03328395,0.02053163,0.00815871,0.0045936084,0.07164431,-0.0050332583,3.436999,0.30768186,5.774551,0.11742374,0.14328863,-0.010066517,0.09032558,0.008085989,0.067776166,0.0013782072,253.16576,252.2412,337.70905,-0.4251056,11.320116,0.21322347
4,77,20,0.0034299996,0.03708729,0.024047248,0.008499267,0.004540777,0.077535875,-0.004553286,3.5079987,0.6899754,5.741248,-0.29620233,0.15507175,-0.009106572,0.092191465,0.018132797,0.067385286,-0.0034765403,253.11375,252.07677,336.89026,-0.39377305,11.3196535,0.2797381
4,78,20,0.0034299996,0.03521329,0.022591209,0.008096316,0.0045257676,0.07515186,-0.009006913,3.4238317,0.6729231,5.7317514,-0.3504164,0.15030372,-0.018013826,0.08997953,0.017684663,0.067273825,-0.0041128523,253.0955,251.89351,337.2938,-0.3225067,11.3196535,0.30896452
4,79,20,0.0034299996,0.035589337,0.024570448,0.007024792,0.0039940947,0.07837482,-0.008563175,3.1892269,0.74073213,5.384562,-0.40422806,0.15674964,-0.01712635,0.08381403,0.019466706,0.06319885,-0.004744443,253.07185,251.71338,337.1047,-0.33650407,11.319158,0.3895068
4,80,20,0.0034299996,0.032178085,0.021973437,0.006363285,0.0038413617,0.0741172,-0.0069858427,3.0353541,0.73466724,5.2806067,-0.59295255,0.1482344,-0.013971685,0.0797702,0.019307321,0.06197872,-0.0069595105,253.05347,251.6688,336.70712,-0.14171469,11.319158,0.33439586
4,81,20,0.0034299996,0.029391639,0.019968884,0.005683928,0.0037388273,0.07065565,-0.0071907644,2.8687518,0.7530126,5.2096543,-0.5377032,0.1413113,-0.014381529,0.07539183,0.019789442,0.06114595,-0.006311047,253.0782,251.83163,337.37714,-0.21530938,11.31888,0.3029072
4,82,20,0.0034299996,0.034598853,0.025250021,0.0057423753,0.003606457,0.07945128,-0.005593441,2.8834639,0.70389134,5.116602,-0.41784024,0.15890256,-0.011186882,0.07577846,0.018498518,0.060053784,-0.0049042096,253.0485,251.70056,337.19946,-0.2860511,11.31888,0.3395213
4,83,20,0.0034299996,0.035441756,0.026063407,0.0058599627,0.0035183881,0.08072083,0.0010023788,2.9128363,0.58275926,5.053742,-0.55255026,0.16144165,0.0020047575,0.076550394,0.015315123,0.059316,-0.006485306,252.96074,251.30309,336.3423,-0.030209005,11.318797,0.47025296
4,84,20,0.0034299996,0.033355612,0.023630977,0.0059369,0.0037877348,0.07686185,-0.0024304157,2.9318957,0.696609,5.243617,-0.6451855,0.1537237,-0.0048608314,0.07705128,0.018307138,0.061544575,-0.007572571,252.87791,250.88853,336.29132,-0.05142355,11.318797,0.55951864
4,85,20,0.0034299996,0.030906668,0.022322007,0.0048535164,0.003731144,0.074702755,0.0038692867,2.6509216,0.30026448,5.2042985,-0.6527689,0.14940551,0.0077385735,0.06966718,0.007891059,0.06108309,-0.007661579,252.76913,250.51254,335.50757,0.35250443,11.320293,0.25088036
4,86,20,0.0034299996,0.03337642,0.023864971,0.0057258434,0.0037856055,0.07724146,0.0059349667,2.8793101,0.24497993,5.242143,-0.79996467,0.15448292,0.011869933,0.0756693,0.0064381612,0.061527275,-0.009389222,252.67456,250.12291,334.56348,0.55498475,11.320293,0.23059025
4,87,20,0.0034299996,0.03237114,0.021768756,0.006293458,0.004308928,0.07377119,0.008900789,3.0186539,-0.12820876,5.592756,-0.7778642,0.14754239,0.017801577,0.079331316,-0.0033693716,0.065642424,-0.009129829,252.7147,250.22372,335.12286,0.906073,11.321956,0.18624566
4,88,20,0.0034299996,0.035436906,0.023825472,0.0070694517,0.004541984,0.07717751,0.010894596,3.1993482,-0.3566876,5.74201,-0.6069401,0.15435502,0.021789191,0.08408003,-0.009373878,0.06739424,-0.0071236817,252.75136,250.4187,335.2829,0.9636277,11.321956,0.2256673
4,89,20,0.0034299996,0.038259026,0.026355999,0.007264359,0.004638669,0.08117265,0.015498756,3.243152,-0.4544953,5.8028045,-0.73152995,0.1623453,0.030997513,0.08523121,-0.011944301,0.06810778,-0.0085860025,252.72139,250.28416,334.89893,1.1860253,11.323813,0.20906022
4,90,20,0.0034299996,0.035266254,0.02405136,0.0068542943,0.004360601,0.077542506,0.013062224,3.1502864,-0.397779,5.6261897,-0.7139913,0.15508501,0.026124448,0.082790665,-0.0104537755,0.066034846,-0.008380149,252.70923,250.17073,335.18665,1.1117703,11.323813,0.21837059
4,91,20,0.0034299996,0.04117932,0.03012469,0.006882295,0.004172336,0.08678233,0.016085299,3.1567147,-0.6076387,5.503397,-0.65868634,0.17356466,0.032170597,0.0829596,-0.015968962,0.06459362,-0.007731033,252.7108,250.2191,334.8968,1.266325,11.325627,0.23172219
4,92,20,0.0034299996,0.04847169,0.03598172,0.00790775,0.0045822207,0.09484424,0.017113967,3.383726,-0.62240857,5.767389,-0.841125,0.18968847,0.034227934,0.08892553,-0.016357118,0.0676921,-0.009872322,252.69882,250.19093,334.3396,1.4635336,11.325627,0.25174937
4,93,20,0.0034299996,0.040725045,0.028213216,0.007699982,0.0048118476,0.08398395,0.015222125,3.3389778,-0.55544275,5.910132,-1.08516,0.1679679,0.03044425,0.08774954,-0.014597238,0.06936748,-0.012736571,252.75116,250.40775,335.00388,1.6406028,11.327528,0.22707364
4,94,20,0.0034299996,0.04180391,0.028448252,0.008206135,0.005149524,0.08433305,0.01616231,3.4469738,-0.6485712,6.113991,-1.059235,0.1686661,0.03232462,0.09058772,-0.01704469,0.071760185,-0.012432287,252.7587,250.49861,335.0764,1.7078061,11.327528,0.4710749
4,95,20,0.0034299996,0.044667505,0.03229421,0.0072620334,0.005111261,0.08985295,0.015325329,3.2426326,-0.3889956,6.0912333,-1.3660748,0.1797059,0.030650659,0.085217565,-0.0102229435,0.07149308,-0.016033683,252.68797,250.19801,334.36853,1.7550704,11.329785,0.19871882
4,96,20,0.0034299996,0.042150095,0.029164415,0.0074934494,0.0054922327,0.08538796,0.012782286,3.2938936,-0.49464887,6.314161,-1.3574007,0.17077592,0.025564572,0.08656471,-0.012999554,0.0741096,-0.015931876,252.67274,250.07793,334.6533,1.8520496,11.329785,0.1943032
4,97,20,0.0034299996,0.041227914,0.029210625,0.006415473,0.0056018145,0.08545558,0.009769655,3.0477753,-0.297861,6.3768406,-1.5449283,0.17091116,0.01953931,0.08009665,-0.007827894,0.07484527,-0.018132895,252.63997,249.9124,334.42218,1.8427893,11.332115,0.32952663
4,98,20,0.0034299996,0.04491197,0.032461107,0.006979325,0.0054715397,0.09008483,0.011391162,3.178889,-0.15316063,6.302255,-1.676819,0.18016966,0.022782324,0.083542354,-0.0040251142,0.073969856,-0.019680904,252.59476,249.68568,333.9041,1.8299797,11.332115,0.28079632
4,99,20,0.0034299996,0.03740042,0.024840964,0.007142626,0.0054168287,0.07880508,0.004966302,3.215864,0.26681483,6.2706676,-2.009454,0.15761016,0.009932604,0.08451406,0.007011993,0.07359911,-0.023585055,252.60693,249.71701,334.1752,1.7426392,11.335439,0.12866554
4,100,20,0.0034299996,0.03650391,0.02419812,0.0073388806,0.00496691,0.07777873,0.007223869,3.259745,0.17289376,6.0046034,-1.787831,0.15555745,0.014447738,0.08566727,0.004543709,0.07047631,-0.020983852,252.59058,249.69058,334.1408,1.6149372,11.335439,0.12609097
5,1,20,0.0024009997,0.07626292,0.041349195,0.02519745,0.009716272,0.10167251,0.0013517461,6.04014,0.20066802,8.3982935,-2.4530387,0.20334502,0.0027034923,0.15873705,0.005273626,0.09857115,-0.028791422,251.79834,247.12137,331.4296,2.2523706,11.338691,1.3543739
5,2,20,0.0024009997,0.085220404,0.04885598,0.027049093,0.009315336,0.11051694,0.003364118,6.258136,0.40065703,8.223193,-2.565791,0.22103389,0.006728236,0.16446608,0.010529412,0.09651599,-0.030114807,251.73584,246.89912,330.87845,2.165134,11.338691,0.55058867
5,3,20,0.0024009997,0.0704363,0.037455264,0.025080653,0.0079003805,0.096766815,-0.000405716,6.026124,0.47621378,7.5729523,-2.3320217,0.19353363,-0.000811432,0.15836872,0.012515071,0.088884085,-0.027371047,251.7449,246.91223,331.5675,1.8558079,11.339281,0.41563666
5,4,20,0.0024009997,0.069318205,0.033990055,0.02728098,0.008047174,0.09218196,0.0016527717,6.2849035,0.44488332,7.642983,-2.1878812,0.18436392,0.0033055434,0.16516955,0.011691693,0.08970604,-0.025679251,251.71425,246.84528,331.1545,1.7429979,11.339281,1.4762373
5,5,20,0.0024009997,0.06813403,0.036143325,0.024021314,0.007969397,0.09505699,0.0025117304,5.8974876,0.24563052,7.605958,-2.099712,0.19011398,0.005023461,0.15498811,0.0064552673,0.08927148,-0.024644418,251.67018,246.71123,330.48596,1.8540814,11.338794,1.790233
5,6,20,0.0024009997,0.06566302,0.034894843,0.02253686,0.008231313,0.093400806,-0.0012869892,5.712358,0.2742262,7.7299337,-2.003506,0.18680161,-0.0025739784,0.15012282,0.0072067603,0.090726584,-0.023515232,251.6366,246.5114,330.86743,1.7292798,11.338794,0.35073632
5,7,20,0.0024009997,0.06527964,0.034925524,0.021721061,0.008633055,0.09344186,-5.8624782e-6,5.608015,0.052557666,7.916322,-1.9047132,0.18688372,-1.17249565e-5,0.14738066,0.0013812262,0.09291423,-0.022355705,251.56299,246.25725,330.44513,1.8521554,11.339301,0.5485836
5,8,20,0.0024009997,0.07963047,0.047150854,0.023300685,0.009178932,0.10857124,0.00056336983,5.8083534,0.072868116,8.162765,-2.3545325,0.21714248,0.0011267397,0.15264562,0.0019149949,0.09580674,-0.027635256,251.479,246.02667,329.48212,2.2816644,11.339301,5.593973
5,9,20,0.0024009997,0.071799874,0.042172298,0.020683713,0.008943861,0.102679476,-0.0011774573,5.472464,-0.003499503,8.057565,-2.5622036,0.20535895,-0.0023549146,0.14381833,-9.197418e-5,0.09457199,-0.030072704,251.49252,245.93292,329.96228,2.5657032,11.342053,0.3675379
5,10,20,0.0024009997,0.07387136,0.041883416,0.022675684,0.009312254,0.10232719,0.0008830171,5.729924,-0.26168177,8.221832,-2.318165,0.20465438,0.0017660342,0.15058447,-0.00687709,0.096500024,-0.02720841,251.54683,246.21982,329.87128,2.5798469,11.342053,1.3681933
5,11,20,0.0024009997,0.07158741,0.04242085,0.019171426,0.009995143,0.10298161,0.0025702694,5.268608,-0.4520041,8.517962,-2.9929252,0.20596322,0.005140539,0.13846092,-0.01187882,0.09997571,-0.035128105,251.58842,246.50963,329.62177,3.4449294,11.3452425,1.3180349
5,12,20,0.0024009997,0.068477795,0.040989712,0.018310368,0.009177713,0.10122958,0.001516316,5.1489325,-0.4830196,8.162222,-2.7323632,0.20245916,0.003032632,0.1353158,-0.012693926,0.09580038,-0.032069873,251.64053,246.53123,330.59824,3.2153828,11.3452425,0.2724791
5,13,20,0.0024009997,0.05377487,0.030578412,0.015570677,0.007625779,0.08743342,0.0012101864,4.748128,-0.7499232,7.440178,-2.342441,0.17486684,0.0024203728,0.12478252,-0.019708252,0.08732571,-0.027493343,251.6528,246.51804,330.80276,3.0923643,11.34776,0.3846002
5,14,20,0.0024009997,0.058256716,0.03368284,0.017044827,0.007529047,0.09176443,0.0030131405,4.9678097,-0.46904832,7.392838,-2.6131792,0.18352886,0.006026281,0.13055584,-0.012326756,0.08677008,-0.030670999,251.65187,246.63019,330.58313,3.0822275,11.34776,0.72036517
5,15,20,0.0024009997,0.049466636,0.028848756,0.013525255,0.0070926244,0.08492461,0.0020621943,4.425287,-0.5100394,7.175376,-2.677762,0.16984922,0.0041243886,0.11629813,-0.013404025,0.08421772,-0.03142902,251.63,246.48949,331.03433,3.1878014,11.350398,0.45988172
5,16,20,0.0024009997,0.049747434,0.028349966,0.013858379,0.007539089,0.08418724,0.0020007016,4.479452,-0.5271323,7.3977675,-2.5021443,0.16837448,0.004001403,0.11772162,-0.013853222,0.08682793,-0.029367786,251.53812,246.07225,330.75568,3.0292766,11.350398,0.3716189
5,17,20,0.0024009997,0.05329237,0.03234707,0.01341058,0.007534723,0.08992645,0.0023867823,4.406487,-0.32858288,7.3956237,-2.9227667,0.1798529,0.0047735646,0.11580406,-0.00863528,0.08680278,-0.03430464,251.43762,245.67294,329.92493,3.2513494,11.352517,2.3725877
5,18,20,0.0024009997,0.049839664,0.027797915,0.014833107,0.0072086425,0.08336353,-0.00039620802,4.6343064,-0.38569784,7.233825,-3.0357227,0.16672707,-0.00079241605,0.12179124,-0.010136279,0.084903724,-0.035630412,251.40773,245.56747,330.3791,3.4214206,11.352517,0.32609358
5,19,20,0.0024009997,0.04632764,0.025671408,0.013525198,0.0071310336,0.080111496,0.0005054784,4.4252777,-0.59054637,7.194779,-2.7928407,0.16022299,0.0010109568,0.116297886,-0.015519772,0.08444545,-0.0327797,251.39386,245.63191,330.25214,3.383387,11.352739,0.27966923
5,20,20,0.0024009997,0.052818894,0.03136962,0.01422379,0.0072254827,0.088557355,0.0013579227,4.538124,-0.43284935,7.242269,-3.0008037,0.17711471,0.0027158454,0.11926353,-0.011375432,0.08500284,-0.03522057,251.39496,245.63239,329.89465,3.433653,11.352739,0.2451495
5,21,20,0.0024009997,0.042522397,0.025308305,0.011032952,0.00618114,0.07954292,-0.0008875737,3.9968197,-0.49092656,6.6984673,-2.7750099,0.15908584,-0.0017751474,0.10503786,-0.012901728,0.078620225,-0.03257042,251.43474,245.73196,330.486,3.2659364,11.352677,0.1667057
5,22,20,0.0024009997,0.04300596,0.02668773,0.009810305,0.0065079206,0.0816819,0.00046469845,3.7688591,-0.54543006,6.873253,-2.6814773,0.1633638,0.0009293969,0.09904698,-0.014334098,0.08067168,-0.03147262,251.41368,245.76192,330.2311,3.2269073,11.352677,0.1693644
5,23,20,0.0024009997,0.04558988,0.028336328,0.010380854,0.006872698,0.08416699,0.0016811783,3.8769052,-0.40154335,7.0632544,-2.9312544,0.16833398,0.0033623567,0.10188647,-0.0105527025,0.08290174,-0.034404263,251.3357,245.56923,329.4677,3.3327978,11.3526745,0.18559602
5,24,20,0.0024009997,0.040194422,0.025283841,0.008989951,0.005920628,0.07950447,-0.00018479789,3.6078405,-0.2896085,6.555791,-2.7628307,0.15900894,-0.00036959577,0.09481535,-0.0076110153,0.07694562,-0.03242747,251.33275,245.45609,330.23013,3.0524392,11.3526745,0.3402666
5,25,20,0.0024009997,0.037211597,0.022251176,0.008960483,0.005999937,0.07458414,-2.4580595e-5,3.6019232,-0.41491333,6.599553,-2.6966667,0.14916828,-4.916119e-5,0.09465983,-0.010904074,0.07745926,-0.031650897,251.35071,245.59564,330.16537,3.1115801,11.353153,0.21084626
5,26,20,0.0024009997,0.046458274,0.029365925,0.010474561,0.0066177896,0.085682444,0.00066880655,3.894364,-0.2610783,6.931029,-3.0452378,0.17136489,0.0013376131,0.1023453,-0.006861228,0.0813498,-0.035742097,251.38072,245.85585,329.81787,3.3063161,11.353153,0.1782715
5,27,20,0.0024009997,0.04210005,0.025973571,0.009846944,0.0062795365,0.08058159,-0.00015290789,3.775891,-0.3062602,6.751573,-2.8561647,0.16116318,-0.00030581577,0.09923177,-0.008048632,0.079243526,-0.033522937,251.45831,246.15848,330.54327,3.1624248,11.353765,0.16483447
5,28,20,0.0024009997,0.04532711,0.030397447,0.008176857,0.0067528044,0.08717432,0.0014905503,3.4408195,-0.32582715,7.0013747,-2.6154723,0.17434864,0.0029811007,0.090425976,-0.0085628545,0.08217545,-0.03069792,251.50781,246.30765,330.66403,2.9412994,11.353765,0.15978606
5,29,20,0.0024009997,0.046987772,0.032455485,0.00830531,0.006226974,0.09007703,0.0037172053,3.4677408,-0.04908165,6.723257,-2.727273,0.18015406,0.0074344105,0.091133475,-0.0012898842,0.07891118,-0.032010123,251.52036,246.35643,330.63986,2.7763546,11.354553,0.1845861
5,30,20,0.0024009997,0.03684242,0.02372088,0.00704796,0.00607358,0.07700792,0.00047308975,3.1944818,-0.06746986,6.639931,-2.7741508,0.15401584,0.0009461795,0.08395213,-0.0017731307,0.07793318,-0.032560334,251.54991,246.46217,331.46597,2.8416207,11.354553,0.39412734
5,31,20,0.0024009997,0.03417822,0.021937689,0.0066870814,0.0055534514,0.074056886,0.0026015013,3.111623,-0.1576097,6.349255,-2.5301926,0.14811377,0.0052030026,0.08177458,-0.0041420404,0.07452148,-0.029696992,251.50903,246.34912,331.1844,2.6878023,11.355156,0.1429185
5,32,20,0.0024009997,0.038644757,0.026166558,0.0067861965,0.0056920014,0.0808804,0.0043515414,3.1345983,0.009963864,6.427967,-2.7029712,0.1617608,0.008703083,0.08237837,0.00026185345,0.075445354,-0.031724896,251.45924,246.18617,330.37488,2.6930075,11.355156,0.16878818
5,33,20,0.0024009997,0.03451656,0.022591146,0.006105452,0.0058199656,0.07515176,0.0015475724,2.9732234,-0.0018980046,6.4998217,-2.6091352,0.15030351,0.0030951449,0.07813739,-4.988006e-5,0.0762887,-0.030623537,251.43999,246.04214,330.67868,2.6110332,11.3559265,0.12710798
5,34,20,0.0024009997,0.036146965,0.023822624,0.0066871024,0.005637239,0.0771729,0.0018054422,3.111628,-0.05220209,6.3969717,-2.3940816,0.1543458,0.0036108843,0.081774704,-0.001371887,0.07508155,-0.02809944,251.43143,245.99258,330.5688,2.4462836,11.3559265,4.0371356
5,35,20,0.0024009997,0.037048552,0.024593657,0.00769755,0.004757346,0.078411825,0.0047961385,3.3384507,-0.06371816,5.876566,-2.1775875,0.15682365,0.009592277,0.08773568,-0.0016745329,0.06897352,-0.02555844,251.4665,246.10602,330.3123,2.2413056,11.35467,0.18939579
5,36,20,0.0024009997,0.035998464,0.023388822,0.0074428967,0.005166744,0.07646702,0.0027204824,3.282764,-0.14453888,6.124204,-2.1490526,0.15293404,0.005440965,0.086272225,-0.0037985318,0.071880065,-0.025223529,251.5862,246.60236,331.16928,2.2935915,11.35467,0.14783937
5,37,20,0.0024009997,0.03596163,0.023694405,0.007834018,0.0044332067,0.07696494,0.003979781,3.367914,-0.44183174,5.672836,-1.6750557,0.15392987,0.007959562,0.08850999,-0.011611495,0.06658233,-0.019660205,251.67085,246.91226,331.69864,2.1168876,11.353687,0.16470408
5,38,20,0.0024009997,0.04489662,0.032659777,0.008170426,0.0040664203,0.09036008,0.0043207887,3.4394658,-0.28627992,5.4330955,-1.8396379,0.18072017,0.008641577,0.09039041,-0.007523538,0.06376849,-0.021591911,251.72153,247.05408,331.4193,2.125918,11.353687,0.2140996
5,39,20,0.0024009997,0.03995664,0.026953295,0.008948037,0.0040553105,0.08208729,0.002505757,3.5994203,-0.4132204,5.4256687,-1.5661837,0.16417459,0.005011514,0.09459407,-0.010859585,0.06368132,-0.018382367,251.79517,247.32214,332.46265,1.9794041,11.352875,0.23335846
5,40,20,0.0024009997,0.03727139,0.025203824,0.008256328,0.0038112411,0.07937856,0.0030296848,3.4574993,-0.35181364,5.259863,-1.4381229,0.15875712,0.0060593695,0.09086434,-0.009245794,0.06173525,-0.016879316,251.73901,247.1237,332.41586,1.7899365,11.352875,0.4983638
5,41,20,0.0024009997,0.03563167,0.023811173,0.008054141,0.0037663598,0.077154346,0.0034269807,3.4149022,-0.219233,5.2288013,-1.5957196,0.15430869,0.0068539614,0.089744866,-0.0057615284,0.061370675,-0.018729035,251.61784,246.66103,331.4535,1.8149526,11.352312,0.37665543
5,42,20,0.0024009997,0.032357965,0.021626918,0.0071868957,0.003544151,0.073530465,0.0012664183,3.225814,-0.20510969,5.0722117,-1.4567492,0.14706093,0.0025328365,0.08477556,-0.00539036,0.059532773,-0.017097931,251.56274,246.31673,331.79706,1.6618589,11.352312,0.2147938
5,43,20,0.0024009997,0.030646222,0.020140825,0.0070971213,0.0034082758,0.07095919,-9.147959e-6,3.2056034,-0.33070633,4.974032,-1.2327948,0.14191838,-1.8295917e-5,0.084244415,-0.008691076,0.05838044,-0.014469368,251.54616,246.2612,331.63162,1.5635011,11.351447,0.14243223
5,44,20,0.0024009997,0.033021744,0.022122752,0.0072983797,0.0036006118,0.074368596,0.0013765435,3.2507374,-0.2437721,5.112453,-1.5297699,0.14873719,0.002753087,0.085430555,-0.006406418,0.0600051,-0.017954981,251.51918,246.27876,330.9162,1.773542,11.351447,0.14243333
5,45,20,0.0024009997,0.033214662,0.022330703,0.007283933,0.0036000272,0.074717306,-0.003187057,3.2475183,-0.19666545,5.1120386,-1.536988,0.14943461,-0.006374114,0.08534596,-0.0051684403,0.060000226,-0.018039698,251.53922,246.42964,331.4685,1.7336534,11.350603,0.1832271
5,46,20,0.0024009997,0.03261506,0.021452425,0.007809621,0.0033530178,0.07323323,-0.0013818571,3.3626654,-0.30353063,4.933545,-1.246604,0.14646646,-0.0027637142,0.08837206,-0.00797689,0.05790525,-0.014631447,251.54686,246.41837,331.47025,1.5501347,11.350603,0.20949455
5,47,20,0.0024009997,0.034960594,0.023701325,0.007881613,0.003377659,0.07697617,-0.0017036318,3.3781292,-0.06037768,4.951641,-1.3078456,0.15395235,-0.0034072637,0.08877845,-0.0015867455,0.05811763,-0.015350244,251.57706,246.51698,331.1608,1.3682233,11.349766,0.2332909
5,48,20,0.0024009997,0.034163766,0.023595795,0.00720676,0.0033612114,0.076804616,-0.0047970954,3.2302692,-0.12705393,4.93957,-1.2043909,0.15360923,-0.009594191,0.08489264,-0.003339021,0.057975955,-0.01413599,251.72966,247.14848,332.57642,1.3314449,11.349766,0.15284754
5,49,20,0.0024009997,0.028611954,0.018385021,0.007208613,0.0030183205,0.06779569,-0.0031751983,3.2306843,-0.27988693,4.6808414,-0.9786124,0.13559137,-0.0063503967,0.08490355,-0.007355531,0.054939244,-0.011486016,251.85168,247.61871,333.04346,1.2584994,11.348744,0.16200158
5,50,20,0.0024009997,0.033723317,0.022464784,0.008197836,0.0030606983,0.074941285,-0.0026105086,3.4452302,-0.29989728,4.7135863,-1.017277,0.14988257,-0.005221017,0.0905419,-0.00788141,0.05532358,-0.011939826,251.9392,247.94823,332.7223,1.3171743,11.348744,0.18930869
5,51,20,0.0024009997,0.032198645,0.020945169,0.008307873,0.0029456003,0.07236223,-0.003949979,3.4682755,-0.37523243,4.6241097,-0.9162042,0.14472446,-0.007899958,0.091147535,-0.009861245,0.054273386,-0.010753529,252.04695,248.28273,333.80453,1.2914367,11.347628,0.5631611
5,52,20,0.0024009997,0.030062959,0.020223275,0.0070170946,0.00282259,0.07110428,-0.003831433,3.1874793,-0.48192975,4.5265274,-0.7949495,0.14220856,-0.007662866,0.0837681,-0.012665288,0.053128053,-0.009330358,252.08101,248.48416,333.99496,1.2768792,11.347628,0.21167584
5,53,20,0.0024009997,0.03017298,0.020807879,0.006559845,0.0028052558,0.07212468,-0.00023435327,3.0818784,-0.08117259,4.5126066,-0.8072986,0.14424936,-0.00046870654,0.08099287,-0.0021332453,0.052964665,-0.0094753,252.09474,248.67316,333.75568,0.8884712,11.346283,0.14852506
5,54,20,0.0024009997,0.033113275,0.023609834,0.006631993,0.0028714484,0.07682746,-0.002989851,3.0987797,-0.013470659,4.5655355,-0.77520114,0.15365492,-0.005979702,0.08143705,-0.00035401306,0.053585898,-0.009098571,252.13068,248.87334,334.63803,0.7886718,11.346283,0.16678137
5,55,20,0.0024009997,0.026437052,0.018050544,0.0057821926,0.0026043148,0.067176156,-0.0007478592,2.8934429,-0.006066756,4.347984,-0.48545104,0.13435231,-0.0014957184,0.07604073,-0.00015943339,0.051032487,-0.005697762,252.12709,248.89104,334.61383,0.4915178,11.344917,0.15397654
5,56,20,0.0024009997,0.030394992,0.021482537,0.0063051307,0.002607325,0.07328461,0.0012531801,3.021452,0.1334324,4.3504963,-0.6030197,0.14656922,0.0025063602,0.07940485,0.003506652,0.051061973,-0.0070776697,252.0994,248.79759,334.03314,0.46958733,11.344917,0.1443268
5,57,20,0.0024009997,0.027703997,0.01936326,0.005677617,0.0026631197,0.069575965,-0.0015020545,2.8671587,0.21615836,4.3967986,-0.52148676,0.13915193,-0.003004109,0.075349964,0.0056807217,0.051605422,-0.0061207144,252.13515,248.83504,334.85437,0.3053284,11.343603,0.13880964
5,58,20,0.0024009997,0.026242903,0.017353764,0.0061049093,0.0027842298,0.06586684,0.00015837977,2.9730918,0.17261077,4.495663,-0.4009246,0.13173369,0.00031675954,0.07813392,0.004536277,0.0527658,-0.0047056694,252.17667,248.99623,334.99762,0.22831382,11.343603,0.14612843
5,59,20,0.0024009997,0.031452,0.021888575,0.0065703094,0.0029931169,0.07397394,0.002530127,3.0843353,0.26548412,4.6612573,-0.46229604,0.14794788,0.005060254,0.081057444,0.0069770194,0.054709386,-0.00542599,252.23413,249.28975,334.62366,0.19681191,11.342373,0.13942443
5,60,20,0.0024009997,0.0301439,0.020539366,0.006565032,0.0030395018,0.07165781,0.0008838532,3.0830965,0.2923512,4.6972365,-0.5687087,0.14331561,0.0017677064,0.081024885,0.007683094,0.055131678,-0.0066749593,252.30354,249.61133,335.60385,0.27635753,11.342373,0.17594343
5,61,20,0.0024009997,0.02877507,0.020322293,0.0054950346,0.002957742,0.07127814,0.001958852,2.8206809,0.18604805,4.6336303,-0.33489755,0.14255628,0.003917704,0.0741285,0.0048894077,0.054385126,-0.003930707,252.31905,249.64812,335.69666,0.1488495,11.340969,0.17337058
5,62,20,0.0024009997,0.031935878,0.021529883,0.0070738327,0.0033321627,0.07336532,0.0035573582,3.2003398,0.25504118,4.9181786,-0.2867558,0.14673065,0.0071147163,0.08410608,0.006702575,0.05772489,-0.003365666,252.31755,249.60733,335.0898,0.03171462,11.340969,0.14243354
5,63,20,0.0024009997,0.028669637,0.018870698,0.006472713,0.003326227,0.06868533,0.0004670653,3.061342,0.2308923,4.913796,-0.1170384,0.13737066,0.0009341306,0.08045317,0.006067934,0.05767345,-0.001373684,252.37816,249.79877,335.85046,-0.1138539,11.339548,0.13034834
5,64,20,0.0024009997,0.028700829,0.018896032,0.0063781114,0.0034266855,0.06873142,0.0013182886,3.0388882,0.18041137,4.9874473,0.05526005,0.13746284,0.0026365772,0.07986308,0.0047412785,0.058537897,0.00064858864,252.4254,250.00761,336.18835,-0.23567142,11.339548,0.122285254
5,65,20,0.0024009997,0.029581817,0.019554473,0.006540079,0.0034872643,0.069918655,0.0044820984,3.0772314,0.19309647,5.03134,-0.05827896,0.13983731,0.008964197,0.080870755,0.0050746445,0.059053063,-0.0006840231,252.43724,250.15866,335.58286,-0.13481751,11.337974,0.1422572
5,66,20,0.0024009997,0.03181417,0.022202924,0.00609575,0.0035154962,0.07450323,8.051775e-5,2.9708602,0.1860026,5.051665,0.0065367147,0.14900646,0.0001610355,0.07807528,0.0048882156,0.05929162,7.672232e-5,252.48505,250.26848,336.3734,-0.1925393,11.337974,0.15091504
5,67,20,0.0024009997,0.028797122,0.018215913,0.0070555317,0.0035256767,0.06748317,0.0002674355,3.1961973,0.0021359609,5.058974,0.145711,0.13496634,0.000534871,0.08399721,5.6134933e-5,0.05937741,0.0017102192,252.52888,250.427,336.5311,-0.14784697,11.336345,0.09788122
5,68,20,0.0024009997,0.030806763,0.019666903,0.007541969,0.0035978914,0.070119366,0.0029091781,3.3045404,0.050715573,5.1105223,0.079208165,0.14023873,0.0058183563,0.08684451,0.0013328213,0.059982426,0.0009296716,252.57407,250.71745,336.11182,-0.12992373,11.336345,0.13749574
5,69,20,0.0024009997,0.028227068,0.018635362,0.0061094672,0.0034822384,0.0682557,-0.0011662575,2.974201,0.029022332,5.027713,0.046620358,0.1365114,-0.002332515,0.07816308,0.0007627179,0.059010495,0.00054718496,252.65382,250.98146,337.0818,-0.07564269,11.334605,0.10729413
5,70,20,0.0024009997,0.028686794,0.019281583,0.005730401,0.0036748105,0.06942907,-0.00067923317,2.8804553,-0.048796702,5.1648617,0.16046457,0.13885814,-0.0013584663,0.07569941,-0.0012823939,0.060620215,0.0018833808,252.67282,250.97708,337.24393,-0.11166787,11.334605,0.4336505
5,71,20,0.0024009997,0.030535538,0.020301111,0.0065917578,0.0036426699,0.071240984,0.0020760256,3.089366,0.052028134,5.1422253,0.10884669,0.14248197,0.004152051,0.08118964,0.0013673197,0.060354535,0.0012775394,252.64272,250.79076,336.68576,-0.16087481,11.333004,0.22632003
5,72,20,0.0024009997,0.028671833,0.018567385,0.006650047,0.003454401,0.0681311,-0.0038872177,3.1029947,-0.08429972,5.0075765,0.059657983,0.1362622,-0.0077744354,0.08154782,-0.0022154253,0.05877415,0.00070020737,252.67166,250.82198,337.30682,0.024641737,11.333004,0.14209421
5,73,20,0.0024009997,0.028010935,0.018167168,0.0064828303,0.0033609357,0.06739282,-0.0025502276,3.0637333,-0.1294671,4.9393673,0.17931609,0.13478564,-0.005100455,0.080516025,-0.003402442,0.05797358,0.0021046402,252.68561,250.88289,337.17184,-0.04984899,11.33139,0.13686082
5,74,20,0.0024009997,0.029697226,0.019598043,0.0068996856,0.0031994965,0.069996506,0.00039639015,3.1607006,0.050847873,4.8192787,0.0867935,0.13999301,0.0007927803,0.08306435,0.0013363012,0.056564093,0.0010186984,252.69527,251.03064,336.71695,-0.13764137,11.33139,0.12753397
5,75,20,0.0024009997,0.026178425,0.016901184,0.0063283313,0.0029489102,0.06500228,-0.0032918358,3.027006,0.2159452,4.626707,0.053964395,0.13000455,-0.0065836716,0.07955081,0.0056751166,0.05430387,0.0006333806,252.75116,251.24898,337.48923,-0.2699096,11.329622,0.1537636
5,76,20,0.0024009997,0.03080488,0.020721843,0.0064383615,0.0036446743,0.07197542,-0.0028706843,3.0532079,0.18570782,5.14364,0.30463013,0.14395083,-0.0057413685,0.0802394,0.004880467,0.06037114,0.0035754594,252.80153,251.40593,337.79706,-0.49033797,11.329622,2.3709636
5,77,20,0.0024009997,0.032101296,0.021549871,0.0065339045,0.0040175198,0.07339937,0.001311192,3.0757787,0.16769388,5.400329,0.4605558,0.14679874,0.002622384,0.08083257,0.004407055,0.06338391,0.0054055643,252.82886,251.56564,337.30487,-0.62824965,11.3260975,0.23460177
5,78,20,0.0024009997,0.035776623,0.025089908,0.0070802723,0.0036064435,0.07919897,-0.0015159692,3.2017963,0.16613561,5.116592,0.3190655,0.15839794,-0.0030319383,0.084144354,0.0043661036,0.060053673,0.0037448865,252.8474,251.60593,338.0026,-0.48520112,11.3260975,0.1751978
5,79,20,0.0024009997,0.028670652,0.018455433,0.0062732208,0.0039419974,0.067925386,-0.0011397245,3.0137968,0.047367673,5.3493304,0.6539234,0.13585077,-0.002279449,0.079203665,0.001244843,0.06278533,0.0076751322,252.83215,251.5262,338.15143,-0.7012911,11.32283,0.13602227
5,80,20,0.0024009997,0.030406173,0.02032683,0.006144754,0.0039345883,0.0712861,0.0014633274,2.9827783,0.12917419,5.3443,0.42460996,0.1425722,0.0029266549,0.07838848,0.0033947446,0.0627263,0.0049836673,252.79706,251.43068,337.4559,-0.55378413,11.32283,0.15317369
5,81,20,0.0024009997,0.028549973,0.018498426,0.006063119,0.0039884285,0.06800446,-0.00065382605,2.9628983,0.040135548,5.3807416,0.4148299,0.13600892,-0.0013076521,0.07786603,0.0010547735,0.063154005,0.00486888,252.82832,251.57396,337.8652,-0.45496547,11.319939,0.12998445
5,82,20,0.0024009997,0.03608434,0.025534099,0.006346671,0.00420357,0.079896964,-0.0011682824,3.031389,0.014494944,5.523958,0.62460464,0.15979393,-0.0023365647,0.079665996,0.0003809321,0.064834945,0.00733101,252.87398,251.73398,338.16415,-0.6390996,11.319939,0.117019854
5,83,20,0.0024009997,0.030117985,0.018649418,0.0067538624,0.004714706,0.068281434,0.0014704133,3.1271217,0.0021158468,5.85017,0.82520795,0.13656287,0.0029408266,0.082181886,5.560391e-5,0.06866372,0.009685505,252.90733,251.87811,337.69482,-0.8273238,11.317656,0.13542363
5,84,20,0.0024009997,0.034300283,0.022067161,0.007445472,0.0047876504,0.0742751,-0.0020991378,3.2833319,-0.16340773,5.895252,0.7780152,0.1485502,-0.0041982755,0.08628715,-0.004294412,0.06919285,0.0091316,253.00458,252.19449,338.28802,-0.61460745,11.317656,0.13353254
5,85,20,0.0024009997,0.039968412,0.027134228,0.007628883,0.0052052997,0.082362354,-0.00039307668,3.3235264,-0.40711907,6.1470118,1.100025,0.16472471,-0.00078615337,0.08734348,-0.010699232,0.072147764,0.012911047,253.05603,252.38956,338.4143,-0.692906,11.315795,0.31502703
5,86,20,0.0024009997,0.03254393,0.01893824,0.0077957525,0.005809938,0.06880814,0.0018446015,3.3596785,-0.25284654,6.49422,1.1449821,0.13761628,0.003689203,0.08829356,-0.006644894,0.07622295,0.013438709,253.08342,252.52095,338.3047,-0.89213556,11.315795,0.22971028
5,87,20,0.0024009997,0.033323303,0.019596374,0.0077467696,0.0059801606,0.069993526,-0.0009178209,3.3491066,-0.36998287,6.5886683,1.1063073,0.13998705,-0.0018356418,0.088015735,-0.009723285,0.0773315,0.012984778,253.12572,252.64212,339.10507,-0.7363244,11.314289,0.37553832
5,88,20,0.0024009997,0.038484134,0.02447569,0.008027856,0.0059805894,0.07822354,-0.0010795569,3.4093256,-0.47530353,6.5889044,1.2070727,0.15644708,-0.0021591138,0.089598306,-0.012491149,0.07733427,0.014167466,253.10863,252.5564,339.1777,-0.7317692,11.314289,0.5017047
5,89,20,0.0024009997,0.034030393,0.019917786,0.0077829473,0.0063296603,0.070565194,0.003131624,3.3569179,-0.28441307,6.778466,1.1901894,0.14113039,0.006263248,0.08822101,-0.00747448,0.07955916,0.01396931,253.0734,252.49475,338.607,-0.90577626,11.313665,0.18909279
5,90,20,0.0024009997,0.03268752,0.018940672,0.007760745,0.0059861024,0.06881256,-0.00072853285,3.3521266,-0.28455052,6.591941,1.0852168,0.13762511,-0.0014570657,0.08809509,-0.0074780905,0.077369906,0.012737241,253.08357,252.50977,339.26163,-0.8006662,11.313665,0.14075878
5,91,20,0.0024009997,0.03722689,0.023276445,0.007810968,0.0061394745,0.0762831,-0.00026016674,3.3629553,-0.38169426,6.675854,1.1886582,0.1525662,-0.0005203335,0.08837968,-0.010031064,0.0783548,0.013951333,253.07698,252.46567,339.37262,-0.806964,11.313233,0.13607153
5,92,20,0.0024009997,0.035435632,0.019416898,0.009356375,0.006662357,0.069672264,0.0040681385,3.6806328,-0.24631943,6.954328,1.156368,0.13934453,0.008136277,0.096728355,-0.006473365,0.08162326,0.013572346,253.04257,252.32655,338.53882,-0.9100486,11.313233,3.993187
5,93,20,0.0024009997,0.034939397,0.019461902,0.008952624,0.0065248716,0.06975296,0.004561147,3.6003428,-0.073631674,6.8821983,1.1528299,0.13950592,0.009122294,0.094618306,-0.0019350654,0.08077668,0.013530818,253.07663,252.36647,338.9838,-1.0791982,11.313248,0.35892928
5,94,20,0.0024009997,0.035335578,0.020212384,0.008695454,0.0064277397,0.07108513,0.0040804977,3.5482547,-0.23340587,6.8307805,1.1996701,0.14217027,0.008160995,0.09324942,-0.00613399,0.08017319,0.0140805775,253.08076,252.37877,339.02762,-0.9662642,11.313248,0.200776
5,95,20,0.0024009997,0.04027255,0.024198951,0.009466574,0.0066070273,0.07778006,0.007427448,3.702244,0.046826217,6.92539,1.1477929,0.15556012,0.014854896,0.09729632,0.0012306047,0.08128362,0.013471699,253.06573,252.34988,338.40707,-1.1946192,11.313621,0.2579534
5,96,20,0.0024009997,0.037343204,0.021489505,0.008975511,0.0068781893,0.073296495,0.0036907792,3.6049423,0.01758772,7.0660763,1.0716065,0.14659299,0.0073815584,0.09473918,0.00046220934,0.08293485,0.012577497,253.10632,252.43408,339.0753,-1.0891942,11.313621,0.22279331
5,97,20,0.0024009997,0.040077697,0.023308432,0.009325988,0.00744328,0.0763355,0.0064110523,3.6746514,0.09710736,7.3506107,1.2008535,0.152671,0.012822105,0.096571155,0.002552023,0.086274445,0.014094473,253.10838,252.43176,338.94394,-1.2979609,11.314001,0.37478015
5,98,20,0.0024009997,0.04124154,0.023499355,0.010440867,0.007301318,0.0766475,0.008235688,3.8880959,0.21610337,7.280176,1.1646197,0.153295,0.016471377,0.10218056,0.0056792726,0.08544775,0.013669194,253.07278,252.30038,338.2635,-1.380723,11.314001,4.5115995
5,99,20,0.0024009997,0.04010294,0.022102075,0.010604993,0.007395871,0.07433383,0.0052484456,3.9185362,0.14879902,7.3271637,1.2670186,0.14866766,0.010496891,0.10298055,0.0039104945,0.08599925,0.014871053,253.078,252.2553,338.76025,-1.4158176,11.312333,0.3385086
5,100,20,0.0024009997,0.04765867,0.029028378,0.011066571,0.007563723,0.08518858,0.0042206314,4.002904,-0.11124227,7.4098434,1.3656491,0.17037717,0.008441263,0.10519777,-0.0029234826,0.086969666,0.016028693,253.06134,252.12642,338.62357,-1.2544068,11.312333,0.31875795
