ic,traj,n_steps,eta,loss_total,loss_T,loss_olw,loss_slwd,rmse_T,bias_T,rmse_olw,bias_olw,rmse_slwd,bias_slwd,nrmse_T,nbias_T,nrmse_olw,nbias_olw,nrmse_slwd,nbias_slwd,mean_T,mean_olw,mean_slwd,bias_C,pnorm,gnorm
1,1,10,0.1,2.0666144,0.20078501,0.947565,0.9182644,0.2240452,0.027872447,34.73338,-13.742523,79.567566,-23.978708,0.4480904,0.055744894,0.9734295,-0.38514462,0.95826113,-0.2887843,254.12619,263.45593,358.02652,37.72123,0.0,0.9457214
1,2,10,0.1,2.1146178,0.21322413,0.96178854,0.93960506,0.23088099,0.024585955,34.993095,-13.170975,80.48684,-23.97595,0.46176198,0.04917191,0.9807082,-0.3691266,0.9693323,-0.28875118,254.07217,262.88437,358.02374,37.146927,0.0,0.91323835
1,3,10,0.1,2.0530937,0.26234388,0.8816233,0.9091265,0.25609758,-0.006140396,33.50303,-9.091757,79.17068,-15.591215,0.51219517,-0.012280792,0.938948,-0.2548034,0.95348126,-0.1877707,254.02754,262.37332,357.94232,24.682972,0.31622642,0.61785096
1,4,10,0.1,1.9250438,0.20883022,0.8576391,0.8585745,0.22848973,0.0053558974,33.04417,-8.743932,76.93805,-13.783669,0.45697945,0.010711795,0.92608804,-0.24505548,0.92659295,-0.16600172,253.97198,262.02548,356.13483,22.527601,0.31622642,0.57109606
1,5,10,0.1,1.8997769,0.20928115,0.8278636,0.86263233,0.22873628,0.0033747565,32.46549,-5.205928,77.11965,-6.568126,0.45747256,0.006749513,0.9098701,-0.14590013,0.92878,-0.07910236,254.02142,261.94742,356.85443,11.774054,0.5483786,0.31456646
1,6,10,0.1,1.9458483,0.21322039,0.84662277,0.88600516,0.23087896,-0.010437679,32.831257,-5.372556,78.15743,-7.206268,0.46175793,-0.020875357,0.9201211,-0.15057002,0.94127846,-0.08678766,254.09952,262.114,357.49268,12.578824,0.5483786,0.34217566
1,7,10,0.1,1.8372748,0.18262699,0.82527405,0.82937366,0.2136744,0.0066005173,32.414673,-2.1855586,75.61837,1.3199556,0.4273488,0.013201035,0.90844595,-0.0612519,0.91069955,0.015896672,254.11798,262.1786,356.09888,0.86560297,0.7558866,0.13894616
1,8,10,0.1,1.875678,0.20019777,0.82594097,0.84953916,0.22371733,0.0082138395,32.42777,-2.3494387,76.53214,0.4716014,0.44743466,0.016427679,0.90881294,-0.0658448,0.9217045,0.0056796893,254.21822,262.3425,356.94724,1.8778373,0.7558866,0.14637452
1,9,10,0.1,1.931804,0.22565293,0.83223504,0.87391585,0.2375147,-0.0040937746,32.55109,0.4554579,77.62238,5.3010144,0.4750294,-0.008187549,0.9122692,0.012764536,0.93483466,0.06384208,254.27585,262.45233,357.46332,-5.756472,0.95584995,0.15929997
1,10,10,0.1,1.8488364,0.183132,0.82748944,0.838215,0.21396962,0.008276361,32.45815,0.7646558,76.02035,6.7606244,0.42793924,0.016552722,0.90966445,0.021430045,0.9155408,0.081420645,254.2244,262.14313,356.00366,-7.52528,0.95584995,0.20184042
1,11,10,0.1,1.9158206,0.20958616,0.8439857,0.86224884,0.2289029,0.0034041177,32.780083,3.5543015,77.10251,9.779671,0.4578058,0.0068082353,0.9186869,0.09961205,0.92857355,0.11778009,254.20238,261.7462,356.14694,-13.333972,1.1231383,0.3434954
1,12,10,0.1,1.9617727,0.23219872,0.85611755,0.87345654,0.24093501,-0.008927568,33.014843,4.0142093,77.60199,10.050817,0.48187003,-0.017855136,0.9252662,0.1125013,0.93458897,0.121045634,254.1617,261.2863,355.87576,-14.065025,1.1231383,0.34735283
1,13,10,0.1,1.9102376,0.18651395,0.87740195,0.84632164,0.2159363,0.0036685125,33.422726,6.22792,76.387085,13.026754,0.4318726,0.007337025,0.93669736,0.17454232,0.9199574,0.15688594,254.03793,260.68378,353.79544,-19.254675,1.2521337,0.49443465
1,14,10,0.1,1.9543211,0.19098294,0.88952345,0.8738149,0.21850798,0.00047936462,33.652805,6.5759053,77.617905,12.736615,0.43701595,0.00095872924,0.9431455,0.18429475,0.93478066,0.15339173,254.02538,260.3358,354.08557,-19.312521,1.2521337,0.50536174
1,15,10,0.1,2.028878,0.2410721,0.90407664,0.8837292,0.24549547,-0.013108993,33.926975,7.617492,78.05699,11.696958,0.49099094,-0.026217986,0.95082945,0.21348603,0.9400687,0.14087065,254.00264,259.99554,354.00638,-19.31445,1.3534838,0.53244793
1,16,10,0.1,1.9484252,0.19360462,0.9054727,0.84934783,0.22000262,-0.0012309657,33.95316,8.035965,76.52353,13.621459,0.44000524,-0.0024619314,0.9515633,0.22521406,0.9216007,0.16404821,253.91304,259.5771,352.0819,-21.657425,1.3534838,0.58221287
1,17,10,0.1,1.9346858,0.17511065,0.9050527,0.85452247,0.20923112,-0.0075855767,33.945282,8.124408,76.75628,11.017443,0.41846225,-0.0151711535,0.9513426,0.2276927,0.92440385,0.13268708,253.93317,259.3738,352.15924,-19.14185,1.423733,0.54374295
1,18,10,0.1,2.0191095,0.24269418,0.9086273,0.86778814,0.24632001,-0.016653862,34.012257,8.1811695,77.34977,10.758272,0.49264002,-0.033307724,0.9532194,0.22928345,0.93155146,0.12956583,253.95609,259.31708,352.4184,-18.939442,1.423733,0.5339876
1,19,10,0.1,1.9240174,0.19144511,0.8990451,0.83352727,0.2187722,-0.0028193442,33.83244,7.498849,75.80749,8.750857,0.4375444,-0.0056386883,0.9481799,0.210161,0.91297716,0.10538986,253.92033,259.25238,351.03433,-16.249706,1.465282,0.4847793
1,20,10,0.1,1.9675426,0.2020317,0.9120768,0.8534342,0.22473969,-0.0056691174,34.076756,7.6574388,76.70739,8.028653,0.44947937,-0.011338235,0.9550271,0.21460561,0.923815,0.09669202,253.93623,259.09378,351.75656,-15.686092,1.465282,0.48932096
1,21,10,0.1,1.9786735,0.22654511,0.8998043,0.852324,0.23798378,-0.012196671,33.84672,6.631771,76.65748,4.2793713,0.47596756,-0.024393342,0.94858015,0.18586053,0.92321396,0.051538024,253.93173,258.9217,351.56573,-10.911142,1.4938082,0.3955575
1,22,10,0.1,1.9104016,0.19302005,0.8967472,0.8206344,0.21967024,0.0011190654,33.789177,6.9633117,75.21892,6.11004,0.43934047,0.002238131,0.94696736,0.19515213,0.90588874,0.07358544,253.87091,258.59018,349.73508,-13.073352,1.4938082,0.43218112
1,23,10,0.1,1.9164252,0.19279264,0.89188856,0.83174413,0.21954079,-0.0035606255,33.69751,5.4916596,75.726364,1.5807865,0.43908158,-0.007121251,0.9443985,0.15390792,0.91200006,0.019038027,253.90208,258.54556,350.11783,-7.072446,1.5078708,0.31847337
1,24,10,0.1,1.9467293,0.20691082,0.8999918,0.8398267,0.22743726,-0.012787953,33.85025,5.819039,76.0934,1.6881757,0.45487452,-0.025575906,0.948679,0.16308306,0.9164206,0.020331325,253.87923,258.2182,350.01047,-7.5072145,1.5078708,0.3322835
1,25,10,0.1,1.8686569,0.17412254,0.882602,0.8119323,0.20863996,0.0021790932,33.521618,4.450202,74.81904,-0.67172825,0.41727993,0.0043581864,0.939469,0.124720335,0.90107286,-0.008089855,253.80774,257.86633,348.36423,-3.7784739,1.5090624,0.25033697
1,26,10,0.1,1.9129337,0.19795968,0.8831098,0.83186424,0.2224633,-0.0013615489,33.53126,4.6700354,75.73183,-1.0774937,0.4449266,-0.0027230978,0.9397392,0.1308813,0.9120659,-0.012976589,253.80797,257.6465,348.76996,-3.5925417,1.5090624,0.26244497
1,27,10,0.1,1.9359488,0.21118726,0.8850559,0.83970565,0.22977558,-0.007763158,33.568188,3.1763146,76.08793,-4.5839376,0.45955116,-0.015526316,0.9407741,0.089018635,0.91635454,-0.05520603,253.76137,257.30212,348.59082,1.407623,1.5049194,0.19952145
1,28,10,0.1,1.9039814,0.1787667,0.9055778,0.819637,0.21140406,0.0034197457,33.95513,3.6307366,75.17319,-3.0577133,0.4228081,0.0068394914,0.9516185,0.101754144,0.90533805,-0.03682516,253.63908,256.8477,347.0647,-0.5730233,1.5049194,0.20680696
1,29,10,0.1,1.9681735,0.19713958,0.92539954,0.84563434,0.22200201,0.00031841794,34.32473,2.0838993,76.356064,-6.4961715,0.44400403,0.0006368359,0.9619769,0.05840288,0.9195838,-0.07823578,253.59093,256.51694,347.43814,4.4122725,1.4931473,0.16856548
1,30,10,0.1,2.0234787,0.23098512,0.9353054,0.8571882,0.24030456,-0.00909603,34.507957,2.4992983,76.875916,-6.469279,0.48060912,-0.01819206,0.9671119,0.07004485,0.9258446,-0.07791185,253.53535,256.10153,347.4113,3.9699805,1.4931473,0.18989292
1,31,10,0.1,1.939723,0.18294236,0.9217447,0.83503586,0.21385881,0.008168557,34.256886,1.1123885,75.87606,-7.1889625,0.42771763,0.016337113,0.9600754,0.031175632,0.913803,-0.08657928,253.43236,255.63963,345.8952,6.076574,1.4724861,0.14488171
1,32,10,0.1,1.9788904,0.19312516,0.9319568,0.85380834,0.21973003,0.0040262984,34.446133,1.2114985,76.7242,-7.4231844,0.43946007,0.008052597,0.9653791,0.033953156,0.9240175,-0.08940009,253.4472,255.54053,346.1294,6.211686,1.4724861,0.14877422
1,33,10,0.1,2.0075922,0.22092438,0.9227148,0.86395293,0.23501296,0.0037274207,34.274902,-0.64948064,77.17866,-9.1674185,0.47002593,0.0074548414,0.96058047,-0.018202117,0.9294907,-0.110406585,253.4884,255.64792,346.41162,9.816899,1.4488298,0.18512733
1,34,10,0.1,1.9340315,0.17834297,0.91541624,0.84027237,0.21115336,0.014578675,34.139084,-0.60437626,76.11359,-8.254817,0.42230672,0.02915735,0.9567739,-0.016938103,0.9166637,-0.099415846,253.46251,255.60284,345.49905,8.859193,1.4488298,0.15821083
1,35,10,0.1,1.9746346,0.2050156,0.9122738,0.8573453,0.22639324,0.014734876,34.080433,-2.0561337,76.88296,-9.561346,0.45278648,0.029469753,0.9551303,-0.057624664,0.9259294,-0.11515074,253.49072,255.50749,346.19006,11.617479,1.4195024,0.21149662
1,36,10,0.1,1.9774139,0.23321019,0.88562244,0.85858124,0.2414592,0.00721566,33.57893,-2.0707133,76.93835,-9.646594,0.4829184,0.01443132,0.94107515,-0.058033396,0.9265966,-0.116177455,253.52458,255.52205,346.27533,11.717307,1.4195024,0.21781428
1,37,10,0.1,1.8866062,0.18383142,0.8739622,0.8288126,0.21437784,0.02142388,33.357143,-3.2586417,75.59278,-8.2024765,0.42875567,0.04284776,0.93485945,-0.09132599,0.91039145,-0.09878546,253.50154,255.45331,345.02084,11.461119,1.3859414,0.23532803
1,38,10,0.1,1.9146004,0.17872187,0.8923265,0.84355205,0.21137755,0.017386407,33.705784,-3.2169182,76.261986,-8.4319315,0.4227551,0.034772813,0.9446303,-0.09015662,0.9184509,-0.101548746,253.51733,255.41158,345.2503,11.6488495,1.3859414,0.24222821
1,39,10,0.1,1.9527079,0.19304055,0.9094323,0.8502351,0.2196819,0.012602684,34.02732,-3.9735472,76.56349,-7.4380994,0.4393638,0.025205368,0.9536416,-0.11136171,0.92208195,-0.08957977,253.50417,255.26111,345.0583,11.411647,1.349856,0.27212355
1,40,10,0.1,1.9044927,0.1698307,0.9032275,0.8314345,0.2060526,0.024884455,33.91104,-3.702575,75.71225,-6.4157887,0.4121052,0.04976891,0.9503828,-0.10376756,0.9118303,-0.07726764,253.43977,254.99014,344.03595,10.118363,1.349856,0.2372914
1,41,10,0.1,1.9423779,0.19120249,0.9072475,0.843928,0.21863353,0.01829154,33.98642,-3.9798381,76.27898,-5.383233,0.43726707,0.03658308,0.9524954,-0.111538,0.9186555,-0.06483226,253.41592,254.71915,344.27866,9.363071,1.3103899,0.23891373
1,42,10,0.1,1.9430346,0.2016532,0.8931098,0.84827167,0.22452906,0.01184817,33.720573,-3.661702,76.47504,-5.1860757,0.44905812,0.02369634,0.9450449,-0.102622,0.92101663,-0.062457826,253.37709,254.401,344.08145,8.847777,1.3103899,0.22615342
1,43,10,0.1,1.8901665,0.16732281,0.89431363,0.82853013,0.20452556,0.02238014,33.743294,-3.4924822,75.5799,-2.110248,0.40905112,0.04476028,0.9456816,-0.097879544,0.9102363,-0.025414485,253.27707,254.00465,342.53033,5.6027303,1.2686856,0.19691804
1,44,10,0.1,1.9365845,0.18641432,0.9072201,0.84295,0.21587862,0.018284624,33.98591,-3.159708,76.234764,-2.1805525,0.43175724,0.03656925,0.95248103,-0.08855327,0.91812307,-0.026261205,253.23347,253.67189,342.60065,5.3402605,1.2686856,0.17835356
1,45,10,0.1,1.9372387,0.19723661,0.89154255,0.8484595,0.22205664,0.005463456,33.690975,-2.7306585,76.483505,-0.4914736,0.44411328,0.010926912,0.9442153,-0.07652875,0.9211186,-0.005919004,253.16629,253.27046,342.34106,3.2221322,1.227395,0.15379855
1,46,10,0.1,1.8600621,0.15881191,0.87104803,0.8302022,0.19925606,0.015736517,33.301483,-2.3767712,75.65613,0.7593199,0.39851213,0.031473033,0.93329954,-0.06661082,0.9111543,0.009144792,253.08775,252.91656,341.0902,1.6174513,1.227395,0.1470742
1,47,10,0.1,1.8869414,0.19642414,0.8582881,0.8322291,0.22159882,0.009413538,33.05667,-2.2230015,75.74842,1.3249598,0.44319764,0.018827075,0.9264384,-0.062301297,0.9122659,0.015956966,253.12286,252.96776,341.66968,0.8980417,1.1858677,0.15460536
1,48,10,0.1,1.8610444,0.20071155,0.8337846,0.82654834,0.22400421,0.004792346,32.581383,-2.23614,75.489456,1.0392259,0.44800842,0.009584692,0.91311806,-0.062669516,0.909147,0.012515723,253.1393,252.9809,341.95532,1.1969141,1.1858677,0.14439386
1,49,10,0.1,1.8005631,0.16900745,0.8186486,0.81290716,0.20555258,0.015551543,32.284294,-1.64144,74.86393,2.8026178,0.41110516,0.031103086,0.904792,-0.04600258,0.90161365,0.033752922,253.0727,252.73056,340.8896,-1.1611778,1.1444758,0.1467163
1,50,10,0.1,1.8261496,0.1877346,0.81937474,0.8190402,0.21664175,0.011500597,32.298607,-1.4726954,75.14582,2.6000261,0.4332835,0.023001194,0.9051932,-0.041273482,0.9050084,0.031313118,253.06735,252.56178,341.09225,-1.1273308,1.1444758,0.14274986
1,51,10,0.1,1.8366963,0.20031959,0.81053346,0.8258432,0.22378539,0.0045939647,32.12388,-0.8522333,75.45725,2.7149546,0.44757077,0.009187929,0.90029633,-0.023884466,0.9087592,0.032697294,253.03645,252.36624,341.12097,-1.8627213,1.1073287,0.116678864
1,52,10,0.1,1.7942913,0.17590939,0.80357033,0.81481147,0.20970777,0.01580238,31.985598,-0.48155412,74.95158,4.0305433,0.41941553,0.03160476,0.89642084,-0.013495956,0.9026691,0.048541244,252.94728,251.99554,339.8054,-3.5489893,1.1073287,0.1436745
1,53,10,0.1,1.8171084,0.18339695,0.8116681,0.8220433,0.21412435,0.008384145,32.14636,0.192487,75.283455,3.4586267,0.4282487,0.01676829,0.90092623,0.0053946464,0.90666604,0.04165348,252.91617,251.75688,339.9783,-3.6511137,1.0748976,0.13027327
1,54,10,0.1,1.8180604,0.18085043,0.80935323,0.82785666,0.21263257,0.0022760273,32.100487,0.37832302,75.549194,3.5695887,0.42526513,0.0045520547,0.8996406,0.010602768,0.9098663,0.042989857,252.87747,251.57106,339.86734,-3.9479117,1.0748976,0.117124885
1,55,10,0.1,1.7882525,0.15210573,0.81289285,0.82325387,0.19500367,0.013300793,32.1706,1.2123588,75.33887,3.7551935,0.39000735,0.026601586,0.9016057,0.033977307,0.9073334,0.045225162,252.77141,251.11272,338.7931,-4.967552,1.0449456,0.14553379
1,56,10,0.1,1.8303468,0.17114158,0.8254024,0.8338029,0.20684631,0.0070039215,32.417194,1.4780884,75.82002,3.5314202,0.41369262,0.014007843,0.9085166,0.04142451,0.9131281,0.042530194,252.73201,250.84698,339.01688,-5.0095086,1.0449456,0.15291318
1,57,10,0.1,1.8244476,0.1867065,0.80729574,0.8304454,0.21604773,0.0018092683,32.059658,1.9658141,75.667206,2.27735,0.43209547,0.0036185365,0.8984964,0.055093467,0.9112878,0.027426902,252.69183,250.60114,338.90988,-4.243164,1.020384,0.13906354
1,58,10,0.1,1.7825563,0.15355653,0.8059254,0.82307434,0.19593145,0.013179431,32.03244,2.3313332,75.33066,3.383635,0.3918629,0.026358861,0.8977335,0.06533738,0.90723443,0.04075035,252.6102,250.23557,337.8036,-5.714968,1.020384,0.17986757
1,59,10,0.1,1.8335826,0.1632877,0.8318,0.83849496,0.20204437,0.007006022,32.542583,2.643117,76.03306,1.627164,0.40408874,0.014012044,0.9120307,0.07407534,0.9156937,0.019596534,252.57272,249.9823,337.87177,-4.270281,0.99711376,0.1666663
1,60,10,0.1,1.8674738,0.18563938,0.8353537,0.84648085,0.21542944,0.0011152568,32.612022,3.0429437,76.39427,2.114163,0.43085888,0.0022305136,0.91397685,0.085280836,0.92004395,0.02546165,252.4859,249.58244,337.3848,-5.1571064,0.99711376,0.18693435
1,61,10,0.1,1.8102956,0.14673534,0.8281741,0.83538616,0.19153024,0.013135448,32.471573,3.331239,75.89197,1.5698119,0.3830605,0.026270896,0.91004074,0.09336047,0.9139946,0.018905746,252.37639,249.13249,336.06146,-4.901051,0.971795,0.20038286
1,62,10,0.1,1.8042543,0.14972246,0.81834877,0.83618313,0.19346993,0.005341527,32.278385,3.5008163,75.92816,1.1841092,0.38693985,0.010683054,0.9046263,0.09811304,0.9144305,0.014260649,252.36609,248.9629,336.4472,-4.6849256,0.971795,0.20452327
1,63,10,0.1,1.8114598,0.184305,0.7976615,0.8294933,0.21465379,0.0030157075,31.86778,3.2319715,75.623825,-0.8395688,0.42930758,0.006031415,0.893119,0.09057847,0.91076523,-0.01011127,252.34306,248.82666,336.48312,-2.3924026,0.9453905,0.18227972
1,64,10,0.1,1.7532089,0.14781213,0.7901777,0.815219,0.19223171,0.012844638,31.717936,3.4446065,74.97032,0.07237783,0.38446343,0.025689276,0.8889194,0.096537754,0.9028948,0.0008716872,252.28104,248.61403,335.57114,-3.5169845,0.9453905,0.19605993
1,65,10,0.1,1.7749841,0.15244098,0.79703104,0.8255121,0.19521846,0.008062431,31.855186,2.896977,75.44212,-2.0987623,0.39043692,0.016124861,0.89276594,0.08119002,0.90857697,-0.025276203,252.27898,248.54108,335.85672,-0.7982147,0.9107725,0.16488436
1,66,10,0.1,1.799572,0.17782225,0.7927551,0.8289947,0.21084487,0.0061149304,31.769625,2.9590125,75.6011,-2.1101875,0.42168975,0.012229861,0.890368,0.08292861,0.91049147,-0.025413716,252.25938,248.47905,335.86813,-0.848825,0.9107725,0.16901726
1,67,10,0.1,1.7622515,0.14114073,0.79404306,0.82706773,0.1878435,0.016765967,31.795416,2.334334,75.513176,-2.7517066,0.375687,0.033531934,0.8910909,0.065421596,0.90943265,-0.033139788,252.19354,248.31723,334.91846,0.4173727,0.8686246,0.13584465
1,68,10,0.1,1.7997897,0.14579177,0.81069577,0.8433022,0.19091344,0.009263018,32.127098,2.5958054,76.250694,-2.9943662,0.38182688,0.018526036,0.90038645,0.0727494,0.9183149,-0.036062203,252.15486,248.05576,335.16107,0.39856076,0.8686246,0.1515634
1,69,10,0.1,1.8148055,0.1758557,0.7964677,0.84248215,0.20967576,0.004498831,31.843925,1.8614193,76.213615,-4.144428,0.41935152,0.008997662,0.8924504,0.052167673,0.91786826,-0.049912866,252.12296,247.88617,335.03992,2.2830086,0.82202893,0.1306262
1,70,10,0.1,1.7661302,0.14389941,0.79059696,0.83163375,0.18967038,0.0144820865,31.726349,1.9823294,75.72133,-3.2669332,0.37934077,0.028964173,0.8891552,0.055556335,0.91193956,-0.039344884,252.08235,247.76523,334.16245,1.2846038,0.82202893,0.123295285
1,71,10,0.1,1.7824717,0.15508275,0.7861363,0.8412526,0.19690274,0.007929774,31.636723,1.1159322,76.15798,-4.4679904,0.39380547,0.015859548,0.8866433,0.031274863,0.91719824,-0.053809695,252.07083,247.66045,334.51254,3.3520582,0.7684753,0.09599079
1,72,10,0.1,1.7765644,0.16585694,0.76816505,0.8425424,0.20362769,0.0037991386,31.273018,1.2561516,76.21633,-4.4084396,0.40725538,0.007598277,0.87645024,0.035204686,0.9179011,-0.053092476,252.04128,247.52025,334.45294,3.152288,0.7684753,0.10964873
1,73,10,0.1,1.7434013,0.14025034,0.76800936,0.83514154,0.18725006,0.013278488,31.269852,0.328289,75.88086,-4.205728,0.37450013,0.026556976,0.8763614,0.009200491,0.9138608,-0.05065112,252.01373,247.47096,333.8432,3.877439,0.7171014,0.061749443
1,74,10,0.1,1.7780759,0.15028776,0.7814531,0.8463351,0.19383483,0.008079311,31.542345,0.39898312,76.38768,-4.6032195,0.38766965,0.016158622,0.88399833,0.011181898,0.91996473,-0.055438284,252.00136,247.40027,334.2407,4.2042365,0.7171014,0.0802695
1,75,10,0.1,1.7964709,0.16613427,0.7770019,0.8533346,0.20379786,0.0027008255,31.452383,-0.16790217,76.70293,-4.5186396,0.40759572,0.005401651,0.8814771,-0.004705593,0.9237611,-0.05441968,251.93166,247.04854,334.10922,4.6865416,0.67291164,0.08394064
1,76,10,0.1,1.7796924,0.14151886,0.7898136,0.84835994,0.18809496,0.010289256,31.710627,0.2687224,76.47901,-3.5434532,0.37618992,0.020578513,0.88871455,0.007531176,0.92106456,-0.042675078,251.82565,246.61188,333.13406,3.274731,0.67291164,0.039339483
1,77,10,0.1,1.8257153,0.14752032,0.8146482,0.8635468,0.19204187,0.0046452917,32.20532,-0.22624314,77.160515,-3.213618,0.38408375,0.009290583,0.90257865,-0.0063406723,0.9292722,-0.038702782,251.75032,246.26643,333.04657,3.4398613,0.64035827,0.04197075
1,78,10,0.1,1.8774107,0.16744947,0.835681,0.87428015,0.20460296,0.0007373049,32.618412,0.25113624,77.638565,-2.615307,0.4092059,0.0014746098,0.9141559,0.0070382706,0.9350295,-0.031497013,251.63455,245.78906,332.4483,2.3641708,0.64035827,0.046130355
1,79,10,0.1,1.8488734,0.14079833,0.8393846,0.86869043,0.18761551,0.010099006,32.69061,-0.111204825,77.38998,-0.9737857,0.37523103,0.020198012,0.91617936,-0.0031166365,0.9320356,-0.011727641,251.52382,245.38533,331.2253,1.0849905,0.6241345,0.014101945
1,80,10,0.1,1.8612391,0.14782563,0.83858895,0.8748245,0.19224049,0.0045040287,32.675114,0.13842835,77.66274,-1.0861939,0.38448098,0.009008057,0.915745,0.0038795953,0.93532056,-0.013081397,251.48566,245.13571,331.33768,0.9477656,0.6241345,0.02520424
1,81,10,0.1,1.863258,0.16598162,0.82463175,0.87264466,0.20370421,0.0024318572,32.402058,-0.5484937,77.56591,-0.92398226,0.40740842,0.0048637143,0.9080924,-0.015372006,0.9341545,-0.011127905,251.49037,245.12425,331.4739,1.472476,0.6281133,0.03258038
1,82,10,0.1,1.8009646,0.1497407,0.79712236,0.85410154,0.19348171,0.011639894,31.857014,-0.61565113,76.73737,-0.31592044,0.38696343,0.023279788,0.8928171,-0.017254068,0.92417616,-0.0038047847,251.50572,245.1914,330.86588,0.9315716,0.6281133,0.05803511
1,83,10,0.1,1.7968901,0.16434121,0.78045857,0.85209036,0.2026951,0.009326471,31.52227,-1.4523321,76.64697,-0.718152,0.4053902,0.018652942,0.88343567,-0.040702753,0.9230874,-0.00864895,251.59033,245.44125,331.40924,2.170484,0.6441703,0.092687815
1,84,10,0.1,1.7837862,0.16570583,0.77108973,0.8469906,0.2035349,0.0084388405,31.332495,-1.8110771,76.41727,-1.3575045,0.4070698,0.016877681,0.87811714,-0.050756868,0.9203209,-0.016348915,251.66017,245.79999,332.0486,3.1685815,0.6441703,0.103581384
1,85,10,0.1,1.7631437,0.13914405,0.7809648,0.8430348,0.18651009,0.01831352,31.532492,-2.3141193,76.2386,-0.7535043,0.37302017,0.03662704,0.8837221,-0.06485496,0.91816926,-0.00907475,251.64145,245.9074,331.41312,3.0676236,0.6673291,0.13749544
1,86,10,0.1,1.7968879,0.15044774,0.7899636,0.8564766,0.19393797,0.01260535,31.713636,-2.3929398,76.843994,-1.0353732,0.38787594,0.0252107,0.88879895,-0.067063935,0.9254602,-0.012469369,251.64864,245.98624,331.695,3.428313,0.6673291,0.13589902
1,87,10,0.1,1.799545,0.16166247,0.78455,0.8533325,0.20103636,0.010772418,31.604786,-2.4697833,76.70283,-1.1903743,0.40207273,0.021544836,0.88574827,-0.06921751,0.92376,-0.014336124,251.62627,245.90405,331.66846,3.6601577,0.6881905,0.13868298
1,88,10,0.1,1.7864296,0.14538644,0.794051,0.84699214,0.19064787,0.019495683,31.795578,-2.2941272,76.41733,-0.362719,0.38129574,0.038991366,0.8910954,-0.064294726,0.92032176,-0.0043683294,251.58688,245.72842,330.8408,2.6568463,0.6881905,0.13184167
1,89,10,0.1,1.8043169,0.15184528,0.7968407,0.8556309,0.19483665,0.011865979,31.851385,-2.2826498,76.80605,-0.8948062,0.3896733,0.023731958,0.89265937,-0.063973024,0.9250032,-0.010776482,251.61253,245.77628,331.1592,3.177456,0.70297873,0.13060477
1,90,10,0.1,1.8000416,0.16441563,0.7850432,0.8505827,0.20274098,0.009227754,31.614717,-2.3833735,76.57914,-1.3490274,0.40548196,0.018455507,0.8860266,-0.06679588,0.9222704,-0.016246835,251.63828,245.87701,331.61343,3.732401,0.70297873,0.13415703
1,91,10,0.1,1.7702224,0.14779228,0.78084534,0.8415848,0.19221881,0.015192474,31.530077,-2.1928418,76.17301,-1.1065058,0.38443762,0.030384948,0.88365453,-0.061456084,0.9173793,-0.013326009,251.63179,245.94089,331.08914,3.2993474,0.7133185,0.12461453
1,92,10,0.1,1.7825329,0.15953736,0.7772557,0.8457399,0.19971064,0.009072147,31.457521,-2.1808395,76.360825,-1.6120433,0.39942127,0.018144295,0.88162106,-0.061119627,0.9196412,-0.019414488,251.63794,245.92888,331.5947,3.792883,0.7133185,0.12257026
1,93,10,0.1,1.7831645,0.16571718,0.77499294,0.8424544,0.20354187,0.0018849014,31.411695,-1.7073815,76.21236,-2.1211517,0.40708375,0.0037698029,0.8803368,-0.047850627,0.9178531,-0.025545795,251.63182,245.87553,331.7896,3.8285332,0.72825116,0.10681438
1,94,10,0.1,1.7608352,0.15309091,0.7752334,0.8325109,0.19563417,0.009643706,31.416573,-1.7925612,75.76125,-1.4076433,0.39126834,0.019287411,0.8804734,-0.050237946,0.91242033,-0.016952736,251.62343,245.9607,331.07608,3.2002044,0.72825116,0.10213259
1,95,10,0.1,1.7719945,0.15857388,0.771553,0.8418676,0.19910668,0.0011501008,31.341908,-1.3898827,76.185814,-2.194292,0.39821336,0.0023002017,0.8783809,-0.038952548,0.91753346,-0.026426671,251.6452,246.09209,331.6579,3.5841746,0.7488383,0.0784366
1,96,10,0.1,1.7843077,0.16869585,0.7730753,0.8425365,0.205363,0.0007320507,31.372816,-1.3204592,76.21607,-2.2795208,0.410726,0.0014641014,0.879247,-0.03700687,0.9178979,-0.027453028,251.62643,246.02264,331.74313,3.5999799,0.7488383,0.07506212
1,97,10,0.1,1.7813034,0.15248708,0.79044974,0.83836657,0.19524798,0.005185633,31.723398,-0.4416812,76.02722,-1.7133536,0.39049596,0.010371266,0.8890724,-0.01237848,0.9156236,-0.020634554,251.55603,245.74825,331.03445,2.1550348,0.77287614,0.028497055
1,98,10,0.1,1.8166056,0.15537283,0.81010497,0.8511278,0.1970868,-0.00073247333,32.115387,-0.16033936,76.60366,-1.8592665,0.3941736,-0.0014649467,0.9000583,-0.0044936365,0.9225659,-0.02239179,251.51564,245.46689,331.18036,2.0196059,0.77287614,0.014159967
1,99,10,0.1,1.8494406,0.16053408,0.8286894,0.86021715,0.20033352,-0.0036627569,32.481678,0.5370921,77.01162,-1.8454713,0.40066704,-0.0073255138,0.9103238,0.015052352,0.9274789,-0.022225698,251.48631,245.34561,331.00552,1.3083792,0.8040557,0.04734467
1,100,10,0.1,1.8740387,0.15351585,0.8551572,0.8653657,0.19590549,0.0028425043,32.99632,0.6015964,77.241745,-0.9356258,0.39181098,0.0056850086,0.9247471,0.0168602,0.93025035,-0.011268144,251.43439,245.2811,330.09564,0.33402938,0.8040557,0.04176345
2,1,10,0.07,2.1960716,0.2183943,0.98330396,0.9943734,0.23366338,0.017455213,35.38233,-15.125732,82.799355,-26.560133,0.46732676,0.034910426,0.99161685,-0.42391023,0.9971827,-0.31987342,253.68755,261.48077,355.60464,41.685867,0.836627,1.0471988
2,2,10,0.07,2.237823,0.22654803,0.9945112,1.0167637,0.23798531,0.01626087,35.583393,-15.019028,83.726364,-27.144482,0.47597063,0.03252174,0.9972518,-0.42091978,1.008347,-0.3269109,253.71283,261.37408,356.189,42.16351,0.836627,1.0402254
2,3,10,0.07,2.2262177,0.25354442,0.95896804,1.0137051,0.25176597,-0.00012506981,34.941746,-13.278278,83.600334,-24.833757,0.50353193,-0.00025013962,0.97926915,-0.37213394,1.0068293,-0.299082,253.64418,260.71436,355.7946,38.112038,0.83279735,0.94359595
2,4,10,0.07,2.116945,0.20942795,0.9472634,0.96025366,0.2288165,0.011782107,34.72785,-12.542266,81.36642,-22.189705,0.457633,0.023564214,0.9732746,-0.35150656,0.97992533,-0.26723865,253.50342,259.97836,353.15057,34.73197,0.83279735,0.8668812
2,5,10,0.07,2.09915,0.20778108,0.92970246,0.96166635,0.22791505,0.005101426,34.40444,-10.618542,81.42625,-19.220524,0.4558301,0.010202852,0.9642108,-0.29759276,0.9806459,-0.2314798,253.49416,259.6426,353.46307,29.839066,0.8153781,0.7324438
2,6,10,0.07,2.1436117,0.2427509,0.92198783,0.9788729,0.24634878,-0.0058373087,34.261402,-10.2536335,82.15147,-19.414114,0.49269757,-0.011674617,0.960202,-0.287366,0.98938006,-0.23381123,253.47144,259.27765,353.65665,29.667747,0.8153781,0.7272784
2,7,10,0.07,1.9858406,0.1905133,0.87899053,0.9163368,0.21823914,0.0014940707,33.452965,-7.6454597,79.48401,-13.302857,0.4364783,0.0029881415,0.93754494,-0.21426989,0.9572548,-0.16021119,253.34761,258.57828,351.6816,20.948317,0.8000562,0.51753724
2,8,10,0.07,2.0305667,0.19421619,0.8989173,0.93743324,0.22034983,-0.003635511,33.830032,-7.1366973,80.39377,-13.415882,0.44069967,-0.007271022,0.9481125,-0.20001133,0.96821135,-0.16157238,253.3133,258.06952,351.79468,20.55258,0.8000562,0.49480087
2,9,10,0.07,2.0457525,0.22304454,0.8827476,0.9399604,0.23613796,-0.01614808,33.524384,-4.588875,80.50205,-8.749719,0.4722759,-0.03229616,0.93954647,-0.12860665,0.96951556,-0.10537606,253.2706,257.5899,351.6654,13.3385935,0.8019915,0.31692633
2,10,10,0.07,1.9773192,0.20433913,0.87122685,0.90175325,0.22601943,-0.0027012206,33.3049,-4.0927653,78.848976,-7.0444374,0.45203885,-0.005402441,0.9333953,-0.1147029,0.9496069,-0.08483874,253.1832,257.09375,349.96014,11.137203,0.8019915,0.2601331
2,11,10,0.07,2.0056958,0.21569705,0.8731413,0.9168575,0.23221599,-0.0074922196,33.341476,-1.7968439,79.506584,-2.7627373,0.46443197,-0.014984439,0.9344203,-0.05035797,0.95752674,-0.033272706,253.18158,256.8811,350.22964,4.5595813,0.8172115,0.10238583
2,12,10,0.07,2.034317,0.22775434,0.8742512,0.93231153,0.23861808,-0.015370809,33.362656,-1.5425233,80.17385,-2.906065,0.47723615,-0.030741617,0.935014,-0.043230373,0.9655628,-0.034998827,253.18407,256.62677,350.37302,4.4485884,0.8172115,0.09441722
2,13,10,0.07,1.9821489,0.20147476,0.8738491,0.906825,0.2244297,-0.0050409124,33.35499,0.74803853,79.0704,3.0485358,0.4488594,-0.010081825,0.93479896,0.020964352,0.9522736,0.036714602,253.12231,256.31064,348.62286,-3.7965744,0.8443841,0.12560408
2,14,10,0.07,2.03716,0.21236008,0.8974402,0.92735946,0.23041272,-0.0071534575,33.802227,0.823495,79.96063,2.725465,0.46082544,-0.014306915,0.9473332,0.023079082,0.96299505,0.032823715,253.14485,256.23517,348.94595,-3.54896,0.8443841,0.12230003
2,15,10,0.07,2.0741153,0.22905186,0.9045795,0.9404839,0.23929681,-0.014303157,33.936413,2.880369,80.524475,6.332099,0.47859362,-0.028606314,0.95109385,0.080724515,0.9697855,0.076259814,253.12666,255.93044,348.7983,-9.212468,0.8800342,0.24766791
2,16,10,0.07,2.0215309,0.19314387,0.9083199,0.9200671,0.21974069,-0.004702172,34.006504,3.4056425,79.64562,8.065971,0.43948138,-0.009404344,0.9530582,0.09544582,0.9592013,0.0971414,253.01527,255.40518,347.0644,-11.471614,0.8800342,0.30919042
2,17,10,0.07,2.0884001,0.20793693,0.93763024,0.94283295,0.2280005,-0.0068879044,34.55082,5.314996,80.62497,10.536159,0.456001,-0.013775809,0.9683131,0.14895685,0.97099584,0.12689076,252.95654,254.91919,347.05533,-15.851154,0.9125048,0.4281156
2,18,10,0.07,2.1351738,0.25019357,0.93444544,0.95053476,0.25009677,-0.017270371,34.492092,5.82381,80.95361,10.758619,0.50019354,-0.034540743,0.9666672,0.16321664,0.9749537,0.12956999,252.89554,254.4104,346.83286,-16.58243,0.9125048,0.44483373
2,19,10,0.07,2.077571,0.19746327,0.942612,0.93749577,0.2221842,-0.003653005,34.642483,7.124849,80.39645,13.584212,0.4443684,-0.00730601,0.97088206,0.19967933,0.96824366,0.16359966,252.83218,254.10149,345.29355,-20.70906,0.93475676,0.5471766
2,20,10,0.07,2.1020765,0.21536453,0.9406804,0.9460316,0.23203692,-0.0069508967,34.60697,7.0681615,80.761604,13.260721,0.46407384,-0.013901793,0.9698868,0.19809067,0.9726415,0.15970373,252.89343,254.15813,345.6171,-20.328882,0.93475676,0.5412381
2,21,10,0.07,2.0913184,0.23638943,0.9147368,0.94019204,0.24309948,-0.008729641,34.12641,7.4148154,80.51198,13.210841,0.48619896,-0.017459283,0.95641875,0.2078059,0.969635,0.159103,252.9779,254.33582,345.72424,-20.625656,0.95156693,0.55234385
2,22,10,0.07,2.0093784,0.19822678,0.8977019,0.9134497,0.22261333,0.0046615624,33.80715,7.2633834,79.35869,14.211231,0.44522667,0.009323125,0.9474713,0.20356184,0.95574564,0.17115109,252.99254,254.48721,344.72388,-21.474615,0.95156693,0.5608533
2,23,10,0.07,2.044901,0.20475583,0.91896236,0.92118263,0.22624977,0.002480221,34.205147,7.411585,79.69389,12.547473,0.45249954,0.004960442,0.95862526,0.20771535,0.9597826,0.1511138,253.0109,254.43756,345.375,-19.959057,0.9627557,0.5422788
2,24,10,0.07,2.087191,0.21673314,0.9359157,0.93454224,0.23277304,-0.005284985,34.519215,7.886005,80.2697,12.6426115,0.46554607,-0.01056997,0.9674274,0.22101128,0.96671724,0.15225957,252.95049,253.96317,345.27982,-20.528616,0.9627557,0.556484
2,25,10,0.07,2.0452986,0.18426037,0.94294894,0.9180894,0.2146278,0.0071166707,34.648678,8.139432,79.55998,12.617082,0.4292556,0.014233341,0.97105557,0.22811382,0.9581698,0.15195213,252.83282,253.41772,343.4481,-20.756514,0.9696822,0.5713918
2,26,10,0.07,2.0953817,0.20986737,0.9557389,0.92977536,0.22905642,0.003900018,34.882866,8.426593,80.06472,12.506858,0.45811284,0.007800036,0.977619,0.23616171,0.9642486,0.15062451,252.80927,253.13057,343.55832,-20.93345,0.9696822,0.58920884
2,27,10,0.07,2.0946343,0.22303423,0.9468632,0.9247368,0.2361325,-0.00014421494,34.720512,7.9961667,79.847496,10.334425,0.472265,-0.00028842987,0.97306895,0.22409867,0.9616324,0.124461204,252.77443,252.89629,343.1246,-18.330591,0.9772981,0.5344627
2,28,10,0.07,2.038426,0.17971362,0.943782,0.91493046,0.21196322,0.009276781,34.66398,8.4474125,79.42299,11.9184475,0.42392644,0.018553562,0.9714844,0.23674522,0.95651996,0.1435382,252.67621,252.44504,341.54056,-20.36586,0.9772981,0.57368225
2,29,10,0.07,2.0582645,0.18593788,0.9516373,0.92068934,0.21560258,0.0048751384,34.807938,7.844543,79.672554,8.388077,0.43120515,0.009750277,0.975519,0.21984935,0.9595256,0.10102058,252.63654,252.05986,341.90723,-16.23262,0.98210174,0.50261575
2,30,10,0.07,2.0869193,0.2009835,0.9565015,0.92943424,0.22415592,-0.003021829,34.89678,8.066953,80.05003,8.211307,0.44831184,-0.006043658,0.9780089,0.22608246,0.9640717,0.098891854,252.60909,251.83748,342.08395,-16.27826,0.98210174,0.50745803
2,31,10,0.07,2.0162053,0.17160639,0.9384152,0.90618384,0.207127,0.008604863,34.56528,7.1106076,79.04245,6.2123666,0.414254,0.017209725,0.96871835,0.19928013,0.9519369,0.0748178,252.53366,251.53375,340.59628,-13.322974,0.9858593,0.4382748
2,32,10,0.07,2.052718,0.1899834,0.94597125,0.9167633,0.21793543,0.0039365683,34.704163,7.3501334,79.50251,6.0247,0.43587086,0.007873137,0.97261053,0.2059931,0.95747757,0.07255755,252.51752,251.29425,340.78403,-13.374834,0.9858593,0.45309854
2,33,10,0.07,2.0444984,0.20533231,0.9232515,0.91591465,0.22656804,-0.002332078,34.284874,6.0168233,79.4657,2.3496697,0.4531361,-0.004664156,0.9608598,0.16862607,0.9570343,0.028297944,252.49998,251.15839,340.80957,-8.366493,0.99202996,0.35342163
2,34,10,0.07,1.9863224,0.17196411,0.9157966,0.8985618,0.20734277,0.010744893,34.146175,6.23608,78.70932,3.815072,0.41468555,0.021489786,0.9569726,0.17477095,0.947925,0.045946255,252.44038,250.93912,339.34424,-10.051152,0.99202996,0.3739102
2,35,10,0.07,1.9878953,0.18159592,0.9025097,0.90378964,0.21307036,0.006202487,33.897564,4.689136,78.937965,-0.10646874,0.42614073,0.012404974,0.9500051,0.13141657,0.9506785,-0.0012822777,252.45628,250.87747,339.63913,-4.5826674,0.99850345,0.26665312
2,36,10,0.07,2.0022254,0.20990558,0.8881392,0.9041807,0.22907726,0.0011326707,33.62661,4.666373,78.95504,-0.31770957,0.45815453,0.0022653413,0.94241136,0.13077869,0.95088416,-0.0038263532,252.46318,250.90025,339.85037,-4.3486633,0.99850345,0.26521876
2,37,10,0.07,1.9353213,0.16577153,0.875582,0.8939679,0.20357525,0.010435917,33.38804,3.2365673,78.50786,-2.5105536,0.4071505,0.020871835,0.9357254,0.09070728,0.94549876,-0.03023553,252.39621,250.6583,338.63586,-0.72601366,1.0063312,0.18311802
2,38,10,0.07,1.9778343,0.16987087,0.89685464,0.91110885,0.20607696,0.0062038726,33.791195,3.6521761,79.25695,-2.5562904,0.41215393,0.012407745,0.9470241,0.102355,0.9545202,-0.03078639,252.33511,250.2427,338.68155,-1.0958858,1.0063312,0.20649314
2,39,10,0.07,1.9935224,0.19440353,0.88196415,0.9171547,0.22045608,-0.0027765464,33.509506,2.2536213,79.51948,-5.4190392,0.44091216,-0.005553093,0.9391295,0.06315954,0.95768195,-0.06526348,252.29187,249.96628,338.5243,3.165418,1.016114,0.16299626
2,40,10,0.07,1.9347243,0.16364728,0.8718267,0.8992504,0.20226671,0.0076558967,33.316364,2.4468606,78.73947,-4.3711886,0.40453342,0.015311793,0.9337166,0.06857517,0.94828814,-0.05264389,252.23746,249.77306,337.47647,1.9243281,1.016114,0.15445848
2,41,10,0.07,1.9277182,0.16229658,0.86136836,0.9040533,0.20143025,0.0021531314,33.115932,0.8457811,78.94947,-7.2516017,0.4028605,0.004306263,0.92809933,0.023703633,0.95081717,-0.08733362,252.24442,249.74522,337.86365,6.405821,1.0230013,0.14460965
2,42,10,0.07,1.9367747,0.19864142,0.8426558,0.89547753,0.22284603,-0.0047141314,32.754246,1.0046325,78.57412,-7.0302377,0.44569206,-0.009428263,0.91796285,0.02815551,0.94629675,-0.08466769,252.2092,249.58636,337.64233,6.025605,1.0230013,0.16919212
2,43,10,0.07,1.8769572,0.15628397,0.83772904,0.8829442,0.19766384,0.005149233,32.65836,-0.20144129,78.022316,-7.796305,0.3953277,0.010298466,0.9152754,-0.00564554,0.93965113,-0.09389371,252.1326,249.27142,336.5714,7.9977465,1.0246688,0.15978937
2,44,10,0.07,1.9260671,0.18476686,0.8483584,0.89294183,0.21492258,0.0013830684,32.864895,0.032583833,78.46279,-8.156567,0.42984515,0.0027661368,0.9210637,0.000913148,0.944956,-0.09823248,252.10835,249.03737,336.9317,8.123982,1.0246688,0.16250044
2,45,10,0.07,1.9307721,0.19107258,0.8417529,0.89794654,0.21855925,-0.0037738322,32.7367,-1.2768893,78.68237,-9.35474,0.4371185,-0.0075476645,0.91747093,-0.035785742,0.9476004,-0.11266252,252.10802,248.97218,336.9256,10.63163,1.0230684,0.20325673
2,46,10,0.07,1.8770316,0.1630421,0.83589983,0.8780896,0.20189236,0.004260481,32.62268,-1.2418829,77.807526,-8.4140005,0.40378472,0.008520962,0.9142756,-0.034804605,0.93706435,-0.10133293,252.08379,248.93716,335.98492,9.655884,1.0230684,0.24223062
2,47,10,0.07,1.9180887,0.17752796,0.84975815,0.8908026,0.21067034,0.0035942297,32.891994,-2.3439236,78.36875,-9.18194,0.42134067,0.0071884594,0.92182326,-0.0656902,0.9438234,-0.110581525,252.07895,248.85532,336.26334,11.525864,1.0131092,0.22299014
2,48,10,0.07,1.9226421,0.19501129,0.83615285,0.89147794,0.22080041,-0.0022780793,32.627617,-2.1594775,78.39845,-9.053455,0.44160083,-0.0045561586,0.9144139,-0.06052099,0.9441811,-0.10903401,252.05165,248.67085,336.13483,11.212933,1.0131092,0.20412712
2,49,10,0.07,1.864366,0.16235378,0.82909817,0.87291414,0.20146574,0.0068099326,32.48969,-2.7701764,77.57789,-8.034093,0.40293148,0.013619865,0.91054827,-0.07763629,0.93429875,-0.09675743,251.98116,248.32077,335.15988,10.80427,0.9964304,0.21793416
2,50,10,0.07,1.9173133,0.17133595,0.85948557,0.8864917,0.20696373,0.0041462397,33.07972,-2.4053125,78.178894,-8.198578,0.41392747,0.008292479,0.92708445,-0.06741073,0.9415369,-0.09873842,251.93387,247.95593,335.32437,10.60389,0.9964304,0.20874591
2,51,10,0.07,1.9569521,0.18444242,0.8784419,0.89406776,0.2147338,0.001018702,33.442524,-2.9944804,78.512245,-7.52629,0.4294676,0.002037404,0.9372523,-0.08392259,0.9455516,-0.09064182,251.89171,247.80388,335.13416,10.52077,0.97804755,0.22612303
2,52,10,0.07,1.9339147,0.1596678,0.88613844,0.8881084,0.19979227,0.01161432,33.588715,-2.6581316,78.25015,-6.543523,0.39958453,0.02322864,0.94134927,-0.07449626,0.94239503,-0.07880604,251.81528,247.46753,334.15137,9.201654,0.97804755,0.19678548
2,53,10,0.07,1.9908419,0.18132263,0.9080553,0.90146405,0.21290998,0.010153172,34.00155,-3.1011038,78.83632,-6.0398035,0.42581996,0.020306343,0.95291936,-0.08691076,0.9494546,-0.07273951,251.81454,247.38065,334.4803,9.140907,0.95704687,0.1951321
2,54,10,0.07,2.0315666,0.18411058,0.93470633,0.9127498,0.21454054,0.0050427103,34.496906,-3.0798585,79.32829,-5.920761,0.42908108,0.010085421,0.9668021,-0.086315356,0.9553794,-0.07130584,251.78716,247.35942,334.36124,9.00062,0.95704687,0.20780224
2,55,10,0.07,2.0385864,0.17198528,0.9547082,0.9118929,0.20735554,0.017858637,34.864056,-3.1909413,79.29104,-3.7146556,0.4147111,0.035717275,0.9770917,-0.089428544,0.95493084,-0.044737015,251.70271,247.14574,333.19922,6.9055967,0.9338064,0.18793608
2,56,10,0.07,2.039302,0.17462097,0.9458748,0.9188064,0.20893838,0.014180942,34.70239,-3.0600758,79.59105,-3.931769,0.41787675,0.028361885,0.97256094,-0.08576104,0.9585439,-0.04735171,251.69417,247.01488,333.41635,6.9918447,0.9338064,0.17865346
2,57,10,0.07,2.0210404,0.1837957,0.9284145,0.9088301,0.214357,0.011452506,34.380604,-3.329135,79.15777,-2.9631534,0.428714,0.022905013,0.9635427,-0.09330152,0.9533258,-0.03568633,251.73308,247.14703,333.5422,6.2922883,0.911055,0.19101363
2,58,10,0.07,1.961216,0.17713603,0.8990442,0.8850358,0.21043766,0.02089535,33.83242,-3.5611534,78.11467,-2.4189756,0.4208753,0.0417907,0.9481794,-0.09980408,0.9407634,-0.029132621,251.77458,247.37906,332.99802,5.9801292,0.911055,0.20018998
2,59,10,0.07,1.9388559,0.16992977,0.8876019,0.88132423,0.2061127,0.017982665,33.616436,-3.728123,77.95071,-2.197387,0.4122254,0.03596533,0.9421263,-0.10448354,0.9387887,-0.026463846,251.83984,247.59549,333.8268,5.92551,0.8855088,0.2095547
2,60,10,0.07,1.9527137,0.18706265,0.8843794,0.88127166,0.2162537,0.0129494835,33.555355,-3.7016535,77.94838,-2.2669153,0.4325074,0.025898967,0.9404145,-0.10374164,0.9387607,-0.027301297,251.83653,247.56897,333.89633,5.968569,0.8855088,0.22965555
2,61,10,0.07,1.930717,0.1670838,0.8893022,0.874331,0.20437942,0.021318574,33.64862,-3.3346133,77.64083,-0.35537195,0.40875885,0.042637147,0.9430282,-0.09345515,0.9350567,-0.0042798785,251.77242,247.4338,333.06924,3.6899853,0.85771865,0.19127679
2,62,10,0.07,1.977756,0.16912732,0.9184857,0.89014304,0.20562546,0.016890334,34.19627,-3.038792,78.33973,-0.53839356,0.41125092,0.033780668,0.9583766,-0.08516443,0.94347394,-0.0064841183,251.7137,247.13795,333.2523,3.5771854,0.85771865,0.17880507
2,63,10,0.07,2.0272954,0.18884535,0.93877363,0.89967626,0.2172817,0.009057279,34.571877,-2.3538196,78.75812,0.48059204,0.4345634,0.018114557,0.9689033,-0.065967634,0.9485127,0.0057880133,251.6311,246.82362,333.08295,1.8732276,0.83200026,0.13389349
2,64,10,0.07,2.0330443,0.179645,0.9513416,0.9020576,0.21192275,0.01747464,34.802525,-2.0188901,78.862274,1.5041257,0.4238455,0.03494928,0.9753674,-0.056580883,0.9497671,0.018114755,251.52881,246.48871,332.05942,0.5147644,0.83200026,0.17026563
2,65,10,0.07,2.05554,0.1829646,0.95545596,0.91711956,0.2138718,0.01024978,34.8777,-1.3066462,79.517944,1.9565535,0.4277436,0.02049956,0.9774743,-0.036619708,0.9576636,0.02356354,251.48322,246.22293,332.15573,-0.64990723,0.80820704,0.12531495
2,66,10,0.07,2.077756,0.19191086,0.9631937,0.9226512,0.21903816,0.004389081,35.018646,-1.0823469,79.75739,2.0592275,0.43807632,0.008778162,0.98142433,-0.030333519,0.9605473,0.024799915,251.43533,245.99866,332.0531,-0.97688055,0.80820704,0.091417655
2,67,10,0.07,2.0687103,0.17889898,0.97481054,0.9150007,0.21148226,0.011465631,35.22919,-0.40553424,79.42605,3.089969,0.4229645,0.022931263,0.98732495,-0.011365496,0.9565567,0.037213635,251.37323,245.7871,331.268,-2.6844347,0.7865191,0.12908666
2,68,10,0.07,2.1140156,0.18210065,1.0045815,0.92733353,0.21336627,0.007203904,35.763096,-0.42575103,79.95951,2.705387,0.42673254,0.014407808,1.0022881,-0.011932045,0.9629816,0.032581974,251.36893,245.80731,331.65253,-2.2796361,0.7865191,0.1179844
2,69,10,0.07,2.1398933,0.19819812,1.0127263,0.92896885,0.22259724,0.004060225,35.907784,-0.06170901,80.02999,2.3592288,0.44519448,0.00812045,1.006343,-0.0017293295,0.9638303,0.028413098,251.37358,245.886,331.86044,-2.29752,0.7670417,0.10459209
2,70,10,0.07,2.1328871,0.1772461,1.0282624,0.92737865,0.21050303,0.013666743,36.182163,-0.16784976,79.961464,2.9160125,0.42100605,0.027333487,1.0140327,-0.0047041574,0.963005,0.035118565,251.36368,245.99217,331.30365,-2.7481627,0.7670417,0.11922399
2,71,10,0.07,2.174898,0.19374421,1.0397581,0.9413957,0.22008193,0.009129364,36.38385,0.22216243,80.5635,2.2741995,0.44016385,0.018258728,1.0196853,0.0062261447,0.9702555,0.027389007,251.37311,246.009,331.48776,-2.496362,0.7470182,0.11819547
2,72,10,0.07,2.1512935,0.19778094,1.0200299,0.93348265,0.22236285,0.0022726841,36.03703,0.18123743,80.224174,2.3857205,0.4447257,0.0045453683,1.0099653,0.0050792308,0.96616906,0.028732136,251.39465,246.04993,331.37625,-2.566958,0.7470182,0.27765217
2,73,10,0.07,2.117629,0.17032275,1.0291542,0.9181521,0.20635088,0.010774493,36.197845,0.41385287,79.5627,1.4516059,0.41270176,0.021548986,1.0144724,0.011598664,0.95820254,0.017482247,251.40268,246.17522,331.3099,-1.8654587,0.7257056,0.086209625
2,74,10,0.07,2.1578414,0.18773906,1.0419309,0.9281715,0.21664433,0.0052777915,36.42185,0.41025674,79.995636,0.8745986,0.43328866,0.010555583,1.0207502,0.011497768,0.9634166,0.010533131,251.41637,246.17882,331.88687,-1.2848554,0.7257056,0.075738564
2,75,10,0.07,2.156867,0.19948283,1.036314,0.92107016,0.2233175,0.00026464553,36.323547,0.6085168,79.68903,-0.47626534,0.446635,0.00052929105,1.0179951,0.017054163,0.959724,-0.0057358695,251.43427,246.28302,332.10025,-0.13225147,0.70562136,0.04534061
2,76,10,0.07,2.1104689,0.17921539,1.0280552,0.9031983,0.21166919,0.008822258,36.178513,0.6106105,78.91213,0.13418363,0.42333838,0.017644515,1.0139306,0.017112982,0.95036745,0.0016160638,251.42728,246.28091,331.4898,-0.74479413,0.70562136,0.055198096
2,77,10,0.07,2.1355376,0.18222244,1.0383179,0.9149973,0.2134376,0.004941059,36.358643,0.78642625,79.42589,-1.5344411,0.4268752,0.009882118,1.0189788,0.022040261,0.9565549,-0.018479876,251.45267,246.34676,332.02612,0.74801487,0.6802816,0.04492215
2,78,10,0.07,2.1793995,0.18883291,1.0680709,0.92249566,0.21727455,0.0011127982,36.875896,0.7743154,79.75067,-1.8160037,0.4345491,0.0022255965,1.0334752,0.021700656,0.9604664,-0.02187072,251.44044,246.35889,332.30768,1.0416882,0.6802816,0.04844283
2,79,10,0.07,2.2101445,0.173335,1.1047015,0.9321079,0.2081676,0.012816095,37.502914,1.1549504,80.16509,-1.9564468,0.4163352,0.02563219,1.0510478,0.03236838,0.9654574,-0.023562267,251.36418,246.15562,331.43738,0.8014964,0.65096366,0.06478424
2,80,10,0.07,2.2584817,0.17682806,1.1273577,0.95429605,0.21025464,0.005963019,37.885536,1.5394596,81.11362,-1.9246598,0.42050928,0.011926038,1.061771,0.043144554,0.9768808,-0.023179343,251.30489,245.77109,331.40558,0.38520026,0.65096366,0.086544365
2,81,10,0.07,2.3008544,0.19394192,1.1507938,0.95611864,0.22019419,0.0019842428,38.277298,1.8960491,81.19103,-2.6838884,0.44038838,0.0039684856,1.0727506,0.053138155,0.9778132,-0.03232295,251.24536,245.50319,331.25095,0.7878393,0.6280865,0.11285288
2,82,10,0.07,2.2948625,0.18440169,1.1627926,0.94766825,0.21471009,0.00973385,38.47633,2.0664186,80.83145,-1.8231004,0.42942017,0.0194677,1.0783286,0.057913136,0.97348255,-0.021956356,251.18051,245.33284,330.3902,-0.2433182,0.6280865,0.1159771
2,83,10,0.07,2.3061094,0.18683557,1.1630546,0.95621943,0.2161224,0.00738624,38.48067,1.8813797,81.19531,-3.1042542,0.4322448,0.01477248,1.0784501,0.05272711,0.97786474,-0.0373857,251.21248,245.49197,330.89322,1.2228745,0.6061891,0.11211073
2,84,10,0.07,2.315422,0.19009836,1.1682553,0.95706826,0.21800135,0.0051411884,38.566605,1.6828256,81.23135,-3.3250608,0.4360027,0.010282377,1.0808586,0.04716245,0.97829866,-0.04004488,251.2403,245.69054,331.11404,1.6422353,0.6061891,0.110457286
2,85,10,0.07,2.3221927,0.18216188,1.1831341,0.9568967,0.21340214,0.015737295,38.811417,1.5615203,81.22407,-3.31921,0.42680427,0.03147459,1.0877197,0.043762784,0.978211,-0.039974406,251.22568,245.69247,330.547,1.7576897,0.5824845,0.093856364
2,86,10,0.07,2.323224,0.19040191,1.1730583,0.9597638,0.21817534,0.010356261,38.645798,1.5324775,81.34566,-3.913393,0.43635067,0.020712523,1.0830781,0.042948924,0.97967535,-0.047130354,251.27144,245.72153,331.14114,2.3809156,0.5824845,0.09660104
2,87,10,0.07,2.2988203,0.20525555,1.1409949,0.95256984,0.2265257,0.0073921173,38.113995,1.1164076,81.040215,-4.65027,0.4530514,0.014784235,1.0681736,0.03128813,0.97599685,-0.05600488,251.34145,245.94603,331.49054,3.5338624,0.56236154,0.09665572
2,88,10,0.07,2.2662652,0.1872993,1.1363554,0.94261056,0.21639045,0.016922286,38.03642,1.0572041,80.615456,-4.127021,0.4327809,0.03384457,1.0659997,0.02962887,0.97088134,-0.049703233,251.34444,246.0052,330.96735,3.0698166,0.56236154,0.07546385
2,89,10,0.07,2.295943,0.18645671,1.1550467,0.95443964,0.21590316,0.012181933,38.34796,0.78069454,81.11973,-4.9796424,0.43180633,0.024363866,1.074731,0.021879524,0.9769543,-0.05997158,251.3544,246.04924,331.65405,4.198948,0.54075235,0.08226948
2,90,10,0.07,2.2704077,0.19399747,1.1323342,0.9440758,0.22022572,0.006186958,37.969063,1.016752,80.67809,-4.799912,0.44045144,0.012373916,1.064112,0.028495248,0.97163564,-0.05780715,251.31223,245.81322,331.47437,3.78316,0.54075235,0.11323053
2,91,10,0.07,2.2335196,0.18073058,1.1251607,0.92762834,0.2125621,0.015280319,37.8486,0.8526525,79.97222,-3.8206244,0.4251242,0.030560639,1.060736,0.023896111,0.96313465,-0.046013128,251.27519,245.7178,330.60632,2.9679718,0.52080697,0.06740749
2,92,10,0.07,2.253632,0.18695812,1.1301826,0.9364913,0.21619327,0.012770691,37.932972,0.693577,80.353355,-4.361276,0.43238655,0.025541382,1.0631005,0.01943802,0.9677248,-0.052524336,251.30826,245.87689,331.14694,3.667699,0.52080697,0.064003915
2,93,10,0.07,2.2409053,0.19259161,1.1210508,0.9272629,0.2194263,0.010133911,37.779408,0.39409044,79.95648,-4.210474,0.4388526,0.020267822,1.0587969,0.011044762,0.9629449,-0.05070827,251.3164,245.89915,331.25055,3.8163836,0.50415987,0.06089935
2,94,10,0.07,2.228388,0.17752096,1.130268,0.9205991,0.21066618,0.018862356,37.934402,0.47991636,79.668655,-3.4830508,0.42133236,0.03772471,1.0631406,0.013450006,0.95947856,-0.04194771,251.28618,245.81332,330.5231,3.0031345,0.50415987,0.09904092
2,95,10,0.07,2.2517653,0.18083026,1.136513,0.934422,0.2126207,0.015380523,38.03906,0.32976124,80.26454,-2.9700632,0.4252414,0.030761046,1.0660737,0.00924174,0.9666551,-0.035769474,251.26605,245.68845,330.4793,2.640302,0.49383765,0.024840508
2,96,10,0.07,2.2774107,0.19995274,1.142199,0.9352589,0.22358038,0.009939493,38.1341,0.11730464,80.30047,-3.0871606,0.44716075,0.019878985,1.0687371,0.0032875177,0.96708786,-0.03717986,251.28902,245.90088,330.5964,2.969856,0.49383765,0.033010826
2,97,10,0.07,2.2517662,0.17843726,1.1476656,0.9256633,0.21120918,0.018752072,38.225243,-0.20925318,79.887474,-2.0402734,0.42241836,0.037504144,1.0712916,-0.0058645383,0.962114,-0.024571756,251.29236,245.9662,330.0443,2.2495265,0.48938602,0.018861327
2,98,10,0.07,2.282657,0.1855875,1.1590505,0.938019,0.21539934,0.013979907,38.41437,-0.305005,80.418884,-2.7114666,0.43079868,0.027959814,1.0765921,-0.008548158,0.9685138,-0.032655157,251.31963,246.06194,330.71548,3.0164716,0.48938602,0.02328304
2,99,10,0.07,2.278264,0.19541079,1.1458294,0.93702376,0.22102647,0.0060368557,38.19465,-0.45989928,80.376205,-2.471301,0.44205293,0.0120737115,1.0704342,-0.012889033,0.9679999,-0.029762866,251.323,245.99481,330.933,2.9312003,0.49568975,0.028716143
2,100,10,0.07,2.22815,0.18118338,1.1158177,0.93114877,0.2128282,0.017311838,37.691128,-0.62463194,80.12384,-1.8913143,0.4256564,0.034623675,1.0563227,-0.01750578,0.9649605,-0.022777827,251.36124,246.15953,330.353,2.5159461,0.49568975,0.03836135
3,1,10,0.049,2.3176875,0.20704204,1.0694658,1.0411798,0.22750936,0.025895914,36.899967,-10.609812,84.72567,-18.265148,0.45501873,0.051791828,1.0341498,-0.29734793,1.0203822,-0.21997379,252.51752,255.97429,347.1454,28.87496,0.50834763,0.70384896
3,2,10,0.049,2.341541,0.21229598,1.072526,1.0567191,0.23037794,0.022527881,36.952724,-10.111216,85.35558,-18.105293,0.46075588,0.045055762,1.0356283,-0.2833745,1.0279684,-0.21804865,252.45564,255.47568,346.98557,28.216509,0.50834763,0.68791354
3,3,10,0.049,2.3218021,0.23260546,1.0448002,1.0443966,0.24114594,0.011631335,36.471962,-9.389352,84.85647,-16.149479,0.48229188,0.02326267,1.0221547,-0.26314372,1.0219573,-0.19449407,252.38498,255.04692,346.13266,25.53883,0.51339215,0.63546425
3,4,10,0.049,2.243392,0.20754632,1.0275328,1.008313,0.22778626,0.021776633,36.169327,-8.743381,83.37769,-14.440504,0.45557252,0.043553267,1.013673,-0.24504001,1.0041479,-0.17391226,252.26353,254.40094,344.42368,23.183884,0.51339215,0.58734524
3,5,10,0.049,2.242151,0.21358985,1.0187664,1.0097947,0.23107891,0.01054403,36.014698,-7.4473286,83.438934,-12.831491,0.46215782,0.02108806,1.0093396,-0.2087171,1.0048854,-0.15453431,252.17596,253.7079,344.53555,20.27882,0.5189512,0.49091423
3,6,10,0.049,2.2611895,0.24143735,1.0123767,1.0073755,0.24568138,0.0009151613,35.901585,-6.874997,83.33891,-12.389842,0.49136275,0.0018303226,1.0061693,-0.192677,1.003681,-0.14921528,252.0906,253.13553,344.09387,19.26484,0.5189512,0.48116934
3,7,10,0.049,2.1776805,0.20402837,1.0002596,0.97339237,0.2258475,0.007502406,35.68609,-5.582902,81.92117,-8.655404,0.451695,0.015004812,1.0001298,-0.15646511,0.9866065,-0.10424015,251.9916,252.6514,342.49133,14.238306,0.5308696,0.36189857
3,8,10,0.049,2.1967058,0.1991418,1.0109491,0.9866149,0.22312653,0.002459072,35.876263,-5.315032,82.4757,-9.2385645,0.44625306,0.004918144,1.0054597,-0.1489578,0.9932849,-0.1112635,251.9797,252.38353,343.0744,14.5535965,0.5308696,0.34560814
3,9,10,0.049,2.203229,0.22518733,0.9913964,0.9866453,0.23726954,-0.009341397,35.527626,-3.9058068,82.47698,-6.667958,0.47453907,-0.018682795,0.9956889,-0.1094632,0.9933002,-0.0803047,251.91725,251.90443,342.80936,10.573765,0.55716467,0.25867075
3,10,10,0.049,2.1455112,0.18772106,0.990633,0.967157,0.21663395,0.00033154842,35.513947,-3.4788516,81.65837,-4.971688,0.4332679,0.00066309684,0.9953055,-0.09749754,0.9834414,-0.059875865,251.82349,251.47746,341.1131,8.45054,0.55716467,0.2124305
3,11,10,0.049,2.1875544,0.22024672,0.99625295,0.9710548,0.23465225,-0.005599688,35.61454,-2.34769,81.82275,-2.6484103,0.4693045,-0.011199376,0.9981247,-0.06579584,0.9854211,-0.031895716,251.82231,251.32379,341.11148,4.9961004,0.59073764,0.13306192
3,12,10,0.049,2.1845706,0.22265348,0.9907539,0.9711632,0.23593086,-0.010190079,35.516113,-2.0089278,81.82731,-2.3036106,0.47186172,-0.020380158,0.9953662,-0.05630183,0.98547614,-0.027743349,251.77777,250.985,340.76672,4.312538,0.59073764,0.13068968
3,13,10,0.049,2.1371622,0.19138671,0.99194545,0.95383006,0.21873884,-0.00086839905,35.537464,-0.80125904,81.09381,0.7814553,0.43747768,-0.0017367981,0.9959646,-0.022455908,0.97664225,0.009411408,251.71736,250.74268,339.72513,0.019803762,0.6294534,0.08250755
3,14,10,0.049,2.1905422,0.22320308,1.007822,0.9595172,0.23622186,-0.0050461367,35.820736,-0.6060267,81.335205,0.6578227,0.47244373,-0.010092273,1.0039034,-0.016984515,0.97954947,0.007922317,251.70682,250.54742,339.8488,-0.05179602,0.6294534,0.07836998
3,15,10,0.049,2.1843667,0.22222236,1.0042484,0.9578961,0.23570234,-0.012719264,35.75717,0.63573235,81.266464,2.7123346,0.47140467,-0.025438529,1.0021219,0.017816987,0.9787217,0.03266555,251.67006,250.20534,339.4921,-3.348067,0.6762657,0.21146217
3,16,10,0.049,2.149021,0.18857053,1.0108144,0.949636,0.21712354,-0.003833157,35.87387,0.8832206,80.91532,3.6756728,0.43424708,-0.007666314,1.0053927,0.024752993,0.97449267,0.044267423,251.62082,249.95786,338.5288,-4.558893,0.6762657,0.13956515
3,17,10,0.049,2.2073445,0.2068586,1.0332615,0.9672243,0.22740856,-0.0075907316,36.27001,1.5898055,81.66121,4.2442245,0.45481712,-0.015181463,1.0164948,0.044555373,0.9834756,0.051114805,251.66087,250.0359,339.11783,-5.83403,0.7233538,0.18554981
3,18,10,0.049,2.2409177,0.22751945,1.0422288,0.97116935,0.23849499,-0.016012346,36.42706,1.5901433,81.827576,4.152544,0.47698998,-0.032024693,1.0208961,0.044565134,0.98547924,0.050010663,251.67436,250.03557,339.2095,-5.742687,0.7233538,0.16186465
3,19,10,0.049,2.202136,0.1882876,1.0471348,0.96671367,0.2169606,-0.0037419423,36.51269,2.5645444,81.63965,6.3568287,0.4339212,-0.0074838847,1.023296,0.071873315,0.983216,0.07655758,251.60866,249.70958,337.7223,-8.921373,0.76599085,0.23751424
3,20,10,0.049,2.223156,0.203533,1.0439001,0.97572273,0.22557315,-0.0071132653,36.456253,2.7019012,82.019165,6.152542,0.4511463,-0.014226531,1.0217143,0.0757228,0.98778677,0.074097246,251.62575,249.5722,337.92657,-8.854444,0.76599085,0.24899979
3,21,10,0.049,2.2313747,0.22104877,1.0473136,0.9630124,0.23507912,-0.01376518,36.51581,3.3265474,81.48321,6.635852,0.47015825,-0.02753036,1.0233834,0.09322899,0.98133194,0.079917975,251.61826,249.43193,337.66272,-9.9623995,0.80859864,0.27434024
3,22,10,0.049,2.1968563,0.18934953,1.0580359,0.9494709,0.21757156,-0.0008431691,36.702255,3.4699836,80.90829,7.508114,0.4351431,-0.0016863382,1.0286087,0.09724902,0.974408,0.09042289,251.5896,249.2885,336.7905,-10.978098,0.80859864,0.30105773
3,23,10,0.049,2.2388382,0.206393,1.0760194,0.95642567,0.22715248,-0.0022098804,37.01286,3.7375185,81.20407,6.766742,0.45430496,-0.004419761,1.0373136,0.10474681,0.9779702,0.08149439,251.61943,249.32716,337.25592,-10.504261,0.846306,0.29568404
3,24,10,0.049,2.275905,0.22482786,1.0914706,0.95960647,0.23708008,-0.008490075,37.277653,3.8202343,81.33899,7.013466,0.47416016,-0.01698015,1.0447347,0.10706503,0.97959507,0.08446573,251.6018,249.24443,337.00916,-10.8337,0.846306,0.2974227
3,25,10,0.049,2.2534885,0.20370305,1.0998377,0.9499478,0.22566737,0.0030388897,37.42026,4.472866,80.928604,7.5615106,0.45133474,0.0060777795,1.0487314,0.1253556,0.97465265,0.09106604,251.49516,248.72224,335.7578,-12.034376,0.87816423,0.3393343
3,26,10,0.049,2.2696116,0.21227431,1.1012316,0.9561057,0.23036619,-0.0019453306,37.443966,4.6905265,81.19048,7.2721677,0.46073237,-0.0038906613,1.0493958,0.13145545,0.97780657,0.08758137,251.48137,248.50462,336.04718,-11.962694,0.87816423,0.34899345
3,27,10,0.049,2.271781,0.22058669,1.1029658,0.94822854,0.23483329,-0.007118641,37.47344,4.844476,80.85534,6.1801805,0.46966657,-0.014237282,1.0502218,0.13577022,0.97377026,0.074430145,251.4534,248.29155,336.00583,-11.024656,0.90601796,0.33105212
3,28,10,0.049,2.2479165,0.20298195,1.10787,0.93706447,0.22526759,0.002444856,37.556652,5.1807985,80.37795,7.4923244,0.45053518,0.004889712,1.052554,0.14519589,0.9680209,0.090232804,251.37094,247.95522,334.69366,-12.673122,0.90601796,0.3726886
3,29,10,0.049,2.269995,0.20799085,1.116929,0.9450751,0.22803007,0.0007205136,37.709896,5.0681863,80.72078,5.7454724,0.45606014,0.0014410272,1.0568486,0.14203975,0.9721497,0.06919472,251.36502,247.82191,334.95984,-10.813659,0.92663366,0.3443948
3,30,10,0.049,2.2930408,0.22341159,1.1245478,0.9450815,0.23633218,-0.005821063,37.838287,5.075094,80.721054,5.875709,0.47266436,-0.011642126,1.060447,0.14223337,0.972153,0.07076333,251.35518,247.815,334.8296,-10.950804,0.92663366,0.33485147
3,31,10,0.049,2.2598982,0.19487219,1.1313136,0.9337124,0.22072165,0.0069830497,37.951946,4.8835826,80.234055,5.2612643,0.4414433,0.013966099,1.0636322,0.13686608,0.966288,0.06336334,251.30615,247.59052,333.70645,-10.144847,0.93898505,0.3251635
3,32,10,0.049,2.287659,0.2066526,1.1359928,0.94501346,0.2272953,0.0027120144,38.030354,4.851662,80.71815,4.6823463,0.4545906,0.0054240287,1.0658296,0.13597141,0.972118,0.05639131,251.33223,247.62245,334.28534,-9.534008,0.93898505,0.31961733
3,33,10,0.049,2.289848,0.2242593,1.1237783,0.9418104,0.23678012,-0.0034596536,37.825344,4.454247,80.58124,2.9354458,0.47356024,-0.006919307,1.0600841,0.12483356,0.9704692,0.03535269,251.31433,247.4588,334.09186,-7.389693,0.94587314,0.27153802
3,34,10,0.049,2.2577436,0.19864364,1.1238756,0.93522424,0.22284728,0.006470622,37.826977,4.669147,80.298996,4.027099,0.44569457,0.012941244,1.06013,0.13085644,0.9670699,0.0484998,251.259,247.24393,333.00018,-8.696246,0.94587314,0.30283082
3,35,10,0.049,2.2716594,0.21003948,1.1201293,0.9414906,0.22915033,0.002788639,37.76388,4.0254226,80.56756,1.5349152,0.45830065,0.005577278,1.0583616,0.11281559,0.97030437,0.01848554,251.2814,247.2075,333.46017,-5.560338,0.94479847,0.24280602
3,36,10,0.049,2.2790275,0.23231888,1.1125194,0.93418914,0.24099734,-0.0037347348,37.63538,4.047384,80.25454,1.6450195,0.4819947,-0.0074694697,1.0547603,0.113430984,0.9665346,0.019811612,251.29082,247.18555,333.35013,-5.6924033,0.94479847,0.24107075
3,37,10,0.049,2.2032976,0.18898945,1.096659,0.9176493,0.21736458,0.0062837396,37.366146,3.4191678,79.54092,0.33504725,0.43472916,0.012567479,1.0472149,0.09582477,0.95794016,0.004035102,251.26595,247.04588,332.64172,-3.754215,0.93582845,0.21303599
3,38,10,0.049,2.194195,0.19910826,1.0779427,0.917144,0.22310774,0.00026485295,37.04592,3.480798,79.51901,-0.44153696,0.44621548,0.0005297059,1.0382402,0.097552,0.95767635,-0.005317553,251.30548,246.98428,333.41833,-3.039261,0.93582845,0.19879195
3,39,10,0.049,2.2210712,0.22380878,1.0812002,0.9160622,0.23654217,-0.00078052224,37.101856,2.654441,79.4721,-2.267778,0.47308433,-0.0015610445,1.0398078,0.07439276,0.95711136,-0.027311701,251.30498,246.98538,333.2807,-0.3866632,0.92327553,0.15090999
3,40,10,0.049,2.208161,0.19389528,1.1016785,0.91258746,0.22016771,0.007349746,37.45156,3.013091,79.32123,-0.9394679,0.44033542,0.014699492,1.0496087,0.08444408,0.95529443,-0.01131443,251.21558,246.62674,331.95242,-2.0736232,0.92327553,0.1722105
3,41,10,0.049,2.2134888,0.19369288,1.1004999,0.9192961,0.22005276,-0.00049340364,37.431522,2.3929646,79.61225,-3.3172152,0.44010553,-0.0009868073,1.0490471,0.06706459,0.9587993,-0.03995036,251.2032,246.39272,332.53665,0.9242506,0.9087144,0.13496028
3,42,10,0.049,2.224463,0.20201159,1.1058041,0.9166472,0.2247285,-0.0027375172,37.521626,2.537584,79.497475,-3.3547745,0.449457,-0.0054750345,1.0515722,0.07111786,0.95741695,-0.040402777,251.18263,246.2481,332.57425,0.8171904,0.9087144,0.15089165
3,43,10,0.049,2.2036705,0.17707875,1.1148442,0.9117476,0.21040364,0.0072730724,37.674683,1.8537061,79.28472,-3.771779,0.42080727,0.014546145,1.0558618,0.051951554,0.9548547,-0.045424875,251.11938,246.06538,331.4134,1.9180729,0.8924814,0.111126505
3,44,10,0.049,2.222084,0.18525456,1.1157627,0.9210669,0.21520604,0.0017081519,37.6902,1.825982,79.68889,-4.65579,0.43041208,0.0034163038,1.0562967,0.051174644,0.9597223,-0.056071416,251.15227,246.09308,332.2974,2.8298078,0.8924814,0.12440824
3,45,10,0.049,2.225716,0.19978273,1.108898,0.91703534,0.2234853,-0.0017157452,37.574085,1.0495636,79.5143,-5.9010625,0.4469706,-0.0034314904,1.0530423,0.029414784,0.9576196,-0.07106854,251.14694,246.01517,332.23886,4.8514986,0.8774262,0.12844343
3,46,10,0.049,2.1926973,0.1772758,1.1082906,0.9071309,0.21052067,0.009000059,37.563786,1.0942439,79.08374,-4.8540826,0.42104134,0.018000118,1.0527538,0.030667122,0.9524342,-0.0584595,251.1222,245.97049,331.1919,3.7598386,0.8774262,0.10235229
3,47,10,0.049,2.2487106,0.19293487,1.124943,0.93083274,0.21962176,0.0049115396,37.844936,0.44661027,80.11023,-5.988355,0.43924353,0.009823079,1.0606333,0.012516619,0.9647967,-0.07211994,251.09302,245.80428,331.36777,5.5417447,0.8620115,0.09183534
3,48,10,0.049,2.2792735,0.21185164,1.1333194,0.93410254,0.23013672,-0.0029495752,37.985577,0.8316811,80.250824,-5.6720033,0.46027344,-0.0058991504,1.0645747,0.023308475,0.9664898,-0.06830998,251.0215,245.41916,331.05136,4.840322,0.8620115,0.11125136
3,49,10,0.049,2.2367609,0.18628955,1.1285977,0.9218736,0.21580637,0.0069987276,37.90636,0.28278142,79.72377,-5.461041,0.43161273,0.013997455,1.0623548,0.007925169,0.9601425,-0.06576927,250.9848,245.20743,330.18686,5.1782594,0.84627545,0.08427297
3,50,10,0.049,2.237612,0.18983862,1.119815,0.92795837,0.21785237,0.001966712,37.758583,0.13511087,79.98645,-6.3296156,0.43570474,0.003933424,1.0582131,0.0037865688,0.96330595,-0.07622981,251.04845,245.35512,331.0554,6.1945047,0.84627545,0.10382433
3,51,10,0.049,2.2528548,0.20261961,1.1236107,0.9266245,0.22506644,-0.0025191135,37.82252,-0.52946335,79.92895,-7.1117496,0.45013288,-0.005038227,1.0600051,-0.014838614,0.96261334,-0.08564928,251.0571,245.32396,331.4576,7.641213,0.83228594,0.13700555
3,52,10,0.049,2.2583556,0.19111706,1.1392289,0.9280097,0.21858469,0.008847143,38.084484,-0.46232837,79.98867,-6.327871,0.43716937,0.017694285,1.0673467,-0.01295714,0.9633326,-0.07620887,251.0216,245.2568,330.67374,6.7901993,0.83228594,0.09837448
3,53,10,0.049,2.306738,0.20588765,1.1537838,0.9470664,0.22687422,0.0047151316,38.326992,-1.0498725,80.80578,-7.1794744,0.45374843,0.009430263,1.0741433,-0.029423473,0.9731734,-0.08646497,251.03859,245.23514,331.4407,8.229347,0.81911623,0.13470004
3,54,10,0.049,2.322895,0.21733293,1.1547718,0.9507902,0.2330949,-0.0019261391,38.3434,-0.89098626,80.964485,-7.1294794,0.4661898,-0.0038522782,1.0746031,-0.024970623,0.9750847,-0.08586288,251.01349,245.0763,331.39072,8.020466,0.81911623,0.14466938
3,55,10,0.049,2.279594,0.18702726,1.1581359,0.9344309,0.21623324,0.010533564,38.399216,-1.5024365,80.264915,-6.4056754,0.43246648,0.021067128,1.0761672,-0.042106897,0.96665967,-0.07714585,251.01953,245.17578,330.8813,7.908112,0.80479336,0.13071588
3,56,10,0.049,2.3123488,0.1927117,1.1728886,0.9467484,0.2194947,0.009188668,38.643005,-1.6927817,80.79222,-7.1961436,0.4389894,0.018377336,1.0829998,-0.04744156,0.97300994,-0.08666578,251.08183,245.36613,331.67172,8.888926,0.80479336,0.13227256
3,57,10,0.049,2.348914,0.20454314,1.1908559,0.95351493,0.22613223,0.0073695458,38.937866,-2.3228636,81.08041,-7.130821,0.45226446,0.0147390915,1.0912634,-0.06510008,0.9764809,-0.0858791,251.13377,245.59746,332.01855,9.453685,0.79011977,0.1856627
3,58,10,0.049,2.3430557,0.18927811,1.2042994,0.9494781,0.21753052,0.019985085,39.157036,-2.4089527,80.90859,-6.4301167,0.43506104,0.03997017,1.0974058,-0.06751263,0.97441167,-0.07744026,251.12721,245.68352,331.31784,8.839069,0.79011977,0.16966152
3,59,10,0.049,2.3689716,0.19269681,1.2174716,0.9588031,0.21948622,0.016964305,39.370594,-2.8064446,81.30493,-6.6600947,0.43897244,0.03392861,1.1033909,-0.07865266,0.9791849,-0.08021,251.16801,245.81558,332.18658,9.466539,0.77376574,0.19080774
3,60,10,0.049,2.3906944,0.20043689,1.2244138,0.9658436,0.22385089,0.010705714,39.48268,-3.002918,81.602905,-6.8484244,0.44770178,0.021411428,1.1065323,-0.08415916,0.9827734,-0.08247807,251.19348,246.0121,332.3749,9.851342,0.77376574,0.21398045
3,61,10,0.049,2.3482273,0.18196763,1.2159244,0.9503353,0.21328832,0.02184662,39.34557,-3.167648,80.94511,-5.3036494,0.42657664,0.04369324,1.1026896,-0.08877583,0.9748514,-0.06387375,251.18991,246.05367,331.68005,8.471297,0.753501,0.19384839
3,62,10,0.049,2.3658724,0.18915758,1.2197945,0.95692015,0.21746124,0.016836748,39.408134,-3.0935824,81.22506,-5.78386,0.4349225,0.033673495,1.1044431,-0.086700015,0.97822297,-0.069657184,251.19559,245.9796,332.16028,8.877442,0.753501,0.19572206
3,63,10,0.049,2.3714626,0.20883697,1.2045072,0.9581185,0.22849342,0.01168802,39.16041,-3.069018,81.27591,-4.97423,0.45698684,0.02337604,1.0975004,-0.08601162,0.9788353,-0.059906412,251.20116,245.96964,332.30835,8.043247,0.7298299,0.19316192
3,64,10,0.049,2.318277,0.1967948,1.1824104,0.93907166,0.2218078,0.022047402,38.799545,-3.119995,80.46399,-4.2696695,0.4436156,0.044094805,1.087387,-0.08744022,0.9690571,-0.051421177,251.21156,246.02063,331.60385,7.3896646,0.7298299,0.18085316
3,65,10,0.049,2.3340032,0.19931026,1.1831906,0.9515023,0.22322088,0.016239714,38.812347,-3.0291903,80.9948,-4.0286136,0.44644177,0.032479428,1.0877457,-0.084895395,0.9754498,-0.048518054,251.25507,246.0674,332.3768,7.057804,0.7017368,0.17184037
3,66,10,0.049,2.3344388,0.20759504,1.1751418,0.951702,0.22781299,0.00932096,38.680107,-3.0684698,81.003296,-4.265195,0.45562598,0.01864192,1.0840396,-0.0859962,0.97555214,-0.051367328,251.2706,246.10666,332.6134,7.333665,0.7017368,0.20264542
3,67,10,0.049,2.2995484,0.18010592,1.1819018,0.9375407,0.21219444,0.02092106,38.791203,-2.7709227,80.39838,-2.6406238,0.4243889,0.04184212,1.0871531,-0.0776572,0.96826684,-0.03180205,251.25015,246.05598,332.05466,5.4115467,0.670769,0.15943962
3,68,10,0.049,2.3552232,0.20143315,1.2002409,0.95354915,0.22440653,0.019920733,39.091,-2.7654808,81.08186,-2.9763296,0.44881305,0.039841466,1.0955551,-0.07750467,0.9764984,-0.035845023,251.25679,246.05054,332.39038,5.7418103,0.670769,0.15672202
3,69,10,0.049,2.3437827,0.21680468,1.1778848,0.94909316,0.23281145,0.011403392,38.72522,-2.4190433,80.89219,-1.7564081,0.4656229,0.022806784,1.085304,-0.06779565,0.97421414,-0.021153055,251.26578,246.03867,332.18228,4.1754513,0.64250344,0.13565724
3,70,10,0.049,2.2782094,0.19342105,1.1528231,0.93196535,0.2198983,0.021105913,38.31103,-2.4585657,80.158966,-1.0771164,0.4397966,0.042211827,1.073696,-0.06890316,0.9653835,-0.012972148,251.2945,246.07817,331.503,3.5356822,0.64250344,0.14318681
3,71,10,0.049,2.306133,0.19657016,1.1647869,0.944776,0.22168116,0.015725989,38.50932,-2.3512943,80.70801,-1.3033879,0.44336233,0.031451978,1.079253,-0.065896794,0.9719959,-0.015697239,251.37973,246.37152,332.60583,3.6546822,0.6157878,0.13477704
3,72,10,0.049,2.3286996,0.20716435,1.1682483,0.9532868,0.22757655,0.010894291,38.566494,-2.455715,81.07071,-1.8144445,0.4551531,0.021788582,1.0808554,-0.0688233,0.9763641,-0.021852031,251.40894,246.47594,333.11688,4.2701597,0.6157878,0.1378924
3,73,10,0.049,2.2951472,0.19664983,1.1560298,0.9424675,0.22172609,0.017683344,38.36428,-1.9490541,80.60934,-0.39616933,0.44345218,0.035366688,1.0751883,-0.05462373,0.9708077,-0.0047711846,251.39616,246.42842,332.45807,2.3452234,0.5921318,0.11958864
3,74,10,0.049,2.304348,0.19952399,1.1510227,0.95380145,0.22334054,0.011023483,38.281105,-2.008958,81.09259,-1.210062,0.44668108,0.022046966,1.0728573,-0.05630264,0.9766276,-0.014573213,251.44894,246.48833,333.27194,3.2190201,0.5921318,0.11504705
3,75,10,0.049,2.2989917,0.20689096,1.1347998,0.95730096,0.22742634,0.0045840573,38.010376,-1.7395809,81.24122,-1.0577806,0.45485267,0.0091681145,1.0652698,-0.048753142,0.9784176,-0.012739201,251.52505,246.71405,333.72617,2.7973614,0.5730361,0.09807247
3,76,10,0.049,2.260281,0.18572907,1.1299785,0.9445736,0.21548147,0.015168692,37.929546,-1.683135,80.699356,-0.2550647,0.43096295,0.030337384,1.0630045,-0.047171198,0.97189176,-0.0030718716,251.5071,246.65761,332.92346,1.9381998,0.5730361,0.108134575
3,77,10,0.049,2.2906857,0.20142904,1.1369927,0.952264,0.22440423,0.009427729,38.04708,-1.1548955,81.02721,-0.3730216,0.44880846,0.018855458,1.0662986,-0.032366764,0.97584015,-0.0044924514,251.52188,246.64635,333.5204,1.5279171,0.556567,0.080813125
3,78,10,0.049,2.3030014,0.20747203,1.140613,0.9549164,0.22774549,0.0036984056,38.107613,-1.2581744,81.13998,-0.41100335,0.45549098,0.007396811,1.0679948,-0.035261367,0.97719824,-0.004949897,251.52397,246.74962,333.55832,1.6691778,0.556567,0.07522174
3,79,10,0.049,2.2680478,0.18033887,1.1474626,0.9402464,0.21233162,0.015531648,38.22186,-0.87512267,80.5143,0.4919372,0.42466325,0.031063296,1.0711968,-0.024526019,0.969663,0.00592461,251.52505,246.88301,333.00433,0.38318548,0.54329544,0.07813069
3,80,10,0.049,2.2968113,0.20005205,1.1483206,0.94843876,0.2236359,0.011243533,38.236145,-0.8798446,80.864296,-0.33151338,0.4472718,0.022487067,1.0715972,-0.024658242,0.9738782,-0.0039925817,251.5515,246.88774,333.82782,1.211358,0.54329544,0.06819522
3,81,10,0.049,2.2993755,0.21909179,1.131855,0.94842887,0.2340362,0.0006375647,37.96103,-0.3770228,80.863884,-0.45177853,0.4680724,0.0012751294,1.0638868,-0.010566403,0.97387314,-0.005440914,251.5709,246.88754,334.1377,0.82880133,0.53579205,0.03466222
3,82,10,0.049,2.2475908,0.17789082,1.1330919,0.936608,0.21088552,0.014397181,37.981762,-0.39984438,80.358376,0.21992508,0.42177105,0.028794361,1.0644679,-0.011205904,0.9677851,0.0026486714,251.55283,246.91034,333.46597,0.1799193,0.53579205,0.058860112
3,83,10,0.049,2.2746906,0.1894269,1.1432198,0.9420439,0.217616,0.009177925,38.15113,0.07499556,80.591225,-0.14712864,0.435232,0.01835585,1.0692146,0.0021017634,0.97058946,-0.0017718595,251.56972,246.90562,333.91165,0.07213308,0.53117394,0.049619786
3,84,10,0.049,2.2692533,0.21879004,1.1139457,0.9365176,0.23387499,0.0016191588,37.659496,-0.124167085,80.354485,-0.3197145,0.46774998,0.0032383176,1.0554363,-0.00347989,0.9677384,-0.0038505804,251.61691,247.1048,334.08423,0.44388157,0.53117394,0.03272521
3,85,10,0.049,2.2072423,0.18451712,1.1005464,0.9221788,0.21477728,0.013059775,37.432316,0.10490279,79.73698,0.24479906,0.42955455,0.02611955,1.0490693,0.0029400333,0.9603014,0.0029481251,251.64494,247.3014,333.4977,-0.34970185,0.5262194,0.058588725
3,86,10,0.049,2.232595,0.1890881,1.1130891,0.9304179,0.21742131,0.011208201,37.645016,-0.31666517,80.092384,-0.70511633,0.43484262,0.022416402,1.0550303,-0.008874778,0.9645817,-0.008491978,251.75053,247.723,334.4476,1.0217814,0.5262194,0.03799657
3,87,10,0.049,2.2253494,0.2220574,1.0805588,0.92273337,0.23561484,0.005232616,37.090847,-0.5953776,79.76095,-1.8354123,0.47122967,0.010465232,1.0394993,-0.016685871,0.9605901,-0.022104476,251.90623,248.3907,335.4484,2.43079,0.5236407,0.03627751
3,88,10,0.049,2.1483693,0.19017538,1.0573355,0.9008584,0.21804552,0.016604384,36.690105,-0.7231587,78.80984,-1.5534674,0.43609104,0.03320877,1.0282682,-0.020267101,0.9491356,-0.018708952,251.93521,248.51848,335.1665,2.276626,0.5236407,0.044842005
3,89,10,0.049,2.1664333,0.19232205,1.0640665,0.91004467,0.21927269,0.010527252,36.80671,-0.4461787,79.21065,-2.5651054,0.43854538,0.021054504,1.031536,-0.012504462,0.9539626,-0.030892564,251.98941,248.62044,336.05182,3.011284,0.52013123,0.026836272
3,90,10,0.049,2.1691852,0.2152443,1.0408806,0.91306025,0.23197214,0.0055435156,36.40348,-0.7681977,79.34177,-3.2028408,0.4639443,0.011087031,1.0202355,-0.021529343,0.95554185,-0.038572956,252.07999,248.94246,336.68954,3.9710386,0.52013123,0.055928733
3,91,10,0.049,2.067594,0.18194127,0.9998995,0.88575333,0.21327287,0.015487314,35.67966,-0.5690961,78.14633,-2.567513,0.42654574,0.030974628,0.99994975,-0.015949288,0.9411447,-0.030921387,252.11058,249.11108,335.99048,3.136609,0.5155626,0.03276244
3,92,10,0.049,2.0903635,0.19201893,1.0056728,0.89267194,0.21909982,0.013154811,35.782516,-0.64307505,78.45094,-3.3421328,0.43819964,0.026309622,1.0028324,-0.01802271,0.9448132,-0.04025045,252.14047,249.18509,336.76508,3.9852078,0.5155626,0.04263645
3,93,10,0.049,2.103202,0.19997075,1.0055318,0.89769953,0.22359045,0.0017830976,35.78001,-0.04703591,78.67155,-3.587157,0.4471809,0.0035661953,1.0027621,-0.0013182283,0.94747007,-0.04320141,252.10902,248.9467,336.98325,3.634193,0.51338905,0.06241594
3,94,10,0.049,2.0738082,0.1671555,1.012239,0.89441365,0.20442328,0.011701197,35.899143,0.022156378,78.52743,-2.6658301,0.40884656,0.023402395,1.0061009,0.0006209672,0.94573444,-0.032105505,252.06645,248.87755,336.06186,2.6436737,0.51338905,0.024830159
3,95,10,0.049,2.1031983,0.17998517,1.0170958,0.9061174,0.21212329,0.009245209,35.985165,0.3009773,79.039536,-3.2633686,0.42424658,0.018490419,1.0085117,0.00843524,0.951902,-0.039301977,252.10007,248.92229,336.73877,2.9623914,0.5088146,0.0367389
3,96,10,0.049,2.1112018,0.20467483,1.0016592,0.9048679,0.226205,0.0020606597,35.71104,0.19010232,78.98502,-3.8308396,0.45241,0.0041213194,1.0008292,0.0053278413,0.9512454,-0.04613624,252.14029,249.03314,337.3062,3.6407373,0.5088146,0.058051817
3,97,10,0.049,2.0557976,0.17596287,0.9926989,0.8871358,0.20973964,0.012083422,35.550957,0.5127619,78.20729,-2.6591563,0.41947928,0.024166845,0.9963428,0.014370562,0.94187886,-0.032025155,252.11348,248.9924,336.3137,2.1463945,0.5045396,0.07233381
3,98,10,0.049,2.0716596,0.19234963,0.9814292,0.8978806,0.21928841,0.008515213,35.348587,0.4322707,78.67949,-3.3941472,0.43857682,0.017030425,0.9906711,0.0121147465,0.9475656,-0.0408769,252.1674,249.07292,337.04868,2.9618764,0.5045396,0.036822617
3,99,10,0.049,2.0556626,0.22579141,0.94037795,0.8894931,0.23758757,0.0016244404,34.601406,0.31932977,78.311134,-4.02144,0.47517514,0.0032488809,0.96973085,0.00894954,0.9431294,-0.048431627,252.27368,249.42038,337.95282,3.7021103,0.50495934,0.06067805
3,100,10,0.049,1.9611472,0.1821941,0.91454905,0.8644041,0.213421,0.011599572,34.122913,0.011089903,77.19881,-3.3256202,0.426842,0.023199145,0.9563206,0.00031082076,0.92973334,-0.040051613,252.31363,249.72859,337.25696,3.3145304,0.50495934,0.03366135
4,1,10,0.0343,2.1292257,0.20583989,0.9425046,0.9808812,0.2268479,0.016727043,34.64051,-11.655277,82.2357,-22.087717,0.4536958,0.033454087,0.97082675,-0.32664806,0.9903945,-0.26601052,253.70345,261.59973,356.37982,33.742996,0.503978,0.82605
4,2,10,0.0343,2.1700218,0.21917008,0.9538624,0.99698925,0.23407802,0.017128428,34.84861,-11.472294,82.90819,-22.362522,0.46815604,0.034256857,0.9766588,-0.32151985,0.9984935,-0.26932004,253.71687,261.41675,356.6546,33.834816,0.503978,0.8049013
4,3,10,0.0343,2.1899042,0.24897802,0.9421661,0.99876,0.24948849,0.0031181627,34.63429,-10.719184,82.98178,-21.410912,0.49897698,0.0062363255,0.9706524,-0.30041328,0.9993798,-0.25785938,253.70984,261.12686,356.7526,32.130096,0.50738436,0.7800619
4,4,10,0.0343,2.0781918,0.1974935,0.93258256,0.9481158,0.2222012,0.014127502,34.45769,-10.296011,80.85054,-19.61651,0.4444024,0.028255004,0.9657031,-0.28855357,0.9737124,-0.23624882,253.62614,260.7037,354.95816,29.912521,0.50738436,0.7349301
4,5,10,0.0343,2.095857,0.20528543,0.9338862,0.9566853,0.22654217,0.010793592,34.481766,-9.388882,81.215096,-18.16776,0.45308435,0.021587184,0.96637785,-0.2631306,0.9781029,-0.21880092,253.63876,260.5069,355.21085,27.556643,0.51102775,0.66390705
4,6,10,0.0343,2.132727,0.23888592,0.9247814,0.9690595,0.24437979,-0.0035056802,34.313267,-9.153025,81.73863,-18.309303,0.48875958,-0.0070113605,0.96165556,-0.25652048,0.9844082,-0.22050563,253.65138,260.271,355.35242,27.462328,0.51102775,0.66184866
4,7,10,0.0343,1.9864177,0.20491356,0.8828461,0.8986579,0.2263369,0.007458928,33.526257,-8.099874,78.713524,-14.507622,0.4526738,0.014917856,0.9395989,-0.22700512,0.9479757,-0.17472059,253.63753,260.11108,353.7201,22.607494,0.51719975,0.55600077
4,8,10,0.0343,2.0127916,0.20998777,0.8862352,0.9165686,0.22912212,0.005708949,33.59054,-8.331486,79.494064,-15.490326,0.45824423,0.011417898,0.94140065,-0.2334963,0.9573759,-0.18655553,253.73997,260.34268,354.70276,23.821812,0.51719975,0.574061
4,9,10,0.0343,2.037933,0.2321362,0.8831476,0.9226493,0.24090257,-0.0057027647,33.53198,-7.530709,79.757324,-13.810237,0.48180515,-0.011405529,0.9397593,-0.21105386,0.9605464,-0.16632174,253.82875,260.5688,355.4814,21.340946,0.5320164,0.5276292
4,10,10,0.0343,1.9347236,0.17950544,0.8805371,0.8746812,0.2118404,0.0073973807,33.482384,-7.619894,77.656364,-12.761584,0.4236808,0.014794761,0.9383694,-0.21355331,0.9352439,-0.1536924,253.85495,260.65796,354.43277,20.381477,0.5320164,0.5136233
4,11,10,0.0343,1.9764402,0.1979756,0.8839221,0.8945425,0.22247225,0.0073480047,33.54668,-6.66947,78.53309,-11.222862,0.4449445,0.014696009,0.9401713,-0.18691702,0.94580257,-0.13516098,253.9522,260.8361,355.57,17.892332,0.5532967,0.4397392
4,12,10,0.0343,2.0157824,0.20756023,0.90149134,0.9067309,0.22779389,-0.0031443564,33.878433,-6.916868,79.06629,-11.571891,0.45558777,-0.006288713,0.949469,-0.19385059,0.9522242,-0.13936451,254.04614,261.0835,355.919,18.488758,0.5532967,0.46861172
4,13,10,0.0343,1.9393082,0.19534513,0.8946673,0.8492957,0.22098933,0.009571292,33.749966,-5.8390102,76.52118,-7.2182727,0.44197866,0.019142585,0.94586855,-0.16364269,0.9215724,-0.0869323,254.0603,261.20465,354.35736,13.057283,0.5837954,0.3574536
4,14,10,0.0343,1.9889209,0.22004472,0.899117,0.86975914,0.23454462,0.008563024,33.83379,-5.8299165,77.43757,-7.7637286,0.46908924,0.017126048,0.9482178,-0.1633879,0.9326088,-0.09350146,254.10109,261.19553,354.90286,13.593645,0.5837954,0.355213
4,15,10,0.0343,2.012223,0.23371682,0.89975125,0.87875503,0.24172133,-0.008371924,33.845722,-4.549556,77.837,-5.4429045,0.48344266,-0.016743848,0.9485522,-0.12750483,0.93741935,-0.06555085,254.12357,261.1527,355.32166,9.99246,0.6257352,0.27954614
4,16,10,0.0343,1.925818,0.17937654,0.9109887,0.83545274,0.21176434,0.007035847,34.056423,-4.3997803,75.89499,-3.9613826,0.42352867,0.014071694,0.9544573,-0.12330716,0.914031,-0.04770836,254.09818,261.00293,353.84012,8.361163,0.6257352,0.25472784
4,17,10,0.0343,1.981565,0.21585473,0.9130745,0.8526358,0.23230085,0.0053277304,34.095387,-3.3003004,76.6715,-1.8303001,0.4646017,0.010655461,0.9555493,-0.09249342,0.9233828,-0.022042997,254.16675,261.14075,354.32153,5.1306005,0.6711872,0.1855273
4,18,10,0.0343,2.0381804,0.2564537,0.91673064,0.8649959,0.25320628,-0.005348456,34.16358,-3.5619044,77.22523,-2.315881,0.50641257,-0.010696912,0.9574605,-0.099825114,0.93005157,-0.027890967,254.24496,261.40234,354.80713,5.8777857,0.6711872,0.20053299
4,19,10,0.0343,1.9249766,0.18722948,0.91341066,0.82433635,0.21635011,0.0067300303,34.101665,-2.3096678,75.388374,1.429341,0.43270022,0.013460061,0.9557252,-0.06473013,0.9079297,0.017214091,254.24814,261.36008,353.4278,0.88032687,0.7188077,0.14727701
4,20,10,0.0343,1.9417663,0.19230828,0.9175123,0.8319456,0.21926484,0.005295644,34.178146,-2.4044597,75.73553,1.1229705,0.43852967,0.010591288,0.95786864,-0.06738682,0.9121105,0.013524286,254.322,261.4549,353.7342,1.2814893,0.7188077,0.15072994
4,21,10,0.0343,1.996533,0.23391308,0.9231254,0.8394946,0.24182281,-0.008362606,34.282536,-1.2056022,76.078354,2.9404185,0.48364562,-0.016725212,0.96079415,-0.033787988,0.9162394,0.035412498,254.33643,261.41302,353.9431,-1.7348163,0.769085,0.12180427
4,22,10,0.0343,1.9269953,0.17951803,0.9353416,0.81213564,0.21184784,0.0033298258,34.50863,-0.8180209,74.82841,4.6034384,0.42369568,0.0066596516,0.9671306,-0.022925753,0.9011857,0.055440884,254.25505,261.02542,352.28006,-3.7854176,0.769085,0.15195729
4,23,10,0.0343,1.9623181,0.19629005,0.9388881,0.82714,0.22152317,0.00035479185,34.573982,0.4048246,75.51647,5.710796,0.44304633,0.0007095837,0.9689624,0.011345526,0.90947235,0.06877724,254.27533,260.8753,352.8031,-6.1156206,0.8149582,0.18576151
4,24,10,0.0343,2.0111108,0.2210936,0.9519605,0.8380566,0.23510295,-0.010977482,34.813847,0.48137134,76.01317,5.577914,0.4702059,-0.021954965,0.97568464,0.013490754,0.9154543,0.06717684,254.28879,260.79877,352.936,-6.0592856,0.8149582,0.16193205
4,25,10,0.0343,1.9453368,0.1797796,0.9576654,0.8078919,0.21200213,0.0036124003,34.918007,1.7440617,74.632645,8.3014555,0.42400426,0.0072248005,0.9786038,0.04887862,0.8988281,0.09997747,254.22806,260.49243,351.4055,-10.045517,0.8544303,0.25725836
4,26,10,0.0343,1.9792714,0.19645391,0.9638916,0.8189258,0.22161561,-0.00075428234,35.03133,1.9325789,75.14057,8.033607,0.44323123,-0.0015085647,0.9817798,0.05416192,0.9049452,0.09675161,254.22913,260.3039,351.67334,-9.966186,0.8544303,0.2640298
4,27,10,0.0343,2.044878,0.22153158,0.9872034,0.836143,0.23533571,-0.0124187665,35.45242,2.9016545,75.926346,8.533594,0.47067142,-0.024837533,0.9935811,0.08132102,0.91440856,0.10277311,254.21106,260.1465,351.86234,-11.435248,0.8908098,0.283808
4,28,10,0.0343,2.0124342,0.18898718,1.0074375,0.81600964,0.21736328,0.00044374846,35.813892,3.1801302,75.00667,9.897485,0.43472657,0.0008874969,1.0037118,0.089125544,0.90333253,0.119199,254.14023,259.868,350.4984,-13.077615,0.8908098,0.33168986
4,29,10,0.0343,2.0647209,0.21174148,1.0214287,0.8315507,0.23007688,-0.0010186958,36.061733,3.9811382,75.71755,9.66088,0.46015376,-0.0020373915,1.0106575,0.11157438,0.911894,0.116349496,254.14249,259.71344,350.9458,-13.642018,0.9186269,0.3599923
4,30,10,0.0343,2.1076527,0.22612531,1.0355433,0.8459841,0.23776318,-0.010596567,36.31003,4.026673,76.37185,9.388668,0.47552636,-0.021193134,1.0176165,0.11285058,0.91977394,0.11307119,254.15637,259.6679,351.21796,-13.41534,0.9186269,0.34597862
4,31,10,0.0343,2.0603578,0.18790509,1.0520519,0.82040083,0.2167401,0.0026107314,36.598312,4.703405,75.20821,10.563319,0.4334802,0.005221463,1.0256958,0.1318166,0.9057598,0.12721789,254.11028,259.461,349.80118,-15.266724,0.93812835,0.39547205
4,32,10,0.0343,2.1052046,0.20306389,1.0692537,0.8328871,0.22531305,-0.0036168743,36.89631,4.8102818,75.77837,10.720198,0.4506261,-0.0072337487,1.0340472,0.13481182,0.9126265,0.12910731,254.1162,259.35413,349.64426,-15.530479,0.93812835,0.40725815
4,33,10,0.0343,2.1403198,0.22636314,1.0723468,0.84160984,0.23788817,-0.00811482,36.949635,5.1130414,76.17415,9.768109,0.47577634,-0.01622964,1.0355418,0.14329691,0.91739297,0.11764088,254.14844,259.34064,349.90704,-14.881151,0.9526539,0.39176133
4,34,10,0.0343,2.065806,0.17962179,1.067308,0.8188761,0.21190906,0.0013153999,36.862724,5.1977286,75.13829,10.803824,0.4238181,0.0026307998,1.033106,0.14567038,0.9049177,0.13011444,254.1203,259.25592,348.87134,-16.001553,0.9526539,0.41669703
4,35,10,0.0343,2.1039546,0.1925621,1.0817162,0.8296763,0.2194095,-0.00024811336,37.110706,5.3340955,75.63216,9.287466,0.438819,-0.0004962267,1.0400559,0.14949201,0.91086566,0.111852355,254.139,259.23523,349.32758,-14.621561,0.9608152,0.3971624
4,36,10,0.0343,2.1960714,0.22359157,1.1243331,0.8481467,0.23642735,-0.01097498,37.83468,5.5471573,76.4694,9.16066,0.4728547,-0.02194996,1.0603458,0.1554633,0.9209488,0.11032521,254.10614,259.0222,349.4543,-14.707817,0.9608152,0.39596152
4,37,10,0.0343,2.1519556,0.18930821,1.1367629,0.8258845,0.21754782,0.0032129185,38.043236,5.888442,75.459145,9.268543,0.43509564,0.006425837,1.0661908,0.16502804,0.9087819,0.11162445,254.01877,258.63278,347.9997,-15.156985,0.9619346,0.4243843
4,38,10,0.0343,2.156853,0.20538738,1.1211995,0.8302662,0.22659843,0.0014022564,37.781914,6.0375223,75.65905,8.974126,0.45319685,0.0028045129,1.0588671,0.16920608,0.91118944,0.108078755,254.03683,258.4837,348.2941,-15.011648,0.9619346,0.42880827
4,39,10,0.0343,2.1555572,0.19970761,1.1245885,0.83126104,0.22344328,-0.0049570617,37.838974,5.9121046,75.70437,7.1066074,0.44688657,-0.009914123,1.0604662,0.16569123,0.9117352,0.08558747,254.05812,258.39975,348.541,-13.018712,0.95969427,0.38454098
4,40,10,0.0343,2.115384,0.17087731,1.132709,0.81179774,0.20668654,0.0070420955,37.97534,6.0760546,74.81283,8.412958,0.41337308,0.014084191,1.064288,0.17028604,0.9009982,0.101320304,254.0071,258.2358,347.23462,-14.489013,0.95969427,0.41415673
4,41,10,0.0343,2.1521764,0.19031784,1.1396863,0.8221723,0.21812716,0.006428391,38.09213,5.810355,75.28936,6.234362,0.43625432,0.012856782,1.0675609,0.16283982,0.90673715,0.075082704,254.01077,258.14706,347.62186,-12.044718,0.95371264,0.37892976
4,42,10,0.0343,2.1999488,0.20851931,1.1561588,0.83527076,0.22831957,-0.0041248393,38.366417,5.874568,75.88673,5.8009577,0.45663914,-0.008249679,1.0752482,0.16463935,0.9139315,0.069863066,254.00201,258.08282,348.05524,-11.675526,0.95371264,0.36794576
4,43,10,0.0343,2.1704826,0.19139569,1.1600559,0.819031,0.21874397,0.00907402,38.43103,5.5509515,75.145386,5.146349,0.43748793,0.01814804,1.0770589,0.15556963,0.9050033,0.061979275,253.9332,257.9262,346.81955,-10.6973,0.9436058,0.35594296
4,44,10,0.0343,2.210486,0.22830649,1.1520202,0.83015907,0.23890714,0.0065574683,38.297688,5.6107473,75.65416,4.7902894,0.4778143,0.013114937,1.073322,0.15724546,0.91113067,0.057691168,253.9485,257.86642,347.1756,-10.401037,0.9436058,0.35968497
4,45,10,0.0343,2.2027414,0.21465793,1.1548619,0.8332216,0.23165596,-0.00078603264,38.3449,4.91079,75.79359,2.4239047,0.4633119,-0.0015720653,1.074645,0.13762881,0.9128097,0.02919198,253.99019,257.98053,347.56992,-7.334695,0.93179965,0.2895417
4,46,10,0.0343,2.1394994,0.16674004,1.1655467,0.80721277,0.20416908,0.0122438185,38.52187,4.797239,74.601265,3.4470239,0.40833816,0.024487637,1.0796049,0.13444625,0.8984502,0.04151382,253.98938,258.09406,346.54672,-8.244263,0.93179965,0.2925391
4,47,10,0.0343,2.15627,0.1820584,1.1571234,0.8170882,0.2133415,0.01228331,38.38242,4.1655803,75.056206,0.88902944,0.426683,0.02456662,1.0756967,0.11674357,0.9039293,0.010706911,254.01764,258.06454,347.16772,-5.05461,0.9169121,0.24305288
4,48,10,0.0343,2.2101152,0.2186832,1.1682651,0.8231669,0.23381788,0.0034704641,38.566765,4.277447,75.334885,0.70887464,0.46763575,0.0069409283,1.0808631,0.11987873,0.90728545,0.008537197,254.014,257.95267,347.34784,-4.986322,0.9169121,0.2461432
4,49,10,0.0343,2.184536,0.20219854,1.1771252,0.8052122,0.22483246,0.014110541,38.712738,3.8353488,74.50876,0.2796976,0.44966492,0.028221082,1.084954,0.107488535,0.8973362,0.003368609,253.94249,257.68283,345.93442,-4.1150465,0.90019256,0.22429882
4,50,10,0.0343,2.1874588,0.21368027,1.1543092,0.8194693,0.23112781,0.011484713,38.33572,3.9321985,75.1655,-0.031992286,0.46225563,0.022969427,1.0743878,0.11020291,0.9052454,-0.0003853037,253.95494,257.586,346.2461,-3.9002063,0.90019256,0.22639468
4,51,10,0.0343,2.1631722,0.20784895,1.1315461,0.82377714,0.22795227,0.0014767945,37.95584,3.318246,75.3628,-2.1267004,0.45590454,0.002953589,1.0637416,0.09299639,0.9076217,-0.025612686,253.96143,257.45117,346.5881,-1.1915455,0.8840082,0.18788664
4,52,10,0.0343,2.0975618,0.17560378,1.1193761,0.802582,0.20952553,0.012845109,37.75118,3.3372371,74.38698,-1.1702807,0.41905105,0.025690218,1.0580057,0.09352865,0.89586943,-0.014094093,253.93521,257.43216,345.63162,-2.1669564,0.8840082,0.18757108
4,53,10,0.0343,2.099494,0.19668098,1.0952126,0.8076003,0.22174364,0.0126742,37.3415,2.5057917,74.61916,-3.2651577,0.4434873,0.0253484,1.046524,0.07022673,0.89866585,-0.03932351,253.97588,257.4966,346.15347,0.75936604,0.8666486,0.14380287
4,54,10,0.0343,2.1338077,0.23838368,1.0886581,0.8067658,0.24412276,0.0039238776,37.229595,2.4433975,74.58061,-3.4850717,0.48824552,0.007847755,1.0433878,0.06847809,0.8982014,-0.041971967,253.99213,257.55902,346.37338,1.0416741,0.8666486,0.14557387
4,55,10,0.0343,2.04964,0.18632354,1.0760415,0.7872749,0.21582605,0.016227152,37.01324,1.8664871,73.674194,-3.745799,0.4316521,0.032454304,1.0373242,0.052309673,0.8872851,-0.045112014,253.9415,257.3754,345.27524,1.8793119,0.8492305,0.113143496
4,56,10,0.0343,2.0686793,0.1967626,1.0692872,0.80262965,0.22178966,0.012563482,36.896885,1.9475024,74.38918,-4.2247834,0.44357932,0.025126964,1.0340635,0.054580264,0.895896,-0.050880585,253.96255,257.2944,345.75418,2.277281,0.8492305,0.118687764
4,57,10,0.0343,2.0939815,0.21263501,1.0712676,0.8100788,0.23056182,0.005722597,36.931038,1.2813911,74.73359,-5.5675097,0.46112365,0.011445194,1.0350206,0.035911925,0.9000438,-0.06705159,253.96869,257.2212,345.9397,4.2861185,0.83450353,0.120464526
4,58,10,0.0343,2.037904,0.183501,1.064891,0.7895121,0.21418509,0.013886167,36.82096,1.6376842,73.7788,-4.231956,0.42837018,0.027772333,1.0319356,0.04589732,0.8885449,-0.050967004,253.87938,256.86493,344.60416,2.5942717,0.83450353,0.105937496
4,59,10,0.0343,2.0780976,0.19852346,1.0679519,0.8116221,0.22277986,0.008556046,36.873837,1.3639915,74.80473,-5.4333744,0.4455597,0.017112091,1.0334176,0.03822693,0.9009007,-0.06543616,253.82133,256.43073,344.87927,4.0693827,0.8209193,0.108808056
4,60,10,0.0343,2.1148465,0.21441859,1.0780069,0.8224211,0.23152678,-0.00038471728,37.04702,1.8835616,75.30075,-5.1976047,0.46305355,-0.00076943455,1.0382711,0.052788164,0.90687436,-0.062596574,253.73262,255.91115,344.64346,3.314043,0.8209193,0.13710572
4,61,10,0.0343,2.0828576,0.17472361,1.0937178,0.81441605,0.20899977,0.008482927,37.316006,1.6552007,74.93338,-4.4911838,0.41799954,0.016965855,1.0458096,0.04638828,0.90245,-0.054089,253.61545,255.45522,343.23178,2.835983,0.8075149,0.113308795
4,62,10,0.0343,2.116972,0.18201211,1.1047716,0.83018833,0.21331438,0.0027751997,37.50411,2.0201335,75.655495,-4.4361854,0.42662877,0.0055503994,1.0510812,0.05661558,0.9111467,-0.05342658,253.56464,255.0903,343.17682,2.4160519,0.8075149,0.12956536
4,63,10,0.0343,2.144544,0.21584325,1.0943238,0.834377,0.23229466,-0.0045795855,37.326347,1.7085344,75.846115,-4.7413774,0.46458933,-0.009159171,1.0460993,0.04788287,0.9134424,-0.0571021,253.5145,254.73291,342.9475,3.032843,0.79440546,0.12837705
4,64,10,0.0343,2.0710864,0.18475966,1.0730155,0.81331146,0.21491839,0.00840476,36.961155,1.929444,74.88256,-3.708315,0.42983678,0.01680952,1.0358646,0.05407422,0.9018378,-0.044660557,253.45847,254.512,341.91446,1.7788709,0.79440546,0.11546049
4,65,10,0.0343,2.0730648,0.1997405,1.0528226,0.82050157,0.22346169,0.005200775,36.61172,1.2174368,75.21282,-4.613925,0.44692338,0.01040155,1.0260714,0.034119636,0.9058154,-0.055567127,253.49554,254.5693,342.43695,3.3964882,0.77939665,0.08772552
4,66,10,0.0343,2.093166,0.22753255,1.0447229,0.8209107,0.23850186,-0.00026372483,36.47061,1.2349521,75.23157,-4.748317,0.47700372,-0.00052744965,1.0221169,0.03461044,0.9060412,-0.057185683,253.49335,254.55177,342.57135,3.5133648,0.77939665,0.103438415
4,67,10,0.0343,2.033972,0.18630743,1.041172,0.8064925,0.21581672,0.010119936,36.408585,0.7573674,74.56798,-4.0260553,0.43163344,0.020239873,1.0203784,0.021225784,0.8980493,-0.048487134,253.43063,254.40384,341.60803,3.268688,0.7631952,0.061879702
4,68,10,0.0343,2.0658555,0.20186786,1.0449271,0.81906056,0.22464854,0.0060206526,36.474182,0.85806924,75.14675,-4.482274,0.44929707,0.012041305,1.0222168,0.024048043,0.90501964,-0.05398163,253.421,254.30316,342.0643,3.6242049,0.7631952,0.0724242
4,69,10,0.0343,2.0688272,0.21689297,1.0285128,0.8234214,0.23285885,-0.0019636715,36.18657,0.44098824,75.346535,-4.7266426,0.4657177,-0.003927343,1.0141562,0.012358964,0.9074257,-0.056924637,253.39667,254.13283,342.17014,4.2856545,0.7480669,0.07971666
4,70,10,0.0343,1.9738415,0.17135453,1.0006834,0.8018036,0.20697495,0.008241644,35.693645,0.739317,74.35088,-3.7421467,0.4139499,0.016483288,1.0003417,0.02072001,0.89543486,-0.045068037,253.33653,253.83447,341.1856,3.0028298,0.7480669,0.06074195
4,71,10,0.0343,1.9969004,0.20751317,0.9825262,0.80686104,0.22776806,0.004996584,35.368332,0.30823308,74.585014,-3.8870246,0.45553613,0.009993168,0.9912246,0.008638555,0.89825445,-0.04681279,253.33179,253.71863,341.30115,3.5787916,0.73110384,0.04274828
4,72,10,0.0343,1.9872342,0.2105411,0.9705019,0.8061912,0.22942379,-0.0009011351,35.151245,0.5942025,74.554054,-3.7316968,0.45884758,-0.0018022702,0.98514056,0.016652945,0.8978815,-0.044942096,253.29301,253.43266,341.14584,3.1374943,0.73110384,0.06358137
4,73,10,0.0343,1.9146636,0.16940941,0.95446736,0.79078674,0.20579687,0.010848667,34.859653,0.43005434,73.83833,-2.5225732,0.41159374,0.021697333,0.97696847,0.012052498,0.8892619,-0.030380191,253.21935,253.09026,339.98428,2.0925188,0.71239585,0.027481928
4,74,10,0.0343,1.938668,0.19797523,0.9447948,0.7958979,0.22247204,0.006840624,34.68257,0.55463445,74.07656,-2.8520741,0.44494408,0.013681248,0.97200555,0.015544005,0.8921311,-0.034348574,253.21451,252.96567,340.3138,2.2974396,0.71239585,0.033398874
4,75,10,0.0343,1.9412246,0.2141186,0.92997676,0.79712915,0.23136476,-1.1856659e-5,34.40952,0.25520894,74.13384,-2.83885,0.4627295,-2.3713317e-5,0.964353,0.007152442,0.8928209,-0.03418926,253.19173,252.79382,340.35434,2.583641,0.6954265,0.032906417
4,76,10,0.0343,1.884028,0.17301835,0.92293894,0.7880707,0.20797737,0.011772706,34.27907,0.52084935,73.71142,-2.149049,0.41595474,0.023545412,0.9606971,0.014597382,0.88773346,-0.025881816,253.12267,252.5282,339.6645,1.6281997,0.6954265,0.03095523
4,77,10,0.0343,1.8982531,0.18153143,0.91849095,0.79823077,0.21303253,0.007772148,34.196365,0.17444895,74.18505,-2.361666,0.42606506,0.015544296,0.9583793,0.0048889583,0.8934376,-0.028442401,253.11111,252.43813,339.9472,2.187217,0.6778211,0.01399445
4,78,10,0.0343,1.9173656,0.20560692,0.91040534,0.8013533,0.2267195,0.0020192636,34.045517,0.26201776,74.33001,-2.5985243,0.453439,0.004038527,0.95415163,0.0073432345,0.8951834,-0.031295042,253.09676,252.35056,340.1841,2.3365066,0.6778211,0.029391253
4,79,10,0.0343,1.8890318,0.16896097,0.9200989,0.79997194,0.20552431,0.013651561,34.226288,0.24897966,74.26592,-1.5897611,0.41104862,0.027303122,0.95921785,0.006977794,0.8944115,-0.01914613,252.98856,251.96332,339.26157,1.3407815,0.65980947,0.022277167
4,80,10,0.0343,1.9310658,0.17979383,0.93632865,0.8149434,0.21201052,0.008701493,34.52683,0.57759356,74.95764,-1.5251311,0.42402104,0.017402986,0.96764076,0.016187418,0.90274215,-0.018367633,252.92294,251.6347,339.19693,0.94753754,0.65980947,0.034882035
4,81,10,0.0343,1.9706647,0.21261446,0.93719846,0.8208518,0.23055068,0.002156042,34.542862,0.43285394,75.228874,-1.3819586,0.46110135,0.004312084,0.9680901,0.012131161,0.9060087,-0.016643321,252.87453,251.40631,339.1141,0.94910467,0.6441263,0.026151964
4,82,10,0.0343,1.9142754,0.16380723,0.93468696,0.8157813,0.20236553,0.01143174,34.496548,0.7992782,74.99617,-0.3288414,0.40473107,0.02286348,0.9667921,0.022400346,0.9032061,-0.0039603687,252.78488,251.03992,338.061,-0.4704368,0.6441263,0.06274787
4,83,10,0.0343,1.9389213,0.17966393,0.9356064,0.82365096,0.21193391,0.009343545,34.513508,0.6689792,75.357025,-0.6772769,0.42386782,0.01868709,0.9672675,0.018748736,0.9075522,-0.00815669,252.75983,250.8156,338.42407,0.008297682,0.6279644,0.048152443
4,84,10,0.0343,1.9520583,0.20531721,0.92312336,0.82361764,0.22655971,0.0028920777,34.282494,0.71136534,75.355515,-0.93784523,0.45311943,0.0057841553,0.9607931,0.019936532,0.9075338,-0.011294769,252.76187,250.7732,338.68466,0.22647989,0.6279644,0.041536693
4,85,10,0.0343,1.8869236,0.1625217,0.9110822,0.8133196,0.2015699,0.014264638,34.058174,0.5258623,74.88293,0.09176666,0.4031398,0.028529275,0.9545063,0.014737659,0.90184236,0.0011051447,252.71947,250.61873,337.63754,-0.61762893,0.6120216,0.050135054
4,86,10,0.0343,1.9033489,0.17842233,0.9031327,0.821794,0.21120034,0.01219957,33.90926,0.47184244,75.27204,-0.16168521,0.42240068,0.02439914,0.95033294,0.013223725,0.90652853,-0.0019472488,252.74332,250.67274,337.89102,-0.31015724,0.6120216,0.04917795
4,87,10,0.0343,1.9250479,0.2072372,0.89196926,0.8258415,0.22761656,0.0080510285,33.699036,0.13182792,75.45718,-0.29128134,0.45523313,0.016102057,0.94444126,0.0036946498,0.9087582,-0.0035079608,252.73729,250.69142,337.93835,0.15945342,0.5982531,0.029574646
4,88,10,0.0343,1.8599174,0.1643021,0.88006425,0.815551,0.20267098,0.017204668,33.473392,0.4157869,74.98557,0.5709759,0.40534195,0.034409337,0.9381174,0.011652705,0.9030786,0.0068764254,252.65826,250.40746,337.07608,-0.98676276,0.5982531,0.058729026
4,89,10,0.0343,1.8624748,0.1658369,0.8798975,0.8167404,0.20361538,0.013552675,33.470222,0.3538658,75.04023,0.09620867,0.40723076,0.02710535,0.9380285,0.009917384,0.9037369,0.001158618,252.63269,250.17136,337.40973,-0.45007446,0.5844816,0.046437267
4,90,10,0.0343,1.8657441,0.19200088,0.86057913,0.81316406,0.21908952,0.009379255,33.100758,0.4156118,74.87577,-0.037544634,0.43817905,0.01875851,0.92767406,0.01164785,0.9017561,-0.0004521476,252.63043,250.10963,337.5435,-0.37806717,0.5844816,0.03667077
4,91,10,0.0343,1.8237604,0.15532455,0.8592684,0.8091674,0.19705617,0.018435456,33.075542,0.2735534,74.691536,0.54626834,0.39411235,0.03687091,0.9269673,0.00766654,0.8995373,0.0065788403,252.58464,249.97151,336.77478,-0.8198217,0.5728496,0.05804947
4,92,10,0.0343,1.8565041,0.1695159,0.8672769,0.8197113,0.20586154,0.013749169,33.22932,0.5103575,75.17659,0.45042467,0.41172308,0.027498338,0.93127704,0.014303159,0.9053791,0.005424625,252.54546,249.73473,336.87057,-0.9607822,0.5728496,0.044764288
4,93,10,0.0343,1.8659124,0.19958712,0.8500885,0.8162368,0.22337587,0.008661826,32.898388,0.49046063,75.0171,0.43836436,0.44675174,0.017323652,0.92200243,0.01374552,0.90345824,0.0052794158,252.49872,249.49025,336.64212,-0.928825,0.56599206,0.05270157
4,94,10,0.0343,1.7808158,0.16409393,0.81951815,0.7972038,0.20254254,0.01874369,32.301434,0.7276901,74.137314,1.3103181,0.4050851,0.03748738,0.9052724,0.020394143,0.8928627,0.01578069,252.4472,249.25304,335.7701,-2.0380082,0.56599206,0.088679895
4,95,10,0.0343,1.7668943,0.16459854,0.8066182,0.79567754,0.20285372,0.01327683,32.046204,0.59413964,74.066315,0.5296205,0.40570745,0.02655366,0.8981193,0.016651241,0.8920076,0.006378405,252.44606,249.13014,336.2318,-1.1237602,0.5621274,0.06126661
4,96,10,0.0343,1.7555093,0.17829104,0.78382516,0.7933931,0.21112262,0.0067908913,31.590183,0.5228293,73.959915,0.5636159,0.42224523,0.013581783,0.885339,0.014652685,0.89072615,0.006787859,252.44545,249.20143,336.19778,-1.0864452,0.5621274,0.047298566
4,97,10,0.0343,1.6903197,0.1411026,0.76620644,0.7830106,0.18781812,0.016426217,31.233124,0.45937094,73.474396,1.0512967,0.37563625,0.032852434,0.8753322,0.012874218,0.8848789,0.012661193,252.39264,249.01698,335.34937,-1.5106677,0.5605521,0.064008445
4,98,10,0.0343,1.7055506,0.15196271,0.7639776,0.78961027,0.19491197,0.013631229,31.187666,0.71283203,73.783394,0.7522281,0.38982394,0.027262459,0.8740581,0.019977666,0.8886002,0.009059318,252.36679,248.76353,335.6484,-1.4650601,0.5605521,0.067247204
4,99,10,0.0343,1.725,0.16893642,0.76041776,0.79564583,0.20550938,0.005533469,31.114918,0.82888144,74.06484,0.4132968,0.41101876,0.011066938,0.87201935,0.023230013,0.8919898,0.0049775247,252.29663,248.40651,335.56818,-1.2421782,0.5628777,0.056775644
4,100,10,0.0343,1.7000664,0.1439296,0.76377416,0.7923627,0.18969028,0.015027367,31.183512,1.1141869,73.91187,1.4200674,0.37938055,0.030054733,0.8739417,0.031225966,0.89014757,0.017102433,252.21404,248.12122,334.56146,-2.5342543,0.5628777,0.09078424
5,1,10,0.024009999,2.2091906,0.20139897,1.0218875,0.98590416,0.22438748,0.02237312,36.06983,-4.506786,82.445984,-8.485342,0.44877496,0.04474624,1.0108845,-0.12630606,0.9929271,-0.10219205,251.85985,253.49591,344.0073,12.992128,0.5673964,0.29927272
5,2,10,0.024009999,2.2521133,0.21661817,1.036748,0.99874717,0.23271129,0.01664542,36.33115,-3.9977608,82.98124,-9.04382,0.46542257,0.03329084,1.0182083,-0.11204032,0.9993734,-0.108918056,251.81194,252.98694,344.56573,13.041581,0.5673964,0.29603532
5,3,10,0.024009999,2.28233,0.24174954,1.0434427,0.9971379,0.24584016,0.008385238,36.44826,-3.4799805,82.91437,-8.369891,0.49168032,0.016770476,1.0214905,-0.097529076,0.99856794,-0.10080159,251.7174,252.4021,343.80682,11.849872,0.56943935,0.25962412
5,4,10,0.024009999,2.2313542,0.19657785,1.0495666,0.9852096,0.2216855,0.020594811,36.555065,-2.9472516,82.416954,-6.8953967,0.443371,0.041189622,1.0244836,-0.0825991,0.99257725,-0.0830438,251.6069,251.8694,342.3324,9.8426485,0.56943935,0.20956755
5,5,10,0.024009999,2.274588,0.21143539,1.0604415,1.0027112,0.22991052,0.009908333,36.743958,-2.4145372,83.14577,-6.7825384,0.45982105,0.019816667,1.0297774,-0.06766928,1.0013547,-0.08168463,251.53548,251.34296,342.3168,9.197076,0.570802,0.18336526
5,6,10,0.024009999,2.298654,0.23350279,1.0597507,1.0054005,0.24161063,0.0034885304,36.731983,-1.9392595,83.257195,-6.0880547,0.48322126,0.006977061,1.029442,-0.054349285,1.0026966,-0.07332064,251.45407,250.86766,341.6223,8.027314,0.570802,0.14153253
5,7,10,0.024009999,2.257129,0.2029333,1.0647013,0.9894944,0.22524059,0.010624365,36.81768,-1.1796111,82.59597,-4.1722517,0.45048118,0.02124873,1.0318437,-0.033059575,0.99473333,-0.050247885,251.311,250.15892,339.91895,5.351863,0.5711906,0.08297097
5,8,10,0.024009999,2.2929633,0.21764176,1.0776429,0.9976786,0.23326045,0.004106987,37.04077,-0.9104214,82.93684,-4.448735,0.4665209,0.008213974,1.0380958,-0.02551518,0.9988386,-0.05357772,251.29512,249.88974,340.19543,5.3591566,0.5711906,0.08376642
5,9,10,0.024009999,2.273586,0.21527362,1.0705519,0.98776054,0.23198794,-0.003911094,36.918697,-0.5263117,82.523575,-4.018915,0.46397588,-0.007822188,1.0346748,-0.014750317,0.99386144,-0.048401292,251.26428,249.57332,340.0226,4.545227,0.5737489,0.09107669
5,10,10,0.024009999,2.21298,0.19608046,1.0502514,0.9666483,0.22140487,0.006831122,36.566986,-0.2523588,81.63689,-2.9750175,0.44280973,0.013662244,1.0248177,-0.007072564,0.9831827,-0.035829253,251.23009,249.29936,338.97876,3.2273765,0.5737489,0.05988199
5,11,10,0.024009999,2.215312,0.21559194,1.034151,0.965569,0.23215939,2.7045457e-5,36.285614,-0.39452755,81.59129,-3.4973545,0.46431878,5.4090913e-5,1.0169321,-0.011056804,0.9826337,-0.04211993,251.30464,249.51076,339.81653,3.891882,0.57673174,0.04558164
5,12,10,0.024009999,2.2132704,0.2274905,1.0319504,0.9538295,0.23847982,-0.0043856176,36.24699,-0.42580652,81.09379,-3.4996214,0.47695965,-0.008771235,1.0158496,-0.011933606,0.97664195,-0.042147137,251.33592,249.54202,339.81882,3.925428,0.57673174,0.054364275
5,13,10,0.024009999,2.1861138,0.2007182,1.0430884,0.94230723,0.22400792,0.004877037,36.442078,-0.06694077,80.6025,-1.7823906,0.44801584,0.009754074,1.021317,-0.0018760219,0.9707251,-0.021465909,251.27786,249.2542,338.438,1.8493314,0.57979023,0.017513115
5,14,10,0.024009999,2.2552662,0.2238444,1.0692071,0.9622146,0.23656099,-0.0013542582,36.895508,0.34497133,81.44946,-2.029957,0.47312197,-0.0027085163,1.0340247,0.009668254,0.9809254,-0.024447529,251.22995,248.84229,338.68552,1.6849858,0.57979023,0.022344
5,15,10,0.024009999,2.2590923,0.22122063,1.0698203,0.9680515,0.23517048,-0.010106997,36.906082,0.6933902,81.69612,-1.4900346,0.47034097,-0.020213993,1.0343212,0.019432684,0.9838961,-0.017944895,251.1957,248.55508,338.44598,0.7966444,0.58607477,0.04135492
5,16,10,0.024009999,2.226048,0.20057258,1.067975,0.9575004,0.22392665,0.0006180321,36.87424,1.0481216,81.24969,-0.5150461,0.4478533,0.0012360642,1.0334288,0.029374402,0.9785195,-0.0062029096,251.13138,248.20035,337.47095,-0.53307545,0.58607477,0.06773705
5,17,10,0.024009999,2.277081,0.2222227,1.0843989,0.9704594,0.23570251,-0.00567314,37.15669,1.2147778,81.79766,-1.0614914,0.47140503,-0.01134628,1.0413448,0.034045093,0.985119,-0.012783918,251.15874,248.07059,338.27295,-0.15328646,0.59358585,0.07196089
5,18,10,0.024009999,2.2682383,0.22115523,1.0736523,0.9734308,0.23513572,-0.012444343,36.972122,1.1756611,81.92278,-0.77202386,0.47027144,-0.024888687,1.0361719,0.032948773,0.98662597,-0.009297814,251.1879,248.10971,337.98352,-0.40363723,0.59358585,0.06862062
5,19,10,0.024009999,2.2049718,0.18839481,1.0612938,0.95528316,0.21702236,-0.0004667944,36.758717,1.3403727,81.155556,0.28222102,0.43404472,-0.0009335888,1.0301912,0.03756494,0.9773859,0.0033989048,251.15634,247.95306,337.14188,-1.6225936,0.6019234,0.098592125
5,20,10,0.024009999,2.2502465,0.21571666,1.0742662,0.96026385,0.23222654,-0.005800033,36.98269,1.3062078,81.366844,-0.41828996,0.46445307,-0.011600066,1.0364681,0.036607433,0.9799305,-0.0050376835,251.2027,247.98721,337.8424,-0.8879178,0.6019234,0.08550226
5,21,10,0.024009999,2.2578506,0.21727805,1.077156,0.96341664,0.23306547,-0.011948738,37.0324,1.2168616,81.500305,-0.1780007,0.46613094,-0.023897476,1.0378612,0.03410348,0.9815379,-0.0021437828,251.21336,248.05583,337.73004,-1.0388609,0.6133158,0.07346735
5,22,10,0.024009999,2.2531624,0.18992083,1.0984915,0.9647502,0.21789953,-0.0001665989,37.397358,1.575723,81.5567,1.0917026,0.43579906,-0.0003331978,1.0480895,0.044160783,0.98221695,0.013147797,251.14043,247.69698,336.46036,-2.6674256,0.6133158,0.1119061
5,23,10,0.024009999,2.3098464,0.22637737,1.1105227,0.9729463,0.23789565,-0.0045250845,37.6016,1.4291505,81.9024,0.5939547,0.4757913,-0.009050169,1.0538135,0.040052935,0.9863804,0.007153145,251.1961,247.79524,337.0201,-2.0231051,0.6244528,0.10024043
5,24,10,0.024009999,2.286056,0.23104405,1.0862193,0.96879256,0.24033521,-0.008235207,37.18787,1.2986839,81.72738,0.4661298,0.48067042,-0.016470414,1.0422184,0.036396585,0.9842726,0.0056138085,251.24791,247.92572,337.148,-1.7648137,0.6244528,0.0916322
5,25,10,0.024009999,2.220749,0.20056465,1.071423,0.94876117,0.22392222,0.0022733759,36.933716,1.2318522,80.878044,1.3113724,0.44784445,0.0045467517,1.0350957,0.034523588,0.9740437,0.015793387,251.25342,247.91997,336.29053,-2.5432246,0.63544875,0.10610364
5,26,10,0.024009999,2.2566712,0.2147193,1.085254,0.95669794,0.23168907,-0.0014092672,37.17134,0.7183456,81.21563,-0.0032533589,0.46337813,-0.0028185344,1.0417552,0.02013218,0.97810936,-3.926441e-5,251.38873,248.43347,337.60516,-0.71509224,0.63544875,0.05897875
5,27,10,0.024009999,2.268067,0.2242813,1.0889136,0.954872,0.23679173,-0.007509684,37.23396,0.5111941,81.13809,-0.61994886,0.47358346,-0.015019368,1.0435102,0.014326674,0.97717553,-0.00746622,251.43054,248.5544,338.13644,0.108754754,0.64702106,0.041280188
5,28,10,0.024009999,2.2444022,0.18472655,1.1040984,0.95557714,0.21489914,0.005238431,37.492676,0.7463237,81.168045,0.6250931,0.42979828,0.010476862,1.0507609,0.020916332,0.97753626,0.007528276,251.37119,248.31926,336.89142,-1.3714168,0.64702106,0.07319813
5,29,10,0.024009999,2.2943704,0.1967979,1.1249903,0.97258204,0.22180955,0.00028574766,37.845734,0.75176203,81.88706,0.06576322,0.4436191,0.00057149533,1.0606556,0.021068728,0.98619574,0.0007920217,251.38483,248.22258,337.32373,-0.81752527,0.6572815,0.05990833
5,30,10,0.024009999,2.3133874,0.23017937,1.1104095,0.9727987,0.23988506,-0.0052137515,37.599674,0.57239944,81.896194,-0.11911288,0.47977012,-0.010427503,1.0537597,0.016041938,0.9863056,-0.0014345477,251.44681,248.40195,337.5086,-0.45328656,0.6572815,0.047927286
5,31,10,0.024009999,2.2224622,0.20132662,1.0759828,0.9451529,0.22434717,0.009424614,37.012222,0.37760785,80.72409,0.4168208,0.44869435,0.018849228,1.0372959,0.010582799,0.9721897,0.005019891,251.47435,248.50024,336.81464,-0.79442865,0.6654637,0.054671995
5,32,10,0.024009999,2.2315574,0.20659584,1.0733413,0.9516202,0.22726408,0.0025585727,36.966766,0.036481146,80.99982,-1.0191588,0.45452815,0.0051171454,1.0360218,0.0010224159,0.97551024,-0.012274116,251.58858,248.84134,338.25064,0.9826777,0.6654637,0.029750725
5,33,10,0.024009999,2.2365937,0.21945024,1.0683558,0.94878775,0.23422758,-0.00089963037,36.88081,-0.3200776,80.87918,-1.5050105,0.46845517,-0.0017992607,1.033613,-0.008970463,0.9740574,-0.018125389,251.65085,249.10637,338.54556,1.825088,0.67430675,0.024561707
5,34,10,0.024009999,2.1783507,0.18673192,1.0609151,0.9307037,0.21606244,0.0097621605,36.75216,-0.24275531,80.104675,-0.44494075,0.43212488,0.019524321,1.0300074,-0.0068033873,0.96472985,-0.0053586285,251.62883,249.02904,337.4855,0.68769604,0.67430675,0.035765495
5,35,10,0.024009999,2.191374,0.19869375,1.0587653,0.9339151,0.22287539,0.008948519,36.7149,-0.39905033,80.24276,-1.3597566,0.44575077,0.017897038,1.0289632,-0.011183787,0.9663928,-0.01637607,251.69887,249.10883,338.21164,1.758807,0.68089247,0.03152132
5,36,10,0.024009999,2.1878285,0.22807,1.0322195,0.92753893,0.23878337,0.0011744272,36.25172,-0.5106164,79.96837,-1.5107323,0.47756675,0.0023488544,1.015982,-0.014310548,0.9630882,-0.018194323,251.75426,249.22038,338.3626,2.0213487,0.68089247,0.031812057
5,37,10,0.024009999,2.1313722,0.19346826,1.0296844,0.9082196,0.21992514,0.012685809,36.207176,-0.7816193,79.13118,-1.0839616,0.43985027,0.025371619,1.0147337,-0.021905513,0.95300555,-0.013054539,251.79063,249.43213,337.75253,1.8655809,0.6856248,0.05138182
5,38,10,0.024009999,2.147461,0.21073933,1.0244504,0.91227114,0.22953176,0.01039523,36.11503,-0.9609548,79.30747,-2.2295403,0.45906353,0.02079046,1.0121514,-0.026931493,0.95512885,-0.026851183,251.87108,249.61151,338.89813,3.190495,0.6856248,0.054313567
5,39,10,0.024009999,2.1279366,0.21179102,1.0066476,0.909498,0.23010379,0.0059271455,35.799862,-1.3298136,79.18686,-3.0579748,0.46020758,0.011854291,1.0033183,-0.037268985,0.95367604,-0.03682834,251.96034,249.94579,339.54623,4.3877883,0.6894441,0.07791875
5,40,10,0.024009999,2.0804312,0.18089996,1.0029109,0.89662033,0.21266168,0.015870774,35.733345,-1.5165485,78.624245,-2.0076807,0.42532337,0.03174155,1.0014544,-0.042502277,0.94690037,-0.024179256,251.96956,250.13249,338.49594,3.524229,0.6894441,0.08579933
5,41,10,0.024009999,2.104126,0.21500625,0.9871589,0.9019609,0.23184383,0.014950132,35.45162,-1.7200059,78.858055,-3.1081746,0.46368766,0.029900264,0.9935587,-0.04820448,0.9497162,-0.03743289,252.0495,250.33559,339.44254,4.8281803,0.6909478,0.09781673
5,42,10,0.024009999,2.0711348,0.21754481,0.9540916,0.89949834,0.23320849,0.004073041,34.85279,-1.9492434,78.75033,-4.001053,0.46641698,0.008146082,0.9767761,-0.054629125,0.94841886,-0.048186168,252.12964,250.56483,340.33545,5.9502964,0.6909478,0.122761086
5,43,10,0.024009999,1.9736131,0.1703796,0.9304991,0.8727344,0.20638531,0.014867397,34.419178,-1.8297168,77.56991,-3.1478653,0.41277063,0.029734794,0.9646238,-0.051279195,0.93420255,-0.037910923,252.12701,250.48485,339.38416,4.977582,0.691168,0.10754169
5,44,10,0.024009999,2.0248833,0.18980397,0.9488621,0.88621736,0.21783249,0.014381286,34.757145,-2.213489,78.166794,-4.0632763,0.43566498,0.028762572,0.9740955,-0.062034618,0.94139117,-0.048935544,252.2294,250.86862,340.29956,6.2767653,0.691168,0.13530284
5,45,10,0.024009999,2.0645895,0.22855806,0.9474729,0.8885585,0.23903874,0.0049930746,34.731693,-2.30756,78.269966,-4.791098,0.47807747,0.009986149,0.9733822,-0.06467124,0.9426338,-0.057700936,252.28508,251.04234,340.9907,7.098658,0.69129246,0.15270199
5,46,10,0.024009999,1.988035,0.18399982,0.9330559,0.87097925,0.214476,0.013706087,34.466434,-2.2025433,77.49186,-3.9811778,0.428952,0.027412174,0.96594816,-0.061728023,0.9332627,-0.047946766,252.25694,250.93732,340.1808,6.183721,0.69129246,0.13407241
5,47,10,0.024009999,2.0378997,0.1891497,0.95693046,0.89181966,0.21745671,0.009784296,34.904606,-2.0376675,78.413475,-4.5867157,0.43491343,0.019568592,0.9782282,-0.05710724,0.94436204,-0.055239435,252.28967,250.8934,340.83514,6.624383,0.6903674,0.13301305
5,48,10,0.024009999,2.086364,0.21304218,0.96600765,0.9073141,0.23078246,0.0020377329,35.06976,-1.9936613,79.09172,-4.652769,0.46156493,0.0040754657,0.98285687,-0.0558739,0.9525304,-0.056035005,252.30733,250.8494,340.9012,6.6464305,0.6903674,0.13606244
5,49,10,0.024009999,2.0316873,0.16777948,0.96822405,0.8956839,0.20480447,0.010296241,35.10997,-1.8400558,78.58317,-3.4540622,0.40960893,0.020592483,0.98398376,-0.051569022,0.94640577,-0.041598532,252.29494,250.84888,339.8359,5.294118,0.6887562,0.114833996
5,50,10,0.024009999,2.086958,0.19190393,0.9826354,0.9124185,0.21903421,0.0104849,35.3703,-2.0979264,79.31388,-4.4661508,0.43806842,0.0209698,0.99127966,-0.058795966,0.955206,-0.053787462,252.37825,251.10674,340.84793,6.5640774,0.6887562,0.12935705
5,51,10,0.024009999,2.0962026,0.21312043,0.96743804,0.91564417,0.23082484,0.0027609027,35.09572,-2.1817946,79.45396,-4.8949356,0.4616497,0.0055218055,0.9835843,-0.061146468,0.95689297,-0.05895153,252.4585,251.37172,341.46158,7.0767303,0.6886991,0.1384246
5,52,10,0.024009999,2.010539,0.18128158,0.9459796,0.88327783,0.21288587,0.0123096015,34.70431,-2.3597963,78.037056,-4.023415,0.42577174,0.024619203,0.9726148,-0.06613515,0.93982863,-0.04845542,252.48248,251.54971,340.59003,6.383211,0.6886991,0.13843226
5,53,10,0.024009999,2.0213804,0.1894254,0.9439366,0.88801855,0.21761514,0.010012955,34.666817,-2.425863,78.24619,-4.632143,0.43523028,0.02002591,0.971564,-0.06798669,0.94234735,-0.055786606,252.56561,251.82881,341.4294,7.0580063,0.6887513,0.15305278
5,54,10,0.024009999,2.043004,0.22178958,0.93068045,0.8905339,0.23547271,0.0020884315,34.422535,-2.696212,78.35693,-5.185858,0.47094542,0.004176863,0.9647178,-0.07556344,0.94368106,-0.062455215,252.64182,252.09915,341.98315,7.8820696,0.6887513,0.17946093
5,55,10,0.024009999,1.9482822,0.18253872,0.90538186,0.86036175,0.21362275,0.0138066225,33.951454,-2.6536171,77.01808,-4.147625,0.4272455,0.027613245,0.95151556,-0.074369624,0.9275569,-0.049951352,252.67249,252.30478,341.2561,6.801242,0.6882658,0.15865171
5,56,10,0.024009999,1.9525893,0.19138108,0.89468616,0.8665221,0.21873562,0.01119518,33.75032,-2.850269,77.29333,-5.188245,0.43747124,0.02239036,0.9458785,-0.07988094,0.93087167,-0.06248389,252.76329,252.50142,342.29675,8.038514,0.6882658,0.17685574
5,57,10,0.024009999,1.9622808,0.20908639,0.88282406,0.87037027,0.22862983,0.0005440801,33.525837,-2.82485,77.46477,-5.400387,0.45725965,0.0010881602,0.9395872,-0.07916854,0.9329364,-0.065038815,252.84862,252.76015,342.87125,8.225237,0.6898598,0.19016807
5,58,10,0.024009999,1.8917625,0.17000927,0.8701713,0.85158193,0.2061609,0.013722552,33.28472,-2.9876733,76.6241,-4.6254563,0.4123218,0.027445104,0.93282974,-0.08373189,0.922812,-0.05570606,252.86266,252.92296,342.0963,7.6131296,0.6898598,0.18721688
5,59,10,0.024009999,1.9229922,0.18318357,0.874311,0.86549777,0.21399975,0.0107826125,33.363796,-2.8330548,77.247635,-4.9185348,0.4279995,0.021565225,0.93504596,-0.07939855,0.93032134,-0.059235632,252.93048,253.08827,342.83368,7.75159,0.69141996,0.17309788
5,60,10,0.024009999,1.9271944,0.21310174,0.852327,0.8617656,0.23081473,0.0031876587,32.941673,-3.0932245,77.080894,-5.650134,0.46162945,0.0063753175,0.92321557,-0.08668994,0.9283133,-0.0680466,253.01614,253.34845,343.56528,8.743359,0.69141996,0.19883075
5,61,10,0.024009999,1.8486571,0.17399657,0.83803314,0.83662754,0.20856448,0.01259252,32.664284,-2.9249942,75.94833,-4.454219,0.41712895,0.02518504,0.9154415,-0.081975184,0.91467345,-0.053643774,253.03516,253.53366,342.8737,7.3792133,0.6934638,0.17653331
5,62,10,0.024009999,1.8582809,0.17778328,0.83038,0.8501176,0.21082178,0.010164032,32.514793,-2.9275217,76.55819,-5.104132,0.42164356,0.020328064,0.9112519,-0.08204594,0.92201823,-0.06147084,253.06183,253.53618,343.5236,8.031654,0.6934638,0.18398672
5,63,10,0.024009999,1.9057834,0.2177266,0.8264445,0.86161226,0.23330592,0.00096944097,32.43765,-2.6588233,77.074036,-4.9568796,0.46661183,0.0019388819,0.9090899,-0.07451557,0.9282307,-0.059697498,253.0955,253.65048,343.92435,7.6157026,0.6971282,0.16973422
5,64,10,0.024009999,1.8309774,0.1707204,0.8237339,0.8365232,0.20659162,0.012660736,32.38441,-2.6854997,75.943596,-3.8634748,0.41318324,0.025321472,0.9075979,-0.07526318,0.9146164,-0.046529222,253.07295,253.67717,342.83096,6.5489745,0.6971282,0.1748402
5,65,10,0.024009999,1.8379271,0.18214299,0.81234217,0.843442,0.21339107,0.009925957,32.159702,-2.3441675,76.25702,-3.9603407,0.42678213,0.019851914,0.90130025,-0.06569712,0.918391,-0.04769572,253.12111,253.73991,343.52866,6.304508,0.69930786,0.1388042
5,66,10,0.024009999,1.8691742,0.20559952,0.81339383,0.8501808,0.22671542,-0.00030755124,32.18051,-2.443565,76.56104,-4.6003923,0.45343083,-0.0006151025,0.9018835,-0.06848276,0.9220525,-0.055404287,253.1665,253.83931,344.16873,7.043957,0.69930786,0.15671836
5,67,10,0.024009999,1.8261304,0.16344586,0.8291308,0.83355373,0.2021422,0.010983573,32.490326,-2.1267488,75.80869,-3.0379467,0.4042844,0.021967147,0.9105662,-0.059603818,0.91299164,-0.036587078,253.17058,253.93964,343.2235,5.1646957,0.7006739,0.12604573
5,68,10,0.024009999,1.8763738,0.18218306,0.8413323,0.8528584,0.21341453,0.010515083,32.728516,-2.1468365,76.68151,-3.316685,0.42682907,0.021030165,0.9172417,-0.060166687,0.92350334,-0.03994404,253.21101,253.95972,343.5023,5.4635215,0.7006739,0.12404963
5,69,10,0.024009999,1.9097271,0.20994143,0.8396662,0.8601195,0.22909683,0.00061861373,32.696095,-1.8969785,77.00725,-3.2234194,0.45819366,0.0012372275,0.916333,-0.053164262,0.9274263,-0.038820747,253.26508,254.13324,344.01007,5.120398,0.7031961,0.115518846
5,70,10,0.024009999,1.8351526,0.1680478,0.83351,0.8335948,0.20496817,0.009386734,32.57601,-2.034805,75.81055,-2.4432766,0.40993634,0.018773468,0.9129677,-0.057027057,0.9130141,-0.029425235,253.27032,254.27103,343.22995,4.4780817,0.7031961,0.11973205
5,71,10,0.024009999,1.8582151,0.17730264,0.8336864,0.8472261,0.2105366,0.00792341,32.579464,-1.7241923,76.42789,-2.558151,0.4210732,0.01584682,0.9130643,-0.048321754,0.92044884,-0.030808756,253.31984,254.38573,343.93774,4.2823434,0.70426655,0.09723699
5,72,10,0.024009999,1.8897804,0.21329187,0.8279743,0.8485142,0.23091766,-0.0011851259,32.46766,-1.800347,76.485954,-3.0155954,0.46183532,-0.0023702518,0.90993094,-0.050456125,0.9211483,-0.03631791,253.37334,254.4619,344.39517,4.8159423,0.70426655,0.10988021
5,73,10,0.024009999,1.7863729,0.16240998,0.8068417,0.8171213,0.20150061,0.007717702,32.050636,-1.5250903,75.05774,-1.4912183,0.40300122,0.015435404,0.89824367,-0.042741835,0.90394765,-0.017959276,253.40125,254.60933,343.43774,3.0163088,0.7038778,0.08557007
5,74,10,0.024009999,1.7971277,0.1755141,0.7950289,0.82658464,0.20947202,0.00869267,31.815151,-1.8625263,75.49112,-2.203892,0.41894403,0.01738534,0.89164394,-0.052198756,0.909167,-0.02654223,253.50322,254.94673,344.15042,4.066418,0.7038778,0.10576021
5,75,10,0.024009999,1.8184539,0.2013776,0.78968036,0.8273959,0.22437558,-0.001019909,31.707954,-1.7986583,75.52816,-2.6192627,0.44875115,-0.002039818,0.8886396,-0.050408702,0.9096131,-0.031544697,253.59276,255.30168,345.08807,4.417921,0.7034332,0.108245306
5,76,10,0.024009999,1.7575715,0.16470397,0.7867629,0.8061046,0.20291868,0.01027471,31.649328,-1.8663971,74.55004,-1.8946632,0.40583736,0.02054942,0.88699657,-0.05230719,0.8978333,-0.022818161,253.58716,255.36946,344.36356,3.7610602,0.7034332,0.10594715
5,77,10,0.024009999,1.7759209,0.17886199,0.7822125,0.81484634,0.2114604,0.009986821,31.557669,-1.5508732,74.95317,-2.1024644,0.4229208,0.019973641,0.8844278,-0.04346443,0.9026884,-0.025320766,253.634,255.47241,345.07654,3.6533375,0.7013412,0.08866339
5,78,10,0.024009999,1.80779,0.20352903,0.7854341,0.8188269,0.22557096,-0.00052843656,31.62259,-1.7699159,75.13603,-2.5325706,0.45114192,-0.0010568731,0.8862472,-0.04960328,0.90489054,-0.030500624,253.68239,255.69148,345.50668,4.3024864,0.7013412,0.104618534
5,79,10,0.024009999,1.7575533,0.17262073,0.7892835,0.79564905,0.20773825,0.01209839,31.699984,-1.297153,74.06499,-0.85568637,0.4154765,0.02419678,0.8884163,-0.03635367,0.8919916,-0.0103052985,253.65486,255.63322,344.2953,2.1528394,0.698175,0.0751907
5,80,10,0.024009999,1.7871735,0.19025907,0.78712076,0.80979365,0.21809348,0.011804025,31.656525,-1.356831,74.72043,-1.230973,0.43618697,0.02360805,0.88719827,-0.0380263,0.89988536,-0.01482508,253.69801,255.6929,344.67062,2.5878038,0.698175,0.0811188
5,81,10,0.024009999,1.809725,0.20688014,0.7855349,0.81731004,0.22742039,-5.3130167e-5,31.624617,-1.0732299,75.06641,-1.535295,0.45484078,-0.00010626033,0.8863041,-0.030078126,0.904052,-0.018490098,253.74301,255.81284,345.3657,2.6085248,0.69628686,0.06265882
5,82,10,0.024009999,1.7539843,0.16100651,0.7952322,0.79774565,0.20062809,0.010840592,31.819216,-1.0653712,74.162506,-0.4962337,0.40125617,0.021681184,0.8917579,-0.02985779,0.89316607,-0.005976253,253.72203,255.80496,344.32663,1.5616049,0.69628686,0.06482985
5,83,10,0.024009999,1.8093663,0.18151218,0.8113326,0.8165216,0.21302123,0.012692689,32.139717,-0.7342816,75.03019,-0.7443774,0.42604247,0.025385378,0.90074,-0.02057877,0.90361583,-0.008964866,253.77493,255.86186,344.91946,1.4786589,0.69298637,0.050860617
5,84,10,0.024009999,1.8406811,0.20140438,0.81505173,0.8242249,0.22439049,0.0059174504,32.213295,-0.95457625,75.38328,-1.5534612,0.44878098,0.011834901,0.90280217,-0.026752664,0.9078683,-0.018708885,253.84677,256.08215,345.72858,2.5080376,0.69298637,0.05363171
5,85,10,0.024009999,1.7697854,0.17263392,0.8030409,0.7941105,0.2077462,0.0148026785,31.975063,-0.78925085,73.99335,-0.07103259,0.4154924,0.029605357,0.8961255,-0.022119319,0.8911288,-0.0008554266,253.86093,256.28574,344.53784,0.86028343,0.6903742,0.05927313
5,86,10,0.024009999,1.79116,0.18659563,0.8031022,0.8014622,0.21598358,0.015523385,31.976284,-0.8958065,74.33507,-0.46483573,0.43196717,0.03104677,0.8961597,-0.025105717,0.8952442,-0.00559829,253.91856,256.3923,344.93167,1.3606422,0.6903742,0.07031801
5,87,10,0.024009999,1.8228729,0.22291827,0.79593927,0.80401534,0.23607111,0.0031396595,31.833363,-0.6508712,74.45336,-0.7108672,0.47214222,0.006279319,0.8921543,-0.018241208,0.89666903,-0.008561298,253.9575,256.49915,345.38538,1.3617384,0.6907968,0.047905482
5,88,10,0.024009999,1.7529926,0.16879079,0.79729795,0.78690386,0.20542078,0.0144062,31.860521,-0.55065453,73.65683,0.12102347,0.41084155,0.0288124,0.8929154,-0.015432522,0.887076,0.0014575323,253.92186,256.39893,344.5535,0.42963105,0.6907968,0.053207938
5,89,10,0.024009999,1.7758487,0.16581023,0.81070083,0.7993377,0.203599,0.013310255,32.127197,-0.21449234,74.23647,0.05444028,0.407198,0.02662051,0.90038925,-0.0060113464,0.89405686,0.0006556174,253.94125,256.39362,344.7605,0.16005206,0.69039524,0.041035425
5,90,10,0.024009999,1.8237185,0.20407651,0.8166505,0.80299157,0.22587414,0.003035836,32.244873,-0.36879784,74.40595,-0.47493675,0.45174828,0.006071672,0.9036872,-0.010335884,0.89609796,-0.005719917,253.9785,256.54797,345.28986,0.8437346,0.69039524,0.02338873
5,91,10,0.024009999,1.7743026,0.17509906,0.8168796,0.78232396,0.2092242,0.013123538,32.249397,-0.2008556,73.44217,0.25230515,0.4184484,0.026247077,0.9038139,-0.0056291446,0.8844908,0.003038551,253.98009,256.68506,344.65933,-0.051449552,0.68928415,0.04877702
5,92,10,0.024009999,1.8227212,0.1872596,0.836375,0.7990867,0.21636751,0.012823813,32.63195,-0.27061632,74.224815,-0.28333998,0.43273503,0.025647625,0.9145354,-0.007584254,0.8939165,-0.0034124297,254.02008,256.75485,345.19495,0.5539563,0.68928415,0.035505515
5,93,10,0.024009999,1.8544434,0.20197801,0.8446787,0.8077867,0.22470982,0.0005189168,32.793545,0.1045372,74.627785,-0.58696586,0.44941965,0.0010378336,0.91906404,0.0029297452,0.89876956,-0.0070689903,254.01553,256.66022,345.53583,0.48242867,0.6903813,0.02335459
5,94,10,0.024009999,1.8169444,0.17561936,0.85677606,0.78454906,0.20953482,0.011018125,33.02754,0.33293137,73.54655,0.5901224,0.41906965,0.02203625,0.925622,0.009330692,0.88574773,0.00710707,253.9388,256.43182,344.35873,-0.92305374,0.6903813,0.061284527
5,95,10,0.024009999,1.834396,0.19115444,0.8555539,0.78768766,0.21860605,0.009346868,33.003975,0.7950569,73.6935,0.6491681,0.4372121,0.018693736,0.92496157,0.022281993,0.8875177,0.007818193,253.92445,256.21783,344.2818,-1.444225,0.6898719,0.0858609
5,96,10,0.024009999,1.8450289,0.20486991,0.8468298,0.7933292,0.22631279,-0.002830131,32.835274,0.88983893,73.95694,0.19479093,0.45262557,-0.005660262,0.92023355,0.02493841,0.89069027,0.0023460004,253.92436,256.12308,344.73615,-1.0846299,0.6898719,0.06691223
5,97,10,0.024009999,1.7773943,0.16483442,0.8412951,0.77126473,0.20299903,0.0078080012,32.727795,1.0053754,72.92122,0.86823374,0.40599805,0.0156160025,0.9172214,0.028176414,0.8782168,0.01045648,253.90631,256.21207,343.9709,-1.8736091,0.68783134,0.08030653
5,98,10,0.024009999,1.7835523,0.17725658,0.83172435,0.7745713,0.21050926,0.007420628,32.541103,0.97628444,73.07737,0.29061797,0.4210185,0.014841256,0.9119892,0.027361166,0.8800973,0.0034999654,253.93611,256.24115,344.54852,-1.2669024,0.68783134,0.076996036
5,99,10,0.024009999,1.8186553,0.18564294,0.8462922,0.7867201,0.21543151,-0.0010064973,32.82485,1.1628301,73.648224,-0.51604915,0.43086302,-0.0020129946,0.9199414,0.03258919,0.8869724,-0.0062149223,253.9482,256.2165,345.2,-0.64678097,0.68609345,0.06923705
5,100,10,0.024009999,1.7933612,0.16279115,0.85756123,0.77300876,0.20173693,0.009674354,33.042667,1.2007631,73.00362,0.28852984,0.40347385,0.019348709,0.926046,0.033652335,0.87920916,0.0034748905,253.91924,256.17856,344.39545,-1.489293,0.68609345,0.08096854
