ic,traj,n_steps,eta,loss_total,loss_T,loss_olw,loss_slwd,rmse_T,bias_T,rmse_olw,bias_olw,rmse_slwd,bias_slwd,nrmse_T,nbias_T,nrmse_olw,nbias_olw,nrmse_slwd,nbias_slwd,mean_T,mean_olw,mean_slwd,bias_C,pnorm,gnorm
1,1,10,0.01,1.1361492,0.20340918,0.38346982,0.54927015,0.22550453,0.04239655,23.5632,11.255644,63.144306,20.242275,0.45100906,0.0847931,0.6192494,0.2958024,0.7411276,0.23758452,252.63597,251.41576,336.5771,-31.49792,16.541897,3.9519994
1,2,10,0.01,1.1529703,0.22453564,0.37409827,0.5543365,0.23692596,0.040840264,23.273489,11.082346,63.434853,20.044237,0.47385192,0.08168053,0.61163574,0.29124802,0.7445378,0.23526013,252.66415,251.38692,337.1932,-31.126583,16.541897,3.987837
1,3,10,0.01,0.6200466,0.16256191,0.20576328,0.25172147,0.20159483,0.014871525,17.260468,3.9563122,42.74658,31.960443,0.40318966,0.02974305,0.45361137,0.10397329,0.5017185,0.37512118,252.66586,251.31767,337.6255,-35.916756,16.546598,2.7440608
1,4,10,0.01,0.6190752,0.1495705,0.2114383,0.2580664,0.19337173,0.024554482,17.496874,4.1873217,43.28196,33.101044,0.38674346,0.049108963,0.4598242,0.11004434,0.50800234,0.3885085,252.61353,251.19086,336.97357,-37.288364,16.546598,2.812538
1,5,10,0.01,0.36718416,0.11594642,0.13370326,0.11753447,0.17025453,0.0070575643,13.913605,3.0308914,29.20948,16.874607,0.34050906,0.014115129,0.36565456,0.07965293,0.342833,0.19805802,252.61295,251.14095,337.42966,-19.905499,16.548996,1.4308592
1,6,10,0.01,0.3840746,0.12591729,0.13893278,0.119224526,0.17742413,-0.0012411661,14.183092,3.290361,29.418736,16.434883,0.35484827,-0.0024823323,0.37273687,0.086471885,0.34528905,0.19289695,252.61905,251.16165,337.75433,-19.725245,16.548996,1.3679401
1,7,10,0.01,0.33482516,0.105280906,0.11450728,0.115036964,0.1622351,0.0015930167,12.876126,0.19497758,28.897476,-3.4359016,0.3244702,0.0031860333,0.33838925,0.005124073,0.339171,-0.040327333,252.57245,251.03185,337.06815,3.2409241,16.550583,1.7185547
1,8,10,0.01,0.34394073,0.105988175,0.1141677,0.12378488,0.16277912,-0.001711678,12.85702,0.2323613,29.976091,-3.8950999,0.32555825,-0.003423356,0.3378871,0.0061065406,0.35183075,-0.04571696,252.56487,250.94653,337.4724,3.6627386,16.550583,1.7550427
1,9,10,0.01,0.3307016,0.09209899,0.10899112,0.1296115,0.15173908,-0.017143888,12.562158,-0.8306874,30.673477,-8.70051,0.30347815,-0.034287777,0.33013803,-0.021830766,0.360016,-0.10211828,252.57474,250.93889,337.55917,9.531198,16.553724,1.809784
1,10,10,0.01,0.31847706,0.089723006,0.10660939,0.12214467,0.149769,-0.007892297,12.424143,-1.0201606,29.776829,-7.583759,0.299538,-0.015784593,0.32651094,-0.026810203,0.349492,-0.08901093,252.56616,250.99278,336.73184,8.603919,16.553724,1.6687691
1,11,10,0.01,0.27810603,0.08291258,0.10420329,0.09099016,0.14397272,-0.013528611,12.283139,-2.9802732,25.700314,-3.9018111,0.28794545,-0.027057221,0.32280535,-0.07832265,0.30164576,-0.04579573,252.63545,251.26933,337.43735,6.8820844,16.557217,0.95629996
1,12,10,0.01,0.27395678,0.08087006,0.09663998,0.09644673,0.14218831,-0.019446783,11.828974,-2.5719829,26.459702,-4.4316273,0.28437662,-0.038893566,0.31086972,-0.067592636,0.31055874,-0.052014224,252.71109,251.5889,338.08893,7.00361,16.557217,0.9279209
1,13,10,0.01,0.2395902,0.068287395,0.08448171,0.086821094,0.13065928,-0.013318102,11.05987,-4.5844054,25.10463,-0.77488506,0.26131856,-0.026636204,0.29065737,-0.12047984,0.2946542,-0.0090948595,252.73491,251.7586,337.57486,5.3592906,16.559631,1.1628484
1,14,10,0.01,0.24579632,0.07368257,0.08768493,0.08442881,0.13572267,-0.013646491,11.267594,-4.608416,24.756348,-1.117509,0.27144533,-0.027292982,0.2961164,-0.12111086,0.29056635,-0.013116252,252.76544,251.79585,337.87698,5.725925,16.559631,1.0914253
1,15,10,0.01,0.22590998,0.073934615,0.08032269,0.07165269,0.1359546,-0.021510378,10.784196,-3.7337818,22.806437,0.73262966,0.2719092,-0.043020755,0.28341258,-0.09812514,0.2676802,0.008598904,252.75615,251.64641,337.86246,3.001152,16.561907,1.1399179
1,16,10,0.01,0.21709831,0.06800136,0.07571187,0.073385075,0.13038535,-0.013017243,10.470095,-3.5367284,23.08049,1.512127,0.2607707,-0.026034486,0.2751579,-0.092946485,0.2708968,0.017747913,252.70293,251.46922,336.9656,2.0246015,16.561907,1.2124617
1,17,10,0.01,0.17255147,0.065895766,0.05747366,0.049182046,0.12835085,-0.014346138,9.122273,-1.2006915,18.894897,0.9291006,0.2567017,-0.028692275,0.23973665,-0.031554613,0.22177026,0.010904896,252.71684,251.49797,337.436,0.2715909,16.564562,0.53601134
1,18,10,0.01,0.17506643,0.06657325,0.05606635,0.052426826,0.12900896,-0.024629163,9.009897,-0.91379213,19.508236,1.1969199,0.25801793,-0.049258325,0.23678334,-0.024014786,0.22896905,0.014048297,252.73055,251.51776,337.95377,-0.28312778,16.564562,0.51570517
1,19,10,0.01,0.15525562,0.05856568,0.05160441,0.045085527,0.121001735,-0.014993601,8.643947,1.3087796,18.090883,-0.6220846,0.24200347,-0.029987201,0.22716604,0.0343952,0.21233353,-0.007301433,252.7197,251.57335,337.46536,-0.686695,16.567642,0.6567443
1,20,10,0.01,0.15774606,0.056805257,0.05098579,0.049955014,0.119169265,-0.01636643,8.59198,0.92310274,19.042797,-1.7121009,0.23833853,-0.03273286,0.22580034,0.024259476,0.22350618,-0.020095004,252.74988,251.56311,338.12415,0.7889981,16.567642,0.70067745
1,21,10,0.01,0.16466676,0.061253417,0.04264026,0.06077307,0.12374714,-0.022611685,7.8573947,1.671586,21.003746,-3.3366246,0.24749428,-0.04522337,0.20649518,0.04392989,0.24652195,-0.039162137,252.80252,251.79655,338.5516,1.6650386,16.570982,1.0945535
1,22,10,0.01,0.16043244,0.05894348,0.046395186,0.055093784,0.12139139,-0.012443942,8.19606,1.9359142,19.998272,-2.8486602,0.24278279,-0.024887884,0.21539542,0.050876517,0.23472065,-0.033434864,252.79425,251.81424,337.81787,0.9127461,16.570982,1.0538673
1,23,10,0.01,0.14093126,0.044548262,0.043945502,0.0524375,0.105532296,-0.00984214,7.9767485,2.3196468,19.510223,-2.2665527,0.21106459,-0.01968428,0.20963183,0.06096115,0.22899236,-0.026602631,252.84474,251.94688,338.5845,-0.05309415,16.575008,0.85822725
1,24,10,0.01,0.15303443,0.057799418,0.045194924,0.050040096,0.12020755,-0.017530007,8.089347,2.3046448,19.05901,-1.54964,0.2404151,-0.035060015,0.21259098,0.0605669,0.22369644,-0.01818819,252.8608,252.03477,338.91705,-0.75500476,16.575008,0.8392611
1,25,10,0.01,0.11656168,0.04026738,0.04373647,0.032557834,0.10033367,-0.0040924707,7.9577546,2.4351923,15.373366,2.1864812,0.20066734,-0.0081849415,0.20913266,0.06399773,0.1804379,0.025662832,252.84056,252.0348,338.19083,-4.6216736,16.579685,0.5823095
1,26,10,0.01,0.13282485,0.041614406,0.04610874,0.045101702,0.101998046,-0.006340981,8.17072,2.3014042,18.094128,1.679157,0.20399609,-0.012681962,0.21472946,0.060481727,0.21237162,0.019708335,252.92464,252.34093,338.73737,-3.9805613,16.579685,0.58411694
1,27,10,0.01,0.14093786,0.05183644,0.04804372,0.041057713,0.113838084,-0.006883607,8.340403,0.41646892,17.263887,2.43334,0.22767617,-0.013767214,0.21918878,0.010944954,0.20262703,0.02856022,252.9826,252.57635,339.14453,-2.849809,16.584242,0.6862398
1,28,10,0.01,0.122342035,0.038834825,0.047929917,0.0355773,0.098532766,0.0020845449,8.330518,0.53459746,16.070438,3.0773876,0.19706553,0.0041690897,0.21892902,0.014049416,0.18861946,0.036119442,252.94728,252.45361,338.25095,-3.611985,16.584242,0.6591102
1,29,10,0.01,0.12559539,0.038754515,0.05005491,0.03678596,0.098430835,0.0049668043,8.513185,-0.8811375,16.341135,0.5660438,0.19686167,0.009933609,0.22372955,-0.023156613,0.19179666,0.006643686,252.97446,252.39331,338.75095,0.3150937,16.589361,0.8459831
1,30,10,0.01,0.13028102,0.049547143,0.046146158,0.03458771,0.11129594,-0.0017136239,8.174035,-0.85013187,15.845362,1.0267239,0.22259188,-0.0034272477,0.21481657,-0.022341771,0.18597771,0.012050704,253.01549,252.47368,339.1882,-0.17659199,16.589361,0.83074564
1,31,10,0.01,0.10111495,0.035817347,0.0323416,0.032956004,0.09462736,0.008104823,6.843045,-0.2536993,15.467088,0.68747133,0.18925472,0.016209645,0.1798377,-0.006667308,0.18153788,0.008068878,253.01591,252.63403,338.48825,-0.43377203,16.595297,0.61518973
1,32,10,0.01,0.10812976,0.03829522,0.03258291,0.03725163,0.09784582,0.0068332497,6.8685265,-0.48342472,16.444244,-0.3875065,0.19569165,0.013666499,0.18050736,-0.012704577,0.19300681,-0.0045481822,253.07828,252.85677,339.15625,0.87093127,16.595297,0.5318751
1,33,10,0.01,0.11023815,0.04703134,0.034046534,0.029160278,0.10843355,0.0015601594,7.0210996,-0.22387023,14.54913,-2.6135538,0.2168671,0.0031203188,0.18451703,-0.005883386,0.1707638,-0.030675402,253.1448,253.09375,339.85867,2.837424,16.60109,0.2644148
1,34,10,0.01,0.10122026,0.034196552,0.039021585,0.02800212,0.09246155,0.0088368235,7.5165935,0.0104638105,14.257279,-2.100038,0.1849231,0.017673647,0.19753882,0.00027499176,0.16733834,-0.024648242,253.12286,253.04225,339.20746,2.0895743,16.60109,0.33008292
1,35,10,0.01,0.108296454,0.03836908,0.03807027,0.0318571,0.09794013,0.008905465,7.4244056,-0.18989633,15.2070265,-5.75582,0.19588026,0.01781093,0.19511604,-0.0049905344,0.17848557,-0.06755632,253.09822,252.86923,339.2402,5.945716,16.606522,0.6441278
1,36,10,0.01,0.120498255,0.053162713,0.03742011,0.029915439,0.1152852,0.0013135894,7.360735,-0.10568915,14.736316,-4.781562,0.2305704,0.0026271788,0.19344278,-0.0027775476,0.1729608,-0.056121416,253.10017,252.83217,339.25705,4.887251,16.606522,0.58479947
1,37,10,0.01,0.09603451,0.03338999,0.03780606,0.024838464,0.09136464,0.007523877,7.3985972,0.19461468,13.42776,-4.163684,0.18272927,0.015047754,0.1944378,0.005114531,0.15760224,-0.04886935,253.10742,252.92088,338.9816,3.9690692,16.61192,0.59978503
1,38,10,0.01,0.09812082,0.037402757,0.034480404,0.026237667,0.09669896,0.0068940567,7.065695,0.30764648,13.800785,-4.614226,0.19339792,0.013788113,0.185689,0.008085056,0.16198045,-0.054157384,253.14229,253.00699,339.5141,4.3065796,16.61192,0.6529747
1,39,10,0.01,0.0978149,0.04158837,0.0368399,0.01938663,0.101966135,-0.0020114293,7.3034472,1.0057504,11.862941,-1.0962532,0.20393227,-0.0040228586,0.19193722,0.026431484,0.13923588,-0.012866772,253.15503,253.06519,339.666,0.09050274,16.616999,0.4537821
1,40,10,0.01,0.09285078,0.031358533,0.04067164,0.02082061,0.0885417,0.0052789305,7.6738706,0.5433292,12.293852,-1.3656255,0.1770834,0.010557861,0.2016721,0.014278896,0.14429349,-0.016028408,253.09947,252.89763,338.90033,0.8222963,16.616999,0.45599723
1,41,10,0.01,0.080180384,0.031563517,0.030955683,0.017661186,0.08883062,0.0016642201,6.6948195,0.0036789095,11.32273,-0.55054706,0.17766124,0.0033284402,0.17594227,9.6679934e-5,0.1328954,-0.006461795,253.07019,252.6166,339.16013,0.54686815,16.621538,0.2827664
1,42,10,0.01,0.09851337,0.044735856,0.035316527,0.018460987,0.10575426,-0.0047257766,7.15085,0.4023844,11.576271,1.0550536,0.21150853,-0.009451553,0.18792692,0.010574802,0.13587122,0.0123832105,253.1032,252.70879,339.3947,-1.457438,16.621538,0.26035392
1,43,10,0.01,0.088488705,0.033020638,0.033407755,0.022060312,0.09085791,0.0017522917,6.954922,-0.19440815,12.654559,2.5054097,0.18171582,0.0035045834,0.18277788,-0.0051091127,0.14852715,0.0294061,253.1309,252.89655,338.8711,-2.3110015,16.626114,0.47600216
1,44,10,0.01,0.09005425,0.035530884,0.031927492,0.022595877,0.09424819,0.00013903235,6.799094,-0.41656056,12.807247,1.5408634,0.18849638,0.0002780647,0.17868266,-0.010947358,0.15031925,0.018085185,253.1904,253.09583,339.40054,-1.1243029,16.626114,0.48360407
1,45,10,0.01,0.09999979,0.043343943,0.030712137,0.02594371,0.10409604,-0.009047043,6.668431,0.6041781,13.723258,4.526235,0.20819208,-0.018094085,0.17524879,0.01587802,0.16107051,0.05312463,253.20123,253.07245,339.59708,-5.130413,16.630838,0.56657445
1,46,10,0.01,0.09023768,0.03372031,0.03132003,0.025197336,0.09181546,-0.001385507,6.734104,0.3172421,13.524416,4.4764323,0.18363091,-0.002771014,0.17697467,0.008337238,0.15873669,0.052540094,253.16869,253.03911,338.67508,-4.7936745,16.630838,0.55308264
1,47,10,0.01,0.084942,0.03391624,0.028872857,0.0221529,0.09208181,-0.004253713,6.4656696,0.25567758,12.681088,2.742967,0.18416362,-0.008507426,0.16992015,0.0067192987,0.1488385,0.03219433,253.2178,253.2335,339.03378,-2.9986444,16.6351,0.3375803
1,48,10,0.01,0.09714966,0.041350618,0.03211312,0.023685925,0.10167426,-0.011683765,6.8188314,0.087994136,13.112527,3.276429,0.20334852,-0.02336753,0.17920133,0.002312517,0.15390232,0.038455598,253.31183,253.57086,339.73248,-3.364423,16.6351,0.34405288
1,49,10,0.01,0.0798038,0.030030131,0.027722886,0.022050783,0.08664602,-0.0030923877,6.335602,-0.24076304,12.651828,0.96577716,0.17329204,-0.0061847754,0.16650191,-0.00632734,0.14849506,0.011335367,253.36812,253.90063,339.7232,-0.7250141,16.639032,0.31171724
1,50,10,0.01,0.08503021,0.036655683,0.02671338,0.021661151,0.09572837,-0.0022814847,6.219179,-0.20658052,12.539551,0.38660222,0.19145674,-0.0045629693,0.16344228,-0.0054290104,0.14717728,0.0045375666,253.42317,254.15207,340.54605,-0.1800217,16.639032,0.34666646
1,51,10,0.01,0.093106955,0.042702388,0.029755669,0.020648899,0.10332278,-0.0098082945,6.563772,0.8913696,12.2430525,1.2364796,0.20664556,-0.019616589,0.17249832,0.023425521,0.14369725,0.014512621,253.42426,254.14351,340.68695,-2.127849,16.64276,0.3802441
1,52,10,0.01,0.076649845,0.030834462,0.024916254,0.02089913,0.08779872,-0.0031574212,6.006342,0.7357512,12.31701,1.1522783,0.17559744,-0.0063148425,0.15784883,0.019335806,0.14456531,0.01352434,253.3622,253.88802,339.57114,-1.8880296,16.64276,0.3553807
1,53,10,0.01,0.07135005,0.030361263,0.023567531,0.017421262,0.08712242,-0.0040290705,5.841518,0.70865655,11.245558,-1.4992981,0.17424484,-0.008058141,0.1535172,0.018623753,0.13198963,-0.017597329,253.35413,253.71867,339.83508,0.79064155,16.645727,0.37971207
1,54,10,0.01,0.084331445,0.041420568,0.026326371,0.01658451,0.101760216,-0.010347337,6.173965,0.8464162,10.972171,-0.36842966,0.20352043,-0.020694675,0.16225404,0.022244122,0.12878086,-0.0043242765,253.33504,253.63057,339.89816,-0.4779865,16.645727,0.38761386
1,55,10,0.01,0.06745386,0.025688447,0.023616767,0.018148646,0.08013808,-0.0026272584,5.847617,-0.1984498,11.477924,-2.0456798,0.16027616,-0.005254517,0.15367748,-0.005215328,0.13471691,-0.024010234,253.27458,253.4057,338.80392,2.2441297,16.64795,0.33152944
1,56,10,0.01,0.0723678,0.028495245,0.024678286,0.019194273,0.08440267,-0.0013381407,5.977591,-0.12883443,11.803941,-2.3629582,0.16880535,-0.0026762814,0.15709324,-0.0033858062,0.1385434,-0.027734142,253.29318,253.43414,339.0931,2.4917927,16.64795,0.4104558
1,57,10,0.01,0.08489187,0.040905636,0.026313012,0.017673228,0.10112571,-0.006783218,6.1723986,-0.2066057,11.326589,-0.5324171,0.20225142,-0.013566436,0.16221286,-0.0054296763,0.1329407,-0.006249004,253.32797,253.5204,339.45798,0.73902285,16.649988,0.1888358
1,58,10,0.01,0.074754104,0.027380668,0.027980186,0.019393254,0.08273552,-0.0012802191,6.364935,-0.4424829,11.864966,-1.2141187,0.16547105,-0.0025604381,0.16727279,-0.011628616,0.13925967,-0.014250164,253.32178,253.44795,338.6794,1.6566017,16.649988,0.20470922
1,59,10,0.01,0.07852819,0.032080833,0.026728978,0.019718377,0.08955561,0.00037645255,6.220995,-0.5109285,11.964011,-0.40993512,0.17911123,0.0007529051,0.16349,-0.013427381,0.14042214,-0.004811427,253.40532,253.7592,339.1587,0.9208636,16.651688,0.28129992
1,60,10,0.01,0.08335238,0.04178549,0.024436135,0.017130755,0.1022075,-0.005719468,5.9481916,-0.52086145,11.1514015,0.85822576,0.204415,-0.011438936,0.15632062,-0.013688429,0.13088451,0.010073029,253.49933,254.17294,340.04602,-0.33736432,16.651688,0.3193405
1,61,10,0.01,0.06372622,0.026696423,0.02262838,0.014401412,0.0816952,0.003785278,5.723944,-0.9052588,10.22454,0.45563945,0.1633904,0.007570556,0.15042733,-0.023790529,0.12000588,0.005347861,253.47581,254.16324,339.70532,0.44961932,16.652725,0.2944228
1,62,10,0.01,0.06680972,0.029153071,0.023080802,0.014575844,0.08537135,0.0005273633,5.7808824,-0.6306328,10.286275,0.08529401,0.1707427,0.0010547267,0.15192367,-0.016573258,0.12073046,0.0010010961,253.47697,254.12648,339.915,0.5453388,16.652725,0.2989376
1,63,10,0.01,0.077255145,0.03877536,0.022514256,0.01596553,0.0984573,-0.0050776913,5.7094917,-0.35935497,10.765468,-0.2892561,0.1969146,-0.010155383,0.15004751,-0.009443977,0.12635478,-0.0033950126,253.47462,254.10555,340.18497,0.64861107,16.653702,0.29793847
1,64,10,0.01,0.06711772,0.028865285,0.021594502,0.016657937,0.084948935,0.0033657136,5.5916533,-0.54215276,10.996432,-0.747777,0.16989787,0.0067314273,0.14695068,-0.01424797,0.12906563,-0.008776689,253.42326,253.89075,339.29395,1.2899297,16.653702,0.31427562
1,65,10,0.01,0.06702121,0.028001588,0.023116942,0.015902685,0.08366837,0.0029060175,5.7854066,0.3115851,10.74426,-0.8338836,0.16733675,0.005812035,0.15204257,0.008188571,0.12610584,-0.00978733,253.46631,253.98318,339.60483,0.52229846,16.654623,0.25556815
1,66,10,0.01,0.07921296,0.041098174,0.022631384,0.015483413,0.10136342,-0.0044947164,5.724324,0.21244627,10.601676,-0.24349539,0.20272684,-0.008989433,0.15043731,0.0055831657,0.12443236,-0.0028579163,253.51353,254.16742,339.9938,0.031049117,16.654623,0.23643142
1,67,10,0.01,0.06278868,0.027557448,0.021081075,0.014150154,0.08300218,0.00553122,5.5247808,0.66590154,10.134954,0.23535943,0.16600436,0.01106244,0.14519323,0.017500136,0.11895442,0.0027624236,253.52884,254.29514,339.58038,-0.901261,16.655657,0.30319697
1,68,10,0.01,0.068113774,0.02696683,0.026387505,0.014759433,0.0821079,0.0033001995,6.1811295,0.972082,10.35085,0.12995255,0.1642158,0.006600399,0.16244231,0.025546666,0.12148841,0.0015252588,253.59248,254.49594,340.1426,-1.1020346,16.655657,0.3582826
1,69,10,0.01,0.07818737,0.039995514,0.022746654,0.0154452035,0.09999439,-0.0036279475,5.738884,0.77786034,10.588588,1.150173,0.19998878,-0.007255895,0.15081994,0.02044245,0.12427873,0.013499631,253.65996,254.84549,340.8354,-1.9280334,16.65632,0.29103822
1,70,10,0.01,0.0619481,0.025589667,0.02249672,0.01386171,0.07998385,0.0049869684,5.7072678,0.6824617,10.031125,1.5408704,0.1599677,0.009973937,0.14998907,0.017935343,0.117735766,0.018085267,253.6898,255.11404,340.5229,-2.2233322,16.65632,0.28158948
1,71,10,0.01,0.06794446,0.027124535,0.025645668,0.015174253,0.08234764,0.0060840473,6.0936246,-0.2608761,10.495299,0.43278858,0.16469528,0.0121680945,0.16014265,-0.0068559153,0.12318382,0.0050796624,253.72607,255.25403,340.8345,-0.17191249,16.656576,0.3222865
1,72,10,0.01,0.077363655,0.038942076,0.024967313,0.013454266,0.09866873,0.00043912217,6.0124927,-0.103132345,9.882599,1.024015,0.19733746,0.00087824435,0.15801048,-0.0027103561,0.115992524,0.01201891,253.70944,255.16957,340.8641,-0.9208826,16.656576,0.28775847
1,73,10,0.01,0.05975943,0.024743969,0.022978636,0.012036827,0.07865108,0.006568085,5.7680736,-0.3870514,9.347537,1.1415683,0.15730216,0.01313617,0.15158705,-0.010171852,0.109712474,0.01339864,253.66704,254.98337,340.03882,-0.7545169,16.657057,0.21241653
1,74,10,0.01,0.06344799,0.029050063,0.022267997,0.012129927,0.0852204,0.0046294727,5.6781807,-0.19537628,9.383618,0.8556152,0.1704408,0.0092589455,0.14922465,-0.0051345634,0.11013595,0.010042394,253.67755,254.96689,340.26886,-0.6602389,16.657057,0.18590154
1,75,10,0.01,0.06434658,0.034542006,0.017016105,0.012788469,0.0929274,-0.001770978,4.9636226,-0.022058815,9.634973,1.5836028,0.1858548,-0.003541956,0.1304458,-0.00057972077,0.11308611,0.018586818,253.6757,254.9616,340.472,-1.561544,16.657335,0.30834278
1,76,10,0.01,0.05342268,0.024587754,0.016826263,0.012008663,0.078402415,0.005085589,4.9358563,-0.15568271,9.336596,1.5205818,0.15680483,0.010171178,0.12971608,-0.0040913993,0.10958405,0.017847138,253.60957,254.72017,339.42838,-1.3648992,16.657335,0.29370326
1,77,10,0.01,0.050493523,0.023138639,0.01783155,0.009523334,0.07605695,0.0046713306,5.0811644,-0.2833775,8.314492,-0.6750055,0.1521139,0.009342661,0.13353483,-0.007447262,0.09758757,-0.00792257,253.59647,254.55765,340.0387,0.95838296,16.656652,0.18682145
1,78,10,0.01,0.058424205,0.029916605,0.018965663,0.009541936,0.086482085,-0.002058259,5.240258,-0.3113298,8.322609,-0.54369235,0.17296417,-0.004116518,0.13771588,-0.008181859,0.09768283,-0.006381343,253.57579,254.40977,340.20218,0.8550222,16.656652,0.21989991
1,79,10,0.01,0.048811533,0.022381382,0.015782027,0.010648123,0.07480204,0.004459241,4.7802444,-0.2886247,8.791799,-1.9282618,0.14960408,0.008918482,0.12562653,-0.007585163,0.103189744,-0.022632098,253.53787,254.27061,339.397,2.2168865,16.655752,0.18795094
1,80,10,0.01,0.053781208,0.024730165,0.016909294,0.01214175,0.078629136,0.0012225687,4.9480195,-0.08319821,9.388189,-2.0212202,0.15725827,0.0024451374,0.13003574,-0.0021864749,0.11018961,-0.023723155,253.52338,254.1277,339.52066,2.1044185,16.655752,0.20337944
1,81,10,0.01,0.055991195,0.029301656,0.015330014,0.011359523,0.085588634,-0.00435305,4.7112913,0.5236285,9.08074,-1.5240427,0.17117727,-0.0087061,0.123814434,0.013761142,0.10658106,-0.017887762,253.49886,254.01137,339.36008,1.0004143,16.654202,0.28786203
1,82,10,0.01,0.04643052,0.021492004,0.014648583,0.010289934,0.07330076,0.0037471456,4.6053905,0.44820255,8.642662,-2.1027648,0.14660151,0.0074942913,0.12103133,0.011778919,0.10143931,-0.024680248,253.44464,253.86377,338.807,1.6545622,16.654202,0.25757825
1,83,10,0.01,0.045121927,0.020453312,0.014849831,0.009818784,0.071507536,0.00045911715,4.636918,0.26556465,8.442481,-2.856499,0.14301507,0.0009182343,0.121859886,0.006979132,0.09908978,-0.03352686,253.42207,253.70636,339.1755,2.5909343,16.651733,0.2644313
1,84,10,0.01,0.048486527,0.025485614,0.013768903,0.009232012,0.07982107,-0.0044485694,4.4649677,0.2507955,8.186333,-2.5783167,0.15964215,-0.008897139,0.11734097,0.006590995,0.09608336,-0.030261822,253.40468,253.6134,339.36288,2.327521,16.651733,0.22948259
1,85,10,0.01,0.04267471,0.020481532,0.013537422,0.008655753,0.07155685,0.0025590535,4.4272766,0.0062502082,7.926723,-1.7442042,0.1431137,0.005118107,0.11635043,0.00016425956,0.0930363,-0.020471804,253.35246,253.44928,338.43185,1.7379539,16.64905,0.19100492
1,86,10,0.01,0.04643148,0.022698676,0.014989268,0.008743538,0.0753304,0.0008585017,4.6586375,0.08817318,7.966817,-1.4919538,0.1506608,0.0017170034,0.12243067,0.0023172228,0.09350689,-0.01751113,253.37244,253.39229,338.74176,1.4037807,16.64905,0.21236639
1,87,10,0.01,0.05164463,0.026710048,0.014528205,0.010406379,0.081716046,-0.0032159165,4.5864286,0.686007,8.691426,1.5423115,0.16343209,-0.006431833,0.120533004,0.018028509,0.10201166,0.018102178,253.42677,253.56471,339.08176,-2.2283187,16.646313,0.35080573
1,88,10,0.01,0.051092107,0.025342168,0.014831762,0.010918179,0.07959612,0.0053860466,4.634096,0.6107133,8.902588,1.3991026,0.15919223,0.010772093,0.12178572,0.016049769,0.10449009,0.01642133,253.43715,253.6754,338.5078,-2.009816,16.646313,0.35769743
1,89,10,0.01,0.049857862,0.023773652,0.014407257,0.011676953,0.077093534,0.0047269035,4.567298,0.2992621,9.206741,1.1011735,0.15418707,0.009453807,0.12003023,0.007864713,0.10805995,0.012924524,253.46004,253.73793,339.07056,-1.4004357,16.642912,0.22221498
1,90,10,0.01,0.051615804,0.026492188,0.014129465,0.010994151,0.0813821,-0.0018225275,4.5230513,0.17009524,8.933509,1.5060936,0.1627642,-0.003645055,0.11886743,0.0044701654,0.104853,0.017677085,253.43655,253.62166,339.1712,-1.6761888,16.642912,0.23774873
1,91,10,0.01,0.046142362,0.022055838,0.014274948,0.009811578,0.07425604,0.0065809344,4.5462775,-0.50130427,8.4393835,-0.029757028,0.14851208,0.013161869,0.119477816,-0.013174455,0.09905341,-0.00034925915,253.38374,253.46165,338.42236,0.5310613,16.639256,0.3955199
1,92,10,0.01,0.048669953,0.021883857,0.016162166,0.010623928,0.07396597,0.0050316234,4.8374715,-0.24226765,8.781805,0.0028210264,0.14793193,0.010063247,0.12713051,-0.0063668825,0.10307244,3.311369e-5,253.3684,253.33243,338.6172,0.23944663,16.639256,0.4236113
1,93,10,0.01,0.05177384,0.024869008,0.015995633,0.010909201,0.078849554,0.0012063091,4.8124847,0.18597832,8.898929,0.69191366,0.15769911,0.0024126181,0.12647384,0.0048875795,0.10444712,0.008121016,253.34138,253.15564,338.63428,-0.877892,16.636177,0.16978432
1,94,10,0.01,0.044486884,0.019959398,0.013588065,0.010939423,0.070638865,0.0064779446,4.4355497,0.039697137,8.911245,0.39010555,0.14127773,0.012955889,0.11656786,0.0010432568,0.1045917,0.0045786854,253.2771,252.89915,337.85565,-0.4298027,16.636177,0.14854304
1,95,10,0.01,0.041759454,0.01848871,0.012781237,0.010489504,0.0679866,0.0026003525,4.301849,0.91569704,8.726071,0.43553492,0.1359732,0.005200705,0.113054134,0.024064844,0.10241828,0.005111893,253.2251,252.66559,338.07977,-1.3512319,16.632774,0.3427101
1,96,10,0.01,0.047285996,0.022285158,0.014386729,0.010614107,0.07464107,-0.0020871677,4.5640426,0.81165206,8.777744,0.45883873,0.14928214,-0.0041743354,0.11994469,0.021330507,0.10302479,0.0053854114,253.16971,252.40468,338.0397,-1.2704908,16.632774,0.33362544
1,97,10,0.01,0.043753415,0.020887012,0.012722362,0.010144042,0.0722617,0.006442136,4.2919292,-0.26152244,8.581174,-1.2451471,0.1445234,0.012884272,0.112793446,-0.006872907,0.100717634,-0.014614348,253.1136,252.21236,337.03696,1.5066695,16.62887,0.16677015
1,98,10,0.01,0.04133379,0.019717464,0.01216534,0.009450986,0.07020944,0.0033336838,4.1969213,-0.046435,8.282849,-1.2996385,0.14041889,0.0066673676,0.1102966,-0.0012203275,0.09721618,-0.015253916,253.11313,252.16016,337.4328,1.3460735,16.62887,0.19770828
1,99,10,0.01,0.04149252,0.019907705,0.013027219,0.008557595,0.070547335,-0.00022999205,4.343047,-0.5734625,7.881649,-1.4445184,0.14109467,-0.0004599841,0.114136845,-0.015070803,0.09250727,-0.01695438,253.1153,252.10522,337.86774,2.017981,16.625063,0.23152265
1,100,10,0.01,0.039789904,0.01829445,0.013361038,0.008134417,0.06762849,0.005859714,4.3983393,-0.80701727,7.6843014,-1.7108053,0.13525698,0.011719428,0.115589954,-0.021208705,0.09019101,-0.020079799,253.12448,252.21011,337.3241,2.5178225,16.625063,0.22093867
2,1,10,0.0069999998,0.20521598,0.05479519,0.053378765,0.097042024,0.11704186,0.013798478,8.791297,-0.79747456,26.541235,-1.96448,0.23408373,0.027596956,0.23103845,-0.020957913,0.3115157,-0.023057196,251.83002,247.89172,331.99503,2.7619545,16.621328,0.9243919
2,2,10,0.0069999998,0.19876918,0.056430344,0.047412187,0.09492666,0.11877536,0.012268745,8.285403,-0.9223454,26.250364,-2.3278692,0.23755072,0.02453749,0.2177434,-0.02423957,0.3081017,-0.027322302,251.88115,248.03377,332.64597,3.2502146,16.621328,0.9286391
2,3,10,0.0069999998,0.17399728,0.047084637,0.04368672,0.08322593,0.108494975,0.0070778644,7.9532275,0.36708856,24.57936,0.6353717,0.21698995,0.014155729,0.20901369,0.009647225,0.28848904,0.0074573816,251.93819,248.31339,333.0607,-1.0024602,16.617632,0.7715272
2,4,10,0.0069999998,0.17765409,0.051253468,0.043293457,0.08310715,0.11319614,0.0141815115,7.917349,0.07152873,24.561815,0.35949522,0.22639228,0.028363023,0.2080708,0.0018798077,0.2882831,0.0042194068,251.93912,248.45944,332.78918,-0.43102396,16.617632,0.77866435
2,5,10,0.0069999998,0.13742083,0.04643829,0.029732283,0.061250247,0.107747726,0.011002541,6.561193,0.63180494,21.086044,0.39978305,0.21549545,0.022005081,0.17243052,0.016604075,0.24748787,0.004692275,251.94693,248.45111,333.45483,-1.031588,16.612429,0.6754153
2,6,10,0.0069999998,0.13949002,0.042528115,0.0313662,0.06559571,0.10311173,0.0049394923,6.739064,0.8489612,21.821217,0.7116912,0.20622346,0.009878985,0.17710505,0.022311006,0.2561166,0.008353151,251.91084,248.21382,333.4286,-1.5606524,16.612429,0.64679354
2,7,10,0.0069999998,0.12578246,0.047976147,0.028357623,0.049448688,0.10951729,0.010220819,6.4077206,0.51823825,18.946047,-1.4493307,0.21903458,0.020441638,0.16839722,0.013619485,0.22237061,-0.017010855,251.88731,248.0835,332.8652,0.93109244,16.606466,0.4452726
2,8,10,0.0069999998,0.10850409,0.038347054,0.024901386,0.045255646,0.09791202,0.0082031805,6.0045495,0.24761732,18.124983,-2.0246122,0.19582404,0.016406361,0.15780173,0.0065074735,0.21273375,-0.023762958,251.91682,248.11429,333.52774,1.7769948,16.606466,0.42233148
2,9,10,0.0069999998,0.09307517,0.035030004,0.02254292,0.03550225,0.09358152,0.00535624,5.713125,0.4952112,16.05348,-2.994587,0.18716304,0.01071248,0.150143,0.013014326,0.18842041,-0.0351476,251.91574,248.08313,333.70013,2.4993758,16.600561,0.46547118
2,10,10,0.0069999998,0.093821764,0.032118235,0.025638523,0.03606501,0.089607805,0.011136566,6.0927763,0.5633026,16.180212,-2.8720536,0.17921561,0.022273133,0.16012034,0.014803797,0.1899079,-0.033709425,251.9074,248.0252,333.01172,2.308751,16.600561,0.5079233
2,11,10,0.0069999998,0.07816518,0.03193299,0.017918343,0.028313847,0.089349024,0.008208074,5.0935144,1.1579604,14.336418,-3.0088112,0.17869805,0.016416147,0.13385941,0.030431623,0.16826719,-0.035314556,251.98055,248.39397,333.63196,1.8508508,16.595404,0.26698026
2,12,10,0.0069999998,0.084550045,0.03360727,0.020808037,0.030134736,0.09166143,0.004993122,5.488887,1.2268255,14.79023,-2.4980485,0.18332286,0.009986244,0.14424992,0.032241415,0.1735936,-0.029319711,252.05347,248.74109,334.1975,1.2712231,16.595404,0.24913636
2,13,10,0.0069999998,0.08348667,0.030500045,0.024913808,0.028072817,0.08732131,0.010496739,6.006047,1.5228022,14.275267,-2.3940957,0.17464262,0.020993479,0.15784109,0.04001979,0.16754945,-0.028099606,252.09932,248.99553,333.88278,0.8712934,16.59077,0.5039291
2,14,10,0.0069999998,0.08303553,0.03360901,0.02306393,0.026362589,0.0916638,0.009580882,5.778769,1.3522282,13.833601,-3.5358214,0.1833276,0.019161765,0.15186813,0.03553704,0.1623656,-0.041500103,252.18726,249.38019,334.85947,2.1835933,16.59077,0.5129707
2,15,10,0.0069999998,0.07830697,0.029783648,0.023897845,0.024625476,0.0862897,0.004672311,5.8823123,1.2103881,13.370066,-3.7232428,0.1725794,0.009344622,0.15458928,0.031809434,0.15692507,-0.04369987,252.2314,249.42242,335.06268,2.5128546,16.58622,0.44535348
2,16,10,0.0069999998,0.077943936,0.02859429,0.025488721,0.02386092,0.08454923,0.011133388,6.07495,1.0683098,13.160876,-3.3319345,0.16909847,0.022266775,0.15965188,0.028075567,0.1544698,-0.039107066,252.23473,249.54965,334.54352,2.2636247,16.58622,0.4698632
2,17,10,0.0069999998,0.074330926,0.02574974,0.025895149,0.022686038,0.080233626,0.009321568,6.123192,0.32696155,12.832774,-4.013028,0.16046725,0.018643135,0.1609197,0.008592664,0.15061885,-0.04710109,252.21396,249.50682,334.95633,3.6860666,16.582037,0.5381442
2,18,10,0.0069999998,0.075983055,0.027711598,0.026403362,0.021868095,0.083234005,0.004532138,6.1829863,0.3028028,12.599307,-4.1807528,0.16646801,0.009064276,0.16249111,0.007957767,0.14787865,-0.049069684,252.17993,249.23735,335.15585,3.87795,16.582037,0.56174034
2,19,10,0.0069999998,0.072467536,0.024069875,0.03125388,0.017143775,0.077572346,0.0068933326,6.7269883,-0.02736972,11.155639,-1.7494239,0.15514469,0.013786665,0.17678767,-0.00071928237,0.13093424,-0.020533066,252.12373,249.01508,334.2586,1.7767936,16.578825,0.38423496
2,20,10,0.0069999998,0.07517479,0.02555744,0.030702388,0.018914964,0.07993347,0.0040190285,6.667372,-0.016483499,11.717743,-2.1656659,0.15986694,0.008038057,0.17522097,-0.00043319692,0.13753168,-0.025418514,252.13942,249.00642,334.68018,2.1821494,16.578825,0.40475285
2,21,10,0.0069999998,0.078363165,0.028243959,0.030905874,0.019213332,0.0840297,-0.0017814179,6.6894307,-0.12785755,11.8098,1.0660131,0.1680594,-0.0035628357,0.17580067,-0.0033601439,0.13861217,0.012511845,252.1807,249.21086,335.14386,-0.93815553,16.576185,0.36913458
2,22,10,0.0069999998,0.07541804,0.023169063,0.03277884,0.01947014,0.076106936,0.0027034746,6.8891478,-0.14143325,11.888464,1.0411271,0.15221387,0.005406949,0.18104927,-0.0037169144,0.13953544,0.012219758,252.18279,249.28355,334.71933,-0.89969385,16.576185,0.39479995
2,23,10,0.0069999998,0.075275555,0.024806784,0.031583358,0.018885411,0.07875085,-0.0005686116,6.7623525,-0.2619443,11.708586,2.748727,0.1575017,-0.0011372232,0.17771707,-0.0068839947,0.1374242,0.032261934,252.23453,249.41954,335.23776,-2.4867828,16.573635,0.4257882
2,24,10,0.0069999998,0.07588137,0.025926715,0.030934654,0.01902,0.08050887,-0.003950393,6.692546,-0.46555158,11.750233,2.5800998,0.16101775,-0.007900786,0.1758825,-0.012234861,0.13791302,0.030282753,252.2751,249.57663,335.4881,-2.1145482,16.573635,0.4238505
2,25,10,0.0069999998,0.06584163,0.021635346,0.026489558,0.01771673,0.07354479,-0.0008110365,6.1930704,-0.5833849,11.34052,3.637802,0.14708959,-0.001622073,0.16275613,-0.015331568,0.1331042,0.042697057,252.25682,249.54749,334.7635,-3.0544171,16.570986,0.37165725
2,26,10,0.0069999998,0.06597456,0.021878708,0.026593937,0.017501922,0.073957264,-0.0022915357,6.2052603,-0.53555083,11.271563,3.5695152,0.14791453,-0.0045830715,0.16307648,-0.014074469,0.13229483,0.04189557,252.29608,249.67741,335.4419,-3.0339644,16.570986,0.37321705
2,27,10,0.0069999998,0.06576746,0.02463566,0.02230836,0.01882344,0.07847875,-0.0072305533,5.683326,-0.7238124,11.689359,2.7694337,0.1569575,-0.014461107,0.14935984,-0.019022053,0.13719854,0.032504976,252.31668,249.70451,335.9477,-2.0456214,16.56858,0.4079209
2,28,10,0.0069999998,0.060206346,0.019812867,0.021912465,0.018481016,0.07037909,-0.0020708512,5.6326694,-0.6042604,11.582549,3.1677592,0.14075819,-0.0041417023,0.1480286,-0.01588018,0.1359449,0.037180137,252.29088,249.60738,335.18695,-2.5634987,16.56858,0.34791508
2,29,10,0.0069999998,0.058282394,0.024306655,0.016926548,0.01704919,0.07795296,-0.0065421374,4.9505434,-0.53648317,11.124822,2.554582,0.15590592,-0.013084275,0.13010207,-0.014098972,0.13057254,0.029983247,252.3286,249.6662,335.71323,-2.0180988,16.566639,0.25495675
2,30,10,0.0069999998,0.06335103,0.026804345,0.017130943,0.019415738,0.08186016,-0.009863944,4.9803433,-0.6000722,11.871844,2.5471094,0.16372032,-0.019727888,0.13088523,-0.015770113,0.13934037,0.029895533,252.37494,249.81248,335.96353,-1.9470372,16.566639,0.26818654
2,31,10,0.0069999998,0.055508997,0.022434697,0.016660511,0.01641379,0.07489108,-0.006381474,4.911485,-0.15240946,10.915549,2.7798297,0.14978217,-0.012762948,0.1290756,-0.004005372,0.12811631,0.032626987,252.37212,249.91698,335.34097,-2.6274202,16.564957,0.31858012
2,32,10,0.0069999998,0.05368818,0.02233872,0.016415073,0.014934387,0.07473072,-0.0070817024,4.875173,-0.20563452,10.412018,2.3624203,0.14946143,-0.014163405,0.12812132,-0.0054041515,0.12220633,0.027727835,252.38843,249.89197,336.09784,-2.1567857,16.564957,0.2940058
2,33,10,0.0069999998,0.05508595,0.024190523,0.014245155,0.016650269,0.077766515,-0.01251143,4.541531,-0.33789998,10.9939,1.146334,0.15553303,-0.02502286,0.11935307,-0.008880131,0.12903592,0.013454572,252.4035,249.8905,336.51712,-0.80843407,16.563118,0.26448548
2,34,10,0.0069999998,0.052919853,0.023620747,0.015122042,0.014177065,0.076845214,-0.0057523646,4.6792245,-0.18991135,10.144587,1.9255291,0.15369043,-0.011504729,0.12297171,-0.004990938,0.11906748,0.022600025,252.3863,249.90747,335.82654,-1.7356178,16.563118,0.30081293
2,35,10,0.0069999998,0.052904602,0.023467984,0.013270343,0.016166274,0.07659632,-0.007628832,4.3833857,-0.51394606,10.832935,0.7399093,0.15319264,-0.015257664,0.11519697,-0.013506684,0.12714666,0.008684345,252.42409,250.02863,336.3297,-0.22596323,16.561216,0.24824207
2,36,10,0.0069999998,0.054883864,0.025927737,0.012351054,0.016605072,0.08051046,-0.011709923,4.2288346,-0.688003,10.978969,0.6263336,0.16102092,-0.023419846,0.1111353,-0.018080967,0.12886067,0.00735131,252.48195,250.24062,336.72565,0.06166941,16.561216,0.26855487
2,37,10,0.0069999998,0.04907603,0.022861484,0.013037795,0.013176746,0.07560007,-0.0073056296,4.3448095,-0.5257773,9.780145,0.82685435,0.15120015,-0.014611259,0.114183165,-0.013817618,0.11479001,0.009704828,252.50766,250.43684,336.26965,-0.30107707,16.559555,0.16386725
2,38,10,0.0069999998,0.048949532,0.022148049,0.013323878,0.013477604,0.0744111,-0.0076296623,4.392219,-0.574773,9.891169,0.26276782,0.1488222,-0.015259325,0.1154291,-0.015105243,0.116093084,0.003084118,252.55457,250.64014,336.96387,0.3120052,16.559555,0.18425523
2,39,10,0.0069999998,0.057345238,0.027784893,0.014922625,0.014637719,0.083344005,-0.010666635,4.6482697,-0.73483783,10.308083,-0.023993522,0.16668801,-0.02133327,0.1221582,-0.0193118,0.12098644,-0.00028161207,252.59833,250.75403,337.4828,0.7588314,16.55792,0.20446628
2,40,10,0.0069999998,0.04774262,0.020911997,0.013580134,0.013250488,0.072304904,-0.0054539777,4.434255,-0.7057222,9.807473,0.06895351,0.14460981,-0.0109079555,0.11653383,-0.018546635,0.11511076,0.0008093113,252.61157,250.86304,336.8956,0.6367687,16.55792,0.1684367
2,41,10,0.0069999998,0.048317276,0.022127634,0.012615348,0.013574297,0.0743768,-0.0053047943,4.2738404,-0.55380034,9.926585,-0.53566706,0.1487536,-0.010609589,0.11231807,-0.014554069,0.11650878,-0.006287149,252.67163,251.1046,337.4757,1.0894674,16.556278,0.19268374
2,42,10,0.0069999998,0.05516822,0.028065203,0.013086901,0.014016113,0.08376336,-0.0087105,4.352984,-0.74798155,10.086838,-0.27166194,0.16752672,-0.017421,0.114397995,-0.019657226,0.118389666,-0.003188509,252.69179,251.17638,337.74716,1.0196435,16.556278,0.24171782
2,43,10,0.0069999998,0.042721942,0.017746199,0.011890323,0.013085422,0.06660743,-0.0025439379,4.149211,-0.1415527,9.746195,-0.6775303,0.13321486,-0.0050878758,0.109042756,-0.003720055,0.11439153,-0.007952202,252.67021,251.15509,337.00232,0.819083,16.554415,0.1921662
2,44,10,0.0069999998,0.047145404,0.020917216,0.012883922,0.013344266,0.07231393,-0.0036505011,4.3190947,-0.16680099,9.842117,-1.0585973,0.14462785,-0.0073010023,0.11350737,-0.0043835887,0.115517385,-0.012424806,252.7007,251.24986,337.53067,1.2253983,16.554415,0.16914408
2,45,10,0.0069999998,0.05089689,0.02389019,0.012906421,0.01410028,0.07728226,-0.0053990674,4.322864,0.007349992,10.117078,-1.7473733,0.15456451,-0.010798135,0.11360643,0.00019315998,0.1187446,-0.020508999,252.74818,251.40785,338.03867,1.7400234,16.552248,0.19203296
2,46,10,0.0069999998,0.04897189,0.021881605,0.013871997,0.013218292,0.07396216,-0.0014177281,4.4816523,0.11708804,9.795551,-1.2508967,0.14792432,-0.0028354563,0.11777944,0.0030771152,0.11497083,-0.014681833,252.79578,251.73532,337.70398,1.1338086,16.552248,0.14298926
2,47,10,0.0069999998,0.047180183,0.020664118,0.01262271,0.013893357,0.071875095,0.0009235535,4.2750874,0.34347972,10.042569,-2.4251895,0.14375019,0.001847107,0.11235084,0.009026769,0.117870085,-0.028464563,252.8721,252.02483,338.42984,2.0817099,16.550041,0.22390898
2,48,10,0.0069999998,0.048757058,0.022896951,0.012165422,0.013694684,0.075658694,-0.001761415,4.196935,0.2525008,9.970507,-2.1491745,0.15131739,-0.00352283,0.11029697,0.0066358144,0.11702429,-0.02522496,252.93474,252.16722,338.94913,1.8966737,16.550041,0.25759968
2,49,10,0.0069999998,0.04211641,0.01713301,0.013205338,0.011778064,0.06544656,0.0027760023,4.3726373,0.7189133,9.246516,-1.2441868,0.13089313,0.0055520046,0.114914484,0.0188933,0.10852679,-0.0146030765,252.94867,252.3999,338.3416,0.52527344,16.547926,0.20795862
2,50,10,0.0069999998,0.045068163,0.019718565,0.012903837,0.012445762,0.0702114,0.0014948528,4.322431,0.8467885,9.504996,-1.2249836,0.1404228,0.0029897057,0.11359505,0.022253908,0.111560576,-0.014377688,252.98062,252.52419,338.83072,0.37819505,16.547926,0.21512255
2,51,10,0.0069999998,0.04704816,0.020905564,0.013423968,0.012718627,0.07229378,-0.0015290211,4.408685,1.021872,9.608626,0.0154734235,0.14458756,-0.0030580421,0.11586185,0.026855161,0.11277689,0.00018161265,253.04236,252.73557,339.48935,-1.0373454,16.545633,0.21409455
2,52,10,0.0069999998,0.044871368,0.01840243,0.013921496,0.012547441,0.067827776,0.0024132899,4.489641,1.0059187,9.543744,0.27229682,0.13565555,0.0048265797,0.11798939,0.026435904,0.11201536,0.0031959596,253.06572,252.89857,339.0323,-1.2782155,16.545633,0.22866617
2,53,10,0.0069999998,0.044896994,0.018832238,0.01244394,0.013620815,0.0686153,0.0036666598,4.244706,0.49308285,9.943579,-0.67823297,0.1372306,0.0073333196,0.11155241,0.012958394,0.11670825,-0.007960453,253.1039,253.00229,339.45108,0.18515012,16.54303,0.12597474
2,54,10,0.0069999998,0.044936232,0.018774854,0.012820863,0.013340514,0.06851068,0.0006650247,4.308512,0.5719551,9.8407345,-0.11068822,0.13702136,0.0013300494,0.11322925,0.015031187,0.11550114,-0.0012991527,253.12915,253.01817,339.81097,-0.46126688,16.54303,0.14496927
2,55,10,0.0069999998,0.04058636,0.015512873,0.012804852,0.012268636,0.062275343,0.005724467,4.3058205,0.23716636,9.437118,-0.061602738,0.124550685,0.011448934,0.113158524,0.006232818,0.11076388,-0.00072303443,253.09659,252.99301,339.17877,-0.17556362,16.5403,0.17139593
2,56,10,0.0069999998,0.046182696,0.020549258,0.012206006,0.013427432,0.07167506,0.005314074,4.20393,0.2775376,9.872739,-0.7787731,0.14335012,0.010628148,0.11048079,0.0072937896,0.115876794,-0.009140495,253.06502,252.7711,339.311,0.5012355,16.5403,0.1779888
2,57,10,0.0069999998,0.04125183,0.01670302,0.012113051,0.0124357585,0.064620085,0.00060495717,4.1878915,0.043376576,9.501175,-0.51738465,0.12924017,0.0012099143,0.110059306,0.0011399515,0.11151573,-0.006072566,253.0767,252.71706,339.4842,0.47400808,16.53763,0.16776927
2,58,10,0.0069999998,0.04285924,0.017064936,0.013514259,0.012280048,0.06531642,0.00446354,4.423487,0.15744312,9.441505,-0.10742642,0.13063283,0.00892708,0.11625084,0.004137662,0.110815376,-0.0012608694,253.06136,252.7118,338.793,-0.0500167,16.53763,0.14748621
2,59,10,0.0069999998,0.044086378,0.017497674,0.0129393,0.013649403,0.066139385,0.004478496,4.328367,-0.09428375,9.954011,-0.41001126,0.13227877,0.008956992,0.11375105,-0.002477812,0.11683066,-0.004812322,253.08511,252.78548,339.2825,0.504295,16.535048,0.14117476
2,60,10,0.0069999998,0.042327777,0.016203035,0.012802169,0.013322574,0.06364557,0.00031826412,4.30537,-0.33872053,9.834115,-0.23711404,0.12729114,0.00063652825,0.11314667,-0.008901699,0.115423456,-0.0027830207,253.12004,252.9486,339.65826,0.5758346,16.535048,0.14838877
2,61,10,0.0069999998,0.046412308,0.020223962,0.0136439325,0.012544413,0.07110549,0.004158119,4.4446588,-0.3651861,9.542592,0.0106408475,0.14221098,0.008316238,0.116807245,-0.009597217,0.112001844,0.0001248928,253.10258,252.99643,339.00845,0.35454524,16.532398,0.21734059
2,62,10,0.0069999998,0.043160133,0.016876424,0.012933592,0.013350116,0.064954646,0.0036544185,4.327412,-0.10896028,9.844275,-0.41430438,0.12990929,0.007308837,0.11372595,-0.0028635191,0.1155427,-0.0048627066,253.11348,252.93118,339.73105,0.52326465,16.532398,0.17548522
2,63,10,0.0069999998,0.04128058,0.014975545,0.013278874,0.01302616,0.061187305,-0.0014327533,4.384795,-0.71492267,9.7241,-0.88869375,0.12237461,-0.0028655066,0.115233995,-0.01878843,0.1141322,-0.01043064,253.12752,252.91068,339.79538,1.6036165,16.529406,0.15362991
2,64,10,0.0069999998,0.04291358,0.016330194,0.0141900545,0.012393327,0.06389482,0.0034352704,4.532739,-0.58393806,9.484952,-0.48031524,0.12778965,0.006870541,0.11912201,-0.015346105,0.11132532,-0.0056374785,253.1189,252.88719,339.01895,1.0642533,16.529406,0.17469904
2,65,10,0.0069999998,0.0439845,0.018351257,0.012138002,0.013495239,0.06773341,0.0040507074,4.192203,-0.63203484,9.897637,-1.2718259,0.13546681,0.008101415,0.1101726,-0.016610105,0.11616901,-0.0149274785,253.14267,252.87299,339.2986,1.9038608,16.526438,0.23423228
2,66,10,0.0069999998,0.0472174,0.01961037,0.012551183,0.015055847,0.070018515,-0.00028967886,4.2629576,-0.57920253,10.454272,-0.46084857,0.14003703,-0.00057935773,0.11203206,-0.015221651,0.12270227,-0.005409001,253.15956,252.8477,339.51862,1.0400511,16.526438,0.2690774
2,67,10,0.0069999998,0.044549033,0.016500946,0.012953071,0.015095017,0.064228006,0.002821682,4.3306694,-0.16125461,10.467863,1.2397196,0.12845601,0.005643364,0.11381156,-0.0042378292,0.12286178,0.014550642,253.13966,252.80035,338.7978,-1.078465,16.523853,0.18006341
2,68,10,0.0069999998,0.048197504,0.020870524,0.012073358,0.015253622,0.07223317,0.003471088,4.1810246,-0.258759,10.522713,0.4066381,0.14446634,0.006942176,0.10987883,-0.0068002855,0.123505555,0.0047727292,253.19867,252.97873,339.07718,-0.1478791,16.523853,0.17229259
2,69,10,0.0069999998,0.046816587,0.019781284,0.0126409205,0.014394385,0.070322976,-0.0018494793,4.2781696,-0.31027666,10.222045,1.803219,0.14064595,-0.0036989585,0.11243185,-0.008154184,0.1199766,0.02116446,253.3119,253.49535,339.89117,-1.4929423,16.52123,0.17106456
2,70,10,0.0069999998,0.044454806,0.01739593,0.012584086,0.014474791,0.06594682,0.0020842948,4.268542,-0.310751,10.250554,2.327313,0.13189363,0.0041685896,0.11217881,-0.00816665,0.12031122,0.02731578,253.36438,253.79155,339.6335,-2.016562,16.52123,0.22637165
2,71,10,0.0069999998,0.0454003,0.019862717,0.012569614,0.012967966,0.07046758,0.0017866769,4.266086,-0.5912454,9.702354,1.318409,0.14093515,0.0035733539,0.11211429,-0.015538142,0.113876976,0.01547423,253.40556,253.92426,339.8886,-0.72716355,16.518543,0.1557441
2,72,10,0.0069999998,0.04715254,0.020060912,0.013028001,0.014063625,0.070818275,-0.0002251582,4.343178,-0.68770313,10.103919,1.5718272,0.14163655,-0.0004503164,0.11414027,-0.018073088,0.118590154,0.018448604,253.46263,254.11395,340.15143,-0.88412404,16.518543,0.17749982
2,73,10,0.0069999998,0.046109058,0.020398919,0.013027599,0.012682542,0.07141239,0.0026739577,4.34311,-0.55939764,9.594986,1.2412457,0.14282478,0.0053479155,0.11413851,-0.014701174,0.11261679,0.014568558,253.46687,254.13242,339.57245,-0.6818481,16.516012,0.1678643
2,74,10,0.0069999998,0.047043946,0.02151865,0.012108944,0.013416354,0.07334618,0.0026591958,4.1871824,-0.5164247,9.868667,0.71855223,0.14669237,0.0053183916,0.11004065,-0.0135718305,0.11582898,0.008433683,253.512,254.29178,340.2055,-0.20212752,16.516012,0.18903662
2,75,10,0.0069999998,0.04180095,0.01822548,0.011589507,0.011985963,0.06750089,-0.0008937542,4.0963883,-0.12093072,9.327767,1.228937,0.13500178,-0.0017875084,0.10765457,-0.0031781031,0.109480426,0.014424088,253.5407,254.39087,340.73083,-1.1080064,16.513605,0.13028648
2,76,10,0.0069999998,0.043617062,0.018769216,0.012506201,0.012341643,0.06850039,0.0014203707,4.255312,-0.088803686,9.465155,1.5512594,0.13700078,0.0028407413,0.11183113,-0.002333789,0.11109295,0.0182072,253.50432,254.36057,340.1137,-1.4624557,16.513605,0.13414493
2,77,10,0.0069999998,0.041285455,0.017305234,0.012460921,0.011519301,0.06577468,0.00033602692,4.2476015,0.538878,9.14438,0.61049676,0.13154936,0.00067205384,0.111628495,0.01416191,0.107328005,0.0071654264,253.48753,254.21957,340.41565,-1.1493747,16.511227,0.21405779
2,78,10,0.0069999998,0.041763205,0.01686566,0.013121547,0.0117759975,0.064933926,-0.0027728565,4.358742,0.3593054,9.245706,1.0072137,0.12986785,-0.005545713,0.114549324,0.00944268,0.10851727,0.011821714,253.48051,254.1235,340.51807,-1.3665191,16.511227,0.2049252
2,79,10,0.0069999998,0.04066339,0.015661275,0.014077206,0.010924908,0.06257251,0.00076209556,4.5146794,0.3352584,8.905332,-0.10417395,0.12514502,0.0015241911,0.118647404,0.008810712,0.10452229,-0.0012226942,253.42183,253.9053,339.58136,-0.23108444,16.508644,0.1510922
2,80,10,0.0069999998,0.044438247,0.018635118,0.014983215,0.010819912,0.06825525,0.00018521467,4.6576962,0.46342313,8.862435,-0.29131886,0.1365105,0.00037042933,0.122405946,0.012178931,0.10401881,-0.0034192207,253.43361,253.84236,339.8714,-0.17210427,16.508644,0.14540163
2,81,10,0.0069999998,0.042671874,0.018747993,0.014113633,0.009810247,0.06846166,-0.0027499767,4.5205164,0.15605998,8.438809,-0.8563042,0.13692331,-0.0054999534,0.11880081,0.004101311,0.09904669,-0.010050481,253.51006,254.09206,340.50806,0.70024425,16.506084,0.16649216
2,82,10,0.0069999998,0.045201875,0.021590507,0.01330943,0.010301939,0.07346854,0.0009789438,4.3898373,-0.0017465245,8.647702,-0.8741056,0.14693709,0.0019578876,0.1153665,-4.5901295e-5,0.10149847,-0.010259419,253.54715,254.30724,340.07822,0.8758521,16.506084,0.1852014
2,83,10,0.0069999998,0.04469626,0.021971038,0.013024643,0.009700578,0.07411315,0.0012341092,4.342618,-0.07194565,8.391508,-1.8061327,0.1482263,0.0024682183,0.11412556,-0.001890758,0.09849151,-0.021198662,253.61423,254.5898,340.64734,1.8780783,16.503765,0.12686102
2,84,10,0.0069999998,0.041816525,0.018406136,0.013639256,0.00977113,0.06783461,-0.0010284542,4.443897,-0.092764616,8.421968,-1.1337696,0.13566922,-0.0020569083,0.116787225,-0.0024378859,0.09884903,-0.013307104,253.63148,254.599,340.98004,1.2265342,16.503765,0.08231059
2,85,10,0.0069999998,0.04373497,0.01876007,0.014937474,0.010037425,0.0684837,-0.00071102433,4.6505814,0.25666833,8.53596,-0.7116437,0.1369674,-0.0014220487,0.12221896,0.00674534,0.10018695,-0.0083525935,253.59174,254.43427,340.06412,0.45497537,16.501411,0.15820454
2,86,10,0.0069999998,0.043910123,0.01927017,0.014773146,0.009866809,0.06940852,0.00036418784,4.62493,0.24733241,8.463101,-1.2142793,0.13881704,0.0007283757,0.12154483,0.0064999852,0.09933181,-0.01425205,253.60043,254.39368,340.11237,0.9669469,16.501411,0.16312851
2,87,10,0.0069999998,0.043553468,0.020942762,0.013082431,0.009528276,0.07235807,-0.0045776227,4.3522406,0.19779588,8.316649,-0.8739366,0.14471614,-0.0091552455,0.11437845,0.005198146,0.09761289,-0.010257432,253.61801,254.41698,340.4094,0.6761407,16.49871,0.13256116
2,88,10,0.0069999998,0.04050535,0.016615227,0.014748618,0.009141505,0.06445003,-0.0018660658,4.621089,0.008638604,8.146106,-1.0557634,0.12890007,-0.0037321316,0.12144389,0.00022702897,0.095611215,-0.012391543,253.5784,254.35114,339.71912,1.0471247,16.49871,0.1239754
2,89,10,0.0069999998,0.04019985,0.015162049,0.015673563,0.009364237,0.061567135,-0.0011931801,4.763789,-0.022516867,8.244749,-1.6466537,0.12313427,-0.0023863602,0.1251941,-0.0005917519,0.09676899,-0.019326849,253.55197,254.16458,339.78378,1.6691705,16.49596,0.20394807
2,90,10,0.0069999998,0.0471559,0.019582847,0.017921925,0.009651133,0.06996936,-0.0042309333,5.094024,0.12268325,8.370095,-1.1289269,0.13993873,-0.0084618665,0.13387279,0.003224164,0.09824018,-0.013250265,253.52896,254.01756,340.00095,1.0062436,16.49596,0.19623837
2,91,10,0.0069999998,0.041663762,0.017215008,0.016484471,0.007964283,0.06560299,-0.0028563787,4.8854675,0.4881402,7.6035175,-0.66563606,0.13120598,-0.0057127574,0.12839186,0.012828503,0.08924283,-0.0078126,253.50525,253.99617,339.47885,0.17749587,16.493542,0.1110956
2,92,10,0.0069999998,0.04185426,0.017824609,0.015418988,0.008610662,0.066754416,-0.0023993824,4.724943,0.5043487,7.906049,-0.9407865,0.13350883,-0.004798765,0.12417322,0.013254465,0.09279365,-0.011042053,253.56073,254.13425,339.96347,0.4364378,16.493542,0.09668028
2,93,10,0.0069999998,0.04160052,0.020275844,0.013567707,0.0077569713,0.07119664,-0.005342523,4.4322257,0.5346524,7.5039043,0.3392615,0.14239328,-0.010685046,0.1164805,0.014050858,0.08807367,0.003981928,253.64201,254.52588,340.55872,-0.8739139,16.491146,0.17753877
2,94,10,0.0069999998,0.03832157,0.016782835,0.014152774,0.0073859636,0.06477429,-0.0016606131,4.526781,0.2904796,7.322254,-0.04620059,0.12954858,-0.0033212262,0.11896543,0.007633908,0.08594163,-0.00054225867,253.65584,254.68521,340.19812,-0.24427901,16.491146,0.14686425
2,95,10,0.0069999998,0.036286857,0.014605828,0.01382483,0.007856199,0.060427286,-0.0009176823,4.4740267,-0.085954644,7.551747,-0.7456846,0.12085457,-0.0018353646,0.117579035,-0.0022589155,0.0886352,-0.008752134,253.6974,254.83339,340.67838,0.8316393,16.488543,0.12145934
2,96,10,0.0069999998,0.042005017,0.020556474,0.013473484,0.00797506,0.071687646,-0.0025667336,4.4168086,0.013834886,7.60866,-0.31287184,0.14337529,-0.0051334673,0.11607534,0.00036358624,0.08930319,-0.0036721905,253.7021,254.76065,340.8797,0.29903695,16.488543,0.10728071
2,97,10,0.0069999998,0.039030798,0.017081996,0.013351053,0.008597749,0.06534906,-0.00067564717,4.396696,-0.21708675,7.9001184,-0.5333484,0.13069811,-0.0013512943,0.115546755,-0.005705118,0.09272405,-0.006259931,253.66876,254.6699,340.28137,0.7504351,16.486162,0.17006695
2,98,10,0.0069999998,0.038535766,0.016327167,0.014275217,0.007933381,0.0638889,-0.0009917225,4.54632,-0.05779565,7.588752,-0.32856634,0.1277778,-0.001983445,0.11947894,-0.0015188896,0.08906953,-0.0038563982,253.70079,254.7385,340.5809,0.386362,16.486162,0.17322972
2,99,10,0.0069999998,0.03803452,0.017346913,0.013737847,0.0069497605,0.06585384,-0.0024101834,4.45993,0.15409008,7.102744,1.0571163,0.13170768,-0.004820367,0.11720856,0.0040495447,0.083365224,0.012407425,253.72261,254.84114,340.70285,-1.2112063,16.484081,0.15680422
2,100,10,0.0069999998,0.03821334,0.014660927,0.015882827,0.0076695834,0.060541157,-0.0005229712,4.7954855,-0.14958726,7.461517,0.19043927,0.12108231,-0.0010459424,0.12602709,-0.0039312057,0.08757616,0.0022351937,253.6745,254.70213,339.89062,-0.04085201,16.484081,0.11592205
3,1,10,0.0048999996,0.056522917,0.024155924,0.022534898,0.009832094,0.07771088,0.004211664,5.7121086,-0.3363754,8.4482,0.46390945,0.15542176,0.008423328,0.15011628,-0.008840069,0.099156916,0.0054449267,253.85855,255.33807,342.04742,-0.12753406,16.482025,0.289067
3,2,10,0.0048999996,0.05120773,0.021230048,0.021766342,0.008211337,0.07285267,0.00089129404,5.6138577,0.017578896,7.7205486,0.57406914,0.14570534,0.0017825881,0.1475342,0.00046198297,0.09061643,0.0067378753,253.80159,255.06902,342.0885,-0.59164804,16.482025,0.28529269
3,3,10,0.0048999996,0.050888803,0.022395406,0.02019381,0.0082995845,0.07482547,-0.0017894674,5.4072666,0.30975002,7.7619247,1.1794404,0.14965095,-0.0035789348,0.14210492,0.008140345,0.091102056,0.013843147,253.71303,254.55504,341.8879,-1.4891903,16.480455,0.24139577
3,4,10,0.0048999996,0.042404957,0.016464882,0.01721277,0.008727306,0.06415778,0.0017677555,4.992224,0.252881,7.9594183,0.582327,0.12831555,0.003535511,0.13119745,0.0066457973,0.09342005,0.0068347985,253.57932,254.07188,340.37338,-0.835208,16.480455,0.20129877
3,5,10,0.0048999996,0.042480547,0.015970077,0.017603349,0.00890712,0.063186385,-0.00037557277,5.048547,0.19492102,8.040997,0.86538017,0.12637277,-0.00075114553,0.13267761,0.0051225955,0.09437754,0.010157009,253.51993,253.7725,340.47064,-1.0603012,16.47868,0.15042326
3,6,10,0.0048999996,0.05303248,0.024886034,0.019271126,0.008875318,0.07887654,-0.0031309254,5.28229,0.36448896,8.0266285,1.1172277,0.15775308,-0.0062618507,0.13882048,0.009578897,0.0942089,0.013112952,253.50975,253.71101,340.59967,-1.4817166,16.47868,0.16470344
3,7,10,0.0048999996,0.042742513,0.019944567,0.014457706,0.008340238,0.07061262,0.0016544714,4.5752873,-0.4082072,7.7809114,0.45010984,0.14122523,0.0033089428,0.120240204,-0.010727839,0.0913249,0.0052829594,253.48619,253.70284,340.0035,-0.04190263,16.47685,0.23397541
3,8,10,0.0048999996,0.04510375,0.020637555,0.015725113,0.008741081,0.07182889,0.0015139201,4.7716165,-0.17913988,7.965696,0.54505163,0.14365777,0.0030278403,0.12539981,-0.0047078603,0.093493745,0.006397295,253.50252,253.68643,340.68323,-0.36591175,16.47685,0.22758563
3,9,10,0.0048999996,0.045456268,0.020384565,0.015767545,0.00930416,0.07138726,-0.0013429264,4.77805,-0.14559633,8.21826,1.2442946,0.14277452,-0.0026858528,0.12556888,-0.0038263267,0.09645808,0.014604338,253.50659,253.63718,340.7845,-1.0986984,16.475,0.22791262
3,10,10,0.0048999996,0.04179941,0.019622438,0.012930594,0.009246379,0.070040055,0.0009313703,4.326911,-0.4970969,8.1927,0.48831478,0.14008011,0.0018627406,0.11371277,-0.013063884,0.096158095,0.0057313708,253.47427,253.50345,339.97006,0.008782119,16.475,0.22860247
3,11,10,0.0048999996,0.040963337,0.017747898,0.013939612,0.009275828,0.06661062,-0.00044070696,4.4925613,-0.23572871,8.205736,0.4254599,0.13322124,-0.00088141393,0.11806613,-0.006195037,0.0963111,0.0049936394,253.51877,253.64925,340.28247,-0.18973118,16.473032,0.16365114
3,12,10,0.0048999996,0.043948878,0.020523155,0.014378462,0.009047259,0.071629524,-0.0024496452,4.5627313,-0.1776753,8.104006,0.9319108,0.14325905,-0.0048992904,0.119910225,-0.0046693697,0.09511708,0.010937876,253.59996,254.01227,340.70694,-0.7542355,16.473032,0.21281329
3,13,10,0.0048999996,0.034804616,0.015863191,0.0110955695,0.007845856,0.06297458,0.0017445489,4.0081453,-0.34259787,7.5467753,-0.42119837,0.12594916,0.0034890978,0.10533551,-0.0090035945,0.08857684,-0.0049436237,253.6261,254.23418,340.45316,0.7637962,16.470839,0.126893
3,14,10,0.0048999996,0.03414393,0.015779499,0.010843549,0.0075208815,0.06280824,0.001342926,3.9623642,-0.17442665,7.388829,-0.06819064,0.12561648,0.002685852,0.10413236,-0.0045839935,0.086723015,-0.0008003579,253.62767,254.23161,340.92496,0.24261728,16.470839,0.1181091
3,15,10,0.0048999996,0.033625234,0.016209917,0.01009904,0.0073162764,0.06365909,-0.001743043,3.8239195,0.14110096,7.2876296,-0.962027,0.12731817,-0.003486086,0.10049398,0.0037081856,0.085535236,-0.011291357,253.5739,253.98766,340.99295,0.8209261,16.468279,0.12513478
3,16,10,0.0048999996,0.030752083,0.013788376,0.00877558,0.008188127,0.058711957,0.0013409564,3.5645652,-0.061062053,7.7096295,-1.790529,0.117423914,0.0026819129,0.093678065,-0.0016047328,0.09048827,-0.02101552,253.49854,253.73709,340.16327,1.8515911,16.468279,0.14245737
3,17,10,0.0048999996,0.029842615,0.012615274,0.009808357,0.0074189855,0.056158867,0.001032556,3.768485,0.40271822,7.3386045,-2.1089349,0.11231773,0.002065112,0.09903715,0.010583581,0.08613353,-0.024752665,253.45432,253.43826,340.49582,1.7062167,16.465477,0.22186337
3,18,10,0.0048999996,0.033193257,0.016272387,0.010767229,0.006153641,0.063781634,-0.0017641475,3.9483955,0.7825831,6.683551,-1.642436,0.12756327,-0.003528295,0.10376526,0.020566568,0.078445144,-0.019277347,253.37251,253.01077,340.24768,0.8598529,16.465477,0.19882299
3,19,10,0.0048999996,0.030588195,0.0150289815,0.0088013075,0.0067579066,0.061296374,0.0013673265,3.569787,0.68712884,7.0040183,-2.0588963,0.12259275,0.002734653,0.09381528,0.018057996,0.08220649,-0.024165358,253.29073,252.74692,339.0939,1.3717675,16.462652,0.1902448
3,20,10,0.0048999996,0.028979044,0.011414612,0.009873571,0.007690862,0.053419594,0.0012338093,3.7809923,0.61134464,7.4718604,-2.132897,0.10683919,0.0024676186,0.099365845,0.016066357,0.08769756,-0.025033908,253.29097,252.69974,339.43552,1.5215523,16.462652,0.19406414
3,21,10,0.0048999996,0.030706871,0.014145404,0.010210921,0.0063505475,0.059467226,-0.0012104362,3.8450425,0.93682694,6.789641,-0.5622327,0.11893445,-0.0024208724,0.1010491,0.024620147,0.07969032,-0.006598951,253.26288,252.56593,339.48572,-0.37459427,16.459677,0.16463494
3,22,10,0.0048999996,0.028797667,0.0129799405,0.008995447,0.0068222806,0.05696477,0.0014115161,3.608943,1.0062672,7.0372987,-0.80482435,0.11392954,0.0028230322,0.094844334,0.026445067,0.0825971,-0.00944626,253.1937,252.32846,338.62067,-0.20144284,16.459677,0.17913023
3,23,10,0.0048999996,0.028425397,0.0124205435,0.008537998,0.0074668545,0.055723745,0.00073698914,3.5159824,0.8624947,7.3622417,-0.44127262,0.11144749,0.0014739783,0.09240129,0.02266667,0.08641096,-0.005179238,253.18541,252.24187,338.98737,-0.4212221,16.456432,0.19989158
3,24,10,0.0048999996,0.03169294,0.015564257,0.008870027,0.007258656,0.062378395,-0.00087595696,3.583696,0.90477574,7.2588754,-0.04273796,0.12475679,-0.0017519139,0.09418082,0.023777831,0.08519775,-0.00050162064,253.16357,252.09766,339.06424,-0.8620378,16.456432,0.23024043
3,25,10,0.0048999996,0.027104165,0.012821753,0.0069162967,0.007366118,0.05661659,0.0029413486,3.1645026,0.14857389,7.3124094,-0.84747916,0.11323318,0.005882697,0.083164275,0.003904574,0.08582609,-0.0099469,253.09564,251.87654,338.179,0.6989053,16.452833,0.11746653
3,26,10,0.0048999996,0.02975218,0.014232543,0.007851208,0.0076684286,0.059650112,0.000794709,3.3716068,0.22506891,7.460954,-1.0777955,0.119300224,0.001589418,0.08860704,0.005914892,0.087569565,-0.012650136,253.06416,251.72136,338.2684,0.8527266,16.452833,0.10977157
3,27,10,0.0048999996,0.028581684,0.014663423,0.007617479,0.0063007833,0.060546312,-0.00021172412,3.3210416,-0.3154749,6.762985,-1.3285717,0.121092625,-0.00042344825,0.08727817,-0.008290794,0.07937747,-0.015593507,253.05498,251.64816,338.366,1.6440465,16.449087,0.16856949
3,28,10,0.0048999996,0.02972731,0.016229419,0.007258336,0.0062395562,0.06369737,0.0025416953,3.2418075,-0.48720598,6.7300463,-1.8048949,0.12739474,0.0050833905,0.08519587,-0.0128039485,0.07899086,-0.021184139,253.02975,251.64224,337.67648,2.292101,16.449087,0.1725986
3,29,10,0.0048999996,0.026525531,0.012172263,0.007978377,0.0063748914,0.05516399,0.0017993493,3.3988025,-0.61128753,6.8026414,-1.8029958,0.11032798,0.0035986986,0.08932176,-0.016064856,0.07984292,-0.021161845,253.03227,251.63368,338.2388,2.4142833,16.445345,0.19665344
3,30,10,0.0048999996,0.028181277,0.013824168,0.008047942,0.006309166,0.05878811,0.0012217825,3.413588,-0.73652774,6.7674828,-1.7324009,0.11757622,0.002443565,0.089710325,-0.019356215,0.07943026,-0.020333268,253.01472,251.51839,338.3608,2.4689286,16.445345,0.21213375
3,31,10,0.0048999996,0.029350674,0.0159476,0.0076816254,0.005721448,0.063141905,0.0043530054,3.3349953,-0.37432155,6.4445734,-1.0867922,0.12628381,0.008706011,0.08764488,-0.00983731,0.07564025,-0.012755728,252.97356,251.33798,337.60013,1.4611138,16.441685,0.12492459
3,32,10,0.0048999996,0.026321623,0.012569241,0.007847554,0.0059048273,0.056056313,0.0026049954,3.3708222,-0.35795608,6.5470376,-1.0709431,0.11211263,0.005209991,0.08858642,-0.009407215,0.076842874,-0.01256971,252.97285,251.27106,337.7156,1.4288992,16.441685,0.10926592
3,33,10,0.0048999996,0.025773535,0.013084813,0.007378586,0.005310135,0.057194434,0.0003773379,3.2685509,-0.037731074,6.208604,-0.03649255,0.11438887,0.0007546758,0.0858987,-0.0009915859,0.07287067,-0.00042831476,252.95146,251.17598,337.58972,0.07422362,16.437815,0.17551365
3,34,10,0.0048999996,0.030451123,0.017003959,0.00786445,0.0055827135,0.06519961,0.0031453075,3.374449,-0.04172115,6.3659596,-0.24064308,0.13039923,0.006290615,0.088681735,-0.0010964466,0.07471756,-0.0028244378,252.88416,251.00351,336.51392,0.28236425,16.437815,0.21163058
3,35,10,0.0048999996,0.028546436,0.014514722,0.007922464,0.0061092502,0.06023853,0.0019973936,3.3868725,0.19324854,6.6594024,-0.11029492,0.12047706,0.003994787,0.08900823,0.0050786426,0.078161694,-0.0012945358,252.85945,250.76567,336.63736,-0.08295362,16.43367,0.13579875
3,36,10,0.0048999996,0.030206632,0.01541679,0.008472553,0.006317288,0.062082183,0.00019878263,3.5024815,0.20560443,6.7718377,0.18779466,0.124164365,0.00039756525,0.09204648,0.00540336,0.07948137,0.0022041532,252.86215,250.71428,336.7779,-0.3933991,16.43367,0.14238332
3,37,10,0.0048999996,0.030384738,0.015124754,0.008248608,0.0070113773,0.06149137,0.0014863842,3.4558825,0.10676028,7.1341615,0.5084397,0.12298274,0.0029727684,0.09082185,0.0028056954,0.08373397,0.00596758,252.86679,250.83392,336.3688,-0.6152,16.429415,0.1527244
3,38,10,0.0048999996,0.02977875,0.013763023,0.009173886,0.006841842,0.058657955,0.00053658243,3.6445615,0.04868494,7.047381,0.2522919,0.11731591,0.0010731649,0.0957804,0.0012794564,0.08271543,0.002961161,252.88171,250.87105,336.89963,-0.3009768,16.429415,0.2003111
3,39,10,0.0048999996,0.030344497,0.014988903,0.009028137,0.006327457,0.06121459,-0.0003200293,3.6154947,-0.019970711,6.7772856,0.7968029,0.12242918,-0.0006400586,0.09501651,-0.00052483875,0.07954531,0.009352111,252.82208,250.61887,336.75818,-0.77683216,16.425285,0.20557298
3,40,10,0.0048999996,0.03231114,0.016711507,0.009073189,0.0065264446,0.0646365,0.0024816059,3.624504,0.2944802,6.883028,0.9865515,0.129273,0.0049632117,0.09525329,0.0077390466,0.080786414,0.0115792025,252.71277,250.19678,335.56802,-1.2810317,16.425285,0.19844443
3,41,10,0.0048999996,0.030605081,0.014532631,0.00879426,0.0072781895,0.06027568,0.00081012043,3.568357,0.49294597,7.268636,1.5296762,0.12055136,0.0016202409,0.093777716,0.012954798,0.08531231,0.017953878,252.68797,250.03941,335.6239,-2.022622,16.421549,0.14594553
3,42,10,0.0048999996,0.03214774,0.01648056,0.008530663,0.007136517,0.06418832,0.00059009454,3.514472,0.45318854,7.1975446,1.7387367,0.12837663,0.0011801891,0.09236159,0.011909959,0.08447791,0.020407636,252.65373,249.89667,335.56683,-2.1919253,16.421549,0.15623358
3,43,10,0.0048999996,0.032355,0.017246438,0.008414327,0.006694234,0.065662846,0.0029661972,3.4904256,0.43623677,6.9709444,1.9427136,0.13132569,0.0059323944,0.09172964,0.011464456,0.0818183,0.02280172,252.62013,249.84,335.01184,-2.3789504,16.417925,0.26703766
3,44,10,0.0048999996,0.03162291,0.015808357,0.008089865,0.007724689,0.062865645,0.0009242365,3.4224672,0.22267413,7.488274,1.3924354,0.12573129,0.001848473,0.08994368,0.0058519575,0.08789021,0.016343074,252.63324,249.90321,335.4496,-1.6151096,16.417925,0.23588471
3,45,10,0.0048999996,0.034036886,0.018423777,0.008530344,0.0070827627,0.06786711,0.0010330616,3.514406,-0.15506832,7.170386,1.0328377,0.13573422,0.0020661233,0.09235986,-0.004075254,0.08415915,0.012122463,252.62912,249.84195,335.6471,-0.8777694,16.41415,0.14395441
3,46,10,0.0048999996,0.036039315,0.018168325,0.009764791,0.008106198,0.067394964,0.0041516917,3.7601063,0.042703804,7.6709623,1.3891339,0.13478993,0.008303383,0.09881695,0.00112227,0.090034425,0.016304327,252.61092,249.71584,335.0917,-1.4318377,16.41415,0.20505388
3,47,10,0.0048999996,0.03774106,0.01605951,0.011254036,0.010427515,0.06336306,0.005130313,4.036666,-0.4096986,8.700248,-0.24471325,0.12672612,0.010260626,0.10608504,-0.010767028,0.10211521,-0.00287221,252.64954,249.84348,335.62878,0.65441185,16.410412,0.13844955
3,48,10,0.0048999996,0.039047904,0.016296517,0.010825627,0.0119257625,0.06382891,0.0049059796,3.9590883,-0.6560611,9.304312,-0.0759695,0.12765782,0.009811959,0.10404627,-0.017241525,0.10920514,-0.0008916572,252.62119,249.83327,335.5236,0.73203063,16.410412,0.19928129
3,49,10,0.0048999996,0.038471445,0.017187206,0.011755801,0.009528438,0.06554999,0.0073878854,4.1256733,-0.75216025,8.31672,-0.9062022,0.13109998,0.014775771,0.10842417,-0.01976704,0.097613715,-0.010636137,252.55386,249.63286,334.442,1.6583624,16.406925,0.16781487
3,50,10,0.0048999996,0.041010767,0.01865808,0.012203487,0.0101491995,0.06829729,0.0057297577,4.203496,-0.6172725,8.583354,-1.0369589,0.13659458,0.011459515,0.11046939,-0.016222147,0.100743234,-0.012170835,252.54828,249.5666,334.7128,1.6542314,16.406925,0.17492858
3,51,10,0.0048999996,0.037371457,0.015993014,0.011709439,0.009669002,0.063231744,0.004320665,4.1175294,-0.44460994,8.37784,-0.8275501,0.12646349,0.00864133,0.10821016,-0.011684514,0.09833109,-0.009712991,252.564,249.64067,334.95264,1.27216,16.403582,0.13739364
3,52,10,0.0048999996,0.040898472,0.018242003,0.013327698,0.009328771,0.06753148,0.003908926,4.3928485,-0.41452503,8.229121,-0.6590421,0.13506296,0.007817852,0.11544565,-0.010893867,0.096585564,-0.007735207,252.5664,249.70387,334.36084,1.0735672,16.403582,0.13938005
3,53,10,0.0048999996,0.040198874,0.019053541,0.011858985,0.009286349,0.06901728,0.00229247,4.143739,-0.11951778,8.210389,-0.39433277,0.13803457,0.00458494,0.10889897,-0.0031409722,0.096365705,-0.0046283035,252.6048,249.85709,334.93698,0.51385057,16.40033,0.19092521
3,54,10,0.0048999996,0.0401719,0.019895745,0.010970752,0.009305401,0.07052614,0.001912247,3.9855375,-0.09976269,8.218807,-0.10610877,0.14105228,0.003824494,0.10474136,-0.0026217957,0.09646451,-0.0012454005,252.60054,249.92131,334.9207,0.20587146,16.40033,0.16054435
3,55,10,0.0048999996,0.040507346,0.018739318,0.013143252,0.008624775,0.06844582,0.0029185072,4.3623457,0.23627602,7.9125257,0.39108422,0.13689163,0.0058370144,0.11464402,0.006209418,0.09286967,0.004590172,252.54633,249.74765,333.9865,-0.6273602,16.397062,0.16982311
3,56,10,0.0048999996,0.04542111,0.02054558,0.013950954,0.010924574,0.07166865,0.003206027,4.4943886,0.17324613,8.905195,-0.147227,0.1433373,0.006412054,0.11811416,0.004552969,0.104520686,-0.0017280085,252.57066,249.77127,334.36002,-0.026019126,16.397062,0.19925323
3,57,10,0.0048999996,0.04488568,0.018794995,0.013646286,0.012444397,0.06854742,0.0036379008,4.445042,-0.0038780444,9.504475,-0.19355986,0.13709484,0.0072758016,0.11681732,-0.00010191672,0.11155446,-0.002271822,252.5858,249.90329,334.6074,0.1974379,16.393814,0.17648248
3,58,10,0.0048999996,0.04375318,0.019105814,0.014292232,0.010355133,0.06911189,0.00477976,4.549029,0.12328269,8.67,0.29029766,0.13822378,0.00955952,0.119550124,0.00323991,0.10176017,0.0034072357,252.53258,249.77386,334.0045,-0.41358036,16.393814,0.18242154
3,59,10,0.0048999996,0.040937833,0.01901638,0.012473348,0.009448107,0.068949945,0.0032273983,4.2497187,0.3578921,8.281589,0.5085926,0.13789989,0.0064547965,0.11168414,0.009405536,0.09720138,0.005969374,252.50339,249.51642,334.30133,-0.8664847,16.390938,0.17615753
3,60,10,0.0048999996,0.043073207,0.019700373,0.011363605,0.01200923,0.07017901,0.0032229093,4.0562687,0.10226822,9.336817,0.34492153,0.14035802,0.0064458186,0.10660021,0.0026876456,0.109586634,0.0040483614,252.50916,249.51453,334.44446,-0.44718975,16.390938,0.17683685
3,61,10,0.0048999996,0.045518003,0.021426547,0.012221005,0.011870449,0.07318905,0.0024216843,4.2065115,0.48348778,9.282709,1.239377,0.1463781,0.0048433687,0.11054865,0.012706233,0.10895159,0.014546628,252.47163,249.4489,333.84875,-1.7228649,16.388386,0.1975931
3,62,10,0.0048999996,0.042210553,0.018688308,0.011370423,0.012151823,0.068352595,0.001839606,4.0574856,0.6016183,9.392083,1.1679883,0.13670519,0.003679212,0.10663219,0.015810747,0.11023531,0.013708731,252.43872,249.27545,334.285,-1.7696066,16.388386,0.16040476
3,63,10,0.0048999996,0.042072445,0.016789418,0.010487617,0.0147954095,0.06478699,0.00034757485,3.896791,0.8035236,10.363459,1.4654208,0.12957399,0.0006951497,0.102409065,0.021116888,0.12163638,0.017199712,252.36604,248.97574,334.1953,-2.2689445,16.385878,0.2246657
3,64,10,0.0048999996,0.044381425,0.01828528,0.012029551,0.014066596,0.06761154,0.00052242266,4.173433,1.0789534,10.104985,2.0950072,0.13522308,0.0010448453,0.10967931,0.028355286,0.11860268,0.024589194,252.27167,248.67038,333.19424,-3.1739607,16.385878,0.30764884
3,65,10,0.0048999996,0.045865677,0.021594204,0.011333167,0.012938306,0.07347483,-0.0021234425,4.0508327,0.77700603,9.691253,0.94666684,0.14694966,-0.004246885,0.106457345,0.020419998,0.11374667,0.011111071,252.25375,248.56439,333.44904,-1.7236729,16.383383,0.16128756
3,66,10,0.0048999996,0.04501809,0.01894566,0.011351313,0.014721119,0.06882162,-0.0023702164,4.0540743,0.65491015,10.337407,1.4332185,0.13764323,-0.004740433,0.10654254,0.017211277,0.12133062,0.016821751,252.27318,248.67645,333.35532,-2.0881286,16.383383,0.18297657
3,67,10,0.0048999996,0.04104295,0.018085571,0.011254311,0.011703067,0.0672413,-5.6785917e-5,4.0367155,-0.0044262432,9.2170315,-0.057869207,0.1344826,-0.000113571834,0.106086336,-0.00011632298,0.10818072,-0.000679213,252.28177,248.83212,332.95636,0.06229545,16.381111,0.098438546
3,68,10,0.0048999996,0.04387067,0.020848373,0.010819683,0.012202613,0.07219483,-0.00090883794,3.9580016,0.14546527,9.411691,0.009261478,0.14438966,-0.0018176759,0.104017705,0.0038228782,0.11046544,0.00010870277,252.29169,248.94524,333.35077,-0.15472674,16.381111,0.14366114
3,69,10,0.0048999996,0.045896303,0.02060433,0.010958979,0.014332994,0.07177104,-0.00055372744,3.9833987,-0.28793493,10.200224,-0.9232062,0.14354208,-0.0011074549,0.10468514,-0.0075670336,0.11972048,-0.010835713,252.2601,248.93245,333.16293,1.2111411,16.379122,0.21977867
3,70,10,0.0048999996,0.047059435,0.020245463,0.012569281,0.01424469,0.07114328,0.0004456075,4.26603,-0.40672278,10.168754,-0.9821048,0.14228655,0.000891215,0.112112805,-0.010688824,0.11935112,-0.011527011,252.21921,248.77809,332.26935,1.3888276,16.379122,0.18140702
3,71,10,0.0048999996,0.04979678,0.022255529,0.013188206,0.014353045,0.074591435,0.0015176852,4.3697996,-0.65176123,10.207356,-1.6436156,0.14918287,0.0030353705,0.11483991,-0.017128516,0.119804196,-0.01929119,252.25604,248.84967,332.92673,2.2953768,16.377491,0.20116106
3,72,10,0.0048999996,0.049571745,0.020686101,0.0129709,0.015914747,0.07191332,0.0012293305,4.3336487,-0.7977919,10.748332,-2.0295746,0.14382663,0.002458661,0.11388986,-0.020966265,0.12615366,-0.023821214,252.27377,248.80272,333.1156,2.8273666,16.377491,0.4307703
3,73,10,0.0048999996,0.05315472,0.023383344,0.014290702,0.015480675,0.07645807,0.0029700985,4.548785,-0.6224562,10.6007395,-0.90996474,0.15291613,0.005940197,0.119543724,-0.01635837,0.12442136,-0.010680297,252.28294,248.86435,332.6708,1.5324209,16.375954,0.2735644
3,74,10,0.0048999996,0.05201845,0.024014927,0.011943035,0.016060485,0.07748375,0.0015178857,4.1583977,-0.5904234,10.797432,-1.111197,0.1549675,0.0030357714,0.10928419,-0.015516541,0.12672997,-0.013042171,252.29417,248.94778,333.0116,1.7016203,16.375954,0.28034648
3,75,10,0.0048999996,0.04936155,0.02270085,0.012007672,0.014653029,0.075334005,0.0016016015,4.1696353,-0.5319938,10.313472,-0.35541478,0.15066801,0.003203203,0.109579526,-0.013980992,0.121049695,-0.0041715195,252.24036,248.79115,332.73273,0.8874086,16.374113,0.15284476
3,76,10,0.0048999996,0.052943826,0.022948662,0.013759819,0.016235342,0.07574408,0.002477961,4.4634953,-0.36228275,10.856052,-0.27148,0.15148816,0.004955922,0.117302254,-0.009520922,0.12741798,-0.0031863735,252.1728,248.52351,332.17444,0.6337627,16.374113,0.21689302
3,77,10,0.0048999996,0.05501735,0.026602905,0.012947677,0.015466768,0.081551984,0.002649674,4.329768,-0.31910393,10.595978,-0.5576875,0.16310397,0.005299348,0.11378786,-0.00838617,0.124365464,-0.006545602,252.14299,248.33925,332.59644,0.8767915,16.372246,0.22226724
3,78,10,0.0048999996,0.04830373,0.018740939,0.01343598,0.016126813,0.068448775,0.0024316197,4.410658,-0.52193046,10.819707,-0.59136105,0.13689755,0.0048632394,0.115913674,-0.013716522,0.12699139,-0.0069408286,252.11276,248.25201,332.80478,1.1132915,16.372246,0.28644454
3,79,10,0.0048999996,0.0518557,0.020804513,0.015816586,0.015234595,0.07211885,0.0025875587,4.7854757,0.1181238,10.516147,0.892045,0.1442377,0.0051751174,0.12576401,0.0031043387,0.1234285,0.010469971,252.04868,248.15524,332.00455,-1.0101688,16.37086,0.29250684
3,80,10,0.0048999996,0.051205594,0.022202214,0.014304861,0.0146985175,0.074502036,0.0014168873,4.5510383,0.09245832,10.329468,0.48897117,0.14900407,0.0028337745,0.11960293,0.0024298357,0.12123744,0.0057390784,252.02025,247.98074,331.97714,-0.5814295,16.37086,0.30279678
3,81,10,0.0048999996,0.050029848,0.02080564,0.014810031,0.014414177,0.0721208,0.00039220747,4.6307,0.59092623,10.229071,1.3818064,0.1442416,0.00078441494,0.12169647,0.015529756,0.12005906,0.016218325,252.05766,248.17133,331.95273,-1.9727325,16.37011,0.15903817
3,82,10,0.0048999996,0.052387096,0.021756731,0.016861688,0.013768675,0.07375082,0.0019965242,4.9410496,0.66220486,9.997405,1.9163328,0.14750163,0.0039930483,0.12985256,0.017402982,0.11734,0.022492083,252.09201,248.39186,331.6832,-2.5785377,16.37011,0.19021176
3,83,10,0.0048999996,0.054645017,0.024842931,0.016064145,0.013737941,0.0788082,-0.0006578161,4.82278,1.0049043,9.98624,1.9112185,0.1576164,-0.0013156323,0.1267444,0.026409246,0.117208965,0.022432059,252.14134,248.52774,332.32086,-2.916123,16.369675,0.37872213
3,84,10,0.0048999996,0.054710705,0.02340526,0.01605557,0.0152498735,0.07649389,0.00018046044,4.8214927,0.66336894,10.52142,1.6230854,0.15298778,0.00036092088,0.12671058,0.017433574,0.12349038,0.019050235,252.20436,248.89398,332.75458,-2.2864542,16.369675,0.30794647
3,85,10,0.0048999996,0.05501295,0.024378499,0.016856836,0.013777612,0.07806808,0.0017672699,4.9403386,0.40640855,10.0006485,0.9356974,0.15613616,0.0035345398,0.12983388,0.010680562,0.11737807,0.010982321,252.23933,249.13127,332.44785,-1.3421059,16.369059,0.1754219
3,86,10,0.0048999996,0.056096736,0.025112044,0.015076159,0.015908536,0.0792339,0.0014452201,4.67212,0.35977715,10.746234,0.390152,0.1584678,0.0028904402,0.12278501,0.009455071,0.12612905,0.004579233,252.28506,249.22604,333.09525,-0.7499292,16.369059,0.20150842
3,87,10,0.0048999996,0.052060477,0.02178601,0.013310725,0.01696374,0.07380042,0.00085231784,4.390051,-0.4703253,11.0969095,-1.1200633,0.14760084,0.0017046357,0.115372114,-0.012360315,0.13024493,-0.013146235,252.29622,249.32535,333.30087,1.5903885,16.36835,0.29031235
3,88,10,0.0048999996,0.05122159,0.023594812,0.013239111,0.014387667,0.07680301,0.0031909046,4.378225,-0.18000741,10.219659,-0.60284954,0.15360603,0.0063818092,0.115061335,-0.004730662,0.1199486,-0.0070756753,252.27155,249.19873,332.5441,0.78285694,16.36835,0.27010602
3,89,10,0.0048999996,0.051344384,0.024166746,0.012111278,0.01506636,0.07772829,0.0028498434,4.1875854,-0.49758032,10.457922,-1.0933905,0.15545657,0.0056996867,0.11005125,-0.013076589,0.122745104,-0.012833176,252.28911,249.13753,332.92404,1.5909708,16.367973,0.26845765
3,90,10,0.0048999996,0.047982723,0.019960968,0.012008543,0.016013214,0.070641644,0.0027733482,4.1697865,-0.5913346,10.781531,-1.0337462,0.14128329,0.0055466965,0.1095835,-0.015540483,0.12654333,-0.012133126,252.289,249.16963,333.0597,1.6250808,16.367973,0.2992101
3,91,10,0.0048999996,0.047124125,0.021292662,0.012799301,0.013032161,0.07296003,0.0037890424,4.304888,-0.13422027,9.726339,0.26301092,0.14592005,0.0075780847,0.113134,-0.0035273563,0.11415849,0.003086972,252.27081,249.23445,332.57126,-0.12879065,16.36785,0.1744538
3,92,10,0.0048999996,0.047568586,0.021490138,0.013330587,0.012747862,0.073297575,0.0020213844,4.393325,-0.14483178,9.619664,0.31742567,0.14659515,0.004042769,0.11545816,-0.0038062315,0.11290643,0.00372564,252.26085,249.19553,332.8953,-0.17259389,16.36785,0.13318089
3,93,10,0.0048999996,0.046344593,0.021313459,0.012329022,0.012702111,0.07299565,0.0017390564,4.225061,-0.19233988,9.602386,0.7437002,0.1459913,0.0034781129,0.11103613,-0.0050547617,0.112703644,0.008728844,252.26262,249.12987,332.90775,-0.5513603,16.367422,0.27681816
3,94,10,0.0048999996,0.04605949,0.02164832,0.011489469,0.012921704,0.07356684,0.0034328168,4.078671,0.05503855,9.685034,1.1634988,0.14713368,0.0068656337,0.10718894,0.0014464332,0.11367367,0.013656038,252.28662,249.25005,332.4266,-1.2185373,16.367422,0.27837104
3,95,10,0.0048999996,0.042511847,0.022138119,0.01065974,0.00971399,0.07439442,0.0018535684,3.9286375,-0.5295356,8.397307,-0.09402161,0.14878884,0.0037071367,0.10324602,-0.013916385,0.09855957,-0.0011035354,252.35878,249.54121,333.14624,0.6235572,16.366549,0.124009416
3,96,10,0.0048999996,0.042619,0.020633275,0.0102979,0.011687826,0.07182144,0.00066080515,3.8613842,-0.51776993,9.211028,0.18850315,0.14364287,0.0013216103,0.10147857,-0.013607182,0.10811025,0.002212469,252.38774,249.72337,333.32852,0.3292668,16.366549,0.14332983
3,97,10,0.0048999996,0.045892943,0.022664722,0.011560283,0.011667936,0.075274035,0.0018290142,4.091221,-0.3109534,9.203187,-0.21619299,0.15054807,0.0036580283,0.107518755,-0.008171966,0.10801822,-0.0025374654,252.42937,249.87134,333.16107,0.5271464,16.365677,0.2322387
3,98,10,0.0048999996,0.04479088,0.02154146,0.011395907,0.0118535105,0.073385045,0.0017505062,4.06203,-0.57311404,9.276086,-0.8359731,0.14677009,0.0035010125,0.10675161,-0.015061643,0.10887383,-0.009811854,252.49904,249.94208,333.94907,1.4090872,16.365677,0.23487385
3,99,10,0.0048999996,0.03927773,0.016155533,0.011102486,0.012019708,0.06355221,0.0002244391,4.0093946,-0.25890988,9.340889,-0.5865238,0.12710442,0.0004488782,0.10536834,-0.0068042437,0.10963443,-0.0068840547,252.54988,250.19194,334.34412,0.84543365,16.365059,0.16013719
3,100,10,0.0048999996,0.043573894,0.02049337,0.011781051,0.011299474,0.07157753,0.0028093276,4.130101,-0.15024415,9.056707,-0.2511093,0.14315505,0.005618655,0.10854055,-0.003948471,0.10629898,-0.002947282,252.54175,250.34416,333.74423,0.40135345,16.365059,0.10743043
4,1,10,0.0034299996,0.10060464,0.023313638,0.043704506,0.03358649,0.07634402,-0.0024418023,7.9548464,0.47894225,15.614336,-1.6972934,0.15268804,-0.0048836046,0.20905623,0.012586767,0.18326618,-0.019921212,253.07558,252.86282,339.184,1.2183511,16.364508,0.6873628
4,2,10,0.0034299996,0.102307014,0.026058216,0.04210409,0.034144707,0.08071279,-0.0023893227,7.8078384,0.47428602,15.743559,-2.07565,0.16142558,-0.0047786455,0.20519282,0.0124643985,0.18478286,-0.024361989,253.1235,253.06938,339.76154,1.6013639,16.364508,0.67869174
4,3,10,0.0034299996,0.09988725,0.026294814,0.04153679,0.032055646,0.08107838,-0.0063693034,7.7550592,0.034005523,15.254341,-2.438836,0.16215676,-0.012738607,0.20380576,0.0008936699,0.17904091,-0.028624726,253.21034,253.4691,340.4663,2.4048305,16.362892,0.49749768
4,4,10,0.0034299996,0.09923803,0.02467955,0.04214836,0.032410122,0.07854863,-0.004453837,7.811942,0.14492227,15.338453,-1.8509747,0.15709727,-0.008907674,0.20530066,0.0038086092,0.18002811,-0.021724971,253.22328,253.62704,340.18765,1.7060524,16.362892,0.541869
4,5,10,0.0034299996,0.09335605,0.028528664,0.03662991,0.028197475,0.08445215,-0.004022931,7.282603,-0.051531244,14.306925,-3.142051,0.1689043,-0.008045862,0.19138943,-0.0013542561,0.16792104,-0.036878392,253.26656,253.7187,340.52225,3.1935823,16.36063,0.48843765
4,6,10,0.0034299996,0.098615535,0.025378019,0.042691663,0.030545855,0.0796524,-0.007323842,7.86213,-0.26139832,14.890776,-2.9224372,0.1593048,-0.014647684,0.2066196,-0.006869634,0.17477372,-0.034300786,253.30531,253.79034,340.78125,3.1838355,16.36063,0.50937307
4,7,10,0.0034299996,0.09198909,0.02398264,0.04091536,0.027091095,0.07743165,-0.0062467456,7.6968293,-0.40146983,14.0234375,-3.1523848,0.1548633,-0.012493491,0.20227545,-0.010550769,0.16459373,-0.036999684,253.27142,253.69034,340.1049,3.5538545,16.358257,0.572123
4,8,10,0.0034299996,0.09192051,0.027219249,0.037323523,0.027377738,0.082491286,-0.0049744574,7.3512297,-0.32815075,14.097431,-3.2610586,0.16498257,-0.009948915,0.19319297,-0.008623918,0.1654622,-0.038275197,253.30327,253.777,340.42844,3.5892093,16.358257,0.580428
4,9,10,0.0034299996,0.08422148,0.026594544,0.03417837,0.023448572,0.08153917,-0.007605125,7.0346794,-0.24655706,13.046662,-2.5815818,0.16307834,-0.01521025,0.18487392,-0.00647961,0.15312926,-0.030300146,253.34904,253.95004,340.5924,2.8281388,16.356014,0.40490213
4,10,10,0.0034299996,0.08616942,0.026457995,0.036156,0.023555432,0.08132957,-0.00499107,7.235339,-0.38623124,13.076357,-2.3060362,0.16265914,-0.00998214,0.19014731,-0.010150308,0.15347779,-0.02706606,253.3731,254.14943,340.14252,2.6922674,16.356014,0.4290329
4,11,10,0.0034299996,0.07649257,0.02690784,0.02917403,0.020410703,0.08201805,-0.007748493,6.499304,0.44582975,12.172231,-1.2664449,0.1640361,-0.015496986,0.17080407,0.01171658,0.14286603,-0.014864316,253.47931,254.5565,340.97128,0.8206152,16.353859,0.329865
4,12,10,0.0034299996,0.07774657,0.025516659,0.029113725,0.02311619,0.07986967,-0.010825491,6.4925838,0.5421867,12.953862,-0.98440385,0.15973935,-0.021650981,0.17062744,0.014248865,0.1520401,-0.011554,253.5386,254.72806,341.73425,0.44221717,16.353859,0.3547053
4,13,10,0.0034299996,0.070843816,0.022350445,0.027150648,0.021342728,0.07475033,-0.008349088,6.269873,0.5439635,12.447043,-0.60501564,0.14950065,-0.016698176,0.16477454,0.014295554,0.1460915,-0.0071011,253.49951,254.55031,340.8963,0.061052144,16.351566,0.46585187
4,14,10,0.0034299996,0.07459047,0.025545496,0.028040953,0.021004016,0.07991479,-0.006593271,6.3718433,0.41356912,12.34788,-0.8262505,0.15982959,-0.013186542,0.16745433,0.010868747,0.14492762,-0.009697736,253.5101,254.48099,340.69653,0.41268137,16.351566,0.43679136
4,15,10,0.0034299996,0.06680327,0.024023665,0.02330008,0.019479522,0.07749785,-0.009305877,5.808277,0.09856106,11.891328,-0.7900767,0.1549957,-0.018611753,0.15264364,0.0025902253,0.13956906,-0.00927316,253.5346,254.50757,341.00934,0.6915156,16.349026,0.29768506
4,16,10,0.0034299996,0.06466936,0.021278292,0.02383898,0.01955209,0.0729354,-0.0061384114,5.875063,0.12658745,11.913459,-0.2807916,0.1458708,-0.012276823,0.15439877,0.0033267532,0.13982879,-0.003295665,253.54541,254.65088,340.68427,0.15420416,16.349026,0.31615293
4,17,10,0.0034299996,0.05886718,0.022101277,0.019204283,0.017561618,0.07433249,-0.005601652,5.273121,-0.60536295,11.290768,-1.5250572,0.14866498,-0.011203304,0.13857952,-0.01590916,0.13252026,-0.017899668,253.59859,254.8473,341.14102,2.1304202,16.3465,0.25798208
4,18,10,0.0034299996,0.06449203,0.027088063,0.0189827,0.01842127,0.08229226,-0.0075718006,5.2426114,-0.5574077,11.563811,-1.2754833,0.16458452,-0.015143601,0.13777772,-0.014648872,0.13572498,-0.014970404,253.63411,254.94032,341.62027,1.832891,16.3465,0.26423618
4,19,10,0.0034299996,0.05658864,0.021592477,0.018161573,0.01683459,0.0734719,-0.0037469966,5.1279697,-1.0949049,11.054585,-1.1399777,0.1469438,-0.0074939933,0.13476488,-0.028774494,0.12974818,-0.013379969,253.6365,255.0121,341.07208,2.2348826,16.344437,0.36671805
4,20,10,0.0034299996,0.060658254,0.02473286,0.019607265,0.016318128,0.07863342,-0.004238027,5.3281593,-1.1838844,10.883695,-1.5753446,0.15726684,-0.008476054,0.14002594,-0.031112915,0.12774242,-0.018489894,253.6845,255.18312,341.60495,2.759229,16.344437,0.399641
4,21,10,0.0034299996,0.059260055,0.021252785,0.021532739,0.01647453,0.072891675,-0.006002056,5.5836515,-1.1703541,10.93573,-0.7145867,0.14578335,-0.012004112,0.14674038,-0.03075733,0.12835315,-0.008387137,253.7107,255.3016,341.96957,1.8849409,16.342896,0.28501776
4,22,10,0.0034299996,0.059547577,0.020878937,0.023253957,0.015414682,0.07224773,-0.0032017864,5.802526,-1.2350985,10.578121,-0.23195995,0.14449546,-0.006403573,0.15249248,-0.03245883,0.12415588,-0.002722523,253.70381,255.30426,341.3129,1.4670584,16.342896,0.26351473
4,23,10,0.0034299996,0.056696326,0.02236092,0.019796116,0.014539287,0.07476784,-0.0039957142,5.3537574,-0.76087505,10.273368,0.5944951,0.14953569,-0.0079914285,0.14069867,-0.019996071,0.12057897,0.0069776163,253.75963,255.37192,341.64584,0.16637993,16.341759,0.20016026
4,24,10,0.0034299996,0.060042277,0.026455902,0.019427605,0.01415877,0.08132635,-0.0056672585,5.3036914,-0.6405021,10.13804,0.72906756,0.1626527,-0.011334517,0.13938294,-0.016832625,0.11899063,0.008557099,253.80388,255.40887,341.83893,-0.08856547,16.341759,0.22901149
4,25,10,0.0034299996,0.054132976,0.02066003,0.019331183,0.014141763,0.07186799,-0.0023271092,5.2905145,-0.15186445,10.131948,1.6650592,0.14373598,-0.0046542184,0.13903663,-0.00399105,0.11891914,0.01954288,253.77205,255.35803,340.90433,-1.5131948,16.34065,0.38455155
4,26,10,0.0034299996,0.055176497,0.02230918,0.019022943,0.01384437,0.07468129,-0.0030236205,5.248166,-0.11560209,10.024848,1.52548,0.14936258,-0.006047241,0.13792369,-0.0030380632,0.1176621,0.017904628,253.76631,255.34912,341.1714,-1.4098779,16.34065,0.39539433
4,27,10,0.0034299996,0.05761122,0.025912844,0.018351851,0.013346523,0.08048733,-0.0046714777,5.154762,-0.042652246,9.84295,1.6609274,0.16097467,-0.009342955,0.135469,-0.0011209141,0.11552715,0.019494377,253.77484,255.34663,341.49985,-1.6182752,16.339304,0.33165652
4,28,10,0.0034299996,0.050938666,0.019984718,0.017405374,0.013548574,0.07068366,-0.002139672,5.0200763,-0.08552763,9.917176,1.2240947,0.14136732,-0.004279344,0.13192943,-0.0022476984,0.11639834,0.014367257,253.74104,255.25284,340.91397,-1.1385671,16.339304,0.2760253
4,29,10,0.0034299996,0.050618615,0.021382075,0.015196097,0.014040444,0.073113054,0.0005014652,4.690668,-0.42448202,10.095588,0.69868684,0.14622611,0.0010029305,0.12327245,-0.011155545,0.11849238,0.008200516,253.7436,255.21303,340.85898,-0.27420482,16.337847,0.2585991
4,30,10,0.0034299996,0.05566194,0.025353916,0.015964394,0.014343625,0.079614565,-0.001853874,4.807783,-0.27543122,10.204006,0.96265316,0.15922913,-0.003707748,0.12635028,-0.0072384346,0.11976487,0.0112987,253.73471,255.09296,340.9982,-0.68722194,16.337847,0.24027276
4,31,10,0.0034299996,0.052602988,0.020815102,0.016392307,0.015395577,0.0721372,0.0018239755,4.8717923,-0.58505636,10.571564,0.10822227,0.1442744,0.003647951,0.12803245,-0.015375491,0.124078915,0.0012702123,253.7062,255.0382,340.5035,0.4768341,16.336731,0.40445328
4,32,10,0.0034299996,0.05429884,0.020320402,0.017999792,0.015978646,0.071274824,0.0004883282,5.1050787,-0.57565624,10.769888,-0.37977523,0.14254965,0.0009766564,0.1341633,-0.015128453,0.12640667,-0.0044574365,253.73276,255.11673,341.0383,0.95543146,16.336731,0.46229294
4,33,10,0.0034299996,0.05630899,0.023134813,0.018099481,0.015074696,0.07605066,2.773347e-5,5.119196,0.08232621,10.460814,0.7375268,0.15210132,5.546694e-5,0.13453431,0.0021635666,0.12277906,0.008656387,253.71304,254.9869,341.13763,-0.819853,16.336071,0.2654499
4,34,10,0.0034299996,0.051565006,0.018104024,0.01773772,0.015723264,0.0672756,0.0024460186,5.067778,0.1171381,10.6834755,0.4430683,0.1345512,0.0048920373,0.13318303,0.0030784379,0.12539244,0.0052003115,253.61821,254.62675,340.06003,-0.5602064,16.336071,0.25942558
4,35,10,0.0034299996,0.04426185,0.016685847,0.014329691,0.013246313,0.064586855,0.0013101781,4.5549865,0.6896547,9.805928,1.114178,0.12917371,0.0026203562,0.11970669,0.018124374,0.11509263,0.01307716,253.5728,254.3103,340.2434,-1.8038327,16.335623,0.22742914
4,36,10,0.0034299996,0.05669894,0.025520138,0.016636685,0.014542116,0.07987512,-0.00039733574,4.9079723,1.18433,10.274365,1.7043408,0.15975024,-0.0007946715,0.12898327,0.031124616,0.120590694,0.020003926,253.54433,254.1667,340.33783,-2.888671,16.335623,0.35837153
4,37,10,0.0034299996,0.04714437,0.019216238,0.0131854825,0.014742651,0.06931132,0.0034545623,4.3693485,0.93186617,10.344965,1.1123964,0.13862264,0.0069091246,0.11482806,0.024489783,0.12141932,0.013056244,253.4607,253.91264,339.44617,-2.0442624,16.334972,0.30573112
4,38,10,0.0034299996,0.0445636,0.018288758,0.013227684,0.01304716,0.06761797,0.0040390403,4.376335,0.9919425,9.7319355,0.9309618,0.13523594,0.008078081,0.11501167,0.026068607,0.114224166,0.010926739,253.41594,253.65471,339.42282,-1.9229043,16.334972,0.30964863
4,39,10,0.0034299996,0.048289403,0.02169536,0.013694192,0.012899851,0.073646724,0.0030285665,4.4528384,0.68600726,9.67684,0.524972,0.14729345,0.006057133,0.11702219,0.018028516,0.113577515,0.0061616222,253.39359,253.4987,339.58005,-1.2109792,16.334038,0.23912679
4,40,10,0.0034299996,0.043848578,0.01821354,0.012969349,0.012665689,0.067478776,0.003918492,4.33339,0.5357821,9.588611,-0.1330168,0.13495755,0.007836984,0.11388305,0.014080549,0.112541944,-0.0015612226,253.35872,253.49132,338.9706,-0.4027653,16.334038,0.1990579
4,41,10,0.0034299996,0.03973369,0.015943687,0.012828535,0.010961466,0.063134156,0.0053722733,4.3098006,-0.2419022,8.920219,-1.2461258,0.12626831,0.010744547,0.11326312,-0.0063572796,0.10469702,-0.014625833,253.37978,253.52867,339.44885,1.488028,16.332926,0.2754199
4,42,10,0.0034299996,0.04629456,0.022020718,0.012700317,0.011573523,0.0741969,0.0036662223,4.2882094,-0.13563795,9.165877,-0.69111943,0.1483938,0.0073324447,0.11269569,-0.0035646143,0.10758031,-0.008111694,253.44054,253.71686,340.082,0.8267574,16.332926,0.25241843
4,43,10,0.0034299996,0.04238632,0.018843,0.012740012,0.010803309,0.068634905,0.0065429113,4.294905,-0.7259745,8.855634,-1.1413562,0.13726981,0.013085823,0.11287166,-0.01907887,0.10393897,-0.013396148,253.49934,254.09955,339.94452,1.8673308,16.33198,0.30408284
4,44,10,0.0034299996,0.0432392,0.018575942,0.013841801,0.010821456,0.068146795,0.005939202,4.4767723,-0.7987881,8.863069,-0.97290057,0.13629359,0.011878404,0.11765119,-0.020992437,0.10402623,-0.011418979,253.56787,254.33578,340.707,1.7716887,16.33198,0.3143592
4,45,10,0.0034299996,0.044456843,0.019483166,0.013281774,0.011691902,0.069791056,0.0032932244,4.385274,-0.37764803,9.212633,-0.6457449,0.13958211,0.0065864488,0.11524658,-0.009924726,0.1081291,-0.007579134,253.57114,254.24884,340.76935,1.0233929,16.331104,0.17365208
4,46,10,0.0034299996,0.042502634,0.017498363,0.013408972,0.0115953,0.06614069,0.0065893587,4.406222,-0.39219394,9.174496,-0.99041146,0.13228138,0.013178717,0.11579712,-0.010307,0.107681476,-0.011624502,253.515,254.05255,339.89667,1.3826054,16.331104,0.17099968
4,47,10,0.0034299996,0.041269526,0.01665168,0.013185693,0.011432151,0.064520694,0.0025832348,4.369383,0.09346463,9.109723,-0.4528938,0.12904139,0.0051664696,0.114828974,0.002456282,0.10692124,-0.0053156368,253.50525,253.92357,340.07047,0.35942918,16.329947,0.24376626
4,48,10,0.0034299996,0.04226534,0.01693954,0.013801956,0.011523847,0.06507599,0.002145002,4.4703236,0.15467334,9.146184,-0.46689695,0.13015199,0.004290004,0.11748172,0.004064873,0.10734918,-0.005479989,253.49515,253.8178,339.97397,0.3122236,16.329947,0.26541626
4,49,10,0.0034299996,0.04013352,0.01583586,0.013314366,0.010983293,0.06292031,0.0018095218,4.390651,-0.10848621,8.929096,-0.7346384,0.12584062,0.0036190436,0.115387894,-0.0028510587,0.10480121,-0.008622485,253.47069,253.7984,339.22116,0.8431246,16.328348,0.25523663
4,50,10,0.0034299996,0.03612606,0.013949943,0.012466325,0.009709791,0.059054937,0.00037935135,4.2485228,-0.27851707,8.395492,-0.16446146,0.118109874,0.0007587027,0.1116527,-0.0073195286,0.09853827,-0.0019302919,253.50471,253.93011,339.74026,0.44297853,16.328348,0.21594469
4,51,10,0.0034299996,0.036307395,0.015649466,0.011252575,0.009405354,0.06254891,-0.0009508823,4.036404,-0.39247754,8.26283,-0.6446875,0.12509783,-0.0019017647,0.106078155,-0.010314452,0.096981205,-0.0075667268,253.5058,253.94894,339.9286,1.037165,16.326296,0.14738946
4,52,10,0.0034299996,0.036029175,0.014398828,0.0120242275,0.009606121,0.05999756,0.00037085725,4.1725082,-0.32653353,8.3505535,-0.8908249,0.11999512,0.0007417145,0.10965504,-0.008581418,0.09801082,-0.010455652,253.44827,253.79436,339.298,1.2173585,16.326296,0.13465545
4,53,10,0.0034299996,0.034441467,0.0130090155,0.012542025,0.008890428,0.057028536,-0.001562909,4.2614017,-0.18757875,8.033459,-0.8964292,0.11405707,-0.003125818,0.11199118,-0.0049296366,0.094289064,-0.010521432,253.43004,253.59494,339.58215,1.084008,16.32423,0.2336663
4,54,10,0.0034299996,0.037990082,0.016544059,0.012198353,0.009247669,0.064311855,-0.002632721,4.2026114,-0.17391028,8.193271,-1.1551502,0.12862371,-0.005265442,0.110446155,-0.004570425,0.0961648,-0.013558053,253.41919,253.49799,339.55103,1.3290604,16.32423,0.24479833
4,55,10,0.0034299996,0.035950933,0.014581943,0.012024696,0.009344294,0.06037786,-0.001525515,4.1725903,0.27818507,8.235965,-0.63799477,0.12075572,-0.00305103,0.109657176,0.0073108063,0.09666589,-0.0074881725,253.37311,253.35364,338.80707,0.3598097,16.32233,0.15994841
4,56,10,0.0034299996,0.03407641,0.013808654,0.011793572,0.008474185,0.058755115,-0.0034119366,4.1322956,0.23914595,7.843144,-0.5419891,0.11751023,-0.006823873,0.10859822,0.006284843,0.092055336,-0.0063613523,253.40738,253.51299,339.35953,0.30284315,16.32233,0.1957028
4,57,10,0.0034299996,0.03411629,0.01670196,0.010060875,0.007353457,0.06461803,-0.0066670757,3.8166873,0.7978127,7.3061233,0.5511471,0.12923606,-0.013334151,0.10030391,0.020966807,0.0857523,0.006468839,253.42792,253.65424,339.58878,-1.3489598,16.320501,0.14689843
4,58,10,0.0034299996,0.029333191,0.013080559,0.009802872,0.006449761,0.057185136,-0.0050644153,3.7674313,0.93884444,6.8424716,0.63938373,0.11437027,-0.010128831,0.099009454,0.024673168,0.080310404,0.007504478,253.3808,253.51529,338.9925,-1.5782282,16.320501,0.17020722
4,59,10,0.0034299996,0.028336916,0.012468322,0.009638322,0.0062302714,0.05583082,-0.0057089985,3.7356772,1.0213735,6.725037,0.9760989,0.11166164,-0.011417997,0.09817495,0.026842069,0.07893207,0.0114565175,253.38176,253.42491,339.37875,-1.9974724,16.318546,0.23172872
4,60,10,0.0034299996,0.030045182,0.013667386,0.009617997,0.006759798,0.0584538,-0.0063280794,3.7317364,1.0418786,7.0049987,1.1662991,0.1169076,-0.012656159,0.09807139,0.027380943,0.08221799,0.013688906,253.38916,253.42996,339.32678,-2.2081776,16.318546,0.24992295
4,61,10,0.0034299996,0.026401846,0.011102474,0.008762818,0.006536552,0.05268414,-0.004537526,3.5619724,0.58398694,6.8883553,0.77723926,0.10536828,-0.009075052,0.09360992,0.015347387,0.08084895,0.009122494,253.3693,253.45932,338.884,-1.3612262,16.316387,0.15152703
4,62,10,0.0034299996,0.025558248,0.010766969,0.008284087,0.006507191,0.051882003,-0.005562236,3.463307,0.5679543,6.872868,0.9629949,0.103764005,-0.011124472,0.09101696,0.014926044,0.08066716,0.011302713,253.37515,253.4416,339.34308,-1.5309491,16.316387,0.1456492
4,63,10,0.0034299996,0.029504318,0.014022856,0.009493039,0.0059884223,0.05920907,-0.005492934,3.7074158,0.13536032,6.5932174,0.44220182,0.11841814,-0.010985868,0.097432226,0.0035573174,0.0773849,0.005190142,253.3758,253.43346,339.46188,-0.57756215,16.314106,0.13997732
4,64,10,0.0034299996,0.032200925,0.014481808,0.009977104,0.007742012,0.060170192,-0.0049269027,3.8007643,0.106716745,7.496665,-0.011831303,0.120340385,-0.009853805,0.099885456,0.0028045569,0.087988704,-0.00013886558,253.31828,253.2511,338.67038,-0.09488544,16.314106,0.12738408
4,65,10,0.0034299996,0.027561229,0.011190868,0.009759468,0.0066108927,0.05289345,-0.0026478535,3.7590814,-0.3929008,6.927417,-0.6082182,0.1057869,-0.005295707,0.09879002,-0.010325575,0.0813074,-0.007138686,253.29788,253.01346,338.7485,1.001119,16.311914,0.15123074
4,66,10,0.0034299996,0.026836634,0.011430616,0.009306048,0.006099969,0.05345703,-0.0042542377,3.6707208,-0.254109,6.6543403,-0.40284142,0.10691406,-0.0085084755,0.09646786,-0.0066780755,0.0781023,-0.0047281687,253.31404,253.01866,338.86795,0.6569504,16.311914,0.13677005
4,67,10,0.0034299996,0.027093079,0.01269037,0.008426781,0.0059759277,0.05632577,-0.0011922442,3.4930074,-0.6699314,6.586336,-0.7600148,0.11265154,-0.0023844885,0.0917975,-0.017606042,0.077304125,-0.008920327,253.33548,253.20435,338.6031,1.4299462,16.309752,0.11830094
4,68,10,0.0034299996,0.026902774,0.011204633,0.008718088,0.006980052,0.05292597,-0.0022414878,3.5528703,-0.88976437,7.118205,-0.8092312,0.10585194,-0.0044829757,0.093370706,-0.023383329,0.083546706,-0.009497984,253.38806,253.44002,339.19894,1.6989956,16.309752,0.18320456
4,69,10,0.0034299996,0.032685753,0.015399689,0.010471025,0.006815037,0.062047742,-0.0031082323,3.8937073,-0.7703995,7.0335617,-0.12788926,0.124095485,-0.0062164646,0.102328025,-0.020246377,0.08255324,-0.001501043,253.37386,253.37582,339.18173,0.8982888,16.307514,0.15693532
4,70,10,0.0034299996,0.03222996,0.012522575,0.011604191,0.008103192,0.055952158,-0.0021197966,4.0989833,-0.7039369,7.6695385,-0.53334695,0.111904316,-0.004239593,0.10772275,-0.018499717,0.09001773,-0.006259918,253.32465,253.1013,338.26642,1.2372838,16.307514,0.13578519
4,71,10,0.0034299996,0.029560592,0.011518568,0.010923915,0.0071181087,0.053662296,-0.0007905704,3.9770205,-0.5610749,7.1882563,-0.25110006,0.10732459,-0.0015811408,0.104517534,-0.01474525,0.084368885,-0.0029471728,253.33223,253.04707,338.67648,0.812175,16.305067,0.13217963
4,72,10,0.0034299996,0.029801968,0.012128175,0.010475854,0.0071979393,0.055063996,-0.002438223,3.894605,-0.5447907,7.2284517,-0.24542491,0.11012799,-0.004876446,0.10235162,-0.0143172955,0.08484067,-0.0028805642,253.34895,253.08444,338.87903,0.7902156,16.305067,0.18098125
4,73,10,0.0034299996,0.027368784,0.011396586,0.008781347,0.0071908487,0.053377397,-0.00050884846,3.5657365,-0.43987197,7.22489,-0.45611548,0.106754795,-0.0010176969,0.09370884,-0.011559989,0.08479887,-0.0053534484,253.31187,253.0241,338.378,0.89598745,16.302332,0.16813374
4,74,10,0.0034299996,0.025898863,0.010356109,0.008831987,0.0067107687,0.050882485,-0.00011942788,3.5760028,-0.4475182,6.97955,-0.3012395,0.10176497,-0.00023885576,0.09397865,-0.011760941,0.08191928,-0.003535661,253.24857,252.60776,338.31052,0.7487577,16.302332,0.14117777
4,75,10,0.0034299996,0.026645148,0.010889582,0.00896161,0.0067939553,0.05217658,-0.00092645845,3.6021492,-0.113074064,7.0226746,-0.22982551,0.10435316,-0.0018529169,0.09466578,-0.0029716294,0.08242545,-0.0026974718,253.19397,252.32428,338.00406,0.34289956,16.2993,0.101619594
4,76,10,0.0034299996,0.029343225,0.011777226,0.009622146,0.007943853,0.054261465,0.0016079519,3.7325413,-0.08610858,7.5937586,-0.71146506,0.10852293,0.0032159039,0.09809254,-0.0022629655,0.08912829,-0.0083505,253.14731,252.21457,337.2181,0.7975736,16.2993,0.11217085
4,77,10,0.0034299996,0.027360965,0.012387547,0.008609908,0.0063635106,0.05564968,0.0010300871,3.5307577,0.032907486,6.796568,-0.25012064,0.11129936,0.0020601742,0.09278959,0.00086482125,0.079771616,-0.002935678,253.13629,252.13431,337.3376,0.21721315,16.296215,0.19828999
4,78,10,0.0034299996,0.026930023,0.011361097,0.008640743,0.006928182,0.053294223,-0.0006023194,3.5370743,0.09066295,7.0917087,0.030802255,0.106588446,-0.0012046387,0.0929556,0.0023826535,0.0832357,0.00036152717,253.10219,251.9268,337.3768,-0.121465206,16.296215,0.20586064
4,79,10,0.0034299996,0.027198344,0.012527584,0.008004852,0.006665907,0.055963345,0.0014331572,3.4044373,0.21858373,6.95618,0.022434775,0.11192669,0.0028663145,0.089469835,0.005744459,0.081645004,0.00026331766,253.05536,251.70483,336.6258,-0.2410185,16.293358,0.09900501
4,80,10,0.0034299996,0.024696842,0.012149476,0.007017414,0.0055299522,0.055112332,0.001337962,3.1875515,0.037391953,6.3358054,-0.044096608,0.110224664,0.002675924,0.08377001,0.0009826735,0.07436365,-0.0005175649,253.07004,251.69624,337.1026,0.0067046545,16.293358,0.10189133
4,81,10,0.0034299996,0.022230476,0.010575475,0.0062473873,0.0054076123,0.051418565,0.0008453241,3.0075848,0.3331675,6.265331,0.7183169,0.10283713,0.0016906481,0.079040416,0.008755762,0.07353647,0.008430918,253.08195,251.80724,337.41415,-1.0514843,16.29043,0.14173795
4,82,10,0.0034299996,0.025566725,0.01232319,0.0071661943,0.00607734,0.055504933,0.00328882,3.221165,0.35797134,6.641987,0.4700588,0.111009866,0.00657764,0.08465338,0.009407615,0.077957295,0.005517101,253.03212,251.68555,336.6936,-0.8280301,16.29043,0.17151111
4,83,10,0.0034299996,0.023851888,0.0116952825,0.006430396,0.005726209,0.054072365,0.0015201517,3.0513182,0.4013496,6.4472537,0.28681555,0.10814473,0.0030403035,0.08018975,0.010547614,0.07567172,0.003366368,252.99156,251.4143,336.81656,-0.6881652,16.287342,0.14598878
4,84,10,0.0034299996,0.023312695,0.011152178,0.005782365,0.006378152,0.052801937,0.0017966842,2.8934863,0.47389296,6.804381,0.26499158,0.105603874,0.0035933685,0.07604186,0.012454077,0.07986333,0.0031102195,252.8995,250.97694,336.49014,-0.73888457,16.287342,0.17399335
4,85,10,0.0034299996,0.023562016,0.011491385,0.0066658873,0.005404742,0.05359894,0.0031518508,3.106688,0.48161384,6.2636676,-0.34308463,0.10719788,0.0063037015,0.081644885,0.012656988,0.07351695,-0.0040268,252.76865,250.54128,335.18726,-0.13852921,16.28406,0.09320702
4,86,10,0.0034299996,0.026182525,0.012228542,0.007633241,0.006320741,0.05529137,0.00054941175,3.3244755,0.58237493,6.7736883,-0.16596195,0.11058274,0.0010988235,0.08736842,0.015305025,0.07950309,-0.001947903,252.69907,250.18419,335.04507,-0.41641298,16.28406,0.09968795
4,87,10,0.0034299996,0.025166912,0.010863492,0.007963586,0.006339835,0.05211404,0.0016061423,3.3956506,0.23064256,6.783912,-0.48870113,0.10422808,0.0032122845,0.08923893,0.006061371,0.07962308,-0.0057359072,252.70384,250.1816,335.0613,0.25805858,16.280703,0.12853746
4,88,10,0.0034299996,0.027081797,0.011735749,0.008573399,0.0067726485,0.054165833,0.002454262,3.523264,0.13702485,7.0116544,-0.4865595,0.108331665,0.004908524,0.09259265,0.0036010628,0.0822961,-0.0057107704,252.73149,250.37619,334.8249,0.34953466,16.280703,0.14007203
4,89,10,0.0034299996,0.027304575,0.012452283,0.007999972,0.0068523204,0.0557949,0.0023961451,3.4033997,-0.18289636,7.052775,-0.76684195,0.1115898,0.0047922903,0.089442566,-0.004806583,0.082778744,-0.009000458,252.73999,250.32988,335.25055,0.9497383,16.277445,0.16292714
4,90,10,0.0034299996,0.026702292,0.011517113,0.008302885,0.006882294,0.053658906,0.003012574,3.467234,-0.047795758,7.068184,-0.47403607,0.10731781,0.006025148,0.09112017,-0.0012560899,0.08295959,-0.005563783,252.71497,250.2049,335.29205,0.5218318,16.277445,0.16320087
4,91,10,0.0034299996,0.030130375,0.014365395,0.008826551,0.0069384286,0.059927862,0.0041577127,3.5749028,-0.14399116,7.0969496,-0.40974554,0.119855724,0.008315425,0.09394973,-0.0037841375,0.08329723,-0.004809203,252.69395,250.1883,334.52686,0.5537367,16.274347,0.103283204
4,92,10,0.0034299996,0.0320805,0.016509205,0.008887715,0.006683581,0.06424408,0.0043481463,3.5872674,-0.18064596,6.9653964,-0.25116417,0.12848815,0.0086962925,0.09427468,-0.0047474415,0.08175317,-0.0029479242,252.71556,250.22035,334.79678,0.43181014,16.274347,0.12977977
4,93,10,0.0034299996,0.029811546,0.014775515,0.008915382,0.0061206487,0.060777288,0.005121961,3.5928469,-0.13569823,6.665611,0.7192444,0.121554576,0.010243922,0.094421305,-0.0035661976,0.078234576,0.008441805,252.74521,250.35379,335.02264,-0.58354616,16.271315,0.103538185
4,94,10,0.0034299996,0.032882378,0.014370537,0.010611936,0.007899904,0.059938587,0.004629192,3.9198186,-0.26888245,7.5727234,0.722313,0.119877174,0.009258384,0.10301425,-0.0070663258,0.0888814,0.00847782,252.74428,250.4718,334.62985,-0.45343053,16.271315,0.12891595
4,95,10,0.0034299996,0.033215057,0.014184398,0.010170768,0.008859892,0.059549134,0.004288485,3.837475,-0.47635993,8.01965,0.83232963,0.11909827,0.00857697,0.100850224,-0.012518908,0.094127,0.009769091,252.71184,250.2648,334.81076,-0.3559697,16.268219,0.16447149
4,96,10,0.0034299996,0.031194828,0.012688663,0.00977136,0.0087348055,0.056321982,0.00469148,3.7613711,-0.5156997,7.9628363,0.763947,0.112643965,0.00938296,0.09885019,-0.013552769,0.09346018,0.008966481,252.68028,250.10844,334.73602,-0.24824733,16.268219,0.16200928
4,97,10,0.0034299996,0.032768793,0.014727587,0.009416602,0.008624605,0.060678635,0.0047398475,3.6924596,-0.6829703,7.9124465,0.15670197,0.12135727,0.009479695,0.09703918,-0.017948708,0.09286875,0.0018392181,252.62689,249.90363,334.02774,0.5262683,16.26499,0.12511674
4,98,10,0.0034299996,0.03200013,0.015036208,0.00946036,0.007503563,0.061311107,0.0043748575,3.701029,-0.7517849,7.380316,0.012788753,0.122622214,0.008749715,0.09726438,-0.01975718,0.08662311,0.00015010106,252.61636,249.7551,334.33917,0.73899615,16.26499,0.12122895
4,99,10,0.0034299996,0.028055958,0.011570226,0.008558591,0.007927143,0.053782493,0.0048926137,3.52022,-0.82174397,7.5857687,0.20029067,0.107564986,0.0097852275,0.09251265,-0.021595733,0.089034505,0.0023508193,252.60614,249.70482,334.2185,0.6214533,16.261805,0.14089456
4,100,10,0.0034299996,0.028388176,0.011993693,0.0083609205,0.008033563,0.05475786,0.0051989756,3.4793308,-0.77749974,7.636518,0.26417106,0.10951572,0.010397951,0.09143807,-0.020432975,0.08963015,0.0031005875,252.57864,249.6804,333.70425,0.5133287,16.261805,0.13177948
5,1,10,0.0024009997,0.07204318,0.027888397,0.017305974,0.026848804,0.0834991,0.0048125917,5.005722,-0.109261096,13.9605875,0.19043215,0.1669982,0.009625183,0.13155217,-0.0028714314,0.16385604,0.0022351092,251.79225,247.13428,331.02225,-0.08117105,16.25881,0.3839618
5,2,10,0.0024009997,0.06854097,0.02849286,0.015026359,0.025021747,0.08439914,0.0061640623,4.6643972,-0.12317326,13.47721,-0.30255574,0.16879828,0.012328125,0.12258205,-0.0032370402,0.15818264,-0.00355111,251.75908,246.9427,331.31897,0.425729,16.25881,0.3876204
5,3,10,0.0024009997,0.06764142,0.026137324,0.015219927,0.026284175,0.08083521,0.0047344007,4.6943445,0.14637817,13.813011,0.67202526,0.16167042,0.009468801,0.12336907,0.0038468693,0.16212395,0.007887593,251.74258,246.90105,331.53378,-0.8184034,16.256714,0.22450829
5,4,10,0.0024009997,0.06964942,0.028164905,0.014400001,0.027084516,0.083912015,0.0053144,4.5661473,-0.02878794,14.021734,0.5322605,0.16782403,0.0106288,0.120000005,-0.00075656234,0.16457374,0.0062471735,251.70493,246.84943,330.79245,-0.50347257,16.256714,0.28759602
5,5,10,0.0024009997,0.06347407,0.02669297,0.013226797,0.023554297,0.08168992,0.003717953,4.3761883,0.37190378,13.076042,0.860672,0.16337983,0.007435906,0.11500781,0.0097737685,0.15347409,0.010101751,251.69133,246.74696,330.9156,-1.2325758,16.254517,0.27163544
5,6,10,0.0024009997,0.061970826,0.02320288,0.016019695,0.02274825,0.07616246,0.0017658941,4.816103,0.63293594,12.850357,1.58088,0.15232491,0.0035317882,0.12656893,0.016633784,0.15082523,0.018554866,251.64192,246.54305,330.90588,-2.213816,16.254517,0.28968638
5,7,10,0.0024009997,0.06392151,0.02615098,0.016059669,0.021710867,0.08085632,0.00071901357,4.8221083,0.51819605,12.553933,1.5293562,0.16171265,0.0014380271,0.12672675,0.013618378,0.14734608,0.017950127,251.56093,246.29317,330.0168,-2.0475523,16.252245,0.29129952
5,8,10,0.0024009997,0.06329021,0.026355272,0.017034957,0.019899983,0.081171535,0.0025612023,4.9663715,0.73988956,12.01898,1.6455425,0.16234307,0.0051224045,0.13051803,0.019444568,0.1410673,0.019313797,251.5047,246.07664,330.0294,-2.385432,16.252245,0.2733163
5,9,10,0.0024009997,0.0626934,0.0257395,0.017867418,0.019086482,0.080217674,0.0028355923,5.0862722,0.636286,11.77075,1.1789595,0.16043535,0.0056711845,0.13366906,0.016721828,0.13815384,0.013837497,251.48561,245.92314,329.93835,-1.8152455,16.250015,0.2397405
5,10,10,0.0024009997,0.0658292,0.028518537,0.017700965,0.019609703,0.08443716,0.003618949,5.0625243,0.26867482,11.930997,1.2017083,0.16887432,0.007237898,0.13304497,0.0070608724,0.14003465,0.014104505,251.5191,246.13977,329.3698,-1.4703832,16.250015,0.23579395
5,11,10,0.0024009997,0.058485713,0.027657643,0.015861576,0.014966491,0.083152935,0.00408951,4.792277,-0.13000342,10.423203,0.45750257,0.16630587,0.00817902,0.12594275,-0.0034165287,0.12233761,0.005369727,251.59927,246.48956,330.06854,-0.32749915,16.247955,0.20364954
5,12,10,0.0024009997,0.05953459,0.026387282,0.017303187,0.015844122,0.08122081,0.0029153258,5.0053186,-0.17736685,10.724457,0.3153843,0.16244163,0.0058306516,0.13154158,-0.004661266,0.12587343,0.0037016808,251.63538,246.55057,330.52826,-0.13801745,16.247955,0.22692956
5,13,10,0.0024009997,0.056077603,0.023297856,0.016013123,0.016766626,0.076318175,0.0040734177,4.8151155,-0.65006524,11.03225,-0.7539074,0.15263635,0.0081468355,0.12654297,-0.017083948,0.12948601,-0.008848643,251.63364,246.48242,330.2674,1.4039726,16.246008,0.22025457
5,14,10,0.0024009997,0.052602135,0.020791456,0.015741315,0.016069364,0.07209621,0.0029122925,4.774074,-0.60388553,10.800418,-0.8419098,0.14419243,0.005824585,0.1254644,-0.015870336,0.126765,-0.00988154,251.67021,246.6368,331.0481,1.4457953,16.246008,0.21006396
5,15,10,0.0024009997,0.049398802,0.019583406,0.014289261,0.0155261345,0.06997036,0.0027518743,4.548556,-0.7362284,10.616294,-1.3229008,0.13994072,0.0055037485,0.119537696,-0.019348353,0.12460391,-0.01552694,251.64084,246.54851,331.04697,2.0591292,16.244202,0.21818754
5,16,10,0.0024009997,0.052389763,0.021314876,0.014995945,0.016078943,0.07299808,0.002370909,4.659674,-0.6257035,10.803636,-1.2874184,0.14599615,0.004741818,0.12245793,-0.01644371,0.12680277,-0.015110481,251.5402,246.12802,330.41318,1.9131219,16.244202,0.21428941
5,17,10,0.0024009997,0.048751906,0.019108199,0.014817095,0.014826609,0.069116205,0.0003954631,4.631805,-0.20791318,10.37438,-1.2615161,0.13823241,0.0007909262,0.12172549,-0.005464036,0.12176456,-0.014806473,251.46638,245.72972,330.4116,1.4694293,16.242651,0.1641039
5,18,10,0.0024009997,0.050300825,0.018674301,0.015888248,0.015738275,0.06832697,-0.0006652569,4.7963037,0.27891478,10.688576,-0.9043217,0.13665394,-0.0013305139,0.1260486,0.007329983,0.12545228,-0.010614065,251.41164,245.57848,330.36392,0.62540686,16.242651,0.17706619
5,19,10,0.0024009997,0.051374264,0.02065534,0.014964341,0.015754584,0.07185983,0.00081836304,4.654762,0.21830341,10.694111,-0.8619909,0.14371966,0.0016367261,0.122328825,0.0057370914,0.12551726,-0.010117226,251.37953,245.61047,329.77557,0.6436875,16.241364,0.13906172
5,20,10,0.0024009997,0.04694235,0.018387174,0.01359354,0.014961633,0.06779966,-1.6134345e-5,4.4364433,0.28558746,10.421512,-0.80091274,0.13559932,-3.226869e-5,0.116591334,0.007505341,0.122317754,-0.00940035,251.40599,245.63582,330.33408,0.5153253,16.241364,0.14211592
5,21,10,0.0024009997,0.042230055,0.016685832,0.010621109,0.014923115,0.064586826,0.0001576019,3.9215121,0.43795907,10.408089,-0.5534537,0.12917365,0.0003152038,0.10305876,0.011509719,0.122160204,-0.0064959116,251.43452,245.72723,330.59042,0.11549461,16.240221,0.15193789
5,22,10,0.0024009997,0.043452214,0.018111749,0.011065579,0.014274888,0.06728995,0.0021893939,4.002725,0.26747864,10.179526,-0.5046498,0.1345799,0.0043787877,0.105193056,0.0070294384,0.11947756,-0.0059231003,251.40483,245.75423,329.7567,0.23717117,16.240221,0.15949915
5,23,10,0.0024009997,0.041933298,0.01851,0.010538947,0.012884349,0.06802573,-0.00090947293,3.9063153,0.4393084,9.671024,-0.2866162,0.13605146,-0.0018189459,0.102659374,0.011545184,0.113509245,-0.0033640284,251.36014,245.60951,329.97037,-0.1526922,16.239168,0.12981285
5,24,10,0.0024009997,0.042447228,0.017756935,0.011428378,0.013261914,0.06662758,-0.002057961,4.067813,0.49110797,9.811702,-0.5880693,0.13325515,-0.004115922,0.10690359,0.012906495,0.11516038,-0.006902195,251.33353,245.47044,330.20444,0.09696135,16.239168,0.14223863
5,25,10,0.0024009997,0.041397706,0.017518695,0.010970363,0.012908647,0.066179104,0.000642396,3.9854667,0.42586836,9.680137,-0.30176252,0.13235821,0.001284792,0.1047395,0.011191975,0.11361623,-0.0035418014,251.32765,245.54231,329.63205,-0.12410584,16.238325,0.13840199
5,26,10,0.0024009997,0.042937316,0.017736692,0.011191125,0.0140095,0.06658959,-0.00049866707,4.0253673,0.57433265,10.084457,-0.58908826,0.13317917,-0.0009973341,0.10578811,0.015093668,0.118361734,-0.0069141574,251.38861,245.82307,330.25168,0.014755607,16.238325,0.14543743
5,27,10,0.0024009997,0.042933263,0.018218895,0.0112158805,0.013498489,0.06748869,3.1888485e-5,4.029817,0.29770422,9.8988285,-0.2658331,0.13497739,6.377697e-5,0.105905056,0.007823774,0.116183,-0.0031201015,251.45064,246.14117,330.5724,-0.03187111,16.237562,0.15805936
5,28,10,0.0024009997,0.04502276,0.020034619,0.01227905,0.012709092,0.07077185,0.0013720741,4.21649,0.20801362,9.605023,-0.181191,0.1415437,0.0027441483,0.110810876,0.005466673,0.11273461,-0.0021266472,251.47968,246.25107,330.00522,-0.026822627,16.237562,0.12815595
5,29,10,0.0024009997,0.041926753,0.01907315,0.010632325,0.012221278,0.069052786,0.0004659147,3.9235823,-0.039414268,9.418886,-0.21084674,0.13810557,0.0009318294,0.10311317,-0.0010358207,0.11054989,-0.0024747187,251.53441,246.37129,331.08508,0.250261,16.236889,0.1337689
5,30,10,0.0024009997,0.039769024,0.0170064,0.010099883,0.012662741,0.06520429,0.0012951145,3.824079,-0.10146611,9.587493,-0.3927018,0.13040859,0.002590229,0.10049818,-0.002666567,0.112528846,-0.0046091615,251.54999,246.454,331.44815,0.49416792,16.236889,0.12722673
5,31,10,0.0024009997,0.038715072,0.017434552,0.0102358,0.011044716,0.06601998,0.00062191865,3.849724,-0.3283528,8.954029,0.09849109,0.13203996,0.0012438373,0.101172134,-0.008629229,0.105093844,0.0011559956,251.49928,246.3619,330.7008,0.22986172,16.236195,0.12237188
5,32,10,0.0024009997,0.035781275,0.016208347,0.009235772,0.010337155,0.063656,0.00034880923,3.6568341,-0.32936272,8.66247,-0.054858852,0.127312,0.00069761847,0.09610292,-0.008655773,0.1016718,-0.000643881,251.4845,246.22778,330.94586,0.38422158,16.236195,0.11062184
5,33,10,0.0024009997,0.036347397,0.014737363,0.010112743,0.01149729,0.06069877,-0.00039847527,3.826512,-0.1764172,9.13564,0.11881786,0.12139754,-0.00079695054,0.10056213,-0.0046363077,0.10722542,0.001394571,251.44579,246.07808,330.7138,0.057599343,16.235369,0.11311493
5,34,10,0.0024009997,0.036700405,0.0163427,0.010475856,0.0098818485,0.06391928,0.00054412626,3.8946052,-0.10147977,8.469549,-0.038693957,0.12783857,0.0010882525,0.10235163,-0.0026669248,0.09940749,-0.00045415247,251.41235,245.98062,330.00757,0.14017373,16.235369,0.12658867
5,35,10,0.0024009997,0.034119483,0.015400028,0.009943183,0.008776274,0.062048424,-0.0012980509,3.7942977,-0.09071085,7.9817166,-0.4241519,0.12409685,-0.0025961017,0.09971551,-0.002383913,0.09368177,-0.0049782884,251.47116,246.07416,330.7594,0.5148628,16.234503,0.09719577
5,36,10,0.0024009997,0.035978798,0.016501598,0.0097978525,0.009679348,0.06422927,-0.00042967318,3.7664664,-0.14300953,8.38232,-0.1687446,0.12845854,-0.00085934636,0.0989841,-0.0037583425,0.09838368,-0.0019805639,251.56937,246.53003,331.1655,0.3117541,16.234503,0.100687645
5,37,10,0.0024009997,0.036719464,0.017992053,0.009516537,0.009210874,0.06706723,0.0017046214,3.712001,-0.16784157,8.176955,0.10758286,0.13413446,0.0034092427,0.09755274,-0.0044109374,0.0959733,0.0012627058,251.64398,246.86517,331.07275,0.06025871,16.233618,0.09630415
5,38,10,0.0024009997,0.035986997,0.019079339,0.008451783,0.008455878,0.06906399,0.0011844855,3.4981852,-0.36000773,7.834668,-0.35797185,0.13812798,0.002368971,0.09193358,-0.009461134,0.09195585,-0.0042015323,251.72675,247.04567,331.83716,0.71797955,16.233618,0.11130013
5,39,10,0.0024009997,0.03691386,0.01964464,0.00898171,0.008287511,0.07007967,0.0016263037,3.6061869,0.034287184,7.756276,-0.26270127,0.14015934,0.0032526073,0.094771884,0.0009010797,0.09103577,-0.0030833366,251.79376,247.30688,332.45044,0.22841409,16.232653,0.109577306
5,40,10,0.0024009997,0.034056887,0.015776426,0.009021881,0.0092585785,0.06280212,0.003188303,3.6142418,0.07337721,8.198103,-0.47479314,0.12560424,0.006376606,0.094983585,0.0019283793,0.09622151,-0.0055726706,251.73438,247.15182,331.89792,0.40141594,16.232653,0.110547565
5,41,10,0.0024009997,0.030652719,0.014763771,0.007472508,0.00841644,0.06075313,0.0002652836,3.2892876,0.27315554,7.816376,-0.40073788,0.12150626,0.0005305672,0.08644367,0.0071786256,0.09174116,-0.0047034794,251.65132,246.76825,331.99323,0.12758234,16.231625,0.11556066
5,42,10,0.0024009997,0.03208847,0.015351806,0.008216108,0.008520554,0.0619512,-0.0001761167,3.4490683,0.31180325,7.864572,-0.17550078,0.1239024,-0.0003522334,0.09064275,0.008194301,0.092306845,-0.0020598613,251.57446,246.36827,331.91312,-0.13630247,16.231625,0.13475473
5,43,10,0.0024009997,0.03105151,0.015243669,0.0070378818,0.008769959,0.061732627,0.0019354544,3.1921968,0.34795943,7.978844,-0.20490289,0.123465255,0.0038709089,0.083892085,0.009144501,0.09364806,-0.0024049536,251.5279,246.24542,331.044,-0.14305654,16.230587,0.13673882
5,44,10,0.0024009997,0.032132857,0.016491197,0.0070721135,0.008569544,0.06420903,0.0005879259,3.199951,0.48520607,7.88715,-0.4253901,0.12841806,0.0011758518,0.08409586,0.012751389,0.09257183,-0.004992822,251.53584,246.28555,331.40582,-0.059815973,16.230587,0.1389652
5,45,10,0.0024009997,0.032037206,0.015250269,0.007732353,0.0090545835,0.06174599,0.00023010264,3.3459892,0.49780837,8.1072855,-0.42294312,0.12349198,0.00046020528,0.0879338,0.013082583,0.095155574,-0.0049641007,251.54352,246.4345,331.51242,-0.07486525,16.229528,0.14227718
5,46,10,0.0024009997,0.032334678,0.015987692,0.008500861,0.0078461245,0.06322122,0.0013621022,3.5083277,0.46487772,7.5469036,-0.35586262,0.12644245,0.0027242044,0.092200115,0.012217157,0.08857835,-0.0041767755,251.5222,246.38126,330.86008,-0.10901511,16.229528,0.14348555
5,47,10,0.0024009997,0.029506048,0.014124803,0.0077058673,0.0076753777,0.05942391,-0.0002868131,3.3402536,0.27603528,7.4643335,-0.83689034,0.11884782,-0.0005736262,0.08778307,0.0072543067,0.08760923,-0.009822619,251.58131,246.50244,331.64853,0.56085503,16.22851,0.12426221
5,48,10,0.0024009997,0.034786217,0.01775618,0.008526162,0.008503872,0.06662616,-0.0017680818,3.5135448,0.23654617,7.85687,-0.81938785,0.13325232,-0.0035361636,0.09233722,0.0062165186,0.09221644,-0.009617194,251.70995,247.04236,332.5225,0.5828417,16.22851,0.12292485
5,49,10,0.0024009997,0.031048458,0.01443545,0.008557195,0.008055814,0.060073808,0.0005958978,3.5199327,0.2128179,7.647085,-0.5614111,0.120147616,0.0011917956,0.092505105,0.0055929315,0.08975419,-0.0065893065,251.81282,247.53104,332.37186,0.34859318,16.227549,0.089685075
5,50,10,0.0024009997,0.031740133,0.015404507,0.007962131,0.008373495,0.062057447,-0.00067225663,3.3953404,0.027705824,7.796408,-0.47075924,0.12411489,-0.0013445133,0.089230776,0.0007281186,0.0915068,-0.0055253212,251.93916,247.92091,333.15952,0.44305342,16.227549,0.07990352
5,51,10,0.0024009997,0.031081904,0.015109634,0.008169976,0.007802292,0.061460625,-0.0018815973,3.4393713,0.053105384,7.5257936,-0.40152964,0.12292125,-0.0037631947,0.09038792,0.0013956289,0.08833058,-0.0047127707,252.03703,248.21664,333.78412,0.34842426,16.226486,0.11568028
5,52,10,0.0024009997,0.031153003,0.014469011,0.009700844,0.0069831484,0.0601436,0.001717191,3.7477741,-0.040423904,7.119785,-0.66620445,0.1202872,0.003434382,0.09849286,-0.0010623543,0.083565235,-0.00781927,252.05531,248.42133,333.40594,0.7066284,16.226486,0.15828612
5,53,10,0.0024009997,0.029100638,0.013914022,0.007690331,0.007496286,0.058978856,-0.00075000926,3.3368847,-0.09368522,7.376737,-0.8484164,0.11795771,-0.0015000185,0.08769453,-0.0024620807,0.086581096,-0.009957903,252.10768,248.68785,334.15237,0.9421016,16.225204,0.13704404
5,54,10,0.0024009997,0.03223127,0.016456932,0.008255598,0.007518744,0.06414229,-0.0022919637,3.457347,0.015651414,7.3877783,-0.4558621,0.12828457,-0.0045839273,0.09086032,0.00041132444,0.08671069,-0.005350475,252.13632,248.85602,334.72943,0.4402107,16.225204,0.1491739
5,55,10,0.0024009997,0.028677091,0.013533588,0.008272946,0.006870556,0.058166973,-0.00028671714,3.4609773,-0.3373705,7.0621533,-0.51084787,0.11633395,-0.0005734343,0.090955734,-0.008866218,0.08288882,-0.0059958445,252.10643,248.86559,334.0152,0.8482184,16.223677,0.10130906
5,56,10,0.0024009997,0.028598055,0.014499475,0.0074598063,0.0066387737,0.060206883,-0.0012437556,3.286491,-0.5147772,6.9420085,-0.80777025,0.120413765,-0.0024875111,0.08637017,-0.013528529,0.08147867,-0.009480836,252.11577,248.83682,334.48358,1.3225474,16.223677,0.10826791
5,57,10,0.0024009997,0.030399952,0.015727201,0.008309599,0.0063631516,0.06270407,-0.0020810114,3.4686358,-0.37655073,6.7963753,-0.32969078,0.12540814,-0.004162023,0.091157004,-0.009895888,0.079769365,-0.003869595,252.13434,248.82805,334.92322,0.7062415,16.221987,0.12219078
5,58,10,0.0024009997,0.027837105,0.012586788,0.008525106,0.00672521,0.05609543,-0.00016038478,3.5133266,-0.4170839,6.987055,-0.44682935,0.11219086,-0.00032076956,0.0923315,-0.010961117,0.08200738,-0.005244455,252.1403,248.89175,334.31232,0.86391324,16.221987,0.13837023
5,59,10,0.0024009997,0.027971612,0.012745842,0.008359077,0.006866692,0.056448743,-0.0031315067,3.4789472,-0.09628062,7.060168,-0.17112423,0.112897485,-0.0062630135,0.09142799,-0.0025302898,0.08286551,-0.0020084924,252.23967,249.26132,335.09613,0.26740485,16.2203,0.16512223
5,60,10,0.0024009997,0.029600147,0.013266061,0.00953122,0.0068028653,0.057589196,-0.003453752,3.7148635,-0.054491427,7.027278,0.041046914,0.11517839,-0.006907504,0.09762797,-0.0014320564,0.082479484,0.00048176807,252.30591,249.58235,335.6975,0.013444513,16.2203,0.16183247
5,61,10,0.0024009997,0.02955424,0.01300042,0.009703782,0.0068500377,0.057009693,-0.002394017,3.7483418,0.05132332,7.051601,-0.020994013,0.11401939,-0.004788034,0.09850778,0.0013487971,0.08276495,-0.0002464086,252.29248,249.62401,334.9834,-0.030329308,16.218658,0.1061368
5,62,10,0.0024009997,0.032218028,0.016200868,0.009301203,0.0067159566,0.06364132,-0.0029877096,3.669765,-0.11932504,6.9822464,-0.5513013,0.12728263,-0.005975419,0.096442744,-0.0031359063,0.08195094,-0.006470648,252.32825,249.59622,335.64584,0.67062634,16.218658,0.13168836
5,63,10,0.0024009997,0.03239967,0.013318185,0.01133066,0.0077508227,0.05770222,-0.005266632,4.050385,0.22618811,7.5009303,0.042018812,0.11540444,-0.010533264,0.10644557,0.005944305,0.08803876,0.00049317605,252.37305,249.76389,335.90613,-0.26820692,16.21695,0.12105498
5,64,10,0.0024009997,0.03093226,0.012249613,0.011903327,0.00677932,0.055338986,-0.0037225739,4.151479,0.3243474,7.015106,0.3713966,0.11067797,-0.0074451477,0.10910237,0.008523964,0.08233663,0.0043590968,252.39287,249.93225,335.53397,-0.69574404,16.21695,0.16201782
5,65,10,0.0024009997,0.027999101,0.011803508,0.009259672,0.006935923,0.054321975,-0.0041148188,3.6615627,0.1330049,7.095669,0.55842584,0.10864395,-0.0082296375,0.09622719,0.0034954175,0.08328219,0.0065542706,252.45064,250.18486,336.0606,-0.69143075,16.21501,0.17281592
5,66,10,0.0024009997,0.030649217,0.0128121525,0.010889568,0.0069474974,0.05659539,-0.0058569224,3.970763,0.114977576,7.101587,0.5505563,0.11319078,-0.011713845,0.10435309,0.0030216496,0.08335165,0.0064619035,252.48804,250.26071,336.42157,-0.6655339,16.21501,0.23185502
5,67,10,0.0024009997,0.032462098,0.014083549,0.0113574425,0.007021107,0.059337065,-0.002761444,4.055169,0.2667681,7.139109,-0.21634859,0.11867413,-0.005522888,0.1065713,0.0070107607,0.083792046,-0.0025392938,252.49129,250.34268,335.83557,-0.05041951,16.212801,0.1682577
5,68,10,0.0024009997,0.03224111,0.015658803,0.010568723,0.006013582,0.06256757,-0.004660955,3.91183,0.12438354,6.6070538,-0.06516551,0.12513514,-0.00932191,0.102804296,0.0032688444,0.07754729,-0.000764851,252.58113,250.6994,336.5503,-0.059218027,16.212801,0.14087178
5,69,10,0.0024009997,0.03135891,0.01438945,0.0103905145,0.0065789446,0.059978016,-0.005332811,3.8787088,-0.1480884,6.9106565,-0.47618335,0.11995603,-0.010665622,0.101933874,-0.0038918161,0.08111069,-0.005588986,252.65146,250.94954,337.23257,0.62427175,16.21034,0.13111982
5,70,10,0.0024009997,0.029994685,0.012957026,0.010727072,0.0063105854,0.056914467,-0.0019823685,3.9410257,-0.36505342,6.7682447,-0.5849855,0.113828935,-0.003964737,0.10357158,-0.009593736,0.07943919,-0.0068659973,252.65106,250.94832,336.65405,0.9500389,16.21034,0.15229285
5,71,10,0.0024009997,0.0305431,0.013516954,0.009832511,0.0071936366,0.058131218,-0.002426146,3.7731223,-0.5802878,7.2262917,-1.4327093,0.116262436,-0.004852292,0.09915902,-0.015250173,0.08481531,-0.016815776,252.6604,250.83507,337.182,2.0129972,16.20795,0.250099
5,72,10,0.0024009997,0.038096983,0.016434975,0.011897027,0.009764981,0.06409948,-0.0035036309,4.15038,-0.4678696,8.419317,-1.6650255,0.12819897,-0.0070072617,0.10907349,-0.0122957835,0.09881792,-0.01954248,252.67233,250.81136,337.38843,2.132895,16.20795,0.25933903
5,73,10,0.0024009997,0.034158774,0.013182422,0.01177851,0.0091978405,0.057407364,-0.00013639982,4.129656,-0.026769735,8.171167,-1.1238341,0.11481473,-0.00027279963,0.108528845,-0.00070351904,0.09590537,-0.01319049,252.66245,250.8316,336.57812,1.1506039,16.205717,0.13149287
5,74,10,0.0024009997,0.031352706,0.013376634,0.009719142,0.008256932,0.0578287,-0.0018064671,3.751307,-0.23447403,7.741954,-1.0107715,0.1156574,-0.0036129341,0.09858571,-0.006162062,0.09086766,-0.011863471,252.70407,251.01859,337.08865,1.2452456,16.205717,0.15475497
5,75,10,0.0024009997,0.032824874,0.01579096,0.00980357,0.007230346,0.062831044,-0.00413624,3.7675655,0.070303254,7.2447057,-0.25954401,0.12566209,-0.00827248,0.09901298,0.0018475935,0.08503144,-0.0030462833,252.74905,251.20721,337.64346,0.18924075,16.203516,0.14124282
5,76,10,0.0024009997,0.030613646,0.014201712,0.010150186,0.006261747,0.059585467,-0.0007958232,3.83359,0.038276132,6.7420034,-0.17665909,0.119170934,-0.0015916463,0.10074813,0.0010059132,0.0791312,-0.0020734516,252.76898,251.35756,337.11365,0.13838296,16.203516,0.17457189
5,77,10,0.0024009997,0.03132893,0.014672115,0.009972982,0.0066838358,0.060564253,-0.003187244,3.7999785,0.3055309,6.965529,0.20625551,0.12112851,-0.006374488,0.09986482,0.008029457,0.08175473,0.00242083,252.84225,251.60283,337.7079,-0.5117864,16.201202,0.22247119
5,78,10,0.0024009997,0.035431642,0.017627506,0.010272802,0.007531333,0.06638431,-0.0030245697,3.8566759,0.24113916,7.393961,0.37074026,0.13276862,-0.0060491394,0.10135483,0.0063372273,0.08678325,0.004351392,252.85239,251.60815,338.02274,-0.6118794,16.201202,0.20987442
5,79,10,0.0024009997,0.029571205,0.013326693,0.009330516,0.006913997,0.05772065,-0.0012489656,3.675543,0.47739708,7.084445,0.18840343,0.1154413,-0.0024979312,0.096594594,0.012546169,0.08315045,0.0022112997,252.80774,251.49124,337.4898,-0.6658005,16.198704,0.17854401
5,80,10,0.0024009997,0.030228514,0.013143633,0.009914435,0.007170447,0.05732284,-0.0022725915,3.7888088,0.5546785,7.2146344,-0.024253538,0.11464568,-0.004545183,0.09957126,0.014577146,0.08467849,-0.00028466334,252.81345,251.4534,337.9091,-0.53042495,16.198704,0.16207032
5,81,10,0.0024009997,0.033537395,0.014839849,0.010352815,0.008344733,0.06090946,-0.0025460517,3.871666,0.09277922,7.783007,-0.66234225,0.12181892,-0.0050921035,0.10174878,0.0024382742,0.09134951,-0.007773944,252.8329,251.5576,338.07162,0.56956303,16.196095,0.16895391
5,82,10,0.0024009997,0.033811897,0.014173462,0.010901411,0.008737025,0.059526175,-0.0005583972,3.9729218,0.1408039,7.9638486,-0.578562,0.11905235,-0.0011167944,0.10440982,0.0037003816,0.093472056,-0.006790616,252.84375,251.68802,337.48468,0.43775812,16.196095,0.14650208
5,83,10,0.0024009997,0.031412516,0.012172415,0.009774722,0.009465378,0.055164333,0.00034631562,3.7620182,-0.067181595,8.289154,-0.94410837,0.11032867,0.00069263123,0.09886719,-0.001765557,0.09729017,-0.011081041,252.91473,251.87648,338.1295,1.01129,16.193718,0.22250898
5,84,10,0.0024009997,0.036888137,0.016986534,0.010792098,0.009109506,0.0651662,-0.0014109703,3.9529529,-0.14867899,8.131836,-0.8967433,0.1303324,-0.0028219407,0.103885025,-0.0039073327,0.09544373,-0.010525119,252.99915,252.13696,338.4215,1.0454223,16.193718,0.19471867
5,85,10,0.0024009997,0.036706865,0.016308028,0.011824031,0.008574807,0.063851446,0.00055185216,4.1376286,-0.0008357655,7.889571,-0.29843432,0.12770289,0.0011037043,0.10873836,-2.196341e-5,0.092600256,-0.0035027422,253.02322,252.32454,337.7519,0.2992701,16.191658,0.10593982
5,86,10,0.0024009997,0.031912655,0.011924198,0.011051581,0.008936874,0.054598987,-0.00083793903,4.000192,-0.07174578,8.054416,-0.6046653,0.109197974,-0.0016758781,0.1051265,-0.0018855032,0.09453504,-0.007096983,253.09691,252.5483,338.7027,0.67641103,16.191658,0.14430246
5,87,10,0.0024009997,0.03550557,0.016330224,0.01088051,0.008294837,0.06389488,-0.0021785612,3.969112,-0.10882048,7.759703,-0.31730923,0.12778977,-0.0043571224,0.104309686,-0.0028598418,0.091075994,-0.0037242705,253.13478,252.65953,339.21457,0.4261297,16.18972,0.12467893
5,88,10,0.0024009997,0.03162366,0.013457119,0.010298955,0.007867586,0.058002412,0.00010162592,3.861582,0.0075950813,7.557217,-0.13515742,0.116004825,0.00020325184,0.10148377,0.00019960331,0.088699415,-0.0015863493,253.08868,252.53477,338.56354,0.12756234,16.18972,0.14383323
5,89,10,0.0024009997,0.029925318,0.011633763,0.010103069,0.008188486,0.053929962,-0.0008270296,3.8246822,0.043521687,7.709798,-0.08681866,0.107859924,-0.0016540592,0.100514024,0.0011437668,0.09049025,-0.001019001,253.09312,252.52776,338.99393,0.04329697,16.187746,0.13630122
5,90,10,0.0024009997,0.036902927,0.015130597,0.012493488,0.009278842,0.061503246,-0.0025212986,4.253148,0.0031070902,8.207068,-0.21759203,0.12300649,-0.005042597,0.11177427,8.166077e-5,0.096326746,-0.0025538893,253.09201,252.52571,339.39398,0.21448494,16.187746,0.12398828
5,91,10,0.0024009997,0.03254403,0.013152235,0.011676739,0.007715056,0.057341598,0.00011878995,4.1117754,-0.038659222,7.483603,0.12487777,0.114683196,0.0002375799,0.10805896,-0.0010159798,0.087835394,0.0014656974,253.04843,252.41954,338.70676,-0.08621855,16.185774,0.14561412
5,92,10,0.0024009997,0.031772994,0.012719971,0.010957279,0.008095742,0.056391425,-0.0009075242,3.9830892,0.12481736,7.666013,0.19127016,0.11278285,-0.0018150484,0.10467702,0.003280247,0.08997634,0.002244947,253.0629,252.39204,339.03543,-0.3160875,16.185774,0.17078018
5,93,10,0.0024009997,0.035069928,0.015153237,0.011303443,0.008613249,0.061549243,-0.0018279995,4.0455174,-0.04747595,7.907237,0.027347295,0.123098485,-0.003655999,0.106317654,-0.0012476866,0.09280759,0.00032097282,253.07753,252.34114,339.16556,0.020128654,16.183731,0.117127895
5,94,10,0.0024009997,0.03161374,0.012615196,0.011404561,0.007593984,0.056158695,-0.00038856297,4.063572,-0.07250838,7.424651,-0.037396826,0.11231739,-0.00077712594,0.10679214,-0.0019055472,0.087143466,-0.00043893102,253.06258,252.36586,338.46725,0.109905206,16.183731,0.12401347
5,95,10,0.0024009997,0.032248765,0.0126535725,0.01189653,0.007698661,0.05624405,0.00076926535,4.1502943,-0.2544402,7.4756474,-0.6742443,0.1124881,0.0015385307,0.10907122,-0.0066867764,0.087742016,-0.007913635,253.0799,252.36537,338.86786,0.9286845,16.181757,0.15968367
5,96,10,0.0024009997,0.039486274,0.01810992,0.012634792,0.008741561,0.06728655,-0.00091881724,4.2771325,-0.32119197,7.9659147,-0.5370867,0.1345731,-0.0018376345,0.11240459,-0.008441038,0.093496315,-0.006303804,253.11111,252.43596,339.1769,0.8582787,16.181757,0.18044375
5,97,10,0.0024009997,0.032298293,0.013305877,0.011117235,0.007875183,0.05767555,0.0018715956,4.0120564,-0.23745053,7.5608664,-0.42064336,0.1153511,0.0037431912,0.1054383,-0.0062402813,0.08874223,-0.004937112,253.08397,252.3909,338.3537,0.65809387,16.180065,0.13756843
5,98,10,0.0024009997,0.03353811,0.01292567,0.011676443,0.008936001,0.056845557,0.0015874689,4.1117234,-0.20418799,8.054023,-0.3410495,0.113691114,0.0031749378,0.10805759,-0.005366135,0.094530426,-0.004002919,253.09248,252.35535,338.66684,0.5452375,16.180065,0.16095218
5,99,10,0.0024009997,0.03259873,0.012066045,0.01188404,0.008648646,0.054922774,0.0004136506,4.1481147,-0.09396705,7.923466,-0.61325014,0.10984555,0.0008273012,0.109013945,-0.0024694854,0.092998095,-0.0071977475,253.08897,252.28429,338.93747,0.7072172,16.17852,0.11140633
5,100,10,0.0024009997,0.036325272,0.013999602,0.012764339,0.00956133,0.059159957,0.0022731458,4.2990036,-0.16636388,8.331063,-0.80372703,0.118319914,0.0045462917,0.112979375,-0.0043721055,0.09778205,-0.009433385,253.03702,252.10358,338.03403,0.9700909,16.17852,0.13028331
