ic,traj,n_steps,eta,loss_total,loss_T,loss_olw,loss_slwd,rmse_T,bias_T,rmse_olw,bias_olw,rmse_slwd,bias_slwd,nrmse_T,nbias_T,nrmse_olw,nbias_olw,nrmse_slwd,nbias_slwd,mean_T,mean_olw,mean_slwd,bias_C,pnorm,gnorm
1,1,10,0.01,1.614087,0.37175468,1.2021081,0.04022422,0.30485845,0.06708904,41.719635,5.9149485,17.087755,9.215731,0.6097169,0.13417809,1.0964069,0.155447,0.20055977,0.108165465,252.38171,250.41885,336.0445,-15.130679,10.508541,4.703539
1,2,10,0.01,1.6011382,0.36899695,1.1919452,0.040196013,0.3037256,0.066282354,41.5429,5.980667,17.081762,9.564602,0.6074512,0.13256471,1.0917624,0.15717416,0.20048943,0.11226017,252.4257,250.53682,336.72128,-15.545269,10.508541,4.6939683
1,3,10,0.01,1.6896324,0.38739198,1.262623,0.039617572,0.3112041,0.050268184,42.75683,6.899301,16.95841,9.124804,0.6224082,0.10053637,1.123665,0.18131618,0.19904163,0.10709822,252.42111,250.4441,336.9982,-16.024105,10.508541,4.801897
1,4,10,0.01,1.5500062,0.35866496,1.1512959,0.0400452,0.29944322,0.066673614,40.82838,6.1480594,17.04969,9.248022,0.59888643,0.13334723,1.0729846,0.16157335,0.20011297,0.108544454,252.38048,250.36833,336.27866,-15.396082,10.508541,4.634256
1,5,10,0.01,1.0177803,0.24338408,0.7500962,0.02430003,0.24666986,0.05352954,32.95544,5.0106797,13.281423,6.2428126,0.49333972,0.10705908,0.86608094,0.13168244,0.15588467,0.07327217,252.39743,250.3604,336.80554,-11.253492,10.478487,3.3589454
1,6,10,0.01,1.1198312,0.27721804,0.81820416,0.024408983,0.2632575,0.043362826,34.419098,5.7172384,13.311164,6.0451317,0.526515,0.08672565,0.9045464,0.15025114,0.15623374,0.07095198,252.39925,250.27686,337.04785,-11.76237,10.478487,3.5439594
1,7,10,0.01,1.0285982,0.2356255,0.76866806,0.024304662,0.24270636,0.0540735,33.360928,4.9947305,13.282689,6.0628033,0.48541272,0.108147,0.8767372,0.1312633,0.15589952,0.07115939,252.3821,250.30699,336.2166,-11.057533,10.478487,3.3868024
1,8,10,0.01,1.036517,0.23757927,0.77430147,0.024636226,0.24371052,0.053617198,33.48295,4.813172,13.372982,6.3970294,0.48742104,0.107234396,0.879944,0.12649186,0.15695931,0.07508223,252.40317,250.38165,336.82275,-11.210201,10.478487,3.4170594
1,9,10,0.01,0.73294795,0.19231744,0.5235374,0.01709311,0.21927007,0.02892644,27.532303,4.23915,11.139144,3.5713587,0.43854013,0.05785288,0.72355884,0.11140647,0.13074063,0.041917205,252.42783,250.44316,337.29257,-7.8105087,10.457331,2.4700584
1,10,10,0.01,0.6562458,0.16734035,0.471601,0.01730449,0.20453627,0.04140347,26.130999,3.6529667,11.207807,3.5664234,0.40907255,0.08280694,0.6867321,0.09600133,0.13154653,0.041859277,252.4165,250.44183,336.5788,-7.21939,10.457331,2.2630646
1,11,10,0.01,0.6630911,0.16546538,0.48012915,0.01749657,0.20338719,0.040376298,26.366205,3.4432697,11.269838,3.6518462,0.40677437,0.080752596,0.69291353,0.090490386,0.1322746,0.04286188,252.4573,250.55524,337.32285,-7.0951157,10.457331,2.2768533
1,12,10,0.01,0.7371895,0.19697829,0.5231736,0.017037641,0.22191118,0.02748906,27.522732,3.8530302,11.121055,3.3550913,0.44382235,0.05497812,0.7233074,0.10125902,0.13052832,0.039378863,252.48001,250.6883,337.74515,-7.2081213,10.457331,2.4955244
1,13,10,0.01,0.40936396,0.108194664,0.28712615,0.014043135,0.16446479,0.029034188,20.389427,1.8662248,10.096556,1.2612492,0.32892957,0.058068376,0.5358415,0.049045052,0.118503734,0.01480334,252.44322,250.5902,336.94427,-3.1274738,10.440792,1.4682026
1,14,10,0.01,0.40458328,0.10139127,0.28967378,0.0135182105,0.15920998,0.02960736,20.479681,1.8444041,9.906056,1.3880116,0.31841996,0.05921472,0.5382135,0.048471577,0.11626784,0.016291156,252.5035,250.74165,337.67764,-3.2324157,10.440792,1.4667007
1,15,10,0.01,0.45512757,0.12219598,0.3192186,0.013712972,0.17478271,0.017812358,21.498728,2.5211627,9.977161,1.4364047,0.34956542,0.035624716,0.56499434,0.06625709,0.1171024,0.016859148,252.59706,251.16734,338.38657,-3.9575675,10.440792,1.6795111
1,16,10,0.01,0.40839073,0.101251386,0.2935138,0.013625537,0.15910012,0.029450517,20.61498,2.157059,9.945303,1.5165141,0.31820023,0.058901034,0.54176915,0.05668826,0.11672848,0.0177994,252.60255,251.34268,337.84756,-3.673573,10.440792,1.5203106
1,17,10,0.01,0.27402815,0.0790151,0.1831951,0.011817976,0.14054812,0.02133537,16.286419,0.74001056,9.262171,0.14910996,0.28109625,0.04267074,0.42801297,0.01944774,0.10871051,0.001750114,252.6482,251.37575,338.29108,-0.8891205,10.430857,1.0922227
1,18,10,0.01,0.30468705,0.10476788,0.1872246,0.0126945665,0.16183934,0.013052943,16.46456,1.1650733,9.599534,0.15847231,0.32367867,0.026105886,0.43269458,0.030618561,0.11267017,0.0018599973,252.69577,251.52722,338.6126,-1.3235456,10.430857,1.2101848
1,19,10,0.01,0.2666564,0.07517397,0.17845736,0.0130250715,0.13708936,0.023210967,16.074442,0.9580867,9.723693,0.26009378,0.2741787,0.046421934,0.42244214,0.02517887,0.114127435,0.003052738,252.7151,251.72267,338.1119,-1.2181805,10.430857,1.0629869
1,20,10,0.01,0.27471322,0.07586525,0.18664189,0.012206066,0.13771823,0.019809198,16.43892,1.0399376,9.413023,0.27472356,0.27543646,0.039618395,0.4320207,0.027329927,0.11048107,0.003224439,252.76279,251.88084,338.61572,-1.3146611,10.430857,1.0979617
1,21,10,0.01,0.20920028,0.072689146,0.12556595,0.010945187,0.13480462,0.006696794,13.4835615,-0.26801184,8.913593,-0.31251618,0.26960924,0.013393588,0.35435286,-0.0070434627,0.10461925,-0.003668012,252.80295,251.99988,339.04285,0.580528,10.4250345,1.0179503
1,22,10,0.01,0.1981333,0.062809266,0.12448852,0.010835519,0.12530889,0.015906097,13.425588,-0.38480294,8.868824,-0.53711253,0.25061777,0.031812195,0.3528293,-0.010112758,0.1040938,-0.0063041206,252.78065,251.98288,338.3724,0.9219155,10.4250345,0.99768263
1,23,10,0.01,0.19693263,0.06425986,0.121330105,0.011342653,0.12674764,0.014579128,13.254183,-0.37472564,9.073995,-0.38865784,0.25349528,0.029158255,0.34832472,-0.009847916,0.10650189,-0.0045616976,252.84155,252.19034,339.0988,0.7633835,10.4250345,1.0107512
1,24,10,0.01,0.21738291,0.08471039,0.12059731,0.012075222,0.14552525,0.005740215,13.214097,-0.38846627,9.362434,-0.33577952,0.2910505,0.01148043,0.34727123,-0.010209045,0.10988732,-0.003941057,252.93312,252.55946,339.7163,0.7242458,10.4250345,1.059387
1,25,10,0.01,0.17435384,0.054192264,0.10941032,0.01075124,0.11639616,0.012735709,12.586292,-1.4882404,8.834266,-0.17685908,0.23279232,0.025471417,0.3307723,-0.039111502,0.10368819,-0.0020758046,252.9858,252.85966,339.20044,1.6650994,10.422423,1.0489355
1,26,10,0.01,0.1784685,0.061397288,0.10624989,0.010821307,0.12389238,0.012742749,12.403176,-1.0233554,8.863007,-0.15059145,0.24778476,0.025485499,0.32595995,-0.02689415,0.10402551,-0.0017674969,253.0835,253.18138,340.0457,1.1739469,10.422423,1.065187
1,27,10,0.01,0.18194853,0.07189303,0.09951234,0.0105431555,0.13406438,0.0030113077,12.003478,-1.4418238,8.748358,-0.3336408,0.26812875,0.0060226154,0.31545576,-0.037891656,0.10267987,-0.0039159567,253.12904,253.3399,340.18442,1.7754647,10.422423,1.100108
1,28,10,0.01,0.17014548,0.05767949,0.10222521,0.010240798,0.12008277,0.01082374,12.165996,-1.6058134,8.622002,-0.48877892,0.24016555,0.02164748,0.31972677,-0.04220136,0.101196826,-0.0057368255,253.07437,253.19241,339.29373,2.0945923,10.422423,1.121434
1,29,10,0.01,0.15659896,0.0559158,0.09101147,0.0096716955,0.11823261,0.0046648327,11.479336,-2.141227,8.379006,-0.16138065,0.23646522,0.009329665,0.30168107,-0.056272216,0.09834478,-0.001894132,253.06377,253.00795,339.82956,2.3026075,10.4215,1.1438545
1,30,10,0.01,0.18095711,0.06628482,0.10338276,0.011289543,0.1287292,-0.0057160156,12.234683,-2.950787,9.052727,-0.23429362,0.2574584,-0.011432031,0.3215319,-0.07754775,0.10625226,-0.002749915,253.08127,252.98984,340.04852,3.1850808,10.4215,1.1640818
1,31,10,0.01,0.17164002,0.052492287,0.106524184,0.012623544,0.11455598,0.0069852513,12.419175,-2.6095612,9.572643,0.031342167,0.22911195,0.013970503,0.32638043,-0.068580195,0.11235455,0.0003678606,253.10818,253.19951,339.6902,2.578219,10.4215,1.1174114
1,32,10,0.01,0.17164087,0.06599223,0.09325832,0.012390309,0.12844476,0.0071428185,11.62017,-2.2521565,9.483796,0.008779198,0.25688952,0.014285637,0.30538225,-0.059187494,0.11131176,0.00010303295,253.21422,253.59058,340.39062,2.2433772,10.4215,1.1304684
1,33,10,0.01,0.17061414,0.058112655,0.098904476,0.013597016,0.12053283,-0.010860217,11.966763,-2.823943,9.93489,0.4328262,0.24106567,-0.021720434,0.31449082,-0.074214235,0.11660624,0.005080099,253.28018,253.8503,340.61868,2.3911166,10.419981,1.0867893
1,34,10,0.01,0.16299096,0.057818744,0.0922384,0.012933824,0.12022764,-0.0008747454,11.556453,-2.4570916,9.689574,0.3616988,0.24045528,-0.0017494909,0.30370775,-0.06457325,0.11372697,0.0042452714,253.24228,253.68044,339.78867,2.0953927,10.419981,0.9914854
1,35,10,0.01,0.16821542,0.066702865,0.087775655,0.013736909,0.12913449,-0.0014014018,11.273421,-2.1005254,9.985866,0.58319336,0.25826898,-0.0028028036,0.29626957,-0.055202566,0.11720456,0.006844971,253.24089,253.53477,340.20447,1.5173321,10.419981,0.976764
1,36,10,0.01,0.18958119,0.0659724,0.10888726,0.01472152,0.12842546,-0.009342629,12.55617,-2.726057,10.337548,0.61253035,0.25685093,-0.018685259,0.3299807,-0.071641766,0.12133227,0.0071893004,253.24982,253.53922,340.48334,2.1135268,10.419981,1.0671176
1,37,10,0.01,0.18310271,0.054661084,0.11361256,0.014829073,0.11689855,-0.007716669,12.825724,-2.0332367,10.375241,0.6052349,0.2337971,-0.015433338,0.33706462,-0.053434208,0.12177468,0.0071036685,253.24376,253.57617,339.83432,1.4280019,10.416525,0.86633325
1,38,10,0.01,0.17372148,0.06630844,0.092567,0.014846037,0.12875213,-0.00821995,11.57702,-1.8850683,10.381175,0.3989435,0.25750425,-0.0164399,0.30424824,-0.04954029,0.121844314,0.0046824156,253.32457,253.84627,340.56573,1.4861248,10.416525,0.8140438
1,39,10,0.01,0.19765379,0.0653332,0.11631498,0.0160056,0.1278018,-0.018194137,12.977364,-2.7429523,10.778968,0.5226906,0.2556036,-0.036388274,0.34104982,-0.072085775,0.12651324,0.0061348374,253.40866,254.23854,341.12262,2.2202618,10.416525,1.0067196
1,40,10,0.01,0.17312227,0.062496856,0.09472561,0.01589981,0.124996856,-0.0074471887,11.711227,-1.9448549,10.743288,0.62007374,0.24999371,-0.014894377,0.30777526,-0.051111497,0.12609445,0.0072778305,253.43034,254.38617,340.54562,1.3247812,10.416525,0.86329985
1,41,10,0.01,0.16883267,0.068584576,0.08558578,0.014662316,0.13094328,-0.012715483,11.131906,-0.75683326,10.316739,0.5540613,0.26188657,-0.025430966,0.29255047,-0.019889837,0.12108805,0.00650304,253.48112,254.5825,341.07852,0.20277196,10.41099,0.68006533
1,42,10,0.01,0.18424249,0.054585073,0.1145022,0.015155204,0.11681724,-0.023339441,12.875839,-1.6013012,10.488711,0.82567734,0.23363449,-0.046678882,0.33838174,-0.042082768,0.12310647,0.009691015,253.49767,254.65025,341.70383,0.77562386,10.41099,0.86055607
1,43,10,0.01,0.18235448,0.05968551,0.106624395,0.016044576,0.12215309,-0.012849516,12.425016,-1.0351743,10.792085,0.7415984,0.24430618,-0.025699032,0.3265339,-0.027204733,0.12666719,0.008704181,253.42883,254.36516,340.81052,0.29357582,10.41099,0.75415677
1,44,10,0.01,0.18520276,0.070047915,0.09820829,0.016946554,0.13233283,-0.013883904,11.924571,-0.6783003,11.091286,0.64580667,0.26466566,-0.027767807,0.31338203,-0.01782598,0.13017893,0.007579861,253.44563,254.29167,341.1938,0.03249365,10.41099,0.746738
1,45,10,0.01,0.22794701,0.07403864,0.13794746,0.015960915,0.13605021,-0.02081801,14.13271,-0.43889102,10.763911,0.1295186,0.27210042,-0.04163602,0.37141278,-0.011534199,0.12633651,0.0015201652,253.5132,254.51353,341.3284,0.30937243,10.404177,0.9403697
1,46,10,0.01,0.18403098,0.058323625,0.11084193,0.014865426,0.120751426,-0.011967651,12.668368,0.37869,10.387952,-0.09398197,0.24150285,-0.023935301,0.3329293,0.009952102,0.12192386,-0.0011030713,253.538,254.55942,340.51752,-0.28470802,10.404177,0.7498099
1,47,10,0.01,0.17488757,0.06302339,0.09704297,0.014821206,0.1255223,-0.013703577,11.853611,0.74269307,10.37249,-0.14817363,0.2510446,-0.027407154,0.3115172,0.019518236,0.121742375,-0.0017391214,253.5581,254.55966,340.74915,-0.59451944,10.404177,0.6847003
1,48,10,0.01,0.20586213,0.058533408,0.13174096,0.015587773,0.120968394,-0.023836737,13.811126,-0.18577437,10.637346,0.06261344,0.24193679,-0.047673475,0.36296138,-0.0048822057,0.124851,0.0007348964,253.565,254.62906,341.157,0.12316093,10.404177,0.8735474
1,49,10,0.01,0.1859864,0.05177981,0.12090188,0.013304713,0.11377589,-0.0112357745,13.230773,1.3304675,9.82752,-0.3188896,0.22755177,-0.022471549,0.34770948,0.034965165,0.11534606,-0.0037428236,253.52693,254.54317,340.4229,-1.0115778,10.396547,0.8137348
1,50,10,0.01,0.18306461,0.061401736,0.10802855,0.013634328,0.12389687,-0.013092353,12.506562,1.5682416,9.94851,-0.3939679,0.24779373,-0.026184706,0.32867697,0.04121396,0.116766125,-0.004624015,253.54344,254.50357,340.9622,-1.1742737,10.396547,0.77596337
1,51,10,0.01,0.2120093,0.062336627,0.13531405,0.014358619,0.12483652,-0.019235415,13.997166,0.75980645,10.209338,-0.43132234,0.24967304,-0.03847083,0.36785057,0.01996798,0.11982746,-0.00506245,253.58148,254.62498,341.33945,-0.32848412,10.396547,0.91473526
1,52,10,0.01,0.17807727,0.053303625,0.11062502,0.014148621,0.11543789,-0.013601666,12.655969,1.4436635,10.134405,-0.628428,0.23087578,-0.027203333,0.3326034,0.037940014,0.118947975,-0.0073758857,253.59532,254.77296,340.60605,-0.8152355,10.396547,0.771835
1,53,10,0.01,0.16129072,0.053314894,0.096513785,0.011462052,0.11545009,-0.010247716,11.821248,2.3948152,9.121629,-1.009926,0.23090018,-0.020495431,0.31066668,0.06293658,0.10706098,-0.011853546,253.66829,255.04019,341.32828,-1.3848892,10.388774,0.78219986
1,54,10,0.01,0.17550509,0.055594936,0.10651032,0.01339982,0.11789289,-0.016999606,12.418368,2.0975559,9.862583,-0.76948994,0.23578578,-0.033999212,0.32635918,0.055124525,0.11575759,-0.00903154,253.70717,255.18486,341.8326,-1.3280659,10.388774,0.81813717
1,55,10,0.01,0.15647282,0.044834554,0.09879273,0.012845533,0.10587086,-0.008836441,11.96,2.6541505,9.6564455,-0.9664812,0.21174172,-0.017672881,0.3143131,0.06975204,0.113338135,-0.011343636,253.67194,255.04903,340.91013,-1.6876693,10.388774,0.7910603
1,56,10,0.01,0.16985911,0.059647705,0.09768611,0.012525286,0.1221144,-0.008409753,11.892825,2.7602715,9.535314,-1.0655979,0.2442288,-0.016819507,0.31254777,0.07254094,0.11191642,-0.0125069665,253.68092,255.00838,341.04486,-1.6946737,10.388774,0.79427224
1,57,10,0.01,0.17197788,0.061095167,0.10045108,0.010431635,0.12358718,-0.0131111145,12.059963,2.2252626,8.701967,-1.5293442,0.24717437,-0.026222229,0.3169402,0.058480706,0.102135375,-0.017949983,253.71877,255.16193,341.3611,-0.69591844,10.381256,0.79463756
1,58,10,0.01,0.1459737,0.041745026,0.09409779,0.010130881,0.102157995,-0.004921621,11.672352,2.4961622,8.575606,-1.426296,0.20431599,-0.009843242,0.30675364,0.06560002,0.10065228,-0.016740499,253.70863,255.17789,340.857,-1.0698662,10.381256,0.76078373
1,59,10,0.01,0.14636031,0.04806534,0.08710287,0.011192099,0.109619044,-0.006778332,11.230133,2.4247205,9.013572,-1.3371224,0.21923809,-0.013556664,0.29513195,0.06372253,0.105792716,-0.015693871,253.76634,255.35841,341.45068,-1.0875981,10.381256,0.78155667
1,60,10,0.01,0.16311105,0.051051248,0.10039151,0.011668292,0.11297262,-0.014360513,12.056387,1.913118,9.203326,-1.1527791,0.22594523,-0.028721025,0.3168462,0.050277427,0.108019866,-0.013530221,253.83844,255.7127,341.98373,-0.7603389,10.381256,0.8056786
1,61,10,0.01,0.13931291,0.039270252,0.08969287,0.0103497915,0.09908362,-0.0027447233,11.395874,1.6865019,8.667763,-1.2762091,0.19816723,-0.0054894467,0.29948768,0.04432187,0.10173392,-0.014978927,253.82626,255.77446,341.24936,-0.41029274,10.374379,0.7267936
1,62,10,0.01,0.13410583,0.04468826,0.07869178,0.010725791,0.10569799,-0.0036194322,10.674152,2.0528975,8.823806,-1.1320896,0.21139598,-0.0072388644,0.28052056,0.053950887,0.103565395,-0.013287384,253.8127,255.5975,341.84775,-0.92080784,10.374379,0.7274523
1,63,10,0.01,0.15240762,0.05466502,0.085781276,0.011961313,0.11690276,-0.0088655595,11.144611,1.9372376,9.318171,-1.1307791,0.23380552,-0.017731119,0.2928844,0.050911307,0.10936779,-0.013272007,253.7514,255.17397,341.6773,-0.8064585,10.374379,0.7600347
1,64,10,0.01,0.13267799,0.03704587,0.084503554,0.011128555,0.09623652,-0.0010152053,11.0613,2.7195764,8.987949,-1.5606604,0.19247304,-0.0020304106,0.29069495,0.07147145,0.105491966,-0.018317537,253.6473,254.68063,340.05667,-1.158916,10.374379,0.7227922
1,65,10,0.01,0.12781036,0.04510151,0.0729188,0.009790054,0.10618558,0.0014237073,10.275157,2.1285937,8.43012,-1.7754985,0.21237116,0.0028474147,0.27003482,0.055940203,0.0989447,-0.020839104,253.64305,254.61093,340.2988,-0.35309517,10.368166,0.6180398
1,66,10,0.01,0.14192013,0.054328654,0.07738057,0.010210914,0.11654254,-0.008227951,10.584847,1.830608,8.609413,-1.8666346,0.23308508,-0.016455902,0.27817363,0.04810904,0.101049066,-0.021908775,253.61781,254.44492,340.4652,0.036026597,10.368166,0.6254094
1,67,10,0.01,0.12479021,0.037112467,0.07749971,0.010178028,0.09632298,0.0015163488,10.592993,2.1231227,8.595537,-1.899817,0.19264597,0.0030326976,0.2783877,0.05579643,0.10088621,-0.02229824,253.56676,254.25604,339.6131,-0.2233057,10.368166,0.6072274
1,68,10,0.01,0.12978403,0.0467675,0.072570175,0.010446354,0.10812897,-0.0018727235,10.250563,2.1405716,8.708103,-1.8391019,0.21625794,-0.003745447,0.26938853,0.056254994,0.10220741,-0.02158562,253.57756,254.26286,339.85226,-0.30146968,10.368166,0.64029086
1,69,10,0.01,0.13497332,0.061111104,0.064364955,0.009497248,0.1236033,-0.0058552288,9.653691,1.284386,8.303098,-1.3842751,0.2472066,-0.0117104575,0.2537025,0.03375413,0.097453825,-0.016247299,253.62233,254.47928,340.3326,0.09988904,10.362769,0.53659594
1,70,10,0.01,0.11411207,0.03672074,0.06826036,0.009130977,0.09581328,0.0037953618,9.941522,1.4956542,8.141414,-1.2423439,0.19162656,0.0075907237,0.26126683,0.039306328,0.09555615,-0.0145814475,253.67749,254.84288,340.1074,-0.25331032,10.362769,0.47204968
1,71,10,0.01,0.120183095,0.04289071,0.0680177,0.009274693,0.10355036,0.0026694657,9.923836,1.38661,8.205235,-1.1438977,0.20710072,0.0053389315,0.26080203,0.036440615,0.09630521,-0.013425976,253.77174,255.20818,341.14685,-0.24271238,10.362769,0.47262168
1,72,10,0.01,0.14086907,0.056458477,0.0745518,0.009858793,0.11880496,-0.005012082,10.389574,1.492862,8.459663,-1.2023706,0.23760992,-0.010024164,0.27304175,0.03923295,0.09929145,-0.014112278,253.7931,255.22925,341.17426,-0.29049134,10.362769,0.5149656
1,73,10,0.01,0.11956321,0.04244066,0.06739045,0.009732099,0.103005655,0.008867692,9.877974,1.0942382,8.405131,-0.8500255,0.20601131,0.017735384,0.2595967,0.028756982,0.0986514,-0.009976791,253.72345,254.9903,340.1185,-0.24421269,10.35815,0.38480988
1,74,10,0.01,0.118245184,0.042951155,0.06561,0.00968403,0.1036233,0.0061207847,9.7466135,0.8536403,8.384348,-0.887916,0.2072466,0.012241569,0.2561445,0.022433974,0.09840747,-0.010421512,253.69116,254.78857,340.55484,0.03427571,10.35815,0.40432358
1,75,10,0.01,0.12740995,0.056234375,0.06191859,0.009256982,0.11856894,-0.0019866836,9.468456,0.77276534,8.197396,-1.0050066,0.23713788,-0.003973367,0.24883446,0.020308554,0.096213214,-0.011795808,253.69263,254.76001,340.70975,0.23224121,10.35815,0.44040266
1,76,10,0.01,0.11087756,0.036353156,0.06475619,0.009768214,0.09533252,0.009089905,9.682987,0.7923615,8.4207115,-0.9000355,0.19066504,0.01817981,0.25447237,0.020823546,0.098834276,-0.010563757,253.7145,255.00487,340.4155,0.107674,10.35815,0.3378469
1,77,10,0.01,0.10068621,0.03956102,0.051689483,0.009435709,0.09944976,0.010526644,8.651069,0.27305713,8.276152,-0.13983239,0.19889952,0.021053288,0.22735322,0.0071760295,0.09713758,-0.0016412181,253.73639,255.03078,340.97803,-0.13322474,10.354033,0.32518962
1,78,10,0.01,0.112214066,0.049175426,0.053090803,0.0099478355,0.11087766,0.0044489126,8.767551,0.4888036,8.497781,-0.030053725,0.22175533,0.008897825,0.23041442,0.0128459325,0.09973884,-0.0003527439,253.72676,254.9324,341.1075,-0.45874986,10.354033,0.35776547
1,79,10,0.01,0.10323692,0.037207525,0.056024708,0.010004689,0.09644626,0.013516616,9.006551,0.5268499,8.522029,0.03491581,0.19289252,0.027033232,0.2366954,0.0138458125,0.10002344,0.00040980542,253.67973,254.7706,340.26523,-0.56176573,10.354033,0.3239175
1,80,10,0.01,0.100292005,0.035869054,0.054929804,0.009493149,0.094695635,0.011699731,8.918106,0.4282128,8.301306,0.016325671,0.18939127,0.023399463,0.23437108,0.0112535795,0.09743279,0.00019161026,253.68413,254.74268,340.5122,-0.44453847,10.354033,0.3349615
1,81,10,0.01,0.11391224,0.050619386,0.05413263,0.009160224,0.11249376,0.0045074,8.853158,0.6192507,8.154442,0.77927303,0.22498752,0.0090148,0.2326642,0.016274134,0.09570906,0.009146366,253.6664,254.71289,340.62247,-1.3985238,10.350022,0.41437757
1,82,10,0.01,0.09126426,0.03171376,0.05042171,0.009128793,0.08904179,0.015200086,8.544319,0.25616348,8.140441,0.62583345,0.17808358,0.030400172,0.22454779,0.0067320676,0.09554472,0.0073454394,253.59703,254.43971,340.06116,-0.8819969,10.350022,0.37095508
1,83,10,0.01,0.092220165,0.034227442,0.048772126,0.009220595,0.0925033,0.01259379,8.40339,0.096278414,8.18127,0.582791,0.1850066,0.02518758,0.22084412,0.0025302232,0.096023925,0.006840246,253.55685,254.22186,340.11252,-0.6790694,10.350022,0.40076888
1,84,10,0.01,0.108183965,0.047648847,0.05122758,0.009307537,0.10914308,0.006447927,8.612329,0.42902458,8.219749,0.61779016,0.21828616,0.012895854,0.22633511,0.011274928,0.09647558,0.0072510364,253.5227,254.01993,339.94846,-1.0468147,10.350022,0.43699795
1,85,10,0.01,0.090653956,0.033336792,0.04835761,0.008959558,0.09129183,0.015498838,8.367602,0.53116083,8.064631,1.3562791,0.18258366,0.030997677,0.21990363,0.0139591005,0.09465494,0.015918711,253.46082,253.79565,339.2339,-1.88744,10.345812,0.40526268
1,86,10,0.01,0.08571886,0.032948952,0.04409699,0.008672913,0.09075923,0.0123686,7.9904847,0.3505948,7.9345756,1.3410486,0.18151847,0.0247372,0.20999284,0.009213751,0.09312847,0.015739953,253.46516,253.7257,339.68668,-1.6916434,10.345812,0.3821174
1,87,10,0.01,0.10411558,0.04745309,0.04764519,0.009017304,0.10891865,0.008152855,8.3057375,0.5616457,8.090578,1.1771286,0.2178373,0.01630571,0.21827778,0.014760255,0.09495948,0.01381601,253.45345,253.60432,339.55673,-1.7387743,10.345812,0.41573074
1,88,10,0.01,0.08842107,0.0330444,0.04586368,0.0095129805,0.090890594,0.015696641,8.148977,0.18113288,8.30997,1.0518563,0.18178119,0.031393282,0.21415807,0.004760239,0.09753451,0.012345684,253.40825,253.44247,338.74115,-1.2329892,10.345812,0.4149034
1,89,10,0.01,0.0880985,0.034045745,0.044478834,0.009573926,0.09225745,0.011312297,8.025006,0.1853862,8.336547,1.5862567,0.1845149,0.022624593,0.21090005,0.004872016,0.09784644,0.018617965,253.41258,253.36531,339.21338,-1.7716429,10.341234,0.41549784
1,90,10,0.01,0.09704492,0.041308008,0.045898527,0.009838388,0.10162186,0.005499731,8.152073,0.50583184,8.450905,1.7492461,0.20324372,0.010999462,0.21423942,0.013293439,0.09918865,0.02053098,253.42342,253.35298,339.25638,-2.2550778,10.341234,0.4375605
1,91,10,0.01,0.08562215,0.03342393,0.042182583,0.010015637,0.09141106,0.014539789,7.815113,0.2744155,8.52669,1.7002665,0.18282212,0.029079579,0.20538399,0.007211737,0.10007815,0.019956103,253.43051,253.32631,338.60196,-1.974682,10.341234,0.40324455
1,92,10,0.01,0.08521415,0.03210422,0.042814437,0.010295499,0.089588255,0.012483068,7.8734274,0.29454222,8.644999,1.7248784,0.17917651,0.024966136,0.2069165,0.007740674,0.10146674,0.020244975,253.50735,253.58904,339.27115,-2.0194206,10.341234,0.38814986
1,93,10,0.01,0.09389464,0.04157955,0.04227458,0.010040513,0.10195532,0.0053435396,7.823631,0.8413735,8.537272,2.2251942,0.20391063,0.010687079,0.20560783,0.022111604,0.10020236,0.026117207,253.54585,253.73682,339.45352,-3.0665677,10.336284,0.40345016
1,94,10,0.01,0.08734415,0.0358187,0.041588698,0.009936753,0.094629146,0.013600793,7.7599044,0.7160326,8.493045,2.3290067,0.18925829,0.027201585,0.20393308,0.0188176,0.09968326,0.027335662,253.51476,253.62299,338.5734,-3.0450392,10.336284,0.35059172
1,95,10,0.01,0.08518412,0.02967491,0.045569193,0.0099400235,0.086132035,0.011708594,8.122773,0.6655466,8.494443,2.3381991,0.17226407,0.023417188,0.21346942,0.017490804,0.09969967,0.02744355,253.57523,253.894,339.39035,-3.0037458,10.336284,0.35219553
1,96,10,0.01,0.09961552,0.044735465,0.044203863,0.010676195,0.1057538,0.006427049,8.000162,0.81041324,8.803379,2.2094216,0.2115076,0.012854098,0.21024714,0.021297954,0.10332567,0.025932085,253.62164,254.08,339.84384,-3.019835,10.336284,0.39761707
1,97,10,0.01,0.08074575,0.030577146,0.03992024,0.010248364,0.08743161,0.0134718055,7.6026545,0.6542535,8.625187,2.001948,0.17486322,0.026943611,0.1998005,0.017194016,0.101234205,0.023496956,253.5966,253.96591,339.31192,-2.6562016,10.330864,0.36019883
1,98,10,0.01,0.08807718,0.03353341,0.04399872,0.01054505,0.09156065,0.0105142305,7.981577,0.3038297,8.749144,2.011836,0.1831213,0.021028461,0.20975871,0.0079847565,0.102689095,0.02361301,253.55698,253.71365,339.32904,-2.3156657,10.330864,0.3243354
1,99,10,0.01,0.08721096,0.036502343,0.040239763,0.010468858,0.09552793,0.0049737873,7.633019,0.72734165,8.717478,2.007086,0.19105586,0.009947575,0.20059851,0.019114807,0.10231744,0.023557262,253.50221,253.42813,339.21426,-2.7344277,10.330864,0.3640826
1,100,10,0.01,0.07384218,0.026706133,0.036535397,0.0106006535,0.081710055,0.014382158,7.273201,0.6483039,8.77218,1.9485505,0.16342011,0.028764317,0.19114235,0.017037662,0.10295948,0.022870228,253.43954,253.20389,338.52698,-2.5968544,10.330864,0.33685938
2,1,10,0.0069999998,0.1707196,0.06501254,0.07351732,0.032189727,0.12748778,0.019154737,10.31724,0.83032596,15.286211,1.647924,0.25497556,0.038309474,0.27114078,0.021821283,0.17941496,0.019341767,252.00142,248.02647,331.76886,-2.47825,10.324896,0.5318737
2,2,10,0.0069999998,0.1669753,0.05444124,0.0805887,0.031945366,0.11666323,0.015690451,10.802038,1.0041821,15.228079,1.697441,0.23332646,0.031380903,0.2838815,0.026390268,0.17873266,0.01992295,251.9985,247.95515,332.35913,-2.701623,10.324896,0.5532413
2,3,10,0.0069999998,0.17288351,0.06024487,0.08113742,0.03150121,0.12272415,0.011536622,10.838753,1.2923337,15.121846,1.5506425,0.2454483,0.023073245,0.2848463,0.03396299,0.17748581,0.018199973,251.92317,247.73146,332.15033,-2.842976,10.324896,0.59282917
2,4,10,0.0069999998,0.16153798,0.054969694,0.07616853,0.030399749,0.11722808,0.017793246,10.501624,1.0769848,14.8551235,1.4287889,0.23445617,0.03558649,0.27598646,0.02830356,0.17435524,0.016769765,251.80878,247.27478,331.1194,-2.5057735,10.324896,0.5764599
2,5,10,0.0069999998,0.14361638,0.04542114,0.069110654,0.02908458,0.10656118,0.016723184,10.003252,0.5144072,14.530234,0.9235008,0.21312235,0.033446368,0.26288906,0.013518815,0.17054202,0.010839169,251.751,246.94478,331.47607,-1.4379079,10.319338,0.4253833
2,6,10,0.0069999998,0.14741269,0.0472251,0.070249006,0.029938582,0.10865668,0.010814,10.085298,0.27118152,14.742014,0.70803124,0.21731336,0.021628,0.2650453,0.007126746,0.1730277,0.008310198,251.66478,246.52248,331.37833,-0.97921276,10.319338,0.45510712
2,7,10,0.0069999998,0.14863543,0.045777168,0.07311022,0.029748041,0.106978,0.017095959,10.288634,0.41463324,14.695028,0.7080889,0.213956,0.034191918,0.27038902,0.010896716,0.1724762,0.0083108675,251.5262,246.07745,330.18817,-1.1227221,10.319338,0.49033087
2,8,10,0.0069999998,0.15340345,0.05026939,0.072751366,0.030382698,0.112104185,0.013502503,10.263352,0.40012044,14.850955,0.6725242,0.22420837,0.027005006,0.2697246,0.01051529,0.17430633,0.007893442,251.44492,245.8133,329.9301,-1.0726447,10.319338,0.5178327
2,9,10,0.0069999998,0.14792809,0.048732925,0.070176244,0.02901892,0.11037768,0.009002677,10.080074,0.28834394,14.5138235,0.49636102,0.22075535,0.018005354,0.264908,0.00757779,0.1703494,0.0058258134,251.42653,245.69365,329.9133,-0.7847049,10.312946,0.45040926
2,10,10,0.0069999998,0.15601465,0.05221216,0.07463189,0.029170604,0.1142499,0.016435185,10.395153,0.31333923,14.551706,0.5166873,0.2284998,0.03287037,0.27318838,0.008234665,0.17079404,0.0060643763,251.45517,245.817,329.60788,-0.8300265,10.312946,0.43305182
2,11,10,0.0069999998,0.1442576,0.045189597,0.07002877,0.029039245,0.10628922,0.013575262,10.069476,0.31000912,14.518906,0.29919156,0.21257845,0.027150525,0.26462948,0.008147153,0.17040905,0.0035116214,251.53116,246.08653,330.47876,-0.6092007,10.312946,0.4428212
2,12,10,0.0069999998,0.15032426,0.05230745,0.068811536,0.029205263,0.11435411,0.008782054,9.981581,0.21640447,14.5603485,0.26856887,0.22870822,0.017564109,0.26231954,0.0056871744,0.17089547,0.0031522114,251.56352,246.276,330.79672,-0.48497334,10.312946,0.43694595
2,13,10,0.0069999998,0.1428158,0.04553591,0.0694845,0.027795391,0.10669573,0.014650611,10.03027,-0.3136165,14.204555,-0.008727103,0.21339145,0.029301222,0.26359913,-0.008241966,0.1667195,-0.000102423655,251.55887,246.28046,330.05325,0.32234362,10.306217,0.40450057
2,14,10,0.0069999998,0.14552054,0.04140816,0.07540231,0.028710071,0.10174497,0.009548047,10.448669,-0.042310618,14.43638,0.04333804,0.20348994,0.019096093,0.2745948,-0.001111941,0.16944046,0.00050866004,251.69125,246.83615,331.22168,-0.0010274239,10.306217,0.42106238
2,15,10,0.0069999998,0.14606938,0.040173996,0.07736168,0.028533703,0.10021726,0.007141898,10.583557,0.14616472,14.391971,0.35386643,0.20043452,0.014283796,0.27813968,0.003841275,0.16891922,0.004153348,251.77596,247.14748,331.807,-0.5000311,10.306217,0.44076142
2,16,10,0.0069999998,0.1462339,0.04227542,0.07634575,0.027612727,0.10280494,0.013011872,10.513834,-0.37694234,14.157803,0.59202373,0.20560987,0.026023744,0.27630734,-0.009906172,0.16617078,0.006948606,251.80444,247.375,331.37347,-0.2150814,10.306217,0.41996434
2,17,10,0.0069999998,0.13174362,0.03828959,0.06801039,0.025443645,0.09783863,0.0055281413,9.9233055,-0.9273111,13.590357,0.57773876,0.19567727,0.011056283,0.26078802,-0.024370078,0.15951064,0.0067809373,251.85486,247.67387,332.12878,0.34957236,10.299328,0.43394512
2,18,10,0.0069999998,0.13283819,0.04420698,0.063433684,0.02519752,0.10512728,0.0028970202,9.583599,-1.0658313,13.524467,0.61353153,0.21025456,0.0057940404,0.25186044,-0.028010432,0.15873727,0.007201043,251.89244,247.83444,332.4657,0.45229977,10.299328,0.42622912
2,19,10,0.0069999998,0.12981106,0.041799404,0.06357725,0.024434406,0.102224514,0.009723036,9.594438,-0.9429744,13.318094,0.6853767,0.20444903,0.019446071,0.2521453,-0.024781713,0.15631509,0.008044281,251.91884,247.92326,332.23413,0.25759768,10.299328,0.44532993
2,20,10,0.0069999998,0.12434012,0.03880937,0.06112017,0.02441058,0.09850047,0.0073516876,9.407212,-0.8707531,13.311599,0.54180783,0.19700094,0.014703375,0.24722494,-0.022883713,0.15623885,0.0063592303,251.93283,247.89343,332.72964,0.32894528,10.299328,0.45812282
2,21,10,0.0069999998,0.11842388,0.03909882,0.056990597,0.022334453,0.09886711,-0.0036512697,9.083857,-1.3530217,12.7329445,0.21326053,0.19773422,-0.0073025394,0.23872703,-0.035557907,0.14944716,0.002503053,251.91994,247.80864,332.88928,1.1397612,10.292323,0.34920862
2,22,10,0.0069999998,0.11833975,0.04090268,0.055783156,0.021653906,0.10112206,0.0026184404,8.987113,-1.4663928,12.537455,0.22170804,0.20224412,0.005236881,0.23618458,-0.03853732,0.14715266,0.0026021968,251.9104,247.83408,332.30658,1.2446847,10.292323,0.33486474
2,23,10,0.0069999998,0.11396524,0.039474066,0.052514736,0.021976441,0.09934041,0.0020263563,8.719855,-1.428521,12.630481,0.1354028,0.19868082,0.0040527126,0.22916093,-0.03754206,0.14824453,0.0015892356,251.93413,247.89555,332.83286,1.2931182,10.292323,0.3827526
2,24,10,0.0069999998,0.117278665,0.042448193,0.0529638,0.021866675,0.1030148,-0.004417437,8.757059,-1.6033891,12.598897,0.17469372,0.2060296,-0.008834874,0.23013866,-0.042137627,0.14787385,0.002050395,251.8739,247.67459,332.56363,1.4286954,10.292323,0.34055015
2,25,10,0.0069999998,0.1073065,0.0364397,0.05172004,0.019146763,0.09544592,-0.0050968267,8.6536255,-1.5118217,11.789323,-0.0028476908,0.19089185,-0.010193653,0.2274204,-0.039731227,0.13837183,-3.3426768e-5,251.76823,247.29033,331.4216,1.5146694,10.285247,0.3318969
2,26,10,0.0069999998,0.10366556,0.03223075,0.05236249,0.019072326,0.089764625,-0.007027825,8.707206,-1.4032079,11.766385,-0.04558525,0.17952925,-0.01405565,0.22882852,-0.036876798,0.13810259,-0.0005350257,251.75821,247.09383,332.06036,1.4487932,10.285247,0.3105676
2,27,10,0.0069999998,0.11301924,0.04326276,0.05043569,0.019320792,0.10399851,-0.012145132,8.545504,-1.4118474,11.842781,-0.23933241,0.20799702,-0.024290264,0.22457892,-0.03710387,0.13899925,-0.0028090572,251.78625,247.19717,332.38028,1.6511798,10.285247,0.3158817
2,28,10,0.0069999998,0.10833637,0.03740506,0.05246595,0.01846536,0.096701935,-0.0036214206,8.715804,-1.2105283,11.577642,-0.20276341,0.19340387,-0.007242841,0.22905447,-0.031813115,0.13588731,-0.0023798412,251.76271,247.21315,331.98172,1.4132917,10.285247,0.3058854
2,29,10,0.0069999998,0.09953334,0.035787184,0.04738674,0.016359417,0.094587505,-0.011854644,8.283179,-0.9754133,10.897456,-0.43658325,0.18917501,-0.023709288,0.21768495,-0.025634212,0.12790394,-0.0051242006,251.80054,247.34631,332.62366,1.4119966,10.278095,0.31014597
2,30,10,0.0069999998,0.10102608,0.037814356,0.047435842,0.015775884,0.09722957,-0.013898777,8.287471,-1.1827526,10.701337,-0.4012041,0.19445914,-0.027797554,0.21779771,-0.03108316,0.12560208,-0.0047089476,251.81116,247.40968,332.87704,1.5839567,10.278095,0.31807673
2,31,10,0.0069999998,0.09715227,0.035686072,0.04627679,0.015189407,0.09445379,-0.00887431,8.1855955,-1.3489485,10.50054,-0.28989586,0.18890758,-0.01774862,0.2151204,-0.035450865,0.123245314,-0.0034025197,251.78146,247.40091,332.1665,1.6388444,10.278095,0.33599374
2,32,10,0.0069999998,0.097241096,0.03431954,0.04811886,0.014802699,0.09262767,-0.010900275,8.346921,-1.4974116,10.366011,-0.34461004,0.18525533,-0.02180055,0.21936011,-0.039352514,0.12166634,-0.0040447013,251.76302,247.30145,332.57056,1.8420217,10.278095,0.3633373
2,33,10,0.0069999998,0.09979833,0.040446173,0.046144877,0.013207281,0.10055617,-0.016501002,8.173921,-1.158294,9.791471,-0.59150636,0.20111234,-0.033002004,0.21481359,-0.030440394,0.11492293,-0.006942535,251.73662,247.23291,332.50595,1.7498003,10.270776,0.39173856
2,34,10,0.0069999998,0.10278773,0.03907641,0.050601974,0.013109352,0.09883877,-0.010983086,8.559578,-0.970267,9.755102,-0.6765134,0.19767754,-0.021966172,0.22494882,-0.025498975,0.11449608,-0.007940259,251.73413,247.3429,331.64954,1.6467804,10.270776,0.39755082
2,35,10,0.0069999998,0.09919998,0.03714635,0.04864555,0.013408079,0.09636694,-0.014363622,8.392478,-0.911428,9.8656225,-0.7720485,0.19273388,-0.028727245,0.22055736,-0.023952667,0.11579326,-0.0090615675,251.81244,247.6258,332.27185,1.6834764,10.270776,0.3831215
2,36,10,0.0069999998,0.10242835,0.041427597,0.047644977,0.013355776,0.10176885,-0.017512323,8.305719,-0.87403476,9.846361,-0.76412827,0.2035377,-0.035024647,0.21827729,-0.02296996,0.11556719,-0.008968601,251.88597,247.83519,332.71204,1.6381631,10.270776,0.42260614
2,37,10,0.0069999998,0.09291639,0.0387574,0.04267801,0.0114809815,0.09843449,-0.008896519,7.8608723,0.2894033,9.129158,-0.525894,0.19686899,-0.017793039,0.20658657,0.0076056104,0.10714934,-0.006172439,251.91872,247.96399,332.17062,0.2364907,10.263278,0.31044888
2,38,10,0.0069999998,0.0960492,0.036912516,0.04776609,0.011370592,0.09606315,-0.01346141,8.316268,0.36831805,9.085164,-0.5184884,0.1921263,-0.02692282,0.21855454,0.0096795345,0.10663298,-0.0060855234,251.98524,248.17192,332.85434,0.15017036,10.263278,0.30483854
2,39,10,0.0069999998,0.097710535,0.043578923,0.043373458,0.010758157,0.10437783,-0.016431242,7.92466,-0.33176407,8.837108,-0.5357116,0.20875566,-0.032862484,0.20826295,-0.0087188715,0.10372154,-0.0062876698,252.02364,248.33554,333.45392,0.8674756,10.263278,0.2970275
2,40,10,0.0069999998,0.0944018,0.03964168,0.044200584,0.010559538,0.09955109,-0.009801785,7.9998655,-0.27575022,8.755152,-0.47992453,0.19910218,-0.01960357,0.21023935,-0.007246817,0.102759615,-0.0056328964,252.01385,248.29483,332.94177,0.7556747,10.263278,0.28465617
2,41,10,0.0069999998,0.08281993,0.032738954,0.040508468,0.009572512,0.09046955,-0.008032524,7.658462,0.53958344,8.335933,-0.31649935,0.1809391,-0.016065048,0.20126715,0.014180443,0.097839214,-0.0037147687,252.06053,248.39023,333.6833,-0.22308409,10.255584,0.27885145
2,42,10,0.0069999998,0.09565432,0.041304126,0.044281993,0.01006821,0.10161708,-0.014007178,8.00723,0.12964839,8.54904,-0.44729978,0.20323417,-0.028014356,0.21043287,0.0034072087,0.10034047,-0.005249977,252.06392,248.35428,333.95154,0.3176514,10.255584,0.26431555
2,43,10,0.0069999998,0.09450963,0.035924986,0.048627093,0.009957555,0.09476944,-0.007991216,8.390886,0.30457947,8.50193,-0.42490348,0.18953888,-0.015982432,0.22051552,0.0080044605,0.09978755,-0.004987113,252.05388,248.3129,333.3393,0.120324016,10.255584,0.29381603
2,44,10,0.0069999998,0.08894884,0.03221559,0.046662543,0.010070703,0.08974351,-0.011057435,8.219642,0.38203123,8.550097,-0.34928864,0.17948702,-0.02211487,0.21601515,0.010039922,0.10035289,-0.004099615,252.17307,248.82777,334.12943,-0.03274259,10.255584,0.31317183
2,45,10,0.0069999998,0.08708691,0.03559864,0.042659972,0.008828294,0.09433801,-0.0119554885,7.8592114,0.44548705,8.005337,-0.27589485,0.18867601,-0.023910977,0.20654291,0.011707552,0.093959,-0.0032381844,252.30307,249.41852,335.1421,-0.1695922,10.24795,0.2920952
2,46,10,0.0069999998,0.08213133,0.03398385,0.039950658,0.008196823,0.09217355,-0.0031479434,7.6055503,0.5043214,7.7137227,-0.19478677,0.1843471,-0.006295887,0.1998766,0.013253747,0.09053631,-0.0022862186,252.32915,249.59268,334.98993,-0.3095346,10.24795,0.32042718
2,47,10,0.0069999998,0.07730657,0.028899863,0.040334042,0.008072662,0.0849998,-0.005185021,7.6419554,0.5518019,7.655078,-0.11711406,0.1699996,-0.010370042,0.20083337,0.014501547,0.089848,-0.001374571,252.38,249.68121,335.3586,-0.43468785,10.24795,0.3384857
2,48,10,0.0069999998,0.08159624,0.032574143,0.041148532,0.007873566,0.090241544,-0.008929783,7.7187304,0.37776923,7.560089,0.07053483,0.18048309,-0.017859565,0.20285101,0.009927909,0.088733114,0.0008278712,252.45938,249.88611,335.70163,-0.44830406,10.24795,0.31627592
2,49,10,0.0069999998,0.08206686,0.032617263,0.042658754,0.0067908396,0.09030125,0.00035277146,7.8590994,0.8170315,7.0210648,0.34362316,0.1806025,0.0007055429,0.20653996,0.021471888,0.08240655,0.0040331217,252.47672,249.99423,335.00858,-1.1606547,10.240494,0.30770886
2,50,10,0.0069999998,0.075052224,0.030417351,0.037857436,0.0067774383,0.087202854,-0.00287651,7.4036226,1.020202,7.014133,0.24971212,0.17440571,-0.00575302,0.19456987,0.026811287,0.0823252,0.0029308759,252.52681,250.1754,335.55734,-1.2699142,10.240494,0.31796154
2,51,10,0.0069999998,0.08531577,0.042610023,0.036358435,0.006347317,0.10321098,-0.008742386,7.2555647,0.87069774,6.7879133,0.2543461,0.20642196,-0.017484771,0.19067888,0.022882259,0.07967005,0.002985271,252.55907,250.29393,335.89032,-1.1250439,10.240494,0.28728715
2,52,10,0.0069999998,0.07663281,0.032843456,0.037633084,0.0061562723,0.09061382,0.00010885825,7.381652,1.1034186,6.68498,0.14785516,0.18122764,0.0002177165,0.19399248,0.02899824,0.078461915,0.0017353832,252.57805,250.43802,335.6362,-1.2512738,10.240494,0.34781766
2,53,10,0.0069999998,0.06962849,0.031243345,0.032753386,0.0056317616,0.088378936,-0.002152557,6.8864717,0.73530596,6.3938627,-0.018101124,0.17675787,-0.004305114,0.18097897,0.019324105,0.075045064,-0.00021245534,252.63712,250.71484,336.49344,-0.71720487,10.233301,0.25712016
2,54,10,0.0069999998,0.07160343,0.0348247,0.031018611,0.0057601207,0.093306884,-0.0043302826,6.701621,0.38526008,6.466317,-0.07276728,0.18661377,-0.008660565,0.17612101,0.010124773,0.07589546,-0.0008540759,252.66844,250.85129,336.97552,-0.3124928,10.233301,0.24389522
2,55,10,0.0069999998,0.06742404,0.030267319,0.031337056,0.0058196634,0.086987525,0.0012231813,6.7359333,0.47244772,6.4996533,-0.078757934,0.17397505,0.0024463625,0.17702276,0.0124161,0.07628672,-0.00092438643,252.63553,250.84703,336.28275,-0.39368978,10.233301,0.29144686
2,56,10,0.0069999998,0.061896265,0.029157255,0.026948597,0.005790413,0.08537748,-0.0024847887,6.2465,0.24632125,6.483298,0.04278033,0.17075495,-0.0049695773,0.16416028,0.0064734183,0.07609476,0.00050211616,252.6601,250.98532,336.81897,-0.28910157,10.233301,0.26565528
2,57,10,0.0069999998,0.05664753,0.026260998,0.024745876,0.005640656,0.08102623,-0.008058561,5.9857717,-0.30579963,6.398911,0.05894557,0.16205245,-0.016117122,0.15730822,-0.008036523,0.0751043,0.00069184706,252.66675,250.91959,337.23492,0.24685407,10.226304,0.14482024
2,58,10,0.0069999998,0.0595639,0.026721463,0.02725598,0.0055864574,0.0817335,0.0004438112,6.282024,-0.028512204,6.368094,0.12024488,0.163467,0.0008876224,0.16509385,-0.0007493159,0.07474261,0.0014113212,252.62823,250.73679,336.4479,-0.09173268,10.226304,0.16651933
2,59,10,0.0069999998,0.06193944,0.026153708,0.029786106,0.0059996266,0.08086054,-0.0036881003,6.5671287,0.25866437,6.5993824,-0.008253849,0.16172108,-0.0073762005,0.17258652,0.006797798,0.07745726,-9.687591e-5,252.65111,250.78935,336.7848,-0.25041053,10.226304,0.1710607
2,60,10,0.0069999998,0.07046754,0.033915777,0.030458849,0.00609291,0.09208118,-0.00823366,6.640877,-0.09482297,6.650489,-0.043567367,0.18416236,-0.01646732,0.17452464,-0.0024919775,0.078057095,-0.00051135186,252.71492,251.03601,337.29388,0.13839033,10.226304,0.15359877
2,61,10,0.0069999998,0.06315962,0.027546164,0.02967144,0.0059420164,0.082985185,-0.00034843822,6.5544763,-0.13957824,6.5676217,-0.029177213,0.16597037,-0.00069687644,0.172254,-0.0036681697,0.077084474,-0.0003424564,252.71896,251.09636,336.76007,0.16875546,10.2193985,0.23846267
2,62,10,0.0069999998,0.064753525,0.030120656,0.028341254,0.0062916125,0.08677652,-0.003213359,6.4058714,-0.12482383,6.7580624,-0.072183356,0.17355303,-0.006426718,0.16834861,-0.003280418,0.079319686,-0.0008472207,252.76878,251.28024,337.56543,0.19700718,10.2193985,0.23550405
2,63,10,0.0069999998,0.058130868,0.027110651,0.024800124,0.006220096,0.08232656,-0.008413859,5.9923286,-0.40979436,6.719543,0.060705822,0.16465312,-0.016827717,0.15748055,-0.01076954,0.078867584,0.000712507,252.82455,251.48639,338.18436,0.34908855,10.2193985,0.24838752
2,64,10,0.0069999998,0.065275736,0.031194448,0.028032066,0.006049222,0.08830975,-0.0010673507,6.370833,-0.12668802,6.626604,0.23297052,0.1766195,-0.0021347015,0.1674278,-0.0033294107,0.077776745,0.0027343838,252.83006,251.61218,337.5585,-0.1062825,10.2193985,0.25814253
2,65,10,0.0069999998,0.06348574,0.03177519,0.025531914,0.006178633,0.08912799,0.0007787625,6.080095,-0.18117084,6.6971097,0.054104235,0.17825598,0.001557525,0.15978709,-0.0047612335,0.07860428,0.00063502486,252.88625,251.80544,338.0947,0.1270666,10.212499,0.27994034
2,66,10,0.0069999998,0.060214277,0.031966526,0.02194251,0.0063052434,0.089395925,-0.0049688765,5.6365304,-0.39713672,6.7653794,-0.05707627,0.17879185,-0.009937753,0.14813004,-0.010436893,0.07940556,-0.00066990865,252.9334,251.97731,338.40112,0.454213,10.212499,0.3054122
2,67,10,0.0069999998,0.061395023,0.02894701,0.02567838,0.0067696297,0.085069105,0.0016992817,6.097509,-0.2280272,7.010092,-0.08732786,0.17013821,0.0033985635,0.16024475,-0.005992638,0.08227776,-0.0010249699,252.92928,251.9596,337.50638,0.31535506,10.212499,0.32688168
2,68,10,0.0069999998,0.06661694,0.03504162,0.025085604,0.0064897165,0.09359703,-9.2129216e-5,6.026719,-0.08901195,6.863633,0.00858461,0.18719406,-0.00018425843,0.15838435,-0.0023392655,0.08055878,0.00010075533,252.99171,252.13013,337.99356,0.08042734,10.212499,0.3642316
2,69,10,0.0069999998,0.06757777,0.035175614,0.025798025,0.0066041327,0.093775816,-0.0038840412,6.111698,-0.213474,6.9238725,-0.08292235,0.18755163,-0.0077680824,0.16061763,-0.0056101778,0.081265815,-0.0009732644,253.04094,252.44708,338.54712,0.29639634,10.205675,0.3729702
2,70,10,0.0069999998,0.06412939,0.02970472,0.027653266,0.0067714015,0.086175285,0.0017173002,6.327641,-0.3126385,7.0110083,-0.017687248,0.17235057,0.0034346003,0.16629271,-0.008216256,0.082288526,-0.00020759636,253.00035,252.40697,337.96597,0.33032575,10.205675,0.37670833
2,71,10,0.0069999998,0.060892418,0.029838612,0.024061263,0.006992543,0.08636928,-3.0117353e-5,5.90239,-0.40275535,7.1245723,-0.0027683913,0.17273857,-6.0234706e-5,0.15511693,-0.010584555,0.08362143,-3.2492357e-5,252.99326,252.28082,338.665,0.40552375,10.205675,0.3191744
2,72,10,0.0069999998,0.06384513,0.033997107,0.023127954,0.006720064,0.092191525,-0.005993929,5.7867846,-0.6326704,6.9843807,0.10552239,0.18438305,-0.011987858,0.15207878,-0.016626809,0.081976,0.0012385219,253.01231,252.26299,339.12674,0.527148,10.205675,0.34755638
2,73,10,0.0069999998,0.05660343,0.026044324,0.023802472,0.0067566326,0.08069127,0.005122954,5.870562,-0.35776082,7.0033584,0.21979946,0.16138254,0.010245908,0.1542805,-0.00940208,0.08219874,0.002579795,253.03429,252.45917,338.31558,0.13796136,10.198944,0.24258578
2,74,10,0.0069999998,0.060618922,0.031074047,0.022496283,0.0070485915,0.08813916,0.0040048584,5.7072124,-0.41651547,7.1530695,0.010713289,0.17627832,0.008009717,0.14998761,-0.010946178,0.08395589,0.00012574292,253.10054,252.65349,338.9172,0.4058022,10.198944,0.2588031
2,75,10,0.0069999998,0.067493975,0.036002778,0.02462009,0.006871106,0.09487199,-0.001950512,5.970538,-0.7421639,7.0624356,-0.05609146,0.18974398,-0.003901024,0.1569079,-0.019504335,0.082892135,-0.00065834593,253.14809,252.83383,339.48618,0.7982554,10.198944,0.31757808
2,76,10,0.0069999998,0.06299198,0.029074334,0.026649667,0.0072679725,0.08525599,0.0061964807,6.211758,-0.36092138,7.2635317,0.26745668,0.17051198,0.012392961,0.16324726,-0.009485141,0.085252404,0.0031391564,253.11307,252.7676,338.78653,0.0934647,10.198944,0.28113744
2,77,10,0.0069999998,0.05815493,0.027148094,0.023357999,0.0076488378,0.082383394,0.008454147,5.8154926,-0.013186233,7.4514184,0.22624284,0.16476679,0.016908294,0.15283324,-0.00034653718,0.087457635,0.002655423,253.10748,252.61319,339.165,-0.21305661,10.192323,0.2217921
2,78,10,0.0069999998,0.062468756,0.03161781,0.023155248,0.0076957,0.08890699,0.0008364336,5.7901974,-0.20854308,7.47421,0.31327328,0.17781398,0.0016728672,0.15216848,-0.005480585,0.08772514,0.0036769034,253.09315,252.51595,339.51617,-0.104730204,10.192323,0.2363938
2,79,10,0.0069999998,0.06076948,0.0246483,0.028250497,0.007870686,0.078498885,0.008379933,6.395606,-0.06738647,7.558707,0.2555055,0.15699777,0.016759867,0.16807884,-0.0017709419,0.08871689,0.002998877,253.03401,252.36017,338.5135,-0.18811902,10.192323,0.21508072
2,80,10,0.0069999998,0.066565104,0.028591262,0.02975153,0.008222312,0.084544756,0.008422365,6.563316,-0.09472691,7.725705,0.238608,0.16908951,0.01684473,0.17248632,-0.0024894571,0.09067696,0.0028005526,253.053,252.3666,338.95377,-0.14388108,10.192323,0.23498069
2,81,10,0.0069999998,0.07103144,0.034362767,0.027758475,0.008910195,0.09268598,0.0064830966,6.3396673,-0.055704523,8.042384,0.12348152,0.18537197,0.012966193,0.16660875,-0.0014639316,0.09439383,0.0014493116,253.08302,252.41563,339.21597,-0.06777699,10.185917,0.30078983
2,82,10,0.0069999998,0.062629744,0.025216026,0.028505815,0.008907903,0.079397775,0.011606592,6.4244423,0.38616928,8.041349,0.12344083,0.15879555,0.023213184,0.16883665,0.01014866,0.09438169,0.001448824,253.10472,252.51811,338.43994,-0.5096101,10.185917,0.23432526
2,83,10,0.0069999998,0.06700496,0.028567895,0.029516095,0.008920968,0.0845102,0.011037797,6.5372953,0.5266424,8.047245,0.017469002,0.1690204,0.022075593,0.17180249,0.01384035,0.094450876,0.00020503516,253.18509,252.67499,338.9232,-0.5441114,10.185917,0.2381667
2,84,10,0.0069999998,0.067471534,0.029299647,0.029028276,0.0091436105,0.0855857,0.0073781754,6.4830484,0.2847217,8.147044,0.051861543,0.1711714,0.014756351,0.17037687,0.007482587,0.09562223,0.0006086995,253.29007,253.04747,339.54758,-0.33658326,10.185917,0.22619337
2,85,10,0.0069999998,0.064802244,0.025033817,0.030191267,0.009577159,0.07911039,0.012019541,6.6116424,0.7749794,8.3379545,-0.03932159,0.15822078,0.024039082,0.17375635,0.020366743,0.09786296,-0.00046152298,253.3435,253.4257,339.01984,-0.7356578,10.179853,0.19058117
2,86,10,0.0069999998,0.06602442,0.02756011,0.028929029,0.009535281,0.08300619,0.012324668,6.4719563,0.73295945,8.319706,0.087650955,0.16601238,0.024649335,0.17008536,0.019262442,0.09764876,0.0010287642,253.4321,253.78221,339.89114,-0.8206104,10.179853,0.33956182
2,87,10,0.0069999998,0.069790386,0.033206966,0.02701978,0.00956364,0.091113895,0.0070634815,6.254745,0.30683857,8.3320675,0.08344292,0.18222779,0.014126963,0.16437694,0.008063829,0.09779386,0.0009793681,253.47116,253.9122,340.7062,-0.3902815,10.179853,0.26694366
2,88,10,0.0069999998,0.06134104,0.023788137,0.028173454,0.009379447,0.07711702,0.011759763,6.386879,0.21036348,8.251443,0.1410991,0.15423404,0.023519525,0.1678495,0.0055284253,0.09684755,0.0016560868,253.43285,253.8618,339.94815,-0.35146257,10.179853,0.25896633
2,89,10,0.0069999998,0.063952565,0.02493253,0.029887378,0.0091326535,0.07895019,0.011666519,6.578283,0.22537632,8.142161,0.10832461,0.15790038,0.023333037,0.17287967,0.005922975,0.09556492,0.0012714092,253.44243,253.7994,340.24088,-0.33370093,10.174163,0.23548357
2,90,10,0.0069999998,0.080292195,0.038004387,0.032202046,0.0100857625,0.09747357,0.0033889774,6.828266,0.08898718,8.556488,0.10452209,0.19494714,0.0067779548,0.17944929,0.0023386178,0.100427896,0.0012267767,253.45297,253.8213,340.58078,-0.19350927,10.174163,0.26018143
2,91,10,0.0069999998,0.061809786,0.021307668,0.030964209,0.009537907,0.07298573,0.009771544,6.6957417,0.18330745,8.320851,0.13870132,0.14597146,0.019543087,0.1759665,0.0048173764,0.09766221,0.0016279486,253.41267,253.73885,339.72855,-0.3220088,10.174163,0.21586813
2,92,10,0.0069999998,0.064599976,0.026530629,0.028443456,0.009625886,0.08144113,0.009810423,6.4174113,0.307764,8.359139,0.05773448,0.16288225,0.019620845,0.16865188,0.008088154,0.0981116,0.0006776265,253.46126,253.85141,340.03,-0.36549848,10.174163,0.18514958
2,93,10,0.0069999998,0.07924463,0.037834313,0.031526633,0.009883685,0.09725522,0.0008726415,6.756277,-0.08366032,8.470337,-0.06382027,0.19451044,0.001745283,0.17755741,-0.002198619,0.099416725,-0.00074906304,253.55171,254.20984,340.6961,0.14748059,10.168772,0.22430052
2,94,10,0.0069999998,0.066140555,0.022095952,0.03430595,0.009738654,0.074323535,0.008171311,7.047797,-0.031174013,8.407961,0.175266,0.14864707,0.016342621,0.18521865,-0.0008192628,0.09868462,0.0020571067,253.57541,254.47226,340.3033,-0.14409198,10.168772,0.20815066
2,95,10,0.0069999998,0.0655721,0.02419121,0.03143913,0.00994176,0.07776762,0.0077072894,6.7468944,0.2307359,8.495186,0.24038172,0.15553524,0.015414579,0.17731082,0.006063813,0.09970838,0.002821366,253.6141,254.49542,341.02106,-0.47111762,10.168772,0.21100101
2,96,10,0.0069999998,0.07317662,0.031200664,0.031445496,0.010530461,0.08831855,-0.0009842014,6.747578,-0.015288845,8.743089,0.27480045,0.1766371,-0.0019684029,0.17732878,-0.0004017979,0.10261803,0.0032253386,253.65775,254.57845,341.45816,-0.2595116,10.168772,0.24766394
2,97,10,0.0069999998,0.0640642,0.023132157,0.031192131,0.009739911,0.076046295,0.0047404016,6.720339,0.35248658,8.408504,0.30023208,0.15209259,0.009480803,0.17661294,0.0092634745,0.09869099,0.0035238338,253.65877,254.64609,340.65857,-0.65271866,10.163527,0.2018135
2,98,10,0.0069999998,0.067548506,0.026431214,0.031449683,0.009667606,0.0812884,0.0050375406,6.748027,0.43420926,8.377234,0.25637108,0.1625768,0.010075081,0.17734058,0.011411181,0.098323986,0.0030090304,253.69846,254.72968,341.0022,-0.69058037,10.163527,0.20274599
2,99,10,0.0069999998,0.08549808,0.036684643,0.03808178,0.010731649,0.09576618,-0.0023915044,7.425527,0.24302658,8.826213,0.13433991,0.19153236,-0.0047830087,0.19514553,0.006386822,0.10359367,0.0015767488,253.76973,254.917,341.52975,-0.37736648,10.163527,0.24875651
2,100,10,0.0069999998,0.07969158,0.024467228,0.043203883,0.012020468,0.07821002,0.0053189597,7.9091544,0.4876572,9.341184,0.16707881,0.15642004,0.010637919,0.20785543,0.012815803,0.109637894,0.0019610072,253.8065,255.19348,340.93408,-0.654736,10.163527,0.233843
3,1,10,0.0048999996,0.1129846,0.03488209,0.06560119,0.012501314,0.09338374,0.016951725,9.745958,0.3487592,9.526186,-0.39119416,0.18676747,0.03390345,0.2561273,0.009165518,0.111809276,-0.004591463,251.77585,247.40353,331.05157,0.04243496,10.158214,0.56281096
3,2,10,0.0048999996,0.111662805,0.032727778,0.06656801,0.012367014,0.0904541,0.015611779,9.8175125,0.5597442,9.474877,-0.51739615,0.1809082,0.031223558,0.25800776,0.014710282,0.111207075,-0.0060727037,251.73888,247.21739,331.0273,-0.042348027,10.158214,0.59160495
3,3,10,0.0048999996,0.11977775,0.041447017,0.06554118,0.012789556,0.1017927,0.010063369,9.741498,0.7201262,9.635383,-0.6254565,0.2035854,0.020126738,0.25601012,0.018925175,0.11309092,-0.0073410114,251.71808,247.07497,330.8175,-0.0946697,10.158214,0.6033633
3,4,10,0.0048999996,0.11017236,0.035592373,0.06297445,0.011605533,0.09432971,0.015296794,9.548846,0.7683736,9.178543,-0.7065534,0.18865941,0.030593587,0.25094712,0.02019314,0.10772898,-0.008292849,251.70328,247.09793,330.27716,-0.06182021,10.158214,0.57685906
3,5,10,0.0048999996,0.09597671,0.030786686,0.053313572,0.011876452,0.087730676,0.014928949,8.785928,0.91836935,9.285057,-0.7949543,0.17546135,0.029857898,0.23089732,0.02413507,0.108979136,-0.009330413,251.71405,247.12094,330.96246,-0.12341505,10.154267,0.490704
3,6,10,0.0048999996,0.103306845,0.035538178,0.05582742,0.011941245,0.09425786,0.011171194,8.990679,0.790114,9.31035,-0.7008551,0.18851572,0.022342388,0.23627827,0.020764496,0.109276004,-0.008225968,251.6758,246.99055,330.9911,-0.08925891,10.154267,0.50042266
3,7,10,0.0048999996,0.098895825,0.030602243,0.057264097,0.01102949,0.087467484,0.017047914,9.105627,0.90143365,8.947855,-0.56839335,0.17493497,0.034095827,0.23929918,0.023689995,0.10502138,-0.0066712606,251.599,246.68678,330.3916,-0.3330403,10.154267,0.46809864
3,8,10,0.0048999996,0.09436459,0.029770924,0.053420216,0.011173447,0.08627126,0.015212074,8.794709,0.59217095,9.006059,-0.7065803,0.17254253,0.030424148,0.23112814,0.015562455,0.10570452,-0.008293167,251.56514,246.46526,330.668,0.11440933,10.154267,0.4758684
3,9,10,0.0048999996,0.097855754,0.037225142,0.04940399,0.011226616,0.09646909,0.011578711,8.45765,0.7504974,9.027461,-0.9228636,0.19293818,0.023157421,0.22227009,0.019723348,0.10595573,-0.010831693,251.52243,246.32295,330.34296,0.1723662,10.1503105,0.3830351
3,10,10,0.0048999996,0.087824106,0.029118063,0.048435457,0.010270584,0.08532008,0.016930558,8.374336,0.92164564,8.634532,-0.9741422,0.17064016,0.033861116,0.22008057,0.024221174,0.10134389,-0.011433551,251.4476,246.05727,329.4589,0.052496552,10.1503105,0.36808196
3,11,10,0.0048999996,0.085596025,0.02766939,0.048307583,0.009619047,0.08317059,0.014071838,8.363274,0.94554484,8.356169,-1.0298716,0.16634119,0.028143676,0.21978986,0.024849266,0.09807674,-0.012087651,251.44499,245.96437,329.78067,0.084326744,10.1503105,0.38316154
3,12,10,0.0048999996,0.08932396,0.035291385,0.044379983,0.009652594,0.093930006,0.009978544,8.016084,0.70458573,8.370728,-1.1821988,0.18786001,0.019957088,0.21066557,0.018516762,0.09824762,-0.013875521,251.44968,245.9723,329.84668,0.47761303,10.1503105,0.38878298
3,13,10,0.0048999996,0.07781933,0.026770327,0.042167533,0.008881471,0.0818082,0.014487175,7.813719,1.483562,8.02941,-1.0342753,0.1636164,0.02897435,0.20534734,0.03898855,0.09424156,-0.012139335,251.42603,245.84967,329.31412,-0.4492867,10.146536,0.26866725
3,14,10,0.0048999996,0.07285127,0.025170295,0.039497524,0.008183446,0.07932574,0.012701325,7.5622945,1.4371107,7.707426,-0.8256383,0.15865149,0.02540265,0.19873984,0.037767787,0.0904624,-0.009690555,251.40906,245.63408,329.74387,-0.61147237,10.146536,0.2925813
3,15,10,0.0048999996,0.08771849,0.034672234,0.044809517,0.008236739,0.09310241,0.007959898,8.054783,1.310801,7.7324805,-0.9856147,0.18620482,0.015919795,0.21168259,0.034448326,0.09075648,-0.011568206,251.40869,245.69254,329.9157,-0.3251863,10.146536,0.3021993
3,16,10,0.0048999996,0.07922715,0.02661252,0.044672173,0.007942449,0.08156672,0.014468427,8.042429,1.5460032,7.593088,-0.85342515,0.16313344,0.028936854,0.21135792,0.040629532,0.08912042,-0.010016689,251.37721,245.68593,329.36774,-0.6925781,10.146536,0.28663722
3,17,10,0.0048999996,0.07510119,0.027558792,0.039258584,0.0082838135,0.08300421,0.012336839,7.5393867,1.9139851,7.7545457,-0.5263925,0.16600841,0.024673678,0.19813779,0.050300214,0.09101546,-0.006178291,251.42126,245.82275,329.85056,-1.3875926,10.14303,0.2987773
3,18,10,0.0048999996,0.08369047,0.035525464,0.03935583,0.008809176,0.094241,0.0069304807,7.548717,1.7637107,7.9966645,-0.64236563,0.188482,0.013860961,0.19838303,0.046350952,0.093857214,-0.007539477,251.4503,245.92638,329.76743,-1.121345,10.14303,0.26683617
3,19,10,0.0048999996,0.07362989,0.03032057,0.03449641,0.00881291,0.08706401,0.012632531,7.0673347,1.8396689,7.9983582,-0.54304945,0.17412803,0.025265062,0.1857321,0.048347156,0.0938771,-0.006373794,251.46442,246.04364,329.56537,-1.2966194,10.14303,0.23494588
3,20,10,0.0048999996,0.070101224,0.029170863,0.032288354,0.008642007,0.0853974,0.012376094,6.8374104,1.9012308,7.920426,-0.4875584,0.1707948,0.024752188,0.1796896,0.04996503,0.09296239,-0.0057224953,251.52568,246.32158,330.3667,-1.4136724,10.14303,0.26745316
3,21,10,0.0048999996,0.077077255,0.033764426,0.03495082,0.008362014,0.09187549,0.0070690433,7.1137295,2.0577426,7.791061,-0.46632633,0.18375099,0.014138087,0.18695138,0.05407822,0.091444045,-0.005473293,251.52223,246.31255,330.3873,-1.5914162,10.139729,0.31504294
3,22,10,0.0048999996,0.06958519,0.025696028,0.036247723,0.007641441,0.080149904,0.012227808,7.2445107,2.3457217,7.447814,-0.5908063,0.16029981,0.024455616,0.19038835,0.061646424,0.08741534,-0.00693432,251.47353,246.18456,329.7006,-1.7549155,10.139729,0.32373154
3,23,10,0.0048999996,0.062701695,0.02395212,0.031146077,0.0076034972,0.07738236,0.011508585,6.715377,2.5195158,7.4293013,-0.62614644,0.15476473,0.02301717,0.17648251,0.06621378,0.087198034,-0.0073491074,251.49649,246.23625,330.19623,-1.8933693,10.139729,0.3692503
3,24,10,0.0048999996,0.06937843,0.030646319,0.030771874,0.0079602385,0.08753045,0.005984494,6.6749134,2.2139974,7.6015854,-0.769982,0.1750609,0.011968988,0.17541914,0.058184642,0.089220166,-0.009037313,251.49095,246.3288,330.45258,-1.4440154,10.139729,0.3292243
3,25,10,0.0048999996,0.06401167,0.027184356,0.029264387,0.0075629246,0.082438394,0.010987051,6.5093613,1.8162045,7.4094515,-0.64320517,0.16487679,0.021974102,0.17106837,0.047730513,0.08696508,-0.0075493287,251.41414,246.0153,329.70828,-1.1729994,10.13669,0.37227467
3,26,10,0.0048999996,0.06280854,0.025810784,0.029965729,0.0070320265,0.08032867,0.0104676895,6.5869007,1.8624122,7.144658,-0.78322697,0.16065735,0.020935379,0.17310612,0.048944864,0.08385718,-0.009192771,251.39172,245.77824,329.90164,-1.0791852,10.13669,0.42279744
3,27,10,0.0048999996,0.06921056,0.030357966,0.031564295,0.0072883023,0.08711769,0.004384931,6.7603116,1.6985815,7.2736835,-0.8177145,0.17423537,0.008769862,0.17766343,0.04463933,0.085371554,-0.009597553,251.39003,245.85295,329.98618,-0.88086694,10.13669,0.3474225
3,28,10,0.0048999996,0.062119905,0.026415965,0.028597275,0.007106665,0.08126494,0.010415129,6.4347396,1.6448585,7.182475,-0.7302502,0.16252989,0.020830259,0.16910729,0.04322748,0.08430104,-0.008570981,251.35663,245.79292,329.37234,-0.9146083,10.13669,0.36737257
3,29,10,0.0048999996,0.055764545,0.023472697,0.025644975,0.0066468744,0.07660401,0.004850068,6.0935426,1.1776648,6.946242,-0.68027705,0.15320802,0.009700136,0.16014048,0.030949451,0.081528366,-0.007984443,251.38629,245.83827,329.88333,-0.4973877,10.133976,0.3173288
3,30,10,0.0048999996,0.06264067,0.029721579,0.026190948,0.0067281406,0.08619974,5.290996e-5,6.1580653,1.2423047,6.988577,-0.7040503,0.17239948,0.00010581992,0.16183618,0.032648213,0.082025245,-0.00826347,251.40228,245.83615,330.10965,-0.5382544,10.133976,0.3049268
3,31,10,0.0048999996,0.06144213,0.024758413,0.029925827,0.006757887,0.07867403,0.00529739,6.5825133,1.4483005,7.004009,-0.5390243,0.15734807,0.01059478,0.17299083,0.03806186,0.08220637,-0.006326552,251.42886,245.95805,329.56274,-0.9092762,10.133976,0.3171083
3,32,10,0.0048999996,0.055492427,0.02362613,0.025028355,0.0068379417,0.07685397,0.0045138435,6.0198383,1.2504473,7.0453715,-0.71778315,0.15370794,0.009027687,0.15820353,0.032862205,0.08269185,-0.008424651,251.5248,246.36058,330.4558,-0.5326641,10.133976,0.3023449
3,33,10,0.0048999996,0.06340605,0.03169957,0.025274266,0.0064322148,0.08902187,-0.0039683613,6.04934,0.4201171,6.833158,-0.8200138,0.17804374,-0.007936723,0.15897882,0.01104083,0.08020109,-0.009624542,251.54944,246.53877,331.06644,0.3998967,10.131495,0.25497612
3,34,10,0.0048999996,0.057578184,0.023774318,0.027705759,0.006098106,0.077094615,0.0020882008,6.333645,0.8295748,6.653324,-0.8445011,0.15418923,0.0041764015,0.16645047,0.02180153,0.07809037,-0.009911947,251.48682,246.30705,330.3105,0.014926255,10.131495,0.27879763
3,35,10,0.0048999996,0.052564584,0.022801645,0.023598744,0.0061641936,0.07550107,-0.0002601729,5.8453846,1.1310781,6.689279,-0.6993181,0.15100214,-0.0005203458,0.15361883,0.029725138,0.07851238,-0.008207931,251.53426,246.42967,331.0464,-0.43176,10.131495,0.2883701
3,36,10,0.0048999996,0.055193778,0.02459217,0.0246809,0.0059207072,0.078409456,-0.0051458194,5.977907,1.1105889,6.5558357,-0.69369847,0.15681891,-0.010291639,0.15710156,0.029186679,0.07694613,-0.008141971,251.6018,246.76291,331.4698,-0.41689044,10.131495,0.29253998
3,37,10,0.0048999996,0.05568219,0.024427354,0.025174228,0.006080603,0.078146264,-0.0007428596,6.0373554,0.6487513,6.6437693,-0.6058517,0.15629253,-0.0014857192,0.15866388,0.017049417,0.07797822,-0.0071109086,251.61026,246.8814,330.82614,-0.04289961,10.129009,0.23394832
3,38,10,0.0048999996,0.053561322,0.023351504,0.023917554,0.0062922663,0.076405995,-0.0031897628,5.8847375,0.5696012,6.7584133,-0.609972,0.15281199,-0.0063795256,0.15465301,0.014969326,0.079323806,-0.0071592703,251.64444,246.9133,331.32135,0.040370822,10.129009,0.20192617
3,39,10,0.0048999996,0.05469171,0.025065051,0.02378819,0.005838469,0.07915973,-0.008062045,5.8688,0.38423526,6.510146,-0.47784004,0.15831946,-0.01612409,0.1542342,0.010097845,0.07640988,-0.005608433,251.64758,246.87094,331.8231,0.09360477,10.129009,0.22940452
3,40,10,0.0048999996,0.04898814,0.020223105,0.023406956,0.005358079,0.07110398,-0.0014345815,5.821584,0.62858903,6.236569,-0.3512786,0.14220797,-0.002869163,0.15299332,0.016519548,0.0731989,-0.004122971,251.572,246.70116,331.04428,-0.27731043,10.129009,0.25836858
3,41,10,0.0048999996,0.046421394,0.020197002,0.021073699,0.0051506907,0.07105808,-0.007167703,5.5238147,-0.27515903,6.1146827,-0.37401158,0.14211616,-0.014335406,0.14516783,-0.007231281,0.07176831,-0.0043897927,251.53407,246.53938,331.3809,0.64917064,10.126383,0.20408344
3,42,10,0.0048999996,0.054823916,0.028162604,0.021657703,0.005003608,0.08390859,-0.010512707,5.5998306,-0.5924846,6.0267453,-0.52467275,0.16781718,-0.021025414,0.14716557,-0.015570711,0.070736185,-0.006158108,251.51839,246.43118,331.48737,1.1171573,10.126383,0.23637898
3,43,10,0.0048999996,0.04828293,0.021500131,0.02183729,0.0049455105,0.073314615,-0.003413594,5.6229997,-0.28133774,5.9916544,-0.58297545,0.14662923,-0.006827188,0.14777446,-0.007393666,0.070324324,-0.0068424093,251.48712,246.30736,330.80316,0.8643132,10.126383,0.20976818
3,44,10,0.0048999996,0.044707596,0.018701263,0.02122663,0.0047797053,0.06837628,-0.0051448876,5.5438204,-0.27778673,5.89036,-0.5562286,0.13675256,-0.010289775,0.14569362,-0.007300336,0.06913541,-0.00652848,251.5053,246.31033,331.2682,0.8340153,10.126383,0.18070923
3,45,10,0.0048999996,0.055232536,0.025242772,0.024916833,0.005072934,0.07943987,-0.009693685,6.006411,-1.5259073,6.068353,-0.38243318,0.15887974,-0.01938737,0.15785067,-0.0401014,0.07122453,-0.0044886353,251.5479,246.54654,331.46497,1.9083405,10.123578,0.26925656
3,46,10,0.0048999996,0.056020394,0.02204958,0.028772034,0.0051987804,0.074245505,-0.0025547945,6.4543715,-1.4941859,6.143162,-0.06836898,0.14849101,-0.005109589,0.16962321,-0.03926774,0.07210257,-0.0008024509,251.54955,246.53773,330.9557,1.562555,10.123578,0.25020584
3,47,10,0.0048999996,0.052283973,0.019404337,0.02789864,0.0049809976,0.069649726,-0.005075146,6.3556533,-1.5447656,6.0131135,-0.16959625,0.13929945,-0.010150292,0.16702886,-0.040597,0.07057618,-0.00199056,251.62851,246.73862,331.60858,1.7143619,10.123578,0.2644146
3,48,10,0.0048999996,0.06270398,0.029864302,0.027976682,0.004862996,0.086406454,-0.009184081,6.3645363,-1.4830456,5.94146,-0.17156903,0.17281291,-0.018368162,0.16726232,-0.038974974,0.069735184,-0.002013712,251.74359,247.1994,332.30667,1.6546146,10.123578,0.2787414
3,49,10,0.0048999996,0.05738917,0.023692708,0.02887581,0.0048206523,0.07696218,-0.0015634653,6.4660006,-1.4811358,5.9155364,-0.2187778,0.15392436,-0.0031269307,0.16992883,-0.03892478,0.06943092,-0.0025678042,251.83858,247.72131,332.01413,1.6999136,10.120536,0.30206895
3,50,10,0.0048999996,0.054067332,0.023477312,0.025410313,0.005179708,0.07661154,-0.0031529204,6.065599,-1.3407662,6.131883,-0.3944874,0.15322308,-0.006305841,0.15940613,-0.035235822,0.07197019,-0.004630118,251.95285,248.22603,332.94998,1.7352536,10.120536,0.2868541
3,51,10,0.0048999996,0.0541709,0.026013779,0.02346904,0.00468808,0.08064394,-0.008773663,5.829299,-1.3167683,5.8336277,-0.1803179,0.16128787,-0.017547326,0.15319608,-0.03460514,0.068469554,-0.0021163984,251.99385,248.33943,333.46054,1.4970862,10.120536,0.28803715
3,52,10,0.0048999996,0.05387406,0.021455184,0.027805826,0.0046130503,0.07323794,-0.0020570552,6.345072,-1.1359526,5.786759,0.03113344,0.14647588,-0.0041141105,0.16675079,-0.029853245,0.06791944,0.0003654168,251.9646,248.2242,332.85748,1.1048192,10.120536,0.27885473
3,53,10,0.0048999996,0.050561856,0.020370606,0.025333723,0.0048575304,0.071362816,-0.0027079282,6.0564504,-1.1813079,5.93812,0.14564553,0.14272563,-0.0054158564,0.15916571,-0.03104519,0.06969599,0.0017094462,252.01662,248.44855,333.76334,1.0356624,10.117202,0.28232586
3,54,10,0.0048999996,0.059136365,0.028100532,0.026297469,0.0047383634,0.08381607,-0.0064738453,6.1705756,-1.639033,5.86483,0.08121136,0.16763213,-0.012947691,0.16216494,-0.04307438,0.06883577,0.0009531821,252.0557,248.59381,334.20923,1.5578216,10.117202,0.28689843
3,55,10,0.0048999996,0.05114824,0.019704811,0.02687304,0.004570391,0.07018691,-0.0011922317,6.237737,-1.2240136,5.7599387,-0.081140265,0.14037383,-0.0023844633,0.16392998,-0.03216752,0.06760467,-0.0009523468,252.05824,248.66568,333.74203,1.3051538,10.117202,0.24879083
3,56,10,0.0048999996,0.053411957,0.022306932,0.026686631,0.0044183913,0.07467753,-0.0033436478,6.216065,-1.4193847,5.6633487,-0.08798104,0.14935505,-0.0066872956,0.16336043,-0.037301946,0.06647098,-0.0010326366,252.09296,248.87038,334.27182,1.5073657,10.117202,0.26667863
3,57,10,0.0048999996,0.056826428,0.027652493,0.024849227,0.0043247063,0.083145194,-0.005865331,5.998258,-1.2716464,5.602985,-0.065681055,0.16629039,-0.011730662,0.15763637,-0.033419322,0.0657625,-0.0007709012,252.10942,248.9467,334.5927,1.3373275,10.113687,0.23910752
3,58,10,0.0048999996,0.050218686,0.020223266,0.025452891,0.004542528,0.071104266,0.00020872944,6.070678,-0.94596654,5.742355,-0.087906696,0.14220853,0.00041745888,0.15953963,-0.024860343,0.06739828,-0.0010317661,252.09935,249.01233,333.98627,1.0338732,10.113687,0.2295988
3,59,10,0.0048999996,0.05109087,0.02290364,0.023373999,0.004813233,0.07566974,-0.001312432,5.817484,-1.0411079,5.910982,-0.24302654,0.15133949,-0.002624864,0.15288557,-0.027360694,0.06937747,-0.002852414,252.13086,249.08733,334.43994,1.2841344,10.113687,0.25488317
3,60,10,0.0048999996,0.05940117,0.027604917,0.026939798,0.004856453,0.08307364,-0.0064951577,6.24548,-1.1440202,5.937462,-0.19904025,0.16614728,-0.012990315,0.16413347,-0.030065257,0.06968825,-0.0023361442,252.16438,249.14493,334.8848,1.3430605,10.113687,0.2541982
3,61,10,0.0048999996,0.057619683,0.025960658,0.026923535,0.004735493,0.080561556,0.002244234,6.2435946,-0.6141633,5.863053,-0.111154266,0.16112311,0.004488468,0.16408393,-0.016140431,0.06881492,-0.0013046232,252.18008,249.28015,334.3144,0.72531754,10.110017,0.21338595
3,62,10,0.0048999996,0.052185863,0.021048786,0.026034225,0.00510285,0.072541,-0.001724322,6.1396127,-0.7507127,6.08622,-0.015139378,0.145082,-0.003448644,0.16135125,-0.019728992,0.07143424,-0.00017769077,252.23648,249.35081,335.02805,0.7658521,10.110017,0.2422975
3,63,10,0.0048999996,0.05536739,0.02333295,0.027021024,0.0050134175,0.07637563,-0.0052602864,6.254888,-0.79820335,6.03265,0.23018396,0.15275127,-0.010520573,0.16438073,-0.020977072,0.07080549,0.0027016804,252.32121,249.5472,335.47574,0.5680194,10.110017,0.23609069
3,64,10,0.0048999996,0.05404255,0.02186845,0.027106073,0.0050680307,0.07393993,0.002453103,6.2647247,-0.50580525,6.0654197,0.36807966,0.14787985,0.004906206,0.16463922,-0.013292741,0.071190104,0.0043201647,252.36151,249.72375,334.9797,0.13772559,10.110017,0.26122966
3,65,10,0.0048999996,0.052053105,0.022054674,0.024935715,0.0050627165,0.07425408,0.00030515983,6.0086865,0.13580607,6.0622377,0.26747876,0.14850816,0.00061031966,0.15791047,0.0035690395,0.07115277,0.0031394104,252.43924,249.99785,335.88525,-0.40328485,10.106219,0.23674679
3,66,10,0.0048999996,0.050548226,0.023378905,0.022279957,0.004889361,0.07645081,-0.0033434865,5.679706,-0.05803896,5.9575443,0.22879352,0.15290162,-0.006686973,0.14926472,-0.0015252817,0.06992397,0.002685359,252.47223,250.0988,336.23456,-0.17075455,10.106219,0.20962617
3,67,10,0.0048999996,0.0488076,0.021741023,0.022494003,0.0045725703,0.07372419,0.005022438,5.7069235,0.16649127,5.761312,0.114187494,0.14744838,0.010044876,0.14998001,0.00437546,0.067620784,0.0013402224,252.44382,250.10637,335.35086,-0.28067875,10.106219,0.22494075
3,68,10,0.0048999996,0.044946216,0.020161783,0.02052677,0.0042576627,0.0709961,0.00038030112,5.451663,0.11737107,5.5593867,0.1268779,0.1419922,0.00076060224,0.14327167,0.0030845536,0.06525077,0.0014891727,252.46022,250.17587,335.7938,-0.24424897,10.106219,0.24886194
3,69,10,0.0048999996,0.05195458,0.027225636,0.020198328,0.004530612,0.082500964,-0.003816944,5.4078717,0.4139532,5.734818,0.124344565,0.16500193,-0.007633888,0.14212082,0.010878841,0.06730982,0.0014594372,252.46709,250.19391,336.07413,-0.5382978,10.102399,0.19368197
3,70,10,0.0048999996,0.051974013,0.024059035,0.022717906,0.0051970724,0.077554874,0.0045355004,5.735256,0.5198355,6.1421523,0.2928039,0.15510975,0.009071001,0.1507246,0.0136614675,0.07209072,0.0034366539,252.44557,250.12852,335.468,-0.81263936,10.102399,0.19491048
3,71,10,0.0048999996,0.048253313,0.021651424,0.021431264,0.005170623,0.073572114,0.002472423,5.5704784,0.47362202,6.1265025,0.15714553,0.14714423,0.004944846,0.14639421,0.012446958,0.07190704,0.0018444248,252.50267,250.21667,335.96765,-0.6307676,10.102399,0.21621741
3,72,10,0.0048999996,0.05330125,0.027413303,0.021145083,0.0047428636,0.08278482,-0.001585054,5.533162,0.18344867,5.867614,0.06789406,0.16556963,-0.003170108,0.14541349,0.004821094,0.06886845,0.00079687434,252.60669,250.68526,336.59027,-0.2513427,10.102399,0.21997495
3,73,10,0.0048999996,0.048351355,0.021296246,0.022550508,0.0045046005,0.072966166,0.0037146108,5.7140875,0.8333161,5.718332,0.06344269,0.14593233,0.0074292216,0.15016827,0.02189985,0.06711632,0.00074462936,252.62003,250.89775,336.0598,-0.8967588,10.098563,0.23851453
3,74,10,0.0048999996,0.04990519,0.020197999,0.024809826,0.0048973644,0.07105983,0.0010382711,5.9935,0.6781616,5.962418,-0.0127159655,0.14211966,0.0020765422,0.15751135,0.017822329,0.06998117,-0.00014924882,252.62042,250.80916,336.55533,-0.6654457,10.098563,0.23832461
3,75,10,0.0048999996,0.05386042,0.025233308,0.023446847,0.005180261,0.07942498,-0.005494596,5.826542,0.2627341,6.1322103,0.12966734,0.15884995,-0.010989192,0.15312363,0.0069047464,0.07197403,0.0015219107,252.62744,250.76614,337.04892,-0.39240143,10.098563,0.23104857
3,76,10,0.0048999996,0.051513303,0.021789977,0.02483195,0.0048913755,0.07380714,0.003213975,5.996172,0.5290791,5.9587717,0.24111164,0.14761429,0.00642795,0.15758157,0.013904385,0.06993837,0.002829939,252.58578,250.63786,336.35535,-0.7701907,10.098563,0.21855542
3,77,10,0.0048999996,0.047911823,0.020745084,0.022262385,0.0049043526,0.07201577,0.0004544943,5.6774654,0.8518119,5.9666705,0.17864808,0.14403154,0.0009089886,0.14920585,0.022385923,0.070031084,0.0020967992,252.64636,250.79976,336.76843,-1.03046,10.094727,0.24991359
3,78,10,0.0048999996,0.05455552,0.02756098,0.021600997,0.005393544,0.0830075,-0.003446309,5.592495,0.6150115,6.257175,0.23911023,0.166015,-0.006892618,0.14697278,0.016162721,0.07344075,0.0028064486,252.73405,251.09273,337.33258,-0.85412174,10.094727,0.2625607
3,79,10,0.0048999996,0.047845136,0.019932346,0.022426467,0.0054863193,0.07059098,0.0040421137,5.69835,0.8076029,6.310761,0.30187735,0.14118196,0.008084227,0.14975469,0.021224096,0.07406969,0.0035431487,252.76604,251.29608,336.86667,-1.1094803,10.094727,0.2408095
3,80,10,0.0048999996,0.050442055,0.02285377,0.0216686,0.005919687,0.07558732,0.0020457802,5.6012387,0.89936256,6.5552697,0.28771317,0.15117463,0.0040915604,0.14720258,0.02363557,0.0769395,0.003376903,252.81131,251.40747,337.33673,-1.1870757,10.094727,0.26340285
3,81,10,0.0048999996,0.05259783,0.025934642,0.021175038,0.0054881484,0.08052118,-0.0022169708,5.5370793,0.84086144,6.3118143,0.3791412,0.16104236,-0.0044339416,0.14551646,0.02209814,0.07408204,0.004449997,252.85641,251.52513,337.98224,-1.2200027,10.090889,0.25805095
3,82,10,0.0048999996,0.049819484,0.02287414,0.021560447,0.005384899,0.075620994,0.0039643147,5.5872436,0.89598006,6.2521586,0.3393635,0.15124199,0.007928629,0.14683476,0.023546677,0.07338187,0.0039831237,252.82266,251.47992,337.3626,-1.2353436,10.090889,0.25095865
3,83,10,0.0048999996,0.0511644,0.023366485,0.022216901,0.0055810125,0.0764305,0.0010454592,5.6716633,1.0770181,6.36499,0.25880232,0.152861,0.0020909184,0.14905335,0.028304435,0.074706174,0.0030375768,252.82005,251.38727,337.58136,-1.3358204,10.090889,0.25152886
3,84,10,0.0048999996,0.056531545,0.028808488,0.021920033,0.005803024,0.08486532,-0.0031467655,5.633642,0.9791596,6.490354,0.23208565,0.16973063,-0.006293531,0.14805415,0.025732666,0.07617758,0.0027239998,252.86356,251.51193,337.87985,-1.2112453,10.090889,0.28450453
3,85,10,0.0048999996,0.049309637,0.021227432,0.022099748,0.0059824563,0.072848186,0.004041123,5.6566896,0.9562859,6.5899324,0.19587746,0.14569637,0.008082246,0.14865984,0.025131539,0.07734634,0.0022990233,252.8941,251.78139,337.23886,-1.1521634,10.08707,0.2475258
3,86,10,0.0048999996,0.047136523,0.019862898,0.02154177,0.0057318537,0.0704679,0.0010828945,5.584822,0.765666,6.4504313,0.24655144,0.1409358,0.002165789,0.14677115,0.020121982,0.07570901,0.0028937843,252.96349,252.05415,337.9791,-1.0122174,10.08707,0.23757264
3,87,10,0.0048999996,0.052469425,0.027210817,0.019172842,0.0060857693,0.08247851,-0.0037812048,5.268803,0.43449324,6.646591,0.2934629,0.16495702,-0.0075624096,0.13846603,0.011418639,0.07801134,0.0034443887,253.02887,252.29054,338.70444,-0.7279562,10.08707,0.2598381
3,88,10,0.0048999996,0.049343318,0.023736138,0.01936232,0.0062448587,0.077032685,-0.00035521554,5.294773,0.5169475,6.7329054,0.32881582,0.15406537,-0.0007104311,0.13914855,0.013585565,0.07902442,0.0038593274,253.01689,252.35718,338.10385,-0.8457633,10.08707,0.27743456
3,89,10,0.0048999996,0.049184117,0.023511244,0.019469837,0.0062030363,0.076666884,0.0019740367,5.3094535,0.06094638,6.710322,0.24366413,0.15333377,0.0039480734,0.13953435,0.0016016912,0.07875936,0.0028598984,253.0222,252.25757,338.3807,-0.30461052,10.083218,0.2015308
3,90,10,0.0048999996,0.05217759,0.026181968,0.019441975,0.0065536466,0.080904216,-0.0012239191,5.305653,-0.021717591,6.897358,0.3135948,0.16180843,-0.0024478382,0.13943449,-0.0005707461,0.0809546,0.0036806772,253.02187,252.14798,338.41342,-0.2918772,10.083218,0.19535744
3,91,10,0.0048999996,0.047991008,0.020606088,0.02081244,0.006572476,0.0717741,0.0055201175,5.4894667,0.09648352,6.907259,0.30567363,0.1435482,0.011040235,0.14426517,0.0025356216,0.08107081,0.003587706,252.95912,251.9175,337.56052,-0.40215716,10.083218,0.2022672
3,92,10,0.0048999996,0.04906474,0.021697085,0.020746097,0.00662156,0.07364965,0.00035890396,5.4807115,0.26133287,6.9330025,0.20230557,0.1472993,0.0007178079,0.14403506,0.0068679205,0.08137297,0.002374472,252.94739,251.81505,337.75388,-0.46363842,10.083218,0.21912332
3,93,10,0.0048999996,0.05592046,0.027278481,0.021940334,0.0067016436,0.08258099,-0.002820473,5.63625,-0.24419822,6.974802,0.24190506,0.16516198,-0.005640946,0.1481227,-0.0064176177,0.08186357,0.002839251,252.98833,251.93741,338.29822,0.0022931546,10.079392,0.17345689
3,94,10,0.0048999996,0.047476888,0.020372244,0.020164238,0.006940407,0.071365684,0.003737832,5.403306,-0.16572468,7.097962,0.24971701,0.14273137,0.007475664,0.14200084,-0.004355304,0.08330911,0.002930941,253.01018,252.16016,337.76343,-0.08399233,10.079392,0.19132091
3,95,10,0.0048999996,0.04768609,0.021562245,0.019334286,0.0067895562,0.07342044,0.001775505,5.290939,-0.11406103,7.0204005,0.11114009,0.14684089,0.00355101,0.13904779,-0.0029975642,0.082398765,0.0013044531,253.07173,252.35953,338.34146,0.0029209405,10.079392,0.18716353
3,96,10,0.0048999996,0.04868127,0.022056723,0.01954738,0.007077169,0.07425753,-0.0025774757,5.3200164,-0.092382275,7.1675544,0.20859212,0.14851506,-0.0051549515,0.13981195,-0.0024278397,0.08412591,0.0024482529,253.16075,252.71826,339.0607,-0.11620984,10.079392,0.18944103
3,97,10,0.0048999996,0.04928601,0.022695968,0.019442184,0.00714786,0.07532591,0.0056230775,5.305682,-0.45410842,7.2032623,0.09519943,0.15065181,0.011246155,0.13943523,-0.011934133,0.08454502,0.001117362,253.1813,252.89249,338.4374,0.35890898,10.075574,0.19213857
3,98,10,0.0048999996,0.050049637,0.022760397,0.02049258,0.0067966627,0.07543275,0.003031219,5.4471207,-0.5493464,7.024074,-0.0066919806,0.1508655,0.006062438,0.1431523,-0.014437023,0.082441874,-7.854086e-5,253.21243,252.93265,338.85336,0.5560384,10.075574,0.17653915
3,99,10,0.0048999996,0.06319642,0.029931838,0.026389286,0.006875295,0.0865041,-0.0002413949,6.181338,-0.5741092,7.064589,0.18049522,0.1730082,-0.0004827898,0.1624478,-0.015087798,0.0829174,0.0021184778,253.27376,253.10898,339.44666,0.393614,10.075574,0.18819539
3,100,10,0.0048999996,0.055799674,0.02188167,0.02652193,0.007396075,0.07396227,0.004712048,6.196854,-0.6105655,7.3272643,0.23226151,0.14792454,0.009424096,0.16285555,-0.016045881,0.086000435,0.002726066,253.27869,253.26709,338.87833,0.37830397,10.075574,0.19594175
4,1,10,0.0034299996,0.061860953,0.027295081,0.02732947,0.007236403,0.082606114,0.011206781,6.290487,-0.99755764,7.2477403,1.9189744,0.16521223,0.022413561,0.16531627,-0.026216175,0.08506705,0.022523085,253.35626,252.36699,337.98676,-0.92141676,10.0717945,0.3834851
4,2,10,0.0034299996,0.06383975,0.029536683,0.026867358,0.007435712,0.0859312,0.009280989,6.2370787,-0.95431906,7.346873,1.9452511,0.1718624,0.018561978,0.16391265,-0.025079852,0.086230576,0.022831498,253.34827,252.25085,338.34317,-0.99093205,10.0717945,0.4000576
4,3,10,0.0034299996,0.06787171,0.035355836,0.025156977,0.007358904,0.09401574,0.004353149,6.0352864,-1.0759351,7.308829,1.8267618,0.18803148,0.008706298,0.15860951,-0.028275961,0.085784055,0.021440785,253.33511,252.29935,338.35196,-0.7508267,10.0717945,0.38534653
4,4,10,0.0034299996,0.055991385,0.024678947,0.02445984,0.0068525956,0.07854767,0.011915301,5.951076,-0.71760666,7.052917,1.7024299,0.15709534,0.023830602,0.15639642,-0.018858952,0.082780406,0.019981502,253.26416,252.08453,337.28528,-0.9848232,10.0717945,0.36724573
4,5,10,0.0034299996,0.056504644,0.02612839,0.024059163,0.0063170916,0.080821395,0.01018402,5.902132,-0.8788526,6.771733,1.3312894,0.16164279,0.02036804,0.15511017,-0.023096561,0.079480134,0.015625408,253.2318,251.81696,337.4919,-0.4524368,10.06914,0.398906
4,6,10,0.0034299996,0.062835805,0.033819184,0.022890761,0.006125861,0.09194996,0.0043533263,5.757034,-1.1636178,6.668448,1.1898208,0.18389992,0.008706653,0.15129693,-0.030580299,0.07826788,0.0139649855,253.20906,251.72624,337.7586,-0.026202917,10.06914,0.3791191
4,7,10,0.0034299996,0.057396606,0.027381988,0.024203578,0.00581104,0.08273752,0.012105281,5.9198194,-1.0170332,6.494836,1.290428,0.16547504,0.024210563,0.15557499,-0.026728004,0.076230176,0.015145815,253.10828,251.39401,336.84003,-0.27339482,10.06914,0.3967377
4,8,10,0.0034299996,0.057648852,0.024685895,0.026676875,0.0062860847,0.07855873,0.009498698,6.2149286,-1.2987598,6.755093,1.2423162,0.15711746,0.018997395,0.16333057,-0.034131885,0.07928483,0.014581126,253.0307,250.98048,336.80295,0.056443572,10.06914,0.4260014
4,9,10,0.0034299996,0.06490822,0.0336553,0.025010858,0.0062420648,0.09172691,0.0029690817,6.0177336,-1.586733,6.7313986,0.89909685,0.18345381,0.0059381635,0.15814821,-0.041699924,0.07900674,0.01055274,252.94926,250.54605,336.48825,0.68763614,10.066505,0.3697377
4,10,10,0.0034299996,0.052665748,0.021286726,0.025560355,0.0058186655,0.07294986,0.009462377,6.0834804,-1.3208377,6.499095,0.88145447,0.14589971,0.018924754,0.15987606,-0.034712095,0.07628018,0.010345674,252.87267,250.30019,335.57263,0.43938327,10.066505,0.33003226
4,11,10,0.0034299996,0.052169457,0.020890959,0.02526858,0.0060099163,0.07226852,0.00872123,6.048659,-1.2271901,6.60504,0.86298335,0.14453705,0.01744246,0.15896094,-0.032250993,0.07752365,0.010128876,252.84154,250.10715,335.86786,0.3642068,10.066505,0.35244438
4,12,10,0.0034299996,0.06373597,0.032509454,0.025110178,0.006116335,0.09015189,0.003078221,6.02967,-1.4483021,6.6632614,0.85058534,0.18030378,0.006156442,0.15846191,-0.038061902,0.078207,0.009983359,252.8206,250.06392,335.95132,0.5977168,10.066505,0.36243317
4,13,10,0.0034299996,0.051551506,0.020671029,0.025311766,0.005568713,0.07188711,0.008080532,6.0538254,-1.0600917,6.3579717,0.7447988,0.14377423,0.016161064,0.15909672,-0.027859591,0.07462381,0.0087417355,252.76717,249.92679,335.2134,0.31529295,10.063846,0.29201457
4,14,10,0.0034299996,0.049350753,0.019954765,0.023767076,0.005628915,0.07063067,0.0077023916,5.866195,-1.0419505,6.3922467,0.67212063,0.14126134,0.015404783,0.15416574,-0.027382836,0.075026095,0.007888709,252.74771,249.84572,335.44153,0.36982983,10.063846,0.33082172
4,15,10,0.0034299996,0.056470864,0.028016929,0.02285642,0.005597517,0.08369129,0.0030262994,5.7527137,-1.3028103,6.3743944,0.62536836,0.16738258,0.006052599,0.1511834,-0.034238327,0.074816555,0.0073399763,252.69843,249.6934,335.5381,0.67744195,10.063846,0.319019
4,16,10,0.0034299996,0.04926584,0.021517403,0.022337424,0.005411013,0.07334406,0.0099486755,5.687025,-1.0427879,6.2673006,0.7413341,0.14668812,0.019897351,0.1494571,-0.027404843,0.07355959,0.008701071,252.5936,249.31297,334.5628,0.30145383,10.063846,0.33929157
4,17,10,0.0034299996,0.046970323,0.01830411,0.023017228,0.0056489836,0.06764634,0.0032812564,5.772915,-0.65810543,6.4036317,0.39554644,0.13529268,0.006562513,0.1517143,-0.01729525,0.07515972,0.0046425476,252.5349,249.01219,334.61243,0.262559,10.06124,0.25410646
4,18,10,0.0034299996,0.054830708,0.024841199,0.024104955,0.0058845524,0.078805454,-0.00020336383,5.9077463,-1.0622072,6.5357876,0.27053154,0.15761091,-0.00040672766,0.1552577,-0.027915183,0.076710835,0.0031752405,252.51701,248.96695,334.53204,0.7916757,10.06124,0.2828585
4,19,10,0.0034299996,0.052863866,0.020200357,0.026679225,0.0059842844,0.07106398,0.006927209,6.2152023,-1.113004,6.590939,0.23783894,0.14212796,0.013854418,0.16333777,-0.029250152,0.07735816,0.0027915267,252.48843,249.00853,333.96796,0.87516505,10.06124,0.2760953
4,20,10,0.0034299996,0.051965106,0.02090209,0.024910295,0.006152722,0.072287776,0.0044260584,6.005624,-1.1701264,6.6830516,0.09103923,0.14457555,0.008852117,0.15782996,-0.030751344,0.07843929,0.0010685311,252.45331,248.75916,334.16833,1.0790873,10.06124,0.26708072
4,21,10,0.0034299996,0.056515917,0.026496092,0.023588056,0.006431769,0.0813881,-0.0026787322,5.8440614,-0.6746787,6.832921,-0.21338014,0.1627762,-0.0053574643,0.15358403,-0.017730799,0.08019831,-0.0025044535,252.40974,248.50383,333.9279,0.88805884,10.058593,0.32382986
4,22,10,0.0034299996,0.054040477,0.023065135,0.02436883,0.0066065122,0.07593605,0.0034478402,5.9399943,-0.4763574,6.9251213,-0.25460085,0.1518721,0.0068956804,0.15610519,-0.012518842,0.081280455,-0.0029882635,252.37904,248.45071,333.0651,0.7309582,10.058593,0.31462762
4,23,10,0.0034299996,0.050253473,0.019863784,0.023936303,0.006453389,0.07046947,0.0024869945,5.8870425,-0.5601627,6.8443966,-0.3501092,0.14093894,0.004973989,0.15471362,-0.014721284,0.08033299,-0.004109246,252.37062,248.43562,333.41544,0.9102719,10.058593,0.31298006
4,24,10,0.0034299996,0.056217402,0.026945526,0.02280322,0.006468652,0.08207546,-0.002063844,5.7460155,-0.64641804,6.8524847,-0.46887478,0.16415092,-0.004127688,0.15100735,-0.016988099,0.08042793,-0.005503205,252.34073,248.34448,333.54758,1.1152928,10.058593,0.37379858
4,25,10,0.0034299996,0.0499897,0.022841526,0.021065185,0.0060829893,0.07556707,0.00312309,5.5226984,0.081721164,6.645072,-0.6678523,0.15113413,0.00624618,0.1451385,0.0021476613,0.07799352,-0.007838612,252.28072,248.17442,332.76492,0.5861311,10.055906,0.38958097
4,26,10,0.0034299996,0.05055538,0.022467952,0.021847034,0.0062403884,0.07494657,0.001833773,5.624253,0.07478294,6.730495,-0.6938367,0.14989313,0.003667546,0.14780742,0.00196532,0.07899613,-0.008143593,252.26022,248.1139,332.83475,0.6190537,10.055906,0.3638091
4,27,10,0.0034299996,0.058763877,0.030456737,0.02160767,0.0066994713,0.08725929,-0.0034026532,5.5933576,-0.019930214,6.9736714,-0.86549056,0.17451859,-0.0068053063,0.14699547,-0.0005237755,0.0818503,-0.010158303,252.20871,247.89244,332.628,0.8854208,10.055906,0.44912055
4,28,10,0.0034299996,0.055147022,0.027447568,0.020878403,0.0068210512,0.08283654,0.0029906114,5.498159,0.267342,7.036665,-0.74798393,0.16567308,0.0059812227,0.14449361,0.0070258463,0.082589656,-0.008779124,252.15442,247.72441,332.00717,0.48064193,10.055906,0.45117807
4,29,10,0.0034299996,0.049476296,0.022429386,0.019802645,0.0072442666,0.07488222,0.00066310365,5.35464,0.9041988,7.251676,-0.84883463,0.14976443,0.0013262073,0.14072187,0.02376267,0.08511326,-0.009962809,252.15778,247.70703,332.65665,-0.05536419,10.053241,0.35407582
4,30,10,0.0034299996,0.053707823,0.027696894,0.018584933,0.0074259937,0.08321192,-0.0035187593,5.1873937,0.57597905,7.3420696,-0.8364665,0.16642384,-0.0070375185,0.13632657,0.015136936,0.086174205,-0.009817644,252.14694,247.7021,332.83286,0.26048744,10.053241,0.3811271
4,31,10,0.0034299996,0.051823802,0.02462291,0.019700829,0.007500064,0.07845844,0.0024443683,5.3408566,0.64642173,7.3785954,-0.83738244,0.15691689,0.0048887366,0.14035964,0.016988194,0.08660291,-0.009828393,252.11761,247.73686,332.0935,0.1909607,10.053241,0.38954633
4,32,10,0.0034299996,0.048086848,0.021581417,0.018997012,0.0075084185,0.073453076,0.0008134261,5.244587,0.75219786,7.3827043,-0.8256452,0.14690615,0.0016268522,0.13782965,0.019768033,0.08665113,-0.009690637,252.09839,247.54712,332.18198,0.07344735,10.053241,0.3740833
4,33,10,0.0034299996,0.05177714,0.023585716,0.020759067,0.007432355,0.07678821,-0.0032060947,5.482424,1.2073747,7.345214,-0.7257817,0.15357642,-0.0064121895,0.14408007,0.031730242,0.08621111,-0.008518533,252.0937,247.50995,332.35495,-0.481593,10.050644,0.34144422
4,34,10,0.0034299996,0.05100272,0.022285229,0.021100812,0.0076166783,0.07464119,0.0019950294,5.527366,1.2523873,7.4357367,-0.7231043,0.14928238,0.003990059,0.14526118,0.03291319,0.08727358,-0.008487108,252.08945,247.5992,331.8681,-0.529283,10.050644,0.33314064
4,35,10,0.0034299996,0.047514275,0.018649628,0.020978795,0.007885851,0.06828182,4.7464262e-5,5.511362,1.0986924,7.565985,-0.7690049,0.13656364,9.4928524e-5,0.14484058,0.02887403,0.088802315,-0.00902584,252.10393,247.64555,332.56946,-0.32968754,10.050644,0.3183479
4,36,10,0.0034299996,0.052223574,0.023061603,0.020858143,0.008303828,0.07593024,-0.0026347078,5.4954915,0.86969906,7.7639074,-0.6302721,0.15186048,-0.0052694157,0.14442348,0.022856005,0.09112534,-0.0073975306,252.10942,247.66112,332.6602,-0.23942697,10.050644,0.34725255
4,37,10,0.0034299996,0.050596077,0.021153547,0.02117918,0.0082633495,0.072721295,0.0048000244,5.537621,1.4865007,7.744962,-0.47636873,0.14544259,0.009600049,0.14553069,0.03906578,0.09090297,-0.0055911625,252.08424,247.63539,331.93335,-1.0101321,10.048175,0.21362507
4,38,10,0.0034299996,0.046627678,0.01807853,0.020041319,0.008507827,0.06722821,0.0019812232,5.3868117,1.6433563,7.8586974,-0.44531742,0.13445643,0.0039624465,0.14156736,0.043187995,0.09223788,-0.005226711,252.07117,247.52625,332.29404,-1.1980389,10.048175,0.20307724
4,39,10,0.0034299996,0.050989598,0.022321325,0.019854125,0.008814147,0.074701615,-0.0019003358,5.3615956,1.5005791,7.9989195,-0.48649007,0.14940323,-0.0038006715,0.14090466,0.03943576,0.093883686,-0.005709957,252.02377,247.39687,332.15717,-1.0140891,10.048175,0.22833484
4,40,10,0.0034299996,0.05264932,0.020935005,0.022947641,0.008766674,0.07234467,0.0057474975,5.7641826,1.4253343,7.9773498,-0.47412166,0.14468934,0.011494995,0.15148479,0.037458293,0.09363052,-0.0055647865,251.91707,247.00693,331.24557,-0.95121264,10.048175,0.20912576
4,41,10,0.0034299996,0.049406137,0.017821934,0.023279909,0.008304293,0.06674941,0.0051533333,5.8057632,1.4887449,7.764125,-0.6737819,0.13349882,0.010306667,0.15257755,0.039124753,0.091127895,-0.007908209,251.90335,246.8662,331.49045,-0.814963,10.045996,0.2572619
4,42,10,0.0034299996,0.05472736,0.022356264,0.02417049,0.008200608,0.07476006,0.0011990588,5.9157715,1.3020425,7.715503,-0.9004578,0.14952011,0.0023981177,0.15546861,0.034218147,0.09055721,-0.0105687175,251.91483,246.88274,331.3671,-0.40158468,10.045996,0.22536914
4,43,10,0.0034299996,0.053043347,0.0206885,0.024395794,0.007959054,0.07191749,0.007621093,5.9432783,1.5307316,7.6010203,-0.9699397,0.14383498,0.015242186,0.15619153,0.04022818,0.08921353,-0.011384225,251.93178,246.99187,330.81467,-0.56079185,10.045996,0.22638354
4,44,10,0.0034299996,0.056812223,0.020397507,0.027984554,0.008430164,0.07140992,0.004969549,6.365432,1.8224425,7.822745,-0.96957,0.14281984,0.009939098,0.16728584,0.047894444,0.091815926,-0.01137988,251.95688,247.05414,331.3346,-0.85287255,10.045996,0.26728916
4,45,10,0.0034299996,0.05923093,0.024585385,0.02616559,0.008479958,0.07839864,0.002324912,6.1550827,1.6940413,7.845815,-0.82306147,0.15679727,0.004649824,0.16175781,0.044520017,0.09208669,-0.009660308,251.97987,247.24567,331.3374,-0.8709798,10.044172,0.31726092
4,46,10,0.0034299996,0.05741701,0.020610396,0.027983746,0.0088228695,0.071781605,0.007580975,6.3653398,1.7437135,8.002877,-0.6537018,0.14356321,0.01516195,0.16728343,0.045825414,0.09393013,-0.0076725325,251.98466,247.37283,330.87827,-1.0900117,10.044172,0.28853637
4,47,10,0.0034299996,0.056301814,0.020026065,0.026484296,0.0097914515,0.07075674,0.0067826654,6.192456,1.8496655,8.430721,-0.5984324,0.14151348,0.013565331,0.16273996,0.04860988,0.098951764,-0.0070238244,251.95894,247.18726,331.05148,-1.2512331,10.044172,0.31332213
4,48,10,0.0034299996,0.062445723,0.024413709,0.027613658,0.0104183545,0.078124434,0.0021364803,6.323109,1.9578568,8.696425,-0.5395785,0.15624887,0.0042729606,0.16617358,0.05145318,0.10207034,-0.006333055,251.93413,247.07166,330.95132,-1.4182782,10.044172,0.32701132
4,49,10,0.0034299996,0.06865318,0.029190285,0.029239886,0.01022301,0.085425824,0.010463552,6.5066366,1.8131772,8.61451,-0.46244112,0.17085165,0.020927103,0.17099674,0.047650952,0.1011089,-0.005427693,251.9034,247.05031,330.1131,-1.3507361,10.042683,0.38734853
4,50,10,0.0034299996,0.06549115,0.024564562,0.031559743,0.009366843,0.07836543,0.0072169853,6.7598243,1.9341553,8.245895,-0.5331342,0.15673086,0.014433971,0.17765062,0.050830312,0.09678245,-0.0062574246,251.95415,247.22858,330.786,-1.4010211,10.042683,0.3871293
4,51,10,0.0034299996,0.065166675,0.02612525,0.030288352,0.008753074,0.08081654,0.0027007987,6.6222634,1.7193744,7.9711604,-0.5943172,0.16163307,0.0054015974,0.17403549,0.045185775,0.093557864,-0.006975528,252.02415,247.57295,331.32812,-1.1250572,10.042683,0.3696877
4,52,10,0.0034299996,0.067712195,0.028236562,0.030449217,0.009026416,0.08401869,0.009454011,6.639826,1.7594368,8.094665,-0.47850484,0.16803738,0.018908022,0.17449704,0.046238624,0.09500745,-0.0056162337,252.09026,247.98497,331.2054,-1.280932,10.042683,0.3856376
4,53,10,0.0034299996,0.061530426,0.0253626,0.026914867,0.009252957,0.0796282,0.006263739,6.242589,1.5704523,8.195614,-0.26788545,0.1592564,0.012527478,0.16405751,0.04127205,0.09619229,-0.0031441834,252.17242,248.26228,331.8618,-1.3025669,10.041435,0.362686
4,54,10,0.0034299996,0.061426494,0.024503402,0.027270433,0.00965266,0.07826781,0.0014291719,6.2836895,1.4546919,8.370757,-0.23415521,0.15653563,0.0028583438,0.16513762,0.038229834,0.09824795,-0.0027482894,252.22166,248.34761,332.10434,-1.2205367,10.041435,0.33821532
4,55,10,0.0034299996,0.058985706,0.02263763,0.027134435,0.009213641,0.075229034,0.007321873,6.2680016,1.5604597,8.1781845,-0.33455575,0.15045807,0.014643746,0.16472533,0.041009445,0.095987715,-0.0039266925,252.24928,248.55414,331.7701,-1.225904,10.041435,0.34738803
4,56,10,0.0034299996,0.054442618,0.020721229,0.025267608,0.008453783,0.07197435,0.0046426007,6.048543,1.4710956,7.833697,-0.4944183,0.1439487,0.009285201,0.15895788,0.038660917,0.091944456,-0.005803002,252.29033,248.73213,332.77676,-0.9766773,10.041435,0.3550004
4,57,10,0.0034299996,0.052287467,0.023166895,0.021177702,0.007942871,0.076103374,-1.42757635e-5,5.5374284,0.5394522,7.59329,-0.34752125,0.15220675,-2.8551527e-5,0.1455256,0.014176997,0.08912279,-0.004078875,252.26682,248.69275,333.1391,-0.19193095,10.040417,0.31540242
4,58,10,0.0034299996,0.05351461,0.022864012,0.023148313,0.0075022853,0.07560425,0.0057499637,5.789331,0.8291905,7.379688,-0.34666505,0.1512085,0.011499927,0.1521457,0.021791417,0.086615734,-0.0040688226,252.16371,248.28264,332.3623,-0.48252544,10.040417,0.38571367
4,59,10,0.0034299996,0.051393062,0.021222591,0.022889705,0.007280767,0.07283988,0.0033635919,5.7569013,0.8097226,7.2699227,-0.45913866,0.14567976,0.0067271837,0.15129344,0.021279804,0.08532741,-0.005388932,252.10089,247.90767,332.39874,-0.35058394,10.040417,0.39811337
4,60,10,0.0034299996,0.056243606,0.026815081,0.021705892,0.0077226325,0.08187655,-0.0010929479,5.606056,0.4271919,7.487277,-0.30463317,0.1637531,-0.0021858958,0.1473292,0.011226756,0.08787851,-0.003575496,252.08742,247.96666,332.2627,-0.12255874,10.040417,0.37380248
4,61,10,0.0034299996,0.053151123,0.023145743,0.021959078,0.008046305,0.076068625,0.0050863847,5.638657,-0.2566281,7.642571,-0.29253966,0.15213725,0.010172769,0.14818595,-0.006744286,0.0897012,-0.0034335502,252.06924,248.01373,331.60602,0.54916775,10.039599,0.27772674
4,62,10,0.0034299996,0.048269883,0.019534437,0.020878403,0.007857042,0.069882825,0.0020562017,5.4981594,0.0075373026,7.5521526,-0.5234814,0.13976565,0.0041124034,0.14449361,0.0001980873,0.08863996,-0.0061441264,252.1021,248.03947,332.06897,0.5159441,10.039599,0.28374097
4,63,10,0.0034299996,0.055959303,0.025292689,0.022894558,0.0077720545,0.07951838,-0.0008920402,5.7575107,-0.20867096,7.5111966,-0.43051502,0.15903676,-0.0017840804,0.15130948,-0.00548395,0.088159256,-0.005052978,252.12251,248.17725,332.29282,0.63918597,10.039599,0.25762558
4,64,10,0.0034299996,0.053785454,0.02292409,0.023050033,0.007811334,0.07570352,0.00570148,5.777028,-0.0036416103,7.5301538,-0.5215215,0.15140703,0.01140296,0.15182237,-9.5699776e-5,0.08838175,-0.0061211237,252.09627,248.16382,331.50067,0.5251631,10.039599,0.25691032
4,65,10,0.0034299996,0.05396316,0.02283867,0.023391342,0.007733146,0.07556234,0.001362402,5.819642,-0.6637981,7.492372,-0.64644706,0.15112469,0.002724804,0.15294228,-0.01744485,0.08793831,-0.0075873774,252.10751,248.12457,331.92834,1.3102452,10.038952,0.1697019
4,66,10,0.0034299996,0.05541238,0.025051823,0.022606647,0.00775391,0.07913884,-0.0030766784,5.721195,-0.61216366,7.5024242,-0.5146292,0.15827768,-0.0061533567,0.15035507,-0.016087884,0.08805629,-0.0060402276,252.12662,248.24408,332.32788,1.1267929,10.038952,0.19049117
4,67,10,0.0034299996,0.051013872,0.022524621,0.021334296,0.0071549583,0.075041026,0.0026124963,5.5578623,-0.49101043,7.2068377,-0.4031618,0.15008205,0.0052249925,0.14606264,-0.012903932,0.084586985,-0.0047319345,252.14398,248.35973,331.99896,0.8941722,10.038952,0.19001701
4,68,10,0.0034299996,0.048947617,0.01979181,0.022399794,0.0067560165,0.070341684,0.0002933733,5.694961,-0.5811951,7.0030394,-0.5296323,0.14068337,0.0005867466,0.14966561,-0.015274024,0.08219499,-0.006216314,252.20616,248.50624,332.74573,1.1108274,10.038952,0.20068026
4,69,10,0.0034299996,0.055733968,0.027583966,0.021526473,0.0066235294,0.08304211,-0.0061600083,5.582839,-1.2222921,6.9340334,-0.43810987,0.16608422,-0.0123200165,0.14671902,-0.032122277,0.08138507,-0.005142118,252.21417,248.59839,332.82962,1.6604019,10.038417,0.26315624
4,70,10,0.0034299996,0.050611038,0.021738444,0.022175929,0.0066966675,0.073719814,0.00023436008,5.6664305,-0.883047,6.972213,-0.29024953,0.14743963,0.00046872016,0.14891584,-0.023206793,0.08183317,-0.0034066727,252.23015,248.70297,332.2264,1.1732965,10.038417,0.23563497
4,71,10,0.0034299996,0.049448214,0.01873296,0.023811867,0.0069033895,0.0684342,-0.002850351,5.871721,-0.8553316,7.079007,-0.39158237,0.1368684,-0.005700702,0.15431094,-0.022478426,0.08308664,-0.00459602,252.32103,249.03662,333.01224,1.2469139,10.038417,0.23057248
4,72,10,0.0034299996,0.055776026,0.02615161,0.02255627,0.007068145,0.0808573,-0.005717606,5.714817,-1.2021995,7.1629834,-0.36592317,0.1617146,-0.011435212,0.15018745,-0.03159423,0.08407226,-0.004294852,252.36557,249.23958,333.36664,1.5681226,10.038417,0.25733352
4,73,10,0.0034299996,0.05453043,0.022416752,0.025149673,0.0069640065,0.074861124,0.00023089672,6.0344105,-1.4535096,7.1100197,-0.22833645,0.14972225,0.00046179345,0.15858649,-0.038198754,0.08345062,-0.0026799946,252.3179,249.18176,332.53687,1.681846,10.0378895,0.31873584
4,74,10,0.0034299996,0.04894215,0.019054106,0.023445226,0.006442816,0.069018304,-0.0042311954,5.8263407,-1.4935545,6.838787,-0.31973928,0.13803661,-0.008462391,0.15311834,-0.03925115,0.08026715,-0.0037527904,252.31569,249.0537,332.99075,1.8132937,10.0378895,0.30393693
4,75,10,0.0034299996,0.05365044,0.021854201,0.02570804,0.0060881968,0.07391583,-0.0062968307,6.1010303,-1.4973929,6.6479163,-0.32359508,0.14783166,-0.012593661,0.16033727,-0.03935202,0.0780269,-0.0037980513,252.33417,249.08803,333.38358,1.8209879,10.0378895,0.2993801
4,76,10,0.0034299996,0.04985987,0.019107895,0.024828725,0.0059232516,0.06911565,-0.0014562354,5.9957833,-1.14051,6.5572433,-0.34576878,0.1382313,-0.0029124708,0.15757133,-0.02997302,0.076962665,-0.004058302,252.32468,249.14075,332.71588,1.4862788,10.0378895,0.290065
4,77,10,0.0034299996,0.048356533,0.019586543,0.022826701,0.0059432914,0.069975965,-0.0039833477,5.7489724,-1.2251623,6.5683265,-0.29650941,0.13995193,-0.007966695,0.15108508,-0.03219771,0.077092744,-0.0034801394,252.33205,249.20338,333.32675,1.5216717,10.037311,0.2840446
4,78,10,0.0034299996,0.05119193,0.024384474,0.02139519,0.005412266,0.078077644,-0.0077949944,5.565789,-1.5723739,6.268026,-0.29948688,0.15615529,-0.015589989,0.14627095,-0.041322544,0.073568106,-0.0035150913,252.30272,249.13239,333.65643,1.8718607,10.037311,0.2930711
4,79,10,0.0034299996,0.04901395,0.020582946,0.023317816,0.00511319,0.07173379,-0.0017855628,5.8104873,-1.1658934,6.0923824,-0.25148034,0.14346758,-0.0035711257,0.15270172,-0.030640101,0.071506575,-0.0029516376,252.27194,249.04257,333.1898,1.4173738,10.037311,0.22462153
4,80,10,0.0034299996,0.045878373,0.017884685,0.022795841,0.0051978435,0.066866815,-0.0041555734,5.7450857,-1.1494042,6.142608,-0.27393264,0.13373363,-0.008311147,0.15098292,-0.030206755,0.07209607,-0.0032151595,252.33713,249.24738,334.03134,1.4233367,10.037311,0.20141335
4,81,10,0.0034299996,0.04778072,0.020529654,0.022740992,0.0045100707,0.071640864,-0.00630197,5.7381697,-1.1790173,5.7218027,-0.112860516,0.14328173,-0.01260394,0.15080117,-0.030984996,0.06715706,-0.0013246482,252.3894,249.45245,334.29083,1.2918779,10.036697,0.22250932
4,82,10,0.0034299996,0.046201006,0.018957168,0.022792233,0.0044516013,0.068842515,-3.254263e-5,5.74463,-1.0276344,5.6845922,-0.18881522,0.13768503,-6.508526e-5,0.15097097,-0.027006608,0.06672032,-0.0022161326,252.39677,249.57083,333.54633,1.2164496,10.036697,0.20851932
4,83,10,0.0034299996,0.04552801,0.020534296,0.020768069,0.004225644,0.07164896,-0.0031752544,5.4836125,-1.2421571,5.538442,-0.43368027,0.14329793,-0.006350509,0.1441113,-0.03264434,0.06500495,-0.0050901254,252.38478,249.47206,334.05093,1.6758374,10.036697,0.21435109
4,84,10,0.0034299996,0.049927965,0.027220307,0.018650988,0.004056671,0.08249289,-0.007241867,5.196604,-1.3804785,5.4265785,-0.40245688,0.16498578,-0.014483734,0.13656862,-0.036279477,0.063692,-0.004723654,252.34154,249.23465,333.9517,1.7829354,10.036697,0.26159358
4,85,10,0.0034299996,0.04204874,0.018287493,0.019753046,0.004008199,0.06761563,0.0012207332,5.3479304,-0.5441815,5.394061,-0.15624669,0.13523126,0.0024414663,0.14054553,-0.014301288,0.06331034,-0.001833873,252.35275,249.3323,333.46616,0.70042825,10.03605,0.20329228
4,86,10,0.0034299996,0.042915754,0.019840706,0.019167127,0.003907919,0.07042852,-0.0011893167,5.268017,-0.53461057,5.3261576,-0.3230626,0.14085704,-0.0023786335,0.13844539,-0.014049766,0.06251335,-0.0037918012,252.42996,249.61186,334.2256,0.85767317,10.03605,0.23568891
4,87,10,0.0034299996,0.0453955,0.023856064,0.01767624,0.0038631968,0.07722704,-0.005062362,5.058987,-0.84379476,5.2955933,-0.48632196,0.15445408,-0.010124724,0.13295202,-0.022175224,0.06215462,-0.0057079815,252.49005,249.98122,334.62485,1.3301167,10.03605,0.24243705
4,88,10,0.0034299996,0.04046888,0.01924756,0.017297516,0.0039238045,0.06936779,0.0018961583,5.004498,-0.7500871,5.336972,-0.48154676,0.13873558,0.0037923167,0.13152002,-0.019712558,0.06264028,-0.005651936,252.45985,249.95082,333.9178,1.2316339,10.03605,0.25546172
4,89,10,0.0034299996,0.043201096,0.020960428,0.018343104,0.0038975633,0.07238858,0.0003567377,5.153533,-0.3606482,5.319096,-0.4763526,0.14477716,0.0007134754,0.13543671,-0.009477959,0.062430467,-0.0055909734,252.47076,249.92928,334.37576,0.83700085,10.035433,0.28234482
4,90,10,0.0034299996,0.047319602,0.023506181,0.019750725,0.0040626926,0.07665863,-0.004136991,5.347616,-0.4327565,5.430605,-0.48753372,0.15331726,-0.008273982,0.14053728,-0.011372997,0.063739255,-0.0057222066,252.50941,250.04857,334.76956,0.92029023,10.035433,0.22200046
4,91,10,0.0034299996,0.05327306,0.023592688,0.024871679,0.0048086937,0.07679956,0.0017787713,6.0009665,-0.21470103,5.9081945,-0.40284514,0.15359911,0.0035575426,0.15770757,-0.00564242,0.069344744,-0.00472821,252.53426,250.1977,334.255,0.6175462,10.035433,0.20876463
4,92,10,0.0034299996,0.048168585,0.02074205,0.022553127,0.0048734094,0.0720105,-0.00016315944,5.714418,-0.007177565,5.947818,-0.3399758,0.144021,-0.00032631887,0.15017699,-0.00018863003,0.06980981,-0.0039903135,252.59589,250.32164,335.16895,0.34715337,10.035433,0.24981615
4,93,10,0.0034299996,0.051182095,0.027340718,0.019568812,0.004272564,0.082675144,-0.004850684,5.3229322,0.2159133,5.5691066,0.10343394,0.16535029,-0.009701368,0.13988857,0.005674278,0.06536485,0.0012140092,252.6437,250.47928,335.87653,-0.31934723,10.034816,0.2159517
4,94,10,0.0034299996,0.043173883,0.020588448,0.01827741,0.004308025,0.07174338,0.0013598026,5.1442966,0.44823274,5.5921693,0.23946454,0.14348675,0.002719605,0.13519397,0.01177972,0.06563555,0.0028106046,252.61119,250.39865,335.18625,-0.6876973,10.034816,0.22518098
4,95,10,0.0034299996,0.044223458,0.0225702,0.0173315,0.004321757,0.07511691,-0.00034042847,5.009412,0.51773983,5.6010747,0.310241,0.15023382,-0.00068085693,0.13164915,0.013606391,0.06574007,0.0036413134,252.60428,250.23747,335.66425,-0.8279809,10.034816,0.29553917
4,96,10,0.0034299996,0.05118492,0.027918564,0.018966947,0.004299405,0.08354425,-0.003921842,5.240435,0.5037101,5.5865717,0.46351027,0.1670885,-0.007843684,0.13772054,0.013237689,0.06556985,0.005440241,252.6349,250.34683,335.95312,-0.96722037,10.034816,0.24639072
4,97,10,0.0034299996,0.044976395,0.020676222,0.019795546,0.0045046234,0.07189614,0.0027375366,5.35368,1.1123275,5.7183466,0.5691145,0.14379229,0.005475073,0.14069664,0.029232362,0.06711649,0.006679724,252.66754,250.62735,335.32608,-1.681442,10.034213,0.24948375
4,98,10,0.0034299996,0.045388468,0.02314358,0.017760057,0.0044848328,0.07606507,0.0014749323,5.070968,1.2255317,5.705771,0.3762785,0.15213014,0.0029498646,0.13326687,0.03220742,0.066968895,0.0044163982,252.72072,250.81737,336.08633,-1.6018102,10.034213,0.31068125
4,99,10,0.0034299996,0.04621557,0.02403291,0.017831491,0.0043511693,0.077512756,-0.0033472006,5.081156,1.0883499,5.6201024,0.27352598,0.15502551,-0.006694401,0.13353461,0.028602231,0.065963395,0.003210387,252.74294,250.86447,336.66025,-1.3618759,10.034213,0.25936285
4,100,10,0.0034299996,0.04767735,0.02326897,0.019846324,0.004562053,0.07627085,0.0025739754,5.360542,1.1287764,5.754682,0.2728669,0.1525417,0.0051479507,0.14087698,0.029664649,0.06754297,0.003202653,252.7182,250.83798,335.78082,-1.4016433,10.034213,0.30504423
5,1,10,0.0024009997,0.05168715,0.022088066,0.02232699,0.0072720954,0.07431027,0.0008721779,5.685697,0.68894506,7.265591,1.8501314,0.14862055,0.0017443558,0.14942218,0.01810572,0.08527658,0.021715077,253.47566,254.61366,340.84457,-2.5390763,10.033602,0.33682665
5,2,10,0.0024009997,0.06004765,0.0280975,0.024705632,0.0072445213,0.083811544,0.0008886607,5.980901,0.6885683,7.251805,1.8541653,0.16762309,0.0017773214,0.15718025,0.018095823,0.085114755,0.021762423,253.45065,254.44165,340.99826,-2.5427337,10.033602,0.33241495
5,3,10,0.0024009997,0.06298427,0.03180287,0.023415647,0.0077657513,0.0891668,-0.008024352,5.8226643,0.5243083,7.5081496,1.845482,0.1783336,-0.016048703,0.15302172,0.013779014,0.0881235,0.021660514,253.44354,254.39304,341.36505,-2.3697903,10.033602,0.27901694
5,4,10,0.0024009997,0.054062072,0.023347097,0.02298144,0.007733534,0.07639878,-0.0022784213,5.7684255,0.608751,7.49256,1.7988229,0.15279756,-0.0045568426,0.15159631,0.015998198,0.087940514,0.021112869,253.37184,254.21954,340.24557,-2.407574,10.033602,0.26080662
5,5,10,0.0024009997,0.05231268,0.023903642,0.020655066,0.00775397,0.07730401,-0.0013652202,5.468673,0.70374554,7.502453,1.7337708,0.15460803,-0.0027304403,0.1437187,0.018494686,0.08805663,0.020349344,253.37279,254.0977,340.858,-2.4375165,10.033,0.21420562
5,6,10,0.0024009997,0.064121224,0.030057514,0.025281653,0.008782061,0.086685516,-0.010413467,6.050223,0.41010353,7.9843473,1.715112,0.17337103,-0.020826934,0.15900205,0.010777674,0.09371265,0.020130351,253.36678,253.98538,341.19843,-2.1252155,10.033,0.23820706
5,7,10,0.0024009997,0.057836257,0.024048107,0.025311396,0.008476755,0.07753726,-0.0019513917,6.0537815,0.62120926,7.8443327,1.8330435,0.15507452,-0.0039027834,0.15909556,0.016325606,0.09206929,0.021514516,253.30702,253.71004,340.2593,-2.4542527,10.033,0.23393868
5,8,10,0.0024009997,0.053413402,0.024462856,0.02085448,0.008096066,0.07820303,-0.002001185,5.495008,0.74602264,7.666166,1.7332822,0.15640606,-0.00400237,0.1444108,0.019605743,0.08997814,0.020343617,253.31322,253.67464,340.43924,-2.4793048,10.033,0.23714001
5,9,10,0.0024009997,0.061312787,0.02980251,0.023367213,0.008143065,0.08631702,-0.009993153,5.8166394,0.5012496,7.6883855,1.5033286,0.17263404,-0.019986305,0.15286338,0.013173017,0.09023893,0.017644629,253.32414,253.6847,340.44263,-2.004578,10.032153,0.18771584
5,10,10,0.0024009997,0.057864293,0.021742139,0.027698874,0.00842328,0.07372608,-0.002171879,6.3328576,0.6507339,7.8195505,1.421632,0.14745216,-0.004343758,0.16642979,0.01710152,0.09177843,0.016685756,253.28386,253.60425,339.66815,-2.072366,10.032153,0.19700754
5,11,10,0.0024009997,0.055261843,0.022456521,0.02400999,0.008795332,0.0749275,-0.003160484,5.8960977,0.85740477,7.990378,1.4981446,0.149855,-0.006320968,0.15495157,0.022532906,0.09378343,0.017583784,253.33353,253.70694,340.2981,-2.3555493,10.032153,0.20781384
5,12,10,0.0024009997,0.074165985,0.038290042,0.026053473,0.009822475,0.09783921,-0.0092258165,6.1418824,0.6360648,8.444067,1.6096692,0.19567841,-0.018451633,0.16141088,0.01671601,0.0991084,0.01889276,253.39668,253.91008,340.96783,-2.245734,10.032153,0.22470689
5,13,10,0.0024009997,0.061784036,0.024494035,0.028076088,0.009213911,0.07825285,-0.002144004,6.3758335,0.8103154,8.178303,1.460558,0.1565057,-0.004288008,0.1675592,0.021295384,0.09598912,0.017142639,253.43265,254.14038,340.22754,-2.2708735,10.031102,0.23893581
5,14,10,0.0024009997,0.058794722,0.024639176,0.025434518,0.008721028,0.07848436,-0.00304715,6.0684867,0.8091334,7.9565554,1.4686409,0.15696871,-0.0060943,0.15948203,0.021264322,0.09338645,0.017237509,253.5413,254.54303,340.80225,-2.2777743,10.031102,0.2319481
5,15,10,0.0024009997,0.06566152,0.029918702,0.026885504,0.008857312,0.08648512,-0.008407939,6.2391834,0.83409643,8.018482,1.5094299,0.17297024,-0.016815878,0.163968,0.021920359,0.09411329,0.017716246,253.63684,254.89351,341.43616,-2.3435264,10.031102,0.23112457
5,16,10,0.0024009997,0.05815871,0.020336792,0.028927295,0.008894623,0.07130356,-0.0002130635,6.471763,1.1454251,8.035354,1.4870162,0.14260712,-0.000426127,0.17008026,0.030102188,0.09431131,0.017453179,253.6241,254.94354,340.72763,-2.6324413,10.031102,0.23224634
5,17,10,0.0024009997,0.06364145,0.027573628,0.02731601,0.008751813,0.08302654,-0.0012421245,6.2889385,0.9590186,7.9705863,1.2897532,0.16605309,-0.002484249,0.16527556,0.025203353,0.09355113,0.015137893,253.61949,254.90033,340.8625,-2.2487717,10.029831,0.23610222
5,18,10,0.0024009997,0.07006081,0.03320082,0.027562102,0.009297892,0.09110546,-0.008888714,6.317203,0.5539249,8.215489,1.4281912,0.18221092,-0.017777428,0.16601838,0.014557352,0.09642558,0.016762739,253.62973,254.9062,341.37997,-1.9821161,10.029831,0.27310148
5,19,10,0.0024009997,0.066415906,0.026751744,0.029861752,0.009802411,0.0817798,-0.002369068,6.575463,0.6369046,8.435438,1.5505695,0.1635596,-0.004738136,0.17280553,0.016738085,0.09900713,0.018199105,253.62448,254.94365,340.94177,-2.1874743,10.029831,0.26355824
5,20,10,0.0024009997,0.06378001,0.027203709,0.026237613,0.010338684,0.082467735,-0.003035097,6.163549,0.7646159,8.66311,1.5807483,0.16493547,-0.006070194,0.16198029,0.020094384,0.10167932,0.01855331,253.68163,255.0872,341.5644,-2.345364,10.029831,0.28130934
5,21,10,0.0024009997,0.06482153,0.027940843,0.026833696,0.010046991,0.08357757,-0.0057896124,6.2331696,0.6272664,8.540025,1.5340838,0.16715515,-0.011579225,0.16380994,0.01648479,0.10023468,0.018005613,253.71524,255.16673,341.7951,-2.1613503,10.0283575,0.2607621
5,22,10,0.0024009997,0.060869124,0.024044799,0.027894922,0.008929404,0.07753193,-0.00091510575,6.3552294,0.98915124,8.051049,1.3731344,0.15506385,-0.0018302115,0.16701773,0.02599526,0.09449553,0.016116535,253.64334,254.89603,340.61118,-2.3622856,10.0283575,0.26269788
5,23,10,0.0024009997,0.05987955,0.025817037,0.025167178,0.008895333,0.0803384,-0.0012708222,6.03651,1.137411,8.035674,1.3921841,0.1606768,-0.0025416445,0.15864167,0.029891578,0.094315074,0.01634013,253.60204,254.5971,340.69733,-2.5295951,10.0283575,0.28907743
5,24,10,0.0024009997,0.06979753,0.033328544,0.02602921,0.010439774,0.091280535,-0.00719706,6.1390224,0.84019655,8.705362,1.4477125,0.18256107,-0.01439412,0.1613357,0.022080667,0.10217521,0.01699187,253.57758,254.37546,340.89093,-2.287909,10.0283575,0.31820536
5,25,10,0.0024009997,0.06547167,0.025052898,0.030322734,0.0100960415,0.07914054,-0.0008864204,6.626022,0.85739267,8.560848,1.274467,0.15828107,-0.0017728409,0.17413424,0.022532586,0.10047906,0.014958478,253.5114,254.14023,339.65427,-2.1318598,10.026702,0.29152197
5,26,10,0.0024009997,0.06118405,0.02594416,0.026000403,0.009239487,0.080535956,-0.00076677784,6.1356235,0.9127413,8.189646,1.2588924,0.16107191,-0.0015335557,0.1612464,0.023987168,0.09612225,0.014775683,253.53986,254.21931,340.1571,-2.1716337,10.026702,0.29187897
5,27,10,0.0024009997,0.06920855,0.03208231,0.027307691,0.009818546,0.08955768,-0.006458722,6.28798,0.8561972,8.442377,1.2986233,0.17911536,-0.012917444,0.16525039,0.02250117,0.09908857,0.015241996,253.58902,254.39061,340.79718,-2.1548204,10.026702,0.3300165
5,28,10,0.0024009997,0.06764581,0.025351454,0.03265663,0.00963773,0.0796107,-0.0014934025,6.876293,0.92378294,8.364282,1.2972134,0.1592214,-0.002986805,0.18071145,0.024277344,0.09817194,0.015225449,253.56116,254.42546,339.99823,-2.2209964,10.026702,0.33153495
5,29,10,0.0024009997,0.06480062,0.026761245,0.028817205,0.009222174,0.08179432,-0.0010778169,6.459436,0.57532114,8.18197,1.0451187,0.16358864,-0.0021556339,0.16975631,0.015119649,0.09603215,0.012266601,253.59206,254.51897,340.4233,-1.6204398,10.024891,0.31113875
5,30,10,0.0024009997,0.0717849,0.03539313,0.026675113,0.009716654,0.09406531,-0.008633119,6.214723,0.43627837,8.3984585,1.0274569,0.18813062,-0.017266238,0.16332518,0.011465554,0.09857309,0.012059311,253.64418,254.67242,340.9391,-1.4637352,10.024891,0.33995214
5,31,10,0.0024009997,0.06306195,0.025719361,0.027496198,0.009846396,0.080186285,-8.755215e-5,6.3096466,0.39178073,8.454342,1.0654134,0.16037257,-0.0001751043,0.16581978,0.01029614,0.09922901,0.012504807,253.65355,254.76906,340.72592,-1.4571941,10.024891,0.29386088
5,32,10,0.0024009997,0.05809444,0.025074068,0.02335721,0.00966316,0.07917397,-0.0010337536,5.8153944,0.26720443,8.375308,1.0013971,0.15834793,-0.0020675072,0.15283066,0.0070222267,0.09830137,0.011753447,253.67491,254.82591,341.2807,-1.2686015,10.024891,0.27808186
5,33,10,0.0024009997,0.06260605,0.029794829,0.023373611,0.009437615,0.086305894,-0.0050457073,5.8174357,0.11276646,8.276989,0.89652073,0.17261179,-0.010091415,0.1528843,0.0029635406,0.09714739,0.010522505,253.66536,254.69807,341.24298,-1.0092872,10.022984,0.24476613
5,34,10,0.0024009997,0.05572833,0.023612266,0.023005893,0.009110171,0.076831415,6.199297e-5,5.771494,0.38663492,8.1321335,0.7569597,0.15366283,0.00012398594,0.15167694,0.010160899,0.09544722,0.008884471,253.60289,254.45387,339.98044,-1.1435946,10.022984,0.24419065
5,35,10,0.0024009997,0.056092996,0.02356131,0.023557179,0.008974507,0.07674847,-0.00090675347,5.840234,0.30802742,8.071357,0.62424505,0.15349694,-0.0018135069,0.15348348,0.008095079,0.09473388,0.0073268004,253.61467,254.4868,340.2969,-0.93227243,10.022984,0.2551
5,36,10,0.0024009997,0.06995381,0.035141766,0.025537204,0.009274838,0.09373069,-0.0065103807,6.0807247,0.14128791,8.205297,0.5482788,0.18746138,-0.013020761,0.15980364,0.0037130998,0.09630596,0.0064351726,253.66406,254.6407,340.81955,-0.68956673,10.022984,0.30386814
5,37,10,0.0024009997,0.06350949,0.025807723,0.028379578,0.009322183,0.08032391,0.0005435994,6.4102015,-0.20937563,8.226215,0.52902067,0.16064782,0.0010871988,0.1684624,-0.0055024624,0.096551456,0.0062091397,253.67854,254.84418,340.38858,-0.31964505,10.021064,0.23116578
5,38,10,0.0024009997,0.05719217,0.024502842,0.023446595,0.009242731,0.07826692,0.0004750382,5.826511,-0.1354908,8.191085,0.8188119,0.15653384,0.0009500764,0.15312281,-0.0035607477,0.096139126,0.00961044,253.6986,254.84407,341.25226,-0.6833211,10.021064,0.22022818
5,39,10,0.0024009997,0.06816934,0.03341515,0.025129681,0.009624513,0.09139906,-0.0038363985,6.0320115,-0.22925976,8.358543,0.94040364,0.18279812,-0.007672797,0.15852344,-0.0060250303,0.0981046,0.0110375555,253.68631,254.6903,341.2902,-0.71114385,10.021064,0.23190926
5,40,10,0.0024009997,0.062293634,0.0244646,0.027929725,0.009899313,0.07820582,0.0016582716,6.359193,0.16938303,8.47703,0.7360527,0.15641163,0.0033165433,0.16712189,0.004451446,0.09949529,0.00863908,253.64102,254.5163,339.89304,-0.90543574,10.021064,0.21475609
5,41,10,0.0024009997,0.057171866,0.023078507,0.024643917,0.009449445,0.07595806,0.0011896461,5.9734263,0.04314438,8.282173,0.48049203,0.15191612,0.0023792922,0.15698381,0.0011338465,0.097208254,0.0056395554,253.68994,254.65404,340.2197,-0.5236364,10.01914,0.17697261
5,42,10,0.0024009997,0.06741226,0.033601,0.02421434,0.009596914,0.09165288,-0.0064439015,5.9211354,-0.11602267,8.34655,0.33838245,0.18330576,-0.012887803,0.15560958,-0.0030491159,0.09796384,0.0039716116,253.76671,254.94989,340.70984,-0.22235978,10.01914,0.23094456
5,43,10,0.0024009997,0.05966804,0.02360168,0.026130097,0.0099362675,0.07681419,0.0013277725,6.150907,-0.03267716,8.492838,0.371132,0.15362838,0.002655545,0.16164806,-0.00085876446,0.099680826,0.004355994,253.77615,255.12111,340.7516,-0.33845484,10.01914,0.18067864
5,44,10,0.0024009997,0.053734504,0.02319356,0.020603871,0.009937072,0.07614716,0.0018232821,5.461892,-0.020578634,8.493183,0.30702257,0.15229432,0.0036465642,0.14354049,-0.0005408176,0.099684864,0.0036035355,253.75311,254.95264,341.21103,-0.28644395,10.01914,0.18412095
5,45,10,0.0024009997,0.068557985,0.038153086,0.020927899,0.009476998,0.09766407,-0.0034093366,5.5046725,-0.06758002,8.294242,0.010207205,0.19532815,-0.006818673,0.14466478,-0.0017760282,0.097349875,0.00011979932,253.68785,254.61644,341.0845,0.057372816,10.01725,0.2218409
5,46,10,0.0024009997,0.0516668,0.018740302,0.024064258,0.008862237,0.06844761,0.0024942695,5.902757,-0.033049226,8.020712,0.01275342,0.13689522,0.004988539,0.15512659,-0.000868542,0.09413946,0.0001496763,253.57951,254.27586,340.02792,0.020295806,10.01725,0.21489663
5,47,10,0.0024009997,0.053349342,0.020023413,0.024644524,0.008681406,0.070752054,0.0012912991,5.9735003,-0.18442057,7.9384594,-0.0135886455,0.14150411,0.0025825982,0.15698574,-0.0048466353,0.09317406,-0.00015948758,253.52457,254.0373,340.14435,0.19800922,10.01725,0.2367608
5,48,10,0.0024009997,0.06306274,0.029682128,0.024857275,0.008523338,0.08614251,-0.0041705156,5.9992294,-0.20231189,7.8658566,-0.08589527,0.17228502,-0.008341031,0.1576619,-0.0053168307,0.092321925,-0.0010081554,253.50624,253.904,340.16498,0.28820717,10.01725,0.27526388
5,49,10,0.0024009997,0.052927766,0.019791069,0.024561452,0.008575247,0.070340365,0.003692003,5.9634237,-0.26223263,7.889773,-0.1835748,0.14068073,0.007384006,0.15672094,-0.006891571,0.092602625,-0.0021546285,253.49765,253.89633,339.46378,0.44580743,10.015476,0.23267914
5,50,10,0.0024009997,0.054282118,0.023603808,0.022316031,0.008362277,0.076817654,0.0028763863,5.6843023,-0.41309804,7.791184,0.048053008,0.15363531,0.0057527726,0.14938551,-0.010856369,0.09144549,0.00056400563,253.55978,254.10803,340.30768,0.36504504,10.015476,0.23949991
5,51,10,0.0024009997,0.06416697,0.03074841,0.024752412,0.008666153,0.08767612,-0.0025698964,5.986561,-0.48564658,7.931483,0.023155753,0.17535225,-0.005139793,0.157329,-0.012762961,0.09309217,0.00027178513,253.60344,254.28435,340.44238,0.46249083,10.015476,0.23797385
5,52,10,0.0024009997,0.059471164,0.023866542,0.027026845,0.008577776,0.077244,0.004043087,6.2555623,-0.2605428,7.890937,0.015501235,0.154488,0.008086174,0.16439843,-0.00684716,0.09261628,0.00018194107,253.58827,254.3558,339.6497,0.24504158,10.015476,0.22292206
5,53,10,0.0024009997,0.054123286,0.021706393,0.024629036,0.0077878567,0.07366545,0.004736989,5.971623,-0.2051397,7.5188284,-0.023925165,0.1473309,0.009473978,0.1569364,-0.005391145,0.088248834,-0.00028081133,253.61798,254.4154,340.38785,0.22906487,10.013829,0.28699973
5,54,10,0.0024009997,0.05854251,0.02894956,0.021844214,0.0077487356,0.08507285,-0.0012419736,5.623892,-0.425685,7.49992,-0.25440332,0.1701457,-0.0024839472,0.14779788,-0.011187161,0.0880269,-0.0029859447,253.65004,254.5311,340.86786,0.6800883,10.013829,0.2791919
5,55,10,0.0024009997,0.05158695,0.020478567,0.023499612,0.0076087695,0.07155167,0.005809486,5.8330936,-0.36791268,7.431876,-0.22220165,0.14310335,0.011618972,0.15329583,-0.009668877,0.08722826,-0.0026079922,253.5997,254.44861,340.2074,0.59011436,10.013829,0.2950387
5,56,10,0.0024009997,0.050459035,0.021810539,0.021117754,0.0075307395,0.07384196,0.0037095915,5.529585,-0.39257026,7.3936696,-0.20638414,0.14768392,0.007419183,0.14531949,-0.01031689,0.08677983,-0.00242234,253.52875,254.03632,340.35812,0.5989544,10.013829,0.3295893
5,57,10,0.0024009997,0.060426313,0.031098964,0.021978848,0.0073485025,0.08817449,-0.0010476907,5.641195,-0.47389022,7.3036613,-0.31339887,0.17634898,-0.0020953815,0.14825265,-0.012454001,0.08572341,-0.0036783821,253.44507,253.53053,340.08908,0.7872891,10.012359,0.33178863
5,58,10,0.0024009997,0.056045003,0.02345349,0.025308196,0.007283315,0.076572664,0.0055017457,6.053398,-0.3688097,7.271195,-0.37786,0.15314533,0.0110034915,0.1590855,-0.00969245,0.08534234,-0.0044349562,253.35278,253.16902,338.70813,0.7466697,10.012359,0.31209645
5,59,10,0.0024009997,0.0514262,0.020200403,0.02408916,0.007136634,0.07106406,0.0044210907,5.9058104,-0.34527802,7.1976037,-0.38149416,0.14212812,0.008842181,0.15520683,-0.009074033,0.0844786,-0.0044776155,253.3393,252.98311,338.9597,0.7267722,10.012359,0.34853113
5,60,10,0.0024009997,0.060353525,0.02976574,0.023594894,0.006992891,0.08626375,-0.00017410592,5.8449078,-0.3220571,7.12475,-0.5480345,0.1725275,-0.00034821185,0.1536063,-0.008463773,0.083623506,-0.006432307,253.32085,252.83138,339.07788,0.87009156,10.012359,0.33046484
5,61,10,0.0024009997,0.051556733,0.020628823,0.024600646,0.0063272645,0.07181369,0.0050238287,5.9681797,-0.048827972,6.7771835,-0.59849447,0.14362738,0.010047657,0.15684593,-0.0012832193,0.079544105,-0.007024554,253.25018,252.65579,338.11102,0.6473224,10.011039,0.3059857
5,62,10,0.0024009997,0.052391987,0.020039685,0.026168883,0.006183421,0.0707808,0.0026532277,6.15547,-0.17512551,6.6997037,-0.47592193,0.1415616,0.0053064553,0.16176799,-0.0046023624,0.07863473,-0.0055859173,253.21524,252.4517,338.35358,0.65104747,10.011039,0.34377366
5,63,10,0.0024009997,0.058464166,0.027201561,0.024653615,0.0066089905,0.08246448,-0.001444854,5.9746017,-0.3079814,6.9264193,-0.39817747,0.16492896,-0.002889708,0.1570147,-0.008093866,0.0812957,-0.0046734316,253.22615,252.47404,338.5529,0.7061589,10.011039,0.32366195
5,64,10,0.0024009997,0.05281724,0.021670934,0.024565427,0.00658088,0.073605254,0.0059500076,5.9639063,-0.224368,6.9116726,-0.45210928,0.14721051,0.011900015,0.15673362,-0.0058964672,0.08112262,-0.0053064264,253.25816,252.72293,338.20813,0.6764773,10.011039,0.33860764
5,65,10,0.0024009997,0.04881957,0.019340333,0.023101864,0.0063773748,0.06953476,0.002673679,5.7835193,-0.28089842,6.8039665,-0.49266407,0.13906953,0.005347358,0.15199298,-0.0073821037,0.07985847,-0.00578242,253.27551,252.74614,338.9256,0.7735625,10.0098715,0.28565073
5,66,10,0.0024009997,0.0527812,0.025348084,0.020880712,0.0065524005,0.07960541,-0.0023394865,5.4984636,-0.42770192,6.896702,-0.56688505,0.15921082,-0.004678973,0.1445016,-0.011240165,0.0809469,-0.006653559,253.24976,252.54567,338.98477,0.99458694,10.0098715,0.29550886
5,67,10,0.0024009997,0.04767748,0.018656692,0.022848338,0.0061724503,0.06829475,0.0053200973,5.7516966,-0.27414912,6.6937585,-0.4547364,0.1365895,0.010640195,0.15115666,-0.007204736,0.07856494,-0.00533726,253.2348,252.54588,338.4518,0.72888553,10.0098715,0.30603266
5,68,10,0.0024009997,0.0463054,0.016953398,0.023308368,0.0060436325,0.06510261,0.003316658,5.8093114,-0.4497303,6.6235414,-0.4998446,0.13020521,0.006633316,0.15267079,-0.011819076,0.0777408,-0.005866701,253.2518,252.60677,338.5711,0.94957495,10.0098715,0.3331178
5,69,10,0.0024009997,0.05403851,0.025568929,0.022448966,0.0060206144,0.079951435,-0.0028094293,5.7012067,-0.37863412,6.610915,-0.6423166,0.15990287,-0.0056188586,0.14982979,-0.009950641,0.07759262,-0.0075389002,253.2766,252.72644,338.65216,1.0209507,10.008814,0.2806684
5,70,10,0.0024009997,0.048363507,0.017763192,0.024747184,0.005853131,0.06663931,0.004347908,5.985929,-0.13411929,6.518315,-0.62720764,0.13327862,0.008695816,0.15731238,-0.0035247032,0.07650576,-0.007361564,253.26796,252.7616,338.18924,0.7613269,10.008814,0.28972045
5,71,10,0.0024009997,0.04638469,0.016760847,0.02383224,0.0057916,0.064731844,0.0032201936,5.874232,-0.13404052,6.4839625,-0.51321226,0.12946369,0.006440387,0.15437694,-0.0035226345,0.07610256,-0.0060235965,253.2867,252.79865,338.7089,0.6472528,10.008814,0.30264938
5,72,10,0.0024009997,0.057162806,0.026058875,0.02519141,0.005912521,0.08071381,-0.00044808,6.039416,-0.34777993,6.551302,-0.49514583,0.16142762,-0.00089616,0.15871802,-0.009139784,0.07689292,-0.0058115474,253.26508,252.6931,338.67062,0.8429258,10.008814,0.30347118
5,73,10,0.0024009997,0.048888106,0.018517718,0.024546219,0.005824167,0.06803991,0.004450961,5.961575,-0.054008406,6.502167,-0.41910106,0.13607982,0.008901922,0.15667233,-0.0014193612,0.07631623,-0.004919008,253.1987,252.44365,337.75162,0.47310945,10.007821,0.27297455
5,74,10,0.0024009997,0.046445105,0.018080723,0.022043757,0.0063206265,0.06723229,0.0028486962,5.6495194,-0.13171348,6.773627,-0.4221851,0.13446458,0.0056973924,0.1484714,-0.0034614862,0.07950237,-0.004955206,253.1898,252.24731,338.10507,0.5538986,10.007821,0.28284112
5,75,10,0.0024009997,0.04980954,0.021994377,0.021689514,0.006125652,0.07415251,-0.0016206987,5.6039414,-0.3165653,6.668335,-0.3801872,0.14830501,-0.0032413974,0.1472736,-0.008319452,0.078266546,-0.0044622747,253.21295,252.3112,338.2689,0.69675255,10.007821,0.2877211
5,76,10,0.0024009997,0.046333272,0.016770659,0.023646694,0.0059159203,0.06475079,0.0046067573,5.8513203,-0.2763967,6.553184,-0.28998095,0.12950158,0.009213515,0.15377481,-0.007263806,0.07691502,-0.0034035195,253.2095,252.43886,337.68228,0.56637764,10.007821,0.2895641
5,77,10,0.0024009997,0.045198984,0.016697858,0.022872606,0.00562852,0.064610094,0.0028794792,5.7547507,0.1003465,6.392023,-0.27903807,0.12922019,0.0057589584,0.15123692,0.002637143,0.075023465,-0.0032750822,253.1892,252.37358,337.87515,0.17869157,10.00685,0.26673526
5,78,10,0.0024009997,0.052643582,0.02388959,0.02338791,0.005366078,0.07728129,-0.001273632,5.819215,0.15328941,6.241224,-0.3412582,0.15456258,-0.002547264,0.15293106,0.0040285047,0.07325352,-0.0040053623,253.1592,252.20381,337.82275,0.18796879,10.00685,0.325588
5,79,10,0.0024009997,0.048239868,0.017826756,0.025107373,0.0053057424,0.06675844,0.004402268,6.0293336,0.29424125,6.206037,-0.5683479,0.13351688,0.008804536,0.15845306,0.0077327695,0.07284053,-0.006670725,253.08093,251.91965,336.96643,0.27410662,10.00685,0.33094457
5,80,10,0.0024009997,0.046622753,0.01839226,0.022850152,0.005380338,0.06780903,0.0017562433,5.7519255,0.25767514,6.2495103,-0.79965955,0.13561806,0.0035124866,0.15116267,0.0067718006,0.07335079,-0.009385641,253.05739,251.79712,337.36237,0.54198444,10.00685,0.3289639
5,81,10,0.0024009997,0.049288407,0.023130016,0.021035898,0.005122491,0.07604278,-0.0033699346,5.5188584,0.30661282,6.0979204,-0.9218697,0.15208556,-0.0067398692,0.14503758,0.008057905,0.07157158,-0.0108200265,253.02257,251.58185,337.33594,0.6152569,10.005828,0.34345824
5,82,10,0.0024009997,0.047807682,0.019877147,0.022731012,0.005199525,0.07049317,0.0027520694,5.7369103,0.3413033,6.1436014,-0.8171,0.14098634,0.005504139,0.15076807,0.008969577,0.07210773,-0.009590342,252.97021,251.42375,336.562,0.4757967,10.005828,0.33539987
5,83,10,0.0024009997,0.04747034,0.018329496,0.023336992,0.005803855,0.06769323,0.0004949853,5.8128767,0.3185726,6.490819,-0.83922,0.13538647,0.0009899706,0.1527645,0.008372197,0.076183036,-0.009849964,252.9412,251.21793,336.66403,0.5206474,10.005828,0.31828007
5,84,10,0.0024009997,0.047856424,0.020060305,0.021994099,0.0058020195,0.0708172,-0.0035663717,5.643152,0.10229442,6.489793,-0.8203908,0.1416344,-0.0071327435,0.14830408,0.002688337,0.07617099,-0.009628965,252.9006,250.9579,336.6152,0.7180964,10.005828,0.34044966
5,85,10,0.0024009997,0.04746607,0.021515852,0.02032132,0.0056289006,0.073341414,0.0024538904,5.4243116,0.46946016,6.392239,-0.83514345,0.14668283,0.004907781,0.14255287,0.012337578,0.075026,-0.009802116,252.82417,250.6301,335.72992,0.3656833,10.004683,0.32366416
5,86,10,0.0024009997,0.043183777,0.017438086,0.020372784,0.0053729094,0.06602667,-0.0003138469,5.4311757,0.38033256,6.2451944,-0.8505743,0.13205335,-0.0006276938,0.14273326,0.00999528,0.07330013,-0.00998323,252.81235,250.55496,335.91013,0.47024176,10.004683,0.33562142
5,87,10,0.0024009997,0.049115095,0.022648541,0.021259159,0.0052073933,0.07524716,-0.0038829115,5.5480676,0.13972011,6.148248,-0.80868787,0.15049432,-0.007765823,0.14580521,0.0036718925,0.07216227,-0.009491605,252.78752,250.47917,335.80228,0.6689677,10.004683,0.37602153
5,88,10,0.0024009997,0.050130464,0.021406604,0.02314655,0.005577312,0.07315498,0.0037506234,5.78911,0.45786658,6.3628798,-0.70190907,0.14630996,0.007501247,0.1521399,0.012032894,0.0746814,-0.008238339,252.7364,250.30043,334.94934,0.24404249,10.004683,0.35379225
5,89,10,0.0024009997,0.043062493,0.015900064,0.021200169,0.005962261,0.06304773,0.0021717388,5.540365,0.8785922,6.5788007,-0.77974117,0.12609546,0.0043434775,0.14560278,0.023089722,0.07721568,-0.009151859,252.73666,250.22923,335.36218,-0.098851025,10.003428,0.31137222
5,90,10,0.0024009997,0.049099937,0.023307705,0.019576505,0.006215727,0.076334305,-0.0024152205,5.3239775,0.7261816,6.7171826,-0.9955026,0.15266861,-0.004830441,0.13991606,0.019084318,0.07883988,-0.011684258,252.6908,250.01196,335.24866,0.26932096,10.003428,0.3721711
5,91,10,0.0024009997,0.049574055,0.02208241,0.021341266,0.0061503807,0.07430076,0.0036582851,5.5587707,0.68651336,6.6817803,-0.95600986,0.14860152,0.0073165703,0.1460865,0.01804182,0.078424364,-0.01122073,252.62804,249.83069,334.37234,0.2694965,10.003428,0.37171006
5,92,10,0.0024009997,0.05035855,0.020011472,0.023276284,0.007070795,0.070730954,0.0022244174,5.8053117,0.6566831,7.1643257,-0.9315548,0.14146191,0.004448835,0.15256567,0.01725787,0.08408802,-0.0109337,252.63896,249.83592,334.65863,0.2748717,10.003428,0.36109647
5,93,10,0.0024009997,0.051284622,0.0230014,0.021664923,0.0066183,0.07583106,-0.00033840447,5.600764,0.91970176,6.931296,-0.84268266,0.15166213,-0.00067680894,0.1471901,0.024170095,0.081352934,-0.0098906085,252.65816,249.87912,334.7863,-0.077019095,10.002096,0.37425673
5,94,10,0.0024009997,0.05012665,0.023861712,0.019583093,0.0066818427,0.07723618,0.0049666115,5.324874,1.0930916,6.964491,-0.93075,0.15447237,0.009933223,0.1399396,0.028726842,0.08174254,-0.010924257,252.6415,249.87762,334.41824,-0.1623416,10.002096,0.36828232
5,95,10,0.0024009997,0.045562632,0.019922968,0.018925237,0.0067144264,0.07057437,0.001885704,5.23467,1.1210912,6.9814506,-0.994908,0.14114875,0.003771408,0.13756903,0.029462684,0.081941605,-0.011677283,252.64879,249.88538,334.81857,-0.12618327,10.002096,0.35388932
5,96,10,0.0024009997,0.047066424,0.022567954,0.01759647,0.006901998,0.07511317,-0.0017079946,5.0475597,0.8548421,7.0782943,-1.0200849,0.15022634,-0.0034159892,0.13265169,0.02246556,0.083078265,-0.011972781,252.66232,249.97981,335.07285,0.16524273,10.002096,0.3774742
5,97,10,0.0024009997,0.048641838,0.023288231,0.01856819,0.0067854133,0.07630241,0.0072844257,5.185056,1.2186917,7.018259,-0.8724842,0.15260482,0.014568851,0.13626514,0.032027654,0.08237362,-0.01024039,252.60432,249.7882,334.34576,-0.3462075,10.000701,0.30883247
5,98,10,0.0024009997,0.04731618,0.02057352,0.019557215,0.0071854442,0.07171736,0.005369326,5.321355,1.0440143,7.2221756,-0.8770302,0.14343472,0.010738652,0.13984711,0.027437076,0.084767,-0.010293744,252.53894,249.46193,334.31705,-0.16698414,10.000701,0.2996287
5,99,10,0.0024009997,0.049131166,0.023100203,0.018677456,0.007353507,0.075993754,0.0023911297,5.20029,0.727438,7.306148,-0.7391487,0.15198751,0.0047822595,0.1366655,0.019117331,0.08575259,-0.008675426,252.47163,249.12434,333.97357,0.011710703,10.000701,0.335313
5,100,10,0.0024009997,0.051951766,0.022632452,0.02168911,0.0076302052,0.07522043,0.007801894,5.6038895,0.7451393,7.4423366,-0.732778,0.15044086,0.015603788,0.14727223,0.019582529,0.08735105,-0.008600652,252.41687,248.93292,333.20755,-0.012361288,10.000701,0.33248526
