ic,traj,n_steps,eta,loss_total,loss_T,loss_olw,loss_slwd,rmse_T,bias_T,rmse_olw,bias_olw,rmse_slwd,bias_slwd,nrmse_T,nbias_T,nrmse_olw,nbias_olw,nrmse_slwd,nbias_slwd,mean_T,mean_olw,mean_slwd,bias_C,pnorm,gnorm
1,1,10,0.01,0.83192325,0.4348298,0.31180453,0.085288905,0.32970813,0.028500633,21.247599,-3.6416476,24.882124,-19.787569,0.65941626,0.057001267,0.5583946,-0.09570382,0.29204264,-0.23224759,252.63597,251.41576,336.5771,23.429216,14.122225,2.3663657
1,2,10,0.01,0.791995,0.40330976,0.30310366,0.08558158,0.31753337,0.02767443,20.949045,-4.251138,24.924784,-19.62042,0.63506675,0.05534886,0.5505485,-0.111721426,0.2925433,-0.23028576,252.66415,251.38692,337.1932,23.87156,14.122225,2.2641366
1,3,10,0.01,0.91313654,0.44665322,0.37571242,0.09077089,0.3341606,0.016963596,23.323645,-2.6227102,25.669327,-19.73298,0.6683212,0.03392719,0.61295384,-0.06892577,0.30128208,-0.23160689,252.66586,251.31767,337.6255,22.35569,14.122225,2.4234724
1,4,10,0.01,0.7990902,0.39253625,0.3228374,0.08371659,0.31326357,0.028596131,21.620243,-3.1803434,24.651707,-19.416662,0.62652713,0.057192262,0.56818783,-0.083580576,0.2893382,-0.22789422,252.61353,251.19086,336.97357,22.597006,14.122225,2.2722754
1,5,10,0.01,0.34681854,0.15784626,0.1329428,0.056029465,0.19864935,0.025056211,13.873981,0.11193478,20.167377,-14.21007,0.3972987,0.050112423,0.3646132,0.0029416855,0.23670544,-0.16678423,252.61295,251.14095,337.42966,14.098135,14.105016,1.2137461
1,6,10,0.01,0.44335106,0.1953992,0.18362634,0.06432554,0.22101991,0.019613221,16.305578,1.6571724,21.608912,-14.896749,0.44203982,0.039226443,0.42851645,0.043551084,0.2536248,-0.17484382,252.61905,251.16165,337.75433,13.239576,14.105016,1.3951708
1,7,10,0.01,0.36676794,0.17720605,0.13412483,0.055437073,0.21047924,0.027087951,13.935523,0.6232428,20.060482,-14.431842,0.4209585,0.054175902,0.36623058,0.016379049,0.23545079,-0.16938718,252.57245,251.03185,337.06815,13.808599,14.105016,1.3291488
1,8,10,0.01,0.36418188,0.16944584,0.13794787,0.056788146,0.205819,0.024613399,14.132734,0.114529386,20.30346,-14.58302,0.411638,0.049226798,0.37141335,0.0030098876,0.23830263,-0.17116158,252.56487,250.94653,337.4724,14.468491,14.105016,1.3378016
1,9,10,0.01,0.2534301,0.12060226,0.09676473,0.036063105,0.17363918,0.038501948,11.836607,4.37427,16.179787,-8.549581,0.34727836,0.077003896,0.3110703,0.11495738,0.18990289,-0.1003468,252.57474,250.93889,337.55917,4.1753106,14.096919,0.65317804
1,10,10,0.01,0.21720763,0.10952352,0.07772632,0.02995779,0.16547169,0.044016883,10.608469,3.6336386,14.746742,-8.067167,0.33094338,0.088033766,0.2787944,0.095493324,0.17308319,-0.0946847,252.56616,250.99278,336.73184,4.433529,14.096919,0.5530553
1,11,10,0.01,0.21070626,0.10606821,0.07302486,0.031613193,0.16284057,0.039773993,10.282626,2.9259353,15.148702,-8.244187,0.32568115,0.07954799,0.27023113,0.07689463,0.177801,-0.096762404,252.63545,251.26933,337.43735,5.318252,14.096919,0.53595364
1,12,10,0.01,0.24006236,0.11166792,0.09180207,0.036592357,0.16708376,0.036374394,11.529087,3.867452,16.29808,-8.794467,0.3341675,0.07274879,0.30298856,0.10163803,0.19129129,-0.103221044,252.71109,251.5889,338.08893,4.9270153,14.096919,0.6408202
1,13,10,0.01,0.19656868,0.09999753,0.0761467,0.020424461,0.15811193,0.05196136,10.500118,3.8604462,12.176332,-3.0872874,0.31622386,0.10392272,0.27594692,0.101453915,0.14291418,-0.03623563,252.73491,251.7586,337.57486,-0.7731588,14.094533,0.8792438
1,14,10,0.01,0.1995037,0.102714874,0.07486196,0.021926863,0.1602458,0.05017876,10.411163,3.4796445,12.616226,-2.855351,0.3204916,0.10035752,0.27360913,0.091446325,0.14807722,-0.03351338,252.76544,251.79585,337.87698,-0.62429357,14.094533,0.8804781
1,15,10,0.01,0.22395776,0.11649347,0.08451922,0.02294506,0.1706557,0.045206793,11.062325,4.4113965,12.905826,-3.054038,0.3413114,0.090413585,0.2907219,0.11593308,0.15147626,-0.03584539,252.75615,251.64641,337.86246,-1.3573585,14.094533,0.89826524
1,16,10,0.01,0.21360698,0.110912345,0.08159646,0.021098183,0.16651753,0.051000074,10.8693695,3.4828777,12.375527,-3.0150223,0.33303505,0.10200015,0.28565094,0.09153129,0.14525214,-0.035387453,252.70293,251.46922,336.9656,-0.46785545,14.094533,0.9178262
1,17,10,0.01,0.20906189,0.09418971,0.096676044,0.018196138,0.15345171,0.042474568,11.8311825,1.8710928,11.492931,-0.66672695,0.30690342,0.084949136,0.31092772,0.049172994,0.13489306,-0.007825404,252.71684,251.49797,337.436,-1.2043658,14.092649,0.8669536
1,18,10,0.01,0.2050068,0.09714958,0.08875783,0.019099385,0.15584414,0.032540385,11.336318,2.6183674,11.774728,-0.78944415,0.31168827,0.06508077,0.29792252,0.06881163,0.13820052,-0.009265742,252.73055,251.51776,337.95377,-1.8289232,14.092649,0.77030104
1,19,10,0.01,0.20198089,0.09670685,0.08777145,0.017502578,0.15548863,0.040669125,11.27315,2.1522436,11.271771,-0.03321823,0.31097725,0.08133825,0.29626247,0.05656174,0.1322973,-0.00038988542,252.7197,251.57335,337.46536,-2.1190255,14.092649,0.82158494
1,20,10,0.01,0.19111353,0.08832121,0.08472531,0.018067004,0.14859442,0.037470896,11.075803,1.6963933,11.452079,-0.1273218,0.29718885,0.07494179,0.29107612,0.04458182,0.13441356,-0.00149438,252.74988,251.56311,338.12415,-1.5690714,14.092649,0.805982
1,21,10,0.01,0.18968752,0.09531575,0.07849476,0.015877014,0.15436624,0.023456436,10.660781,0.74106,10.735583,0.95683295,0.30873248,0.04691287,0.28016916,0.019475339,0.12600403,0.011230391,252.80252,251.79655,338.5516,-1.6978929,14.090388,0.7523015
1,22,10,0.01,0.20149954,0.098719664,0.08758305,0.015196815,0.15709843,0.03433325,11.261045,0.6240364,10.5031,1.5770168,0.31419685,0.0686665,0.29594433,0.016399894,0.12327536,0.018509509,252.79425,251.81424,337.81787,-2.2010531,14.090388,0.8419246
1,23,10,0.01,0.19399476,0.08805839,0.089450635,0.016485738,0.14837317,0.03135571,11.380476,0.41383222,10.939447,1.44672,0.29674634,0.06271142,0.299083,0.010875682,0.1283968,0.016980223,252.84474,251.94688,338.5845,-1.8605522,14.090388,0.8609906
1,24,10,0.01,0.19970703,0.095085934,0.08667616,0.017944936,0.15418003,0.024184473,11.202591,1.2206509,11.413323,0.9146018,0.30836007,0.048368946,0.29440814,0.032079153,0.13395871,0.010734726,252.8608,252.03477,338.91705,-2.1352527,14.090388,0.8231536
1,25,10,0.01,0.16903983,0.06916408,0.082732484,0.017143264,0.13149533,0.028050004,10.944773,-0.58496666,11.155472,2.403021,0.26299065,0.056100007,0.28763255,-0.0153731285,0.13093229,0.028204365,252.84056,252.0348,338.19083,-1.8180544,14.088244,0.6824672
1,26,10,0.01,0.17256188,0.06913822,0.0856295,0.017794168,0.13147074,0.024884216,11.134748,-1.0815687,11.365276,2.1894078,0.26294148,0.049768433,0.2926252,-0.028424023,0.13339478,0.025697183,252.92464,252.34093,338.73737,-1.1078391,14.088244,0.7110127
1,27,10,0.01,0.179792,0.0778043,0.084001,0.0179867,0.1394671,0.019781169,11.028358,-0.8967227,11.426598,1.8309155,0.2789342,0.039562337,0.28982925,-0.023566203,0.1341145,0.021489533,252.9826,252.57635,339.14453,-0.9341928,14.088244,0.6778293
1,28,10,0.01,0.17833626,0.066270016,0.09508814,0.016978113,0.12871481,0.026855277,11.733616,-0.81078917,11.101609,2.1081746,0.25742963,0.053710554,0.30836365,-0.021307835,0.13030009,0.02474374,252.94728,252.45361,338.25095,-1.2973855,14.088244,0.7171305
1,29,10,0.01,0.16025515,0.06265126,0.07940612,0.018197762,0.12515117,0.025730401,10.72249,-1.5653219,11.4934435,2.959956,0.25030234,0.051460803,0.2817909,-0.041137237,0.13489908,0.03474114,252.97446,252.39331,338.75095,-1.394634,14.08655,0.6519127
1,30,10,0.01,0.16485855,0.07296392,0.07260218,0.019292438,0.13505918,0.018419461,10.252824,-1.2814877,11.834086,2.99929,0.27011836,0.036838923,0.26944792,-0.033677954,0.13889723,0.035202805,253.01549,252.47368,339.1882,-1.7178023,14.08655,0.59421474
1,31,10,0.01,0.15386772,0.058172695,0.076979935,0.018715085,0.12059508,0.024692176,10.557412,-1.4359726,11.655665,3.1227713,0.24119017,0.04938435,0.2774526,-0.037737876,0.13680309,0.036652107,253.01591,252.63403,338.48825,-1.6867987,14.08655,0.60159624
1,32,10,0.01,0.15601206,0.06329525,0.07363965,0.019077158,0.12579274,0.023793379,10.325819,-1.7317936,11.767877,3.0727398,0.25158548,0.047586758,0.27136627,-0.045512162,0.13812009,0.036064886,253.07828,252.85677,339.15625,-1.3409462,14.08655,0.6153609
1,33,10,0.01,0.14056906,0.06481218,0.055416845,0.02034003,0.12729119,0.011681554,8.957558,-1.9911988,12.151139,3.4523218,0.25458238,0.023363108,0.23540783,-0.05232942,0.14261848,0.04052006,253.1448,253.09375,339.85867,-1.461123,14.08548,0.54196876
1,34,10,0.01,0.13284035,0.05333384,0.05866863,0.020837875,0.1154706,0.019217161,9.2166195,-1.8906051,12.298947,3.704474,0.2309412,0.038434323,0.24221608,-0.04968579,0.1443533,0.043479577,253.12286,253.04225,339.20746,-1.8138689,14.08548,0.5919602
1,35,10,0.01,0.1418035,0.058665693,0.06309169,0.020046117,0.12110501,0.01715233,9.557731,-2.239476,12.063029,3.4161031,0.24221002,0.03430466,0.2511806,-0.05885423,0.1415843,0.040094964,253.09822,252.86923,339.2402,-1.1766272,14.08548,0.6000612
1,36,10,0.01,0.15964606,0.07509599,0.06379313,0.02075695,0.13701823,0.012267523,9.610713,-1.9327422,12.275043,3.5068276,0.27403647,0.024535047,0.252573,-0.050793167,0.14407273,0.041159797,253.10017,252.83217,339.25705,-1.5740854,14.08548,0.57275754
1,37,10,0.01,0.12648083,0.052527424,0.0541106,0.019842805,0.11459431,0.01021027,8.851357,-2.0067625,12.0016985,4.1368794,0.22918862,0.02042054,0.23261686,-0.052738447,0.14086449,0.048554745,253.10742,252.92088,338.9816,-2.130117,14.085228,0.4172484
1,38,10,0.01,0.12667733,0.056084022,0.050210007,0.020383313,0.11841033,0.0085127475,8.526362,-2.2581954,12.164062,4.075015,0.23682065,0.017025495,0.2240759,-0.059346188,0.14277014,0.047828637,253.14229,253.00699,339.5141,-1.8168197,14.085228,0.41703975
1,39,10,0.01,0.14077716,0.066601336,0.053524457,0.020651365,0.12903617,0.0020637396,8.803287,-2.0803194,12.243782,3.9314866,0.25807235,0.004127479,0.23135354,-0.054671556,0.14370583,0.046144042,253.15503,253.06519,339.666,-1.8511672,14.085228,0.44412673
1,40,10,0.01,0.12880883,0.050026566,0.05829703,0.02048523,0.111833096,0.011893823,9.187385,-2.0709317,12.194433,4.3058434,0.22366619,0.023787646,0.24144778,-0.054424834,0.14312662,0.05053788,253.09947,252.89763,338.90033,-2.2349117,14.085228,0.41031295
1,41,10,0.01,0.11924945,0.05134702,0.050437663,0.017464766,0.11329941,-4.1535408e-5,8.545671,-1.9829654,11.259592,4.3449364,0.22659881,-8.3070816e-5,0.22458331,-0.052113045,0.13215433,0.05099671,253.07019,252.6166,339.16013,-2.361971,14.085482,0.5527944
1,42,10,0.01,0.14384617,0.07458157,0.050720107,0.018544497,0.13654813,-0.0061061224,8.569564,-1.8066391,11.602424,4.4740667,0.27309626,-0.012212245,0.22521125,-0.04747913,0.13617818,0.05251233,253.1032,252.70879,339.3947,-2.6674275,14.085482,0.67501765
1,43,10,0.01,0.12516098,0.053445734,0.053617988,0.018097248,0.11559167,0.00286127,8.810973,-1.810209,11.461659,4.4334073,0.23118334,0.00572254,0.23155558,-0.047572944,0.13452601,0.052035104,253.1309,252.89655,338.8711,-2.6231983,14.085482,0.6243388
1,44,10,0.01,0.1225525,0.05569097,0.0496816,0.017179927,0.11799467,0.00025276915,8.481379,-2.062819,11.167395,4.0469894,0.23598935,0.0005055383,0.2228937,-0.054211617,0.13107222,0.0474997,253.1904,253.09583,339.40054,-1.9841704,14.085482,0.65308076
1,45,10,0.01,0.13104932,0.06315128,0.05209496,0.015803082,0.12564959,-0.009783073,8.684934,-1.2185341,10.710558,4.5569053,0.25129917,-0.019566147,0.2282432,-0.032023516,0.12571031,0.0534846,253.20123,253.07245,339.59708,-3.3383713,14.085988,0.537615
1,46,10,0.01,0.11601496,0.043003984,0.05690406,0.01610692,0.10368701,-0.0004961441,9.076958,-0.98615134,10.81303,4.7617593,0.20737402,-0.0009922882,0.23854572,-0.02591641,0.12691304,0.05588899,253.16869,253.03911,338.67508,-3.775608,14.085988,0.5059109
1,47,10,0.01,0.1146948,0.051145215,0.047316317,0.016233265,0.11307654,-0.0021223363,8.277022,-1.1147691,10.855358,4.5124164,0.22615308,-0.0042446726,0.21752314,-0.02929653,0.12740983,0.052962437,253.2178,253.2335,339.03378,-3.3976474,14.085988,0.5167328
1,48,10,0.01,0.12663159,0.063855015,0.046311542,0.016465023,0.12634775,-0.0087076165,8.188668,-0.9428147,10.932572,4.824723,0.2526955,-0.017415233,0.21520117,-0.024777504,0.1283161,0.056627996,253.31183,253.57086,339.73248,-3.881908,14.085988,0.5217901
1,49,10,0.01,0.1034835,0.041986946,0.045787103,0.015709447,0.10245358,-0.0008980195,8.142172,-0.28349912,10.678781,5.277159,0.20490716,-0.001796039,0.21397921,-0.00745047,0.12533733,0.061938256,253.36812,253.90063,339.7232,-4.99366,14.086553,0.47807035
1,50,10,0.01,0.10529058,0.04924168,0.039378427,0.016670467,0.11095233,-0.002103493,7.5508857,-0.7908991,11.000567,5.094008,0.22190467,-0.004206986,0.19843999,-0.020785108,0.12911417,0.059788603,253.42317,254.15207,340.54605,-4.3031087,14.086553,0.47279423
1,51,10,0.01,0.11754316,0.061570268,0.038699985,0.0172729,0.124066785,-0.0063458434,7.4855566,-0.45989466,11.197572,5.146444,0.24813357,-0.012691687,0.19672312,-0.012086214,0.13142641,0.060404044,253.42426,254.14351,340.68695,-4.686549,14.086553,0.49752536
1,52,10,0.01,0.10309567,0.043172505,0.0436374,0.016285772,0.10388997,0.00027733258,7.9487367,0.0015325835,10.8729,5.0294385,0.20777994,0.00055466517,0.20889567,4.027829e-5,0.12761572,0.059030745,253.3622,253.88802,339.57114,-5.030971,14.086553,0.49053586
1,53,10,0.01,0.096681945,0.042735763,0.040734045,0.013212138,0.10336315,-0.006167223,7.6797557,0.27707386,9.793269,4.319782,0.2067263,-0.012334446,0.20182677,0.007281607,0.11494406,0.050701473,253.35413,253.71867,339.83508,-4.5968556,14.086196,0.5795096
1,54,10,0.01,0.11985038,0.061798703,0.045402855,0.012648817,0.124296725,-0.012297695,8.107935,0.37648302,9.582222,4.4473104,0.24859345,-0.02459539,0.21307945,0.009894111,0.11246696,0.05219829,253.33504,253.63057,339.89816,-4.8237934,14.086196,0.61303407
1,55,10,0.01,0.09756692,0.037250984,0.04839592,0.011920016,0.09650257,-0.0035356644,8.370917,0.18739365,9.302071,4.356166,0.19300514,-0.007071329,0.21999073,0.0049247695,0.109178826,0.051128514,253.27458,253.4057,338.80392,-4.5435596,14.086196,0.5509897
1,56,10,0.01,0.0984235,0.042362656,0.044334967,0.01172588,0.10291095,-0.0044947406,8.012017,-0.1291117,9.226011,4.147648,0.2058219,-0.008989481,0.2105587,-0.0033931106,0.108286105,0.04868113,253.29318,253.43414,339.0931,-4.018536,14.086196,0.46378818
1,57,10,0.01,0.10554461,0.050088897,0.044864282,0.010591432,0.11190274,-0.01598515,8.059703,0.8542047,8.768364,3.643916,0.22380549,-0.0319703,0.2118119,0.02244881,0.10291468,0.042768806,253.32797,253.5204,339.45798,-4.498121,14.084742,0.37942433
1,58,10,0.01,0.09025581,0.03195191,0.046417862,0.011886038,0.08937549,-0.0071756816,8.198063,1.0272778,9.288803,3.8178267,0.17875098,-0.014351363,0.21544805,0.02699723,0.10902311,0.044810005,253.32178,253.44795,338.6794,-4.8451047,14.084742,0.3534701
1,59,10,0.01,0.08999179,0.036830347,0.041734982,0.0114264665,0.09595617,-0.00963066,7.77354,0.81417817,9.107458,3.5502784,0.19191234,-0.01926132,0.20429142,0.0213969,0.10689465,0.04166978,253.40532,253.7592,339.1587,-4.3644567,14.084742,0.28168976
1,60,10,0.01,0.10388553,0.050827336,0.04217321,0.0108849825,0.112724595,-0.016728826,7.8142447,0.9998613,8.889045,3.6456516,0.22544919,-0.03345765,0.20536117,0.026276711,0.10433112,0.042789176,253.49933,254.17294,340.04602,-4.645513,14.084742,0.35385662
1,61,10,0.01,0.07774196,0.029416012,0.03792791,0.010398038,0.08575548,-0.01115383,7.4105105,1.2110822,8.6879425,2.7015538,0.17151096,-0.02230766,0.19475089,0.031827677,0.10197077,0.031708263,253.47581,254.16324,339.70532,-3.912636,14.082376,0.3899092
1,62,10,0.01,0.08675043,0.039492015,0.037741244,0.00951718,0.09936299,-0.015416299,7.392252,1.2275571,8.311805,2.2972903,0.19872598,-0.030832598,0.19427106,0.032260638,0.09755603,0.026963403,253.47697,254.12648,339.915,-3.5248475,14.082376,0.35712984
1,63,10,0.01,0.102157,0.049158942,0.043930255,0.009067806,0.11085908,-0.020818893,7.975364,1.5220646,8.113203,2.3999493,0.22171816,-0.041637786,0.20959546,0.0400004,0.09522503,0.028168311,253.47462,254.10555,340.18497,-3.9220138,14.082376,0.43628132
1,64,10,0.01,0.09340483,0.032759726,0.050398305,0.0102468,0.09049824,-0.013847216,8.5423355,1.5282027,8.624528,2.2432148,0.18099648,-0.027694432,0.22449566,0.040161714,0.10122648,0.026328713,253.42326,253.89075,339.29395,-3.7714176,14.082376,0.38660598
1,65,10,0.01,0.085523486,0.036617354,0.038038567,0.010867567,0.09567831,-0.011556867,7.421314,1.1939816,8.88193,1.1461722,0.19135661,-0.023113733,0.19503479,0.031378273,0.10424762,0.013452677,253.46631,253.98318,339.60483,-2.3401537,14.078821,0.3632027
1,66,10,0.01,0.100595586,0.051395733,0.039404016,0.009795837,0.11335313,-0.019573262,7.553337,1.3529216,8.432609,1.7825907,0.22670627,-0.039146524,0.19850445,0.035555273,0.09897392,0.02092235,253.51353,254.16742,339.9938,-3.1355124,14.078821,0.3982367
1,67,10,0.01,0.0863075,0.03503155,0.042047728,0.009228221,0.093583584,-0.010245007,7.8026114,1.2370256,8.184651,1.8090684,0.18716717,-0.020490015,0.20505543,0.03250948,0.09606363,0.021233117,253.52884,254.29514,339.58038,-3.046094,14.078821,0.36234704
1,68,10,0.01,0.08425829,0.038996466,0.035675384,0.009586437,0.09873761,-0.013555931,7.187088,0.82500607,8.341993,1.3877438,0.19747522,-0.027111862,0.18887928,0.021681454,0.09791035,0.01628801,253.59248,254.49594,340.1426,-2.21275,14.078821,0.3627893
1,69,10,0.01,0.0887052,0.04600989,0.03328724,0.009408068,0.10724958,-0.015657576,6.9423666,0.8729669,8.264021,0.66151273,0.21449916,-0.03131515,0.18244791,0.022941884,0.0969952,0.0077642035,253.65996,254.84549,340.8354,-1.5344796,14.074238,0.30306128
1,70,10,0.01,0.07588963,0.033059523,0.03341883,0.009411279,0.09091139,-0.007288808,6.9560757,0.86983746,8.265431,0.5954805,0.18182278,-0.014577616,0.18280818,0.022859646,0.097011745,0.0069891824,253.6898,255.11404,340.5229,-1.465318,14.074238,0.26407057
1,71,10,0.01,0.08092203,0.03854036,0.032809656,0.009572011,0.09815849,-0.00964305,6.892385,0.7882808,8.335714,0.31731346,0.19631699,-0.0192861,0.18113436,0.0207163,0.09783666,0.0037243222,253.72607,255.25403,340.8345,-1.1055943,14.074238,0.2668751
1,72,10,0.01,0.09592404,0.05169502,0.034876045,0.009352974,0.113682695,-0.015568332,7.1061163,1.2428715,8.239789,0.46736816,0.22736539,-0.031136664,0.18675129,0.03266311,0.09671077,0.0054855216,253.70944,255.16957,340.8641,-1.7102396,14.074238,0.31513196
1,73,10,0.01,0.072246574,0.032330275,0.030692471,0.009223823,0.08990311,-0.0020189048,6.6662965,1.0705023,8.182701,-0.5389955,0.17980622,-0.0040378096,0.17519267,0.028133186,0.09604074,-0.0063262116,253.66704,254.98337,340.03882,-0.5315068,14.068761,0.33015555
1,74,10,0.01,0.07978663,0.038884632,0.03116652,0.009735484,0.09859593,-0.0052254237,6.71758,0.7591258,8.406591,-0.9518885,0.19719186,-0.010450847,0.17654042,0.019950103,0.09866855,-0.011172359,253.67755,254.96689,340.26886,0.19276267,14.068761,0.28753418
1,75,10,0.01,0.08792469,0.046036884,0.032755706,0.009132102,0.10728104,-0.012524198,6.8867164,0.6226329,8.141915,-0.96564674,0.21456207,-0.025048396,0.18098538,0.01636302,0.09556203,-0.011333839,253.6757,254.9616,340.472,0.34301382,14.068761,0.29816806
1,76,10,0.01,0.08567275,0.036988456,0.03930299,0.009381305,0.09616192,-0.0040178974,7.5436487,0.6205341,8.252259,-1.1051084,0.19232383,-0.008035795,0.19824982,0.016307862,0.09685714,-0.012970707,253.60957,254.72017,339.42838,0.48457426,14.068761,0.3573786
1,77,10,0.01,0.076414466,0.03816358,0.029973838,0.008277046,0.09767751,-0.0010797797,6.5877914,-0.316566,7.7513776,-2.0013387,0.19535501,-0.0021595594,0.17312954,-0.008319471,0.09097827,-0.023489805,253.59647,254.55765,340.0387,2.3179047,14.062706,0.32759807
1,78,10,0.01,0.07525128,0.03975515,0.027678398,0.007817732,0.09969347,-0.00775018,6.3305163,-0.038025152,7.5332365,-1.7046944,0.19938694,-0.01550036,0.16636826,-0.0009993173,0.08841794,-0.020008072,253.57579,254.40977,340.20218,1.7427195,14.062706,0.26582325
1,79,10,0.01,0.068026416,0.032065853,0.02713235,0.008828213,0.08953471,-0.00019786484,6.2677603,0.35246733,8.0053005,-1.851675,0.17906941,-0.00039572967,0.164719,0.009262969,0.09395857,-0.021733195,253.53787,254.27061,339.397,1.4992077,14.062706,0.27925164
1,80,10,0.01,0.06989211,0.033477772,0.027107544,0.009306789,0.09148466,-0.0040098974,6.2648945,0.2635715,8.2194195,-2.128715,0.18296932,-0.008019795,0.16464369,0.0069267545,0.096471705,-0.024984825,253.52338,254.1277,339.52066,1.8651435,14.062706,0.2498936
1,81,10,0.01,0.07571225,0.039373927,0.026868843,0.009469476,0.09921432,-0.009000373,6.2372503,0.14534898,8.290947,-2.7536535,0.19842865,-0.018000746,0.16391718,0.0038198233,0.09731123,-0.032319758,253.49886,254.01137,339.36008,2.6083045,14.05639,0.22504224
1,82,10,0.01,0.070746996,0.03487299,0.02603135,0.009842656,0.093371555,-0.0002653978,6.139273,0.012124929,8.452737,-2.8282945,0.18674311,-0.0005307956,0.16134234,0.00031864733,0.09921016,-0.03319582,253.44464,253.86377,338.807,2.8161695,14.05639,0.24260607
1,83,10,0.01,0.066783324,0.03268127,0.02429335,0.009808705,0.09038981,-0.0039620176,5.930788,-0.2621378,8.438146,-3.0671484,0.18077962,-0.007924035,0.15586324,-0.006889076,0.09903891,-0.03599926,253.42207,253.70636,339.1755,3.3292863,14.05639,0.23355271
1,84,10,0.01,0.074674085,0.03874503,0.026727907,0.0092011485,0.09841879,-0.007927579,6.2208705,-0.19357531,8.172638,-2.9060943,0.19683757,-0.015855158,0.16348672,-0.0050872294,0.09592262,-0.03410896,253.40468,253.6134,339.36288,3.0996697,14.05639,0.232488
1,85,10,0.01,0.07206562,0.03259307,0.03021098,0.009261573,0.090267755,0.0021397115,6.6138005,-0.3304278,8.199429,-3.2754152,0.18053551,0.004279423,0.17381306,-0.008683765,0.09623706,-0.0384437,253.35246,253.44928,338.43185,3.605843,14.049993,0.27544355
1,86,10,0.01,0.07045919,0.032876913,0.027931448,0.009650823,0.09065996,0.00055150886,6.3593893,-0.36123464,8.369961,-3.3183255,0.18131992,0.0011030177,0.16712704,-0.009493376,0.0982386,-0.038947333,253.37244,253.39229,338.74176,3.6795602,14.049993,0.2626024
1,87,10,0.01,0.07543854,0.03595288,0.0291241,0.010361557,0.094806224,-0.0024473963,6.49374,-0.03760908,8.672688,-2.9860938,0.18961245,-0.0048947926,0.17065784,-0.0009883796,0.10179173,-0.035047922,253.42677,253.56471,339.08176,3.0237029,14.049993,0.23541792
1,88,10,0.01,0.07403565,0.033705138,0.030968469,0.009362048,0.0917948,0.0057811905,6.6962013,-0.08917487,8.243784,-2.8958824,0.1835896,0.011562381,0.1759786,-0.002343544,0.09675767,-0.0339891,253.43715,253.6754,338.5078,2.9850574,14.049993,0.22038384
1,89,10,0.01,0.07240119,0.032864977,0.030670635,0.0088655725,0.0906435,0.006437616,6.663925,-0.5455216,8.022221,-3.2772722,0.181287,0.012875232,0.17513034,-0.014336511,0.09415717,-0.038465496,253.46004,253.73793,339.07056,3.822794,14.043528,0.23496138
1,90,10,0.01,0.071928166,0.03354582,0.029702818,0.008679529,0.09157759,0.00014095625,6.557941,-0.1389831,7.937601,-3.1721437,0.18315518,0.0002819125,0.17234506,-0.003652524,0.09316399,-0.0372316,253.43655,253.62166,339.1712,3.3111267,14.043528,0.23917848
1,91,10,0.01,0.06704664,0.029153101,0.028670564,0.009222977,0.0853714,0.0074729747,6.44298,0.017772192,8.182325,-3.1183598,0.1707428,0.014945949,0.16932385,0.00046705868,0.09603633,-0.036600333,253.38374,253.46165,338.42236,3.1005876,14.043528,0.22387949
1,92,10,0.01,0.068621956,0.030928869,0.02813132,0.009561772,0.087933026,0.005593368,6.382102,-0.26033172,8.331255,-3.2286482,0.17586605,0.011186736,0.16772394,-0.00684161,0.09778432,-0.03789479,253.3684,253.33243,338.6172,3.4889798,14.043528,0.23638134
1,93,10,0.01,0.07055979,0.029943652,0.031625133,0.008991009,0.08652117,0.0035756594,6.766823,-0.22149672,8.0787735,-3.0000746,0.17304234,0.0071513187,0.17783457,-0.005821012,0.09482093,-0.03521201,253.34138,253.15564,338.63428,3.2215714,14.036869,0.21951132
1,94,10,0.01,0.07040199,0.027506594,0.033752855,0.009142543,0.08292556,0.010116602,6.9907527,0.013262219,8.146569,-2.9904168,0.16585112,0.020233205,0.1837195,0.00034853606,0.095616646,-0.03509866,253.2771,252.89915,337.85565,2.9771545,14.036869,0.22433044
1,95,10,0.01,0.06889435,0.026160803,0.03318661,0.009546938,0.08087151,0.008333246,6.9318647,-0.49766847,8.324789,-3.2155442,0.16174302,0.016666492,0.18217193,-0.013078908,0.097708434,-0.03774099,253.2251,252.66559,338.07977,3.7132127,14.036869,0.20560148
1,96,10,0.01,0.07411998,0.027662162,0.03738634,0.009071478,0.08315973,0.0041552307,7.3574123,-0.57253385,8.114844,-3.166645,0.16631946,0.008310461,0.19335547,-0.015046396,0.0952443,-0.037167057,253.16971,252.40468,338.0397,3.739179,14.036869,0.21384494
1,97,10,0.01,0.06950801,0.02773236,0.03330845,0.008467195,0.08326518,0.012984489,6.944578,-0.41343686,7.8399086,-2.7653418,0.16653036,0.025968978,0.18250602,-0.010865272,0.09201736,-0.032456942,253.1136,252.21236,337.03696,3.1787786,14.029855,0.1978596
1,98,10,0.01,0.06627758,0.027274607,0.029131206,0.00987177,0.08257513,0.0106518995,6.4945326,-0.4028355,8.465229,-2.6468163,0.16515025,0.021303799,0.17067866,-0.010586663,0.09935678,-0.031065807,253.11313,252.16016,337.4328,3.0496516,14.029855,0.22984327
1,99,10,0.01,0.065862745,0.027350161,0.029114615,0.009397968,0.08268942,0.0062013553,6.4926825,-0.2717341,8.259584,-2.5685644,0.16537884,0.0124027105,0.17063005,-0.0071412674,0.09694312,-0.03014736,253.1153,252.10522,337.86774,2.8402984,14.029855,0.21630073
1,100,10,0.01,0.06835018,0.029551236,0.029419051,0.009379896,0.085952364,0.013854412,6.52654,-0.16169806,8.251639,-2.66986,0.17190473,0.027708825,0.17151983,-0.004249482,0.096849866,-0.031336267,253.12448,252.21011,337.3241,2.831558,14.029855,0.25563282
2,1,10,0.0069999998,0.22234866,0.05150938,0.10276749,0.06807179,0.11347839,0.02051643,12.198224,1.9152086,22.22925,-6.6072493,0.22695678,0.04103286,0.3205737,0.050332386,0.2609057,-0.07754957,251.83002,247.89172,331.99503,4.6920404,14.022534,0.89003354
2,2,10,0.0069999998,0.23036045,0.05468403,0.10746355,0.06821287,0.11692309,0.019137796,12.473813,1.7682849,22.252274,-6.6502037,0.23384617,0.038275592,0.32781634,0.046471182,0.26117593,-0.078053735,251.88115,248.03377,332.64597,4.881919,14.022534,0.9254028
2,3,10,0.0069999998,0.22132382,0.049822714,0.10573582,0.065765284,0.11160501,0.013993583,12.373136,1.982316,21.849403,-6.690268,0.22321002,0.027987165,0.32517046,0.052095994,0.25644743,-0.078523986,251.93819,248.31339,333.0607,4.707952,14.022534,0.9393184
2,4,10,0.0069999998,0.2328883,0.060086235,0.105752826,0.067049235,0.12256247,0.019974954,12.374129,2.1909473,22.061657,-6.8037996,0.24512494,0.03994991,0.3251966,0.05757888,0.25893867,-0.07985649,251.93912,248.45944,332.78918,4.612852,14.022534,0.9570987
2,5,10,0.0069999998,0.19130646,0.05072678,0.08218352,0.058396164,0.11261303,0.01491159,10.908399,1.3664405,20.588911,-6.125394,0.22522606,0.02982318,0.28667668,0.03591054,0.24165298,-0.071894035,251.94693,248.45111,333.45483,4.758953,14.015889,0.7809323
2,6,10,0.0069999998,0.1860186,0.045105305,0.08675618,0.054157123,0.10619005,0.010152988,11.207762,1.5748692,19.827547,-5.8850455,0.2123801,0.020305976,0.294544,0.041388117,0.23271683,-0.06907306,251.91084,248.21382,333.4286,4.3101764,14.015889,0.78485143
2,7,10,0.0069999998,0.19222341,0.051890638,0.0868474,0.05348538,0.113897584,0.01646585,11.213653,1.5898951,19.704197,-5.7040977,0.22779517,0.0329317,0.29469883,0.041783042,0.23126906,-0.06694924,251.88731,248.0835,332.8652,4.1142025,14.015889,0.78769225
2,8,10,0.0069999998,0.17337266,0.03997117,0.08013946,0.053262025,0.099963956,0.01376476,10.771889,1.2889172,19.663012,-5.509393,0.19992791,0.02752952,0.28308913,0.03387322,0.23078567,-0.06466399,251.91682,248.11429,333.52774,4.220476,14.015889,0.74279296
2,9,10,0.0069999998,0.14213035,0.037516598,0.059555847,0.045057897,0.09684601,0.0074673234,9.286047,0.19718409,18.08534,-4.975211,0.19369201,0.014934647,0.24404067,0.005182064,0.21226846,-0.058394287,251.91574,248.08313,333.70013,4.778027,14.008411,0.51894724
2,10,10,0.0069999998,0.1462603,0.033982627,0.06661541,0.04566227,0.092171885,0.01230833,9.821008,0.5314949,18.206228,-5.0161643,0.18434377,0.02461666,0.25809962,0.013967875,0.21368732,-0.05887495,251.9074,248.0252,333.01172,4.484669,14.008411,0.56987303
2,11,10,0.0069999998,0.14702661,0.037270762,0.06476656,0.044989284,0.09652819,0.00997107,9.683762,0.28024307,18.071566,-4.962495,0.19305637,0.01994214,0.25449276,0.0073648705,0.21210678,-0.05824503,251.98055,248.39397,333.63196,4.682252,14.008411,0.55719113
2,12,10,0.0069999998,0.1491296,0.03935273,0.06608637,0.043690506,0.09918761,0.006358807,9.781932,0.47871724,17.808804,-4.905479,0.19837523,0.012717614,0.2570727,0.012580862,0.20902275,-0.057575833,252.05347,248.74109,334.1975,4.4267616,14.008411,0.5528572
2,13,10,0.0069999998,0.123045936,0.03305567,0.05377513,0.03621513,0.09090609,0.008838272,8.823876,-0.61836076,16.213852,-4.215937,0.18181218,0.017676543,0.23189466,-0.016250731,0.19030273,-0.049482644,252.09932,248.99553,333.88278,4.834298,14.000594,0.39417613
2,14,10,0.0069999998,0.12298784,0.03491928,0.052361473,0.035707083,0.09343351,0.007445308,8.707123,-0.9591838,16.099724,-4.1492805,0.18686701,0.014890616,0.2288263,-0.025207711,0.18896317,-0.048700303,252.18726,249.38019,334.85947,5.1084642,14.000594,0.40615535
2,15,10,0.0069999998,0.11964431,0.030355686,0.05437147,0.034917153,0.087114416,0.0038526661,8.872666,-0.7712954,15.920645,-4.082035,0.17422883,0.0077053322,0.2331769,-0.020269929,0.18686132,-0.047911033,252.2314,249.42242,335.06268,4.8533306,14.000594,0.3980275
2,16,10,0.0069999998,0.11890045,0.031456567,0.0527974,0.034646485,0.08868,0.010325424,8.74329,-0.7498813,15.858819,-4.0617027,0.17736,0.020650849,0.22977684,-0.01970716,0.18613566,-0.0476724,252.23473,249.54965,334.54352,4.811584,14.000594,0.41161036
2,17,10,0.0069999998,0.09846449,0.026734008,0.04424019,0.027490284,0.08175269,0.0061437716,8.0034485,-2.1716247,14.126378,-3.3721924,0.16350538,0.012287543,0.21033353,-0.057071082,0.16580194,-0.039579578,252.21396,249.50682,334.95633,5.543817,13.992716,0.382231
2,18,10,0.0069999998,0.10363944,0.03118379,0.046036378,0.026419263,0.08829466,0.0007141626,8.164306,-2.010174,13.848462,-3.2461126,0.17658933,0.0014283252,0.2145609,-0.0528281,0.16254003,-0.03809977,252.17993,249.23735,335.15585,5.2562866,13.992716,0.4085574
2,19,10,0.0069999998,0.10866621,0.029767849,0.05322334,0.025675017,0.08626681,0.007716798,8.778488,-1.8618715,13.652009,-3.1533396,0.17253362,0.015433596,0.23070185,-0.048930645,0.16023426,-0.037010897,252.12373,249.01508,334.2586,5.015211,13.992716,0.39156708
2,20,10,0.0069999998,0.10632233,0.029526608,0.051586274,0.02520945,0.08591654,0.0031008408,8.642427,-2.0863292,13.527666,-3.1349049,0.17183308,0.0062016817,0.22712612,-0.05482948,0.15877484,-0.036794517,252.13942,249.00642,334.68018,5.2212343,13.992716,0.38633335
2,21,10,0.0069999998,0.09887679,0.035428714,0.04463951,0.018808562,0.09411258,-0.004053126,8.039488,-2.6240118,11.684739,-2.185265,0.18822517,-0.008106252,0.21128064,-0.06895996,0.13714431,-0.025648559,252.1807,249.21086,335.14386,4.8092766,13.984861,0.48871887
2,22,10,0.0069999998,0.09043596,0.027965507,0.044679515,0.017790934,0.08361445,0.0028569717,8.043089,-2.5443122,11.364245,-1.9522686,0.1672289,0.0057139434,0.2113753,-0.06686545,0.13338266,-0.02291386,252.18279,249.28355,334.71933,4.496581,13.984861,0.47768378
2,23,10,0.0069999998,0.096702866,0.031176575,0.047319144,0.01820715,0.08828445,0.0016143543,8.27727,-2.653194,11.49641,-2.0485394,0.1765689,0.0032287086,0.21752964,-0.069726884,0.13493387,-0.024043797,252.23453,249.41954,335.23776,4.7017336,13.984861,0.48660153
2,24,10,0.0069999998,0.09807442,0.034398895,0.044669256,0.01900627,0.092734694,-0.0025928195,8.042166,-2.4881263,11.745992,-2.0793145,0.18546939,-0.005185639,0.21135102,-0.065388866,0.13786323,-0.024405012,252.2751,249.57663,335.4881,4.567441,13.984861,0.47049832
2,25,10,0.0069999998,0.08063421,0.025341522,0.03988042,0.015412261,0.079595104,0.0011970613,7.598861,-2.4377928,10.577289,-1.0785092,0.15919021,0.0023941225,0.19970083,-0.06406607,0.124146126,-0.0126585085,252.25682,249.54749,334.7635,3.516302,13.977131,0.4504724
2,26,10,0.0069999998,0.083002344,0.02873724,0.03943513,0.014829982,0.08476031,-0.0021205388,7.55632,-2.785412,10.375559,-0.95999557,0.16952062,-0.0042410777,0.1985828,-0.073201634,0.12177841,-0.01126751,252.29608,249.67741,335.4419,3.7454076,13.977131,0.49421138
2,27,10,0.0069999998,0.08499465,0.0329495,0.03780739,0.01423776,0.090759985,-0.0062046624,7.3987284,-2.6044908,10.166279,-1.100992,0.18151997,-0.012409325,0.19444123,-0.06844696,0.119322084,-0.012922395,252.31668,249.70451,335.9477,3.7054827,13.977131,0.5003404
2,28,10,0.0069999998,0.081123136,0.028707117,0.038703006,0.013713009,0.08471587,0.00047330713,7.485848,-2.3227167,9.977175,-0.99586624,0.16943175,0.00094661425,0.19673079,-0.061041832,0.117102556,-0.011688529,252.29088,249.60738,335.18695,3.318583,13.977131,0.4739051
2,29,10,0.0069999998,0.078038424,0.029978756,0.035533156,0.012526511,0.08657187,-0.0047409153,7.1727476,-2.0156405,9.535782,-0.30321407,0.17314374,-0.0094818305,0.1885024,-0.05297176,0.1119219,-0.0035588385,252.3286,249.6662,335.71323,2.3188546,13.969455,0.4213522
2,30,10,0.0069999998,0.084723316,0.035899363,0.036111023,0.012712936,0.09473564,-0.010185643,7.2308373,-1.9129193,9.606477,-0.28446028,0.18947127,-0.020371286,0.19002901,-0.0502722,0.112751655,-0.0033387276,252.37494,249.81248,335.96353,2.1973796,13.969455,0.44619212
2,31,10,0.0069999998,0.07972659,0.027427748,0.03996436,0.012334485,0.082806624,-0.0036275818,7.606854,-2.1172056,9.462409,-0.21472418,0.16561325,-0.0072551635,0.19991088,-0.055640943,0.11106072,-0.0025202276,252.37212,249.91698,335.34097,2.3319297,13.969455,0.4539682
2,32,10,0.0069999998,0.078346334,0.027195781,0.039106052,0.012044497,0.08245572,-0.0055076648,7.5247245,-2.7621121,9.350514,-0.0732492,0.16491143,-0.0110153295,0.1977525,-0.07258931,0.109747425,-0.0008597323,252.38843,249.89197,336.09784,2.8353612,13.969455,0.49176955
2,33,10,0.0069999998,0.07654452,0.030680219,0.033553865,0.012310438,0.08757885,-0.0110289855,6.970116,-1.7448945,9.453181,0.5710985,0.1751577,-0.022057971,0.18317714,-0.045856465,0.110952415,0.0067030075,252.4035,249.8905,336.51712,1.1737959,13.961829,0.3929338
2,34,10,0.0069999998,0.071051165,0.025896266,0.033092808,0.01206209,0.080461584,-0.0037206963,6.922063,-1.653976,9.357342,0.6778754,0.16092317,-0.0074413926,0.18191428,-0.04346708,0.10982755,0.007956257,252.3863,249.90747,335.82654,0.97610056,13.961829,0.36523157
2,35,10,0.0069999998,0.074877076,0.028953375,0.033727363,0.012196341,0.085078456,-0.005980598,6.988112,-1.8909419,9.409271,0.76501185,0.17015691,-0.011961196,0.1836501,-0.049694635,0.11043704,0.008978979,252.42409,250.02863,336.3297,1.1259301,13.961829,0.36121687
2,36,10,0.0069999998,0.078638196,0.035515103,0.031007186,0.01211591,0.094227254,-0.010524083,6.700386,-1.4956855,9.378194,0.915635,0.18845451,-0.021048166,0.17608857,-0.039307155,0.11007229,0.010746849,252.48195,250.24062,336.72565,0.58005047,13.961829,0.38528144
2,37,10,0.0069999998,0.06326147,0.023609906,0.026396738,0.013254826,0.07682758,-0.0024035051,6.18221,-0.6122299,9.809078,1.7064736,0.15365516,-0.0048070103,0.16247073,-0.016089626,0.115129605,0.020028962,252.50766,250.43684,336.26965,-1.0942438,13.954223,0.31910044
2,38,10,0.0069999998,0.0659544,0.023981413,0.029103648,0.012869343,0.07742967,-0.005104254,6.4914594,-0.8400674,9.665391,1.7717139,0.15485933,-0.010208508,0.17059791,-0.022077281,0.11344313,0.020794686,252.55457,250.64014,336.96387,-0.93164647,13.954223,0.32908365
2,39,10,0.0069999998,0.07738182,0.03445278,0.030499952,0.012429087,0.0928073,-0.011425607,6.645356,-0.5691757,9.498627,1.6350273,0.1856146,-0.022851214,0.17464235,-0.014958144,0.11148582,0.019190393,252.59833,250.75403,337.4828,-1.0658516,13.954223,0.36104247
2,40,10,0.0069999998,0.068596974,0.02404032,0.032593146,0.011963512,0.07752471,-0.0042496477,6.869606,-0.4999869,9.319027,1.5899763,0.15504941,-0.008499295,0.18053572,-0.013139838,0.10937784,0.018661624,252.61157,250.86304,336.8956,-1.0899894,13.954223,0.31994405
2,41,10,0.0069999998,0.07152415,0.027365096,0.03122667,0.012932385,0.082711995,-0.004136589,6.724058,0.29834363,9.689034,1.9963616,0.16542399,-0.008273178,0.1767107,0.007840583,0.11372065,0.023431394,252.67163,251.1046,337.4757,-2.2947052,13.946531,0.35766307
2,42,10,0.0069999998,0.07416193,0.034082517,0.026735451,0.013343967,0.092307255,-0.008999928,6.221748,0.563224,9.842008,1.9948447,0.18461451,-0.017999856,0.16350979,0.014801733,0.11551609,0.023413582,252.69179,251.17638,337.74716,-2.5580688,13.946531,0.3574088
2,43,10,0.0069999998,0.06209787,0.021606652,0.02759251,0.012898704,0.07349601,-0.0010290052,6.3206873,0.3478563,9.67641,2.151259,0.14699201,-0.0020580103,0.16610993,0.00914179,0.11357246,0.025249425,252.67021,251.15509,337.00232,-2.4991152,13.946531,0.31751356
2,44,10,0.0069999998,0.06719069,0.025670223,0.0288173,0.012703171,0.08010965,-0.0035187092,6.459446,0.25196755,9.602787,2.210921,0.1602193,-0.0070374184,0.16975659,0.006621799,0.112708345,0.025949683,252.7007,251.24986,337.53067,-2.4628887,13.946531,0.32099968
2,45,10,0.0069999998,0.072749265,0.02825794,0.031213084,0.013278241,0.08405049,-0.006497642,6.722596,1.1937029,9.81774,2.5378304,0.16810098,-0.012995284,0.17667225,0.031370953,0.11523125,0.02978663,252.74818,251.40785,338.03867,-3.7315333,13.938743,0.35415652
2,46,10,0.0069999998,0.06560682,0.020657465,0.032069974,0.01287938,0.071863525,-0.00059770484,6.8142486,0.9165228,9.669159,2.5217698,0.14372705,-0.0011954097,0.17908092,0.024086555,0.113487355,0.02959812,252.79578,251.73532,337.70398,-3.4382925,13.938743,0.35246664
2,47,10,0.0069999998,0.069608234,0.02525707,0.03168755,0.012663611,0.079462364,-0.0012475636,6.7734976,0.63142115,9.587822,2.4586005,0.15892473,-0.0024951273,0.17800997,0.016593985,0.11253271,0.028856706,252.8721,252.02483,338.42984,-3.0900216,13.938743,0.3822069
2,48,10,0.0069999998,0.07336132,0.028226132,0.031760007,0.013375184,0.08400317,-0.0040848437,6.7812376,0.8679381,9.853513,2.6106303,0.16800635,-0.008169687,0.17821337,0.022809712,0.11565113,0.030641094,252.93474,252.16722,338.94913,-3.4785683,13.938743,0.40332207
2,49,10,0.0069999998,0.06409226,0.019171987,0.032171752,0.012748523,0.06923147,0.0032630041,6.825053,1.133405,9.619913,2.7408226,0.13846295,0.0065260082,0.17936486,0.029786298,0.112909354,0.032169156,252.94867,252.3999,338.3416,-3.8742275,13.930861,0.38045612
2,50,10,0.0069999998,0.06433626,0.019954955,0.032012954,0.012368349,0.070631005,0.0022096797,6.808188,1.0478116,9.4753895,2.6022732,0.14126201,0.0044193594,0.17892164,0.027536875,0.11121308,0.030543005,252.98062,252.52419,338.83072,-3.650085,13.930861,0.3768176
2,51,10,0.0069999998,0.069440074,0.025252897,0.031984396,0.012202779,0.0794558,-0.0032565664,6.80515,1.4143423,9.411755,2.6193497,0.1589116,-0.0065131327,0.17884181,0.037169423,0.11046619,0.030743426,253.04236,252.73557,339.48935,-4.033692,13.930861,0.35008073
2,52,10,0.0069999998,0.065871716,0.019556185,0.03334526,0.0129702715,0.06992172,0.002461807,6.9484153,1.1207654,9.703217,2.7609856,0.13984343,0.004923614,0.18260685,0.029454108,0.1138871,0.03240582,253.06572,252.89857,339.0323,-3.881751,13.930861,0.31963137
2,53,10,0.0069999998,0.06407876,0.020492844,0.030940762,0.012645157,0.07157661,0.005431629,6.693206,1.0188687,9.580834,2.6989427,0.14315322,0.010863258,0.17589986,0.026776237,0.11245069,0.03167762,253.1039,253.00229,339.45108,-3.7178113,13.922938,0.28332803
2,54,10,0.0069999998,0.062532924,0.02175209,0.027708964,0.013071874,0.07374295,-0.00010277075,6.334011,1.2603422,9.741148,2.648301,0.1474859,-0.0002055415,0.1664601,0.033122245,0.114332296,0.03108323,253.12915,253.01817,339.81097,-3.9086432,13.922938,0.2734477
2,55,10,0.0069999998,0.057466708,0.016179228,0.028021714,0.013265766,0.0635988,0.005065387,6.3696566,1.0358331,9.813127,2.6694937,0.1271976,0.010130774,0.16739687,0.027222058,0.11517711,0.03133197,253.09659,252.99301,339.17877,-3.7053268,13.922938,0.29221603
2,56,10,0.0069999998,0.06798628,0.0225648,0.03185821,0.013563265,0.075107925,0.0045791916,6.791713,0.6595904,9.92255,2.663581,0.15021585,0.009158383,0.17848869,0.017334286,0.11646143,0.031262573,253.06502,252.7711,339.311,-3.3231714,13.922938,0.31692344
2,57,10,0.0069999998,0.06508616,0.022262404,0.0296818,0.013141958,0.074602954,0.0005748803,6.5556192,0.89525056,9.767226,2.6427126,0.14920591,0.0011497606,0.17228407,0.023527509,0.11463838,0.031017646,253.0767,252.71706,339.4842,-3.5379632,13.914987,0.28743878
2,58,10,0.0069999998,0.06311151,0.020288646,0.029528022,0.013294836,0.07121911,0.0069960165,6.538616,0.7338544,9.823872,2.5219605,0.14243822,0.013992033,0.1718372,0.019285964,0.11530323,0.029600365,253.06136,252.7118,338.793,-3.255815,13.914987,0.27952737
2,59,10,0.0069999998,0.06780471,0.022817288,0.030928496,0.014058928,0.07552696,0.005941101,6.6918793,0.5341647,10.10223,2.5639808,0.15105392,0.011882202,0.175865,0.01403804,0.11857035,0.030093553,253.08511,252.78548,339.2825,-3.0981455,13.914987,0.3024638
2,60,10,0.0069999998,0.067645766,0.023526967,0.029483167,0.014635629,0.076692514,-0.0006438974,6.533648,0.61252385,10.307348,2.6757667,0.15338503,-0.0012877948,0.17170663,0.01609735,0.120977804,0.031405598,253.12004,252.9486,339.65826,-3.2882905,13.914987,0.3090104
2,61,10,0.0069999998,0.064620554,0.024145199,0.026364539,0.0141108185,0.07769363,0.007848451,6.1784387,0.57265157,10.120857,2.5635326,0.15538725,0.015696902,0.1623716,0.015049486,0.118788965,0.030088304,253.10258,252.99643,339.00845,-3.1361842,13.906989,0.30650407
2,62,10,0.0069999998,0.06341172,0.022007886,0.026152724,0.01525111,0.074175276,0.007964562,6.153569,0.21559505,10.521846,2.618137,0.14835055,0.015929123,0.16171804,0.0056659165,0.123495385,0.0307292,253.11348,252.93118,339.73105,-2.833732,13.906989,0.32671657
2,63,10,0.0069999998,0.06447014,0.023142723,0.025381384,0.015946038,0.07606366,0.0018067159,6.062146,0.35358152,10.758894,2.6742735,0.15212733,0.0036134317,0.15931536,0.0092922505,0.12627763,0.031388067,253.12752,252.91068,339.79538,-3.027855,13.906989,0.32529315
2,64,10,0.0069999998,0.062621996,0.019906983,0.026362326,0.016352687,0.07054605,0.01028825,6.1781797,0.5002659,10.895214,2.6977959,0.1410921,0.0205765,0.1623648,0.013147169,0.12787762,0.03166416,253.1189,252.88719,339.01895,-3.1980617,13.906989,0.34643635
2,65,10,0.0069999998,0.061762013,0.021972049,0.024435734,0.015354232,0.07411486,0.0105386125,5.948143,0.4361691,10.557359,2.351931,0.14822972,0.021077225,0.15631934,0.011462676,0.12391219,0.02760472,253.14267,252.87299,339.2986,-2.7881002,13.899005,0.3142373
2,66,10,0.0069999998,0.0676315,0.024413653,0.026807418,0.016410425,0.078124344,0.0044453302,6.230117,0.64558405,10.914432,2.5241928,0.15624869,0.0088906605,0.16372971,0.016966175,0.12810318,0.029626573,253.15956,252.8477,339.51862,-3.169777,13.899005,0.29738668
2,67,10,0.0069999998,0.066977516,0.019656086,0.03055923,0.016762193,0.070100084,0.009989668,6.6518106,0.7410365,11.03079,2.5899153,0.14020017,0.019979335,0.17481199,0.019474702,0.12946889,0.03039795,253.13966,252.80035,338.7978,-3.3309517,13.899005,0.31479275
2,68,10,0.0069999998,0.069828525,0.02407234,0.029347317,0.016408872,0.07757632,0.008386206,6.5185785,0.5628108,10.913916,2.352764,0.15515263,0.016772412,0.17131059,0.014790869,0.12809712,0.0276145,253.19867,252.97873,339.07718,-2.9155746,13.899005,0.32714173
2,69,10,0.0069999998,0.06448589,0.02631953,0.022592472,0.015573892,0.081116475,0.0020808456,5.719401,0.47198907,10.632607,1.989279,0.16223295,0.0041616913,0.15030792,0.01240404,0.1247954,0.023348255,253.3119,253.49535,339.89117,-2.4612682,13.891119,0.24285851
2,70,10,0.0069999998,0.058507547,0.01836956,0.023960318,0.01617767,0.06776717,0.009131272,5.8899956,0.81933284,10.836755,2.0444343,0.13553435,0.018262545,0.1547912,0.021532357,0.12719147,0.023995616,253.36438,253.79155,339.6335,-2.8637671,13.891119,0.26033366
2,71,10,0.0069999998,0.0633688,0.022421561,0.02457928,0.01636796,0.074869156,0.007894484,5.965588,0.5723408,10.900302,1.7536827,0.14973831,0.015788969,0.1567778,0.015041315,0.12793733,0.02058306,253.40556,253.92426,339.8886,-2.3260236,13.891119,0.2809484
2,72,10,0.0069999998,0.06949109,0.025143128,0.027591262,0.016756695,0.079282925,0.0035409578,6.3205442,0.4913631,11.028982,1.6933852,0.15856585,0.0070819156,0.16610618,0.01291319,0.12944765,0.019875348,253.46263,254.11395,340.15143,-2.1847484,13.891119,0.32102424
2,73,10,0.0069999998,0.061089486,0.018989732,0.027364716,0.0147350365,0.06890162,0.008440609,6.2945423,0.28943893,10.342293,1.3707553,0.13780324,0.016881218,0.16542284,0.0076065613,0.12138796,0.01608862,253.46687,254.13242,339.57245,-1.6601943,13.883528,0.20883092
2,74,10,0.0069999998,0.06224886,0.021211244,0.025578465,0.015459151,0.0728204,0.008358286,6.0856347,0.030954149,10.593368,1.4610574,0.1456408,0.016716572,0.15993269,0.0008134842,0.124334835,0.017148495,253.512,254.29178,340.2055,-1.4920115,13.883528,0.20376906
2,75,10,0.0069999998,0.06298434,0.024372106,0.022336341,0.016275892,0.07805784,0.0020246499,5.686888,0.00040666986,10.869601,1.8095913,0.15611568,0.0040492998,0.14945348,1.0692712e-5,0.127577,0.021239249,253.5407,254.39087,340.73083,-1.8099979,13.883528,0.2061196
2,76,10,0.0069999998,0.05886818,0.020134917,0.021923978,0.016809288,0.07094878,0.0073237508,5.6341496,0.14427455,11.046274,1.8018858,0.14189756,0.0146475015,0.14806747,0.0037915874,0.12965064,0.021148806,253.50432,254.36057,340.1137,-1.9461604,13.883528,0.21026304
2,77,10,0.0069999998,0.053809706,0.019081617,0.020037057,0.014691032,0.06906811,0.0046285135,5.386239,-0.16729721,10.3268385,1.0137899,0.13813622,0.009257027,0.14155231,-0.0043966337,0.12120657,0.011898892,253.48753,254.21957,340.41565,-0.84649265,13.876287,0.1643647
2,78,10,0.0069999998,0.060061716,0.02393622,0.02142066,0.014704839,0.077356674,-0.00083134946,5.5691013,-0.054363906,10.331689,1.1904956,0.15471335,-0.0016626989,0.14635798,-0.0014287028,0.12126351,0.013972908,253.48051,254.1235,340.51807,-1.1361318,13.876287,0.21213548
2,79,10,0.0069999998,0.060501084,0.02026761,0.024981352,0.015252119,0.07118218,0.0061320886,6.0141835,0.21095392,10.522194,1.2424641,0.14236435,0.012264177,0.1580549,0.0055439486,0.12349947,0.014582855,253.42183,253.9053,339.58136,-1.453418,13.876287,0.22806616
2,80,10,0.0069999998,0.06500214,0.024573332,0.024383865,0.016044943,0.078379415,0.004902567,5.941826,0.07609411,10.792208,1.2376655,0.15675883,0.009805134,0.15615334,0.0019997803,0.12666863,0.014526539,253.43361,253.84236,339.8714,-1.3137597,13.876287,0.20197281
2,81,10,0.0069999998,0.059871487,0.0249642,0.020757174,0.014150112,0.07900032,-0.0031021375,5.4821734,-0.16870683,10.134939,1.0220177,0.15800063,-0.006204275,0.1440735,-0.0044336766,0.11895424,0.011995468,253.51006,254.09206,340.50806,-0.8533109,13.869388,0.25885484
2,82,10,0.0069999998,0.053909823,0.01829275,0.021482524,0.014134548,0.067625344,0.0028206334,5.577137,-0.17995104,10.129364,0.9248802,0.13525069,0.0056412667,0.14656918,-0.0047291787,0.1188888,0.010855362,253.54715,254.30724,340.07822,-0.7449292,13.869388,0.22330748
2,83,10,0.0069999998,0.061329372,0.024104204,0.02269894,0.0145262275,0.077627644,0.0028936358,5.732862,-0.46770442,10.268751,0.73010606,0.15525529,0.0057872715,0.15066168,-0.012291436,0.1205248,0.008569281,253.61423,254.5898,340.64734,-0.26240164,13.869388,0.19074424
2,84,10,0.0069999998,0.061143033,0.022444189,0.023634385,0.01506446,0.07490692,-0.0013624451,5.8497972,-0.5320248,10.457262,0.98067296,0.14981385,-0.0027248901,0.15373479,-0.013981803,0.12273736,0.011510201,253.63148,254.599,340.98004,-0.44864815,13.869388,0.22413285
2,85,10,0.0069999998,0.057928313,0.018825745,0.025921667,0.013180901,0.06860347,0.001842531,6.126326,-0.14641881,9.781687,0.50727904,0.13720694,0.003685062,0.16100207,-0.0038479434,0.114808105,0.005953955,253.59174,254.43427,340.06412,-0.36086023,13.862985,0.25356665
2,86,10,0.0069999998,0.058984417,0.020567974,0.024949709,0.013466735,0.071707696,0.0009623444,6.010373,-0.15618236,9.887179,0.31253654,0.14341539,0.0019246888,0.15795477,-0.0041045286,0.116046265,0.003668259,253.60043,254.39368,340.11237,-0.15635417,13.862985,0.24896906
2,87,10,0.0069999998,0.0670134,0.032056708,0.021547535,0.013409155,0.08952194,-0.005094399,5.5855694,-0.18737966,9.866018,0.52218026,0.17904387,-0.010188798,0.14679079,-0.0049244035,0.11579791,0.006128854,253.61801,254.41698,340.4094,-0.3348006,13.862985,0.3112044
2,88,10,0.0069999998,0.059134163,0.02097643,0.024228334,0.013929395,0.07241621,0.0005452954,5.922846,-0.1340161,10.055586,0.34549135,0.14483242,0.0010905908,0.15565453,-0.0035219963,0.11802286,0.0040550497,253.5784,254.35114,339.71912,-0.21147525,13.862985,0.27284157
2,89,10,0.0069999998,0.054472547,0.020136528,0.021830143,0.012505878,0.07095162,-0.0013748689,5.622079,-0.53213984,9.5279255,-0.26154467,0.14190324,-0.0027497378,0.14775027,-0.013984821,0.11182968,-0.0030697645,253.55197,254.16458,339.78378,0.7936845,13.857119,0.2649298
2,90,10,0.0069999998,0.065580815,0.03217084,0.020951683,0.012458298,0.089681156,-0.0063686944,5.507799,-0.64585555,9.509782,0.05114692,0.17936231,-0.012737389,0.14474696,-0.016973317,0.111616746,0.0006003115,253.52896,254.01756,340.00095,0.5947086,13.857119,0.3170644
2,91,10,0.0069999998,0.055988338,0.020204496,0.022605056,0.013178784,0.07107126,-0.00020623155,5.7209935,-0.43566662,9.780902,-0.041695874,0.14214252,-0.0004124631,0.15034978,-0.011449478,0.11479889,-0.0004893794,253.50525,253.99617,339.47885,0.47736248,13.857119,0.28750265
2,92,10,0.0069999998,0.056575388,0.021442993,0.021449855,0.013682542,0.07321713,-0.0006664164,5.572895,-0.5675109,9.966085,-0.17541042,0.14643426,-0.0013328328,0.14645769,-0.01491439,0.1169724,-0.0020587961,253.56073,254.13425,339.96347,0.74292135,13.857119,0.28642273
2,93,10,0.0069999998,0.0599363,0.026783632,0.022184512,0.010968155,0.08182853,-0.0058804797,5.6675277,-0.87132245,8.922941,-0.06115137,0.16365705,-0.011760959,0.14894466,-0.022898668,0.10472896,-0.00071773387,253.64201,254.52588,340.55872,0.93247384,13.851795,0.2991601
2,94,10,0.0069999998,0.05249948,0.01896206,0.022637531,0.010899889,0.0688514,0.0009947921,5.7251015,-0.77759206,8.895129,-0.11855825,0.1377028,0.0019895842,0.15045774,-0.0204354,0.104402535,-0.001391524,253.65584,254.68521,340.19812,0.8961503,13.851795,0.2302595
2,95,10,0.0069999998,0.051232517,0.018127462,0.02153085,0.011574206,0.06731913,0.0005282212,5.5834064,-0.8024895,9.166147,-0.16384426,0.13463826,0.0010564424,0.14673394,-0.02108972,0.107583486,-0.0019230488,253.6974,254.83339,340.67838,0.96633375,13.851795,0.22324939
2,96,10,0.0069999998,0.06394972,0.031006103,0.021688314,0.011255302,0.08804275,-0.0035894928,5.603786,-0.5834082,9.038988,0.028057754,0.1760855,-0.0071789855,0.14726953,-0.01533218,0.10609101,0.00032931447,253.7021,254.76065,340.8797,0.5553504,13.851795,0.27331024
2,97,10,0.0069999998,0.050985474,0.017786657,0.022972934,0.01022588,0.066683315,0.004722151,5.7673583,-0.1115703,8.615721,-0.022198996,0.13336663,0.009444302,0.15156825,-0.0029321115,0.101123095,-0.00026055358,253.66876,254.6699,340.28137,0.13376929,13.847016,0.1628482
2,98,10,0.0069999998,0.04922746,0.018683689,0.01991141,0.010632362,0.068344146,0.0025946756,5.3693247,-0.30974844,8.78529,-0.29941502,0.13668829,0.0051893513,0.1411078,-0.0081402995,0.103113346,-0.0035142486,253.70079,254.7385,340.5809,0.60916346,13.847016,0.1439989
2,99,10,0.0069999998,0.05610969,0.024012035,0.022240508,0.009857146,0.07747909,-0.0018111443,5.6746755,-0.56449425,8.458956,-0.15384623,0.15495817,-0.0036222886,0.14913252,-0.014835114,0.09928316,-0.0018056995,253.72261,254.84114,340.70285,0.7183405,13.847016,0.19023706
2,100,10,0.0069999998,0.054051325,0.017729763,0.025833871,0.010487692,0.06657658,0.003868601,6.1159425,-0.3381158,8.725317,-0.21233349,0.13315316,0.007737202,0.16072918,-0.008885804,0.10240944,-0.0024921636,253.6745,254.70213,339.89062,0.5504493,13.847016,0.20551012
3,1,10,0.0048999996,0.06460713,0.025799269,0.0289735,0.009834359,0.080310754,0.011718751,6.476929,-0.068485916,8.449175,1.3862077,0.16062151,0.023437502,0.17021604,-0.0017998338,0.09916834,0.01626998,253.85855,255.33807,342.04742,-1.3177218,13.842839,0.3538423
3,2,10,0.0048999996,0.06217567,0.026932215,0.02606667,0.009176783,0.08205519,0.0077591995,6.1434374,-0.17220552,8.161809,1.0747435,0.16411038,0.015518399,0.16145176,-0.004525622,0.09579553,0.012614314,253.80159,255.06902,342.0885,-0.902538,13.842839,0.32088798
3,3,10,0.0048999996,0.06218447,0.030015703,0.023351686,0.008817081,0.0866252,0.0039005084,5.814707,-0.33134708,8.000251,1.1504791,0.1732504,0.007801017,0.15281259,-0.008707927,0.09389932,0.0135032255,253.71303,254.55504,341.8879,-0.819132,13.842839,0.29464093
3,4,10,0.0048999996,0.05998876,0.02340455,0.026921755,0.009662459,0.07649273,0.008877546,6.2433887,-0.018110178,8.375004,0.8906356,0.15298545,0.017755091,0.1640785,-0.00047594128,0.098297805,0.010453435,253.57932,254.07188,340.37338,-0.87252545,13.842839,0.33684692
3,5,10,0.0048999996,0.056503214,0.022517247,0.024672968,0.009312997,0.07502874,0.0071467347,5.9769464,-0.4616289,8.222159,0.8439858,0.15005748,0.0142934695,0.15707631,-0.01213177,0.09650387,0.009905901,253.51993,253.7725,340.47064,-0.38235688,13.840125,0.28134632
3,6,10,0.0048999996,0.06870791,0.033211205,0.026100997,0.009395709,0.09111971,0.0020057135,6.147481,-0.6580943,8.258592,1.0411552,0.18223941,0.004011427,0.16155803,-0.017294956,0.096931465,0.012220086,253.50975,253.71101,340.59967,-0.38306093,13.840125,0.28086013
3,7,10,0.0048999996,0.06081739,0.025758434,0.025749587,0.00930937,0.08024717,0.010319775,6.1059585,-0.6147989,8.22056,1.0799136,0.16049434,0.02063955,0.16046678,-0.016157137,0.09648508,0.012674997,253.48619,253.70284,340.0035,-0.4651147,13.840125,0.3198339
3,8,10,0.0048999996,0.060564943,0.029483909,0.02271627,0.008364763,0.085854396,0.00927985,5.7350497,-0.812258,7.792342,1.0778297,0.17170879,0.0185597,0.15071918,-0.021346435,0.09145908,0.012650535,253.50252,253.68643,340.68323,-0.2655717,13.840125,0.29772246
3,9,10,0.0048999996,0.06154537,0.030260313,0.023872219,0.0074128374,0.08697746,0.0032519037,5.879157,-0.8842126,7.3355637,1.3900074,0.17395492,0.0065038074,0.15450637,-0.023237435,0.08609784,0.01631458,253.50659,253.63718,340.7845,-0.50579476,13.837533,0.25852928
3,10,10,0.0048999996,0.0574385,0.02459532,0.02494752,0.007895661,0.07841448,0.010301162,6.0101094,-0.3181211,7.570689,1.286005,0.15682895,0.020602323,0.15794784,-0.008360333,0.08885753,0.015093901,253.47427,253.50345,339.97006,-0.96788394,13.837533,0.29783326
3,11,10,0.0048999996,0.05504979,0.022748515,0.02345205,0.008849223,0.075413056,0.0075912224,5.8271894,-0.30523866,8.01482,1.2187083,0.15082611,0.015182445,0.15314062,-0.008021783,0.09407031,0.014304034,253.51877,253.64925,340.28247,-0.9134696,13.837533,0.28605658
3,12,10,0.0048999996,0.057291217,0.027101545,0.022146495,0.008043178,0.08231273,0.0025530118,5.662668,-0.40719658,7.6410847,1.4600097,0.16462547,0.0051060235,0.14881699,-0.010701271,0.08968377,0.017136198,253.59996,254.01227,340.70694,-1.052813,13.837533,0.2609905
3,13,10,0.0048999996,0.04608715,0.020334713,0.01897572,0.006776717,0.07129992,0.008730621,5.2416477,-0.31166855,7.0137606,1.3214506,0.14259984,0.017461242,0.13775238,-0.00819076,0.08232082,0.015509926,253.6261,254.23418,340.45316,-1.0097821,13.834971,0.22910947
3,14,10,0.0048999996,0.042887688,0.01932206,0.01685479,0.006710837,0.06950191,0.007462257,4.9400387,-0.44899195,6.979584,1.278317,0.13900381,0.014924514,0.129826,-0.01179967,0.0819197,0.015003666,253.62767,254.23161,340.92496,-0.829325,13.834971,0.25177497
3,15,10,0.0048999996,0.049857847,0.025920933,0.017614609,0.006322306,0.080499895,0.0011244677,5.050161,-0.55309445,6.7745275,1.3726698,0.16099979,0.0022489354,0.13272004,-0.014535521,0.07951293,0.016111089,253.5739,253.98766,340.99295,-0.81957537,13.834971,0.25464422
3,16,10,0.0048999996,0.045957506,0.021987328,0.01783529,0.00613489,0.07414062,0.0064764707,5.0816965,-0.45735422,6.673362,1.1613268,0.14828125,0.0129529415,0.13354883,-0.012019434,0.07832554,0.013630544,253.49854,253.73709,340.16327,-0.7039726,13.834971,0.27622017
3,17,10,0.0048999996,0.04005958,0.018186012,0.015771275,0.0061022947,0.06742776,0.0034361824,4.778616,-0.7723425,6.6556087,1.0262793,0.13485552,0.006872365,0.12558374,-0.020297438,0.078117184,0.012045485,253.45432,253.43826,340.49582,-0.25393683,13.832359,0.24200019
3,18,10,0.0048999996,0.04817073,0.02653062,0.015881922,0.005758188,0.08144111,-0.0016030277,4.795349,-0.7707841,6.4652324,1.0702257,0.16288222,-0.0032060554,0.1260235,-0.020256484,0.075882725,0.01256129,253.37251,253.01077,340.24768,-0.29944164,13.832359,0.24505305
3,19,10,0.0048999996,0.04277158,0.020126296,0.016999949,0.005645339,0.07093359,0.0036698887,4.961265,-0.5113159,6.401566,0.7964754,0.14186718,0.0073397774,0.13038385,-0.013437566,0.07513547,0.0093482705,253.29073,252.74692,339.0939,-0.28515953,13.832359,0.21627857
3,20,10,0.0048999996,0.040474497,0.017925771,0.016638823,0.0059099044,0.06694358,0.0023188004,4.908287,-0.50633115,6.549852,0.7287108,0.13388716,0.004637601,0.12899156,-0.013306566,0.0768759,0.008552909,253.29097,252.69974,339.43552,-0.22237962,13.832359,0.23412733
3,21,10,0.0048999996,0.045167398,0.021829834,0.017696682,0.0056408816,0.073874615,-0.0037596228,5.061912,-0.29598334,6.3990383,0.6500589,0.14774923,-0.0075192456,0.13302888,-0.0077785514,0.0751058,0.007629772,253.26288,252.56593,339.48572,-0.35407558,13.8295145,0.2559091
3,22,10,0.0048999996,0.041622404,0.017135924,0.018828664,0.005657817,0.06545213,0.002656443,5.221297,-0.11578859,6.4086366,0.5272741,0.13090426,0.005312886,0.13721758,-0.003042964,0.07521846,0.006188637,253.1937,252.32846,338.62067,-0.4114855,13.8295145,0.20698984
3,23,10,0.0048999996,0.04144698,0.018085556,0.017131766,0.0062296577,0.067241274,0.0014962242,4.980463,-0.36079562,6.724706,0.41103372,0.13448255,0.0029924484,0.13088837,-0.009481841,0.07892818,0.0048243194,253.18541,252.24187,338.98737,-0.050238103,13.8295145,0.18517332
3,24,10,0.0048999996,0.04659281,0.022481816,0.018006302,0.0061046914,0.07496969,-0.0031295328,5.106002,-0.31883687,6.656916,0.5666246,0.14993937,-0.0062590656,0.13418756,-0.008379146,0.078132525,0.006650495,253.16357,252.09766,339.06424,-0.24778771,13.8295145,0.2350127
3,25,10,0.0048999996,0.038531307,0.014971165,0.017555486,0.0060046567,0.061178356,0.0026003562,5.041678,0.17296651,6.6021485,0.28142965,0.12235671,0.0052007125,0.13249712,0.004545621,0.07748972,0.0033031497,253.09564,251.87654,338.179,-0.45439616,13.826466,0.20078853
3,26,10,0.0048999996,0.042589445,0.019629067,0.016482117,0.00647826,0.070051886,0.00087181333,4.8851194,-0.02984097,6.8575726,0.18465856,0.14010377,0.0017436267,0.1283827,-0.00078422914,0.08048764,0.0021673464,253.06416,251.72136,338.2684,-0.15481758,13.826466,0.19207132
3,27,10,0.0048999996,0.046402417,0.02233468,0.017284289,0.006783448,0.07472396,-0.0024247805,5.002585,-0.08742994,7.017242,0.34894738,0.14944792,-0.004849561,0.13146973,-0.0022976892,0.08236169,0.0040956098,253.05498,251.64816,338.366,-0.26151744,13.826466,0.25220346
3,28,10,0.0048999996,0.04778048,0.02072882,0.020037143,0.007014516,0.07198753,0.0028693061,5.3862505,0.11584475,7.135757,0.1887295,0.14397506,0.0057386123,0.14155261,0.0030444409,0.08375271,0.0022151314,253.02975,251.64224,337.67648,-0.30457425,13.826466,0.2591368
3,29,10,0.0048999996,0.038839657,0.017213456,0.014561975,0.0070642284,0.06560003,0.0010056464,4.5917563,0.19812858,7.1609983,-0.20022877,0.13120006,0.0020112928,0.12067301,0.005206892,0.084048964,-0.002350092,253.03227,251.63368,338.2388,0.0021001846,13.823212,0.21406104
3,30,10,0.0048999996,0.044464987,0.02227904,0.0148295,0.0073564462,0.07463083,-0.0030498235,4.633743,0.29915878,7.3076086,-0.090331875,0.14926165,-0.006099647,0.12177643,0.007862002,0.08576973,-0.0010602269,253.01472,251.51839,338.3608,-0.2088269,13.823212,0.25562984
3,31,10,0.0048999996,0.04185497,0.019204142,0.01494385,0.0077069765,0.069289505,0.0036363245,4.651574,0.44897562,7.479683,-0.2200379,0.13857901,0.007272649,0.12224504,0.0117992405,0.08778939,-0.002582597,252.97356,251.33798,337.60013,-0.22893772,13.823212,0.21465261
3,32,10,0.0048999996,0.040103383,0.016890682,0.015323537,0.007889163,0.06498208,0.0013767937,4.710296,0.27759668,7.5675735,-0.32915118,0.12996416,0.0027535874,0.123788275,0.007295339,0.08882096,-0.00386326,252.97285,251.27106,337.7156,0.0515545,13.823212,0.20685062
3,33,10,0.0048999996,0.038171597,0.016297553,0.0142310485,0.007642995,0.063830934,0.00011662597,4.5392814,0.5246394,7.448572,-0.5014812,0.12766187,0.00023325194,0.11929396,0.013787714,0.087424226,-0.005885908,252.95146,251.17598,337.58972,-0.023158252,13.819741,0.16641757
3,34,10,0.0048999996,0.043680478,0.018652136,0.016969835,0.008058506,0.06828641,0.0064359554,4.9568696,0.8516187,7.648363,-0.7660342,0.13657282,0.012871911,0.13026832,0.022380847,0.089769185,-0.008990974,252.88416,251.00351,336.51392,-0.08558452,13.819741,0.1739423
3,35,10,0.0048999996,0.039645135,0.015615404,0.014977571,0.009052162,0.062480804,0.0048175235,4.656819,0.6458571,8.1062,-0.71383,0.12496161,0.009635047,0.12238289,0.016973356,0.09514285,-0.008378255,252.85945,250.76567,336.63736,0.0679729,13.819741,0.15121377
3,36,10,0.0048999996,0.04526079,0.02078266,0.015119541,0.009358588,0.07208096,0.0008703977,4.6788373,0.68885326,8.242261,-0.511417,0.14416192,0.0017407954,0.12296154,0.018103315,0.09673979,-0.006002525,252.86215,250.71428,336.7779,-0.17743629,13.819741,0.17233405
3,37,10,0.0048999996,0.04458905,0.01945407,0.015869422,0.009265555,0.069738925,0.008459987,4.7934613,0.97427136,8.201191,-0.9593027,0.13947785,0.016919974,0.1259739,0.025604207,0.09625775,-0.0112593835,252.86679,250.83392,336.3688,-0.014968634,13.816134,0.1597075
3,38,10,0.0048999996,0.043178856,0.018533817,0.015234071,0.009410971,0.06806948,0.0074027255,4.696525,0.79328,8.265296,-0.99591494,0.13613896,0.014805451,0.12342638,0.020847684,0.09701016,-0.011689097,252.88171,250.87105,336.89963,0.20263493,13.816134,0.15989017
3,39,10,0.0048999996,0.046675265,0.02033487,0.016656945,0.0096834535,0.07130019,0.0033899168,4.9109597,0.6844123,8.384098,-0.8521852,0.14260039,0.0067798337,0.12906179,0.017986603,0.09840454,-0.010002133,252.82208,250.61887,336.75818,0.16777289,13.816134,0.15092012
3,40,10,0.0048999996,0.049528938,0.02092092,0.018035395,0.010572623,0.07232033,0.010223834,5.110125,0.7816001,8.760575,-1.0785998,0.14464065,0.020447668,0.13429593,0.020540731,0.102823265,-0.012659575,252.71277,250.19678,335.56802,0.2969997,13.816134,0.16633667
3,41,10,0.0048999996,0.04725354,0.020435255,0.015945934,0.010872352,0.07147597,0.009828431,4.8050027,0.6705105,8.883887,-1.5182494,0.14295194,0.019656861,0.12627721,0.017621258,0.10427057,-0.017819764,252.68797,250.03941,335.6239,0.8477389,13.812401,0.19410807
3,42,10,0.0048999996,0.051700808,0.023000546,0.017714493,0.010985768,0.075829655,0.006112725,5.064458,0.77844715,8.930101,-1.363568,0.15165931,0.01222545,0.1330958,0.020457875,0.10481302,-0.016004251,252.65373,249.89667,335.56683,0.5851208,13.812401,0.17302908
3,43,10,0.0048999996,0.052807957,0.022552004,0.019398576,0.010857375,0.07508662,0.010288222,5.299728,0.7720226,8.877765,-1.4434148,0.15017325,0.020576444,0.13927877,0.020289036,0.10419873,-0.016941424,252.62013,249.84,335.01184,0.6713922,13.812401,0.18178427
3,44,10,0.0048999996,0.05410559,0.024843505,0.017894678,0.011367407,0.07880911,0.008860026,5.09015,0.58821183,9.083891,-1.5215064,0.15761822,0.017720051,0.13377099,0.015458419,0.10661804,-0.017857995,252.63324,249.90321,335.4496,0.9332946,13.812401,0.19097577
3,45,10,0.0048999996,0.05832246,0.02813103,0.018745394,0.011446038,0.08386154,0.00709228,5.209739,0.63903254,9.115254,-1.7827891,0.16772307,0.01418456,0.13691382,0.016794005,0.10698616,-0.020924676,252.62912,249.84195,335.6471,1.1437566,13.808633,0.21248873
3,46,10,0.0048999996,0.059764154,0.026218548,0.02178841,0.011757194,0.08096071,0.012620261,5.6167026,0.6648551,9.238321,-1.8983965,0.16192143,0.025240522,0.14760898,0.017472634,0.108430594,-0.02228156,252.61092,249.71584,335.0917,1.2335414,13.808633,0.25106198
3,47,10,0.0048999996,0.06009335,0.02875861,0.019037005,0.012297736,0.08479182,0.011677586,5.250105,0.653173,9.448302,-1.9729992,0.16958363,0.023355171,0.13797465,0.017165622,0.11089516,-0.023157183,252.64954,249.84348,335.62878,1.3198261,13.808633,0.2888934
3,48,10,0.0048999996,0.062989496,0.028665707,0.021745294,0.012578496,0.08465475,0.00804613,5.6111426,0.818668,9.555548,-2.0229843,0.1693095,0.01609226,0.14746286,0.021514893,0.112153895,-0.023743857,252.62119,249.83327,335.5236,1.2043163,13.808633,0.27602717
3,49,10,0.0048999996,0.061471958,0.02475969,0.024166815,0.012545454,0.07867606,0.012582332,5.915322,0.63819945,9.542989,-2.6041327,0.15735212,0.025164664,0.1554568,0.016772112,0.11200649,-0.03056482,252.55386,249.63286,334.442,1.9659332,13.804875,0.32822844
3,50,10,0.0048999996,0.059161194,0.025524652,0.02118913,0.0124474075,0.07988218,0.012459311,5.5389223,0.49575412,9.505624,-2.6314974,0.15976436,0.024918621,0.14556487,0.0130285965,0.11156795,-0.03088601,252.54828,249.5666,334.7128,2.1357431,13.804875,0.3633103
3,51,10,0.0048999996,0.05802816,0.023599202,0.021791644,0.012637316,0.07681016,0.008567355,5.61712,0.75389194,9.577864,-2.5671866,0.15362032,0.01713471,0.14761993,0.01981255,0.11241582,-0.030131185,252.564,249.64067,334.95264,1.8132946,13.804875,0.32199183
3,52,10,0.0048999996,0.066277295,0.025784412,0.026987404,0.013505481,0.08028763,0.013073214,6.2509956,0.7723604,9.901392,-2.6147885,0.16057526,0.026146429,0.16427843,0.020297911,0.11621308,-0.03068989,252.5664,249.70387,334.36084,1.8424282,13.804875,0.32132384
3,53,10,0.0048999996,0.060691603,0.02258067,0.02479492,0.013316015,0.07513433,0.007209498,5.991699,0.2900698,9.831695,-2.8345304,0.15026866,0.014418996,0.15746403,0.007623139,0.11539504,-0.033269014,252.6048,249.85709,334.93698,2.5444605,13.801237,0.22769609
3,54,10,0.0048999996,0.06466875,0.027083041,0.024049573,0.0135361375,0.08228463,0.004582896,5.9009557,0.14948282,9.912623,-2.621721,0.16456926,0.009165792,0.15507925,0.0039284644,0.11634491,-0.030771255,252.60054,249.92131,334.9207,2.4722383,13.801237,0.1910666
3,55,10,0.0048999996,0.06456796,0.024016585,0.026326802,0.014224577,0.077486426,0.008592432,6.174016,0.059249494,10.161572,-2.8514855,0.15497285,0.017184865,0.16225536,0.0015570985,0.11926683,-0.033468004,252.54633,249.74765,333.9865,2.792236,13.801237,0.19559687
3,56,10,0.0048999996,0.06637061,0.025569309,0.025852436,0.014948863,0.07995203,0.00807516,6.1181397,-0.3503723,10.417064,-2.9688697,0.15990406,0.01615032,0.16078693,-0.00920791,0.12226554,-0.03484575,252.57066,249.77127,334.36002,3.319242,13.801237,0.24037942
3,57,10,0.0048999996,0.06189295,0.023739118,0.0242251,0.013928732,0.07703752,-0.00018074136,5.9224505,-0.59057647,10.0553465,-3.0853682,0.15407504,-0.00036148273,0.15564415,-0.015520563,0.11802005,-0.0362131,252.5858,249.90329,334.6074,3.6759446,13.797782,0.33584273
3,58,10,0.0048999996,0.06108687,0.021910701,0.025948716,0.013227454,0.07401132,0.004779061,6.1295223,-0.63072306,9.798946,-3.2826982,0.14802264,0.009558122,0.16108605,-0.01657563,0.11501067,-0.038529176,252.53258,249.77386,334.0045,3.9134212,13.797782,0.30560064
3,59,10,0.0048999996,0.060543872,0.021836199,0.025110368,0.013597304,0.07388538,0.0035179402,6.029693,-0.76991594,9.934994,-3.3677013,0.14777076,0.0070358803,0.15846251,-0.020233667,0.11660748,-0.03952687,252.50339,249.51642,334.30133,4.137617,13.797782,0.29446876
3,60,10,0.0048999996,0.059963476,0.021949146,0.024150316,0.013864014,0.07407622,0.00060098566,5.913302,-0.5464034,10.031959,-3.3036292,0.14815244,0.0012019713,0.15540372,-0.014359676,0.11774555,-0.038774848,252.50916,249.51453,334.44446,3.8500326,13.797782,0.31393334
3,61,10,0.0048999996,0.058898363,0.02309166,0.023686714,0.012119989,0.0759797,0.0006214779,5.85627,-0.6349852,9.379774,-3.3614714,0.1519594,0.0012429558,0.15390489,-0.01668764,0.11009082,-0.03945374,252.47163,249.4489,333.84875,3.9964566,13.794651,0.30169058
3,62,10,0.0048999996,0.055604894,0.019462302,0.024346877,0.011795715,0.06975368,-9.247194e-5,5.9373174,-1.0442065,9.253443,-3.3088098,0.13950735,-0.00018494388,0.15603486,-0.027442124,0.10860808,-0.038835645,252.43872,249.27545,334.285,4.3530164,13.794651,0.2820525
3,63,10,0.0048999996,0.054270193,0.01825051,0.024270196,0.011749489,0.067547224,-0.0018882947,5.9279613,-1.1692896,9.235293,-3.2998712,0.13509445,-0.0037765894,0.15578894,-0.030729352,0.10839506,-0.038730733,252.36604,248.97574,334.1953,4.469161,13.794651,0.28857344
3,64,10,0.0048999996,0.056439944,0.019317491,0.02476588,0.012356573,0.06949369,0.0023865954,5.9881897,-1.0722291,9.470877,-3.507133,0.13898738,0.0047731907,0.15737179,-0.028178569,0.11116012,-0.041163377,252.27167,248.67038,333.19424,4.579362,13.794651,0.2445711
3,65,10,0.0048999996,0.05599615,0.022492273,0.022151161,0.01135272,0.07498712,0.00018628288,5.663265,-1.0489389,9.078021,-3.0790255,0.14997424,0.00037256576,0.14883266,-0.02756649,0.106549144,-0.03613866,252.25375,248.56439,333.44904,4.1279645,13.791784,0.19284464
3,66,10,0.0048999996,0.056358878,0.021780169,0.022872025,0.011706684,0.07379053,-0.0027083515,5.7546773,-0.9331802,9.218455,-3.0589843,0.14758106,-0.005416703,0.151235,-0.024524318,0.10819743,-0.03590344,252.27318,248.67645,333.35532,3.9921646,13.791784,0.22610481
3,67,10,0.0048999996,0.05828024,0.022284308,0.023822546,0.012173388,0.07463965,0.0014519439,5.873037,-0.78596556,9.400413,-3.2094443,0.1492793,0.0029038878,0.15434554,-0.02065546,0.11033308,-0.03766939,252.28177,248.83212,332.95636,3.99541,13.791784,0.2481358
3,68,10,0.0048999996,0.060372096,0.023208918,0.02440909,0.012754086,0.07617237,0.00030049073,5.944898,-0.96055186,9.622011,-3.4456198,0.15234473,0.00060098147,0.15623409,-0.025243638,0.11293399,-0.040441398,252.29169,248.94524,333.35077,4.406172,13.791784,0.3025211
3,69,10,0.0048999996,0.059868954,0.024492608,0.023583982,0.011792361,0.07825057,-0.0020068572,5.8435564,-0.55188435,9.252128,-2.949482,0.15650114,-0.0040137144,0.15357077,-0.0145037165,0.10859264,-0.034618206,252.2601,248.93245,333.16293,3.5013664,13.789132,0.25276765
3,70,10,0.0048999996,0.058304437,0.020807609,0.02592755,0.0115692755,0.07212421,0.0010133908,6.1270213,-0.50774926,9.164194,-2.9535859,0.14424843,0.0020267817,0.16102034,-0.013343835,0.10756057,-0.034666374,252.21921,248.77809,332.26935,3.4613352,13.789132,0.2520626
3,71,10,0.0048999996,0.06409432,0.024789045,0.027056891,0.012248385,0.078722686,0.0020588997,6.2590384,-0.752226,9.429326,-2.8886786,0.15744537,0.0041177995,0.16448979,-0.019768775,0.11067242,-0.03390455,252.25604,248.84967,332.92673,3.6409044,13.789132,0.24914987
3,72,10,0.0048999996,0.06625412,0.023733577,0.030152945,0.012367594,0.07702853,-0.0015796432,6.6074443,-0.5605943,9.4751,-2.8259635,0.15405706,-0.0031592865,0.17364603,-0.014732614,0.11120968,-0.033168465,252.27377,248.80272,333.1156,3.3865578,13.789132,0.32333422
3,73,10,0.0048999996,0.06393322,0.021744965,0.031071894,0.01111636,0.07373087,0.004651241,6.707373,-0.20426887,8.983023,-2.077842,0.14746174,0.009302482,0.17627221,-0.0053682593,0.10543415,-0.024387727,252.28294,248.86435,332.6708,2.282111,13.786765,0.19714226
3,74,10,0.0048999996,0.064143695,0.023092711,0.029370572,0.011680407,0.07598143,0.0026817436,6.52116,-0.2568939,9.208104,-2.1121922,0.15196286,0.005363487,0.17137845,-0.0067512654,0.10807593,-0.024790894,252.29417,248.94778,333.0116,2.369086,13.786765,0.22273684
3,75,10,0.0048999996,0.066241756,0.021703634,0.032056075,0.01248205,0.07366077,-0.00047168919,6.812772,-0.20446877,9.518843,-2.0300949,0.14732154,-0.00094337837,0.1790421,-0.0053735212,0.111723095,-0.02382732,252.24036,248.79115,332.73273,2.2345636,13.786765,0.2237654
3,76,10,0.0048999996,0.065339096,0.019601101,0.033066172,0.012671818,0.07000197,0.0035848054,6.9192753,-0.17359446,9.590928,-2.0220275,0.14000393,0.007169611,0.18184106,-0.0045621274,0.11256917,-0.023732632,252.1728,248.52351,332.17444,2.195622,13.786765,0.2683449
3,77,10,0.0048999996,0.06723754,0.0253162,0.030355899,0.011565444,0.079555325,0.0060373037,6.6296444,0.2264607,9.162678,-1.1856388,0.15911065,0.012074607,0.17422944,0.0059514698,0.10754275,-0.013915897,252.14299,248.33925,332.59644,0.9591781,13.78457,0.4302866
3,78,10,0.0048999996,0.06897464,0.02272672,0.033934545,0.012313373,0.07537692,0.0037317772,7.0095425,0.29008985,9.454308,-1.0043732,0.15075384,0.0074635544,0.18421331,0.00762367,0.11096564,-0.011788379,252.11276,248.25201,332.80478,0.71428335,13.78457,0.45362955
3,79,10,0.0048999996,0.07017743,0.021681126,0.035318177,0.013178126,0.07362256,0.0072870576,7.1510177,0.07351184,9.780658,-1.178782,0.14724512,0.014574115,0.18793131,0.0019319177,0.11479602,-0.013835418,252.04868,248.15524,332.00455,1.1052701,13.78457,0.4846942
3,80,10,0.0048999996,0.07262004,0.02519717,0.03421585,0.01320702,0.079368085,0.0067889523,7.0385365,0.13364194,9.791373,-1.1481304,0.15873617,0.013577905,0.18497527,0.0035121634,0.1149218,-0.013475664,252.02025,247.98074,331.97714,1.0144885,13.78457,0.46390414
3,81,10,0.0048999996,0.072416596,0.022586098,0.03704941,0.012781094,0.07514336,0.0010218407,7.324185,0.6368174,9.6321945,-0.4386134,0.15028672,0.0020436815,0.19248223,0.016735792,0.1130535,-0.0051480285,252.05766,248.17133,331.95273,-0.19820398,13.782373,0.27160743
3,82,10,0.0048999996,0.073587425,0.02138442,0.039699957,0.012503048,0.07311706,0.0050957827,7.581649,0.66748697,9.526847,-0.6180702,0.14623412,0.010191565,0.19924848,0.017541796,0.11181703,-0.0072543183,252.09201,248.39186,331.6832,-0.04941678,13.782373,0.30265483
3,83,10,0.0048999996,0.074469075,0.026165213,0.035298035,0.013005829,0.080878325,0.003498477,7.1489773,0.51150966,9.716509,-0.529231,0.16175665,0.006996954,0.18787771,0.01344266,0.1140431,-0.0062116096,252.14134,248.52774,332.32086,0.017721355,13.782373,0.30331105
3,84,10,0.0048999996,0.08016238,0.026395686,0.039404124,0.014362571,0.08123375,-0.00048928213,7.553348,0.55648905,10.210743,-0.45709553,0.1624675,-0.0009785643,0.19850472,0.014624735,0.119843945,-0.005364942,252.20436,248.89398,332.75458,-0.09939352,13.782373,0.26613665
3,85,10,0.0048999996,0.06975378,0.018875338,0.03751516,0.013363283,0.06869377,0.00089157664,7.3700776,0.6055209,9.849129,0.057228938,0.13738754,0.0017831533,0.1936883,0.015913313,0.11559967,0.0006716962,252.23933,249.13127,332.44785,-0.6627498,13.780328,0.23192962
3,86,10,0.0048999996,0.07057882,0.023015043,0.034739055,0.012824719,0.07585355,0.00034275727,7.092145,0.72975,9.64862,0.16938303,0.1517071,0.00068551453,0.18638416,0.019178092,0.11324628,0.0019880545,252.28506,249.22604,333.09525,-0.899133,13.780328,0.25186184
3,87,10,0.0048999996,0.07743594,0.02552072,0.039083015,0.012832213,0.07987603,-0.0022945805,7.522508,0.7520054,9.651437,0.24916963,0.15975206,-0.004589161,0.19769424,0.01976297,0.11327936,0.0029245152,252.29622,249.32535,333.30087,-1.001175,13.780328,0.2385912
3,88,10,0.0048999996,0.06629508,0.019623125,0.034559105,0.01211285,0.070041284,0.0021646658,7.0737534,0.61779475,9.37701,0.15759107,0.14008257,0.0043293317,0.18590079,0.016235862,0.1100584,0.0018496525,252.27155,249.19873,332.5441,-0.77538586,13.780328,0.21383074
3,89,10,0.0048999996,0.06321226,0.0221335,0.029379189,0.011699573,0.07438666,0.0018020313,6.5221167,0.25059387,9.215654,0.76432514,0.14877331,0.0036040626,0.17140359,0.0065856967,0.108164564,0.008970918,252.28911,249.13753,332.92404,-1.014919,13.778523,0.20697601
3,90,10,0.0048999996,0.06124582,0.020949814,0.02832098,0.011975026,0.07237025,-0.002810517,6.403579,0.32152095,9.32351,0.8737753,0.1447405,-0.005621034,0.16828838,0.0084496895,0.10943046,0.010255541,252.289,249.16963,333.0597,-1.1952963,13.778523,0.22428021
3,91,10,0.0048999996,0.057978563,0.018689787,0.02749484,0.011793934,0.0683553,0.0014887889,6.30949,0.25747535,9.252744,0.99466676,0.1367106,0.0029775777,0.16581568,0.0067665386,0.10859988,0.011674448,252.27081,249.23445,332.57126,-1.2521421,13.778523,0.18510607
3,92,10,0.0048999996,0.05714101,0.022578042,0.023012267,0.0115506975,0.075129956,0.00074519863,5.772293,0.18627633,9.156833,1.0132288,0.15025991,0.0014903973,0.15169795,0.00489541,0.10747417,0.01189232,252.26085,249.19553,332.8953,-1.1995051,13.778523,0.21952526
3,93,10,0.0048999996,0.05886779,0.024935178,0.023163138,0.010769471,0.078954384,-0.002482533,5.7911844,-0.054411877,8.841753,1.46823,0.15790877,-0.004965066,0.15219441,-0.0014299648,0.10377606,0.017232683,252.26262,249.12987,332.90775,-1.4138181,13.777034,0.31299934
3,94,10,0.0048999996,0.055966973,0.019819906,0.024982272,0.011164795,0.070391595,0.0013211091,6.0142946,0.096551836,9.002572,1.4018829,0.14078319,0.0026422183,0.15805781,0.002537419,0.10566359,0.016453963,252.28662,249.25005,332.4266,-1.4984348,13.777034,0.3068749
3,95,10,0.0048999996,0.058411177,0.024009362,0.023053816,0.011347997,0.07747477,-0.0002753691,5.777502,-0.01861892,9.076133,1.5398217,0.15494955,-0.0005507382,0.15183483,-0.0004893084,0.10652698,0.018072955,252.35878,249.54121,333.14624,-1.5212028,13.777034,0.28042758
3,96,10,0.0048999996,0.06149468,0.024204487,0.025792247,0.0114979455,0.07778896,-0.0040946607,6.1110144,0.16902365,9.1359,1.4889821,0.15557791,-0.0081893215,0.16059965,0.0044420054,0.10722847,0.017476248,252.38774,249.72337,333.32852,-1.6580057,13.777034,0.34431258
3,97,10,0.0048999996,0.05616258,0.019476399,0.02578324,0.010902943,0.069778934,0.0034034182,6.1099463,-0.4568947,8.896375,1.9179661,0.13955787,0.0068068365,0.1605716,-0.012007352,0.10441716,0.022511253,252.42937,249.87134,333.16107,-1.4610715,13.775839,0.16188794
3,98,10,0.0048999996,0.057041604,0.020382395,0.025235098,0.011424112,0.07138346,0.0020098141,6.04465,-0.5221508,9.10652,2.2404547,0.14276692,0.0040196283,0.15885559,-0.013722309,0.10688364,0.026296314,252.49904,249.94208,333.94907,-1.7183039,13.775839,0.1368732
3,99,10,0.0048999996,0.057009675,0.020748021,0.02437841,0.011883244,0.072020866,-0.0011532214,5.9411616,-0.4042419,9.287711,2.1986701,0.14404173,-0.0023064427,0.15613587,-0.010623624,0.109010294,0.025805892,252.54988,250.19194,334.34412,-1.7944282,13.775839,0.16725396
3,100,10,0.0048999996,0.0562157,0.01905657,0.025003491,0.012155642,0.06902277,0.0026459403,6.0168476,-0.5486745,9.3935585,2.0652177,0.13804553,0.0052918806,0.15812492,-0.014419364,0.110252626,0.024239551,252.54175,250.34416,333.74423,-1.5165431,13.775839,0.14072007
4,1,10,0.0034299996,0.06651784,0.037987225,0.021553652,0.006976965,0.09745156,-0.0066034673,5.5863624,0.25113237,7.116631,1.1373042,0.19490312,-0.013206935,0.14681162,0.0065998514,0.08352823,0.013348589,253.07558,252.86282,339.184,-1.3884366,13.774765,0.45115432
4,2,10,0.0034299996,0.070336215,0.043340407,0.020279137,0.006716671,0.10409179,-0.007329556,5.418679,0.1359658,6.982618,1.0252506,0.20818359,-0.014659112,0.14240484,0.0035732267,0.0819553,0.012033414,253.1235,253.06938,339.76154,-1.1612164,13.774765,0.46163836
4,3,10,0.0034299996,0.08063323,0.053623363,0.020061668,0.0069481954,0.115783595,-0.012628333,5.3895464,0.166868,7.101944,1.1234169,0.23156719,-0.025256665,0.14163922,0.0043853535,0.08335584,0.013185596,253.21034,253.4691,340.4663,-1.2902849,13.774765,0.48083788
4,4,10,0.0034299996,0.064824484,0.038297348,0.018691845,0.00783529,0.09784854,-0.007150559,5.2022924,0.078631006,7.5416913,1.3387793,0.19569708,-0.014301118,0.13671812,0.002066452,0.088517174,0.015713317,253.22328,253.62704,340.18765,-1.4174104,13.774765,0.4239888
4,5,10,0.0034299996,0.06702875,0.0400649,0.019301187,0.0076626674,0.10008109,-0.004712046,5.2864084,-0.23530109,7.458151,1.671753,0.20016219,-0.009424092,0.13892871,-0.006183795,0.08753666,0.01962144,253.26656,253.7187,340.52225,-1.4364519,13.7736435,0.4083919
4,6,10,0.0034299996,0.07282372,0.04360593,0.021423774,0.007794019,0.104410164,-0.009286083,5.569506,0.0017949884,7.521803,1.7480211,0.20882033,-0.018572167,0.14636862,4.717798e-5,0.08828374,0.020516602,253.30531,253.79034,340.78125,-1.7498161,13.7736435,0.4508746
4,7,10,0.0034299996,0.064735085,0.035798807,0.020943327,0.00799295,0.09460286,-0.0046866285,5.5067015,0.05544643,7.61719,1.7400044,0.18920572,-0.009373257,0.1447181,0.0014571578,0.0894033,0.020422515,253.27142,253.69034,340.1049,-1.7954508,13.7736435,0.42074594
4,8,10,0.0034299996,0.06806526,0.04132493,0.019266684,0.0074736546,0.10164267,-0.0046876655,5.2816806,-0.10925293,7.3655925,1.6829009,0.20328534,-0.009375331,0.13880448,-0.0028712074,0.0864503,0.019752286,253.30327,253.777,340.42844,-1.573648,13.7736435,0.4515176
4,9,10,0.0034299996,0.07166067,0.04315731,0.020765882,0.00773747,0.10387169,-0.006767816,5.4833236,-0.1832811,7.4944663,1.9009662,0.20774338,-0.013535632,0.14410372,-0.004816691,0.08796289,0.02231173,253.34904,253.95004,340.5924,-1.7176851,13.772204,0.4198305
4,10,10,0.0034299996,0.06445126,0.03569355,0.020750653,0.00800706,0.09446368,-0.0014907086,5.4813123,-0.19274694,7.62391,1.7960483,0.18892737,-0.002981417,0.14405087,-0.0050654653,0.08948217,0.021080298,253.3731,254.14943,340.14252,-1.6033013,13.772204,0.3831572
4,11,10,0.0034299996,0.067089476,0.039098155,0.019659827,0.008331492,0.09886627,-0.0015526941,5.335296,-0.4142903,7.7768297,1.9151161,0.19773254,-0.0031053883,0.1402135,-0.0108876955,0.091277,0.0224778,253.47931,254.5565,340.97128,-1.5008258,13.772204,0.4110417
4,12,10,0.0034299996,0.07029828,0.04185641,0.019851869,0.00859,0.1022942,-0.0072006756,5.3612905,-0.4787358,7.8965564,2.1659312,0.2045884,-0.014401351,0.14089666,-0.012581351,0.09268225,0.025421638,253.5386,254.72806,341.73425,-1.6871954,13.772204,0.46293983
4,13,10,0.0034299996,0.060575005,0.030299239,0.021320786,0.0089549795,0.08703338,0.0006542677,5.556103,-0.5960459,8.062571,2.2316456,0.17406677,0.0013085353,0.14601639,-0.015664304,0.094630755,0.026192918,253.49951,254.55031,340.8963,-1.6355996,13.77053,0.38551146
4,14,10,0.0034299996,0.06743264,0.035803072,0.022453029,0.009176537,0.0946085,0.0010443002,5.701723,-0.7144633,8.1617,2.049108,0.189217,0.0020886003,0.14984335,-0.018776353,0.095794246,0.024050474,253.5101,254.48099,340.69653,-1.3346448,13.77053,0.3931244
4,15,10,0.0034299996,0.071769156,0.03827852,0.023891442,0.009599197,0.097824484,-0.0038969421,5.881524,-0.6016119,8.347543,2.2943418,0.19564897,-0.0077938843,0.15456857,-0.015810587,0.09797549,0.026928794,253.5346,254.50757,341.00934,-1.69273,13.77053,0.39985102
4,16,10,0.0034299996,0.06154187,0.029076971,0.022370981,0.010093918,0.085259855,0.001467381,5.691296,-0.5987484,8.559948,2.4106216,0.17051971,0.002934762,0.14956932,-0.015735315,0.100468494,0.028293576,253.54541,254.65088,340.68427,-1.8118732,13.77053,0.38226184
4,17,10,0.0034299996,0.058839973,0.026633406,0.0224451,0.009761468,0.08159872,0.0023446807,5.700716,-0.6751251,8.417803,2.3030682,0.16319744,0.0046893614,0.14981689,-0.01774252,0.09880014,0.02703121,253.59859,254.8473,341.14102,-1.627943,13.768684,0.33696476
4,18,10,0.0034299996,0.06429471,0.031614244,0.022606723,0.010073743,0.088901974,-0.0012389127,5.7212043,-0.50867563,8.551389,2.4387457,0.17780395,-0.0024778254,0.15035532,-0.0133681875,0.10036804,0.028623682,253.63411,254.94032,341.62027,-1.9300702,13.768684,0.3424977
4,19,10,0.0034299996,0.058385555,0.02459749,0.02361065,0.010177414,0.078417934,0.0042861635,5.846859,-0.39392775,8.595278,2.4679391,0.15683587,0.008572327,0.15365757,-0.010352558,0.10088317,0.028966317,253.6365,255.0121,341.07208,-2.0740113,13.768684,0.3364286
4,20,10,0.0034299996,0.06804898,0.030328926,0.027397027,0.010323027,0.08707601,0.002903783,6.298257,-0.6121789,8.6565485,2.4434648,0.17415202,0.005807566,0.16552047,-0.016088283,0.1016023,0.028679056,253.6845,255.18312,341.60495,-1.8312858,13.768684,0.36456475
4,21,10,0.0034299996,0.061458282,0.023001835,0.027983876,0.010472574,0.07583178,0.00053420244,6.3653545,-0.39981866,8.719026,2.4041011,0.15166356,0.0010684049,0.16728382,-0.010507377,0.102335595,0.028217042,253.7107,255.3016,341.96957,-2.0042825,13.766712,0.3278053
4,22,10,0.0034299996,0.063135855,0.02276123,0.028954966,0.01141966,0.075434126,0.005316295,6.474858,-0.33632252,9.104746,2.394694,0.15086825,0.01063259,0.17016159,-0.00883868,0.10686281,0.028106622,253.70381,255.30426,341.3129,-2.0583715,13.766712,0.3376226
4,23,10,0.0034299996,0.06570012,0.025197877,0.029213615,0.011288628,0.079369195,0.005283876,6.503712,-0.61155146,9.05236,2.3975985,0.15873839,0.010567752,0.17091991,-0.01607179,0.106247954,0.028140727,253.75963,255.37192,341.64584,-1.786047,13.766712,0.33327773
4,24,10,0.0034299996,0.063980445,0.026653774,0.026344692,0.010981975,0.08162992,0.0011382139,6.176113,-0.39031565,8.92856,2.3887522,0.16325983,0.0022764278,0.16231048,-0.010257646,0.10479492,0.0280369,253.80388,255.40887,341.83893,-1.9984366,13.766712,0.30144885
4,25,10,0.0034299996,0.055490844,0.01972308,0.026401537,0.00936623,0.07021944,0.0070538446,6.1827726,-0.045299646,8.2456255,2.0690815,0.14043888,0.014107689,0.1624855,-0.0011904938,0.09677929,0.024284907,253.77205,255.35803,340.90433,-2.023782,13.764691,0.25814703
4,26,10,0.0034299996,0.056151785,0.020204589,0.026823817,0.009123376,0.07107142,0.0063224942,6.232022,-0.25033692,8.138024,1.8997765,0.14214285,0.0126449885,0.16377978,-0.0065789465,0.09551636,0.022297768,253.76631,255.34912,341.1714,-1.6494396,13.764691,0.26261744
4,27,10,0.0034299996,0.06047367,0.02407264,0.026682021,0.00971901,0.0775768,0.002456269,6.2155285,-0.17946401,8.399477,1.9937886,0.1551536,0.004912538,0.16334632,-0.0047163675,0.09858504,0.02340118,253.77484,255.34663,341.49985,-1.8143246,13.764691,0.24887066
4,28,10,0.0034299996,0.058135863,0.020080913,0.0276077,0.010447253,0.07085357,0.008585852,6.3224263,-0.10458282,8.708478,2.042877,0.14170714,0.017171703,0.16615565,-0.00274847,0.1022118,0.023977336,253.74104,255.25284,340.91397,-1.9382942,13.764691,0.29974943
4,29,10,0.0034299996,0.057531923,0.021132916,0.02656579,0.009833217,0.07268582,0.0077339364,6.201975,-0.3254521,8.448684,1.608368,0.14537165,0.015467873,0.16299015,-0.008553007,0.09916258,0.01887749,253.7436,255.21303,340.85898,-1.282916,13.762754,0.3007428
4,30,10,0.0034299996,0.060040515,0.022723315,0.027176391,0.010140811,0.07537127,0.0022472155,6.2728453,-0.13321678,8.579808,1.7674241,0.15074255,0.004494431,0.16485263,-0.0035009866,0.10070159,0.020744339,253.73471,255.09296,340.9982,-1.6342074,13.762754,0.25258118
4,31,10,0.0034299996,0.05780406,0.021809272,0.025629576,0.01036521,0.07383981,0.007392257,6.091712,0.04216928,8.674216,1.7871757,0.14767963,0.014784514,0.1600924,0.0011082178,0.10180967,0.020976163,253.7062,255.0382,340.5035,-1.829345,13.762754,0.2854716
4,32,10,0.0034299996,0.060960546,0.021908373,0.028443024,0.010609152,0.074007384,0.0063347206,6.417362,-0.19035201,8.775696,1.8728242,0.14801477,0.012669441,0.1686506,-0.005002523,0.10300074,0.02198143,253.73276,255.11673,341.0383,-1.6824722,13.762754,0.30186218
4,33,10,0.0034299996,0.05898036,0.019547286,0.029007822,0.010425256,0.0699058,0.0014510673,6.4807653,-0.07304783,8.699306,1.7242084,0.1398116,0.0029021346,0.17031683,-0.0019197199,0.10210414,0.020237114,253.71304,254.9869,341.13763,-1.6511605,13.760897,0.29219788
4,34,10,0.0034299996,0.06103274,0.02198937,0.028673442,0.010369927,0.074144065,0.0067246454,6.4433036,0.054994524,8.676191,1.4926728,0.14828813,0.013449291,0.16933234,0.0014452838,0.10183284,0.017519575,253.61821,254.62675,340.06003,-1.5476673,13.760897,0.32796156
4,35,10,0.0034299996,0.056824237,0.01884194,0.028134113,0.009848187,0.068632975,0.004815515,6.3824186,0.009221395,8.4551115,1.38932,0.13726595,0.00963103,0.16773227,0.00024233201,0.09923803,0.016306518,253.5728,254.3103,340.2434,-1.3985415,13.760897,0.30989283
4,36,10,0.0034299996,0.062260132,0.024724523,0.027131736,0.010403875,0.078620166,9.9049976e-5,6.267689,-0.011254359,8.69038,1.4486591,0.15724033,0.00019809995,0.16471714,-0.00029576186,0.10199939,0.017002981,253.54433,254.1667,340.33783,-1.4374048,13.760897,0.28489262
4,37,10,0.0034299996,0.05199606,0.017432509,0.024750583,0.009812964,0.066016115,0.004318016,5.9863396,-0.005204403,8.439978,0.87049925,0.13203223,0.008636032,0.15732318,-0.00013677038,0.09906041,0.010217084,253.4607,253.91264,339.44617,-0.8652949,13.759168,0.29432774
4,38,10,0.0034299996,0.05334591,0.019565785,0.024317306,0.009462817,0.069938876,0.0037854055,5.9337106,-0.2740518,8.288033,0.8482247,0.13987775,0.007570811,0.15594007,-0.0072021848,0.09727701,0.009955652,253.41594,253.65471,339.42282,-0.5741729,13.759168,0.2996856
4,39,10,0.0034299996,0.058336094,0.023450844,0.02521297,0.0096722795,0.07656834,-0.0014076156,6.041999,-0.17719361,8.379259,1.0361576,0.15313669,-0.0028152312,0.15878592,-0.004656717,0.098347746,0.012161427,253.39359,253.4987,339.58005,-0.85896397,13.759168,0.27826706
4,40,10,0.0034299996,0.05546424,0.018178718,0.026923286,0.010362238,0.06741424,0.003803948,6.2435665,-0.3612583,8.672972,0.9184549,0.13482848,0.007607896,0.16408317,-0.009493999,0.10179508,0.01077994,253.35872,253.49132,338.9706,-0.5571966,13.759168,0.2764136
4,41,10,0.0034299996,0.05340176,0.01961274,0.023822132,0.009966886,0.07002275,0.0012173279,5.8729863,-0.7019283,8.505914,0.45673287,0.1400455,0.0024346558,0.1543442,-0.018446928,0.09983429,0.0053606913,253.37978,253.52867,339.44885,0.24519545,13.757615,0.25932083
4,42,10,0.0034299996,0.059788488,0.024907872,0.024158783,0.0107218325,0.07891114,-0.0021648207,5.914338,-0.5759437,8.822176,0.8767267,0.15782228,-0.0043296413,0.15543096,-0.015136011,0.103546284,0.010290182,253.44054,253.71686,340.082,-0.30078298,13.757615,0.2679799
4,43,10,0.0034299996,0.054062635,0.017528279,0.025235552,0.011298804,0.0661972,0.0035168536,6.044705,-0.5049848,9.056438,0.9917164,0.1323944,0.007033707,0.15885702,-0.013271185,0.10629583,0.011639819,253.49934,254.09955,339.94452,-0.4867316,13.757615,0.27330095
4,44,10,0.0034299996,0.05460334,0.020388342,0.023712259,0.010502739,0.07139388,0.0020647852,5.859427,-0.7185309,8.731573,0.83134985,0.14278775,0.0041295704,0.15398785,-0.018883247,0.10248287,0.009757593,253.56787,254.33578,340.707,-0.11281896,13.757615,0.26721868
4,45,10,0.0034299996,0.054404765,0.023269856,0.021379948,0.009754961,0.0762723,-0.004033151,5.5638065,-0.4560492,8.414996,0.5287357,0.1525446,-0.008066302,0.14621884,-0.011985141,0.098767206,0.0062057995,253.57114,254.24884,340.76935,-0.07268649,13.756185,0.2577472
4,46,10,0.0034299996,0.049526963,0.017075391,0.022480529,0.00997104,0.06533642,0.0014023471,5.705214,-0.3963418,8.507686,0.35842803,0.13067284,0.0028046942,0.14993508,-0.010416001,0.099855095,0.0042068777,253.515,254.05255,339.89667,0.03791377,13.756185,0.24886791
4,47,10,0.0034299996,0.05605546,0.023716096,0.022554416,0.009784949,0.077000156,-0.00056000217,5.714582,-0.59584826,8.427921,0.2710855,0.15400031,-0.0011200043,0.15018128,-0.01565911,0.0989189,0.0031817418,253.50525,253.92357,340.07047,0.32476276,13.756185,0.25198436
4,48,10,0.0034299996,0.058277193,0.023517255,0.024695832,0.010064106,0.07667668,-0.0040087984,5.979715,-0.37278354,8.5472975,0.37496385,0.15335336,-0.008017597,0.15714908,-0.009796877,0.10032002,0.004400964,253.49515,253.8178,339.97397,-0.002180308,13.756185,0.26692322
4,49,10,0.0034299996,0.05264796,0.01961554,0.02330997,0.009722448,0.070027746,-0.0028473714,5.80951,-0.1912747,8.400963,-0.030621,0.14005549,-0.005694743,0.15267603,-0.0050267656,0.098602474,-0.00035940035,253.47069,253.7984,339.22116,0.2218957,13.754865,0.25151372
4,50,10,0.0034299996,0.05102499,0.019960454,0.021312153,0.009752382,0.070640735,-0.0045034,5.5549784,-0.47448608,8.413884,0.035449713,0.14128147,-0.0090068,0.14598683,-0.0124696605,0.098754145,0.00041607412,253.50471,253.93011,339.74026,0.43903637,13.754865,0.24300446
4,51,10,0.0034299996,0.054579247,0.022745926,0.022369212,0.009464112,0.075408764,-0.0069444445,5.69107,-0.42065445,8.288599,0.1903067,0.15081753,-0.013888889,0.1495634,-0.0110549545,0.09728367,0.0022336354,253.5058,253.94894,339.9286,0.23034775,13.754865,0.2531693
4,52,10,0.0034299996,0.05134307,0.01858343,0.023038479,0.009721159,0.06816053,-0.0023506975,5.77558,-0.36535147,8.400406,0.059758965,0.13632105,-0.004701395,0.15178432,-0.009601572,0.09859594,0.0007014022,253.44827,253.79436,339.298,0.3055925,13.754865,0.2500141
4,53,10,0.0034299996,0.047653638,0.02007411,0.018127149,0.009452379,0.070841566,-0.0065231216,5.123107,-0.54315704,8.283461,-0.14704078,0.14168313,-0.013046243,0.1346371,-0.0142743625,0.09722335,-0.0017258278,253.43004,253.59494,339.58215,0.6901978,13.753641,0.21885309
4,54,10,0.0034299996,0.053276476,0.024546808,0.019519212,0.009210455,0.0783371,-0.009238852,5.3161817,-0.36141846,8.176769,0.048251837,0.1566742,-0.018477704,0.13971117,-0.009498202,0.095971115,0.0005663356,253.41919,253.49799,339.55103,0.31316662,13.753641,0.24652901
4,55,10,0.0034299996,0.04897753,0.019771572,0.019980565,0.009225396,0.07030571,-0.0046557714,5.3786407,-0.27441302,8.183399,-0.2331203,0.14061143,-0.009311543,0.14135262,-0.0072116777,0.09604893,-0.0027361421,253.37311,253.35364,338.80707,0.5075333,13.753641,0.2331939
4,56,10,0.0034299996,0.049802665,0.020504272,0.020207267,0.009091128,0.07159656,-0.0061296006,5.4090676,-0.45674238,8.12363,-0.15302138,0.14319313,-0.012259201,0.14215226,-0.012003357,0.095347404,-0.0017960216,253.40738,253.51299,339.35953,0.60976374,13.753641,0.22332893
4,57,10,0.0034299996,0.052981548,0.0254815,0.019427413,0.008072639,0.07981463,-0.011054475,5.303666,-0.29036707,7.6550665,-0.12039108,0.15962926,-0.02210895,0.13938226,-0.007630952,0.08984786,-0.0014130377,253.42792,253.65424,339.58878,0.41075814,13.752464,0.25333562
4,58,10,0.0034299996,0.045130264,0.01747863,0.019732637,0.007918995,0.066103384,-0.0068098917,5.3451667,-0.21106882,7.5818686,-0.42809537,0.13220677,-0.013619783,0.1404729,-0.005546965,0.088988736,-0.005024574,253.3808,253.51529,338.9925,0.6391642,13.752464,0.2374823
4,59,10,0.0034299996,0.045045942,0.018579591,0.018476171,0.007990183,0.068153486,-0.008228468,5.1721926,-0.50175214,7.615871,-0.313417,0.13630697,-0.016456936,0.13592708,-0.013186226,0.08938783,-0.0036785898,253.38176,253.42491,339.37875,0.8151691,13.752464,0.22575665
4,60,10,0.0034299996,0.052977677,0.02509537,0.020010667,0.007871638,0.07920759,-0.0113700135,5.382691,-0.31986752,7.559164,-0.31288302,0.15841518,-0.022740027,0.14145906,-0.008406232,0.08872225,-0.0036723174,253.38916,253.42996,339.32678,0.6327505,13.752464,0.25847453
4,61,10,0.0034299996,0.046857,0.019567499,0.019969532,0.0073199696,0.06994194,-0.0067805466,5.3771563,-0.06876498,7.2894683,-0.3232513,0.13988388,-0.013561093,0.1413136,-0.001807168,0.08555682,-0.0037940138,253.3693,253.45932,338.884,0.3920163,13.751375,0.24416721
4,62,10,0.0034299996,0.043301463,0.018837878,0.017225368,0.0072382158,0.06862558,-0.0086176,4.9940505,-0.47580233,7.248647,-0.265134,0.13725115,-0.0172352,0.13124545,-0.012504257,0.0850777,-0.003111894,253.37515,253.4416,339.34308,0.74093634,13.751375,0.23124003
4,63,10,0.0034299996,0.04976702,0.024384176,0.018504571,0.006878276,0.07807717,-0.011630092,5.1761656,-0.30907834,7.06612,-0.2277906,0.15615433,-0.023260184,0.13603151,-0.008122689,0.08293537,-0.0026735899,253.3758,253.43346,339.46188,0.53686893,13.751375,0.27076936
4,64,10,0.0034299996,0.051440686,0.02150999,0.022426836,0.00750386,0.07333142,-0.0075304816,5.6983967,-0.14434952,7.3804626,-0.47900903,0.14666285,-0.015060963,0.14975592,-0.0037935588,0.08662482,-0.005622151,253.31828,253.2511,338.67038,0.62335855,13.751375,0.27470976
4,65,10,0.0034299996,0.04553417,0.021072565,0.017216591,0.0072450163,0.07258196,-0.0076828077,4.9927783,-0.027244683,7.252053,-0.30399942,0.14516392,-0.0153656155,0.13121201,-0.0007160002,0.08511766,-0.0035680532,253.29788,253.01346,338.7485,0.3312441,13.750271,0.25264835
4,66,10,0.0034299996,0.045620598,0.02186112,0.017282791,0.006476684,0.07392753,-0.010826515,5.002368,0.3431879,6.8567376,-0.05532124,0.14785506,-0.02165303,0.13146403,0.009019102,0.08047785,-0.00064930954,253.31404,253.01866,338.86795,-0.28786665,13.750271,0.26322165
4,67,10,0.0034299996,0.04541911,0.020351898,0.018714156,0.0063530593,0.07133004,-0.0058136815,5.205396,0.39766023,6.790983,-0.1519896,0.14266008,-0.011627363,0.1367997,0.010450656,0.07970608,-0.0017839086,253.33548,253.20435,338.6031,-0.24567063,13.750271,0.24964833
4,68,10,0.0034299996,0.045187917,0.020562226,0.01796063,0.006665061,0.071697675,-0.008825035,5.0995216,0.10850564,6.955739,-0.21912248,0.14339535,-0.01765007,0.13401727,0.0028515682,0.08163983,-0.00257185,253.38806,253.44002,339.19894,0.11061685,13.750271,0.2529932
4,69,10,0.0034299996,0.049416594,0.023803705,0.019496385,0.0061165015,0.077142246,-0.009935604,5.313072,0.33340392,6.663352,-0.086254194,0.15428449,-0.019871209,0.13962945,0.008761976,0.07820807,-0.0010123695,253.37386,253.37582,339.18173,-0.24714972,13.7491,0.2539266
4,70,10,0.0034299996,0.046054453,0.01993129,0.01983587,0.006287292,0.07058911,-0.006479109,5.3591304,0.6055611,6.7557416,-0.22431642,0.14117822,-0.012958218,0.14083987,0.015914366,0.07929245,-0.002632811,253.32465,253.1013,338.26642,-0.38124466,13.7491,0.26017258
4,71,10,0.0034299996,0.043256447,0.018963417,0.01827096,0.00602207,0.06885386,-0.0066194385,5.143389,0.42674872,6.611715,-0.12200986,0.13770773,-0.013238877,0.13517012,0.01121511,0.077602,-0.0014320351,253.33223,253.04707,338.67648,-0.30473888,13.7491,0.24895947
4,72,10,0.0034299996,0.046457723,0.022816868,0.01796937,0.005671486,0.07552627,-0.00992645,5.1007614,0.51697487,6.4163737,0.13989171,0.15105253,-0.0198529,0.13404988,0.013586287,0.07530927,0.0016419152,253.34895,253.08444,338.87903,-0.65686655,13.7491,0.27159688
4,73,10,0.0034299996,0.04370119,0.016978513,0.021146335,0.0055763437,0.06515081,-0.0044619553,5.5333257,0.8077559,6.3623266,0.0371092,0.13030162,-0.008923911,0.1454178,0.021228116,0.07467492,0.0004355516,253.31187,253.0241,338.378,-0.8448651,13.747825,0.24957961
4,74,10,0.0034299996,0.039848976,0.016779376,0.017316412,0.005753191,0.064767614,-0.003973138,5.007231,0.44778427,6.4624267,0.08464127,0.12953523,-0.007946276,0.13159184,0.011767934,0.075849794,0.0009934402,253.24857,252.60776,338.31052,-0.5324255,13.747825,0.22603518
4,75,10,0.0034299996,0.044125997,0.019721473,0.018778669,0.0056258542,0.07021658,-0.0069131297,5.2143607,0.5701012,6.390509,0.21566333,0.14043316,-0.013826259,0.13703528,0.0149824675,0.075005695,0.00253125,253.19397,252.32428,338.00406,-0.7857645,13.747825,0.26863718
4,76,10,0.0034299996,0.045870166,0.018530838,0.021278426,0.0060609006,0.06806401,-0.0023215406,5.550581,0.7854825,6.6329975,-0.20525183,0.13612802,-0.004643081,0.14587127,0.020642765,0.07785179,-0.00240905,253.14731,252.21457,337.2181,-0.5802307,13.747825,0.27054328
4,77,10,0.0034299996,0.04284216,0.01738569,0.01927977,0.0061767003,0.0659274,-0.0001361635,5.2834744,0.6222824,6.696062,0.033290014,0.1318548,-0.000272327,0.13885161,0.016353806,0.07859199,0.00039072605,253.13629,252.13431,337.3376,-0.6555724,13.746361,0.19645625
4,78,10,0.0034299996,0.04613804,0.018329153,0.0218287,0.005980186,0.0676926,-0.003800396,5.621893,0.73249865,6.5886817,0.37966567,0.1353852,-0.007600792,0.14774539,0.019250331,0.07733166,0.0044561536,253.10219,251.9268,337.3768,-1.1121643,13.746361,0.22379181
4,79,10,0.0034299996,0.045092415,0.016510535,0.02267581,0.005906071,0.06424666,-0.00047572498,5.7299395,0.7740842,6.5477266,0.13666934,0.12849332,-0.00095144997,0.15058489,0.020343212,0.076850966,0.0016040946,253.05536,251.70483,336.6258,-0.91075355,13.746361,0.23213509
4,80,10,0.0034299996,0.038218193,0.016724972,0.015632465,0.0058607548,0.06466253,-0.0010026448,4.7575397,0.4143084,6.5225587,0.20821232,0.12932506,-0.0020052895,0.12502986,0.010888178,0.076555565,0.0024437974,253.07004,251.69624,337.1026,-0.6225207,13.746361,0.18674253
4,81,10,0.0034299996,0.033535227,0.012759809,0.015110434,0.0056649838,0.056479663,-0.00014526333,4.6774287,0.73291695,6.412694,0.44824445,0.112959325,-0.00029052666,0.12292451,0.019261325,0.075266086,0.005261066,253.08195,251.80724,337.41415,-1.1811614,13.7447,0.12700456
4,82,10,0.0034299996,0.039898567,0.014255656,0.020036113,0.0056067985,0.059698526,0.0032301997,5.386112,0.63971335,6.3796773,0.046128552,0.11939705,0.0064603994,0.14154898,0.016811898,0.07487856,0.00054141384,253.03212,251.68555,336.6936,-0.6858419,13.7447,0.15879796
4,83,10,0.0034299996,0.038190715,0.01391437,0.018850034,0.0054263105,0.058979593,0.0023137147,5.2242594,0.49371216,6.2761536,0.122696385,0.11795919,0.0046274294,0.13729542,0.012974934,0.073663495,0.0014400926,252.99156,251.4143,336.81656,-0.6164085,13.7447,0.14802285
4,84,10,0.0034299996,0.037708454,0.014474894,0.018032517,0.005201041,0.060155828,0.00037703896,5.109717,0.656346,6.1444974,0.2770568,0.120311655,0.0007540779,0.13428521,0.017249009,0.072118245,0.0032518287,252.8995,250.97694,336.49014,-0.93340284,13.7447,0.15933388
4,85,10,0.0034299996,0.035260487,0.012404052,0.0175517,0.005304735,0.05568674,0.006343519,5.041134,0.7813527,6.205447,-0.037859157,0.11137348,0.012687038,0.13248283,0.020534234,0.07283361,-0.00044435263,252.76865,250.54128,335.18726,-0.74349356,13.742852,0.13473518
4,86,10,0.0034299996,0.035568263,0.013684214,0.016323127,0.005560923,0.058489773,0.0048301625,4.8615007,0.49624804,6.3535237,0.05881982,0.11697955,0.009660325,0.12776199,0.013041577,0.074571595,0.0006903693,252.69907,250.18419,335.04507,-0.55506784,13.742852,0.124851525
4,87,10,0.0034299996,0.038311623,0.013732751,0.019160539,0.0054183323,0.05859341,0.0036212127,5.267112,0.47061855,6.271538,0.19022955,0.11718682,0.0072424253,0.1384216,0.012368022,0.07360932,0.002232734,252.70384,250.1816,335.0613,-0.6608481,13.742852,0.12417303
4,88,10,0.0034299996,0.04224223,0.013346573,0.023168368,0.005727287,0.057763685,0.0070812246,5.791838,0.53091633,6.4478617,-0.019107087,0.11552737,0.014162449,0.15221159,0.013952671,0.07567884,-0.00022426217,252.73149,250.37619,334.8249,-0.51180923,13.742852,0.14608876
4,89,10,0.0034299996,0.039845996,0.014974825,0.018334972,0.0065362016,0.061185833,0.009443114,5.1523905,0.5194622,6.8881717,0.11367617,0.122371666,0.018886227,0.13540669,0.013651654,0.08084678,0.0013342211,252.73999,250.32988,335.25055,-0.6331384,13.740838,0.19186105
4,90,10,0.0034299996,0.039661422,0.015950458,0.017247373,0.006463592,0.06314756,0.0072669825,4.997239,0.6972744,6.8498034,0.2684122,0.12629512,0.014533965,0.13132925,0.018324625,0.080396466,0.0031503679,252.71497,250.2049,335.29205,-0.96568656,13.740838,0.16696607
4,91,10,0.0034299996,0.043145496,0.016906349,0.019383473,0.006855675,0.06501221,0.010524864,5.297665,0.838446,7.054501,-0.06524766,0.13002442,0.021049729,0.13922454,0.022034667,0.082799,-0.0007658131,252.69395,250.1883,334.52686,-0.77319837,13.740838,0.20537728
4,92,10,0.0034299996,0.04425398,0.018700333,0.018049927,0.0075037167,0.06837458,0.0106886495,5.112183,0.57549167,7.3803926,-0.0755166,0.13674916,0.021377299,0.13435002,0.015124128,0.086624,-0.0008863409,252.71556,250.22035,334.79678,-0.4999751,13.740838,0.21980561
4,93,10,0.0034299996,0.045431238,0.019437259,0.018528871,0.007465106,0.06970879,0.0100158835,5.179564,0.69429433,7.3613796,-0.08148224,0.13941757,0.020031767,0.1361208,0.018246306,0.086400844,-0.00095636136,252.74521,250.35379,335.02264,-0.6128121,13.738692,0.20046869
4,94,10,0.0034299996,0.048761178,0.018657668,0.022574535,0.007528977,0.06829654,0.01251645,5.7171307,0.5934376,7.3928046,-0.31902882,0.13659307,0.0250329,0.15024824,0.015595757,0.08676968,-0.0037444602,252.74428,250.4718,334.62985,-0.2744088,13.738692,0.23556373
4,95,10,0.0034299996,0.047194324,0.017273406,0.02187664,0.008044278,0.065714166,0.012378067,5.628064,0.33311895,7.6416087,-0.20984086,0.13142833,0.024756134,0.14790754,0.008754486,0.0896899,-0.0024629151,252.71184,250.2648,334.81076,-0.12327808,13.738692,0.270938
4,96,10,0.0034299996,0.049534954,0.018193576,0.023160994,0.008180383,0.067441784,0.011667374,5.7909164,0.3327728,7.705982,0.11172886,0.13488357,0.023334747,0.15218736,0.00874539,0.09044547,0.0013113612,252.68028,250.10844,334.73602,-0.44450164,13.738692,0.25734308
4,97,10,0.0034299996,0.05274435,0.019241057,0.025095696,0.0084076,0.06935607,0.014519843,6.0279317,0.19381969,7.8122697,-0.51475996,0.13871214,0.029039687,0.15841621,0.0050936514,0.09169297,-0.006041764,252.62689,249.90363,334.02774,0.32094026,13.736414,0.3113993
4,98,10,0.0034299996,0.05020465,0.020805983,0.020656832,0.008741835,0.0721214,0.013603181,5.468907,0.074933514,7.9660406,-0.5182524,0.1442428,0.027206361,0.14372484,0.001969279,0.09349778,-0.0060827527,252.61636,249.7551,334.33917,0.44331884,13.736414,0.35422537
4,99,10,0.0034299996,0.046188492,0.018489944,0.0194739,0.008224648,0.067988865,0.012044844,5.3100076,0.31928185,7.7268043,-0.34212586,0.13597773,0.024089688,0.13954891,0.008390843,0.090689845,-0.004015546,252.60614,249.70482,334.2185,0.022844017,13.736414,0.34962875
4,100,10,0.0034299996,0.048868556,0.019445553,0.021472273,0.007950727,0.06972366,0.014828156,5.5758057,0.4485541,7.597044,-0.64367473,0.13944732,0.029656311,0.1465342,0.0117881615,0.08916685,-0.0075548347,252.57864,249.6804,333.70425,0.19512063,13.736414,0.38499904
5,1,10,0.0024009997,0.06502608,0.022812827,0.030660009,0.011553247,0.07551958,0.01692516,6.6627703,0.26515555,9.157845,-1.2484001,0.15103915,0.03385032,0.1751,0.0069683837,0.10748603,-0.014652528,251.79225,247.13428,331.02225,0.98324454,13.734061,0.25432706
5,2,10,0.0024009997,0.05989804,0.020915251,0.028063815,0.010918976,0.07231053,0.017388811,6.3744397,0.37385103,8.902914,-1.1695324,0.14462106,0.034777623,0.16752258,0.009824942,0.1044939,-0.013726858,251.75908,246.9427,331.31897,0.79568136,13.734061,0.2602311
5,3,10,0.0024009997,0.059348173,0.019700486,0.02894658,0.010701104,0.07017921,0.016085017,6.4739194,0.5168249,8.813644,-0.9310661,0.14035842,0.032170035,0.17013694,0.01358234,0.10344614,-0.010927966,251.74258,246.90105,331.53378,0.4142412,13.734061,0.25798944
5,4,10,0.0024009997,0.06501589,0.022870295,0.03132833,0.0108172605,0.07561464,0.018639525,6.7349954,0.6770311,8.861349,-1.1859734,0.15122928,0.03727905,0.17699811,0.017792623,0.10400606,-0.013919823,251.70493,246.84943,330.79245,0.5089423,13.734061,0.291006
5,5,10,0.0024009997,0.056402124,0.021718297,0.024666645,0.010017181,0.073685646,0.015958518,5.976181,0.58644044,8.527348,-1.3626453,0.14737129,0.031917036,0.15705618,0.015411863,0.10008587,-0.015993433,251.69133,246.74696,330.9156,0.7762048,13.732444,0.23003705
5,6,10,0.0024009997,0.055502363,0.017538728,0.026870368,0.011093267,0.06621693,0.013241336,6.2374268,0.72343546,8.973687,-1.3686785,0.13243386,0.026482671,0.16392183,0.019012146,0.10532458,-0.016064236,251.64192,246.54305,330.90588,0.645243,13.732444,0.21280296
5,7,10,0.0024009997,0.061092734,0.02125536,0.028115492,0.011721877,0.07289609,0.01485714,6.3803062,0.97041416,9.224434,-1.7709652,0.14579219,0.02971428,0.16767675,0.02550284,0.10826762,-0.02078589,251.56093,246.29317,330.0168,0.80055106,13.732444,0.2663649
5,8,10,0.0024009997,0.06189193,0.021177758,0.028901637,0.011812535,0.0727629,0.01636821,6.4688916,0.6748083,9.260038,-1.768058,0.1455258,0.03273642,0.17000481,0.01773421,0.108685486,-0.020751778,251.5047,246.07664,330.0294,1.0932496,13.732444,0.30489454
5,9,10,0.0024009997,0.06562937,0.021342358,0.03210491,0.0121821,0.07304512,0.011811687,6.817959,0.4581661,9.403775,-1.8736011,0.14609024,0.023623373,0.17917843,0.012040772,0.11037255,-0.021990545,251.48561,245.92314,329.93835,1.415435,13.730874,0.37377426
5,10,10,0.0024009997,0.06834048,0.02360514,0.032275032,0.0124603035,0.07681982,0.015052322,6.8359995,0.4766785,9.510548,-2.0599227,0.15363964,0.030104645,0.17965253,0.012527281,0.11162573,-0.024177413,251.5191,246.13977,329.3698,1.5832442,13.730874,0.39021677
5,11,10,0.0024009997,0.066500835,0.024764234,0.029484764,0.012251842,0.07868328,0.013786624,6.533825,0.261963,9.4306555,-1.9152467,0.15736656,0.027573248,0.17171128,0.00688448,0.11068804,-0.022479331,251.59927,246.48956,330.06854,1.6532837,13.730874,0.3467099
5,12,10,0.0024009997,0.063053034,0.02055089,0.030748269,0.011753875,0.07167791,0.011350088,6.6723537,0.24364671,9.237018,-1.6669077,0.14335582,0.022700176,0.17535184,0.0064031295,0.10841529,-0.019564573,251.63538,246.55057,330.52826,1.4232609,13.730874,0.32820857
5,13,10,0.0024009997,0.06476079,0.02120477,0.032807093,0.010748925,0.07280929,0.011107518,6.8921146,0.09655315,8.833314,-1.775335,0.14561857,0.022215037,0.18112728,0.0025374528,0.10367702,-0.020837184,251.63364,246.48242,330.2674,1.6787817,13.729393,0.26216516
5,14,10,0.0024009997,0.056425877,0.018053668,0.027881688,0.010490521,0.06718197,0.010721403,6.3537216,0.06994806,8.726493,-1.719302,0.13436393,0.021442806,0.1669781,0.0018382566,0.10242324,-0.020179521,251.67021,246.6368,331.0481,1.649354,13.729393,0.22098944
5,15,10,0.0024009997,0.052242607,0.015369005,0.026530594,0.01034301,0.061985895,0.009237483,6.197866,0.19106108,8.664923,-1.5118746,0.12397179,0.018474966,0.16288215,0.005021152,0.10170059,-0.017744942,251.64084,246.54851,331.04697,1.3208134,13.729393,0.22015014
5,16,10,0.0024009997,0.057117812,0.017812137,0.028974824,0.01033085,0.06673106,0.011401015,6.4770765,0.075723976,8.659827,-1.6273708,0.13346212,0.02280203,0.17021993,0.0019900487,0.10164079,-0.019100524,251.5402,246.12802,330.41318,1.5516468,13.729393,0.23149821
5,17,10,0.0024009997,0.05359504,0.016530111,0.026968675,0.010096257,0.06428474,0.008948174,6.2488265,-0.16305712,8.560939,-1.7103783,0.12856948,0.017896349,0.16422142,-0.0042852005,0.10048013,-0.020074794,251.46638,245.72972,330.4116,1.8734354,13.727974,0.19898684
5,18,10,0.0024009997,0.05551476,0.01714711,0.027770106,0.010597544,0.06547349,0.007889584,6.340996,-0.15597928,8.770893,-1.7080368,0.13094698,0.015779167,0.16664365,-0.004099196,0.102944374,-0.020047314,251.41164,245.57848,330.36392,1.864016,13.727974,0.20112585
5,19,10,0.0024009997,0.060705394,0.018370911,0.031042172,0.01129231,0.06776967,0.010941755,6.7041655,-0.17240119,9.053836,-2.0657842,0.13553934,0.02188351,0.17618789,-0.00453076,0.106265284,-0.024246197,251.37953,245.61047,329.77557,2.2381854,13.727974,0.20287222
5,20,10,0.0024009997,0.054900825,0.016342627,0.027794426,0.010763773,0.06391914,0.010111743,6.3437715,-0.18498653,8.839415,-2.0440843,0.12783828,0.020223485,0.1667166,-0.0048615113,0.103748605,-0.023991503,251.40599,245.63582,330.33408,2.229071,13.727974,0.19614851
5,21,10,0.0024009997,0.052709803,0.017585557,0.025690783,0.009433462,0.06630527,0.007847312,6.098982,-0.24987555,8.2751665,-1.9568615,0.13261054,0.015694624,0.16028345,-0.0065668183,0.097126015,-0.022967774,251.43452,245.72723,330.59042,2.206737,13.72663,0.19755593
5,22,10,0.0024009997,0.054118544,0.016689986,0.02703489,0.010393668,0.064594865,0.010271192,6.256493,-0.12166649,8.686115,-2.3100922,0.12918973,0.020542383,0.1644229,-0.0031974388,0.10194934,-0.027113661,251.40483,245.75423,329.7567,2.4317586,13.72663,0.21067457
5,23,10,0.0024009997,0.052683838,0.016068606,0.026107224,0.010508009,0.063381,0.008521965,6.148215,-0.3643963,8.733764,-2.1822462,0.126762,0.01704393,0.1615773,-0.009576468,0.10250858,-0.02561312,251.36014,245.60951,329.97037,2.5466425,13.72663,0.19613086
5,24,10,0.0024009997,0.053991683,0.016118186,0.027630756,0.010242742,0.06347871,0.0062212353,6.325066,-0.24915338,8.62282,-2.0103729,0.12695742,0.0124424705,0.16622502,-0.006547839,0.10120643,-0.02359584,251.33353,245.47044,330.20444,2.2595263,13.72663,0.21580529
5,25,10,0.0024009997,0.055019256,0.015748745,0.02933378,0.00993673,0.062747,0.009705605,6.517075,-0.49648353,8.493035,-2.1169422,0.125494,0.01941121,0.17127107,-0.013047768,0.09968315,-0.024846645,251.32765,245.54231,329.63205,2.6134257,13.72536,0.22512951
5,26,10,0.0024009997,0.053319167,0.015764682,0.026823163,0.010731321,0.06277874,0.0091452515,6.2319455,-0.618906,8.826079,-2.0950484,0.12555748,0.018290503,0.16377778,-0.01626507,0.10359209,-0.024589688,251.38861,245.82307,330.25168,2.7139544,13.72536,0.20192713
5,27,10,0.0024009997,0.05640002,0.018745415,0.026874276,0.010780331,0.06845695,0.0071293586,6.2378807,-0.46556762,8.8462105,-2.0843408,0.1369139,0.014258717,0.16393375,-0.012235283,0.10382837,-0.024463993,251.45064,246.14117,330.5724,2.5499084,13.72536,0.22287025
5,28,10,0.0024009997,0.061981395,0.019753926,0.030646704,0.011580764,0.07027433,0.009358639,6.661324,-0.27422935,9.168742,-2.3114972,0.14054866,0.018717278,0.175062,-0.00720684,0.10761396,-0.02713015,251.47968,246.25107,330.00522,2.5857265,13.72536,0.24719088
5,29,10,0.0024009997,0.05510753,0.019465,0.025588809,0.010053721,0.06975851,0.0068044113,6.0868654,-0.3445628,8.542886,-1.8614117,0.13951702,0.013608823,0.15996502,-0.009055234,0.100268245,-0.021847472,251.53441,246.37129,331.08508,2.2059746,13.724121,0.24855265
5,30,10,0.0024009997,0.052825604,0.015685165,0.02717338,0.009967059,0.062620215,0.0049362276,6.272497,-0.36319795,8.505986,-1.7128196,0.12524043,0.009872455,0.1648435,-0.009544977,0.09983516,-0.020103442,251.54999,246.454,331.44815,2.0760176,13.724121,0.26302382
5,31,10,0.0024009997,0.052537054,0.015896762,0.027010947,0.009629346,0.06304118,0.008160395,6.2537217,-0.61495477,8.360642,-1.9541705,0.12608236,0.01632079,0.16435008,-0.016161237,0.098129235,-0.022936186,251.49928,246.3619,330.7008,2.5691252,13.724121,0.29197013
5,32,10,0.0024009997,0.05221218,0.017530736,0.025200943,0.009480501,0.06620184,0.0079037985,6.0405574,-0.59049785,8.295773,-1.8610629,0.13240369,0.015807597,0.15874805,-0.015518489,0.09736786,-0.021843381,251.4845,246.22778,330.94586,2.4515607,13.724121,0.3197444
5,33,10,0.0024009997,0.049593627,0.016112851,0.024040496,0.00944028,0.0634682,0.0025121092,5.8998423,-0.58206326,8.278156,-1.7662574,0.1269364,0.0050242185,0.15504998,-0.015296825,0.0971611,-0.020730643,251.44579,246.07808,330.7138,2.3483207,13.722806,0.25463355
5,34,10,0.0024009997,0.052099332,0.015792364,0.026592348,0.009714616,0.06283384,0.006703079,6.2050743,-0.6262959,8.397578,-1.8544105,0.12566768,0.013406158,0.1630716,-0.01645929,0.098562755,-0.0217653,251.41235,245.98062,330.00757,2.4807065,13.722806,0.25981662
5,35,10,0.0024009997,0.05038533,0.0163017,0.024524806,0.009558822,0.063839056,0.0055035986,5.9589734,-0.6783911,8.329968,-1.4133073,0.12767811,0.011007197,0.15660398,-0.017828366,0.09776923,-0.016588055,251.47116,246.07416,330.7594,2.0916984,13.722806,0.27081954
5,36,10,0.0024009997,0.053492583,0.016538132,0.027313197,0.009641254,0.064300336,0.0024231735,6.288614,-0.5033575,8.36581,-1.309212,0.12860067,0.004846347,0.16526705,-0.013228421,0.09818989,-0.015366282,251.56937,246.53003,331.1655,1.8125695,13.722806,0.25066265
5,37,10,0.0024009997,0.053968724,0.016707756,0.0272101,0.010050866,0.06462924,0.0059553795,6.2767344,-0.46186242,8.541673,-1.3689619,0.12925848,0.011910759,0.16495484,-0.012137907,0.10025401,-0.016067578,251.64398,246.86517,331.07275,1.8308244,13.721426,0.22270675
5,38,10,0.0024009997,0.055656884,0.018687421,0.026799051,0.01017041,0.06835097,0.0048181205,6.2291446,-0.6265135,8.5923195,-1.1671443,0.13670194,0.009636241,0.16370416,-0.016464999,0.10084845,-0.013698825,251.72675,247.04567,331.83716,1.7936578,13.721426,0.25375074
5,39,10,0.0024009997,0.05922294,0.019410819,0.029390404,0.0104217185,0.06966136,0.00068712264,6.5233617,-0.50299484,8.69783,-1.0240898,0.13932271,0.0013742453,0.1714363,-0.013218889,0.10208682,-0.012019788,251.79376,247.30688,332.45044,1.5270846,13.721426,0.2663361
5,40,10,0.0024009997,0.05306598,0.01573897,0.027197,0.010130015,0.062727526,0.0056685233,6.275223,-0.44340676,8.57524,-1.3295534,0.12545505,0.0113370465,0.16491513,-0.011652879,0.10064798,-0.015605026,251.73438,247.15182,331.89792,1.7729602,13.721426,0.28328282
5,41,10,0.0024009997,0.046059176,0.016542207,0.020009823,0.009507146,0.064308256,0.002336706,5.3825774,-0.63749045,8.307423,-0.9712999,0.12861651,0.004673412,0.14145608,-0.016753478,0.09750459,-0.011400188,251.65132,246.76825,331.99323,1.6087904,13.719954,0.29166368
5,42,10,0.0024009997,0.048541296,0.018082216,0.02125949,0.0091995895,0.06723507,-3.3100896e-5,5.54811,-0.47903773,8.171945,-0.79109675,0.13447013,-6.620179e-5,0.14580634,-0.01258929,0.09591449,-0.009285141,251.57446,246.36827,331.91312,1.2701344,13.719954,0.28869483
5,43,10,0.0024009997,0.048107967,0.016026095,0.022747518,0.009334354,0.06329711,0.003538066,5.738992,-0.48192874,8.231583,-1.0256681,0.12659422,0.007076132,0.1508228,-0.012665264,0.09661446,-0.012038305,251.5279,246.24542,331.044,1.5075969,13.719954,0.29188445
5,44,10,0.0024009997,0.05003096,0.018461457,0.022005314,0.009564193,0.06793647,0.002595551,5.6445904,-0.68720096,8.332309,-1.1067339,0.13587295,0.005191102,0.14834188,-0.018059885,0.09779669,-0.012989788,251.53584,246.28555,331.40582,1.7939348,13.719954,0.29368582
5,45,10,0.0024009997,0.046816453,0.017897611,0.01990681,0.009012031,0.06689098,-0.00223315,5.368705,-0.65508395,8.088213,-0.9492528,0.13378195,-0.0044663,0.1410915,-0.017215839,0.09493172,-0.011141423,251.54352,246.4345,331.51242,1.6043367,13.718422,0.20180959
5,46,10,0.0024009997,0.047044776,0.014760458,0.023939572,0.008344745,0.060746312,0.00089404883,5.8874454,-0.54225755,7.783014,-1.1528268,0.121492624,0.0017880977,0.15472418,-0.014250724,0.09134958,-0.01353078,251.5222,246.38126,330.86008,1.6950843,13.718422,0.20771538
5,47,10,0.0024009997,0.048242424,0.015942357,0.02431276,0.007987306,0.063131526,0.0008238073,5.9331565,-0.79601175,7.6145005,-0.89378124,0.12626305,0.0016476146,0.1559255,-0.020919478,0.08937173,-0.01049035,251.58131,246.50244,331.64853,1.689793,13.718422,0.22754209
5,48,10,0.0024009997,0.054795057,0.022166183,0.023942644,0.00868623,0.07444156,-0.0033818996,5.8878226,-0.500207,7.9406652,-0.7449473,0.14888312,-0.006763799,0.1547341,-0.013145618,0.093199946,-0.008743481,251.70995,247.04236,332.5225,1.2451544,13.718422,0.23339324
5,49,10,0.0024009997,0.04695858,0.013665413,0.02443034,0.008862825,0.058449578,-0.00056057115,5.9474864,-0.5170038,8.020978,-0.7402558,0.116899155,-0.0011211423,0.15630208,-0.013587048,0.09414258,-0.00868842,251.81282,247.53104,332.37186,1.2572596,13.716899,0.18504287
5,50,10,0.0024009997,0.04730398,0.014081417,0.025128415,0.008094148,0.059332572,-0.00055185636,6.031859,-0.7762175,7.665258,-0.5557047,0.118665144,-0.0011037127,0.15851945,-0.020399276,0.08996748,-0.0065223356,251.93916,247.92091,333.15952,1.3319223,13.716899,0.2225007
5,51,10,0.0024009997,0.05057933,0.018235499,0.024579003,0.0077648307,0.06751944,-0.0036784962,5.9655538,-0.7715286,7.5077047,-0.50575465,0.13503888,-0.0073569925,0.15677692,-0.020276045,0.08811828,-0.005936067,252.03703,248.21664,333.78412,1.2772832,13.716899,0.22874622
5,52,10,0.0024009997,0.044385865,0.013059156,0.02363081,0.0076958975,0.05713833,-0.0006026503,5.849355,-0.8168358,7.4743056,-0.6552189,0.11427666,-0.0012053006,0.15372317,-0.02146674,0.087726265,-0.0076903333,252.05531,248.42133,333.40594,1.4720547,13.716899,0.21577013
5,53,10,0.0024009997,0.0428078,0.01412398,0.021400329,0.007283489,0.059422176,-0.0027554673,5.5664573,-0.45622486,7.2712817,-0.58354163,0.11884435,-0.0055109346,0.14628851,-0.011989749,0.08534336,-0.0068490594,252.10768,248.68785,334.15237,1.0397666,13.7154255,0.19768049
5,54,10,0.0024009997,0.047811598,0.017228615,0.023361074,0.007221906,0.06562891,-0.005636528,5.8158746,-0.3255196,7.240476,-0.47791252,0.13125782,-0.011273056,0.1528433,-0.008554778,0.0849818,-0.0056092846,252.13632,248.85602,334.72943,0.8034321,13.7154255,0.2205546
5,55,10,0.0024009997,0.04324686,0.01306023,0.023322152,0.0068644797,0.057140682,-0.0015645073,5.8110285,-0.34850973,7.059029,-0.67972726,0.114281364,-0.0031290145,0.15271592,-0.009158965,0.082852155,-0.007977984,252.10643,248.86559,334.0152,1.028237,13.7154255,0.19141784
5,56,10,0.0024009997,0.041181725,0.013837366,0.020813111,0.0065312465,0.05881617,-0.0028604902,5.489556,-0.46403903,6.8855596,-0.6257231,0.11763234,-0.0057209805,0.1442675,-0.012195115,0.08081613,-0.007344141,252.11577,248.83682,334.48358,1.0897622,13.7154255,0.20471302
5,57,10,0.0024009997,0.0439379,0.01880235,0.01879582,0.006339727,0.06856083,-0.006910018,5.216742,-0.065358095,6.7838545,-0.2887682,0.13712166,-0.013820036,0.13709785,-0.0017176325,0.0796224,-0.0033892833,252.13434,248.82805,334.92322,0.3541263,13.713991,0.222157
5,58,10,0.0024009997,0.039958593,0.012244483,0.021214256,0.0064998535,0.055327397,-0.0033086583,5.5422053,-0.16283832,6.8689914,-0.5198147,0.11065479,-0.0066173165,0.14565115,-0.0042794463,0.08062167,-0.0061010905,252.1403,248.89175,334.31232,0.68265307,13.713991,0.19764102
5,59,10,0.0024009997,0.039964087,0.013338284,0.020537311,0.0060884934,0.057745744,-0.0047920947,5.453062,-0.27918044,6.6480775,-0.5548185,0.11549149,-0.009584189,0.14330845,-0.0073369644,0.0780288,-0.006511931,252.23967,249.26132,335.09613,0.8339989,13.713991,0.2034925
5,60,10,0.0024009997,0.04520788,0.017119287,0.022104857,0.005983736,0.065420344,-0.007704418,5.657343,-0.060471967,6.590637,-0.54818714,0.13084069,-0.015408836,0.14867702,-0.001589226,0.07735461,-0.006434096,252.30591,249.58235,335.6975,0.6086591,13.713991,0.25342703
5,61,10,0.0024009997,0.043125488,0.013667722,0.02310325,0.006354513,0.058454517,-0.004657691,5.783693,-0.13130035,6.791761,-0.49507624,0.116909035,-0.009315382,0.15199754,-0.0034506272,0.0797152,-0.0058107316,252.29248,249.62401,334.9834,0.62637657,13.712624,0.25825268
5,62,10,0.0024009997,0.04201344,0.015487731,0.020200336,0.006325373,0.062224858,-0.0051194,5.40814,-0.3024132,6.7761693,-0.28342175,0.124449715,-0.0102388,0.14212789,-0.007947534,0.07953221,-0.003326533,252.32825,249.59622,335.64584,0.585835,13.712624,0.20991302
5,63,10,0.0024009997,0.043254532,0.017136104,0.01958412,0.006534307,0.06545247,-0.009043398,5.325013,0.12130776,6.887173,-0.34668323,0.13090494,-0.018086797,0.13994327,0.0031880117,0.08083506,-0.004069038,252.37305,249.76389,335.90613,0.22537547,13.712624,0.26478395
5,64,10,0.0024009997,0.04198588,0.014588836,0.020971987,0.0064250557,0.060392126,-0.005430483,5.5104675,-0.06261066,6.829355,-0.33562282,0.12078425,-0.010860966,0.14481708,-0.0016454314,0.080156446,-0.003939223,252.39287,249.93225,335.53397,0.39823347,13.712624,0.2587779
5,65,10,0.0024009997,0.043489303,0.016238714,0.021139683,0.0061109066,0.06371561,-0.005470124,5.532455,-0.35135582,6.6603036,-0.027869292,0.12743121,-0.010940248,0.14539492,-0.009233756,0.07817229,-0.0003271064,252.45064,250.18486,336.0606,0.3792251,13.711269,0.26985517
5,66,10,0.0024009997,0.045709997,0.018720357,0.020488651,0.0065009887,0.06841118,-0.008776437,5.4465985,-0.060998976,6.8695917,0.25735497,0.13682236,-0.017552873,0.14313857,-0.0016030772,0.08062871,0.003020586,252.48804,250.26071,336.42157,-0.196356,13.711269,0.275122
5,67,10,0.0024009997,0.04623802,0.015777754,0.023546102,0.0069141663,0.062804766,-0.00491081,5.838861,-0.043195244,7.0845323,0.09154896,0.12560953,-0.00982162,0.15344739,-0.0011351831,0.08315147,0.0010745137,252.49129,250.34268,335.83557,-0.048353713,13.711269,0.28197828
5,68,10,0.0024009997,0.04676615,0.016727874,0.023439271,0.0065990053,0.06466814,-0.00598786,5.8256006,0.04387757,6.9211845,0.05549483,0.12933628,-0.01197572,0.1530989,0.0011531151,0.08123426,0.0006513445,252.58113,250.6994,336.5503,-0.0993724,13.711269,0.28605425
5,69,10,0.0024009997,0.043968,0.019895632,0.017643621,0.0064287484,0.07052594,-0.0068139355,5.054317,0.20587137,6.831317,0.39884716,0.14105187,-0.013627871,0.1328293,0.0054103774,0.080179475,0.0046812845,252.65146,250.94954,337.23257,-0.60471857,13.709875,0.29014233
5,70,10,0.0024009997,0.040668324,0.016594643,0.018115358,0.0059583243,0.0644101,-0.004715401,5.1214404,0.013250987,6.576628,0.17781486,0.1288202,-0.009430802,0.13459331,0.00034823804,0.07719018,0.0020870215,252.65106,250.94832,336.65405,-0.19106585,13.709875,0.29421285
5,71,10,0.0024009997,0.044740275,0.018355181,0.020342564,0.0060425284,0.06774065,-0.005161834,5.4271455,-0.18454681,6.6229362,0.15561394,0.1354813,-0.010323668,0.14262736,-0.0048499554,0.0777337,0.001826448,252.6604,250.83507,337.182,0.02893287,13.709875,0.2923539
5,72,10,0.0024009997,0.04882703,0.02207475,0.020373566,0.006378716,0.07428787,-0.008556279,5.43128,-0.03893704,6.804682,0.3098453,0.14857574,-0.017112559,0.142736,-0.0010232733,0.079866864,0.0036366687,252.67233,250.81136,337.38843,-0.27090827,13.709875,0.33116186
5,73,10,0.0024009997,0.04359057,0.016723808,0.020040099,0.0068266643,0.06466028,-0.0018506714,5.386648,-0.102543645,7.0395594,0.4294576,0.12932056,-0.0037013427,0.14156306,-0.0026948813,0.08262363,0.0050405627,252.66245,250.8316,336.57812,-0.32691395,13.708418,0.26750344
5,74,10,0.0024009997,0.04363752,0.017907532,0.019581467,0.006148523,0.066909514,-0.0050497446,5.3246527,-0.11197423,6.680772,0.40509573,0.13381903,-0.010099489,0.1399338,-0.0029427211,0.07841252,0.0047546276,252.70407,251.01859,337.08865,-0.2931215,13.708418,0.26730007
5,75,10,0.0024009997,0.0484566,0.024953978,0.017938465,0.00556416,0.07898414,-0.009161856,5.0963745,0.07711233,6.3553724,0.49704778,0.15796828,-0.018323712,0.13393456,0.0020265423,0.0745933,0.0058338726,252.74905,251.20721,337.64346,-0.5741601,13.708418,0.33315247
5,76,10,0.0024009997,0.04184412,0.019784126,0.0167242,0.0053357887,0.07032803,-0.0050829574,4.9208636,-0.08214392,6.223584,0.39564145,0.14065605,-0.010165915,0.12932208,-0.002158772,0.07304648,0.004643661,252.76898,251.35756,337.11365,-0.31349754,13.708418,0.3628791
5,77,10,0.0024009997,0.039615534,0.019561341,0.015157407,0.004896788,0.06993093,-0.0049309796,4.6846924,-0.30022216,5.9620667,0.5410491,0.13986187,-0.009861959,0.12311542,-0.007889944,0.06997705,0.006350318,252.84225,251.60283,337.7079,-0.24082696,13.706859,0.28693485
5,78,10,0.0024009997,0.046350773,0.024767809,0.016510695,0.0050722687,0.07868896,-0.008981043,4.889352,-0.04232231,6.067955,0.39874157,0.15737791,-0.017962085,0.12849395,-0.0011122449,0.07121986,0.0046800473,252.85239,251.60815,338.02274,-0.35641927,13.706859,0.30033767
5,79,10,0.0024009997,0.039463308,0.019042235,0.015242586,0.005178484,0.0689968,-0.0044231005,4.697838,-0.39070573,6.1311584,0.31266415,0.1379936,-0.008846201,0.12346087,-0.010267891,0.071961686,0.0036697534,252.80774,251.49124,337.4898,0.07804158,13.706859,0.29909447
5,80,10,0.0024009997,0.041851312,0.020870984,0.015860038,0.0051202932,0.07223397,-0.0046821055,4.792044,-0.45531926,6.096613,0.3303354,0.14446793,-0.009364211,0.12593664,-0.011965956,0.071556225,0.0038771622,252.81345,251.4534,337.9091,0.12498385,13.706859,0.30522236
5,81,10,0.0024009997,0.040927038,0.02121849,0.014585153,0.0051233955,0.07283284,-0.0068179867,4.5954094,-0.18099888,6.09846,0.36240625,0.14566568,-0.013635973,0.12076901,-0.0047567165,0.0715779,0.004253578,252.8329,251.5576,338.07162,-0.18140738,13.705179,0.20381561
5,82,10,0.0024009997,0.03802922,0.018716272,0.014050176,0.005262775,0.06840371,-0.0035205414,4.510343,-0.13849455,6.1808553,0.23791227,0.13680743,-0.0070410827,0.11853344,-0.0036396864,0.072544985,0.0027923868,252.84375,251.68802,337.48468,-0.099417716,13.705179,0.2201546
5,83,10,0.0024009997,0.037850015,0.01880871,0.014126351,0.0049149557,0.068572424,-0.002781857,4.5225534,-0.57064474,5.973117,0.47107327,0.13714485,-0.005563714,0.11885433,-0.014996749,0.070106745,0.0055290083,252.91473,251.87648,338.1295,0.09957147,13.705179,0.22891872
5,84,10,0.0024009997,0.040647235,0.02277875,0.012985723,0.0048827645,0.07546315,-0.0061684772,4.3361244,-0.4798097,5.953524,0.65464115,0.1509263,-0.0123369545,0.11395492,-0.012609573,0.06987678,0.0076835523,252.99915,252.13696,338.4215,-0.17483145,13.705179,0.21720201
5,85,10,0.0024009997,0.03906852,0.01875183,0.015067111,0.00524958,0.06846866,-0.00018544578,4.670718,-0.30556405,6.173103,0.53848535,0.13693732,-0.00037089156,0.12274816,-0.008030335,0.07245398,0.006320226,253.02322,252.32454,337.7519,-0.2329213,13.703373,0.18195139
5,86,10,0.0024009997,0.03890537,0.017134149,0.016483912,0.0052873096,0.06544874,-0.0013492198,4.885385,-0.42544347,6.1952467,0.63620037,0.13089748,-0.0026984396,0.12838969,-0.011180808,0.07271389,0.007467113,253.09691,252.5483,338.7027,-0.2107569,13.703373,0.1959739
5,87,10,0.0024009997,0.04293845,0.023184793,0.014125478,0.005628176,0.07613277,-0.005107916,4.5224133,-0.30575696,6.3918276,0.7199446,0.15226553,-0.010215832,0.118850656,-0.008035404,0.07502117,0.008450023,253.13478,252.65953,339.21457,-0.41418764,13.703373,0.18616188
5,88,10,0.0024009997,0.037396997,0.017001344,0.014963821,0.005431831,0.0651946,-0.00047943613,4.6546803,-0.3203414,6.279344,0.6575807,0.1303892,-0.00095887226,0.122326694,-0.008418688,0.07370096,0.007718057,253.08868,252.53477,338.56354,-0.33723927,13.703373,0.17864558
5,89,10,0.0024009997,0.037854437,0.016537795,0.016037129,0.0052795145,0.06429968,0.00039795748,4.8187227,-0.36133167,6.1906786,0.54485935,0.12859936,0.00079591497,0.12663779,-0.009495928,0.07266027,0.006395039,253.09312,252.52776,338.99393,-0.18352768,13.701438,0.2715746
5,90,10,0.0024009997,0.041472837,0.02039974,0.0149778575,0.0060952366,0.07141383,-0.0040550176,4.656863,-0.24119915,6.6517596,0.5561557,0.14282766,-0.008110035,0.12238406,-0.0063388012,0.078072,0.0065276255,253.09201,252.52571,339.39398,-0.31495655,13.701438,0.23638758
5,91,10,0.0024009997,0.037108805,0.015819333,0.015202293,0.0060871798,0.06288747,0.0003152078,4.6916246,-0.38912043,6.6473613,0.6037803,0.12577493,0.0006304156,0.12329758,-0.0102262255,0.07802038,0.0070865983,253.04843,252.41954,338.70676,-0.2146599,13.701438,0.24831516
5,92,10,0.0024009997,0.041784275,0.01828983,0.017554337,0.005940107,0.06761995,-0.0008161618,5.041513,-0.3775434,6.5665665,0.4587046,0.1352399,-0.0016323236,0.13249278,-0.009921978,0.07707209,0.005383836,253.0629,252.39204,339.03543,-0.0811612,13.701438,0.26348558
5,93,10,0.0024009997,0.04504222,0.020836124,0.018027464,0.006178632,0.07217362,-0.0028756736,5.109001,0.20664033,6.6971087,0.59214675,0.14434724,-0.005751347,0.13426639,0.005430583,0.07860427,0.0069500534,253.07753,252.34114,339.16556,-0.7987871,13.699352,0.27434498
5,94,10,0.0024009997,0.038158216,0.01702764,0.015071608,0.006058968,0.065245,0.00047031173,4.6714153,0.20732822,6.63194,0.49278787,0.13049,0.00094062346,0.12276648,0.00544866,0.077839375,0.0057838745,253.06258,252.36586,338.46725,-0.7001161,13.699352,0.2660825
5,95,10,0.0024009997,0.04053842,0.017039815,0.017556386,0.0059422185,0.06526832,-0.00021613811,5.0418077,-0.030818399,6.567733,0.51536095,0.13053665,-0.00043227623,0.13250051,-0.0008099212,0.077085786,0.006048815,253.0799,252.36537,338.86786,-0.48454255,13.699352,0.27730814
5,96,10,0.0024009997,0.047227506,0.023345552,0.017684644,0.006197308,0.07639626,-0.0033332368,5.060191,0.19923656,6.707223,0.6731012,0.15279251,-0.0066664736,0.13298362,0.0052360077,0.07872298,0.007900217,253.11111,252.43596,339.1769,-0.87233776,13.699352,0.23705438
5,97,10,0.0024009997,0.03962263,0.01562588,0.01740217,0.0065945806,0.06250176,0.00049651443,5.0196147,0.31591496,6.918864,0.28695887,0.12500352,0.0009930289,0.13191728,0.008302359,0.08120702,0.0033680466,253.08397,252.3909,338.3537,-0.6028738,13.6971445,0.25614974
5,98,10,0.0024009997,0.041086603,0.01627469,0.018703729,0.0061081825,0.06378615,-0.00010074555,5.203946,-0.11627675,6.658819,0.2169312,0.1275723,-0.0002014911,0.13676158,-0.0030557942,0.07815486,0.0025461297,253.09248,252.35535,338.66684,-0.100654446,13.6971445,0.28604537
5,99,10,0.0024009997,0.04206606,0.01797316,0.017764058,0.0063288435,0.06703201,-0.0037505182,5.0715384,0.009400801,6.7780285,0.4650355,0.13406402,-0.0075010364,0.13328187,0.00024705703,0.07955403,0.005458147,253.08897,252.28429,338.93747,-0.4744363,13.6971445,0.274638
5,100,10,0.0024009997,0.04293649,0.018005883,0.018657781,0.0062728217,0.067093,0.00038740775,5.19755,-0.28564227,6.7479625,0.43047547,0.134186,0.0007748155,0.13659349,-0.00750678,0.07920115,0.0050525093,253.03702,252.10358,338.03403,-0.1448332,13.6971445,0.27034533
