ic,traj,n_steps,eta,loss_total,loss_T,loss_olw,loss_slwd,rmse_T,bias_T,rmse_olw,bias_olw,rmse_slwd,bias_slwd,nrmse_T,nbias_T,nrmse_olw,nbias_olw,nrmse_slwd,nbias_slwd,mean_T,mean_olw,mean_slwd,bias_C,pnorm,gnorm
1,1,15,0.01,2.0721557,1.0309685,0.9995523,0.041634914,0.5076831,0.08854169,38.042706,14.864851,17.384815,5.8481593,1.0153662,0.17708337,0.9997761,0.39065358,0.20404635,0.06864011,252.39919,250.4583,336.3531,-20.71301,14.304812,7.2410483
1,2,15,0.01,2.0610583,1.0488183,0.97026086,0.04197902,0.51205915,0.091474675,37.481148,14.63917,17.456507,5.969666,1.0241183,0.18294935,0.9850182,0.38472262,0.20488782,0.07006624,252.4104,250.50075,336.29056,-20.608835,14.304812,7.3495817
1,3,15,0.01,2.1301584,1.1337224,0.9540584,0.042377435,0.532382,0.07728237,37.16688,14.442106,17.53915,5.5950866,1.064764,0.15456474,0.97675914,0.37954378,0.2058578,0.06566979,252.42389,250.45853,337.08026,-20.037193,14.304812,7.464295
1,4,15,0.01,2.1118157,1.1113362,0.9608182,0.039661262,0.52709967,0.09037055,37.29832,14.790501,16.967758,6.082374,1.0541993,0.1807411,0.98021334,0.38869965,0.19915135,0.071389094,252.39119,250.4033,336.5401,-20.872875,14.304812,7.5398154
1,5,15,0.01,0.77738637,0.49655303,0.25351402,0.0273193,0.3523326,-0.0065556453,19.158861,2.6826437,14.082378,4.1507845,0.7046652,-0.0131112905,0.5035018,0.07050087,0.16528551,0.048717942,252.37859,250.30827,336.37918,-6.8334284,14.284288,2.9378097
1,6,15,0.01,0.8523721,0.5654116,0.25841585,0.028544603,0.3759693,-0.015828567,19.343197,2.467361,14.39472,3.7224698,0.7519386,-0.031657133,0.5083462,0.06484316,0.16895148,0.043690797,252.40262,250.28867,337.1255,-6.189831,14.284288,3.0070305
1,7,15,0.01,0.8003606,0.49578646,0.27559292,0.028981267,0.35206053,-0.005778362,19.975733,2.582903,14.504404,4.0294523,0.70412105,-0.011556724,0.52496946,0.06787962,0.17023885,0.047293864,252.3958,250.35155,336.5039,-6.612355,14.284288,2.9397583
1,8,15,0.01,0.7573783,0.46305424,0.2653618,0.02896224,0.34024045,0.00077935634,19.601439,2.491164,14.49964,4.175622,0.6804809,0.0015587127,0.5151328,0.065468684,0.17018296,0.04900946,252.3894,250.35313,336.42242,-6.666786,14.284288,2.9090185
1,9,15,0.01,0.61230505,0.39745578,0.1948004,0.020048842,0.31522048,-0.05848266,16.794365,-4.183135,12.0638485,0.82337713,0.63044095,-0.11696532,0.441362,-0.10993432,0.14159393,0.009664018,252.433,250.46182,337.40167,3.359758,14.27587,3.095113
1,10,15,0.01,0.5977755,0.3648519,0.21438117,0.018542463,0.30201486,-0.047523614,17.618217,-3.7652671,11.601789,1.1633785,0.6040297,-0.09504723,0.46301314,-0.098952584,0.13617072,0.013654626,252.43016,250.47542,336.89993,2.6018887,14.27587,3.1572354
1,11,15,0.01,0.57372195,0.3636439,0.19192669,0.018151369,0.30151448,-0.04729998,16.670029,-4.0106745,11.4787855,1.1670245,0.60302895,-0.09459996,0.43809438,-0.10540197,0.13472702,0.013697417,252.44417,250.5369,336.9124,2.8436499,14.27587,3.183407
1,12,15,0.01,0.6413545,0.43889278,0.1834733,0.018988416,0.33124492,-0.062247854,16.29878,-4.2567005,11.740472,0.8889944,0.66248983,-0.12449571,0.42833784,-0.111867614,0.13779846,0.010434167,252.4847,250.697,337.8233,3.367706,14.27587,3.4032738
1,13,15,0.01,0.46684888,0.26693586,0.18548991,0.014423094,0.25832918,-0.024116289,16.38811,-2.8918297,10.232232,0.09296733,0.51665837,-0.048232578,0.4306854,-0.07599831,0.120096184,0.0010911612,252.45636,250.6177,337.25388,2.7988625,14.264792,3.3143103
1,14,15,0.01,0.4183154,0.22640507,0.17838925,0.013521072,0.23791021,-0.021074006,16.071375,-3.5841894,9.907105,0.33102524,0.47582042,-0.042148013,0.42236152,-0.094193794,0.116280146,0.003885262,252.49321,250.72742,337.26413,3.2531643,14.264792,3.0339434
1,15,15,0.01,0.42666498,0.23889615,0.17399664,0.013772183,0.24438502,-0.031271044,15.8722725,-3.574896,9.998678,-0.07385439,0.48877004,-0.06254209,0.41712904,-0.09394958,0.117354944,-0.00086683454,252.60852,251.21263,338.5493,3.6487505,14.264792,3.0053408
1,16,15,0.01,0.41656047,0.2227013,0.18026909,0.013590091,0.23595619,-0.021233268,16.15583,-3.0889227,9.932359,0.24084195,0.47191238,-0.042466536,0.42458108,-0.081178,0.116576545,0.0028267726,252.61617,251.37013,338.13882,2.8480809,14.264792,2.9818468
1,17,15,0.01,0.26406777,0.12940988,0.12237671,0.012281167,0.17986792,0.016589856,13.311225,0.101042084,9.441936,-0.21106188,0.35973585,0.03317971,0.34982383,0.002655434,0.11082043,-0.0024772366,252.63362,251.34175,337.85132,0.110019796,14.256226,1.6514697
1,18,15,0.01,0.28059998,0.14845178,0.11865358,0.013494646,0.1926472,0.0049079745,13.107175,0.5569586,9.897419,-0.7039929,0.3852944,0.009815949,0.3444613,0.01463708,0.11616646,-0.008262797,252.70389,251.56183,338.70074,0.14703429,14.256226,1.6838224
1,19,15,0.01,0.2806085,0.14042088,0.12612979,0.014057835,0.18736388,0.017042974,13.513801,0.8706994,10.101839,-0.16601409,0.37472776,0.034085948,0.35514757,0.022882283,0.11856574,-0.0019485132,252.72931,251.76704,338.39764,-0.70468533,14.256226,1.6282725
1,20,15,0.01,0.26653364,0.13323642,0.12060127,0.012695949,0.18250783,0.019075701,13.2143135,0.3139422,9.600057,-0.17780034,0.36501566,0.038151402,0.34727693,0.008250528,0.1126763,-0.0020868513,252.75166,251.86104,338.23343,-0.13614185,14.256226,1.6018864
1,21,15,0.01,0.25314388,0.14778708,0.09180911,0.013547678,0.19221543,0.046345625,11.529531,4.212152,9.916848,-0.51524323,0.38443086,0.09269125,0.30300018,0.11069687,0.11639449,-0.006047434,252.80792,252.0081,339.1301,-3.6969087,14.249206,1.1517706
1,22,15,0.01,0.2750072,0.16485848,0.095983684,0.014165044,0.20301384,0.05537376,11.788739,4.3894477,10.140286,0.045254488,0.40602767,0.11074752,0.30981234,0.11535626,0.11901699,0.00053116045,252.79585,252.0268,338.6754,-4.4347024,14.249206,1.2273588
1,23,15,0.01,0.27214834,0.16983289,0.088848434,0.013467007,0.20605393,0.058650877,11.342103,3.5940945,9.887279,0.17113148,0.41210786,0.117301755,0.29807454,0.09445411,0.116047435,0.0020085827,252.83041,252.17188,338.72467,-3.765226,14.249206,1.315801
1,24,15,0.01,0.2587239,0.15119188,0.09371621,0.013815829,0.194417,0.04469594,11.648662,3.8475125,10.014508,-0.268637,0.388834,0.08939188,0.30613104,0.10111401,0.117540754,-0.0031530014,252.94496,252.59995,339.82837,-3.5788755,14.249206,1.1450129
1,25,15,0.01,0.3172932,0.20284015,0.10057985,0.013873192,0.2251889,0.06312728,12.06769,5.155117,10.035277,0.3587264,0.4503778,0.12625456,0.31714326,0.13547833,0.117784515,0.0042103804,253.00668,252.92535,339.56705,-5.5138435,14.242549,1.8988391
1,26,15,0.01,0.33688346,0.22628099,0.09624579,0.01435668,0.237845,0.07031826,11.804826,4.764814,10.208649,0.8220773,0.47569,0.14063652,0.31023505,0.12522101,0.119819365,0.009648762,253.07501,253.17255,339.6769,-5.586891,14.242549,1.9808072
1,27,15,0.01,0.31210837,0.20308787,0.09544423,0.013576262,0.22532636,0.055802118,11.755564,5.0052233,9.927303,0.3588454,0.45065272,0.111604236,0.3089405,0.13153909,0.116517216,0.0042117797,253.13017,253.35768,340.2271,-5.3640685,14.242549,1.8588972
1,28,15,0.01,0.3386125,0.2265619,0.09916063,0.0128899915,0.2379926,0.06354936,11.982248,5.0829015,9.6731415,0.65694636,0.4759852,0.12709872,0.3148978,0.13358049,0.1135341,0.007710611,253.08345,253.21469,339.5958,-5.7398477,14.242549,1.9479922
1,29,15,0.01,0.27817702,0.1822384,0.08539192,0.010546713,0.21344694,0.05018359,11.11929,3.3600502,8.749834,0.5210514,0.4268939,0.10036718,0.29221895,0.088303305,0.10269719,0.006115605,253.0458,252.9507,339.43372,-3.8811016,14.237592,1.7945088
1,30,15,0.01,0.2693166,0.16804147,0.08971681,0.011558345,0.20496431,0.034841564,11.397394,3.4718678,9.159863,0.026512839,0.40992862,0.06968313,0.29952765,0.09124193,0.10750974,0.0003111772,253.08818,252.99985,340.15488,-3.4983807,14.237592,1.6769222
1,31,15,0.01,0.27262577,0.16599539,0.0935304,0.0130999945,0.20371266,0.047147453,11.637109,3.2963076,9.751621,0.4817417,0.4074253,0.094294906,0.3058274,0.08662816,0.11445521,0.005654224,253.12808,253.26784,340.04395,-3.7780492,14.237592,1.9539075
1,32,15,0.01,0.27855796,0.17451529,0.092162795,0.0118798725,0.20887513,0.05184243,11.551717,2.8265753,9.286394,0.6414106,0.41775027,0.10368486,0.30358326,0.07428342,0.10899483,0.0075282715,253.20695,253.57993,340.06345,-3.4679859,14.237592,1.7898575
1,33,15,0.01,0.18838374,0.10396511,0.07433156,0.0100870775,0.1612181,0.010159368,10.374216,0.76192683,8.557047,0.29444486,0.3224362,0.020318735,0.27263814,0.020023713,0.100434445,0.00345591,253.28568,253.87155,340.70093,-1.0563717,14.235033,0.9527147
1,34,15,0.01,0.20501636,0.120457344,0.07466197,0.00989704,0.17353483,0.018312749,10.397248,1.0598035,8.476057,0.7376003,0.34706965,0.036625497,0.27324343,0.02785201,0.09948387,0.008657249,253.2528,253.69008,340.09695,-1.7974038,14.235033,1.027941
1,35,15,0.01,0.20581795,0.1154059,0.080135606,0.010276445,0.16985722,0.02179931,10.77163,0.7150971,8.636994,0.89384353,0.33971444,0.04359862,0.28308234,0.018793005,0.1013728,0.010491079,253.22372,253.4887,339.79434,-1.6089406,14.235033,1.0959113
1,36,15,0.01,0.19734105,0.105005495,0.08173772,0.01059784,0.16202275,0.007570596,10.878773,0.96842927,8.771016,0.3825167,0.3240455,0.015141192,0.2858981,0.025450682,0.10294581,0.0044896193,253.25204,253.5369,340.5184,-1.350946,14.235033,1.0307326
1,37,15,0.01,0.15090255,0.081227906,0.059119448,0.010555188,0.14250255,-0.016418982,9.251963,-1.6786546,8.753349,0.60744315,0.2850051,-0.032837965,0.24314491,-0.044115655,0.10273845,0.0071295872,253.25943,253.64128,340.1604,1.0712113,14.233266,0.70392984
1,38,15,0.01,0.16082728,0.09116362,0.059552792,0.010110873,0.15096657,-0.012134422,9.2858095,-2.265288,8.567133,0.6782313,0.30193314,-0.024268843,0.24403441,-0.05953259,0.100552835,0.007960433,253.31696,253.8449,340.27722,1.5870569,14.233266,0.7538344
1,39,15,0.01,0.16083783,0.090591416,0.06053,0.009716425,0.15049204,-0.023117373,9.361685,-2.1458828,8.398359,0.4193748,0.30098408,-0.046234746,0.24602845,-0.05639456,0.09857193,0.0049222168,253.41757,254.25786,341.2283,1.726508,14.233266,0.78647083
1,40,15,0.01,0.16334812,0.09087385,0.06312969,0.009344577,0.15072645,-0.010728609,9.560607,-1.9334226,8.236089,0.8122974,0.3014529,-0.021457218,0.25125623,-0.050811056,0.09666735,0.009533968,253.44614,254.4335,340.8266,1.1211252,14.233266,0.73005813
1,41,15,0.01,0.15481398,0.089898415,0.055671964,0.009243588,0.14991532,-0.031110503,8.978152,-3.7897663,8.191463,0.66444427,0.29983065,-0.062221006,0.23594907,-0.09959642,0.09614358,0.0077986117,253.46599,254.55098,340.69528,3.125322,14.231172,1.3879795
1,42,15,0.01,0.16959845,0.106685385,0.053428076,0.009484987,0.16331364,-0.047753546,8.795357,-3.5663419,8.297735,0.05583534,0.32662728,-0.09550709,0.23114514,-0.09372475,0.0973909,0.00065534224,253.4987,254.64204,341.74835,3.5105066,14.231172,1.169461
1,43,15,0.01,0.1600622,0.09658061,0.05407453,0.0094070565,0.1553871,-0.038396798,8.848407,-3.3674276,8.263577,0.44205344,0.3107742,-0.076793596,0.23253931,-0.08849721,0.09698998,0.005188401,253.4394,254.38269,341.10852,2.925374,14.231172,1.1580316
1,44,15,0.01,0.17118219,0.105629236,0.05539026,0.010162679,0.16250326,-0.0365538,8.955407,-3.6715655,8.589054,0.38813844,0.3250065,-0.0731076,0.23535135,-0.09649006,0.10081011,0.004555599,253.4309,254.2626,340.7874,3.283427,14.231172,1.2115755
1,45,15,0.01,0.19896002,0.13889164,0.04985163,0.010216754,0.18634084,-0.052706715,8.495879,-3.9309366,8.611874,-0.30362585,0.37268168,-0.10541343,0.22327478,-0.10330644,0.10107796,-0.003563669,253.52197,254.5351,341.3926,4.2345624,14.227835,1.2908266
1,46,15,0.01,0.14574264,0.08902646,0.04718831,0.0095278835,0.1491865,-0.042101115,8.26582,-3.7673056,8.316477,0.15051311,0.298373,-0.08420223,0.21722871,-0.09900615,0.097610876,0.0017665763,253.55264,254.6063,340.8028,3.6167924,14.227835,1.2087487
1,47,15,0.01,0.14677066,0.08944167,0.04772486,0.009604123,0.149534,-0.04074665,8.312678,-3.991312,8.349686,0.458468,0.299068,-0.0814933,0.2184602,-0.10489312,0.09800063,0.005381056,253.54254,254.52043,340.369,3.532844,14.227835,1.1801711
1,48,15,0.01,0.1784219,0.11617517,0.052296653,0.009950081,0.17042239,-0.055318795,8.701732,-4.111829,8.498739,0.18318623,0.34084478,-0.11063759,0.22868462,-0.10806034,0.099750094,0.002150066,253.56815,254.63072,341.24542,3.9286425,14.227835,1.2506638
1,49,15,0.01,0.12773697,0.076284364,0.043486882,0.007965729,0.13809812,-0.039193742,7.9350166,-2.9774172,7.604208,0.06900799,0.27619624,-0.078387484,0.20853509,-0.07824761,0.08925093,0.00080994767,253.53986,254.57625,340.71805,2.908409,14.224112,0.69700694
1,50,15,0.01,0.12255218,0.0727323,0.041791625,0.008028256,0.13484463,-0.036539555,7.778813,-3.329588,7.633994,0.029964639,0.26968926,-0.07307911,0.20443,-0.0875028,0.08960053,0.0003516957,253.52939,254.4665,340.5887,3.2996233,14.224112,0.69520986
1,51,15,0.01,0.14661653,0.094128735,0.0436696,0.008818195,0.15340203,-0.046587553,7.9516683,-3.2112625,8.000757,-0.37356856,0.30680406,-0.093175106,0.20897272,-0.08439313,0.09390525,-0.004384598,253.58733,254.64705,341.37997,3.584831,14.224112,0.75792575
1,52,15,0.01,0.12491969,0.07229989,0.044950325,0.00766947,0.1344432,-0.03662103,8.067427,-3.191482,7.461461,-0.02881237,0.2688864,-0.07324206,0.21201491,-0.083873294,0.08757551,-0.00033817027,253.61229,254.83131,340.9297,3.2202945,14.224112,0.6985955
1,53,15,0.01,0.11285212,0.0682308,0.03750002,0.0071213,0.13060513,-0.020288343,7.3685913,-1.7498662,7.189867,-0.27690992,0.26121026,-0.040576685,0.19364922,-0.045987118,0.084387794,-0.0032501053,253.65501,255.01433,340.90823,2.026776,14.220589,0.56349206
1,54,15,0.01,0.13579935,0.084943496,0.042432286,0.008423561,0.14572534,-0.032047335,7.8382096,-1.4933249,7.819682,-0.53270435,0.29145068,-0.06409467,0.20599099,-0.03924511,0.09177996,-0.0062523745,253.71234,255.21132,341.92618,2.026029,14.220589,0.6047963
1,55,15,0.01,0.11939223,0.069659494,0.041156754,0.008575983,0.13196543,-0.023322837,7.7195015,-1.4435104,7.8901124,-0.09598761,0.26393086,-0.046645675,0.20287128,-0.03793597,0.092606604,-0.00112661,253.68384,255.08972,341.18207,1.539498,14.220589,0.59087193
1,56,15,0.01,0.12505262,0.074494086,0.041949417,0.008609117,0.13646802,-0.019239452,7.7934833,-1.8271364,7.9053397,0.13399287,0.27293605,-0.038478903,0.20481557,-0.04801781,0.09278533,0.0015726805,253.6679,254.9748,340.65558,1.6931435,14.220589,0.5765733
1,57,15,0.01,0.18604985,0.12550032,0.051447283,0.009102246,0.17713012,-0.016829146,8.630777,0.78263587,8.128595,-0.6281385,0.35426024,-0.033658292,0.22681993,0.020567942,0.09540569,-0.007372488,253.72328,255.17006,341.44406,-0.15449739,14.217741,1.0140218
1,58,15,0.01,0.14144395,0.08305628,0.050395045,0.007992624,0.14409743,-0.0095928395,8.542059,0.85505134,7.617034,-0.23044015,0.28819486,-0.019185679,0.2244884,0.022471068,0.089401476,-0.0027046865,253.72043,255.21506,341.165,-0.6246112,14.217741,1.0486313
1,59,15,0.01,0.12813103,0.075545296,0.04435344,0.008232297,0.13742752,-0.0065048276,8.013686,0.38212505,7.730396,-0.13204856,0.27485505,-0.013009655,0.21060257,0.010042381,0.09073201,-0.0015498569,253.75507,255.33846,341.0546,-0.25007647,14.217741,0.935927
1,60,15,0.01,0.16050585,0.10072564,0.050926287,0.008853907,0.15868652,-0.019806288,8.586965,0.73344976,8.016941,-0.5002343,0.31737304,-0.039612576,0.22566853,0.019275324,0.0940952,-0.0058712717,253.84532,255.72502,342.08774,-0.23321545,14.217741,0.94337726
1,61,15,0.01,0.14585495,0.07928821,0.058302607,0.008264136,0.1407908,0.0020117855,9.187824,2.3040695,7.74533,-0.23037781,0.2815816,0.004023571,0.24145932,0.060551777,0.09090729,-0.002703951,253.83669,255.80867,341.55588,-2.0736916,14.215572,0.9960208
1,62,15,0.01,0.14048669,0.079892635,0.052356537,0.008237513,0.14132643,0.0041574268,8.706711,2.0806084,7.732844,-0.048735186,0.28265285,0.0083148535,0.22881551,0.05467916,0.090760745,-0.00057201134,253.79242,255.52876,341.44534,-2.0318732,14.215572,1.0058705
1,63,15,0.01,0.17490487,0.104180455,0.06054247,0.010181951,0.16138498,-0.0046711173,9.36265,2.5826352,8.597194,-0.31571615,0.32276997,-0.009342235,0.2460538,0.067872584,0.10090566,-0.0037055798,253.74728,255.14532,341.64926,-2.2669191,14.215572,1.0775054
1,64,15,0.01,0.13791649,0.07258097,0.05596424,0.009371285,0.13470428,0.0030668685,9.001688,2.877353,8.247852,-0.21071613,0.26940855,0.006133737,0.23656762,0.07561787,0.0968054,-0.0024731834,253.65334,254.69489,340.28534,-2.666637,14.215572,1.0607997
1,65,15,0.01,0.12045275,0.058029354,0.05418552,0.008237872,0.120446414,0.009615208,8.857483,3.2827365,7.733013,-0.19524199,0.24089283,0.019230416,0.23277783,0.08627149,0.09076273,-0.0022915632,253.6267,254.56444,339.89072,-3.0874946,14.213941,0.6872513
1,66,15,0.01,0.15243745,0.08049965,0.06290917,0.009028623,0.1418623,-0.0045900834,9.543894,3.4369247,8.0956545,-0.62550396,0.2837246,-0.009180167,0.250817,0.09032361,0.095019065,-0.0073415693,253.62007,254.43185,340.5706,-2.8114207,14.213941,0.7238238
1,67,15,0.01,0.11844547,0.05692284,0.05316338,0.008359254,0.11929254,0.0017779948,8.773541,3.581408,7.7897763,-0.4076963,0.23858508,0.0035559896,0.23057185,0.09412069,0.09142896,-0.004785151,253.57698,254.30145,339.899,-3.1737118,14.213941,0.67592597
1,68,15,0.01,0.109555416,0.057277948,0.04374187,0.008535604,0.11966406,0.004201325,7.9582458,3.2132556,7.8715153,-0.32985264,0.23932812,0.00840265,0.20914558,0.08444553,0.09238833,-0.0038714982,253.56569,254.23505,339.49573,-2.883403,14.213941,0.6176341
1,69,15,0.01,0.13405673,0.07518096,0.050556578,0.00831919,0.13709573,-0.0038319165,8.555738,3.0098467,7.771086,-0.8902267,0.27419147,-0.007663833,0.2248479,0.079099864,0.09120959,-0.010448625,253.63045,254.50002,340.45773,-2.1196198,14.212694,0.7927343
1,70,15,0.01,0.12046734,0.05393074,0.058887664,0.0076489407,0.11611497,0.0055015893,9.2338085,3.1083248,7.4514685,-0.46917123,0.23222993,0.011003179,0.24266781,0.08168789,0.08745822,-0.0055066845,253.69547,254.9133,340.4907,-2.6391535,14.212694,0.7318544
1,71,15,0.01,0.12256404,0.054088574,0.060364258,0.008111208,0.11628475,0.009773194,9.348859,2.7747378,7.673332,-0.11695762,0.2325695,0.019546388,0.24569139,0.072921105,0.090062246,-0.0013727407,253.76056,255.18288,340.75955,-2.6577802,14.212694,0.662168
1,72,15,0.01,0.15553255,0.08044605,0.066020206,0.009066305,0.14181507,-0.0019744737,9.777033,2.9861915,8.112531,-0.44607675,0.28363013,-0.0039489474,0.25694397,0.078478195,0.095217146,-0.0052356226,253.7933,255.21498,341.19696,-2.5401149,14.212694,0.79325694
1,73,15,0.01,0.1186464,0.06284693,0.04822409,0.007575379,0.12534645,0.009280025,8.356044,1.2913829,7.4155507,-0.25300568,0.2506929,0.01856005,0.21959984,0.033938017,0.087036654,-0.002969536,253.72995,255.0085,340.39307,-1.0383773,14.211452,0.83028096
1,74,15,0.01,0.10716572,0.057571154,0.042285103,0.007309459,0.11996995,0.010536295,7.824603,1.2405664,7.284233,-0.40521756,0.2399399,0.02107259,0.20563342,0.03260253,0.085495375,-0.0047560567,253.67416,254.73895,340.11243,-0.83534884,14.211452,0.7827068
1,75,15,0.01,0.13827851,0.08696564,0.043649938,0.007662932,0.14744969,-0.0013789118,7.949879,1.1911818,7.45828,-0.8082694,0.29489937,-0.0027578236,0.20892568,0.031304687,0.087538175,-0.009486697,253.69768,254.77638,340.83804,-0.3829124,14.211452,0.9180077
1,76,15,0.01,0.10973041,0.060891364,0.04128742,0.0075516272,0.12338088,0.008762821,7.731745,1.0915111,7.4039164,-0.3691275,0.24676175,0.017525641,0.20319305,0.028685309,0.0869001,-0.0043324665,253.7285,255.0575,340.72363,-0.7223836,14.211452,0.7819069
1,77,15,0.01,0.09229618,0.049021803,0.036250953,0.0070234234,0.11070434,0.014552601,7.244833,-1.2095635,7.1402864,-0.23502685,0.22140868,0.029105201,0.19039683,-0.031787768,0.08380587,-0.0027585202,253.72108,254.97339,340.6238,1.4445903,14.210035,0.5189936
1,78,15,0.01,0.10686968,0.062104583,0.03740916,0.00735594,0.12460396,0.0051294193,7.3596582,-1.1225251,7.307357,-0.6056547,0.24920791,0.010258839,0.19341448,-0.029500369,0.08576678,-0.007108598,253.72906,254.93987,341.20663,1.7281798,14.210035,0.5748516
1,79,15,0.01,0.09617761,0.058196843,0.031361382,0.0066193826,0.12062011,0.012736955,6.738547,-0.97446835,6.931863,-0.4987106,0.24124022,0.02547391,0.17709145,-0.025609383,0.08135959,-0.005853387,253.68835,254.79988,340.48486,1.473179,14.210035,0.5587671
1,80,15,0.01,0.08334367,0.0478686,0.029062841,0.006412232,0.10939447,0.0148606375,6.4869075,-0.9608609,6.8225355,-0.50739336,0.21878894,0.029721275,0.17047827,-0.025251769,0.08007641,-0.005955295,253.66951,254.70589,340.12872,1.4682543,14.210035,0.5450414
1,81,15,0.01,0.09887685,0.0575419,0.035073597,0.006261345,0.11993946,0.008425973,7.126214,-2.3950772,6.741787,-0.666052,0.23987892,0.016851947,0.18727946,-0.062943496,0.07912866,-0.00781748,253.66711,254.70631,340.76358,3.061129,14.2081995,0.48559636
1,82,15,0.01,0.09636618,0.05455422,0.035638105,0.0061738575,0.11678422,0.020256288,7.1833324,-2.5023148,6.694521,-0.36489943,0.23356844,0.040512577,0.18878058,-0.06576174,0.0785739,-0.0042828396,253.60138,254.45056,340.28314,2.8672142,14.2081995,0.46268645
1,83,15,0.01,0.08467883,0.04346895,0.035054058,0.006155821,0.10424604,0.020380968,7.124228,-2.519273,6.6847353,-0.31926635,0.20849209,0.040761936,0.1872273,-0.0662074,0.07845904,-0.0037472483,253.53899,254.15654,339.6919,2.8385394,14.2081995,0.4937804
1,84,15,0.01,0.09973847,0.058232192,0.0349184,0.0065878746,0.120656736,0.01051195,7.11043,-2.4845374,6.915345,-0.6922541,0.24131347,0.0210239,0.18686466,-0.065294534,0.08116572,-0.00812502,253.52267,254.0143,339.9944,3.1767914,14.2081995,0.5095442
1,85,15,0.01,0.08972909,0.0469908,0.036794163,0.0059441263,0.10838681,0.024353448,7.2989116,-3.1503944,6.568788,-0.18763909,0.21677361,0.048706897,0.19181804,-0.0827935,0.07709816,-0.0022023283,253.46887,253.81665,339.50888,3.3380334,14.205861,0.68523926
1,86,15,0.01,0.09264699,0.050859742,0.035278272,0.006508983,0.11276052,0.025777383,7.146977,-3.3943944,6.8738146,-0.16595468,0.22552104,0.051554766,0.18782511,-0.0892059,0.08067827,-0.0019478177,253.45158,253.68402,339.32346,3.560349,14.205861,0.6920595
1,87,15,0.01,0.10189899,0.05974482,0.03553462,0.006619552,0.122213766,0.016722271,7.1728954,-3.2183104,6.931951,-0.52088743,0.24442753,0.033444542,0.18850629,-0.08457835,0.08136063,-0.0061136805,253.45332,253.60916,339.58643,3.7391977,14.205861,0.64673847
1,88,15,0.01,0.09372923,0.049168486,0.0386531,0.005907642,0.11086984,0.023705434,7.4810205,-3.352129,6.548598,-0.18912645,0.22173968,0.047410868,0.19660392,-0.088095166,0.07686119,-0.0022197852,253.41643,253.45624,338.99673,3.5412555,14.205861,0.67593336
1,89,15,0.01,0.09765309,0.053719804,0.03785975,0.006073535,0.115887664,0.025079342,7.403849,-3.165724,6.639907,0.106232844,0.23177533,0.050158683,0.19457582,-0.08319638,0.07793289,0.0012468593,253.3972,253.30922,338.85672,3.0594912,14.203069,0.7744869
1,90,15,0.01,0.10588188,0.059908476,0.039347786,0.006625613,0.12238104,0.014612916,7.547947,-3.121238,6.9351234,-0.19621184,0.24476208,0.029225832,0.19836277,-0.08202727,0.08139787,-0.0023029465,253.42973,253.37903,339.33914,3.3174498,14.203069,0.69524217
1,91,15,0.01,0.0969307,0.053061403,0.036910325,0.0069589713,0.11517531,0.023944955,7.310425,-3.300272,7.1074486,0.014884024,0.23035061,0.04788991,0.1921206,-0.08673234,0.08342045,0.00017469279,253.44247,253.35117,338.85226,3.285388,14.203069,0.72135335
1,92,15,0.01,0.09997104,0.058248676,0.034217667,0.0075047053,0.12067381,0.026991505,7.038723,-3.4650238,7.3808784,0.018846223,0.24134763,0.05398301,0.18498018,-0.091062084,0.0866297,0.00022119886,253.4991,253.57599,338.92758,3.4461775,14.203069,0.7426847
1,93,15,0.01,0.09376547,0.05490012,0.03188158,0.0069837747,0.117153876,0.014582054,6.7942038,-1.7455466,7.1201034,0.09136562,0.23430775,0.029164108,0.17855413,-0.045873597,0.08356898,0.001072361,253.55103,253.75732,339.53662,1.654181,14.199977,0.45215142
1,94,15,0.01,0.09001638,0.05319025,0.030408703,0.006417422,0.11531506,0.023695417,6.6354084,-1.4288934,6.825297,0.43969202,0.23063011,0.047390833,0.17438091,-0.037551835,0.080108814,0.0051606847,253.52594,253.65944,338.83347,0.9892014,14.199977,0.48328248
1,95,15,0.01,0.08626933,0.05079998,0.028580222,0.0068891295,0.112694256,0.02564488,6.4328218,-1.5552042,7.071693,0.4180065,0.22538851,0.05128976,0.16905686,-0.04087133,0.08300078,0.0049061626,253.56494,253.86807,339.0562,1.1371976,14.199977,0.5673183
1,96,15,0.01,0.09555976,0.057568666,0.03067564,0.007315456,0.11996736,0.016236851,6.6644683,-1.5035478,7.2872205,0.28263864,0.23993471,0.032473702,0.17514463,-0.03951378,0.08553044,0.003317344,253.62877,254.10394,339.95895,1.2209091,14.199977,0.51061374
1,97,15,0.01,0.08062473,0.04545226,0.028154902,0.00701757,0.10659768,0.018067157,6.3847766,0.09506239,7.1373105,0.6828708,0.21319535,0.036134314,0.16779423,0.0024982763,0.08377094,0.008014884,253.60378,253.96935,339.5785,-0.7779332,14.196763,0.3192925
1,98,15,0.01,0.08586135,0.052182376,0.026696743,0.006982231,0.11421731,0.01725338,6.2172427,-0.15189098,7.1193166,0.5389071,0.22843462,0.03450676,0.16339138,-0.00399175,0.083559744,0.0063251806,253.53804,253.6336,338.9615,-0.38701612,14.196763,0.31167272
1,99,15,0.01,0.07882393,0.045513738,0.026516587,0.006793609,0.10666975,0.0067699547,6.19623,0.1575199,7.0224957,0.24461634,0.2133395,0.013539909,0.16283914,0.00413968,0.08242335,0.002871075,253.50311,253.43393,339.28876,-0.40213627,14.196763,0.23303606
1,100,15,0.01,0.07665711,0.043808598,0.02563431,0.007214204,0.10465252,0.016587965,6.092274,0.14092563,7.236614,0.36364114,0.20930503,0.03317593,0.16010718,0.003703576,0.08493647,0.004268072,253.44574,253.2127,338.74393,-0.5045668,14.196763,0.32823387
2,1,15,0.0069999998,0.34102622,0.15153982,0.15326814,0.036218267,0.19464058,0.018228743,14.896855,3.3781767,16.214556,-1.2464908,0.38928115,0.036457486,0.39149475,0.08877972,0.19031097,-0.01463013,252.00682,248.03125,331.9508,-2.1316857,14.193241,1.5813042
2,2,15,0.0069999998,0.3319342,0.14133543,0.15485409,0.035744704,0.18797302,0.017874066,14.973731,3.256228,16.108202,-1.411319,0.37594604,0.03574813,0.39351505,0.08557487,0.1890627,-0.016564716,251.98424,247.93233,332.0604,-1.844909,14.193241,1.5706081
2,3,15,0.0069999998,0.31678185,0.123099014,0.15844886,0.03523398,0.17542735,0.008660065,15.146533,3.746687,15.99271,-1.886777,0.3508547,0.01732013,0.39805636,0.09846429,0.18770716,-0.022145199,251.92018,247.70755,332.20905,-1.8599099,14.193241,1.5977403
2,4,15,0.0069999998,0.3193215,0.12937357,0.15602623,0.033921704,0.17984268,0.01598212,15.030294,3.7974534,15.692063,-1.6252595,0.35968536,0.03196424,0.39500156,0.09979844,0.18417846,-0.019075746,251.80907,247.2647,331.2686,-2.172194,14.193241,1.6509689
2,5,15,0.0069999998,0.26922086,0.10409938,0.13309291,0.032028563,0.16132218,0.013660818,13.881811,3.4410198,15.247898,-1.5586696,0.32264435,0.027321637,0.36481902,0.090431236,0.17896526,-0.01829417,251.7345,246.89325,331.17044,-1.8823502,14.189216,1.2094822
2,6,15,0.0069999998,0.26001772,0.08807732,0.13927054,0.03266986,0.14838912,0.0035748833,14.200326,3.472432,15.399792,-1.9061384,0.29677823,0.0071497667,0.3731897,0.091256775,0.18074806,-0.022372428,251.66057,246.48773,331.44684,-1.5662935,14.189216,1.2002281
2,7,15,0.0069999998,0.28431717,0.10209945,0.14827897,0.03393873,0.15976502,0.009602989,14.65239,3.7716947,15.696,-2.0553756,0.31953004,0.019205978,0.3850701,0.099121526,0.18422467,-0.02412403,251.52087,246.05545,330.26395,-1.7163191,14.189216,1.4078379
2,8,15,0.0069999998,0.2856825,0.11335127,0.13856313,0.03376812,0.1683384,0.008398061,14.164216,3.457001,15.656499,-2.2690535,0.3366768,0.016796121,0.3722407,0.09085125,0.18376105,-0.02663199,251.42805,245.76628,329.5935,-1.1879475,14.189216,1.4730474
2,9,15,0.0069999998,0.22223586,0.080372885,0.11208392,0.029779054,0.14175056,-6.4681575e-5,12.739145,2.8741004,14.702686,-2.2512062,0.28350112,-0.00012936315,0.33478937,0.0755324,0.17256609,-0.02642251,251.43288,245.69691,330.029,-0.6228943,14.184232,1.0136817
2,10,15,0.0069999998,0.2430665,0.09873358,0.11455233,0.029780602,0.1571095,0.0078029833,12.878658,2.9534144,14.703067,-1.9719645,0.314219,0.015605967,0.3384558,0.07761683,0.17257057,-0.02314505,251.46765,245.86488,329.80136,-0.98144996,14.184232,0.8716589
2,11,15,0.0069999998,0.24400684,0.10587569,0.10886095,0.0292702,0.16269273,0.007884487,12.554652,2.5921075,14.576526,-1.9345915,0.32538545,0.015768973,0.32994083,0.06812155,0.17108536,-0.022706388,251.52231,246.07831,330.18024,-0.657516,14.184232,0.9154489
2,12,15,0.0069999998,0.23981611,0.09528634,0.115304925,0.029224863,0.15434243,-0.0010501188,12.920896,2.7207444,14.565233,-1.9939575,0.30868486,-0.0021002376,0.33956578,0.071502134,0.17095281,-0.023403166,251.5679,246.28233,330.90936,-0.72678685,14.184232,0.9406967
2,13,15,0.0069999998,0.2050843,0.088962585,0.090559274,0.025562434,0.14913298,0.011401023,11.450784,1.5768726,13.622045,-1.4739568,0.29826596,0.022802046,0.30093068,0.041440777,0.15988256,-0.017299898,251.57315,246.3336,330.23608,-0.102915764,14.178865,0.7681585
2,14,15,0.0069999998,0.20624092,0.084388286,0.095547765,0.026304867,0.14524831,0.008333535,11.761939,1.350635,13.818447,-1.5631486,0.29049662,0.01666707,0.30910802,0.035495166,0.16218776,-0.018346747,251.6886,246.8422,330.9801,0.21251357,14.178865,0.73092353
2,15,15,0.0069999998,0.19152433,0.06671169,0.097696394,0.027116235,0.12914303,0.003475061,11.893453,1.4276198,14.029943,-1.5854236,0.25828606,0.006950122,0.31256422,0.037518375,0.16467008,-0.018608186,251.78503,247.158,331.93118,0.15780377,14.178865,0.6794662
2,16,15,0.0069999998,0.19837295,0.074321255,0.097404264,0.026647434,0.13630962,0.009497172,11.875657,1.3229493,13.908136,-1.2336478,0.27261925,0.018994344,0.31209657,0.034767576,0.16324042,-0.014479387,251.8131,247.41263,331.58295,-0.08930147,14.178865,0.694351
2,17,15,0.0069999998,0.18084326,0.0851548,0.07300512,0.022683354,0.14590648,0.0078032124,10.281235,-0.47560766,12.832014,-0.7796517,0.29181296,0.015606425,0.2701946,-0.012499149,0.15060994,-0.009150813,251.84618,247.67941,331.78473,1.2552594,14.173692,1.0579722
2,18,15,0.0069999998,0.18454558,0.08615203,0.07624952,0.022144012,0.14675833,0.0016155305,10.507206,-0.45303437,12.678544,-0.777976,0.29351667,0.003231061,0.27613315,-0.011905925,0.14880864,-0.009131143,251.90033,247.83972,332.58893,1.2310103,14.173692,1.0513072
2,19,15,0.0069999998,0.17544156,0.074864596,0.078518376,0.022058595,0.13680698,0.008926638,10.662384,0.009092543,12.654069,-0.5410896,0.27361396,0.017853277,0.2802113,0.00023895803,0.14852136,-0.0063508037,251.92862,247.94981,332.45248,0.531997,14.173692,1.063369
2,20,15,0.0069999998,0.18914916,0.08679212,0.07946755,0.022889484,0.14730251,0.009193509,10.726637,-0.1643071,12.890187,-0.7651811,0.29460502,0.018387018,0.2818999,-0.0043180543,0.15129271,-0.008980973,251.91772,247.8529,332.3839,0.92948824,14.173692,1.0578058
2,21,15,0.0069999998,0.15865293,0.07781182,0.06114941,0.019691698,0.13947386,-0.0054556876,9.409463,-1.6001778,11.955914,-0.81477064,0.2789477,-0.010911375,0.24728407,-0.04205324,0.14032711,-0.009562998,251.92456,247.80844,333.02524,2.4149485,14.168858,1.0753499
2,22,15,0.0069999998,0.16028178,0.083097614,0.058115054,0.019069107,0.14413328,0.001358299,9.173034,-1.4386991,11.765391,-0.5380995,0.28826657,0.002716598,0.24107064,-0.037809536,0.13809094,-0.006315696,251.92152,247.86928,332.5172,1.9767987,14.168858,1.1377662
2,23,15,0.0069999998,0.16606009,0.0884742,0.058034237,0.019551655,0.14872307,0.0037477517,9.166654,-1.5181302,11.913324,-0.59872866,0.29744613,0.0074955034,0.24090296,-0.039897006,0.13982724,-0.007027308,251.91821,247.85454,332.451,2.116859,14.168858,1.2082936
2,24,15,0.0069999998,0.16667646,0.08496485,0.062106695,0.019604929,0.14574365,-0.0064887507,9.482828,-1.7422544,11.929544,-0.88774955,0.2914873,-0.012977501,0.24921215,-0.045787074,0.1400176,-0.010419545,251.86966,247.65373,332.62033,2.630004,14.168858,1.0412266
2,25,15,0.0069999998,0.13891986,0.07215979,0.04948652,0.01727355,0.13431287,-0.010594451,8.464712,-2.3173785,11.197783,-0.801936,0.26862574,-0.021188902,0.22245567,-0.06090154,0.13142888,-0.009412368,251.7721,247.29265,331.60764,3.1193144,14.164361,0.6780489
2,26,15,0.0069999998,0.13253643,0.064237766,0.050713677,0.017584976,0.12672585,-0.010263418,8.569021,-2.4188194,11.298274,-0.71210825,0.2534517,-0.020526836,0.22519697,-0.06356744,0.13260835,-0.008358035,251.74617,247.0621,331.7012,3.1309276,14.164361,0.8187616
2,27,15,0.0069999998,0.15051644,0.08177697,0.050327502,0.018411968,0.14298336,-0.019739082,8.536332,-2.351508,11.560891,-1.1365726,0.28596672,-0.039478164,0.22433792,-0.06179848,0.1356907,-0.013339999,251.79222,247.20964,332.55258,3.4880805,14.164361,0.74305123
2,28,15,0.0069999998,0.13357599,0.067293376,0.049127173,0.017155433,0.12970483,-0.012232439,8.433921,-1.9286611,11.1594305,-0.7901451,0.25940967,-0.024464877,0.2216465,-0.050685927,0.13097875,-0.009273977,251.7712,247.24603,332.21832,2.7188063,14.164361,0.75829893
2,29,15,0.0069999998,0.111321494,0.058518082,0.037673958,0.015129455,0.120952554,-0.018732391,7.38566,-2.3521366,10.479798,-0.7048195,0.24190511,-0.037464783,0.1940978,-0.061814994,0.12300185,-0.008272511,251.7885,247.31834,332.26913,3.056956,14.160178,0.5032049
2,30,15,0.0069999998,0.12973282,0.072729915,0.041600473,0.01540243,0.13484243,-0.025702082,7.7610016,-2.444816,10.5739155,-0.7421932,0.26968485,-0.051404163,0.20396194,-0.064250655,0.12410653,-0.00871116,251.81538,247.41393,332.96783,3.1870093,14.160178,0.53750914
2,31,15,0.0069999998,0.10807974,0.05509421,0.037606407,0.015379126,0.11736078,-0.01817054,7.3790345,-2.3596835,10.565912,-0.5167084,0.23472156,-0.03634108,0.19392371,-0.062013336,0.124012604,-0.0060646245,251.78767,247.42314,332.38358,2.876392,14.160178,0.52755153
2,32,15,0.0069999998,0.10437891,0.051672217,0.03706943,0.015637262,0.113657616,-0.01775774,7.3261642,-2.418844,10.654218,-0.6848055,0.22731523,-0.03551548,0.19253422,-0.063568085,0.12504904,-0.008037593,251.74487,247.25862,332.1584,3.1036496,14.160178,0.5184965
2,33,15,0.0069999998,0.1140384,0.06877525,0.03146947,0.013793678,0.13112518,-0.032170027,6.7501493,-2.2320135,10.006478,-0.78950346,0.26225036,-0.064340055,0.17739637,-0.058658108,0.11744649,-0.009266444,251.73885,247.23283,332.57727,3.0215168,14.156232,0.7663966
2,34,15,0.0069999998,0.113604344,0.06611875,0.03478837,0.01269723,0.12856783,-0.026156876,7.0971775,-2.0163724,9.60054,-0.43959093,0.25713566,-0.052313752,0.1865164,-0.052991007,0.112681985,-0.0051595033,251.74731,247.39883,331.84427,2.4559634,14.156232,0.7955539
2,35,15,0.0069999998,0.10887516,0.06239665,0.033269674,0.013208841,0.12489661,-0.024465527,6.940535,-2.1087255,9.792048,-0.51920354,0.24979322,-0.048931055,0.18239976,-0.055418067,0.11492972,-0.0060939174,251.80252,247.5984,331.92447,2.6279292,14.156232,0.7686077
2,36,15,0.0069999998,0.12633464,0.080392726,0.032380156,0.013561749,0.14176805,-0.03373645,6.847123,-1.9489299,9.921996,-0.7591787,0.2835361,-0.0674729,0.17994487,-0.05121858,0.11645492,-0.008910512,251.89789,247.85919,332.8687,2.7081087,14.156232,0.87169075
2,37,15,0.0069999998,0.10833598,0.068437144,0.028191185,0.011707646,0.13080247,-0.02623078,6.388889,-0.81362504,9.218835,-0.2693127,0.26160493,-0.05246156,0.1679023,-0.021382358,0.10820188,-0.003160939,251.93227,248.00977,332.37738,1.0829377,14.152503,1.0168879
2,38,15,0.0069999998,0.10281372,0.062026344,0.029351044,0.011436329,0.12452544,-0.023662282,6.518993,-1.0586443,9.111389,-0.12761773,0.24905089,-0.047324564,0.17132147,-0.027821558,0.106940776,-0.0014978515,251.97415,248.14714,332.47565,1.186262,14.152503,0.88113266
2,39,15,0.0069999998,0.12106617,0.08143163,0.028257485,0.011377055,0.14268114,-0.032393586,6.396397,-1.5919528,9.087746,-0.3188862,0.28536227,-0.06478717,0.16809963,-0.041837096,0.10666328,-0.0037427829,252.0277,248.35303,333.58044,1.910839,14.152503,0.968991
2,40,15,0.0069999998,0.119988665,0.07501387,0.03449787,0.010476929,0.1369433,-0.026360279,7.067483,-1.3571509,8.720838,-0.041482944,0.2738866,-0.052720558,0.18573602,-0.035666414,0.10235687,-0.00048688205,252.02803,248.33151,333.2383,1.3986338,14.152503,1.0484902
2,41,15,0.0069999998,0.09260881,0.053051945,0.029891655,0.009665206,0.11516504,-0.017643627,6.5787535,-0.4074724,8.376195,0.25482225,0.23033008,-0.035287254,0.17289203,-0.010708525,0.09831178,0.0029908563,252.04723,248.35342,333.2887,0.15265015,14.14874,0.7490341
2,42,15,0.0069999998,0.123995155,0.08256752,0.03158346,0.009844173,0.14367282,-0.029413426,6.762364,-0.688749,8.453387,-0.018725462,0.28734565,-0.058826853,0.17771736,-0.018100573,0.0992178,-0.00021978219,252.06688,248.34285,334.0845,0.70747447,14.14874,0.9404327
2,43,15,0.0069999998,0.10961168,0.06285963,0.038107447,0.008644602,0.12535912,-0.021168448,7.42803,-0.57947963,7.921615,0.3207735,0.25071824,-0.042336896,0.19521129,-0.015228934,0.092976354,0.0037649316,252.06952,248.37202,333.59897,0.25870612,14.14874,0.90998834
2,44,15,0.0069999998,0.100558124,0.05828892,0.033290584,0.00897862,0.12071549,-0.021424089,6.9427156,-0.8043407,8.073205,0.17398827,0.24143098,-0.042848177,0.18245707,-0.021138364,0.09475558,0.0020421105,252.17046,248.84087,333.80255,0.63035244,14.14874,0.8471673
2,45,15,0.0069999998,0.11193555,0.069950975,0.03375073,0.008233839,0.13224123,-0.020295383,6.9905324,0.06572731,7.7311196,0.14685875,0.26448247,-0.040590767,0.18371372,0.0017273366,0.0907405,0.0017236875,252.31451,249.46684,335.3406,-0.21258606,14.144814,0.64480436
2,46,15,0.0069999998,0.09070295,0.049632777,0.03384069,0.007229486,0.11139207,-0.008669195,6.9998426,0.30699405,7.244274,0.6172056,0.22278415,-0.01733839,0.1839584,0.008067916,0.08502638,0.0072441692,252.34189,249.61829,335.2425,-0.9241997,14.144814,0.5714379
2,47,15,0.0069999998,0.085863546,0.046324506,0.032267664,0.007271381,0.10761564,-0.006784448,6.835219,0.15809716,7.265235,0.54187137,0.21523128,-0.013568896,0.17963202,0.004154847,0.085272394,0.0063599697,252.36679,249.63344,334.9764,-0.6999685,14.144814,0.5193276
2,48,15,0.0069999998,0.10136721,0.06286657,0.031117387,0.0073832576,0.12536603,-0.01548545,6.7122827,-0.13228276,7.320913,0.25167382,0.25073206,-0.0309709,0.17640121,-0.0034764356,0.085925885,0.0029539047,252.46867,249.93391,335.8062,-0.119391054,14.144814,0.5923427
2,49,15,0.0069999998,0.08505356,0.04304498,0.03478244,0.0072261426,0.10373642,0.0060412013,7.0965734,1.249155,7.2426,0.8040595,0.20747285,0.012082403,0.1865005,0.032828245,0.08500672,0.009437283,252.48967,250.02525,335.28564,-2.0532146,14.140828,0.3776595
2,50,15,0.0069999998,0.08325516,0.0436417,0.03220344,0.0074100164,0.10445298,0.0058582514,6.8284135,1.4591743,7.334167,0.72590685,0.20890597,0.011716503,0.17945316,0.038347628,0.08608145,0.00852,252.5176,250.16106,335.1763,-2.185081,14.140828,0.36527953
2,51,15,0.0069999998,0.118760854,0.08087993,0.030684933,0.007195996,0.14219698,-0.006785088,6.665477,1.3909802,7.227476,0.34778696,0.28439397,-0.013570176,0.17517115,0.036555458,0.08482922,0.0040819915,252.56612,250.3213,336.03827,-1.7387671,14.140828,0.4697853
2,52,15,0.0069999998,0.08176411,0.041594584,0.033732716,0.006436811,0.10197375,0.0037449647,6.9886665,1.6407391,6.8355994,0.8375772,0.2039475,0.0074899294,0.18366468,0.04311922,0.08022974,0.009830681,252.59256,250.47237,335.97238,-2.4783163,14.140828,0.38412493
2,53,15,0.0069999998,0.094122395,0.049193688,0.038345706,0.006583009,0.11089825,0.014870287,7.451215,2.2577693,6.9127913,1.0438802,0.2217965,0.029740574,0.1958206,0.059334997,0.08113574,0.012252072,252.62674,250.68947,336.15253,-3.3016496,14.137036,0.61021435
2,54,15,0.0069999998,0.10934637,0.067484386,0.035049584,0.006812399,0.12988879,0.005251444,7.123774,2.1756532,7.0322003,0.71874946,0.25977758,0.010502888,0.18721534,0.057176966,0.082537256,0.008435994,252.67255,250.87769,337.05188,-2.8944027,14.137036,0.5845677
2,55,15,0.0069999998,0.08482287,0.04404946,0.03404542,0.0067279893,0.10493982,0.012644457,7.020985,2.3529556,6.9884987,0.9190525,0.20987964,0.025288913,0.18451402,0.061836533,0.08202432,0.010786961,252.6493,250.8923,336.58414,-3.272008,14.137036,0.5571245
2,56,15,0.0069999998,0.084027536,0.04509238,0.032252897,0.006682252,0.106174834,0.014653399,6.8336544,2.1174102,6.9647045,0.7550969,0.21234967,0.029306797,0.17959091,0.0556463,0.08174504,0.008862606,252.64363,250.93185,336.41705,-2.872507,14.137036,0.60948473
2,57,15,0.0069999998,0.088521965,0.04898528,0.033156194,0.006380488,0.11066309,0.010778352,6.928688,2.3469615,6.8056273,0.50802386,0.22132619,0.021556703,0.18208842,0.061679,0.07987796,0.005962699,252.66998,250.92395,337.31888,-2.8549852,14.133408,0.7290528
2,58,15,0.0069999998,0.083559,0.040651,0.036535483,0.0063725156,0.10081047,0.019269982,7.2732096,2.611922,6.8013744,0.8126144,0.20162094,0.038539965,0.19114257,0.06864226,0.07982804,0.009537692,252.63905,250.75072,336.74155,-3.4245365,14.133408,0.70840526
2,59,15,0.0069999998,0.08995628,0.044304404,0.039272413,0.006379474,0.10524306,0.019526396,7.5407143,2.7613897,6.805086,0.74523985,0.21048611,0.039052792,0.19817269,0.07257031,0.07987161,0.008746915,252.6396,250.76448,336.38135,-3.5066295,14.133408,0.7485205
2,60,15,0.0069999998,0.11420995,0.06672491,0.040905155,0.006579885,0.12915583,0.006994958,7.6958685,2.731513,6.911151,0.6389492,0.25831166,0.013989916,0.20225023,0.07178515,0.08111649,0.007499377,252.72212,251.0732,337.3642,-3.3704622,14.133408,0.7055842
2,61,15,0.0069999998,0.09013854,0.03919127,0.04389722,0.007050052,0.09898392,0.020541947,7.9723644,3.0170555,7.1538095,1.2230368,0.19796784,0.041083895,0.20951663,0.07928931,0.083964586,0.01435484,252.73607,251.1393,337.1013,-4.2400923,14.129908,0.63836306
2,62,15,0.0069999998,0.095135435,0.045100525,0.042654563,0.0073803477,0.10618442,0.021380665,7.858713,2.8071754,7.31947,1.0847086,0.21236885,0.04276133,0.20652981,0.07377358,0.08590895,0.012731273,252.75519,251.23645,337.15656,-3.8918839,14.129908,0.69671154
2,63,15,0.0069999998,0.09061828,0.046094093,0.037068274,0.0074559175,0.107347675,0.010508817,7.3260493,2.6308143,7.3568473,0.92239165,0.21469535,0.021017633,0.19253123,0.06913875,0.086347654,0.010826152,252.83081,251.52083,338.26428,-3.553206,14.129908,0.63628227
2,64,15,0.0069999998,0.0882625,0.04156793,0.038877707,0.007816864,0.10194107,0.019609699,7.5027246,3.0404716,7.532818,1.1349349,0.20388214,0.039219398,0.19717431,0.07990468,0.08841303,0.013320783,252.84569,251.65353,337.90253,-4.1754065,14.129908,0.8098755
2,65,15,0.0069999998,0.08329543,0.043307703,0.032320008,0.007667711,0.104052514,0.023094302,6.8407607,2.7399442,7.4606056,1.0340381,0.20810503,0.046188604,0.17977767,0.07200673,0.08756547,0.012136557,252.87563,251.77324,337.6984,-3.7739823,14.126544,0.54876846
2,66,15,0.0069999998,0.08583193,0.046187203,0.032305975,0.0073387567,0.10745604,0.012251184,6.8392754,2.5744805,7.2988167,0.5947312,0.21491209,0.024502369,0.17973863,0.067658275,0.085666545,0.006980389,252.93411,251.98962,338.3729,-3.1692119,14.126544,0.46321633
2,67,15,0.0069999998,0.0850317,0.03635498,0.040832978,0.007843746,0.09533491,0.020841205,7.689076,2.7814398,7.545759,0.8779194,0.19066982,0.04168241,0.20207171,0.073097244,0.088564925,0.01030418,252.94661,252.00647,337.8629,-3.6593592,14.126544,0.4618525
2,68,15,0.0069999998,0.08635893,0.04145048,0.0367418,0.008166646,0.101796955,0.02146076,7.293717,2.717983,7.6995096,0.92518044,0.20359391,0.04292152,0.1916815,0.07142958,0.09036949,0.010858886,252.98384,252.13458,337.59613,-3.6431634,14.126544,0.5238151
2,69,15,0.0069999998,0.08579117,0.042109244,0.03591798,0.007763955,0.10260268,0.0052500414,7.2114844,1.8473822,7.507282,0.4825179,0.20520537,0.010500083,0.18952039,0.04854988,0.08811331,0.0056633335,253.0435,252.46733,338.62604,-2.3299,14.123325,0.32057223
2,70,15,0.0069999998,0.08230702,0.03552615,0.038827892,0.007952982,0.09424191,0.013109326,7.497916,2.139539,7.5981207,0.9111307,0.18848382,0.026218653,0.19704795,0.05622786,0.08917949,0.01069398,253.01076,252.41689,338.3099,-3.0506697,14.123325,0.3569829
2,71,15,0.0069999998,0.08290121,0.040166084,0.03474719,0.007987928,0.10020739,0.016908722,7.092976,1.8516335,7.6147966,0.9843038,0.20041478,0.033817444,0.18640599,0.048661605,0.089375205,0.011552818,252.9761,252.2335,338.25488,-2.8359373,14.123325,0.36897233
2,72,15,0.0069999998,0.0771742,0.036305644,0.033022188,0.007846372,0.0952702,0.0036087153,6.914672,1.7808695,7.547024,0.90885997,0.1905404,0.0072174305,0.18172008,0.046801895,0.08857975,0.010667329,253.01878,252.28885,339.1858,-2.6897295,14.123325,0.30930418
2,73,15,0.0069999998,0.07965669,0.03898906,0.032356143,0.0083114905,0.09872824,0.0090051945,6.8445835,0.7849203,7.76749,1.2765832,0.19745648,0.018010389,0.17987813,0.020627985,0.091167375,0.014983314,253.05406,252.51859,338.66528,-2.0615034,14.120034,0.41832435
2,74,15,0.0069999998,0.08294913,0.04313666,0.031621553,0.008190911,0.10384683,0.012494245,6.7664404,0.50172794,7.7109404,1.1505499,0.20769367,0.02498849,0.1778245,0.013185592,0.090503655,0.013504058,253.08865,252.61569,338.52676,-1.6522778,14.120034,0.3935359
2,75,15,0.0069999998,0.077163085,0.041265007,0.028373726,0.007524354,0.10156895,-0.00030417935,6.4095397,0.56237423,7.390534,0.8455715,0.2031379,-0.0006083587,0.16844502,0.0147794,0.086743034,0.00992451,253.15195,252.85085,339.56912,-1.4079458,14.120034,0.3722069
2,76,15,0.0069999998,0.07790386,0.03843797,0.030733842,0.008732041,0.09802802,0.0094985375,6.670787,0.83392656,7.9615765,1.2754352,0.19605604,0.018997075,0.1753107,0.021915894,0.09344539,0.014969842,253.125,252.78549,339.0822,-2.1093616,14.120034,0.4354029
2,77,15,0.0069999998,0.07809014,0.042252004,0.027575528,0.008262604,0.10277646,0.008432381,6.3187413,-0.3529167,7.744612,0.87538797,0.20555292,0.016864762,0.16605881,-0.009274784,0.090898864,0.010274473,253.08817,252.54639,338.73846,-0.5224713,14.116456,0.52793175
2,78,15,0.0069999998,0.07739808,0.042114075,0.027379258,0.007904748,0.10260857,-0.0051321033,6.2962146,-0.37233093,7.5750456,0.6972946,0.20521714,-0.010264207,0.16546679,-0.00978499,0.08890865,0.008184178,253.09212,252.5159,339.5358,-0.32496366,14.116456,0.53825
2,79,15,0.0069999998,0.082980946,0.042967867,0.031524558,0.00848852,0.10364346,0.0037214023,6.756055,-0.31493762,7.8497753,1.1751313,0.20728692,0.0074428045,0.17755157,-0.008276673,0.092133164,0.013792572,253.04703,252.38423,338.8398,-0.8601937,14.116456,0.52638996
2,80,15,0.0069999998,0.08135116,0.041336045,0.031557217,0.008457902,0.10165634,0.0065777446,6.759554,-0.47193637,7.8356047,1.1438221,0.20331268,0.013155489,0.17764351,-0.012402663,0.09196685,0.013425087,253.04054,252.33342,338.6115,-0.6718857,14.116456,0.55880606
2,81,15,0.0069999998,0.084477425,0.04579912,0.030535813,0.008142483,0.107003644,-0.0041068736,6.649261,-1.4073459,7.6881113,0.68631613,0.21400729,-0.008213747,0.174745,-0.036985558,0.09023571,0.008055318,253.0872,252.43166,339.19638,0.72102976,14.112576,0.5564757
2,82,15,0.0069999998,0.07970324,0.04118931,0.029624306,0.008889634,0.101475745,0.0035410998,6.5492682,-1.1551732,8.0331,0.92004937,0.20295149,0.0070821997,0.17211713,-0.03035837,0.094284855,0.010798656,253.12376,252.5681,338.78317,0.23512381,14.112576,0.650152
2,83,15,0.0069999998,0.08034285,0.04036205,0.03153105,0.008449757,0.100451544,0.0064035486,6.756751,-1.2777857,7.8318315,0.71573937,0.20090309,0.012807097,0.17756985,-0.033580676,0.09192256,0.008400669,253.17706,252.65187,338.60962,0.5620463,14.112576,0.61768323
2,84,15,0.0069999998,0.08304922,0.04164507,0.033208124,0.008196026,0.10203562,-0.00023731303,6.9341116,-1.5325727,7.7133474,0.5316444,0.20407124,-0.00047462605,0.18223096,-0.04027656,0.09053191,0.0062399358,253.2985,253.09839,339.60168,1.0009284,14.112576,0.6455122
2,85,15,0.0069999998,0.08160287,0.040135484,0.03310733,0.00836006,0.10016921,0.0064280136,6.9235806,-1.9450941,7.7901516,0.8315861,0.20033842,0.012856027,0.18195419,-0.051117778,0.09143336,0.009760368,253.3639,253.49132,339.43173,1.113508,14.108463,0.50001603
2,86,15,0.0069999998,0.079598345,0.03936574,0.031552207,0.008680397,0.099204004,0.008517976,6.7590175,-1.9388902,7.937999,0.8899086,0.19840801,0.017035952,0.17762941,-0.05095474,0.093168646,0.010444894,253.42365,253.76947,339.6089,1.0489817,14.108463,0.46910372
2,87,15,0.0069999998,0.08641289,0.04578197,0.031914786,0.008716138,0.10698361,-0.001234585,6.797742,-1.9345735,7.954323,0.75250304,0.21396722,-0.00246917,0.1786471,-0.050841294,0.09336026,0.0088321585,253.47307,253.92894,340.75137,1.1820705,14.108463,0.49908167
2,88,15,0.0069999998,0.08134847,0.038912565,0.033037018,0.009398888,0.09863134,0.0051390454,6.916224,-2.042279,8.259989,1.0399603,0.19726267,0.010278091,0.18176088,-0.053671833,0.09694786,0.0122060655,253.44507,253.88829,340.25568,1.0023187,14.108463,0.5366476
2,89,15,0.0069999998,0.082366176,0.04265047,0.030740729,0.008974975,0.10325995,0.00861174,6.671535,-2.2731848,8.071567,0.77625424,0.2065199,0.01722348,0.17533034,-0.05974012,0.094736345,0.009110935,253.42764,253.75667,339.84528,1.4969306,14.104237,0.4187015
2,90,15,0.0069999998,0.08430773,0.046089012,0.029128581,0.009090141,0.10734176,-0.0025167598,6.49424,-2.19077,8.123188,0.6262793,0.21468352,-0.0050335196,0.17067097,-0.057574224,0.095342234,0.007350669,253.45299,253.81892,340.5908,1.5644906,14.104237,0.37017536
2,91,15,0.0069999998,0.072536744,0.033707764,0.029791795,0.009037189,0.09179837,0.0032302893,6.5677557,-2.1542363,8.099494,0.77217567,0.18359675,0.0064605786,0.172603,-0.056614105,0.09506413,0.00906306,253.42546,253.77371,340.02185,1.3820606,14.104237,0.3642933
2,92,15,0.0069999998,0.07697584,0.037476778,0.030652136,0.00884692,0.0967946,0.0077798883,6.661914,-2.2461083,8.013777,0.72440577,0.1935892,0.015559777,0.17507751,-0.059028547,0.09405807,0.008502382,253.45596,253.859,339.7069,1.5217025,14.104237,0.39873186
2,93,15,0.0069999998,0.08844005,0.050172072,0.030357217,0.007910768,0.111995615,-0.002032242,6.629788,-2.0628252,7.5779295,0.32260826,0.22399123,-0.004064484,0.17423323,-0.05421179,0.0889425,0.0037864724,253.55777,254.23834,340.7489,1.740217,14.100003,0.40561917
2,94,15,0.0069999998,0.077658504,0.03764464,0.031509772,0.008504093,0.097011134,0.004690437,6.7544703,-2.051633,7.856972,0.7042597,0.19402227,0.009380874,0.17750992,-0.05391765,0.09221764,0.008265924,253.58818,254.49625,340.66586,1.3473732,14.100003,0.43811983
2,95,15,0.0069999998,0.076600134,0.038479783,0.02887708,0.00924327,0.09808132,0.0076976125,6.466143,-1.8147982,8.191322,0.8598836,0.19616264,0.015395225,0.16993257,-0.04769355,0.09614193,0.010092492,253.60118,254.46776,340.63928,0.9549146,14.100003,0.52060616
2,96,15,0.0069999998,0.08216278,0.04361753,0.029200995,0.009344258,0.10442405,-0.0025946444,6.5023074,-1.8489549,8.235948,0.6372559,0.2088481,-0.005189289,0.17088298,-0.048591204,0.0966657,0.0074794968,253.6632,254.60661,341.4737,1.211699,14.100003,0.39192054
2,97,15,0.0069999998,0.06936967,0.03549905,0.025069883,0.00880073,0.09420596,0.0052669556,6.0248303,-1.0906066,7.9928293,0.8569054,0.18841192,0.010533911,0.15833472,-0.028661536,0.093812205,0.010057541,253.67358,254.68024,340.98035,0.23370117,14.096024,0.43097284
2,98,15,0.0069999998,0.07408072,0.038834207,0.026255438,0.008991074,0.098531984,0.008627114,6.1656427,-1.185111,8.078802,0.9902669,0.19706397,0.017254228,0.1620353,-0.031145142,0.094821274,0.0116228,253.68536,254.69583,340.6012,0.19484413,14.096024,0.4829461
2,99,15,0.0069999998,0.08711253,0.047854353,0.029846705,0.009411473,0.10937819,-0.0014897401,6.573806,-1.3422552,8.265516,0.79506016,0.21875638,-0.0029794802,0.17276199,-0.035274945,0.09701274,0.009331662,253.77759,254.9459,341.53372,0.5471951,14.096024,0.44021675
2,100,15,0.0069999998,0.080315836,0.036857758,0.033101965,0.010356115,0.09599187,0.0057074535,6.9230194,-1.3118492,8.67041,1.0432034,0.19198374,0.011414907,0.18193945,-0.03447589,0.101765,0.012244123,253.82576,255.256,341.31375,0.26864588,14.096024,0.43494985
3,1,15,0.0048999996,0.09712804,0.052159816,0.033927616,0.011040606,0.11419262,0.02246296,7.008827,0.2869232,8.952363,0.0018707045,0.22838524,0.04492592,0.1841945,0.0075404476,0.10507429,2.1956786e-5,251.77629,247.40732,331.1576,-0.2887939,14.092352,0.42840722
3,2,15,0.0048999996,0.10393186,0.05696418,0.03614096,0.010826723,0.11933585,0.02248081,7.233834,0.14853992,8.865224,-0.16575867,0.2386717,0.04496162,0.19010776,0.003903678,0.10405154,-0.0019455188,251.72502,247.17603,330.7075,0.017218754,14.092352,0.48290375
3,3,15,0.0048999996,0.10382714,0.05852549,0.034587897,0.01071375,0.12096021,0.013101684,7.0766993,0.52454585,8.81885,-0.18036236,0.24192043,0.026203368,0.18597822,0.013785254,0.10350724,-0.0021169223,251.72253,247.067,330.95248,-0.3441835,14.092352,0.522914
3,4,15,0.0048999996,0.095741354,0.053672593,0.031616066,0.010452697,0.11583673,0.02076996,6.7658534,0.63779926,8.710747,-0.013005864,0.23167346,0.04153992,0.17780907,0.016761594,0.10223843,-0.0001526478,251.70955,247.12593,330.43088,-0.6247934,14.092352,0.42712274
3,5,15,0.0048999996,0.0951056,0.05551746,0.028980222,0.010607917,0.11781072,0.0197081,6.47768,0.67379963,8.775185,-0.15115048,0.23562144,0.0394162,0.17023578,0.0177077,0.10299474,-0.0017740558,251.7017,247.09718,330.6756,-0.52264917,14.090056,0.45468748
3,6,15,0.0048999996,0.09288468,0.052739434,0.029749911,0.010395341,0.11482534,0.0121398745,6.563138,0.9191324,8.686814,-0.20526274,0.22965068,0.024279749,0.17248163,0.02415514,0.101957545,-0.0024091746,251.67625,246.96262,331.1134,-0.7138697,14.090056,0.4340029
3,7,15,0.0048999996,0.090964735,0.05268949,0.028200166,0.010075077,0.11477096,0.018042296,6.389907,0.95084965,8.551955,-0.121330224,0.22954191,0.036084592,0.16792905,0.024988674,0.100374684,-0.0014240615,251.60002,246.68092,330.54834,-0.82951945,14.090056,0.40959808
3,8,15,0.0048999996,0.092870645,0.056104153,0.026913224,0.009853268,0.118431576,0.018591613,6.2423987,0.53494847,8.457293,-0.19263713,0.23686315,0.037183225,0.1640525,0.01405863,0.09926363,-0.0022609895,251.55154,246.436,330.34958,-0.34231132,14.090056,0.45435494
3,9,15,0.0048999996,0.095789105,0.05663033,0.029028576,0.0101302,0.11898564,0.008025741,6.4830823,1.0731881,8.575318,-0.26214904,0.23797128,0.016051482,0.17037775,0.028203772,0.100648895,-0.003076855,251.522,246.30591,330.42346,-0.81103903,14.088002,0.4041225
3,10,15,0.0048999996,0.09195255,0.05362188,0.028228916,0.010101751,0.11578199,0.016030753,6.393163,1.0946776,8.563269,-0.14561674,0.23156399,0.032061506,0.16801463,0.028768517,0.10050747,-0.001709109,251.45071,246.06303,329.59995,-0.9490608,14.088002,0.37757045
3,11,15,0.0048999996,0.090392604,0.054462235,0.026172686,0.009757686,0.116685726,0.015187928,6.1559176,0.88022745,8.416173,-0.2845392,0.23337145,0.030375857,0.16177975,0.023132693,0.098781005,-0.0033396524,251.43567,245.94351,329.48032,-0.5956882,14.088002,0.3972371
3,12,15,0.0048999996,0.0939064,0.055724744,0.028393287,0.00978837,0.118030444,0.007819388,6.4117484,1.0719606,8.429396,-0.34216455,0.23606089,0.015638776,0.16850308,0.02817152,0.09893619,-0.0040160064,251.45294,245.96832,329.93225,-0.72979605,14.088002,0.4243584
3,13,15,0.0048999996,0.08290029,0.046748012,0.026160939,0.009991338,0.10810644,0.0107792895,6.1545362,1.4651824,8.516341,-0.08431028,0.21621288,0.021558579,0.16174343,0.03850552,0.09995668,-0.0009895563,251.42914,245.84444,329.4767,-1.3808721,14.086125,0.38374972
3,14,15,0.0048999996,0.07915872,0.04598732,0.023362849,0.009808553,0.10722327,0.011812251,5.816097,1.257368,8.438082,0.025245436,0.21444654,0.023624502,0.15284911,0.03304409,0.09903814,0.00029630493,251.39911,245.6036,329.44748,-1.2826134,14.086125,0.34962252
3,15,15,0.0048999996,0.085619494,0.0509918,0.024812436,0.00981526,0.11290682,0.0039871745,5.9938154,1.4674847,8.440966,-0.13960066,0.22581364,0.007974349,0.15751964,0.03856603,0.099071994,-0.0016384968,251.41203,245.70517,330.02637,-1.3278841,14.086125,0.3999209
3,16,15,0.0048999996,0.077795126,0.041217923,0.02700247,0.009574733,0.10151099,0.012128295,6.252741,1.6152338,8.336899,0.10194266,0.20302197,0.02425659,0.16432428,0.04244893,0.09785056,0.0011965061,251.38356,245.70972,329.52365,-1.7171764,14.086125,0.39306283
3,17,15,0.0048999996,0.074217916,0.04099647,0.022611922,0.0106095215,0.10123792,0.011125672,5.721863,1.206715,8.775847,0.09295777,0.20247585,0.022251343,0.15037261,0.03171291,0.10300253,0.001091048,251.41331,245.81012,329.54346,-1.2996727,14.084356,0.32079276
3,18,15,0.0048999996,0.084398285,0.047307644,0.025680361,0.011410282,0.1087516,0.0037210488,6.0977445,1.2789992,9.101006,-0.23767413,0.2175032,0.0074420976,0.16025093,0.033612564,0.10681892,-0.0027895889,251.45842,245.93742,329.89685,-1.0413251,14.084356,0.4009668
3,19,15,0.0048999996,0.075530834,0.04392043,0.020813726,0.0107966745,0.10478601,0.009928818,5.4896364,1.3943648,8.852914,0.020390982,0.20957202,0.019857636,0.14426963,0.036644414,0.10390705,0.00023933251,251.4732,246.07794,329.7414,-1.4147558,14.084356,0.37446025
3,20,15,0.0048999996,0.0756089,0.042998943,0.02151343,0.011096528,0.10368093,0.011722777,5.581147,1.0419961,8.975006,-0.16817205,0.20736186,0.023445554,0.14667457,0.027384035,0.105340056,-0.0019738458,251.51729,246.30702,330.07733,-0.87382406,14.084356,0.34066916
3,21,15,0.0048999996,0.07781999,0.04440579,0.022689683,0.010724513,0.105363406,0.0021008765,5.7316923,1.1820278,8.823278,-0.18759279,0.21072681,0.004201753,0.15063095,0.031064115,0.103559226,-0.0022017835,251.52429,246.30852,330.49622,-0.994435,14.082648,0.33745825
3,22,15,0.0048999996,0.06990184,0.036405582,0.0227127,0.010783557,0.095401235,0.009215573,5.7345986,1.3815712,8.847533,-0.10594239,0.19080247,0.018431146,0.15070733,0.036308188,0.103843905,-0.0012434516,251.48009,246.20139,329.88885,-1.2756288,14.082648,0.3149122
3,23,15,0.0048999996,0.070297174,0.037393223,0.021786459,0.011117495,0.09668664,0.010147496,5.6164513,1.2049817,8.98348,-0.2560972,0.19337328,0.020294992,0.14760236,0.031667355,0.10543953,-0.0030058273,251.48639,246.21965,329.90192,-0.9488845,14.082648,0.31082442
3,24,15,0.0048999996,0.076417245,0.044455405,0.0207376,0.011224238,0.10542225,0.00053972803,5.479588,1.3673211,9.026505,-0.31260988,0.2108445,0.0010794561,0.14400555,0.035933692,0.10594451,-0.0036691187,251.49097,246.3153,330.58243,-1.0547112,14.082648,0.34883982
3,25,15,0.0048999996,0.06954785,0.037989613,0.020939399,0.010618835,0.09745462,0.007017651,5.5061846,1.0086585,8.779699,-0.05340761,0.19490924,0.014035302,0.14470452,0.02650791,0.10304773,-0.0006268482,251.41608,246.00699,329.8594,-0.9552509,14.081,0.30531064
3,26,15,0.0048999996,0.06753596,0.03600958,0.020665051,0.010861331,0.09488095,0.008188395,5.469995,0.75429064,8.879382,-0.10311874,0.1897619,0.01637679,0.14375344,0.019823031,0.10421771,-0.0012103114,251.38057,245.75604,329.56158,-0.6511719,14.081,0.33844772
3,27,15,0.0048999996,0.07254187,0.038820382,0.022991544,0.010729947,0.098514445,-5.406021e-5,5.7696934,0.9668218,8.825515,-0.32043117,0.19702889,-0.00010812042,0.15162963,0.025408424,0.10358546,-0.0037609206,251.39095,245.85156,330.0773,-0.6463906,14.081,0.33216986
3,28,15,0.0048999996,0.070830844,0.036880128,0.023648962,0.010301752,0.096021,0.0076134712,5.851601,0.8839041,8.647623,-0.07868557,0.192042,0.0152269425,0.15378219,0.02322932,0.101497546,-0.00092353724,251.36458,245.8129,329.54816,-0.8052185,14.081,0.34134105
3,29,15,0.0048999996,0.062309336,0.03093464,0.020496437,0.010878261,0.08794123,0.0074775205,5.447633,-0.048032165,8.886301,-0.11840327,0.17588246,0.014955041,0.14316577,-0.0012622988,0.104298905,-0.0013897058,251.37657,245.81104,329.57544,0.16643544,14.079388,0.35992908
3,30,15,0.0048999996,0.07395936,0.041298892,0.021737723,0.010922744,0.101610646,-0.0016239788,5.610166,0.3478001,8.904449,-0.18250328,0.20322129,-0.0032479577,0.14743719,0.0091403145,0.10451193,-0.002142049,251.40973,245.84468,330.2607,-0.16529682,14.079388,0.3743303
3,31,15,0.0048999996,0.074322514,0.03839696,0.024891803,0.011033749,0.09797571,0.005791449,6.0033937,0.4406905,8.949581,0.05089808,0.19595142,0.011582898,0.15777136,0.011581502,0.10504165,0.0005973963,251.44385,246.00995,329.76904,-0.49158856,14.079388,0.3768244
3,32,15,0.0048999996,0.06812782,0.0357005,0.020719921,0.011707396,0.09447288,0.0077134385,5.477252,-0.071736924,9.218736,-0.087061875,0.18894576,0.015426877,0.14394416,-0.001885272,0.10820072,-0.0010218536,251.51826,246.35762,330.15802,0.1587988,14.079388,0.41599277
3,33,15,0.0048999996,0.0810153,0.048100967,0.02187166,0.011042672,0.109659664,-0.0014128522,5.627423,-0.2446249,8.953199,-0.37748548,0.21931933,-0.0028257044,0.1478907,-0.0064288294,0.10508412,-0.0044305613,251.55086,246.53706,331.19064,0.62211037,14.077731,0.365508
3,34,15,0.0048999996,0.071964666,0.036898695,0.02468828,0.010377691,0.096045166,0.0050730356,5.978801,0.111934006,8.679438,-0.14921416,0.19209033,0.010146071,0.15712504,0.0029416734,0.101870954,-0.0017513325,251.49365,246.32541,330.49774,0.037280157,14.077731,0.3651601
3,35,15,0.0048999996,0.06329242,0.033096574,0.019752841,0.010443006,0.09096232,0.0035270862,5.347903,-0.007349804,8.706708,-0.21366297,0.18192464,0.0070541725,0.1405448,-0.00019315517,0.10219102,-0.0025077674,251.52713,246.42012,330.72116,0.22101277,14.077731,0.46502963
3,36,15,0.0048999996,0.06793854,0.037008144,0.020368433,0.010561955,0.0961875,-0.0035191171,5.430596,0.32172748,8.756153,-0.34411174,0.192375,-0.0070382343,0.14271802,0.008455102,0.10277137,-0.0040388554,251.61037,246.79686,331.60236,0.022384256,14.077731,0.45613798
3,37,15,0.0048999996,0.06950173,0.036892604,0.022964198,0.009644926,0.09603724,0.0026396299,5.7662616,0.15772031,8.367403,-0.3103836,0.19207448,0.0052792598,0.15153943,0.0041449456,0.098208584,-0.0036429889,251.61987,246.9093,330.99396,0.15266328,14.076024,0.2568564
3,38,15,0.0048999996,0.064311,0.034783944,0.019795198,0.009731855,0.09325227,0.002661549,5.353633,-0.24075548,8.4050255,-0.3479572,0.18650454,0.005323098,0.14069541,-0.0063271425,0.098650165,-0.0040839887,251.63225,246.87527,330.98444,0.5887127,14.076024,0.32375056
3,39,15,0.0048999996,0.06153351,0.03263204,0.019465778,0.00943569,0.090321705,-0.004794189,5.3089,0.025535429,8.276145,-0.4766693,0.18064341,-0.009588378,0.13951981,0.0006710833,0.09713748,-0.0055946857,251.64943,246.87357,331.9465,0.45113388,14.076024,0.3385791
3,40,15,0.0048999996,0.057232827,0.027859394,0.02070837,0.008665063,0.08345567,1.6290054e-5,5.4757247,0.24322617,7.9309845,-0.37077618,0.16691133,3.258011e-5,0.14390403,0.0063920696,0.093086325,-0.0043518194,251.57494,246.70534,331.25244,0.12755,14.076024,0.36463356
3,41,15,0.0048999996,0.051987365,0.027460255,0.01641923,0.008107877,0.08285568,-0.002114454,4.875791,-0.5014038,7.6717563,-0.70667785,0.16571136,-0.004228908,0.12813754,-0.013177062,0.09004375,-0.008294311,251.51913,246.49355,331.02414,1.2080817,14.074213,0.20111407
3,42,15,0.0048999996,0.0625228,0.038271032,0.016065685,0.008186076,0.09781492,-0.010666298,4.8230114,-0.19455148,7.7086644,-0.9004154,0.19562984,-0.021332595,0.12675048,-0.005112888,0.09047694,-0.010568219,251.52081,246.42484,331.62982,1.0949669,14.074213,0.22756381
3,43,15,0.0048999996,0.057003926,0.031025939,0.018480785,0.0074972035,0.08807091,-0.00049629685,5.1728377,0.11706034,7.3771887,-0.60651743,0.17614181,-0.0009925937,0.13594405,0.0030763824,0.08658639,-0.007118728,251.49524,246.32689,331.00845,0.4894571,14.074213,0.20789064
3,44,15,0.0048999996,0.05299954,0.02882826,0.016615596,0.0075556864,0.08489443,-0.0012284245,4.9048605,-0.09328769,7.4059052,-0.5889699,0.16978887,-0.002456849,0.1289015,-0.0024516366,0.08692345,-0.006912762,251.49524,246.28085,330.94247,0.6822576,14.074213,0.21510346
3,45,15,0.0048999996,0.06009708,0.034886926,0.017529288,0.007680867,0.09339021,-0.009900467,5.0379148,-0.55613,7.467003,-0.9007018,0.18678042,-0.019800933,0.13239822,-0.014615303,0.08764055,-0.010571579,251.5537,246.5655,331.58942,1.4568318,14.072308,0.2589336
3,46,15,0.0048999996,0.060557712,0.033143375,0.02033131,0.0070830234,0.09102661,-0.0018684382,5.4256444,-0.4381439,7.1705174,-0.63547385,0.18205322,-0.0037368764,0.1425879,-0.011514577,0.0841607,-0.0074585844,251.5614,246.5704,331.17764,1.0736177,14.072308,0.26420304
3,47,15,0.0048999996,0.05248257,0.02565241,0.01978595,0.0070442124,0.08008185,-0.00050277525,5.3523827,-0.8850688,7.150846,-0.7798169,0.1601637,-0.0010055505,0.14066254,-0.023259928,0.08392981,-0.009152748,251.625,246.73921,331.2562,1.6648858,14.072308,0.2164309
3,48,15,0.0048999996,0.064963736,0.03786829,0.0201205,0.0069749462,0.09729888,-0.008964925,5.397443,-0.5246474,7.1156025,-0.88416314,0.19459777,-0.01792985,0.14184675,-0.013787924,0.08351614,-0.010377466,251.75725,247.25209,332.4546,1.4088106,14.072308,0.27234125
3,49,15,0.0048999996,0.06262313,0.034745738,0.021484978,0.006392414,0.09320104,0.000100250574,5.577456,-0.45808223,6.8119845,-0.77538115,0.18640208,0.00020050115,0.14657755,-0.012038568,0.079952575,-0.009100689,251.85666,247.79472,332.2941,1.2334634,14.070346,0.37861052
3,50,15,0.0048999996,0.064883895,0.03677902,0.021321962,0.0067829117,0.095889285,0.0007834687,5.556256,-0.82392406,7.016964,-0.9164568,0.19177857,0.0015669374,0.14602041,-0.021653024,0.082358435,-0.010756497,251.9461,248.21828,332.62524,1.7403809,14.070346,0.37247345
3,51,15,0.0048999996,0.060072854,0.035230093,0.018056963,0.0067857974,0.09384841,-0.008978167,5.113179,-0.58187926,7.0184565,-1.1021911,0.18769681,-0.017956333,0.1343762,-0.015291994,0.08237595,-0.012936467,251.99799,248.34367,333.6284,1.6840703,14.070346,0.34673077
3,52,15,0.0048999996,0.059052378,0.032345116,0.020730445,0.0059768204,0.08992374,-0.0007104556,5.478642,-0.3424399,6.5868278,-0.8079863,0.17984748,-0.0014209112,0.14398071,-0.008999442,0.0773099,-0.009483372,251.97546,248.25403,333.092,1.1504261,14.070346,0.28543267
3,53,15,0.0048999996,0.054558206,0.028978644,0.01973015,0.0058494094,0.085115574,0.0005170387,5.3448296,-0.8585185,6.516242,-0.89175695,0.17023115,0.0010340774,0.14046405,-0.022562185,0.07648143,-0.0104665905,252.00507,248.42557,333.3765,1.7502754,14.068296,0.3208041
3,54,15,0.0048999996,0.07406775,0.048417795,0.019662848,0.0059871054,0.11002022,-0.008137644,5.335706,-0.7143436,6.5924926,-1.1440226,0.22004044,-0.016275289,0.14022428,-0.018773206,0.07737639,-0.013427446,252.06134,248.61255,334.33972,1.8583663,14.068296,0.36224023
3,55,15,0.0048999996,0.056849245,0.030374745,0.021115554,0.005358945,0.08714176,-0.00032653168,5.529297,-0.5705445,6.2370734,-0.9582205,0.17428352,-0.00065306335,0.14531192,-0.014994112,0.073204815,-0.011246677,252.06984,248.70027,334.0221,1.528765,14.068296,0.36537194
3,56,15,0.0048999996,0.05656014,0.029111823,0.021879598,0.005568716,0.085310936,-0.00046591656,5.6284432,-0.90012544,6.3579736,-1.2568125,0.17062187,-0.0009318331,0.14791754,-0.023655618,0.07462383,-0.01475127,252.0829,248.8597,333.88416,2.1569378,14.068296,0.35939988
3,57,15,0.0048999996,0.06493156,0.038649663,0.020695651,0.0055862404,0.09829759,-0.00576276,5.4740434,-0.75290585,6.36797,-1.5815005,0.19659518,-0.01152552,0.14385983,-0.01978664,0.074741155,-0.018562144,252.1153,248.96066,334.7821,2.3344064,14.066172,0.39307526
3,58,15,0.0048999996,0.06403422,0.036295272,0.022421535,0.005317419,0.09525659,0.0013553388,5.697723,-0.42267585,6.212861,-1.2287232,0.19051318,0.0027106777,0.14973822,-0.0111080725,0.072920635,-0.014421579,252.11104,249.03938,334.23785,1.651399,14.066172,0.5520799
3,59,15,0.0048999996,0.060191803,0.034049913,0.02061889,0.005523,0.092263095,0.0011249275,5.4638824,-0.77299863,6.3318224,-1.284711,0.18452619,0.002249855,0.14359279,-0.020314679,0.07431689,-0.01507871,252.11766,249.04707,334.0195,2.0577097,14.066172,0.41201562
3,60,15,0.0048999996,0.06623328,0.038469322,0.02183302,0.005930938,0.09806799,-0.008533765,5.62245,-0.5787774,6.5614967,-1.4468843,0.19613598,-0.01706753,0.14776,-0.0152104795,0.07701258,-0.016982142,252.17148,249.1706,335.0384,2.0256617,14.066172,0.4333988
3,61,15,0.0048999996,0.06313505,0.036736943,0.02073578,0.005662328,0.09583442,0.00326043,5.4793477,-0.48349673,6.4111915,-1.2965841,0.19166884,0.00652086,0.14399923,-0.012706465,0.07524844,-0.015218068,252.1937,249.30592,334.59976,1.7800808,14.06395,0.33401528
3,62,15,0.0048999996,0.059173122,0.031933945,0.021267273,0.0059719034,0.08935036,0.0034120372,5.549126,-1.0291271,6.584117,-1.3112179,0.17870072,0.0068240743,0.14583303,-0.027045833,0.07727809,-0.015389824,252.22739,249.3222,334.63614,2.340345,14.06395,0.30865198
3,63,15,0.0048999996,0.06096503,0.034409374,0.020628583,0.005927074,0.09274882,-0.0050211367,5.465166,-0.9422805,6.5593576,-1.3363748,0.18549764,-0.010042273,0.14362654,-0.024763469,0.07698749,-0.01568509,252.33208,249.58452,335.63156,2.2786553,14.06395,0.31923792
3,64,15,0.0048999996,0.05876117,0.03161684,0.021091389,0.0060529383,0.088905625,0.0062185363,5.526132,-0.5673578,6.6286383,-0.9560768,0.17781125,0.012437073,0.14522874,-0.014910366,0.07780063,-0.011221516,252.37473,249.75647,335.2701,1.5234346,14.06395,0.3234379
3,65,15,0.0048999996,0.05888418,0.03308871,0.019685978,0.006109493,0.09095151,0.008404618,5.338843,-0.8302807,6.6595335,-0.9190343,0.18190302,0.016809236,0.14030673,-0.02182008,0.078163244,-0.010786747,252.43193,249.97668,335.55765,1.749315,14.061687,0.36816052
3,66,15,0.0048999996,0.06223262,0.037748534,0.018940663,0.005543426,0.09714491,0.0008750669,5.236803,-0.57518756,6.3435206,-1.1810116,0.19428982,0.0017501338,0.13762508,-0.015116137,0.07445419,-0.013861585,252.47571,250.11969,336.32675,1.7561991,14.061687,0.3977702
3,67,15,0.0048999996,0.05320985,0.028983627,0.018637396,0.0055888277,0.08512289,0.008217872,5.1947103,-0.3644568,6.3694444,-0.9849044,0.17024578,0.016435744,0.13651885,-0.009578058,0.07475846,-0.0115598645,252.4528,250.12714,335.62085,1.3493612,14.061687,0.22874805
3,68,15,0.0048999996,0.049419872,0.027709033,0.016491124,0.0052197147,0.08323015,0.007650967,4.886454,-0.70523536,6.155518,-1.1337969,0.1664603,0.015301934,0.12841778,-0.018533837,0.072247595,-0.013307423,252.44914,250.15329,335.46503,1.8390323,14.061687,0.25420886
3,69,15,0.0048999996,0.057615142,0.036587317,0.015735205,0.0052926214,0.09563906,-0.0012228176,4.773148,-0.43709356,6.198357,-1.1896147,0.19127811,-0.0024456352,0.12544005,-0.011486977,0.072750404,-0.013962564,252.46938,250.20786,336.1773,1.6267083,14.059461,0.24350393
3,70,15,0.0048999996,0.058858346,0.035391655,0.017871354,0.0055953385,0.09406335,0.008694846,5.086832,-0.17158352,6.3731537,-0.67266506,0.1881267,0.017389692,0.13368379,-0.0045092776,0.074802,-0.007895098,252.45683,250.14209,335.7329,0.8442486,14.059461,0.58426094
3,71,15,0.0048999996,0.0552622,0.030967666,0.01848944,0.0058050957,0.08798816,0.008894614,5.174049,-0.5363987,6.491513,-0.6506185,0.17597632,0.017789228,0.13597588,-0.01409675,0.07619118,-0.0076363394,252.4972,250.20917,335.62366,1.1870172,14.059461,0.254847
3,72,15,0.0048999996,0.059258234,0.0370508,0.016652415,0.005555024,0.09624292,0.0011466098,4.9102917,-0.50019383,6.350153,-1.0184011,0.19248584,0.0022932196,0.12904423,-0.013145274,0.07453203,-0.011953021,252.6171,250.74847,336.66003,1.518595,14.059461,0.23039651
3,73,15,0.0048999996,0.051589068,0.029374214,0.016621294,0.005593562,0.08569454,0.009095046,4.905701,-0.021279749,6.372142,-0.8121395,0.17138907,0.018190091,0.1289236,-0.00055923726,0.07479012,-0.009532119,252.63068,250.91493,336.31427,0.83341926,14.0569725,0.19356574
3,74,15,0.0048999996,0.05256419,0.02889652,0.01793473,0.005732939,0.08499488,0.010803493,5.0958433,-0.53896326,6.451043,-0.91292185,0.16998976,0.021606985,0.13392061,-0.014164149,0.075716175,-0.010715008,252.60527,250.76488,336.16473,1.4518851,14.0569725,0.2315197
3,75,15,0.0048999996,0.057510298,0.03405613,0.017556319,0.0058978447,0.092271514,-0.00064124994,5.0417976,-0.5158952,6.543166,-0.9794646,0.18454303,-0.0012824999,0.13250026,-0.013557911,0.076797426,-0.011496018,252.63048,250.78096,337.16302,1.4953598,14.0569725,0.21787702
3,76,15,0.0048999996,0.05642751,0.031902254,0.018364208,0.006161049,0.08930601,0.008402751,5.1564965,-0.25334653,6.6875734,-0.54623014,0.17861202,0.016805502,0.1355146,-0.0066580377,0.07849235,-0.006411125,252.59683,250.65173,336.62634,0.79957664,14.0569725,1.8229175
3,77,15,0.0048999996,0.054449067,0.029045554,0.01837858,0.0070249317,0.08521378,0.008637456,5.1585145,-0.25733548,7.141054,-0.6235749,0.17042756,0.017274912,0.13556762,-0.0067628706,0.08381487,-0.007318931,252.63841,250.7915,336.42654,0.8809104,14.054439,0.23814794
3,78,15,0.0048999996,0.061487917,0.036133762,0.018013561,0.007340593,0.09504441,-0.00023521257,5.1070304,-0.0812613,7.2997303,-0.86351615,0.19008882,-0.00047042515,0.13421461,-0.0021355776,0.08567726,-0.010135125,252.74495,251.1411,337.4277,0.9447774,14.054439,0.20956692
3,79,15,0.0048999996,0.052934505,0.027995942,0.01719118,0.007747381,0.08365994,0.008468721,4.9890924,0.052857056,7.4992647,-0.47629538,0.16731988,0.016937442,0.13111514,0.0013891031,0.08801921,-0.005590304,252.78194,251.33047,337.18158,0.4234383,14.054439,0.17407317
3,80,15,0.0048999996,0.056651168,0.030131089,0.018710274,0.007809801,0.086791545,0.009751615,5.204856,-0.26346022,7.529414,-0.5040286,0.17358309,0.01950323,0.1367855,-0.006923826,0.08837308,-0.005915808,252.79988,251.37886,336.9813,0.76748884,14.054439,0.2213737
3,81,15,0.0048999996,0.059233204,0.033922855,0.016903892,0.008406455,0.09209079,0.001724552,4.9472294,0.29563844,7.811737,-0.6347006,0.18418159,0.003449104,0.13001497,0.0077694845,0.09168672,-0.007449509,252.86206,251.56,338.0714,0.33906215,14.051922,0.20843668
3,82,15,0.0048999996,0.05686932,0.030865006,0.017629663,0.008374656,0.087842196,0.008799133,5.052318,0.5049536,7.7969484,-0.33113608,0.17568439,0.017598266,0.13277674,0.013270361,0.09151314,-0.0038865649,252.8299,251.47798,337.6258,-0.17381755,14.051922,0.20523424
3,83,15,0.0048999996,0.06189066,0.035135347,0.018287528,0.008467788,0.09372213,0.009471758,5.1457205,0.22668292,7.8401833,-0.27237555,0.18744425,0.018943517,0.13523139,0.005957306,0.092020586,-0.00319688,252.80678,251.34659,337.21216,0.045692638,14.051922,0.2772051
3,84,15,0.0048999996,0.066095926,0.037432257,0.019961609,0.008702059,0.09673709,-0.00079314533,5.376088,0.40666083,7.947897,-0.6448514,0.19347417,-0.0015862907,0.14128555,0.010687192,0.09328483,-0.0075686425,252.87378,251.56784,337.91647,0.23819056,14.051922,0.21719676
3,85,15,0.0048999996,0.057544153,0.029368673,0.018538369,0.009637115,0.08568645,0.007361612,5.1808906,0.945205,8.364013,-0.41740048,0.1713729,0.014723224,0.13615568,0.024840325,0.098168805,-0.004899048,252.90913,251.82707,337.53284,-0.5278045,14.049368,0.20217033
3,86,15,0.0048999996,0.054724716,0.028373063,0.017458057,0.008893592,0.08422153,0.008046947,5.027668,0.45238218,8.034887,-0.4411003,0.16844305,0.016093895,0.13212894,0.011888767,0.09430584,-0.005177216,252.95403,252.0321,337.6262,-0.011281878,14.049368,0.25718507
3,87,15,0.0048999996,0.061845664,0.036860842,0.016096283,0.008888538,0.09599589,-0.00037487227,4.827602,0.49502495,8.032604,-0.6909308,0.19199178,-0.00074974453,0.12687112,0.013009435,0.09427904,-0.008109485,253.0345,252.33278,338.8099,0.19590583,14.049368,0.20931886
3,88,15,0.0048999996,0.056762643,0.031768482,0.015716515,0.009277647,0.08911858,0.0059013884,4.7703114,0.69451684,8.20654,-0.34861168,0.17823716,0.011802777,0.12536553,0.01825215,0.09632055,-0.0040916745,253.03058,252.38576,338.45914,-0.34590515,14.049368,0.22942777
3,89,15,0.0048999996,0.057142615,0.03221067,0.015057983,0.009873964,0.089736655,0.007793399,4.6693034,0.43655354,8.466169,0.019221758,0.17947331,0.015586798,0.12271097,0.011472787,0.09936782,0.00022559936,253.00842,252.21025,337.99963,-0.4557753,14.04677,0.30656707
3,90,15,0.0048999996,0.057769474,0.030590108,0.017406596,0.00977277,0.08745014,-2.6865438e-5,5.020253,0.63303655,8.422675,-0.19548127,0.17490028,-5.3730877e-5,0.13193406,0.016636426,0.09885732,-0.0022943742,253.02092,252.1551,338.41016,-0.43755528,14.04677,0.20303161
3,91,15,0.0048999996,0.05665821,0.027650362,0.018349748,0.0106581,0.08314199,0.0068072597,5.154466,0.8999375,8.795917,-0.004120027,0.16628398,0.0136145195,0.13546124,0.023650685,0.103238076,-4.835803e-5,252.96654,251.91837,337.84903,-0.89581746,14.04677,0.20847696
3,92,15,0.0048999996,0.05738527,0.030225605,0.017221961,0.009937705,0.08692756,0.00653343,4.9935565,0.6254227,8.493452,-0.20322749,0.17385513,0.01306686,0.13123247,0.016436337,0.09968804,-0.0023852936,252.93529,251.77628,337.38654,-0.42219523,14.04677,0.25350803
3,93,15,0.0048999996,0.06409265,0.035789147,0.018456668,0.009846835,0.0945901,-0.0042473804,5.1694613,1.0826336,8.454531,-0.2011207,0.1891802,-0.008494761,0.13585532,0.028452003,0.09923122,-0.0023605656,252.99594,251.9738,338.3829,-0.8815129,14.044107,0.22573128
3,94,15,0.0048999996,0.058128808,0.029878223,0.01745137,0.010799214,0.08642659,0.0034825387,5.0267057,1.0059952,8.853954,0.06654558,0.17285319,0.0069650775,0.13210364,0.026437916,0.10391927,0.00078105205,253.02563,252.19994,338.0517,-1.0725408,14.044107,0.26280168
3,95,15,0.0048999996,0.057870995,0.030271757,0.017116478,0.010482761,0.0869939,0.0050286665,4.978241,0.6096642,8.723266,0.18176532,0.1739878,0.010057333,0.13082996,0.016022194,0.10238536,0.0021333888,253.06215,252.33661,338.00583,-0.7914295,14.044107,0.25320035
3,96,15,0.0048999996,0.056261495,0.02574893,0.01988793,0.010624632,0.08023237,-0.0035533383,5.366158,0.96798354,8.782096,0.024581755,0.16046473,-0.0071066767,0.14102457,0.025438957,0.103075854,0.000288525,253.17213,252.77708,339.09793,-0.9925653,14.044107,0.23213318
3,97,15,0.0048999996,0.057894148,0.029128585,0.018363195,0.010402368,0.08533549,0.0026348769,5.156355,0.9679523,8.689751,0.47100058,0.17067099,0.0052697537,0.13551086,0.025438134,0.101992,0.005528154,253.1929,252.90698,338.7092,-1.4389529,14.041395,0.21766591
3,98,15,0.0048999996,0.05679997,0.030066924,0.016590826,0.01014222,0.08669908,0.0050303712,4.901203,0.55600137,8.580403,0.4890858,0.17339817,0.0100607425,0.12880538,0.014611918,0.10070859,0.005740426,253.20016,252.9042,338.49274,-1.0450871,14.041395,0.20489183
3,99,15,0.0048999996,0.06917024,0.03816731,0.020868301,0.010134625,0.097682275,-0.0031520845,5.496829,0.83613044,8.57719,0.37152332,0.19536455,-0.006304169,0.14445865,0.021973815,0.100670874,0.0043605817,253.28194,253.15448,339.4917,-1.2076538,14.041395,0.21022412
3,100,15,0.0048999996,0.06799289,0.03462106,0.021729248,0.011642581,0.09303368,-0.00023849143,5.609072,1.120491,9.193182,0.6976716,0.18606736,-0.00047698285,0.14740844,0.02944691,0.10790079,0.008188609,253.28938,253.2834,339.19397,-1.8181627,14.041395,0.21539171
4,1,15,0.0034299996,0.10608492,0.04999,0.037776627,0.018318297,0.111792214,0.0097563295,7.3957167,-0.49151072,11.5314455,3.3332753,0.22358443,0.019512659,0.1943621,-0.012917095,0.1353451,0.03912281,253.36127,252.36754,338.20746,-2.8417647,14.038577,0.5378405
4,2,15,0.0034299996,0.11625156,0.057193395,0.04096517,0.018092992,0.1195757,0.010650251,7.7015123,-0.9226971,11.460312,3.3019407,0.2391514,0.021300502,0.20239854,-0.024248807,0.13451019,0.038755022,253.33554,252.2162,338.02628,-2.3792436,14.038577,0.6038428
4,3,15,0.0034299996,0.12710941,0.06875134,0.04066466,0.017693393,0.13110238,0.0023577793,7.6732125,-0.38748047,11.333049,3.0262303,0.26220477,0.0047155586,0.2016548,-0.010183113,0.13301651,0.035518978,253.33244,252.29407,338.32474,-2.6387498,14.038577,0.57774866
4,4,15,0.0034299996,0.10237731,0.048960753,0.03619813,0.017218426,0.110635385,0.009622727,7.2395535,-0.10806876,11.179901,3.1264646,0.22127077,0.019245453,0.19025807,-0.0028400805,0.131219,0.03669545,253.2689,252.08708,337.53046,-3.018396,14.038577,0.5543843
4,5,15,0.0034299996,0.10043657,0.049801216,0.034819722,0.01581563,0.11158093,0.011152774,7.1003757,-0.62539285,10.71481,3.3160424,0.22316186,0.022305548,0.18660043,-0.016435556,0.12576021,0.038920548,253.21855,251.7762,337.1666,-2.6906495,14.03649,0.6777188
4,6,15,0.0034299996,0.113462016,0.061814975,0.03592509,0.015721947,0.124313086,0.0007621372,7.2121973,-0.26546055,10.683029,3.0682328,0.24862617,0.0015242744,0.18953915,-0.0069763972,0.12538719,0.036011994,253.2081,251.71812,337.83813,-2.8027723,14.03649,0.6106057
4,7,15,0.0034299996,0.10248206,0.05335111,0.033263672,0.01586727,0.1154893,0.0092163095,6.9399085,-0.1846426,10.732288,3.2735515,0.2309786,0.018432619,0.18238331,-0.004852478,0.12596536,0.038421825,253.1089,251.38483,337.02335,-3.088909,14.03649,0.5991273
4,8,15,0.0034299996,0.099246085,0.050569054,0.03347824,0.015198791,0.11243782,0.011557042,6.9622555,-0.62462145,10.503783,3.23305,0.22487564,0.023114083,0.1829706,-0.016415268,0.12328338,0.03794646,253.00935,250.90964,336.41226,-2.6084287,14.03649,0.7218018
4,9,15,0.0034299996,0.10525565,0.05961283,0.03225203,0.013390792,0.122078694,-0.0020028877,6.8335624,-0.20868967,9.859261,3.0912654,0.24415739,-0.0040057753,0.1795885,-0.0054844487,0.11571859,0.03628232,252.94812,250.52858,336.5513,-2.8825758,14.0343075,0.543335
4,10,15,0.0034299996,0.08574186,0.042339783,0.030301403,0.013100677,0.10288317,0.0056871176,6.6236906,-0.14285895,9.751875,3.3316503,0.20576634,0.011374235,0.17407298,-0.0037543774,0.11445819,0.039103735,252.8761,250.30623,335.78156,-3.1887913,14.0343075,0.4861681
4,11,15,0.0034299996,0.086736195,0.04279313,0.031205382,0.012737684,0.1034325,0.0084887585,6.721767,-0.6164477,9.615824,3.299928,0.206865,0.016977517,0.17665045,-0.016200475,0.11286135,0.0387314,252.8274,250.07434,335.53732,-2.6834803,14.0343075,0.5503007
4,12,15,0.0034299996,0.09801858,0.05253397,0.03294041,0.0125442,0.11460145,-0.0005776849,6.9061055,-0.38342747,9.542512,2.920768,0.2292029,-0.0011553698,0.18149494,-0.010076602,0.11200089,0.034281183,252.82346,250.06218,336.03992,-2.5373406,14.0343075,0.5472602
4,13,15,0.0034299996,0.07676127,0.036334176,0.02926041,0.011166687,0.095307626,0.0034673964,6.5089192,-0.23995,9.003334,3.242794,0.19061525,0.0069347927,0.17105675,-0.0063059693,0.105672546,0.038060818,252.77153,249.93832,335.40625,-3.002844,14.032093,0.39820004
4,14,15,0.0034299996,0.07448867,0.037468683,0.026181288,0.010838699,0.096784145,0.005589315,6.156929,-0.5009816,8.870127,3.2368197,0.19356829,0.01117863,0.16180633,-0.01316598,0.10410907,0.037990704,252.7327,249.8176,335.1228,-2.7358382,14.032093,0.51138496
4,15,15,0.0034299996,0.08666202,0.051166285,0.02499916,0.010496572,0.11309983,-0.0014080189,6.0163264,-0.17596467,8.72901,2.9500651,0.22619966,-0.0028160377,0.15811123,-0.0046244147,0.10245278,0.03462505,252.6961,249.67125,335.6133,-2.7741005,14.032093,0.4812728
4,16,15,0.0034299996,0.07450425,0.043504752,0.020526452,0.0104730455,0.104288965,0.0043121185,5.4516206,0.11723081,8.719222,3.10767,0.20857793,0.008624237,0.14327055,0.0030808642,0.1023379,0.036474865,252.59537,249.31001,334.7513,-3.224901,14.032093,0.50409424
4,17,15,0.0034299996,0.06612338,0.036566805,0.020833174,0.008723401,0.09561224,-0.0010198664,5.492201,0.051590968,7.957637,3.040945,0.19122449,-0.0020397329,0.14433701,0.001355831,0.09339915,0.03569171,252.51968,248.96835,334.26358,-3.092536,14.029849,0.31247503
4,18,15,0.0034299996,0.07237611,0.04049183,0.023070212,0.008814064,0.10061291,-0.007860842,5.7795563,-0.09758697,7.9988813,2.697282,0.20122582,-0.015721684,0.15188882,-0.0025646253,0.093883246,0.03165812,252.52068,248.97911,334.62704,-2.5996952,14.029849,0.2871101
4,19,15,0.0034299996,0.06467755,0.03305737,0.022582792,0.00903739,0.09090843,-0.0003814851,5.718176,-0.24786963,8.099585,2.8339057,0.18181686,-0.0007629702,0.15027572,-0.0065140966,0.09506519,0.033261683,252.49373,249.02486,334.15063,-2.586036,14.029849,0.32129508
4,20,15,0.0034299996,0.0625608,0.030763771,0.023237925,0.008559102,0.08769802,0.00041487167,5.8005257,-0.52585846,7.882343,2.7429597,0.17539604,0.00082974334,0.1524399,-0.0138197495,0.09251542,0.03219425,252.43721,248.69371,333.82098,-2.2171013,14.029849,0.27342594
4,21,15,0.0034299996,0.067017145,0.03686429,0.022234997,0.007917861,0.09600037,-0.009761815,5.6739726,-0.20398289,7.581326,2.4984872,0.19200075,-0.01952363,0.14911404,-0.005360743,0.088982366,0.029324852,252.4111,248.5009,333.99573,-2.2945044,14.027617,0.3759143
4,22,15,0.0034299996,0.062981814,0.033190876,0.021689592,0.008101344,0.09109182,-0.002754716,5.6039515,-0.25019565,7.6686645,2.6259491,0.18218364,-0.005509432,0.14727387,-0.0065752342,0.09000747,0.030820888,252.38657,248.47583,333.27448,-2.3757534,14.027617,0.4058847
4,23,15,0.0034299996,0.05691669,0.0283929,0.021021374,0.0075024185,0.084250964,-0.0013460135,5.516952,-0.47480822,7.379754,2.4919508,0.16850193,-0.002692027,0.1449875,-0.012478143,0.0866165,0.029248137,252.3585,248.4134,333.11694,-2.0171425,14.027617,0.34023193
4,24,15,0.0034299996,0.06424413,0.03592183,0.020956108,0.0073661846,0.094765276,-0.009208707,5.508381,-0.2286871,7.312443,2.2204072,0.18953055,-0.018417414,0.14476225,-0.0060099736,0.08582648,0.026061023,252.34201,248.34184,333.64557,-1.9917202,14.027617,0.4380458
4,25,15,0.0034299996,0.05916837,0.033773445,0.018506784,0.00688814,0.091887765,-0.004374351,5.1764755,-0.09207088,7.071185,2.351896,0.18377553,-0.008748702,0.13603964,-0.0024196585,0.08299482,0.027604308,252.28307,248.17941,332.90164,-2.2598252,14.025444,0.6279103
4,26,15,0.0034299996,0.05983779,0.032873884,0.020117972,0.0068459325,0.09065578,-0.004111434,5.397104,-0.28810227,7.049487,2.1859272,0.18131156,-0.008222868,0.14183784,-0.0075714323,0.08274015,0.025656324,252.24658,248.08238,332.49677,-1.8978249,14.025444,0.59978676
4,27,15,0.0034299996,0.068149075,0.03998652,0.02091238,0.0072501753,0.09998315,-0.01245615,5.5026307,-0.014297871,7.2546334,1.9607955,0.1999663,-0.0249123,0.14461114,-0.00037575248,0.08514796,0.023013948,252.20955,247.87926,332.7539,-1.9464977,14.025444,0.7123476
4,28,15,0.0034299996,0.065851934,0.038587518,0.019624567,0.007639848,0.09821853,-0.0051865038,5.330509,0.15053979,7.447038,2.1029701,0.19643706,-0.0103730075,0.14008771,0.003956241,0.087406226,0.024682654,252.16025,247.73962,332.18008,-2.25351,14.025444,0.69513464
4,29,15,0.0034299996,0.058728177,0.034808565,0.01631233,0.0076072863,0.09328527,-0.0033465633,4.859893,0.024820155,7.431151,1.9224643,0.18657054,-0.0066931266,0.12771973,0.0006522819,0.08721976,0.02256405,252.14502,247.68439,332.33792,-1.9472845,14.023336,0.6583747
4,30,15,0.0034299996,0.062292777,0.041139685,0.013636249,0.0075168423,0.1014146,-0.012359229,4.4434075,0.18499798,7.3868437,1.7611815,0.2028292,-0.024718458,0.11677435,0.0048618126,0.086699724,0.020671066,252.15105,247.71213,332.9549,-1.9461794,14.023336,0.7406844
4,31,15,0.0034299996,0.062329996,0.03858749,0.015882652,0.007859856,0.09821849,-0.006418758,4.795459,0.20407046,7.553505,1.9179671,0.19643699,-0.012837516,0.12602639,0.0053630467,0.08865583,0.022511268,252.122,247.74867,332.23218,-2.1220376,14.023336,0.83273816
4,32,15,0.0034299996,0.06155222,0.037156317,0.016527621,0.007868284,0.09637987,-0.003930603,4.8918586,-0.050659064,7.557553,1.931676,0.19275974,-0.007861206,0.1285598,-0.0013313413,0.08870335,0.02267217,252.08578,247.5152,331.87363,-1.881017,14.023336,0.7920331
4,33,15,0.0034299996,0.06104562,0.036438704,0.016594386,0.008012529,0.09544462,-0.010782098,4.9017286,0.25841558,7.6265135,1.6189055,0.19088924,-0.021564197,0.1288192,0.0067912545,0.089512736,0.019001171,252.09676,247.50755,332.46323,-1.8773211,14.02129,0.666629
4,34,15,0.0034299996,0.061046667,0.035974894,0.017000403,0.008071372,0.094835244,-0.0046722987,4.961332,0.093546,7.654466,1.7229083,0.18967049,-0.009344597,0.1303856,0.0024584234,0.089840814,0.020221852,252.09781,247.63303,332.04794,-1.8164543,14.02129,0.708899
4,35,15,0.0034299996,0.05454245,0.03097869,0.015462012,0.008101746,0.08800382,-0.003088236,4.7315307,-0.081793755,7.6688557,1.8077098,0.17600764,-0.006176472,0.12434634,-0.0021495698,0.090009704,0.021217173,252.09407,247.6256,332.26672,-1.725916,14.02129,0.61495036
4,36,15,0.0034299996,0.062755674,0.03658451,0.017521003,0.0086501585,0.09563539,-0.0076316493,5.0367236,0.09444042,7.92416,1.7127134,0.19127078,-0.0152632985,0.13236693,0.002481929,0.09300623,0.020102195,252.11388,247.66447,332.76736,-1.8071538,14.02129,0.7506362
4,37,15,0.0034299996,0.05688588,0.02965946,0.018234449,0.008991973,0.08610961,0.0029128357,5.138247,0.29400253,8.0792055,1.7805611,0.17221922,0.0058256714,0.135035,0.007726499,0.09482601,0.020898528,252.08844,247.64998,332.06784,-2.0745635,14.019301,0.6105912
4,38,15,0.0034299996,0.052665297,0.026189433,0.0170181,0.009457764,0.08091575,0.004124555,4.9639134,0.2502962,8.285819,1.7402328,0.1618315,0.00824911,0.13045344,0.006577872,0.097251035,0.02042519,252.05757,247.5004,331.9811,-1.9905291,14.019301,0.25695336
4,39,15,0.0034299996,0.05912409,0.03213958,0.017481403,0.009503104,0.08963758,-0.0029507605,5.0310287,0.31714678,8.305656,1.3908987,0.17927516,-0.005901521,0.13221726,0.008334733,0.097483866,0.016325047,252.02115,247.37485,332.2593,-1.7080455,14.019301,0.33611912
4,40,15,0.0034299996,0.0627006,0.035047565,0.018165167,0.009487871,0.093604974,0.004630559,5.128476,0.21194851,8.298997,1.6291066,0.18720995,0.009261118,0.13477822,0.005570083,0.0974057,0.019120896,251.91675,246.9889,331.37918,-1.8410552,14.019301,0.319999
4,41,15,0.0034299996,0.060062904,0.032782767,0.018465288,0.008814849,0.09053006,0.0089101475,5.1706686,-0.085000165,7.9992385,1.3246139,0.18106012,0.017820295,0.13588704,-0.0022338359,0.093887426,0.015547052,251.8946,246.85634,331.1872,-1.2396138,14.017436,0.22682859
4,42,15,0.0034299996,0.06573382,0.03788459,0.01907363,0.008775601,0.09731982,0.0025740543,5.255153,0.020357113,7.9814115,1.128989,0.19463964,0.0051481086,0.13810731,0.00053499325,0.09367818,0.013250993,251.92108,246.89055,331.44797,-1.1493461,14.017436,0.22423199
4,43,15,0.0034299996,0.062268343,0.03324179,0.019898094,0.00912846,0.09116165,0.009129517,5.3675294,0.10594825,8.140293,1.3865398,0.1823233,0.018259034,0.1410606,0.0027843593,0.095542975,0.016273875,251.93843,247.011,330.9593,-1.492488,14.017436,0.19995375
4,44,15,0.0034299996,0.06137065,0.031468607,0.020651575,0.009250466,0.088696964,0.009957422,5.4682107,0.09970559,8.19451,1.4837625,0.17739393,0.019914843,0.14370656,0.0026202996,0.096179344,0.01741499,251.94753,247.04337,331.0527,-1.5834681,14.017436,0.21631663
4,45,15,0.0034299996,0.06609237,0.035163444,0.021519218,0.009409707,0.09375959,0.0062047965,5.581898,0.3897333,8.264741,1.0991298,0.18751918,0.012409593,0.1466943,0.010242335,0.097003646,0.012900541,251.98828,247.27478,331.4545,-1.4888631,14.015749,0.3470739
4,46,15,0.0034299996,0.06569111,0.03243539,0.023380855,0.009874863,0.09004914,0.013261547,5.818337,0.36709735,8.466555,1.408403,0.18009828,0.026523095,0.152908,0.009647445,0.09937234,0.01653049,251.98755,247.37729,331.0137,-1.7755004,14.015749,0.33699384
4,47,15,0.0034299996,0.0702112,0.037829913,0.02166927,0.010712019,0.09724957,0.015222302,5.6013255,0.23251243,8.818137,1.4392583,0.19449914,0.030444603,0.14720486,0.0061105117,0.10349888,0.016892644,251.94524,247.14859,330.74054,-1.6717708,14.015749,0.3722327
4,48,15,0.0034299996,0.07407119,0.041265056,0.022266135,0.010540001,0.10156901,0.007992197,5.6779437,0.5251852,8.747049,1.2191384,0.20313802,0.015984394,0.14921841,0.013802055,0.10266451,0.014309081,251.93651,247.06541,331.04813,-1.7443236,14.015749,0.35784844
4,49,15,0.0034299996,0.082503185,0.04628747,0.025564877,0.010650836,0.107572615,0.016470393,6.0840187,0.6093585,8.792918,0.92376095,0.21514523,0.032940786,0.1598902,0.016014162,0.10320289,0.01084222,251.91122,247.07808,330.27347,-1.5331194,14.014255,0.4696331
4,50,15,0.0034299996,0.080045134,0.04443304,0.025405472,0.010206624,0.10539573,0.017652499,6.0650215,0.39836898,8.607604,0.9510758,0.21079145,0.035304997,0.15939094,0.010469274,0.10102784,0.01116282,251.9482,247.2251,330.51712,-1.3494447,14.014255,0.51316565
4,51,15,0.0034299996,0.079733975,0.0448368,0.024914203,0.009982972,0.10587351,0.009032216,6.006094,0.4555408,8.512774,0.8123872,0.21174702,0.018064432,0.15784234,0.011971777,0.09991483,0.009535028,252.03543,247.61462,331.4877,-1.267928,14.014255,0.44629934
4,52,15,0.0034299996,0.08121514,0.042451195,0.02879688,0.009967067,0.10301844,0.014449324,6.457158,0.377753,8.505991,1.0608025,0.20603688,0.028898649,0.16969644,0.00992748,0.0998352,0.012450689,252.105,248.04645,331.36612,-1.4385555,14.014255,0.3738266
4,53,15,0.0034299996,0.08084922,0.04438201,0.026442422,0.010024792,0.10533519,0.015881889,6.1875577,0.18774638,8.530586,0.6546702,0.21067038,0.031763777,0.16261126,0.0049340483,0.10012388,0.0076838937,252.16815,248.25298,331.6227,-0.8424165,14.01293,0.5121582
4,54,15,0.0034299996,0.07543412,0.040034,0.025180452,0.010219661,0.10004249,0.009121034,6.038101,0.23590651,8.613099,0.61960155,0.20008498,0.018242069,0.1586835,0.0061997115,0.10109234,0.007272289,252.22972,248.36098,332.2449,-0.8555081,14.01293,0.46877128
4,55,15,0.0034299996,0.07578204,0.040188584,0.02542069,0.010172759,0.100235455,0.013660871,6.0668373,0.27106968,8.593312,0.7194916,0.20047091,0.027321743,0.15943867,0.0071238074,0.1008601,0.008444699,252.26006,248.59184,331.98495,-0.99056125,14.01293,0.49588224
4,56,15,0.0034299996,0.070827685,0.038247705,0.023359666,0.009220316,0.0977851,0.014676386,5.8157,0.23231907,8.181147,0.7725981,0.1955702,0.029352771,0.15283869,0.0061054276,0.09602248,0.009068017,252.27951,248.72092,332.5001,-1.0049171,14.01293,0.6005294
4,57,15,0.0034299996,0.066126056,0.03682285,0.020882236,0.008420965,0.09594641,0.005499092,5.4986644,0.2785774,7.818476,0.18690075,0.19189282,0.010998184,0.14450687,0.007321107,0.09176581,0.0021936605,252.26582,248.66907,333.2799,-0.46547812,14.011781,0.58194774
4,58,15,0.0034299996,0.06412274,0.0338384,0.021832813,0.008451527,0.091976084,0.011962168,5.622423,0.33228064,7.8326507,0.3940983,0.18395217,0.023924336,0.1477593,0.008732454,0.091932185,0.004625549,252.16176,248.26003,332.49716,-0.7263789,14.011781,0.5989508
4,59,15,0.0034299996,0.0632913,0.03355182,0.021142362,0.008597113,0.09158578,0.012152689,5.532806,0.26511252,7.8998256,0.32182005,0.18317156,0.024305377,0.14540413,0.006967246,0.09272062,0.0037772162,252.0876,247.88478,332.04297,-0.58693254,14.011781,0.74976283
4,60,15,0.0034299996,0.06807699,0.036551733,0.022000574,0.009524682,0.095592536,0.0042972025,5.643983,-0.0061526056,8.31508,-0.029870082,0.19118507,0.008594405,0.1483259,-0.00016169836,0.09759448,-0.0003505837,252.092,247.97911,332.36746,0.036022685,14.011781,1.0141993
4,61,15,0.0034299996,0.06937218,0.035303753,0.024432119,0.009636308,0.093946464,0.00819774,5.947703,-0.07918903,8.363664,-0.194829,0.18789293,0.01639548,0.15630777,-0.0020811174,0.0981647,-0.002286722,252.07516,248.0253,331.78592,0.27401805,14.010668,0.29392964
4,62,15,0.0034299996,0.06699101,0.034459464,0.023298815,0.009232728,0.0928163,0.00867646,5.8081207,-0.07187853,8.18665,-0.13761316,0.1856326,0.01735292,0.1526395,-0.0018889856,0.09608708,-0.0016151667,252.0951,248.03693,331.7827,0.2094917,14.010668,0.32560638
4,63,15,0.0034299996,0.0707563,0.037291605,0.023722064,0.009742631,0.09655517,0.0013724061,5.860638,0.09586365,8.409677,-0.5059522,0.19311035,0.0027448123,0.15401968,0.002519333,0.09870476,-0.005938377,252.12677,248.18405,332.42535,0.41008854,14.010668,0.34261975
4,64,15,0.0034299996,0.07064108,0.037689663,0.0232608,0.009690613,0.09706913,0.008303397,5.80338,0.11727797,8.387197,-0.29604933,0.19413826,0.016606795,0.15251492,0.0030821117,0.09844091,-0.0034747378,252.1046,248.18721,331.70032,0.17877135,14.010668,0.29595232
4,65,15,0.0034299996,0.06673196,0.034772266,0.02249393,0.009465765,0.09323662,0.0062087644,5.706914,-0.025243817,8.289324,-0.6424377,0.18647324,0.012417529,0.14997977,-0.00066341535,0.09729216,-0.007540326,252.09679,248.10345,331.60788,0.6676815,14.009754,0.2578332
4,66,15,0.0034299996,0.069672346,0.035549488,0.024278373,0.009844483,0.09427286,-0.0017193439,5.928959,0.17036839,8.453521,-0.82510597,0.18854572,-0.0034386879,0.15581518,0.0044773514,0.09921937,-0.009684305,252.13187,248.2595,332.47455,0.6547376,14.009754,0.30276784
4,67,15,0.0034299996,0.068993025,0.037008617,0.022525767,0.009458636,0.09618812,0.0040996955,5.7109513,0.100920476,8.286201,-0.6033267,0.19237624,0.008199391,0.15008587,0.002652226,0.09725552,-0.00708127,252.15681,248.39796,332.19534,0.5024062,14.009754,0.2517402
4,68,15,0.0034299996,0.06329072,0.032750122,0.021212911,0.009327689,0.09048498,0.005420869,5.542029,-0.057758525,8.228643,-0.57201535,0.18096995,0.010841738,0.14564653,-0.0015179171,0.09657996,-0.0067137782,252.19537,248.48213,332.39706,0.62977386,14.009754,0.22850974
4,69,15,0.0034299996,0.06999242,0.038018752,0.02210456,0.0098691145,0.09749199,-0.007325382,5.6573052,-0.08930407,8.464091,-1.1083647,0.19498397,-0.014650764,0.14867602,-0.0023469408,0.09934342,-0.013008929,252.21957,248.60985,332.93753,1.1976688,14.009021,0.44156164
4,70,15,0.0034299996,0.06550227,0.03382935,0.022102881,0.009570039,0.09196378,-0.00088827877,5.6570907,-0.02483707,8.334856,-0.79948163,0.18392757,-0.0017765575,0.14867038,-0.00065273227,0.09782658,-0.009383554,252.2426,248.7452,332.3973,0.8243187,14.009021,0.4230911
4,71,15,0.0034299996,0.06269317,0.031240322,0.021452727,0.010000124,0.08837466,-6.5083004e-5,5.573268,-0.24738967,8.520083,-0.86180556,0.17674932,-0.00013016601,0.14646749,-0.0065014963,0.10000062,-0.010115056,252.31235,249.02766,332.6863,1.1091952,14.009021,0.37351987
4,72,15,0.0034299996,0.06982646,0.037235826,0.022166463,0.010424175,0.09648293,-0.0070301336,5.6652207,-0.16498257,8.698855,-0.98138267,0.19296587,-0.014060267,0.14888406,-0.0043358104,0.10209885,-0.011518529,252.37157,249.25786,333.4978,1.1463653,14.009021,0.45266235
4,73,15,0.0034299996,0.067824125,0.03510996,0.022788,0.0099261645,0.09368826,-0.0017318021,5.7440968,-0.44705683,8.48852,-1.0346363,0.18737651,-0.0034636043,0.15095694,-0.01174881,0.09963014,-0.012143582,252.32098,249.18877,332.67294,1.481693,14.008415,0.53192174
4,74,15,0.0034299996,0.061910294,0.031619634,0.020452369,0.009838291,0.08890955,-0.0017765719,5.4417734,-0.544371,8.450864,-1.1536593,0.1778191,-0.0035531437,0.14301178,-0.014306265,0.099188164,-0.013540553,252.30252,249.01332,332.64926,1.6980304,14.008415,0.49580136
4,75,15,0.0034299996,0.061804876,0.031049844,0.02068028,0.010074748,0.08810483,-0.0080970675,5.47201,-0.32794297,8.551815,-1.3614303,0.17620966,-0.016194135,0.1438064,-0.008618463,0.100373045,-0.015979169,252.33879,249.10286,333.49042,1.6893733,14.008415,0.49866185
4,76,15,0.0034299996,0.05685465,0.027860668,0.01984254,0.009151443,0.083457574,-0.0029252698,5.3600307,0.019295586,8.150532,-1.0678496,0.16691515,-0.0058505395,0.14086355,0.00050709705,0.095663175,-0.012533392,252.3336,249.16904,332.93317,1.0485541,14.008415,0.47152272
4,77,15,0.0034299996,0.058838524,0.032823283,0.016897736,0.0091175055,0.090585984,-0.0030276354,4.9463286,-0.51835364,8.1354065,-1.3236631,0.18117197,-0.006055271,0.1299913,-0.013622518,0.09548563,-0.0155358985,252.3173,249.1622,332.9573,1.8420167,14.007879,0.35331205
4,78,15,0.0034299996,0.062201176,0.035588983,0.01715801,0.009454183,0.094325215,-0.010999229,4.9842763,-0.53206915,8.28425,-1.6113969,0.18865043,-0.021998458,0.13098858,-0.0139829675,0.097232625,-0.018913046,252.30232,249.1099,333.7733,2.143466,14.007879,0.3941337
4,79,15,0.0034299996,0.059750743,0.030415948,0.020735895,0.0085989,0.08720084,-0.0047881603,5.479363,-0.30565983,7.900648,-1.2890781,0.17440169,-0.009576321,0.14399964,-0.0080328565,0.092730254,-0.015129961,252.28244,249.08311,333.37122,1.594738,14.007879,0.33220536
4,80,15,0.0034299996,0.056612365,0.029771453,0.018533034,0.00830788,0.08627203,-0.003549946,5.180145,-0.45442045,7.765802,-1.3223184,0.17254406,-0.007099892,0.13613608,-0.011942338,0.09114757,-0.015520108,252.32771,249.2225,333.69122,1.7767389,14.007879,0.23104876
4,81,15,0.0034299996,0.06350671,0.036553122,0.018360738,0.0085928505,0.095594354,-0.009874051,5.15601,-0.6555131,7.8978677,-1.6462048,0.19118871,-0.019748103,0.1355018,-0.01722712,0.09269763,-0.01932158,252.39828,249.48122,334.43246,2.301718,14.0073595,0.23757628
4,82,15,0.0034299996,0.05647648,0.028354356,0.019953722,0.008168403,0.08419376,-0.0019268461,5.3750267,-0.41578197,7.7003374,-1.3645455,0.16838752,-0.0038536922,0.14125764,-0.010926903,0.090379216,-0.016015733,252.40778,249.60574,333.7882,1.7803274,14.0073595,0.2043156
4,83,15,0.0034299996,0.05389462,0.029234748,0.017078243,0.007581628,0.08549086,-0.0021183647,4.9726768,-0.71813285,7.418608,-1.4381777,0.17098172,-0.0042367293,0.13068375,-0.018872792,0.087072544,-0.016879963,252.36652,249.40543,333.68585,2.1563106,14.0073595,0.16616961
4,84,15,0.0034299996,0.06266282,0.038457476,0.016179819,0.008025521,0.09805289,-0.010038131,4.8401127,-0.52319455,7.632694,-1.7508328,0.19610578,-0.020076262,0.12719992,-0.013749742,0.089585274,-0.020549601,252.34537,249.23732,334.07797,2.2740273,14.0073595,0.27324376
4,85,15,0.0034299996,0.049918503,0.026477419,0.016094884,0.0073461984,0.081359416,-0.00036685017,4.827392,-0.37656078,7.3025165,-1.3977339,0.16271883,-0.00073370035,0.12686561,-0.009896159,0.08570997,-0.016405266,252.36673,249.3796,333.74,1.7742947,14.006832,0.18812314
4,86,15,0.0034299996,0.054183256,0.032416247,0.014818661,0.006948347,0.090022564,-6.7850255e-5,4.632049,-0.42259017,7.1020207,-1.5010881,0.18004513,-0.00013570051,0.12173192,-0.011105829,0.083356746,-0.017618338,252.42235,249.60144,333.86856,1.9236783,14.006832,0.23696408
4,87,15,0.0034299996,0.05378351,0.032034565,0.01443618,0.007312763,0.08949101,-0.007758122,4.5718803,-0.40884158,7.2858787,-1.9770107,0.17898202,-0.015516244,0.120150656,-0.010744502,0.085514694,-0.023204267,252.494,250.00116,334.74597,2.3858523,14.006832,0.22565672
4,88,15,0.0034299996,0.05140229,0.02903017,0.015576819,0.0067952992,0.08519121,-0.0002302392,4.7490644,-0.17010964,7.0233693,-1.7028552,0.17038243,-0.0004604784,0.12480713,-0.004470542,0.0824336,-0.01998649,252.46902,249.97946,334.1413,1.8729649,14.006832,0.18043076
4,89,15,0.0034299996,0.05245801,0.032036602,0.014247738,0.00617367,0.089493856,0.0017124454,4.5419426,-0.69880736,6.694419,-1.5500137,0.17898771,0.0034248908,0.11936389,-0.01836491,0.078572705,-0.018192584,252.46022,249.90384,334.03693,2.248821,14.006317,0.24986224
4,90,15,0.0034299996,0.052844323,0.031166814,0.014900392,0.0067771156,0.08827063,-0.0068856054,4.644805,-0.64177823,7.0139656,-1.7118067,0.17654125,-0.013771211,0.12206716,-0.016866162,0.08232324,-0.020091556,252.51562,250.06729,334.89893,2.3535848,14.006317,0.21387091
4,91,15,0.0034299996,0.062444493,0.036177136,0.019353349,0.006914008,0.09510144,0.00027130928,5.2935467,-0.25350225,7.0844502,-1.4386944,0.19020288,0.00054261857,0.13911632,-0.0066621304,0.08315051,-0.01688602,252.54973,250.24692,334.51874,1.6921966,14.006317,0.19845572
4,92,15,0.0034299996,0.06026541,0.03535411,0.018471505,0.006439794,0.094013445,0.0028131718,5.171539,-0.41139483,6.837183,-1.3415962,0.18802689,0.0056263437,0.13590991,-0.010811608,0.080248326,-0.015746377,252.5868,250.29633,334.80682,1.7529911,14.006317,0.26862898
4,93,15,0.0034299996,0.06190472,0.038541835,0.017116228,0.006246658,0.09816037,-0.0077224392,4.9782043,-0.3036348,6.7338758,-1.3848035,0.19632074,-0.0154448785,0.130829,-0.007979639,0.0790358,-0.016253501,252.64828,250.49112,336.02563,1.6884383,14.005778,0.27193987
4,94,15,0.0034299996,0.052114457,0.028911995,0.017258542,0.005943921,0.08501764,-5.542931e-5,4.998857,0.06457928,6.568675,-1.0567867,0.17003527,-0.00011085862,0.13137177,0.001697167,0.07709683,-0.012403555,252.62038,250.42108,335.42596,0.9922074,14.005778,0.24130361
4,95,15,0.0034299996,0.054762993,0.032989603,0.016121194,0.005652197,0.0908152,0.0016188078,4.831336,-0.26087737,6.4054527,-0.9864784,0.1816304,0.0032376156,0.12696926,-0.0068559516,0.0751811,-0.011578342,252.59047,250.19572,335.27716,1.2473557,14.005778,0.36640915
4,96,15,0.0034299996,0.057523765,0.034104466,0.017468788,0.005950511,0.092336975,-0.0073383963,5.0292134,-0.1560504,6.5723143,-1.1372919,0.18467395,-0.014676793,0.13216954,-0.0041010585,0.07713956,-0.013348449,252.64311,250.38045,336.07553,1.2933424,14.005778,0.31692275
4,97,15,0.0034299996,0.057059146,0.033238713,0.018520271,0.005300166,0.09115744,0.003030508,5.178361,-0.030953147,6.202774,-0.7402515,0.18231487,0.006061016,0.1360892,-0.0008134613,0.07280224,-0.008688365,252.6823,250.68245,335.58517,0.77120465,14.005169,0.29720142
4,98,15,0.0034299996,0.05394464,0.031774256,0.01712659,0.0050437916,0.08912668,0.003694889,4.979711,-0.32960865,6.0508976,-0.8654867,0.17825335,0.007389778,0.1308686,-0.008662237,0.07101966,-0.010158257,252.70703,250.77533,335.74033,1.1950953,14.005169,0.35511532
4,99,15,0.0034299996,0.055219375,0.031499043,0.018598465,0.005121863,0.08873985,-0.0061491597,5.1892815,-0.29271826,6.097547,-1.1822425,0.1774797,-0.0122983195,0.13637619,-0.0076927403,0.07156719,-0.013876032,252.74643,250.87976,336.7543,1.4749608,14.005169,0.29630795
4,100,15,0.0034299996,0.054629102,0.029926702,0.019527327,0.0051750727,0.08649668,-0.00045034426,5.317287,-0.1410695,6.1291385,-0.9873713,0.17299336,-0.0009006885,0.13974021,-0.0037073512,0.07193798,-0.011588821,252.72984,250.86,336.07877,1.1284409,14.005169,0.27465826
5,1,15,0.0024009997,0.06416838,0.035517417,0.02131939,0.0073315706,0.094230324,0.0025395968,5.555921,-0.56442225,7.295243,-0.16138835,0.18846065,0.0050791935,0.1460116,-0.014833219,0.08562459,-0.0018942164,253.48611,254.63045,341.14908,0.7258106,14.004436,0.257172
5,2,15,0.0024009997,0.07615331,0.04203676,0.026538134,0.0075784144,0.10251434,0.006638299,6.1987457,-0.7069215,7.417035,-0.27114946,0.20502868,0.013276598,0.16290529,-0.018578153,0.08705409,-0.0031824906,253.43367,254.40633,340.55978,0.978071,14.004436,0.30876923
5,3,15,0.0024009997,0.074634604,0.042961538,0.023822132,0.0078509385,0.103635825,-0.004189451,5.8729863,-0.6569593,7.5492187,-0.6496593,0.20727165,-0.008378902,0.1543442,-0.017265128,0.08860552,-0.007625084,253.44203,254.38542,341.39713,1.3066186,14.004436,0.29250205
5,4,15,0.0024009997,0.07189201,0.04200519,0.022057671,0.007829145,0.10247584,-0.00017807279,5.651302,-0.7550324,7.538733,-0.48132402,0.20495167,-0.00035614558,0.14851825,-0.019842522,0.088482454,-0.0056493185,253.38391,254.24261,340.58743,1.2363565,14.004436,0.31306306
5,5,15,0.0024009997,0.06883985,0.038959842,0.021920795,0.007959209,0.09869124,0.005280967,5.6337404,-0.6239847,7.6010947,-0.24227166,0.19738248,0.010561934,0.14805673,-0.01639854,0.0892144,-0.0028435534,253.35457,254.04451,340.46158,0.86625636,14.003637,0.31647336
5,6,15,0.0024009997,0.07135214,0.037588216,0.025632735,0.00813119,0.0969384,-0.0060813823,6.0920873,-0.6045391,7.682777,-0.5813025,0.1938768,-0.012162765,0.16010226,-0.015887508,0.09017311,-0.00682278,253.36871,253.96964,341.2358,1.1858416,14.003637,0.3101392
5,7,15,0.0024009997,0.069850184,0.03510489,0.026616793,0.008128502,0.09368149,0.0013190072,6.2079263,-0.8141721,7.6815076,-0.2589999,0.18736298,0.0026380145,0.16314654,-0.021396738,0.09015821,-0.0030398923,253.31895,253.7459,340.53802,1.073172,14.003637,0.32413402
5,8,15,0.0024009997,0.07225289,0.03910831,0.025320197,0.007824385,0.09887911,0.005158978,6.054833,-0.947752,7.5364413,-0.18341973,0.19775821,0.010317956,0.15912321,-0.024907267,0.08845555,-0.0021527968,253.29956,253.63463,340.10953,1.1311717,14.003637,0.32740813
5,9,15,0.0024009997,0.076344766,0.04294851,0.02530159,0.00809466,0.10362011,-0.004913695,6.0526085,-0.5941809,7.6655006,-0.44613492,0.20724022,-0.00982739,0.15906474,-0.015615287,0.08997033,-0.0052363006,253.32489,253.66458,340.48816,1.0403159,14.002529,0.31695777
5,10,15,0.0024009997,0.07783922,0.04380935,0.025904382,0.008125483,0.10465342,-0.0007574365,6.124283,-0.68037766,7.6800814,-0.075132735,0.20930684,-0.001514873,0.16094838,-0.017880574,0.09014146,-0.0008818405,253.29642,253.63696,339.9551,0.7555104,14.002529,0.33333582
5,11,15,0.0024009997,0.07705553,0.03998552,0.028615084,0.008454928,0.0999819,0.0046369783,6.436743,-0.6954648,7.834228,-0.06313702,0.1999638,0.0092739565,0.16915993,-0.018277068,0.091950685,-0.0007410411,253.32063,253.68372,339.97128,0.7586018,14.002529,0.43714967
5,12,15,0.0024009997,0.08964379,0.049226716,0.031304702,0.009112369,0.11093547,-0.0028943447,6.732455,-0.70558304,8.133114,-0.28144127,0.22187094,-0.0057886895,0.17693135,-0.018542983,0.09545873,-0.0033032894,253.40282,253.9287,341.00702,0.9870243,14.002529,0.3452625
5,13,15,0.0024009997,0.08059534,0.04060582,0.030526694,0.009462825,0.10075443,0.0045970427,6.648269,-0.70888907,8.288035,0.1498911,0.20150886,0.009194085,0.1747189,-0.018629862,0.09727705,0.0017592738,253.45317,254.21533,340.5384,0.558998,14.001148,0.337777
5,14,15,0.0024009997,0.08143473,0.041954637,0.029821014,0.009659072,0.10241415,0.0073020537,6.570976,-0.89094406,8.373537,0.24398187,0.2048283,0.0146041075,0.17268762,-0.02341433,0.09828058,0.0028636262,253.53548,254.53516,340.4853,0.64696217,14.001148,0.333947
5,15,15,0.0024009997,0.086927794,0.04684496,0.030488648,0.00959419,0.10821848,-0.00059745257,6.644125,-0.5252302,8.345365,0.030296711,0.21643697,-0.0011949051,0.17460999,-0.013803238,0.09794994,0.00035559287,253.64095,254.90863,341.44904,0.49493352,14.001148,0.3097777
5,16,15,0.0024009997,0.07620851,0.036800466,0.02924645,0.010161593,0.09591724,0.0038299335,6.507366,-0.26285672,8.588594,0.38080728,0.19183448,0.007659867,0.17101593,-0.006907969,0.100804724,0.004469539,253.6351,254.98419,341.00952,-0.11795056,14.001148,0.33392313
5,17,15,0.0024009997,0.08636094,0.047329668,0.029278323,0.009752949,0.10877691,0.0061719804,6.510912,-0.19941935,8.41413,0.53536665,0.21755382,0.012343961,0.1711091,-0.0052408148,0.09875702,0.0062836204,253.60474,254.85863,340.51144,-0.3359473,13.999594,0.35051936
5,18,15,0.0024009997,0.0878651,0.049068365,0.028959328,0.009837404,0.110756904,-0.0034538745,6.475345,-0.26174912,8.450482,0.15702897,0.22151381,-0.006907749,0.1701744,-0.0068788603,0.099183686,0.0018430575,253.63286,254.90262,341.42325,0.104720145,13.999594,0.31562835
5,19,15,0.0024009997,0.083622664,0.043459475,0.029901817,0.010261372,0.10423468,0.0040760143,6.579872,-0.44846106,8.630658,0.38213125,0.20846936,0.008152029,0.17292142,-0.011785712,0.10129843,0.0044850847,253.64128,254.98804,341.26794,0.06632981,13.999594,0.3431064
5,20,15,0.0024009997,0.08998193,0.046551727,0.03259899,0.010831209,0.107879244,0.008261782,6.8702216,-0.5963304,8.867061,0.6351503,0.21575849,0.016523564,0.1805519,-0.015671777,0.10407309,0.0074547855,253.6715,255.0605,341.2321,-0.03881991,13.999594,0.37441796
5,21,15,0.0024009997,0.08418551,0.043438554,0.030321674,0.0104252845,0.10420959,0.00014683063,6.625906,-0.06440742,8.699318,0.68383884,0.20841917,0.00029366126,0.1741312,-0.0016926611,0.102104284,0.008026246,253.71533,255.17303,341.7823,-0.61943144,13.997877,0.28619683
5,22,15,0.0024009997,0.08071432,0.04199588,0.028638223,0.0100802155,0.10246448,0.003745155,6.439345,0.17966962,8.554135,0.7494439,0.20492896,0.00749031,0.16922832,0.0047217812,0.10040028,0.008796253,253.64977,254.897,340.92157,-0.9291135,13.997877,0.2999966
5,23,15,0.0024009997,0.08486462,0.045128006,0.029271953,0.010464651,0.106216766,0.008243787,6.510203,0.052355755,8.715726,0.744193,0.21243353,0.016487574,0.17109048,0.0013759305,0.102296874,0.008734626,253.5841,254.53845,340.30957,-0.7965488,13.997877,0.36603537
5,24,15,0.0024009997,0.08149795,0.04105921,0.029051695,0.011387046,0.101315364,-0.0024147823,6.4856634,0.018737022,9.091735,0.5040952,0.20263073,-0.0048295646,0.17044558,0.0004924138,0.106710106,0.005916591,253.57535,254.36592,340.85156,-0.5228322,13.997877,0.33836222
5,25,15,0.0024009997,0.078303225,0.037567753,0.029518671,0.011216795,0.09691201,0.0027306464,6.537581,0.37163135,9.023512,0.8052419,0.19382402,0.005461293,0.17180999,0.009766615,0.10590937,0.009451154,253.52356,254.16823,339.97775,-1.1768732,13.996016,0.28686318
5,26,15,0.0024009997,0.085041076,0.045464896,0.028605122,0.010971052,0.106612496,0.008221894,6.435623,0.21144998,8.924119,0.9583361,0.21322499,0.016443787,0.16913049,0.0055569834,0.10474279,0.011248033,253.52719,254.18611,339.7627,-1.1697861,13.996016,0.3622734
5,27,15,0.0024009997,0.08642365,0.04511396,0.03056257,0.010747117,0.10620023,-0.001634533,6.652174,0.5067562,8.832573,0.7210245,0.21240047,-0.003269066,0.17482154,0.013317734,0.1036683,0.008462692,253.59282,254.41173,340.81107,-1.2277807,13.996016,0.31595147
5,28,15,0.0024009997,0.08275963,0.040328637,0.031125447,0.011305552,0.100409955,0.0034347724,6.713152,0.4578556,9.059142,0.9557039,0.20081991,0.0068695447,0.17642406,0.012032612,0.10632757,0.011217143,253.57103,254.4548,340.26483,-1.4135596,13.996016,0.31513023
5,29,15,0.0024009997,0.08259543,0.044078413,0.027412366,0.011104651,0.1049743,0.0061037205,6.3000197,0.36297038,8.978291,1.1059602,0.2099486,0.012207441,0.1655668,0.009538988,0.105378605,0.012980707,253.57927,254.49489,340.04852,-1.4689306,13.994042,0.31216684
5,30,15,0.0024009997,0.08032905,0.041966148,0.027379977,0.0109829325,0.102428205,-0.0067094835,6.296297,0.58597064,8.928949,0.76740396,0.20485641,-0.013418967,0.16546896,0.015399521,0.10479949,0.009007056,253.65259,254.69174,341.0818,-1.3533746,13.994042,0.2693296
5,31,15,0.0024009997,0.07673444,0.03665353,0.028469281,0.011611623,0.09572556,0.0029465929,6.4203234,0.25041515,9.180951,1.2208189,0.19145112,0.0058931857,0.16872843,0.006581008,0.10775724,0.014328805,253.66837,254.81628,341.05136,-1.4712341,13.994042,0.26062143
5,32,15,0.0024009997,0.081122056,0.041073527,0.028137423,0.011911112,0.10133302,0.005321257,6.3827944,-0.112989634,9.298594,1.2777231,0.20266604,0.010642514,0.16774213,-0.002969412,0.10913804,0.014996693,253.65973,254.78001,340.94522,-1.1647334,13.994042,0.31216794
5,33,15,0.0024009997,0.08228791,0.04163354,0.029330125,0.01132424,0.10202149,-0.0032158454,6.5166683,0.42146325,9.066627,0.97002065,0.20404299,-0.006431691,0.1712604,0.0110762045,0.10641541,0.011385169,253.66212,254.68857,341.1973,-1.3914839,13.991987,0.23061031
5,34,15,0.0024009997,0.07375685,0.035382353,0.027090855,0.0112836445,0.09405099,0.00069636287,6.2629657,0.4775288,9.050361,1.1563768,0.18810198,0.0013927257,0.164593,0.012549624,0.1062245,0.01357245,253.61505,254.48862,340.2757,-1.6339056,13.991987,0.21857609
5,35,15,0.0024009997,0.07015809,0.032472584,0.02649712,0.011188382,0.09010076,0.0028167365,6.1939545,0.1867278,9.012075,1.18241,0.18020152,0.005633473,0.16277936,0.004907278,0.10577515,0.013877999,253.60236,254.44604,339.9286,-1.3691378,13.991987,0.27434546
5,36,15,0.0024009997,0.08513232,0.04399857,0.029337991,0.011795768,0.10487918,-0.005018176,6.517543,0.34237987,9.253464,0.99866664,0.20975836,-0.010036352,0.17128336,0.008997869,0.10860832,0.011721394,253.6724,254.672,340.94406,-1.3410466,13.991987,0.24540055
5,37,15,0.0024009997,0.07835727,0.037624747,0.028941043,0.0117914835,0.0969855,0.00031937193,6.4733005,0.43704054,9.251784,1.3224345,0.193971,0.00063874386,0.17012067,0.011485572,0.1085886,0.015521466,253.69426,254.89453,340.7538,-1.7594751,13.989895,0.20094863
5,38,15,0.0024009997,0.08086912,0.04086499,0.027978886,0.012025254,0.101075456,0.004047431,6.3647876,0.18384992,9.343043,1.6277704,0.20215091,0.008094862,0.1672689,0.004831637,0.10965972,0.019105222,253.68288,254.79329,340.8627,-1.8116204,13.989895,0.29616714
5,39,15,0.0024009997,0.08318819,0.041011415,0.029927883,0.01224889,0.10125638,-0.0038214,6.5827394,0.4005745,9.42952,1.3251065,0.20251276,-0.0076428,0.17299677,0.010527237,0.1106747,0.015552838,253.68355,254.67598,341.25394,-1.7256811,13.989895,0.2208532
5,40,15,0.0024009997,0.0761126,0.035565786,0.028183313,0.012363501,0.094294466,0.002267461,6.3879967,0.673506,9.473533,1.4255899,0.18858893,0.004534922,0.16787887,0.017699983,0.11119128,0.016732218,253.65442,254.55293,340.1878,-2.0990958,13.989895,0.21771331
5,41,15,0.0024009997,0.07411637,0.03608102,0.026260195,0.0117751565,0.094975024,0.003947169,6.166201,0.49079633,9.245376,1.5226841,0.18995005,0.007894338,0.16204998,0.012898305,0.10851339,0.017871816,253.67996,254.6311,339.8387,-2.0134804,13.987774,0.26166987
5,42,15,0.0024009997,0.08252424,0.039207764,0.031026779,0.012289696,0.09900475,-0.007192974,6.7025027,0.6325658,9.445212,1.1634933,0.1980095,-0.014385948,0.1761442,0.016624058,0.1108589,0.013655974,253.77573,254.99503,340.87073,-1.7960591,13.987774,0.24408738
5,43,15,0.0024009997,0.07796455,0.033363793,0.031953596,0.0126471585,0.09132879,0.0011959064,6.8018737,0.55071414,9.581593,1.4892926,0.18265758,0.0023918129,0.17875569,0.014472966,0.112459585,0.017479897,253.78745,255.14915,341.11258,-2.0400066,13.987774,0.23189048
5,44,15,0.0024009997,0.074985534,0.035849288,0.026843062,0.012293185,0.09466954,0.004593642,6.2342567,0.38217887,9.446554,1.5742594,0.18933909,0.009187284,0.16383852,0.010043802,0.11087464,0.018477144,253.73264,254.87514,340.77185,-1.9564383,13.987774,0.27684417
5,45,15,0.0024009997,0.08433762,0.043925263,0.028484058,0.011928301,0.104791775,-0.0073266765,6.4219894,0.80896205,9.305303,1.1072514,0.20958355,-0.014653353,0.1687722,0.021259816,0.109216765,0.012995855,253.6831,254.60342,341.14066,-1.9162135,13.98568,0.24730232
5,46,15,0.0024009997,0.066301435,0.027568387,0.02701545,0.011717601,0.08301865,-0.0044969087,6.2542424,0.8386518,9.222753,1.321188,0.1660373,-0.0089938175,0.16436377,0.022040073,0.10824787,0.015506848,253.58467,254.29565,340.2979,-2.1598396,13.98568,0.22143604
5,47,15,0.0024009997,0.072248295,0.03206685,0.028543873,0.011637565,0.0895361,-0.0010555664,6.428729,0.5247648,9.1912,1.374072,0.1790722,-0.0021111327,0.16894932,0.013790998,0.107877545,0.016127545,253.50734,253.98137,339.75995,-1.8988367,13.98568,0.27125242
5,48,15,0.0024009997,0.078448474,0.035627272,0.03092237,0.0118988305,0.09437594,-0.010737247,6.6912165,0.77299136,9.2938,1.0896542,0.18875188,-0.021474494,0.17584758,0.020314494,0.10908176,0.012789319,253.51057,253.91823,340.27844,-1.8626456,13.98568,0.27113718
5,49,15,0.0024009997,0.06874857,0.028450513,0.028681738,0.01161632,0.0843364,-0.003370405,6.4442353,0.6667323,9.182807,1.3276408,0.1686728,-0.00674081,0.16935684,0.017521963,0.10777903,0.015582585,253.51271,253.9354,339.76062,-1.9943731,13.98358,0.22991721
5,50,15,0.0024009997,0.07522033,0.035531312,0.028125832,0.011563191,0.09424876,-0.0006512527,6.381479,0.24172094,9.161783,1.5743717,0.18849751,-0.0013025054,0.16770758,0.0063525257,0.10753228,0.018478468,253.55016,254.07666,339.91492,-1.8160926,13.98358,0.29581794
5,51,15,0.0024009997,0.08288029,0.03927582,0.031454623,0.0121498415,0.09909064,-0.007360722,6.7485576,0.5899984,9.391318,1.2125982,0.19818129,-0.014721444,0.17735451,0.015505379,0.11022632,0.014232318,253.6074,254.3134,340.48062,-1.8025966,13.98358,0.26757687
5,52,15,0.0024009997,0.07884407,0.036515936,0.030272892,0.012055239,0.09554572,-0.0025394715,6.620574,0.6756765,9.354685,1.4880122,0.19109143,-0.005078943,0.17399107,0.017757023,0.10979635,0.017464874,253.5994,254.3939,339.92917,-2.1636887,13.98358,0.24866155
5,53,15,0.0024009997,0.07340681,0.03504574,0.026951749,0.011409317,0.09360254,0.0012556381,6.2468653,0.35806897,9.10062,1.6300312,0.18720508,0.0025112762,0.16416988,0.009410184,0.10681441,0.019131742,253.60532,254.37343,340.0295,-1.9881002,13.981486,0.29921356
5,54,15,0.0024009997,0.081451446,0.04132583,0.028299406,0.011826211,0.10164378,-0.009699052,6.4011397,0.52081066,9.265397,1.3676672,0.20328756,-0.019398104,0.16822428,0.01368709,0.108748384,0.016052378,253.65436,254.5523,340.93195,-1.8884778,13.981486,0.27738443
5,55,15,0.0024009997,0.07173079,0.031057784,0.029039033,0.011633978,0.088116094,-0.0044972203,6.4842496,0.5946126,9.189785,1.5658175,0.17623219,-0.008994441,0.17040843,0.015626626,0.10786092,0.018378079,253.60603,254.46579,340.46188,-2.16043,13.981486,0.24627687
5,56,15,0.0024009997,0.07302688,0.033148047,0.028581886,0.011296954,0.09103303,-0.0022919956,6.4330077,0.40369916,9.0556965,1.514489,0.18206605,-0.004583991,0.16906178,0.010609367,0.10628713,0.017775627,253.50537,253.94221,339.93616,-1.9181882,13.981486,0.30601513
5,57,15,0.0024009997,0.08264448,0.04252084,0.028972648,0.011150985,0.10310291,-0.01136644,6.4768343,0.54252124,8.997003,1.0803927,0.20620582,-0.02273288,0.17021354,0.014257662,0.105598226,0.012680622,253.43967,253.5111,340.0512,-1.622914,13.979405,0.31346658
5,58,15,0.0024009997,0.07537378,0.035847113,0.02847949,0.011047181,0.09466667,-0.005932105,6.4214745,0.57593745,8.955029,1.2720221,0.18933333,-0.01186421,0.16875868,0.01513583,0.10510557,0.014929786,253.36111,253.189,338.96164,-1.8479595,13.979405,0.2805174
5,59,15,0.0024009997,0.07100586,0.03393639,0.02624175,0.010827719,0.09210916,-0.0035038095,6.1640344,0.3581321,8.865632,1.4718509,0.18421832,-0.007007619,0.16199306,0.009411845,0.10405633,0.017275179,253.32475,252.92203,338.5939,-1.829983,13.979405,0.3432529
5,60,15,0.0024009997,0.084486745,0.045404505,0.028025141,0.011057104,0.10654166,-0.010650261,6.3700457,0.70826644,8.959048,1.2163292,0.21308333,-0.021300523,0.16740711,0.018613502,0.10515276,0.014276117,253.32019,252.83359,339.0743,-1.9245956,13.979405,0.3328858
5,61,15,0.0024009997,0.06989825,0.03261523,0.027230307,0.010052714,0.09029844,-0.0061129495,6.279065,0.83649546,8.542459,1.3488948,0.18059687,-0.012225899,0.16501608,0.0219834,0.10026322,0.015832042,253.25691,252.67416,338.37378,-2.1853902,13.977363,0.27549097
5,62,15,0.0024009997,0.07481393,0.03745526,0.02740537,0.009953305,0.09676681,-0.0056851706,6.2992163,0.5498625,8.500117,1.3496472,0.19353361,-0.011370341,0.16554567,0.014450588,0.099766254,0.015840873,253.20062,252.40125,338.03876,-1.8995097,13.977363,0.31336007
5,63,15,0.0024009997,0.07563344,0.036513813,0.028897583,0.010222039,0.09554294,-0.012312947,6.468438,0.7009207,8.614101,1.0850474,0.19108588,-0.024625894,0.1699929,0.018420456,0.1011041,0.012735255,253.23059,252.49757,338.60654,-1.7859681,13.977363,0.32281095
5,64,15,0.0024009997,0.0668431,0.030134887,0.027022813,0.0096854,0.086797014,-0.0044292905,6.2550955,0.5500296,8.38494,1.1801031,0.17359403,-0.008858581,0.16438617,0.014454984,0.09841443,0.013850926,253.27376,252.77052,338.564,-1.7301326,13.977363,0.26888916
5,65,15,0.0024009997,0.06606896,0.03280659,0.024340808,0.008921567,0.09056295,-0.0033475729,5.9365783,0.1260332,8.047515,1.1377307,0.1811259,-0.0066951457,0.15601541,0.0033121929,0.09445405,0.013353597,253.26196,252.69456,338.60596,-1.2637639,13.975349,0.28314328
5,66,15,0.0024009997,0.072848246,0.03763165,0.026049653,0.009166939,0.09699439,-0.011267155,6.1414323,0.32171753,8.157431,0.9013624,0.19398879,-0.02253431,0.16139905,0.008454853,0.09574413,0.010579331,253.25119,252.54742,339.06747,-1.2230799,13.975349,0.30076137
5,67,15,0.0024009997,0.06433116,0.029456692,0.026165875,0.008708589,0.08581476,-0.0034474886,6.1551166,0.27597633,7.9508777,1.1699625,0.17162952,-0.0068949773,0.16175869,0.0072527532,0.09331982,0.013731904,253.2459,252.5846,338.70392,-1.4459388,13.975349,0.31983852
5,68,15,0.0024009997,0.06572528,0.032677315,0.024289569,0.008758393,0.09038434,-0.0020382612,5.930326,0.04951785,7.9735827,1.2100778,0.18076868,-0.0040765223,0.15585111,0.0013013512,0.09358629,0.014202734,253.24258,252.5739,338.2969,-1.2595956,13.975349,0.348113
5,69,15,0.0024009997,0.07269673,0.039386094,0.024503034,0.0088076005,0.09922965,-0.009033176,5.956328,0.13864335,7.9959497,0.89393216,0.1984593,-0.018066352,0.15653445,0.003643597,0.09384882,0.010492121,253.282,252.75352,338.7375,-1.0325755,13.973393,0.3213357
5,70,15,0.0024009997,0.060287554,0.028241286,0.023978345,0.008067924,0.08402572,-0.002131682,5.8922114,0.23411453,7.6528306,1.1497535,0.16805144,-0.004263364,0.15484942,0.006152619,0.08982162,0.013494713,253.27753,252.7951,338.425,-1.383868,13.973393,0.3042855
5,71,15,0.0024009997,0.061799802,0.030326055,0.02358091,0.007892836,0.08707189,-0.0013002187,5.8431764,0.12962611,7.5693355,1.2473058,0.17414378,-0.0026004375,0.15356077,0.0034066283,0.08884163,0.014639686,253.27368,252.75534,338.37872,-1.3769319,13.973393,0.33443382
5,72,15,0.0024009997,0.07196473,0.0373542,0.026273947,0.008336579,0.096636176,-0.007824708,6.167815,0.22258134,7.779203,0.9369965,0.19327235,-0.015649416,0.1620924,0.005849518,0.09130487,0.010997576,253.26302,252.68568,338.70892,-1.1595778,13.973393,0.29609048
5,73,15,0.0024009997,0.05783509,0.028775971,0.021461392,0.0075977263,0.08481741,-0.0032504054,5.574393,0.14578432,7.4264803,1.0308771,0.16963482,-0.006500811,0.14649707,0.0038312674,0.08716494,0.01209945,253.20703,252.46477,337.98212,-1.1766615,13.971535,0.2255923
5,74,15,0.0024009997,0.05735474,0.02775347,0.02192892,0.007672349,0.083296865,-0.000659282,5.6347847,-0.094406895,7.4628615,1.093954,0.16659373,-0.001318564,0.14808416,-0.0024810464,0.087591946,0.012839789,253.17526,252.18967,337.74747,-0.99954706,13.971535,0.30194405
5,75,15,0.0024009997,0.06445364,0.03505094,0.02189059,0.0075121094,0.09360948,-0.008565002,5.629857,-0.10500852,7.3845177,0.9608387,0.18721896,-0.017130004,0.14795469,-0.0027596639,0.086672425,0.011277408,253.22021,252.34497,338.3567,-0.85583013,13.971535,0.28707635
5,76,15,0.0024009997,0.054221265,0.024950612,0.022077167,0.0071934834,0.078978814,-0.0011237527,5.653798,0.008354341,7.2262144,1.1604159,0.15795763,-0.0022475054,0.14858387,0.00021955943,0.08481441,0.013619851,253.218,252.47527,337.9231,-1.1687702,13.971535,0.25785324
5,77,15,0.0024009997,0.053115517,0.025145132,0.021372432,0.006597952,0.07928608,0.00048656983,5.562828,-0.13742991,6.9206324,1.1551341,0.15857217,0.00097313966,0.14619313,-0.0036116983,0.08122778,0.0135578625,253.17465,252.31874,337.52936,-1.0177041,13.969771,0.25722808
5,78,15,0.0024009997,0.061195757,0.03384,0.020763172,0.006592584,0.09197826,-0.0068717985,5.482966,0.351245,6.917817,0.96097326,0.18395652,-0.013743597,0.14409432,0.00923084,0.08119473,0.011278988,253.15666,252.18333,337.85455,-1.3122182,13.969771,0.27337527
5,79,15,0.0024009997,0.049763914,0.02342986,0.020077417,0.0062566376,0.07653408,-0.0007859109,5.3916607,0.5850997,6.7392516,0.88485,0.15306816,-0.0015718217,0.1416948,0.015376632,0.07909891,0.010385525,253.08699,251.93877,337.2066,-1.4699497,13.969771,0.22736724
5,80,15,0.0024009997,0.048993412,0.024141252,0.018753033,0.0060991277,0.07768728,-0.0005603896,5.2108006,0.28764343,6.653882,0.7664544,0.15537456,-0.0011207792,0.13694172,0.007559373,0.07809691,0.00899591,253.04175,251.74535,337.03854,-1.0540979,13.969771,0.25641263
5,81,15,0.0024009997,0.05520299,0.028840622,0.020406969,0.0059553995,0.084912635,-0.007438845,5.435731,0.35180253,6.5750136,0.3722639,0.16982527,-0.01487769,0.14285296,0.009245499,0.07717124,0.004369278,253.02202,251.57315,337.37436,-0.72406644,13.96811,0.23583557
5,82,15,0.0024009997,0.04767738,0.021703284,0.020270634,0.005703462,0.07366017,-0.0010080825,5.417543,0.2987987,6.434436,0.62239224,0.14732035,-0.002016165,0.14237498,0.007852539,0.07552127,0.0073050447,252.97624,251.44084,336.77423,-0.921191,13.96811,0.19107397
5,83,15,0.0024009997,0.050253373,0.023527425,0.02060942,0.0061165295,0.07669326,-0.000741153,5.4626265,0.052472662,6.6633677,0.5825635,0.15338652,-0.001482306,0.14355981,0.0013789986,0.078208245,0.0068375743,252.92513,251.15947,336.32022,-0.6350362,13.96811,0.17131042
5,84,15,0.0024009997,0.056546964,0.029596962,0.020756662,0.0061933403,0.08601884,-0.0071036485,5.4821057,0.09964494,6.7050757,0.502443,0.17203768,-0.014207297,0.14407173,0.0026187054,0.07869778,0.0058971974,252.89882,250.9357,336.6657,-0.602088,13.96811,0.22825386
5,85,15,0.0024009997,0.046029735,0.02187032,0.01869587,0.0054635447,0.073943086,0.0009841338,5.2028527,-0.13843846,6.297649,0.49645934,0.14788617,0.0019682676,0.13673285,-0.0036382158,0.073915794,0.0058269673,252.82953,250.63605,335.933,-0.35802087,13.966503,0.23762633
5,86,15,0.0024009997,0.048017774,0.023366576,0.019063996,0.0055872016,0.07643065,0.0011054452,5.2538247,-0.43917277,6.368518,0.4635823,0.1528613,0.0022108904,0.13807243,-0.011541617,0.074747585,0.005441087,252.79884,250.51503,335.60522,-0.024409533,13.966503,0.20027645
5,87,15,0.0024009997,0.053077433,0.02743995,0.019843372,0.005794113,0.08282504,-0.0041744644,5.3601427,-0.2126374,6.4853697,0.30571035,0.16565008,-0.008348929,0.1408665,-0.0055881855,0.07611907,0.0035881368,252.78732,250.4602,335.83847,-0.09307295,13.966503,0.252757
5,88,15,0.0024009997,0.050629105,0.026133632,0.018813733,0.005681742,0.0808295,0.002529501,5.2192264,0.06580524,6.422172,0.52350795,0.161659,0.005059002,0.13716316,0.0017293848,0.07537733,0.0061444375,252.74426,250.32631,335.1453,-0.5893132,13.966503,0.17514169
5,89,15,0.0024009997,0.044811714,0.020686138,0.018598847,0.0055267303,0.071913384,0.0045544673,5.1893344,-0.07693463,6.33396,0.28891072,0.14382677,0.009108935,0.13637759,-0.0020218696,0.07434198,0.0033909583,252.72273,250.17964,335.0497,-0.21197608,13.964982,0.16285914
5,90,15,0.0024009997,0.052669287,0.028409932,0.018213416,0.0060459357,0.08427623,-0.0024710395,5.135283,0.02864671,6.6248035,0.018318793,0.16855246,-0.004942079,0.13495709,0.00075284427,0.077755615,0.0002150078,252.68954,249.99112,335.31992,-0.046965502,13.964982,0.2703691
5,91,15,0.0024009997,0.05000656,0.02430999,0.019889006,0.005807563,0.07795831,0.00397317,5.3663034,-0.08081569,6.4928923,0.20268261,0.15591662,0.00794634,0.14102839,-0.0021238667,0.07620737,0.0023788954,252.63423,249.8501,334.56265,-0.12186693,13.964982,0.26769534
5,92,15,0.0024009997,0.05076797,0.024245849,0.020391807,0.0061303102,0.07785539,0.004633244,5.433711,-0.41313988,6.670869,0.15973991,0.15571079,0.009266488,0.14279988,-0.010857458,0.0782963,0.0018748743,252.6295,249.80772,334.36465,0.25339997,13.964982,0.25289264
5,93,15,0.0024009997,0.0523115,0.028287807,0.018048145,0.0059755486,0.0840949,-0.0014356073,5.111931,-0.10451499,6.586127,-0.16500115,0.1681898,-0.0028712146,0.13434339,-0.002746692,0.07730167,-0.0019366269,252.66185,249.88704,334.86343,0.26951614,13.963528,0.32062075
5,94,15,0.0024009997,0.045667343,0.023484018,0.016185813,0.0059975134,0.07662248,0.0051766536,4.8410087,0.068022914,6.59822,-0.04940318,0.15324496,0.010353307,0.12722348,0.0017876667,0.077443615,-0.0005798502,252.64885,249.90475,334.61258,-0.018619735,13.963528,0.30126694
5,95,15,0.0024009997,0.041783452,0.020033928,0.015457361,0.0062921634,0.07077063,0.0039839577,4.730819,-0.26741612,6.7583585,-0.16101888,0.14154126,0.007967915,0.12432764,-0.0070277927,0.07932316,-0.0018898875,252.6386,249.86389,334.52542,0.428435,13.963528,0.26125044
5,96,15,0.0024009997,0.051637776,0.030122776,0.015321288,0.006193712,0.08677957,-0.0014279343,4.7099504,-0.253813,6.705277,-0.22415678,0.17355914,-0.0028558685,0.12377919,-0.006670296,0.07870014,-0.0026309364,252.66502,249.97804,335.1736,0.47796977,13.963528,0.32633987
5,97,15,0.0024009997,0.04619628,0.025132326,0.015027423,0.006036529,0.07926589,0.0075013796,4.664563,-0.12897536,6.619647,-0.1062587,0.15853179,0.015002759,0.12258639,-0.0033895196,0.0776951,-0.0012471634,252.60657,249.77916,334.52097,0.23523405,13.962125,0.2729318
5,98,15,0.0024009997,0.046221618,0.023258468,0.01654691,0.006416238,0.07625364,0.009041944,4.894712,-0.31086951,6.8246665,-0.17049943,0.15250728,0.018083887,0.1286348,-0.0081697665,0.08010142,-0.0020011598,252.52032,249.39859,333.9783,0.48136896,13.962125,0.26570645
5,99,15,0.0024009997,0.049063884,0.026189888,0.016221158,0.0066528395,0.08091645,0.0035299207,4.846292,-0.37728438,6.949359,-0.20832261,0.1618329,0.0070598414,0.12736231,-0.00991517,0.08156494,-0.0024450885,252.47089,249.10606,334.01028,0.585607,13.962125,0.28945205
5,100,15,0.0024009997,0.04861318,0.023017883,0.018672245,0.006923055,0.07585823,0.008693593,5.1995645,-0.3246951,7.089083,-0.03716224,0.15171646,0.017387185,0.13664642,-0.008533104,0.083204895,-0.00043617355,252.41945,248.9272,333.33664,0.36185735,13.962125,0.32141376
