ic,traj,n_steps,eta,loss_total,loss_T,loss_olw,loss_slwd,rmse_T,bias_T,rmse_olw,bias_olw,rmse_slwd,bias_slwd,nrmse_T,nbias_T,nrmse_olw,nbias_olw,nrmse_slwd,nbias_slwd,mean_T,mean_olw,mean_slwd,bias_C,pnorm,gnorm
1,1,10,0.01,0.7068934,0.36235204,0.30461338,0.039927978,0.30097842,0.006241667,21.001154,6.486364,17.024715,-10.760179,0.60195684,0.012483334,0.5519179,0.17046407,0.19981986,-0.1262927,252.63597,251.41576,336.5771,4.2738147,14.122225,2.0954638
1,2,10,0.01,0.66918707,0.34295446,0.28634608,0.03988654,0.29281157,0.0054725204,20.361712,5.8141713,17.015879,-10.690599,0.58562315,0.010945041,0.53511316,0.1527985,0.19971615,-0.12547605,252.66415,251.38692,337.1932,4.876428,14.122225,1.9940692
1,3,10,0.01,0.8425426,0.3867265,0.41344878,0.042367257,0.3109367,-0.0046482245,24.466932,7.803767,17.537043,-10.761943,0.6218734,-0.009296449,0.6429998,0.2050858,0.20583308,-0.12631342,252.66586,251.31767,337.6255,2.9581757,14.122225,2.3857079
1,4,10,0.01,0.6940178,0.33160412,0.32337585,0.03903789,0.2879254,0.0049765417,21.638266,7.0487313,16.833887,-10.529031,0.5758508,0.0099530835,0.56866145,0.1852432,0.19758008,-0.1235797,252.61353,251.19086,336.97357,3.4802995,14.122225,2.046247
1,5,10,0.01,0.31008586,0.14826718,0.13950053,0.022318155,0.19252738,-0.007576496,14.212047,1.0582691,12.728298,-7.0417356,0.38505477,-0.015152992,0.3734977,0.027811697,0.14939262,-0.08264917,252.61295,251.14095,337.42966,5.9834666,14.103774,1.1117522
1,6,10,0.01,0.40810964,0.19137397,0.19093063,0.025805028,0.21873155,-0.014715585,16.626717,2.6970155,13.686531,-7.401117,0.4374631,-0.02943117,0.4369561,0.07087855,0.16063944,-0.08686724,252.61905,251.16165,337.75433,4.7041016,14.103774,1.3787122
1,7,10,0.01,0.32193273,0.15980355,0.14157662,0.020552587,0.19987719,-0.0069567217,14.3174095,1.7023196,12.214464,-7.0257506,0.39975438,-0.013913443,0.3762667,0.04473757,0.14336173,-0.08246155,252.57245,251.03185,337.06815,5.323431,14.103774,1.2001268
1,8,10,0.01,0.3244832,0.16001533,0.14330682,0.021161046,0.20000958,-0.00897829,14.404631,1.0796394,12.393951,-7.1143312,0.40001917,-0.01795658,0.37855887,0.028373318,0.14546837,-0.08350123,252.56487,250.94653,337.4724,6.034692,14.103774,1.2032392
1,9,10,0.01,0.2297974,0.114587754,0.09861169,0.016597956,0.16925406,0.0011094429,11.949037,1.6487491,10.976616,-3.9223204,0.33850813,0.0022188858,0.31402498,0.0433297,0.12883306,-0.04603646,252.57474,250.93889,337.55917,2.2735713,14.092209,0.8182634
1,10,10,0.01,0.20291853,0.093801424,0.09535592,0.013761189,0.15313509,0.006749902,11.750125,1.0741754,9.994687,-3.5782025,0.30627018,0.013499804,0.30879754,0.028229725,0.117308095,-0.041997526,252.56616,250.99278,336.73184,2.5040271,14.092209,0.8207003
1,11,10,0.01,0.20034416,0.093168184,0.092262894,0.014913085,0.15261732,0.0026123167,11.557986,0.18106171,10.404591,-3.8337572,0.30523464,0.0052246335,0.30374807,0.0047583603,0.12211914,-0.044996984,252.63545,251.26933,337.43735,3.6526954,14.092209,0.8570053
1,12,10,0.01,0.22464028,0.11028964,0.09707729,0.017273344,0.16604942,0.00034745174,11.855707,1.0017909,11.197715,-4.134365,0.33209884,0.0006949035,0.31157228,0.026327422,0.1314281,-0.04852523,252.71109,251.5889,338.08893,3.132574,14.092209,0.89153457
1,13,10,0.01,0.16526884,0.06987733,0.08305566,0.01233585,0.1321716,0.024453634,10.966127,1.8489785,9.462933,-1.1678282,0.2643432,0.04890727,0.2881938,0.048591834,0.11106687,-0.013706854,252.73491,251.7586,337.57486,-0.6811503,14.083611,0.6662577
1,14,10,0.01,0.17020632,0.07506277,0.08208407,0.013059481,0.13698792,0.023332492,10.901796,1.4665892,9.736529,-1.0087261,0.27397585,0.046664983,0.28650317,0.03854249,0.114278086,-0.011839462,252.76544,251.79585,337.87698,-0.4578631,14.083611,0.6908099
1,15,10,0.01,0.18871644,0.09278846,0.08224514,0.01368285,0.15230599,0.018224638,10.912489,2.194262,9.966197,-1.0954922,0.30461198,0.036449276,0.28678414,0.057666,0.11697371,-0.012857841,252.75615,251.64641,337.86246,-1.0987698,14.083611,0.6453101
1,16,10,0.01,0.18124199,0.079606384,0.089140184,0.012495422,0.14107302,0.023485363,11.360709,1.543901,9.523941,-1.0377584,0.28214604,0.046970725,0.29856354,0.040574286,0.11178292,-0.012180215,252.70293,251.46922,336.9656,-0.5061426,14.083611,0.69608307
1,17,10,0.01,0.19846879,0.0809929,0.105298586,0.012177306,0.14229625,0.03452038,12.347525,1.5511752,9.401926,0.044489004,0.2845925,0.06904076,0.32449743,0.040765468,0.11035083,0.0005221692,252.71684,251.49797,337.436,-1.5956643,14.076296,0.941497
1,18,10,0.01,0.19375323,0.08494096,0.096375324,0.012436941,0.14572316,0.024772892,11.812766,2.100347,9.501627,0.012565921,0.29144633,0.049545784,0.31044376,0.055197902,0.111521035,0.00014748838,252.73055,251.51776,337.95377,-2.112913,14.076296,0.86715066
1,19,10,0.01,0.19182894,0.08040072,0.09973377,0.01169445,0.1417751,0.032998286,12.016828,2.1310024,9.213636,0.59442157,0.2835502,0.06599657,0.31580654,0.056003492,0.10814088,0.006976748,252.7197,251.57335,337.46536,-2.725424,14.076296,0.87036365
1,20,10,0.01,0.18080309,0.07428692,0.09460302,0.011913155,0.13627814,0.03045367,11.703646,1.5466495,9.299394,0.5471631,0.27255628,0.06090734,0.30757603,0.0406465,0.1091474,0.0064220815,252.74988,251.56311,338.12415,-2.0938125,14.076296,0.90190095
1,21,10,0.01,0.18495503,0.0826916,0.091368556,0.010894869,0.14378074,0.024461955,11.501832,0.7929216,8.89308,0.81391174,0.28756148,0.04892391,0.30227232,0.02083826,0.10437849,0.009552918,252.80252,251.79655,338.5516,-1.6068333,14.069936,0.8697657
1,22,10,0.01,0.19779348,0.08822441,0.0984916,0.011077468,0.14851297,0.034876693,11.941759,1.0907378,8.967296,1.3486654,0.29702595,0.069753386,0.3138337,0.028664978,0.105249554,0.015829347,252.79425,251.81424,337.81787,-2.439403,14.069936,0.92173123
1,23,10,0.01,0.19092573,0.080125116,0.09884838,0.011952239,0.1415319,0.032531835,11.963367,0.7692484,9.314634,1.2162917,0.2830638,0.06506367,0.31440163,0.020216122,0.109326296,0.01427567,252.84474,251.94688,338.5845,-1.9855402,14.069936,0.9700374
1,24,10,0.01,0.19300029,0.08159949,0.09842541,0.012975391,0.14282812,0.02515271,11.937746,1.1922371,9.7051325,0.8027714,0.28565624,0.05030542,0.31372824,0.031332422,0.11390957,0.009422165,252.8608,252.03477,338.91705,-1.9950085,14.069936,0.91246676
1,25,10,0.01,0.15916428,0.06498389,0.08252298,0.011657415,0.12745969,0.025642797,10.930905,-0.75009865,9.199036,1.2587626,0.25491938,0.051285595,0.28726813,-0.019712878,0.10796951,0.014774153,252.84056,252.0348,338.19083,-0.50866395,14.064164,0.7148294
1,26,10,0.01,0.16010027,0.06549689,0.08249699,0.012106374,0.1279618,0.023716489,10.929185,-1.270611,9.374503,1.1812791,0.2559236,0.047432978,0.2872229,-0.03339211,0.11002897,0.013864723,252.92464,252.34093,338.73737,0.089331985,14.064164,0.7461776
1,27,10,0.01,0.16286169,0.066700146,0.083295,0.012866541,0.12913185,0.018502915,10.981916,-1.4224936,9.664337,0.9740271,0.2582637,0.03700583,0.28860873,-0.03738364,0.113430776,0.011432199,252.9826,252.57635,339.14453,0.44846648,14.064164,0.7443755
1,28,10,0.01,0.17082804,0.06676207,0.09141355,0.012652429,0.12919179,0.025738616,11.504665,-0.9506865,9.583589,1.2717084,0.25838357,0.05147723,0.30234674,-0.02498439,0.11248302,0.014926099,252.94728,252.45361,338.25095,-0.32102185,14.064164,0.7728472
1,29,10,0.01,0.1437066,0.060033664,0.07269944,0.010973497,0.12250884,0.01889478,10.259689,-2.6627817,8.925114,1.2783281,0.24501768,0.03778956,0.26962835,-0.069978856,0.10475446,0.015003795,252.97446,252.39331,338.75095,1.3844537,14.059357,0.5950438
1,30,10,0.01,0.14538378,0.062704876,0.07038477,0.012294124,0.12520471,0.012362796,10.095039,-2.6903126,9.446916,1.3245912,0.25040942,0.024725592,0.2653013,-0.0707024,0.11087887,0.015546783,253.01549,252.47368,339.1882,1.3657215,14.059357,0.58895314
1,31,10,0.01,0.13802984,0.055125847,0.07133843,0.011565565,0.11739447,0.017590903,10.1632,-2.4525857,9.1627245,1.4660872,0.23478894,0.035181805,0.26709256,-0.06445483,0.10754332,0.017207524,253.01591,252.63403,338.48825,0.9864985,14.059357,0.5818616
1,32,10,0.01,0.13933334,0.059898525,0.068062834,0.011371968,0.12237088,0.016904587,9.92713,-2.7905715,9.085713,1.4551395,0.24474175,0.033809174,0.26088855,-0.073337205,0.10663943,0.017079035,253.07828,252.85677,339.15625,1.3354319,14.059357,0.6015849
1,33,10,0.01,0.121174954,0.051291514,0.058548257,0.011335188,0.11323815,0.005473277,9.207159,-3.803873,9.071009,1.4431489,0.2264763,0.010946554,0.24196747,-0.09996716,0.10646684,0.016938303,253.1448,253.09375,339.85867,2.3607242,14.055132,0.50939095
1,34,10,0.01,0.11619177,0.046424355,0.057751995,0.012015415,0.10773156,0.013443734,9.144336,-3.4034579,9.339219,1.7589239,0.21546312,0.026887467,0.24031645,-0.08944409,0.10961485,0.020644568,253.12286,253.04225,339.20746,1.644534,14.055132,0.47901443
1,35,10,0.01,0.12186393,0.051305514,0.059762716,0.010795697,0.1132536,0.011554684,9.30216,-3.783659,8.852511,1.4331276,0.2265072,0.023109367,0.24446414,-0.09943593,0.10390234,0.016820686,253.09822,252.86923,339.2402,2.3505313,14.055132,0.48303083
1,36,10,0.01,0.13171114,0.05650593,0.06407043,0.011134776,0.11885488,0.0061988486,9.631579,-3.768334,8.990461,1.4576712,0.23770976,0.012397697,0.25312138,-0.09903316,0.10552145,0.017108753,253.10017,252.83217,339.25705,2.3106627,14.055132,0.4978395
1,37,10,0.01,0.11298624,0.046861235,0.055619903,0.010505097,0.10823728,0.008936109,8.973952,-3.0517557,8.732553,1.7928854,0.21647456,0.017872218,0.23583873,-0.08020124,0.102494374,0.021043178,253.10742,252.92088,338.9816,1.2588702,14.051304,0.44157234
1,38,10,0.01,0.110921875,0.050654806,0.04940743,0.010859638,0.112533115,0.008501983,8.457944,-3.356861,8.878691,1.8110594,0.22506623,0.017003966,0.22227782,-0.08821952,0.10420959,0.021256486,253.14229,253.00699,339.5141,1.5458018,14.051304,0.45073506
1,39,10,0.01,0.11826993,0.054130763,0.0526815,0.011457664,0.116330095,0.0024257724,8.733689,-3.3928778,9.119882,1.7046497,0.23266019,0.0048515447,0.22952451,-0.08916605,0.10704048,0.020007547,253.15503,253.06519,339.666,1.6882281,14.051304,0.45219398
1,40,10,0.01,0.118981406,0.047365833,0.06014727,0.011468304,0.108818464,0.01145071,9.332042,-3.1224766,9.124117,2.01488,0.21763693,0.02290142,0.2452494,-0.082059816,0.10709017,0.023648739,253.09947,252.89763,338.90033,1.1075966,14.051304,0.45565683
1,41,10,0.01,0.10328228,0.047950152,0.044850867,0.010481259,0.109487616,0.004685473,8.058498,-2.0951734,8.722639,1.8324343,0.21897523,0.009370946,0.21178024,-0.055061914,0.10237802,0.021507367,253.07019,252.6166,339.16013,0.26273906,14.047572,0.4221132
1,42,10,0.01,0.11627128,0.061145026,0.043619007,0.011507253,0.1236376,-0.00040665478,7.947061,-2.043759,9.139597,2.0722632,0.2472752,-0.00081330957,0.20885164,-0.053710725,0.107271865,0.024322247,253.1032,252.70879,339.3947,-0.028504133,14.047572,0.39774948
1,43,10,0.01,0.10418562,0.04532441,0.048072737,0.010788471,0.10644765,0.0068685296,8.34292,-1.8747852,8.84955,1.990444,0.2128953,0.013737059,0.21925496,-0.049270034,0.10386757,0.023361932,253.1309,252.89655,338.8711,-0.11565876,14.047572,0.3780362
1,44,10,0.01,0.10169055,0.044907752,0.046586134,0.010196663,0.10595725,0.004561026,8.212909,-2.2465732,8.603403,1.6514546,0.2119145,0.009122052,0.21583821,-0.059040762,0.10097853,0.019383196,253.1904,253.09583,339.40054,0.59511864,14.047572,0.36435625
1,45,10,0.01,0.11411031,0.05871352,0.045133363,0.010263428,0.12115437,-0.007262141,8.083837,-0.26016667,8.631523,1.8335477,0.24230874,-0.014524282,0.21244614,-0.006837274,0.10130858,0.021520436,253.20123,253.07245,339.59708,-1.5733811,14.043884,0.3939163
1,46,10,0.01,0.10215875,0.043437354,0.048405513,0.010315878,0.10420815,0.0010156294,8.371747,0.1489435,8.65355,2.005969,0.2084163,0.0020312588,0.22001253,0.003914294,0.10156711,0.023544146,253.16869,253.03911,338.67508,-2.1549125,14.043884,0.37777755
1,47,10,0.01,0.09919344,0.049580954,0.039337683,0.010274794,0.11133391,5.9750044e-5,7.546978,-0.1322903,8.636301,1.8274924,0.22266781,0.00011950009,0.1983373,-0.0034766293,0.10136466,0.021449357,253.2178,253.2335,339.03378,-1.6952021,14.043884,0.32145143
1,48,10,0.01,0.10705257,0.055623017,0.04084472,0.010584839,0.11792266,-0.006971306,7.6901817,-0.09731894,8.765635,2.1178312,0.23584533,-0.013942612,0.20210077,-0.0025575715,0.102882646,0.024857078,253.31183,253.57086,339.73248,-2.0205123,14.043884,0.35441345
1,49,10,0.01,0.094947696,0.04248599,0.04249137,0.009970339,0.10306065,-0.0037729575,7.843665,1.5529863,8.507387,2.3802257,0.2061213,-0.007545915,0.20613435,0.04081304,0.099851586,0.027936818,253.36812,253.90063,339.7232,-3.9332118,14.040119,0.40296704
1,50,10,0.01,0.09543044,0.049113527,0.035986755,0.01033016,0.11080786,-0.0039404198,7.2183843,0.99464357,8.659538,2.3083878,0.22161572,-0.0078808395,0.18970175,0.026139589,0.10163739,0.02709365,253.42317,254.15207,340.54605,-3.3030314,14.040119,0.34370843
1,51,10,0.01,0.105422355,0.05963139,0.035159066,0.010631895,0.12209769,-0.008469512,7.1348906,1.2773217,8.785096,2.414517,0.24419539,-0.016939024,0.18750751,0.033568475,0.10311108,0.028339297,253.42426,254.14351,340.68695,-3.6918387,14.040119,0.40578476
1,52,10,0.01,0.09615064,0.04397372,0.041920554,0.010256369,0.10484956,-0.0026990722,7.7908025,1.8603057,8.628554,2.2726264,0.20969912,-0.0053981445,0.2047451,0.04888949,0.10127373,0.026673922,253.3622,253.88802,339.57114,-4.132932,14.040119,0.40056634
1,53,10,0.01,0.090825975,0.043608632,0.037595876,0.009621473,0.1044134,-0.0077405204,7.3780017,2.266727,8.3572235,2.2546186,0.2088268,-0.015481041,0.19389656,0.0595704,0.09808911,0.026462562,253.35413,253.71867,339.83508,-4.5213456,14.036103,0.3880602
1,54,10,0.01,0.111767724,0.0606332,0.04161296,0.009521563,0.12311905,-0.015208054,7.7621665,2.4926894,8.313719,2.4268084,0.2462381,-0.030416109,0.20399255,0.06550879,0.097578496,0.028483562,253.33504,253.63057,339.89816,-4.9194975,14.036103,0.5122812
1,55,10,0.01,0.091797546,0.038652115,0.044139802,0.009005627,0.0983007,-0.0069351485,7.994363,2.3630166,8.085338,2.3517354,0.1966014,-0.013870297,0.21009475,0.062100932,0.09489798,0.027602427,253.27458,253.4057,338.80392,-4.714752,14.036103,0.4332671
1,56,10,0.01,0.09367694,0.046231333,0.03840876,0.009036849,0.10750736,-0.006493138,7.457338,1.9336653,8.099342,2.2032177,0.21501473,-0.012986276,0.19598153,0.050817426,0.095062345,0.02585926,253.29318,253.43414,339.0931,-4.136883,14.036103,0.40106064
1,57,10,0.01,0.09788156,0.050565884,0.038261745,0.00905394,0.1124343,-0.01288167,7.4430523,2.366544,8.1069975,2.818771,0.2248686,-0.02576334,0.1956061,0.06219363,0.09515219,0.033084042,253.32797,253.5204,339.45798,-5.185315,14.031896,0.43875957
1,58,10,0.01,0.084049895,0.032853648,0.041861795,0.00933445,0.09062788,-0.0050435006,7.7853403,2.6210759,8.231625,2.8686228,0.18125576,-0.010087001,0.20460156,0.06888282,0.09661496,0.03366915,253.32178,253.44795,338.6794,-5.4896984,14.031896,0.41361192
1,59,10,0.01,0.084563375,0.038857613,0.036904093,0.008801669,0.098561674,-0.0063034524,7.309808,2.2644906,7.993256,2.559087,0.19712335,-0.012606905,0.19210438,0.05951163,0.09381721,0.030036127,253.40532,253.7592,339.1587,-4.823578,14.031896,0.35512584
1,60,10,0.01,0.096246734,0.05064211,0.036750827,0.00885379,0.11251901,-0.015025448,7.294613,2.5031023,8.016889,2.6738427,0.22503802,-0.030050896,0.19170505,0.06578242,0.09409458,0.03138301,253.49933,254.17294,340.04602,-5.1769447,14.031896,0.45120183
1,61,10,0.01,0.064315684,0.02578683,0.02949568,0.009033171,0.08029139,-0.0054609934,6.535035,1.7670921,8.097693,2.996055,0.16058278,-0.010921987,0.17174307,0.046439823,0.095042996,0.035164826,253.47581,254.16324,339.70532,-4.763147,14.027489,0.24668491
1,62,10,0.01,0.07598031,0.03747557,0.030132247,0.008372491,0.09679304,-0.009090484,6.6051764,1.6651741,7.7959414,2.6685746,0.19358608,-0.018180968,0.17358643,0.04376138,0.09150132,0.031321183,253.47697,254.12648,339.915,-4.333749,14.027489,0.26891363
1,63,10,0.01,0.090876415,0.048023604,0.03433232,0.008520489,0.10957144,-0.014184336,7.050506,2.0052679,7.864543,2.8146198,0.21914288,-0.028368672,0.18528983,0.052699167,0.092306495,0.033035323,253.47462,254.10555,340.18497,-4.8198876,14.027489,0.37640437
1,64,10,0.01,0.07787145,0.02958373,0.03940734,0.008880384,0.08599961,-0.007228428,7.553656,2.0589979,8.02892,2.7216258,0.17199922,-0.014456856,0.19851282,0.0541112,0.09423579,0.031943843,253.42326,253.89075,339.29395,-4.7806234,14.027489,0.30944127
1,65,10,0.01,0.071152516,0.034583848,0.027664348,0.008904316,0.09298366,-0.004330308,6.3289094,0.33100113,8.03973,2.5318437,0.18596733,-0.008660616,0.16632603,0.0086988285,0.09436268,0.029716363,253.46631,253.98318,339.60483,-2.8628447,14.022503,0.21694393
1,66,10,0.01,0.084095515,0.046936363,0.028065708,0.009093438,0.108324006,-0.012400031,6.374655,0.51559997,8.124661,2.953022,0.21664801,-0.024800062,0.16752823,0.013550149,0.09535952,0.034659754,253.51353,254.16742,339.9938,-3.468622,14.022503,0.2640566
1,67,10,0.01,0.06983544,0.030507,0.030579047,0.008749396,0.087331265,-0.0024334874,6.6539664,0.4643355,7.969484,3.0055552,0.17466253,-0.004866975,0.17486866,0.0122029055,0.0935382,0.035276342,253.52884,254.29514,339.58038,-3.4698906,14.022503,0.21256968
1,68,10,0.01,0.069104075,0.03391728,0.026473766,0.00871303,0.09208322,-0.004683522,6.191224,-0.088809736,7.952905,2.6721787,0.18416645,-0.009367044,0.16270761,-0.0023339528,0.093343616,0.031363476,253.59248,254.49594,340.1426,-2.583369,14.022503,0.18780173
1,69,10,0.01,0.075133234,0.03997198,0.026579509,0.008581741,0.09996497,-0.010657256,6.2035766,-0.8323759,7.8927603,2.4674106,0.19992994,-0.021314511,0.16303223,-0.021875136,0.09263769,0.028960112,253.65996,254.84549,340.8354,-1.6350347,14.016901,0.2634568
1,70,10,0.01,0.06254158,0.027085988,0.026738793,0.008716799,0.08228911,-0.0025273333,6.2221365,-0.7408665,7.954625,2.4746673,0.16457821,-0.0050546667,0.16352001,-0.019470232,0.0933638,0.029045278,253.6898,255.11404,340.5229,-1.7338009,14.016901,0.22160017
1,71,10,0.01,0.069132395,0.032584112,0.027687894,0.00886039,0.09025535,-0.0048389626,6.331603,-0.9132885,8.0198765,2.3191886,0.1805107,-0.009677925,0.1663968,-0.024001552,0.094129644,0.027220419,253.72607,255.25403,340.8345,-1.4059001,14.016901,0.2374605
1,72,10,0.01,0.084912375,0.048856307,0.027349284,0.008706788,0.110517316,-0.011129173,6.2927675,-0.3594956,7.9500556,2.4723372,0.22103463,-0.022258347,0.16537619,-0.009447674,0.09331017,0.029017936,253.70944,255.16957,340.8641,-2.1128416,14.016901,0.27216646
1,73,10,0.01,0.06252784,0.026587522,0.02805078,0.00788954,0.0815284,-0.00074155134,6.3729587,-0.7381965,7.5677547,1.7696764,0.1630568,-0.0014831027,0.16748367,-0.01940007,0.08882308,0.020770777,253.66704,254.98337,340.03882,-1.03148,14.010534,0.2519872
1,74,10,0.01,0.07056851,0.03327029,0.029456763,0.0078414595,0.091200724,-0.0032502587,6.530722,-1.1480602,7.54466,1.4166882,0.18240145,-0.0065005175,0.17162973,-0.030171437,0.08855201,0.016627736,253.67755,254.96689,340.26886,-0.268628,14.010534,0.26441076
1,75,10,0.01,0.07680592,0.040473048,0.028725564,0.00760731,0.10058957,-0.010972159,6.4491577,-1.2285644,7.4311624,1.4352424,0.20117915,-0.021944318,0.16948618,-0.032287117,0.087219894,0.016845508,253.6757,254.9616,340.472,-0.20667803,14.010534,0.2806488
1,76,10,0.01,0.07020977,0.028263371,0.034368955,0.0075774454,0.08405857,-0.0017484932,7.0542665,-1.1840945,7.4165616,1.3732696,0.16811714,-0.0034969863,0.18538865,-0.031118432,0.08704852,0.016118126,253.60957,254.72017,339.42838,-0.18917501,14.010534,0.25590578
1,77,10,0.01,0.06820319,0.03213665,0.02947436,0.0065921787,0.08963349,3.4432219e-6,6.5326724,-1.8540518,6.9176044,0.48473132,0.17926697,6.8864438e-6,0.17168099,-0.048725147,0.08119223,0.005689314,253.59647,254.55765,340.0387,1.3693205,14.003553,0.27071035
1,78,10,0.01,0.06766183,0.035944056,0.025327709,0.0063900626,0.09479459,-0.0069758627,6.055732,-1.5517024,6.8107314,0.7172884,0.18958917,-0.013951725,0.15914682,-0.040779296,0.07993787,0.008418847,253.57579,254.40977,340.20218,0.834414,14.003553,0.25640565
1,79,10,0.01,0.0591414,0.027423434,0.025098298,0.0066196686,0.08280011,0.0006314853,6.028244,-1.1567057,6.932013,0.6448441,0.16560023,0.0012629706,0.15842442,-0.030398648,0.081361346,0.0075685657,253.53787,254.27061,339.397,0.5118616,14.003553,0.2603374
1,80,10,0.01,0.06305361,0.030291796,0.025600685,0.007161124,0.08702269,-0.0019017084,6.0882783,-1.3108656,7.2099423,0.45269108,0.17404538,-0.0038034169,0.16000214,-0.034450024,0.084623426,0.005313257,253.52338,254.1277,339.52066,0.85817456,14.003553,0.2572224
1,81,10,0.01,0.0646068,0.0360164,0.022243375,0.006347021,0.09488994,-0.005867185,5.6750407,-0.71644425,6.787756,-0.3910312,0.18977988,-0.01173437,0.14914213,-0.01882841,0.079668194,-0.0045895497,253.49886,254.01137,339.36008,1.1074755,13.996127,0.1928095
1,82,10,0.01,0.058602434,0.029798158,0.02248905,0.006315229,0.086310714,0.001917181,5.7062955,-0.8119506,6.7707343,-0.41385096,0.17262143,0.003834362,0.1499635,-0.021338357,0.079468414,-0.004857391,253.44464,253.86377,338.807,1.2258016,13.996127,0.21431732
1,83,10,0.01,0.05716433,0.028520294,0.022036355,0.0066076824,0.08443976,-0.0015412275,5.6485705,-1.1879467,6.925734,-0.6344742,0.16887952,-0.003082455,0.14844647,-0.03121967,0.08128765,-0.007446856,253.42207,253.70636,339.1755,1.8224208,13.996127,0.2173417
1,84,10,0.01,0.06183301,0.033790667,0.02175271,0.0062896316,0.09191119,-0.0056681996,5.612099,-1.094515,6.7569985,-0.54801977,0.18382238,-0.011336399,0.147488,-0.028764253,0.0793072,-0.006432129,253.40468,253.6134,339.36288,1.6425347,13.996127,0.20124918
1,85,10,0.01,0.05989951,0.029658083,0.024275599,0.0059658308,0.08610761,0.0046458985,5.9286203,-0.2178362,6.580769,-1.4083668,0.17221522,0.009291797,0.15580629,-0.005724815,0.07723879,-0.016530063,253.35246,253.44928,338.43185,1.6262031,13.9886055,0.21897699
1,86,10,0.01,0.05953244,0.030370746,0.02294649,0.006215207,0.08713602,0.002951725,5.764038,-0.36568096,6.716902,-1.5524693,0.17427205,0.00590345,0.15148099,-0.009610229,0.07883658,-0.018221404,253.37244,253.39229,338.74176,1.9181502,13.9886055,0.20725153
1,87,10,0.01,0.061733726,0.032319628,0.022806227,0.0066078715,0.089888304,-0.0004112131,5.746394,-0.10100079,6.9258323,-1.3754245,0.17977661,-0.0008224262,0.15101731,-0.0026543394,0.081288815,-0.016143419,253.42677,253.56471,339.08176,1.4764253,13.9886055,0.1840956
1,88,10,0.01,0.06518226,0.032128848,0.026913272,0.0061401445,0.08962261,0.007384492,6.242404,-0.012715792,6.6762176,-1.3064481,0.17924522,0.014768984,0.16405265,-0.00033417615,0.078359075,-0.015333838,253.43715,253.6754,338.5078,1.3191639,13.9886055,0.23170133
1,89,10,0.01,0.06343075,0.032167543,0.025108133,0.0061550704,0.08967656,0.0076010223,6.029425,0.27680987,6.684328,-2.376812,0.17935312,0.0152020445,0.15845546,0.007274664,0.078454256,-0.027896756,253.46004,253.73793,339.07056,2.100002,13.981303,0.2225267
1,90,10,0.01,0.062879056,0.03313971,0.023602357,0.0061369888,0.091021575,0.0011767694,5.8458323,0.7113409,6.6745024,-2.2846658,0.18204315,0.0023535388,0.15363058,0.018694296,0.078338936,-0.026815232,253.43655,253.62166,339.1712,1.5733249,13.981303,0.21174529
1,91,10,0.01,0.058310047,0.029140621,0.023407605,0.0057618204,0.08535312,0.008261064,5.821664,0.85047543,6.4672704,-2.2841241,0.17070624,0.016522128,0.15299544,0.022350803,0.07590666,-0.026808867,253.38374,253.46165,338.42236,1.4336487,13.981303,0.2531951
1,92,10,0.01,0.06049133,0.031208914,0.023116082,0.006166337,0.088330224,0.006143884,5.785299,0.56489164,6.6904426,-2.389275,0.17666045,0.012287768,0.15203974,0.014845555,0.07852603,-0.028043034,253.3684,253.33243,338.6172,1.8243835,13.981303,0.2415673
1,93,10,0.01,0.06354048,0.028749442,0.027919903,0.0068711354,0.0847783,0.0017716383,6.3580747,0.9301616,7.062452,-3.0027761,0.1695566,0.0035432766,0.1670925,0.02444499,0.08289231,-0.03524372,253.34138,253.15564,338.63428,2.0726147,13.974141,0.20429443
1,94,10,0.01,0.06330144,0.026264852,0.030372564,0.0066640237,0.08103217,0.00834036,6.6314635,1.2199309,6.9551973,-2.8800251,0.16206434,0.01668072,0.17427726,0.032060225,0.08163347,-0.033802994,253.2771,252.89915,337.85565,1.6600943,13.974141,0.23299891
1,95,10,0.01,0.061316215,0.025970483,0.02856029,0.0067854426,0.0805768,0.006965411,6.4305778,0.6694842,7.018274,-3.132014,0.1611536,0.013930822,0.1689979,0.017594287,0.0823738,-0.0367606,253.2251,252.66559,338.07977,2.46253,13.974141,0.2194241
1,96,10,0.01,0.06439719,0.026270734,0.031478155,0.0066482993,0.08104125,0.0024992565,6.751081,0.47960076,6.9469876,-3.1001816,0.1620825,0.004998513,0.17742084,0.012604085,0.081537105,-0.03638697,253.16971,252.40468,338.0397,2.620581,13.974141,0.20529984
1,97,10,0.01,0.060505986,0.02539478,0.028664308,0.0064468966,0.0796787,0.009172628,6.442277,0.5770686,6.840952,-3.503217,0.1593574,0.018345255,0.16930537,0.01516557,0.08029257,-0.04111742,253.1136,252.21236,337.03696,2.9261484,13.966927,0.20269643
1,98,10,0.01,0.05641712,0.025500199,0.023565432,0.0073514893,0.07984391,0.006933802,5.8412585,0.5015816,7.3051453,-3.5834296,0.15968782,0.013867604,0.15351036,0.013181747,0.08574083,-0.042058878,253.11313,252.16016,337.4328,3.081848,13.966927,0.19498757
1,99,10,0.01,0.059175566,0.027129045,0.02489224,0.0071542775,0.082354486,0.0026893332,6.0034466,0.5915492,7.2064953,-3.5182495,0.16470897,0.0053786663,0.15777275,0.015546124,0.08458296,-0.041293856,253.1153,252.10522,337.86774,2.9267004,13.966927,0.21316005
1,100,10,0.01,0.05934142,0.026462635,0.026145553,0.00673323,0.0813367,0.0100553585,6.152726,0.8015432,6.9912195,-3.5832212,0.1626734,0.020110717,0.16169587,0.021064848,0.08205626,-0.04205643,253.12448,252.21011,337.3241,2.781678,13.966927,0.20874906
2,1,10,0.0069999998,0.2513281,0.06403231,0.15302704,0.03426875,0.12652303,0.013755491,14.885134,2.9582593,15.772131,-6.6486163,0.25304607,0.027510982,0.3911867,0.07774412,0.18511821,-0.0780351,251.83002,247.89172,331.99503,3.690357,13.959636,1.2159109
2,2,10,0.0069999998,0.25701216,0.067544095,0.15432532,0.035142746,0.12994623,0.012050493,14.948146,2.6595013,15.97199,-6.86032,0.25989246,0.024100985,0.39284262,0.06989265,0.18746398,-0.0805199,251.88115,248.03377,332.64597,4.200819,13.959636,1.2513537
2,3,10,0.0069999998,0.25927562,0.069404036,0.15556201,0.03430957,0.13172323,0.0063729445,15.007916,2.925278,15.781521,-6.808865,0.26344645,0.012745889,0.3944135,0.07687737,0.18522842,-0.07991596,251.93819,248.31339,333.0607,3.8835871,13.959636,1.3320271
2,4,10,0.0069999998,0.26630172,0.07592275,0.15533882,0.035040144,0.13777041,0.014102275,14.9971485,3.2322848,15.948658,-6.8866577,0.27554083,0.02820455,0.39413047,0.08494558,0.18719013,-0.08082903,251.93912,248.45944,332.78918,3.654373,13.959636,1.3229883
2,5,10,0.0069999998,0.21428928,0.05735026,0.12545553,0.03148349,0.11973957,0.013982019,13.4776325,1.9360589,15.117592,-6.6596246,0.23947914,0.027964039,0.35419703,0.050880294,0.17743587,-0.07816432,251.94693,248.45111,333.45483,4.7235656,13.952375,1.0253282
2,6,10,0.0069999998,0.21721905,0.05776605,0.13052842,0.028924583,0.12017284,0.0072263703,13.74742,1.9404427,14.490212,-6.4747734,0.24034569,0.014452741,0.36128718,0.05099556,0.17007229,-0.075994715,251.91084,248.21382,333.4286,4.534331,13.952375,1.0700989
2,7,10,0.0069999998,0.22104831,0.060771316,0.13265927,0.027617725,0.123259194,0.013205357,13.859179,2.1312673,14.159083,-6.312357,0.24651839,0.026410714,0.3642242,0.056010474,0.16618581,-0.07408843,251.88731,248.0835,332.8652,4.1810894,13.952375,1.0775201
2,8,10,0.0069999998,0.19558793,0.04667668,0.121102996,0.02780825,0.108023934,0.011371118,13.241771,1.5796944,14.20784,-6.325658,0.21604787,0.022742236,0.34799856,0.04151492,0.16675806,-0.07424454,251.91682,248.11429,333.52774,4.7459636,13.952375,0.9660987
2,9,10,0.0069999998,0.15426882,0.042749632,0.08768858,0.023830606,0.10337992,0.010795824,11.267827,0.016679551,13.152514,-5.8991723,0.20675984,0.021591648,0.29612258,0.00043835785,0.15437165,-0.06923885,251.91574,248.08313,333.70013,5.8824925,13.944243,0.66064334
2,10,10,0.0069999998,0.16018417,0.03983253,0.09603059,0.024321048,0.09979044,0.015810398,11.79162,0.44120958,13.2871685,-5.9650326,0.19958088,0.031620797,0.30988804,0.011595138,0.15595207,-0.070011854,251.9074,248.0252,333.01172,5.523823,13.944243,0.6982009
2,11,10,0.0069999998,0.15926278,0.043011833,0.09130104,0.0249499,0.10369647,0.013189579,11.497582,0.12008328,13.4578495,-6.117878,0.20739295,0.026379159,0.30216062,0.0031558143,0.15795538,-0.07180581,251.98055,248.39397,333.63196,5.9977946,13.944243,0.6968712
2,12,10,0.0069999998,0.1656926,0.045321405,0.095877185,0.024494013,0.10644412,0.008890895,11.782198,0.28384554,13.334331,-5.96085,0.21288824,0.01778179,0.3096404,0.007459544,0.15650563,-0.06996277,252.05347,248.74109,334.1975,5.6770043,13.944243,0.71071845
2,13,10,0.0069999998,0.13773225,0.04114195,0.07593508,0.020655224,0.10141739,0.015983373,10.485518,-0.69354093,12.244926,-5.357475,0.20283478,0.031966746,0.2755632,-0.018226502,0.14371926,-0.06288093,252.09932,248.99553,333.88278,6.051016,13.935865,0.570032
2,14,10,0.0069999998,0.1378844,0.042919572,0.073903084,0.02106173,0.1035852,0.014113109,10.344273,-1.0974984,12.364832,-5.517742,0.2071704,0.028226217,0.2718512,-0.028842652,0.1451266,-0.06476199,252.18726,249.38019,334.85947,6.6152406,13.935865,0.5938599
2,15,10,0.0069999998,0.13385443,0.038178906,0.075765036,0.019910494,0.09769712,0.010805867,10.47377,-1.1029336,12.022152,-5.3393393,0.19539423,0.021611733,0.2752545,-0.028985476,0.14110455,-0.062668085,252.2314,249.42242,335.06268,6.442273,13.935865,0.5890469
2,16,10,0.0069999998,0.1340868,0.040269975,0.07434872,0.019468114,0.1003369,0.016582018,10.375414,-0.8949929,11.887846,-5.285297,0.2006738,0.033164036,0.2726696,-0.02352074,0.13952819,-0.062033765,252.23473,249.54965,334.54352,6.1802897,13.935865,0.60088235
2,17,10,0.0069999998,0.10813829,0.03448902,0.05729812,0.01635115,0.0928561,0.013288653,9.108333,-2.1963696,10.894704,-4.8438263,0.1857122,0.026577307,0.23937026,-0.057721395,0.12787162,-0.05685221,252.21396,249.50682,334.95633,7.040196,13.92746,0.5787472
2,18,10,0.0069999998,0.113616124,0.038315035,0.05927957,0.01602152,0.09787113,0.008190687,9.264483,-2.076857,10.7843275,-4.770178,0.19574226,0.016381374,0.24347396,-0.05458055,0.12657614,-0.055987783,252.17993,249.23735,335.15585,6.847035,13.92746,0.5737309
2,19,10,0.0069999998,0.11584677,0.03462519,0.065804146,0.015417428,0.09303923,0.014602977,9.761023,-1.8530128,10.579062,-4.6492124,0.18607846,0.029205954,0.2565232,-0.048697866,0.124166936,-0.05456801,252.12373,249.01508,334.2586,6.502225,13.92746,0.52993697
2,20,10,0.0069999998,0.11864464,0.036302447,0.06670804,0.015634151,0.09526601,0.010353755,9.827833,-2.146694,10.653157,-4.746735,0.19053201,0.02070751,0.258279,-0.056415886,0.1250366,-0.055712633,252.13942,249.00642,334.68018,6.893429,13.92746,0.55221313
2,21,10,0.0069999998,0.102783464,0.036924858,0.053411946,0.012446666,0.09607921,0.003695102,8.794028,-2.60767,9.505342,-3.9590516,0.19215842,0.007390204,0.23111024,-0.06853051,0.11156463,-0.04646757,252.1807,249.21086,335.14386,6.566722,13.919144,0.5457296
2,22,10,0.0069999998,0.098059535,0.030757478,0.055543453,0.011758604,0.08768905,0.009229573,8.967783,-2.354519,9.238875,-3.7467103,0.1753781,0.018459147,0.23567659,-0.061877616,0.1084371,-0.04397531,252.18279,249.28355,334.71933,6.101229,13.919144,0.5225824
2,23,10,0.0069999998,0.10302729,0.03395363,0.057528794,0.011544866,0.09213255,0.008383404,9.126648,-2.5859048,9.154521,-3.8151464,0.1842651,0.016766809,0.23985161,-0.06795851,0.107447036,-0.044778544,252.23453,249.41954,335.23776,6.4010515,13.919144,0.5615911
2,24,10,0.0069999998,0.10310126,0.036539596,0.054990575,0.011571084,0.09557667,0.004412414,8.923039,-2.5136373,9.164911,-3.899516,0.19115333,0.008824828,0.23450069,-0.0660593,0.10756897,-0.045768805,252.2751,249.57663,335.4881,6.4131536,13.919144,0.563988
2,25,10,0.0069999998,0.0809006,0.02580848,0.04591608,0.009176036,0.08032509,0.00484347,8.153632,-2.1820679,8.161477,-3.0172641,0.16065018,0.00968694,0.21428038,-0.057345536,0.09579163,-0.035413764,252.25682,249.54749,334.7635,5.199332,13.911019,0.48107845
2,26,10,0.0069999998,0.078932,0.026302988,0.043530867,0.009098154,0.08109098,0.0017754389,7.9390273,-2.5635738,8.126768,-3.0349932,0.16218196,0.0035508778,0.20864052,-0.06737165,0.09538424,-0.03562185,252.29608,249.67741,335.4419,5.598567,13.911019,0.49990684
2,27,10,0.0069999998,0.08199959,0.03141437,0.041865725,0.008719496,0.0886205,-0.0021152617,7.785706,-2.4980593,7.9558554,-3.0652738,0.177241,-0.0042305235,0.20461115,-0.06564989,0.093378246,-0.03597725,252.31668,249.70451,335.9477,5.563333,13.911019,0.4841915
2,28,10,0.0069999998,0.076736405,0.025768638,0.042847686,0.00812008,0.08026306,0.0045231814,7.876483,-2.0613296,7.677528,-2.874359,0.16052613,0.009046363,0.20699683,-0.054172486,0.09011149,-0.03373648,252.29088,249.60738,335.18695,4.9356885,13.911019,0.44584495
2,29,10,0.0069999998,0.07063689,0.026319796,0.037678823,0.0066382713,0.081116885,-0.003525813,7.386136,-1.6306043,6.9417458,-2.2734134,0.16223377,-0.007051626,0.19411033,-0.042852867,0.081475586,-0.026683152,252.3286,249.6662,335.71323,3.9040177,13.903213,0.43440935
2,30,10,0.0069999998,0.07879409,0.033081364,0.039141368,0.0065713637,0.090941414,-0.008896323,7.5281224,-1.6780778,6.9066744,-2.2550592,0.18188283,-0.017792646,0.19784178,-0.044100482,0.08106395,-0.026467735,252.37494,249.81248,335.96353,3.933137,13.903213,0.43929404
2,31,10,0.0069999998,0.0765512,0.027352368,0.042743366,0.0064554634,0.08269276,-0.0029389642,7.866889,-1.7766578,6.845495,-2.1347392,0.16538551,-0.0058779283,0.20674469,-0.04669121,0.0803459,-0.02505553,252.37212,249.91698,335.34097,3.911397,13.903213,0.42734897
2,32,10,0.0069999998,0.069673635,0.022978015,0.040312998,0.0063826214,0.07579251,-0.0045259567,7.639962,-2.3704839,6.8067656,-2.1302273,0.15158501,-0.009051913,0.20078097,-0.062297165,0.07989131,-0.025002578,252.38843,249.89197,336.09784,4.5007114,13.903213,0.4649983
2,33,10,0.0069999998,0.070333034,0.030754415,0.034092464,0.0054861563,0.08768468,-0.01336353,7.025834,-1.3036937,6.310668,-1.4549568,0.17536937,-0.02672706,0.18464145,-0.03426154,0.07406859,-0.017076895,252.4035,249.8905,336.51712,2.7586503,13.89575,0.45481083
2,34,10,0.0069999998,0.06395309,0.025939932,0.03241985,0.00559331,0.08052939,-0.0059444704,6.851319,-1.18451,6.371999,-1.2584938,0.16105878,-0.011888941,0.18005513,-0.03112935,0.07478844,-0.014770998,252.3863,249.90747,335.82654,2.4430037,13.89575,0.42665446
2,35,10,0.0069999998,0.06672794,0.028561378,0.032651555,0.0055150064,0.08450056,-0.008196677,6.8757586,-1.499766,6.3272386,-1.3152406,0.16900112,-0.016393354,0.18069741,-0.039414402,0.07426309,-0.015437037,252.42409,250.02863,336.3297,2.8150067,13.89575,0.43294743
2,36,10,0.0069999998,0.072370246,0.035434674,0.031802237,0.0051333345,0.0941205,-0.012788371,6.785744,-1.140241,6.1043725,-1.1415331,0.188241,-0.025576742,0.17833182,-0.029965945,0.071647294,-0.013398227,252.48195,250.24062,336.72565,2.281774,13.89575,0.44678438
2,37,10,0.0069999998,0.059826933,0.025280941,0.029421639,0.0051243524,0.07949991,-0.005979644,6.5268273,-0.048776336,6.0990286,-0.16486505,0.15899982,-0.011959288,0.17152737,-0.0012818587,0.07158458,-0.0019350263,252.50766,250.43684,336.26965,0.21364138,13.888581,0.381285
2,38,10,0.0069999998,0.061982214,0.024850504,0.031845942,0.00528577,0.07882021,-0.008487701,6.7904058,-0.35542998,6.1943445,-0.26295075,0.15764043,-0.016975403,0.17845431,-0.009340828,0.0727033,-0.0030862624,252.55457,250.64014,336.96387,0.6183807,13.888581,0.39433292
2,39,10,0.0069999998,0.0736704,0.036101818,0.03218218,0.0053864014,0.09500239,-0.014922291,6.826159,-0.019073179,6.2530313,-0.40506482,0.19000478,-0.029844582,0.17939392,-0.0005012425,0.07339211,-0.0047542644,252.59833,250.75403,337.4828,0.424138,13.888581,0.4115562
2,40,10,0.0069999998,0.06736309,0.02698925,0.034964375,0.0054094624,0.082142025,-0.0069767334,7.115109,0.069448605,6.2664022,-0.3160258,0.16428405,-0.013953467,0.18698764,0.0018251303,0.07354905,-0.0037092085,252.61157,250.86304,336.8956,0.24657719,13.888581,0.41108355
2,41,10,0.0069999998,0.07162911,0.026908837,0.039222177,0.0054980926,0.08201957,-0.0073633725,7.535889,0.7300249,6.3175287,0.17739645,0.16403913,-0.014726745,0.1980459,0.019185316,0.074149124,0.0020821101,252.67163,251.1046,337.4757,-0.90742135,13.881607,0.41906503
2,42,10,0.0069999998,0.07429823,0.035493843,0.033521295,0.0052830987,0.09419905,-0.01233937,6.966731,0.9444319,6.1927795,0.18690097,0.1883981,-0.02467874,0.18308821,0.02482002,0.07268493,0.0021936654,252.69179,251.17638,337.74716,-1.1313329,13.881607,0.39740247
2,43,10,0.0069999998,0.06361583,0.024177,0.03427116,0.005167669,0.077744775,-0.0040169004,7.044223,0.8803768,6.124752,0.47340354,0.15548955,-0.008033801,0.18512471,0.023136616,0.0718865,0.00555636,252.67021,251.15509,337.00232,-1.3537804,13.881607,0.4064551
2,44,10,0.0069999998,0.06888324,0.028242787,0.035379782,0.0052606715,0.08402795,-0.0064447746,7.1572504,0.8126606,6.1796207,0.5070161,0.1680559,-0.012889549,0.18809514,0.02135701,0.072530486,0.0059508737,252.7007,251.24986,337.53067,-1.3196766,13.881607,0.43008128
2,45,10,0.0069999998,0.07749465,0.030132744,0.041406006,0.0059559024,0.08679393,-0.008792149,7.7428412,1.6703434,6.575291,0.9385515,0.17358786,-0.017584298,0.20348465,0.043897234,0.07717449,0.011015823,252.74818,251.40785,338.03867,-2.6088948,13.874756,0.45618123
2,46,10,0.0069999998,0.07303413,0.023741854,0.043190923,0.006101354,0.07704196,-0.0024485025,7.9079676,1.4227083,6.655097,1.0284353,0.15408392,-0.004897005,0.20782426,0.03738927,0.078111164,0.012070792,252.79578,251.73532,337.70398,-2.4511437,13.874756,0.4809815
2,47,10,0.0069999998,0.07672636,0.026989583,0.04411615,0.0056206305,0.08214253,-0.0028741537,7.992222,1.183753,6.3875413,0.89028037,0.16428506,-0.0057483073,0.21003845,0.03110945,0.074970864,0.010449258,252.8721,252.02483,338.42984,-2.0740333,13.874756,0.49086452
2,48,10,0.0069999998,0.07606915,0.02828905,0.041885,0.005895095,0.084096745,-0.0069211624,7.7874975,1.4071293,6.541639,1.0569658,0.16819349,-0.013842325,0.20465825,0.036979873,0.07677952,0.012405655,252.93474,252.16722,338.94913,-2.464095,13.874756,0.4750267
2,49,10,0.0069999998,0.07234895,0.021507896,0.044357434,0.0064836256,0.073327854,0.0020040374,8.014047,1.5607916,6.8604116,1.5045055,0.14665571,0.0040080748,0.21061204,0.04101816,0.080520965,0.017658448,252.94867,252.3999,338.3416,-3.0652971,13.867994,0.4990278
2,50,10,0.0069999998,0.075261936,0.023689475,0.045433525,0.006138935,0.07695693,0.00032916045,8.110673,1.3152543,6.6755605,1.3264395,0.15391386,0.0006583209,0.21315141,0.034565363,0.078351356,0.015568479,252.98062,252.52419,338.83072,-2.6416938,13.867994,0.49960306
2,51,10,0.0069999998,0.081095144,0.030218331,0.04463544,0.0062413714,0.0869171,-0.0048928624,8.039122,1.6202478,6.731025,1.3352654,0.1738342,-0.009785725,0.21127102,0.04258069,0.07900235,0.015672067,253.04236,252.73557,339.48935,-2.9555132,13.867994,0.4943114
2,52,10,0.0069999998,0.07875812,0.025444325,0.04609973,0.00721407,0.07975639,0.002452182,8.16992,1.4907479,7.236547,1.6400448,0.15951277,0.004904364,0.21470848,0.039177384,0.08493568,0.019249285,253.06572,252.89857,339.0323,-3.1307926,13.867994,0.5083714
2,53,10,0.0069999998,0.07251923,0.023433318,0.04165968,0.007426231,0.076539725,0.004541009,7.7665234,1.2194084,7.3421865,1.7000854,0.15307945,0.009082018,0.20410703,0.032046493,0.08617558,0.01995398,253.1039,253.00229,339.45108,-2.9194937,13.861342,0.47329232
2,54,10,0.0069999998,0.072805054,0.026402296,0.038575795,0.00782696,0.08124392,-0.0013541636,7.4735355,1.4413013,7.537682,1.733088,0.16248783,-0.0027083273,0.19640721,0.037877917,0.08847011,0.02034132,253.12915,253.01817,339.81097,-3.1743894,13.861342,0.46267837
2,55,10,0.0069999998,0.067812964,0.019661624,0.039985616,0.008165725,0.070109956,0.0055444245,7.6088777,1.223109,7.699075,1.9021302,0.14021991,0.011088849,0.19996403,0.032143738,0.0903644,0.022325395,253.09659,252.99301,339.17877,-3.1252394,13.861342,0.48997357
2,56,10,0.0069999998,0.07657596,0.024413668,0.043867543,0.008294748,0.07812437,0.0045552556,7.9696703,0.80794305,7.759662,1.8774608,0.15624873,0.009110511,0.2094458,0.021233024,0.09107551,0.022035845,253.06502,252.7711,339.311,-2.6854038,13.861342,0.5117915
2,57,10,0.0069999998,0.07293858,0.026481545,0.038347084,0.008109947,0.08136576,-0.0013547231,7.4513474,0.88264257,7.6727347,1.9009191,0.16273151,-0.0027094462,0.19582412,0.023196172,0.09005524,0.022311177,253.0767,252.71706,339.4842,-2.7835617,13.85481,0.38879445
2,58,10,0.0069999998,0.06806284,0.021363923,0.03811127,0.008587647,0.073082015,0.0059722555,7.428402,0.81282026,7.8954754,1.912392,0.14616403,0.011944511,0.19522108,0.021361206,0.09266956,0.022445835,253.06136,252.7118,338.793,-2.7252123,13.85481,0.37770256
2,59,10,0.0069999998,0.07022496,0.021938039,0.03927055,0.00901637,0.074057475,0.0049802037,7.5405354,0.47803658,8.090159,1.8627281,0.14811495,0.009960407,0.19816798,0.012562969,0.09495457,0.02186292,253.08511,252.78548,339.2825,-2.3407648,13.85481,0.39013627
2,60,10,0.0069999998,0.07229934,0.025485063,0.037279077,0.009535201,0.07982021,-0.0026109864,7.346851,0.6727192,8.319671,1.9572142,0.15964042,-0.0052219727,0.1930779,0.017679298,0.09764835,0.02297191,253.12004,252.9486,339.65826,-2.6299334,13.85481,0.383354
2,61,10,0.0069999998,0.06294017,0.022989225,0.030087428,0.009863515,0.07581099,0.005155745,6.6002617,0.67706895,8.46169,2.1129215,0.15162198,0.01031149,0.17345728,0.017793613,0.09931523,0.024799462,253.10258,252.99643,339.00845,-2.7899904,13.8484535,0.2912405
2,62,10,0.0069999998,0.058485277,0.020053944,0.028000485,0.010430849,0.070805974,0.0055921893,6.3672433,0.33087683,8.701637,2.186147,0.14161195,0.0111843785,0.16733345,0.008695564,0.10213153,0.025658904,253.11348,252.93118,339.73105,-2.5170238,13.8484535,0.27470124
2,63,10,0.0069999998,0.0640445,0.025062414,0.0279103,0.011071785,0.079155564,-0.002031174,6.356981,0.52659905,8.964995,2.1910121,0.15831113,-0.004062348,0.16706376,0.013839219,0.10522255,0.02571601,253.12752,252.91068,339.79538,-2.7176113,13.8484535,0.2953882
2,64,10,0.0069999998,0.06031476,0.018702796,0.029660951,0.011951015,0.06837908,0.0070224255,6.553317,0.6850165,9.314158,2.427493,0.13675816,0.014044851,0.17222355,0.018002486,0.1093207,0.028491603,253.1189,252.88719,339.01895,-3.1125097,13.8484535,0.30372906
2,65,10,0.0069999998,0.058600802,0.02083211,0.02635609,0.011412601,0.07216667,0.0069552613,6.1774487,0.47375557,9.101931,2.3239508,0.14433333,0.013910523,0.16234559,0.012450468,0.10682978,0.02727633,253.14267,252.87299,339.2986,-2.7977064,13.8422985,0.23877849
2,66,10,0.0069999998,0.06773839,0.027444143,0.027860045,0.012434204,0.08283137,0.00011689355,6.3512554,0.6698613,9.500582,2.3484237,0.16566274,0.0002337871,0.16691329,0.017604196,0.111508764,0.02756356,253.15956,252.8477,339.51862,-3.018285,13.8422985,0.25449294
2,67,10,0.0069999998,0.06314627,0.01896342,0.031165536,0.0130173145,0.06885387,0.007256729,6.717473,0.80033857,9.720798,2.4858243,0.13770774,0.014513458,0.17653763,0.021033186,0.114093445,0.029176235,253.13966,252.80035,338.7978,-3.2861629,13.8422985,0.25613022
2,68,10,0.0069999998,0.06626555,0.023266092,0.030451125,0.012548335,0.07626613,0.0047912397,6.6400347,0.49033818,9.544084,2.2988746,0.15253226,0.0095824795,0.1745025,0.012886261,0.11201935,0.026982004,253.19867,252.97873,339.07718,-2.7892127,13.8422985,0.257454
2,69,10,0.0069999998,0.073210366,0.034855723,0.02610284,0.012251804,0.093348436,-0.0016333354,6.1476994,0.26651713,9.430641,2.1477973,0.18669687,-0.0032666707,0.16156374,0.007004166,0.11068787,0.025208792,253.3119,253.49535,339.89117,-2.4143145,13.83632,0.30052948
2,70,10,0.0069999998,0.05891195,0.019255653,0.02723023,0.012426067,0.06938237,0.0067689894,6.2790556,0.5428814,9.497473,2.3113143,0.13876474,0.013537979,0.16501585,0.014267121,0.11147227,0.027128004,253.36438,253.79155,339.6335,-2.8541958,13.83632,0.2697373
2,71,10,0.0069999998,0.06076347,0.022106647,0.026558455,0.012098369,0.07434152,0.005441333,6.2011194,0.3390728,9.371404,2.1472986,0.14868304,0.010882666,0.16296765,0.008910956,0.109992586,0.02520294,253.40556,253.92426,339.8886,-2.4863713,13.83632,0.25086778
2,72,10,0.0069999998,0.06985505,0.02899797,0.028491512,0.012365562,0.08514395,0.0010603296,6.4228296,0.24520467,9.474321,2.1393404,0.1702879,0.0021206592,0.16879429,0.0064440663,0.11120055,0.025109544,253.46263,254.11395,340.15143,-2.384545,13.83632,0.27568737
2,73,10,0.0069999998,0.06361263,0.020463716,0.031690612,0.011458302,0.07152572,0.0065841903,6.773825,0.026830558,9.120136,2.2402651,0.14305145,0.013168381,0.17801857,0.0007051163,0.10704346,0.026294097,253.46687,254.13242,339.57245,-2.2670958,13.8305235,0.30365995
2,74,10,0.0069999998,0.06461563,0.022153229,0.030780803,0.011681596,0.074419804,0.006060421,6.6758814,-0.2678654,9.208572,2.250843,0.14883961,0.012120842,0.17544459,-0.0070396005,0.10808143,0.026418248,253.512,254.29178,340.2055,-1.9829776,13.8305235,0.2998107
2,75,10,0.0069999998,0.069396496,0.030448701,0.026351301,0.012596496,0.08724778,7.1380404e-5,6.1768875,-0.189095,9.562384,2.4177144,0.17449556,0.00014276081,0.16233084,-0.0049694874,0.112234116,0.02837684,253.5407,254.39087,340.73083,-2.2286193,13.8305235,0.31463307
2,76,10,0.0069999998,0.059211683,0.02173649,0.02451927,0.012955923,0.0737165,0.0059545487,5.958301,-0.101370804,9.697848,2.4674964,0.147433,0.011909097,0.1565863,-0.0026640624,0.113824084,0.028961122,253.50432,254.36057,340.1137,-2.3661256,13.8305235,0.3108792
2,77,10,0.0069999998,0.055432595,0.020617135,0.023535755,0.011279708,0.07179334,0.0043618926,5.8375783,-0.49103743,9.048781,2.20453,0.14358668,0.008723785,0.15341367,-0.012904641,0.10620597,0.025874665,253.48753,254.21957,340.41565,-1.7134926,13.82486,0.2649481
2,78,10,0.0069999998,0.06441598,0.02789316,0.02496503,0.011557785,0.08350623,-0.0021850558,6.012218,-0.28126577,9.159642,2.2896528,0.16701245,-0.0043701115,0.15800326,-0.0073917666,0.10750714,0.026873758,253.48051,254.1235,340.51807,-2.008387,13.82486,0.28801763
2,79,10,0.0069999998,0.06000326,0.01970972,0.028357413,0.011936126,0.07019565,0.0053018583,6.4076967,0.06622794,9.308355,2.402967,0.1403913,0.010603717,0.16839659,0.0017404938,0.10925258,0.028203733,253.42183,253.9053,339.58136,-2.469195,13.82486,0.2722495
2,80,10,0.0069999998,0.065626584,0.026575219,0.026547683,0.012503682,0.08150954,0.003893995,6.1998615,-0.0038988614,9.527089,2.3812108,0.16301908,0.00778799,0.1629346,-0.00010246385,0.11181986,0.02794838,253.43361,253.84236,339.8714,-2.377312,13.82486,0.26869118
2,81,10,0.0069999998,0.063300624,0.026520053,0.025099246,0.011681329,0.08142489,-0.0020106977,6.028358,-0.06729837,9.2084675,2.437522,0.16284978,-0.0040213955,0.15842742,-0.0017686276,0.1080802,0.02860931,253.51006,254.09206,340.50806,-2.3702235,13.819313,0.26928398
2,82,10,0.0069999998,0.054461982,0.016865822,0.026264846,0.011331317,0.06493424,0.0049221753,6.166747,-0.21500766,9.06946,2.4459345,0.12986848,0.009844351,0.16206433,-0.005650481,0.10644866,0.02870804,253.54715,254.30724,340.07822,-2.230927,13.819313,0.26536456
2,83,10,0.0069999998,0.06136201,0.023351746,0.026487142,0.011523125,0.07640639,0.0047217887,6.192788,-0.5845026,9.145898,2.3976355,0.15281278,0.009443577,0.16274871,-0.015360932,0.10734582,0.02814116,253.61423,254.5898,340.64734,-1.8131329,13.819313,0.26962072
2,84,10,0.0069999998,0.063809074,0.023699071,0.027765844,0.012344159,0.076972514,0.00025221796,6.3405094,-0.5259141,9.46612,2.5803356,0.15394503,0.0005044359,0.16663086,-0.013821212,0.11110427,0.030285515,253.63148,254.599,340.98004,-2.0544214,13.819313,0.30119354
2,85,10,0.0069999998,0.056674123,0.015639681,0.02984473,0.011189714,0.062529355,0.0055786027,6.5735884,-0.11064398,9.012612,2.5480142,0.12505871,0.011157205,0.17275627,-0.002907765,0.10578144,0.02990616,253.59174,254.43427,340.06412,-2.4373703,13.814046,0.30251476
2,86,10,0.0069999998,0.05916984,0.019895328,0.02816547,0.011109043,0.0705254,0.0048191706,6.3859744,-0.106398396,8.980065,2.4148319,0.1410508,0.009638341,0.16782571,-0.0027961875,0.105399445,0.028342988,253.60043,254.39368,340.11237,-2.3084335,13.814046,0.27796933
2,87,10,0.0069999998,0.06852477,0.032095563,0.025201093,0.011228113,0.08957617,-0.0016356517,6.040577,-0.001983392,9.028062,2.4940057,0.17915234,-0.0032713034,0.15874852,-5.2125164e-5,0.10596279,0.029272258,253.61801,254.41698,340.4094,-2.4920223,13.814046,0.3085328
2,88,10,0.0069999998,0.055768974,0.017537734,0.026858859,0.011372378,0.06621505,0.0042052506,6.2360916,-0.021425266,9.085876,2.4376266,0.1324301,0.008410501,0.16388673,-0.0005630604,0.10664135,0.02861054,253.5784,254.35114,339.71912,-2.4162014,13.814046,0.2655144
2,89,10,0.0069999998,0.05307289,0.01988074,0.022827916,0.01036423,0.07049954,0.002446562,5.7491255,-0.27956197,8.673806,2.2220688,0.14099908,0.004893124,0.1510891,-0.007346988,0.10180486,0.026080519,253.55197,254.16458,339.78378,-1.9425068,13.809182,0.27282158
2,90,10,0.0069999998,0.06279505,0.0295391,0.022899982,0.01035597,0.08593471,-0.0033379185,5.7581935,-0.39157286,8.670348,2.3766248,0.17186943,-0.006675837,0.1513274,-0.010290676,0.101764284,0.02789455,253.52896,254.01756,340.00095,-1.985052,13.809182,0.28848648
2,91,10,0.0069999998,0.051964913,0.016903138,0.024275688,0.010786085,0.06500603,0.003280071,5.9286313,-0.25998718,8.848571,2.419908,0.13001207,0.006560142,0.15580657,-0.0068325573,0.10385608,0.028402572,253.50525,253.99617,339.47885,-2.159921,13.809182,0.26518834
2,92,10,0.0069999998,0.053713635,0.01935512,0.023293348,0.011065166,0.06956134,0.0032168708,5.807439,-0.34520823,8.962314,2.4089117,0.13912268,0.0064337417,0.15262158,-0.009072198,0.1051911,0.028273506,253.56073,254.13425,339.96347,-2.0637035,13.809182,0.24387404
2,93,10,0.0069999998,0.056226596,0.02417857,0.02238897,0.009659055,0.0777473,-0.0057972562,5.693584,-0.21394846,8.373529,2.3892322,0.1554946,-0.0115945125,0.14962944,-0.005622641,0.09828049,0.02804253,253.64201,254.52588,340.55872,-2.1752837,13.804759,0.22545359
2,94,10,0.0069999998,0.04871282,0.016562808,0.022577057,0.009572954,0.06434829,0.0008958769,5.7174497,-0.3262217,8.336124,2.3617566,0.12869658,0.0017917538,0.15025663,-0.008573224,0.09784147,0.027720038,253.65584,254.68521,340.19812,-2.0355349,13.804759,0.20691404
2,95,10,0.0069999998,0.049484074,0.017497638,0.02186853,0.010117904,0.06613932,0.0010942832,5.6270194,-0.33260494,8.570112,2.4506803,0.13227864,0.0021885664,0.14788012,-0.008740977,0.10058779,0.028763749,253.6974,254.83339,340.67838,-2.1180754,13.804759,0.20311959
2,96,10,0.0069999998,0.06069569,0.028367214,0.022014681,0.010313794,0.08421285,-0.003499694,5.6457915,0.07540518,8.652677,2.5436256,0.1684257,-0.006999388,0.14837345,0.0019816768,0.10155685,0.02985465,253.7021,254.76065,340.8797,-2.6190307,13.804759,0.23996909
2,97,10,0.0069999998,0.04965554,0.016761106,0.022964736,0.009929703,0.06473234,0.00043004466,5.766329,0.69439644,8.490032,2.4168432,0.12946469,0.0008600893,0.1515412,0.018248986,0.099647895,0.028366597,253.66876,254.6699,340.28137,-3.1112397,13.800857,0.17283702
2,98,10,0.0069999998,0.050832257,0.019165678,0.02174479,0.009921787,0.06922008,-0.0011817403,5.6110783,0.4955068,8.486648,2.220657,0.13844016,-0.0023634806,0.14746115,0.013022099,0.09960817,0.026063954,253.70079,254.7385,340.5809,-2.7161639,13.800857,0.1710253
2,99,10,0.0069999998,0.05711592,0.024853785,0.023079498,0.009182641,0.078825414,-0.0060669472,5.7807193,0.39370716,8.164414,2.26321,0.15765083,-0.0121338945,0.15191938,0.010346769,0.0958261,0.026563397,253.72261,254.84114,340.70285,-2.656917,13.800857,0.19955587
2,100,10,0.0069999998,0.052372977,0.016902363,0.026051385,0.009419227,0.06500454,-0.000876807,6.1416364,0.34256113,8.268921,2.1901796,0.13000908,-0.001753614,0.16140442,0.009002628,0.0970527,0.025706239,253.6745,254.70213,339.89062,-2.5327406,13.800857,0.15967439
3,1,10,0.0048999996,0.055585474,0.01955832,0.02627426,0.00975289,0.06992553,0.0038679591,6.167852,0.8270429,8.414104,3.3233404,0.13985106,0.0077359183,0.16209337,0.021734988,0.09875672,0.03900619,253.85855,255.33807,342.04742,-4.1503835,13.797521,0.2672926
3,2,10,0.0048999996,0.05616081,0.022966959,0.024168905,0.009024947,0.07577427,-0.00014828703,5.915578,0.65017563,8.094007,3.088603,0.15154853,-0.00029657406,0.15546352,0.017086849,0.09499972,0.03625107,253.80159,255.06902,342.0885,-3.7387786,13.797521,0.23660274
3,3,10,0.0048999996,0.05614016,0.025941847,0.021623954,0.008574354,0.080532365,-0.0039728708,5.5954657,0.7490711,7.8893633,3.071832,0.16106473,-0.0079457415,0.14705086,0.019685866,0.09259781,0.03605423,253.71303,254.55504,341.8879,-3.820903,13.797521,0.24836574
3,4,10,0.0048999996,0.053261172,0.020229764,0.024316547,0.008714858,0.07111569,0.0014573892,5.9336185,0.77966386,7.9537406,2.8461416,0.14223137,0.0029147784,0.15593764,0.020489842,0.093353406,0.033405293,253.57932,254.07188,340.37338,-3.6258054,13.797521,0.2527841
3,5,10,0.0048999996,0.051527202,0.019083617,0.023530021,0.008913561,0.06907173,-0.0017124707,5.836867,0.32865152,8.043903,2.5584335,0.13814346,-0.0034249413,0.15339498,0.008637077,0.094411656,0.030028451,253.51993,253.7725,340.47064,-2.887085,13.795428,0.22853257
3,6,10,0.0048999996,0.06668511,0.032597408,0.025376495,0.008711204,0.09027376,-0.0064449785,6.0615616,0.4070577,7.952072,2.6783655,0.18054752,-0.012889957,0.15930001,0.010697621,0.09333383,0.0314361,253.50975,253.71101,340.59967,-3.0854232,13.795428,0.26589546
3,7,10,0.0048999996,0.05431459,0.021663712,0.02393415,0.008716727,0.07359299,0.001668965,5.886778,0.22868098,7.9545927,2.6942675,0.14718598,0.00333793,0.15470666,0.0060098213,0.09336341,0.03162274,253.48619,253.70284,340.0035,-2.9229486,13.795428,0.23123388
3,8,10,0.0048999996,0.052485455,0.023227759,0.020697149,0.0085605495,0.07620328,0.00028834015,5.474241,0.02815919,7.883009,2.7834675,0.15240656,0.0005766803,0.14386503,0.00074003503,0.09252324,0.03266969,253.50252,253.68643,340.68323,-2.8116267,13.795428,0.20389977
3,9,10,0.0048999996,0.055937838,0.027108423,0.0206718,0.008157615,0.08232318,-0.004667695,5.470888,0.19619049,7.6952515,2.77077,0.16464636,-0.00933539,0.14377691,0.005155956,0.090319514,0.03252065,253.50659,253.63718,340.7845,-2.9669607,13.793474,0.20137246
3,10,10,0.0048999996,0.052289475,0.02152032,0.022404121,0.008365032,0.07334903,0.003042822,5.69551,0.41358277,7.792468,2.747241,0.14669806,0.006085644,0.14968006,0.0108691035,0.09146055,0.032244503,253.47427,253.50345,339.97006,-3.1608238,13.793474,0.20051487
3,11,10,0.0048999996,0.05246472,0.019792557,0.023657482,0.009014682,0.07034301,0.0006391141,5.852655,0.39010012,8.089403,2.6669807,0.14068602,0.0012782282,0.15380989,0.010251973,0.09494568,0.03130248,253.51877,253.64925,340.28247,-3.0570807,13.793474,0.18256639
3,12,10,0.0048999996,0.054660514,0.024868421,0.021205468,0.008586623,0.07884862,-0.0039293505,5.5410566,0.52711546,7.895005,2.7697744,0.15769725,-0.007858701,0.14562097,0.013852786,0.09266403,0.03250897,253.59996,254.01227,340.70694,-3.2968898,13.793474,0.20133129
3,13,10,0.0048999996,0.045243572,0.019545114,0.018108042,0.007590418,0.06990192,0.0041999663,5.1204066,0.13915274,7.422907,2.4625368,0.13980384,0.008399933,0.13456613,0.0036569831,0.08712301,0.028902903,253.6261,254.23418,340.45316,-2.6016896,13.79159,0.1614646
3,14,10,0.0048999996,0.042723536,0.017700382,0.017359009,0.007664144,0.06652139,0.0026465734,5.013386,-0.01577296,7.4588704,2.4624143,0.13304278,0.0052931467,0.1317536,-0.00041452097,0.0875451,0.028901473,253.62767,254.23161,340.92496,-2.4466412,13.79159,0.14059581
3,15,10,0.0048999996,0.04702191,0.02194704,0.017617105,0.0074577676,0.07407267,-0.0032385567,5.050518,0.14673357,7.3577604,2.4405012,0.14814533,-0.0064771133,0.13272944,0.0038562138,0.08635837,0.028644273,253.5739,253.98766,340.99295,-2.5872347,13.79159,0.15770149
3,16,10,0.0048999996,0.043077253,0.019725796,0.015987387,0.0073640705,0.07022428,0.0018618674,4.811245,0.042556483,7.311394,2.2965822,0.14044856,0.0037237348,0.12644124,0.0011183984,0.08581416,0.026955094,253.49854,253.73709,340.16327,-2.3391387,13.79159,0.17254655
3,17,10,0.0048999996,0.039923437,0.017347423,0.015667481,0.0069085336,0.06585481,0.001773091,4.7628646,-0.5292821,7.0816455,1.9901885,0.13170962,0.003546182,0.12516981,-0.0139097255,0.08311759,0.023358932,253.45432,253.43826,340.49582,-1.4609064,13.789713,0.19456455
3,18,10,0.0048999996,0.04753961,0.024595732,0.016596198,0.0063476814,0.07841513,-0.0030320934,4.901996,-0.32674775,6.788109,2.0219858,0.15683027,-0.006064187,0.12882623,-0.008587046,0.07967234,0.023732135,253.37251,253.01077,340.24768,-1.695238,13.789713,0.20596525
3,19,10,0.0048999996,0.043202426,0.019685835,0.017211799,0.006304792,0.07015311,0.0024836503,4.992083,-0.28723627,6.7651377,1.8232148,0.14030622,0.0049673007,0.13119374,-0.007548673,0.07940272,0.021399152,253.29073,252.74692,339.0939,-1.5359786,13.789713,0.2196397
3,20,10,0.0048999996,0.040890813,0.016830983,0.017235352,0.0068244766,0.06486714,0.001741341,4.995497,-0.31176507,7.0384307,1.7260002,0.12973428,0.003482682,0.13128348,-0.008193299,0.08261039,0.020258142,253.29097,252.69974,339.43552,-1.4142351,13.789713,0.2165097
3,21,10,0.0048999996,0.043707076,0.019292526,0.018515036,0.0058995155,0.06944877,-0.0007928266,5.177629,-0.22311482,6.5440917,1.4855603,0.13889754,-0.0015856532,0.13606997,-0.0058635375,0.0768083,0.017436083,253.26288,252.56593,339.48572,-1.2624454,13.787713,0.20538104
3,22,10,0.0048999996,0.043304577,0.017407473,0.020056307,0.0058407965,0.06596869,0.005656877,5.3888264,-0.23531225,6.5114436,1.3692485,0.13193738,0.011313754,0.1416203,-0.006184089,0.076425105,0.016070932,253.1937,252.32846,338.62067,-1.1339363,13.787713,0.20140159
3,23,10,0.0048999996,0.042808764,0.017069953,0.019111013,0.006627799,0.06532601,0.0038689624,5.2603006,-0.45722246,6.9362683,1.2587234,0.13065203,0.007737925,0.13824259,-0.012015972,0.081411295,0.014773693,253.18541,252.24187,338.98737,-0.8015009,13.787713,0.20670094
3,24,10,0.0048999996,0.04153657,0.016401706,0.018763226,0.0063716415,0.064034574,-0.0001515821,5.212216,-0.3039044,6.8009076,1.441782,0.12806915,-0.0003031642,0.13697892,-0.007986719,0.07982256,0.016922265,253.16357,252.09766,339.06424,-1.1378776,13.787713,0.19403116
3,25,10,0.0048999996,0.038952637,0.014705045,0.01856011,0.005687484,0.06063218,0.007895292,5.1839275,-0.29280937,6.425417,1.0148093,0.12126436,0.015790584,0.13623549,-0.007695133,0.07541541,0.011910862,253.09564,251.87654,338.179,-0.7219999,13.785578,0.19416316
3,26,10,0.0048999996,0.043007445,0.018687775,0.018426131,0.00589354,0.06835162,0.0062088785,5.165184,-0.5024763,6.5407767,0.8920282,0.13670324,0.012417757,0.13574289,-0.0132052535,0.0767694,0.010469774,253.06416,251.72136,338.2684,-0.38955194,13.785578,0.21342464
3,27,10,0.0048999996,0.04331238,0.019128032,0.018199474,0.0059848735,0.069152065,0.0029176513,5.1333175,-0.38175732,6.591264,0.9349151,0.13830413,0.0058353026,0.13490543,-0.010032723,0.07736196,0.0109731415,253.05498,251.64816,338.366,-0.5531578,13.785578,0.18655351
3,28,10,0.0048999996,0.045252055,0.019008309,0.0202547,0.0059890463,0.06893531,0.008156252,5.4154134,-0.2899438,6.5935607,0.85310787,0.13787062,0.016312504,0.14231901,-0.0076198294,0.07738893,0.010012969,253.02975,251.64224,337.67648,-0.56316406,13.785578,0.21991839
3,29,10,0.0048999996,0.037712626,0.015508189,0.01682765,0.005376785,0.06226594,0.007757809,4.9360595,-0.3231579,6.247446,0.40196836,0.12453188,0.015515618,0.12972143,-0.008492707,0.073326565,0.004717917,253.03227,251.63368,338.2388,-0.07881045,13.783301,0.18444483
3,30,10,0.0048999996,0.03919029,0.016752416,0.016892165,0.0055457084,0.064715564,0.0031456435,4.945513,-0.12651186,6.3448267,0.5107551,0.12943113,0.006291287,0.12996987,-0.0033247736,0.074469514,0.005994757,253.01472,251.51839,338.3608,-0.38424325,13.783301,0.15668252
3,31,10,0.0048999996,0.040964037,0.018677676,0.016729165,0.0055571953,0.06833315,0.009836964,4.9215946,-0.16896099,6.351393,0.3964662,0.1366663,0.019673929,0.12934127,-0.0044403584,0.0745466,0.004653342,252.97356,251.33798,337.60013,-0.2275052,13.783301,0.20718294
3,32,10,0.0048999996,0.040741526,0.016826702,0.018369667,0.005545153,0.06485889,0.00799653,5.1572633,-0.3371172,6.344508,0.29416525,0.12971778,0.01599306,0.13553475,-0.008859559,0.07446578,0.0034526286,252.97285,251.27106,337.7156,0.04295194,13.783301,0.21402936
3,33,10,0.0048999996,0.037400737,0.015825722,0.016670821,0.004904197,0.06290016,0.0052183853,4.9130044,-0.06088877,5.9665766,-0.18651357,0.12580033,0.0104367705,0.12911554,-0.0016001764,0.070029974,-0.0021891184,252.95146,251.17598,337.58972,0.24740234,13.780845,0.13702758
3,34,10,0.0048999996,0.044324417,0.019862952,0.018964337,0.0054971282,0.07046799,0.01094807,5.2400746,0.055920534,6.3169746,-0.39747366,0.14093599,0.02189614,0.13771106,0.0014696121,0.07414262,-0.0046651675,252.88416,251.00351,336.51392,0.34155312,13.780845,0.17659843
3,35,10,0.0048999996,0.041817944,0.018000584,0.017578788,0.0062385723,0.06708313,0.0094541,5.045023,-0.108032264,6.7295156,-0.38921162,0.13416626,0.0189082,0.13258502,-0.0028391234,0.07898463,-0.004568194,252.85945,250.76567,336.63736,0.49724388,13.780845,0.19219933
3,36,10,0.0048999996,0.045195155,0.02018642,0.01847744,0.0065312935,0.07103946,0.005685897,5.1723695,0.06380031,6.885585,-0.21457696,0.14207892,0.011371794,0.13593175,0.0016766955,0.08081642,-0.002518501,252.86215,250.71428,336.7779,0.15077665,13.780845,0.14854807
3,37,10,0.0048999996,0.044329952,0.019290287,0.018958513,0.006081153,0.06944474,0.01050323,5.23927,0.33283618,6.6440697,-0.7176318,0.13888948,0.02100646,0.13768992,0.008747057,0.07798175,-0.008422875,252.86679,250.83392,336.3688,0.38479564,13.778221,0.1499904
3,38,10,0.0048999996,0.044442073,0.01959108,0.018707009,0.0061439835,0.06998407,0.01003787,5.2044024,0.14962822,6.678304,-0.7723044,0.13996814,0.02007574,0.13677357,0.003932287,0.078383565,-0.009064572,252.88171,250.87105,336.89963,0.6226762,13.778221,0.1701008
3,39,10,0.0048999996,0.045157976,0.019050395,0.019721532,0.006386049,0.069011584,0.005559885,5.343662,0.16668864,6.8085923,-0.65971315,0.13802317,0.01111977,0.14043337,0.004380638,0.07991276,-0.0077430806,252.82208,250.61887,336.75818,0.49302453,13.778221,0.13276908
3,40,10,0.0048999996,0.049096286,0.020619022,0.021595338,0.0068819267,0.071796626,0.012280699,5.5917625,0.21254781,7.0679955,-0.8232234,0.14359325,0.024561398,0.14695352,0.005585833,0.08295738,-0.009662214,252.71277,250.19678,335.56802,0.6106756,13.778221,0.1650521
3,41,10,0.0048999996,0.043565713,0.01708382,0.019623982,0.0068579107,0.065352544,0.008949003,5.330429,0.3382579,7.055651,-1.4788781,0.13070509,0.017898006,0.14008562,0.008889545,0.0828125,-0.017357655,252.68797,250.03941,335.6239,1.1406202,13.775433,0.14904355
3,42,10,0.0048999996,0.047915023,0.019729715,0.02129078,0.006894528,0.07023125,0.005154629,5.5521913,0.5066954,7.074464,-1.3219348,0.1404625,0.010309258,0.1459136,0.013316142,0.08303329,-0.015515606,252.65373,249.89667,335.56683,0.8152394,13.775433,0.16093929
3,43,10,0.0048999996,0.050874002,0.021454167,0.022637999,0.0067818393,0.073236205,0.009739627,5.725161,0.46049476,7.0164104,-1.3415685,0.14647241,0.019479254,0.15045929,0.012101964,0.08235192,-0.015746055,252.62013,249.84,335.01184,0.8810737,13.775433,0.17067966
3,44,10,0.0048999996,0.051072598,0.022377655,0.02146657,0.007228375,0.07479581,0.007969071,5.575066,0.28016448,7.243718,-1.455904,0.14959162,0.015938142,0.14651474,0.0073628197,0.08501985,-0.017088005,252.63324,249.90321,335.4496,1.1757395,13.775433,0.15397626
3,45,10,0.0048999996,0.054907426,0.025049573,0.022587335,0.0072705173,0.079135284,0.0043187323,5.718751,0.63460445,7.264804,-1.8082728,0.15827057,0.008637465,0.15029083,0.016677633,0.08526733,-0.021223776,252.62912,249.84195,335.6471,1.1736684,13.772485,0.19106919
3,46,10,0.0048999996,0.055560473,0.022892032,0.025157444,0.0075109974,0.075650565,0.009926281,6.0353427,0.6232478,7.383971,-1.8346289,0.15130113,0.019852562,0.15861098,0.016379176,0.08666601,-0.021533128,252.61092,249.71584,335.0917,1.2113812,13.772485,0.20553312
3,47,10,0.0048999996,0.053250436,0.022314452,0.022904487,0.008031499,0.07469011,0.0091358265,5.75876,0.63126844,7.635536,-1.9269813,0.14938022,0.018271653,0.15134229,0.016589964,0.08961863,-0.022617066,252.64954,249.84348,335.62878,1.295713,13.772485,0.2042513
3,48,10,0.0048999996,0.056628477,0.022536194,0.025707457,0.008384827,0.0750603,0.005238856,6.1009607,0.924815,7.801682,-1.9685886,0.1501206,0.010477712,0.16033545,0.024304474,0.0915687,-0.023105409,252.62119,249.83327,335.5236,1.0437737,13.772485,0.2171906
3,49,10,0.0048999996,0.056207843,0.02138095,0.02645769,0.008369203,0.07311113,0.009205151,6.1893444,0.91425824,7.7944098,-2.5926979,0.14622226,0.018410303,0.1626582,0.02402704,0.09148335,-0.030430615,252.55386,249.63286,334.442,1.6784396,13.769435,0.22647959
3,50,10,0.0048999996,0.050513715,0.01948273,0.02273173,0.008299253,0.069790274,0.00888603,5.737001,0.7931927,7.76177,-2.5865912,0.13958055,0.01777206,0.15077046,0.020845389,0.09110024,-0.030358942,252.54828,249.5666,334.7128,1.7933986,13.769435,0.2175788
3,51,10,0.0048999996,0.052409824,0.019877678,0.024035612,0.008496534,0.07049411,0.0050815055,5.899243,1.1610516,7.85348,-2.4509716,0.14098822,0.010163011,0.15503423,0.030512853,0.092176646,-0.028767165,252.564,249.64067,334.95264,1.28992,13.769435,0.22729746
3,52,10,0.0048999996,0.05964864,0.021241682,0.029430913,0.008976045,0.07287263,0.009898697,6.527856,1.1453953,8.072047,-2.48425,0.14574526,0.019797394,0.1715544,0.0301014,0.09474199,-0.029157761,252.5664,249.70387,334.36084,1.3388548,13.769435,0.23867048
3,53,10,0.0048999996,0.054271255,0.019086346,0.026531337,0.008653569,0.06907667,0.0065173535,6.197952,0.7392055,7.925722,-2.7793674,0.13815334,0.013034707,0.16288443,0.019426594,0.09302456,-0.03262157,252.6048,249.85709,334.93698,2.040162,13.766364,0.2086365
3,54,10,0.0048999996,0.05833876,0.023758307,0.025596542,0.008983909,0.07706865,0.003411225,6.0877852,0.676414,8.075583,-2.5531287,0.1541373,0.00682245,0.1599892,0.017776405,0.094783485,-0.029966189,252.60054,249.92131,334.9207,1.8767147,13.766364,0.21704754
3,55,10,0.0048999996,0.05765809,0.020061908,0.02782588,0.009770303,0.07082003,0.0076325973,6.3473597,0.586815,8.421611,-2.6624968,0.14164007,0.015265195,0.16681091,0.015421711,0.09884484,-0.031249853,252.54633,249.74765,333.9865,2.0756817,13.766364,0.23779275
3,56,10,0.0048999996,0.05803643,0.02141799,0.025895748,0.010722691,0.07317443,0.007131274,6.123263,0.25930092,8.822528,-2.805146,0.14634886,0.014262548,0.16092156,0.006814523,0.10355043,-0.032924116,252.57066,249.77127,334.36002,2.545845,13.766364,0.24098615
3,57,10,0.0048999996,0.054265637,0.020553462,0.023603868,0.010108308,0.07168239,0.002048649,5.8460197,0.12798837,8.566047,-2.913403,0.14336479,0.004097298,0.1536355,0.0033635828,0.10054008,-0.034194738,252.5858,249.90329,334.6074,2.7854147,13.763327,0.21855757
3,58,10,0.0048999996,0.054672536,0.020417955,0.024834309,0.009420272,0.0714457,0.0074977214,5.996456,0.098462075,8.26938,-2.9519444,0.1428914,0.014995443,0.15758905,0.0025876183,0.09705809,-0.034647103,252.53258,249.77386,334.0045,2.8534822,13.763327,0.22754754
3,59,10,0.0048999996,0.053576156,0.02092573,0.023302596,0.009347829,0.07232864,0.0058779595,5.808591,-0.103983834,8.237522,-3.078222,0.14465728,0.011755919,0.15265188,-0.002732732,0.09668417,-0.036129236,252.50339,249.51642,334.30133,3.182206,13.763327,0.2006164
3,60,10,0.0048999996,0.053569563,0.020693954,0.023330245,0.009545364,0.07192697,0.0024064067,5.8120365,0.08863014,8.324103,-3.0896091,0.14385393,0.0048128134,0.15274242,0.0023292326,0.09770038,-0.036262885,252.50916,249.51453,334.44446,3.000979,13.763327,0.21541171
3,61,10,0.0048999996,0.053387076,0.020661427,0.024178937,0.008546708,0.07187042,0.0048373397,5.916805,-0.1820548,7.876634,-3.3269641,0.14374083,0.0096746795,0.15549578,-0.004784463,0.092448406,-0.039048724,252.47163,249.4489,333.84875,3.509019,13.760346,0.15971844
3,62,10,0.0048999996,0.049993735,0.01833002,0.023388475,0.008275236,0.0676942,0.0041056746,5.819285,-0.5544674,7.7505307,-3.315873,0.1353884,0.008211349,0.15293291,-0.014571597,0.090968326,-0.03891855,252.43872,249.27545,334.285,3.8703403,13.760346,0.1519227
3,63,10,0.0048999996,0.047974333,0.017289579,0.022624692,0.008060059,0.06574492,0.0030153524,5.723478,-0.66465557,7.6490993,-3.2299302,0.13148984,0.006030705,0.15041506,-0.01746739,0.08977783,-0.03790984,252.36604,248.97574,334.1953,3.8945856,13.760346,0.15846476
3,64,10,0.0048999996,0.049978778,0.017468102,0.02383356,0.008677117,0.066083476,0.006925375,5.874395,-0.6201262,7.9364977,-3.483846,0.13216695,0.01385075,0.15438122,-0.016297143,0.09315104,-0.040890057,252.27167,248.67038,333.19424,4.103972,13.760346,0.16160473
3,65,10,0.0048999996,0.048996195,0.01970643,0.020727707,0.008562059,0.0701898,0.0045742965,5.478281,-0.83937466,7.8837047,-3.3641946,0.1403796,0.009148593,0.1439712,-0.02205907,0.0925314,-0.03948571,252.25375,248.56439,333.44904,4.2035694,13.757422,0.19635923
3,66,10,0.0048999996,0.048627295,0.018527435,0.021309951,0.008789906,0.06805776,0.0023246494,5.5546913,-0.6391114,7.987913,-3.222543,0.13611552,0.0046492987,0.14597929,-0.016796079,0.0937545,-0.037823137,252.27318,248.67645,333.35532,3.8616543,13.757422,0.16504973
3,67,10,0.0048999996,0.049547724,0.017864093,0.022861619,0.008822011,0.06682831,0.0065141115,5.753368,-0.5696502,8.002487,-3.3210952,0.13365662,0.013028223,0.15120059,-0.014970608,0.09392556,-0.03897984,252.28177,248.83212,332.95636,3.8907454,13.757422,0.17505828
3,68,10,0.0048999996,0.050605025,0.018044254,0.02328225,0.009278521,0.06716445,0.004817792,5.806055,-0.84549785,8.206926,-3.5110183,0.1343289,0.009635584,0.15258522,-0.022219986,0.09632508,-0.04120899,252.29169,248.94524,333.35077,4.356516,13.757422,0.19053194
3,69,10,0.0048999996,0.051325127,0.019383436,0.023148227,0.008793464,0.069612205,0.0018311457,5.7893195,-0.66395706,7.9895296,-3.2735713,0.13922441,0.0036622914,0.15214542,-0.017449027,0.09377347,-0.038422056,252.2601,248.93245,333.16293,3.9375284,13.754577,0.18921179
3,70,10,0.0048999996,0.04933221,0.015827151,0.024612378,0.008892679,0.062903,0.0052844244,5.969603,-0.5845923,8.034474,-3.281512,0.125806,0.010568849,0.15688333,-0.015363296,0.094301,-0.03851526,252.21921,248.77809,332.26935,3.8661044,13.754577,0.18223804
3,71,10,0.0048999996,0.053717524,0.01938352,0.024832617,0.009501385,0.069612354,0.0052690157,5.996253,-0.90386784,8.304905,-3.316485,0.13922471,0.010538031,0.15758368,-0.023753975,0.097475044,-0.03892573,252.25604,248.84967,332.92673,4.2203526,13.754577,0.19775085
3,72,10,0.0048999996,0.05558657,0.018725732,0.027257605,0.009603234,0.068421,0.0020496503,6.2822113,-0.6587903,8.3492985,-3.2734976,0.136842,0.0040993006,0.16509877,-0.017313246,0.09799609,-0.03842119,252.27377,248.80272,333.1156,3.932288,13.754577,0.19005828
3,73,10,0.0048999996,0.056639392,0.019409481,0.028268958,0.008960951,0.06965896,0.005311121,6.3976955,-0.5851862,8.065258,-3.0222433,0.13931791,0.010622242,0.16813375,-0.015378908,0.0946623,-0.035472214,252.28294,248.86435,332.6708,3.6074295,13.75182,0.17049961
3,74,10,0.0048999996,0.05820832,0.021292532,0.027197944,0.009717845,0.0729598,0.0028265282,6.2753325,-0.7974619,8.398973,-3.1690285,0.1459196,0.0056530563,0.16491799,-0.020957584,0.09857913,-0.037195034,252.29417,248.94778,333.0116,3.9664905,13.75182,0.19200782
3,75,10,0.0048999996,0.05846724,0.019368038,0.02864897,0.010450231,0.06958455,-0.0007290259,6.440553,-0.68121594,8.70972,-3.108868,0.1391691,-0.0014580518,0.16926007,-0.017902602,0.10222637,-0.036488924,252.24036,248.79115,332.73273,3.790084,13.75182,0.1764814
3,76,10,0.0048999996,0.055235833,0.016447803,0.02832101,0.010467021,0.064124495,0.0040076105,6.403583,-0.561171,8.716714,-3.0973508,0.12824899,0.008015221,0.16828847,-0.014747781,0.10230846,-0.03635375,252.1728,248.52351,332.17444,3.658522,13.75182,0.19675043
3,77,10,0.0048999996,0.053807814,0.01986772,0.024283025,0.009657066,0.07047645,0.004126693,5.9295278,-0.28670675,8.372666,-2.662154,0.1409529,0.008253386,0.15583012,-0.007534757,0.09827037,-0.031245824,252.14299,248.33925,332.59644,2.9488606,13.749155,0.22689624
3,78,10,0.0048999996,0.05525683,0.016897148,0.028230257,0.01012942,0.064994514,0.0013466083,6.3933144,-0.16097136,8.574988,-2.5306914,0.12998903,0.0026932165,0.16801862,-0.004230386,0.10064502,-0.029702839,252.11276,248.25201,332.80478,2.6916628,13.749155,0.23505618
3,79,10,0.0048999996,0.05717749,0.016414292,0.030460326,0.0103028715,0.06405914,0.0048949616,6.641038,-0.32726404,8.648092,-2.616314,0.12811828,0.009789923,0.17452887,-0.008600619,0.10150306,-0.030707797,252.04868,248.15524,332.00455,2.943578,13.749155,0.24883522
3,80,10,0.0048999996,0.058845066,0.018896954,0.029415857,0.010532251,0.068733096,0.0037556924,6.526186,-0.27612042,8.743832,-2.6002095,0.13746619,0.007511385,0.17151052,-0.007256539,0.102626756,-0.030518776,252.02025,247.98074,331.97714,2.87633,13.749155,0.2622871
3,81,10,0.0048999996,0.060031533,0.019603634,0.030401198,0.010026699,0.07000649,-0.0015188871,6.6345887,0.3074751,8.531398,-2.0100875,0.14001298,-0.0030377742,0.1743594,0.008080555,0.100133404,-0.02359249,252.05766,248.17133,331.95273,1.7026124,13.746617,0.18328103
3,82,10,0.0048999996,0.059264533,0.017717337,0.031897325,0.009649872,0.06655324,0.0031025903,6.7958817,0.330523,8.369548,-1.9794786,0.13310649,0.0062051807,0.17859823,0.008686263,0.09823376,-0.023233231,252.09201,248.39186,331.6832,1.6489556,13.746617,0.20486845
3,83,10,0.0048999996,0.060822185,0.021685751,0.02927155,0.009864886,0.073630415,0.0026192986,6.510158,0.109205306,8.462277,-1.9319841,0.14726083,0.0052385973,0.1710893,0.0028699576,0.09932213,-0.022675779,252.14134,248.52774,332.32086,1.8227787,13.746617,0.2156425
3,84,10,0.0048999996,0.06770493,0.023020573,0.033828516,0.010855846,0.07586266,-0.0026637127,6.9985833,0.1758999,8.87714,-2.1320102,0.15172532,-0.0053274254,0.1839253,0.0046227137,0.10419139,-0.025023503,252.20436,248.89398,332.75458,1.9561104,13.746617,0.18251823
3,85,10,0.0048999996,0.059042014,0.017268933,0.031978868,0.009794215,0.06570566,0.00064454734,6.8045626,0.3812341,8.431911,-1.5906366,0.13141131,0.0012890947,0.17882636,0.010018968,0.09896573,-0.018669374,252.23933,249.13127,332.44785,1.2094026,13.744243,0.16983975
3,86,10,0.0048999996,0.05916075,0.020949624,0.028219989,0.0099911345,0.072369926,-0.00048934645,6.392152,0.4029153,8.516253,-1.4998786,0.14473985,-0.0009786929,0.16798806,0.01058876,0.09995566,-0.017604142,252.28506,249.22604,333.09525,1.0969634,13.744243,0.17932157
3,87,10,0.0048999996,0.06754184,0.024359973,0.032467317,0.010714545,0.07803841,-0.003990201,6.856333,0.46311596,8.819177,-1.6900845,0.15607682,-0.007980402,0.1801869,0.012170852,0.10351109,-0.019836606,252.29622,249.32535,333.30087,1.2269685,13.744243,0.19362088
3,88,10,0.0048999996,0.057978205,0.018028157,0.030401058,0.00954899,0.067134485,0.0010825787,6.634573,0.41549975,8.325685,-1.6611085,0.13426897,0.0021651573,0.174359,0.010919486,0.09771893,-0.019496502,252.27155,249.19873,332.5441,1.2456088,13.744243,0.17852478
3,89,10,0.0048999996,0.053865563,0.01921634,0.026051324,0.008597898,0.06931151,0.0016936531,6.1416283,0.20443721,7.900187,-1.140624,0.13862301,0.0033873061,0.16140422,0.0053726784,0.09272485,-0.013387555,252.28911,249.13753,332.92404,0.93618685,13.741993,0.16016205
3,90,10,0.0048999996,0.05437027,0.018101126,0.027304333,0.00896481,0.06727021,-0.0022429586,6.287594,0.26161256,8.066994,-1.0830173,0.13454042,-0.0044859173,0.16524023,0.006875278,0.09468268,-0.012711423,252.289,249.16963,333.0597,0.8214048,13.741993,0.16893038
3,91,10,0.0048999996,0.05152304,0.016579133,0.026332658,0.008611251,0.06437999,0.0018968468,6.1747026,0.24678506,7.9063187,-1.0154965,0.12875998,0.0037936936,0.1622734,0.006485594,0.092796825,-0.011918932,252.27081,249.23445,332.57126,0.76871145,13.741993,0.16541784
3,92,10,0.0048999996,0.048101507,0.01830214,0.021978447,0.007820917,0.0676427,0.0010352812,5.641144,0.22963253,7.534771,-0.8814486,0.1352854,0.0020705624,0.1482513,0.0060348264,0.08843595,-0.010345599,252.26085,249.19553,332.8953,0.6518161,13.741993,0.14395347
3,93,10,0.0048999996,0.04958615,0.0202578,0.021789651,0.007538698,0.07116495,-0.0023238177,5.6168623,0.27734515,7.397575,-0.37924382,0.1423299,-0.0046476354,0.14761318,0.007288731,0.086825676,-0.004451203,252.26262,249.12987,332.90775,0.10189867,13.739946,0.18958963
3,94,10,0.0048999996,0.048877195,0.017368741,0.023909144,0.007599307,0.06589526,0.0030357235,5.883702,0.30807224,7.427253,-0.3206432,0.13179052,0.006071447,0.15462582,0.008096249,0.087174006,-0.0037634047,252.28662,249.25005,332.4266,0.012570947,13.739946,0.15489511
3,95,10,0.0048999996,0.04811702,0.020141967,0.02036265,0.0076124053,0.0709612,0.0013511695,5.4298244,0.11396697,7.4336505,-0.3350437,0.1419224,0.002702339,0.14269775,0.0029950936,0.0872491,-0.00393242,252.35878,249.54121,333.14624,0.22107673,13.739946,0.1420875
3,96,10,0.0048999996,0.05103817,0.020610597,0.02255729,0.007870279,0.071781956,-0.0026951004,5.714946,0.3462098,7.5585113,-0.34567955,0.14356391,-0.0053902008,0.15019085,0.009098519,0.08871459,-0.004057259,252.38774,249.72337,333.32852,-0.0005302429,13.739946,0.19527073
3,97,10,0.0048999996,0.04943742,0.018171405,0.024043204,0.007222809,0.06740068,0.0029643427,5.900174,-0.11185301,7.2409286,0.26493636,0.13480136,0.0059286854,0.15505871,-0.0029395404,0.08498711,0.0031095701,252.42937,249.87134,333.16107,-0.15308335,13.738076,0.15170881
3,98,10,0.0048999996,0.049289897,0.018979842,0.022749608,0.0075604483,0.06888367,0.0022416583,5.739257,-0.24829029,7.408239,0.4717831,0.13776734,0.0044833166,0.15082973,-0.0065251584,0.08695084,0.005537339,252.49904,249.94208,333.94907,-0.22349282,13.738076,0.13868017
3,99,10,0.0048999996,0.05005404,0.019401917,0.022814536,0.007837587,0.06964538,-0.00078147976,5.747441,-0.17355356,7.5427957,0.37206876,0.13929076,-0.0015629595,0.15104482,-0.004561051,0.088530146,0.0043669897,252.54988,250.19194,334.34412,-0.1985152,13.738076,0.16916116
3,100,10,0.0048999996,0.050633393,0.017573982,0.025249029,0.007810386,0.06628345,0.0036147165,6.046318,-0.37194762,7.5296965,0.25246722,0.1325669,0.007229433,0.15889943,-0.009774924,0.08837639,0.002963221,252.54175,250.34416,333.74423,0.1194804,13.738076,0.15740345
4,1,10,0.0034299996,0.053070854,0.024302134,0.020613682,0.008155036,0.07794571,-0.009400362,5.463192,0.9049232,7.6940355,-0.98095316,0.15589142,-0.018800724,0.14357466,0.023781708,0.09030524,-0.011513495,253.07558,252.86282,339.184,0.07602996,13.736339,0.4688286
4,2,10,0.0034299996,0.054091025,0.02670179,0.01982312,0.0075661116,0.08170341,-0.009710924,5.357407,0.61884195,7.4110136,-1.0544059,0.16340682,-0.019421848,0.1407946,0.016263392,0.0869834,-0.012375609,253.1235,253.06938,339.76154,0.43556398,13.736339,0.44619182
4,3,10,0.0034299996,0.06276383,0.035493758,0.019150866,0.008119212,0.094198935,-0.014513935,5.265782,0.7403663,7.677117,-0.9983646,0.18839787,-0.02902787,0.13838665,0.019457096,0.09010667,-0.011717845,253.21034,253.4691,340.4663,0.25799835,13.736339,0.42213756
4,4,10,0.0034299996,0.050459348,0.022965558,0.019016689,0.008477097,0.07577196,-0.00899047,5.2473025,0.596047,7.844492,-0.7600332,0.15154392,-0.01798094,0.13790101,0.015664332,0.09207115,-0.008920542,253.22328,253.62704,340.18765,0.1639862,13.736339,0.37145418
4,5,10,0.0034299996,0.052660793,0.023549134,0.020727374,0.008384286,0.076728635,-0.0071370373,5.478237,0.022363143,7.8014307,-0.38186213,0.15345727,-0.014274075,0.14397004,0.0005877114,0.09156575,-0.004481939,253.26656,253.7187,340.52225,0.35949898,13.734787,0.33160284
4,6,10,0.0034299996,0.058545917,0.027323605,0.022397293,0.008825018,0.08264927,-0.01141632,5.6946416,0.37166134,8.003852,-0.37825027,0.16529854,-0.02283264,0.14965725,0.00976739,0.09394157,-0.0044395416,253.30531,253.79034,340.78125,0.006588936,13.734787,0.37378982
4,7,10,0.0034299996,0.051045746,0.019739114,0.022149153,0.009157477,0.07024798,-0.006887643,5.663009,0.42114082,8.153218,-0.419031,0.14049596,-0.013775286,0.14882591,0.011067735,0.095694706,-0.004918185,253.27142,253.69034,340.1049,-0.0021098256,13.734787,0.36574873
4,8,10,0.0034299996,0.05408761,0.024078341,0.02128277,0.0087265,0.07758599,-0.0068751792,5.5511475,0.07972077,7.959051,-0.38554028,0.15517198,-0.0137503585,0.14588615,0.0020950923,0.09341574,-0.004525105,253.30327,253.777,340.42844,0.3058195,13.734787,0.3918773
4,9,10,0.0034299996,0.059790447,0.029522922,0.021127418,0.009140108,0.08591118,-0.009200648,5.5308495,-0.033092845,8.145484,-0.10714352,0.17182235,-0.018401297,0.14535274,-0.00086969556,0.09560391,-0.0012575424,253.34904,253.95004,340.5924,0.14023636,13.732948,0.33939657
4,10,10,0.0034299996,0.052519508,0.02163472,0.021038877,0.009845911,0.07354373,-0.0032466669,5.5192475,0.043776616,8.454135,-0.047338467,0.14708745,-0.0064933337,0.14504784,0.0011504636,0.099226564,-0.0005556116,253.3731,254.14943,340.14252,0.0035618506,13.732948,0.30578327
4,11,10,0.0034299996,0.05207812,0.021843562,0.02016191,0.010072647,0.07389784,-0.0029286335,5.4029946,-0.27965274,8.550923,0.071101025,0.14779568,-0.005857267,0.14199264,-0.007349366,0.10036258,0.0008345108,253.47931,254.5565,340.97128,0.20855172,13.732948,0.33629534
4,12,10,0.0034299996,0.05762045,0.026108611,0.020823682,0.010688157,0.080790795,-0.00858212,5.490949,-0.29195705,8.8083105,0.3108835,0.16158159,-0.01716424,0.14430413,-0.007672729,0.10338354,0.0036488494,253.5386,254.72806,341.73425,-0.018926442,13.732948,0.37288848
4,13,10,0.0034299996,0.051262915,0.017958473,0.022497373,0.010807065,0.06700461,-0.000935138,5.7073503,-0.5864119,8.857173,0.5620154,0.13400923,-0.001870276,0.14999124,-0.015411112,0.103957035,0.0065963943,253.49951,254.55031,340.8963,0.02439648,13.730846,0.30282712
4,14,10,0.0034299996,0.059008658,0.02471544,0.023561895,0.0107313255,0.07860573,0.0001340069,5.8408194,-0.7045888,8.826082,0.46157005,0.15721145,0.0002680138,0.15349884,-0.018516848,0.10359211,0.00541747,253.5101,254.48099,340.69653,0.24301872,13.730846,0.32889247
4,15,10,0.0034299996,0.06478302,0.027731298,0.025974397,0.011077332,0.08326358,-0.0051730545,6.132555,-0.5640312,8.96724,0.7025407,0.16652717,-0.010346109,0.16116574,-0.014822948,0.105248906,0.008245757,253.5346,254.50757,341.00934,-0.13850951,13.730846,0.3342235
4,16,10,0.0034299996,0.05649066,0.019835833,0.024851317,0.011803508,0.07041987,0.0005066727,5.99851,-0.5763873,9.256498,0.8513205,0.14083974,0.0010133454,0.157643,-0.015147671,0.10864395,0.009991988,253.54541,254.65088,340.68427,-0.27493322,13.730846,0.3319634
4,17,10,0.0034299996,0.056509137,0.021490168,0.02368026,0.01133871,0.07329763,0.0018979821,5.8554726,-0.9021031,9.072417,0.92303544,0.14659525,0.0037959642,0.15388392,-0.023707597,0.10648338,0.010833711,253.59859,254.8473,341.14102,-0.020932317,13.728502,0.3292501
4,18,10,0.0034299996,0.0627763,0.028024752,0.023165688,0.01158586,0.083702974,-0.0025993306,5.791503,-0.7015401,9.17076,1.0033717,0.16740595,-0.0051986612,0.15220279,-0.018436717,0.10763763,0.011776613,253.63411,254.94032,341.62027,-0.3018316,13.728502,0.335866
4,19,10,0.0034299996,0.056565467,0.019901495,0.025076758,0.011587213,0.07053633,0.0027864003,6.0256567,-0.6031739,9.171296,1.0975106,0.14107266,0.0055728005,0.15835643,-0.01585162,0.10764392,0.0128815295,253.6365,255.0121,341.07208,-0.49433666,13.728502,0.33708873
4,20,10,0.0034299996,0.0650605,0.024510754,0.028496614,0.012053127,0.078279555,0.0018999508,6.423405,-0.8232995,9.353864,1.0935345,0.15655911,0.0037999016,0.1688094,-0.021636615,0.109786734,0.012834857,253.6845,255.18312,341.60495,-0.27023494,13.728502,0.36804804
4,21,10,0.0034299996,0.06262798,0.023341477,0.02734329,0.011943211,0.07638959,-0.0012792132,6.292078,-0.69866574,9.311116,1.265132,0.15277918,-0.0025584265,0.16535807,-0.018361188,0.109285,0.014848921,253.7107,255.3016,341.96957,-0.5664662,13.725973,0.37702158
4,22,10,0.0034299996,0.0625629,0.020951755,0.028334953,0.013276193,0.072373606,0.004522538,6.4051595,-0.6132178,9.816982,1.3759097,0.14474721,0.009045076,0.1683299,-0.016115576,0.115222365,0.016149107,253.70381,255.30426,341.3129,-0.7626919,13.725973,0.38366756
4,23,10,0.0034299996,0.06529309,0.024559667,0.02752703,0.013206392,0.07835762,0.004809128,6.3131824,-0.9725809,9.791141,1.4003886,0.15671524,0.009618256,0.16591272,-0.025559772,0.11491907,0.016436422,253.75963,255.37192,341.64584,-0.4278077,13.725973,0.39187157
4,24,10,0.0034299996,0.06481393,0.025720533,0.026062652,0.013030742,0.08018811,0.00053033174,6.142964,-0.82729286,9.72581,1.3083005,0.16037622,0.0010606635,0.16143931,-0.021741549,0.114152275,0.015355587,253.80388,255.40887,341.83893,-0.48100764,13.725973,0.36956206
4,25,10,0.0034299996,0.05819129,0.020756904,0.026685223,0.01074916,0.07203628,0.0068689147,6.2159014,-0.55135536,8.833412,1.2413377,0.14407256,0.013737829,0.16335613,-0.014489822,0.10367816,0.014569646,253.77205,255.35803,340.90433,-0.6899823,13.723344,0.3558075
4,26,10,0.0034299996,0.060816664,0.021641908,0.029148567,0.0100261895,0.07355595,0.0062330132,6.496468,-0.8498167,8.531181,1.0603687,0.1471119,0.0124660265,0.17072952,-0.0223335,0.10013086,0.0124455895,253.76631,255.34912,341.1714,-0.21055198,13.723344,0.37661257
4,27,10,0.0034299996,0.066473454,0.027659,0.028067475,0.010746979,0.08315498,0.0014166549,6.374855,-0.7534226,8.832515,1.1501163,0.16630995,0.0028333098,0.1675335,-0.019800218,0.10366764,0.013498967,253.77484,255.34663,341.49985,-0.3966937,13.723344,0.36184937
4,28,10,0.0034299996,0.060798198,0.020908589,0.028295742,0.011593869,0.07229901,0.008068803,6.4007254,-0.58377767,9.17393,1.2951854,0.14459802,0.016137606,0.16821338,-0.015341891,0.10767483,0.015201653,253.74104,255.25284,340.91397,-0.7114078,13.723344,0.39004877
4,29,10,0.0034299996,0.057891652,0.022741333,0.024634447,0.010515873,0.07540115,0.0068081883,5.972279,-0.89924514,8.737031,1.2230355,0.1508023,0.013616377,0.15695365,-0.023632487,0.10254693,0.014354822,253.7436,255.21303,340.85898,-0.3237903,13.720741,0.37028378
4,30,10,0.0034299996,0.061071828,0.025706291,0.024733247,0.010632293,0.08016591,0.0008997043,5.9842434,-0.75850606,8.785262,1.321348,0.16033182,0.0017994086,0.15726808,-0.01993381,0.10311301,0.015508712,253.73471,255.09296,340.9982,-0.5628419,13.720741,0.3464431
4,31,10,0.0034299996,0.057435952,0.021771496,0.024959464,0.010704992,0.073775835,0.006541021,6.0115476,-0.41402158,8.815246,1.392906,0.14755167,0.013082042,0.15798564,-0.010880636,0.10346493,0.0163486,253.7062,255.0382,340.5035,-0.97888434,13.720741,0.36081803
4,32,10,0.0034299996,0.06132524,0.022824386,0.026853355,0.011647499,0.07553871,0.005511839,6.2354517,-0.59366167,9.195125,1.5506028,0.15107742,0.011023678,0.16386993,-0.015601635,0.10792358,0.01819948,253.73276,255.11673,341.0383,-0.9569411,13.720741,0.37624824
4,33,10,0.0034299996,0.057543524,0.02129652,0.025054015,0.011192988,0.072966635,-0.0008768629,6.0229235,-0.37313983,9.013931,1.6423146,0.14593327,-0.0017537258,0.1582846,-0.00980625,0.10579692,0.019275913,253.71304,254.9869,341.13763,-1.2691747,13.718229,0.3088776
4,34,10,0.0034299996,0.054513067,0.017461963,0.026251532,0.010799574,0.06607186,0.0050632255,6.165183,-0.16840656,8.854102,1.4890594,0.13214372,0.010126451,0.16202325,-0.0044257883,0.103920996,0.017477157,253.61821,254.62675,340.06003,-1.3206528,13.718229,0.3289736
4,35,10,0.0034299996,0.05396641,0.01836817,0.025025433,0.010572808,0.06776461,0.0027540037,6.019487,-0.2409728,8.760651,1.3493251,0.13552922,0.0055080075,0.15819429,-0.006332855,0.10282416,0.015837092,253.5728,254.3103,340.2434,-1.1083523,13.718229,0.33224547
4,36,10,0.0034299996,0.06188771,0.026062166,0.024504274,0.011321269,0.080718905,-0.0018757011,5.956478,-0.32020947,9.065438,1.3693712,0.16143781,-0.0037514023,0.15653841,-0.008415213,0.10640145,0.016072365,253.54433,254.1667,340.33783,-1.0491617,13.718229,0.3142724
4,37,10,0.0034299996,0.048640814,0.015373027,0.023259606,0.010008181,0.061994005,0.0021536055,5.803231,-0.21222413,8.523517,1.1362709,0.12398801,0.004307211,0.152511,-0.005577328,0.1000409,0.013336462,253.4607,253.91264,339.44617,-0.92404675,13.715918,0.23789477
4,38,10,0.0034299996,0.046733156,0.015297709,0.021875676,0.009559772,0.061841954,0.0015481937,5.6279397,-0.49842858,8.330384,1.0796921,0.12368391,0.0030963875,0.14790428,-0.0130988825,0.09777409,0.012672396,253.41594,253.65471,339.42282,-0.58126354,13.715918,0.22519465
4,39,10,0.0034299996,0.054830603,0.022276621,0.022818025,0.009735957,0.07462677,-0.004146874,5.74788,-0.45126247,8.4067955,1.1860744,0.14925355,-0.008293748,0.15105636,-0.011859344,0.09867095,0.01392101,253.39359,253.4987,339.58005,-0.7348119,13.715918,0.22744071
4,40,10,0.0034299996,0.050423484,0.015039944,0.025278928,0.0101046115,0.061318725,0.00123304,6.049897,-0.5335631,8.564481,1.1153381,0.12263745,0.00246608,0.15899348,-0.01402223,0.1005217,0.013090774,253.35872,253.49132,338.9706,-0.581775,13.715918,0.2198989
4,41,10,0.0034299996,0.047431402,0.015712582,0.022480909,0.00923791,0.06267492,-0.0022154255,5.7052617,-0.79971504,8.188948,0.92623717,0.12534983,-0.004430851,0.14993635,-0.021016797,0.09611405,0.010871287,253.37978,253.52867,339.44885,-0.12652212,13.713851,0.19085395
4,42,10,0.0034299996,0.054460444,0.024009708,0.020663492,0.009787243,0.07747533,-0.0065063774,5.4697886,-0.7862787,8.428909,1.2287123,0.15495066,-0.013012755,0.14374802,-0.020663688,0.09893049,0.014421451,253.44054,253.71686,340.082,-0.4424336,13.713851,0.21461101
4,43,10,0.0034299996,0.048423104,0.015283335,0.022484707,0.0106550595,0.061812893,0.0004690772,5.7057443,-0.6559798,8.7946615,1.3904992,0.123625785,0.0009381544,0.14994901,-0.017239384,0.103223346,0.016320353,253.49934,254.09955,339.94452,-0.7345194,13.713851,0.19719572
4,44,10,0.0034299996,0.049348824,0.018498303,0.020660691,0.010189833,0.068004236,-0.0009131987,5.4694176,-0.9211405,8.600521,1.3742467,0.13600847,-0.0018263974,0.14373827,-0.024207912,0.100944705,0.016129592,253.56787,254.33578,340.707,-0.45310622,13.713851,0.18577798
4,45,10,0.0034299996,0.048993506,0.020798465,0.018690497,0.009504541,0.072108366,-0.0076903305,5.202105,-0.65225506,8.306284,1.2841345,0.14421673,-0.015380661,0.13671319,-0.017141499,0.097491235,0.015071947,253.57114,254.24884,340.76935,-0.63187945,13.712023,0.21382567
4,46,10,0.0034299996,0.042947732,0.01302158,0.020444822,0.009481331,0.05705607,-0.0012951257,5.4407697,-0.53830355,8.296136,1.2450982,0.11411214,-0.0025902514,0.14298539,-0.0141468095,0.09737213,0.014613774,253.515,254.05255,339.89667,-0.7067947,13.712023,0.20005086
4,47,10,0.0034299996,0.04897563,0.018945007,0.020969244,0.00906138,0.06882043,-0.0028744754,5.5101066,-0.7519941,8.110328,1.2157729,0.13764086,-0.005748951,0.1448076,-0.019762678,0.095191285,0.014269581,253.50525,253.92357,340.07047,-0.4637788,13.712023,0.1971642
4,48,10,0.0034299996,0.05180017,0.019799655,0.022846278,0.009154239,0.070355624,-0.0071117235,5.7514377,-0.5861703,8.151778,1.2503431,0.14071125,-0.014223447,0.15114985,-0.015404768,0.095677786,0.014675329,253.49515,253.8178,339.97397,-0.66417277,13.712023,0.2205002
4,49,10,0.0034299996,0.047101013,0.015870282,0.022696314,0.008534418,0.062988654,-0.0038877563,5.73253,-0.15967058,7.8709693,1.0965275,0.12597731,-0.0077755125,0.15065296,-0.004196204,0.09238192,0.012869999,253.47069,253.7984,339.22116,-0.93685687,13.710445,0.24405032
4,50,10,0.0034299996,0.044358116,0.015493067,0.020599525,0.008265522,0.062235575,-0.006017985,5.4613156,-0.4992526,7.7459803,1.1155933,0.12447115,-0.01203597,0.14352535,-0.013120536,0.09091492,0.013093765,253.50471,253.93011,339.74026,-0.61634076,13.710445,0.22630532
4,51,10,0.0034299996,0.046929598,0.019522293,0.01934518,0.008062125,0.0698611,-0.009258763,5.2924294,-0.43337166,7.65008,1.1213238,0.1397222,-0.018517526,0.13908695,-0.011389161,0.08978934,0.013161031,253.5058,253.94894,339.9286,-0.68795216,13.710445,0.24495822
4,52,10,0.0034299996,0.043272518,0.014780042,0.020081919,0.00841056,0.060786597,-0.004471696,5.3922653,-0.21347015,7.8136454,1.0585992,0.121573195,-0.008943392,0.14171068,-0.005610071,0.09170911,0.012424824,253.44827,253.79436,339.298,-0.8451291,13.710445,0.23657899
4,53,10,0.0034299996,0.040013082,0.015797162,0.015895134,0.008320785,0.06284338,-0.0063133608,4.797343,-0.32610238,7.771832,1.0183396,0.12568676,-0.0126267215,0.12607591,-0.008570088,0.09121834,0.011952301,253.43004,253.59494,339.58215,-0.69223726,13.709093,0.23590064
4,54,10,0.0034299996,0.045094498,0.02091357,0.016002404,0.008178526,0.072307624,-0.010246166,4.8135033,-0.13125369,7.705107,1.1755786,0.14461525,-0.020492332,0.1265006,-0.0034493955,0.0904352,0.013797821,253.41919,253.49799,339.55103,-1.0443249,13.709093,0.2653719
4,55,10,0.0034299996,0.040037066,0.014913251,0.016960837,0.008162977,0.06105991,-0.004804397,4.955555,0.030020954,7.6977797,1.0321417,0.12211982,-0.009608794,0.13023378,0.0007889608,0.0903492,0.012114291,253.37311,253.35364,338.80707,-1.0621626,13.709093,0.24389495
4,56,10,0.0034299996,0.041177515,0.015659638,0.017364107,0.008153771,0.06256924,-0.006078742,5.0141225,-0.14569175,7.6934385,1.0758206,0.12513848,-0.012157484,0.13177294,-0.0038288326,0.090298235,0.0126269525,253.40738,253.51299,339.35953,-0.9301288,13.709093,0.24827877
4,57,10,0.0034299996,0.04572734,0.021626506,0.016422015,0.0076788166,0.073529765,-0.010366936,4.876204,0.03431274,7.4660068,1.1075916,0.14705953,-0.020733872,0.1281484,0.0009017509,0.08762886,0.012999855,253.42792,253.65424,339.58878,-1.1419044,13.707905,0.2609124
4,58,10,0.0034299996,0.03735198,0.0135158105,0.016358709,0.0074774604,0.05812876,-0.005071026,4.8667965,0.17421757,7.367468,0.8737944,0.11625752,-0.010142052,0.12790117,0.0045785024,0.08647231,0.010255765,253.3808,253.51529,338.9925,-1.0480119,13.707905,0.2479285
4,59,10,0.0034299996,0.037657037,0.014873276,0.015184521,0.0075992397,0.06097802,-0.007238622,4.6888814,-0.13087948,7.42722,0.8997311,0.12195604,-0.014477244,0.12322549,-0.003439559,0.08717362,0.010560187,253.38176,253.42491,339.37875,-0.76885164,13.707905,0.21663864
4,60,10,0.0034299996,0.044598363,0.021855386,0.015317981,0.0074249934,0.073917836,-0.010725795,4.709442,-0.042878605,7.341575,0.8724103,0.14783567,-0.02145159,0.12376583,-0.0011268662,0.0861684,0.010239519,253.38916,253.42996,339.32678,-0.82953167,13.707905,0.25558326
4,61,10,0.0034299996,0.038134098,0.014933714,0.015843723,0.007356661,0.061101787,-0.0036562332,4.7895784,0.2609025,7.3077145,0.87495416,0.12220357,-0.0073124664,0.12587185,0.0068566124,0.08577098,0.010269378,253.3693,253.45932,338.884,-1.1358566,13.706877,0.20521115
4,62,10,0.0034299996,0.03502674,0.013595873,0.014074153,0.007356716,0.05830067,-0.0052061942,4.5141897,-0.16392644,7.3077416,0.8720304,0.11660134,-0.0104123885,0.11863454,-0.004308049,0.0857713,0.01023506,253.37515,253.4416,339.34308,-0.70810395,13.706877,0.18617353
4,63,10,0.0034299996,0.039553307,0.018234791,0.014222303,0.0070962114,0.06751813,-0.00900028,4.537887,-0.03986012,7.1771903,0.9749378,0.13503626,-0.01800056,0.1192573,-0.001047539,0.08423901,0.011442892,253.3758,253.43346,339.46188,-0.93507767,13.706877,0.20570295
4,64,10,0.0034299996,0.04035378,0.015343004,0.017257195,0.0077535817,0.06193344,-0.0037983982,4.998661,0.21684608,7.502266,0.8431105,0.12386688,-0.0075967964,0.13136664,0.0056987954,0.088054426,0.009895629,253.31828,253.2511,338.67038,-1.0599566,13.706877,0.21616696
4,65,10,0.0034299996,0.03730303,0.01533064,0.013953478,0.008018914,0.06190848,-0.0026988727,4.4947953,0.27909663,7.629551,0.8845968,0.12381696,-0.0053977454,0.11812484,0.007334761,0.08954839,0.01038255,253.29788,253.01346,338.7485,-1.1636934,13.705927,0.17639557
4,66,10,0.0034299996,0.037204966,0.016227832,0.01370092,0.0072762156,0.06369425,-0.0061580813,4.4539313,0.5624506,7.2676497,1.1181949,0.1273885,-0.012316163,0.11705093,0.0147814015,0.085300736,0.013124305,253.31404,253.01866,338.86795,-1.6806455,13.705927,0.18089283
4,67,10,0.0034299996,0.036458116,0.013975941,0.015058387,0.007423789,0.05910994,-0.0012752757,4.669366,0.72773725,7.3409796,1.0894637,0.11821988,-0.0025505514,0.12271262,0.019125197,0.08616141,0.012787082,253.33548,253.20435,338.6031,-1.8172009,13.705927,0.17693423
4,68,10,0.0034299996,0.036593486,0.014144295,0.014720727,0.0077284663,0.059464894,-0.0034022545,4.6167173,0.3761255,7.490104,1.0368932,0.11892979,-0.006804509,0.121329,0.009884714,0.087911695,0.01217006,253.38806,253.44002,339.19894,-1.4130187,13.705927,0.17913243
4,69,10,0.0034299996,0.04243822,0.018296916,0.016642882,0.007498424,0.06763305,-0.004348514,4.908886,0.60912544,7.377789,1.1838735,0.1352661,-0.008697028,0.1290073,0.016008038,0.08659344,0.01389518,253.37386,253.37582,339.18173,-1.792999,13.704999,0.19806607
4,70,10,0.0034299996,0.04003041,0.015264105,0.016796844,0.007969457,0.061773993,0.0003071434,4.93154,0.9149393,7.605987,1.0962518,0.123547986,0.0006142868,0.12960264,0.024044931,0.08927181,0.012866759,253.32465,253.1013,338.26642,-2.0111911,13.704999,0.23295261
4,71,10,0.0034299996,0.03916214,0.015310403,0.015987884,0.007863854,0.061867606,0.00035597663,4.8113194,0.6531214,7.555425,1.196793,0.12373521,0.00071195327,0.1264432,0.017164264,0.088678375,0.014046813,253.33223,253.04707,338.67648,-1.8499143,13.704999,0.23061326
4,72,10,0.0034299996,0.041059118,0.017821051,0.015638549,0.007599519,0.066747755,-0.003833026,4.7584653,0.66342705,7.427356,1.4211047,0.13349551,-0.007666052,0.12505418,0.0174351,0.08717522,0.016679572,253.34895,253.08444,338.87903,-2.0845318,13.704999,0.23270519
4,73,10,0.0034299996,0.039599486,0.014652814,0.017373351,0.007573321,0.060524404,0.0021491589,5.0154567,1.0208553,7.4145436,1.335014,0.12104881,0.0042983177,0.13180801,0.026828444,0.08702483,0.015669117,253.31187,253.0241,338.378,-2.3558693,13.704031,0.2520377
4,74,10,0.0034299996,0.036856823,0.014317869,0.014676631,0.007862324,0.05982865,0.0027883733,4.6097975,0.65950304,7.5546904,1.4214686,0.1196573,0.0055767465,0.12114715,0.01733198,0.08866975,0.01668384,253.24857,252.60776,338.31052,-2.0809717,13.704031,0.23775493
4,75,10,0.0034299996,0.04025718,0.016205968,0.01618129,0.007869922,0.06365133,-0.0010615465,4.8403335,0.7067256,7.5583396,1.6166433,0.12730266,-0.002123093,0.1272057,0.018572997,0.08871258,0.018974612,253.19397,252.32428,338.00406,-2.323369,13.704031,0.2572076
4,76,10,0.0034299996,0.042667188,0.016030788,0.0185771,0.0080593,0.06330638,0.0042667333,5.1863,1.0249972,7.64874,1.2836918,0.12661275,0.008533467,0.13629784,0.026937297,0.0897736,0.01506675,253.14731,252.21457,337.2181,-2.308689,13.704031,0.28538418
4,77,10,0.0034299996,0.041959435,0.015392358,0.018668462,0.007898613,0.06203297,0.004966709,5.199037,0.8449486,7.5721045,1.3968638,0.12406594,0.009933418,0.13663258,0.022205548,0.08887414,0.016395055,253.13629,252.13431,337.3376,-2.2418125,13.702934,0.24546954
4,78,10,0.0034299996,0.043354586,0.01532814,0.02017622,0.007850224,0.061903432,0.0006075349,5.4049115,0.9829898,7.5488753,1.7451386,0.123806864,0.0012150698,0.14204302,0.025833318,0.08860149,0.020482773,253.10219,251.9268,337.3768,-2.7281284,13.702934,0.2287963
4,79,10,0.0034299996,0.04291179,0.014315383,0.0208552,0.0077412073,0.059823453,0.0049060844,5.4951034,1.092459,7.496275,1.5771483,0.11964691,0.009812169,0.14441329,0.02871022,0.08798413,0.018511064,253.05536,251.70483,336.6258,-2.6696072,13.702934,0.24180675
4,80,10,0.0034299996,0.037988096,0.014530028,0.015911637,0.0075464332,0.060270283,0.0047028144,4.799833,0.69866866,7.4013696,1.6151488,0.12054057,0.009405629,0.12614134,0.01836127,0.08687021,0.018957078,253.07004,251.69624,337.1026,-2.3138175,13.702934,0.22240214
4,81,10,0.0034299996,0.03323875,0.011115222,0.015171162,0.0069523645,0.052714378,0.0022920403,4.6868186,1.0247476,7.1040735,1.7999619,0.105428755,0.0045840805,0.12317127,0.026930729,0.08338084,0.021126237,253.08195,251.80724,337.41415,-2.8247094,13.701681,0.18307415
4,82,10,0.0034299996,0.03815772,0.012348233,0.018765572,0.007043915,0.0555613,0.006769474,5.212542,0.98629946,7.150695,1.5591258,0.1111226,0.013538948,0.13698749,0.025920302,0.08392803,0.01829953,253.03212,251.68555,336.6936,-2.5454252,13.701681,0.2062006
4,83,10,0.0034299996,0.036630932,0.012052039,0.0174647,0.0071141943,0.05489089,0.0059176655,5.0286245,0.79478526,7.1862783,1.518821,0.10978178,0.011835331,0.13215408,0.020887243,0.08434568,0.017826473,252.99156,251.4143,336.81656,-2.3136063,13.701681,0.19588159
4,84,10,0.0034299996,0.03638681,0.012384874,0.017025234,0.006976701,0.055643674,0.0035106307,4.964954,0.9363601,7.116497,1.6553617,0.11128735,0.0070212614,0.13048078,0.024607886,0.08352665,0.019429052,252.8995,250.97694,336.49014,-2.5917218,13.701681,0.17835447
4,85,10,0.0034299996,0.03622547,0.012203342,0.017666945,0.006355184,0.05523437,0.0075068185,5.0576577,1.0359352,6.792119,1.4603167,0.11046874,0.015013637,0.13291706,0.02722475,0.07971941,0.017139804,252.76865,250.54128,335.18726,-2.4962518,13.700275,0.17810456
4,86,10,0.0034299996,0.036356516,0.012719738,0.01673737,0.006899411,0.056390908,0.0056705,4.922801,0.6514392,7.076968,1.4738047,0.112781815,0.011341,0.12937298,0.017120054,0.08306269,0.017298112,252.69907,250.18419,335.04507,-2.125244,13.700275,0.17672484
4,87,10,0.0034299996,0.038189474,0.013010561,0.018200386,0.006978526,0.057031922,0.004407018,5.133446,0.63526857,7.117428,1.6055983,0.114063844,0.008814036,0.13490881,0.016695088,0.08353757,0.018844983,252.70384,250.1816,335.0613,-2.240867,13.700275,0.17216638
4,88,10,0.0034299996,0.041455965,0.012729341,0.021589508,0.0071371174,0.05641219,0.008964922,5.591007,0.7719338,7.1978474,1.4145172,0.11282438,0.017929845,0.14693369,0.020286702,0.08448146,0.01660225,252.73149,250.37619,334.8249,-2.186451,13.700275,0.18923627
4,89,10,0.0034299996,0.0404232,0.014197642,0.019014185,0.007211374,0.05957693,0.0094223535,5.2469573,0.6296917,7.2351947,1.3930237,0.11915386,0.018844707,0.13789193,0.016548522,0.08491981,0.01634998,252.73999,250.32988,335.25055,-2.0227156,13.69871,0.16647108
4,90,10,0.0034299996,0.040778726,0.014825681,0.018670924,0.0072821234,0.060880378,0.0060302187,5.1993804,0.83413225,7.2705994,1.606794,0.121760756,0.012060437,0.13664159,0.021921298,0.08533536,0.018859014,252.71497,250.2049,335.29205,-2.4409263,13.69871,0.1540706
4,91,10,0.0034299996,0.04326492,0.015399545,0.020216491,0.007648885,0.06204745,0.010071601,5.410302,1.0255923,7.4514403,1.3626897,0.1240949,0.020143202,0.1421847,0.02695294,0.0874579,0.015993955,252.69395,250.1883,334.52686,-2.388282,13.69871,0.17874187
4,92,10,0.0034299996,0.044370096,0.0173791,0.018752042,0.008238954,0.06591491,0.0100513995,5.210662,0.6959149,7.73352,1.3278589,0.13182981,0.020102799,0.1369381,0.018288895,0.09076868,0.015585143,252.71556,250.22035,334.79678,-2.023774,13.69871,0.17567179
4,93,10,0.0034299996,0.040966447,0.015318897,0.018028576,0.007618975,0.061884765,0.0077413074,5.1091585,0.73244846,7.436858,1.4426674,0.12376953,0.015482615,0.13427053,0.019249009,0.08728674,0.016932653,252.74521,250.35379,335.02264,-2.1751158,13.696991,0.1607279
4,94,10,0.0034299996,0.045951866,0.0161296,0.022111366,0.0077109016,0.06350118,0.011545098,5.658176,0.6893736,7.4815884,1.2607466,0.12700236,0.023090197,0.14869891,0.01811699,0.08781174,0.014797444,252.74428,250.4718,334.62985,-1.9501202,13.696991,0.1776981
4,95,10,0.0034299996,0.046246953,0.016074076,0.022000132,0.008172745,0.06339179,0.0109429965,5.643926,0.3868027,7.7023845,1.2837124,0.12678358,0.021885993,0.14832442,0.010165316,0.09040324,0.015066997,252.71184,250.2648,334.81076,-1.6705151,13.696991,0.17620566
4,96,10,0.0034299996,0.048312906,0.016233064,0.023589997,0.0084898425,0.06370452,0.008878067,5.8443017,0.46081126,7.8503866,1.5119994,0.12740904,0.017756134,0.15359035,0.012110287,0.09214034,0.017746408,252.68028,250.10844,334.73602,-1.9728106,13.696991,0.16708146
4,97,10,0.0034299996,0.050249223,0.017201798,0.02513614,0.007911283,0.06557781,0.012177729,6.0327864,0.23147444,7.578176,1.016975,0.13115562,0.024355458,0.15854381,0.006083231,0.08894539,0.0119362855,252.62689,249.90363,334.02774,-1.2484494,13.695109,0.19764006
4,98,10,0.0034299996,0.046606075,0.017450422,0.021222245,0.007933408,0.06605002,0.010806369,5.543248,0.06532347,7.588765,0.9781554,0.13210005,0.021612737,0.14567856,0.0017167252,0.08906968,0.011480651,252.61636,249.7551,334.33917,-1.0434788,13.695109,0.19779734
4,99,10,0.0034299996,0.042124763,0.014934406,0.019244183,0.007946173,0.061103202,0.009341621,5.278596,0.27795088,7.594868,1.146066,0.122206405,0.018683242,0.1387234,0.0073046493,0.08914131,0.013451429,252.60614,249.70482,334.2185,-1.4240168,13.695109,0.20156798
4,100,10,0.0034299996,0.045914706,0.016803445,0.021310156,0.0078011043,0.06481405,0.012904415,5.5547175,0.34232083,7.5252204,0.9265684,0.1296281,0.02580883,0.14597999,0.008996319,0.08832386,0.010875175,252.57864,249.6804,333.70425,-1.2688892,13.695109,0.2139684
5,1,10,0.0024009997,0.060738243,0.02223006,0.028094737,0.010413446,0.07454874,0.01533281,6.3779507,0.30602947,8.694378,0.7938528,0.14909749,0.03066562,0.16761485,0.008042565,0.102046296,0.009317492,251.79225,247.13428,331.02225,-1.0998822,13.693104,0.32168764
5,2,10,0.0024009997,0.054377824,0.019339388,0.02453765,0.010500786,0.069533065,0.015431686,5.9605336,0.28823245,8.730761,0.76600677,0.13906613,0.030863373,0.15664499,0.0075748507,0.10247334,0.008990657,251.75908,246.9427,331.31897,-1.0542393,13.693104,0.26900548
5,3,10,0.0024009997,0.05537019,0.018078398,0.026552405,0.010739388,0.06722797,0.013096541,6.2004123,0.44464588,8.829395,0.9362813,0.13445593,0.026193082,0.16294909,0.011685453,0.10363102,0.01098917,251.74258,246.90105,331.53378,-1.3809272,13.693104,0.2612472
5,4,10,0.0024009997,0.06373509,0.023405602,0.029830402,0.010499089,0.07649445,0.017629998,6.57201,0.57097703,8.730056,0.82602084,0.1529889,0.035259996,0.1727148,0.015005482,0.10246506,0.009695042,251.70493,246.84943,330.79245,-1.3969979,13.693104,0.27684548
5,5,10,0.0024009997,0.05272616,0.020516738,0.022511385,0.009698038,0.071618326,0.014397424,5.709128,0.35652998,8.390409,0.6871811,0.14323665,0.028794847,0.15003794,0.009369736,0.098478615,0.008065482,251.69133,246.74696,330.9156,-1.0437111,13.691657,0.23115289
5,6,10,0.0024009997,0.05186767,0.015989516,0.025583865,0.0102942865,0.06322483,0.012823293,6.086277,0.5380317,8.644488,0.7790429,0.12644966,0.025646586,0.15994957,0.014139664,0.10146076,0.009143665,251.64192,246.54305,330.90588,-1.3170745,13.691657,0.22575483
5,7,10,0.0024009997,0.057568513,0.020523624,0.026720589,0.0103242975,0.071630344,0.015653437,6.220019,0.76479214,8.657081,0.39010912,0.14326069,0.031306874,0.16346434,0.020099014,0.10160855,0.00457873,251.56093,246.29317,330.0168,-1.1549013,13.691657,0.2452776
5,8,10,0.0024009997,0.055437647,0.01979594,0.025477955,0.010163752,0.07034902,0.01588751,6.0736666,0.4631622,8.589507,0.3918352,0.14069805,0.03177502,0.15961815,0.012172073,0.10081544,0.004598986,251.5047,246.07664,330.0294,-0.8549974,13.691657,0.23532511
5,9,10,0.0024009997,0.05639741,0.018995492,0.027170436,0.010231482,0.06891207,0.0109228315,6.2721577,0.25846192,8.618079,0.24116963,0.13782413,0.021845663,0.16483457,0.0067924694,0.10115079,0.0028306125,251.48561,245.92314,329.93835,-0.49963155,13.690259,0.24700713
5,10,10,0.0024009997,0.060495827,0.02212203,0.028250432,0.010123368,0.07436738,0.0150419315,6.3955984,0.26292196,8.572425,0.16564356,0.14873476,0.030083863,0.16807865,0.0069096833,0.10061495,0.0019441651,251.5191,246.13977,329.3698,-0.4285655,13.690259,0.25797787
5,11,10,0.0024009997,0.060363878,0.024776941,0.025429372,0.010157566,0.07870346,0.013706716,6.067873,-0.15866166,8.586892,0.18402238,0.15740693,0.027413432,0.1594659,-0.0041696834,0.10078475,0.00215987,251.59927,246.48956,330.06854,-0.025360718,13.690259,0.24176611
5,12,10,0.0024009997,0.055574793,0.017989613,0.027412731,0.010172449,0.06706268,0.010435214,6.300062,-0.113407485,8.593182,0.3098832,0.13412537,0.020870429,0.1655679,-0.0029803936,0.10085856,0.0036371187,251.63538,246.55057,330.52826,-0.19647571,13.690259,0.23168775
5,13,10,0.0024009997,0.059283555,0.018743517,0.030843124,0.009696918,0.06845348,0.011735081,6.682636,-0.33088893,8.389925,0.0016860191,0.13690697,0.023470161,0.1756221,-0.008695879,0.09847293,1.9793559e-5,251.63364,246.48242,330.2674,0.32920292,13.688898,0.20845786
5,14,10,0.0024009997,0.05173538,0.016655134,0.025073223,0.010007025,0.064527385,0.011013945,6.025232,-0.42059502,8.523024,-0.018996269,0.12905477,0.02202789,0.15834527,-0.011053388,0.100035116,-0.00022295509,251.67021,246.6368,331.0481,0.4395913,13.688898,0.17441039
5,15,10,0.0024009997,0.04744981,0.013065447,0.024327053,0.010057309,0.057152092,0.010346776,5.9349,-0.23162965,8.54441,0.124896735,0.114304185,0.020693552,0.15597132,-0.0060873115,0.10028613,0.0014659214,251.64084,246.54851,331.04697,0.10673292,13.688898,0.17240901
5,16,10,0.0024009997,0.052245967,0.01548038,0.027109925,0.009655662,0.062210087,0.013524405,6.265169,-0.33947423,8.372058,0.0532635,0.12442017,0.02704881,0.16465092,-0.008921508,0.09826323,0.0006251588,251.5402,246.12802,330.41318,0.28621072,13.688898,0.20115006
5,17,10,0.0024009997,0.04738682,0.014391114,0.0236893,0.009306408,0.059981484,0.009550785,5.8565893,-0.62435067,8.219253,-0.25991836,0.11996297,0.01910157,0.15391329,-0.01640816,0.09646973,-0.0030506765,251.46638,245.72972,330.4116,0.884269,13.6876,0.19046941
5,18,10,0.0024009997,0.047941443,0.014121043,0.02396,0.009860401,0.059415996,0.0066954787,5.889956,-0.6066577,8.460353,-0.30363464,0.11883199,0.013390957,0.15479018,-0.015943184,0.09929955,-0.0035637713,251.41164,245.57848,330.36392,0.9102923,13.6876,0.19114724
5,19,10,0.0024009997,0.05485605,0.017471546,0.026854483,0.010530021,0.06608999,0.010482114,6.235584,-0.60745573,8.742908,-0.6095749,0.13217998,0.020964228,0.16387337,-0.015964156,0.10261589,-0.007154615,251.37953,245.61047,329.77557,1.2170306,13.6876,0.20266153
5,20,10,0.0024009997,0.05052719,0.015544377,0.024528544,0.010454267,0.062338546,0.00874688,5.959429,-0.7308684,8.711401,-0.5566143,0.12467709,0.01749376,0.15661591,-0.019207487,0.10224611,-0.0065330025,251.40599,245.63582,330.33408,1.2874827,13.6876,0.20125654
5,21,10,0.0024009997,0.044572737,0.014534573,0.021187535,0.008850631,0.06027971,0.006504141,5.5387135,-0.80163383,8.015458,-0.5787585,0.12055942,0.013008282,0.14555939,-0.02106723,0.094077796,-0.006792916,251.43452,245.72723,330.59042,1.3803923,13.686374,0.20161955
5,22,10,0.0024009997,0.048143677,0.014707512,0.024101308,0.0093348585,0.060637265,0.009842829,5.907299,-0.66617507,8.231805,-0.92097545,0.12127453,0.019685658,0.15524596,-0.017507324,0.09661707,-0.010809525,251.40483,245.75423,329.7567,1.5871506,13.686374,0.21793817
5,23,10,0.0024009997,0.048464485,0.014775478,0.024200931,0.009488074,0.060777213,0.007394863,5.919496,-0.93693805,8.299087,-0.8041411,0.12155443,0.014789726,0.15556648,-0.024623068,0.097406745,-0.0094382325,251.36014,245.60951,329.97037,1.7410791,13.686374,0.22136392
5,24,10,0.0024009997,0.048918154,0.0134503115,0.026229281,0.009238561,0.05798774,0.0045973756,6.1625705,-0.7005753,8.189236,-0.64232796,0.11597548,0.009194751,0.16195457,-0.018411366,0.09611743,-0.007539036,251.33353,245.47044,330.20444,1.3429033,13.686374,0.25596416
5,25,10,0.0024009997,0.050660387,0.013901771,0.027424224,0.009334391,0.058952887,0.007668889,6.3013825,-0.79478997,8.231599,-1.1322812,0.11790577,0.015337778,0.16560261,-0.020887367,0.09661465,-0.01328964,251.32765,245.54231,329.63205,1.9270711,13.685191,0.26681092
5,26,10,0.0024009997,0.049371626,0.013723454,0.025606504,0.010041668,0.058573574,0.0060831285,6.0889697,-0.9806558,8.537764,-1.1423261,0.11714715,0.012166257,0.16002032,-0.025771985,0.100208126,-0.013407534,251.38861,245.82307,330.25168,2.122982,13.685191,0.25975996
5,27,10,0.0024009997,0.04971966,0.015736958,0.024536993,0.009445714,0.06272352,0.003993305,5.960454,-0.866369,8.2805395,-1.0543619,0.12544703,0.00798661,0.15664288,-0.022768492,0.09718906,-0.01237509,251.45064,246.14117,330.5724,1.920731,13.685191,0.27986008
5,28,10,0.0024009997,0.055355437,0.017215122,0.028411629,0.009728686,0.065603204,0.0065121213,6.4138193,-0.69133097,8.403657,-1.2461568,0.13120641,0.013024243,0.1685575,-0.018168435,0.0986341,-0.014626202,251.47968,246.25107,330.00522,1.9374878,13.685191,0.30745032
5,29,10,0.0024009997,0.050021887,0.017685365,0.023021758,0.009314765,0.06649317,0.0032512348,5.7734833,-0.6523706,8.22294,-1.3315725,0.13298634,0.0065024695,0.15172923,-0.01714453,0.09651303,-0.015628733,251.53441,246.37129,331.08508,1.9839431,13.684,0.2782846
5,30,10,0.0024009997,0.047650687,0.014613907,0.023843927,0.009192855,0.060443997,0.0013040078,5.875672,-0.62501705,8.168952,-1.2463055,0.120887995,0.0026080157,0.15441479,-0.016425677,0.095879376,-0.014627939,251.54999,246.454,331.44815,1.8713225,13.684,0.2921646
5,31,10,0.0024009997,0.049508244,0.015428975,0.02561235,0.008466918,0.062106714,0.0059737475,6.089665,-0.82639813,7.839781,-1.3733777,0.12421343,0.011947495,0.16003859,-0.021718044,0.092015855,-0.016119393,251.49928,246.3619,330.7008,2.1997757,13.684,0.28768465
5,32,10,0.0024009997,0.048333205,0.015093408,0.024780126,0.008459674,0.061427616,0.005055577,5.989911,-0.9013396,7.8364267,-1.3230344,0.12285523,0.010111154,0.15741704,-0.023687527,0.091976486,-0.01552852,251.4845,246.22778,330.94586,2.224374,13.684,0.30863804
5,33,10,0.0024009997,0.044936083,0.014851586,0.022725826,0.0073586702,0.06093354,0.0007078115,5.7362556,-0.6753585,7.3087125,-1.2950306,0.12186708,0.001415623,0.15075088,-0.017748678,0.08578269,-0.015199837,251.44579,246.07808,330.7138,1.9703891,13.682749,0.28240612
5,34,10,0.0024009997,0.04751243,0.014502229,0.02581819,0.0071920115,0.0602126,0.005354454,6.1140866,-0.70540017,7.2254753,-1.2796509,0.1204252,0.010708908,0.1606804,-0.01853817,0.08480573,-0.015019326,251.41235,245.98062,330.00757,1.9850512,13.682749,0.29799828
5,35,10,0.0024009997,0.0462022,0.014443618,0.024457915,0.007300666,0.060090803,0.0024638916,5.9508424,-0.69432414,7.2798505,-1.1062089,0.120181605,0.0049277833,0.15639026,-0.018247088,0.08544394,-0.012983628,251.47116,246.07416,330.7594,1.800533,13.682749,0.29562554
5,36,10,0.0024009997,0.048367377,0.015642514,0.02529168,0.007433185,0.06253502,-0.0010073174,6.0514226,-0.43795422,7.345623,-1.0201044,0.12507004,-0.002014635,0.15903358,-0.01150959,0.08621592,-0.011973008,251.56937,246.53003,331.1655,1.4580586,13.682749,0.28902653
5,37,10,0.0024009997,0.046372447,0.014736925,0.024210965,0.0074245543,0.06069787,0.0037806432,5.9207225,-0.31167448,7.341358,-1.2201782,0.12139574,0.0075612864,0.15559873,-0.008190924,0.08616585,-0.014321291,251.64398,246.86517,331.07275,1.5318527,13.68142,0.22100237
5,38,10,0.0024009997,0.046932288,0.015774079,0.023499127,0.0076590795,0.06279745,0.0023017894,5.833034,-0.5330542,7.456405,-1.2504395,0.1255949,0.0046035787,0.15329425,-0.014008862,0.087516166,-0.014676471,251.72675,247.04567,331.83716,1.7834938,13.68142,0.22374544
5,39,10,0.0024009997,0.05083492,0.017242024,0.025799159,0.007793737,0.06565444,-0.0012530128,6.1118326,-0.39448774,7.5216665,-1.1950423,0.13130888,-0.0025060256,0.16062117,-0.01036728,0.088282146,-0.014026264,251.79376,247.30688,332.45044,1.58953,13.68142,0.23260048
5,40,10,0.0024009997,0.04451281,0.013062531,0.024149157,0.007301121,0.057145715,0.0037869324,5.913161,-0.45409155,7.2800775,-1.4558185,0.11429143,0.007573865,0.1554,-0.011933689,0.085446596,-0.017087007,251.73438,247.15182,331.89792,1.9099101,13.68142,0.23132104
5,41,10,0.0024009997,0.037970725,0.0133145675,0.017639928,0.007016232,0.057694383,0.0016139972,5.0537887,-0.72071004,7.13663,-1.4536343,0.115388766,0.0032279943,0.13281539,-0.018940516,0.08376295,-0.017061373,251.65132,246.76825,331.99323,2.1743443,13.680011,0.20317452
5,42,10,0.0024009997,0.04075033,0.015606899,0.01823769,0.0069057397,0.062463786,-0.001177511,5.138704,-0.4949179,7.080213,-1.3154633,0.12492757,-0.002355022,0.13504699,-0.013006617,0.08310078,-0.015439651,251.57446,246.36827,331.91312,1.8103812,13.680011,0.20753522
5,43,10,0.0024009997,0.03945907,0.013231079,0.019344462,0.006883529,0.057513215,0.003355081,5.292331,-0.52873063,7.068818,-1.358371,0.11502643,0.006710162,0.13908437,-0.013895231,0.082967035,-0.015943263,251.5279,246.24542,331.044,1.8871017,13.680011,0.22568758
5,44,10,0.0024009997,0.04015265,0.013940712,0.01913003,0.0070819072,0.059035398,0.0014871979,5.262917,-0.73180914,7.169953,-1.4625506,0.118070796,0.0029743959,0.13831136,-0.019232206,0.08415407,-0.01716603,251.53584,246.28555,331.40582,2.1943598,13.680011,0.21785262
5,45,10,0.0024009997,0.040749196,0.016842244,0.017547246,0.0063597076,0.064888835,-0.0020935542,5.040495,-0.4813497,6.7945356,-1.3915638,0.12977767,-0.0041871085,0.13246602,-0.012650043,0.07974777,-0.01633285,251.54352,246.4345,331.51242,1.8729135,13.6785555,0.16471231
5,46,10,0.0024009997,0.03803743,0.013462849,0.019212155,0.0053624255,0.058014758,0.002094545,5.274202,-0.4104617,6.239098,-1.3359282,0.116029516,0.00418909,0.13860792,-0.010787083,0.07322858,-0.015679851,251.5222,246.38126,330.86008,1.7463899,13.6785555,0.16669942
5,47,10,0.0024009997,0.038885448,0.013976455,0.01956416,0.0053448356,0.05911103,0.0010047411,5.322299,-0.5747142,6.228857,-1.0854204,0.11822206,0.0020094821,0.13987194,-0.015103692,0.07310838,-0.012739627,251.58131,246.50244,331.64853,1.6601346,13.6785555,0.18544714
5,48,10,0.0024009997,0.048090827,0.021713791,0.020372014,0.0060050213,0.073678,-0.0036609431,5.431073,-0.20939724,6.6023493,-1.0734342,0.147356,-0.0073218863,0.14273056,-0.0055030333,0.07749207,-0.012598947,251.70995,247.04236,332.5225,1.2828314,13.6785555,0.17897286
5,49,10,0.0024009997,0.040850066,0.013066555,0.021532035,0.006251477,0.057154518,0.00012384882,5.58356,-0.14135283,6.7364726,-1.2471136,0.114309035,0.00024769764,0.14673798,-0.0037148048,0.079066284,-0.014637426,251.81282,247.53104,332.37186,1.3884664,13.677052,0.13920368
5,50,10,0.0024009997,0.039922465,0.012555304,0.021628084,0.0057390784,0.056025226,0.000589611,5.5959992,-0.4674914,6.4544954,-1.0797261,0.11205045,0.001179222,0.1470649,-0.012285842,0.07575671,-0.012672793,251.93916,247.92091,333.15952,1.5472175,13.677052,0.17833793
5,51,10,0.0024009997,0.043153338,0.016786696,0.021124044,0.005242598,0.06478174,-0.0023194195,5.5304084,-0.34935576,6.168996,-0.9963682,0.12956348,-0.004638839,0.14534113,-0.009181194,0.072405785,-0.011694419,252.03703,248.21664,333.78412,1.345724,13.677052,0.19125468
5,52,10,0.0024009997,0.03681074,0.011756939,0.019887678,0.005166126,0.05421471,0.000847122,5.366124,-0.46371096,6.123838,-1.2395035,0.10842942,0.001694244,0.14102368,-0.012186494,0.071875766,-0.014548107,252.05531,248.42133,333.40594,1.7032144,13.677052,0.16363984
5,53,10,0.0024009997,0.037523855,0.014146558,0.018143801,0.0052334964,0.05946965,-0.00092234893,5.125459,-0.24369255,6.1636386,-1.2972043,0.1189393,-0.0018446979,0.13469893,-0.0064043286,0.07234291,-0.015225348,252.10768,248.68785,334.15237,1.5408968,13.675518,0.20560937
5,54,10,0.0024009997,0.039809823,0.016326187,0.0182162,0.005267434,0.063886985,-0.0040801624,5.135675,0.04372121,6.183591,-1.2028768,0.12777397,-0.008160325,0.1349674,0.0011490126,0.07257709,-0.014118219,252.13632,248.85602,334.72943,1.1591556,13.675518,0.2163502
5,55,10,0.0024009997,0.035871252,0.0129365055,0.018085243,0.004849503,0.05686938,0.00038345467,5.1171813,-0.008676086,5.9332113,-1.2635382,0.11373876,0.00076690933,0.13448139,-0.00022801365,0.06963837,-0.0148302065,252.10643,248.86559,334.0152,1.2722143,13.675518,0.19319782
5,56,10,0.0024009997,0.03360526,0.012825456,0.016063275,0.0047165253,0.056624766,-0.0009659686,4.8226495,-0.2329443,5.8512993,-1.2759736,0.11324953,-0.0019319372,0.12674098,-0.006121859,0.06867696,-0.014976161,252.11577,248.83682,334.48358,1.5089178,13.675518,0.19907771
5,57,10,0.0024009997,0.03675402,0.017117154,0.014902136,0.00473473,0.06541627,-0.005537654,4.645077,0.25653362,5.862581,-1.1505911,0.13083254,-0.011075308,0.122074306,0.0067417966,0.068809375,-0.01350454,252.13434,248.82805,334.92322,0.8940575,13.67393,0.21453413
5,58,10,0.0024009997,0.032857474,0.011245771,0.016823977,0.0047877235,0.05302304,-0.0016259715,4.9355216,0.15194586,5.8952975,-1.2552378,0.10604608,-0.003251943,0.12970728,0.003993192,0.06919338,-0.014732783,252.1403,248.89175,334.31232,1.103292,13.67393,0.17569716
5,59,10,0.0024009997,0.032939028,0.012010798,0.016296392,0.0046318364,0.054796893,-0.002947303,4.857518,-0.018888608,5.7985287,-1.254159,0.10959379,-0.005894606,0.12765732,-0.00049639895,0.0680576,-0.014720122,252.23967,249.26132,335.09613,1.2730476,13.67393,0.17520042
5,60,10,0.0024009997,0.037144314,0.015709354,0.0168592,0.004575762,0.06266848,-0.0063776514,4.940685,0.26616287,5.7633224,-1.2100433,0.12533696,-0.012755303,0.12984298,0.0069948565,0.06764438,-0.014202335,252.30591,249.58235,335.6975,0.94388044,13.67393,0.2045946
5,61,10,0.0024009997,0.03604793,0.011595418,0.019762913,0.0046896003,0.05384101,-0.003577242,5.3492656,0.23834814,5.8345737,-1.3183831,0.10768202,-0.007154484,0.14058062,0.006263877,0.068480656,-0.015473922,252.29248,249.62401,334.9834,1.080035,13.672279,0.18881112
5,62,10,0.0024009997,0.035016116,0.012807109,0.01774051,0.004468498,0.05658425,-0.0035662237,5.0681763,-0.06784981,5.6953707,-1.0580125,0.1131685,-0.0071324473,0.13319351,-0.0017831163,0.066846825,-0.01241794,252.32825,249.59622,335.64584,1.1258622,13.672279,0.17787395
5,63,10,0.0024009997,0.03829996,0.016673824,0.016921563,0.0047045737,0.06456358,-0.008009455,4.9498143,0.4613204,5.8438816,-1.1105393,0.12912716,-0.01601891,0.1300829,0.012123664,0.068589896,-0.01303445,252.37305,249.76389,335.90613,0.6492189,13.672279,0.21895587
5,64,10,0.0024009997,0.036339823,0.012871585,0.018764818,0.00470342,0.056726504,-0.0034867371,5.2124376,0.2209901,5.843164,-1.151153,0.11345301,-0.0069734743,0.13698474,0.0058077006,0.068581484,-0.013511137,252.39287,249.93225,335.53397,0.93016285,13.672279,0.20884919
5,65,10,0.0024009997,0.038561452,0.014517335,0.019683331,0.004360785,0.060243953,-0.003670938,5.338484,-0.20070654,5.6263084,-1.0077217,0.120487906,-0.007341876,0.1402973,-0.0052746404,0.06603624,-0.011827675,252.45064,250.18486,336.0606,1.2084281,13.670504,0.21842398
5,66,10,0.0024009997,0.040597778,0.017533313,0.018652588,0.004411876,0.06620671,-0.0080389,5.1968265,0.23128518,5.659172,-0.7590229,0.13241342,-0.0160778,0.13657448,0.006078259,0.066421956,-0.008908686,252.48804,250.26071,336.42157,0.52773774,13.670504,0.22731537
5,67,10,0.0024009997,0.041212466,0.013742162,0.022922492,0.0045478125,0.058613483,-0.0040856367,5.761023,0.2488053,5.745694,-0.83432734,0.117226966,-0.008171273,0.15140176,0.006538694,0.06743747,-0.009792539,252.49129,250.34268,335.83557,0.58552206,13.670504,0.21334532
5,68,10,0.0024009997,0.040795203,0.014355284,0.021670807,0.0047691124,0.05990677,-0.0046119397,5.601524,0.21562962,5.8838286,-0.9020775,0.11981354,-0.009223879,0.14721008,0.0056668236,0.06905876,-0.010587725,252.58113,250.6994,336.5503,0.68644786,13.670504,0.20207307
5,69,10,0.0024009997,0.037623137,0.016292056,0.016836207,0.0044948766,0.06382017,-0.0073944326,4.937314,0.4322687,5.7121572,-0.7135191,0.12764034,-0.014788865,0.12975441,0.011360181,0.06704384,-0.008374606,252.65146,250.94954,337.23257,0.2812504,13.66858,0.2033308
5,70,10,0.0024009997,0.03332145,0.012241959,0.01706655,0.0040129432,0.055321693,-0.0046292488,4.9709744,0.3558709,5.3972516,-0.87065417,0.11064339,-0.0092584975,0.130639,0.009352417,0.063347794,-0.010218907,252.65106,250.94832,336.65405,0.51478326,13.66858,0.20884208
5,71,10,0.0024009997,0.036006674,0.01362126,0.018457213,0.0039282013,0.058355078,-0.005386354,5.169538,0.11397557,5.339961,-0.92341036,0.116710156,-0.010772708,0.13585733,0.0029953192,0.062675364,-0.010838109,252.6604,250.83507,337.182,0.8094348,13.66858,0.20244369
5,72,10,0.0024009997,0.04087967,0.018219993,0.018558417,0.0041012606,0.06749073,-0.009108569,5.183691,0.4155806,5.4563203,-0.70640624,0.13498145,-0.018217137,0.13622928,0.010921606,0.064041086,-0.008291121,252.67233,250.81136,337.38843,0.29082564,13.66858,0.23281664
5,73,10,0.0024009997,0.036318853,0.01224703,0.01915376,0.00491806,0.05533315,-0.0027642325,5.26618,0.17977858,5.9750023,-0.69221276,0.1106663,-0.005528465,0.13839711,0.004724646,0.07012888,-0.008124531,252.66245,250.8316,336.57812,0.5124342,13.666546,0.16847934
5,74,10,0.0024009997,0.03679894,0.01345429,0.018657997,0.0046866536,0.057996314,-0.005871154,5.1975803,0.06656973,5.832741,-0.90401167,0.11599263,-0.011742308,0.13659428,0.0017494767,0.06845914,-0.010610424,252.70407,251.01859,337.08865,0.8374419,13.666546,0.18648611
5,75,10,0.0024009997,0.041357297,0.020684129,0.016453836,0.0042193355,0.07190989,-0.010630547,4.8809266,0.3569974,5.5343065,-0.80451316,0.14381978,-0.021261094,0.1282725,0.009382023,0.06495641,-0.009442606,252.74905,251.20721,337.64346,0.44751576,13.666546,0.22823116
5,76,10,0.0024009997,0.032275975,0.012466905,0.015750855,0.004058214,0.055827647,-0.005973124,4.775521,0.22852018,5.42761,-0.7970662,0.111655295,-0.011946248,0.12550241,0.0060055926,0.06370411,-0.0093552,252.76898,251.35756,337.11365,0.56854606,13.666546,0.2296724
5,77,10,0.0024009997,0.03316598,0.013931286,0.015523064,0.0037116294,0.059015434,-0.005620359,4.740863,-0.2466151,5.190671,-0.7518002,0.11803087,-0.011240718,0.12459159,-0.0064811343,0.060923144,-0.008823912,252.84225,251.60283,337.7079,0.9984153,13.664389,0.1986596
5,78,10,0.0024009997,0.040391397,0.021407628,0.015327275,0.0036564937,0.07315673,-0.009921807,4.7108703,0.06679842,5.1519737,-0.8495117,0.14631346,-0.019843614,0.12380337,0.0017554868,0.06046895,-0.009970756,252.85239,251.60815,338.02274,0.7827133,13.664389,0.21697973
5,79,10,0.0024009997,0.02975516,0.012362016,0.0137201045,0.0036730396,0.055592302,-0.004974095,4.4570484,-0.19460106,5.1636176,-0.8887752,0.111184604,-0.00994819,0.11713285,-0.005114187,0.060605608,-0.010431594,252.80774,251.49124,337.4898,1.0833763,13.664389,0.18556827
5,80,10,0.0024009997,0.03264205,0.013711775,0.015156385,0.003773894,0.058548644,-0.005440504,4.684535,-0.41023013,5.2340283,-0.911145,0.11709729,-0.010881008,0.12311127,-0.010780997,0.061432026,-0.010694151,252.81345,251.4534,337.9091,1.3213751,13.664389,0.21187733
5,81,10,0.0024009997,0.035061095,0.018191375,0.013041273,0.0038284475,0.0674377,-0.008276559,4.3453884,-0.1731401,5.2717223,-0.9461744,0.1348754,-0.016553119,0.114198394,-0.004550182,0.06187445,-0.011105292,252.8329,251.5576,338.07162,1.1193144,13.662148,0.1706059
5,82,10,0.0024009997,0.030734576,0.0131183835,0.013855932,0.0037602598,0.057267755,-0.004365613,4.479057,-0.045389675,5.224565,-0.9776566,0.11453551,-0.008731226,0.11771122,-0.0011928587,0.061320957,-0.011474799,252.84375,251.68802,337.48468,1.0230463,13.662148,0.1678136
5,83,10,0.0024009997,0.029984748,0.012433879,0.014116265,0.0034346038,0.055753652,-0.0039752442,4.5209384,-0.5239965,4.9932065,-0.6973299,0.111507304,-0.0079504885,0.11881189,-0.013770814,0.058605492,-0.008184592,252.91473,251.87648,338.1295,1.2213264,13.662148,0.17446439
5,84,10,0.0024009997,0.035532862,0.01836842,0.013528297,0.0036361443,0.06776507,-0.008490831,4.4257836,-0.3026022,5.1376176,-0.45576176,0.13553014,-0.016981661,0.11631121,-0.007952494,0.06030045,-0.0053492957,252.99915,252.13696,338.4215,0.75836396,13.662148,0.17584674
5,85,10,0.0024009997,0.03427765,0.014455324,0.016070582,0.0037517447,0.060115147,-0.0019044259,4.823746,-0.21081123,5.2186465,-0.53550124,0.120230295,-0.0038088518,0.1267698,-0.0055402,0.061251488,-0.006285201,253.02322,252.32454,337.7519,0.7463125,13.659868,0.14671677
5,86,10,0.0024009997,0.03366615,0.0134123145,0.016210081,0.004043754,0.057905775,-0.0019862999,4.844637,-0.46088728,5.417932,-0.50693583,0.11581155,-0.0039725997,0.12731881,-0.012112284,0.06359052,-0.0059499275,253.09691,252.5483,338.7027,0.96782315,13.659868,0.1646168
5,87,10,0.0024009997,0.03816254,0.019438157,0.014214404,0.0045099817,0.069710396,-0.0074921553,4.5366263,-0.2088511,5.7217464,-0.42463592,0.13942079,-0.014984311,0.119224176,-0.005488682,0.0671564,-0.0049839704,253.13478,252.65953,339.21457,0.633487,13.659868,0.1781057
5,88,10,0.0024009997,0.032147184,0.012929955,0.014896181,0.0043210466,0.05685498,-0.0026160725,4.6441493,-0.19965667,5.6006145,-0.5016672,0.11370996,-0.005232145,0.12204991,-0.00524705,0.06573467,-0.005888092,253.08868,252.53477,338.56354,0.70132387,13.659868,0.15699777
5,89,10,0.0024009997,0.032188613,0.012343227,0.01543593,0.004409454,0.05555004,-0.00022317476,4.7275386,-0.483324,5.657618,-0.50025046,0.11110008,-0.00044634953,0.12424142,-0.0127019305,0.06640372,-0.005871462,253.09312,252.52776,338.99393,0.98357445,13.657548,0.18838799
5,90,10,0.0024009997,0.036314312,0.016877083,0.014278916,0.0051583136,0.06495591,-0.0053576245,4.546909,-0.31995404,6.1192064,-0.5908808,0.12991183,-0.010715249,0.119494416,-0.008408508,0.0718214,-0.006935196,253.09201,252.52571,339.39398,0.91083485,13.657548,0.17457864
5,91,10,0.0024009997,0.032255728,0.01280536,0.014429181,0.005021188,0.056580387,-0.0006755072,4.5707717,-0.44905934,6.037324,-0.5822255,0.113160774,-0.0013510144,0.120121524,-0.011801445,0.07086034,-0.0068336073,253.04843,252.41954,338.70676,1.0312848,13.657548,0.17944324
5,92,10,0.0024009997,0.035654645,0.013295308,0.017225109,0.0051342295,0.05765264,-0.0010649589,4.9940133,-0.538257,6.104904,-0.64202636,0.11530528,-0.0021299177,0.13124447,-0.014145593,0.07165354,-0.0075354925,253.0629,252.39204,339.03543,1.1802833,13.657548,0.21738753
5,93,10,0.0024009997,0.04060831,0.01812416,0.016807878,0.0056762677,0.067313,-0.002512935,4.933159,0.02721274,6.4190784,-0.4205934,0.134626,-0.00502587,0.1296452,0.0007151594,0.07534101,-0.0049365265,253.07753,252.34114,339.16556,0.39338067,13.655197,0.2088437
5,94,10,0.0024009997,0.033734243,0.013214761,0.015337874,0.0051816083,0.05747774,0.0016355141,4.7124987,0.028327402,6.133008,-0.4886621,0.11495548,0.0032710282,0.12384617,0.0007444584,0.07198339,-0.0057354467,253.06258,252.36586,338.46725,0.4603347,13.655197,0.19708908
5,95,10,0.0024009997,0.035506926,0.012541119,0.017721815,0.005243993,0.05599357,0.00064858305,5.065505,-0.29618743,6.169817,-0.54373986,0.11198714,0.0012971661,0.13312331,-0.0077839126,0.07241542,-0.0063819042,253.0799,252.36537,338.86786,0.8399273,13.655197,0.21361712
5,96,10,0.0024009997,0.04447966,0.021285282,0.017292514,0.0059018643,0.07294738,-0.002163104,5.0037746,-0.004662639,6.545394,-0.3193099,0.14589477,-0.004326208,0.131501,-0.00012253752,0.07682359,-0.003747757,253.11111,252.43596,339.1769,0.32397252,13.655197,0.19598325
5,97,10,0.0024009997,0.036151566,0.013432822,0.016539268,0.006179476,0.057950027,0.0032475546,4.8935814,0.13470753,6.6975665,-0.46895623,0.115900055,0.0064951093,0.12860508,0.0035401594,0.078609645,-0.005504158,253.08397,252.3909,338.3537,0.33424872,13.652853,0.19719712
5,98,10,0.0024009997,0.038264807,0.014183839,0.018095765,0.005985203,0.05954796,0.0023231201,5.11867,-0.36479795,6.591445,-0.6058421,0.11909592,0.0046462403,0.1345205,-0.009587028,0.077364095,-0.007110798,253.09248,252.35535,338.66684,0.97064006,13.652853,0.32535312
5,99,10,0.0024009997,0.04041431,0.015910946,0.018395452,0.0061079133,0.0630693,-0.0022278877,5.1608815,-0.18003938,6.658673,-0.38842142,0.1261386,-0.0044557755,0.13562983,-0.0047314935,0.07815314,-0.0045589223,253.08897,252.28429,338.93747,0.5684608,13.652853,0.21283089
5,100,10,0.0024009997,0.04183712,0.015855249,0.019972764,0.006009104,0.062958814,0.0019874529,5.3775907,-0.41317773,6.6045923,-0.30150273,0.12591763,0.0039749057,0.14132503,-0.010858461,0.07751841,-0.0035387555,253.03702,252.10358,338.03403,0.71468043,13.652853,0.22295696
