ic,traj,n_steps,eta,loss_total,loss_T,loss_olw,loss_slwd,rmse_T,bias_T,rmse_olw,bias_olw,rmse_slwd,bias_slwd,nrmse_T,nbias_T,nrmse_olw,nbias_olw,nrmse_slwd,nbias_slwd,mean_T,mean_olw,mean_slwd,bias_C,pnorm,gnorm
1,1,10,0.01,0.9872685,0.3347076,0.46194163,0.1906193,0.2892696,0.013720425,25.86201,11.624158,37.19843,-18.53213,0.5785392,0.02744085,0.6796629,0.30548698,0.4365997,-0.21751244,252.63597,251.41576,336.5771,6.9079714,16.882715,4.43534
1,2,10,0.01,0.9884961,0.33338514,0.46184036,0.19327064,0.28869757,0.016449,25.85917,10.923086,37.456234,-18.31474,0.57739514,0.032898,0.6795884,0.28706267,0.43962556,-0.21496095,252.66415,251.38692,337.1932,7.391653,16.882715,4.465373
1,3,10,0.01,0.34731492,0.13329455,0.15724446,0.0567759,0.18254763,0.033083,15.088859,-4.166814,20.301271,-9.77681,0.36509526,0.066166,0.3965406,-0.10950538,0.23827694,-0.114750855,252.66586,251.31767,337.6255,13.943624,16.876797,1.7738961
1,4,10,0.01,0.37378782,0.14633207,0.1700196,0.057436157,0.19126688,0.038913593,15.689826,-4.065344,20.418972,-10.228155,0.38253376,0.077827185,0.41233432,-0.10683871,0.23965842,-0.12004833,252.61353,251.19086,336.97357,14.293499,16.876797,1.9101937
1,5,10,0.01,0.19733247,0.10218452,0.07592825,0.019219691,0.15983157,0.04128178,10.485046,-5.282852,11.811753,-4.7779274,0.31966314,0.08256356,0.2755508,-0.13883527,0.1386351,-0.056078747,252.61295,251.14095,337.42966,10.06078,16.87007,1.2147596
1,6,10,0.01,0.19126482,0.09768887,0.07508717,0.018488776,0.15627609,0.032945763,10.426811,-4.980403,11.584979,-4.229005,0.31255218,0.06589153,0.27402037,-0.1308868,0.13597344,-0.04963602,252.61905,251.16165,337.75433,9.209408,16.87007,1.1094179
1,7,10,0.01,0.15083069,0.078535974,0.060036786,0.012257938,0.14012136,0.026417935,9.323466,0.92210805,9.433002,-0.8769954,0.2802427,0.05283587,0.24502406,0.024233326,0.110715576,-0.010293335,252.57245,251.03185,337.06815,-0.04511267,16.865734,0.92966145
1,8,10,0.01,0.15513562,0.07904794,0.06236617,0.013721508,0.14057733,0.022961836,9.502616,0.53133047,9.980266,-1.5824547,0.28115466,0.045923673,0.2497322,0.013963546,0.11713884,-0.018573344,252.56487,250.94653,337.4724,1.0511242,16.865734,0.91877127
1,9,10,0.01,0.17854539,0.06781544,0.092880934,0.017849019,0.13020699,0.0030044212,11.596634,3.5277903,11.382782,1.3848265,0.26041397,0.0060088425,0.30476373,0.09271159,0.13360022,0.016253773,252.57474,250.93889,337.55917,-4.9126167,16.862259,1.3730643
1,10,10,0.01,0.1668942,0.06060437,0.0891714,0.017118424,0.123089775,0.009300887,11.362698,3.347872,11.147388,1.486093,0.24617955,0.018601773,0.2986158,0.08798327,0.1308374,0.017442347,252.56616,250.99278,336.73184,-4.8339653,16.862259,1.2091304
1,11,10,0.01,0.14268212,0.05283143,0.06341067,0.026440019,0.114925444,0.0024066425,9.581861,0.021365311,13.853903,3.225086,0.22985089,0.004813285,0.25181475,0.0005614902,0.16260387,0.03785299,252.63545,251.26933,337.43735,-3.2464514,16.85918,0.5732155
1,12,10,0.01,0.14152718,0.054311074,0.060808703,0.026407396,0.11652368,-0.00038190532,9.383211,0.08813415,13.845352,3.5717866,0.23304737,-0.00076381065,0.2465942,0.0023162004,0.16250353,0.041922227,252.71109,251.5889,338.08893,-3.6599207,16.85918,0.64923155
1,13,10,0.01,0.13908176,0.052108135,0.061195157,0.025778474,0.11413603,0.004350555,9.412982,-2.8257878,13.679486,4.5921245,0.22827207,0.00870111,0.24737655,-0.07426274,0.16055676,0.05389799,252.73491,251.7586,337.57486,-1.7663367,16.856106,0.87424755
1,14,10,0.01,0.14487156,0.054902107,0.06506101,0.024908446,0.11715599,0.0057961647,9.7057495,-2.9622831,13.446663,4.3730392,0.23431198,0.0115923295,0.2550706,-0.07784986,0.1578241,0.05132655,252.76544,251.79585,337.87698,-1.4107561,16.856106,0.864229
1,15,10,0.01,0.13804495,0.054086618,0.06818155,0.015776785,0.11628265,-0.00017941112,9.935783,-1.8396664,10.701644,3.3663263,0.2325653,-0.00035882223,0.26111597,-0.04834709,0.12560567,0.039510723,252.75615,251.64641,337.86246,-1.52666,16.852137,0.8394092
1,16,10,0.01,0.12967268,0.044751447,0.06896062,0.015960602,0.10577269,0.0017396642,9.992389,-2.0171006,10.763806,3.12641,0.21154538,0.0034793285,0.26260355,-0.053010132,0.12633528,0.03669482,252.70293,251.46922,336.9656,-1.1093094,16.852137,0.8711804
1,17,10,0.01,0.10293383,0.04082593,0.053354643,0.008753265,0.10102714,-0.002167848,8.789309,0.42153627,7.9712462,0.8655516,0.20205428,-0.004335696,0.23098624,0.011078124,0.093558885,0.010159021,252.71684,251.49797,337.436,-1.2870879,16.84758,0.5910201
1,18,10,0.01,0.10269199,0.04444275,0.04929227,0.00895697,0.105407245,-0.008717735,8.448082,0.3032921,8.063466,1.2312762,0.21081449,-0.01743547,0.22201863,0.0079706265,0.09464127,0.014451546,252.73055,251.51776,337.95377,-1.5345683,16.84758,0.5991303
1,19,10,0.01,0.08406954,0.039344653,0.036817,0.007907891,0.099177435,-0.0059217685,7.3011765,1.9996876,7.5765505,-0.7071933,0.19835487,-0.011843537,0.19187756,0.052552506,0.08892632,-0.008300361,252.7197,251.57335,337.46536,-1.2924943,16.843142,0.42829213
1,20,10,0.01,0.087566815,0.045579307,0.033965692,0.008021816,0.106746554,-0.0057378034,7.0127583,1.8900325,7.6309323,-0.788239,0.21349311,-0.011475607,0.18429783,0.04967074,0.08956459,-0.009251597,252.74988,251.56311,338.12415,-1.1017935,16.843142,0.42805904
1,21,10,0.01,0.08957456,0.050501235,0.028105678,0.010967646,0.1123624,-0.012511198,6.379192,1.8554752,8.922733,-2.2331934,0.2247248,-0.025022397,0.16764748,0.048762556,0.10472653,-0.026211089,252.80252,251.79655,338.5516,0.3777182,16.839071,0.5968758
1,22,10,0.01,0.08212642,0.038622167,0.032639265,0.010864988,0.098262616,-0.0041477825,6.874465,2.2035284,8.8808775,-2.1674366,0.19652523,-0.008295565,0.1806634,0.057909522,0.104235254,-0.025439298,252.79425,251.81424,337.81787,-0.036091805,16.839071,0.5733465
1,23,10,0.01,0.078030944,0.03612496,0.028615013,0.013290975,0.09503283,0.00089863245,6.436735,0.7269598,9.822445,-2.5973732,0.19006567,0.0017972649,0.16915973,0.019104775,0.11528649,-0.030485496,252.84474,251.94688,338.5845,1.8704134,16.835783,0.45160845
1,24,10,0.01,0.08359262,0.041155007,0.028904175,0.013533445,0.101433486,-0.0047528683,6.469176,0.7555895,9.911638,-2.5738292,0.20286697,-0.009505737,0.17001228,0.019857166,0.116333336,-0.030209146,252.8608,252.03477,338.91705,1.8182397,16.835783,0.47686288
1,25,10,0.01,0.075094335,0.033979,0.028773565,0.012341775,0.09216697,0.007998251,6.4545426,-0.45280933,9.465206,-2.0738294,0.18433394,0.015996503,0.16962773,-0.011899993,0.11109354,-0.024340635,252.84056,252.0348,338.19083,2.5266387,16.833105,0.39514923
1,26,10,0.01,0.08701517,0.044113234,0.030356081,0.012545853,0.105015755,0.008774481,6.629664,-0.71109676,9.54314,-2.0690808,0.21003151,0.017548962,0.17422996,-0.01868788,0.11200827,-0.024284892,252.92464,252.34093,338.73737,2.7801776,16.833105,0.4041782
1,27,10,0.01,0.07899739,0.040840536,0.027998604,0.01015825,0.101045206,0.0067401202,6.36703,-1.2278733,8.587182,-1.4934466,0.20209041,0.0134802405,0.16732784,-0.032268953,0.100788146,-0.017528646,252.9826,252.57635,339.14453,2.72132,16.830393,0.47492754
1,28,10,0.01,0.08493241,0.044515207,0.030718604,0.0096986,0.105493136,0.011779231,6.6691337,-0.67191684,8.390652,-1.4496039,0.21098627,0.023558462,0.17526723,-0.017658217,0.09848147,-0.017014075,252.94728,252.45361,338.25095,2.1215208,16.830393,0.49626663
1,29,10,0.01,0.08711687,0.048729602,0.030883135,0.0075041284,0.110373914,0.013282429,6.68697,0.12896967,7.3805947,-0.64333034,0.22074783,0.026564859,0.17573598,0.0033893718,0.08662637,-0.007550797,252.97446,252.39331,338.75095,0.51436067,16.827444,0.4651571
1,30,10,0.01,0.08372264,0.04544883,0.02993962,0.008334198,0.10659365,0.008019395,6.58403,0.124614134,7.7780933,-0.6405615,0.2131873,0.01603879,0.17303069,0.0032749055,0.09129183,-0.007518299,253.01549,252.47368,339.1882,0.5159474,16.827444,0.38737977
1,31,10,0.01,0.0712534,0.0341615,0.03089151,0.006200389,0.09241415,0.008488525,6.687876,1.634357,6.7088904,-0.31067088,0.1848283,0.01697705,0.1757598,0.04295149,0.07874255,-0.0036463605,253.01591,252.63403,338.48825,-1.3236861,16.82427,0.40831548
1,32,10,0.01,0.07537154,0.038233522,0.030423084,0.006714936,0.09776697,0.007739535,6.6369762,1.3134965,6.9817157,-0.24397355,0.19553395,0.01547907,0.17442214,0.034519173,0.08194471,-0.0028635263,253.07828,252.85677,339.15625,-1.0695229,16.82427,0.41279954
1,33,10,0.01,0.07063861,0.032017168,0.031120142,0.0075013046,0.089466706,0.00021750796,6.7125797,1.1304848,7.3792057,0.5526646,0.17893341,0.0004350159,0.17640902,0.029709555,0.08661007,0.0064866506,253.1448,253.09375,339.85867,-1.6831493,16.820887,0.30783898
1,34,10,0.01,0.07158013,0.029977972,0.034446523,0.0071556335,0.08657074,0.0070197424,7.0622225,1.2331498,7.2071786,0.7681812,0.17314148,0.014039485,0.18559775,0.032407623,0.08459098,0.009016176,253.12286,253.04225,339.20746,-2.0013309,16.820887,0.32583812
1,35,10,0.01,0.065334335,0.030843956,0.028077642,0.006412739,0.08781224,0.0019713114,6.3760104,0.6342787,6.822806,0.77080125,0.17562447,0.003942623,0.16756384,0.016669074,0.08007958,0.009046929,253.09822,252.86923,339.2402,-1.40508,16.817467,0.27657878
1,36,10,0.01,0.07059068,0.03411125,0.030080201,0.0063992273,0.092346154,-0.004183952,6.59947,0.481808,6.8156137,0.9144363,0.18469231,-0.008367904,0.17343645,0.012662082,0.07999517,0.010732782,253.10017,252.83217,339.25705,-1.3962443,16.817467,0.34394407
1,37,10,0.01,0.06678557,0.027216349,0.0323816,0.007187618,0.08248689,0.0014850552,6.8472753,-0.9801523,7.2232676,1.8808979,0.16497378,0.0029701104,0.17994888,-0.02575875,0.08477982,0.02207619,253.10742,252.92088,338.9816,-0.9007456,16.814125,0.29875445
1,38,10,0.01,0.06696009,0.031999886,0.027781455,0.0071787448,0.08944256,-8.457779e-5,6.3422914,-0.7923453,7.2188077,1.7411419,0.17888512,-0.00016915558,0.1666777,-0.020823115,0.08472747,0.020435862,253.14229,253.00699,339.5141,-0.94879663,16.814125,0.29455176
1,39,10,0.01,0.069657974,0.033507977,0.02840525,0.007744747,0.09152592,-0.007379614,6.4131002,-1.9104877,7.497989,2.0745232,0.18305184,-0.014759228,0.16853857,-0.050208308,0.08800425,0.024348775,253.15503,253.06519,339.666,-0.16403556,16.810621,0.40767848
1,40,10,0.01,0.06489454,0.026105741,0.031227717,0.0075610834,0.080786355,-0.0030299958,6.7241716,-2.046411,7.4085503,2.2670324,0.16157271,-0.0060599917,0.17671366,-0.05378042,0.08695449,0.02660826,253.09947,252.89763,338.90033,-0.22062135,16.810621,0.36928666
1,41,10,0.01,0.058340814,0.024015998,0.026016576,0.00830824,0.07748548,-0.0042856773,6.1375318,-2.0013494,7.7659693,2.3348174,0.15497096,-0.008571355,0.16129655,-0.052596178,0.091149546,0.027403858,253.07019,252.6166,339.16013,-0.33346796,16.807169,0.34428617
1,42,10,0.01,0.070406705,0.03090019,0.030727327,0.008779189,0.08789225,-0.007962716,6.67008,-2.1923137,7.983041,2.6774597,0.1757845,-0.015925432,0.17529212,-0.05761479,0.093697324,0.031425465,253.1032,252.70879,339.3947,-0.48514605,16.807169,0.40417296
1,43,10,0.01,0.055234298,0.01829362,0.02862075,0.008319928,0.06762695,-0.003535438,6.43738,-1.0075125,7.771431,2.4230056,0.1352539,-0.007070876,0.16917668,-0.026477791,0.09121364,0.028438924,253.1309,252.89655,338.8711,-1.4154931,16.803898,0.25722218
1,44,10,0.01,0.054817878,0.022267926,0.02443404,0.008115911,0.07461221,-0.0045299553,5.947936,-1.0378892,7.6755557,2.1511216,0.14922442,-0.009059911,0.15631391,-0.027276106,0.09008835,0.02524781,253.1904,253.09583,339.40054,-1.1132324,16.803898,0.25887296
1,45,10,0.01,0.05586346,0.025371943,0.023206158,0.007285361,0.07964286,-0.0075213183,5.7965593,0.15683384,7.272216,1.919023,0.15928572,-0.015042637,0.15233567,0.0041216533,0.08535433,0.02252366,253.20123,253.07245,339.59708,-2.075857,16.80072,0.22328779
1,46,10,0.01,0.053899724,0.021045154,0.025588347,0.0072662234,0.07253474,-0.0015716146,6.086811,0.24029317,7.2626576,2.1574345,0.14506948,-0.0031432293,0.15996358,0.0063149934,0.085242145,0.02532191,253.16869,253.03911,338.67508,-2.3977277,16.80072,0.21405731
1,47,10,0.01,0.048557714,0.020223398,0.022078527,0.0062557915,0.0711045,-0.0015690593,5.6539726,0.87138635,6.738796,1.3144301,0.142209,-0.0031381187,0.14858845,0.02290035,0.07909356,0.015427528,253.2178,253.2335,339.03378,-2.1858165,16.797617,0.24849606
1,48,10,0.01,0.05768644,0.02673336,0.02422159,0.0067314915,0.0817517,-0.0066323895,5.922022,0.946136,6.9903164,1.6728667,0.1635034,-0.013264779,0.15563287,0.024864798,0.08204567,0.01963451,253.31183,253.57086,339.73248,-2.6190028,16.797617,0.2929137
1,49,10,0.01,0.052072402,0.021896273,0.024008932,0.0061671995,0.07398695,-0.00016431541,5.895968,0.5776745,6.6909103,1.1580632,0.1479739,-0.00032863082,0.15494816,0.015181493,0.07853152,0.013592242,253.36812,253.90063,339.7232,-1.7357377,16.794405,0.27748653
1,50,10,0.01,0.054001004,0.024717212,0.023390992,0.005892797,0.07860854,0.00023608949,5.8195987,0.4445001,6.540364,0.93955755,0.15721709,0.00047217897,0.15294114,0.011681622,0.076764554,0.011027628,253.42317,254.15207,340.54605,-1.3840576,16.794405,0.26521364
1,51,10,0.01,0.053196423,0.024913626,0.022462672,0.0058201263,0.07892025,-0.0044022845,5.7029476,-0.1513937,6.499912,0.14252345,0.1578405,-0.008804569,0.14987552,-0.0039786813,0.07628975,0.0016728032,253.42426,254.14351,340.68695,0.008870244,16.790953,0.18407631
1,52,10,0.01,0.050841834,0.02205965,0.022753114,0.0060290718,0.074262455,-0.00057107164,5.739699,0.14123015,6.6155577,0.2266903,0.14852491,-0.0011421433,0.15084136,0.0037115812,0.0776471,0.0026606733,253.3622,253.88802,339.57114,-0.36792046,16.790953,0.22458062
1,53,10,0.01,0.053083345,0.019791635,0.027326936,0.005964774,0.07034137,-0.0005983135,6.2901955,-0.20611256,6.580187,-0.78252727,0.14068274,-0.001196627,0.16530861,-0.00541671,0.07723195,-0.00918456,253.35413,253.71867,339.83508,0.98863983,16.787586,0.25213575
1,54,10,0.01,0.05397023,0.02260356,0.025256867,0.0061098,0.0751724,-0.0050027682,6.0472574,-0.39306659,6.6597004,-0.6443032,0.1503448,-0.0100055365,0.15892409,-0.010329933,0.07816521,-0.0075622136,253.33504,253.63057,339.89816,1.0373697,16.787586,0.24399717
1,55,10,0.01,0.047185633,0.019463528,0.021713011,0.006009095,0.069755875,0.00094669365,5.606976,-0.5802044,6.604588,-1.029569,0.13951175,0.0018933873,0.14735335,-0.015247986,0.07751835,-0.0120840985,253.27458,253.4057,338.80392,1.6097734,16.784344,0.2433645
1,56,10,0.01,0.04872696,0.020372383,0.022101862,0.006252712,0.07136593,0.0020590338,5.65696,-0.5947254,6.737138,-1.137677,0.14273186,0.0041180677,0.14866695,-0.015629603,0.07907409,-0.013352965,253.29318,253.43414,339.0931,1.7324023,16.784344,0.24969567
1,57,10,0.01,0.048392117,0.020812187,0.021070108,0.0065098237,0.07213215,-0.0016789287,5.5233436,0.34556618,6.874258,-0.99204665,0.1442643,-0.0033578575,0.14515546,0.009081608,0.08068348,-0.011643694,253.32797,253.5204,339.45798,0.64648044,16.780891,0.20839246
1,58,10,0.01,0.046505902,0.016344741,0.023672428,0.0064887335,0.06392328,0.0018908663,5.854503,0.40684327,6.8631134,-0.88368565,0.12784655,0.0037817326,0.15385847,0.010691989,0.080552675,-0.010371856,253.32178,253.44795,338.6794,0.47684237,16.780891,0.18980038
1,59,10,0.01,0.045087535,0.019050702,0.020710973,0.0053258566,0.06901214,0.004172808,5.4760695,0.7945703,6.217788,-0.8726816,0.13802429,0.008345616,0.14391308,0.020881595,0.07297847,-0.010242701,253.40532,253.7592,339.1587,0.07811129,16.777592,0.19536854
1,60,10,0.01,0.050547134,0.023307268,0.021367209,0.0058726566,0.07633359,0.00023318571,5.562148,0.8163831,6.529178,-0.61463463,0.15266718,0.00046637142,0.14617527,0.021454845,0.07663326,-0.007213993,253.49933,254.17294,340.04602,-0.20174849,16.777592,0.22858882
1,61,10,0.01,0.040684015,0.016844986,0.018613167,0.0052258605,0.06489412,0.0060006212,5.1913323,0.66380334,6.15914,0.035933293,0.12978823,0.0120012425,0.13643008,0.01744499,0.072290115,0.00042174922,253.47581,254.16324,339.70532,-0.69973665,16.77414,0.22856294
1,62,10,0.01,0.043568734,0.018999,0.019869434,0.0047003003,0.06891843,0.0032183486,5.3636622,0.64360845,5.8412266,-0.22724715,0.13783686,0.006436697,0.14095898,0.016914258,0.06855874,-0.002667214,253.47697,254.12648,339.915,-0.4163613,16.77414,0.26290917
1,63,10,0.01,0.04192493,0.01981877,0.01770662,0.0043995404,0.070389576,-0.0016902398,5.0633335,0.3246161,5.651254,0.21734408,0.14077915,-0.0033804795,0.13306622,0.0085310275,0.06632903,0.002550976,253.47462,254.10555,340.18497,-0.5419602,16.770031,0.19090594
1,64,10,0.01,0.04188764,0.017541526,0.019796971,0.004549146,0.06622221,0.0035097927,5.353873,0.4467912,5.746536,0.410986,0.13244443,0.0070195855,0.14070171,0.011741836,0.06744736,0.0048237615,253.42326,253.89075,339.29395,-0.85777724,16.770031,0.1793131
1,65,10,0.01,0.03867955,0.016096221,0.017377803,0.005205527,0.06343544,-0.0026512132,5.016098,-0.11721187,6.147147,0.53276527,0.12687089,-0.0053024264,0.1318249,-0.00308037,0.07214934,0.0062530884,253.46631,253.98318,339.60483,-0.4155534,16.765785,0.23405652
1,66,10,0.01,0.04232838,0.021611795,0.015528432,0.0051881503,0.07350475,-0.0071143736,4.7416825,-0.0757862,6.136878,0.7515308,0.1470095,-0.014228747,0.12461313,-0.0019916894,0.072028816,0.008820751,253.51353,254.16742,339.9938,-0.67574465,16.765785,0.2941395
1,67,10,0.01,0.03843018,0.01661817,0.017037684,0.0047743293,0.06445574,-0.0010950335,4.9667687,-0.70262176,5.887046,1.149621,0.12891148,-0.002190067,0.13052848,-0.018465152,0.06909652,0.013493157,253.52884,254.29514,339.58038,-0.44699925,16.761894,0.18919457
1,68,10,0.01,0.0379651,0.015983239,0.017191933,0.0047899303,0.06321242,-0.0029677863,4.9892006,-0.5624619,5.8966556,0.7625804,0.12642483,-0.0059355726,0.13111801,-0.014781704,0.06920932,0.008950439,253.59248,254.49594,340.1426,-0.20011848,16.761894,0.17505024
1,69,10,0.01,0.044006128,0.020980522,0.017826935,0.0051986687,0.07242327,-0.006136723,5.080507,-0.34042805,6.143095,1.0656053,0.14484654,-0.012273446,0.13351755,-0.008946568,0.072101794,0.012507057,253.65996,254.84549,340.8354,-0.7251772,16.75808,0.22246379
1,70,10,0.01,0.03808231,0.014729778,0.017926805,0.0054257256,0.06068315,-0.0017956033,5.0947175,-0.38880813,6.2758145,1.0923651,0.1213663,-0.0035912066,0.13389102,-0.01021802,0.073659524,0.012821137,253.6898,255.11404,340.5229,-0.703557,16.75808,0.21981898
1,71,10,0.01,0.03945327,0.01705372,0.017788848,0.0046107075,0.065294944,-0.0010760828,5.075076,-0.019713432,5.7852883,0.505232,0.13058989,-0.0021521656,0.13337484,-0.00051807513,0.06790219,0.005929931,253.72607,255.25403,340.8345,-0.48551854,16.754393,0.24010147
1,72,10,0.01,0.042933743,0.019696018,0.018471554,0.004766169,0.07017125,-0.0044920314,5.1715455,0.10723715,5.882012,0.6435779,0.1403425,-0.008984063,0.1359101,0.0028182298,0.069037445,0.0075537027,253.70944,255.16957,340.8641,-0.75081503,16.754393,0.20205806
1,73,10,0.01,0.034566693,0.013075595,0.016744753,0.004746345,0.057174284,0.0012877369,4.9238863,0.065414466,5.869767,0.3191578,0.11434857,0.0025754739,0.12940152,0.0017191141,0.06889372,0.0037459699,253.66704,254.98337,340.03882,-0.38457227,16.750559,0.14161178
1,74,10,0.01,0.037718404,0.016583407,0.01620796,0.0049270364,0.06438829,-0.0006150441,4.8443203,0.09007731,5.9804535,-0.05640213,0.12877658,-0.0012300882,0.12731048,0.0023672646,0.07019285,-0.0006619928,253.67755,254.96689,340.26886,-0.033675183,16.750559,0.1330172
1,75,10,0.01,0.03789359,0.018630972,0.014906651,0.0043559656,0.06824766,-0.0059256437,4.645781,-0.12320735,5.623198,-0.62492216,0.13649532,-0.011851287,0.1220928,-0.0032379327,0.06599974,-0.00733474,253.6757,254.9616,340.472,0.7481295,16.74641,0.22014374
1,76,10,0.01,0.038142607,0.015503033,0.01840925,0.0042303246,0.062255587,-0.0018681292,5.1628165,-0.16190441,5.541509,-0.71060497,0.124511175,-0.0037362585,0.13568069,-0.004254904,0.065040946,-0.008340401,253.60957,254.72017,339.42838,0.87250936,16.74641,0.23460145
1,77,10,0.01,0.03244401,0.011870784,0.016478533,0.004094694,0.054476563,-0.0019091389,4.884588,-0.17882808,5.451951,-1.1556184,0.108953126,-0.0038182777,0.12836874,-0.004699666,0.063989796,-0.013563546,253.59647,254.55765,340.0387,1.3344465,16.74219,0.16971594
1,78,10,0.01,0.035010755,0.016292702,0.014429626,0.0042884266,0.063821435,-0.004977186,4.5708423,-0.18542704,5.579435,-0.9156607,0.12764287,-0.009954372,0.12012338,-0.0048730904,0.06548608,-0.01074715,253.57579,254.40977,340.20218,1.1010877,16.74219,0.21144634
1,79,10,0.01,0.027999882,0.011984326,0.011625959,0.004389597,0.054736473,0.0017623504,4.1028256,0.06396045,5.644865,-1.0081074,0.109472945,0.0035247009,0.10782374,0.0016809058,0.066254035,-0.011832205,253.53787,254.27061,339.397,0.944147,16.737831,0.13708772
1,80,10,0.01,0.029989298,0.013226169,0.012293159,0.0044699702,0.05750254,0.00018808042,4.218911,0.39852053,5.696309,-1.2443743,0.11500508,0.00037616084,0.11087452,0.010473266,0.06685784,-0.014605275,253.52338,254.1277,339.52066,0.84585375,16.737831,0.17511095
1,81,10,0.01,0.034763254,0.017886003,0.012444031,0.0044332184,0.06686928,-0.0007524018,4.2447214,0.21216805,5.6728435,-1.0409133,0.13373856,-0.0015048035,0.11155282,0.0055758543,0.06658242,-0.012217246,253.49886,254.01137,339.36008,0.8287453,16.73351,0.25702462
1,82,10,0.01,0.028402658,0.012478263,0.011467755,0.0044566416,0.055853073,0.004102296,4.074815,0.0065935887,5.6878095,-1.1616739,0.111706145,0.008204592,0.107087605,0.00017328274,0.06675808,-0.013634619,253.44464,253.86377,338.807,1.1550803,16.73351,0.2214309
1,83,10,0.01,0.027517261,0.010834517,0.012049333,0.0046334094,0.052044492,0.002741736,4.1768627,-0.4357964,5.7995133,-1.1067638,0.104088984,0.005483472,0.109769456,-0.011452887,0.06806915,-0.012990138,253.42207,253.70636,339.1755,1.5425602,16.729448,0.11053268
1,84,10,0.01,0.028595917,0.012972001,0.011200421,0.004423495,0.056947347,0.00033075415,4.027039,-0.5956483,5.6666193,-0.899538,0.11389469,0.0006615083,0.10583204,-0.015653854,0.06650936,-0.010557918,253.40468,253.6134,339.36288,1.4951863,16.729448,0.11734073
1,85,10,0.01,0.02844729,0.012245802,0.012070371,0.0041311174,0.055330377,0.0039636292,4.180507,-0.5075165,5.4761457,-0.55503947,0.110660754,0.0079272585,0.10986524,-0.013337714,0.06427377,-0.006514523,253.35246,253.44928,338.43185,1.062556,16.725323,0.20166992
1,86,10,0.01,0.028159784,0.012695287,0.011018397,0.004446098,0.056336682,0.002235434,3.9941826,-0.42124307,5.6810775,-0.6832992,0.112673365,0.004470868,0.104968555,-0.01107042,0.06667907,-0.008019915,253.37244,253.39229,338.74176,1.1045423,16.725323,0.20656781
1,87,10,0.01,0.030039929,0.0150630595,0.010697588,0.0042792824,0.061365828,0.0018180638,3.9356062,0.17457063,5.573483,-0.0658317,0.122731656,0.0036361276,0.103429146,0.0045877798,0.065416224,-0.00077266886,253.42677,253.56471,339.08176,-0.10873894,16.72077,0.14555396
1,88,10,0.01,0.03270933,0.01638539,0.011826572,0.0044973674,0.064002715,0.0039480054,4.1380725,0.3300932,5.7137394,-0.15114751,0.12800543,0.007896011,0.108750045,0.008674968,0.067062415,-0.0017740257,253.43715,253.6754,338.5078,-0.17894569,16.72077,0.17184213
1,89,10,0.01,0.031980067,0.013846313,0.013396834,0.0047369227,0.05883518,0.0038862366,4.404228,0.9566493,5.863938,-0.062116258,0.11767036,0.007772473,0.115744695,0.02514109,0.068825305,-0.00072906236,253.46004,253.73793,339.07056,-0.89453304,16.715984,0.21144472
1,90,10,0.01,0.029853983,0.0130164,0.012598129,0.0042394535,0.05704472,0.0031626886,4.2709227,0.9416487,5.5474854,0.2140916,0.11408944,0.006325377,0.11224139,0.02474687,0.065111086,0.0025128042,253.43655,253.62166,339.1712,-1.1557403,16.715984,0.20828462
1,91,10,0.01,0.026495464,0.011562984,0.010964093,0.003968387,0.05376566,0.004617894,3.984327,0.9011843,5.3672056,0.3251501,0.10753132,0.009235788,0.104709566,0.023683451,0.062995136,0.0038163029,253.38374,253.46165,338.42236,-1.2263345,16.71091,0.17770493
1,92,10,0.01,0.027673751,0.01216642,0.011306272,0.0042010574,0.055150747,0.0031930136,4.046023,0.90762144,5.5223064,0.14950219,0.110301495,0.006386027,0.10633095,0.023852622,0.064815566,0.0017547144,253.3684,253.33243,338.6172,-1.0571237,16.71091,0.19402768
1,93,10,0.01,0.029151555,0.013398573,0.011531447,0.0042215358,0.057876103,0.0010481891,4.086115,-0.049103767,5.53575,0.24409492,0.115752205,0.0020963782,0.10738458,-0.0012904664,0.06497335,0.0028649536,253.34138,253.15564,338.63428,-0.19499116,16.705383,0.10222852
1,94,10,0.01,0.028617717,0.011120368,0.013085727,0.004411624,0.052726578,0.0043122247,4.352789,0.08743556,5.65901,0.17043343,0.105453156,0.008624449,0.11439286,0.002297838,0.066420056,0.0020003845,253.2771,252.89915,337.85565,-0.257869,16.705383,0.0762288
1,95,10,0.01,0.028654046,0.010303946,0.0138499355,0.004500165,0.05075418,-0.0009987943,4.478087,-0.41115132,5.715515,-0.29359958,0.10150836,-0.0019975887,0.11768575,-0.010805205,0.06708327,-0.003445992,253.2251,252.66559,338.07977,0.7047509,16.699541,0.17559308
1,96,10,0.01,0.031104162,0.012859301,0.013968065,0.004276798,0.05669943,-0.0027416483,4.497144,-0.662388,5.571864,-0.20652837,0.11339886,-0.0054832967,0.11818657,-0.017407797,0.06539723,-0.002424034,253.16971,252.40468,338.0397,0.8689164,16.699541,0.23268865
1,97,10,0.01,0.028068224,0.009884036,0.013824623,0.004359564,0.049709246,0.002136279,4.4739933,-0.6840324,5.6255198,-0.30248603,0.09941849,0.004272558,0.11757816,-0.01797662,0.06602699,-0.0035502918,253.1136,252.21236,337.03696,0.9865184,16.693375,0.1505647
1,98,10,0.01,0.028021142,0.009458168,0.014315685,0.0042472887,0.048626557,0.0021471153,4.55276,-0.7147759,5.552609,-0.24720907,0.097253114,0.0042942306,0.11964817,-0.01878457,0.06517123,-0.0029015047,253.11313,252.16016,337.4328,0.961985,16.693375,0.14098717
1,99,10,0.01,0.026698424,0.011731817,0.011345629,0.0036209766,0.054156758,0.001243355,4.053059,-0.37306607,5.1268907,-0.23272757,0.108313516,0.00248671,0.10651586,-0.009804309,0.06017455,-0.0027315337,253.1153,252.10522,337.86774,0.60579365,16.686745,0.16675034
1,100,10,0.01,0.025050327,0.009169565,0.012331848,0.003548914,0.04787892,0.0040589906,4.2255454,-0.40393156,5.0756183,-0.21200114,0.09575784,0.008117981,0.111048855,-0.010615469,0.059572764,-0.0024882676,253.12448,252.21011,337.3241,0.6159327,16.686745,0.18376607
2,1,10,0.0069999998,0.13427615,0.042597365,0.06516737,0.026511414,0.103195645,0.010132276,9.71368,-0.062495068,13.872594,-1.8212045,0.20639129,0.020264553,0.255279,-0.0016424102,0.16282326,-0.021375548,251.83002,247.89172,331.99503,1.8836997,16.679821,0.62090105
2,2,10,0.0069999998,0.13299781,0.039927315,0.06717975,0.02589076,0.099909104,0.0076817214,9.862518,-0.039231427,13.709247,-2.1355288,0.19981821,0.015363443,0.25919056,-0.0010310375,0.16090606,-0.025064794,251.88115,248.03377,332.64597,2.1747603,16.679821,0.6379371
2,3,10,0.0069999998,0.114912786,0.037905682,0.0522923,0.024714803,0.09734691,0.0042421133,8.701368,-0.006179193,13.394294,-2.3017497,0.19469382,0.008484227,0.2286751,-0.00016239435,0.15720943,-0.027015729,251.93819,248.31339,333.0607,2.3079288,16.673065,0.5274772
2,4,10,0.0069999998,0.10915485,0.036255542,0.048933852,0.023965457,0.09520444,0.007968533,8.417311,-0.009100712,13.189673,-2.2669287,0.19040889,0.015937066,0.22120997,-0.00023916514,0.1548078,-0.026607038,251.93912,248.45944,332.78918,2.2760293,16.673065,0.493681
2,5,10,0.0069999998,0.0809465,0.029965842,0.03172949,0.01925117,0.08655322,0.004103683,6.7779794,-0.15706319,11.821424,-2.244313,0.17310645,0.008207366,0.17812774,-0.0041276757,0.13874859,-0.026341617,251.94693,248.45111,333.45483,2.4013762,16.665257,0.30047444
2,6,10,0.0069999998,0.082538314,0.03178718,0.031746704,0.019004427,0.089144796,0.0007126509,6.7798176,-0.014494771,11.745421,-2.3221865,0.17828959,0.0014253018,0.17817605,-0.0003809351,0.13785654,-0.027255602,251.91084,248.21382,333.4286,2.3366811,16.665257,0.30693582
2,7,10,0.0069999998,0.0740401,0.033837102,0.025545616,0.014657381,0.09197432,0.00091695006,6.0817256,0.1898732,10.315004,-1.8538227,0.18394864,0.0018339001,0.15982996,0.0049899393,0.12106767,-0.021758405,251.88731,248.0835,332.8652,1.6639495,16.657015,0.25562167
2,8,10,0.0069999998,0.06909279,0.028166736,0.02701853,0.013907519,0.08391474,5.834813e-5,6.2546,-0.09225302,10.047686,-1.7036024,0.16782948,0.00011669626,0.16437314,-0.0024244436,0.117930144,-0.019995267,251.91682,248.11429,333.52774,1.7958554,16.657015,0.27467313
2,9,10,0.0069999998,0.064799644,0.027712198,0.025914619,0.011172825,0.083234906,-0.006714087,6.125494,0.14551425,9.005808,-1.7296172,0.16646981,-0.013428174,0.16098018,0.0038241665,0.10570158,-0.020300591,251.91574,248.08313,333.70013,1.584103,16.648413,0.25177252
2,10,10,0.0069999998,0.061508816,0.024746608,0.025885424,0.010876787,0.07865527,-0.0038606287,6.1220417,0.5058801,8.885697,-1.7805209,0.15731055,-0.0077212574,0.16088948,0.013294712,0.104291834,-0.020898057,251.9074,248.0252,333.01172,1.2746408,16.648413,0.24371378
2,11,10,0.0069999998,0.06299435,0.02512585,0.028537292,0.0093312105,0.07925568,-0.00869242,6.427987,0.8602859,8.230197,-1.8014091,0.15851136,-0.01738484,0.16892985,0.022608617,0.09659819,-0.02114322,251.98055,248.39397,333.63196,0.94112325,16.639744,0.316492
2,12,10,0.0069999998,0.06470537,0.026943583,0.028357964,0.009403825,0.082072504,-0.009079883,6.40776,0.77015865,8.262158,-1.787044,0.16414501,-0.018159766,0.16839823,0.02024005,0.09697332,-0.020974612,252.05347,248.74109,334.1975,1.0168854,16.639744,0.3140951
2,13,10,0.0069999998,0.0623321,0.021964028,0.032312132,0.008055938,0.07410133,-0.0066220686,6.839928,1.0233098,7.647145,-1.4675401,0.14820266,-0.013244137,0.17975576,0.026892943,0.08975488,-0.017224588,252.09932,248.99553,333.88278,0.44423032,16.631159,0.31791383
2,14,10,0.0069999998,0.062386066,0.02263989,0.031521764,0.008224415,0.07523279,-0.007884349,6.755756,0.97884923,7.7266946,-1.5942721,0.15046558,-0.015768697,0.1775437,0.025724512,0.09068856,-0.018712042,252.18726,249.38019,334.85947,0.6154229,16.631159,0.31160107
2,15,10,0.0069999998,0.054146577,0.02066177,0.026173048,0.0073117563,0.07187101,-0.006994287,6.15596,0.4502445,7.2853775,-1.3538606,0.14374202,-0.013988574,0.16178086,0.011832583,0.08550881,-0.01589032,252.2314,249.42242,335.06268,0.90361613,16.622633,0.2643503
2,16,10,0.0069999998,0.05240276,0.020150583,0.02511238,0.007139798,0.07097638,-0.0049758935,6.0299344,0.5574198,7.199199,-1.3255411,0.14195275,-0.009951787,0.15846886,0.014649191,0.084497325,-0.015557939,252.23473,249.54965,334.54352,0.76812136,16.622633,0.26353362
2,17,10,0.0069999998,0.046236828,0.015864667,0.02345158,0.006920584,0.06297751,-0.0026220584,5.82713,-0.07605466,7.087818,-1.0807905,0.12595502,-0.0052441168,0.15313908,-0.00199874,0.083190046,-0.012685287,252.21396,249.50682,334.95633,1.1568452,16.61425,0.24916925
2,18,10,0.0069999998,0.047478728,0.018233383,0.022653425,0.00659192,0.06751552,-0.0039817933,5.7271113,-0.28962645,6.9174695,-1.0154542,0.13503104,-0.007963587,0.15051055,-0.0076114913,0.08119064,-0.011918429,252.17993,249.23735,335.15585,1.3050807,16.61425,0.2711852
2,19,10,0.0069999998,0.044458136,0.015954014,0.022379527,0.0061245933,0.0631546,0.0020639286,5.6923833,-0.3925172,6.667758,-0.67815775,0.1263092,0.0041278573,0.14959788,-0.0103155,0.07825978,-0.007959568,252.12373,249.01508,334.2586,1.0706749,16.605978,0.2624145
2,20,10,0.0069999998,0.046045177,0.015915863,0.023804827,0.0063244863,0.063079044,0.0014967225,5.870853,-0.61206335,6.7756953,-0.72645104,0.12615809,0.002993445,0.15428813,-0.01608525,0.07952664,-0.0085263895,252.13942,249.00642,334.68018,1.3385143,16.605978,0.26752135
2,21,10,0.0069999998,0.039755967,0.015720516,0.018013746,0.006021706,0.06269074,0.0010584719,5.107057,-0.90894616,6.611514,-0.37377352,0.12538148,0.0021169437,0.1342153,-0.023887431,0.07759965,-0.004386998,252.1807,249.21086,335.14386,1.2827196,16.597723,0.24747483
2,22,10,0.0069999998,0.03951298,0.0150460545,0.018312445,0.0061544823,0.06133118,0.004252792,5.1492243,-0.5248366,6.684008,-0.17916596,0.12266236,0.008505584,0.13532348,-0.013792894,0.07845051,-0.0021028798,252.18279,249.28355,334.71933,0.70400256,16.597723,0.20621485
2,23,10,0.0069999998,0.040112473,0.016045634,0.017934902,0.006131941,0.06333568,0.0057355906,5.0958676,-0.12546842,6.6717567,0.18211654,0.12667136,0.011471181,0.13392125,-0.0032973557,0.07830671,0.0021375117,252.23453,249.41954,335.23776,-0.05664812,16.58969,0.17061403
2,24,10,0.0069999998,0.03950028,0.016928405,0.016668709,0.005903168,0.0650546,0.004302502,4.9126935,-0.22252655,6.5461183,0.035104156,0.1301092,0.008605004,0.12910736,-0.0058480776,0.07683208,0.0004120192,252.2751,249.57663,335.4881,0.1874224,16.58969,0.19362932
2,25,10,0.0069999998,0.037557214,0.01546864,0.016675701,0.0054128733,0.062186494,0.007027461,4.9137235,0.43249828,6.268378,0.32747295,0.12437299,0.014054922,0.12913443,0.011366211,0.07357223,0.0038435657,252.25682,249.54749,334.7635,-0.75997126,16.582071,0.18202208
2,26,10,0.0069999998,0.036468018,0.015216852,0.01589179,0.005359376,0.0616783,0.005907012,4.7968388,0.17191091,6.2373247,0.2600932,0.1233566,0.011814024,0.12606265,0.004517885,0.07320776,0.0030527252,252.29608,249.67741,335.4419,-0.43200412,16.582071,0.19647145
2,27,10,0.0069999998,0.039252512,0.017627604,0.016192922,0.005431986,0.066384494,0.004064781,4.8420725,0.2979227,6.2794337,0.44609976,0.13276899,0.008129562,0.12725142,0.007829517,0.07370201,0.005235892,252.31668,249.70451,335.9477,-0.7440225,16.57492,0.22645299
2,28,10,0.0069999998,0.039502695,0.015335059,0.018772703,0.005394936,0.0619174,0.006680479,5.213532,0.6628554,6.2579827,0.6245144,0.1238348,0.013360958,0.13701351,0.01742008,0.07345023,0.0073299534,252.29088,249.60738,335.18695,-1.2873697,16.57492,0.25105974
2,29,10,0.0069999998,0.038009025,0.016565444,0.016078029,0.005365551,0.06435341,0.008004328,4.824864,0.63858885,6.2409163,0.8534569,0.12870681,0.016008656,0.12679917,0.016782347,0.07324992,0.010017063,252.3286,249.6662,335.71323,-1.4920458,16.568184,0.18553926
2,30,10,0.0069999998,0.0378302,0.016401462,0.016106866,0.0053218706,0.0640341,0.0062354016,4.8291883,0.25962248,6.2154617,0.7691601,0.1280682,0.012470803,0.12691283,0.006822972,0.07295115,0.009027666,252.37494,249.81248,335.96353,-1.0287826,16.568184,0.17696701
2,31,10,0.0069999998,0.039692923,0.01583929,0.018443491,0.005410143,0.06292712,0.010421916,5.167616,0.3300083,6.266795,0.8681623,0.12585424,0.020843832,0.13580681,0.00867274,0.073553674,0.010189661,252.37212,249.91698,335.34097,-1.1981705,16.561766,0.18783958
2,32,10,0.0069999998,0.038296346,0.016517669,0.016381366,0.005397307,0.06426054,0.009131657,4.870166,0.10959772,6.2593584,0.87714905,0.12852108,0.018263314,0.12798971,0.0028802673,0.07346637,0.010295141,252.38843,249.89197,336.09784,-0.9867468,16.561766,0.18775259
2,33,10,0.0069999998,0.033277456,0.014264097,0.014270884,0.0047424734,0.0597162,0.0053128866,4.54563,-0.06261086,5.867373,0.63808393,0.1194324,0.010625773,0.119460806,-0.0016454365,0.06886562,0.007489219,252.4035,249.8905,336.51712,-0.57547307,16.5554,0.16256599
2,34,10,0.0069999998,0.035634518,0.015708543,0.015115353,0.0048106187,0.06266686,0.008662359,4.67819,0.28330573,5.9093766,0.7807104,0.12533373,0.017324718,0.12294451,0.0074453764,0.069358625,0.0091632325,252.3863,249.90747,335.82654,-1.0640161,16.5554,0.19259247
2,35,10,0.0069999998,0.03302392,0.014428284,0.013958249,0.0046373876,0.060058895,0.0053068087,4.4955635,0.43880454,5.8020024,0.34692392,0.12011779,0.0106136175,0.11814503,0.011531943,0.068098366,0.004071863,252.42409,250.02863,336.3297,-0.78572845,16.549124,0.16027884
2,36,10,0.0069999998,0.030876929,0.014132663,0.011928044,0.004816221,0.059440438,0.0044118813,4.1557875,0.2462989,5.9128175,0.32293618,0.118880875,0.008823763,0.10921559,0.006472824,0.069399,0.0037903166,252.48195,250.24062,336.72565,-0.5692351,16.549124,0.11210381
2,37,10,0.0069999998,0.03020319,0.013248997,0.012301651,0.0046525407,0.057552144,0.002454712,4.220369,0.6690453,5.8114743,0.12103371,0.11510429,0.004909424,0.11091281,0.017582754,0.06820954,0.0014205786,252.50766,250.43684,336.26965,-0.79007906,16.54307,0.1282738
2,38,10,0.0069999998,0.030916758,0.01377849,0.0125655355,0.004572733,0.058690906,0.002614649,4.265394,0.7090142,5.7614145,-0.014214872,0.11738181,0.005229298,0.1120961,0.018633151,0.06762198,-0.00016684244,252.55457,250.64014,336.96387,-0.6947993,16.54307,0.12175433
2,39,10,0.0069999998,0.03273219,0.015077324,0.013068167,0.0045866994,0.061394878,-0.004068703,4.3498673,0.7174982,5.770206,-0.41320324,0.122789755,-0.008137406,0.11431608,0.018856112,0.067725174,-0.004849787,252.59833,250.75403,337.4828,-0.30429494,16.53728,0.21293648
2,40,10,0.0069999998,0.03342756,0.014453115,0.014382043,0.0045923986,0.060110554,-0.00057210954,4.563299,0.8446027,5.77379,-0.17155534,0.12022111,-0.0011442191,0.119925156,0.022196464,0.06776724,-0.0020135508,252.61157,250.86304,336.8956,-0.67304736,16.53728,0.18106268
2,41,10,0.0069999998,0.032232076,0.0142205,0.013672965,0.004338613,0.05962487,-0.0013558099,4.4493856,0.508686,5.611987,-0.5189244,0.11924974,-0.0027116197,0.11693145,0.01336845,0.06586815,-0.0060906387,252.67163,251.1046,337.4757,0.010238409,16.531858,0.13289921
2,42,10,0.0069999998,0.033568792,0.015387366,0.013822027,0.0043594013,0.06202291,-0.0051651737,4.473573,0.46406913,5.6254153,-0.5795694,0.12404582,-0.010330347,0.117567115,0.012195907,0.066025764,-0.006802435,252.69179,251.17638,337.74716,0.11550027,16.531858,0.19331446
2,43,10,0.0069999998,0.029240932,0.011406571,0.013697366,0.004136994,0.053400774,-0.00040200495,4.453354,0.23212425,5.480039,-0.355066,0.10680155,-0.0008040099,0.11703575,0.006100309,0.06431947,-0.0041674227,252.67021,251.15509,337.00232,0.12294175,16.526657,0.109566726
2,44,10,0.0069999998,0.031349093,0.013161715,0.013785144,0.0044022333,0.05736226,-0.0017462326,4.4676003,0.21233888,5.652984,-0.39373794,0.11472452,-0.0034924652,0.11741015,0.0055803433,0.06634933,-0.004621319,252.7007,251.24986,337.53067,0.18139906,16.526657,0.11067929
2,45,10,0.0069999998,0.031213544,0.01272325,0.014046648,0.0044436464,0.056398693,-0.0026731107,4.5097766,-0.026092626,5.679511,-0.37291494,0.11279739,-0.0053462214,0.11851855,-0.0006857171,0.06666068,-0.0043769176,252.74818,251.40785,338.03867,0.39900756,16.521473,0.12253804
2,46,10,0.0069999998,0.031008255,0.012212926,0.014546004,0.0042493255,0.055256054,-0.0006050067,4.5892377,-0.039051324,5.553941,-0.23572302,0.11051211,-0.0012100134,0.12060682,-0.0010262842,0.06518685,-0.0027666923,252.79578,251.73532,337.70398,0.27477434,16.521473,0.14236331
2,47,10,0.0069999998,0.029866517,0.012964592,0.012924352,0.003977572,0.056931082,-0.00036731514,4.3258653,-0.10937477,5.373413,-0.27879572,0.113862164,-0.0007346303,0.11368532,-0.00287441,0.063067995,-0.0032722407,252.8721,252.02483,338.42984,0.38817048,16.51624,0.20106466
2,48,10,0.0069999998,0.030353101,0.01339716,0.012703639,0.0042523015,0.05787305,-0.0003429436,4.2887697,-0.15268736,5.5558844,-0.23116356,0.1157461,-0.0006858872,0.112710424,-0.0040126774,0.06520967,-0.0027131764,252.93474,252.16722,338.94913,0.38385093,16.51624,0.15987955
2,49,10,0.0069999998,0.027180143,0.010857484,0.01240632,0.003916339,0.052099627,-0.0010084102,4.238285,0.12730044,5.331892,-0.29232055,0.10419925,-0.0020168205,0.11138366,0.003345503,0.06258066,-0.0034309782,252.94867,252.3999,338.3416,0.16502011,16.510946,0.100632705
2,50,10,0.0069999998,0.026081186,0.011050248,0.011318111,0.003712827,0.05256008,-0.0017730376,4.048141,0.09369001,5.1915083,-0.42322615,0.10512016,-0.0035460752,0.10638661,0.0024622069,0.06093297,-0.004967424,252.98062,252.52419,338.83072,0.32953614,16.510946,0.09871118
2,51,10,0.0069999998,0.030380031,0.013568544,0.012856783,0.0039547035,0.058242045,-0.006174215,4.3145432,0.11493641,5.3579435,-0.32558098,0.11648409,-0.01234843,0.113387756,0.0030205722,0.06288643,-0.0038213597,253.04236,252.73557,339.48935,0.21064457,16.505852,0.21052235
2,52,10,0.0069999998,0.02930665,0.011336809,0.013640013,0.0043298276,0.053237226,-0.0035023147,4.4440207,0.08429272,5.6063027,-0.14184262,0.10647445,-0.0070046294,0.116790466,0.002215246,0.06580143,-0.0016648126,253.06572,252.89857,339.0323,0.0575499,16.505852,0.14700095
2,53,10,0.0069999998,0.027689591,0.010238745,0.013354767,0.0040960787,0.050593343,-0.0019108767,4.3973064,-0.26742628,5.4528728,-0.25212216,0.101186685,-0.0038217534,0.11556283,-0.007028058,0.064000614,-0.002959169,253.1039,253.00229,339.45108,0.5195484,16.501213,0.11608917
2,54,10,0.0069999998,0.028366812,0.011499765,0.012432396,0.0044346494,0.05361848,-0.005049122,4.2427373,-0.2506876,5.6737585,-0.25698468,0.10723696,-0.010098244,0.11150066,-0.0065881605,0.06659316,-0.0030162418,253.12915,253.01817,339.81097,0.5076723,16.501213,0.16516316
2,55,10,0.0069999998,0.0254225,0.009115552,0.012046759,0.0042601903,0.0477377,0.0014029029,4.1764164,-0.579087,5.5610356,0.19443342,0.0954754,0.0028058058,0.10975773,-0.0152186155,0.06527013,0.0022820728,253.09659,252.99301,339.17877,0.3846536,16.496965,0.0876395
2,56,10,0.0069999998,0.027724113,0.0128019005,0.0110084005,0.0039138133,0.056572743,0.0016445718,3.9923697,-0.5321364,5.3301725,-0.079176776,0.113145486,0.0032891436,0.10492092,-0.013984738,0.06256048,-0.0009293038,253.06502,252.7711,339.311,0.61131316,16.496965,0.09259968
2,57,10,0.0069999998,0.025537714,0.0100597525,0.011485931,0.0039920304,0.050149158,0.00074413477,4.0780425,-0.60361594,5.3831706,0.08926461,0.100298315,0.0014882695,0.10717244,-0.015863247,0.06318252,0.0010477058,253.0767,252.71706,339.4842,0.5143513,16.492897,0.12284553
2,58,10,0.0069999998,0.02776054,0.009907863,0.013536428,0.0043162475,0.049769126,0.002996081,4.427114,-0.6842076,5.5975037,0.17677747,0.09953825,0.005992162,0.11634616,-0.017981226,0.065698154,0.002074845,253.06136,252.7118,338.793,0.50743014,16.492897,0.13076217
2,59,10,0.0069999998,0.0272763,0.010500079,0.012740039,0.0040361816,0.051234946,0.0039549894,4.2949095,-0.51952076,5.4128575,0.09500823,0.10246989,0.007909979,0.11287178,-0.013653195,0.06353095,0.0011151138,253.08511,252.78548,339.2825,0.42451254,16.488958,0.13307641
2,60,10,0.0069999998,0.027744861,0.011484074,0.012341849,0.0039189383,0.053581886,0.00026271175,4.227258,-0.48647404,5.333662,0.23669764,0.10716377,0.0005254235,0.11109387,-0.012784714,0.062601425,0.0027781304,253.12004,252.9486,339.65826,0.2497764,16.488958,0.106122695
2,61,10,0.0069999998,0.029593788,0.012623733,0.012856626,0.0041134283,0.056177694,0.002827008,4.314517,-0.16793732,5.464409,0.5118808,0.11235539,0.005654016,0.11338706,-0.004413453,0.06413601,0.00600797,253.10258,252.99643,339.00845,-0.34394348,16.48517,0.08429316
2,62,10,0.0069999998,0.027663626,0.011317978,0.012088721,0.004256926,0.05319299,0.0023585113,4.1836834,-0.037716433,5.558905,0.3328644,0.10638598,0.0047170226,0.10994872,-0.0009912006,0.06524512,0.0039068437,253.11348,252.93118,339.73105,-0.29514796,16.48517,0.08976323
2,63,10,0.0069999998,0.025402537,0.00942607,0.011238421,0.0047380454,0.048543975,-0.00059040426,4.0338645,0.005969818,5.864633,0.30747592,0.09708795,-0.0011808085,0.10601142,0.0001568892,0.06883346,0.003608859,253.12752,252.91068,339.79538,-0.31344575,16.481514,0.12185484
2,64,10,0.0069999998,0.027206894,0.009684535,0.012438603,0.005083756,0.049205016,0.0027767902,4.243796,-0.04317096,6.0748224,0.62855655,0.09841003,0.0055535804,0.111528486,-0.0011345462,0.07130046,0.0073773977,253.1189,252.88719,339.01895,-0.58538556,16.481514,0.09849037
2,65,10,0.0069999998,0.026640851,0.011001314,0.011077166,0.004562371,0.052443575,0.004243147,4.00482,0.15781944,5.754883,0.50499535,0.10488715,0.008486294,0.105248116,0.0041475524,0.067545325,0.005927152,253.14267,252.87299,339.2986,-0.6628148,16.478203,0.08906052
2,66,10,0.0069999998,0.030429978,0.012980698,0.012284992,0.005164288,0.05696643,0.0013156193,4.2175097,0.10114597,6.1227484,0.51612914,0.11393286,0.0026312387,0.11083768,0.0026581567,0.07186298,0.0060578343,253.15956,252.8477,339.51862,-0.6172751,16.478203,0.1363234
2,67,10,0.0069999998,0.028226703,0.010092719,0.013365645,0.0047683385,0.050231263,0.004608282,4.399098,-0.03773242,5.883351,0.68405396,0.100462526,0.009216564,0.115609884,-0.000991623,0.06905316,0.008028774,253.13966,252.80035,338.7978,-0.64632154,16.475288,0.09256376
2,68,10,0.0069999998,0.028909244,0.01375301,0.010848066,0.004308167,0.058636613,0.004164119,3.9631894,0.1734775,5.5922613,0.46405238,0.11727323,0.008328238,0.10415405,0.0045590526,0.06563663,0.005446604,253.19867,252.97873,339.07718,-0.63752985,16.475288,0.09748468
2,69,10,0.0069999998,0.02623699,0.011840404,0.010232926,0.00416366,0.05440681,0.00067659444,3.8491833,-0.15450831,5.4976726,0.4724716,0.10881362,0.0013531889,0.101157926,-0.004060535,0.06452643,0.0055454187,253.3119,253.49535,339.89117,-0.3179633,16.472515,0.059657704
2,70,10,0.0069999998,0.025529329,0.010270915,0.011128948,0.004129465,0.050672762,0.0048551485,4.0141697,-0.07705356,5.47505,0.7520297,0.101345524,0.009710297,0.10549383,-0.0020249991,0.064260915,0.008826607,253.36438,253.79155,339.6335,-0.67497617,16.472515,0.10490591
2,71,10,0.0069999998,0.025837896,0.011588834,0.010323181,0.003925881,0.053825725,0.0024683299,3.8661206,0.06639318,5.3383837,0.4677436,0.10765145,0.0049366597,0.10160305,0.0017448387,0.06265685,0.0054899286,253.40556,253.92426,339.8886,-0.5341368,16.46992,0.12133822
2,72,10,0.0069999998,0.027545126,0.012285614,0.01088403,0.0043754815,0.055420246,0.0003705002,3.9697533,-0.006625108,5.6357822,0.28880236,0.11084049,0.0007410004,0.10432655,-0.00017410878,0.066147424,0.0033896866,253.46263,254.11395,340.15143,-0.28217724,16.46992,0.083802246
2,73,10,0.0069999998,0.025685478,0.010035813,0.011499808,0.0041498574,0.050089452,0.0010825661,4.0805054,0.09925582,5.4885526,0.28605825,0.100178905,0.0021651322,0.10723716,0.0026084771,0.06441939,0.0033574782,253.46687,254.13242,339.57245,-0.38531408,16.46746,0.071579814
2,74,10,0.0069999998,0.029383857,0.013633728,0.011638489,0.00411164,0.058381777,0.0021125164,4.105036,0.05705707,5.463221,0.41515878,0.116763555,0.004225033,0.10788183,0.0014994816,0.06412207,0.004872737,253.512,254.29178,340.2055,-0.47221586,16.46746,0.096612394
2,75,10,0.0069999998,0.02531502,0.01171455,0.0096215885,0.003978881,0.054116886,-0.003277932,3.732433,0.07477348,5.3742976,0.2895462,0.10823377,-0.006555864,0.098089695,0.0019650746,0.06307837,0.0033984166,253.5407,254.39087,340.73083,-0.36431968,16.464962,0.06917862
2,76,10,0.0069999998,0.022630243,0.009376494,0.009577046,0.0036767037,0.04841615,-0.0015524876,3.7237837,0.10524114,5.1661916,0.35802513,0.0968323,-0.0031049752,0.097862385,0.002765775,0.060635827,0.0042021577,253.50432,254.36057,340.1137,-0.46326628,16.464962,0.06306045
2,77,10,0.0069999998,0.022111796,0.009733963,0.009290696,0.003087136,0.049330425,-0.0043338286,3.6676917,0.2985114,4.7339,-0.026589056,0.09866085,-0.008667657,0.09638826,0.007844987,0.055562,-0.00031207668,253.48753,254.21957,340.41565,-0.27192232,16.46244,0.094090134
2,78,10,0.0069999998,0.023790512,0.010696596,0.009898895,0.0031950208,0.051712174,-0.0067528444,3.7858381,0.1679239,4.815906,0.12678678,0.10342435,-0.013505689,0.09949319,0.0044131014,0.056524515,0.0014881028,253.48051,254.1235,340.51807,-0.2947107,16.46244,0.13244195
2,79,10,0.0069999998,0.023268785,0.009486933,0.01069593,0.0030859222,0.048700444,-0.0027886906,3.935301,-0.055294566,4.7329693,0.26817527,0.09740089,-0.0055773812,0.10342113,-0.0014531594,0.05555108,0.0031475858,253.42183,253.9053,339.58136,-0.2128807,16.459867,0.06944822
2,80,10,0.0069999998,0.029162442,0.014284283,0.011245304,0.0036328572,0.059758436,-0.002859946,4.0351,-0.07188853,5.135295,0.24416186,0.11951687,-0.005719892,0.106043875,-0.0018892571,0.06027319,0.0028657408,253.43361,253.84236,339.8714,-0.17227334,16.459867,0.07805319
2,81,10,0.0069999998,0.025543172,0.010537658,0.010578012,0.0044275024,0.051326547,-0.0040559475,3.9135482,-0.40764934,5.669184,0.3680083,0.10265309,-0.008111895,0.10284946,-0.010713173,0.06653948,0.004319329,253.51006,254.09206,340.50806,0.039641052,16.457176,0.104628
2,82,10,0.0069999998,0.023538917,0.009510043,0.010061666,0.0039672074,0.048759725,-0.0023462435,3.816837,-0.4322522,5.3664074,0.4610547,0.09751945,-0.004692487,0.10030786,-0.011359745,0.06298577,0.005411422,253.54715,254.30724,340.07822,-0.028802514,16.457176,0.09014981
2,83,10,0.0069999998,0.025848383,0.013079516,0.009251524,0.003517343,0.057182856,-0.0022880924,3.6599512,0.032469433,5.0529914,0.31326982,0.11436571,-0.004576185,0.09618484,0.00085331214,0.05930719,0.0036768618,253.61423,254.5898,340.64734,-0.34573925,16.454475,0.08225874
2,84,10,0.0069999998,0.023182662,0.009508158,0.009585504,0.0040889997,0.048754893,-0.002936466,3.725428,-0.24410202,5.4481583,0.46627304,0.09750979,-0.005872932,0.09790559,-0.0064150863,0.063945286,0.005472668,253.63148,254.599,340.98004,-0.22217102,16.454475,0.08641152
2,85,10,0.0069999998,0.023978595,0.008683823,0.010910844,0.0043839263,0.046593517,-0.00018444296,3.9746401,0.18827696,5.6412177,0.6018193,0.093187034,-0.00036888593,0.10445499,0.004947989,0.06621122,0.0070635797,253.59174,254.43427,340.06412,-0.7900962,16.451939,0.117760785
2,86,10,0.0069999998,0.02340722,0.009965637,0.009560682,0.0038809034,0.049914017,0.00095867645,3.720601,0.37390074,5.3077154,0.46132913,0.099828035,0.0019173529,0.09777874,0.009826245,0.062296897,0.0054146424,253.60043,254.39368,340.11237,-0.8352299,16.451939,0.12512514
2,87,10,0.0069999998,0.023875374,0.012392286,0.007710522,0.0037725656,0.055660322,-0.0018971825,3.3412623,0.37499487,5.2331066,0.37634918,0.111320645,-0.003794365,0.08780958,0.009855002,0.061421216,0.0044172266,253.61801,254.41698,340.4094,-0.7513441,16.449686,0.112015344
2,88,10,0.0069999998,0.022805214,0.009918282,0.009191929,0.0036950042,0.049795285,0.00031244574,3.6481442,0.31371984,5.1790333,0.49656916,0.09959057,0.0006248915,0.09587455,0.008244671,0.060786545,0.005828254,253.5784,254.35114,339.71912,-0.810289,16.449686,0.095020086
2,89,10,0.0069999998,0.022629721,0.009606224,0.009503087,0.0035204107,0.049005672,0.000449978,3.7093775,-0.009895768,5.0551944,0.3744796,0.098011345,0.000899956,0.09748378,-0.0002600655,0.05933305,0.0043952838,253.55197,254.16458,339.78378,-0.36458382,16.44775,0.0745402
2,90,10,0.0069999998,0.02257132,0.009952808,0.008927757,0.0036907545,0.04988188,-0.0011750379,3.595339,-0.10147255,5.1760535,0.5437644,0.09976376,-0.0023500759,0.09448681,-0.0026667356,0.06075158,0.0063821883,253.52896,254.01756,340.00095,-0.44229186,16.44775,0.084581055
2,91,10,0.0069999998,0.023139918,0.01081044,0.008558347,0.0037711326,0.051986635,0.0011755183,3.52017,-0.41853875,5.2321134,0.6523942,0.10397327,0.0023510365,0.09251133,-0.01099935,0.061409548,0.00765718,253.50525,253.99617,339.47885,-0.23385543,16.445936,0.12825991
2,92,10,0.0069999998,0.022193644,0.009352917,0.008893332,0.0039473963,0.04835524,0.0010139579,3.5884008,-0.3402602,5.352992,0.548002,0.09671048,0.0020279158,0.094304465,-0.008942161,0.06282831,0.0064319265,253.56073,254.13425,339.96347,-0.2077418,16.445936,0.13041022
2,93,10,0.0069999998,0.023371391,0.01093862,0.008710441,0.0037223287,0.05229393,-0.0016429542,3.5513113,-0.38937947,5.1981473,0.47991472,0.10458786,-0.0032859084,0.09332974,-0.010233033,0.06101089,0.005632781,253.64201,254.52588,340.55872,-0.09053525,16.443993,0.10141873
2,94,10,0.0069999998,0.021073328,0.008822193,0.0089474,0.0033037346,0.046963267,0.00023939916,3.5992923,-0.50504005,4.8971543,0.60756606,0.093926534,0.00047879832,0.0945907,-0.013272635,0.057478122,0.00713103,253.65584,254.68521,340.19812,-0.10252601,16.443993,0.10524823
2,95,10,0.0069999998,0.020646594,0.008439455,0.008662828,0.003544313,0.045933254,0.0008609595,3.541592,0.004984817,5.0723276,0.5443478,0.09186651,0.001721919,0.093074314,0.00013100145,0.059534132,0.006389034,253.6974,254.83339,340.67838,-0.5493326,16.442106,0.07226933
2,96,10,0.0069999998,0.022374138,0.010181735,0.008353082,0.0038393205,0.050452292,0.0002850543,3.4776998,-0.039603632,5.279203,0.816879,0.100904584,0.0005701086,0.0913952,-0.0010407974,0.06196225,0.009587746,253.7021,254.76065,340.8797,-0.7772753,16.442106,0.07292319
2,97,10,0.0069999998,0.022446755,0.008720077,0.009740704,0.0039859754,0.046690676,0.00061773707,3.755466,0.39194557,5.3790855,0.7150123,0.09338135,0.0012354741,0.098695,0.010300472,0.06313458,0.008392133,253.66876,254.6699,340.28137,-1.1069579,16.44035,0.12380678
2,98,10,0.0069999998,0.021140056,0.008888762,0.008450059,0.0038012334,0.047140118,9.194581e-5,3.4978285,0.56627893,5.252953,0.45502,0.094280235,0.00018389162,0.091924205,0.014882018,0.061654143,0.00534059,253.70079,254.7385,340.5809,-1.0212989,16.44035,0.13884945
2,99,10,0.0069999998,0.021883057,0.009758512,0.008831626,0.0032929196,0.04939259,-0.0018766539,3.5759299,0.32205448,4.889132,0.2571896,0.09878518,-0.0037533077,0.09397673,0.008463707,0.057383966,0.0030186465,253.72261,254.84114,340.70285,-0.5792441,16.438803,0.1254363
2,100,10,0.0069999998,0.023687694,0.009302496,0.010979365,0.0034058334,0.048224725,-0.00072780566,3.9871013,0.2382837,4.97225,0.38461742,0.09644945,-0.0014556113,0.10478246,0.006262182,0.05835952,0.0045142723,253.6745,254.70213,339.89062,-0.6229011,16.438803,0.092857465
3,1,10,0.0048999996,0.03148277,0.011524032,0.014533188,0.005425551,0.053675022,0.002798888,4.587215,-0.8177085,6.275714,1.7862438,0.107350044,0.005597776,0.12055367,-0.021489672,0.07365834,0.020965228,253.85855,255.33807,342.04742,-0.9685353,16.437395,0.16055652
3,2,10,0.0048999996,0.0252055,0.010211218,0.011045154,0.0039491276,0.050525285,0.00024361201,3.9990296,-0.39112824,5.354166,1.2089763,0.10105057,0.00048722402,0.10509593,-0.01027899,0.062842086,0.014189806,253.80159,255.06902,342.0885,-0.817848,16.437395,0.12902747
3,3,10,0.0048999996,0.024942694,0.012291955,0.009125693,0.0035250464,0.055434544,-0.0017756209,3.6349764,-0.43401998,5.0585213,0.9698354,0.11086909,-0.0035512417,0.09552849,-0.011406199,0.0593721,0.011383003,253.71303,254.55504,341.8879,-0.5358154,16.436275,0.16217554
3,4,10,0.0048999996,0.0244134,0.010556113,0.010365593,0.0034916915,0.051371474,0.0016148286,3.874055,-0.40858442,5.0345325,0.9001801,0.10274295,0.0032296572,0.10181156,-0.010737745,0.059090536,0.010565454,253.57932,254.07188,340.37338,-0.4915957,16.436275,0.14758176
3,5,10,0.0048999996,0.026148591,0.009926475,0.0125639895,0.0036581263,0.04981585,-0.0002654839,4.265132,-0.10050799,5.1531234,0.5624421,0.0996317,-0.0005309678,0.1120892,-0.0026413829,0.060482446,0.00660141,253.51993,253.7725,340.47064,-0.46193415,16.434883,0.1611483
3,6,10,0.0048999996,0.030222742,0.013598606,0.012988982,0.0036351555,0.05830653,-0.0012831353,4.3366685,-0.3589399,5.136919,0.54719245,0.11661306,-0.0025662705,0.113969214,-0.009433072,0.06029225,0.0064224224,253.50975,253.71101,340.59967,-0.18825257,16.434883,0.19589788
3,7,10,0.0048999996,0.02499661,0.010446608,0.010929512,0.0036204911,0.051104326,0.0013792298,3.9780397,-0.094036564,5.126547,0.45924413,0.10220865,0.0027584597,0.104544304,-0.0024713133,0.060170516,0.0053901696,253.48619,253.70284,340.0035,-0.36520755,16.433094,0.14154905
3,8,10,0.0048999996,0.026631242,0.011319576,0.011445019,0.0038666457,0.053196747,0.00057758973,4.070773,-0.006183894,5.297957,0.24068771,0.10639349,0.0011551795,0.1069814,-0.00016251356,0.06218236,0.0028249614,253.50252,253.68643,340.68323,-0.23450382,16.433094,0.14491077
3,9,10,0.0048999996,0.025949255,0.012303458,0.01031613,0.0033296675,0.055460475,-0.001400273,3.8648005,0.30461544,4.916337,0.22826675,0.11092095,-0.002800546,0.10156835,0.008005403,0.05770327,0.0026791787,253.50659,253.63718,340.7845,-0.5328822,16.430809,0.09866667
3,10,10,0.0048999996,0.023961695,0.009929223,0.010761023,0.0032714496,0.049822744,0.00026758964,3.9472578,0.48169538,4.8731675,0.20691982,0.09964549,0.0005351793,0.10373535,0.012659127,0.057196587,0.0024286292,253.47427,253.50345,339.97006,-0.6886152,16.430809,0.12643428
3,11,10,0.0048999996,0.024159698,0.007852699,0.012813805,0.0034931952,0.044307727,-0.00012252018,4.307326,0.9554459,5.0356164,0.033342842,0.088615455,-0.00024504037,0.11319808,0.025109462,0.059103258,0.00039134664,253.51877,253.64925,340.28247,-0.9887887,16.428247,0.16231826
3,12,10,0.0048999996,0.027737254,0.011370284,0.013032693,0.003334278,0.053315766,-0.0027662828,4.3439593,0.8771339,4.9197392,0.054922625,0.10663153,-0.0055325655,0.11416082,0.023051394,0.057743207,0.00064462906,253.59996,254.01227,340.70694,-0.93205655,16.428247,0.15350263
3,13,10,0.0048999996,0.02184612,0.009059948,0.0096153775,0.0031707946,0.04759188,3.422473e-5,3.7312284,0.5970922,4.7976136,-0.08542051,0.09518376,6.844946e-5,0.09805803,0.015691798,0.056309808,-0.0010025832,253.6261,254.23418,340.45316,-0.5116717,16.425493,0.12826394
3,14,10,0.0048999996,0.02075888,0.0084681185,0.00903553,0.0032552306,0.04601119,-0.0013681512,3.6169748,0.8581099,4.8610725,-0.23572864,0.09202238,-0.0027363023,0.0950554,0.022551438,0.057054628,-0.0027667573,253.62767,254.23161,340.92496,-0.62238127,16.425493,0.14019348
3,15,10,0.0048999996,0.018920053,0.008758836,0.007401602,0.0027596157,0.04679433,-0.0047068014,3.2736447,0.22164305,4.4757466,-0.49145588,0.09358866,-0.009413603,0.08603256,0.0058248597,0.052532043,-0.005768238,253.5739,253.98766,340.99295,0.26981282,16.422453,0.08474777
3,16,10,0.0048999996,0.018532714,0.0083690705,0.0074294764,0.002734167,0.045741312,-0.0031585142,3.2798033,0.14320393,4.4550614,-0.52798367,0.091482624,-0.0063170283,0.08619441,0.0037634517,0.052289262,-0.0061969697,253.49854,253.73709,340.16327,0.38477975,16.422453,0.095288105
3,17,10,0.0048999996,0.01823907,0.007762884,0.0075163627,0.0029598242,0.044053614,-0.004561812,3.2989256,-0.29140308,4.635261,-0.9400291,0.08810723,-0.009123624,0.08669696,-0.007658178,0.054404266,-0.011033164,253.45432,253.43826,340.49582,1.2314322,16.419073,0.094561525
3,18,10,0.0048999996,0.0204709,0.010559788,0.0070318677,0.002879246,0.051380415,-0.0063021863,3.1908326,-0.32357025,4.57173,-1.1328288,0.10276083,-0.012604373,0.08385623,-0.008503543,0.053658605,-0.013296063,253.37251,253.01077,340.24768,1.4563991,16.419073,0.14836387
3,19,10,0.0048999996,0.019477278,0.010255217,0.006390399,0.002831663,0.050634023,-0.0035898287,3.0418136,-0.54194146,4.533797,-1.2475586,0.101268046,-0.0071796575,0.07993997,-0.014242414,0.053213373,-0.014642653,253.29073,252.74692,339.0939,1.7895,16.41539,0.13009311
3,20,10,0.0048999996,0.016454242,0.0060641333,0.0072820066,0.0031081028,0.038936272,-0.0044115838,3.2470891,-0.34872413,4.7499485,-1.3548136,0.077872545,-0.0088231675,0.08533467,-0.009164597,0.055750363,-0.015901508,253.29097,252.69974,339.43552,1.7035377,16.41539,0.114827394
3,21,10,0.0048999996,0.020159133,0.0095801875,0.0077560106,0.0028229363,0.048939217,-0.0038836515,3.3511035,-0.45811924,4.5268044,-1.5115911,0.097878434,-0.007767303,0.08806822,-0.012039539,0.053131312,-0.017741617,253.26288,252.56593,339.48572,1.9697104,16.411354,0.13722621
3,22,10,0.0048999996,0.017630327,0.008113073,0.006648676,0.0028685785,0.0450363,-0.0025485752,3.102675,-0.2717526,4.563253,-1.4380282,0.0900726,-0.0050971503,0.081539415,-0.0071417573,0.053559113,-0.016878203,253.1937,252.32846,338.62067,1.7097808,16.411354,0.09894975
3,23,10,0.0048999996,0.016728647,0.0064818286,0.007114786,0.003132032,0.040254902,-0.00050443097,3.2095902,0.044567253,4.7681985,-1.4319062,0.080509804,-0.0010088619,0.08434919,0.0011712421,0.05596456,-0.01680635,253.18541,252.24187,338.98737,1.387339,16.40715,0.11307197
3,24,10,0.0048999996,0.019813117,0.0091533195,0.0074184025,0.0032413946,0.04783649,-0.0010620109,3.277358,-0.063548386,4.850731,-1.5086966,0.09567298,-0.0021240218,0.08613015,-0.0016700755,0.056933247,-0.017707638,253.16357,252.09766,339.06424,1.5722449,16.40715,0.1277689
3,25,10,0.0048999996,0.015997713,0.0069407797,0.006123904,0.0029330296,0.04165567,0.0029095062,2.977713,0.12707703,4.614232,-1.3553935,0.08331134,0.0058190124,0.07825538,0.00333963,0.05415745,-0.015908314,253.09564,251.87654,338.179,1.2283165,16.402962,0.11634835
3,26,10,0.0048999996,0.017497813,0.007499979,0.00690055,0.0030972841,0.04330121,0.0018194951,3.1608982,0.22218649,4.7416744,-1.5663009,0.08660242,0.0036389902,0.08306955,0.0058391397,0.055653248,-0.018383743,253.06416,251.72136,338.2684,1.3441144,16.402962,0.13392076
3,27,10,0.0048999996,0.018926147,0.009679696,0.0061963145,0.0030501364,0.049192723,0.0025463686,2.9952657,0.07712797,4.7054467,-1.5165617,0.098385446,0.0050927373,0.07871667,0.0020269507,0.05522804,-0.017799955,253.05498,251.64816,338.366,1.4394338,16.398785,0.07155603
3,28,10,0.0048999996,0.017914137,0.008873681,0.00567018,0.0033702755,0.047100108,0.0038650916,2.8652802,0.24102436,4.946225,-1.6314578,0.094200216,0.007730183,0.0753006,0.0063342066,0.058054075,-0.019148497,253.02975,251.64224,337.67648,1.3904334,16.398785,0.09855506
3,29,10,0.0048999996,0.017265081,0.007874117,0.0063087875,0.003082176,0.04436811,0.004321201,3.0223281,0.34355128,4.730096,-1.5825275,0.08873622,0.008642402,0.079427876,0.009028651,0.05551735,-0.018574195,253.03227,251.63368,338.2388,1.2389762,16.394554,0.11140215
3,30,10,0.0048999996,0.01824601,0.008226111,0.0067608566,0.0032590418,0.045348953,0.003856293,3.1287405,0.12586586,4.863917,-1.593589,0.09069791,0.007712586,0.08222443,0.0033078007,0.057088017,-0.018704025,253.01472,251.51839,338.3608,1.4677231,16.394554,0.09002003
3,31,10,0.0048999996,0.018615361,0.008985042,0.006462444,0.0031678746,0.04739473,0.004953219,3.0589128,0.08525854,4.795404,-1.4140618,0.09478946,0.009906438,0.08038933,0.002240626,0.056283876,-0.016596904,252.97356,251.33798,337.60013,1.3288033,16.390139,0.14802293
3,32,10,0.0048999996,0.01783786,0.007872663,0.0071586617,0.002806534,0.044364017,0.0038692765,3.2194712,0.17649506,4.513634,-1.4388968,0.08872803,0.007738553,0.084608875,0.0046383534,0.05297673,-0.016888397,252.97285,251.27106,337.7156,1.2624017,16.390139,0.13770625
3,33,10,0.0048999996,0.016953832,0.008352858,0.006129699,0.002471274,0.045696985,0.0032425583,2.979122,-0.13911721,4.2354703,-1.4111227,0.09139397,0.0064851167,0.07829239,-0.003656052,0.04971191,-0.016562412,252.95146,251.17598,337.58972,1.5502399,16.385406,0.10318722
3,34,10,0.0048999996,0.019089453,0.009589538,0.006577115,0.002922799,0.048963092,0.0046015587,3.0859323,-0.040858798,4.606178,-1.4616979,0.097926185,0.009203117,0.08109941,-0.0010737813,0.054062918,-0.017156016,252.88416,251.00351,336.51392,1.5025567,16.385406,0.11118739
3,35,10,0.0048999996,0.017997665,0.007735383,0.0068796193,0.0033826618,0.043975513,0.0031316218,3.156101,0.101887,4.9553065,-1.3109282,0.08795103,0.0062632435,0.08294347,0.0026776285,0.058160655,-0.015386422,252.85945,250.76567,336.63736,1.2090412,16.380507,0.07152856
3,36,10,0.0048999996,0.021279445,0.010237272,0.007193467,0.0038487047,0.050589703,0.00263898,3.2272882,-0.20789361,5.2856517,-1.355073,0.101179406,0.00527796,0.08481431,-0.0054635215,0.06203793,-0.015904551,252.86215,250.71428,336.7779,1.5629666,16.380507,0.09642614
3,37,10,0.0048999996,0.019732308,0.0087611955,0.007278078,0.0036930356,0.04680063,0.0028123013,3.246213,-0.058851667,5.1776533,-0.961356,0.09360126,0.0056246025,0.08531165,-0.001546643,0.06077035,-0.011283477,252.86679,250.83392,336.3688,1.0202076,16.375666,0.09703172
3,38,10,0.0048999996,0.019293353,0.008182474,0.0073698144,0.0037410639,0.045228515,0.0018860195,3.2666078,0.039883316,5.2112126,-0.95748955,0.09045703,0.003772039,0.08584762,0.0010481513,0.061164238,-0.011238101,252.88171,250.87105,336.89963,0.91760623,16.375666,0.096525446
3,39,10,0.0048999996,0.020096749,0.009481601,0.006760706,0.0038544422,0.048686758,-0.000112536785,3.1287057,-0.102594204,5.28959,-0.8856348,0.097373515,-0.00022507357,0.08222351,-0.0026962128,0.062084153,-0.010394736,252.82208,250.61887,336.75818,0.988229,16.37094,0.09635564
3,40,10,0.0048999996,0.020642666,0.0093139,0.0071818396,0.0041469266,0.048254274,0.0019047097,3.2246792,-0.057167023,5.4866138,-0.9454027,0.09650855,0.0038094195,0.084745735,-0.0015023679,0.064396635,-0.011096234,252.71277,250.19678,335.56802,1.0025697,16.37094,0.09331832
3,41,10,0.0048999996,0.019577632,0.008075118,0.0073973793,0.004105134,0.04493083,0.0012770721,3.2727106,0.09484834,5.4588976,-0.8068758,0.08986166,0.0025541442,0.08600802,0.0024926488,0.06407132,-0.009470335,252.68797,250.03941,335.6239,0.7120275,16.36637,0.07316109
3,42,10,0.0048999996,0.023199013,0.01066804,0.008257188,0.0042737853,0.051643103,0.0008036567,3.4576793,-0.15986155,5.5699024,-0.9567481,0.10328621,0.0016073134,0.09086907,-0.004201218,0.065374196,-0.011229393,252.65373,249.89667,335.56683,1.1166097,16.36637,0.104890145
3,43,10,0.0048999996,0.020644719,0.009072563,0.0073327213,0.004239435,0.047625,0.0015328731,3.2583766,-0.04840755,5.5474725,-0.59628,0.09525,0.0030657463,0.08563131,-0.0012721681,0.065110944,-0.0069985664,252.62013,249.84,335.01184,0.64468753,16.36185,0.07271034
3,44,10,0.0048999996,0.01945802,0.007846839,0.0073066517,0.00430453,0.04429119,0.0007479276,3.2525792,-0.09989083,5.5899005,-0.56070715,0.08858238,0.0014958552,0.085478954,-0.0026251662,0.06560892,-0.006581044,252.63324,249.90321,335.4496,0.660598,16.36185,0.07172279
3,45,10,0.0048999996,0.022973364,0.011083608,0.0072801425,0.004609614,0.052639358,0.000770484,3.2466736,-0.020219654,5.7846017,-0.24766777,0.105278715,0.001540968,0.08532375,-0.0005313796,0.06789414,-0.002906889,252.62912,249.84195,335.6471,0.2678874,16.357246,0.0638495
3,46,10,0.0048999996,0.02157212,0.008546241,0.008072293,0.004953586,0.04622294,0.0016817435,3.4187486,0.10438034,5.9965444,-0.10557695,0.09244588,0.003363487,0.08984594,0.002743152,0.070381716,-0.0012391628,252.61092,249.71584,335.0917,0.001196608,16.357246,0.089441046
3,47,10,0.0048999996,0.022554582,0.009365696,0.008458149,0.0047307373,0.048388265,0.000899777,3.4995022,0.4515241,5.8601074,0.11616052,0.09677653,0.001799554,0.09196819,0.0118662175,0.068780355,0.0013633834,252.64954,249.84348,335.62878,-0.56768465,16.352547,0.12061982
3,48,10,0.0048999996,0.023557555,0.0091875745,0.009994753,0.0043752273,0.04792592,0.0008346729,3.8041246,0.3563503,5.6356177,0.018651018,0.09585184,0.0016693458,0.09997376,0.009365016,0.0661455,0.00021890679,252.62119,249.83327,335.5236,-0.3750013,16.352547,0.10171036
3,49,10,0.0048999996,0.022679646,0.008518125,0.010020744,0.004140775,0.046146844,-0.0001332343,3.8090672,0.5881454,5.482543,0.08516624,0.09229369,-0.0002664686,0.10010367,0.015456673,0.064348854,0.0009995993,252.55386,249.63286,334.442,-0.6733116,16.34764,0.10257229
3,50,10,0.0048999996,0.023338113,0.0088868905,0.00996628,0.0044849417,0.047135152,0.00015882305,3.798702,0.75380623,5.70584,0.21742356,0.094270304,0.0003176461,0.09983126,0.019810297,0.06696971,0.0025519105,252.54828,249.5666,334.7128,-0.9712298,16.34764,0.111428075
3,51,10,0.0048999996,0.021896722,0.008428705,0.008626947,0.0048410688,0.04590399,-0.0010200519,3.5342495,0.4562904,5.9280496,0.1174621,0.09180798,-0.0020401038,0.09288136,0.011991476,0.06957779,0.0013786579,252.564,249.64067,334.95264,-0.5737525,16.342604,0.11511349
3,52,10,0.0048999996,0.025777679,0.010146918,0.009960654,0.005670107,0.050365955,-0.0015326681,3.7976294,0.43265542,6.4155936,-0.07756543,0.10073191,-0.0030653363,0.099803075,0.011370341,0.07530011,-0.0009103875,252.5664,249.70387,334.36084,-0.35509,16.342604,0.15260032
3,53,10,0.0048999996,0.023797277,0.0092145465,0.009248244,0.005334487,0.047996216,-0.0024147877,3.6593025,0.44684547,6.2228246,0.077292934,0.09599243,-0.0048295753,0.09616779,0.0117432615,0.07303757,0.0009071923,252.6048,249.85709,334.93698,-0.5241384,16.337732,0.110785425
3,54,10,0.0048999996,0.026726186,0.011979383,0.009086929,0.005659875,0.054725185,-0.0020664562,3.627248,0.2510586,6.409802,0.12900212,0.10945037,-0.0041329125,0.09532539,0.0065979115,0.07523214,0.0015141037,252.60054,249.92131,334.9207,-0.38006073,16.337732,0.15180826
3,55,10,0.0048999996,0.027062433,0.011167936,0.009605441,0.006289055,0.052839227,0.0007137674,3.7292998,-0.04103833,6.756688,0.26349378,0.105678454,0.0014275349,0.09800735,-0.001078503,0.07930356,0.00309264,252.54633,249.74765,333.9865,-0.22245544,16.333138,0.11499823
3,56,10,0.0048999996,0.028545447,0.011556239,0.009865589,0.007123619,0.053749975,0.0010291691,3.7794635,-0.22886685,7.1910377,0.18506654,0.10749995,0.0020583381,0.09932567,-0.0060147024,0.08440153,0.002172136,252.57066,249.77127,334.36002,0.04380031,16.333138,0.14476807
3,57,10,0.0048999996,0.028439187,0.011138609,0.01052697,0.006773608,0.052769803,0.0042923093,3.9040947,-0.5887681,7.012151,0.278409,0.105539605,0.008584619,0.10260102,-0.01547304,0.08230193,0.003267699,252.5858,249.90329,334.6074,0.31035912,16.328835,0.1353587
3,58,10,0.0048999996,0.026345396,0.010450841,0.009812915,0.006081641,0.05111468,0.00474127,3.7693605,-0.51562387,6.644336,0.2704619,0.10222936,0.00948254,0.099060155,-0.013550783,0.07798488,0.003174423,252.53258,249.77386,334.0045,0.24516198,16.328835,0.15695861
3,59,10,0.0048999996,0.02411831,0.011249783,0.0073515484,0.0055169775,0.0530325,0.006025434,3.262557,-0.36546695,6.328369,0.33711365,0.106065,0.012050868,0.08574117,-0.009604605,0.07427636,0.0039567184,252.50339,249.51642,334.30133,0.028353304,16.3247,0.20476592
3,60,10,0.0048999996,0.026243359,0.011687986,0.009006839,0.005548533,0.054055493,0.0056422376,3.611228,-0.55423975,6.3464413,0.2933212,0.10811099,0.011284475,0.09490437,-0.01456562,0.074488476,0.0034427214,252.50916,249.51453,334.44446,0.26091856,16.3247,0.19233203
3,61,10,0.0048999996,0.025267718,0.010565549,0.009649857,0.0050523113,0.05139443,0.0038246084,3.7379122,0.009142659,6.0560055,0.23168702,0.10278886,0.007649217,0.098233685,0.00024027309,0.07107961,0.002719322,252.47163,249.4489,333.84875,-0.24082968,16.320621,0.09968409
3,62,10,0.0048999996,0.023621608,0.010027731,0.008790433,0.004803444,0.05006928,0.0030618533,3.5675805,0.040965263,5.9049687,0.23938619,0.10013856,0.0061237067,0.09375731,0.0010765818,0.06930688,0.0028096868,252.43872,249.27545,334.285,-0.28035146,16.320621,0.1400903
3,63,10,0.0048999996,0.022300245,0.009050771,0.008841637,0.004407838,0.04756777,-0.00045646366,3.5779562,0.21025367,5.6565804,0.017974237,0.09513554,-0.0009129273,0.09402998,0.0055255415,0.06639155,0.00021096732,252.36604,248.97574,334.1953,-0.22822791,16.316505,0.16501395
3,64,10,0.0048999996,0.02403833,0.009791447,0.0097498875,0.004496996,0.04947587,-0.00036644124,3.757236,0.27845606,5.713503,0.031538762,0.09895174,-0.0007328825,0.09874152,0.007317927,0.06705964,0.00037017194,252.27167,248.67038,333.19424,-0.30999482,16.316505,0.17137888
3,65,10,0.0048999996,0.024810612,0.011592186,0.00859292,0.0046255062,0.053833507,-0.0018627996,3.527273,0.35840467,5.794565,0.15178797,0.107667014,-0.0037255993,0.09269801,0.009419006,0.068011075,0.0017815403,252.25375,248.56439,333.44904,-0.51019263,16.312387,0.20086515
3,66,10,0.0048999996,0.02469573,0.011005608,0.008187289,0.0055028326,0.05245381,-0.0011070563,3.443014,0.1477623,6.320251,0.17832573,0.10490762,-0.0022141126,0.09048364,0.003883247,0.07418108,0.0020930178,252.27318,248.67645,333.35532,-0.326088,16.312387,0.22684444
3,67,10,0.0048999996,0.022921124,0.009517699,0.008083795,0.0053196307,0.048779346,0.0003435309,3.421183,-0.22650813,6.2141533,0.25365478,0.09755869,0.0006870618,0.089909926,-0.005952716,0.0729358,0.0029771598,252.28177,248.83212,332.95636,-0.027146652,16.308466,0.12787238
3,68,10,0.0048999996,0.025425453,0.010624129,0.009301162,0.005500161,0.05153671,-0.00012175302,3.6697564,-0.11036123,6.318718,0.040457986,0.10307342,-0.00024350605,0.096442536,-0.002900334,0.07416307,0.00047485877,252.29169,248.94524,333.35077,0.06990325,16.308466,0.13039778
3,69,10,0.0048999996,0.026561998,0.011521149,0.009223891,0.005816956,0.05366831,0.003873521,3.6544814,-0.51884216,6.498141,0.13952263,0.10733662,0.007747042,0.09604109,-0.013635356,0.07626897,0.001637581,252.2601,248.93245,333.16293,0.37931955,16.304852,0.13253126
3,70,10,0.0048999996,0.02829481,0.012079246,0.010040368,0.0061751944,0.05495281,0.004568644,3.8127954,-0.5554336,6.6952457,0.23493248,0.10990562,0.009137288,0.10020164,-0.014596992,0.078582406,0.0027574115,252.21921,248.77809,332.26935,0.3205011,16.304852,0.15106218
3,71,10,0.0048999996,0.031379163,0.013483352,0.01151979,0.0063760206,0.058058918,0.006574885,4.0840487,-0.83899003,6.8032446,0.4057319,0.116117835,0.01314977,0.107330285,-0.02204896,0.07984999,0.0047620973,252.25604,248.84967,332.92673,0.43325815,16.301556,0.27119425
3,72,10,0.0048999996,0.032891136,0.012623162,0.013444312,0.006823663,0.056176424,0.0053279437,4.412025,-1.0708185,7.038013,0.25928706,0.11235285,0.010655887,0.11594961,-0.028141493,0.082605466,0.0030432662,252.27377,248.80272,333.1156,0.8115315,16.301556,0.22626378
3,73,10,0.0048999996,0.031566657,0.01170486,0.013183569,0.0066782283,0.0540945,0.005052152,4.369031,-0.68567306,6.9626064,0.2332553,0.108189,0.010104304,0.11481972,-0.018019734,0.08172043,0.002737728,252.28294,248.86435,332.6708,0.45241776,16.29855,0.24196151
3,74,10,0.0048999996,0.032552835,0.013845655,0.011776993,0.006930187,0.05883378,0.0040007643,4.12939,-0.5044201,7.0927343,0.16447888,0.11766756,0.008001529,0.10852186,-0.01325634,0.08324774,0.0019304933,252.29417,248.94778,333.0116,0.3399412,16.29855,0.141795
3,75,10,0.0048999996,0.03351337,0.013524554,0.0125889685,0.007399848,0.058147557,0.0006703465,4.2693696,-0.023154384,7.329134,-0.16486186,0.116295114,0.001340693,0.11220057,-0.0006085056,0.08602237,-0.0019349889,252.24036,248.79115,332.73273,0.18801624,16.295635,0.14557318
3,76,10,0.0048999996,0.03648506,0.013445509,0.015609125,0.007430428,0.057977386,4.511906e-5,4.753987,0.16645522,7.344262,-0.018987868,0.11595477,9.023812e-5,0.124936484,0.004374502,0.08619993,-0.00022286236,252.1728,248.52351,332.17444,-0.14746736,16.295635,0.13543193
3,77,10,0.0048999996,0.03323391,0.013773124,0.012525464,0.006935321,0.058679476,0.0004358786,4.258588,0.6031827,7.0953608,-0.09921284,0.11735895,0.0008717572,0.11191722,0.015851857,0.083278574,-0.0011644665,252.14299,248.33925,332.59644,-0.50396985,16.29273,0.1658747
3,78,10,0.0048999996,0.03477154,0.012697713,0.0144564565,0.007617369,0.056342065,-7.690188e-5,4.5750895,0.38795525,7.436075,-0.109659754,0.11268413,-0.00015380376,0.120235,0.010195605,0.08727754,-0.001287081,252.11276,248.25201,332.80478,-0.2782955,16.29273,0.196437
3,79,10,0.0048999996,0.036697097,0.012280926,0.017122054,0.0072941184,0.05540967,-0.000508472,4.979051,0.26174682,7.2765856,-0.015464956,0.11081934,-0.001016944,0.13085127,0.006878802,0.08540561,-0.0001815151,252.04868,248.15524,332.00455,-0.24628186,16.289799,0.15867543
3,80,10,0.0048999996,0.03496675,0.0136255445,0.014165491,0.007175715,0.058364253,0.00031271012,4.5288143,0.41049773,7.217284,0.0031825942,0.11672851,0.00062542025,0.11901887,0.010788028,0.08470959,3.7352544e-5,252.02025,247.98074,331.97714,-0.41368032,16.289799,0.16245973
3,81,10,0.0048999996,0.036253463,0.013267723,0.015216195,0.0077695455,0.0575928,0.0027074197,4.693769,-0.30989185,7.5099835,0.16642076,0.1151856,0.0054148394,0.12335394,-0.00814407,0.088145025,0.0019532866,252.05766,248.17133,331.95273,0.14347109,16.286871,0.08450292
3,82,10,0.0048999996,0.038988948,0.012706871,0.018239431,0.008042643,0.05636238,0.002682462,5.138949,-0.21782884,7.640831,0.22709912,0.11272476,0.005364924,0.13505344,-0.0057246215,0.08968078,0.0026654715,252.09201,248.39186,331.6832,-0.009270281,16.286871,0.07500058
3,83,10,0.0048999996,0.039733395,0.017223636,0.014975992,0.007533768,0.065619424,0.0031642583,4.656574,-0.66077167,7.3951564,0.51541895,0.13123885,0.0063285166,0.122376435,-0.017365316,0.08679728,0.0060494957,252.14134,248.52774,332.32086,0.14535272,16.284098,0.21517345
3,84,10,0.0048999996,0.041185185,0.014978767,0.018342748,0.007863669,0.061193887,0.0028539351,5.1534834,-0.9456283,7.5553365,0.43437192,0.122387774,0.0057078702,0.1354354,-0.024851454,0.08867733,0.0050982446,252.20436,248.89398,332.75458,0.51125634,16.284098,0.17171435
3,85,10,0.0048999996,0.039881904,0.013501531,0.019230604,0.007149767,0.058098044,0.0024151744,5.276733,-0.78429097,7.204223,0.41733238,0.11619609,0.004830349,0.13867445,-0.02061145,0.0845563,0.0048982496,252.23933,249.13127,332.44785,0.3669586,16.281548,0.13561115
3,86,10,0.0048999996,0.036154434,0.015410773,0.013518872,0.00722479,0.062070068,0.0035477774,4.4242425,-0.7430551,7.241922,0.55628085,0.124140136,0.007095555,0.11627068,-0.019527754,0.084998764,0.0065290933,252.28506,249.22604,333.09525,0.18677425,16.281548,0.14901122
3,87,10,0.0048999996,0.035830606,0.015358233,0.013231766,0.007240608,0.06196417,0.0018912235,4.3770103,-0.42748168,7.2498455,0.6114245,0.12392834,0.003782447,0.11502942,-0.011234374,0.08509176,0.0071763163,252.29622,249.32535,333.30087,-0.18394282,16.279125,0.1014492
3,88,10,0.0048999996,0.033942506,0.013732158,0.014146074,0.0060642734,0.058592144,0.0019641647,4.525709,-0.24610849,6.634843,0.55798393,0.11718429,0.0039283293,0.11893727,-0.0064678187,0.077873446,0.0065490827,252.27155,249.19873,332.5441,-0.31187546,16.279125,0.10782943
3,89,10,0.0048999996,0.03203395,0.014757507,0.011908793,0.0053676534,0.06074024,0.0014059871,4.152432,0.3858476,6.2421393,0.4647267,0.12148048,0.0028119741,0.10912742,0.010140214,0.07326427,0.0054545193,252.28911,249.13753,332.92404,-0.85057425,16.276714,0.102078
3,90,10,0.0048999996,0.029585157,0.013454438,0.0108529385,0.005277778,0.057996634,0.00229582,3.9640796,0.19012791,6.189659,0.5681358,0.11599327,0.00459164,0.10417744,0.00499663,0.07264832,0.006668236,252.289,249.16963,333.0597,-0.7582637,16.276714,0.10261533
3,91,10,0.0048999996,0.028506909,0.011904499,0.011435995,0.005166415,0.05455387,0.0038000343,4.069168,0.69507885,6.124009,0.6837392,0.10910774,0.0076000686,0.10693921,0.018266924,0.07187778,0.008025078,252.27081,249.23445,332.57126,-1.378818,16.274363,0.12712753
3,92,10,0.0048999996,0.029580519,0.013239282,0.01175122,0.004590017,0.05753104,0.0028467455,4.124869,0.8424314,5.772293,0.69387865,0.11506208,0.005693491,0.10840304,0.0221394,0.067749664,0.008144085,252.26085,249.19553,332.8953,-1.5363101,16.274363,0.14739953
3,93,10,0.0048999996,0.027240206,0.01167618,0.011057143,0.004506882,0.054028187,0.0019746476,4.0011983,0.39560387,5.71978,0.5233221,0.108056374,0.0039492953,0.10515295,0.010396612,0.067133315,0.006142255,252.26262,249.12987,332.90775,-0.918926,16.272057,0.10467989
3,94,10,0.0048999996,0.026809262,0.011932908,0.010208279,0.004668075,0.054618925,0.0031436838,3.844545,0.48870465,5.821168,0.6008309,0.10923785,0.0062873675,0.10103603,0.012843334,0.068323314,0.007051981,252.28662,249.25005,332.4266,-1.0895356,16.272057,0.10361479
3,95,10,0.0048999996,0.026244853,0.012702933,0.009258885,0.004283035,0.056353644,0.0023015165,3.661407,-0.11057219,5.5759263,0.7409376,0.11270729,0.004603033,0.0962231,-0.0029058773,0.0654449,0.008696417,252.35878,249.54121,333.14624,-0.6303654,16.269722,0.086278416
3,96,10,0.0048999996,0.023887202,0.011132403,0.008053902,0.0047008973,0.052755103,0.0026572563,3.4148517,-0.20957999,5.841597,0.7486543,0.105510205,0.0053145126,0.08974353,-0.0055078375,0.06856309,0.008786989,252.38774,249.72337,333.32852,-0.5390743,16.269722,0.073231116
3,97,10,0.0048999996,0.026722306,0.012114068,0.009607917,0.0050003217,0.055031963,0.0010014431,3.7297807,-0.4360516,6.0247664,0.91822505,0.110063925,0.0020028863,0.09801998,-0.011459595,0.070712954,0.010777252,252.42937,249.87134,333.16107,-0.48217344,16.267305,0.092620455
3,98,10,0.0048999996,0.029075608,0.013302727,0.010974974,0.0047979048,0.057668723,0.0015693882,3.986304,-0.678729,5.901562,1.0614161,0.11533745,0.0031387764,0.10476151,-0.017837241,0.06926691,0.012457891,252.49904,249.94208,333.94907,-0.38268715,16.267305,0.14504547
3,99,10,0.0048999996,0.023115445,0.010050168,0.008699261,0.0043660165,0.050125264,-0.0011511379,3.5490313,-0.7781678,5.629683,0.74225676,0.10025053,-0.0023022757,0.093269825,-0.020450529,0.06607584,0.008711901,252.54988,250.19194,334.34412,0.035911024,16.264843,0.11078362
3,100,10,0.0048999996,0.027243307,0.013673287,0.009159887,0.004410133,0.058466416,-0.000850289,3.6417804,-0.5768966,5.6580544,0.63938475,0.11693283,-0.001700578,0.0957073,-0.015161053,0.066408835,0.0075044865,252.54175,250.34416,333.74423,-0.06248814,16.264843,0.10555418
4,1,10,0.0034299996,0.11359211,0.061056573,0.0397794,0.012756138,0.12354814,-0.00031551818,7.589231,1.002684,9.622787,0.19090626,0.24709629,-0.00063103635,0.19944774,0.026350912,0.112943076,0.0022406674,253.07558,252.86282,339.184,-1.1935903,16.262299,0.96345717
4,2,10,0.0034299996,0.113139935,0.06337915,0.037465107,0.012295674,0.12587608,0.0008354285,7.3651595,1.0258082,9.447511,0.15970188,0.25175217,0.001670857,0.19355905,0.026958605,0.11088586,0.0018744277,253.1235,253.06938,339.76154,-1.1855102,16.262299,0.934707
4,3,10,0.0034299996,0.08562935,0.04191402,0.0315728,0.01214253,0.10236457,0.000808154,6.7612214,0.82776064,9.388491,0.17459661,0.20472914,0.001616308,0.17768736,0.02175386,0.11019315,0.0020492536,253.21034,253.4691,340.4663,-1.0023572,16.259548,0.6432955
4,4,10,0.0034299996,0.082678124,0.037268233,0.033358656,0.012051241,0.09652491,0.0026492034,6.9498096,0.83712137,9.353133,0.45431027,0.19304982,0.005298407,0.18264352,0.021999845,0.10977814,0.0053322506,253.22328,253.62704,340.18765,-1.2914317,16.259548,0.5916552
4,5,10,0.0034299996,0.059101265,0.026653642,0.022177152,0.010270472,0.081629716,0.008866494,5.6665874,0.593035,8.634483,0.67004794,0.16325943,0.017732987,0.14891995,0.015585181,0.10134333,0.007864379,253.26656,253.7187,340.52225,-1.263083,16.256454,0.4050182
4,6,10,0.0034299996,0.05800105,0.023189168,0.024103833,0.010708048,0.07613995,0.0051260986,5.9076095,0.51076615,8.816504,0.54198724,0.1522799,0.010252197,0.1552541,0.013423118,0.1034797,0.0063613183,253.30531,253.79034,340.78125,-1.0527534,16.256454,0.39101142
4,7,10,0.0034299996,0.045586217,0.018898563,0.017603591,0.0090840645,0.068736024,0.009767743,5.04858,0.16064152,8.120473,0.8862329,0.13747205,0.019535486,0.13267852,0.004221709,0.09531036,0.010401757,253.27142,253.69034,340.1049,-1.0468744,16.25334,0.4347575
4,8,10,0.0034299996,0.046615314,0.020170592,0.017315865,0.009128858,0.0710116,0.011718593,5.0071516,0.13309024,8.14047,0.9458661,0.1420232,0.023437185,0.13158976,0.0034976632,0.09554506,0.011101674,253.30327,253.777,340.42844,-1.0789564,16.25334,0.44215897
4,9,10,0.0034299996,0.042706095,0.020790696,0.013789145,0.00812625,0.072094895,0.009711184,4.468249,-0.38367954,7.680443,0.8236471,0.14418979,0.019422367,0.11742719,-0.0100832395,0.090145715,0.009667187,253.34904,253.95004,340.5924,-0.43996754,16.2503,0.47295195
4,10,10,0.0034299996,0.044513576,0.021242833,0.014660955,0.008609787,0.072874606,0.012621521,4.6073356,-0.22714883,7.9056473,0.9789458,0.14574921,0.025243042,0.12108243,-0.005969553,0.092788935,0.011489941,253.3731,254.14943,340.14252,-0.75179696,16.2503,0.48007473
4,11,10,0.0034299996,0.04322795,0.020850603,0.0147848595,0.0075924853,0.07219869,0.008271045,4.6267633,-0.2930003,7.423919,0.997209,0.14439738,0.01654209,0.121593006,-0.0077001513,0.08713487,0.011704291,253.47931,254.5565,340.97128,-0.70420873,16.247389,0.44105035
4,12,10,0.0034299996,0.04427796,0.02072646,0.015038056,0.008513442,0.071983434,0.0041256477,4.6662126,-0.6377216,7.861291,1.0342139,0.14396687,0.008251295,0.122629754,-0.016759548,0.09226832,0.01213862,253.5386,254.72806,341.73425,-0.3964923,16.247389,0.44833875
4,13,10,0.0034299996,0.04310282,0.019263607,0.016306015,0.0075331978,0.0693967,-5.2873234e-5,4.858952,-0.54311085,7.3948755,0.7886578,0.1387934,-0.00010574647,0.12769501,-0.014273147,0.086794,0.009256511,253.49951,254.55031,340.8963,-0.24554694,16.244574,0.333732
4,14,10,0.0034299996,0.042848326,0.018633483,0.01726235,0.006952495,0.06825226,0.0023724993,4.9994082,-0.4252539,7.1041403,0.7845684,0.13650452,0.0047449986,0.13138627,-0.011175821,0.08338162,0.009208522,253.5101,254.48099,340.69653,-0.35931453,16.244574,0.33383524
4,15,10,0.0034299996,0.049268622,0.023998806,0.018620959,0.006648857,0.07745774,-0.0081829075,5.1924186,-0.2824948,6.947279,0.28617966,0.15491548,-0.016365815,0.13645864,-0.007424068,0.081540525,0.0033588987,253.5346,254.50757,341.00934,-0.0036848485,16.241901,0.31426817
4,16,10,0.0034299996,0.04518737,0.021213444,0.01727815,0.0066957762,0.07282418,-0.0055651003,5.001696,-0.19598095,6.971748,0.45754606,0.14564836,-0.011130201,0.13144638,-0.0051504457,0.08182772,0.005370241,253.54541,254.65088,340.68427,-0.2615651,16.241901,0.28744128
4,17,10,0.0034299996,0.042852215,0.022319432,0.01447689,0.00605589,0.07469845,-0.01027109,4.578322,-0.059625413,6.6302547,0.03752429,0.1493969,-0.02054218,0.12031995,-0.0015669808,0.0778196,0.00044042172,253.59859,254.8473,341.14102,0.022101123,16.2394,0.41265544
4,18,10,0.0034299996,0.053034347,0.032086384,0.01429033,0.006657634,0.08956336,-0.012151415,4.548726,-0.243257,6.9518623,-0.051019844,0.17912672,-0.02430283,0.11954217,-0.0063928836,0.081594326,-0.00059882196,253.63411,254.94032,341.62027,0.29427683,16.2394,0.4430606
4,19,10,0.0034299996,0.046161033,0.026652504,0.013578866,0.0059296633,0.08162797,-0.009731226,4.4340487,0.076198,6.560791,-0.035450947,0.16325594,-0.019462451,0.11652839,0.0020025088,0.077004306,-0.000416091,253.6365,255.0121,341.07208,-0.04074705,16.237038,0.43705055
4,20,10,0.0034299996,0.040857896,0.019825341,0.014985093,0.0060474607,0.070401244,-0.008883107,4.657988,-0.0034429377,6.6256385,0.035167195,0.14080249,-0.017766215,0.12241361,-9.047624e-5,0.07776542,0.00041276278,253.6845,255.18312,341.60495,-0.031724256,16.237038,0.40532112
4,21,10,0.0034299996,0.04526344,0.023601908,0.015234179,0.006427353,0.07681456,-0.011673093,4.696542,0.05772315,6.830575,-0.083358,0.15362912,-0.023346186,0.12342682,0.0015169851,0.08017077,-0.0009783759,253.7107,255.3016,341.96957,0.025634848,16.234674,0.38457534
4,22,10,0.0034299996,0.0423246,0.0211981,0.013600083,0.007526416,0.072797835,-0.008383583,4.437511,0.06406102,7.391547,0.19676779,0.14559567,-0.016767167,0.11661939,0.0016835446,0.08675492,0.0023094693,253.70381,255.30426,341.3129,-0.26082882,16.234674,0.37635595
4,23,10,0.0034299996,0.034755282,0.015169541,0.012538549,0.007047193,0.061582346,-0.003021071,4.2608113,0.1138953,7.1523585,0.3984233,0.12316469,-0.006042142,0.11197566,0.0029932105,0.08394756,0.0046763145,253.75963,255.37192,341.64584,-0.5123186,16.232319,0.23536779
4,24,10,0.0034299996,0.03389567,0.016339168,0.0106734345,0.0068830703,0.06391238,-0.004502333,3.9311602,-0.08328987,7.068582,0.21916153,0.12782475,-0.009004666,0.10331231,-0.0021888898,0.08296427,0.0025723174,253.80388,255.40887,341.83893,-0.13587165,16.232319,0.23488
4,25,10,0.0034299996,0.032413878,0.015058175,0.011649401,0.005706303,0.061355878,0.0012297793,4.10696,0.45836338,6.436038,0.27867603,0.122711755,0.0024595587,0.10793239,0.012045953,0.07554007,0.0032708345,253.77205,255.35803,340.90433,-0.73703945,16.229923,0.20120715
4,26,10,0.0034299996,0.0332406,0.01567823,0.012224986,0.0053373845,0.06260637,0.0018923956,4.207197,0.526669,6.224514,0.30262008,0.12521274,0.003784791,0.11056666,0.013841051,0.073057406,0.0035518662,253.76631,255.34912,341.1714,-0.8292891,16.229923,0.22733913
4,27,10,0.0034299996,0.03355337,0.016745921,0.011686158,0.00512129,0.06470302,0.00027871353,4.113435,0.58286184,6.0972066,0.069600195,0.12940603,0.00055742706,0.10810254,0.015317821,0.07156319,0.0008169051,253.77484,255.34663,341.49985,-0.652462,16.227482,0.3074898
4,28,10,0.0034299996,0.0313604,0.0151422275,0.010893535,0.0053246366,0.06152688,0.0018192899,3.971486,0.7625525,6.217077,0.21369278,0.12305376,0.0036385797,0.1043721,0.020040154,0.07297011,0.0025081236,253.74104,255.25284,340.91397,-0.9762453,16.227482,0.2809237
4,29,10,0.0034299996,0.032596387,0.016989687,0.010324123,0.0052825757,0.06517225,0.0031806652,3.8662977,0.7464298,6.1924725,0.08152532,0.1303445,0.0063613304,0.101607695,0.019616444,0.07268133,0.00095686526,253.7436,255.21303,340.85898,-0.8279551,16.225069,0.3097821
4,30,10,0.0034299996,0.032598563,0.015739199,0.01143552,0.0054238443,0.06272798,0.000410339,4.0690837,0.71671844,6.2747264,-0.054238982,0.12545596,0.000820678,0.10693699,0.018835617,0.073646754,-0.0006366041,253.73471,255.09296,340.9982,-0.66247946,16.225069,0.2832956
4,31,10,0.0034299996,0.031708226,0.013555521,0.013189225,0.00496348,0.05821409,0.00079498295,4.369969,0.7681985,6.00253,-0.10387043,0.11642818,0.0015899659,0.11484435,0.02018853,0.07045197,-0.0012191269,253.7062,255.0382,340.5035,-0.66432804,16.222828,0.26292354
4,32,10,0.0034299996,0.03520622,0.013715628,0.015833413,0.0056571825,0.05855687,0.00058815995,4.78802,0.88297933,6.408278,0.0029958088,0.11711374,0.0011763199,0.12583089,0.02320502,0.075214244,3.5167945e-5,253.73276,255.11673,341.0383,-0.8859751,16.222828,0.2804079
4,33,10,0.0034299996,0.036452226,0.013257713,0.01658634,0.006608172,0.057571072,-0.0032704023,4.90054,0.12573576,6.92599,-0.12828858,0.115142144,-0.0065408046,0.12878796,0.0033043816,0.08129066,-0.0015057265,253.71304,254.9869,341.13763,0.0025528222,16.220818,0.1953458
4,34,10,0.0034299996,0.03326102,0.012629162,0.014588449,0.0060434067,0.05618977,-0.002442989,4.5959277,0.30418256,6.623417,-0.11116482,0.11237954,-0.004885978,0.12078265,0.007994027,0.07773935,-0.0013047421,253.61821,254.62675,340.06003,-0.19301774,16.220818,0.18762253
4,35,10,0.0034299996,0.029747318,0.011815001,0.013372561,0.0045597553,0.054348417,-0.0033621204,4.4002357,-0.11485264,5.753233,-0.20715186,0.10869683,-0.0067242407,0.11563979,-0.003018367,0.06752596,-0.0024313543,253.5728,254.3103,340.2434,0.3220045,16.219103,0.21324126
4,36,10,0.0034299996,0.035646275,0.01662376,0.013565753,0.005456763,0.06446658,-0.0053144526,4.431907,-0.37752804,6.29374,-0.14040151,0.12893316,-0.010628905,0.11647211,-0.0099215675,0.07386991,-0.0016478962,253.54433,254.1667,340.33783,0.51792955,16.219103,0.26476452
4,37,10,0.0034299996,0.035020236,0.01634165,0.013069738,0.005608846,0.063917235,-0.0034826929,4.3501287,-0.74501914,6.3808413,0.031857733,0.12783447,-0.0069653857,0.11432295,-0.019579371,0.07489223,0.00037391257,253.4607,253.91264,339.44617,0.7131614,16.21763,0.28551707
4,38,10,0.0034299996,0.03069648,0.012869955,0.012827593,0.004998932,0.056722913,-0.0021505344,4.309643,-0.6997502,6.0239286,-0.011265533,0.113445826,-0.004301069,0.113258965,-0.01838969,0.07070313,-0.00013222598,253.41594,253.65471,339.42282,0.7110157,16.21763,0.27305537
4,39,10,0.0034299996,0.02869336,0.012678219,0.011430824,0.0045843157,0.0562988,-0.0029054335,4.0682483,-0.8336884,5.768707,-0.02392844,0.1125976,-0.005810867,0.106915034,-0.021909634,0.067707576,-0.00028084565,253.39359,253.4987,339.58005,0.85761684,16.21624,0.26911038
4,40,10,0.0034299996,0.032579985,0.014347497,0.01351515,0.004717338,0.05989052,-0.0022798032,4.4236336,-0.8720596,5.851803,-0.09897718,0.11978104,-0.0045596063,0.11625468,-0.022918042,0.06868288,-0.0011617,253.35872,253.49132,338.9706,0.9710368,16.21624,0.28228885
4,41,10,0.0034299996,0.026262103,0.010278699,0.0114027085,0.0045806956,0.05069196,-0.0006974937,4.063242,-0.4575169,5.7664285,0.053315017,0.10138392,-0.0013949875,0.106783465,-0.012023708,0.067680836,0.0006257621,253.37978,253.52867,339.44885,0.4042019,16.214918,0.14823458
4,42,10,0.0034299996,0.028451785,0.013206712,0.010219352,0.005025722,0.05746023,-0.0017469347,3.8466291,-0.614556,6.0400486,0.16319826,0.11492046,-0.0034938694,0.10109081,-0.016150754,0.07089233,0.0019154676,253.44054,253.71686,340.082,0.45135775,16.214918,0.15968001
4,43,10,0.0034299996,0.02686558,0.012516857,0.009113364,0.0052353586,0.05593938,0.0022976699,3.6325202,-0.02648,6.164735,0.5801059,0.11187876,0.0045953398,0.09546394,-0.0006959056,0.07235578,0.0068087275,253.49934,254.09955,339.94452,-0.5536259,16.21369,0.15019582
4,44,10,0.0034299996,0.026431175,0.012110306,0.009094906,0.005225962,0.055023417,0.001368705,3.6288393,0.107833505,6.1592,0.3804145,0.110046834,0.00273741,0.095367216,0.0028339042,0.072290815,0.0044649444,253.56787,254.33578,340.707,-0.488248,16.21369,0.16247962
4,45,10,0.0034299996,0.027043445,0.013188823,0.009262825,0.004591796,0.0574213,0.000804052,3.6621864,0.58888036,5.7734113,0.25104916,0.1148426,0.001608104,0.096243575,0.015475986,0.06776279,0.002946576,253.57114,254.24884,340.76935,-0.8399295,16.212503,0.24109213
4,46,10,0.0034299996,0.025815366,0.0117647555,0.009794477,0.0042561325,0.054232728,0.004101996,3.765818,0.6630331,5.5583873,0.44044802,0.108465455,0.008203992,0.09896705,0.01742475,0.06523904,0.005169558,253.515,254.05255,339.89667,-1.1034812,16.212503,0.2718077
4,47,10,0.0034299996,0.028072316,0.013072182,0.01065391,0.0043462226,0.057166822,0.0032052859,3.9275632,0.73303354,5.616907,0.34001255,0.114333645,0.0064105717,0.10321778,0.019264387,0.06592589,0.0039907442,253.50525,253.92357,340.07047,-1.0730461,16.21138,0.30129236
4,48,10,0.0034299996,0.027782831,0.011832569,0.0114840465,0.0044662175,0.054388806,0.0019714737,4.0777082,0.8445676,5.6939173,0.24598418,0.10877761,0.0039429474,0.107163645,0.022195542,0.06682976,0.002887128,253.49515,253.8178,339.97397,-1.0905517,16.21138,0.30448106
4,49,10,0.0034299996,0.02459983,0.010641348,0.00965481,0.0043036737,0.051578455,0.0021851507,3.7388716,0.3746188,5.5893445,0.038202595,0.10315691,0.0043703015,0.09825889,0.009845113,0.06560239,0.00044838467,253.47069,253.7984,339.22116,-0.41282138,16.210268,0.19326763
4,50,10,0.0034299996,0.024306808,0.010021708,0.009870514,0.0044145845,0.05005424,0.00052613876,3.7804067,0.39684752,5.660908,-0.029624593,0.10010848,0.0010522775,0.09935046,0.010429295,0.06644234,-0.00034770565,253.50471,253.93011,339.74026,-0.36722293,16.210268,0.21110234
4,51,10,0.0034299996,0.022282407,0.009378892,0.009009354,0.0038941614,0.04842234,-0.0029428757,3.6117318,-0.13292448,5.3167734,-0.20249526,0.09684468,-0.0058857515,0.09491762,-0.003493303,0.062403217,-0.0023766968,253.5058,253.94894,339.9286,0.33541974,16.209072,0.07869385
4,52,10,0.0034299996,0.022073578,0.009330909,0.008922595,0.0038200752,0.048298314,-0.0012898438,3.5942993,-0.038839784,5.265955,-0.05670923,0.09659663,-0.0025796876,0.09445949,-0.0010207241,0.061806757,-0.0006656005,253.44827,253.79436,339.298,0.09554902,16.209072,0.11041734
4,53,10,0.0034299996,0.021796798,0.008829355,0.00886403,0.004103413,0.046982326,-0.0045695473,3.5824847,-0.52968097,5.4577527,-0.3038702,0.09396465,-0.0091390945,0.09414898,-0.013920204,0.06405789,-0.0035665391,253.43004,253.59494,339.58215,0.83355117,16.207747,0.17308551
4,54,10,0.0034299996,0.023863286,0.010427618,0.009186304,0.004249363,0.051057857,-0.0047726645,3.6470277,-0.55895424,5.553965,-0.25224826,0.10211571,-0.009545329,0.09584521,-0.014689514,0.06518714,-0.0029606493,253.41919,253.49799,339.55103,0.8112025,16.207747,0.18554804
4,55,10,0.0034299996,0.02276561,0.009424144,0.009029666,0.0043118,0.048539016,-0.00438533,3.6158009,-0.7652999,5.594619,-0.4829259,0.09707803,-0.00877066,0.095024556,-0.02011236,0.0656643,-0.00566812,253.37311,253.35364,338.80707,1.2482258,16.20623,0.25765133
4,56,10,0.0034299996,0.0228044,0.009049421,0.009477896,0.0042770826,0.047564223,-0.005955831,3.7044575,-0.6692421,5.57205,-0.4985245,0.09512845,-0.011911662,0.09735449,-0.017587923,0.06539941,-0.005851205,253.40738,253.51299,339.35953,1.1677666,16.20623,0.24363379
4,57,10,0.0034299996,0.026189838,0.01279547,0.0092649525,0.0041294144,0.05655853,-0.008184148,3.6626065,-0.5149986,5.4750166,-0.64326555,0.11311706,-0.016368296,0.096254624,-0.013534352,0.06426052,-0.0075500375,253.42792,253.65424,339.58878,1.1582642,16.204481,0.25335166
4,58,10,0.0034299996,0.020647533,0.009216069,0.007636163,0.0037953022,0.04800018,-0.0061010458,3.325112,-0.54141587,5.248853,-0.71299344,0.09600036,-0.0122020915,0.08738514,-0.014228606,0.061606023,-0.008368435,253.3808,253.51529,338.9925,1.2544093,16.204481,0.21553755
4,59,10,0.0034299996,0.02104056,0.009156632,0.007789306,0.0040946226,0.047845148,-0.00703727,3.3582888,-0.033393398,5.451904,-0.7852504,0.095690295,-0.01407454,0.088257045,-0.0008775899,0.06398924,-0.009216519,253.38176,253.42491,339.37875,0.8186438,16.202604,0.14685759
4,60,10,0.0034299996,0.022436967,0.010693278,0.007430797,0.004312892,0.051704153,-0.0074825734,3.2800944,-0.08225913,5.595328,-0.99002355,0.10340831,-0.014965147,0.08620207,-0.0021618016,0.06567261,-0.011619951,253.38916,253.42996,339.32678,1.0722827,16.202604,0.20243776
4,61,10,0.0034299996,0.019833628,0.008539693,0.0073103076,0.0039836285,0.04620523,-0.002394047,3.2533927,0.2793661,5.3775024,-0.8782213,0.09241046,-0.004788094,0.08550034,0.0073418412,0.06311599,-0.010307724,253.3693,253.45932,338.884,0.59885514,16.200735,0.13598904
4,62,10,0.0034299996,0.019398712,0.008070736,0.0073452354,0.0039827395,0.044918638,-0.0041330513,3.2611558,0.22255367,5.3769026,-0.98624444,0.089837275,-0.0082661025,0.08570435,0.005848793,0.06310895,-0.011575596,253.37515,253.4416,339.34308,0.76369077,16.200735,0.1421357
4,63,10,0.0034299996,0.020817246,0.010281131,0.006739871,0.0037962445,0.050697956,-0.0027587626,3.123881,0.23421825,5.2495046,-0.73468,0.10139591,-0.005517525,0.08209672,0.0061553367,0.06161367,-0.008622972,253.3758,253.43346,339.46188,0.50046176,16.198845,0.14805935
4,64,10,0.0034299996,0.021116618,0.009297902,0.007550967,0.004267749,0.048212815,-0.0014202922,3.3065112,0.39492652,5.565967,-0.7862398,0.09642563,-0.0028405844,0.0868963,0.0103788115,0.06532801,-0.009228132,253.31828,253.2511,338.67038,0.39131328,16.198845,0.14751948
4,65,10,0.0034299996,0.020254802,0.008404658,0.0078070597,0.004043084,0.04583846,0.0010053331,3.3621137,0.30997714,5.4174833,-0.63291276,0.09167692,0.0020106663,0.08835757,0.008146312,0.06358525,-0.0074285264,253.29788,253.01346,338.7485,0.3229356,16.196932,0.15964192
4,66,10,0.0034299996,0.01811608,0.007889947,0.0063697253,0.0038564077,0.044412687,-0.0004569858,3.03689,0.3273394,5.2909384,-0.6723765,0.088825375,-0.0009139716,0.07981056,0.008602599,0.062099982,-0.0078917155,253.31404,253.01866,338.86795,0.3450371,16.196932,0.14595963
4,67,10,0.0034299996,0.018633518,0.0095541505,0.005627845,0.0034515217,0.04887267,0.0031810738,2.8545637,0.13045745,5.005489,-0.47139898,0.09774534,0.0063621476,0.075018965,0.0034284694,0.058749653,-0.005532832,253.33548,253.20435,338.6031,0.34094155,16.194942,0.14692664
4,68,10,0.0034299996,0.018782657,0.008151344,0.0066829696,0.003948344,0.045142397,0.0020295025,3.1106663,0.23715203,5.3536344,-0.5193172,0.090284795,0.004059005,0.08174943,0.0062324386,0.06283585,-0.006095249,253.38806,253.44002,339.19894,0.28216517,16.194942,0.15627122
4,69,10,0.0034299996,0.020953022,0.009012593,0.008007215,0.0039332127,0.04746734,-0.00012772008,3.4049397,-0.23091002,5.343366,-0.37602,0.09493468,-0.00025544016,0.089483045,-0.0060683982,0.06271533,-0.004413366,253.37386,253.37582,339.18173,0.60693,16.192842,0.12764964
4,70,10,0.0034299996,0.020268671,0.008526758,0.007583783,0.0041581304,0.046170224,0.0012617272,3.313688,-0.030528627,5.494021,-0.44359535,0.09234045,0.0025234544,0.08708492,-0.000802302,0.06448357,-0.0052064983,253.32465,253.1013,338.26642,0.47412398,16.192842,0.1335114
4,71,10,0.0034299996,0.018473394,0.0072475113,0.0071011367,0.0041247457,0.042566158,0.00095194316,3.20651,0.07123509,5.471921,-0.5662327,0.085132316,0.0019038863,0.08426824,0.0018720836,0.06422418,-0.006645896,253.33223,253.04707,338.67648,0.4949976,16.190617,0.11967508
4,72,10,0.0034299996,0.018831378,0.007869304,0.007065952,0.0038961223,0.04435455,0.0003227557,3.1985564,-0.20520008,5.3181124,-0.49250832,0.0887091,0.0006455114,0.084059216,-0.005392733,0.062418927,-0.0057805944,253.34895,253.08444,338.87903,0.69770837,16.190617,0.12250086
4,73,10,0.0034299996,0.017840726,0.0077269296,0.0063418723,0.0037719242,0.043951478,0.0003849684,3.0302424,0.13472548,5.2326617,-0.62979406,0.087902956,0.0007699368,0.07963587,0.0035406337,0.061415993,-0.0073919217,253.31187,253.0241,338.378,0.49506858,16.188255,0.10676383
4,74,10,0.0034299996,0.01719012,0.006474064,0.0068893037,0.0038267516,0.040230785,0.0015643857,3.1583214,0.029606521,5.270555,-0.50164115,0.08046157,0.0031287714,0.08300183,0.0007780706,0.061860744,-0.0058877855,253.24857,252.60776,338.31052,0.47203463,16.188255,0.090295844
4,75,10,0.0034299996,0.017769497,0.0068575465,0.0068701906,0.0040417598,0.041405153,0.00015002399,3.1539373,0.25298667,5.4165964,-0.6867478,0.082810305,0.00030004798,0.082886614,0.0066485815,0.063574836,-0.00806039,253.19397,252.32428,338.00406,0.43376112,16.185827,0.11336617
4,76,10,0.0034299996,0.01929082,0.0070327963,0.007752257,0.0045057675,0.041930884,0.0019555397,3.3502927,0.55686367,5.7190733,-0.7696426,0.08386177,0.0039110794,0.0880469,0.014634576,0.067125015,-0.00903333,253.14731,252.21457,337.2181,0.21277893,16.185827,0.11353651
4,77,10,0.0034299996,0.019426785,0.0067304913,0.008247549,0.0044487454,0.041019786,0.0024705958,3.4556608,0.5336799,5.6827693,-0.8555069,0.08203957,0.0049411915,0.09081601,0.014025301,0.066698916,-0.010041122,253.13629,252.13431,337.3376,0.321827,16.183386,0.112153806
4,78,10,0.0034299996,0.021062624,0.008211586,0.008605368,0.004245668,0.0453089,0.0011285058,3.5298269,0.25652996,5.55155,-0.84566104,0.0906178,0.0022570116,0.09276512,0.0067416998,0.06515879,-0.009925562,253.10219,251.9268,337.3768,0.5891311,16.183386,0.11267235
4,79,10,0.0034299996,0.019168124,0.00726331,0.007917462,0.003987351,0.042612527,0.0030375116,3.385803,0.26903167,5.3800144,-0.99016964,0.08522505,0.006075023,0.08898012,0.0070702494,0.06314547,-0.011621669,253.05536,251.70483,336.6258,0.721138,16.18093,0.10573755
4,80,10,0.0034299996,0.016884008,0.0063652415,0.0067963516,0.003722416,0.03989123,0.0015820897,3.1369426,0.17827499,5.198208,-1.0433061,0.07978246,0.0031641794,0.08243999,0.004685131,0.061011605,-0.01224533,253.07004,251.69624,337.1026,0.8650311,16.18093,0.098467104
4,81,10,0.0034299996,0.01600866,0.006603676,0.0060954774,0.003309506,0.040631503,0.0012727843,2.970794,-0.16022493,4.90143,-0.850162,0.081263006,0.0025455686,0.07807354,-0.0042107683,0.057528306,-0.00997839,253.08195,251.80724,337.41415,1.010387,16.178465,0.10759298
4,82,10,0.0034299996,0.01608625,0.0067419144,0.0059383227,0.0034060138,0.04105458,0.0026874726,2.9322472,0.06177698,4.972381,-0.94944847,0.08210916,0.0053749452,0.07706051,0.0016235227,0.058361065,-0.011143722,253.03212,251.68555,336.6936,0.8876715,16.178465,0.0891046
4,83,10,0.0034299996,0.015481158,0.006174465,0.0061776396,0.003129053,0.039288882,0.0020405662,2.990749,-0.126347,4.76593,-0.93203306,0.078577764,0.0040811324,0.07859796,-0.0033204455,0.05593794,-0.010939313,252.99156,251.4143,336.81656,1.0583801,16.175999,0.078006715
4,84,10,0.0034299996,0.01628471,0.006843563,0.006097745,0.0033434015,0.041362915,0.0022497,2.9713466,-0.21812494,4.926466,-0.99957144,0.08272583,0.0044994,0.07808806,-0.005732402,0.057822153,-0.011732016,252.8995,250.97694,336.49014,1.2176964,16.175999,0.10042287
4,85,10,0.0034299996,0.015203276,0.0064609875,0.0055554714,0.0031868173,0.040190134,0.0032957885,2.8361495,-0.10266269,4.8097196,-0.9682317,0.08038027,0.006591577,0.074535035,-0.0026980138,0.0564519,-0.011364181,252.76865,250.54128,335.18726,1.0708944,16.173496,0.06486425
4,86,10,0.0034299996,0.017460257,0.0073062885,0.00673099,0.0034229788,0.042738415,0.0016930443,3.1218224,-0.13091125,4.9847484,-0.9608088,0.08547683,0.0033860886,0.08204261,-0.0034403952,0.058506228,-0.011277056,252.69907,250.18419,335.04507,1.0917201,16.173496,0.07915622
4,87,10,0.0034299996,0.01774446,0.0065953853,0.0073672347,0.0037818388,0.04060599,0.0013281872,3.2660356,-0.40513852,5.2395344,-0.89389116,0.08121198,0.0026563744,0.085832596,-0.010647189,0.061496656,-0.010491642,252.70384,250.1816,335.0613,1.2990297,16.170938,0.08711863
4,88,10,0.0034299996,0.019237965,0.007054418,0.008197797,0.0039857486,0.04199529,0.0021610004,3.4452226,-0.44227654,5.3789334,-0.8501731,0.08399058,0.004322001,0.09054169,-0.011623188,0.063132785,-0.009978521,252.73149,250.37619,334.8249,1.2924497,16.170938,0.09224655
4,89,10,0.0034299996,0.018574348,0.007339977,0.007624202,0.0036101681,0.042836834,0.0020010718,3.3225067,-0.17633331,5.1192327,-0.8068554,0.08567367,0.0040021436,0.08731668,-0.0046341014,0.060084675,-0.009470098,252.73999,250.32988,335.25055,0.9831887,16.168304,0.093821354
4,90,10,0.0034299996,0.016701916,0.0065207495,0.0067228335,0.0034583325,0.04037558,0.00080247555,3.11993,-0.17776054,5.0104246,-0.7492341,0.08075116,0.0016049511,0.08199289,-0.0046716114,0.05880759,-0.008793795,252.71497,250.2049,335.29205,0.9269946,16.168304,0.06628384
4,91,10,0.0034299996,0.01954704,0.008848405,0.006905034,0.0037935993,0.047032982,0.00069453096,3.161925,0.47277454,5.2476754,-0.8461447,0.094065964,0.0013890619,0.083096534,0.012424686,0.061592203,-0.00993124,252.69395,250.1883,334.52686,0.37337014,16.165627,0.09503009
4,92,10,0.0034299996,0.021152114,0.009721749,0.0068831025,0.0045472626,0.049299467,0.0007130707,3.1569,0.3164647,5.7453465,-0.85667795,0.098598935,0.0014261414,0.082964465,0.008316806,0.067433394,-0.0100548705,252.71556,250.22035,334.79678,0.5402132,16.165627,0.096154615
4,93,10,0.0034299996,0.01962933,0.008516773,0.006412116,0.0047004414,0.04614318,-0.001258214,3.046978,0.38990772,5.841314,-0.94843024,0.09228636,-0.002516428,0.08007569,0.010246915,0.068559766,-0.011131768,252.74521,250.35379,335.02264,0.5585225,16.162897,0.107182756
4,94,10,0.0034299996,0.021029737,0.008274471,0.0078923665,0.0048628994,0.04548206,9.12561e-5,3.3804326,0.32271102,5.941401,-0.99189764,0.09096412,0.0001825122,0.088838995,0.008480961,0.06973449,-0.011641948,252.74428,250.4718,334.62985,0.6691866,16.162897,0.12297583
4,95,10,0.0034299996,0.021090467,0.008754104,0.007837117,0.0044992454,0.046781685,6.980242e-5,3.3685799,0.31631747,5.7149324,-0.82059485,0.09356337,0.00013960485,0.08852749,0.008312938,0.067076415,-0.009631361,252.71184,250.2648,334.81076,0.50427735,16.160128,0.10004303
4,96,10,0.0034299996,0.021265808,0.008129858,0.008558327,0.0045776223,0.045082863,-0.00010467874,3.5201657,0.07253924,5.7644935,-0.65953845,0.09016573,-0.00020935747,0.09251123,0.0019063564,0.06765813,-0.0077410336,252.68028,250.10844,334.73602,0.5869992,16.160128,0.09059051
4,97,10,0.0034299996,0.021351447,0.007817809,0.009148655,0.004384984,0.044209186,0.0006304516,3.6395466,0.026224677,5.6418977,-0.6274498,0.08841837,0.0012609032,0.0956486,0.00068919524,0.06621921,-0.0073644067,252.62689,249.90363,334.02774,0.60122514,16.157385,0.07939084
4,98,10,0.0034299996,0.021862658,0.009036762,0.008577424,0.004248472,0.04753094,0.0012429745,3.524091,0.06788123,5.5533824,-0.60367197,0.09506188,0.002485949,0.09261438,0.0017839454,0.0651803,-0.0070853233,252.61636,249.7551,334.33917,0.53579074,16.157385,0.082585335
4,99,10,0.0034299996,0.018226165,0.007075471,0.0070717023,0.004078992,0.04205791,0.00046778316,3.1998575,-0.013351902,5.4414883,-0.48892412,0.08411582,0.0009355663,0.084093414,-0.00035089135,0.06386699,-0.005738527,252.60614,249.70482,334.2185,0.502276,16.154604,0.09458398
4,100,10,0.0034299996,0.018642727,0.0069323257,0.0077920994,0.0039183013,0.041630294,0.00029677016,3.3588912,0.0843146,5.3332276,-0.42383343,0.08326059,0.0005935403,0.08827287,0.0022158178,0.062596336,-0.004974554,252.57864,249.6804,333.70425,0.33951885,16.154604,0.08343687
5,1,10,0.0024009997,0.0514133,0.015582231,0.026521247,0.009309824,0.062414404,0.0044149896,6.196774,-0.94817305,8.220759,0.7840708,0.12482881,0.008829979,0.16285345,-0.024918344,0.096487425,0.009202674,251.79225,247.13428,331.02225,0.16410226,16.151821,0.29603842
5,2,10,0.0024009997,0.050644543,0.01584366,0.026259234,0.008541648,0.0629358,0.0040440946,6.166088,-0.9323285,7.8743014,0.74419796,0.1258716,0.008088189,0.16204701,-0.024501922,0.09242104,0.008734687,251.75908,246.9427,331.31897,0.18813056,16.151821,0.28987545
5,3,10,0.0024009997,0.049134355,0.016437829,0.024004351,0.008692176,0.06410505,0.0029643264,5.8954053,-0.80225724,7.9433827,0.90874225,0.1282101,0.005928653,0.15493338,-0.021083599,0.09323184,0.01066595,251.74258,246.90105,331.53378,-0.10648501,16.149809,0.27283677
5,4,10,0.0024009997,0.048544988,0.015193802,0.025194991,0.008156197,0.06163157,0.004395642,6.0398455,-0.65745854,7.6945834,0.91061157,0.12326314,0.008791284,0.1587293,-0.017278243,0.09031167,0.010687889,251.70493,246.84943,330.79245,-0.25315303,16.149809,0.27897725
5,5,10,0.0024009997,0.042188115,0.014340355,0.020480802,0.007366957,0.05987561,0.0036393288,5.4455547,-0.23756926,7.312827,0.7774884,0.11975122,0.0072786575,0.14311115,-0.0062434,0.08583098,0.009125419,251.69133,246.74696,330.9156,-0.53991914,16.147772,0.23596554
5,6,10,0.0024009997,0.045444183,0.01462841,0.022178067,0.008637704,0.060473982,0.0031086267,5.6667047,-0.2566079,7.918453,0.8437873,0.120947964,0.0062172534,0.14892302,-0.0067437394,0.09293925,0.009903573,251.64192,246.54305,330.90588,-0.5871794,16.147772,0.25982222
5,7,10,0.0024009997,0.044099458,0.016136825,0.019516889,0.0084457435,0.0635154,0.0026057868,5.315865,0.06429337,7.8299704,0.62052137,0.1270308,0.0052115736,0.13970286,0.0016896556,0.09190073,0.00728309,251.56093,246.29317,330.0168,-0.68481475,16.145754,0.20624791
5,8,10,0.0024009997,0.045027193,0.016248252,0.020764904,0.008014035,0.063734315,0.003262302,5.4831944,-0.015944432,7.6272297,0.46850055,0.12746863,0.006524604,0.14410032,-0.00041902185,0.08952115,0.005498814,251.5047,246.07664,330.0294,-0.45255613,16.145754,0.20145966
5,9,10,0.0024009997,0.04595538,0.017129257,0.020105314,0.008720809,0.065439396,0.003551748,5.3954053,0.069943056,7.9564557,0.4323504,0.13087879,0.007103496,0.1417932,0.0018381302,0.09338527,0.005074518,251.48561,245.92314,329.93835,-0.50229347,16.143784,0.19494067
5,10,10,0.0024009997,0.045913927,0.017092897,0.019798636,0.009022391,0.065369904,0.004609186,5.3540983,-0.05878171,8.092859,0.57835287,0.13073981,0.009218372,0.14070763,-0.0015447983,0.09498627,0.006788149,251.5191,246.13977,329.3698,-0.5195712,16.143784,0.21603093
5,11,10,0.0024009997,0.04146221,0.016286775,0.016917694,0.008257739,0.06380983,0.004462818,4.949248,-0.32810673,7.742333,0.6231977,0.12761965,0.008925636,0.13006803,-0.008622758,0.0908721,0.0073144967,251.59927,246.48956,330.06854,-0.29509094,16.141932,0.17826575
5,12,10,0.0024009997,0.04161331,0.014988541,0.018236252,0.008388518,0.061213847,0.0040577725,5.1385016,-0.5976161,7.8034,0.77442163,0.122427694,0.008115545,0.13504167,-0.015705567,0.091588855,0.009089424,251.63538,246.55057,330.52826,-0.17680556,16.141932,0.18492296
5,13,10,0.0024009997,0.03574115,0.011572741,0.016742425,0.0074259834,0.053788338,0.0030199103,4.9235444,-0.30313396,7.3420653,0.99968666,0.107576676,0.0060398206,0.12939252,-0.007966468,0.086174145,0.011733363,251.63364,246.48242,330.2674,-0.6965527,16.140272,0.14626794
5,14,10,0.0024009997,0.034938913,0.011834324,0.015931854,0.007172735,0.05439284,0.0020219244,4.8028817,-0.117734,7.2157855,0.9128599,0.10878568,0.0040438487,0.12622145,-0.0030940922,0.084692,0.010714285,251.67021,246.6368,331.0481,-0.7951259,16.140272,0.14907065
5,15,10,0.0024009997,0.03139289,0.011343783,0.013172505,0.0068766037,0.0532536,0.0019779995,4.367198,-0.13239941,7.0652604,0.7853646,0.1065072,0.003955999,0.11477154,-0.0034795066,0.08292529,0.009217864,251.64084,246.54851,331.04697,-0.6529652,16.138758,0.11907528
5,16,10,0.0024009997,0.030684827,0.010028343,0.0140211005,0.006635384,0.050070807,0.0018823635,4.5056734,-0.012626537,6.940236,0.90731627,0.100141615,0.003764727,0.11841073,-0.00033182983,0.08145787,0.010649212,251.5402,246.12802,330.41318,-0.89468974,16.138758,0.11084842
5,17,10,0.0024009997,0.029959537,0.010739064,0.013052965,0.0061675096,0.051814727,0.00049959635,4.347337,0.19946462,6.6910777,0.72981226,0.103629455,0.0009991927,0.11424957,0.0052420027,0.07853349,0.008565844,251.46638,245.72972,330.4116,-0.9292769,16.137398,0.127606
5,18,10,0.0024009997,0.03096522,0.01080511,0.013546437,0.0066136722,0.051973816,-0.00039964763,4.4287505,0.29998547,6.928872,0.6151259,0.10394763,-0.00079929526,0.11638916,0.007883726,0.08132449,0.007219761,251.41164,245.57848,330.36392,-0.91511136,16.137398,0.10404378
5,19,10,0.0024009997,0.032713443,0.010568081,0.0155768115,0.0065685497,0.051400587,0.0010930073,4.7490635,0.2748485,6.905195,0.6334487,0.102801174,0.0021860145,0.1248071,0.007223117,0.08104659,0.00743482,251.37953,245.61047,329.77557,-0.9082972,16.136122,0.122676775
5,20,10,0.0024009997,0.030503094,0.010627259,0.013389769,0.0064860666,0.051544297,-0.000106792555,4.403066,0.2169804,6.861703,0.713401,0.103088595,-0.00021358511,0.11571417,0.005702324,0.08053612,0.008373219,251.40599,245.63582,330.33408,-0.9303814,16.136122,0.12377661
5,21,10,0.0024009997,0.028227683,0.0108615,0.011403414,0.0059627695,0.05210926,-0.00053427333,4.063368,-0.02478536,6.579081,0.5707269,0.10421852,-0.0010685467,0.10678677,-0.00065136916,0.07721897,0.006698651,251.43452,245.72723,330.59042,-0.54594153,16.13488,0.12041629
5,22,10,0.0024009997,0.029737413,0.010720265,0.013396469,0.0056206784,0.051769357,0.0006684666,4.4041677,0.11674954,6.387569,0.44233686,0.103538714,0.0013369332,0.115743116,0.003068222,0.074971184,0.005191726,251.40483,245.75423,329.7567,-0.5590864,16.13488,0.13987468
5,23,10,0.0024009997,0.030555837,0.010980964,0.01419249,0.005382384,0.052395046,-0.0017715687,4.533128,0.12535219,6.2506986,0.14509109,0.10479009,-0.0035431373,0.119132236,0.003294297,0.073364735,0.0017029402,251.36014,245.60951,329.97037,-0.27044326,16.133625,0.16296364
5,24,10,0.0024009997,0.028260795,0.010916051,0.01208445,0.0052602943,0.052239954,-0.0007700907,4.182944,0.24308191,6.179399,0.16054615,0.10447991,-0.0015401813,0.10992929,0.0063882815,0.072527885,0.0018843388,251.33353,245.47044,330.20444,-0.40362805,16.133625,0.15109073
5,25,10,0.0024009997,0.029022083,0.009972393,0.013880732,0.00516896,0.049930934,-0.00017420037,4.4830627,0.20309055,6.1255174,0.07967932,0.09986187,-0.00034840073,0.117816515,0.005337296,0.07189548,0.00093520107,251.32765,245.54231,329.63205,-0.28276986,16.132353,0.13897581
5,26,10,0.0024009997,0.029066209,0.01044589,0.013215975,0.0054043434,0.051102567,-0.0012871139,4.3743978,0.2978521,6.2634373,0.014690861,0.102205135,-0.0025742278,0.11496075,0.00782766,0.07351424,0.00017242841,251.38861,245.82307,330.25168,-0.31254297,16.132353,0.1507308
5,27,10,0.0024009997,0.029678833,0.011681676,0.012861776,0.0051353807,0.0540409,-0.00066427945,4.315381,0.05827347,6.105588,-0.08045786,0.1080818,-0.0013285589,0.11340977,0.0015314493,0.07166157,-0.00094433926,251.45064,246.14117,330.5724,0.02218439,16.131079,0.15290466
5,28,10,0.0024009997,0.029333875,0.011496555,0.012367524,0.005469796,0.053610995,6.231922e-5,4.231653,0.1568728,6.3012505,-0.06374375,0.10722199,0.00012463843,0.11120937,0.0041226703,0.07395807,-0.00074816414,251.47968,246.25107,330.00522,-0.093129046,16.131079,0.1562014
5,29,10,0.0024009997,0.025588745,0.010271685,0.010795913,0.0045211483,0.050674662,-0.0012245451,3.953652,0.13245295,5.7288256,-0.10129709,0.101349324,-0.0024490901,0.10390338,0.0034809124,0.067239486,-0.0011889297,251.53441,246.37129,331.08508,-0.031155862,16.129768,0.13867806
5,30,10,0.0024009997,0.023755953,0.009770926,0.009518969,0.004466056,0.049423996,-0.0016983936,3.7124755,0.1382081,5.6938143,-0.15656427,0.09884799,-0.0033967872,0.097565204,0.0036321601,0.06682856,-0.0018376,251.54999,246.454,331.44815,0.01835616,16.129768,0.14135906
5,31,10,0.0024009997,0.022937192,0.009571193,0.009616922,0.0037490777,0.048916236,0.0008287969,3.7315278,0.14886633,5.216791,-0.15843667,0.09783247,0.0016575938,0.098065905,0.003912262,0.061229713,-0.001859577,251.49928,246.3619,330.7008,0.009570345,16.128422,0.15381737
5,32,10,0.0024009997,0.022206945,0.008941037,0.009691227,0.0035746829,0.047278527,8.496526e-5,3.7459164,0.22866525,5.094012,-0.2369767,0.094557054,0.00016993051,0.09844403,0.0060094018,0.05978865,-0.0027814063,251.4845,246.22778,330.94586,0.0083114505,16.128422,0.16247024
5,33,10,0.0024009997,0.021160848,0.008662322,0.008881345,0.003617182,0.046535797,-0.00050123694,3.5859811,0.19164388,5.124204,-0.4339915,0.093071595,-0.0010024739,0.09424089,0.0050364733,0.060143013,-0.0050937766,251.44579,246.07808,330.7138,0.24234761,16.127039,0.1349091
5,34,10,0.0024009997,0.023448436,0.009269064,0.010459141,0.0037202293,0.04813799,0.0013812948,3.891497,0.3775089,5.196681,-0.38258785,0.09627598,0.0027625896,0.10226994,0.009921073,0.060993683,-0.00449045,251.41235,245.98062,330.00757,0.0050789416,16.127039,0.13563621
5,35,10,0.0024009997,0.021217052,0.007797763,0.010135378,0.0032839114,0.044152472,-0.00041970002,3.830793,0.20751749,4.8824396,-0.43066943,0.088304944,-0.00083940005,0.100674614,0.0054536345,0.05730542,-0.0050547877,251.47116,246.07416,330.7594,0.22315194,16.125631,0.113014296
5,36,10,0.0024009997,0.021691103,0.007882966,0.010559943,0.003248195,0.044393033,-0.0012159364,3.910205,0.18044274,4.855816,-0.5024759,0.088786066,-0.0024318728,0.10276158,0.0047421004,0.056992937,-0.005897583,251.56937,246.53003,331.1655,0.32203317,16.125631,0.098209344
5,37,10,0.0024009997,0.020216975,0.007710434,0.009273428,0.0032331133,0.04390454,0.0003245897,3.6642814,-0.02144277,4.8445306,-0.3355983,0.08780908,0.0006491794,0.096298635,-0.0005635231,0.056860473,-0.003938932,251.64398,246.86517,331.07275,0.35704106,16.124216,0.08539222
5,38,10,0.0024009997,0.021463426,0.009144248,0.009274124,0.0030450546,0.047812782,-0.00024409282,3.6644194,-0.103206575,4.701525,-0.24166335,0.095625564,-0.00048818564,0.096302256,-0.002712307,0.055182014,-0.0028364141,251.72675,247.04567,331.83716,0.3448699,16.124216,0.09085721
5,39,10,0.0024009997,0.0220977,0.009373959,0.00949876,0.0032249803,0.048409604,-0.0010803564,3.708533,-0.13306268,4.8384333,-0.3436436,0.09681921,-0.0021607128,0.09746158,-0.0034969354,0.05678891,-0.0040333616,251.79376,247.30688,332.45044,0.47670627,16.122759,0.09936933
5,40,10,0.0024009997,0.020669067,0.007918102,0.009789812,0.0029611527,0.044491857,-0.0001962007,3.7649207,0.14161244,4.6363006,-0.56271327,0.088983715,-0.0003924014,0.09894348,0.0037216267,0.054416474,-0.0066045932,251.73438,247.15182,331.89792,0.42110083,16.122759,0.10005103
5,41,10,0.0024009997,0.017294195,0.006737707,0.007822656,0.0027338315,0.04104177,-0.0010046321,3.3654704,0.09934554,4.4547887,-0.6625858,0.08208354,-0.0020092642,0.08844578,0.0026108369,0.052286055,-0.007776799,251.65132,246.76825,331.99323,0.56324023,16.121239,0.07163971
5,42,10,0.0024009997,0.017035589,0.0070492136,0.007257093,0.002729281,0.041979797,-0.0015329658,3.24153,0.11164671,4.451079,-0.67045534,0.083959594,-0.0030659316,0.085188575,0.0029341169,0.05224252,-0.007869164,251.57446,246.36827,331.91312,0.5588086,16.121239,0.08261851
5,43,10,0.0024009997,0.016334794,0.0061714104,0.007204019,0.0029593653,0.039279163,-0.0002404109,3.229655,0.14968762,4.634902,-0.7020009,0.078558326,-0.0004808218,0.08487649,0.0039338446,0.05440005,-0.0082394155,251.5279,246.24542,331.044,0.5523133,16.119667,0.098131195
5,44,10,0.0024009997,0.01829747,0.007688557,0.007740368,0.0028685448,0.043842208,-0.0010400428,3.3477225,0.23853795,4.563226,-0.9026091,0.087684415,-0.0020800857,0.08797936,0.0062688636,0.053558797,-0.010593962,251.53584,246.28555,331.40582,0.66407114,16.119667,0.11954625
5,45,10,0.0024009997,0.018696139,0.008063146,0.0076598017,0.0029731907,0.04489751,-0.0006643105,3.3302548,0.018284345,4.645715,-1.0095074,0.08979502,-0.001328621,0.087520294,0.0004805191,0.054526974,-0.011848635,251.54352,246.4345,331.51242,0.9912231,16.11804,0.1362294
5,46,10,0.0024009997,0.019100595,0.0076801823,0.008319617,0.003100795,0.043818325,0.0008821829,3.470726,0.07021775,4.744361,-0.9363863,0.08763665,0.0017643658,0.09121194,0.0018453485,0.055684783,-0.01099041,251.5222,246.38126,330.86008,0.86616856,16.11804,0.12868692
5,47,10,0.0024009997,0.017707272,0.007192198,0.0077983197,0.0027167539,0.042403415,0.00094283227,3.3602314,-0.18045208,4.4408526,-0.8874399,0.08480683,0.0018856645,0.088308096,-0.0047423467,0.05212249,-0.010415925,251.58131,246.50244,331.64853,1.067892,16.116362,0.083003916
5,48,10,0.0024009997,0.023387946,0.011437832,0.008959456,0.0029906568,0.0534739,0.00031672,3.601716,-0.2314455,4.659341,-0.70938736,0.1069478,0.00063344,0.0946544,-0.006082471,0.054686897,-0.008326111,251.70995,247.04236,332.5225,0.94083285,16.116362,0.098387524
5,49,10,0.0024009997,0.022799505,0.00889345,0.010939543,0.002966512,0.047152545,0.0034675016,3.9798644,-0.26766795,4.6404953,-0.5554208,0.09430509,0.006935003,0.10459227,-0.007034409,0.054465696,-0.0065189986,251.81282,247.53104,332.37186,0.82308877,16.114666,0.1177047
5,50,10,0.0024009997,0.023377016,0.009670358,0.01089326,0.0028133998,0.04916899,0.0032231214,3.9714363,-0.41741934,4.519152,-0.4416446,0.09833798,0.006446243,0.10437078,-0.010969931,0.05304149,-0.005183604,251.93916,247.92091,333.15952,0.859064,16.114666,0.1431996
5,51,10,0.0024009997,0.022870075,0.010772453,0.009489113,0.0026085076,0.051895212,0.0022767677,3.7066493,-0.51856714,4.351483,-0.5625152,0.103790425,0.0045535355,0.09741208,-0.013628131,0.05107355,-0.0066022654,252.03703,248.21664,333.78412,1.0810823,16.112919,0.15221661
5,52,10,0.0024009997,0.020170877,0.008809123,0.008836764,0.002524988,0.046928465,0.00262706,3.57697,-0.31699884,4.281253,-0.7075035,0.09385693,0.00525412,0.094004065,-0.008330843,0.05024926,-0.008303999,252.05531,248.42133,333.40594,1.0245023,16.112919,0.1337735
5,53,10,0.0024009997,0.019958511,0.009231871,0.008362823,0.0023638157,0.048041314,0.0028650188,3.4797266,-0.12916033,4.142362,-0.7931816,0.09608263,0.0057300376,0.09144847,-0.0033943828,0.048619088,-0.009309609,252.10768,248.68785,334.15237,0.92234194,16.11118,0.14727011
5,54,10,0.0024009997,0.020455472,0.010131637,0.007889615,0.00243422,0.050328016,0.0008344263,3.3798437,0.08091686,4.2035975,-0.8993527,0.10065603,0.0016688526,0.088823505,0.0021265245,0.049337815,-0.010555743,252.13632,248.85602,334.72943,0.81843585,16.11118,0.1237218
5,55,10,0.0024009997,0.01632995,0.0071487175,0.006916884,0.0022643495,0.042275045,0.0027959498,3.164637,0.25744665,4.0542727,-0.90057725,0.08455009,0.0055918996,0.083167806,0.0067657907,0.047585182,-0.010570116,252.10643,248.86559,334.0152,0.6431306,16.109478,0.0844507
5,56,10,0.0024009997,0.016272753,0.0074370024,0.0065966244,0.0022391258,0.04311903,0.0027960457,3.0905058,0.17801188,4.031628,-0.8409214,0.08623806,0.0055920915,0.081219606,0.004678217,0.0473194,-0.009869932,252.11577,248.83682,334.48358,0.6629095,16.109478,0.092238575
5,57,10,0.0024009997,0.018243577,0.009673516,0.006232929,0.002337132,0.049177017,0.0010322812,3.0041027,0.15638277,4.118915,-0.80761385,0.098354034,0.0020645624,0.0789489,0.004109796,0.048343893,-0.009479002,252.13434,248.82805,334.92322,0.65123105,16.107763,0.09532186
5,58,10,0.0024009997,0.017410437,0.006915226,0.007728779,0.0027664313,0.04157892,0.0020155446,3.3452156,0.2935405,4.4812703,-0.9270299,0.08315784,0.004031089,0.087913476,0.00771435,0.052596875,-0.01088059,252.1403,248.89175,334.31232,0.6334894,16.107763,0.10303134
5,59,10,0.0024009997,0.016793458,0.007363013,0.006719983,0.0027104612,0.042904,0.0012026771,3.1192682,0.22995882,4.4357066,-0.7727293,0.085808,0.0024053543,0.081975505,0.0060434015,0.05206209,-0.009069559,252.23967,249.26132,335.09613,0.54277045,16.106031,0.08741185
5,60,10,0.0024009997,0.01608158,0.0073400717,0.0061368654,0.0026046436,0.04283711,0.00085783907,2.9808629,0.20635158,4.348259,-0.75235003,0.08567422,0.0017156781,0.078338146,0.0054229954,0.05103571,-0.008830366,252.30591,249.58235,335.6975,0.54599845,16.106031,0.09905815
5,61,10,0.0024009997,0.017293237,0.007423997,0.0073457924,0.002523448,0.04308131,0.0018050242,3.261279,0.20523387,4.2799478,-0.63794446,0.08616262,0.0036100484,0.0857076,0.00539362,0.050233934,-0.0074875844,252.29248,249.62401,334.9834,0.4327106,16.104252,0.12375636
5,62,10,0.0024009997,0.01881054,0.009774081,0.006382256,0.0026542018,0.049431976,0.0018186184,3.0398755,0.100187965,4.389431,-0.45912895,0.09886395,0.0036372368,0.07988902,0.0026329774,0.051518947,-0.0053888164,252.32825,249.59622,335.64584,0.358941,16.104252,0.11482643
5,63,10,0.0024009997,0.0175406,0.0073615736,0.0074086147,0.0027704113,0.042899806,-0.0005849807,3.2751951,0.10592434,4.484493,-0.43061695,0.08579961,-0.0011699614,0.08607331,0.002783729,0.052634697,-0.005054171,252.37305,249.76389,335.90613,0.3246926,16.102371,0.07594615
5,64,10,0.0024009997,0.016071143,0.0060795555,0.007438439,0.0025531482,0.03898575,-0.0006039931,3.281781,0.20702066,4.30506,-0.44417572,0.0779715,-0.0012079861,0.086246386,0.005440578,0.050528686,-0.00521331,252.39287,249.93225,335.53397,0.23715506,16.102371,0.063412406
5,65,10,0.0024009997,0.015986802,0.007064361,0.006338308,0.0025841326,0.042024877,-1.1533198e-5,3.0293913,-0.07624886,4.331104,-0.24922392,0.084049754,-2.3066395e-5,0.07961349,-0.0020038474,0.050834365,-0.0029251524,252.45064,250.18486,336.0606,0.32547277,16.100464,0.07153696
5,66,10,0.0024009997,0.016995143,0.008264856,0.0060777883,0.002652498,0.045455627,-0.0014381408,2.96648,-0.1270282,4.3880215,-0.2672834,0.090911254,-0.0028762815,0.07796017,-0.003338346,0.051502407,-0.0031371156,252.48804,250.26071,336.42157,0.3943116,16.100464,0.09112587
5,67,10,0.0024009997,0.018676743,0.007527953,0.008296971,0.0028518185,0.04338189,-0.0010338168,3.4659991,0.15509899,4.549903,-0.14989406,0.08676378,-0.0020676337,0.091087714,0.0040760566,0.05340242,-0.0017593133,252.49129,250.34268,335.83557,-0.005204931,16.098616,0.07782872
5,68,10,0.0024009997,0.018180704,0.007839319,0.0073030717,0.0030383128,0.044269964,-0.0006284867,3.251782,0.0259389,4.696317,-0.05331552,0.08853993,-0.0012569734,0.08545801,0.0006816821,0.055120893,-0.0006257669,252.58113,250.6994,336.5503,0.02737662,16.098616,0.09506486
5,69,10,0.0024009997,0.017958194,0.008068299,0.007139457,0.002750438,0.044911854,-0.0013574939,3.21515,-0.034268852,4.4682984,0.1043767,0.08982371,-0.0027149878,0.084495306,-0.0009005979,0.05244462,0.0012250759,252.65146,250.94954,337.23257,-0.07010785,16.096754,0.10191611
5,70,10,0.0024009997,0.016241392,0.006625287,0.007101148,0.0025149581,0.040697932,-0.00021644041,3.2065125,0.027694086,4.2727413,-0.015992098,0.081395864,-0.00043288083,0.08426831,0.0007278118,0.05014936,-0.00018770105,252.65106,250.94832,336.65405,-0.011701988,16.096754,0.09097621
5,71,10,0.0024009997,0.017486904,0.0074340366,0.0073869647,0.0026659032,0.04311043,3.6327976e-6,3.2704062,-0.0909062,4.399096,0.03185565,0.08622086,7.2655953e-6,0.085947454,-0.0023890457,0.051632386,0.0003738891,252.6604,250.83507,337.182,0.059050553,16.094904,0.09249519
5,72,10,0.0024009997,0.02064546,0.009208765,0.008580832,0.0028558627,0.047981154,-0.0012676027,3.524791,0.03692099,4.553128,0.04603646,0.09596231,-0.0025352053,0.09263278,0.000970298,0.053440273,0.00054033054,252.67233,250.81136,337.38843,-0.08295745,16.094904,0.105653435
5,73,10,0.0024009997,0.019478112,0.007534573,0.008932968,0.0030105715,0.04340096,0.0013959579,3.596388,0.24082182,4.674828,0.2429076,0.08680192,0.0027919158,0.09451438,0.0063288836,0.054868676,0.0028510194,252.66245,250.8316,336.57812,-0.48372942,16.093039,0.07050552
5,74,10,0.0024009997,0.018322127,0.007575318,0.008031931,0.0027148772,0.043518152,0.00024018083,3.4101906,0.24918985,4.4393187,0.20457427,0.087036304,0.00048036166,0.08962104,0.006548799,0.052104484,0.0024010972,252.70407,251.01859,337.08865,-0.45376414,16.093039,0.079766996
5,75,10,0.0024009997,0.017276559,0.007823675,0.0069866506,0.0024662325,0.04422577,-0.0026979854,3.1805573,0.4037452,4.2311487,0.16409363,0.08845154,-0.005395971,0.083586186,0.010610571,0.04966118,0.0019259754,252.74905,251.20721,337.64346,-0.56783885,16.09113,0.09655892
5,76,10,0.0024009997,0.01679295,0.0072148885,0.0069520716,0.0026259879,0.04247025,-0.00057245576,3.1726766,0.43218115,4.3660383,0.18404038,0.0849405,-0.0011449115,0.08337908,0.011357879,0.051244393,0.0021600905,252.76898,251.35756,337.11365,-0.61622155,16.09113,0.12422644
5,77,10,0.0024009997,0.01678087,0.008708804,0.005529417,0.0025426492,0.046660487,-0.000370323,2.8294911,0.30840462,4.2961993,0.15864347,0.09332097,-0.000740646,0.07436005,0.008104986,0.050424688,0.0018620058,252.84225,251.60283,337.7079,-0.4670481,16.089203,0.09545041
5,78,10,0.0024009997,0.017635655,0.009019121,0.0059293555,0.0026871779,0.047484525,-0.0016800499,2.9300323,0.31889248,4.4166136,-0.010233484,0.09496905,-0.0033600999,0.07700231,0.008380609,0.051837996,-0.00012010998,252.85239,251.60815,338.02274,-0.308659,16.089203,0.100740425
5,79,10,0.0024009997,0.017092196,0.0076664686,0.0068509798,0.002574748,0.043779187,0.0007444754,3.1495247,0.36518115,4.323232,0.12778041,0.087558374,0.0014889508,0.082770646,0.009597091,0.050741974,0.001499766,252.80774,251.49124,337.4898,-0.49296156,16.087296,0.08727275
5,80,10,0.0024009997,0.018966965,0.00998523,0.0065186643,0.0024630704,0.04996306,0.0007678239,3.0721893,0.36349747,4.2284346,0.09182801,0.09992612,0.0015356478,0.08073825,0.009552847,0.04962933,0.0010777892,252.81345,251.4534,337.9091,-0.45532548,16.087296,0.10146992
5,81,10,0.0024009997,0.017967064,0.009549621,0.0059948456,0.0024225973,0.04886108,-0.00020032226,2.9461694,0.2314196,4.19355,0.054023974,0.09772216,-0.00040064452,0.07742639,0.006081789,0.049219888,0.00063408085,252.8329,251.5576,338.07162,-0.28544357,16.085318,0.1108107
5,82,10,0.0024009997,0.017094757,0.007854788,0.0068009114,0.0024390586,0.04431362,0.0009136321,3.1379952,0.35245922,4.207773,0.09222327,0.08862724,0.0018272642,0.08246764,0.0092627555,0.049386825,0.00108243,252.84375,251.68802,337.48468,-0.44468248,16.085318,0.09398772
5,83,10,0.0024009997,0.016434146,0.008330451,0.0058774934,0.0022262025,0.04563565,0.0019593611,2.9171906,0.05209133,4.0199766,0.28969258,0.0912713,0.0039187223,0.07666481,0.001368979,0.04718265,0.0034001358,252.91473,251.87648,338.1295,-0.3417839,16.083305,0.09648766
5,84,10,0.0024009997,0.019099135,0.009957296,0.006628369,0.00251347,0.049893126,-0.00025233385,3.0979328,0.03319334,4.2714767,0.3013239,0.09978625,-0.0005046677,0.0814148,0.00087233324,0.050134517,0.0035366518,252.99915,252.13696,338.4215,-0.33451724,16.083305,0.084049776
5,85,10,0.0024009997,0.020925134,0.0108049875,0.0075882776,0.0025318689,0.05197352,0.0017378279,3.3146698,-0.29386234,4.287082,0.34177172,0.10394704,0.0034756558,0.08711072,-0.00772281,0.05031768,0.0040113903,253.02322,252.32454,337.7519,-0.04790938,16.081303,0.10977528
5,86,10,0.0024009997,0.018744519,0.008909787,0.0072077834,0.0026269478,0.047195833,0.0023670255,3.2304988,-0.33714384,4.3668365,0.43753996,0.09439167,0.004734051,0.084898666,-0.0088602565,0.05125376,0.0051354286,253.09691,252.5483,338.7027,-0.10039613,16.081303,0.11594951
5,87,10,0.0024009997,0.020426923,0.01078508,0.006592833,0.00304901,0.05192562,-0.0006495889,3.0896177,-0.39423597,4.704577,0.19672267,0.10385124,-0.0012991778,0.08119626,-0.010360663,0.05521784,0.0023089424,253.13478,252.65953,339.21457,0.1975133,16.079329,0.09641759
5,88,10,0.0024009997,0.018067047,0.008113665,0.007078867,0.0028745164,0.04503794,0.0017661456,3.2014785,-0.26781973,4.567974,0.19022377,0.09007588,0.0035322912,0.084136,-0.0070384,0.053614516,0.0022326629,253.08868,252.53477,338.56354,0.077595964,16.079329,0.073834606
5,89,10,0.0024009997,0.017462486,0.0082367,0.006491353,0.0027344346,0.045378134,0.0013044818,3.0657468,-0.22150216,4.4552794,0.11710766,0.09075627,0.0026089635,0.08056893,-0.0058211577,0.05229182,0.0013744994,253.09312,252.52776,338.99393,0.104394495,16.077375,0.07099088
5,90,10,0.0024009997,0.019360524,0.009311661,0.006904774,0.0031440884,0.048248474,-0.00021523147,3.1618657,-0.2076381,4.777367,-0.051082186,0.09649695,-0.00043046294,0.08309497,-0.0054568057,0.05607217,-0.0005995505,253.09201,252.52571,339.39398,0.25872028,16.077375,0.090579346
5,91,10,0.0024009997,0.018467462,0.008186217,0.00734362,0.0029376235,0.04523886,0.0008952318,3.2607973,0.00072968606,4.617844,-0.14533107,0.09047772,0.0017904636,0.085694924,1.917644e-5,0.05419985,-0.0017057561,253.04843,252.41954,338.70676,0.14460139,16.075397,0.07114737
5,92,10,0.0024009997,0.019410094,0.008985224,0.0074612363,0.0029636344,0.04739521,0.0022621031,3.2868056,0.01651629,4.638243,-0.2523587,0.09479042,0.0045242063,0.08637845,0.00043405668,0.054439273,-0.0029619462,253.0629,252.39204,339.03543,0.2358424,16.075397,0.087146804
5,93,10,0.0024009997,0.02059017,0.009449293,0.007663687,0.0034771904,0.048603736,0.0021624053,3.331099,-0.019330671,5.0240674,-0.18987826,0.09720747,0.0043248106,0.08754249,-0.0005080182,0.058967706,-0.0022286098,253.07753,252.34114,339.16556,0.20920892,16.073366,0.08621498
5,94,10,0.0024009997,0.018998675,0.008456991,0.0074543077,0.0030873744,0.04598095,0.0022428685,3.2852793,0.07113763,4.734083,-0.22448152,0.0919619,0.004485737,0.086338334,0.0018695226,0.055564146,-0.0026347516,253.06258,252.36586,338.46725,0.15334389,16.073366,0.07181703
5,95,10,0.0024009997,0.018708514,0.007977299,0.007580009,0.0031512063,0.044657864,0.0027088409,3.3128636,0.14829372,4.782771,-0.19305289,0.08931573,0.0054176818,0.087063245,0.0038972113,0.056135606,-0.0022658675,253.0799,252.36537,338.86786,0.04475917,16.071314,0.06815988
5,96,10,0.0024009997,0.023239076,0.011525309,0.008104731,0.0036090352,0.053677995,0.0015737528,3.4256105,-0.07945708,5.1184297,-0.063147575,0.10735599,0.0031475057,0.09002628,-0.0020881607,0.060075246,-0.0007411639,253.11111,252.43596,339.1769,0.14260465,16.071314,0.10578027
5,97,10,0.0024009997,0.01881476,0.007189547,0.00808531,0.0035399017,0.0423956,0.003568645,3.4215038,-0.026035232,5.0691695,-0.15414621,0.0847912,0.00713729,0.08991835,-0.0006842174,0.059497073,-0.0018092231,253.08397,252.3909,338.3537,0.18018144,16.069288,0.07222132
5,98,10,0.0024009997,0.020264104,0.008261104,0.008554552,0.0034484484,0.045445308,0.004294452,3.5193892,-0.06411851,5.00326,-0.26587492,0.090890616,0.008588904,0.09249082,-0.0016850558,0.05872349,-0.0031205844,253.09248,252.35535,338.66684,0.32999343,16.069288,0.08965755
5,99,10,0.0024009997,0.019054342,0.007541243,0.008080894,0.0034322042,0.043420166,0.0018655022,3.420569,-0.12034256,4.991462,-0.2587538,0.08684033,0.0037310044,0.089893796,-0.0031626471,0.058585018,-0.0030370066,253.08897,252.28429,338.93747,0.37909636,16.067284,0.07822345
5,100,10,0.0024009997,0.021206342,0.008239529,0.009609213,0.003357601,0.045385927,0.0036872174,3.7300322,-0.15746503,4.936916,-0.12582582,0.090771854,0.0073744347,0.098026596,-0.004138237,0.05794481,-0.0014768237,253.03702,252.10358,338.03403,0.28329086,16.067284,0.08869661
