ic,traj,n_steps,eta,loss_total,loss_T,loss_olw,loss_slwd,rmse_T,bias_T,rmse_olw,bias_olw,rmse_slwd,bias_slwd,nrmse_T,nbias_T,nrmse_olw,nbias_olw,nrmse_slwd,nbias_slwd,mean_T,mean_olw,mean_slwd,bias_C,pnorm,gnorm
1,1,20,0.01,2.617209,1.5791545,0.99322826,0.044826195,0.62832206,0.10165994,37.922173,14.70132,18.038778,5.828461,1.2566441,0.20331988,0.9966084,0.386356,0.21172197,0.06840892,252.41844,250.48651,336.78326,-20.529781,14.304812,9.254794
1,2,20,0.01,2.5884485,1.5712287,0.972435,0.044784766,0.6267433,0.111157745,37.523125,14.886465,18.030441,6.108148,1.2534866,0.22231549,0.9861212,0.39122164,0.21162412,0.07169162,252.40454,250.49158,336.14227,-20.994614,14.304812,9.521324
1,3,20,0.01,2.683781,1.6848779,0.95427024,0.0446326,0.64901423,0.09775562,37.171013,14.456123,17.999783,5.8915515,1.2980285,0.19551124,0.97686756,0.37991223,0.21126428,0.069149405,252.41394,250.43555,336.88818,-20.347675,14.304812,9.6632805
1,4,20,0.01,2.7360458,1.7387102,0.9548146,0.042520955,0.6593008,0.10374458,37.18161,14.623451,17.568825,6.05731,1.3186016,0.20748916,0.97714615,0.38430956,0.2062061,0.071094915,252.40698,250.42053,336.8852,-20.680761,14.304812,10.477005
1,5,20,0.01,0.97658664,0.6455371,0.2972471,0.03380243,0.4017266,-0.010602395,20.745672,4.2333,15.664452,4.358976,0.8034532,-0.02120479,0.54520375,0.11125265,0.18385437,0.051161498,252.37021,250.29182,336.20297,-8.592276,14.290005,3.8040154
1,6,20,0.01,1.0396504,0.7106375,0.29397738,0.035035603,0.4214966,-0.02021834,20.631254,3.8301609,15.947626,4.0230293,0.8429932,-0.04043668,0.5421968,0.100658014,0.187178,0.047218475,252.3926,250.25824,336.92123,-7.8531904,14.290005,3.9139802
1,7,20,0.01,1.0513859,0.70880705,0.3060305,0.036548335,0.4209534,-0.016546875,21.04995,3.747964,16.28827,3.9586298,0.8419068,-0.03309375,0.55320024,0.09849783,0.19117619,0.046462618,252.40977,250.37299,336.86823,-7.7065935,14.290005,3.8036566
1,8,20,0.01,0.95890987,0.6148255,0.30843303,0.0356513,0.39205405,-0.0039444086,21.132416,4.033332,16.087143,4.299403,0.7841081,-0.007888817,0.55536747,0.10599739,0.18881552,0.05046229,252.38562,250.36699,336.30093,-8.332735,14.290005,4.3450317
1,9,20,0.01,0.77766776,0.5680512,0.17821878,0.03139776,0.37684587,-0.082018845,16.063694,-2.6141536,15.096998,1.4051968,0.75369173,-0.16403769,0.42215967,-0.06870088,0.17719413,0.016492859,252.42519,250.44893,337.21472,1.2089568,14.282584,4.8950315
1,10,20,0.01,0.8392465,0.62142974,0.18674493,0.031071872,0.39415407,-0.07913402,16.443455,-2.3648992,15.018444,1.2842345,0.78830814,-0.15826803,0.43213993,-0.062150426,0.17627215,0.015073119,252.44725,250.49475,337.3003,1.0806646,14.282584,5.285999
1,11,20,0.01,0.7867282,0.5727659,0.18532881,0.028633554,0.3784065,-0.07169975,16.38099,-2.1414425,14.41713,1.5805949,0.756813,-0.1433995,0.43049833,-0.05627789,0.16921452,0.018551512,252.44179,250.56322,336.80908,0.56084764,14.282584,5.129836
1,12,20,0.01,0.87486356,0.6808827,0.1644286,0.029552255,0.41257808,-0.089057095,15.429693,-2.652568,14.64659,1.3461305,0.82515615,-0.17811419,0.40549797,-0.069710426,0.1719077,0.015799591,252.47427,250.66615,337.647,1.3064376,14.282584,5.588272
1,13,20,0.01,0.66789186,0.46316206,0.17529781,0.029432023,0.34028006,-0.04257908,15.931511,-2.9277081,14.616766,0.6702659,0.6805601,-0.08515816,0.41868582,-0.07694124,0.17155764,0.007866939,252.47423,250.6328,337.6475,2.2574422,14.2728195,5.351867
1,14,20,0.01,0.5971183,0.3833819,0.18548283,0.028253587,0.3095892,-0.031974938,16.387794,-3.1547956,14.321154,1.2790816,0.6191784,-0.063949876,0.43067718,-0.08290913,0.16808803,0.015012639,252.49164,250.749,337.11978,1.8757141,14.2728195,4.641157
1,15,20,0.01,0.5759386,0.37848026,0.16886553,0.028592825,0.30760375,-0.043236073,15.636485,-3.6685057,14.406873,0.9580983,0.6152075,-0.086472146,0.4109325,-0.09640966,0.16909413,0.011245246,252.6039,251.2189,338.38785,2.7104073,14.2728195,20.520014
1,16,20,0.01,0.58792865,0.38948953,0.16925047,0.02918864,0.31204548,-0.038789835,15.654299,-3.1323328,14.556205,0.79934585,0.62409097,-0.07757967,0.41140062,-0.08231882,0.17084683,0.009381959,252.63489,251.37738,338.52667,2.3329868,14.2728195,4.6480713
1,17,20,0.01,0.40628147,0.21702588,0.1674548,0.021800814,0.23293018,0.005996006,15.571034,-1.3925682,12.57991,1.3348972,0.46586037,0.011992012,0.4092124,-0.036597203,0.14765099,0.015667748,252.62984,251.34584,337.71634,0.05767107,14.264446,3.0394852
1,18,20,0.01,0.40962678,0.22951259,0.15664428,0.023469938,0.23953736,-0.0044973376,15.060034,-1.4422592,13.052605,0.99530166,0.47907472,-0.008994675,0.39578313,-0.03790309,0.15319902,0.011681897,252.69823,251.55948,338.49228,0.44695753,14.264446,3.060408
1,19,20,0.01,0.4270792,0.23998022,0.1626574,0.024441596,0.24493888,0.0018263404,15.346368,-0.9043972,13.320054,1.1075362,0.48987776,0.003652681,0.40330806,-0.023767896,0.15633808,0.012999206,252.7453,251.79413,338.72342,-0.203139,14.264446,3.147274
1,20,20,0.01,0.40282384,0.21550684,0.16452943,0.022787577,0.23211357,0.0098888595,15.434425,-1.2489139,12.861461,1.408807,0.46422714,0.019777719,0.40562227,-0.032821897,0.15095554,0.01653523,252.74925,251.87851,338.13565,-0.15989316,14.264446,3.4034357
1,21,20,0.01,0.30661574,0.16784301,0.11653939,0.022233332,0.20484324,0.046320308,12.989878,1.4190856,12.704087,1.9155074,0.40968648,0.092640616,0.34137866,0.037294094,0.14910845,0.0224824,252.79848,251.98409,338.9255,-3.334593,14.2567215,1.2866275
1,22,20,0.01,0.32659417,0.18251616,0.12163646,0.02244158,0.21360955,0.050049886,13.270905,1.8898864,12.763445,2.043347,0.4272191,0.10009977,0.34876418,0.049666896,0.14980514,0.023982853,252.81439,252.05295,339.05228,-3.9332333,14.2567215,1.3108668
1,23,20,0.01,0.3292087,0.18725006,0.12044065,0.021518003,0.216362,0.056773562,13.205511,1.2844676,12.498049,2.4474995,0.432724,0.113547124,0.3470456,0.033756264,0.14669016,0.028726406,252.83064,252.2094,338.6379,-3.731967,14.2567215,1.6744831
1,24,20,0.01,0.31270787,0.17175442,0.1180804,0.022873038,0.20721632,0.045133065,13.075478,1.0070983,12.885554,2.1296842,0.41443264,0.09026613,0.3436283,0.026466899,0.15123835,0.024996208,252.94153,252.60262,339.67526,-3.1367826,14.2567215,1.5294281
1,25,20,0.01,0.35462853,0.24007568,0.09354232,0.021010555,0.24498759,0.068956204,11.637851,3.9641626,12.349802,2.1571352,0.48997518,0.13791241,0.3058469,0.10417964,0.14495018,0.025318393,253.02962,252.95816,340.00867,-6.121298,14.247692,2.259381
1,26,20,0.01,0.37487304,0.26407292,0.0897081,0.02109202,0.25694013,0.07983203,11.396841,3.6662211,12.373721,2.9142332,0.51388025,0.15966406,0.2995131,0.09634962,0.14523092,0.034204487,253.07674,253.19882,339.593,-6.5804543,14.247692,2.560258
1,27,20,0.01,0.3524605,0.24580997,0.08611973,0.020530824,0.24789613,0.06754869,11.1665745,3.5608313,12.207997,2.4961507,0.49579227,0.13509738,0.29346162,0.093579926,0.14328581,0.029297441,253.11852,253.33716,339.99985,-6.056982,14.247692,2.3830013
1,28,20,0.01,0.3803935,0.26808313,0.092693016,0.01961737,0.2588837,0.06837638,11.584897,3.863299,11.93333,2.3682196,0.5177674,0.13675275,0.30445528,0.10152891,0.14006202,0.0277959,253.09529,253.20937,339.9267,-6.2315187,14.247692,2.5618951
1,29,20,0.01,0.3215083,0.21953273,0.085739,0.016236542,0.2342716,0.064133435,11.141865,4.149667,10.856454,2.0657194,0.4685432,0.12826687,0.29281223,0.10905475,0.12742269,0.024245437,253.03816,252.94283,339.28006,-6.2153864,14.23984,3.2357202
1,30,20,0.01,0.30726403,0.20282976,0.087372325,0.017061954,0.22518313,0.048697293,11.24749,3.8487613,11.128984,1.5226023,0.45036626,0.097394586,0.2955881,0.10114683,0.13062142,0.017870855,253.08235,252.98283,340.00293,-5.3713636,14.23984,2.092485
1,31,20,0.01,0.30431992,0.19779186,0.08953851,0.016989551,0.22236899,0.055576354,11.386065,3.9766722,11.105349,1.6608361,0.44473797,0.11115271,0.29922986,0.10450836,0.13034397,0.019493314,253.14943,253.3084,340.39206,-5.6375084,14.23984,2.0482574
1,32,20,0.01,0.31954136,0.21441294,0.088954195,0.016174225,0.23152372,0.066193454,11.348851,3.5425453,10.835599,2.2324781,0.46304744,0.13238691,0.2982519,0.09309937,0.12717792,0.026202697,253.20824,253.61017,339.97482,-5.7750235,14.23984,3.8016691
1,33,20,0.01,0.22894175,0.12945421,0.08276501,0.016722525,0.17989872,0.019201616,10.946924,2.6154273,11.017731,1.3076793,0.35979745,0.03840323,0.2876891,0.06873437,0.1293156,0.01534829,253.27646,253.84778,340.5104,-3.9231067,14.234775,1.3955171
1,34,20,0.01,0.2547953,0.15365458,0.08394089,0.01719984,0.19599399,0.023579126,11.024413,3.0988128,11.173864,1.5155375,0.39198798,0.047158252,0.28972554,0.08143793,0.13114816,0.017787931,253.26535,253.68387,340.44775,-4.6143503,14.234775,1.1521662
1,35,20,0.01,0.24246153,0.13684298,0.08889218,0.016726367,0.18496147,0.03149939,11.344894,2.8254762,11.018995,1.8049242,0.36992294,0.06299878,0.29814792,0.07425451,0.12933046,0.021184476,253.21648,253.482,339.69516,-4.6304007,14.234775,1.2376631
1,36,20,0.01,0.23828657,0.1301064,0.090845324,0.017334837,0.18035133,0.017583787,11.468851,2.7651231,11.217629,1.2847581,0.36070266,0.035167575,0.30140558,0.0726684,0.13166183,0.015079265,253.24243,253.50233,340.30884,-4.049881,14.234775,1.3963089
1,37,20,0.01,0.21224812,0.12713762,0.06756844,0.017542059,0.17828181,-0.023256402,9.89101,0.33361632,11.284479,0.6300881,0.35656363,-0.046512805,0.2599393,0.008767547,0.13244644,0.0073953727,253.27705,253.67303,340.46426,-0.9637044,14.231102,1.4082559
1,38,20,0.01,0.20252497,0.12081048,0.06559405,0.016120445,0.17378901,-0.012167671,9.745428,-0.18855917,10.81757,1.0267756,0.34757802,-0.024335342,0.25611335,-0.004955407,0.12696631,0.012051312,253.31645,253.88698,340.201,-0.8382164,14.231102,1.4788551
1,39,20,0.01,0.21146938,0.12893713,0.0666729,0.015859362,0.17953908,-0.024077168,9.825243,-0.24379754,10.729613,0.77407944,0.35907817,-0.048154335,0.25821096,-0.0064070877,0.12593396,0.009085406,253.4152,254.26085,341.10968,-0.5302819,14.231102,2.9933126
1,40,20,0.01,0.21716611,0.1322551,0.06926223,0.015648765,0.18183447,-0.014250887,10.0142145,0.07659357,10.658135,0.9737126,0.36366895,-0.028501773,0.2631772,0.0020129078,0.12509502,0.011428505,253.46251,254.45853,341.1552,-1.0503062,14.231102,1.9385757
1,41,20,0.01,0.19712351,0.12164941,0.062048547,0.013425562,0.17439137,-0.033500858,9.478388,-2.3387885,9.872052,0.6498734,0.34878275,-0.067001715,0.24909545,-0.061464213,0.115868725,0.0076275924,253.46288,254.571,340.59927,1.6889151,14.227327,1.6663043
1,42,20,0.01,0.21027455,0.13728361,0.05821246,0.014778478,0.18525901,-0.05175008,9.180718,-2.3901944,10.357527,-0.04521264,0.37051803,-0.10350016,0.24127258,-0.06281518,0.121566765,-0.00053066196,253.48528,254.60101,341.54367,2.4354072,14.227327,1.8306236
1,43,20,0.01,0.22429477,0.15027253,0.059086077,0.01493617,0.193825,-0.04743098,9.249352,-2.0977437,10.412641,0.075151235,0.38765,-0.09486196,0.24307628,-0.055129465,0.122213624,0.00088205363,253.45403,254.38322,341.45068,2.0225925,14.227327,2.1021912
1,44,20,0.01,0.2170896,0.14148603,0.060824495,0.014779062,0.18807314,-0.038410038,9.38443,-2.354446,10.357732,0.35401702,0.3761463,-0.076820076,0.24662623,-0.0618757,0.121569164,0.0041551157,253.42621,254.27316,340.6099,2.000429,14.227327,2.2079895
1,45,20,0.01,0.21152015,0.14492457,0.05292482,0.013670752,0.1903448,-0.05032192,8.753835,-3.7052865,9.96179,-0.38196218,0.3806896,-0.10064384,0.23005395,-0.097376265,0.11692199,-0.0044831103,253.51897,254.52312,341.2396,4.087249,14.223787,1.2535725
1,46,20,0.01,0.1787154,0.115018286,0.050356187,0.013340922,0.16957173,-0.04553318,8.538766,-3.4271948,9.840884,-0.07903659,0.33914346,-0.09106636,0.22440185,-0.09006792,0.11550291,-0.0009276554,253.56812,254.63132,341.0791,3.5062313,14.223787,1.6327561
1,47,20,0.01,0.1621803,0.09711072,0.052393626,0.012675953,0.15581296,-0.03831782,8.709793,-3.473138,9.592492,0.41921934,0.31162593,-0.07663564,0.22889654,-0.09127532,0.112587534,0.0049203946,253.53642,254.53664,340.2233,3.0539188,14.223787,1.5322266
1,48,20,0.01,0.18902199,0.11998412,0.055762857,0.013275015,0.17319362,-0.053040408,8.985478,-3.8358903,9.816546,0.07703084,0.34638724,-0.106080815,0.2361416,-0.100808576,0.11521725,0.00090411335,253.55765,254.60013,341.10196,3.7588594,14.223787,1.1364286
1,49,20,0.01,0.1740271,0.1137226,0.049876984,0.010427523,0.16861391,-0.03472807,8.498039,-3.1755815,8.700252,-0.2519725,0.33722782,-0.06945614,0.22333156,-0.08345542,0.10211524,-0.002957414,253.5518,254.58154,340.99524,3.427554,14.220357,0.8020515
1,50,20,0.01,0.14996512,0.09370176,0.04612469,0.010138676,0.15305372,-0.026592284,8.1721325,-3.4550626,8.578904,-0.06514016,0.30610743,-0.05318457,0.21476659,-0.090800315,0.10069099,-0.0007645518,253.52483,254.4744,340.45276,3.5202029,14.220357,0.87375265
1,51,20,0.01,0.1685476,0.10930272,0.04792236,0.01132251,0.16530481,-0.03999426,8.329862,-3.5748932,9.065934,-0.3557332,0.33060962,-0.07998852,0.21891177,-0.09394948,0.106407285,-0.0041752597,253.58124,254.63846,341.18668,3.9306264,14.220357,1.4241993
1,52,20,0.01,0.1692704,0.10763969,0.050876826,0.01075387,0.16404244,-0.032983843,8.582793,-3.3960984,8.835347,-0.17049393,0.3280849,-0.06596769,0.22555892,-0.0892507,0.10370087,-0.002001093,253.63174,254.87,341.2892,3.5665922,14.220357,0.8251237
1,53,20,0.01,0.16341245,0.11349763,0.040544868,0.009369955,0.16844705,-0.010906665,7.661902,-2.0665727,8.247267,-0.22943227,0.3368941,-0.02181333,0.20135756,-0.054310277,0.09679853,-0.0026928578,253.65013,255.02869,340.74384,2.296005,14.217197,2.8049638
1,54,20,0.01,0.17385598,0.1220421,0.041408654,0.010405225,0.17467262,-0.021680456,7.7430882,-2.0799205,8.690944,-0.47980615,0.34934524,-0.04336091,0.20349117,-0.054661054,0.102006,-0.005631508,253.70247,255.18744,341.73508,2.5597267,14.217197,1.8993765
1,55,20,0.01,0.18740089,0.13133775,0.044895213,0.0111679295,0.18120275,-0.016697356,8.062481,-1.7961842,9.003836,-0.2768268,0.3624055,-0.033394713,0.2118849,-0.047204375,0.105678424,-0.003249128,253.69551,255.09679,341.46655,2.073011,14.217197,1.6335773
1,56,20,0.01,0.17093174,0.11560043,0.04429117,0.011040137,0.17000031,-0.0089645125,8.0080595,-2.1903684,8.952172,0.024969235,0.34000063,-0.017929025,0.21045467,-0.057563685,0.10507206,0.00029306882,253.66667,254.98564,340.56165,2.165399,14.217197,1.5877185
1,57,20,0.01,0.20280387,0.14397126,0.047496606,0.011335995,0.18971772,-0.01589542,8.292776,0.03725156,9.071332,-0.69350725,0.37943545,-0.03179084,0.21793716,0.0009789828,0.10647063,-0.008139726,253.71732,255.15323,341.31305,0.6562557,14.2157345,1.3677967
1,58,20,0.01,0.17732169,0.11440043,0.052604306,0.010316959,0.16911566,-0.014728471,8.727288,0.3675666,8.654003,-0.44985735,0.33823133,-0.029456941,0.22935629,0.00965978,0.10157243,-0.0052799955,253.73828,255.23666,341.5209,0.08229077,14.2157345,1.4242631
1,59,20,0.01,0.15609515,0.10221131,0.043706745,0.010177094,0.15985252,-0.005273942,7.95505,-0.0995179,8.595142,-0.25795868,0.31970504,-0.010547884,0.20906158,-0.0026153664,0.100881584,-0.0030276726,253.75423,255.37689,340.9498,0.3574766,14.2157345,1.2759123
1,60,20,0.01,0.17414418,0.116441764,0.04752301,0.010179404,0.17061782,-0.019408645,8.295082,-0.014919859,8.59612,-0.57405347,0.34123564,-0.03881729,0.21799773,-0.0003920962,0.100893036,-0.006737693,253.83916,255.7135,341.88724,0.58897334,14.2157345,1.2399486
1,61,20,0.01,0.16615157,0.09610623,0.05975464,0.010290702,0.15500502,-0.013588327,9.301533,2.0569801,8.642984,-0.5120667,0.31001005,-0.027176654,0.24444762,0.05405817,0.1014431,-0.0060101505,253.85196,255.8096,341.93814,-1.5449134,14.21471,0.59138685
1,62,20,0.01,0.14248993,0.082666956,0.049814247,0.010008716,0.14375931,-0.0057547484,8.492694,1.6976386,8.523745,-0.0793927,0.28751862,-0.011509497,0.22319105,0.04461456,0.10004357,-0.0009318357,253.78087,255.49396,341.2927,-1.618246,14.21471,0.5137346
1,63,20,0.01,0.16787194,0.102201216,0.05360237,0.0120683415,0.15984462,-0.015031222,8.809691,1.9868001,9.359767,-0.37011218,0.31968924,-0.030062445,0.23152186,0.05221383,0.109856,-0.004344024,253.7314,255.08894,341.40466,-1.6166879,14.21471,21.846329
1,64,20,0.01,0.15717205,0.08601573,0.059198257,0.011958067,0.1466422,-0.010713406,9.258127,2.623774,9.316905,-0.30814072,0.2932844,-0.021426812,0.24330692,0.06895373,0.10935295,-0.003616663,253.66293,254.69026,340.53543,-2.3156333,14.21471,1.1656456
1,65,20,0.01,0.16423789,0.0886327,0.061893295,0.01371188,0.14885622,-0.0058076046,9.466523,3.778049,9.976765,0.16561845,0.29771245,-0.011615209,0.24878363,0.0992885,0.117097735,0.0019438713,253.61697,254.54749,339.74472,-3.9436674,14.216258,1.2412399
1,66,20,0.01,0.18077932,0.09835259,0.067944266,0.014482465,0.15680608,-0.019560482,9.91848,3.7925649,10.253271,-0.30869925,0.31361216,-0.039120965,0.2606612,0.09966997,0.12034311,-0.003623217,253.61052,254.39386,340.4293,-3.4838657,14.216258,1.5273675
1,67,20,0.01,0.18587916,0.10784072,0.064955145,0.013083293,0.16419555,-0.01721383,9.697851,4.2039075,9.745401,-0.22059941,0.3283911,-0.03442766,0.254863,0.11048022,0.11438222,-0.0025891855,253.58704,254.3003,340.14633,-3.983308,14.216258,1.6198552
1,68,20,0.01,0.16512282,0.1048315,0.04768182,0.01260949,0.16188847,-0.012184526,8.3089285,3.5691652,9.567312,-0.056706786,0.32377693,-0.024369052,0.21836168,0.093798935,0.112291984,-0.0006655702,253.56248,254.25641,339.35574,-3.5124583,14.216258,1.69521
1,69,20,0.01,0.18568006,0.10495586,0.063478544,0.017245654,0.16198446,-0.011148408,9.5869875,3.8788798,11.188737,-0.3219008,0.32396892,-0.022296816,0.2519495,0.10193835,0.13132271,-0.0037781657,253.62851,254.50122,340.30804,-3.556979,14.218032,1.5953342
1,70,20,0.01,0.1954606,0.099258386,0.07982491,0.016377319,0.1575265,-0.0056386306,10.750729,4.272409,10.903417,0.05910808,0.315053,-0.011277261,0.28253302,0.11228046,0.1279739,0.0006937541,253.71713,254.95245,340.90997,-4.331517,14.218032,1.5676012
1,71,20,0.01,0.18357405,0.093910016,0.07379658,0.015867451,0.15322371,0.0028898811,10.336815,3.6148744,10.732349,0.55834544,0.30644742,0.0057797623,0.27165526,0.0950002,0.12596607,0.006553325,253.75783,255.20049,340.64804,-4.1732197,14.218032,1.4260327
1,72,20,0.01,0.20353347,0.10659715,0.0794142,0.017522123,0.1632461,-0.008292721,10.723036,3.872193,11.278065,0.2245819,0.3264922,-0.016585441,0.28180525,0.101762615,0.13237116,0.0026359297,253.7838,255.17719,341.00055,-4.096775,14.218032,1.6423122
1,73,20,0.01,0.18388917,0.09832096,0.06584654,0.019721674,0.15678087,0.00983169,9.764166,2.9351745,11.965011,0.30885416,0.31356174,0.01966338,0.2566058,0.07713745,0.14043388,0.003625036,253.73991,254.99927,340.7341,-3.2440286,14.220105,1.0133387
1,74,20,0.01,0.14369825,0.07029293,0.0538607,0.019544622,0.13256407,0.015328362,8.8308935,2.5081623,11.911183,0.07812215,0.26512814,0.030656723,0.23207909,0.06591541,0.13980208,0.00091692654,253.66505,254.73082,339.95316,-2.5862844,14.220105,0.7684684
1,75,20,0.01,0.16612145,0.08727979,0.057724275,0.021117391,0.14771576,0.0018480691,9.142141,2.4942448,12.38116,-0.42032322,0.29543152,0.0036961383,0.24025877,0.06554965,0.14531824,-0.004933351,253.69342,254.7747,340.71402,-2.0739217,14.220105,0.80840975
1,76,20,0.01,0.16383167,0.08397426,0.059040222,0.020817187,0.14489156,0.0103079025,9.245761,2.679398,12.29284,-0.0015687268,0.28978312,0.020615805,0.24298194,0.07041556,0.14428163,-1.8411212e-5,253.74457,255.08351,341.05887,-2.6778293,14.220105,0.6771522
1,77,20,0.01,0.14018244,0.07558664,0.041852638,0.022743162,0.13746512,0.029582255,7.7844887,0.28641987,12.84892,-0.20306042,0.27493024,0.05916451,0.20457917,0.0075272163,0.15080836,-0.0023833308,253.71417,254.96013,340.47186,-0.08335945,14.222074,1.0354713
1,78,20,0.01,0.14787005,0.08166137,0.04220356,0.024005119,0.14288227,0.019084247,7.8170557,0.41996866,13.200583,-0.68641615,0.28576455,0.038168494,0.20543505,0.011036931,0.15493585,-0.008056497,253.71947,254.90894,341.07217,0.26644748,14.222074,0.9159176
1,79,20,0.01,0.15440658,0.09054796,0.04074519,0.023113422,0.15045594,0.023264054,7.680807,0.8010978,12.953088,-0.61982745,0.30091187,0.04652811,0.20185438,0.021053143,0.15203099,-0.007274942,253.69934,254.80464,340.75858,-0.18127036,14.222074,1.0249915
1,80,20,0.01,0.14051777,0.08033901,0.036985338,0.023193425,0.14172068,0.030057006,7.317849,0.74502915,12.975488,-0.6878218,0.28344136,0.06011401,0.19231573,0.019579638,0.15229388,-0.008073,253.66087,254.70833,339.90408,-0.057207346,14.222074,1.0973293
1,81,20,0.01,0.15154687,0.08938114,0.036322307,0.02584342,0.1494834,0.02003432,7.2519603,-0.96479875,13.696708,-1.4928877,0.2989668,0.04006864,0.19058412,-0.025355259,0.16075888,-0.017522091,253.65724,254.67357,340.6669,2.4576864,14.223563,1.3534981
1,82,20,0.01,0.16220334,0.100623086,0.036660884,0.024919368,0.15860571,0.02608304,7.2856812,-1.0036049,13.449613,-1.3517324,0.31721142,0.05216608,0.19147032,-0.026375102,0.1578587,-0.01586534,253.60875,254.43716,340.5507,2.3553371,14.223563,1.225837
1,83,20,0.01,0.14473428,0.08421441,0.03568681,0.024833053,0.1450986,0.030739622,7.188239,-1.1613568,13.426298,-1.319381,0.2901972,0.061479244,0.18890953,-0.030520877,0.15758507,-0.015485629,253.52977,254.13226,339.50528,2.4807377,14.223563,1.5129697
1,84,20,0.01,0.15568142,0.09432776,0.035211995,0.026141664,0.15356413,0.022006936,7.1402593,-1.0541633,13.775515,-1.6223629,0.30712825,0.044013873,0.1876486,-0.027703792,0.16168384,-0.019041741,253.51367,253.99239,339.85992,2.676526,14.223563,1.493373
1,85,20,0.01,0.131302,0.070582815,0.034834005,0.025885174,0.13283713,0.019596586,7.101831,-2.3237581,13.707769,-2.0511482,0.26567426,0.039193172,0.1866387,-0.06106921,0.1608887,-0.02407442,253.4789,253.80995,339.81586,4.3749065,14.22425,0.7723828
1,86,20,0.01,0.126826,0.06583098,0.034960773,0.026034245,0.12828775,0.024039727,7.1147413,-2.6750095,13.747183,-2.0977747,0.2565755,0.048079453,0.186978,-0.07030021,0.16135131,-0.024621686,253.4459,253.6737,339.1695,4.772784,14.22425,0.8100106
1,87,20,0.01,0.1364595,0.07523806,0.03428369,0.026937747,0.13714778,0.0149723375,7.04551,-2.4304006,13.983692,-2.57382,0.27429557,0.029944675,0.18515855,-0.0638718,0.16412723,-0.03020904,253.44511,253.5902,339.4555,5.004221,14.22425,5.4669657
1,88,20,0.01,0.13578638,0.0721827,0.03790041,0.025703266,0.13433419,0.01848962,7.4078236,-2.5976267,13.659518,-2.1490083,0.26866838,0.03697924,0.19468027,-0.06826656,0.16032238,-0.025223006,253.42815,253.45184,339.27353,4.746635,14.22425,0.7441132
1,89,20,0.01,0.13109264,0.058451228,0.043304708,0.02933671,0.12088344,0.013026579,7.9183774,-3.6004639,14.593078,-3.2307122,0.24176688,0.026053159,0.20809783,-0.0946215,0.17127962,-0.037919026,253.38936,253.29822,338.71216,6.831176,14.2244005,0.68982506
1,90,20,0.01,0.14200912,0.06725712,0.04303776,0.03171425,0.12966989,0.0024516438,7.893934,-3.4575276,15.1728945,-3.5912242,0.25933978,0.0049032876,0.20745544,-0.090865076,0.17808495,-0.042150367,253.42638,253.36781,339.2324,7.048752,14.2244005,0.62191516
1,91,20,0.01,0.13707887,0.06467305,0.041540176,0.030865645,0.12715448,0.0074022836,7.755376,-3.5847816,14.968519,-3.225277,0.25430897,0.014804567,0.20381407,-0.09420934,0.17568621,-0.03785522,253.45934,253.36798,339.16086,6.8100586,14.2244005,0.66962713
1,92,20,0.01,0.13365413,0.06268018,0.03968575,0.031288207,0.12518005,0.014372353,7.5802927,-3.7464685,15.070636,-3.18859,0.2503601,0.028744707,0.19921282,-0.09845855,0.17688473,-0.03742463,253.49657,253.58966,338.77414,6.9350586,14.2244005,0.59537
1,93,20,0.01,0.1435392,0.071590655,0.040822156,0.031126395,0.13378215,0.0013462409,7.688057,-3.060248,15.031614,-4.231988,0.2675643,0.0026924817,0.20204493,-0.08042443,0.17642674,-0.049671028,253.54446,253.75383,339.40155,7.292236,14.223648,0.93045455
1,94,20,0.01,0.1378361,0.069667816,0.03962659,0.028541688,0.13197331,0.0061526275,7.5746408,-2.850237,14.393983,-3.8762238,0.26394662,0.012305255,0.19906428,-0.074905254,0.16894285,-0.04549543,253.54135,253.68117,339.1359,6.7264605,14.223648,0.92554665
1,95,20,0.01,0.13202605,0.060630463,0.03983044,0.031565152,0.12311627,0.012115769,7.594099,-3.0273228,15.137185,-4.056423,0.24623254,0.024231538,0.19957565,-0.07955914,0.17766584,-0.047610417,253.56224,253.89157,338.90305,7.083746,14.223648,0.76268137
1,96,20,0.01,0.14125176,0.06651244,0.040906705,0.03383261,0.12895003,0.0039464487,7.6960154,-2.9260957,15.671444,-4.263892,0.25790006,0.007892897,0.20225406,-0.07689884,0.18393643,-0.050045513,253.62457,254.09698,339.8439,7.189988,14.223648,0.7536316
1,97,20,0.01,0.13825294,0.066597626,0.038095824,0.0335595,0.12903258,0.0075370334,7.426896,-2.1683722,15.60806,-4.7821617,0.25806516,0.015074067,0.19518152,-0.05698562,0.18319252,-0.056128465,253.6151,253.96729,339.88663,6.950534,14.222097,0.7859085
1,98,20,0.01,0.13194637,0.060195856,0.037349213,0.034401298,0.12267422,0.010455679,7.3537593,-2.3980944,15.802605,-4.927196,0.24534844,0.020911358,0.19325945,-0.06302278,0.18547587,-0.05783073,253.52515,253.59714,338.78717,7.3252907,14.222097,0.6981716
1,99,20,0.01,0.14049014,0.070563056,0.035085775,0.034841307,0.13281853,-0.00037713288,7.127451,-2.1130853,15.903342,-5.2797265,0.26563707,-0.00075426575,0.18731198,-0.055532638,0.18665826,-0.06196838,253.49396,253.40671,339.19476,7.392812,14.222097,0.72014695
1,100,20,0.01,0.12824795,0.05726103,0.03608005,0.034906857,0.119646385,0.0056311204,7.227736,-2.122995,15.918298,-5.115673,0.23929277,0.011262241,0.1899475,-0.055793073,0.18683377,-0.060042903,253.45523,253.21451,339.00836,7.238668,14.222097,0.65750563
2,1,20,0.0069999998,0.4457994,0.23497106,0.14731567,0.06351267,0.24236907,0.018624913,14.604716,1.1998808,21.471945,-7.1047554,0.48473814,0.037249826,0.38381723,0.031533338,0.2520172,-0.08338886,252.01569,248.03488,332.27753,5.904875,14.219871,6.9128804
2,2,20,0.0069999998,0.44023603,0.22980574,0.14708857,0.06334175,0.23969029,0.0227444,14.593455,1.1355505,21.443035,-7.3794055,0.47938058,0.0454888,0.3835213,0.029842684,0.25167787,-0.086612396,251.97258,247.9123,331.90018,6.243855,14.219871,2.5126116
2,3,20,0.0069999998,0.4211974,0.20754412,0.15076225,0.06289105,0.22778505,0.012028608,14.774572,1.4717001,21.36661,-7.9098616,0.4555701,0.024057215,0.38828114,0.03867679,0.25078088,-0.09283842,251.90897,247.6714,332.00607,6.4381614,14.219871,2.7602267
2,4,20,0.0069999998,0.41034055,0.2025735,0.14698106,0.060785994,0.22504082,0.01544056,14.58812,1.5789264,21.005983,-7.585946,0.45008165,0.03088112,0.3833811,0.041494753,0.24654816,-0.089036584,251.81279,247.25237,331.5703,6.0070195,14.219871,2.789156
2,5,20,0.0069999998,0.35400942,0.16223244,0.13284333,0.058933657,0.20139045,0.025585083,13.868789,1.5358634,20.683447,-7.9067297,0.4027809,0.051170167,0.3644768,0.040363032,0.24276255,-0.09280166,251.72176,246.85898,331.0205,6.3708663,14.217647,31.269712
2,6,20,0.0069999998,0.33864847,0.14110662,0.13889807,0.0586438,0.1878208,0.014123837,14.181325,1.4839135,20.632519,-8.254988,0.3756416,0.028247675,0.37269032,0.03899778,0.24216482,-0.09688916,251.64838,246.4432,331.26743,6.7710743,14.217647,1.4313637
2,7,20,0.0069999998,0.3618921,0.15340146,0.14720672,0.06128391,0.19583249,0.0170041,14.599314,1.9440517,21.091837,-8.39046,0.39166498,0.0340082,0.38367528,0.051090386,0.24755587,-0.09847921,251.51949,246.03377,330.48856,6.4464083,14.217647,2.1300552
2,8,20,0.0069999998,0.3776217,0.17615181,0.13735725,0.06411265,0.20985222,0.01963383,14.102446,1.6510577,21.573128,-8.803331,0.41970444,0.03926766,0.3706174,0.04339038,0.25320476,-0.1033251,251.4177,245.74995,329.3987,7.1522737,14.217647,2.0951552
2,9,20,0.0069999998,0.33849996,0.13944654,0.1352662,0.06378723,0.18671271,0.017165525,13.994691,1.9247885,21.518305,-9.011838,0.37342542,0.03433105,0.36778554,0.050584164,0.25256133,-0.10577237,251.43211,245.69331,329.90393,7.0870495,14.215865,4.5040746
2,10,20,0.0069999998,0.3434466,0.14631017,0.1357597,0.061376754,0.19125256,0.020969966,14.020197,2.0820985,21.10781,-8.585953,0.38250512,0.041939933,0.36845583,0.054718286,0.24774332,-0.10077375,251.48247,245.88988,330.1573,6.5038543,14.215865,1.679686
2,11,20,0.0069999998,0.36025518,0.17006524,0.12886192,0.06132802,0.20619483,0.024226444,13.659379,1.7143006,21.099428,-8.774986,0.41238967,0.048452888,0.3589734,0.045052443,0.24764495,-0.102992415,251.51999,246.09686,330.03336,7.0606856,14.215865,1.156237
2,12,20,0.0069999998,0.35099128,0.15282445,0.13758488,0.060581945,0.19546384,0.016417008,14.114127,1.7488805,20.970695,-8.8046465,0.39092767,0.032834016,0.37092435,0.0459612,0.246134,-0.103340544,251.56322,246.27563,330.76443,7.055766,14.215865,1.1625333
2,13,20,0.0069999998,0.32795918,0.14387575,0.12517552,0.05890793,0.18965478,0.028149143,13.462583,1.5782853,20.678932,-8.522015,0.37930956,0.056298286,0.35380152,0.041477907,0.24270956,-0.10002329,251.59268,246.39087,330.59607,6.9437294,14.213245,4.1843953
2,14,20,0.0069999998,0.33279818,0.14054447,0.1311029,0.061150774,0.18744631,0.028473593,13.777639,1.3210981,21.068916,-8.779808,0.37489262,0.056947187,0.36208135,0.03471893,0.24728683,-0.10304902,251.69176,246.88333,330.90875,7.4587097,14.213245,1.2224318
2,15,20,0.0069999998,0.31921571,0.123837814,0.13464953,0.060728367,0.17595299,0.022302449,13.962755,1.3101853,20.996021,-8.73043,0.35190597,0.044604897,0.36694622,0.034432136,0.24643126,-0.10246945,251.78578,247.1675,331.80917,7.420244,14.213245,1.372096
2,16,20,0.0069999998,0.31980988,0.1259226,0.13355172,0.060335536,0.17742787,0.025155487,13.905719,1.3641633,20.928005,-8.252249,0.35485575,0.050310973,0.36544728,0.035850704,0.24563293,-0.096857026,251.82536,247.43608,331.92526,6.8880854,14.213245,14.910076
2,17,20,0.0069999998,0.32637662,0.148787,0.11550759,0.062082008,0.1928646,0.028078515,12.932244,0.5159852,21.228735,-8.363667,0.3857292,0.05615703,0.33986408,0.013560271,0.24916261,-0.09816472,251.84286,247.70146,331.62665,7.8476815,14.2111225,10.367901
2,18,20,0.0069999998,0.31958705,0.14146316,0.11929643,0.058827467,0.18805794,0.0218502,13.142634,0.45029426,20.664804,-8.317727,0.3761159,0.0437004,0.34539315,0.011833909,0.24254374,-0.09762556,251.90228,247.84818,332.49094,7.8674326,14.2111225,1.9478493
2,19,20,0.0069999998,0.30560565,0.122357845,0.12384559,0.059402224,0.17489843,0.025390081,13.390875,1.0528247,20.76551,-8.072505,0.34979686,0.050780162,0.35191703,0.027668597,0.24372572,-0.094747335,251.94098,247.9699,332.79193,7.01968,14.2111225,1.9845843
2,20,20,0.0069999998,0.33159542,0.14686652,0.122918256,0.061810646,0.19161583,0.029753668,13.340646,0.8572056,21.182287,-8.429912,0.38323167,0.059507336,0.350597,0.022527676,0.24861747,-0.09894226,251.90822,247.8393,332.19934,7.572706,14.2111225,1.8506119
2,21,20,0.0069999998,0.27894798,0.12051875,0.101660006,0.05676921,0.17357905,0.011198796,12.132317,0.1255077,20.300076,-8.406203,0.3471581,0.022397593,0.31884167,0.0032983935,0.2382629,-0.09866401,251.92172,247.8026,332.91476,8.280696,14.208843,1.977212
2,22,20,0.0069999998,0.28286272,0.12809564,0.096761614,0.058005456,0.17895226,0.015220666,11.836417,0.28892887,20.519918,-8.185438,0.35790452,0.030441333,0.3110653,0.0075931503,0.24084322,-0.09607288,251.9346,247.89381,332.86404,7.896509,14.208843,2.181448
2,23,20,0.0069999998,0.30608505,0.15070271,0.096133076,0.059249252,0.19410224,0.021468649,11.79791,0.11715221,20.738752,-8.214674,0.3882045,0.042937297,0.31005335,0.0030787883,0.24341169,-0.09641601,251.90775,247.84032,332.24234,8.097522,14.208843,2.1965525
2,24,20,0.0069999998,0.28679925,0.1263724,0.10130714,0.0591197,0.17774448,0.00996794,12.111243,0.023874149,20.716066,-8.554836,0.35548896,0.01993588,0.31828782,0.00062741176,0.24314544,-0.100408494,251.8589,247.61604,332.4113,8.530962,14.208843,1.9066685
2,25,20,0.0069999998,0.24998158,0.1103825,0.08135021,0.058248878,0.1661193,-0.0029637301,10.852955,-0.2873324,20.562931,-8.475981,0.3322386,-0.0059274603,0.28521958,-0.0075512123,0.24134804,-0.09948297,251.77995,247.28528,331.98312,8.763313,14.206413,1.179178
2,26,20,0.0069999998,0.24309316,0.10350426,0.081331864,0.058257043,0.16086039,0.002621917,10.851731,-0.45423937,20.564373,-8.531573,0.32172078,0.005243834,0.28518742,-0.01193757,0.24136496,-0.100135475,251.73961,247.0616,331.5101,8.985813,14.206413,1.4079919
2,27,20,0.0069999998,0.23820338,0.09945707,0.081752405,0.056993898,0.15768407,-0.009213785,10.87975,-0.39160603,20.34021,-8.803801,0.31536815,-0.01842757,0.28592378,-0.0102915615,0.23873395,-0.10333058,251.78864,247.20804,332.4219,9.195407,14.206413,1.2507292
2,28,20,0.0069999998,0.23124216,0.09403138,0.080528386,0.05668239,0.15332268,-0.0051965,10.797996,0.045390274,20.284544,-8.526457,0.30664536,-0.010393,0.28377524,0.0011928828,0.23808064,-0.1000754,251.78299,247.26675,332.5583,8.481067,14.206413,1.3169596
2,29,20,0.0069999998,0.20044124,0.08615072,0.061906915,0.0523836,0.14675722,-0.014410803,9.467566,-0.7466898,19.50019,-8.259509,0.29351443,-0.028821606,0.248811,-0.019623272,0.22887464,-0.096942216,251.78246,247.32497,332.1061,9.006199,14.203449,0.60493815
2,30,20,0.0069999998,0.20652483,0.08606521,0.06885306,0.051606562,0.14668436,-0.023012808,9.984591,-0.7651076,19.355022,-8.236732,0.29336873,-0.046025615,0.26239866,-0.020107303,0.22717078,-0.09667488,251.81006,247.40726,332.80722,9.001839,14.203449,0.61037034
2,31,20,0.0069999998,0.19473961,0.07854993,0.06506773,0.051121943,0.1401338,-0.019848906,9.70625,-0.599754,19.263931,-8.044766,0.2802676,-0.03969781,0.25508377,-0.015761746,0.22610162,-0.094421804,251.79703,247.42795,332.71594,8.644521,14.203449,0.58169264
2,32,20,0.0069999998,0.19323143,0.076127,0.06399203,0.05311241,0.1379556,-0.015675971,9.625684,-0.63414866,19.635376,-8.391749,0.2759112,-0.031351943,0.25296646,-0.016665665,0.2304613,-0.09849436,251.73453,247.24664,331.92444,9.025898,14.203449,0.5973626
2,33,20,0.0069999998,0.18694901,0.0860365,0.05198866,0.04892385,0.1466599,-0.03860233,8.676069,-0.86636305,18.845234,-8.218907,0.2933198,-0.07720466,0.22801022,-0.022768347,0.22118737,-0.09646568,251.73325,247.22452,332.39468,9.08527,14.1999035,1.1441554
2,34,20,0.0069999998,0.2053669,0.10422546,0.054254442,0.046887,0.16141984,-0.03508714,8.863113,-0.7502648,18.448772,-7.7882795,0.32283968,-0.07017428,0.23292583,-0.019717231,0.21653406,-0.09141139,251.76358,247.4326,332.1971,8.538545,14.1999035,1.3383067
2,35,20,0.0069999998,0.20670135,0.099764004,0.058929704,0.048007656,0.1579272,-0.03015163,9.237103,-0.8744296,18.667944,-7.937702,0.3158544,-0.06030326,0.24275441,-0.022980306,0.2191065,-0.09316517,251.80138,247.61853,331.74472,8.812132,14.1999035,1.3795121
2,36,20,0.0069999998,0.20753728,0.10241533,0.056517515,0.04860443,0.16001198,-0.038615745,9.046075,-0.6742896,18.783615,-8.147807,0.32002395,-0.07723149,0.23773412,-0.017720567,0.22046413,-0.09563118,251.89822,247.85855,332.76773,8.822097,14.1999035,1.3596798
2,37,20,0.0069999998,0.20470402,0.11641858,0.043596845,0.0446886,0.17060083,-0.038086507,7.9450417,-0.19291641,18.011072,-7.3542924,0.34120166,-0.076173015,0.20879857,-0.0050699157,0.21139678,-0.08631769,251.94827,248.034,332.74802,7.547209,14.196028,1.7361687
2,38,20,0.0069999998,0.19625838,0.10665149,0.045631096,0.043975785,0.1632877,-0.03320334,8.128288,-0.41319397,17.866852,-7.2035728,0.3265754,-0.06640668,0.21361436,-0.010858882,0.20970404,-0.08454865,251.97066,248.16446,332.31375,7.616767,14.196028,1.662993
2,39,20,0.0069999998,0.18988729,0.10474172,0.040604383,0.04454118,0.16181913,-0.041675106,7.6675234,-0.8023384,17.98134,-7.503401,0.32363826,-0.08335021,0.20150529,-0.021085734,0.21104781,-0.08806775,252.02182,248.34886,333.39804,8.305739,14.196028,1.6442616
2,40,20,0.0069999998,0.21212196,0.12334568,0.04542461,0.043351687,0.17560302,-0.037862733,8.109879,-0.7515109,17.739614,-7.238006,0.35120603,-0.075725466,0.2131305,-0.019749984,0.20821068,-0.08495281,252.04404,248.35043,333.65912,7.989517,14.196028,1.7551328
2,41,20,0.0069999998,0.17884852,0.09587445,0.038657997,0.044316072,0.154818,-0.025374027,7.481495,-0.39775345,17.935846,-6.849565,0.309636,-0.050748054,0.19661637,-0.010453099,0.21051383,-0.080393665,252.04027,248.35677,333.08472,7.2473183,14.192054,1.3605331
2,42,20,0.0069999998,0.18683845,0.1069804,0.035345633,0.04451242,0.16353929,-0.037878715,7.1537957,-0.7123639,17.975534,-7.0326376,0.32707858,-0.07575743,0.18800434,-0.018721187,0.21097967,-0.08254241,252.06013,248.32228,333.8997,7.7450013,14.192054,1.5288498
2,43,20,0.0069999998,0.18110237,0.10122914,0.037654534,0.04221869,0.15908264,-0.03389529,7.383755,-0.7699313,17.50627,-6.7396727,0.31816527,-0.06779058,0.19404776,-0.020234069,0.20547187,-0.07910384,252.08801,248.41068,333.99258,7.509604,14.192054,1.4816818
2,44,20,0.0069999998,0.18376662,0.09781861,0.0400881,0.045859903,0.15637983,-0.028186606,7.6186213,-1.0312012,18.245583,-7.037802,0.31275967,-0.056373212,0.20022012,-0.027100341,0.21414925,-0.082603015,252.1749,248.89572,333.6883,8.069003,14.192054,1.4814107
2,45,20,0.0069999998,0.15329398,0.07952173,0.030724742,0.04304751,0.14099799,-0.025960833,6.6698,-0.6504485,17.677273,-6.707511,0.28199598,-0.051921666,0.17528474,-0.017094018,0.20747894,-0.07872637,252.31416,249.49069,335.22348,7.3579593,14.187953,0.8038117
2,46,20,0.0069999998,0.14453717,0.076400965,0.029054346,0.039081853,0.13820362,-0.01860021,6.4859595,-0.5352863,16.84336,-6.1471324,0.27640724,-0.03720042,0.17045335,-0.0140675185,0.1976913,-0.07214917,252.35791,249.64117,335.6219,6.682419,14.187953,0.8437245
2,47,20,0.0069999998,0.13869071,0.06600129,0.032578208,0.040111206,0.12845358,-0.011698769,6.868031,-0.64524204,17.063732,-6.2272334,0.25690717,-0.023397539,0.18049434,-0.016957201,0.20027782,-0.073089324,252.3653,249.62915,334.83163,6.8724756,14.187953,2.899932
2,48,20,0.0069999998,0.14233714,0.071852006,0.029947056,0.040538084,0.13402613,-0.019709902,6.5848475,-0.76248324,17.154293,-6.4483743,0.26805225,-0.039419804,0.17305218,-0.02003834,0.20134072,-0.075684845,252.46512,249.94533,335.59317,7.2108574,14.187953,1.9535007
2,49,20,0.0069999998,0.12898709,0.063551806,0.02829084,0.037144445,0.12604742,0.0020441245,6.400171,0.38932946,16.420567,-5.6860394,0.25209484,0.004088249,0.16819881,0.010231718,0.19272894,-0.0667373,252.5039,250.0449,335.65802,5.29671,14.183655,0.56548786
2,50,20,0.0069999998,0.122710414,0.057055883,0.028779546,0.036874987,0.11943187,0.0055976617,6.4552135,0.51853544,16.360899,-5.8180213,0.23886374,0.011195323,0.16964535,0.013627298,0.19202861,-0.06828638,252.51436,250.17336,335.06277,5.2994857,14.183655,0.5800746
2,51,20,0.0069999998,0.14718916,0.0827752,0.027091516,0.037322443,0.1438534,-0.006338923,6.2630415,0.59810275,16.459864,-6.104258,0.2877068,-0.012677846,0.16459501,0.015718354,0.19319017,-0.07164596,252.56204,250.33122,335.863,5.5061555,14.183655,0.6173895
2,52,20,0.0069999998,0.122264266,0.06163027,0.026097199,0.034536794,0.124127224,-0.0014770669,6.1470337,0.70260036,15.833693,-5.6138663,0.24825445,-0.0029541338,0.16154628,0.018464588,0.18584077,-0.065890186,252.60925,250.50258,336.3734,4.911266,14.183655,0.7157205
2,53,20,0.0069999998,0.13317756,0.070993625,0.029909002,0.032274935,0.13322315,0.018561365,6.5806623,1.3036345,15.306429,-4.9009876,0.2664463,0.03712273,0.17294219,0.03425999,0.17965226,-0.05752312,252.6266,250.71019,336.10434,3.597353,14.179724,1.0952481
2,54,20,0.0069999998,0.14220783,0.08105484,0.027032053,0.034120936,0.14235066,0.009721706,6.2561646,1.2140247,15.738077,-5.1581354,0.28470132,0.019443411,0.16441427,0.031905007,0.18471853,-0.06054127,252.66335,250.87457,336.84674,3.9441109,14.179724,1.0610142
2,55,20,0.0069999998,0.12442024,0.06725009,0.024230678,0.032939482,0.12966311,0.011583545,5.9231324,1.2321713,15.463208,-4.9024305,0.25932622,0.02316709,0.15566206,0.032381907,0.18149237,-0.057540044,252.66385,250.92404,336.9802,3.6702592,14.179724,1.043174
2,56,20,0.0069999998,0.12028356,0.061809216,0.023599114,0.034875233,0.1243073,0.016294317,5.8454304,1.1849545,15.911084,-5.149625,0.2486146,0.032588635,0.15362003,0.031141026,0.18674912,-0.060441375,252.63794,250.92345,336.269,3.9646702,14.179724,1.0996146
2,57,20,0.0069999998,0.12544382,0.06905351,0.025377562,0.031012742,0.13139017,0.014549671,6.061689,1.4391147,15.004148,-4.740534,0.26278034,0.029099341,0.15930337,0.03782046,0.17610435,-0.055639863,252.65897,250.8985,337.08987,3.3014193,14.176101,1.2402366
2,58,20,0.0069999998,0.12166061,0.064261094,0.02753325,0.029866269,0.12674886,0.018582279,6.3138957,1.7173061,14.7242,-4.5746026,0.25349772,0.037164558,0.16593146,0.045131426,0.1728186,-0.053692322,252.65266,250.76073,337.10968,2.8572965,14.176101,1.174689
2,59,20,0.0069999998,0.13123384,0.06904358,0.031682473,0.030507786,0.13138072,0.02232116,6.7729545,1.8538598,14.881494,-4.6298246,0.26276144,0.04464232,0.17799571,0.04872011,0.17466478,-0.054340467,252.63905,250.78409,336.26526,2.7759647,14.176101,1.2787445
2,60,20,0.0069999998,0.1446501,0.08118063,0.033582315,0.029887157,0.14246108,0.011740848,6.9730697,1.8047682,14.729348,-4.6194844,0.28492215,0.023481697,0.18325478,0.047429968,0.17287903,-0.054219093,252.71567,251.07465,337.149,2.8147163,14.176101,1.2470157
2,61,20,0.0069999998,0.11627741,0.054159548,0.035796843,0.026321024,0.11636102,0.017767843,7.199313,2.122604,13.822689,-3.6075299,0.23272204,0.035535686,0.18920054,0.055782806,0.16223755,-0.04234173,252.755,251.17964,337.53485,1.484926,14.172662,1.2665398
2,62,20,0.0069999998,0.12226148,0.058806073,0.035672933,0.027782468,0.12124982,0.022840321,7.186842,1.9296045,14.201251,-3.6650174,0.24249963,0.045680642,0.1888728,0.050710693,0.16668074,-0.043016482,252.75517,251.24924,337.08206,1.7354128,14.172662,1.0648766
2,63,20,0.0069999998,0.11291772,0.054489646,0.031322517,0.027105557,0.11671509,0.013184409,6.73437,1.7634028,14.027181,-3.7919018,0.23343018,0.026368817,0.17698169,0.04634286,0.16463766,-0.044505715,252.8236,251.5221,338.0558,2.0284991,14.172662,0.9028347
2,64,20,0.0069999998,0.11253923,0.055699334,0.030279458,0.026560443,0.11800353,0.017846355,6.621292,2.2705624,13.885413,-3.5037694,0.23600706,0.03569271,0.17400993,0.059671216,0.16297375,-0.0411239,252.8638,251.69101,338.30725,1.233207,14.172662,0.9235021
2,65,20,0.0069999998,0.10589882,0.054185666,0.02741096,0.024302194,0.11638907,0.023589091,6.2998586,2.13682,13.282015,-2.963601,0.23277815,0.047178183,0.16556256,0.0561564,0.15589161,-0.034783926,252.87689,251.78125,337.64606,0.82678103,14.169388,0.53658056
2,66,20,0.0069999998,0.106686965,0.05172294,0.029418802,0.025545225,0.11371339,0.013295281,6.5265117,1.9718797,13.617458,-3.4805565,0.22742678,0.026590561,0.1715191,0.05182171,0.15982874,-0.04085144,252.92407,251.96614,338.1036,1.5086768,14.169388,0.50119025
2,67,20,0.0069999998,0.11496943,0.054518502,0.034580246,0.025870677,0.116745986,0.017603297,7.075917,2.1535912,13.70393,-3.223229,0.23349197,0.035206594,0.18595764,0.05659715,0.16084364,-0.037831187,252.96399,252.02834,338.28528,1.0696378,14.169388,0.40569177
2,68,20,0.0069999998,0.10756177,0.050942495,0.030678183,0.025941089,0.11285222,0.023069562,6.6647434,2.2036142,13.722565,-3.173845,0.22570445,0.046139125,0.17515188,0.057911776,0.16106237,-0.03725156,252.98552,252.17921,337.5327,0.9702308,14.169388,0.46703833
2,69,20,0.0069999998,0.11081041,0.05270825,0.034652684,0.023449475,0.114791386,0.005155378,7.083324,1.4172112,13.046912,-3.0203834,0.22958277,0.010310756,0.18615231,0.037244815,0.15313222,-0.035450388,253.03299,252.45695,338.40616,1.6031722,14.166306,0.8476844
2,70,20,0.0069999998,0.11701556,0.060211644,0.034823705,0.021980219,0.122690305,0.006560741,7.100782,1.5536052,12.631566,-2.624197,0.24538061,0.013121482,0.1866111,0.040829297,0.14825727,-0.030800324,253.02188,252.40936,338.72885,1.0705918,14.166306,1.0947567
2,71,20,0.0069999998,0.11153041,0.054424692,0.03420709,0.022898626,0.1166455,0.014128579,7.037635,1.4380118,12.892759,-2.6238627,0.233291,0.028257158,0.18495159,0.03779147,0.15132292,-0.030796405,252.97041,252.22388,338.143,1.185851,14.166306,0.75554264
2,72,20,0.0069999998,0.102080256,0.04685634,0.032375276,0.022848634,0.10823163,0.0034454386,6.846607,1.1539191,12.87868,-2.801257,0.21646325,0.006890877,0.17993131,0.030325413,0.15115765,-0.032878485,253.01111,252.2848,338.92465,1.6473378,14.166306,0.5636858
2,73,20,0.0069999998,0.11504467,0.063171245,0.03175346,0.020119963,0.12566945,0.0022592202,6.78054,0.39231086,12.085227,-1.9132552,0.2513389,0.0045184405,0.17819501,0.0103100715,0.14184485,-0.022455955,253.07565,252.56041,339.09943,1.5209444,14.163193,1.2148998
2,74,20,0.0069999998,0.12018781,0.064937964,0.033825558,0.021424284,0.12741464,0.011527315,6.998277,0.3210632,12.470802,-2.0471473,0.2548293,0.02305463,0.18391725,0.00843765,0.14637037,-0.024027461,253.08755,252.63306,338.42337,1.7260841,14.163193,0.976646
2,75,20,0.0069999998,0.11497217,0.06349568,0.03069552,0.020780968,0.12599175,-0.00016193287,6.666627,0.18656443,12.282142,-2.4243016,0.2519835,-0.00032386574,0.17520137,0.0049029863,0.14415605,-0.028454134,253.14278,252.8329,339.36316,2.2377372,14.163193,0.9698373
2,76,20,0.0069999998,0.120858915,0.06971863,0.031506486,0.019633798,0.13202143,0.0049840678,6.7541184,0.4814703,11.938324,-1.906801,0.26404285,0.0099681355,0.17750067,0.012653214,0.14012066,-0.022380207,253.13916,252.7863,339.4671,1.4253306,14.163193,0.97042525
2,77,20,0.0069999998,0.113526054,0.06178203,0.030868184,0.020875841,0.12427995,0.011004835,6.6853514,-0.2568042,12.310146,-1.6199893,0.2485599,0.02200967,0.17569344,-0.00674891,0.14448474,-0.019013893,253.08002,252.53967,338.61606,1.8767935,14.159993,1.0253049
2,78,20,0.0069999998,0.10936242,0.057033334,0.032003984,0.020325106,0.119408265,-0.0020710125,6.807235,-0.4630795,12.14668,-1.8776386,0.23881653,-0.004142025,0.17889658,-0.012169893,0.14256614,-0.022037927,253.0768,252.48013,339.2437,2.340718,14.159993,1.051335
2,79,20,0.0069999998,0.123232886,0.06989669,0.033832725,0.019503472,0.13218991,0.0019268424,6.999019,-0.42840415,11.898636,-1.4102399,0.26437983,0.0038536848,0.18393674,-0.011258619,0.13965483,-0.016552044,253.06325,252.39734,339.25024,1.838644,14.159993,0.9951172
2,80,20,0.0069999998,0.11564313,0.06000267,0.035767782,0.019872682,0.12247721,0.008107636,7.1963897,-0.50102293,12.010731,-1.3645008,0.24495442,0.016215272,0.18912372,-0.013167073,0.1409705,-0.016015207,253.03908,252.33855,338.56873,1.8655237,14.159993,15.788837
2,81,20,0.0069999998,0.12304406,0.06334718,0.038519036,0.02117784,0.12584433,0.0001664094,7.468035,-1.2878519,12.398869,-0.8642236,0.25168866,0.0003328188,0.19626267,-0.03384521,0.14552608,-0.010143423,253.07922,252.42627,338.92834,2.1520755,14.157654,1.0342734
2,82,20,0.0069999998,0.121602334,0.06553135,0.0344732,0.021597782,0.12799546,0.0035539402,7.064956,-1.0863354,12.521194,-0.61288327,0.25599092,0.0071078804,0.1856696,-0.028549276,0.14696184,-0.0071934424,253.1454,252.60783,339.18222,1.6992188,14.157654,1.1465373
2,83,20,0.0069999998,0.12165807,0.060428493,0.03792264,0.023306936,0.122911036,0.011718968,7.4099956,-1.1525265,13.0072,-0.8145955,0.24582207,0.023437936,0.19473736,-0.030288802,0.15266609,-0.009560944,253.17961,252.66785,338.58096,1.9671221,14.157654,1.1156458
2,84,20,0.0069999998,0.12338685,0.06037407,0.040289037,0.022723742,0.12285568,0.0051949127,7.6376915,-1.4875784,12.843432,-1.0005004,0.24571136,0.010389825,0.2007213,-0.03909409,0.15074396,-0.011742915,253.29472,253.11272,339.37787,2.4880788,14.157654,1.1297426
2,85,20,0.0069999998,0.12423033,0.061971333,0.038003203,0.0242558,0.12447021,0.011461551,7.4178624,-1.7887335,13.26933,0.14927967,0.24894042,0.022923103,0.1949441,-0.04700856,0.15574273,0.0017521068,253.38553,253.53517,339.86853,1.6394538,14.1551695,0.72525007
2,86,20,0.0069999998,0.117136836,0.055875912,0.03735055,0.023910373,0.11819043,0.017924188,7.3538904,-1.7157934,13.174509,0.13270137,0.23638086,0.035848375,0.1932629,-0.045091666,0.1546298,0.0015575187,253.42505,253.7952,339.64368,1.583092,14.1551695,0.6614624
2,87,20,0.0069999998,0.11949501,0.057078395,0.039083,0.023333618,0.11945543,0.007029104,7.522508,-1.8041208,13.014643,-0.008932711,0.23891085,0.014058208,0.19769421,-0.047412943,0.15275346,-0.00010484156,253.4639,253.91937,340.54514,1.8130535,14.1551695,0.700627
2,88,20,0.0069999998,0.12484985,0.062021095,0.03996141,0.022867346,0.124520175,0.010266846,7.606574,-1.9085541,12.88395,0.397999,0.24904035,0.020533692,0.1999035,-0.05015748,0.15121953,0.0046713366,253.45743,253.89621,340.585,1.510555,14.1551695,0.9159895
2,89,20,0.0069999998,0.12225329,0.05838943,0.037204605,0.026659258,0.120819524,0.019785644,7.3395095,-1.9322852,13.91122,0.9280001,0.24163905,0.03957129,0.19288495,-0.050781153,0.16327663,0.010891969,253.42506,253.76598,339.75696,1.0042851,14.152545,0.5294115
2,90,20,0.0069999998,0.11655727,0.054223396,0.03524579,0.027088087,0.11642959,0.009826191,7.143686,-1.8976431,14.02266,0.6386563,0.23285918,0.019652382,0.18773863,-0.049870748,0.16458459,0.0074959476,253.44089,253.78534,340.33072,1.2589867,14.152545,0.5037936
2,91,20,0.0069999998,0.119173825,0.05579889,0.035807647,0.027567293,0.11810894,0.010342428,7.200399,-1.826769,14.146152,0.80312556,0.23621789,0.020684857,0.18922909,-0.04800816,0.16603401,0.009426318,253.4384,253.7739,340.3565,1.0236435,14.152545,0.5320621
2,92,20,0.0069999998,0.11843498,0.05060091,0.039256595,0.028577477,0.11247323,0.018824147,7.5391946,-1.863791,14.403007,0.7320398,0.22494645,0.037648294,0.19813277,-0.048981108,0.16904874,0.008591981,253.46098,253.90802,339.65787,1.1317512,14.152545,0.5560252
2,93,20,0.0069999998,0.13109383,0.06367929,0.03885792,0.028556619,0.12617378,0.012272238,7.500815,-1.6752341,14.397749,0.8488549,0.25234756,0.024544476,0.19712412,-0.044025745,0.16898704,0.0099630505,253.55283,254.2441,340.51733,0.8263792,14.149838,0.8767437
2,94,20,0.0069999998,0.13250735,0.06550171,0.03882022,0.028185425,0.12796651,0.012386091,7.497176,-1.7087165,14.303869,1.2482648,0.25593302,0.024772182,0.19702847,-0.04490568,0.16788515,0.014650937,253.60626,254.4998,341.10223,0.46045172,14.149838,7.7030034
2,95,20,0.0069999998,0.122827806,0.05790563,0.03524397,0.029678205,0.12031794,0.019638086,7.143501,-1.4490067,14.677768,1.3074307,0.24063589,0.03927617,0.18773377,-0.038080417,0.17227364,0.015345355,253.59766,254.47084,340.5651,0.14157593,14.149838,0.9081363
2,96,20,0.0069999998,0.12187358,0.05687148,0.035444032,0.02955807,0.11923871,0.010179718,7.163747,-1.5388205,14.648032,1.011511,0.23847742,0.020359436,0.18826586,-0.040440753,0.1719246,0.011872152,253.65456,254.5965,341.2059,0.52730954,14.149838,0.8510746
2,97,20,0.0069999998,0.12245205,0.063701585,0.0326174,0.02613306,0.12619586,0.0132044265,6.872162,-0.8292214,13.773247,1.43266,0.25239173,0.026408853,0.18060288,-0.021792242,0.16165723,0.016815197,253.6908,254.71442,341.3566,-0.60343856,14.147188,1.2017121
2,98,20,0.0069999998,0.12897,0.06835867,0.034522157,0.026089184,0.13072746,0.021157973,7.069971,-0.9469104,13.761681,1.4486367,0.2614549,0.042315945,0.18580139,-0.024885153,0.16152146,0.017002717,253.68454,254.71432,340.52493,-0.50172627,14.147188,1.1748403
2,99,20,0.0069999998,0.13801895,0.07319894,0.038705032,0.026114982,0.13527651,0.012960158,7.486045,-1.0052412,13.768483,1.1579796,0.27055302,0.025920317,0.19673595,-0.026418094,0.1616013,0.013591265,253.77234,254.95311,341.2822,-0.15273845,14.147188,1.097152
2,100,20,0.0069999998,0.1420744,0.07503517,0.04073856,0.026300678,0.13696274,0.016582096,7.680182,-0.9465521,13.817348,1.4877965,0.27392548,0.033164192,0.20183796,-0.024875723,0.16217484,0.01746234,253.84363,255.28894,341.66113,-0.54124445,14.147188,1.2442648
3,1,20,0.0048999996,0.15338454,0.076984406,0.04583377,0.030566359,0.13873032,0.03470939,8.146319,0.7988227,14.895774,-0.38790306,0.27746063,0.06941878,0.21408823,0.020993343,0.17483237,-0.0045528268,251.78244,247.399,331.42014,-0.41091964,14.144685,1.3194352
3,2,20,0.0048999996,0.16286232,0.08592973,0.046480216,0.030452367,0.14656886,0.038818162,8.2035675,0.8185585,14.867972,-0.6548767,0.29313773,0.077636324,0.21559271,0.021512002,0.17450607,-0.0076863165,251.71503,247.16176,330.5255,-0.1636818,14.144685,2.1249037
3,3,20,0.0048999996,0.1553394,0.08185718,0.044357974,0.029124247,0.14305347,0.0279665,8.014095,1.0890547,14.540139,-0.59171426,0.28610694,0.055933,0.21061333,0.028620759,0.17065828,-0.006944979,251.71957,247.05588,330.8398,-0.49734044,14.144685,3.460552
3,4,20,0.0048999996,0.15570442,0.08055017,0.044669665,0.030484589,0.14190681,0.032500837,8.042203,1.1365726,14.875837,-0.29567465,0.28381363,0.065001674,0.21135199,0.02986954,0.17459837,-0.0034703533,251.721,247.14307,330.75052,-0.8408979,14.144685,1.5349485
3,5,20,0.0048999996,0.14844714,0.07710529,0.042109944,0.02923191,0.1388392,0.028764116,7.8083806,1.2157869,14.56699,-0.7681934,0.2776784,0.05752823,0.20520708,0.03195131,0.17097342,-0.009016324,251.69179,247.08522,330.5094,-0.4475935,14.14324,0.9050335
3,6,20,0.0048999996,0.13474876,0.06583487,0.04078264,0.02813124,0.12829153,0.020195354,7.6843357,1.2927653,14.290112,-0.7750053,0.25658306,0.040390708,0.20194712,0.03397434,0.1677237,-0.00909627,251.6677,246.93398,330.98398,-0.51776,14.14324,1.5587125
3,7,20,0.0048999996,0.13664415,0.06647595,0.04131453,0.028853677,0.12891465,0.023514003,7.734283,1.2738674,14.472443,-0.62468684,0.2578293,0.047028005,0.20325977,0.033477675,0.1698637,-0.007331983,251.60622,246.66647,330.84467,-0.64918053,14.14324,1.1048788
3,8,20,0.0048999996,0.14421436,0.0763915,0.0391854,0.028637456,0.13819507,0.02677565,7.532356,1.0122818,14.418114,-0.761285,0.27639014,0.0535513,0.19795303,0.026603125,0.16922605,-0.00893523,251.54245,246.42892,330.16983,-0.25099677,14.14324,1.8638597
3,9,20,0.0048999996,0.13099667,0.065038614,0.039790686,0.026167378,0.12751335,0.008290781,7.590308,1.2770271,13.782288,-0.96287215,0.2550267,0.016581561,0.19947603,0.033560738,0.16176334,-0.011301279,251.51286,246.28137,330.27103,-0.31415498,14.142068,0.5258472
3,10,20,0.0048999996,0.13462302,0.06862726,0.04016032,0.025835432,0.13098402,0.013489151,7.625481,1.2382095,13.694593,-0.6532679,0.26196805,0.026978303,0.2004004,0.032540597,0.16073404,-0.0076674353,251.458,246.05359,329.89288,-0.58494157,14.142068,1.4594163
3,11,20,0.0048999996,0.13207021,0.06675961,0.039753225,0.025557378,0.1291894,0.01558779,7.586735,1.1391288,13.620699,-0.90743834,0.2583788,0.03117558,0.19938211,0.02993671,0.15986675,-0.010650635,251.43051,245.94484,329.33966,-0.23169047,14.142068,0.6655928
3,12,20,0.0048999996,0.12896276,0.0627048,0.040618367,0.025639592,0.12520464,0.0071536037,7.668844,1.1386675,13.642588,-0.85305816,0.25040928,0.014307207,0.20154,0.029924588,0.16012368,-0.010012379,251.4489,245.95534,329.7974,-0.2856093,14.142068,0.6357741
3,13,20,0.0048999996,0.12515037,0.063994415,0.035634805,0.025521142,0.12648559,0.0008608663,7.1829996,1.4464003,13.611038,-1.0412129,0.25297117,0.0017217326,0.18877183,0.038011927,0.15975338,-0.012220758,251.43579,245.8336,329.76855,-0.40518737,14.140995,1.2984259
3,14,20,0.0048999996,0.11800238,0.059352662,0.033975154,0.024674555,0.12181201,0.0054245326,7.013736,1.3200569,13.383379,-1.0090349,0.24362402,0.010849065,0.1843235,0.03469158,0.15708137,-0.011843101,251.39339,245.59676,329.32388,-0.31102204,14.140995,1.0113052
3,15,20,0.0048999996,0.119683914,0.059713338,0.035701934,0.02426864,0.122181565,-0.00463918,7.1897626,1.358109,13.272841,-1.046198,0.24436313,-0.00927836,0.18894956,0.035691585,0.15578395,-0.0122792795,251.40773,245.70879,329.90683,-0.311911,14.140995,1.1352438
3,16,20,0.0048999996,0.116232865,0.055913035,0.036373716,0.023946112,0.11822969,0.0010574312,7.2570906,1.5412182,13.184348,-0.7286311,0.23645937,0.0021148624,0.19071895,0.04050376,0.15474531,-0.008551964,251.39465,245.72661,329.7765,-0.8125871,14.140995,1.1325068
3,17,20,0.0048999996,0.11469652,0.05938266,0.032480095,0.022833763,0.12184279,0.0014611384,6.8576818,1.1863644,12.874487,-1.133416,0.24368557,0.0029222767,0.18022235,0.03117808,0.15110844,-0.013302947,251.40921,245.82072,329.37418,-0.052948356,14.139965,1.0661446
3,18,20,0.0048999996,0.12324393,0.066496745,0.03313975,0.023607435,0.12893482,-0.0056963954,6.926969,1.1803635,13.090783,-1.4785175,0.25786963,-0.011392791,0.18204327,0.031020377,0.15364711,-0.017353417,251.45735,245.939,329.78098,0.298154,14.139965,1.2341411
3,19,20,0.0048999996,0.11649137,0.06728315,0.026031869,0.023176348,0.12969498,-0.0020849153,6.139335,1.3349293,12.97071,-1.1007711,0.25938997,-0.0041698306,0.16134395,0.035082422,0.1522378,-0.012919809,251.48662,246.10881,330.0751,-0.23415828,14.139965,1.2868813
3,20,20,0.0048999996,0.10985108,0.060166918,0.026479742,0.023204414,0.12264473,0.002323841,6.1919227,1.1270883,12.97856,-1.3290164,0.24528946,0.004647682,0.16272597,0.029620286,0.15232995,-0.015598728,251.5118,246.31815,329.91727,0.20192814,14.139965,1.1138283
3,21,20,0.0048999996,0.10116908,0.054901227,0.025070585,0.02119727,0.11715505,-0.0058988356,6.0249143,1.0452527,12.404555,-1.5575283,0.2343101,-0.011797671,0.15833694,0.027469618,0.14559282,-0.018280774,251.51778,246.29358,330.3518,0.5122756,14.1389675,0.7947654
3,22,20,0.0048999996,0.10097587,0.05322721,0.025083927,0.022664735,0.11535511,-0.0010033882,6.0265183,1.1958507,12.826748,-1.3879157,0.23071022,-0.0020067764,0.15837906,0.031427395,0.15054812,-0.01629003,251.49237,246.21173,330.22873,0.192065,14.1389675,0.6803583
3,23,20,0.0048999996,0.09602425,0.049057487,0.024379713,0.022587052,0.110744625,0.0026354378,5.9413204,1.2344154,12.804746,-1.6999818,0.22148925,0.0052708755,0.15614004,0.032440882,0.1502899,-0.019952755,251.48128,246.24213,329.7652,0.4655664,14.1389675,0.6197198
3,24,20,0.0048999996,0.10054127,0.05615501,0.020592775,0.02379348,0.11848524,-0.007651925,5.460421,1.1779733,13.1422615,-1.7564704,0.23697048,-0.01530385,0.14350183,0.030957561,0.15425135,-0.02061577,251.48213,246.28624,330.43915,0.5784972,14.1389675,0.7269625
3,25,20,0.0048999996,0.09389076,0.052208837,0.020773845,0.020908074,0.114246264,0.0023675999,5.484375,0.691602,12.319645,-1.3699583,0.22849253,0.0047351997,0.14413135,0.01817555,0.14459625,-0.016079267,251.42242,245.98051,330.1758,0.6783563,14.138032,0.25647223
3,26,20,0.0048999996,0.0948984,0.04951705,0.024341194,0.021040153,0.111262135,0.0062144464,5.936625,0.72754085,12.358498,-1.515297,0.22252427,0.012428893,0.15601665,0.019120036,0.14505224,-0.017785095,251.3737,245.7651,329.38892,0.7877562,14.138032,0.31324616
3,27,20,0.0048999996,0.09627877,0.050277848,0.024147477,0.021853447,0.11211361,-0.003500874,5.912955,0.6937511,12.595088,-1.639752,0.22422722,-0.007001748,0.15539458,0.018232027,0.14782912,-0.019245852,251.3836,245.84103,329.9099,0.94600093,14.138032,0.39011616
3,28,20,0.0048999996,0.09294151,0.047340333,0.024156157,0.021445017,0.10878917,0.0011068484,5.914017,0.5626094,12.476834,-1.3218819,0.21757834,0.0022136967,0.15542251,0.014785578,0.14644118,-0.015514994,251.37714,245.82217,329.89572,0.7592725,14.138032,0.288542
3,29,20,0.0048999996,0.09122895,0.045962922,0.023831788,0.021434236,0.107194826,0.008754842,5.8741765,-0.16391708,12.473698,-1.5048981,0.21438965,0.017509684,0.15437548,-0.004307799,0.14640436,-0.017663065,251.37276,245.81963,329.43295,1.6688151,14.137196,0.70384264
3,30,20,0.0048999996,0.09577848,0.051801663,0.023891686,0.020085135,0.11379989,-0.001014418,5.8815536,-0.019950828,12.074762,-1.5493708,0.22759978,-0.002028836,0.15456936,-0.0005243148,0.14172204,-0.018185038,251.40749,245.84659,330.13763,1.5693216,14.137196,0.68728364
3,31,20,0.0048999996,0.10215787,0.055369128,0.025903182,0.020885557,0.11765323,0.0030410248,6.1241417,0.08407498,12.31301,-1.3406497,0.23530646,0.0060820496,0.16094466,0.0022095188,0.14451836,-0.01573526,251.46188,246.04845,330.132,1.2565747,14.137196,0.7043154
3,32,20,0.0048999996,0.10042387,0.05352764,0.024687497,0.022208733,0.1156802,0.007199214,5.978706,-0.23872578,12.697058,-1.598226,0.2313604,0.014398428,0.15712255,-0.0062738005,0.14902595,-0.018758457,251.51624,246.38564,330.05103,1.8369517,14.137196,1.0490897
3,33,20,0.0048999996,0.10920213,0.06456037,0.023653127,0.020988638,0.12704366,0.0016875132,5.8521166,-0.6022023,12.343357,-1.8338996,0.25408733,0.0033750264,0.15379573,-0.015826095,0.14487456,-0.02152457,251.54158,246.5095,331.05164,2.436102,14.136327,0.89794785
3,34,20,0.0048999996,0.10282211,0.058244064,0.02412585,0.020452194,0.12066904,0.0042937254,5.9103065,-0.22383611,12.184596,-1.4984341,0.24133807,0.008587451,0.15532498,-0.005882493,0.14301117,-0.017587187,251.50558,246.33687,330.81613,1.7222701,14.136327,0.9910843
3,35,20,0.0048999996,0.09597144,0.05311217,0.021462392,0.021396881,0.11523039,0.007865438,5.574523,-0.16334854,12.462823,-1.669073,0.23046078,0.015730876,0.14650048,-0.0042928588,0.14627673,-0.01958998,251.52591,246.45001,330.58383,1.8324215,14.136327,1.0917733
3,36,20,0.0048999996,0.09852222,0.056189578,0.021410245,0.020922398,0.118521705,-0.0018675056,5.567747,-0.014207185,12.323865,-1.8058307,0.23704341,-0.0037350112,0.1463224,-0.00037336771,0.14464577,-0.021195114,251.60869,246.81013,331.4547,1.820038,14.136327,1.0758379
3,37,20,0.0048999996,0.10096584,0.058402654,0.02335287,0.019210313,0.1208332,0.0044691423,5.8148537,-0.100603506,11.808873,-1.5550642,0.2416664,0.008938285,0.15281646,-0.0026438953,0.13860127,-0.018251855,251.63225,246.91936,331.2857,1.6556677,14.135305,0.7322865
3,38,20,0.0048999996,0.097456165,0.05438071,0.023119919,0.01995554,0.11659836,0.006582495,5.785779,-0.26355085,12.035744,-1.7065821,0.23319672,0.01316499,0.15205236,-0.006926214,0.14126408,-0.020030228,251.6262,246.87717,330.8402,1.970133,14.135305,0.9084988
3,39,20,0.0048999996,0.09341936,0.05206154,0.020725103,0.02063271,0.11408499,-0.0008837942,5.477937,-0.2533774,12.238252,-1.9198723,0.22816998,-0.0017675884,0.14396216,-0.00665885,0.1436409,-0.02253363,251.64015,246.85448,331.75873,2.1732497,14.135305,0.947597
3,40,20,0.0048999996,0.08861065,0.047415327,0.021362683,0.019832643,0.108875304,0.0009833282,5.5615587,-0.14048247,11.998626,-1.6779743,0.21775061,0.0019666564,0.14615978,-0.003691931,0.14082842,-0.019694466,251.58093,246.69604,331.5843,1.8184568,14.135305,0.94364554
3,41,20,0.0048999996,0.07824633,0.037951197,0.019989887,0.020305248,0.09740534,0.0017010097,5.3798957,-0.5275851,12.140747,-2.003583,0.19481067,0.0034020194,0.1413856,-0.013865129,0.14249648,-0.023516139,251.51077,246.48216,330.84445,2.531168,14.134175,0.5595322
3,42,20,0.0048999996,0.08569061,0.047306452,0.018795298,0.019588858,0.10875023,-0.007865428,5.2166686,-0.41558307,11.924653,-2.073415,0.21750046,-0.015730856,0.13709594,-0.010921675,0.1399602,-0.02433577,251.51353,246.40825,331.46143,2.4889982,14.134175,0.63891625
3,43,20,0.0048999996,0.084732085,0.047466997,0.018539023,0.018726068,0.10893461,0.0010853128,5.1809816,-0.099007696,11.659085,-1.6436983,0.21786922,0.0021706256,0.13615808,-0.0026019583,0.13684322,-0.019292172,251.50615,246.32959,331.33508,1.7427061,14.134175,0.58297384
3,44,20,0.0048999996,0.07986198,0.042719085,0.019066893,0.018076003,0.10334298,0.0041563655,5.254225,-0.19534113,11.454929,-1.6588168,0.20668596,0.008312731,0.13808292,-0.0051336363,0.13444702,-0.01946961,251.49266,246.29964,330.82666,1.8541579,14.134175,0.6856975
3,45,20,0.0048999996,0.08316302,0.046302218,0.018364647,0.01849616,0.10758975,-0.008711947,5.1565585,-0.764128,11.587292,-1.9943568,0.2151795,-0.017423894,0.13551623,-0.020081555,0.13600059,-0.023407862,251.54991,246.55864,331.45035,2.7584848,14.132962,0.25009495
3,46,20,0.0048999996,0.08624519,0.04746376,0.02019411,0.018587314,0.10893089,-0.0028018907,5.407307,-0.64528435,11.615811,-1.8090568,0.21786179,-0.0056037814,0.14210598,-0.016958304,0.1363353,-0.021232972,251.57664,246.58359,331.53528,2.4543412,14.132962,0.24664997
3,47,20,0.0048999996,0.07618738,0.03705319,0.020486863,0.018647326,0.09624603,0.0025269038,5.4463606,-0.78722847,11.634546,-2.071444,0.19249205,0.0050538075,0.14313233,-0.02068865,0.13655521,-0.024312638,251.62851,246.78197,331.16483,2.8586726,14.132962,0.21378729
3,48,20,0.0048999996,0.08125465,0.04296136,0.02092616,0.017367134,0.10363561,-0.007270789,5.504444,-0.7575018,11.228075,-2.1777961,0.20727122,-0.014541578,0.14465877,-0.019907419,0.13178442,-0.02556089,251.7597,247.28725,332.27692,2.935298,14.132962,0.22908236
3,49,20,0.0048999996,0.089376844,0.05373719,0.018795764,0.01684389,0.11590642,-0.0013960627,5.2167335,-0.5784394,11.057638,-2.0450103,0.23181283,-0.0027921253,0.13709764,-0.0152015975,0.12978402,-0.024002379,251.87674,247.83835,332.65225,2.6234498,14.131655,0.6686295
3,50,20,0.0048999996,0.09197961,0.053385615,0.02099251,0.017601483,0.11552664,-8.152636e-5,5.5131636,-0.6850033,11.3035755,-2.3255384,0.23105328,-0.00016305273,0.14488792,-0.018002134,0.13267058,-0.02729495,251.9454,248.25415,332.49612,3.0105417,14.131655,0.660154
3,51,20,0.0048999996,0.08366314,0.047755998,0.01759632,0.018310823,0.10926573,-0.009902382,5.0475383,-0.6826144,11.529094,-2.544544,0.21853146,-0.019804765,0.13265112,-0.017939353,0.13531749,-0.029865429,251.98994,248.31471,333.46494,3.2271583,14.131655,0.5499822
3,52,20,0.0048999996,0.082235165,0.04725413,0.018031402,0.01694963,0.108690076,-0.0055254144,5.1095586,-0.42629862,11.092294,-2.1165378,0.21738015,-0.011050829,0.13428105,-0.011203284,0.13019074,-0.024841903,251.99246,248.27708,333.47937,2.5428364,14.131655,0.53779376
3,53,20,0.0048999996,0.0792453,0.043832973,0.018763516,0.01664881,0.104681626,0.00070436794,5.2122564,-0.5210029,10.99342,-2.083372,0.20936325,0.0014087359,0.13697998,-0.013692145,0.12903027,-0.024452634,252.0008,248.44243,333.21442,2.604375,14.130213,0.5383481
3,54,20,0.0048999996,0.099016935,0.06262723,0.019031757,0.017357945,0.12512717,-0.008226181,5.249381,-0.60660326,11.225103,-2.451734,0.25025433,-0.016452363,0.13795564,-0.015941754,0.13174956,-0.028776111,252.05493,248.60623,334.18173,3.0583372,14.130213,0.62596494
3,55,20,0.0048999996,0.086847164,0.050323777,0.019696329,0.016827054,0.11216481,-0.0043916027,5.3402467,-0.5127362,11.052111,-2.2308602,0.22432962,-0.008783205,0.1403436,-0.013474893,0.12971914,-0.026183706,252.08191,248.72131,334.3436,2.7435966,14.130213,0.7846288
3,56,20,0.0048999996,0.082374305,0.04376482,0.021093171,0.017516317,0.10460021,5.173653e-5,5.526365,-0.6561696,11.276196,-2.4243789,0.20920043,0.00010347306,0.14523488,-0.017244374,0.13234922,-0.02845505,252.07922,248.88243,333.7668,3.0805485,14.130213,0.6930922
3,57,20,0.0048999996,0.08577605,0.048501108,0.020766042,0.0165089,0.110114835,-0.0074831164,5.4833446,-0.5683144,10.94713,-2.6019065,0.22022967,-0.014966233,0.14410427,-0.0149355065,0.12848696,-0.030538693,252.10936,248.96756,334.6432,3.1702209,14.128658,0.76543313
3,58,20,0.0048999996,0.09091252,0.055060092,0.020352464,0.0154999625,0.117324434,-0.0027032935,5.4284663,-0.27183872,10.607341,-2.1988175,0.23464887,-0.005406587,0.14266206,-0.0071440176,0.124498844,-0.025807621,252.1258,249.04567,334.616,2.4706562,14.128658,0.861201
3,59,20,0.0048999996,0.085701615,0.049208984,0.019830124,0.016662508,0.11091549,0.0013309079,5.3583536,-0.2965905,10.997941,-2.3907046,0.22183098,0.0026618158,0.14081948,-0.0077945017,0.12908334,-0.028059801,252.1138,249.06226,333.85336,2.6872952,14.128658,0.87586665
3,60,20,0.0048999996,0.087929994,0.04843587,0.021726757,0.01776737,0.110040754,-0.009263882,5.6087513,-0.44074368,11.356717,-2.7362978,0.22008151,-0.018527765,0.14739999,-0.011582906,0.1332943,-0.03211605,252.16678,249.1835,334.8245,3.1770415,14.128658,0.9907524
3,61,20,0.0048999996,0.09104742,0.05374106,0.020529142,0.016777214,0.11591059,0.0015300979,5.4519777,-0.24652211,11.03573,-2.4948447,0.23182118,0.0030601958,0.14327994,-0.006478689,0.12952688,-0.029282099,252.20908,249.30878,334.97803,2.7413669,14.126992,0.67568964
3,62,20,0.0048999996,0.08331451,0.044575617,0.022311125,0.016427767,0.10556469,0.0064132786,5.683677,-0.5113855,10.920196,-2.5278385,0.21112938,0.012826557,0.14936909,-0.013439394,0.12817085,-0.029669357,252.2271,249.34302,334.4962,3.039224,14.126992,0.5504359
3,63,20,0.0048999996,0.079649135,0.04057636,0.023176588,0.015896186,0.10071787,-0.00261255,5.792865,-0.7558826,10.742062,-2.5342152,0.20143574,-0.0052251,0.15223859,-0.01986487,0.12608008,-0.029744199,252.32907,249.59004,335.4341,3.2900977,14.126992,0.5669436
3,64,20,0.0048999996,0.08437986,0.04577889,0.022666095,0.015934875,0.10698001,0.005246691,5.7287116,-0.30698228,10.755127,-2.1504297,0.21396002,0.010493382,0.15055263,-0.008067611,0.12623341,-0.02523969,252.39192,249.7848,335.65024,2.457412,14.126992,0.59882945
3,65,20,0.0048999996,0.08080305,0.043845177,0.02133578,0.015622098,0.1046962,0.015075786,5.5580564,-0.37241718,10.64905,-1.9984057,0.2093924,0.030151572,0.14606772,-0.009787258,0.12498839,-0.02345538,252.43102,249.98573,335.49384,2.370823,14.125326,0.4490804
3,66,20,0.0048999996,0.08016803,0.043752648,0.019865615,0.016549766,0.10458567,0.006107335,5.363147,-0.30128133,10.96067,-2.4390666,0.20917134,0.01221467,0.14094543,-0.007917782,0.1286459,-0.028627437,252.46745,250.1076,336.10605,2.7403479,14.125326,0.32223597
3,67,20,0.0048999996,0.080350764,0.044499308,0.019443227,0.01640823,0.10547429,0.010326189,5.305824,0.016294768,10.913701,-2.1507034,0.21094859,0.020652378,0.13943897,0.0004282329,0.12809461,-0.025242906,252.46472,250.13573,335.96875,2.1344087,14.125326,0.83132917
3,68,20,0.0048999996,0.07043101,0.036428884,0.017644104,0.016358018,0.09543176,0.0136665795,5.0543866,-0.19674408,10.896991,-2.2060144,0.19086352,0.027333159,0.13283111,-0.0051705055,0.12789847,-0.025892088,252.44547,250.15929,335.36288,2.4027586,14.125326,0.35494235
3,69,20,0.0048999996,0.073570445,0.04049088,0.01686775,0.016211811,0.10061173,0.007440514,4.941937,-0.23901662,10.848183,-2.273544,0.20122346,0.014881028,0.1298759,-0.006281442,0.12732561,-0.026684688,252.45964,250.19307,335.97443,2.5125606,14.123643,0.48629874
3,70,20,0.0048999996,0.080945276,0.046588134,0.01841837,0.015938776,0.10792142,0.013697496,5.164096,0.15189606,10.756443,-1.8274064,0.21584284,0.027394991,0.13571429,0.003991882,0.12624887,-0.021448359,252.47171,250.14378,336.1233,1.6755104,14.123643,1.017198
3,71,20,0.0048999996,0.07811311,0.04362012,0.018001376,0.016491618,0.10442715,0.019537026,5.105303,-0.061709058,10.941399,-1.806843,0.2088543,0.039074052,0.1341692,-0.0016217364,0.1284197,-0.021207001,252.50122,250.23955,335.58185,1.8685521,14.123643,1.1199993
3,72,20,0.0048999996,0.08218211,0.048599537,0.017527718,0.01605485,0.11022651,0.010398074,5.0376887,-0.31004187,10.795541,-2.232922,0.22045302,0.020796148,0.13239229,-0.008148014,0.12670773,-0.026207905,252.61288,250.77063,336.45944,2.542964,14.123643,0.44338492
3,73,20,0.0048999996,0.078167215,0.0459054,0.017558403,0.01470341,0.107127726,0.013912082,5.0420966,0.10116396,10.331187,-1.902321,0.21425545,0.027824163,0.13250813,0.002658625,0.12125762,-0.022327622,252.64432,250.93317,336.66766,1.801157,14.122001,0.6716377
3,74,20,0.0048999996,0.07380244,0.040567353,0.018279832,0.014955258,0.1007067,0.019994728,5.1446376,-0.22258832,10.419291,-1.9666533,0.2014134,0.039989457,0.13520293,-0.005849701,0.12229169,-0.023082701,252.60161,250.76503,336.06293,2.1892416,14.122001,0.5119649
3,75,20,0.0048999996,0.07645389,0.043040507,0.018567089,0.014846293,0.10373103,0.009117266,5.1849027,-0.58454,10.381265,-2.0362768,0.20746206,0.018234532,0.1362611,-0.015361923,0.121845365,-0.023899874,252.61858,250.75674,336.95242,2.6208167,14.122001,0.4561261
3,76,20,0.0048999996,0.084881626,0.052106448,0.018236397,0.014538783,0.114134185,0.013314863,5.1385217,-0.1623102,10.273188,-1.717251,0.22826837,0.026629725,0.1350422,-0.004265566,0.12057687,-0.020155456,252.61255,250.66115,336.9911,1.8795612,14.122001,3.054753
3,77,20,0.0048999996,0.0753134,0.04360793,0.01802798,0.013677483,0.10441256,0.016563317,5.109074,-0.24917991,9.964243,-1.4286711,0.20882513,0.033126634,0.13426831,-0.006548537,0.11695077,-0.01676838,252.63905,250.8125,336.35748,1.6778511,14.120171,0.38808113
3,78,20,0.0048999996,0.073500365,0.041955587,0.018458465,0.013086313,0.102415316,0.006511146,5.1697135,-0.42248675,9.746527,-1.6519849,0.20483063,0.013022292,0.13586193,-0.011103103,0.114395425,-0.019389423,252.74142,251.15334,337.24622,2.0744717,14.120171,0.30967712
3,79,20,0.0048999996,0.07272969,0.040403232,0.019140804,0.013185658,0.100502774,0.013166123,5.2643986,-0.050773706,9.783451,-1.366007,0.20100555,0.026332246,0.1383503,-0.0013343516,0.11482882,-0.016032888,252.79999,251.36537,337.55402,1.4167807,14.120171,0.36041427
3,80,20,0.0048999996,0.075619765,0.042177398,0.019810123,0.0136322435,0.10268568,0.019051298,5.355651,-0.23487514,9.94775,-1.3554237,0.20537136,0.038102597,0.14074844,-0.006172603,0.1167572,-0.015908672,252.79742,251.37965,336.9045,1.5902989,14.120171,0.45687756
3,81,20,0.0048999996,0.07114585,0.040514152,0.018048726,0.012582969,0.10064064,0.007818053,5.112013,-0.24322705,9.557246,-1.3585883,0.20128128,0.015636105,0.13434555,-0.006392097,0.11217383,-0.015945813,252.85239,251.55354,337.8319,1.6018153,14.118398,0.70134044
3,82,20,0.0048999996,0.07801241,0.045798283,0.020125601,0.012088524,0.10700267,0.011681837,5.398127,0.2157495,9.367589,-1.1342492,0.21400534,0.023363674,0.14186473,0.0056699743,0.10994782,-0.013312737,252.8401,251.47705,337.91837,0.9184997,14.118398,1.3516973
3,83,20,0.0048999996,0.08312357,0.05196024,0.018755928,0.012407397,0.113973945,0.015872523,5.211202,0.046258464,9.490335,-0.96722674,0.22794789,0.031745046,0.13695228,0.0012156891,0.1113885,-0.0113523835,252.80309,251.3385,337.14133,0.9209683,14.118398,0.4415509
3,84,20,0.0048999996,0.08048439,0.045854393,0.02145758,0.013172417,0.107068196,0.0043739616,5.5738983,-0.028912371,9.778539,-1.3838245,0.21413639,0.008747923,0.14648406,-0.0007598274,0.11477115,-0.016242005,252.87062,251.59239,337.69656,1.4127369,14.118398,0.3190153
3,85,20,0.0048999996,0.07811355,0.044285197,0.021488106,0.012340248,0.10522024,0.0068074176,5.577862,0.57758427,9.464619,-1.1053182,0.21044049,0.013614835,0.14658822,0.015179124,0.11108667,-0.012973169,252.92809,251.86104,337.9075,0.5277339,14.116459,0.37835357
3,86,20,0.0048999996,0.072117284,0.040873446,0.018813815,0.01243002,0.10108591,0.011692885,5.2192388,0.20292337,9.498984,-1.0403069,0.20217182,0.02338577,0.13716346,0.0053329016,0.11149,-0.012210128,252.95413,252.05177,337.5594,0.83738357,14.116459,0.4142032
3,87,20,0.0048999996,0.07168417,0.041911423,0.017637003,0.012135743,0.102361396,0.0029789668,5.053369,-0.17787518,9.385867,-1.2593261,0.20472279,0.0059579336,0.13280438,-0.0046746237,0.11016235,-0.0147807645,253.02263,252.3193,338.55493,1.4372013,14.116459,0.29043588
3,88,20,0.0048999996,0.07548942,0.045530055,0.018172221,0.011787136,0.106688865,0.0064624464,5.1294723,0.23638949,9.250077,-0.95079774,0.21337773,0.012924893,0.13480438,0.0062124026,0.10856858,-0.011159555,253.04549,252.39775,338.86877,0.7144083,14.116459,0.45737186
3,89,20,0.0048999996,0.07220249,0.04384686,0.01666694,0.01168869,0.10469821,0.009546054,4.912432,0.025635844,9.211368,-0.7117615,0.20939642,0.019092107,0.1291005,0.00067371794,0.10811424,-0.008353977,253.0049,252.20099,337.93512,0.68612564,14.1145,0.41704088
3,90,20,0.0048999996,0.070173025,0.04003103,0.0187687,0.011373298,0.10003878,0.0013570818,5.2129765,0.0010202389,9.086245,-0.9544299,0.20007756,0.0027141636,0.1369989,2.6813059e-5,0.106645666,-0.011202188,253.00604,252.11577,338.10425,0.9534097,14.1145,0.3124156
3,91,20,0.0048999996,0.073511794,0.03969592,0.021729877,0.012085996,0.09961917,0.003581113,5.6091533,0.56606406,9.36661,-0.8388598,0.19923835,0.007162226,0.14741057,0.01487637,0.10993633,-0.009845737,252.97609,251.914,338.1553,0.27279574,14.1145,0.41989097
3,92,20,0.0048999996,0.07342623,0.041450936,0.01970172,0.012273572,0.10179751,0.007952883,5.340978,0.4222246,9.439015,-0.98699456,0.20359503,0.015905766,0.14036281,0.011096213,0.110786155,-0.011584402,252.93394,251.78891,337.31543,0.56477,14.1145,0.6801187
3,93,20,0.0048999996,0.06834732,0.036969848,0.01986946,0.0115080075,0.096137725,-0.0056804144,5.3636656,0.55322826,9.139897,-1.1785645,0.19227545,-0.011360829,0.14095907,0.01453904,0.10727538,-0.0138328625,252.98933,251.9722,338.1239,0.6253363,14.112459,0.50859934
3,94,20,0.0048999996,0.07528167,0.0441381,0.019376483,0.011767092,0.10504535,-1.556494e-5,5.29671,0.7595552,9.242209,-1.0113693,0.2100907,-3.112988e-5,0.13919944,0.019961387,0.10847623,-0.011870488,253.04353,252.2313,338.39493,0.25181413,14.112459,0.4149966
3,95,20,0.0048999996,0.07840536,0.048290268,0.018482357,0.011632735,0.10987523,0.004148833,5.173059,0.41327524,9.189294,-0.8201542,0.21975046,0.008297666,0.13594984,0.010861023,0.107855156,-0.00962619,253.06392,252.36076,337.9461,0.40687895,14.112459,0.4354266
3,96,20,0.0048999996,0.07206177,0.03836958,0.021201957,0.012490231,0.09794077,-0.004351641,5.540598,0.4844979,9.521962,-1.1103609,0.19588155,-0.008703282,0.14560892,0.012732781,0.1117597,-0.013032357,253.16939,252.8037,338.8724,0.62586296,14.112459,0.4474433
3,97,20,0.0048999996,0.0747261,0.042162973,0.020641873,0.011921252,0.10266812,-0.0017825582,5.466926,0.84429514,9.302552,-0.94551796,0.20533624,-0.0035651163,0.1436728,0.022188382,0.10918449,-0.011097585,253.20644,252.91734,339.01712,0.10122281,14.110374,0.4027174
3,98,20,0.0048999996,0.07306297,0.043058828,0.018052958,0.011951189,0.103753105,0.0036175847,5.1126127,0.49100214,9.314225,-0.9263656,0.20750621,0.0072351694,0.1343613,0.012903714,0.10932149,-0.010872795,253.19897,252.90668,338.39853,0.43536347,14.110374,0.6622271
3,99,20,0.0048999996,0.07452172,0.04184745,0.021018941,0.011655332,0.10228325,-0.0042790873,5.516633,0.3971193,9.198215,-1.0360379,0.2045665,-0.008558175,0.1449791,0.010436439,0.10795986,-0.012160021,253.27568,253.16763,339.2196,0.63891864,14.110374,0.36045337
3,100,20,0.0048999996,0.0869185,0.051656622,0.022937981,0.0123239,0.113640465,-0.0054616174,5.762969,0.84729606,9.458347,-0.7084395,0.22728093,-0.010923235,0.1514529,0.022267248,0.11101306,-0.008314985,253.3015,253.28767,339.53726,-0.13885653,14.110374,0.46758264
4,1,20,0.0034299996,0.116648436,0.06738003,0.038582213,0.010686185,0.12978832,0.009722695,7.4741573,-0.33115304,8.807498,1.104289,0.25957665,0.01944539,0.19642356,-0.008702808,0.103374004,0.0129610915,253.37169,252.35721,338.54233,-0.773136,14.1082325,0.6835539
4,2,20,0.0034299996,0.12124618,0.07070925,0.039014187,0.011522746,0.13295606,0.014007103,7.5158825,-0.7195026,9.145747,0.9230254,0.26591212,0.028014205,0.19752009,-0.018908774,0.10734405,0.010833591,253.3288,252.22337,337.88794,-0.2035228,14.1082325,0.7598156
4,3,20,0.0034299996,0.12294476,0.07626257,0.03540805,0.011274137,0.13807839,0.0058314004,7.16011,-0.3765094,9.046547,0.61664164,0.27615678,0.011662801,0.18817027,-0.009894814,0.10617974,0.00723755,253.323,252.26703,338.1071,-0.24013224,14.1082325,0.71568197
4,4,20,0.0034299996,0.11076359,0.065055855,0.034362394,0.011345337,0.12753025,0.010235564,7.0535927,0.08318537,9.075068,0.81039304,0.2550605,0.020471128,0.18537097,0.0021861393,0.10651449,0.009511622,253.27473,252.0655,337.81345,-0.8935784,14.1082325,0.68066037
4,5,20,0.0034299996,0.10299523,0.061569232,0.030822458,0.010603539,0.12406574,0.014329311,6.6803975,-0.37679484,8.773373,0.7414038,0.24813148,0.028658623,0.17556326,-0.009902309,0.10297348,0.008701891,253.21126,251.77415,337.043,-0.36460897,14.106659,0.84907246
4,6,20,0.0034299996,0.1153809,0.07311759,0.031100215,0.011163097,0.13520132,0.0038723953,6.7104306,-0.28701597,9.001886,0.5492431,0.27040264,0.0077447905,0.17635253,-0.0075428775,0.10565556,0.0064464915,253.19855,251.69133,337.67102,-0.26222712,14.106659,0.7991358
4,7,20,0.0034299996,0.11105873,0.06788417,0.03206764,0.011106913,0.13027295,0.008098359,6.814001,-0.06494418,8.979205,0.7697288,0.2605459,0.016196718,0.1790744,-0.0017067423,0.10538934,0.00903434,253.1135,251.36375,337.30383,-0.70478463,14.106659,0.7433765
4,8,20,0.0034299996,0.10229483,0.06158753,0.029635945,0.011071354,0.124084175,0.0145814335,6.550554,-0.45273674,8.964821,0.6631382,0.24816835,0.029162867,0.17215094,-0.011898074,0.105220504,0.007783285,252.99446,250.86961,336.21805,-0.21040148,14.106659,0.87885356
4,9,20,0.0034299996,0.10264801,0.063757814,0.02842668,0.010463512,0.12625155,0.001123336,6.4155188,-0.29707906,8.715252,0.46315736,0.2525031,0.002246672,0.16860214,-0.0078073367,0.10229131,0.0054361,252.9381,250.49776,336.36273,-0.1660783,14.105037,0.6711186
4,10,20,0.0034299996,0.0936172,0.05375984,0.029173868,0.010683494,0.11593084,0.005220269,6.4992867,-0.05667253,8.806389,0.75829893,0.23186168,0.010440538,0.17080359,-0.0014893743,0.10336099,0.008900189,252.88309,250.29929,336.08405,-0.7016264,14.105037,0.5941497
4,11,20,0.0034299996,0.095586695,0.056326866,0.028150087,0.011109741,0.11866641,0.010666603,6.3842306,-0.4333601,8.98035,0.5496845,0.23733282,0.021333206,0.16777988,-0.011388863,0.10540276,0.006451673,252.81938,250.07672,335.4025,-0.116324425,14.105037,0.66352993
4,12,20,0.0034299996,0.09592327,0.056800794,0.028357377,0.010765101,0.119164586,4.804661e-5,6.407693,-0.4525682,8.83996,0.16651654,0.23832917,9.609322e-5,0.16839649,-0.011893641,0.103755005,0.001954411,252.81929,250.04747,335.8988,0.28605166,14.105037,0.6384499
4,13,20,0.0034299996,0.08919338,0.051145032,0.027330128,0.01071822,0.11307634,0.0027290985,6.290563,-0.124534376,8.820689,0.4554515,0.22615267,0.005458197,0.16531827,-0.0032728224,0.103528835,0.0053456565,252.77936,249.93541,335.67664,-0.33091712,14.103403,0.46640244
4,14,20,0.0034299996,0.08138667,0.04809596,0.022345638,0.010945072,0.10965396,0.007102033,5.6880713,-0.27671844,8.913547,0.33832404,0.21930791,0.014204066,0.14948457,-0.0072722626,0.1046187,0.003970925,252.72305,249.81477,334.9729,-0.061605603,14.103403,0.60558236
4,15,20,0.0034299996,0.08621474,0.05332124,0.02166084,0.011232664,0.11545696,-0.00017941781,5.600236,-0.23401965,9.029893,0.1257123,0.23091392,-0.00035883562,0.14717622,-0.006150118,0.10598426,0.0014754907,252.68501,249.63853,335.42282,0.10830735,14.103403,0.562707
4,16,20,0.0034299996,0.0857831,0.053059887,0.020740286,0.011982922,0.11517366,0.0019656518,5.479943,0.14530206,9.326584,0.30900267,0.23034732,0.0039313035,0.14401488,0.003818589,0.10946654,0.0036267806,252.59866,249.28845,335.02502,-0.45430472,14.103403,0.56469756
4,17,20,0.0034299996,0.08087351,0.049780224,0.019191531,0.011901761,0.11155741,-0.00026157498,5.27137,0.062486053,9.294946,0.05711511,0.22311482,-0.00052314997,0.1385335,0.0016421621,0.10909519,0.0006703614,252.5107,248.96504,334.08987,-0.11960116,14.10179,0.3532741
4,18,20,0.0034299996,0.07976085,0.047051277,0.020756694,0.011952878,0.10845653,-0.0069631506,5.48211,-0.31811222,9.314883,-0.22710557,0.21691306,-0.013926301,0.14407183,-0.0083601065,0.109329216,-0.0026655497,252.5151,248.97716,334.46664,0.5452178,14.10179,0.3194161
4,19,20,0.0034299996,0.0781453,0.043964937,0.022428712,0.011751653,0.10483909,-0.002524341,5.6986346,-0.412365,9.236143,0.062327143,0.20967817,-0.005048682,0.14976218,-0.010837098,0.10840504,0.00073154166,252.50204,249.03682,334.45013,0.35003784,14.10179,0.32609472
4,20,20,0.0034299996,0.07127486,0.038476408,0.020547695,0.01225076,0.09807702,0.0011074601,5.45444,-0.55780643,9.43024,-0.16771898,0.19615404,0.0022149202,0.14334467,-0.014659361,0.11068315,-0.0019685235,252.42665,248.66467,333.65277,0.7255254,14.10179,0.29716527
4,21,20,0.0034299996,0.07311207,0.04040204,0.020177271,0.012532759,0.10050129,-0.009125681,5.405052,-0.4769549,9.538159,-0.32247108,0.20100258,-0.018251361,0.14204672,-0.012534552,0.11194981,-0.0037848551,252.40457,248.48128,333.81918,0.79942596,14.100224,0.53540075
4,22,20,0.0034299996,0.077811524,0.044288505,0.020696955,0.012826063,0.10522417,-0.0036144226,5.4742155,-0.42753667,9.649124,-0.10013534,0.21044834,-0.0072288453,0.14386436,-0.011235822,0.11325221,-0.0011752928,252.39607,248.48514,333.5772,0.527672,14.100224,0.66413426
4,23,20,0.0034299996,0.07121655,0.03971551,0.018738402,0.012762642,0.09964375,0.000339496,5.2087674,-0.55067605,9.625238,-0.23722108,0.1992875,0.000678992,0.13688828,-0.014471962,0.112971865,-0.0027842761,252.3504,248.40697,332.9929,0.7878971,14.100224,0.5799539
4,24,20,0.0034299996,0.075936586,0.044177253,0.018956084,0.012803253,0.10509193,-0.008087939,5.238935,-0.48171166,9.640541,-0.49529406,0.21018386,-0.016175877,0.1376811,-0.012659555,0.11315146,-0.0058132918,252.3346,248.31882,333.50946,0.9770057,14.100224,1.784006
4,25,20,0.0034299996,0.0763292,0.046212807,0.017805805,0.012310591,0.10748582,-0.005104087,5.077495,-0.3624967,9.4532385,-0.29434958,0.21497165,-0.010208174,0.1334384,-0.009526544,0.1109531,-0.003454796,252.28827,248.17712,333.1363,0.6568463,14.0987,0.9559287
4,26,20,0.0034299996,0.079390734,0.049060762,0.018118856,0.012211118,0.11074832,-0.0026145899,5.1219354,-0.4463187,9.41497,-0.53087807,0.22149664,-0.0052291797,0.1346063,-0.011729414,0.11050393,-0.0062309373,252.2368,248.07765,332.31787,0.97719675,14.0987,4.405105
4,27,20,0.0034299996,0.080809526,0.04979228,0.018514156,0.012503094,0.11157092,-0.010753135,5.177507,-0.34595025,9.526864,-0.6518365,0.22314183,-0.02150627,0.13606673,-0.009091698,0.11181723,-0.007650639,252.20258,247.85527,332.6294,0.99778676,14.0987,1.0778841
4,28,20,0.0034299996,0.0892007,0.05668083,0.018913366,0.013606505,0.11903868,-0.0074214055,5.233028,-0.06316757,9.938355,-0.5342907,0.23807736,-0.014842811,0.13752587,-0.0016600689,0.11664692,-0.006270997,252.17065,247.75261,332.5073,0.59745824,14.0987,1.1461241
4,29,20,0.0034299996,0.07709411,0.048595008,0.015485967,0.013013132,0.11022138,-0.00014991261,4.7351947,-0.12236832,9.719235,-0.7403118,0.22044276,-0.00029982522,0.12444262,-0.0032158867,0.11407512,-0.008689076,252.13728,247.68272,332.18207,0.86268014,14.09728,0.96608835
4,30,20,0.0034299996,0.076863796,0.051222805,0.012735056,0.012905935,0.11316228,-0.009967081,4.2940702,-0.1844154,9.679123,-0.8842049,0.22632456,-0.019934162,0.112849705,-0.004846501,0.11360429,-0.01037795,252.14716,247.7107,332.8017,1.0686203,14.09728,1.5368513
4,31,20,0.0034299996,0.080703855,0.050708853,0.016321775,0.013673233,0.11259313,-0.0064190975,4.8612986,-0.11830054,9.962695,-0.6890668,0.22518626,-0.012838195,0.1277567,-0.0031089783,0.1169326,-0.008087607,252.1302,247.7498,332.52222,0.8073674,14.09728,1.3973489
4,32,20,0.0034299996,0.08124526,0.05106186,0.016817283,0.013366121,0.11298436,-0.00069274387,4.934539,-0.23501883,9.850175,-0.67221785,0.22596872,-0.0013854877,0.12968147,-0.00617638,0.11561194,-0.007889851,252.07794,247.50487,331.71265,0.9072367,14.09728,18.681332
4,33,20,0.0034299996,0.074707605,0.04447293,0.01650869,0.013725989,0.10544303,-0.00855572,4.8890553,-0.089414366,9.981897,-0.72381246,0.21088606,-0.01711144,0.12848614,-0.002349842,0.117157966,-0.008495418,252.09229,247.4942,332.3265,0.8132268,14.095887,0.93248737
4,34,20,0.0034299996,0.08072589,0.049517613,0.01665413,0.014554147,0.11126277,-0.0051224167,4.910544,-0.13444532,10.278616,-0.68599993,0.22252554,-0.010244833,0.12905088,-0.003533271,0.12064057,-0.00805161,252.10918,247.66158,332.38486,0.82044524,14.095887,1.3744131
4,35,20,0.0034299996,0.07547077,0.04503166,0.016314438,0.014124671,0.10610332,-0.0017202616,4.8602057,-0.28542042,10.125823,-0.71248907,0.21220665,-0.0034405233,0.12772799,-0.007500951,0.11884726,-0.008362516,252.08932,247.6341,332.12607,0.9979095,14.095887,2.5814247
4,36,20,0.0034299996,0.07828766,0.046281785,0.018093817,0.013912062,0.10756601,-0.0066900267,5.118394,-0.25512844,10.049327,-0.7355147,0.21513201,-0.013380053,0.13451326,-0.006704865,0.117949404,-0.008632775,252.11037,247.65439,332.61688,0.99064314,14.095887,0.97558415
4,37,20,0.0034299996,0.07516935,0.04170686,0.018672416,0.01479007,0.10211129,0.0026035975,5.199588,-0.048804946,10.3615885,-0.3044907,0.20422257,0.005207195,0.13664705,-0.0012826155,0.121614434,-0.0035738186,252.09703,247.65353,332.35165,0.35329562,14.094591,0.4791122
4,38,20,0.0034299996,0.072121516,0.03833526,0.018242523,0.015543729,0.09789696,0.0067312783,5.1393843,-0.009315144,10.622307,-0.39305624,0.19579393,0.0134625565,0.13506489,-0.0002448053,0.12467449,-0.0046133166,252.04929,247.49867,331.82257,0.40237138,14.094591,0.41360804
4,39,20,0.0034299996,0.07278718,0.040299848,0.017257355,0.015229975,0.10037411,-0.00032752377,4.998685,-0.016575707,10.514553,-0.63482296,0.20074822,-0.00065504754,0.13136725,-0.00043561604,0.123409785,-0.0074509466,252.01044,247.34315,332.11063,0.65139866,14.094591,0.554303
4,40,20,0.0034299996,0.083641246,0.0490622,0.019915884,0.014663157,0.110749945,0.005178484,5.3699284,-0.08432111,10.317036,-0.28334817,0.22149989,0.010356968,0.14112365,-0.0022159899,0.12109152,-0.0033256696,251.92033,246.96114,331.65103,0.36766928,14.094591,3.2709417
4,41,20,0.0034299996,0.08385911,0.048420444,0.020970011,0.014468652,0.11002323,0.0117303785,5.5102086,-0.33195272,10.248382,-0.4102347,0.22004646,0.023460757,0.14481026,-0.008723839,0.12028571,-0.004814943,251.89008,246.86229,331.02753,0.7421874,14.093511,0.3220016
4,42,20,0.0034299996,0.086070605,0.051898174,0.020090483,0.014081945,0.113905855,0.005158571,5.3934155,-0.3804752,10.110498,-0.46346074,0.22781171,0.010317142,0.1417409,-0.009999024,0.11866737,-0.0054396596,251.92024,246.89606,331.28836,0.84393597,14.093511,0.26412556
4,43,20,0.0034299996,0.08413388,0.04859863,0.02165524,0.013880017,0.110225484,0.009550587,5.5995116,-0.21305665,10.037745,-0.13204432,0.22045097,0.019101175,0.14715719,-0.0055992086,0.11781348,-0.0015498147,251.94897,247.02472,331.24005,0.34510097,14.093511,2.351514
4,44,20,0.0034299996,0.082438156,0.045185193,0.02277039,0.0144825755,0.106284045,0.013818929,5.741877,-0.13529918,10.253311,-0.077920936,0.21256809,0.027637858,0.1508986,-0.003555711,0.12034357,-0.000914552,251.94165,247.04944,330.8938,0.21322012,14.093511,0.28407896
4,45,20,0.0034299996,0.083959974,0.046572033,0.022396203,0.014991735,0.10790277,0.009393154,5.6945033,0.067883305,10.43199,-0.19635965,0.21580555,0.018786307,0.14965361,0.0017839995,0.12244074,-0.0023046816,251.98819,247.28961,331.3435,0.12847635,14.092579,0.60226685
4,46,20,0.0034299996,0.08649117,0.04728798,0.02425461,0.0149485795,0.108729,0.015010516,5.926057,0.032490663,10.4169655,0.2540129,0.217458,0.030021032,0.15573892,0.00085386605,0.122264385,0.002981369,251.99529,247.3752,331.30182,-0.28650358,14.092579,0.53576875
4,47,20,0.0034299996,0.09631078,0.05644661,0.023270365,0.016593803,0.118792474,0.018659592,5.804573,0.065410264,10.9752445,0.0736235,0.23758495,0.037319183,0.15254627,0.001718998,0.12881693,0.00086411927,251.93564,247.13516,330.56735,-0.13903376,14.092579,1.2902635
4,48,20,0.0034299996,0.09907409,0.059913587,0.022899933,0.016260574,0.12238626,0.011185256,5.7581873,0.3474887,10.864485,-0.133673,0.24477252,0.022370512,0.15132724,0.009132132,0.12751696,-0.0015689291,251.93063,247.04922,330.87793,-0.2138157,14.092579,0.5661001
4,49,20,0.0034299996,0.108711965,0.066402465,0.025791515,0.016517987,0.12884338,0.017340561,6.1109276,0.3978854,10.950142,-0.032411516,0.25768676,0.034681123,0.16059737,0.010456577,0.12852232,-0.00038041492,251.92262,247.09962,330.5829,-0.3654739,14.091784,0.72556436
4,50,20,0.0034299996,0.1081627,0.06407517,0.02769648,0.016391056,0.12656537,0.021504171,6.332584,0.22670445,10.9079895,-0.10912793,0.25313073,0.043008342,0.16642259,0.0059578754,0.12802756,-0.0012808376,251.94617,247.24736,330.37778,-0.11757652,14.091784,0.7416344
4,51,20,0.0034299996,0.1013131,0.060877237,0.024817558,0.015618299,0.123366565,0.011555717,5.9944344,0.2182295,10.647755,-0.38969082,0.24673313,0.023111435,0.1575359,0.0057351515,0.12497319,-0.004573822,252.03891,247.64351,331.38528,0.17146131,14.091784,0.64860576
4,52,20,0.0034299996,0.103571646,0.0593612,0.028903153,0.015307292,0.12182077,0.014013878,6.469062,0.10714475,10.541208,-0.18802696,0.24364154,0.028027756,0.17000927,0.0028158028,0.12372264,-0.00220687,252.12251,248.09657,331.70746,0.080882214,14.091784,0.48882002
4,53,20,0.0034299996,0.10509282,0.06195792,0.027657246,0.01547766,0.12445674,0.01723901,6.3280973,0.053227205,10.599707,-0.48688945,0.24891348,0.03447802,0.16630468,0.0013988307,0.12440924,-0.0057146526,252.16792,248.27626,331.4988,0.43366224,14.091049,0.6431542
4,54,20,0.0034299996,0.096043155,0.05722354,0.024065562,0.014754053,0.11960721,0.011686509,5.902917,0.110154666,10.348965,-0.4028832,0.23921442,0.023373017,0.15513079,0.0028949121,0.121466264,-0.004728652,252.22878,248.36575,332.11865,0.29272854,14.091049,0.61661154
4,55,20,0.0034299996,0.09750131,0.056599766,0.02531096,0.015590575,0.118953526,0.013660687,6.0537286,0.07362905,10.638301,-0.21761084,0.23790705,0.027321374,0.15909418,0.001934998,0.124862224,-0.0025541072,252.27501,248.62054,332.39243,0.14398178,14.091049,0.6599403
4,56,20,0.0034299996,0.09327889,0.05406043,0.024924455,0.014294003,0.11625449,0.016780337,6.0073304,0.044548035,10.186339,-0.1836329,0.23250899,0.033560675,0.15787481,0.0011707412,0.11955753,-0.0021553063,252.27289,248.7283,332.36877,0.13908486,14.091049,0.82641953
4,57,20,0.0034299996,0.07896961,0.046242848,0.019810418,0.01291635,0.10752075,0.0054378803,5.355691,-0.005951467,9.683025,-0.45992902,0.2150415,0.010875761,0.14074948,-0.00015639777,0.11365012,-0.0053982073,252.25595,248.62903,333.11948,0.46588048,14.090406,0.74333346
4,58,20,0.0034299996,0.07772989,0.04342089,0.021234442,0.013074557,0.1041884,0.010929869,5.544841,0.037786387,9.742148,-0.16855028,0.2083768,0.021859737,0.14572042,0.000993035,0.11434403,-0.001978282,252.16469,248.2236,332.8132,0.13076389,14.090406,0.88604957
4,59,20,0.0034299996,0.08228984,0.046393096,0.02224113,0.0136556085,0.10769528,0.012815076,5.6747546,0.046619453,9.956272,-0.39668536,0.21539056,0.025630152,0.1491346,0.0012251704,0.116857216,-0.0046559186,252.0801,247.89348,331.87604,0.35006592,14.090406,0.9305162
4,60,20,0.0034299996,0.08630814,0.04869064,0.022008488,0.015609009,0.11032978,0.004595102,5.6449976,-0.2623893,10.644588,-0.7898815,0.22065955,0.009190204,0.14835258,-0.006895682,0.12493602,-0.009270869,252.08858,247.9885,332.1981,1.0522709,14.090406,0.78777486
4,61,20,0.0034299996,0.09109638,0.05173044,0.024813248,0.014552693,0.11372163,0.0041688187,5.9939137,-0.37515637,10.278101,-0.59346056,0.22744326,0.008337637,0.15752222,-0.009859242,0.12063454,-0.0069654756,252.08562,248.02892,332.12152,0.96861696,14.089886,0.31973326
4,62,20,0.0034299996,0.08249427,0.045816828,0.02286613,0.013811313,0.10702433,0.008262674,5.753936,-0.3159378,10.012873,-0.5111494,0.21404865,0.016525349,0.15121551,-0.0083029615,0.11752154,-0.0059993905,252.09134,248.05595,331.63602,0.82708716,14.089886,0.326093
4,63,20,0.0034299996,0.088453665,0.051305566,0.021812111,0.01533599,0.11325366,-0.00017879272,5.6197567,-0.16529715,10.551085,-0.8597205,0.22650732,-0.00035758544,0.14768924,-0.004344066,0.123838566,-0.01009057,252.12102,248.1677,332.28458,1.0250177,14.089886,0.3046768
4,64,20,0.0034299996,0.09030416,0.053095922,0.022341665,0.01486657,0.11521276,0.005442971,5.687566,-0.19557491,10.3883505,-0.51518667,0.23042552,0.010885942,0.14947128,-0.0051397807,0.12192854,-0.0060467697,252.11565,248.19276,332.09265,0.71076155,14.089886,0.4904724
4,65,20,0.0034299996,0.08583119,0.04996137,0.021985812,0.013884009,0.1117602,0.004884011,5.642089,-0.1576441,10.039189,-0.74581754,0.2235204,0.009768022,0.14827614,-0.004142942,0.117830426,-0.008753695,252.08984,248.11,331.42453,0.90346164,14.089462,0.54038185
4,66,20,0.0034299996,0.0829071,0.04579075,0.022299923,0.014816424,0.10699387,-0.005210217,5.68225,-0.008770721,10.370815,-0.93185073,0.21398774,-0.010420434,0.14933158,-0.00023049538,0.121722735,-0.010937167,252.1295,248.2578,332.33368,0.94062144,14.089462,0.47193685
4,67,20,0.0034299996,0.08821705,0.052753963,0.020804536,0.014658557,0.114841156,-0.00024261604,5.488424,-0.171211,10.315419,-0.68903327,0.22968231,-0.00048523207,0.14423777,-0.004499493,0.12107253,-0.00808721,252.17381,248.42775,332.59268,0.8602443,14.089462,0.37768236
4,68,20,0.0034299996,0.082732774,0.04741693,0.020543898,0.014771943,0.108877145,0.0025674605,5.453937,-0.27803078,10.355237,-0.6414998,0.21775429,0.005134921,0.14333142,-0.007306761,0.12153988,-0.007529314,252.18974,248.4858,332.22943,0.91953063,14.089462,0.32292312
4,69,20,0.0034299996,0.087705925,0.05242721,0.020378228,0.014900493,0.11448494,-0.012192163,5.4319015,-0.28615165,10.400196,-0.9563551,0.22896989,-0.024384325,0.14275233,-0.0075201723,0.12206758,-0.011224783,252.21869,248.61104,332.77234,1.2425067,14.089175,0.7084121
4,70,20,0.0034299996,0.08621097,0.05209902,0.019763678,0.014348278,0.11412605,-0.008075501,5.3493695,-0.25666964,10.205661,-0.60536426,0.2282521,-0.016151002,0.14058335,-0.0067453696,0.119784296,-0.007105194,252.25856,248.78032,332.73563,0.8620339,14.089175,0.6777071
4,71,20,0.0034299996,0.07974504,0.0436808,0.02060758,0.015456659,0.10449976,-0.0043473723,5.4623837,-0.32327178,10.592513,-0.85224175,0.20899951,-0.008694745,0.1435534,-0.008495694,0.12432481,-0.010002806,252.30887,249.05026,332.49802,1.1755135,14.089175,0.61264515
4,72,20,0.0034299996,0.08550295,0.049710985,0.020866886,0.014925079,0.111479804,-0.011595194,5.4966426,-0.27358913,10.408773,-0.9700057,0.22295961,-0.023190388,0.14445375,-0.0071900217,0.12216824,-0.011385004,252.36807,249.25673,333.34998,1.2435949,14.089175,0.69685054
4,73,20,0.0034299996,0.08914573,0.053746067,0.021671215,0.013728447,0.11591599,-0.008289982,5.601577,-0.56489146,9.98279,-0.86451566,0.23183198,-0.016579963,0.14721146,-0.014845552,0.11716846,-0.010146864,252.32959,249.19188,332.97202,1.4294071,14.088927,0.8221656
4,74,20,0.0034299996,0.07799721,0.043897673,0.019775659,0.014323873,0.10475886,-0.0060305824,5.35099,-0.49100432,10.196977,-1.0513707,0.20951772,-0.012061165,0.14062595,-0.012903773,0.11968239,-0.012339983,252.2964,249.01894,332.48294,1.5423751,14.088927,0.74694765
4,75,20,0.0034299996,0.07742591,0.044282403,0.019140206,0.0140033085,0.10521692,-0.012555433,5.264316,-0.34318796,10.082229,-1.1201352,0.21043384,-0.025110867,0.13834813,-0.0090191085,0.118335575,-0.013147078,252.33408,249.09683,333.27252,1.4633231,14.088927,0.6533706
4,76,20,0.0034299996,0.07391737,0.0425578,0.01863079,0.012728782,0.10314771,-0.009670696,5.193789,-0.14837986,9.612462,-0.8775354,0.20629542,-0.019341392,0.13649465,-0.003899478,0.11282191,-0.010299679,252.34605,249.19226,333.29584,1.0259153,14.088927,0.6744158
4,77,20,0.0034299996,0.07262355,0.042438995,0.016813586,0.013370966,0.103003636,-0.005678968,4.9339967,-0.42779252,9.851959,-1.2147952,0.20600727,-0.011357936,0.12966721,-0.011242542,0.11563289,-0.014258106,252.31088,249.16675,332.79837,1.6425878,14.088672,2.1809826
4,78,20,0.0034299996,0.07513951,0.04529384,0.016640196,0.013205469,0.10641175,-0.015419734,4.9084897,-0.5712911,9.790799,-1.3133286,0.2128235,-0.030839467,0.12899688,-0.015013729,0.11491505,-0.015414599,252.29431,249.0785,333.60873,1.8846197,14.088672,0.4488503
4,79,20,0.0034299996,0.07487332,0.043553345,0.019104421,0.012215553,0.10434719,-0.0128198415,5.2593927,-0.43335482,9.416679,-0.98196995,0.20869438,-0.025639683,0.13821875,-0.01138872,0.11052399,-0.011525424,252.29713,249.10681,333.74976,1.4153248,14.088672,0.4463096
4,80,20,0.0034299996,0.06831329,0.03726036,0.018944396,0.012108533,0.09651472,-0.0073143514,5.23732,-0.3578599,9.375339,-1.086499,0.19302943,-0.014628703,0.13763864,-0.009404694,0.11003878,-0.012752287,252.32446,249.24254,333.5237,1.4443588,14.088672,0.26185045
4,81,20,0.0034299996,0.07516626,0.04517179,0.017763719,0.012230754,0.10626828,-0.012120287,5.071491,-0.52538306,9.422537,-1.2875844,0.21253656,-0.024240574,0.1332806,-0.013807259,0.11059274,-0.015112436,252.39426,249.48224,334.24408,1.8129675,14.088483,0.238499
4,82,20,0.0034299996,0.07494864,0.043294605,0.01973545,0.011918583,0.10403678,-0.008097094,5.3455477,-0.42215014,9.301512,-1.0609671,0.20807356,-0.016194187,0.14048292,-0.0110942535,0.10917226,-0.01245262,252.42061,249.62646,334.1573,1.4831172,14.088483,0.4073766
4,83,20,0.0034299996,0.06690562,0.03719709,0.0179121,0.011796429,0.09643274,-0.0050008004,5.0926275,-0.6021426,9.253723,-1.2122241,0.19286548,-0.010001601,0.13383609,-0.015824523,0.10861137,-0.014227936,252.35594,249.38812,333.50906,1.8143667,14.088483,0.27406865
4,84,20,0.0034299996,0.07222195,0.044751666,0.015851425,0.011618861,0.10577295,-0.013395523,4.790743,-0.46824932,9.183812,-1.2688007,0.2115459,-0.026791045,0.12590244,-0.012305763,0.10779082,-0.014891971,252.3396,249.22098,333.8986,1.73705,14.088483,0.26734027
4,85,20,0.0034299996,0.06670501,0.039484367,0.016536435,0.010684204,0.099353366,-0.004643202,4.893162,-0.31815302,8.806683,-0.9497241,0.19870673,-0.009286404,0.12859407,-0.008361178,0.10336442,-0.011146958,252.38338,249.4063,334.1041,1.2678771,14.088204,0.48421556
4,86,20,0.0034299996,0.06294206,0.037012506,0.014809924,0.011119628,0.09619317,-0.00092088076,4.630683,-0.21726431,8.984343,-1.1718289,0.19238634,-0.0018417615,0.12169603,-0.0057097855,0.10544965,-0.013753812,252.42229,249.63737,333.75348,1.3890932,14.088204,0.5412936
4,87,20,0.0034299996,0.06659223,0.040245816,0.014784906,0.011561513,0.1003068,-0.00983949,4.6267705,-0.2630534,9.161119,-1.6184734,0.2006136,-0.01967898,0.1215932,-0.0069131358,0.10752448,-0.018996106,252.48834,249.99957,334.53412,1.8815268,14.088204,0.36590245
4,88,20,0.0034299996,0.069784656,0.044001743,0.015512888,0.010270026,0.10488296,-0.00495221,4.739309,-0.15149958,8.634298,-1.3154576,0.20976593,-0.00990442,0.124550745,-0.0039814645,0.101341136,-0.0154395765,252.47928,249.9788,334.47903,1.4669572,14.088204,0.3302576
4,89,20,0.0034299996,0.06606153,0.040654294,0.015095197,0.010312036,0.10081455,0.0019925963,4.6750693,-0.31373283,8.651938,-1.382076,0.2016291,0.0039851926,0.12286251,-0.008245014,0.101548195,-0.016221488,252.45755,249.92744,333.8969,1.6958089,14.087868,0.4275209
4,90,20,0.0034299996,0.07031486,0.0441903,0.015663212,0.010461355,0.10510744,-0.008340831,4.7622156,-0.5222722,8.714354,-1.4534761,0.21021488,-0.016681662,0.12515275,-0.013725502,0.102280766,-0.017059514,252.512,250.06956,334.71008,1.9757483,14.087868,0.39974952
4,91,20,0.0034299996,0.08388419,0.053571608,0.019236226,0.011076352,0.11572771,-0.0033232581,5.2775044,-0.2032567,8.966844,-1.1729764,0.23145542,-0.0066465163,0.13869472,-0.0053416598,0.10524425,-0.013767283,252.56642,250.2641,334.95743,1.3762331,14.087868,0.5757982
4,92,20,0.0034299996,0.07641904,0.04553293,0.01984019,0.011045917,0.10669223,0.0028279854,5.3597136,-0.055976,8.954516,-1.165708,0.21338446,0.005655971,0.14085521,-0.0014710667,0.10509956,-0.013681974,252.58582,250.31674,334.66476,1.221684,14.087868,0.36054388
4,93,20,0.0034299996,0.07024935,0.04236078,0.017571079,0.01031749,0.10290867,-0.006960955,5.043916,-0.21133015,8.654225,-1.2942798,0.20581734,-0.01392191,0.13255595,-0.005553832,0.10157505,-0.015191024,252.6402,250.48204,335.85587,1.50561,14.087477,0.39765802
4,94,20,0.0034299996,0.073673934,0.046333667,0.016735222,0.010605042,0.10762628,-0.0039360914,4.9224854,0.12647459,8.773996,-1.0882215,0.21525256,-0.007872183,0.12936468,0.0033237983,0.102980785,-0.012772507,252.63252,250.41263,335.8213,0.96174693,14.087477,0.43534222
4,95,20,0.0034299996,0.0661911,0.038849384,0.016825084,0.01051663,0.098551236,0.0020879242,4.935683,0.041950304,8.737346,-1.0781646,0.19710247,0.0041758483,0.12971154,0.0011024667,0.10255062,-0.012654468,252.58586,250.20091,335.1208,1.0362142,14.087477,0.47745126
4,96,20,0.0034299996,0.06956111,0.04166998,0.01767004,0.010221089,0.10206613,-0.0061371946,5.0581,-0.026852425,8.613701,-1.1360375,0.20413226,-0.012274389,0.1329287,-0.00070569554,0.1010994,-0.013333722,252.63905,250.39769,335.8552,1.1628898,14.087477,0.43067625
4,97,20,0.0034299996,0.07148873,0.04377924,0.017933114,0.009776379,0.10461745,0.00035900713,5.0956144,0.043000307,8.42423,-1.0015255,0.2092349,0.00071801426,0.13391457,0.0011300661,0.098875575,-0.011754949,252.7021,250.71288,336.01108,0.95852524,14.087002,0.3771393
4,98,20,0.0034299996,0.068811625,0.041368324,0.017538803,0.009904497,0.10169602,0.004109528,5.039282,-0.04607112,8.479249,-1.1939306,0.20339204,0.008219056,0.13243414,-0.0012107642,0.09952134,-0.014013218,252.70287,250.78401,335.603,1.2400018,14.087002,0.3788765
4,99,20,0.0034299996,0.0665913,0.037390463,0.018791294,0.010409542,0.09668307,-0.0051259208,5.216113,-0.14480099,8.692747,-1.4507695,0.19336614,-0.0102518415,0.13708134,-0.003805423,0.10202716,-0.017027747,252.73659,250.86458,336.4955,1.5955706,14.087002,0.30796534
4,100,20,0.0034299996,0.066768385,0.039253175,0.018223006,0.009292206,0.09906207,-0.0033455233,5.136634,-0.052508768,8.212977,-1.236324,0.19812414,-0.0066910465,0.13499261,-0.0013799462,0.09639609,-0.014510792,252.74287,250.85681,336.4828,1.2888327,14.087002,0.24915086
5,1,20,0.0024009997,0.087143205,0.051709957,0.024768056,0.010665193,0.113699116,0.0055683022,5.9884534,-0.2618565,8.798843,-0.9905735,0.22739823,0.0111366045,0.1573787,-0.006881683,0.10327242,-0.0116264075,253.49718,254.62444,341.47644,1.25243,14.086433,0.80470735
5,2,20,0.0024009997,0.09650259,0.055400766,0.029295914,0.011805907,0.11768684,0.011402519,6.512867,-0.20958406,9.257441,-1.1870534,0.23537368,0.022805039,0.17116049,-0.0055079437,0.10865499,-0.013932501,253.4285,254.42506,340.42993,1.3966374,14.086433,0.42226908
5,3,20,0.0024009997,0.08860802,0.050160117,0.026257833,0.012190066,0.11198227,0.0010390204,6.165923,-0.3762554,9.40685,-1.3797253,0.22396454,0.0020780407,0.16204269,-0.009888125,0.110408634,-0.016193898,253.4258,254.33635,341.09106,1.7559807,14.086433,0.37049425
5,4,20,0.0024009997,0.09669958,0.061212983,0.024310457,0.011176136,0.12370629,0.0011264788,5.932875,-0.49121213,9.007142,-1.0744538,0.24741258,0.0022529576,0.1559181,-0.012909228,0.10571725,-0.0126109095,253.40034,254.24353,340.99377,1.565666,14.086433,0.3773724
5,5,20,0.0024009997,0.085814506,0.049953856,0.024091015,0.011769641,0.111751795,0.008991721,5.906038,-0.35315087,9.243211,-1.0562664,0.22350359,0.017983442,0.1552128,-0.009280932,0.10848798,-0.012397446,253.34784,254.0507,340.33783,1.4094173,14.085856,0.37787908
5,6,20,0.0024009997,0.08274562,0.042813707,0.028301878,0.011630038,0.10345737,-0.0016344325,6.4014196,-0.35771823,9.188229,-1.4323747,0.20691474,-0.003268865,0.16823162,-0.009400965,0.107842654,-0.016811846,253.35634,253.92287,341.0199,1.790093,14.085856,0.36082307
5,7,20,0.0024009997,0.08803369,0.04489018,0.031727776,0.011415731,0.10593651,0.00225292,6.7777963,-0.4935033,9.103179,-1.0436729,0.21187302,0.00450584,0.17812292,-0.012969442,0.106844425,-0.012249637,253.33202,253.75694,340.8206,1.5371763,14.085856,0.6592916
5,8,20,0.0024009997,0.08241767,0.041740768,0.02935564,0.011321258,0.10215279,0.0093747405,6.519503,-0.61393243,9.065433,-1.0458665,0.20430557,0.018749481,0.17133488,-0.01613437,0.1064014,-0.012275385,253.29639,253.65082,340.0051,1.6597989,14.085856,0.4658085
5,9,20,0.0024009997,0.09102212,0.050386474,0.0291484,0.011487243,0.11223466,0.0008652288,6.4964485,-0.3611317,9.131646,-1.5221237,0.22446932,0.0017304576,0.17072903,-0.009490664,0.107178554,-0.017865239,253.31238,253.62056,340.2658,1.8832554,14.085055,0.37317804
5,10,20,0.0024009997,0.09833639,0.05680125,0.030965352,0.010569791,0.11916506,-2.9444995e-5,6.6958647,-0.37902308,8.759401,-1.1004515,0.23833013,-5.888999e-5,0.17596975,-0.00996086,0.10280949,-0.01291605,253.31581,253.64473,340.31995,1.4794745,14.085055,0.50532717
5,11,20,0.0024009997,0.088948704,0.042096674,0.035727352,0.011124681,0.10258737,0.008491723,7.1923213,-0.33740836,8.986384,-1.1169536,0.20517474,0.016983446,0.1890168,-0.008867215,0.1054736,-0.013109737,253.31937,253.70427,339.92023,1.4543619,14.085055,0.93262744
5,12,20,0.0024009997,0.09592038,0.04917169,0.03610276,0.010645928,0.11087345,0.002539179,7.23001,-0.42818305,8.790892,-1.4367555,0.2217469,0.005078358,0.19000727,-0.0112528065,0.103179105,-0.016863264,253.39694,253.92859,340.79327,1.8649386,14.085055,0.36787075
5,13,20,0.0024009997,0.100160815,0.053972095,0.0356665,0.010522223,0.11615948,0.006938314,7.186195,-0.3283102,8.739669,-1.2272105,0.23231895,0.013876628,0.18885577,-0.008628106,0.10257789,-0.014403826,253.47408,254.25813,340.88037,1.5555208,14.0840845,0.4491025
5,14,20,0.0024009997,0.09500781,0.046334974,0.036104184,0.012568652,0.1076278,0.011750399,7.230152,-0.45134404,9.551807,-1.1918935,0.2152556,0.023500798,0.19001101,-0.011861488,0.11211,-0.013989306,253.5402,254.5799,340.45422,1.6432375,14.0840845,1.1772053
5,15,20,0.0024009997,0.09818008,0.05212531,0.03404202,0.01201275,0.11415484,0.0052997,7.0206337,-0.15761527,9.338184,-1.3865576,0.22830968,0.0105994,0.18450479,-0.004142181,0.10960269,-0.016274089,253.63174,254.88707,341.2116,1.5441729,14.0840845,0.3440704
5,16,20,0.0024009997,0.09981674,0.054549117,0.033568442,0.011699188,0.11677876,0.004938747,6.9716287,0.084614456,9.215503,-1.1666898,0.23355752,0.009877494,0.18321693,0.0022236963,0.10816278,-0.013693496,253.64532,254.99022,341.2714,1.0820754,14.0840845,0.41405898
5,17,20,0.0024009997,0.09998067,0.05588914,0.03266419,0.011427337,0.11820442,0.009858383,6.877088,0.19576973,9.107805,-1.249121,0.23640884,0.019716766,0.18073237,0.0051448997,0.106898725,-0.014660989,253.5997,254.8636,340.4259,1.0533512,14.082991,0.41795865
5,18,20,0.0024009997,0.09726791,0.054738518,0.030958587,0.011570807,0.11698132,0.0020526845,6.695133,-0.061186433,9.164801,-1.5210177,0.23396264,0.004105369,0.17595053,-0.0016080008,0.10756768,-0.01785225,253.62323,254.87567,341.21515,1.5822041,14.082991,0.35378915
5,19,20,0.0024009997,0.10360654,0.057750277,0.03411726,0.011738998,0.12015644,0.00487095,7.028389,-0.16402999,9.231169,-1.3175566,0.24031287,0.0097419,0.18470858,-0.004310774,0.108346656,-0.015464221,253.66084,255.01456,341.6261,1.4815866,14.082991,0.39085895
5,20,20,0.0024009997,0.09976014,0.048182044,0.0387063,0.012871792,0.109752044,0.012350473,7.4861674,-0.28132027,9.666309,-1.1254364,0.21950409,0.024700945,0.19673917,-0.0073931986,0.11345392,-0.013209299,253.67259,255.07558,341.19382,1.4067566,14.082991,0.64331937
5,21,20,0.0024009997,0.09792839,0.053287223,0.033322208,0.011318958,0.115420125,0.0049556457,6.946012,0.06916809,9.064512,-1.2932285,0.23084025,0.009911291,0.18254371,0.0018177683,0.106390595,-0.015178685,253.70348,255.14917,341.51456,1.2240604,14.081796,0.33682522
5,22,20,0.0024009997,0.09847522,0.055374935,0.032451544,0.010648743,0.1176594,0.005739041,6.854666,0.45791233,8.792054,-1.239884,0.2353188,0.011478082,0.18014312,0.012034091,0.10319275,-0.014552574,253.65916,254.88155,341.2431,0.7819717,14.081796,0.36291832
5,23,20,0.0024009997,0.09932136,0.055224266,0.032610957,0.011486133,0.11749922,0.012166332,6.8714824,0.32754385,9.1312065,-1.1313604,0.23499843,0.024332665,0.18058504,0.008607978,0.107173376,-0.013278825,253.5767,254.51686,340.20044,0.80381656,14.081796,0.4853404
5,24,20,0.0024009997,0.09408807,0.04947726,0.033491388,0.011119418,0.111217424,0.0028991846,6.963623,0.27144185,8.984258,-1.3220545,0.22243485,0.005798369,0.18300653,0.0071335947,0.10544865,-0.015517014,253.56029,254.32674,340.5745,1.0506127,14.081796,3.9212842
5,25,20,0.0024009997,0.10172645,0.05487858,0.03586453,0.01098334,0.11713089,0.004223653,7.2061157,0.6977884,8.929116,-1.142778,0.23426178,0.008447306,0.18937932,0.018338135,0.10480143,-0.013412837,253.5363,254.17416,340.34204,0.44498962,14.080638,0.42123297
5,26,20,0.0024009997,0.10114955,0.053948995,0.03492681,0.01227375,0.116134614,0.0125333555,7.111286,0.6072315,9.439083,-1.04768,0.23226923,0.025066711,0.18688716,0.01595826,0.11078696,-0.0122966645,253.52397,254.19574,339.64282,0.44044852,14.080638,0.81779236
5,27,20,0.0024009997,0.096820615,0.050511032,0.035224847,0.011084734,0.1123733,0.0040035616,7.141563,0.7529087,8.970235,-1.2308761,0.2247466,0.008007123,0.18768284,0.019786712,0.105284065,-0.0144468425,253.58392,254.40044,340.56332,0.47796738,14.080638,0.5321093
5,28,20,0.0024009997,0.10164279,0.05527648,0.03629992,0.010066386,0.117554754,0.0034392467,7.249725,0.76826656,8.548266,-0.9794519,0.23510951,0.0068784934,0.19052538,0.020190313,0.10033138,-0.011495874,253.58595,254.47163,340.61356,0.21118534,14.080638,0.4873808
5,29,20,0.0024009997,0.096209094,0.05461063,0.030906895,0.010691572,0.11684459,0.011105036,6.6895413,0.6559251,8.809718,-0.80303246,0.23368917,0.022210073,0.17580357,0.017237958,0.10340006,-0.009425232,253.5743,254.50813,339.90533,0.14710736,14.07951,0.5074117
5,30,20,0.0024009997,0.09585108,0.05527276,0.02977639,0.0108019225,0.1175508,-0.001571552,6.5660577,0.69262064,8.855063,-1.1478807,0.2351016,-0.003143104,0.17255837,0.018202316,0.1039323,-0.01347273,253.64717,254.68257,340.94977,0.45526004,14.07951,0.3767482
5,31,20,0.0024009997,0.09564017,0.051040933,0.03418822,0.010411019,0.1129612,0.0031303125,7.0356936,0.63568425,8.693364,-0.7859246,0.2259224,0.006260625,0.18490057,0.016706008,0.102034405,-0.009224428,253.68556,254.83669,341.4161,0.15024036,14.07951,0.35744148
5,32,20,0.0024009997,0.095236346,0.049993508,0.03449153,0.010751305,0.11179614,0.00972084,7.0668344,0.28194457,8.834293,-0.67231774,0.22359228,0.01944168,0.18571895,0.007409599,0.1036885,-0.007891027,253.65468,254.76657,340.8452,0.39037317,14.07951,0.5060283
5,33,20,0.0024009997,0.08599424,0.043801952,0.03196658,0.010225713,0.10464458,-0.0013210924,6.8032546,0.662183,8.615649,-0.9998003,0.20928916,-0.0026421847,0.178792,0.017402405,0.10112227,-0.0117347045,253.64882,254.65297,340.91187,0.33761734,14.078322,0.4403116
5,34,20,0.0024009997,0.09497928,0.053684816,0.030978318,0.010316138,0.11584992,0.00113254,6.6972666,0.812259,8.653659,-0.77015877,0.23169984,0.00226508,0.17600659,0.021346461,0.10156839,-0.009039385,253.62733,254.49716,340.5969,-0.04210025,14.078322,0.28457847
5,35,20,0.0024009997,0.08244301,0.04342735,0.02833242,0.010683232,0.10419615,0.006212826,6.4048734,0.66328543,8.806281,-0.77476823,0.2083923,0.012425652,0.16832237,0.01743138,0.10335972,-0.009093491,253.59894,254.4489,339.82883,0.1114828,14.078322,0.2924915
5,36,20,0.0024009997,0.09278469,0.050647967,0.031078381,0.011058335,0.112525515,-0.0014399576,6.7080736,0.4863642,8.959548,-0.86280143,0.22505103,-0.0028799153,0.17629062,0.012781825,0.10515862,-0.010126743,253.66838,254.6815,340.78592,0.37643725,14.078322,0.3433231
5,37,20,0.0024009997,0.10527011,0.05910127,0.03425083,0.011918014,0.121553764,0.000254125,7.0421333,0.7078626,9.301289,-0.577903,0.24310753,0.00050825,0.1850698,0.01860289,0.109169655,-0.0067828763,253.71289,254.91405,341.2076,-0.12995964,14.077105,0.23425883
5,38,20,0.0024009997,0.096691824,0.051837232,0.032630406,0.012224187,0.113838956,0.0070458776,6.8735313,0.47175676,9.420007,-0.34576368,0.22767791,0.014091755,0.18063888,0.01239795,0.11056305,-0.0040582432,253.67787,254.77979,340.77524,-0.12599307,14.077105,0.5437844
5,39,20,0.0024009997,0.09948244,0.056253437,0.032110326,0.011118675,0.118589036,-0.00068518973,6.818534,0.53911906,8.983957,-0.59265614,0.23717807,-0.0013703795,0.17919354,0.014168241,0.105445124,-0.006956033,253.67038,254.63902,340.99597,0.05353707,14.077105,0.24596883
5,40,20,0.0024009997,0.0975292,0.054044258,0.03261709,0.010867853,0.116237104,0.0018482654,6.8721275,0.93462396,8.882047,-0.5271803,0.23247421,0.0036965308,0.18060201,0.024562253,0.10424899,-0.0061875354,253.67126,254.5776,340.50726,-0.40744364,14.077105,0.23005214
5,41,20,0.0024009997,0.0915669,0.050683387,0.030019421,0.010864089,0.112564854,0.008056525,6.592799,0.78280526,8.880509,-0.4285964,0.22512971,0.01611305,0.17326114,0.020572394,0.10423094,-0.0050304527,253.6776,254.64182,339.692,-0.35420886,14.075875,0.33068404
5,42,20,0.0024009997,0.09528919,0.05030768,0.033784475,0.011197037,0.11214687,-0.0029614058,6.994026,0.72518134,9.015561,-0.5928021,0.22429374,-0.0059228116,0.18380554,0.019058025,0.10581605,-0.006957743,253.77162,255.0084,340.72668,-0.13237923,14.075875,0.517837
5,43,20,0.0024009997,0.099301,0.051558785,0.0369677,0.010774518,0.1135328,0.0015248848,7.316105,0.806836,8.843825,-0.37363982,0.2270656,0.0030497697,0.19226986,0.021203948,0.10380038,-0.0043854257,253.8014,255.1525,341.50916,-0.4331962,14.075875,0.27495766
5,44,20,0.0024009997,0.08607314,0.042691626,0.032135274,0.011246243,0.10330976,0.007401728,6.8211827,0.7448655,9.035348,-0.45781577,0.20661952,0.014803456,0.17926314,0.019575331,0.1060483,-0.005373402,253.72076,254.83481,340.6154,-0.2870497,14.075875,0.36517975
5,45,20,0.0024009997,0.09288421,0.051094543,0.03060829,0.01118138,0.11302051,-0.0056354133,6.6571484,0.8649887,9.009255,-0.8667766,0.22604102,-0.011270827,0.17495225,0.022732219,0.105742045,-0.010173399,253.6675,254.56451,340.94223,0.0017879009,14.074654,0.28740802
5,46,20,0.0024009997,0.08740477,0.045211922,0.031510416,0.010682434,0.10631548,-0.004930132,6.7545395,0.98616904,8.805952,-0.6411338,0.21263096,-0.009860264,0.17751174,0.025916878,0.10335586,-0.007525015,253.58842,254.27496,340.5626,-0.34503525,14.074654,0.29577145
5,47,20,0.0024009997,0.08470326,0.04238174,0.03129131,0.0110302055,0.10293413,0.0015139333,6.731015,0.7478335,8.948145,-0.5434536,0.20586826,0.0030278666,0.1768935,0.01965333,0.105024785,-0.006378539,253.49669,253.96701,339.59384,-0.20437992,14.074654,0.34708908
5,48,20,0.0024009997,0.08992068,0.04419529,0.034062117,0.0116632655,0.10511338,-0.007877037,7.0227065,0.7737829,9.2013445,-0.69580054,0.21022676,-0.015754074,0.18455926,0.020335304,0.1079966,-0.008166647,253.50267,253.90411,340.12744,-0.077982366,14.074654,0.29869872
5,49,20,0.0024009997,0.09616191,0.05052357,0.033951912,0.011686421,0.11238725,-0.004030084,7.0113363,0.7654806,9.210475,-0.43613273,0.2247745,-0.008060168,0.18426044,0.020117113,0.10810375,-0.005118912,253.53271,253.96439,340.1632,-0.32934785,14.073418,0.5074798
5,50,20,0.0024009997,0.094915226,0.051801052,0.031011352,0.012102818,0.11379922,0.0013638888,6.7008367,0.3739957,9.373126,-0.3390859,0.22759844,0.0027277777,0.1761004,0.009828741,0.11001281,-0.0039798673,253.54865,254.08527,339.80646,-0.034909785,14.073418,0.52394336
5,51,20,0.0024009997,0.09352165,0.048182547,0.032811344,0.012527757,0.10975262,-0.0057694875,6.892562,0.5024868,9.536255,-0.66514045,0.21950524,-0.011538975,0.18113902,0.013205528,0.111927465,-0.007806782,253.60149,254.31952,340.271,0.16265363,14.073418,0.4401798
5,52,20,0.0024009997,0.1036675,0.057288818,0.03487835,0.011500325,0.11967541,-0.0035626858,7.1063504,0.767272,9.136846,-0.37229332,0.23935083,-0.0071253716,0.18675746,0.020164177,0.10723957,-0.004369627,253.61516,254.40941,340.29684,-0.39497867,14.073418,0.3489369
5,53,20,0.0024009997,0.09212964,0.050437696,0.030251667,0.01144028,0.11229169,0.0035674518,6.6182523,0.38135275,9.112962,-0.25876594,0.22458339,0.0071349037,0.17393006,0.010022096,0.106959246,-0.0030371482,253.6,254.38077,339.87527,-0.12258682,14.072141,0.47112685
5,54,20,0.0024009997,0.09118375,0.047051534,0.03169108,0.012441136,0.10845683,-0.0077455207,6.773875,0.36454973,9.50323,-0.54560095,0.21691366,-0.015491041,0.1780199,0.009580499,0.11153984,-0.006403742,253.64883,254.56064,340.77625,0.18105122,14.072141,0.39387473
5,55,20,0.0024009997,0.10141159,0.05516322,0.03424822,0.012000151,0.117434256,-0.0059970026,7.041865,0.53921,9.333285,-0.40971977,0.23486851,-0.011994005,0.18506275,0.014170635,0.1095452,-0.004808898,253.61482,254.44977,340.77792,-0.12949026,14.072141,0.35684758
5,56,20,0.0024009997,0.09175136,0.047213208,0.032416124,0.012122027,0.108643,-0.0005961777,6.850925,0.453281,9.380561,-0.47043756,0.217286,-0.0011923554,0.18004479,0.0119123915,0.110100076,-0.0055215503,253.4895,253.89137,339.73914,0.017156571,14.072141,0.45059642
5,57,20,0.0024009997,0.09368348,0.05006987,0.031500127,0.012113482,0.11188149,-0.010504766,6.7534366,0.33200812,9.3772545,-0.6788494,0.22376297,-0.021009533,0.17748275,0.008725282,0.110061266,-0.007967689,253.42444,253.4654,339.81143,0.34684128,14.0708475,0.4157368
5,58,20,0.0024009997,0.09842762,0.054100327,0.032660022,0.011667278,0.11629739,-0.007424464,6.8766494,0.45898777,9.202927,-0.454752,0.23259477,-0.014848928,0.18072084,0.012062361,0.10801517,-0.0053374423,253.37204,253.18056,339.2921,-0.0042357743,14.0708475,0.41422457
5,59,20,0.0024009997,0.08992003,0.0478499,0.030088767,0.011981357,0.1093731,-0.000974874,6.600409,0.3486524,9.325974,-0.27134103,0.2187462,-0.001949748,0.17346114,0.00916271,0.109459385,-0.0031847423,253.31558,252.9165,338.4251,-0.07731137,14.0708475,1.4979436
5,60,20,0.0024009997,0.09411752,0.051725965,0.030305065,0.012086499,0.113716714,-0.008968028,6.62409,0.5067643,9.366805,-0.4299889,0.22743343,-0.017936056,0.1740835,0.013317956,0.109938614,-0.005046801,253.31027,252.81143,338.8821,-0.0767754,14.0708475,0.6655717
5,61,20,0.0024009997,0.09501612,0.052574832,0.03098327,0.011458023,0.11464601,-0.008646668,6.6978025,0.5944585,9.120028,-0.24720494,0.22929202,-0.017293336,0.17602065,0.0156225795,0.107042156,-0.0029014554,253.26537,252.67007,338.65878,-0.34725356,14.0694685,0.35632443
5,62,20,0.0024009997,0.08862912,0.046100266,0.031078098,0.011450751,0.107354864,-0.00444192,6.7080445,0.34496608,9.117131,-0.33369344,0.21470973,-0.00888384,0.17628981,0.00906583,0.10700818,-0.0039165756,253.19186,252.39563,337.88177,-0.011272639,14.0694685,1.4341984
5,63,20,0.0024009997,0.08841057,0.04504734,0.03133001,0.012033227,0.10612179,-0.012633673,6.735176,0.31216624,9.34614,-0.5137492,0.21224359,-0.025267346,0.17700286,0.008203841,0.10969607,-0.006029896,253.22699,252.50243,338.43686,0.20158294,14.0694685,0.39997864
5,64,20,0.0024009997,0.089738674,0.04679339,0.031354498,0.0115907835,0.1081589,-0.005946605,6.7378087,0.3098594,9.172709,-0.42183414,0.2163178,-0.01189321,0.17707202,0.008143218,0.1076605,-0.0049510864,253.28888,252.79683,338.9595,0.111974746,14.0694685,0.4327917
5,65,20,0.0024009997,0.08200697,0.042669803,0.028265204,0.0110719595,0.10328335,-0.003159854,6.3972707,-0.13912687,8.965065,-0.45678973,0.2065667,-0.006319708,0.16812259,-0.0036563152,0.10522338,-0.0053613633,253.25284,252.6773,338.4453,0.5959166,14.068055,0.37967196
5,66,20,0.0024009997,0.08717112,0.04754125,0.02863071,0.010999164,0.10901978,-0.010825025,6.4385004,-0.11203773,8.935546,-0.55751175,0.21803956,-0.02165005,0.16920611,-0.0029443924,0.1048769,-0.0065435446,253.24423,252.53143,338.90787,0.66954947,14.068055,0.40957516
5,67,20,0.0024009997,0.090393595,0.050088096,0.029402534,0.010902962,0.11190185,-0.005126997,6.5247087,-0.08157349,8.896382,-0.4385231,0.2238037,-0.010253994,0.17147167,-0.0021437805,0.10441725,-0.005146966,253.25739,252.59851,338.9766,0.5200966,14.068055,0.44776732
5,68,20,0.0024009997,0.08220129,0.04346831,0.02741274,0.011320237,0.104245275,-0.00055031764,6.300063,-0.23110352,9.065023,-0.5262602,0.20849055,-0.0011006353,0.16556793,-0.0060734847,0.1063966,-0.0061767427,253.23698,252.57999,338.12222,0.75736374,14.068055,0.5284581
5,69,20,0.0024009997,0.08383272,0.045480125,0.027180519,0.011172078,0.10663035,-0.008557806,6.273321,-0.38852105,9.005507,-0.6218671,0.2132607,-0.017115612,0.16486515,-0.010210473,0.10569805,-0.0072988844,253.27655,252.74709,338.60025,1.0103881,14.066648,0.43751162
5,70,20,0.0024009997,0.08261747,0.044578638,0.027531065,0.010507768,0.10556827,-0.004364006,6.313645,-0.20519072,8.733663,-0.3642204,0.21113653,-0.008728012,0.16592488,-0.005392489,0.102507405,-0.0042748693,253.28967,252.81317,338.72617,0.56941116,14.066648,0.4582773
5,71,20,0.0024009997,0.076704465,0.03950317,0.026324626,0.0108766705,0.09937702,-0.0013788693,6.1737614,-0.23426032,8.88565,-0.39481726,0.19875404,-0.0027577386,0.16224866,-0.006156447,0.104291275,-0.004633988,253.26642,252.74419,338.22467,0.62907755,14.066648,0.44808984
5,72,20,0.0024009997,0.084254265,0.045212176,0.027735809,0.011306277,0.10631578,-0.0075268126,6.337079,-0.31341746,9.059433,-0.66247445,0.21263155,-0.015053625,0.16654071,-0.008236726,0.106330976,-0.007775492,253.25221,252.65175,338.53317,0.97589195,14.066648,0.4240809
5,73,20,0.0024009997,0.08325071,0.048133172,0.023898896,0.011218646,0.109696366,-0.0057723015,5.882441,-0.2654436,9.024257,-0.5233105,0.21939273,-0.011544603,0.15459268,-0.0069759544,0.10591811,-0.0061421213,253.21854,252.46574,338.3219,0.7887541,14.065283,0.65890783
5,74,20,0.0024009997,0.07359613,0.038978662,0.02361369,0.011003775,0.098715074,0.00097187044,5.847236,-0.38573617,8.937419,-0.46551925,0.19743015,0.0019437409,0.15366746,-0.010137279,0.10489888,-0.00546382,253.16849,252.18044,337.59402,0.8512554,14.065283,0.45497265
5,75,20,0.0024009997,0.076813206,0.04311859,0.023425965,0.01026865,0.10382508,-0.0082832705,5.8239474,-0.6006743,8.633718,-0.5040787,0.20765015,-0.016566541,0.15305543,-0.01578594,0.10133435,-0.005916394,253.21857,252.3571,338.2152,1.104753,14.065283,0.38652366
5,76,20,0.0024009997,0.07643925,0.040876172,0.02476037,0.010802702,0.101089284,-0.0032271554,5.9875236,-0.45274723,8.855384,-0.333524,0.20217857,-0.006454311,0.15735428,-0.011898364,0.10393605,-0.003914585,253.22755,252.48917,338.21835,0.7862712,14.065283,0.38314515
5,77,20,0.0024009997,0.06881209,0.0336179,0.024508286,0.010685901,0.09167592,0.0020808778,5.9569664,-0.40977338,8.807383,-0.26753777,0.18335184,0.0041617556,0.15655123,-0.010768993,0.10337263,-0.0031401035,253.16736,252.31053,337.3936,0.6773112,14.063915,0.31331566
5,78,20,0.0024009997,0.07451429,0.042468958,0.022158593,0.0098867435,0.10303999,-0.00556126,5.6642146,-0.14119643,8.471647,-0.3713703,0.20607997,-0.01112252,0.14885762,-0.0037106841,0.0994321,-0.004358791,253.14462,252.13832,337.66055,0.5125667,14.063915,0.32317358
5,79,20,0.0024009997,0.072127044,0.040867954,0.021405343,0.009853745,0.10107912,-0.003264465,5.567109,0.06500814,8.457498,-0.47072035,0.20215824,-0.00652893,0.14630565,0.0017084377,0.09926603,-0.0055248654,253.09557,251.9379,337.5113,0.40571222,14.063915,0.29403925
5,80,20,0.0024009997,0.06504394,0.033339884,0.021114476,0.01058958,0.09129606,0.0007247806,5.529156,-0.03935303,8.767597,-0.72313946,0.18259212,0.0014495612,0.14530821,-0.001034214,0.10290568,-0.008487519,253.03192,251.72722,336.8936,0.7624925,14.063915,0.2987417
5,81,20,0.0024009997,0.06981634,0.037207704,0.02196155,0.010647087,0.09644649,-0.0076669888,5.6389756,-0.0852386,8.791372,-0.9467923,0.19289298,-0.0153339775,0.1481943,-0.002240099,0.10318472,-0.011112546,253.01358,251.54881,337.1777,1.0320309,14.062605,0.28319442
5,82,20,0.0024009997,0.06722396,0.03557552,0.021550247,0.01009819,0.09430737,-0.004986082,5.585921,-0.1337342,8.561759,-0.68346065,0.18861474,-0.009972164,0.14680003,-0.003514591,0.10048975,-0.008021808,252.98557,251.44257,337.04697,0.8171948,14.062605,0.35063285
5,83,20,0.0024009997,0.067250066,0.035272323,0.021334857,0.010642883,0.09390464,-0.0004046715,5.5579357,-0.21256742,8.789637,-0.78874636,0.18780927,-0.000809343,0.14606456,-0.0055863494,0.10316435,-0.009257552,252.91606,251.13943,336.1654,1.0013138,14.062605,0.3127157
5,84,20,0.0024009997,0.069112554,0.03730314,0.02136473,0.010444685,0.096570104,-0.0070485184,5.5618253,-0.3354788,8.707408,-0.80260354,0.19314021,-0.014097037,0.14616679,-0.008816507,0.10219924,-0.009420195,252.88799,250.90303,336.49042,1.1380824,14.062605,0.35370362
5,85,20,0.0024009997,0.06757753,0.038361832,0.019652527,0.009563175,0.097930886,-0.00081848435,5.3343053,-0.45355648,8.331864,-0.56555295,0.19586177,-0.0016369687,0.14018747,-0.011919631,0.097791485,-0.0066379206,252.8383,250.63902,336.20786,1.0191095,14.06131,0.44458306
5,86,20,0.0024009997,0.06693866,0.03654164,0.020428155,0.0099688675,0.09557934,0.0023977533,5.438552,-0.66616637,8.50676,-0.6316605,0.19115868,0.0047955066,0.1429271,-0.017507097,0.09984422,-0.007413829,252.79109,250.50789,335.47324,1.2978269,14.06131,0.3922859
5,87,20,0.0024009997,0.065890394,0.03548728,0.020089123,0.010313992,0.09419034,-0.004286844,5.393233,-0.49834898,8.65276,-0.7871042,0.18838067,-0.008573688,0.1417361,-0.013096794,0.10155783,-0.009238278,252.77898,250.42845,335.6614,1.2854532,14.06131,0.38367978
5,88,20,0.0024009997,0.07055194,0.041257568,0.019504836,0.009789537,0.101559795,0.0013231491,5.314224,-0.22225004,8.429897,-0.5371036,0.20311959,0.0026462981,0.13965972,-0.0058408133,0.098942086,-0.006304009,252.75662,250.34209,335.46408,0.75935364,14.06131,0.31060424
5,89,20,0.0024009997,0.06087627,0.030928638,0.019782243,0.010165389,0.0879327,0.006730366,5.3518806,-0.10399681,8.590199,-0.75674087,0.1758654,0.013460732,0.14064936,-0.002733073,0.10082355,-0.0088819,252.71365,250.17148,334.89536,0.8607377,14.060061,0.33095276
5,90,20,0.0024009997,0.0717193,0.041975416,0.018536486,0.011207394,0.102439515,-0.0016938478,5.1806273,-0.108169675,9.01973,-1.0385854,0.20487903,-0.0033876956,0.13614877,-0.0028427388,0.10586498,-0.012189926,252.67993,249.95503,335.15674,1.1467551,14.060061,0.5276308
5,91,20,0.0024009997,0.071318634,0.040885482,0.020064268,0.010368883,0.101100795,0.0015042794,5.3898954,-0.32622966,8.675753,-0.7892285,0.20220159,0.0030085589,0.1416484,-0.008573434,0.10182771,-0.009263212,252.64514,249.86111,334.86108,1.1154581,14.060061,0.6607195
5,92,20,0.0024009997,0.07219104,0.040570688,0.021308612,0.010311737,0.10071083,0.0052720536,5.554517,-0.47605938,8.651813,-0.942904,0.20142166,0.010544107,0.1459747,-0.012511009,0.10154672,-0.011066906,252.62476,249.81377,334.2208,1.4189634,14.060061,0.66914904
5,93,20,0.0024009997,0.068570085,0.04080422,0.017714532,0.010051335,0.10100027,0.00043338205,5.064464,-0.12521555,8.541873,-1.205791,0.20200054,0.0008667641,0.13309595,-0.003290711,0.100256346,-0.0141524235,252.65732,249.87843,334.72592,1.3310065,14.058863,0.6781746
5,94,20,0.0024009997,0.06575146,0.039789367,0.01594803,0.010014065,0.09973636,0.0040737973,4.805319,-0.0019050753,8.526021,-1.1188953,0.19947273,0.0081475945,0.12628551,-5.006429e-5,0.1000703,-0.013132527,252.65875,249.92088,334.89584,1.1208004,14.058863,0.6846638
5,95,20,0.0024009997,0.061004,0.03421294,0.016038828,0.010752234,0.0924837,0.0056893933,4.818978,-0.2403613,8.834675,-1.2860608,0.1849674,0.0113787865,0.12664449,-0.0063167834,0.10369298,-0.015094553,252.63364,249.87042,334.38565,1.5264221,14.058863,0.6307783
5,96,20,0.0024009997,0.069139615,0.04434709,0.014968511,0.009824019,0.10529374,0.00021703285,4.6554103,-0.33010098,8.444731,-1.2353072,0.21058749,0.0004340657,0.122345865,-0.008675173,0.09911619,-0.014498855,252.65947,249.96378,335.06723,1.5654082,14.058863,0.6861973
5,97,20,0.0024009997,0.0677505,0.042956553,0.015139884,0.009654057,0.10362981,0.009117664,4.6819844,-0.099545754,8.371363,-0.9733884,0.20725963,0.018235328,0.12304424,-0.0026160982,0.09825506,-0.011424702,252.61168,249.7725,334.77386,1.0729342,14.05771,0.670566
5,98,20,0.0024009997,0.065724656,0.03879784,0.01668649,0.010240326,0.098485835,0.013284221,4.915313,-0.24435563,8.621802,-0.9895833,0.19697167,0.026568443,0.1291762,-0.006421755,0.10119449,-0.011614784,252.50835,249.36525,333.80524,1.2339389,14.05771,0.4866348
5,99,20,0.0024009997,0.065125346,0.03899931,0.016230956,0.009895078,0.09874122,0.0063282573,4.8477554,-0.36202517,8.475216,-0.944361,0.19748244,0.0126565145,0.12740077,-0.009514157,0.099474005,-0.011084009,252.46242,249.07967,333.84982,1.3063861,14.05771,0.4718184
5,100,20,0.0024009997,0.06725438,0.037683092,0.019196453,0.010374833,0.097060665,0.010250059,5.2720456,-0.29766092,8.678243,-0.75765264,0.19412133,0.020500118,0.13855127,-0.007822637,0.101856925,-0.008892601,252.4257,248.92247,333.57324,1.0553136,14.05771,0.55731374
