ic,traj,n_steps,eta,loss_total,loss_T,loss_olw,loss_slwd,rmse_T,bias_T,rmse_olw,bias_olw,rmse_slwd,bias_slwd,nrmse_T,nbias_T,nrmse_olw,nbias_olw,nrmse_slwd,nbias_slwd,mean_T,mean_olw,mean_slwd,bias_C,pnorm,gnorm
1,1,10,0.01,1.0107787,0.23838887,0.52305317,0.24933666,0.24412541,-0.02338214,25.80569,10.397777,41.46153,-31.728062,0.48825082,-0.04676428,0.72322416,0.29140562,0.4993362,-0.3821126,253.25781,259.4688,352.92984,21.330284,17.248442,4.4020953
1,2,10,0.01,0.98266363,0.23510136,0.50714314,0.24041913,0.24243626,-0.021569686,25.410183,9.384046,40.713337,-30.71991,0.48487252,-0.043139372,0.71213984,0.26299497,0.49032554,-0.369971,253.27588,259.24216,353.79593,21.335865,17.248442,4.2575274
1,3,10,0.01,0.41929772,0.14762515,0.17335398,0.09831861,0.19211009,0.01708168,14.856257,-6.8006334,26.035748,-18.66643,0.38422018,0.03416336,0.416358,-0.19059293,0.31355798,-0.2248066,253.26732,258.9996,354.1946,25.467064,17.247652,1.6015004
1,4,10,0.01,0.38215792,0.11392762,0.17472996,0.09350033,0.16876583,0.027230203,14.915102,-6.9105177,25.389769,-18.384186,0.33753166,0.054460406,0.41800714,-0.19367251,0.30577824,-0.22140746,253.20183,258.72342,352.68134,25.294704,17.247652,1.5364599
1,5,10,0.01,0.29785156,0.14005226,0.12762637,0.03017293,0.18711779,0.06697058,12.747141,-4.5140367,14.423177,-4.3596973,0.37423557,0.13394116,0.35724834,-0.1265093,0.17370357,-0.052505422,253.24535,258.64575,353.45493,8.8737335,17.249983,1.4151117
1,6,10,0.01,0.26403624,0.11258503,0.12105262,0.03039858,0.16776846,0.055484585,12.414513,-3.7389083,14.477009,-4.0433135,0.33553693,0.11096917,0.34792617,-0.10478576,0.17435189,-0.048695102,253.30183,258.62033,353.8246,7.782222,17.249983,1.1313438
1,7,10,0.01,0.2674867,0.16213854,0.07293181,0.032416355,0.20133215,0.06160044,9.636094,1.3050696,14.94976,4.890208,0.4026643,0.12320088,0.2700589,0.036575574,0.18004543,0.058894534,253.30193,258.55725,352.1194,-6.195277,17.253302,1.3377426
1,8,10,0.01,0.26499742,0.15992627,0.06980712,0.035264045,0.19995391,0.062195893,9.42741,1.5026346,15.59259,5.3458652,0.39990783,0.12439179,0.26421037,0.042112485,0.18778723,0.064382195,253.34814,258.44327,352.4452,-6.8485,17.253302,1.2874804
1,9,10,0.01,0.17223138,0.06927332,0.068990506,0.033967547,0.13159913,0.009489868,9.372107,2.8736165,15.303271,7.825179,0.26319826,0.018979736,0.26266044,0.08053531,0.18430287,0.09424148,253.41393,258.5298,352.98303,-10.698795,17.257915,0.9307725
1,10,10,0.01,0.16646707,0.07681594,0.054838642,0.034812488,0.13857844,0.021253398,8.355759,2.519893,15.492435,8.398426,0.2771569,0.042506795,0.23417652,0.07062192,0.18658105,0.10114529,253.43475,258.60062,351.77707,-10.918319,17.257915,0.95230585
1,11,10,0.01,0.13719667,0.060425457,0.049431,0.02734022,0.12290795,-0.019240841,7.933088,-0.08801123,13.729452,7.670541,0.2458159,-0.038481683,0.22233084,-0.0024665834,0.16534878,0.092379116,253.50107,258.7121,352.4065,-7.5825295,17.26349,0.52706087
1,12,10,0.01,0.15714246,0.07738712,0.053072315,0.026683038,0.1390927,-0.028841471,8.220089,0.047179192,13.563439,7.6089306,0.2781854,-0.057682943,0.23037429,0.0013222328,0.16334943,0.09163712,253.5608,258.83606,352.842,-7.65611,17.26349,0.65880316
1,13,10,0.01,0.14209302,0.07566072,0.045235343,0.021196958,0.13753247,-0.042927787,7.588946,-1.522362,12.088962,5.0657644,0.27506495,-0.08585557,0.21268602,-0.042665355,0.14559175,0.061008833,253.57597,258.8906,351.69003,-3.5434024,17.267664,0.7087043
1,14,10,0.01,0.14690854,0.08096504,0.04468924,0.021254258,0.14227179,-0.04196788,7.5429993,-0.9792932,12.1052885,5.1554227,0.28454357,-0.08393576,0.2113983,-0.027445441,0.1457884,0.062088627,253.65341,258.94897,352.33472,-4.1761293,17.267664,0.6921251
1,15,10,0.01,0.16263382,0.103413634,0.039188724,0.020031463,0.16078995,-0.059957642,7.0635514,-0.32967696,11.751912,1.8010821,0.3215799,-0.119915284,0.19796142,-0.00923945,0.14153256,0.021691082,253.73927,259.1618,352.83133,-1.4714051,17.26922,0.7904869
1,16,10,0.01,0.128394,0.069041446,0.04003646,0.019316096,0.1313787,-0.05078797,7.1395416,-0.37359032,11.540161,2.3160362,0.2627574,-0.10157594,0.20009112,-0.010470155,0.13898236,0.027892869,253.76413,259.28122,351.619,-1.9424459,17.26922,0.6203247
1,17,10,0.01,0.12393878,0.067676604,0.036811884,0.019450285,0.13007364,-0.044749588,6.845995,2.0212803,11.580176,-0.20038027,0.26014727,-0.089499176,0.19186424,0.056647923,0.13946427,-0.0024132535,253.82379,259.37573,352.24866,-1.8209,17.26876,0.49632195
1,18,10,0.01,0.13223472,0.078989066,0.034171402,0.019074252,0.14052497,-0.04888137,6.595898,2.0381525,11.467689,-0.10134703,0.28104994,-0.09776274,0.18485509,0.05712078,0.13810956,-0.0012205562,253.8167,259.17468,352.29636,-1.9368055,17.26876,0.57931817
1,19,10,0.01,0.10873329,0.045172133,0.04578694,0.017774215,0.10626868,-0.02585584,7.635076,3.7831829,11.069995,-1.584428,0.21253736,-0.05171168,0.21397883,0.106026605,0.13331997,-0.019081848,253.75496,258.94043,350.82663,-2.1987548,17.267273,0.57174194
1,20,10,0.01,0.12897894,0.051098134,0.0603178,0.017563006,0.11302448,-0.025937214,8.763252,4.2210083,11.004025,-1.4359626,0.22604896,-0.05187443,0.24559683,0.11829701,0.13252549,-0.017293818,253.77884,258.891,351.0944,-2.7850456,17.267273,0.6372858
1,21,10,0.01,0.11462003,0.05026195,0.049122203,0.015235875,0.112095885,-0.019799855,7.9082704,3.0678298,10.2491045,-1.8249284,0.22419177,-0.03959971,0.2216353,0.085978284,0.12343369,-0.02197827,253.83733,258.9425,351.81345,-1.2429014,17.265385,0.49484056
1,22,10,0.01,0.09900154,0.04103994,0.042913627,0.015047971,0.10129158,-0.00889902,7.3916287,3.1201856,10.185707,-1.3031039,0.20258316,-0.01779804,0.20715605,0.08744558,0.12267017,-0.015693748,253.848,258.99707,350.66586,-1.8170817,17.265385,0.55539674
1,23,10,0.01,0.10279119,0.054331914,0.035825096,0.01263418,0.116546035,0.0077343658,6.753613,1.4233336,9.333096,-0.30903426,0.23309207,0.0154687315,0.18927519,0.039890014,0.112401865,-0.0037218062,253.93611,259.20004,351.29675,-1.1142994,17.26353,0.4068728
1,24,10,0.01,0.103984706,0.04731016,0.04381057,0.012863982,0.10875449,-0.0015249526,7.468476,0.7106466,9.417592,-0.332579,0.21750899,-0.0030499052,0.20930974,0.01991641,0.113419496,-0.0040053665,254.02245,259.51538,351.9712,-0.37806764,17.26353,0.3290975
1,25,10,0.01,0.10111449,0.0484765,0.04184104,0.010796949,0.110086896,0.017163834,7.2986717,-1.1982841,8.627853,0.87170935,0.22017379,0.034327667,0.20455083,-0.033582833,0.10390837,0.010498314,254.02667,259.64972,350.60464,0.3265748,17.261726,0.38059244
1,26,10,0.01,0.10841979,0.06144164,0.036445636,0.010532512,0.12393712,0.01891627,6.8118534,-1.0282986,8.521542,1.010886,0.24787425,0.03783254,0.1909074,-0.028818851,0.10262803,0.012174469,254.11919,259.87888,351.54565,0.017412663,17.261726,0.35411987
1,27,10,0.01,0.10213712,0.05103313,0.0398522,0.011251794,0.11295257,0.015067228,7.123095,-2.9994137,8.807711,1.746107,0.22590514,0.030134456,0.19963016,-0.08406086,0.106074475,0.021029001,254.20573,260.16815,352.38474,1.2533067,17.259798,0.56276596
1,28,10,0.01,0.101632155,0.052576102,0.03719221,0.011863843,0.114647396,0.023937916,6.881269,-2.739381,9.04409,2.0030363,0.22929479,0.047875833,0.19285282,-0.076773256,0.10892127,0.0241233,254.18411,260.10632,351.14926,0.7363448,17.259798,0.47328833
1,29,10,0.01,0.105307095,0.06041329,0.033109937,0.01178387,0.122895576,0.02707084,6.4926457,-2.0457878,9.013556,2.0780084,0.24579115,0.05414168,0.18196136,-0.057334766,0.108553536,0.025026215,254.21165,259.9265,351.42224,-0.032220602,17.257639,0.407528
1,30,10,0.01,0.10598462,0.056798637,0.036246404,0.012939577,0.11916232,0.01890149,6.7932096,-2.4609723,9.445223,2.2489362,0.23832464,0.03780298,0.19038488,-0.068970636,0.11375226,0.027084747,254.22049,259.75888,351.5439,0.21203613,17.257639,0.47090086
1,31,10,0.01,0.08833383,0.045632966,0.030670775,0.012030085,0.10680937,0.027363656,6.2489195,-0.9600281,9.107234,1.6005712,0.21361874,0.054727312,0.17513074,-0.02690552,0.10968174,0.019276263,254.13934,259.4168,349.7195,-0.64054304,17.25522,0.2857165
1,32,10,0.01,0.093711756,0.051190645,0.030804787,0.01171633,0.11312675,0.024438998,6.2625566,-0.8731424,8.987687,1.278637,0.2262535,0.048877995,0.17551292,-0.024470486,0.108242,0.015399095,254.12909,259.19818,349.85275,-0.40549463,17.25522,0.2924733
1,33,10,0.01,0.091483414,0.04980113,0.03052696,0.011155322,0.111580834,0.013140682,6.2342515,0.48504844,8.769872,0.056219507,0.22316167,0.026281364,0.17471966,0.013593858,0.10561876,0.00067707564,254.13329,259.1358,350.19812,-0.54126793,17.252645,0.3106889
1,34,10,0.01,0.08519672,0.043907065,0.030417392,0.010872263,0.104770064,0.021549959,6.223054,0.5090476,8.657893,0.071078524,0.20954013,0.043099917,0.17440583,0.014266449,0.104270145,0.00085602026,254.08157,259.02078,348.88605,-0.58012617,17.252645,0.3111403
1,35,10,0.01,0.07531457,0.039431855,0.026574135,0.009308573,0.09928728,0.016103216,5.816639,1.1667198,8.011129,-1.0215813,0.19857456,0.03220643,0.16301575,0.032698207,0.09648094,-0.012303279,254.12701,259.07916,349.3214,-0.1451385,17.249979,0.3138114
1,36,10,0.01,0.07855272,0.038876817,0.029143052,0.010532857,0.09858602,0.008463346,6.0913014,0.8377079,8.521682,-0.81531507,0.19717205,0.016926693,0.17071337,0.023477405,0.102629706,-0.009819133,254.17792,259.2206,349.76944,-0.02239281,17.249979,0.2940725
1,37,10,0.01,0.0734933,0.03644232,0.026301524,0.010749456,0.09544936,0.013474715,5.786727,0.14075093,8.608855,-1.0051329,0.19089872,0.02694943,0.16217744,0.0039446545,0.10367958,-0.012105178,254.21324,259.4242,349.0847,0.86438197,17.247461,0.28052458
1,38,10,0.01,0.076857135,0.040938854,0.025348382,0.010569901,0.10116676,0.012797789,5.6809072,0.15787186,8.5366535,-0.849873,0.20233352,0.025595577,0.15921175,0.0044244826,0.102810025,-0.010235333,254.32451,259.77185,349.9331,0.69200116,17.247461,0.26278836
1,39,10,0.01,0.07733275,0.041765925,0.024540812,0.011026008,0.102183565,-0.0017718014,5.5896807,-0.86782485,8.718893,-1.3010217,0.20436713,-0.0035436028,0.15665507,-0.02432145,0.1050048,-0.015668679,254.3973,260.0112,350.34344,2.1688466,17.245325,0.24656177
1,40,10,0.01,0.07043379,0.033297643,0.026853252,0.010282895,0.09123821,0.0060201637,5.8471065,-0.9270519,8.419957,-1.0989069,0.18247642,0.012040327,0.16386962,-0.025981326,0.10140461,-0.013234536,254.375,259.97943,349.0637,2.0259588,17.245325,0.2937905
1,41,10,0.01,0.0798715,0.045218248,0.025295628,0.009357626,0.106322914,-0.0012311051,5.674993,-1.262707,8.032209,-0.93500364,0.21264583,-0.0024622101,0.159046,-0.035388336,0.09673482,-0.011260587,254.41138,259.95895,349.4647,2.1977105,17.24323,0.29057267
1,42,10,0.01,0.08785911,0.044996347,0.031920176,0.010942589,0.10606171,-0.011294315,6.374927,-1.3594502,8.685848,-1.0242639,0.21212342,-0.02258863,0.17866218,-0.038099628,0.10460683,-0.012335579,254.43663,259.9694,349.8952,2.3837142,17.24323,0.29289013
1,43,10,0.01,0.07266937,0.031833522,0.030858483,0.009977367,0.08920976,-0.007267523,6.2680116,-1.3389697,8.293925,-0.5931142,0.17841952,-0.014535046,0.17566583,-0.03752565,0.09988677,-0.0071430868,254.39317,259.84378,348.8089,1.9320838,17.240612,0.26886806
1,44,10,0.01,0.07703727,0.03891952,0.028058173,0.010059575,0.09864015,-0.007458683,5.976848,-1.4834228,8.328025,-0.2938267,0.1972803,-0.014917366,0.16750574,-0.041574053,0.10029743,-0.0035386556,254.43774,259.8666,349.48517,1.7772495,17.240612,0.26224428
1,45,10,0.01,0.08559721,0.046716597,0.02784207,0.011038539,0.10807011,-0.018499015,5.9537864,-0.69506884,8.723846,0.061160926,0.21614023,-0.03699803,0.16685943,-0.019479835,0.10506445,0.00073658273,254.50702,260.0675,350.1428,0.6339079,17.237528,0.22533129
1,46,10,0.01,0.06749565,0.027504852,0.029617772,0.010373029,0.082922935,-0.011990736,6.140712,-1.0416642,8.4567795,0.19946143,0.16584587,-0.023981472,0.17209814,-0.029193433,0.101848066,0.0024021901,254.50063,260.14862,349.10425,0.8422028,17.237528,0.20210554
1,47,10,0.01,0.07030631,0.037945673,0.023926243,0.008434395,0.097398244,-0.015996795,5.5192466,0.2454548,7.625691,0.44794053,0.19479649,-0.03199359,0.1546811,0.006879061,0.09183896,0.005394714,254.53369,260.15723,349.38824,-0.6933953,17.2343,0.26509556
1,48,10,0.01,0.07599698,0.042689905,0.024696127,0.008610948,0.10330768,-0.024858449,5.6073413,0.15302992,7.705089,0.14712016,0.20661536,-0.049716897,0.15715002,0.004288782,0.09279519,0.0017718197,254.51665,260.035,349.65787,-0.3001501,17.2343,0.33736444
1,49,10,0.01,0.06190095,0.03013751,0.024658576,0.0071048653,0.08680079,-0.01413505,5.6030755,0.77458715,6.998904,0.32492116,0.17360158,-0.0282701,0.1570305,0.021708392,0.08429036,0.003913143,254.42499,259.80008,348.18506,-1.0995083,17.230972,0.28405175
1,50,10,0.01,0.06807957,0.03401126,0.025179278,0.00888903,0.09221071,-0.014774881,5.661926,0.7266442,7.828514,0.5405753,0.18442142,-0.029549763,0.1586798,0.020364761,0.09428165,0.006510342,254.43004,259.6544,348.70782,-1.2672195,17.230972,0.30008113
1,51,10,0.01,0.07757993,0.040791616,0.027002284,0.009786035,0.10098467,-0.01775644,5.8633094,0.3280529,8.214018,0.7819766,0.20196934,-0.03551288,0.16432372,0.009193934,0.09892439,0.009417627,254.44705,259.62396,349.15482,-1.1100295,17.22774,0.25027162
1,52,10,0.01,0.06305676,0.023127856,0.029945761,0.009983146,0.076039225,-0.008495953,6.1746197,0.0974147,8.296328,0.99754053,0.15207845,-0.016991906,0.17304844,0.002730113,0.09991569,0.012013745,254.4201,259.61963,348.08054,-1.0949552,17.22774,0.17614321
1,53,10,0.01,0.06403389,0.029588446,0.025038432,0.009407009,0.08600646,-0.006071124,5.646068,-0.19230251,8.053376,1.3345984,0.17201293,-0.012142248,0.15823537,-0.0053894254,0.096989736,0.016073054,254.46315,259.65973,348.62717,-1.142296,17.224678,0.13291693
1,54,10,0.01,0.08039298,0.04069098,0.029004721,0.010697278,0.10086003,-0.010958483,6.076827,-0.26600012,8.587936,1.3404042,0.20172006,-0.021916967,0.17030773,-0.0074548563,0.10342765,0.016142968,254.47104,259.66922,348.66943,-1.074404,17.224678,0.14304197
1,55,10,0.01,0.067384556,0.027720623,0.030459354,0.009204579,0.08324756,0.0012801494,6.227344,-0.634073,7.966254,1.4318942,0.16649511,0.002560299,0.17452608,-0.017770385,0.09594049,0.017244823,254.39937,259.4177,347.31818,-0.79782116,17.221807,0.2558079
1,56,10,0.01,0.06854362,0.030361196,0.028708445,0.009473982,0.08712232,-0.0008481816,6.045711,-0.33212322,8.081993,1.5622965,0.17424464,-0.0016963632,0.16943567,-0.00930801,0.097334385,0.018815309,254.38774,259.18344,347.64236,-1.2301733,17.221807,0.236013
1,57,10,0.01,0.07617203,0.032438062,0.03248646,0.011247511,0.09005285,-0.002881169,6.4312253,-0.39135864,8.806034,1.3263282,0.1801057,-0.005762338,0.18024,-0.010968125,0.10605428,0.015973454,254.37352,259.01614,348.0641,-0.93496954,17.218893,0.22657979
1,58,10,0.01,0.06549871,0.023997504,0.0318046,0.009696607,0.07745564,0.004100038,6.3633747,-0.44539234,8.176398,1.1959258,0.15491128,0.008200076,0.17833844,-0.01248246,0.09847135,0.014402971,254.31941,258.85483,347.20798,-0.75053346,17.218893,0.29244056
1,59,10,0.01,0.06578099,0.026114332,0.030686839,0.008979822,0.08079965,0.0047098906,6.250555,0.4787933,7.868393,0.589898,0.1615993,0.009419781,0.17517659,0.013418551,0.09476192,0.007104358,254.3114,258.7372,347.55707,-1.0686913,17.215965,0.23677477
1,60,10,0.01,0.069627345,0.02929021,0.030945191,0.009391941,0.085571915,0.0018592263,6.2768116,0.25875738,8.046923,0.60950553,0.17114383,0.0037184525,0.17591245,0.007251871,0.09691203,0.0073404913,254.2819,258.54623,347.66998,-0.8682629,17.215965,0.22100852
1,61,10,0.01,0.052990124,0.02121176,0.023917347,0.007861019,0.07282129,0.010182324,5.5182204,1.007292,7.3619285,0.19232965,0.14564258,0.020364648,0.15465234,0.028230133,0.088662386,0.002316295,254.17783,258.141,346.26373,-1.1996217,17.213322,0.19223069
1,62,10,0.01,0.056580923,0.024732245,0.024564661,0.0072840145,0.078632444,0.006677751,5.5923963,1.0955622,7.086595,-0.095165834,0.15726489,0.013355502,0.15673117,0.030703966,0.08534644,-0.0011461155,254.127,257.8158,346.07773,-1.0003964,17.213322,0.20198411
1,63,10,0.01,0.06276178,0.031081019,0.02420816,0.0074726073,0.08814905,0.0025474417,5.5516677,0.74901664,7.1777487,-0.35414279,0.1762981,0.0050948835,0.15558971,0.020991763,0.086444244,-0.0042650714,254.08109,257.50476,346.2555,-0.39487386,17.211163,0.2566108
1,64,10,0.01,0.055072453,0.022383241,0.024772447,0.007916767,0.07480515,0.009669377,5.6159987,0.5529179,7.387987,-0.07554025,0.1496103,0.019338753,0.15739265,0.015495942,0.08897622,-0.00090975716,254.02269,257.35168,345.2206,-0.47737765,17.211163,0.20435564
1,65,10,0.01,0.05682833,0.025800921,0.023349442,0.007677969,0.080313325,0.0085122585,5.4523134,-0.26241627,7.2757106,-0.19803233,0.16062665,0.017024517,0.15280524,-0.007354416,0.08762402,-0.002384978,254.0313,257.2477,345.52225,0.46044862,17.20955,0.18354109
1,66,10,0.01,0.06255824,0.032164674,0.02278947,0.0076040975,0.089672565,0.004719731,5.386537,-0.40237045,7.2406244,-0.37762597,0.17934513,0.009439462,0.15096182,-0.011276739,0.087201476,-0.004547885,254.0425,257.10504,345.718,0.7799964,17.20955,0.23662691
1,67,10,0.01,0.047790702,0.021781132,0.019067049,0.0069425227,0.07379216,0.0110426145,4.9270196,-1.218931,6.918482,-0.4694466,0.14758432,0.022085229,0.13808349,-0.03416147,0.0833218,-0.0056537148,254.03563,257.19302,344.58154,1.6883776,17.208504,0.20871048
1,68,10,0.01,0.051326055,0.025508676,0.018846044,0.0069713327,0.07985718,0.010991906,4.8983817,-1.1952358,6.9328227,-0.36561754,0.15971436,0.021983812,0.1372809,-0.033497397,0.08349451,-0.00440326,254.10568,257.41647,345.44302,1.5608534,17.208504,0.19722985
1,69,10,0.01,0.049750865,0.025004387,0.018125359,0.00662112,0.07906388,0.004863777,4.8038106,-1.2609962,6.75644,-0.63371086,0.15812775,0.009727554,0.13463046,-0.035340387,0.081370264,-0.007632009,254.07674,257.24368,345.63037,1.8947071,17.207531,0.21878235
1,70,10,0.01,0.047413036,0.02304402,0.018293314,0.0060757007,0.075901285,0.010867407,4.8260155,-1.0865166,6.472177,-0.7414627,0.15180257,0.021734813,0.13525277,-0.030450461,0.07794678,-0.008929704,253.94553,256.7446,344.14212,1.8279793,17.207531,0.21443819
1,71,10,0.01,0.0441387,0.021970715,0.016302587,0.005865396,0.07411261,0.0068763676,4.555865,-0.23080035,6.3591757,-1.1262248,0.14822522,0.013752735,0.12768158,-0.0064683584,0.076585874,-0.013563531,253.91028,256.43726,344.31564,1.3570251,17.206436,0.15421271
1,72,10,0.01,0.047651567,0.026071953,0.015818195,0.005761418,0.08073406,0.0021463677,4.4876704,-0.41592607,6.302558,-1.0978416,0.16146812,0.0042927354,0.1257704,-0.011656646,0.075904004,-0.013221708,253.89977,256.27295,344.54443,1.5137677,17.206436,0.15878773
1,73,10,0.01,0.037459075,0.01854455,0.013656551,0.0052579762,0.06808919,0.006636539,4.1697793,0.5122976,6.0209007,-1.0525929,0.13617837,0.013273078,0.11686125,0.014357529,0.072511904,-0.01267676,253.86249,256.21164,343.57678,0.5402953,17.205387,0.14996259
1,74,10,0.01,0.038758587,0.018369425,0.015300593,0.005088567,0.06776693,0.0057682144,4.4136376,0.6167765,5.923112,-1.2856355,0.13553385,0.011536429,0.12369557,0.017285632,0.07133419,-0.015483375,253.89095,256.2194,343.90265,0.66885895,17.205387,0.14456695
1,75,10,0.01,0.040478278,0.02028725,0.015377023,0.0048140064,0.07121666,-0.002146049,4.4246473,0.9126471,5.7611012,-1.1178964,0.14243332,-0.004292098,0.124004126,0.025577633,0.06938304,-0.013463235,253.88991,256.17166,343.87527,0.20524931,17.20439,0.19552985
1,76,10,0.01,0.035303295,0.015164905,0.015486775,0.004651612,0.061572935,0.0051186746,4.4404097,0.8936852,5.6630964,-1.0279562,0.12314587,0.010237349,0.12444587,0.025046209,0.06820273,-0.01238005,253.81444,255.98631,342.8517,0.13427103,17.20439,0.20094582
1,77,10,0.01,0.039822847,0.018613888,0.016410822,0.0047981357,0.06821636,-0.00089216727,4.5709634,0.4891843,5.7515974,-0.71608835,0.13643272,-0.0017843345,0.12810473,0.013709764,0.06926858,-0.00862411,253.80106,255.8038,343.2829,0.22690406,17.20338,0.14764446
1,78,10,0.01,0.042190537,0.021575416,0.015651539,0.0049635856,0.07344286,-0.0037578254,4.463968,0.443823,5.8499207,-0.92259353,0.14688572,-0.0075156507,0.12510611,0.012438478,0.07045272,-0.011111131,253.76968,255.56747,343.45215,0.47877052,17.20338,0.1650139
1,79,10,0.01,0.030069664,0.012523605,0.013416393,0.0041296673,0.055954456,-0.0007179731,4.132953,-0.28565976,5.3359246,-0.17563993,0.11190891,-0.0014359462,0.115829155,-0.008005833,0.06426249,-0.0021152978,253.71173,255.46019,342.7208,0.4612997,17.202065,0.1412132
1,80,10,0.01,0.03379016,0.015449309,0.014303872,0.004036978,0.062147625,-0.002418283,4.2674594,-0.0026777321,5.2757034,-0.322261,0.12429525,-0.004836566,0.1195988,-7.504661e-5,0.06353722,-0.003881106,253.68292,255.20398,342.98737,0.32493874,17.202065,0.13506062
1,81,10,0.01,0.03514176,0.018387077,0.012942754,0.0038119238,0.06779948,-0.0058396747,4.059344,-0.35457325,5.126539,-0.07077905,0.13559896,-0.0116793495,0.11376622,-0.009937187,0.06174078,-0.0008524176,253.59608,254.71544,342.55453,0.4253523,17.200243,0.17562152
1,82,10,0.01,0.029902767,0.013406572,0.012717307,0.00377889,0.057893377,0.0006328936,4.0238347,-0.18832178,5.1042776,-0.049031597,0.11578675,0.0012657872,0.112771034,-0.0052778614,0.061472677,-0.000590505,253.47731,254.30019,341.21393,0.23735338,17.200243,0.1429564
1,83,10,0.01,0.034483425,0.017440947,0.013210748,0.0038317277,0.06603209,-0.000275012,4.1011558,0.28548384,5.139838,-0.31688622,0.13206418,-0.000550024,0.11493802,0.008000903,0.06190095,-0.0038163753,253.45546,254.12273,341.65057,0.03140238,17.197945,0.13357641
1,84,10,0.01,0.03288844,0.017821398,0.011101033,0.003966009,0.0667484,-0.002942599,3.7594495,0.107106395,5.229125,-0.375718,0.1334968,-0.005885198,0.10536144,0.0030017372,0.062976256,-0.004524909,253.41185,253.87708,341.74026,0.2686116,17.197945,0.12208998
1,85,10,0.01,0.026959673,0.011552872,0.01158092,0.0038258815,0.053742144,0.004582151,3.8398483,0.35317624,5.135916,-0.17449328,0.10748429,0.009164302,0.10761468,0.009898035,0.06185371,-0.0021014868,253.3117,253.47716,340.56708,-0.17868295,17.195467,0.15916811
1,86,10,0.01,0.03247339,0.014520601,0.014306774,0.0036460122,0.06025073,0.0028968537,4.267892,0.4760804,5.013734,-0.5190871,0.12050146,0.0057937074,0.11961093,0.013342519,0.060382217,-0.0062515545,253.27539,253.21233,340.34177,0.04300669,17.195467,0.1740293
1,87,10,0.01,0.031972006,0.01590341,0.012717358,0.0033512393,0.06305436,0.000871377,4.023843,-0.18845849,4.8067875,-0.4770641,0.12610872,0.001742754,0.112771265,-0.0052816924,0.05788989,-0.005745458,253.26346,253.11308,340.1167,0.6655226,17.192818,0.105382696
1,88,10,0.01,0.029227149,0.012366672,0.013581547,0.0032789307,0.05560277,0.0062546795,4.158313,-0.0866491,4.7546473,-0.4006362,0.11120554,0.012509359,0.116539896,-0.002428404,0.057261948,-0.004825007,253.22429,253.02644,339.32498,0.4872853,17.192818,0.12043721
1,89,10,0.01,0.03162392,0.013086872,0.015214258,0.0033227892,0.057198934,0.0032928658,4.4011674,-0.27019772,4.7863398,-0.3451297,0.11439787,0.0065857316,0.12334609,-0.007572497,0.05764364,-0.004156521,253.26851,253.16754,340.2617,0.6153274,17.189642,0.07849986
1,90,10,0.01,0.029723223,0.014093181,0.012845055,0.0027849851,0.059357353,-0.00021238794,4.0439944,-0.5801292,4.3819113,-0.25777334,0.118714705,-0.00042477588,0.11333603,-0.016258568,0.052772958,-0.0031044595,253.27544,253.19026,340.7827,0.83790255,17.189642,0.12622008
1,91,10,0.01,0.025899174,0.01127123,0.011891388,0.0027365552,0.053083025,0.0050760154,3.8909786,-0.38211215,4.343645,-0.14906217,0.10616605,0.010152031,0.109047644,-0.010708983,0.052312095,-0.0017952094,253.18372,252.88165,339.59372,0.5311743,17.185772,0.13809179
1,92,10,0.01,0.028668858,0.013065063,0.012549479,0.0030543176,0.057151254,0.0036677043,3.997196,-0.16946393,4.5889077,-0.24110603,0.11430251,0.0073354086,0.112024456,-0.0047493554,0.05526588,-0.0029037273,253.12228,252.47925,339.66605,0.41056997,17.185772,0.11682245
1,93,10,0.01,0.028019132,0.013019382,0.012123483,0.0028762666,0.057051253,0.00072106626,3.928767,0.0026477852,4.4531446,-0.52382284,0.114102505,0.0014421325,0.11010669,7.4205076e-5,0.053630836,-0.006308588,253.06892,252.10405,339.4232,0.5211751,17.181213,0.12207562
1,94,10,0.01,0.0255943,0.011453829,0.011139915,0.0030005556,0.05351128,0.00642291,3.7660275,0.08606639,4.5483403,-0.5056332,0.10702256,0.01284582,0.1055458,0.0024120759,0.054777328,-0.006089525,252.98868,251.85442,338.38107,0.41956678,17.181213,0.100716166
1,95,10,0.01,0.028887158,0.010892922,0.0148501275,0.00314411,0.05218458,0.004123111,4.3481812,0.54775643,4.655873,-0.6294748,0.10436916,0.008246222,0.1218611,0.015351291,0.056072365,-0.007580994,252.98654,251.78639,338.85062,0.081718385,17.176016,0.119770944
1,96,10,0.01,0.029226672,0.012347876,0.013863683,0.0030151114,0.0555605,0.0028315217,4.201282,0.39334276,4.55936,-0.66379267,0.111121,0.0056630434,0.11774414,0.011023731,0.05491003,-0.007994298,252.98404,251.67307,338.90845,0.2704499,17.176016,0.12529564
1,97,10,0.01,0.028005438,0.011684403,0.013250997,0.003070037,0.05404721,0.007036538,4.107398,0.5752884,4.600701,-0.236825,0.10809442,0.014073076,0.115112975,0.016122898,0.055407915,-0.0028521698,252.97661,251.71127,338.2324,-0.33846343,17.170311,0.14214696
1,98,10,0.01,0.032882757,0.01248097,0.017097395,0.0033043902,0.05585913,0.0059381025,4.6656,0.6464108,4.773071,-0.39834,0.11171826,0.011876205,0.130757,0.018116156,0.057483826,-0.004797352,252.99806,251.75598,338.8044,-0.24807084,17.170311,0.16786957
1,99,10,0.01,0.033312473,0.013457881,0.01674497,0.0031096237,0.058004055,0.0037599409,4.6172643,-0.41741985,4.6302676,-0.10656831,0.11600811,0.0075198817,0.12940235,-0.011698508,0.055764,-0.0012834412,252.9869,251.55835,338.63647,0.5239881,17.164213,0.14987874
1,100,10,0.01,0.02883279,0.01120757,0.014509909,0.0031153108,0.052932907,0.008423708,4.298084,-0.18186203,4.6345,0.12117212,0.105865814,0.016847417,0.12045708,-0.005096824,0.05581497,0.0014593197,252.92712,251.23386,337.76535,0.060689904,17.164213,0.12572213
2,1,10,0.0069999998,0.51626146,0.09995642,0.3523491,0.06395594,0.15807943,-0.001450603,21.180157,9.662394,20.99871,-2.5596893,0.31615886,-0.002901206,0.59359,0.27079594,0.25289512,-0.030827276,251.80298,253.22443,343.24106,-7.102704,17.157492,2.56084
2,2,10,0.0069999998,0.5100378,0.09452955,0.35035062,0.06515763,0.15372829,-0.005873868,21.120003,9.220438,21.195068,-2.5055256,0.30745658,-0.011747736,0.5919042,0.25840983,0.25525993,-0.03017496,251.76486,252.85432,343.58725,-6.7149124,17.157492,2.572004
2,3,10,0.0069999998,0.30989274,0.059499167,0.19563721,0.054756362,0.12196226,-0.010927603,15.782227,3.804801,19.42985,-0.774779,0.24392451,-0.021855205,0.44230896,0.10663239,0.23400077,-0.009330947,251.65092,252.17317,343.00876,-3.030022,17.153954,1.4447608
2,4,10,0.0069999998,0.31674087,0.06155719,0.19986828,0.055315405,0.124053605,-0.0034001633,15.951977,3.9791744,19.528786,-0.60752606,0.24810721,-0.0068003265,0.4470663,0.11151942,0.23519227,-0.007316657,251.5429,251.56656,341.97507,-3.3716483,17.153954,1.472132
2,5,10,0.0069999998,0.21536738,0.06356815,0.106985465,0.044813752,0.12606363,-0.0009149179,11.670916,-1.8956305,17.57753,1.4272449,0.25212726,-0.0018298358,0.32708633,-0.053126503,0.21169259,0.017188843,251.53531,251.32736,342.18597,0.46838558,17.151754,0.85930634
2,6,10,0.0069999998,0.21536775,0.057863478,0.11204261,0.04546165,0.12027414,-0.007918692,11.943571,-2.4241188,17.70414,1.7075475,0.24054828,-0.015837384,0.33472767,-0.06793776,0.21321738,0.020564608,251.45993,250.84766,341.57822,0.7165712,17.151754,0.8909933
2,7,10,0.0069999998,0.20111865,0.06392313,0.099687956,0.037507564,0.12641512,-0.001130944,11.265848,-4.9920936,16.080948,2.8366923,0.25283024,-0.002261888,0.315734,-0.13990724,0.1936687,0.034163322,251.35838,250.32085,340.26093,2.1554012,17.150093,1.2632359
2,8,10,0.0069999998,0.20260268,0.064923175,0.09943156,0.038247935,0.12740013,-0.0031981354,11.251352,-5.4107137,16.238884,2.8879523,0.25480026,-0.006396271,0.3153277,-0.15163939,0.1955708,0.034780666,251.3717,250.17563,340.74582,2.5227613,17.150093,1.321059
2,9,10,0.0069999998,0.19109108,0.05606596,0.10221646,0.03280865,0.11839126,-0.012783133,11.407827,-5.3537836,15.039948,2.4150994,0.23678252,-0.025566267,0.3197131,-0.15004389,0.18113159,0.029085925,251.32588,249.82903,340.47458,2.9386842,17.148153,1.3110327
2,10,10,0.0069999998,0.18048507,0.050890002,0.09710273,0.032492347,0.112794064,-0.0056014336,11.118808,-4.6825166,14.967276,2.5027113,0.22558813,-0.011202867,0.3116131,-0.1312311,0.18025634,0.030141052,251.22832,249.34535,339.0692,2.1798053,17.148153,1.1840711
2,11,10,0.0069999998,0.15440539,0.05213275,0.074237525,0.02803511,0.11416299,-0.015338977,9.7219715,-1.8481361,13.902833,0.7996803,0.22832598,-0.030677954,0.27246565,-0.05179543,0.16743688,0.009630834,251.2191,249.0592,339.37448,1.0484557,17.145979,0.76919585
2,12,10,0.0069999998,0.14786068,0.043720316,0.07609718,0.028043179,0.10454702,-0.018307742,9.842986,-2.042928,13.904835,0.9273882,0.20909403,-0.036615483,0.27585718,-0.057254616,0.16746098,0.011168878,251.25119,249.05576,339.47733,1.1155398,17.145979,0.83504814
2,13,10,0.0069999998,0.13133332,0.041549083,0.06578335,0.024000889,0.10191796,-0.016434483,9.151674,2.1426198,12.863698,-1.1529738,0.20383592,-0.032868966,0.25648266,0.060048547,0.1549222,-0.013885679,251.24265,249.07268,338.39948,-0.9896461,17.144373,0.73153275
2,14,10,0.0069999998,0.13456963,0.048489552,0.061703168,0.024376912,0.110101715,-0.017469553,8.863317,2.1444848,12.964076,-1.1869551,0.22020343,-0.034939107,0.24840122,0.060100835,0.15613107,-0.014294937,251.24318,248.87842,338.73486,-0.95752966,17.144373,0.75502086
2,15,10,0.0069999998,0.14146103,0.046007205,0.072945505,0.022508321,0.10724645,-0.019055674,9.636998,4.7656345,12.457295,-2.8315532,0.2144929,-0.038111348,0.27008426,0.13356055,0.15002774,-0.034101423,251.22937,248.69653,338.2545,-1.9340813,17.143772,1.0476657
2,16,10,0.0069999998,0.14486206,0.044476934,0.0784966,0.021888522,0.10544778,-0.01295632,9.99696,5.1582594,12.284582,-2.8223543,0.21089555,-0.02591264,0.28017244,0.14456415,0.1479477,-0.03399064,251.20523,248.46753,337.17136,-2.335905,17.143772,1.046116
2,17,10,0.0069999998,0.13653809,0.041915186,0.07421014,0.020412767,0.10236599,-0.007840084,9.720178,5.3730597,11.8632345,-3.5737622,0.20473199,-0.015680168,0.27241537,0.1505841,0.14287326,-0.043040123,251.25154,248.49933,337.7848,-1.7992976,17.144018,0.9396604
2,18,10,0.0069999998,0.13505913,0.039176986,0.0760802,0.01980195,0.09896588,-0.011577714,9.8418865,5.054145,11.684393,-3.4950993,0.19793177,-0.023155428,0.2758264,0.14164625,0.1407194,-0.042092755,251.27869,248.63853,337.5434,-1.5590456,17.144018,0.9488867
2,19,10,0.0069999998,0.11902121,0.034706213,0.06606116,0.018253837,0.093148015,0.0062249512,9.170978,4.1002665,11.218357,-3.4098182,0.18629603,0.0124499025,0.25702366,0.11491311,0.13510676,-0.041065678,251.24104,248.3754,337.0183,-0.6904483,17.144901,0.70299876
2,20,10,0.0069999998,0.121510446,0.03915286,0.06334829,0.019009296,0.09893541,0.0030736737,8.980697,4.206418,11.448147,-3.557886,0.19787082,0.0061473474,0.25169086,0.117888056,0.1378742,-0.042848915,251.26138,248.24712,337.6367,-0.64853215,17.144901,0.69435275
2,21,10,0.0069999998,0.1035791,0.037788235,0.047937315,0.01785355,0.09719598,0.0046853977,7.8123093,1.5091531,11.094673,-3.2369478,0.19439197,0.009370795,0.21894592,0.042295165,0.13361718,-0.03898374,251.2644,248.2253,337.58423,1.7277946,17.146126,0.5174598
2,22,10,0.0069999998,0.11100316,0.042069457,0.051602434,0.017331272,0.1025542,0.011487681,8.105459,1.7814225,10.931188,-3.1507487,0.2051084,0.022975363,0.22716169,0.049925737,0.13164829,-0.03794561,251.22719,248.03807,336.50552,1.3693262,17.146126,0.57724863
2,23,10,0.0069999998,0.114305116,0.054809388,0.042852726,0.016643,0.117057025,0.013116056,7.3863826,-0.97548455,10.711938,-2.4734573,0.23411405,0.026232112,0.207009,-0.027338695,0.12900776,-0.029788747,251.22392,247.755,337.17838,3.448942,17.147243,0.62768537
2,24,10,0.0069999998,0.099215865,0.039709706,0.04341451,0.016091643,0.09963647,0.010398348,7.4346414,-0.9217723,10.533007,-2.6351736,0.19927295,0.020796696,0.20836149,-0.02583336,0.12685284,-0.031736355,251.24231,247.69452,337.27872,3.5569458,17.147243,0.60130453
2,25,10,0.0069999998,0.10564019,0.04216069,0.04841954,0.015059963,0.10266534,0.015341561,7.851504,-2.8452945,10.189764,-2.1911812,0.20533068,0.030683123,0.2200444,-0.07974155,0.12271904,-0.02638919,251.22743,247.64075,336.19333,5.0364757,17.147806,0.6874628
2,26,10,0.0069999998,0.105546996,0.04826768,0.042382028,0.014897285,0.109849535,0.01447232,7.3457036,-2.7983797,10.13458,-2.137109,0.21969907,0.02894464,0.20586896,-0.07842672,0.122054435,-0.025737979,251.21709,247.43927,336.50443,4.9354887,17.147806,0.67359686
2,27,10,0.0069999998,0.0881035,0.031684462,0.042278416,0.014140621,0.08900065,0.006117146,7.336719,-3.4919152,9.873847,-1.8958383,0.1780013,0.012234292,0.20561716,-0.09786359,0.11891434,-0.02283227,251.1963,247.24097,336.2358,5.3877535,17.147718,0.59337956
2,28,10,0.0069999998,0.09090561,0.03226823,0.044637993,0.013999385,0.0898168,0.012647594,7.538672,-3.3891132,9.824414,-1.742861,0.1796336,0.025295189,0.21127705,-0.094982475,0.118319,-0.020989904,251.1923,247.25107,335.36325,5.131974,17.147718,0.5906261
2,29,10,0.0069999998,0.08919646,0.03396809,0.041466847,0.013761519,0.09215217,0.007255696,7.2659607,-3.165433,9.740594,-1.4345697,0.18430434,0.014511392,0.2036341,-0.08871368,0.1173095,-0.017277049,251.25995,247.41267,336.21835,4.600003,17.147259,0.4846633
2,30,10,0.0069999998,0.07902395,0.025882594,0.03959475,0.01354661,0.08044034,0.0034701896,7.1000485,-3.0523643,9.664236,-1.4373028,0.16088068,0.0069403793,0.1989843,-0.08554484,0.11638991,-0.017309964,251.30974,247.51245,336.60065,4.489667,17.147259,0.4816558
2,31,10,0.0069999998,0.0683083,0.020846622,0.034978267,0.012483413,0.0721918,0.0072261747,6.6733165,-1.7379597,9.277242,-1.2244658,0.1443836,0.014452349,0.18702477,-0.048707645,0.1117292,-0.014746684,251.33984,247.6384,335.6635,2.9624257,17.146715,0.38323244
2,32,10,0.0069999998,0.07616134,0.029945498,0.033758376,0.012457467,0.08652384,0.0048069083,6.5559144,-1.7898113,9.267594,-1.2404245,0.17304768,0.009613817,0.18373452,-0.05016082,0.11161302,-0.014938886,251.38051,247.6244,336.51334,3.0302358,17.146715,0.41184163
2,33,10,0.0069999998,0.0685295,0.0283564,0.028150897,0.012022207,0.08419679,-0.0015749615,5.9867163,0.22961064,9.104251,-1.3256358,0.16839358,-0.003149923,0.16778229,0.006435016,0.10964582,-0.015965115,251.39915,247.65242,336.5508,1.0960251,17.146494,0.39837795
2,34,10,0.0069999998,0.06669,0.024219373,0.030317908,0.012152719,0.07781287,0.004346754,6.212868,0.14610763,9.153537,-1.3155924,0.15562575,0.008693508,0.17412038,0.00409478,0.11023937,-0.015844159,251.40875,247.78557,335.72305,1.1694847,17.146494,0.35495695
2,35,10,0.0069999998,0.077095784,0.037024852,0.028536458,0.011534475,0.09620921,0.0009970949,6.027574,1.7320834,8.917665,-1.2351248,0.19241843,0.0019941898,0.16892737,0.048542958,0.107398674,-0.014875055,251.43803,247.7723,336.4764,-0.4969586,17.146715,0.46357334
2,36,10,0.0069999998,0.07631864,0.035138495,0.029660173,0.01151997,0.09372632,-0.002593315,6.1451063,2.147658,8.912054,-1.2678655,0.18745264,-0.00518663,0.17222129,0.06018977,0.10733113,-0.015269366,251.46606,247.72523,336.83597,-0.8797926,17.146715,0.5179412
2,37,10,0.0069999998,0.069468044,0.027305288,0.031703386,0.010459372,0.08262156,0.004422098,6.353242,2.8741715,8.491902,-0.97929287,0.16524312,0.008844196,0.17805445,0.08055086,0.10227107,-0.011793982,251.47763,247.82837,335.91745,-1.8948786,17.147335,0.5016369
2,38,10,0.0069999998,0.07475923,0.035000518,0.029220141,0.010538572,0.09354213,0.0037395214,6.0993524,2.674513,8.523993,-0.8327876,0.18708426,0.0074790427,0.170939,0.07495526,0.10265755,-0.010029562,251.54521,248.05217,336.73718,-1.8417256,17.147335,0.4789111
2,39,10,0.0069999998,0.07458199,0.0343717,0.030358832,0.009851455,0.09269803,0.0006332654,6.21706,2.6374426,8.241426,-0.84196687,0.18539606,0.0012665308,0.17423786,0.07391634,0.0992545,-0.010140115,251.59976,248.17316,337.1204,-1.7954757,17.148272,0.49154708
2,40,10,0.0069999998,0.06864405,0.026369363,0.03209188,0.010182807,0.08119323,0.0066439467,6.3920484,2.672123,8.378879,-0.7087049,0.16238646,0.0132878935,0.17914206,0.074888274,0.100909896,-0.008535191,251.62337,248.25716,336.42218,-1.963418,17.148272,0.4125084
2,41,10,0.0069999998,0.055553116,0.021886626,0.024888536,0.008777955,0.073970646,0.004078363,5.629142,1.4655582,7.77945,-0.4944945,0.14794129,0.008156726,0.15776101,0.041073386,0.09369074,-0.005955377,251.73149,248.61913,337.41138,-0.9710637,17.14941,0.2935662
2,42,10,0.0069999998,0.056625124,0.02521872,0.022930034,0.008476372,0.079402015,0.0012682145,5.403123,1.5630013,7.6446424,-0.5691552,0.15880403,0.002536429,0.15142666,0.043804303,0.09206721,-0.0068545425,251.80835,248.86784,338.1967,-0.99384606,17.14941,0.34943026
2,43,10,0.0069999998,0.045615517,0.017476808,0.01991607,0.008222638,0.06609994,0.006404879,5.03552,0.108522125,7.529355,-0.61156106,0.13219988,0.012809758,0.14112431,0.0030414155,0.09067876,-0.0073652533,251.83223,249.03415,337.09195,0.50303894,17.150564,0.19507666
2,44,10,0.0069999998,0.04790072,0.022712462,0.016851937,0.00833632,0.07535327,0.005174162,4.631988,0.0015547203,7.581224,-0.5820749,0.15070654,0.010348324,0.12981501,4.3570395e-5,0.091303445,-0.0070101395,251.93324,249.38646,337.9886,0.58052015,17.150564,0.19089353
2,45,10,0.0069999998,0.05210713,0.025613127,0.018864697,0.007629306,0.08002051,-0.0001222034,4.9008055,-1.0005169,7.2526164,-0.91488105,0.16004102,-0.0002444068,0.13734882,-0.028040253,0.0873459,-0.011018243,252.02174,249.74452,338.40207,1.9153979,17.151638,0.19861667
2,46,10,0.0069999998,0.04489072,0.014992791,0.021812208,0.008085721,0.061222527,0.0055394745,5.2697783,-0.7915292,7.466406,-0.93287313,0.122445054,0.011078949,0.14768957,-0.022183212,0.08992064,-0.011234932,251.99123,249.58646,337.58206,1.7244023,17.151638,0.19823824
2,47,10,0.0069999998,0.046999983,0.016996851,0.022121206,0.0078819245,0.06518599,0.0021997977,5.306974,-1.3651392,7.371711,-1.1789713,0.13037197,0.0043995953,0.14873199,-0.038259063,0.0887802,-0.01419878,251.99945,249.45808,338.47452,2.5441105,17.152493,0.27325296
2,48,10,0.0069999998,0.05269969,0.021053521,0.023553556,0.008092611,0.07254916,-0.0020301922,5.476093,-1.3672787,7.4695854,-1.4909415,0.14509831,-0.0040603844,0.15347168,-0.03831904,0.08995894,-0.017955951,252.02829,249.51642,338.61594,2.85822,17.152493,0.25426745
2,49,10,0.0069999998,0.05475704,0.020157298,0.026732732,0.007867011,0.0709882,0.0037562551,5.83397,-1.3582517,7.364734,-1.4882509,0.1419764,0.0075125103,0.16350147,-0.03806604,0.088696174,-0.017923545,252.01782,249.49178,337.74487,2.8465025,17.15298,0.3175468
2,50,10,0.0069999998,0.052150864,0.022785187,0.021912197,0.007453482,0.075473815,0.0045861006,5.281843,-1.4909664,7.1685586,-1.2865885,0.15094763,0.009172201,0.14802769,-0.041785475,0.08633355,-0.015494853,252.05093,249.512,338.6321,2.777555,17.15298,0.3079015
2,51,10,0.0069999998,0.04469669,0.019934239,0.018586216,0.006176234,0.07059433,-0.0005843123,4.8644986,-1.0071349,6.5255046,-1.4868588,0.14118867,-0.0011686246,0.13633128,-0.028225727,0.07858902,-0.01790678,252.04892,249.45924,338.79395,2.4939938,17.153114,0.260753
2,52,10,0.0069999998,0.048010465,0.023233032,0.01920883,0.005568604,0.07621193,0.0033902635,4.9453044,-1.0363681,6.196199,-1.4047133,0.15242386,0.006780527,0.13859592,-0.029045008,0.07462308,-0.016917473,252.05457,249.5949,337.7229,2.4410815,17.153114,0.3208743
2,53,10,0.0069999998,0.04198318,0.020881392,0.01547467,0.0056271194,0.072251976,0.0009532172,4.438674,-0.36560613,6.228669,-1.6122198,0.14450395,0.0019064344,0.124397226,-0.010246388,0.07501413,-0.019416548,252.12392,249.75194,338.47214,1.9778259,17.152905,0.19923604
2,54,10,0.0069999998,0.041943647,0.019317478,0.016588056,0.0060381126,0.06949367,-0.0031380954,4.5955796,-0.3559548,6.452125,-1.791057,0.13898733,-0.0062761907,0.12879463,-0.009975911,0.077705294,-0.021570345,252.17154,249.89027,339.3469,2.1470118,17.152905,0.18144017
2,55,10,0.0069999998,0.03929107,0.015112631,0.018448126,0.005730314,0.06146672,0.0016635276,4.846393,0.35705024,6.2855225,-1.488514,0.12293344,0.0033270551,0.13582388,0.010006606,0.07569884,-0.017926717,252.17398,250.01695,338.19894,1.1314638,17.152391,0.16387823
2,56,10,0.0069999998,0.040994838,0.018115995,0.016599929,0.0062789153,0.06729784,0.0020907342,4.5972238,0.22936343,6.5795245,-1.4024284,0.13459568,0.0041814684,0.12884071,0.0064280853,0.07923961,-0.016889956,252.24641,250.19374,339.03622,1.173065,17.152391,0.16102387
2,57,10,0.0069999998,0.039407656,0.0173091,0.016211659,0.0058868993,0.065782025,-0.003979731,4.5431414,0.8578434,6.3708224,-1.1357392,0.13156405,-0.007959462,0.12732501,0.024041718,0.07672613,-0.013678123,252.3082,250.36194,339.58243,0.2778958,17.1517,0.21568735
2,58,10,0.0069999998,0.037121486,0.01496125,0.016700981,0.0054592523,0.061158095,-0.000119079246,4.6111956,1.02791,6.135059,-0.87167525,0.12231619,-0.00023815849,0.12923227,0.02880796,0.07388675,-0.010497904,252.33302,250.56006,338.90958,-0.15623474,17.1517,0.17520696
2,59,10,0.0069999998,0.03586495,0.015029196,0.015503864,0.0053318874,0.06129681,-0.0014768813,4.442859,1.1658393,6.063071,-0.36594105,0.12259362,-0.0029537627,0.12451451,0.032673538,0.07301977,-0.004407162,252.39062,250.6962,339.6084,-0.79989827,17.150742,0.2278013
2,60,10,0.0069999998,0.042969108,0.018755315,0.018213525,0.0060002673,0.06847502,-0.005618406,4.8154798,1.0432948,6.431874,-0.5227135,0.13695005,-0.011236812,0.13495749,0.02923913,0.07746139,-0.0062952284,252.4353,250.8052,340.2151,-0.5205813,17.150742,0.2662393
2,61,10,0.0069999998,0.04038283,0.01418441,0.020199366,0.005999055,0.05954916,-0.002160702,5.0712075,1.1613507,6.4312243,0.06865561,0.11909832,-0.004321404,0.14212447,0.03254774,0.07745357,0.00082684465,252.41583,250.75465,339.21188,-1.2300063,17.149511,0.18977326
2,62,10,0.0069999998,0.041682858,0.014972134,0.020149108,0.006561617,0.061180335,-0.0019524677,5.064895,1.2955273,6.726012,-0.18923916,0.12236067,-0.0039049354,0.14194755,0.036308143,0.08100381,-0.0022790763,252.46947,250.9156,339.77667,-1.1062882,17.149511,0.22035141
2,63,10,0.0069999998,0.038968638,0.016909437,0.015816504,0.0062426957,0.06501815,-0.007884298,4.487431,0.866368,6.5605197,0.4421352,0.1300363,-0.015768597,0.12576368,0.024280623,0.07901073,0.005324796,252.55194,251.19128,340.61176,-1.3085032,17.14796,0.18902315
2,64,10,0.0069999998,0.034843095,0.013338468,0.01627381,0.005230817,0.057746142,-0.0023835308,4.5518417,0.962853,6.0053306,0.7825944,0.115492284,-0.0047670617,0.12756884,0.02698469,0.07232439,0.009425069,252.53954,251.17917,339.80255,-1.7454474,17.14796,0.14827223
2,65,10,0.0069999998,0.03590112,0.013401086,0.016374694,0.006125342,0.05788153,-0.004009014,4.565929,0.49777883,6.498563,1.130446,0.11576306,-0.008018028,0.12796365,0.013950632,0.078264564,0.0136143705,252.56175,251.14825,340.3156,-1.6282248,17.14608,0.11162521
2,66,10,0.0069999998,0.037673466,0.014160736,0.017281193,0.006231537,0.059499446,-0.0072473157,4.6906114,0.330103,6.5546546,0.8718837,0.11899889,-0.014494631,0.13145795,0.009251388,0.078940086,0.010500413,252.59932,251.2592,340.8368,-1.2019867,17.14608,0.122318715
2,67,10,0.0069999998,0.03636136,0.014078365,0.016193712,0.0060892827,0.059326142,-0.0031643359,4.5406256,-0.11095941,6.4794073,1.2767323,0.118652284,-0.0063286717,0.12725452,-0.003109722,0.07803386,0.015376152,252.57884,251.30359,339.75952,-1.1657729,17.143856,0.14998196
2,68,10,0.0069999998,0.03830071,0.013939332,0.017796075,0.006565305,0.059032474,-0.0023531,4.759975,0.023315858,6.727902,1.206345,0.11806495,-0.0047062,0.13340193,0.0006534446,0.08102657,0.0145284515,252.62015,251.34073,340.2784,-1.2296609,17.143856,0.14763002
2,69,10,0.0069999998,0.03801997,0.014793208,0.01664955,0.006577213,0.060813665,-0.0049508745,4.6040893,-0.42515287,6.734,1.2030281,0.12162733,-0.009901749,0.12903313,-0.011915233,0.08110002,0.014488507,252.68462,251.54095,341.1183,-0.7778752,17.141281,0.12685311
2,70,10,0.0069999998,0.036667295,0.0140062515,0.016437562,0.0062234798,0.059174005,-0.001558076,4.574685,-0.2438052,6.550416,1.3372756,0.11834801,-0.003116152,0.12820905,-0.006832825,0.078889035,0.016105298,252.6828,251.62682,340.5711,-1.0934705,17.141281,0.15812424
2,71,10,0.0069999998,0.033675067,0.012529529,0.014861853,0.006283685,0.05596769,-0.0008794575,4.3498974,-0.6551981,6.5820227,1.2586962,0.11193538,-0.001758915,0.1219092,-0.018362425,0.0792697,0.015158936,252.72238,251.72112,341.18082,-0.6034981,17.138412,0.1459175
2,72,10,0.0069999998,0.037589766,0.016898375,0.014752973,0.005938418,0.064996876,-0.006040173,4.3339343,-1.0267491,6.398639,1.4238725,0.12999375,-0.012080346,0.121461816,-0.028775427,0.07706113,0.017148217,252.78764,251.97328,341.96045,-0.39712334,17.138412,0.18781261
2,73,10,0.0069999998,0.03561834,0.013471837,0.016074844,0.006071656,0.058034122,0.0019886442,4.52393,-1.1853133,6.4700212,1.3974724,0.116068244,0.0039772885,0.1267866,-0.033219315,0.07792083,0.01683027,252.79863,252.14688,341.03787,-0.21215904,17.135246,0.19957633
2,74,10,0.0069999998,0.038347803,0.01349609,0.018002683,0.0068490277,0.058086336,0.0033250381,4.7875266,-1.323006,6.8717384,1.2724595,0.11617267,0.0066500762,0.13417408,-0.037078254,0.08275885,0.015324694,252.86691,252.24658,341.39987,0.050546527,17.135246,0.1964476
2,75,10,0.0069999998,0.041088603,0.016555442,0.017858516,0.0066746473,0.064333975,0.0012515936,4.768318,-1.1497788,6.7836957,0.79470795,0.12866795,0.0025031872,0.13363576,-0.032223433,0.081698515,0.009570956,252.97635,252.55571,342.08215,0.3550709,17.13184,0.16639206
2,76,10,0.0069999998,0.040863447,0.01594302,0.018761896,0.006158531,0.06313284,0.0042461148,4.887434,-1.2449082,6.516145,1.0830041,0.12626567,0.0084922295,0.13697407,-0.034889504,0.07847631,0.013043016,253.03181,252.90546,341.79602,0.1619041,17.13184,0.18712074
2,77,10,0.0069999998,0.038990956,0.014241017,0.018318683,0.0064312564,0.059667867,0.0060821315,4.8293605,-0.6217657,6.6588635,0.549277,0.11933573,0.012164263,0.13534653,-0.017425457,0.080195114,0.0066151437,253.09103,253.08191,342.5508,0.072488666,17.12838,0.14211828
2,78,10,0.0069999998,0.04019192,0.015654627,0.018076831,0.0064604594,0.062559225,0.0017807483,4.797375,-0.6240857,6.6739645,0.6170057,0.12511845,0.0035614965,0.13445011,-0.01749048,0.08037698,0.0074308254,253.13033,253.12283,343.20532,0.0070800185,17.12838,0.16620351
2,79,10,0.0069999998,0.03455123,0.011942362,0.01678778,0.005821088,0.054640558,0.0062434226,4.6231627,-0.63168645,6.3351116,0.42411834,0.109281115,0.012486845,0.12956767,-0.017703498,0.076296054,0.0051078117,253.15039,253.37276,342.4666,0.20756811,17.124878,0.13797975
2,80,10,0.0069999998,0.033807572,0.013405586,0.01475599,0.005645995,0.057891246,0.00714661,4.3343773,-0.64754266,6.2391067,0.46272817,0.11578249,0.01429322,0.121474236,-0.01814788,0.075139835,0.0055728033,253.22885,253.63336,343.04056,0.18481448,17.124878,0.14829418
2,81,10,0.0069999998,0.038481023,0.014678203,0.016998274,0.006804543,0.060576815,0.002641536,4.652056,-0.39857176,6.8493867,0.22574958,0.12115363,0.005283072,0.13037743,-0.011170277,0.082489654,0.0027187848,253.30502,253.85464,343.67987,0.17282218,17.121393,0.106753804
2,82,10,0.0069999998,0.039790016,0.01460885,0.01772943,0.0074517364,0.060433537,0.0062512737,4.751054,-0.47580835,7.167719,0.48632765,0.12086707,0.012502547,0.1331519,-0.01333489,0.08632344,0.0058570197,253.32541,254.04518,342.9697,-0.010519296,17.121393,0.13005862
2,83,10,0.0069999998,0.039207526,0.016262382,0.015863284,0.0070818597,0.063762024,0.0042992947,4.494063,-0.1320852,6.987565,-0.021052506,0.12752405,0.008598589,0.12594953,-0.0037017928,0.08415379,-0.00025354672,253.3737,254.16374,343.60403,0.15313771,17.117802,0.14251395
2,84,10,0.0069999998,0.039451562,0.015322941,0.016835537,0.007293081,0.061892934,0.0002534323,4.629734,-0.07747943,7.091004,-0.19359939,0.12378587,0.0005068646,0.12975183,-0.0021714177,0.08539954,-0.0023315875,253.38004,254.0575,344.0892,0.27107882,17.117802,0.1716666
2,85,10,0.0069999998,0.04177752,0.013620438,0.020475335,0.0076817484,0.058353316,0.0019250719,5.1057324,-0.28580698,7.2774997,-0.14069366,0.11670663,0.0038501439,0.14309205,-0.008009956,0.08764558,-0.0016944228,253.33838,253.95131,343.0809,0.42650065,17.114002,0.2103585
2,86,10,0.0069999998,0.043050304,0.015638798,0.01869936,0.008712147,0.06252759,0.003142238,4.8792825,-0.3809806,7.7502337,-0.2293577,0.12505518,0.006284476,0.1367456,-0.010677271,0.093338884,-0.0027622383,253.36176,253.91669,343.37848,0.61033833,17.114002,0.22774708
2,87,10,0.0069999998,0.04512641,0.01819133,0.017423095,0.009511985,0.06743762,-0.003115364,4.709829,-0.40307248,8.098186,-0.10918604,0.13487524,-0.006230728,0.13199657,-0.011296413,0.097529404,-0.00131497,253.40149,253.98201,343.832,0.5122585,17.109905,0.23292199
2,88,10,0.0069999998,0.047131144,0.01726742,0.020510528,0.0093531925,0.06570278,1.0284736e-5,5.110118,-0.56125635,8.030307,0.10464362,0.13140556,2.0569472e-5,0.14321497,-0.015729638,0.096711904,0.001260259,253.4025,254.08957,342.6014,0.45661274,17.109905,0.24305993
2,89,10,0.0069999998,0.042825967,0.017024795,0.016270323,0.009530849,0.06523955,-0.002432473,4.5513535,-0.3686491,8.106214,0.17950624,0.1304791,-0.004864946,0.12755518,-0.010331676,0.09762607,0.0021618556,253.50406,254.43095,343.40063,0.18914285,17.105568,0.1920413
2,90,10,0.0069999998,0.04729025,0.019708911,0.017211778,0.01036956,0.070194215,-0.006632371,4.6811814,-0.2243665,8.455365,0.14734511,0.14038843,-0.013264742,0.13119367,-0.006288041,0.101831034,0.0017745339,253.57497,254.70999,344.27185,0.07702139,17.105568,0.21711773
2,91,10,0.0069999998,0.042541426,0.015580736,0.017855864,0.009104825,0.06241141,-0.0034411799,4.767964,-0.5662237,7.922969,0.74640393,0.12482282,-0.0068823597,0.13362584,-0.015868852,0.095419206,0.008989211,253.53763,254.65065,343.4368,-0.18018025,17.10124,0.16796283
2,92,10,0.0069999998,0.04435398,0.017537836,0.017558116,0.009258029,0.06621525,-0.0027236582,4.728044,-0.57846916,7.989351,0.7482002,0.1324305,-0.0054473164,0.13250704,-0.016212042,0.09621865,0.009010849,253.58849,254.83754,344.0277,-0.16973102,17.10124,0.1696604
2,93,10,0.0069999998,0.044769194,0.017490216,0.017867774,0.009411204,0.06612529,-0.006846563,4.7695537,-0.7777029,8.055172,1.0653862,0.13225058,-0.013693126,0.13367039,-0.021795716,0.09701136,0.012830832,253.67834,255.24796,344.9296,-0.28768325,17.09701,0.1453343
2,94,10,0.0069999998,0.050890103,0.017438302,0.023246495,0.010205305,0.06602708,-0.0014810897,5.4402804,-0.9328419,8.388131,1.4674999,0.13205417,-0.0029621795,0.15246801,-0.026143601,0.10102131,0.017673634,253.72313,255.51556,344.40024,-0.53465796,17.09701,0.18055248
2,95,10,0.0069999998,0.04684248,0.017566528,0.019685505,0.009590447,0.06626939,-0.0023497716,5.006288,-0.89434415,8.131517,1.5625954,0.13253878,-0.004699543,0.14030504,-0.02506468,0.097930826,0.018818902,253.81284,255.7251,344.76706,-0.6682512,17.09277,0.18392017
2,96,10,0.0069999998,0.05312583,0.023119656,0.01987077,0.010135405,0.07602575,-0.005350777,5.0297904,-0.96751434,8.359354,1.5144402,0.1520515,-0.010701554,0.14096372,-0.027115326,0.10067475,0.018238954,253.87242,255.8437,345.21085,-0.54692584,17.09277,0.18868667
2,97,10,0.0069999998,0.046436578,0.018197553,0.01900901,0.009230015,0.06744915,-0.0022719933,4.9195156,-1.1053065,7.9772534,1.8336765,0.1348983,-0.0045439866,0.13787317,-0.030977057,0.096072964,0.022083636,253.86092,255.83487,344.5113,-0.72836995,17.088493,0.18015304
2,98,10,0.0069999998,0.04349782,0.015953604,0.017660754,0.009883459,0.06315379,-0.002863363,4.741843,-0.9056318,8.254803,1.683477,0.12630758,-0.005726726,0.13289377,-0.025381021,0.099415585,0.02027473,253.88518,255.82085,344.71375,-0.77784526,17.088493,0.16864115
2,99,10,0.0069999998,0.049047265,0.019759346,0.019297592,0.009990327,0.07028397,-0.006832182,4.956717,-0.7538654,8.299312,1.5473564,0.14056794,-0.013664364,0.13891578,-0.021127658,0.099951625,0.01863538,253.94998,256.05377,345.36728,-0.79349095,17.084227,0.18548563
2,100,10,0.0069999998,0.045371983,0.018308153,0.016844997,0.010218834,0.06765381,-0.0029595986,4.631034,-0.6739852,8.393689,1.7771533,0.13530762,-0.005919197,0.12978828,-0.018888948,0.10108825,0.021402903,253.96962,256.22598,344.5365,-1.103168,17.084227,0.1798527
3,1,10,0.0048999996,0.2243573,0.0576674,0.13313764,0.03355225,0.12007019,-0.02160865,13.019461,4.699387,15.209433,-6.6414566,0.24014038,-0.0432173,0.36488032,0.13170391,0.18317273,-0.079985484,251.91714,253.63193,343.41098,1.9420695,17.079832,1.6490849
3,2,10,0.0048999996,0.24565707,0.066642724,0.14502232,0.033992033,0.12907626,-0.022681564,13.588139,4.6429005,15.308786,-6.4545355,0.2581525,-0.04536313,0.38081795,0.13012083,0.18436928,-0.077734314,251.90106,253.30759,343.8634,1.811635,17.079832,1.7145561
3,3,10,0.0048999996,0.20382285,0.04868654,0.12287199,0.032264322,0.110325135,-0.018699883,12.507455,3.8616145,14.914665,-5.877175,0.22065027,-0.037399765,0.350531,0.1082247,0.17962272,-0.070780955,251.82828,252.83282,343.326,2.0155604,17.075682,1.4614782
3,4,10,0.0048999996,0.21161789,0.047677007,0.13080174,0.033139143,0.109175324,-0.012294131,12.90474,3.8152926,15.115513,-5.6112614,0.21835065,-0.024588263,0.36166522,0.10692646,0.1820416,-0.06757846,251.66525,252.03665,341.50812,1.7959688,17.075682,1.5021219
3,5,10,0.0048999996,0.14961518,0.0371946,0.08310423,0.02931635,0.096429504,-0.005002557,10.28618,1.9914778,14.216972,-4.7496004,0.19285901,-0.010005114,0.28827804,0.055812683,0.17122018,-0.057201166,251.55556,251.33185,341.3246,2.7581224,17.071144,0.9277399
3,6,10,0.0048999996,0.15875243,0.038480707,0.09025689,0.030014826,0.0980825,-0.007413328,10.719704,2.092651,14.385339,-4.7039413,0.196165,-0.014826656,0.30042785,0.058648147,0.17324787,-0.056651298,251.47913,250.86038,340.9102,2.6112905,17.071144,1.00825
3,7,10,0.0048999996,0.108499974,0.027906913,0.0562301,0.024362955,0.08352681,0.0062742475,8.461103,-0.284108,12.960364,-3.4445887,0.16705362,0.012548495,0.23712887,-0.007962352,0.15608637,-0.041484427,251.4029,250.43385,339.64423,3.7286966,17.06703,0.5334814
3,8,10,0.0048999996,0.10960342,0.029255614,0.056166835,0.024180967,0.08552136,0.0061310115,8.456341,-0.43673196,12.911867,-3.298497,0.17104273,0.012262023,0.23699543,-0.012239745,0.1555023,-0.039725002,251.41988,250.27968,339.98288,3.735229,17.06703,0.5450186
3,9,10,0.0048999996,0.112327255,0.03776458,0.05526102,0.019301662,0.097165555,0.010609109,8.387876,-2.410638,11.535848,-2.328838,0.19433111,0.021218218,0.23507662,-0.067559965,0.13893043,-0.028047053,251.38814,250.02242,339.8757,4.739476,17.06378,0.81291264
3,10,10,0.0048999996,0.10987061,0.03629815,0.054399587,0.019172879,0.09526037,0.016445667,8.322242,-2.4438443,11.497299,-1.9860021,0.19052073,0.032891333,0.23323719,-0.068490595,0.13846616,-0.023918152,251.2914,249.60129,338.5691,4.4298463,17.06378,0.8235655
3,11,10,0.0048999996,0.12421352,0.046401158,0.06134814,0.016464217,0.10770464,0.017542688,8.837781,-3.8137393,10.654246,-1.0569086,0.21540928,0.035085376,0.24768557,-0.106882945,0.12831296,-0.012728728,251.24838,249.25424,338.7088,4.870648,17.061304,1.074333
3,12,10,0.0048999996,0.121793434,0.04126281,0.0637654,0.016765218,0.10156625,0.016178679,9.010214,-3.8865542,10.751197,-1.0311596,0.2031325,0.032357357,0.25251812,-0.10892365,0.12948057,-0.012418627,251.20029,248.87881,338.50192,4.917714,17.061304,1.0590847
3,13,10,0.0048999996,0.10954319,0.038056713,0.057405956,0.0140805235,0.09754065,0.01962569,8.549112,-3.926499,9.852844,-0.24908231,0.1950813,0.03925138,0.2395954,-0.11004313,0.11866138,-0.0029997863,251.12354,248.55745,336.9914,4.175581,17.059313,0.9728521
3,14,10,0.0048999996,0.11645306,0.043347977,0.05887407,0.014231013,0.10410088,0.0192048,8.657741,-4.1463013,9.905356,-0.105892144,0.20820177,0.0384096,0.2426398,-0.11620326,0.11929381,-0.0012752974,251.10898,248.32347,337.25632,4.2521935,17.059313,1.0200549
3,15,10,0.0048999996,0.094178826,0.032002173,0.049219582,0.01295707,0.089445755,0.013738601,7.916104,-3.4465034,9.451607,0.21203358,0.17889151,0.027477201,0.22185487,-0.09659089,0.11382913,0.0025535955,251.07379,248.0539,337.0504,3.23447,17.057808,0.7667515
3,16,10,0.0048999996,0.095795915,0.03526157,0.047827456,0.012706888,0.093890324,0.017549079,7.8033514,-3.2188313,9.359913,0.48164096,0.18778065,0.035098158,0.2186949,-0.0902102,0.11272483,0.0058005783,250.98587,247.64978,335.77826,2.7371902,17.057808,0.7725008
3,17,10,0.0048999996,0.08449717,0.030971767,0.041575048,0.011950349,0.08799399,0.011075136,7.2754345,-2.0389078,9.077003,0.8996429,0.17598797,0.022150273,0.2038996,-0.05714194,0.10931765,0.010834724,250.98215,247.51704,336.2271,1.1392648,17.056774,0.58994347
3,18,10,0.0048999996,0.076266736,0.02557318,0.039124023,0.011569531,0.07995808,0.009659767,7.0577173,-2.0596495,8.931205,0.703944,0.15991616,0.019319534,0.19779794,-0.057723247,0.10756175,0.0084778555,250.9948,247.51422,335.9671,1.3557055,17.056774,0.5702953
3,19,10,0.0048999996,0.07356757,0.02593329,0.036688827,0.010945452,0.08051908,0.0076426966,6.8345428,-0.13912447,8.686985,0.9119002,0.16103816,0.015285393,0.19154328,-0.0038990697,0.10462052,0.010982348,250.9635,247.40556,334.6373,-0.77277577,17.056164,0.484734
3,20,10,0.0048999996,0.077105455,0.030299084,0.035568204,0.011238167,0.08703316,0.006109559,6.7293563,-0.3121502,8.802376,1.0106266,0.17406632,0.012219118,0.18859534,-0.008748238,0.10601022,0.012171339,250.97401,247.19936,335.18112,-0.6984763,17.056164,0.4832523
3,21,10,0.0048999996,0.07255005,0.024777165,0.03682008,0.010952811,0.07870382,-0.0021073048,6.846757,1.3266188,8.689904,0.8493619,0.15740764,-0.0042146095,0.19188559,0.037179507,0.104655676,0.010229176,250.99443,247.18953,335.3372,-2.1759806,17.055899,0.5400979
3,22,10,0.0048999996,0.07137435,0.025569605,0.03546801,0.0103367325,0.07995249,0.0006664103,6.719871,1.4117442,8.441971,1.1022519,0.15990499,0.0013328206,0.18832952,0.03956521,0.10166972,0.013274821,250.98955,247.11034,334.50204,-2.5139961,17.055899,0.5337151
3,23,10,0.0048999996,0.07238681,0.027847784,0.034260504,0.010278523,0.08343828,-0.0055050096,6.6044917,2.820486,8.418168,1.2691197,0.16687655,-0.011010019,0.18509594,0.07904629,0.10138305,0.015284471,251.03407,247.05496,335.20746,-4.089606,17.055891,0.55945134
3,24,10,0.0048999996,0.07088008,0.024978489,0.03590836,0.009993226,0.07902292,-0.0068534347,6.7614574,2.8961132,8.300515,1.070484,0.15804584,-0.013706869,0.18949501,0.08116578,0.09996612,0.012892229,251.03003,246.98978,335.13226,-3.966597,17.055891,0.5866125
3,25,10,0.0048999996,0.07121105,0.023940278,0.03716399,0.010106781,0.07736323,-0.007266927,6.878658,4.081215,8.347543,1.338894,0.15472646,-0.014533854,0.19277965,0.11437915,0.10053249,0.016124785,250.98297,246.85606,334.23004,-5.420109,17.056032,0.5944298
3,26,10,0.0048999996,0.06868821,0.02304782,0.0352686,0.010371784,0.07590754,-0.008142113,6.700955,3.969586,8.456271,1.4483814,0.15181509,-0.016284226,0.18779936,0.11125069,0.10184196,0.017443381,250.98856,246.73381,335.01428,-5.4179673,17.056032,0.56517076
3,27,10,0.0048999996,0.06791,0.023324387,0.034285966,0.010299646,0.07636162,-0.01320205,6.606946,4.3058476,8.426813,1.2380346,0.15272324,-0.0264041,0.1851647,0.12067469,0.101487175,0.014910099,250.99617,246.72203,335.1359,-5.5438824,17.056288,0.62756556
3,28,10,0.0048999996,0.07220427,0.023589268,0.038574688,0.010040314,0.07679399,-0.010190705,7.007994,4.5219603,8.320048,1.2605709,0.15358798,-0.02038141,0.1964044,0.1267314,0.10020137,0.015181515,250.92113,246.38866,334.09738,-5.7825313,17.056288,0.6372837
3,29,10,0.0048999996,0.06856217,0.026494894,0.032342784,0.009724496,0.08138626,-0.013084815,6.4169884,3.9271135,8.1881485,1.5249134,0.16277252,-0.02616963,0.179841,0.11006034,0.09861286,0.018365089,250.92674,246.25041,334.64252,-5.452027,17.05655,0.5987989
3,30,10,0.0048999996,0.06298433,0.024801707,0.028809596,0.009373029,0.07874279,-0.014257738,6.0563526,3.9820192,8.038818,1.1846015,0.15748557,-0.028515477,0.1697339,0.11159914,0.0968144,0.014266589,250.95093,246.22258,334.70416,-5.1666207,17.05655,0.61070585
3,31,10,0.0048999996,0.061574716,0.027926223,0.025125718,0.008522774,0.083555706,-0.0117663145,5.655901,3.0068696,7.665539,1.2983451,0.16711141,-0.023532629,0.15851094,0.08426982,0.09231887,0.015636442,251.00005,246.44707,333.81793,-4.305215,17.056639,0.5275127
3,32,10,0.0048999996,0.062460016,0.03106801,0.022876866,0.008515138,0.0881306,-0.0126257725,5.396856,2.7880762,7.662104,1.3314824,0.1762612,-0.025251545,0.151251,0.078137964,0.092277505,0.016035529,251.09387,246.79207,334.4137,-4.1195583,17.056639,0.5521676
3,33,10,0.0048999996,0.052834183,0.025889413,0.018433815,0.008510956,0.08045094,-0.0121010095,4.844513,1.3708,7.6602216,1.0387377,0.16090187,-0.024202019,0.13577119,0.038417723,0.09225484,0.0125098955,251.12823,246.82146,334.43808,-2.4095378,17.056404,0.4007904
3,34,10,0.0048999996,0.055944677,0.025774479,0.021880982,0.008289213,0.08027216,-0.00949592,5.2780795,1.7270702,7.5597744,1.272473,0.16054432,-0.01899184,0.14792222,0.04840246,0.09104512,0.015324856,251.15417,246.9734,333.93103,-2.9995432,17.056404,0.38995135
3,35,10,0.0048999996,0.049331002,0.024030803,0.016936393,0.008363806,0.07750936,-0.0077705057,4.643581,0.030315438,7.5937123,1.3523337,0.15501872,-0.0155410115,0.1301399,0.00084961456,0.09145384,0.016286647,251.22607,247.23318,334.80954,-1.3826491,17.055746,0.27108797
3,36,10,0.0048999996,0.04700256,0.022289114,0.01609277,0.008620678,0.074647695,-0.009045522,4.5264516,0.050911695,7.709441,1.1253188,0.14929539,-0.018091043,0.12685728,0.0014268397,0.09284761,0.013552624,251.23532,247.12473,335.00443,-1.1762304,17.055746,0.22558405
3,37,10,0.0048999996,0.05120174,0.022210145,0.02079578,0.008195812,0.07451534,-0.0033706664,5.1455307,-0.7226366,7.5170627,0.93687594,0.14903069,-0.006741333,0.14420742,-0.020252442,0.09053072,0.011283142,251.17783,246.81424,334.13037,-0.21423936,17.054626,0.25168204
3,38,10,0.0048999996,0.049767062,0.023315677,0.01813886,0.0083125215,0.07634736,-0.0046747862,4.8055987,-0.92058486,7.570395,1.113869,0.15269472,-0.0093495725,0.13468058,-0.025800094,0.09117303,0.0134147275,251.21765,246.88553,334.91394,-0.1932841,17.054626,0.29058164
3,39,10,0.0048999996,0.048425086,0.020045387,0.020006565,0.008373134,0.070790865,-0.0019705829,5.0469475,-2.2382286,7.597945,0.29388157,0.14158173,-0.0039411657,0.14144456,-0.06272806,0.09150483,0.003539322,251.25328,246.93839,334.91727,1.944347,17.053078,0.41925868
3,40,10,0.0048999996,0.0521097,0.02042073,0.023577424,0.008111548,0.07145056,0.0004669628,5.4788666,-1.8448724,7.47832,0.11727054,0.14290112,0.0009339256,0.15354942,-0.051703963,0.09006413,0.0014123332,251.22632,246.73012,333.67838,1.7276018,17.053078,0.36081284
3,41,10,0.0048999996,0.050025772,0.018969262,0.023879204,0.0071773054,0.06886447,0.0024084775,5.5138183,-2.4320064,7.034494,-0.20880292,0.13772894,0.004816955,0.15452898,-0.068158835,0.08471898,-0.0025146892,251.3339,247.0782,334.69952,2.6408093,17.05107,0.44716033
3,42,10,0.0048999996,0.049221117,0.01914779,0.022372171,0.007701155,0.06918777,0.0012276208,5.3369927,-2.6427693,7.2866874,-0.3517931,0.13837554,0.0024552415,0.1495733,-0.074065626,0.087756224,-0.004236772,251.40375,247.2592,334.8932,2.9945624,17.05107,0.47853586
3,43,10,0.0048999996,0.05070939,0.019079339,0.024194648,0.0074354038,0.06906399,0.008012357,5.5501175,-2.3396573,7.1598597,-0.8424835,0.13812798,0.016024714,0.1555463,-0.06557068,0.08622879,-0.010146336,251.44173,247.46391,334.19028,3.1821408,17.048672,0.42762706
3,44,10,0.0048999996,0.050284784,0.019364495,0.023738911,0.0071813813,0.069578186,0.0077976556,5.4975967,-2.4084709,7.0364914,-0.53838533,0.13915637,0.015595311,0.15407437,-0.067499235,0.08474303,-0.0064839707,251.507,247.59471,335.3227,2.9468563,17.048672,0.44851777
3,45,10,0.0048999996,0.040406164,0.015767485,0.017686717,0.006951963,0.06278432,0.008765904,4.7453275,-1.6685035,6.9231844,-1.6720109,0.12556864,0.017531808,0.13299142,-0.046761084,0.083378434,-0.020136636,251.49109,247.39468,335.40897,3.3405144,17.046085,0.36220965
3,46,10,0.0048999996,0.04285566,0.016730854,0.019266792,0.006858018,0.0646739,0.011402702,4.9527597,-1.386483,6.876248,-1.5950385,0.1293478,0.022805404,0.13880487,-0.038857248,0.08281315,-0.019209629,251.4551,247.17404,334.61206,2.9815216,17.046085,0.32171983
3,47,10,0.0048999996,0.040047616,0.017868785,0.015495768,0.0066830646,0.06683709,0.011970993,4.4416986,-0.6772781,6.7879715,-2.1440725,0.13367417,0.023941986,0.124482,-0.018981237,0.08175001,-0.025821844,251.50618,247.27316,335.16855,2.8213506,17.043379,0.2348098
3,48,10,0.0048999996,0.03559813,0.0137407025,0.014717377,0.0071400483,0.058610372,0.009746407,4.3287024,-0.67248374,7.0162134,-2.271831,0.117220744,0.019492814,0.121315196,-0.018846871,0.08449881,-0.027360488,251.54349,247.42767,335.62262,2.9443147,17.043379,0.21493316
3,49,10,0.0048999996,0.037274767,0.014320785,0.015561552,0.0073924293,0.05983474,0.0120969955,4.451117,0.48334393,7.1391377,-2.9001665,0.11966948,0.024193991,0.12474595,0.01354608,0.08597924,-0.03492776,251.53807,247.48492,334.54956,2.4168227,17.040686,0.1446774
3,50,10,0.0048999996,0.034598798,0.013701208,0.014081592,0.0068159965,0.05852608,0.011863942,4.234171,0.29060683,6.8551483,-2.6859212,0.11705216,0.023727885,0.11866588,0.008144478,0.08255905,-0.03234753,251.60965,247.65964,335.3836,2.3953145,17.040686,0.17731857
3,51,10,0.0048999996,0.035117008,0.013432704,0.014678717,0.0070055854,0.05794977,0.009073077,4.3230133,0.90018255,6.949834,-3.1876323,0.11589954,0.018146154,0.121155754,0.025228305,0.083699375,-0.038389817,251.68155,247.9172,335.9689,2.2874498,17.038095,0.21046993
3,52,10,0.0048999996,0.034700096,0.01310492,0.014707184,0.006887989,0.057238363,0.011176015,4.3272038,1.2374598,6.891257,-3.125561,0.114476725,0.02235203,0.12127318,0.03468076,0.08299391,-0.03764227,251.69186,248.07185,335.3136,1.8881012,17.038095,0.21207906
3,53,10,0.0048999996,0.032240693,0.012024172,0.013958766,0.006257754,0.054827392,0.007673342,4.2156644,1.4900361,6.5684276,-3.027861,0.109654784,0.015346684,0.118147224,0.041759398,0.079105966,-0.036465626,251.77702,248.30083,336.32797,1.537825,17.03554,0.27803144
3,54,10,0.0048999996,0.033057112,0.011437223,0.015282932,0.006336956,0.053472478,0.005799076,4.4110894,1.4351687,6.6098647,-3.2031853,0.106944956,0.011598152,0.12362415,0.040221702,0.079605,-0.038577132,251.86525,248.61072,337.16733,1.7680166,17.03554,0.251531
3,55,10,0.0048999996,0.03387006,0.011062977,0.01655793,0.0062491507,0.052590344,0.004361913,4.5914044,1.7749866,6.5639114,-3.128246,0.10518069,0.008723826,0.12867762,0.049745347,0.07905157,-0.037674606,251.83008,248.52937,336.47742,1.3532594,17.03297,0.28517315
3,56,10,0.0048999996,0.032319535,0.012351628,0.014182036,0.005785872,0.05556894,0.0047709835,4.2492456,1.7670358,6.31592,-2.9903438,0.11113788,0.009541967,0.11908835,0.049522527,0.07606492,-0.0360138,251.80287,248.32173,336.9902,1.223308,17.03297,0.28039658
3,57,10,0.0048999996,0.03045485,0.011844397,0.013122756,0.005487697,0.054415982,-0.0002752711,4.087475,1.4308808,6.1510215,-2.8427374,0.108831964,-0.0005505422,0.1145546,0.04010152,0.07407899,-0.03423612,251.8012,248.18466,337.00995,1.4118567,17.030382,0.24533466
3,58,10,0.0048999996,0.03036626,0.010651844,0.0140111195,0.0057032974,0.051603884,0.00196988,4.2235627,1.5471128,6.2706885,-2.8990035,0.10320777,0.00393976,0.11836857,0.04335902,0.07552018,-0.034913756,251.8042,248.29312,336.23172,1.3518907,17.030382,0.25574654
3,59,10,0.0048999996,0.02702129,0.009915845,0.012027288,0.0050781574,0.049789168,-0.0020249423,3.9131486,0.97947264,5.9170504,-2.3145297,0.099578336,-0.0040498846,0.10966899,0.02745047,0.07126119,-0.02787472,251.85649,248.38286,337.05563,1.335057,17.027748,0.1768952
3,60,10,0.0048999996,0.029360622,0.010433813,0.013576211,0.0053505977,0.05107302,-0.002959137,4.157496,0.9145024,6.0737,-2.464802,0.10214604,-0.005918274,0.116517,0.025629628,0.07314778,-0.029684508,251.89432,248.4474,337.5097,1.5502996,17.027748,0.18814403
3,61,10,0.0048999996,0.03167237,0.011729505,0.014632679,0.0053101857,0.05415142,-0.003880719,4.316229,0.5585454,6.0507193,-1.8544463,0.10830284,-0.007761438,0.12096561,0.01565366,0.07287102,-0.022333771,251.88281,248.53542,336.69293,1.2959008,17.02506,0.14504339
3,62,10,0.0048999996,0.03017167,0.010362071,0.014596786,0.005212813,0.05089713,-0.0037866125,4.310932,0.6108258,5.994988,-1.6691765,0.10179426,-0.007573225,0.12081716,0.017118858,0.072199814,-0.020102503,251.92921,248.6613,337.63943,1.0583507,17.02506,0.13027565
3,63,10,0.0048999996,0.030134454,0.012089679,0.012795183,0.0052495925,0.054976538,-0.008093099,4.036136,-0.14356273,6.016099,-1.3578408,0.109953076,-0.016186198,0.113115795,-0.004023455,0.07245407,-0.016352968,252.0285,249.04878,338.03613,1.5014036,17.022245,0.14449815
3,64,10,0.0048999996,0.025982924,0.009940734,0.011736024,0.004306165,0.049851615,-0.0054439353,3.8654766,-0.10375621,5.4487576,-1.1314706,0.09970323,-0.010887871,0.10833293,-0.0029078454,0.065621376,-0.013626712,252.04897,249.16084,337.43112,1.2352268,17.022245,0.11534783
3,65,10,0.0048999996,0.025205938,0.01083633,0.010377301,0.0039923065,0.052048847,-0.005347977,3.6348352,-0.596592,5.246433,-0.582475,0.104097694,-0.010695954,0.10186904,-0.016719947,0.0631847,-0.0070149596,252.11185,249.2802,338.2415,1.179067,17.019299,0.11655527
3,66,10,0.0048999996,0.026639283,0.010964838,0.011941872,0.0037325735,0.05235656,-0.0071988413,3.8992293,-0.8085975,5.072901,-0.6702563,0.10471312,-0.014397683,0.10927887,-0.022661565,0.06109479,-0.008072142,252.16791,249.47826,338.83737,1.4788538,17.019299,0.16529322
3,67,10,0.0048999996,0.029538713,0.011660776,0.01369477,0.0041831685,0.053992536,-0.005530129,4.1756096,-0.8101896,5.370378,-0.38948524,0.10798507,-0.011060258,0.11702465,-0.022706183,0.06467742,-0.004690713,252.14801,249.4627,337.81305,1.1996748,17.016277,0.16728017
3,68,10,0.0048999996,0.031434126,0.013275837,0.013688169,0.0044701197,0.057610407,-0.00534538,4.1746035,-0.8809551,5.551518,-0.22256288,0.115220815,-0.01069076,0.11699645,-0.024689436,0.066858955,-0.0026804057,252.20337,249.5775,338.61978,1.103518,17.016277,0.17840481
3,69,10,0.0048999996,0.030676391,0.012518661,0.013384041,0.0047736866,0.05594341,-0.0045203,4.1279664,-0.9911952,5.736925,-0.20840128,0.11188682,-0.0090406,0.11568942,-0.027779004,0.06909187,-0.0025098526,252.2745,249.81485,339.1436,1.1995965,17.013168,0.19787267
3,70,10,0.0048999996,0.028816063,0.011005563,0.013627872,0.004182629,0.0524537,-0.0033477084,4.1653986,-0.80006284,5.3700314,-0.14408997,0.1049074,-0.0066954168,0.116738476,-0.02242237,0.064673245,-0.001735328,252.26685,249.82434,338.0565,0.94415283,17.013168,0.15820943
3,71,10,0.0048999996,0.028814321,0.012519036,0.01247087,0.0038244147,0.05594425,-0.00072816527,3.9846566,-0.64588135,5.1349316,0.06589958,0.1118885,-0.0014563305,0.11167305,-0.018101318,0.061841853,0.00079365255,252.34087,250.02092,339.03012,0.5799818,17.009972,0.14179772
3,72,10,0.0048999996,0.026765509,0.010855177,0.012112272,0.0037980585,0.05209409,-0.0027403024,3.92695,-0.79113,5.117207,-0.13346723,0.10418818,-0.0054806047,0.11005577,-0.022172017,0.06162839,-0.0016073943,252.38422,250.13692,339.8144,0.92459726,17.009972,0.16149068
3,73,10,0.0048999996,0.02871375,0.01165283,0.013073992,0.003986927,0.053974137,0.00090555544,4.079873,-0.21708572,5.2428975,-0.020911584,0.10794827,0.0018111109,0.11434156,-0.0060839904,0.06314212,-0.00025184572,252.35007,250.07266,338.66824,0.23799731,17.006802,0.124432184
3,74,10,0.0048999996,0.030093208,0.013328392,0.012413991,0.0043508266,0.057724327,0.0018786478,3.9755597,-0.3495626,5.476941,-0.04112153,0.11544865,0.0037572957,0.11141809,-0.009796763,0.065960795,-0.0004952422,252.41898,250.32954,339.31573,0.39068413,17.006802,0.13111427
3,75,10,0.0048999996,0.030269446,0.013800847,0.011801332,0.004667265,0.058738504,0.0009712039,3.8762167,-0.0013383904,5.672616,-0.26019296,0.11747701,0.0019424078,0.108633935,-3.7508482e-5,0.06831738,-0.0031335992,252.51164,250.69432,340.23468,0.26153135,17.003654,0.1075245
3,76,10,0.0048999996,0.027626812,0.011263081,0.012181357,0.004182375,0.053063832,0.0029534183,3.9381332,-0.011645384,5.3698688,-0.018076502,0.106127664,0.0059068366,0.11036918,-0.00032636913,0.064671285,-0.00021770025,252.54265,250.95631,339.4382,0.029721886,17.003654,0.11747475
3,77,10,0.0048999996,0.027987676,0.012345391,0.011212463,0.004429823,0.055554908,0.0036543214,3.7782702,0.14790294,5.5264387,0.11630222,0.111109816,0.007308643,0.10588892,0.0041450914,0.066556916,0.0014006706,252.64346,251.29005,340.27945,-0.26420516,17.000479,0.14005052
3,78,10,0.0048999996,0.029580727,0.012912655,0.011876309,0.004791763,0.05681693,0.0022973667,3.8885105,0.13974163,5.747776,0.10933316,0.11363386,0.0045947335,0.10897848,0.003916365,0.06922256,0.0013167401,252.7442,251.65775,341.1882,-0.24907479,17.000479,0.14260942
3,79,10,0.0048999996,0.02775128,0.011376574,0.011761004,0.004613703,0.05333051,0.0038337144,3.8695881,0.21992898,5.639973,0.39486164,0.10666102,0.007667429,0.10844816,0.006163679,0.067924246,0.0047554625,252.77605,251.8738,340.3878,-0.6147906,16.99736,0.14928965
3,80,10,0.0048999996,0.02885217,0.012284929,0.011855388,0.004711854,0.0554187,0.005686713,3.885084,0.23648913,5.699649,0.46619943,0.1108374,0.011373426,0.10888245,0.006627786,0.068642944,0.00561461,252.83324,252.06992,341.14053,-0.7026886,16.99736,0.17437062
3,81,10,0.0048999996,0.030935125,0.013153548,0.012440084,0.005341494,0.05734446,0.0011241465,3.9797351,0.28792918,6.0685315,0.47180685,0.11468892,0.002248293,0.111535124,0.008069434,0.073085524,0.005682141,252.8649,252.16853,341.6682,-0.75973606,16.99433,0.12475147
3,82,10,0.0048999996,0.029519886,0.011020496,0.013759725,0.0047396645,0.052489273,0.003301566,4.1855006,0.34073642,5.716444,0.58750683,0.10497855,0.006603132,0.11730185,0.009549396,0.06884522,0.007075559,252.8497,252.18178,340.78668,-0.9282433,16.99433,0.14215593
3,83,10,0.0048999996,0.031805944,0.012867266,0.014160607,0.0047780704,0.056716986,0.0037525473,4.246034,0.19809361,5.7395587,0.6263314,0.11343397,0.0075050946,0.11899835,0.005551721,0.06912359,0.0075431378,252.91902,252.3237,341.49115,-0.824425,16.99133,0.11253926
3,84,10,0.0048999996,0.032840278,0.0135549735,0.013934551,0.0053507537,0.058212914,0.0010592075,4.212006,0.1257815,6.0737896,0.62903124,0.11642583,0.002118415,0.1180447,0.0035251246,0.07314885,0.0075756516,253.00085,252.6171,342.33624,-0.7548127,16.99133,0.118908174
3,85,10,0.0048999996,0.027762976,0.010678003,0.012221647,0.0048633264,0.05166721,0.001078902,3.9446404,-0.2392426,5.7905374,1.0991359,0.10333442,0.002157804,0.11055156,-0.0067049577,0.06973755,0.013237295,253.03387,252.92558,341.58145,-0.85989326,16.988337,0.10912534
3,86,10,0.0048999996,0.029517151,0.011468591,0.0132846795,0.004763881,0.053545754,0.0032362835,4.1126156,-0.29883257,5.7310305,1.2999948,0.10709151,0.006472567,0.115259185,-0.008375012,0.069020875,0.015656311,253.07323,252.92632,342.03497,-1.0011623,16.988337,0.12715505
3,87,10,0.0048999996,0.034876473,0.013721335,0.015248383,0.0059067546,0.05856905,-0.0005653413,4.406101,-0.4543383,6.381557,1.5889279,0.1171381,-0.0011306826,0.12348434,-0.012733175,0.07685541,0.019136036,253.12067,252.99477,342.61383,-1.1345896,16.985287,0.1345918
3,88,10,0.0048999996,0.035155542,0.011575576,0.017222932,0.006357033,0.053794924,0.00020435092,4.6826973,-0.39131182,6.620327,1.6795619,0.10758985,0.00040870183,0.13123617,-0.010966811,0.079731,0.020227578,253.12822,253.09908,342.00055,-1.28825,16.985287,0.13615525
3,89,10,0.0048999996,0.032731242,0.012089336,0.014809172,0.0058327354,0.05497576,0.001236582,4.342181,-0.56676304,6.341447,1.6583397,0.10995152,0.002473164,0.12169294,-0.01588397,0.07637235,0.01997199,253.14311,253.05531,342.25742,-1.0915767,16.982244,0.13566442
3,90,10,0.0048999996,0.034368195,0.012838233,0.015601389,0.005928574,0.056652963,-0.0009802431,4.4568105,-0.6843963,6.3933334,1.5828799,0.11330593,-0.0019604862,0.12490552,-0.01918073,0.076997235,0.019063199,253.19183,253.20845,342.9562,-0.8984836,16.982244,0.16353334
3,91,10,0.0048999996,0.02887836,0.009708447,0.01390631,0.005263603,0.049265727,0.0014575267,4.207736,-0.7032852,6.024122,1.9068936,0.098531455,0.0029150534,0.11792502,-0.019710107,0.07255069,0.022965413,253.2356,253.57751,342.44168,-1.2036084,16.979187,0.14824992
3,92,10,0.0048999996,0.03149826,0.012487408,0.013723009,0.005287846,0.055873536,0.0023311458,4.1799126,-0.67197186,6.0379786,1.9678736,0.11174707,0.0046622916,0.11714525,-0.01883252,0.07271758,0.023699813,253.329,253.91994,343.12256,-1.2959018,16.979187,0.1473129
3,93,10,0.0048999996,0.03400618,0.0117040705,0.015729815,0.006572294,0.054092675,-0.0021858136,4.475117,-0.43753305,6.731481,2.0153568,0.10818535,-0.0043716272,0.12541856,-0.012262197,0.081069686,0.02427167,253.41536,254.19888,343.60416,-1.5778238,16.976088,0.11179559
3,94,10,0.0048999996,0.037965316,0.012782627,0.018185519,0.006997172,0.05653014,0.0016472554,4.811776,-0.4794918,6.9456596,2.366861,0.11306028,0.0032945108,0.13485369,-0.013438123,0.0836491,0.028504964,253.4324,254.29033,342.91568,-1.8873693,16.976088,0.1377613
3,95,10,0.0048999996,0.03583453,0.013194548,0.01601312,0.0066268626,0.05743376,0.000739838,4.5152373,-0.12512909,6.759369,1.8733186,0.11486752,0.001479676,0.12654296,-0.0035068362,0.08140554,0.022561057,253.49857,254.46709,343.5512,-1.7481894,16.972982,0.1154725
3,96,10,0.0048999996,0.037277438,0.014438909,0.016379863,0.0064586666,0.060081005,-0.0024329324,4.566649,-0.23803183,6.673039,1.7421628,0.12016201,-0.0048658648,0.12798384,-0.006671022,0.08036583,0.020981504,253.53949,254.62831,344.14157,-1.504131,16.972982,0.10384812
3,97,10,0.0048999996,0.03390201,0.011287176,0.016249646,0.0063651926,0.05312056,0.00042971922,4.5484614,-0.2850709,6.6245747,1.785866,0.10624112,0.00085943844,0.1274741,-0.00798933,0.07978216,0.021507831,253.55515,254.8084,343.6553,-1.5007951,16.969997,0.122286715
3,98,10,0.0048999996,0.03193753,0.011693172,0.014199373,0.0060449834,0.054067485,0.0022630645,4.2518415,-0.20436789,6.4557953,1.7779043,0.10813497,0.004526129,0.11916112,-0.005727566,0.07774949,0.021411953,253.63065,255.03369,344.08154,-1.5735364,16.969997,0.12942642
3,99,10,0.0048999996,0.03436108,0.012493254,0.015219328,0.0066484977,0.05588661,-0.0012788856,4.4019012,-0.19240084,6.770394,1.571821,0.11177322,-0.0025577713,0.12336664,-0.005392183,0.08153832,0.018930007,253.71997,255.38289,344.75406,-1.3794202,16.967136,0.10488277
3,100,10,0.0048999996,0.03911247,0.012993639,0.01860294,0.007515894,0.056994822,0.0019251194,4.8666863,-0.3665394,7.198508,1.8020772,0.113989644,0.0038502389,0.1363926,-0.010272539,0.086694255,0.02170307,253.7465,255.60022,343.87073,-1.4355378,16.967136,0.16044301
4,1,10,0.0034299996,0.08930054,0.0343913,0.03959927,0.015309971,0.09272446,-0.03145909,7.100454,3.19904,10.273996,-4.5620074,0.18544891,-0.06291818,0.19899565,0.08965554,0.12373347,-0.05494192,252.86176,257.46893,349.2927,1.3629675,16.964422,0.61273324
4,2,10,0.0034299996,0.09184621,0.038787343,0.038047295,0.015011582,0.09847251,-0.03171618,6.9599233,3.0866542,10.173384,-4.6526027,0.19694503,-0.06343236,0.19505715,0.08650583,0.12252176,-0.05603299,252.8649,257.2782,349.81827,1.5659485,16.964422,0.6357606
4,3,10,0.0034299996,0.08872526,0.04134645,0.032666486,0.014712324,0.10166913,-0.03257752,6.44902,2.684812,10.071469,-4.6122556,0.20333827,-0.06515504,0.18073872,0.07524389,0.12129437,-0.05554707,252.80531,256.74115,349.49945,1.9274435,16.961843,0.6363508
4,4,10,0.0034299996,0.076423585,0.032545615,0.02935966,0.01451831,0.09020202,-0.026202826,6.1138954,2.596028,10.004842,-4.6453767,0.18040404,-0.05240565,0.1713466,0.07275567,0.12049195,-0.05594597,252.7358,256.4027,347.98077,2.0493486,16.961843,0.6314028
4,5,10,0.0034299996,0.06522486,0.030210627,0.022396244,0.012617991,0.08690602,-0.020523736,5.339864,1.7146893,9.327115,-4.135051,0.17381205,-0.041047473,0.14965375,0.048055485,0.11232983,-0.04979992,252.71884,256.06003,348.47562,2.4203615,16.958666,0.49171877
4,6,10,0.0034299996,0.06755853,0.030491484,0.0248297,0.012237341,0.087309055,-0.022139631,5.6224847,1.8205699,9.18535,-4.2016563,0.17461811,-0.044279262,0.15757443,0.05102286,0.11062252,-0.05060208,252.63013,255.47032,347.91888,2.3810863,16.958666,0.53301907
4,7,10,0.0034299996,0.056270227,0.024304202,0.020864027,0.011102,0.077949025,-0.009149528,5.1539674,0.8602459,8.748886,-3.771526,0.15589805,-0.018299056,0.14444385,0.024109052,0.10536603,-0.04542186,252.49677,254.83621,345.93942,2.9112802,16.95511,0.37648314
4,8,10,0.0034299996,0.054645404,0.024233349,0.019323312,0.011088742,0.07783532,-0.010085577,4.960018,0.79797447,8.743661,-3.770005,0.15567064,-0.020171154,0.13900831,0.022363842,0.105303094,-0.04540354,252.46162,254.44788,345.9401,2.9720306,16.95511,0.3717862
4,9,10,0.0034299996,0.056839313,0.027856275,0.01906398,0.009919059,0.083450995,-0.0055959225,4.926623,-0.15574576,8.269656,-3.2159846,0.16690199,-0.011191845,0.13807237,-0.0043648905,0.099594474,-0.038731273,252.35266,253.76416,345.25,3.3717303,16.95138,0.23412926
4,10,10,0.0034299996,0.055806343,0.022841247,0.022637486,0.010327611,0.075566605,0.00017104637,5.3685455,-0.070548624,8.438244,-2.978759,0.15113321,0.00034209274,0.15045759,-0.0019771836,0.101624854,-0.03587429,252.22017,253.1407,343.4799,3.0493076,16.95138,0.24676892
4,11,10,0.0034299996,0.050665367,0.019223208,0.022505796,0.008936365,0.06932389,0.006638445,5.3529077,-0.96199054,7.8493304,-2.212652,0.13864778,0.01327689,0.15001932,-0.026960518,0.09453235,-0.026647773,252.1934,252.85986,343.62082,3.1746426,16.947662,0.24369465
4,12,10,0.0034299996,0.05162197,0.021257685,0.021398878,0.008965407,0.07290008,0.00454167,5.2196097,-0.9598421,7.8620753,-2.2695978,0.14580016,0.00908334,0.14628355,-0.026900306,0.09468583,-0.027333595,252.12387,252.40195,343.16592,3.2294397,16.947662,0.23973888
4,13,10,0.0034299996,0.05429796,0.019465229,0.026311867,0.008520866,0.06975892,0.012898778,5.787864,-1.4287739,7.6646814,-1.7999499,0.13951784,0.025797555,0.16220933,-0.04004247,0.092308536,-0.021677455,252.00317,251.76428,341.45505,3.2287238,16.944145,0.3366964
4,14,10,0.0034299996,0.055086,0.022145906,0.024358159,0.008581935,0.0744075,0.012372121,5.56884,-1.5954916,7.692098,-1.6879771,0.148815,0.024744242,0.156071,-0.04471488,0.09263874,-0.020328926,251.97775,251.51294,341.4801,3.2834687,16.944145,0.38742033
4,15,10,0.0034299996,0.05604185,0.021992857,0.025710113,0.0083388835,0.074149944,0.014092954,5.7212977,-2.0749168,7.5823903,-1.1213996,0.14829989,0.028185908,0.16034374,-0.05815113,0.09131749,-0.013505424,251.95406,251.29352,341.23096,3.1963165,16.940897,0.45748085
4,16,10,0.0034299996,0.06115774,0.022102606,0.030178769,0.008876369,0.074334726,0.017371433,6.1985955,-2.0403626,7.822937,-0.9957042,0.14866945,0.034742866,0.17372037,-0.057182726,0.094214484,-0.011991629,251.93387,251.12317,340.02142,3.0360668,16.940897,0.47828576
4,17,10,0.0034299996,0.060653787,0.024505846,0.02763191,0.008516031,0.07827172,0.020500477,5.9312735,-2.2686386,7.662505,-0.38364998,0.15654343,0.041000955,0.16622849,-0.06358033,0.09228235,-0.004620433,251.95973,251.07384,340.35846,2.6522887,16.93795,0.5001998
4,18,10,0.0034299996,0.058725502,0.021209743,0.028694369,0.0088213915,0.072817825,0.018572224,6.044229,-2.273252,7.7986736,-0.459025,0.14563565,0.03714445,0.16939412,-0.06370962,0.093922265,-0.005528202,251.92657,250.78334,340.01483,2.732277,16.93795,0.48486122
4,19,10,0.0034299996,0.05286406,0.021069467,0.023284815,0.008509778,0.07257663,0.022469725,5.444762,-1.809092,7.6596923,-0.09869254,0.14515325,0.04493945,0.15259363,-0.050701186,0.09224846,-0.0011885889,251.86017,250.48135,338.53485,1.9077846,16.935354,0.42997095
4,20,10,0.0034299996,0.05537714,0.024513386,0.022601549,0.008262205,0.07828376,0.022550376,5.364282,-1.8139063,7.5474496,0.00016514942,0.15656751,0.045100752,0.15033811,-0.0508361,0.09089667,1.9868214e-6,251.85223,250.35204,338.84848,1.8137412,16.935354,0.45937854
4,21,10,0.0034299996,0.046513814,0.021150826,0.017292706,0.008070283,0.072716616,0.01959949,4.6921725,-1.5626749,7.459274,0.3628708,0.14543323,0.03919898,0.13150173,-0.04379517,0.08983475,0.004370185,251.82071,250.08089,338.82498,1.1998041,16.933191,0.38365436
4,22,10,0.0034299996,0.047968626,0.020876974,0.018800119,0.008291536,0.07224433,0.02221265,4.89241,-1.3951316,7.5608344,0.40966442,0.14448866,0.0444253,0.13711353,-0.039099623,0.091057874,0.004933739,251.72409,249.53938,337.47372,0.9854672,16.933191,0.38781136
4,23,10,0.0034299996,0.04251174,0.020611808,0.014439017,0.0074609146,0.071784064,0.019591149,4.287571,-1.0441437,7.172131,0.88385767,0.14356813,0.039182298,0.12016246,-0.029262926,0.086376585,0.0106446175,251.68849,249.15744,337.7208,0.16028601,16.931475,0.36750522
4,24,10,0.0034299996,0.04225669,0.018826379,0.01558411,0.007846202,0.068604626,0.01790043,4.454342,-1.1720432,7.3549876,0.7304577,0.13720925,0.03580086,0.12483633,-0.032847404,0.08857879,0.008797166,251.66394,248.9826,337.3121,0.44158548,16.931475,0.37511498
4,25,10,0.0034299996,0.03917681,0.018240707,0.013441932,0.0074941716,0.06752908,0.018189067,4.1368847,-0.37914747,7.1880975,1.1125258,0.13505816,0.036378134,0.11593935,-0.010625892,0.086568885,0.01339856,251.66058,249.0196,336.50418,-0.73337835,16.93023,0.27173296
4,26,10,0.0034299996,0.044411734,0.021675028,0.014604482,0.008132222,0.073612206,0.018118042,4.312068,-0.3811012,7.4878435,1.3596896,0.14722441,0.036236085,0.120849006,-0.010680652,0.09017883,0.01637524,251.72676,249.1989,337.41748,-0.9785884,16.93023,0.3002688
4,27,10,0.0034299996,0.04089064,0.02032435,0.01231484,0.00825145,0.071281746,0.011770011,3.959651,-0.283319,7.5425344,1.3596007,0.14256349,0.023540022,0.11097225,-0.007940232,0.09083749,0.016374163,251.72809,249.14444,337.47592,-1.0762817,16.9293,0.24722649
4,28,10,0.0034299996,0.04278145,0.020086542,0.013981309,0.008713598,0.0708635,0.013436937,4.2190676,0.025249442,7.7508793,1.4685391,0.141727,0.026873874,0.118242584,0.00070763356,0.093346655,0.017686158,251.67212,248.87582,336.24033,-1.4937886,16.9293,0.25904837
4,29,10,0.0034299996,0.04313311,0.019473791,0.015055794,0.008603523,0.06977426,0.0091689285,4.378187,0.40756905,7.701767,1.5244541,0.13954853,0.018337857,0.122702055,0.01142243,0.092755176,0.018359553,251.68472,248.80327,336.40082,-1.9320232,16.928535,0.27353528
4,30,10,0.0034299996,0.04273866,0.01843778,0.014905302,0.009395576,0.067892894,0.008461803,4.3562512,0.10985862,8.04848,1.3868943,0.13578579,0.016923606,0.12208727,0.0030788726,0.09693078,0.016702875,251.68553,248.73853,336.4188,-1.496753,16.928535,0.29429084
4,31,10,0.0034299996,0.044537723,0.021408094,0.014245682,0.0088839475,0.07315753,0.0031823823,4.2587695,0.6388582,7.8262763,1.4823223,0.14631505,0.0063647646,0.119355276,0.017904494,0.094254695,0.01785215,251.65451,248.60277,335.59344,-2.1211805,16.927824,0.3276659
4,32,10,0.0034299996,0.045893982,0.021166336,0.01563639,0.00909126,0.072743274,0.004121702,4.4618073,0.5556068,7.917066,1.6548989,0.14548655,0.008243404,0.12504555,0.0155713055,0.0953481,0.019930549,251.67397,248.50093,335.86682,-2.2105057,16.927824,0.31288287
4,33,10,0.0034299996,0.042661875,0.020693723,0.013187702,0.008780451,0.071926564,-0.0006864083,4.0975766,0.57342243,7.7805557,1.5483477,0.14385313,-0.0013728166,0.11483772,0.016070602,0.09370406,0.018647311,251.69212,248.51048,335.79785,-2.1217701,16.92712,0.30703872
4,34,10,0.0034299996,0.048740875,0.022765456,0.016682902,0.009292518,0.07544113,0.000579918,4.6086993,0.9483225,8.004218,1.5976954,0.15088226,0.001159836,0.12916231,0.026577462,0.096397705,0.019241633,251.66,248.43004,334.72345,-2.546018,16.92712,0.3262791
4,35,10,0.0034299996,0.0461772,0.021252025,0.01570051,0.00922467,0.07289037,-0.0009062814,4.4709454,1.0055158,7.9749427,1.65584,0.14578074,-0.0018125628,0.12530167,0.028180344,0.096045144,0.019941889,251.66008,248.35454,335.10577,-2.661356,16.926397,0.27671012
4,36,10,0.0034299996,0.04783766,0.020215461,0.017537275,0.010084922,0.07109054,-0.0019257568,4.725237,0.7520758,8.3385105,1.6363775,0.14218108,-0.0038515136,0.13242838,0.021077503,0.100423716,0.019707488,251.62852,248.10316,334.99384,-2.3884532,16.926397,0.26030546
4,37,10,0.0034299996,0.048831977,0.020592498,0.018000804,0.010238679,0.07175043,-0.004056784,4.7872767,1.2238381,8.401835,1.40455,0.14350086,-0.008113568,0.13416708,0.034298997,0.10118636,0.016915508,251.56796,247.8402,333.8415,-2.628388,16.925657,0.2946684
4,38,10,0.0034299996,0.057479955,0.027321134,0.019010918,0.011147903,0.08264553,-0.004059579,4.919762,1.1507522,8.766954,1.4872243,0.16529106,-0.008119158,0.13788009,0.032250714,0.10558363,0.017911186,251.5487,247.62358,334.0232,-2.6379766,16.925657,0.30886644
4,39,10,0.0034299996,0.05012633,0.020725738,0.018719502,0.010681087,0.07198218,-0.0045777317,4.8819084,0.6459738,8.581435,1.2750674,0.14396437,-0.009155463,0.13681923,0.01810391,0.10334934,0.0153561,251.53844,247.52841,333.97113,-1.9210413,16.924917,0.2354483
4,40,10,0.0034299996,0.05616361,0.024353337,0.020610908,0.011199361,0.07802778,-0.0035904224,5.1226077,0.8144186,8.787166,1.3694131,0.15605555,-0.007180845,0.143565,0.022824707,0.10582703,0.01649234,251.50742,247.42989,333.12027,-2.1838317,16.924917,0.27869403
4,41,10,0.0034299996,0.049739007,0.020957662,0.018392049,0.010389294,0.072383806,-0.0027854464,4.839022,0.7128985,8.463407,1.3187755,0.14476761,-0.0055708927,0.13561729,0.019979523,0.101927884,0.015882494,251.52884,247.42221,333.8878,-2.031674,16.924221,0.22231366
4,42,10,0.0034299996,0.049119454,0.018314755,0.020315394,0.010489303,0.06766601,-0.0025984617,5.085752,0.44431794,8.504045,1.2769111,0.13533202,-0.0051969234,0.14253208,0.012452349,0.1024173,0.015378307,251.51753,247.3236,333.68597,-1.7212291,16.924221,0.21048018
4,43,10,0.0034299996,0.050957978,0.01980629,0.02117905,0.009972638,0.07036741,-0.0022612687,5.1927304,0.52012986,8.29196,1.0106726,0.14073482,-0.0045225373,0.14553024,0.014577035,0.0998631,0.012171894,251.48048,247.26065,332.87314,-1.5308025,16.923628,0.21749331
4,44,10,0.0034299996,0.0513346,0.020742595,0.020582663,0.010009346,0.07201145,-0.00081236946,5.1190968,0.49037564,8.307207,1.3191676,0.1440229,-0.0016247389,0.14346659,0.01374315,0.10004672,0.015887218,251.46646,247.1089,333.39072,-1.8095433,16.923628,0.23995769
4,45,10,0.0034299996,0.052649982,0.021983081,0.020304589,0.01036231,0.07413346,7.166525e-5,5.0843987,-0.2616669,8.45241,0.8524285,0.14826693,0.0001433305,0.14249417,-0.007333416,0.101795435,0.010266106,251.42429,246.91545,333.0931,-0.5907616,16.923136,0.27378577
4,46,10,0.0034299996,0.055197544,0.02418118,0.020368837,0.010647527,0.077751495,0.0011227607,5.092437,-0.07625288,8.567944,0.702174,0.15550299,0.0022455214,0.14271943,-0.0021370472,0.10318685,0.008456536,251.36414,246.72379,332.17188,-0.62592113,16.923136,0.26190892
4,47,10,0.0034299996,0.0509883,0.02167677,0.019535037,0.009776495,0.07361516,0.0012292053,4.987118,-0.6506334,8.210012,0.57978725,0.14723033,0.0024584106,0.1397678,-0.0182345,0.09887616,0.0069825915,251.36395,246.62863,332.61023,0.07084614,16.922686,0.29014903
4,48,10,0.0034299996,0.053101826,0.02100589,0.021702068,0.01039387,0.072467044,0.0027922494,5.2564564,-0.9746122,8.46527,0.45757565,0.14493409,0.005584499,0.14731622,-0.02731425,0.10195033,0.0055107474,251.34148,246.47885,332.54648,0.51703656,16.922686,0.284822
4,49,10,0.0034299996,0.051512532,0.018631518,0.023274256,0.009606757,0.06824866,0.0019297807,5.4435287,-1.1302269,8.13843,-0.01502299,0.13649732,0.0038595614,0.15255903,-0.03167547,0.098014064,-0.0001809281,251.3432,246.54277,331.61252,1.1452498,16.922321,0.23314613
4,50,10,0.0034299996,0.054205123,0.020410605,0.023771212,0.010023307,0.071432844,0.0016576232,5.5013366,-0.97167873,8.312999,0.1399435,0.14286569,0.0033152464,0.15417916,-0.027232036,0.10011647,0.0016853906,251.38748,246.57379,332.26547,0.83173525,16.922321,0.2032984
4,51,10,0.0034299996,0.050058037,0.01552864,0.024520284,0.010009112,0.06230698,0.00031614598,5.5873423,-1.5907907,8.30711,-0.23382804,0.12461396,0.00063229195,0.15658954,-0.044583123,0.10004555,-0.0028160778,251.39949,246.5872,332.40427,1.8246188,16.921986,0.2405556
4,52,10,0.0034299996,0.05274707,0.017622184,0.024795502,0.0103293825,0.06637429,0.0013856211,5.618611,-1.3059202,8.438969,-0.32253394,0.13274857,0.0027712423,0.15746588,-0.036599413,0.10163357,-0.003884394,251.36647,246.47758,331.78217,1.6284542,16.921986,0.19038163
4,53,10,0.0034299996,0.051715814,0.018404119,0.023128182,0.010183511,0.06783089,0.0006719334,5.426419,-1.1379522,8.379168,-0.67928016,0.13566178,0.0013438668,0.15207952,-0.031891983,0.10091338,-0.0081808185,251.37326,246.43884,332.01334,1.8172324,16.921574,0.21760398
4,54,10,0.0034299996,0.0532835,0.017649472,0.024359327,0.011274703,0.06642566,-0.00029823664,5.568974,-1.403667,8.816673,-0.7595622,0.13285132,-0.0005964733,0.15607475,-0.039338846,0.106182404,-0.009147685,251.37769,246.44128,331.90634,2.1632292,16.921574,0.2801153
4,55,10,0.0034299996,0.049770914,0.017454678,0.02187452,0.010441711,0.06605808,-0.001383114,5.2773004,-0.8376759,8.48473,-1.1421825,0.13211615,-0.002766228,0.14790037,-0.02347651,0.10218469,-0.013755716,251.37885,246.43622,331.41782,1.9798584,16.921017,0.2377178
4,56,10,0.0034299996,0.04938869,0.018098403,0.020622596,0.010667693,0.06726515,-0.0006437965,5.12406,-0.7466985,8.576053,-1.0053985,0.1345303,-0.001287593,0.1436057,-0.020926794,0.10328452,-0.012108381,251.40361,246.41129,332.17892,1.752097,16.921017,0.23037131
4,57,10,0.0034299996,0.04554859,0.015915213,0.01889427,0.010739108,0.063077755,-0.00038523506,4.9046454,-0.44251788,8.604712,-1.3590345,0.12615551,-0.0007704701,0.13745643,-0.012401904,0.10362966,-0.016367348,251.37633,246.2467,332.54807,1.8015524,16.920301,0.19521093
4,58,10,0.0034299996,0.04441759,0.014928498,0.019503841,0.0099852495,0.061091118,0.0003668273,4.9831343,-0.20817144,8.297201,-1.3650655,0.122182235,0.0007336546,0.13965616,-0.00583416,0.09992622,-0.01643998,251.30347,245.99345,331.805,1.573237,16.920301,0.13450073
4,59,10,0.0034299996,0.043025475,0.014045099,0.018944269,0.010036107,0.05925601,0.002099839,4.9111304,0.18318598,8.318305,-1.7718097,0.11851202,0.004199678,0.13763818,0.0051339287,0.10018037,-0.021338547,251.28215,245.84198,331.8911,1.5886238,16.91945,0.106025994
4,60,10,0.0034299996,0.041881166,0.014339607,0.01764232,0.00989924,0.05987405,0.0017634543,4.739367,-0.19504265,8.26139,-1.953837,0.1197481,0.0035269086,0.13282439,-0.005466217,0.09949493,-0.02353077,251.28023,245.88023,331.63455,2.1488798,16.91945,0.113755345
4,61,10,0.0034299996,0.043944303,0.016655257,0.017899705,0.009389342,0.06452762,0.0018243397,4.7738137,0.44202203,8.04581,-2.0266063,0.12905525,0.0036486795,0.13378978,0.012388006,0.096898615,-0.024407154,251.25687,245.84016,330.8215,1.5845842,16.918562,0.15054001
4,62,10,0.0034299996,0.039273463,0.014160756,0.016110385,0.0090023205,0.059499487,0.0015094681,4.5289288,0.46437827,7.878243,-1.9953781,0.118998975,0.0030189361,0.12692669,0.013014559,0.09488056,-0.02403107,251.29005,245.82765,331.75806,1.5309999,16.918562,0.15307607
4,63,10,0.0034299996,0.036535867,0.0118135745,0.0154961515,0.009226138,0.054345135,0.0019389433,4.441754,0.4811476,7.9755783,-2.1285915,0.10869027,0.0038778866,0.12448354,0.013484527,0.09605279,-0.0256354,251.25601,245.70183,331.9573,1.647444,16.917725,0.17760597
4,64,10,0.0034299996,0.03799402,0.011851527,0.0171344,0.009008093,0.05443236,0.0033973998,4.6706467,0.7659097,7.8807693,-2.3348196,0.10886472,0.0067947996,0.13089843,0.021465203,0.09491097,-0.028119078,251.1935,245.55183,331.14093,1.5689099,16.917725,0.20140153
4,65,10,0.0034299996,0.035395645,0.011921923,0.01476101,0.008712714,0.05459378,0.0033157025,4.3351145,0.8787959,7.7504854,-2.2260897,0.10918756,0.006631405,0.1214949,0.024628928,0.09334192,-0.026809609,251.20222,245.55307,331.45456,1.3472939,16.916903,0.22890219
4,66,10,0.0034299996,0.03412823,0.011341609,0.014059446,0.008727175,0.053248495,0.0026477738,4.23084,0.59643114,7.7569156,-2.3741612,0.10649699,0.0052955477,0.11857253,0.016715439,0.09341935,-0.02859289,251.2021,245.56111,331.60538,1.7777301,16.916903,0.17838755
4,67,10,0.0034299996,0.036399033,0.013305014,0.015188792,0.007905225,0.05767368,0.0028266304,4.3974833,0.5197101,7.3825994,-2.0793452,0.11534736,0.0056532607,0.12324282,0.01456527,0.08891133,-0.025042307,251.18687,245.53319,330.98703,1.5596352,16.9161,0.16598967
4,68,10,0.0034299996,0.03492752,0.013437529,0.013673621,0.0078163715,0.05796018,0.0027236515,4.1723843,0.6996962,7.340993,-2.0265567,0.11592036,0.005447303,0.11693426,0.019609518,0.08841024,-0.024406563,251.21031,245.58286,331.42255,1.3268605,16.9161,0.18180034
4,69,10,0.0034299996,0.03230843,0.012397301,0.012451734,0.0074593956,0.055671584,0.0004986087,3.9815984,0.13034235,7.1714005,-1.8251636,0.11134317,0.0009972174,0.11158734,0.003652944,0.08636779,-0.02198111,251.20679,245.69957,331.2469,1.6948212,16.915264,0.09254005
4,70,10,0.0034299996,0.031249503,0.0117004495,0.0126647465,0.0068843067,0.05408431,0.0011938866,4.0155106,0.44972426,6.889414,-1.8539886,0.10816862,0.0023877732,0.11253776,0.012603864,0.08297172,-0.022328261,251.17834,245.65747,330.67346,1.4042645,16.915264,0.1114822
4,71,10,0.0034299996,0.028403789,0.010547945,0.01159462,0.0062612235,0.051351596,-0.0015468835,3.842119,0.17704877,6.5702486,-1.3826858,0.10270319,-0.003093767,0.10767832,0.004961925,0.07912789,-0.016652187,251.224,245.73186,331.5051,1.205637,16.91434,0.07251631
4,72,10,0.0034299996,0.029631954,0.011489625,0.011784459,0.006357869,0.053594835,-0.0019823837,3.8734448,-0.16092096,6.620762,-1.4107878,0.10718967,-0.0039647673,0.10855625,-0.004509934,0.07973625,-0.016990632,251.28401,245.98749,331.93277,1.5717088,16.91434,0.114119865
4,73,10,0.0034299996,0.03176237,0.0124093015,0.013137681,0.006215385,0.05569852,-0.0032806487,4.0897985,-0.22927506,6.5461535,-1.0756245,0.11139704,-0.0065612975,0.114619724,-0.0064256084,0.078837715,-0.012954136,251.33089,246.26569,331.4791,1.3048996,16.913284,0.13431762
4,74,10,0.0034299996,0.03319738,0.014595076,0.012574776,0.006027526,0.060405042,-0.0032192685,4.0012226,-0.18867369,6.4464664,-0.9336264,0.120810084,-0.006438537,0.11213731,-0.005287723,0.07763714,-0.011244004,251.41714,246.5607,332.4787,1.1223001,16.913284,0.114617534
4,75,10,0.0034299996,0.02924372,0.011427082,0.012109498,0.0057071415,0.053448766,-0.004931835,3.9264998,-0.44965854,6.2728014,-0.5606765,0.10689753,-0.00986367,0.11004316,-0.012602025,0.075545624,-0.006752434,251.43459,246.5765,332.8258,1.0103351,16.912073,0.16432191
4,76,10,0.0034299996,0.030231431,0.0106560225,0.013945946,0.0056294627,0.051614005,-0.003234562,4.213728,-0.3375165,6.229966,-0.43465453,0.10322801,-0.006469124,0.118092954,-0.009459158,0.075029746,-0.005234699,251.3995,246.48352,331.72894,0.772171,16.912073,0.1554328
4,77,10,0.0034299996,0.027533622,0.01051088,0.011825832,0.005196912,0.05126129,-0.0041659633,3.880238,-0.48942512,5.985837,0.0147641115,0.10252258,-0.008331927,0.10874664,-0.013716513,0.07208961,0.00017780969,251.4289,246.42531,332.3653,0.47466102,16.91066,0.12168345
4,78,10,0.0034299996,0.024422904,0.009260495,0.009890397,0.0052720127,0.048115734,-0.0051713437,3.5485375,-0.7905627,6.0289326,-0.26691622,0.09623147,-0.010342687,0.09945048,-0.022156123,0.07260863,-0.0032145707,251.43004,246.3917,332.7398,1.0574789,16.91066,0.15446389
4,79,10,0.0034299996,0.024445133,0.009176796,0.010326632,0.0049417033,0.047897797,-0.0028002618,3.6259508,-0.4877694,5.837011,-0.25538993,0.095795594,-0.0056005237,0.10162004,-0.013670111,0.07029725,-0.0030757545,251.37689,246.25114,331.8245,0.7431593,16.909134,0.116975054
4,80,10,0.0034299996,0.024985343,0.00964552,0.010347389,0.0049924357,0.049105804,-0.004591582,3.629593,-0.47467262,5.8668966,-0.1789933,0.09821161,-0.009183164,0.101722114,-0.013303063,0.07065717,-0.0021556828,251.36119,246.08263,332.12866,0.6536659,16.909134,0.12810083
4,81,10,0.0034299996,0.026681906,0.0093436865,0.012004693,0.005333526,0.048331372,-0.0047586607,3.9094718,-0.2492892,6.0640025,-0.20493625,0.096662745,-0.009517321,0.10956593,-0.0069865193,0.07303099,-0.0024681224,251.36562,246.04837,331.95947,0.45422545,16.90758,0.11941681
4,82,10,0.0034299996,0.02818717,0.010276803,0.012594876,0.005315493,0.050687283,-0.0022407488,4.004419,-0.12494226,6.053742,-0.12104643,0.10137457,-0.0044814977,0.112226896,-0.0035016031,0.072907425,-0.0014578085,251.40933,246.31136,331.5679,0.2459887,16.90758,0.085261166
4,83,10,0.0034299996,0.026260303,0.011012136,0.010422577,0.0048255897,0.05246936,-0.000924902,3.642756,0.15303104,5.7680287,0.03200608,0.10493872,-0.001849804,0.10209102,0.0042888117,0.069466464,0.00038545963,251.47964,246.58278,332.47836,-0.18503712,16.905981,0.095741466
4,84,10,0.0034299996,0.025524737,0.0099253915,0.010913486,0.00468586,0.04981313,-0.0020634595,3.7275572,0.043606333,5.683905,-0.013089498,0.09962626,-0.004126919,0.10446763,0.0012221006,0.06845334,-0.00015764525,251.46902,246.39946,332.8218,-0.030516837,16.905981,0.086214945
4,85,10,0.0034299996,0.025168173,0.008824322,0.012011797,0.004332054,0.046968933,0.00020910641,3.9106286,0.64309824,5.4651127,0.104335435,0.09393787,0.00041821282,0.109598346,0.018023321,0.06581834,0.001256549,251.4465,246.27356,332.2238,-0.74743366,16.904335,0.113808356
4,86,10,0.0034299996,0.025127333,0.008763502,0.011644235,0.004719596,0.04680679,-0.0008248982,3.8503308,0.8133406,5.704329,0.09180674,0.09361358,-0.0016497964,0.10790846,0.022794493,0.068699315,0.0011056626,251.46248,246.2527,332.7861,-0.9051473,16.904335,0.14458515
4,87,10,0.0034299996,0.024659235,0.009320036,0.010457975,0.004881226,0.048270166,0.00046441946,3.6489365,0.6505556,5.8011837,-0.10134279,0.09654033,0.0009288389,0.10226424,0.01823232,0.06986577,-0.0012205087,251.4917,246.37943,332.9656,-0.5492128,16.902658,0.11268614
4,88,10,0.0034299996,0.027666276,0.010996349,0.011538671,0.0051312554,0.05243174,0.0031982735,3.8328376,0.708348,5.9479046,-0.13224299,0.10486348,0.006396547,0.10741821,0.019851992,0.07163278,-0.001592653,251.52095,246.6621,332.2845,-0.576105,16.902658,0.11935307
4,89,10,0.0034299996,0.023545263,0.0096159885,0.0094900485,0.004439225,0.049030572,0.0035479683,3.4759758,0.7507156,5.532301,0.16993397,0.098061144,0.0070959367,0.09741688,0.021039378,0.06662751,0.0020465748,251.59247,246.88731,333.29507,-0.9206496,16.900974,0.14239497
4,90,10,0.0034299996,0.022426965,0.010278733,0.008013949,0.004134282,0.050692044,0.0020822124,3.1942277,0.56203556,5.338906,0.016856955,0.10138409,0.0041644247,0.08952066,0.015751475,0.064298384,0.00020301463,251.67387,247.2083,333.68158,-0.5788925,16.900974,0.112877406
4,91,10,0.0034299996,0.023360243,0.009195854,0.010085354,0.004079035,0.047947507,0.004379567,3.583341,0.4907763,5.3031135,-0.006358946,0.095895015,0.008759134,0.10042586,0.013754383,0.06386732,-7.658294e-5,251.72227,247.42125,332.81223,-0.48441735,16.899265,0.087964214
4,92,10,0.0034299996,0.023876363,0.010586081,0.009487858,0.003802424,0.05144434,0.003366447,3.4755745,0.5859168,5.120147,0.14083663,0.10288868,0.006732894,0.097405635,0.016420765,0.0616638,0.0016961459,251.79153,247.61293,333.88177,-0.7267535,16.899265,0.10873156
4,93,10,0.0034299996,0.02178297,0.009297327,0.008705131,0.003780512,0.048211325,0.0014795435,3.3291254,0.10274084,5.105373,0.13700435,0.09642265,0.002959087,0.09330129,0.0028793903,0.061485868,0.0016499927,251.81915,247.70729,334.43655,-0.23974518,16.897459,0.07502731
4,94,10,0.0034299996,0.023093436,0.008918147,0.009971214,0.0042040762,0.04721797,0.0034453135,3.5630064,0.3880743,5.3837824,0.2253055,0.09443594,0.006890627,0.09985597,0.010876079,0.06483885,0.0027134365,251.81447,247.71765,333.85556,-0.61337984,16.897459,0.087693155
4,95,10,0.0034299996,0.02185855,0.009045318,0.009213747,0.0035994863,0.04755344,0.0021118615,3.425001,0.17132194,4.9816413,0.44596547,0.09510688,0.004223723,0.095988266,0.004801429,0.05999572,0.005370921,251.83653,247.67397,334.62216,-0.6172874,16.89548,0.10564629
4,96,10,0.0034299996,0.021985346,0.009127115,0.008994963,0.0038632692,0.047767967,0.0010661387,3.3840923,-0.050068326,5.16095,0.30347073,0.095535934,0.0021322775,0.09484178,-0.0014032029,0.062155202,0.0036548064,251.85298,247.60417,335.0824,-0.2534024,16.89548,0.112164125
4,97,10,0.0034299996,0.02101864,0.008706636,0.009126729,0.0031852734,0.04665468,0.001186506,3.4087892,1.2176205e-5,4.6862507,0.2892922,0.09330936,0.002373012,0.095533915,3.4197413e-7,0.056438226,0.0034840528,251.81822,247.58081,334.1602,-0.28930438,16.893333,0.10552086
4,98,10,0.0034299996,0.020211201,0.0085529145,0.008539208,0.0031190768,0.046240985,0.00068325555,3.2972457,0.108223364,4.6373,0.21168953,0.09248197,0.0013665111,0.09240784,0.003033043,0.055848695,0.0025494557,251.82527,247.67014,334.7392,-0.3199129,16.893333,0.09058121
4,99,10,0.0034299996,0.019628538,0.008706631,0.00795803,0.0029638757,0.046654664,-0.00034624967,3.1830637,-0.19905095,4.5204554,0.02825712,0.09330933,-0.00069249934,0.08920779,-0.005578555,0.05444149,0.00034031,251.87149,247.80125,335.3742,0.17079383,16.890995,0.12698634
4,100,10,0.0034299996,0.022314724,0.009593992,0.009781531,0.0029392014,0.04897446,0.0009295033,3.5289533,-0.039014567,4.5016,0.21409114,0.09794892,0.0018590066,0.09890162,-0.0010934129,0.054214403,0.0025783754,251.9121,248.01704,334.77682,-0.17507657,16.890995,0.12710877
5,1,10,0.0024009997,0.26886353,0.050222058,0.18345615,0.03518533,0.11205139,-0.042253036,15.283005,-0.24653363,15.575177,0.32261148,0.22410278,-0.08450607,0.42831782,-0.006909284,0.18757753,0.0038853318,254.00633,263.23315,357.98676,-0.07607785,16.888458,1.0121673
5,2,10,0.0024009997,0.28297544,0.056440223,0.18954,0.036995225,0.118785754,-0.042867742,15.534347,-0.26797947,15.97074,0.24635021,0.23757151,-0.085735485,0.43536192,-0.0075103105,0.19234143,0.002966876,254.07558,263.19913,358.63217,0.021629259,16.888458,1.0311902
5,3,10,0.0024009997,0.27833027,0.059327193,0.1809854,0.038017668,0.12178587,-0.042478878,15.179739,-0.4321517,16.189928,0.33425596,0.24357174,-0.084957756,0.4254238,-0.012111394,0.1949812,0.0040255603,254.12206,263.15732,359.1413,0.09789574,16.885315,0.9950195
5,4,10,0.0024009997,0.27341637,0.0456707,0.18947199,0.03827368,0.10685352,-0.036064044,15.53156,-0.65450126,16.244347,0.30238017,0.21370704,-0.07212809,0.4352838,-0.018342933,0.1956366,0.0036416776,254.07272,262.857,357.49094,0.35212108,16.885315,1.0017015
5,5,10,0.0024009997,0.2501671,0.045521718,0.16777518,0.036870204,0.1066791,-0.031733226,14.615254,-0.8816889,15.943731,0.27953547,0.2133582,-0.06346645,0.4096037,-0.024710009,0.19201615,0.0033665523,254.09895,262.6536,357.8027,0.6021534,16.881182,0.91442746
5,6,10,0.0024009997,0.25442746,0.051502153,0.16520676,0.037718546,0.11347043,-0.036368564,14.502954,-0.7739378,16.12611,0.2069844,0.22694086,-0.07273713,0.40645635,-0.021690186,0.19421263,0.0024928132,254.13168,262.51215,358.00784,0.5669534,16.881182,0.9482795
5,7,10,0.0024009997,0.21918927,0.039250463,0.14518045,0.03475836,0.09905865,-0.02304243,13.595543,-1.1514852,15.480389,0.2851655,0.1981173,-0.04608486,0.38102552,-0.03227126,0.18643594,0.003434345,254.09644,262.33582,356.45465,0.8663197,16.876429,0.84671617
5,8,10,0.0024009997,0.22532967,0.04257466,0.14614236,0.03661265,0.10316814,-0.023875812,13.6405115,-0.9960913,15.887947,0.23088922,0.20633627,-0.047751624,0.3822857,-0.027916243,0.19134432,0.002780688,254.136,262.21378,357.18402,0.7652021,16.876429,0.85262626
5,9,10,0.0024009997,0.19176523,0.03823885,0.11856037,0.034966026,0.09777378,-0.019113015,12.286049,-1.22275,15.526563,0.32706705,0.19554757,-0.03822603,0.34432596,-0.034268484,0.18699205,0.003938983,254.14447,262.03552,357.27692,0.89568293,16.871437,0.7378199
5,10,10,0.0024009997,0.20160618,0.03730062,0.12811592,0.036189653,0.09656684,-0.014094524,12.7715645,-1.2289314,15.795902,0.12530117,0.19313368,-0.028189048,0.35793284,-0.034441706,0.19023578,0.0015090596,254.11111,261.8622,355.6126,1.1036303,16.871437,0.80819464
5,11,10,0.0024009997,0.1617747,0.038025625,0.09191438,0.03183469,0.0975008,-0.010010688,10.817683,-1.1393377,14.81503,0.03329899,0.1950016,-0.020021375,0.30317384,-0.031930797,0.1784228,0.00040102968,254.17207,261.8363,356.25958,1.1060387,16.86651,0.6222868
5,12,10,0.0024009997,0.166109,0.03754199,0.09609224,0.03247478,0.096878774,-0.012826873,11.060804,-1.2466584,14.963227,0.15521702,0.19375755,-0.025653746,0.3099875,-0.034938544,0.1802076,0.0018693269,254.18057,261.7008,356.13403,1.0914414,16.86651,0.6331613
5,13,10,0.0024009997,0.14391105,0.033190764,0.08047466,0.030245619,0.09109166,-0.0028628185,10.122135,-1.1260518,14.440541,0.031382244,0.18218333,-0.005725637,0.28368056,-0.03155846,0.17391267,0.00037795366,254.12743,261.46265,354.3735,1.0946696,16.861906,0.53464955
5,14,10,0.0024009997,0.13687956,0.034201406,0.0735229,0.029155254,0.09246811,-0.002801635,9.675064,-1.0319282,14.177858,-0.12682705,0.18493623,-0.00560327,0.27115107,-0.028920587,0.1707491,-0.001527437,254.16919,261.3631,355.0203,1.1587552,16.861906,0.5216406
5,15,10,0.0024009997,0.122947775,0.035246216,0.0609137,0.026787855,0.09386988,-0.00296715,8.806433,-0.9235795,13.590052,-0.032074284,0.18773976,-0.0059343,0.24680701,-0.025884021,0.16366996,-0.00038630312,254.20097,261.3531,355.39438,0.9556538,16.857798,0.40208983
5,16,10,0.0024009997,0.12089045,0.03336555,0.060164433,0.027360473,0.0913312,0.0026814754,8.752104,-1.1467988,13.734535,-0.032032978,0.1826624,0.0053629507,0.2452844,-0.032139916,0.16541001,-0.0003857757,254.19301,261.35605,353.87152,1.1788318,16.857798,0.4413389
5,17,10,0.0024009997,0.09688121,0.028805448,0.04432903,0.023746736,0.08486084,0.002682294,7.5125375,-0.8647212,12.795408,-0.1741888,0.16972168,0.005364588,0.2105446,-0.024234468,0.15409976,-0.0020978306,254.2552,261.47806,354.52258,1.0389099,16.854265,0.35047412
5,18,10,0.0024009997,0.103525996,0.032596637,0.04680409,0.02412527,0.090272695,-0.0004105818,7.7194157,-0.6760903,12.896987,-0.32212952,0.18054539,-0.0008211636,0.21634252,-0.018947938,0.15532312,-0.0038795182,254.26947,261.36426,354.65076,0.99821985,16.854265,0.33978695
5,19,10,0.0024009997,0.09441916,0.030589873,0.041127995,0.022701293,0.087449804,0.0044720117,7.2362123,-0.51528037,12.510581,-0.25398362,0.17489961,0.008944023,0.20280038,-0.014441123,0.15066949,-0.0030588093,254.19795,261.0013,352.9813,0.769264,16.851316,0.2878541
5,20,10,0.0024009997,0.09160099,0.02821655,0.040893354,0.022491088,0.08398891,0.0025677404,7.215541,-0.51475227,12.452526,-0.43255338,0.16797782,0.005135481,0.20222105,-0.014426317,0.1499703,-0.0052094003,254.17445,260.66544,353.2531,0.9473057,16.851316,0.28017128
5,21,10,0.0024009997,0.087005734,0.03176122,0.035123724,0.020120787,0.08910839,-0.001724048,6.687177,-0.04554346,11.778085,-0.36080602,0.17821679,-0.003448096,0.18741325,-0.0012763871,0.14184776,-0.004345317,254.1209,260.23386,352.8821,0.40634948,16.84887,0.29978046
5,22,10,0.0024009997,0.080895826,0.028638244,0.031904668,0.020352915,0.08461419,0.0028570734,6.3733773,-0.0779936,11.84583,-0.24963625,0.16922837,0.005714147,0.17861877,-0.00218583,0.14266364,-0.003006456,254.01863,259.71805,351.1789,0.32762986,16.84887,0.2619566
5,23,10,0.0024009997,0.075586215,0.02819354,0.029486509,0.017906168,0.08395466,0.0010471032,6.127089,0.073830925,11.11101,-0.083485,0.16790932,0.0020942064,0.17171636,0.0020691631,0.13381393,-0.0010054377,254.06715,259.7459,351.68604,0.009654075,16.84694,0.273298
5,24,10,0.0024009997,0.079723544,0.03220004,0.029380625,0.01814288,0.08972184,6.718941e-5,6.1160784,0.041340675,11.184211,-0.16442354,0.17944369,0.00013437882,0.17140777,0.0011586029,0.13469552,-0.0019802167,254.13524,259.90103,351.61313,0.12308286,16.84694,0.2994861
5,25,10,0.0024009997,0.076190785,0.030975537,0.02862358,0.016591672,0.087999344,0.0011145668,6.0367684,-0.21391143,10.695404,0.5080243,0.17599869,0.0022291336,0.16918504,-0.0059950366,0.12880866,0.006118328,254.14664,260.0369,350.36197,-0.29411286,16.84545,0.22734603
5,26,10,0.0024009997,0.07860142,0.03030599,0.03136297,0.016932461,0.08704308,0.00017531683,6.3190403,-0.4064945,10.804688,0.64625,0.17408615,0.00035063367,0.17709593,-0.011392314,0.13012479,0.007783022,254.21776,260.25354,351.20786,-0.23975551,16.84545,0.20007057
5,27,10,0.0024009997,0.084472775,0.032482296,0.03608328,0.015907194,0.09011423,-0.004445835,6.777906,-0.6919152,10.472467,1.2965463,0.18022846,-0.00889167,0.189956,-0.019391457,0.12612373,0.015614777,254.24918,260.32852,351.97794,-0.6046311,16.844255,0.2831686
5,28,10,0.0024009997,0.069543965,0.025002299,0.029048825,0.0154928425,0.07906058,0.0013304603,6.081445,-1.0886419,10.335173,1.5647663,0.15812115,0.0026609206,0.17043716,-0.030510018,0.12447025,0.018845052,254.1817,260.05566,350.8334,-0.4761244,16.844255,0.2182304
5,29,10,0.0024009997,0.068487145,0.02490625,0.029562948,0.014017948,0.07890857,-0.0018300096,6.1350265,-1.3955454,9.830926,1.9547822,0.15781714,-0.0036600193,0.17193879,-0.03911123,0.118397415,0.023542158,254.19193,259.89923,351.30646,-0.5592369,16.84333,0.24347234
5,30,10,0.0024009997,0.075440936,0.029181324,0.03223225,0.014027362,0.08541271,-0.005128476,6.406013,-1.3469718,9.834225,1.6282296,0.17082542,-0.010256952,0.17953342,-0.037749913,0.11843716,0.01960936,254.16577,259.54916,351.19894,-0.28125787,16.84333,0.26084164
5,31,10,0.0024009997,0.06333412,0.024012337,0.026757568,0.01256422,0.07747957,-0.0029686692,5.8366795,-1.4513545,9.3072195,2.1990821,0.15495914,-0.0059373383,0.16357741,-0.040675312,0.11209023,0.026484342,254.08551,259.13412,349.47955,-0.74772763,16.842522,0.28662288
5,32,10,0.0024009997,0.065788,0.02540364,0.027773568,0.012610797,0.079692595,-0.0031932562,5.946459,-1.38039,9.324454,2.027373,0.15938519,-0.0063865124,0.16665404,-0.03868649,0.1122978,0.024416395,254.09868,259.03946,349.58405,-0.646983,16.842522,0.27085966
5,33,10,0.0024009997,0.07239021,0.02862866,0.03164183,0.012119722,0.08460003,-0.00821751,6.3470707,-1.4211205,9.1411,2.2136743,0.16920006,-0.01643502,0.17788151,-0.039827995,0.11008961,0.026660087,254.12694,259.11496,349.91165,-0.7925538,16.841736,0.31855044
5,34,10,0.0024009997,0.0691036,0.02732705,0.029972285,0.011804264,0.082654476,-0.004697531,6.177354,-1.5779334,9.021352,2.547326,0.16530895,-0.009395062,0.17312506,-0.04422278,0.10864743,0.030678364,254.11198,259.10248,348.89938,-0.96939266,16.841736,0.35299268
5,35,10,0.0024009997,0.06546177,0.025920635,0.027662955,0.011878174,0.08049943,-0.005052856,5.9346056,-1.2909602,9.04955,2.6966836,0.16099887,-0.010105712,0.16632184,-0.03618015,0.10898703,0.03247714,254.1932,259.3704,349.77206,-1.4057235,16.840925,0.28501314
5,36,10,0.0024009997,0.075682305,0.0330319,0.03004886,0.01260155,0.0908734,-0.0071413727,6.18524,-1.5421695,9.321035,2.6132884,0.1817468,-0.014282745,0.17334607,-0.04322047,0.112256624,0.03147278,254.24152,259.52765,350.1475,-1.071119,16.840925,0.31837583
5,37,10,0.0024009997,0.06629532,0.025790213,0.027852887,0.012652221,0.08029666,-0.0017238178,5.9549437,-1.1452618,9.339758,2.9807632,0.16059332,-0.0034476356,0.16689184,-0.032096833,0.11248209,0.035898417,254.21014,259.39154,348.8431,-1.8355014,16.840134,0.26558018
5,38,10,0.0024009997,0.063543096,0.022643046,0.028951842,0.011948203,0.075238034,-0.0023523604,6.071286,-0.86450905,9.076188,2.820096,0.15047607,-0.004704721,0.17015241,-0.024228526,0.10930783,0.033963446,254.21233,259.2247,349.0083,-1.9555869,16.840134,0.24481256
5,39,10,0.0024009997,0.06956905,0.027970392,0.03030905,0.01128961,0.083621755,-0.0036869529,6.211961,-0.19274671,8.8225,2.4556508,0.16724351,-0.0073739057,0.17409495,-0.005401864,0.10625257,0.029574297,254.17278,258.89758,348.7652,-2.2629042,16.839293,0.23055147
5,40,10,0.0024009997,0.06310522,0.024811395,0.026931394,0.01136243,0.078758165,0.00050284603,5.8556075,-0.18844289,8.850907,2.7623734,0.15751633,0.0010056921,0.16410787,-0.0052812607,0.1065947,0.033268277,254.07935,258.47293,347.29214,-2.5739305,16.839293,0.23146215
5,41,10,0.0024009997,0.056424633,0.020895028,0.024943618,0.010585987,0.072275564,0.0016966283,5.6353674,0.48037934,8.543147,2.4071224,0.14455113,0.0033932566,0.15793549,0.013463008,0.10288823,0.028989851,254.06554,258.19678,347.62973,-2.8875017,16.838446,0.26872402
5,42,10,0.0024009997,0.062402137,0.02535933,0.02623324,0.010809569,0.079623066,-0.0010133693,5.7792106,0.29090327,8.632894,2.314451,0.15924613,-0.0020267386,0.16196679,0.0081527885,0.103969075,0.027873777,254.07893,258.17957,348.0145,-2.6053543,16.838446,0.2567544
5,43,10,0.0024009997,0.054509565,0.021743577,0.022370102,0.010395884,0.07372852,0.0024416938,5.336746,0.2345453,8.46609,2.67986,0.14745703,0.0048833876,0.14956638,0.006573318,0.101960205,0.03227453,254.07022,258.2729,347.08145,-2.9144053,16.837643,0.22703616
5,44,10,0.0024009997,0.053700395,0.019737745,0.02380329,0.01015936,0.07024554,0.0026459333,5.5050473,0.42274645,8.369227,2.5379946,0.14049108,0.0052918666,0.15428315,0.011847792,0.10079365,0.030566,254.11488,258.32733,347.63715,-2.960741,16.837643,0.24407385
5,45,10,0.0024009997,0.057457335,0.02122619,0.025767513,0.010463633,0.072846055,-0.00033488846,5.7276807,0.17135127,8.493632,2.1087759,0.14569211,-0.0006697769,0.16052262,0.0048022512,0.1022919,0.025396757,254.10486,258.18958,347.8501,-2.280127,16.83685,0.18571219
5,46,10,0.0024009997,0.057347078,0.021099452,0.025496854,0.010750775,0.07262825,0.0041846735,5.69752,0.21075743,8.6093855,2.5540235,0.1452565,0.008369347,0.15967734,0.0059066336,0.103685945,0.030759037,254.00739,257.68066,346.4939,-2.764781,16.83685,0.21405104
5,47,10,0.0024009997,0.05093944,0.01753259,0.023403706,0.010003143,0.066205345,0.0043665883,5.458645,0.38289213,8.304633,1.8106209,0.13241069,0.008733177,0.1529827,0.010730847,0.100015715,0.021805966,253.97758,257.371,346.33807,-2.193513,16.83606,0.20974956
5,48,10,0.0024009997,0.047811493,0.018256277,0.020544872,0.009010344,0.06755789,0.0023502002,5.1143947,0.25702736,7.881755,1.6881224,0.13511579,0.0047004004,0.14333482,0.0072033913,0.09492283,0.020330675,253.96832,257.23346,346.41382,-1.9451498,16.83606,0.1860914
5,49,10,0.0024009997,0.04563764,0.018916218,0.018335432,0.008385991,0.06876812,0.004353487,4.8315682,-0.013711255,7.6037765,1.733005,0.13753624,0.008706974,0.13540839,-0.00038426815,0.09157506,0.020871213,253.8972,257.0034,345.06583,-1.7192938,16.835295,0.14321403
5,50,10,0.0024009997,0.040572163,0.014263503,0.017793134,0.008515526,0.059714954,0.0036706561,4.759581,0.26343113,7.6622787,1.5351053,0.11942991,0.0073413122,0.1333909,0.007382859,0.092279606,0.01848783,253.89015,256.9019,345.68924,-1.7985365,16.835295,0.16928461
5,51,10,0.0024009997,0.042646334,0.016507877,0.017831376,0.008307083,0.06424149,-0.0004158495,4.7646933,-0.18265222,7.5679183,1.143991,0.12848298,-0.000831699,0.13353418,-0.005118966,0.0911432,0.013777502,253.82341,256.5503,345.746,-0.96133876,16.83454,0.1196749
5,52,10,0.0024009997,0.040942904,0.01521494,0.016997088,0.008730877,0.061674427,0.002659861,4.651894,-0.14890774,7.7585597,1.5078081,0.123348854,0.005319722,0.13037288,-0.0041732527,0.09343916,0.018159082,253.66791,255.87326,344.20618,-1.3589003,16.83454,0.1201156
5,53,10,0.0024009997,0.038466457,0.0130553655,0.01645829,0.008952803,0.05713004,0.00039900752,4.5775695,-0.077260576,7.856547,1.0014125,0.11426008,0.00079801504,0.12828986,-0.0021652859,0.09461925,0.012060376,253.60736,255.43723,344.28043,-0.92415196,16.833755,0.09760668
5,54,10,0.0024009997,0.041013446,0.016175555,0.016360477,0.008477416,0.06359158,-0.0019089682,4.5639462,-0.2202882,7.645114,0.76040536,0.12718315,-0.0038179364,0.12790808,-0.0061737457,0.09207288,0.009157837,253.55872,255.17644,344.23523,-0.54011714,16.833755,0.14691068
5,55,10,0.0024009997,0.036549345,0.014899991,0.013875291,0.007774063,0.06103276,0.00035360502,4.2030406,-0.30601475,7.321097,0.88812286,0.12206552,0.00070721004,0.117793426,-0.008576296,0.08817065,0.010695985,253.44507,254.67679,342.91788,-0.58210814,16.83292,0.13126612
5,56,10,0.0024009997,0.033538695,0.01270964,0.012893076,0.007935978,0.05636852,0.0012888928,4.0515466,-0.1756696,7.3969445,0.6821432,0.11273704,0.0025777856,0.11354768,-0.004923274,0.0890841,0.008215301,253.39049,254.27754,342.86014,-0.5064736,16.83292,0.09886227
5,57,10,0.0024009997,0.038471952,0.015812242,0.014916879,0.0077428278,0.06287337,-0.0021149255,4.3579426,-0.40723252,7.306375,0.055893175,0.12574674,-0.004229851,0.12213468,-0.011413003,0.08799334,0.00067314174,253.3218,253.88525,342.5681,0.35133934,16.831991,0.16563232
5,58,10,0.0024009997,0.0380398,0.014849294,0.015597236,0.007593271,0.06092884,0.0015501854,4.4562173,-0.49564674,7.235468,0.5509108,0.12185768,0.0031003708,0.1248889,-0.013890878,0.087139376,0.0066348193,253.2297,253.52055,341.35535,-0.055264026,16.831991,0.14562686
5,59,10,0.0024009997,0.037595004,0.0121716745,0.017316876,0.0081064515,0.055162657,0.0028751977,4.695451,-0.17458509,7.47597,0.011606968,0.110325314,0.0057503954,0.1315936,-0.004892882,0.09003583,0.00013978704,253.23734,253.40462,341.84595,0.16297813,16.830965,0.111457154
5,60,10,0.0024009997,0.039901648,0.015567523,0.016358484,0.007975641,0.06238494,0.0023402974,4.563668,-0.264924,7.415406,-0.23408425,0.12476988,0.004680595,0.12790029,-0.007424699,0.089306444,-0.0028191619,253.2679,253.4641,341.94382,0.49900824,16.830965,0.14776777
5,61,10,0.0024009997,0.03529678,0.013277551,0.0146828005,0.0073364275,0.05761413,0.004968803,4.323615,-0.11370511,7.1120453,-0.14127916,0.11522826,0.009937606,0.12117261,-0.0031866739,0.08565295,-0.0017014763,253.23604,253.41466,340.8524,0.25498426,16.829882,0.12496956
5,62,10,0.0024009997,0.03437336,0.012197615,0.014625111,0.007550637,0.055221405,0.004278632,4.315113,0.034458354,7.215127,-0.18106788,0.11044281,0.008557264,0.12093432,0.00096572225,0.0868944,-0.0021806678,253.22057,253.29984,341.26337,0.14660953,16.829882,0.14510961
5,63,10,0.0024009997,0.038008474,0.014894657,0.015605469,0.00750835,0.061021835,0.0024370886,4.4573936,0.026943602,7.1948957,-0.57009614,0.12204367,0.0048741773,0.12492185,0.000755115,0.08665074,-0.0068658753,253.19002,253.0996,341.39276,0.5431525,16.828777,0.15362282
5,64,10,0.0024009997,0.03683158,0.01305812,0.0163439,0.007429561,0.057136066,0.0058008144,4.5616336,0.15686914,7.1570454,-0.027940847,0.11427213,0.011601629,0.12784326,0.004396377,0.0861949,-0.00033650134,253.13336,252.88106,340.53378,-0.1289283,16.828777,0.13352539
5,65,10,0.0024009997,0.03421807,0.0116658965,0.014768803,0.0077833706,0.05400439,0.004051073,4.336259,0.37977365,7.325479,-0.3559861,0.10800878,0.008102146,0.121526964,0.010643446,0.08822341,-0.0042872694,253.10942,252.63988,340.7332,-0.023787558,16.827654,0.14082786
5,66,10,0.0024009997,0.037407532,0.014865801,0.014848028,0.0076937056,0.060962696,0.0027680346,4.3478737,0.2130036,7.2831607,-0.6026186,0.12192539,0.005536069,0.12185249,0.005969588,0.08771377,-0.007257554,253.07825,252.42664,340.6033,0.38961497,16.827654,0.14617246
5,67,10,0.0024009997,0.035098698,0.012516975,0.01518697,0.007394755,0.055939645,0.005382203,4.397219,0.46866584,7.14026,-0.37047866,0.11187929,0.010764406,0.12323543,0.013134718,0.08599276,-0.0044618086,253.00337,252.13187,339.23788,-0.09818718,16.826502,0.13008833
5,68,10,0.0024009997,0.033596627,0.010820332,0.014430992,0.008345304,0.052010413,0.0049325856,4.28638,0.5076922,7.5853086,-0.53952885,0.10402083,0.009865171,0.120129064,0.014228464,0.091352634,-0.0064977403,253.00404,252.05219,339.58365,0.03183663,16.826502,0.16277531
5,69,10,0.0024009997,0.03916959,0.014489676,0.016520374,0.00815954,0.060186535,0.0032138904,4.586195,0.3413143,7.500409,-0.8403701,0.12037307,0.0064277807,0.1285316,0.0095655965,0.09033017,-0.010120882,252.96574,251.76744,339.87933,0.49905583,16.825302,0.13250953
5,70,10,0.0024009997,0.03831776,0.012721193,0.017790422,0.0078061433,0.056394134,0.005562322,4.759218,0.49375892,7.3361883,-0.49451315,0.11278827,0.011124644,0.13338074,0.013837971,0.08835238,-0.005955603,252.86542,251.3378,338.7309,0.0007542372,16.825302,0.15012948
5,71,10,0.0024009997,0.03580752,0.014097266,0.013723173,0.007987084,0.059365954,0.004673988,4.179938,0.40996376,7.4207244,-0.44783327,0.11873191,0.009347976,0.11714595,0.011489548,0.08937049,-0.0053934185,252.86848,251.30498,338.9806,0.037869513,16.824047,0.124239534
5,72,10,0.0024009997,0.034967832,0.014597489,0.012478921,0.007891426,0.060410034,0.0017819039,3.9859424,0.22835727,7.3761535,-0.5020988,0.12082007,0.0035638078,0.11170909,0.006399888,0.0888337,-0.0060469564,252.84367,251.14023,339.23575,0.27374154,16.824047,0.112686135
5,73,10,0.0024009997,0.03356255,0.012779717,0.013740147,0.007042683,0.056523707,0.0028578641,4.1825223,0.34775758,6.9682107,-0.07097849,0.11304741,0.0057157283,0.117218375,0.009746173,0.083920695,-0.0008548197,252.70683,250.57333,337.90317,-0.2767791,16.822746,0.10215042
5,74,10,0.0024009997,0.03822179,0.015838629,0.014520338,0.007862826,0.06292581,0.0028428803,4.2996283,0.46174422,7.3627744,-0.16010647,0.12585162,0.0056857606,0.12050036,0.012940732,0.08867258,-0.0019282199,252.64314,250.16728,337.92163,-0.30163777,16.822746,0.108531974
5,75,10,0.0024009997,0.035567284,0.013755187,0.014189859,0.0076222364,0.058641255,-0.0004921059,4.2504177,0.17430693,7.2492557,-0.29414606,0.11728251,-0.0009842118,0.119121194,0.004885085,0.08730542,-0.0035425064,252.60559,249.94637,337.97064,0.11983913,16.821335,0.10262352
5,76,10,0.0024009997,0.030852195,0.011235927,0.01274641,0.006869857,0.052999828,0.0025558972,4.028436,0.3862682,6.88218,0.041983403,0.105999656,0.0051117945,0.112900004,0.010825462,0.0828846,0.0005056172,252.54807,249.77348,337.16498,-0.4282516,16.821335,0.10392087
5,77,10,0.0024009997,0.029164504,0.01085477,0.011667918,0.0066418154,0.052093115,0.002222322,3.8542442,0.310414,6.7669916,0.27047068,0.10418623,0.004444644,0.10801814,0.008699587,0.081497334,0.0032573757,252.54504,249.67477,337.4942,-0.5808847,16.819782,0.10302082
5,78,10,0.0024009997,0.036574073,0.015472607,0.014034565,0.0070669013,0.062194467,0.0002721038,4.227095,0.23535986,6.9801817,-0.08314992,0.12438893,0.0005442076,0.11846757,0.006596139,0.08406486,-0.0010014062,252.50853,249.48883,337.48047,-0.15220994,16.819782,0.11907823
5,79,10,0.0024009997,0.036065236,0.012834844,0.016045557,0.0071848314,0.056645487,0.0027935803,4.519808,0.3854613,7.0381813,0.14248411,0.11329097,0.0055871606,0.12667106,0.010802847,0.084763385,0.0017159876,252.40611,249.11124,336.2014,-0.5279454,16.818087,0.12828678
5,80,10,0.0024009997,0.038029492,0.012080555,0.017523827,0.008425107,0.054955788,0.0026802218,4.723425,0.44309765,7.62149,-0.0071638473,0.109911576,0.0053604436,0.1323776,0.012418148,0.09178838,-8.6278626e-5,252.37123,248.8216,336.30746,-0.4359338,16.818087,0.12112724
5,81,10,0.0024009997,0.040339917,0.012567736,0.019093676,0.0086785015,0.056052957,0.0016240929,4.930459,0.2611761,7.735254,-0.19326574,0.11210591,0.0032481859,0.13817987,0.00731966,0.093158476,-0.0023275663,252.36299,248.82895,336.28143,-0.06791037,16.816257,0.118732095
5,82,10,0.0024009997,0.040057894,0.013444478,0.017854027,0.0087593915,0.05797516,0.0042046043,4.767719,0.34793052,7.7712193,0.16858318,0.11595032,0.008409209,0.13361897,0.009751016,0.09359162,0.0020303088,252.33566,248.75418,335.6378,-0.5165137,16.816257,0.113425806
5,83,10,0.0024009997,0.038119912,0.012844007,0.016697498,0.008578408,0.056665704,0.0047993865,4.610715,0.29259548,7.6905165,0.23983303,0.11333141,0.009598773,0.1292188,0.008200213,0.092619695,0.0028883966,252.32878,248.60776,335.97836,-0.5324285,16.814335,0.11036959
5,84,10,0.0024009997,0.043812938,0.017855318,0.017445087,0.008512536,0.0668119,0.0046535875,4.7128015,0.05579278,7.6609335,0.0010896162,0.1336238,0.009307175,0.13207985,0.0015636364,0.09226341,1.3121451e-5,252.31317,248.52774,335.91028,-0.056882396,16.814335,0.10786857
5,85,10,0.0024009997,0.039851315,0.012532253,0.018770453,0.008548612,0.055973772,0.00554105,4.8885484,0.13896705,7.677149,0.1278191,0.111947544,0.0110821,0.1370053,0.0038946571,0.0924587,0.0015393748,252.2977,248.4942,335.23706,-0.26678616,16.812374,0.11249881
5,86,10,0.0024009997,0.038335405,0.011847903,0.017869545,0.008617958,0.054424036,0.004383144,4.76979,0.3222395,7.7082257,0.26588616,0.10884807,0.008766288,0.13367702,0.009031008,0.09283296,0.0032021627,252.30934,248.48895,335.72736,-0.58812565,16.812374,0.119760215
5,87,10,0.0024009997,0.038951043,0.012561632,0.017988235,0.008401175,0.056039345,0.0019929926,4.785605,0.042187855,7.6106577,-0.057372585,0.11207869,0.003985985,0.13412023,0.001182346,0.09165792,-0.0006909623,252.2777,248.3864,335.72318,0.01518473,16.810389,0.091491565
5,88,10,0.0024009997,0.03911036,0.011359145,0.018890236,0.00886098,0.053289644,0.003928638,4.9041214,0.26828974,7.8161545,0.09613592,0.10657929,0.007857276,0.13744175,0.007519025,0.09413278,0.0011577992,252.20741,248.08286,334.8494,-0.36442566,16.810389,0.1196933
5,89,10,0.0024009997,0.035323218,0.0106517,0.016476784,0.0081947325,0.051603537,0.0034761028,4.58014,0.25712588,7.516568,-0.0025788895,0.103207074,0.0069522057,0.12836193,0.007206152,0.09052476,-3.1058233e-5,252.19235,247.91124,335.042,-0.254547,16.808372,0.11018439
5,90,10,0.0024009997,0.038947113,0.013479246,0.01694347,0.008524398,0.058050077,0.002942759,4.644551,0.1602215,7.6662693,-0.28738287,0.116100155,0.005885518,0.13016708,0.004490331,0.09232767,-0.0034610599,252.1551,247.72295,334.96875,0.12716137,16.808372,0.11982797
5,91,10,0.0024009997,0.03928206,0.012958502,0.017835114,0.008488443,0.05691771,0.0037566558,4.765193,0.3535705,7.650084,-0.19486275,0.11383542,0.0075133117,0.13354817,0.009909084,0.09213275,-0.0023467974,252.11623,247.64983,334.14252,-0.15870774,16.806362,0.1258537
5,92,10,0.0024009997,0.039043743,0.012613,0.017517492,0.008913252,0.056153808,0.0037252484,4.722571,0.4350415,7.839173,-0.35283068,0.112307616,0.007450497,0.13235366,0.012192369,0.09441002,-0.004249268,252.12286,247.67764,334.3098,-0.08221081,16.806362,0.1376101
5,93,10,0.0024009997,0.039356552,0.011843044,0.018864919,0.008648587,0.054412875,0.004575524,4.900834,0.18404834,7.72191,-0.6735963,0.10882575,0.009151048,0.13734962,0.0051580956,0.09299778,-0.008112364,252.11858,247.6792,334.41888,0.48954797,16.80437,0.11759927
5,94,10,0.0024009997,0.040183835,0.012111464,0.019281607,0.008790766,0.055026047,0.006093965,4.954663,0.2989578,7.7851243,-0.4831959,0.110052094,0.01218793,0.13885823,0.0083785225,0.09375908,-0.0058193025,252.11801,247.76825,333.91693,0.1842381,16.80437,0.13643783
5,95,10,0.0024009997,0.036725935,0.01107791,0.01706275,0.008585275,0.052625824,0.00425122,4.66087,0.31274226,7.693595,-0.4194813,0.10525165,0.00850244,0.13062446,0.008764836,0.09265676,-0.0050519644,252.12872,247.75694,334.47565,0.106739044,16.802402,0.12180582
5,96,10,0.0024009997,0.042709555,0.012654053,0.0199699,0.0100856,0.05624512,0.0040680985,5.0423207,0.17259131,8.33879,-0.61748743,0.11249024,0.008136197,0.1413149,0.0048370026,0.10042709,-0.007436627,252.07974,247.50197,334.26688,0.4448961,16.802402,0.13415031
5,97,10,0.0024009997,0.04861303,0.012028416,0.026000148,0.010584465,0.054837067,0.004995455,5.753478,0.38971746,8.542532,-0.55887604,0.10967413,0.00999091,0.16124561,0.010922127,0.10288083,-0.006730744,251.98808,247.11174,333.2646,0.16915858,16.800491,0.13636312
5,98,10,0.0024009997,0.047517892,0.013383595,0.024034748,0.01009955,0.057843745,0.00444779,5.531747,0.29041812,8.344555,-0.53993165,0.11568749,0.00889558,0.15503144,0.008139188,0.100496516,-0.0065025957,251.97388,246.9837,333.46164,0.24951354,16.800491,0.13222125
5,99,10,0.0024009997,0.04684346,0.01294817,0.02378942,0.01010587,0.056895014,0.0042413403,5.5034437,0.046603695,8.347167,-0.7758231,0.11379003,0.008482681,0.1542382,0.0013061016,0.10052796,-0.00934352,251.95105,246.862,333.4331,0.72921944,16.798643,0.12942252
5,100,10,0.0024009997,0.049075905,0.013359065,0.025473222,0.010243618,0.05779071,0.0051824986,5.6948786,0.19022112,8.403862,-0.6587129,0.11558142,0.010364997,0.15960333,0.0053310934,0.10121076,-0.007933118,251.90337,246.69086,332.6703,0.4684918,16.798643,0.1354527
