ic,traj,n_steps,eta,loss_total,loss_T,loss_olw,loss_slwd,rmse_T,bias_T,rmse_olw,bias_olw,rmse_slwd,bias_slwd,nrmse_T,nbias_T,nrmse_olw,nbias_olw,nrmse_slwd,nbias_slwd,mean_T,mean_olw,mean_slwd,bias_C,pnorm,gnorm
1,1,10,0.1,0.690403,0.13473016,0.48361647,0.072056346,0.18352804,0.018243495,24.813786,16.374825,22.288885,-5.5499454,0.36705607,0.03648699,0.6954254,0.45891702,0.26843312,-0.06684001,254.12619,263.45593,358.02652,-10.824879,0.0,0.8176726
1,2,10,0.1,0.68070954,0.15018585,0.45895207,0.07157164,0.1937691,0.015960433,24.172756,15.642373,22.21379,-5.6440887,0.3875382,0.031920865,0.67746,0.43838948,0.26752877,-0.067973815,254.07217,262.88437,358.02374,-9.998284,0.0,0.77270633
1,3,10,0.1,0.6257979,0.17511298,0.3857647,0.06492024,0.20923251,-0.011645873,22.161737,13.446454,21.156425,-3.0861373,0.41846502,-0.023291746,0.6210996,0.3768472,0.2547945,-0.037167463,254.02754,262.37332,357.94232,-10.360317,0.4582496,0.7253738
1,4,10,0.1,0.5219641,0.115321964,0.34334692,0.06329518,0.16979544,0.0009446066,20.907839,12.973308,20.889956,-2.8487623,0.33959088,0.0018892132,0.5859581,0.3635868,0.25158533,-0.034308657,253.97198,262.02548,356.13483,-10.124545,0.4582496,0.65834314
1,5,10,0.1,0.4033657,0.09978955,0.24505837,0.058517784,0.15794742,0.0037782963,17.663523,9.040267,20.086123,0.070248075,0.31589484,0.0075565926,0.4950337,0.2533604,0.2419045,0.0008460247,254.02142,261.94742,356.85443,-9.110515,0.8295296,0.4626342
1,6,10,0.1,0.46035662,0.12648135,0.27539426,0.058480997,0.17782108,-0.008220595,18.72492,9.805576,20.079811,-0.16585009,0.35564217,-0.01644119,0.5247802,0.27480873,0.24182844,-0.0019974227,254.09952,262.114,357.49268,-9.639727,0.8295296,0.5393155
1,7,10,0.1,0.30420178,0.05944695,0.18960236,0.055152487,0.121908724,0.011255281,15.536903,6.284298,19.500004,2.2207434,0.24381745,0.022510562,0.43543354,0.17612226,0.23484567,0.026745236,254.11798,262.1786,356.09888,-8.505041,1.1605281,0.32682025
1,8,10,0.1,0.32907462,0.08311598,0.19024,0.05571865,0.14414921,0.012356981,15.5630045,5.7434564,19.599838,2.2130566,0.28829843,0.024713961,0.4361651,0.16096471,0.23604798,0.026652642,254.21822,262.3425,356.94724,-7.956513,1.1605281,0.304613
1,9,10,0.1,0.31085467,0.08791603,0.1688599,0.054078747,0.14825319,0.0026058475,14.662425,3.3143446,19.309256,2.6795006,0.29650638,0.005211695,0.41092566,0.09288705,0.23254837,0.03227021,254.27585,262.45233,357.46332,-5.993845,1.4688649,0.22385882
1,10,10,0.1,0.25590107,0.055896387,0.14703414,0.052970532,0.11821208,0.01480493,13.682064,2.8062677,19.11038,2.8081434,0.23642416,0.02960986,0.3834503,0.07864781,0.23015328,0.033819504,254.2244,262.14313,356.00366,-5.6144114,1.4688649,0.1694758
1,11,10,0.1,0.26709938,0.09321311,0.124217965,0.049668316,0.15265411,0.011337121,12.575774,-0.1792416,18.50512,2.4190888,0.30530822,0.022674242,0.3524457,-0.0050233686,0.2228639,0.029133959,254.20238,261.7462,356.14694,-2.2398472,1.7559063,0.06949246
1,12,10,0.1,0.2698498,0.08825976,0.13157435,0.050015695,0.14854272,-0.001066381,12.942798,0.538931,18.56972,2.1641338,0.29708543,-0.002132762,0.36273178,0.015103957,0.22364189,0.026063435,254.1617,261.2863,355.87576,-2.703065,1.7559063,0.11556461
1,13,10,0.1,0.23487516,0.061269544,0.12699118,0.04661442,0.12376343,0.010081958,12.71538,-1.9643376,17.927195,1.6137558,0.24752685,0.020163916,0.35635823,-0.055052094,0.21590373,0.019435026,254.03793,260.68378,353.79544,0.35058177,2.0116954,0.101118535
1,14,10,0.1,0.25854447,0.08290225,0.13006645,0.045575764,0.14396375,0.009858314,12.868419,-2.178175,17.726343,1.5096993,0.2879275,0.019716628,0.36064726,-0.06104501,0.21348481,0.018181864,254.02538,260.3358,354.08557,0.6684756,2.0116954,0.10849324
1,15,10,0.1,0.25720224,0.08031135,0.13325392,0.043636978,0.14169629,-0.0055135116,13.025144,-3.7883055,17.34521,0.26798594,0.28339258,-0.011027023,0.36503962,-0.10617013,0.20889466,0.0032274458,254.00264,259.99554,354.00638,3.5203195,2.23913,0.16837484
1,16,10,0.1,0.23330036,0.06161898,0.12886994,0.042811435,0.124115855,0.004650214,12.809092,-3.8116806,17.180353,0.39684752,0.24823171,0.009300428,0.3589846,-0.1068253,0.20690924,0.0047793724,253.91304,259.5771,352.0819,3.414833,2.23913,0.17928028
1,17,10,0.1,0.27063838,0.08871454,0.14169715,0.040226683,0.14892493,0.0006140454,13.431457,-5.2420697,16.653645,-0.67172706,0.29784986,0.0012280908,0.37642682,-0.146913,0.2005659,-0.008089866,253.93317,259.3738,352.15924,5.913797,2.4379158,0.2442124
1,18,10,0.1,0.27658898,0.09309828,0.14266825,0.040822443,0.15256006,-0.010765586,13.477403,-4.9589963,16.776512,-0.91486657,0.3051201,-0.021531172,0.3777145,-0.13897966,0.20204565,-0.011018053,253.95609,259.31708,352.4184,5.8738627,2.4379158,0.2287079
1,19,10,0.1,0.26544467,0.076268755,0.15059978,0.038576115,0.138084,0.0012111326,13.846968,-6.1237683,16.308403,-1.4112369,0.276168,0.0024222652,0.38807186,-0.17162329,0.19640803,-0.01699603,253.92033,259.25238,351.03433,7.535005,2.6075268,0.29636475
1,20,10,0.1,0.29013443,0.100457616,0.1511497,0.03852709,0.15847525,0.0014308784,13.872226,-6.40148,16.298037,-1.4198935,0.3169505,0.0028617568,0.38877976,-0.17940634,0.19628319,-0.017100304,253.93623,259.09378,351.75656,7.821374,2.6075268,0.30259982
1,21,10,0.1,0.27695656,0.08302428,0.15638089,0.0375514,0.14406967,-0.008072147,14.110238,-6.6857505,16.090342,-1.9498701,0.28813934,-0.016144294,0.39545023,-0.18737328,0.19378184,-0.023482997,253.93173,258.9217,351.56573,8.63562,2.7517958,0.31139857
1,22,10,0.1,0.26927316,0.07821449,0.15475574,0.036302924,0.13983427,0.003648586,14.036729,-6.570532,15.820601,-1.9270903,0.27966854,0.007297172,0.39339006,-0.18414418,0.19053327,-0.023208657,253.87091,258.59018,349.73508,8.4976225,2.7517958,0.31478253
1,23,10,0.1,0.28322095,0.09118682,0.15690504,0.035129093,0.15098578,0.0027784673,14.133866,-6.579478,15.562725,-1.9266021,0.30197155,0.0055569345,0.3961124,-0.18439488,0.18742757,-0.023202762,253.90208,258.54556,350.11783,8.50608,2.8741481,0.3134035
1,24,10,0.1,0.2716162,0.07962058,0.15642971,0.0355659,0.1410856,-0.0088836625,14.112442,-6.1863365,15.659183,-2.1132011,0.2821712,-0.017767325,0.39551196,-0.17337681,0.18858925,-0.025450058,253.87923,258.2182,350.01047,8.299538,2.8741481,0.2988841
1,25,10,0.1,0.25628778,0.06783532,0.15484692,0.03360554,0.13022608,0.005142655,14.040863,-5.715765,15.221506,-1.6519502,0.26045215,0.01028531,0.39350593,-0.16018867,0.18331814,-0.01989503,253.80774,257.86633,348.36423,7.3677154,2.9775872,0.2944965
1,26,10,0.1,0.29420543,0.107544966,0.15308285,0.03357762,0.16397025,0.0046901195,13.960654,-5.716997,15.215182,-1.6615863,0.3279405,0.009380239,0.39125803,-0.16022323,0.18324198,-0.020011088,253.80797,257.6465,348.76996,7.3785834,2.9775872,0.29096997
1,27,10,0.1,0.24899925,0.071472526,0.14467847,0.032848254,0.13367173,-0.0044500385,13.572021,-4.993237,15.049025,-1.3447386,0.26734346,-0.008900077,0.38036624,-0.13993926,0.18124087,-0.016195176,253.76137,257.30212,348.59082,6.3379755,3.068868,0.25403598
1,28,10,0.1,0.24771515,0.06914764,0.146964,0.031603508,0.1314797,0.0067317714,13.678801,-5.117932,14.761137,-1.305253,0.2629594,0.013463543,0.38335884,-0.14343393,0.17777376,-0.01571965,253.63908,256.8477,347.0647,6.423185,3.068868,0.2750814
1,29,10,0.1,0.25800776,0.08624212,0.14170231,0.030063327,0.14683504,0.0050968216,13.4317,-4.4869595,14.396957,-0.73314136,0.2936701,0.010193643,0.37643367,-0.12575047,0.1733878,-0.008829486,253.59093,256.51694,347.43814,5.220101,3.1483595,0.24230574
1,30,10,0.1,0.24735482,0.077164985,0.14005657,0.030133257,0.13889293,-0.005704118,13.353474,-4.262236,14.4136915,-0.879028,0.27778587,-0.011408236,0.37424132,-0.11945244,0.17358933,-0.010586459,253.53535,256.10153,347.4113,5.141264,3.1483595,0.22901824
1,31,10,0.1,0.211782,0.054799404,0.12841555,0.02856703,0.11704636,0.009361671,12.7864895,-3.4111278,14.034105,-0.07165096,0.23409273,0.018723343,0.35835117,-0.09559948,0.16901784,-0.0008629211,253.43236,255.63963,345.8952,3.4827788,3.2174356,0.20375131
1,32,10,0.1,0.24046658,0.078025125,0.1336639,0.028777555,0.13966489,0.006234173,13.045167,-3.3552709,14.085723,-0.15465383,0.27932978,0.012468346,0.36560073,-0.09403404,0.16963948,-0.0018625548,253.4472,255.54053,346.1294,3.5099247,3.2174356,0.19801265
1,33,10,0.1,0.2242022,0.071009874,0.124294505,0.028897822,0.13323839,-0.000768699,12.579649,-2.2811203,14.115125,0.2702942,0.26647678,-0.001537398,0.35255426,-0.06393012,0.1699936,0.0032552518,253.4884,255.64792,346.41162,2.010826,3.2821124,0.1372049
1,34,10,0.1,0.19432466,0.05341903,0.11351677,0.027388854,0.11556279,0.009738686,12.021885,-2.449729,13.741656,0.35244504,0.23112558,0.019477371,0.3369225,-0.06865553,0.16549578,0.004244626,253.46251,255.60284,345.49905,2.0972838,3.2821124,0.15838137
1,35,10,0.1,0.19205397,0.06422265,0.10128031,0.026551,0.12671094,0.006647087,11.355469,-1.4037997,13.5298395,0.64800286,0.25342187,0.013294174,0.31824568,-0.039342564,0.16294478,0.0078041335,253.49072,255.50749,346.19006,0.7557968,3.3437629,0.10187375
1,36,10,0.1,0.19244869,0.07208386,0.09317497,0.02718987,0.13424219,-0.0015361534,10.891613,-0.9826275,13.691649,0.57313704,0.26848438,-0.0030723067,0.30524576,-0.027538907,0.16489351,0.0069025042,253.52458,255.52205,346.27533,0.40949047,3.3437629,0.06676958
1,37,10,0.1,0.15539074,0.045108274,0.08483845,0.02544401,0.10619354,0.008123037,10.392951,-0.2717757,13.244787,0.6700627,0.21238708,0.016246075,0.2912704,-0.007616722,0.15951179,0.008069816,253.50154,255.45331,345.02084,-0.39828703,3.3987272,0.050021946
1,38,10,0.1,0.1671675,0.06012993,0.08286002,0.024177551,0.12260702,0.005331865,10.271055,-0.45620495,12.910954,0.5013924,0.24521405,0.01066373,0.28785416,-0.0127854785,0.15549132,0.0060384525,253.51733,255.41158,345.2503,-0.045187473,3.3987272,0.05118092
1,39,10,0.1,0.16534626,0.059488118,0.08287692,0.022981228,0.12195093,-0.00523775,10.272104,0.78479326,12.587481,0.041353475,0.24390186,-0.0104755,0.28788352,0.021994445,0.1515956,0.00049802754,253.50417,255.26111,345.0583,-0.8261467,3.4521062,0.055570286
1,40,10,0.1,0.14289768,0.042115144,0.07822276,0.022559775,0.10260987,0.006268162,9.9795065,0.641893,12.471525,0.13118428,0.20521975,0.012536324,0.27968332,0.017989544,0.15019912,0.0015798891,253.43977,254.99014,344.03595,-0.7730773,3.4521062,0.044064455
1,41,10,0.1,0.1643663,0.06175372,0.08123237,0.021380218,0.12425148,-0.0012812202,10.169676,1.3842577,12.141107,-0.22904521,0.24850295,-0.0025624405,0.28501293,0.038794868,0.14621976,-0.0027584776,253.41592,254.71915,344.27866,-1.1552124,3.5019238,0.06460607
1,42,10,0.1,0.17208259,0.06871926,0.082272545,0.02109079,0.13107179,-0.006438969,10.23458,1.8294514,12.058647,-0.44704598,0.26214358,-0.012877938,0.28683192,0.051271785,0.14522669,-0.005383942,253.37709,254.401,344.08145,-1.3824055,3.5019238,0.092560045
1,43,10,0.1,0.14025274,0.039824035,0.081106335,0.019322371,0.0997798,0.0031130705,10.161783,2.3071327,11.542035,-0.66762024,0.1995596,0.006226141,0.28479174,0.06465918,0.13900493,-0.00804039,253.27707,254.00465,342.53033,-1.6395125,3.5461326,0.09475704
1,44,10,0.1,0.15715122,0.056053855,0.08247345,0.018623924,0.118378475,0.00044529125,10.247068,2.3081956,11.33151,-0.75222164,0.23675695,0.0008905825,0.2871819,0.06468896,0.1364695,-0.009059276,253.23347,253.67189,342.60065,-1.555974,3.5461326,0.09844064
1,45,10,0.1,0.17221713,0.067762986,0.08679445,0.017659688,0.13015662,-0.009965443,10.512076,3.3937516,11.03427,-1.1426638,0.26031324,-0.019930886,0.29460898,0.09511248,0.13288976,-0.013761518,253.16629,253.27046,342.34106,-2.2510877,3.5892007,0.15548153
1,46,10,0.1,0.13239354,0.035695054,0.07938835,0.017310143,0.09446567,0.00055375276,10.053584,3.2799497,10.924522,-1.0413772,0.18893135,0.0011075055,0.28175938,0.091923095,0.13156801,-0.012541684,253.08775,252.91656,341.0902,-2.2385726,3.5892007,0.13375536
1,47,10,0.1,0.14176421,0.049805235,0.075372346,0.016586635,0.11158543,-0.0043785805,9.795995,3.260112,10.693783,-0.9401675,0.22317086,-0.008757161,0.27454025,0.091367155,0.12878911,-0.0113227805,253.12286,252.96776,341.66968,-2.3199446,3.631263,0.13929804
1,48,10,0.1,0.15577085,0.06172478,0.07751821,0.016527856,0.12422236,-0.008559075,9.9344635,3.5295522,10.674816,-0.9766081,0.24844472,-0.01711815,0.27842093,0.098918416,0.1285607,-0.011761641,253.1393,252.9809,341.95532,-2.5529442,3.631263,0.16641448
1,49,10,0.1,0.122998685,0.03696581,0.070997216,0.015035659,0.09613247,0.0035323408,9.507432,3.2714517,10.18154,-0.7778501,0.19226494,0.0070646815,0.26645303,0.09168494,0.12261998,-0.009367932,253.0727,252.73056,340.8896,-2.4936016,3.6683648,0.14206514
1,50,10,0.1,0.13768801,0.052197635,0.070447646,0.015042737,0.11423401,0.00019348646,9.470563,3.2890391,10.183936,-0.82465214,0.22846802,0.0003869729,0.26541975,0.09217785,0.122648835,-0.009931597,253.06735,252.56178,341.09225,-2.464387,3.6683648,0.14650188
1,51,10,0.1,0.15642977,0.06710634,0.07531086,0.0140125705,0.12952445,-0.0042849267,9.791998,3.641654,9.82904,-0.81090134,0.2590489,-0.008569853,0.27442825,0.10206015,0.118374705,-0.009765967,253.03645,252.36624,341.12097,-2.8307526,3.7044303,0.17281048
1,52,10,0.1,0.116088875,0.034062088,0.06882289,0.013203896,0.09227958,0.005384686,9.360715,3.4428046,9.541204,-0.8716007,0.18455917,0.010769372,0.26234117,0.09648723,0.1149082,-0.0104970075,252.94728,251.99554,339.8054,-2.571204,3.7044303,0.1544569
1,53,10,0.1,0.1308903,0.05058663,0.06761432,0.012689347,0.11245736,0.00021264725,9.27816,2.9969668,9.353451,-0.7612092,0.22491471,0.0004252945,0.26002753,0.083992295,0.112647004,-0.009167515,252.91617,251.75688,339.9783,-2.2357576,3.7409945,0.14433764
1,54,10,0.1,0.14161679,0.055838797,0.07333888,0.012439119,0.11815117,-0.0059006745,9.662949,3.572708,9.260769,-0.95463395,0.23630235,-0.011801349,0.27081153,0.100127846,0.111530796,-0.011497003,252.87747,251.57106,339.86734,-2.618074,3.7409945,0.17801104
1,55,10,0.1,0.10708581,0.033589363,0.06222861,0.011267839,0.09163701,0.0047495775,8.900974,3.0195057,8.813989,-0.7092798,0.18327402,0.009499155,0.24945663,0.08462396,0.106150076,-0.008542122,252.77141,251.11272,338.7931,-2.310226,3.7764513,0.13465069
1,56,10,0.1,0.113374524,0.040083442,0.0621616,0.011129483,0.10010425,-0.00023473467,8.896181,2.8871217,8.759708,-0.74928,0.2002085,-0.00046946935,0.24932228,0.080913775,0.10549636,-0.009023848,252.73201,250.84698,339.01688,-2.1378417,3.7764513,0.13492961
1,57,10,0.1,0.1295607,0.055254705,0.064177476,0.01012851,0.1175316,-0.006525624,9.03928,2.9618278,8.35651,-0.82592934,0.2350632,-0.013051248,0.25333273,0.08300748,0.1006405,-0.00994697,252.69183,250.60114,338.90988,-2.1358984,3.8130906,0.15294944
1,58,10,0.1,0.09687765,0.030377291,0.056707885,0.009792473,0.08714541,0.0043960116,8.496974,2.7394853,8.216718,-0.8098435,0.17429082,0.008792023,0.23813418,0.07677616,0.09895693,-0.009753237,252.6102,250.23557,337.8036,-1.9296417,3.8130906,0.12360549
1,59,10,0.1,0.104330175,0.036500745,0.05841304,0.009416397,0.09552584,-0.0018814324,8.6237755,2.0783048,8.057394,-0.8361854,0.19105168,-0.0037628647,0.2416879,0.058246072,0.09703812,-0.010070484,252.57272,249.9823,337.87177,-1.2421193,3.8508875,0.09674815
1,60,10,0.1,0.12619424,0.054154605,0.062717445,0.00932219,0.11635571,-0.008010425,8.935868,2.6138673,8.016987,-1.1848267,0.23271142,-0.01602085,0.25043452,0.07325561,0.096551485,-0.014269295,252.4859,249.58244,337.3848,-1.4290406,3.8508875,0.13238792
1,61,10,0.1,0.08478066,0.026856715,0.049245168,0.008678776,0.08194009,0.0021439763,7.9181614,1.7457997,7.735376,-1.0344563,0.16388018,0.0042879526,0.22191252,0.04892737,0.09315995,-0.012458329,252.37639,249.13249,336.06146,-0.7113434,3.888056,0.07801757
1,62,10,0.1,0.09096159,0.032826383,0.04894281,0.009192392,0.09059026,-0.0023251327,7.893816,1.7142664,7.9609785,-0.95634824,0.18118052,-0.0046502654,0.22123022,0.048043616,0.09587696,-0.011517647,252.36609,248.9629,336.4472,-0.7579182,3.888056,0.08101154
1,63,10,0.1,0.11420382,0.048518524,0.056419607,0.009265683,0.1101346,-0.0068194037,8.475348,1.4596233,7.9926515,-0.75146455,0.2202692,-0.013638807,0.23752812,0.04090706,0.09625842,-0.009050161,252.34306,248.82666,336.48312,-0.7081588,3.9288065,0.09715175
1,64,10,0.1,0.089351766,0.027166236,0.05287591,0.009309619,0.08241092,0.0031052213,8.204865,1.1269495,8.0115795,-0.71288764,0.16482183,0.0062104426,0.22994763,0.03158362,0.09648637,-0.008585565,252.28104,248.61403,335.57114,-0.4140619,3.9288065,0.06392968
1,65,10,0.1,0.09707521,0.033534855,0.054724615,0.008815737,0.09156262,0.0003182158,8.347067,0.268551,7.7961745,-0.37713838,0.18312524,0.0006364316,0.23393293,0.0075263544,0.09389216,-0.0045420136,252.27898,248.54108,335.85672,0.108587384,3.9742565,0.040902477
1,66,10,0.1,0.10804181,0.041872524,0.05727799,0.008891298,0.10231388,-0.004633115,8.5395775,0.63131285,7.8295135,-0.57726926,0.20462777,-0.00926623,0.2393282,0.017693026,0.094293684,-0.0069522685,252.25938,248.47905,335.86813,-0.05404359,3.9742565,0.075176515
1,67,10,0.1,0.083470054,0.026915794,0.048151545,0.00840271,0.08203017,0.0069761826,7.8297453,-0.3912402,7.611354,-0.28194702,0.16406034,0.013952365,0.2194346,-0.010964805,0.091666296,-0.0033955853,252.19354,248.31723,334.91846,0.67318726,4.0211864,0.040467694
1,68,10,0.1,0.084411316,0.02810419,0.04859281,0.0077143167,0.08382152,0.0029740378,7.8655396,-0.29953578,7.2929115,-0.36373734,0.16764304,0.0059480756,0.22043777,-0.008394726,0.087831184,-0.0043806196,252.15486,248.05576,335.16107,0.6632731,4.0211864,0.033777334
1,69,10,0.1,0.094027475,0.038026396,0.049090683,0.0069103977,0.09750179,-0.0019661782,7.905732,-0.26456174,6.9024568,-0.17072795,0.19500358,-0.0039323564,0.22156417,-0.007414555,0.0831288,-0.0020561381,252.12296,247.88617,335.03992,0.43528968,4.071094,0.050250705
1,70,10,0.1,0.08422173,0.031193864,0.04580459,0.007223269,0.08830892,0.0077380845,7.636548,-0.50643957,7.0569835,-0.1647324,0.17661785,0.015476169,0.21402007,-0.014193357,0.084989816,-0.0019839322,252.08235,247.76523,334.16245,0.67117196,4.071094,0.042615842
1,71,10,0.1,0.0899996,0.038283166,0.04454458,0.0071718544,0.09783042,0.0048741917,7.5307803,-0.8811861,7.031823,0.1603145,0.19566084,0.009748383,0.21105587,-0.024695914,0.0846868,0.0019307245,252.07083,247.66045,334.51254,0.7208716,4.1218395,0.046591975
1,72,10,0.1,0.090374626,0.040862165,0.04265662,0.0068558413,0.10107196,-0.000951751,7.3694606,-0.46982563,6.8751564,-0.04974296,0.20214392,-0.001903502,0.20653479,-0.013167225,0.08280001,-0.000599073,252.04128,247.52025,334.45294,0.51956856,4.1218395,0.047448408
1,73,10,0.1,0.0792769,0.035230633,0.037489504,0.006556758,0.09384912,0.008857969,6.9087167,-1.1847233,6.723521,0.18278295,0.18769825,0.017715938,0.19362207,-0.033202782,0.08097381,0.0022013206,252.01373,247.47096,333.8432,1.0019403,4.170825,0.06415446
1,74,10,0.1,0.085994676,0.03982358,0.03954234,0.00662875,0.09977923,0.006208112,7.0953484,-1.3736036,6.760332,0.21064115,0.19955847,0.012416224,0.19885255,-0.038496286,0.081417136,0.0025368263,252.00136,247.40027,334.2407,1.1629624,4.170825,0.07006543
1,75,10,0.1,0.09259325,0.042573147,0.043404173,0.006615935,0.103166305,0.00085416314,7.4337564,-1.2855579,6.7537937,0.11395475,0.20633261,0.0017083263,0.20833668,-0.03602874,0.0813384,0.0013723981,251.93166,247.04854,334.10922,1.1716031,4.2182817,0.06229641
1,76,10,0.1,0.088279925,0.03587826,0.04504724,0.0073544295,0.09470779,0.0069611324,7.573151,-1.4694756,7.1207657,0.05533261,0.18941557,0.013922265,0.21224335,-0.04118318,0.08575797,0.00066638895,251.82565,246.61188,333.13406,1.414143,4.2182817,0.08396028
1,77,10,0.1,0.09886041,0.03910732,0.05084177,0.008911326,0.098877855,0.003583946,8.045497,-1.7106702,7.8383255,-0.100476235,0.19775571,0.007167892,0.2254812,-0.047942836,0.09439982,-0.0012100736,251.75032,246.26643,333.04657,1.8111465,4.26338,0.089626215
1,78,10,0.1,0.11345857,0.04401845,0.059289817,0.010150299,0.10490287,-0.0025586826,8.688255,-1.191779,8.365495,-0.4834169,0.20980574,-0.005117365,0.243495,-0.033400517,0.100748695,-0.0058219642,251.63455,245.78906,332.4483,1.6751959,4.26338,0.07059563
1,79,10,0.1,0.10305485,0.034929942,0.057506524,0.010618386,0.09344777,0.0044886805,8.556598,-1.4385691,8.55621,-0.68597907,0.18689553,0.008977361,0.23980518,-0.040317,0.10304555,-0.008261497,251.52382,245.38533,331.2253,2.1245482,4.3036957,0.09523414
1,80,10,0.1,0.10516396,0.039998017,0.054576356,0.0105895875,0.09999752,0.0018131423,8.335753,-1.3307056,8.544599,-0.7242769,0.19999504,0.0036262847,0.23361583,-0.037294038,0.10290572,-0.00872273,251.48566,245.13571,331.33768,2.0549827,4.3036957,0.08950651
1,81,10,0.1,0.11411263,0.044394676,0.058600824,0.011117134,0.10535022,-0.004942646,8.637626,-0.93405604,8.754849,-0.7515184,0.21070044,-0.009885292,0.24207607,-0.026177637,0.10543782,-0.009050814,251.49037,245.12425,331.4739,1.6855745,4.339661,0.068362914
1,82,10,0.1,0.115936056,0.045108665,0.058942035,0.011885359,0.106194004,0.0034023798,8.662737,-1.2024667,9.052287,-0.6956958,0.21238801,0.0068047596,0.2427798,-0.03370004,0.109019995,-0.008378521,251.50572,245.1914,330.86588,1.8981626,4.339661,0.08749919
1,83,10,0.1,0.12091169,0.046126127,0.061461616,0.013323945,0.10738497,6.7481225e-5,8.845951,-1.1861591,9.58448,-0.39461765,0.21476994,0.00013496245,0.24791454,-0.03324302,0.115429394,-0.004752525,251.59033,245.44125,331.40924,1.5807768,4.367002,0.07297006
1,84,10,0.1,0.12415612,0.047292113,0.06293876,0.013925249,0.10873375,-0.0027665868,8.951619,-1.1316116,9.798367,-0.31280556,0.2174675,-0.0055331737,0.25087598,-0.031714268,0.11800529,-0.0037672303,251.66017,245.79999,332.0486,1.4444171,4.367002,0.05906756
1,85,10,0.1,0.12909374,0.04966459,0.06478204,0.014647111,0.11142777,0.0062272158,9.081757,-1.4714423,10.049125,-0.13759251,0.22285554,0.0124544315,0.25452316,-0.04123829,0.12102525,-0.0016570754,251.64145,245.9074,331.41312,1.6090349,4.37976,0.08771234
1,86,10,0.1,0.13268611,0.05233247,0.0651224,0.015231237,0.114381455,0.0025997246,9.105581,-1.5513362,10.247542,-0.15927663,0.22876291,0.005199449,0.2551909,-0.043477375,0.1234149,-0.0019182244,251.64864,245.98624,331.695,1.7106128,4.37976,0.08467415
1,87,10,0.1,0.13003622,0.048483934,0.06553776,0.016014526,0.11009534,-0.0028265892,9.134575,-1.1058861,10.507739,-0.30779058,0.22019067,-0.0056531783,0.25600344,-0.030993307,0.12654851,-0.0037068273,251.62627,245.90405,331.66846,1.4136767,4.3782463,0.051906623
1,88,10,0.1,0.12645857,0.04208435,0.06763986,0.016734365,0.10257235,0.00508798,9.279911,-1.1641611,10.741299,-0.3202473,0.2051447,0.01017596,0.26007664,-0.032626506,0.12936138,-0.0038568552,251.58688,245.72842,330.8408,1.4844084,4.3782463,0.0738895
1,89,10,0.1,0.13013406,0.046496797,0.06637547,0.017261783,0.10781558,-0.00048683162,9.192769,-1.0171164,10.909253,-0.4248836,0.21563116,-0.00097366323,0.25763437,-0.02850545,0.1313841,-0.0051170276,251.61253,245.77628,331.1592,1.442,4.3651137,0.05948155
1,90,10,0.1,0.13372649,0.048865564,0.06773185,0.017129075,0.11052778,-0.004348852,9.28622,-0.8422286,10.867236,-0.36914554,0.22105557,-0.008697704,0.26025343,-0.023604099,0.13087809,-0.0044457577,251.63828,245.87701,331.61343,1.2113742,4.3651137,0.04131575
1,91,10,0.1,0.1281178,0.043871835,0.06717445,0.017071517,0.10472802,0.003638034,9.2479315,-0.8401824,10.848964,-0.25854015,0.20945604,0.007276068,0.25918034,-0.023546755,0.13065802,-0.0031136877,251.63179,245.94089,331.08914,1.0987226,4.338111,0.052183308
1,92,10,0.1,0.13093662,0.049387287,0.0648959,0.01665343,0.11111625,-0.00045844875,9.089735,-0.9100892,10.715294,-0.15366572,0.2222325,-0.0009168975,0.25474674,-0.02550595,0.12904817,-0.0018506532,251.63794,245.92888,331.5947,1.0637549,4.338111,0.045843214
1,93,10,0.1,0.12957051,0.045467876,0.068165675,0.01593697,0.10661599,-0.005483851,9.315913,-0.29627237,10.482263,-0.1800585,0.21323198,-0.010967702,0.26108557,-0.008303281,0.12624171,-0.0021685062,251.63182,245.87553,331.7896,0.47633088,4.3017592,0.02030928
1,94,10,0.1,0.12511349,0.043064345,0.06649997,0.0155491615,0.10375975,0.0015652333,9.201386,-0.5587818,10.35394,-0.24115083,0.2075195,0.0031304667,0.2578759,-0.015660293,0.12469628,-0.002904266,251.62343,245.9607,331.07608,0.7999326,4.3017592,0.037250716
1,95,10,0.1,0.12338623,0.045210566,0.06320662,0.014969042,0.106313884,-0.002661708,8.970648,-0.46514305,10.158958,-0.3184184,0.21262777,-0.005323416,0.25140926,-0.013035976,0.12234803,-0.0038348243,251.6452,246.09209,331.6579,0.78356147,4.2594957,0.028741466
1,96,10,0.1,0.13368262,0.05094064,0.067010365,0.015731616,0.11285017,-0.0039011207,9.2366295,-0.18915164,10.414512,-0.3844213,0.22570033,-0.0078022415,0.2588636,-0.0053011095,0.12542574,-0.0046297205,251.62643,246.02264,331.74313,0.57357293,4.2594957,0.022089945
1,97,10,0.1,0.12560207,0.043249484,0.0665645,0.015788073,0.10398255,0.0030505485,9.20585,-0.075456716,10.433181,-0.47050938,0.2079651,0.006101097,0.25800097,-0.0021147488,0.1256506,-0.005666511,251.55603,245.74825,331.03445,0.5459661,4.215098,0.030753179
1,98,10,0.1,0.13243587,0.045671288,0.07013515,0.01662944,0.10685421,7.6472155e-5,9.449534,-0.1054185,10.707572,-0.46975476,0.21370842,0.00015294431,0.2648304,-0.0029544397,0.12895519,-0.0056574224,251.51564,245.46689,331.18036,0.57517326,4.215098,0.03891217
1,99,10,0.1,0.1472126,0.04686647,0.081609584,0.018736541,0.108243324,-0.0041214954,10.19326,0.5864329,11.365719,-0.83931065,0.21648665,-0.008242991,0.28567392,0.016435238,0.13688149,-0.010108119,251.48631,245.34561,331.00552,0.25287777,4.1725864,0.0484414
1,100,10,0.1,0.15110657,0.044577792,0.08625481,0.020273948,0.10556727,0.0011055424,10.479346,0.38836023,11.822827,-0.99164915,0.21113454,0.0022110848,0.2936917,0.010884097,0.14238662,-0.011942794,251.43439,245.2811,330.09564,0.6032889,4.1725864,0.053950917
2,1,10,0.07,0.17466895,0.06739746,0.08006632,0.027205175,0.1298051,-0.00575293,10.096422,-1.7927585,13.695502,7.0517626,0.2596102,-0.01150586,0.28295994,-0.050243445,0.16493991,0.084926955,253.68755,261.48077,355.60464,-5.259004,4.133922,0.12488453
2,2,10,0.07,0.18423697,0.07856346,0.07793474,0.027738787,0.14014587,-0.0064463136,9.961119,-2.3493698,13.829164,7.2229958,0.28029174,-0.012892627,0.27916795,-0.06584289,0.16654965,0.08698918,253.71283,261.37408,356.189,-4.8736258,4.133922,0.14103831
2,3,10,0.07,0.18748601,0.0880137,0.07503659,0.024435716,0.14833552,-0.020229217,9.774152,-1.5503155,12.979702,5.655578,0.29667103,-0.040458433,0.27392808,-0.04344879,0.15631928,0.068112195,253.64418,260.71436,355.7946,-4.1052628,4.080078,0.11989849
2,4,10,0.07,0.16056122,0.062496692,0.076148786,0.021915743,0.12499669,-0.009264114,9.846322,-1.6060734,12.29222,5.0185275,0.24999338,-0.018528229,0.2759507,-0.045011424,0.14803967,0.060439948,253.50342,259.97836,353.15057,-3.4124541,4.080078,0.09509911
2,5,10,0.07,0.16025575,0.06476013,0.07517903,0.020316588,0.12724006,-0.012480974,9.783424,-1.6272395,11.835255,3.4649146,0.25448012,-0.024961948,0.27418795,-0.045604628,0.14253627,0.041729238,253.49416,259.6426,353.46307,-1.8376751,4.0167894,0.08952663
2,6,10,0.07,0.17314585,0.07966514,0.073161736,0.020318976,0.14112507,-0.022677727,9.651271,-1.0547612,11.835949,3.3671088,0.28225014,-0.045355454,0.27048427,-0.029560478,0.14254464,0.04055132,253.47144,259.27765,353.65665,-2.3123477,4.0167894,0.10701221
2,7,10,0.07,0.13705464,0.049966224,0.06887247,0.018215947,0.11176563,-0.010801267,9.364084,-0.8725484,11.206707,1.3962002,0.22353126,-0.021602534,0.26243564,-0.024453832,0.13496646,0.016814938,253.34761,258.57828,351.6816,-0.5236518,3.9523048,0.05318923
2,8,10,0.07,0.15655191,0.06634751,0.0709251,0.019279303,0.12879005,-0.013645253,9.502602,-1.0256697,11.529164,1.3747921,0.2575801,-0.027290506,0.26631767,-0.028745184,0.13884993,0.016557124,253.3133,258.06952,351.79468,-0.3491224,3.9523048,0.05973039
2,9,10,0.07,0.16240057,0.069722734,0.0741756,0.018502235,0.13202532,-0.022085434,9.717915,-0.14880764,11.294431,-0.7217079,0.26405063,-0.044170868,0.27235198,-0.0041704588,0.13602293,-0.008691788,253.2706,257.5899,351.6654,0.8705155,3.8929775,0.10424703
2,10,10,0.07,0.13646555,0.053146243,0.06672824,0.01659106,0.115267344,-0.009890424,9.217165,-0.3937219,10.695209,-0.9888594,0.23053469,-0.019780848,0.2583181,-0.011034366,0.1288063,-0.011909196,253.1832,257.09375,349.96014,1.3825814,3.8929775,0.047732066
2,11,10,0.07,0.14103223,0.06050794,0.063874386,0.016649911,0.12299181,-0.008205946,9.017911,-0.37071258,10.714161,-2.4058194,0.24598362,-0.016411891,0.25273383,-0.0103895115,0.12903453,-0.028974162,253.18158,256.8811,350.22964,2.776532,3.8420475,0.046899587
2,12,10,0.07,0.14641607,0.06449267,0.06578057,0.016142815,0.12697704,-0.015545467,9.151481,0.1521604,10.549743,-2.5144482,0.25395408,-0.031090934,0.25647724,0.004264417,0.12705438,-0.030282415,253.18407,256.62677,350.37302,2.3622878,3.8420475,0.09102978
2,13,10,0.07,0.12786174,0.048741695,0.06227994,0.0168401,0.11038761,-0.0017239852,8.904645,0.30236024,10.775181,-3.7861707,0.22077522,-0.0034479704,0.24955949,0.008473876,0.12976941,-0.045598228,253.12231,256.31064,348.62286,3.4838104,3.8008633,0.05082458
2,14,10,0.07,0.1396625,0.06199308,0.06075794,0.016911484,0.12449205,-0.002948201,8.795167,-0.12234651,10.797994,-3.7961855,0.2489841,-0.005896402,0.24649125,-0.003428859,0.13004416,-0.04571885,253.14485,256.23517,348.94595,3.918532,3.8008633,0.051156517
2,15,10,0.07,0.13820754,0.061288532,0.060580317,0.016338691,0.123782605,-0.006348298,8.782301,0.5971728,10.613553,-4.5267906,0.24756521,-0.012696596,0.24613069,0.016736219,0.12782289,-0.054517776,253.12666,255.93044,348.7983,3.929618,3.7712984,0.093290776
2,16,10,0.07,0.1155558,0.04236368,0.057484448,0.015707674,0.102912195,0.0036604651,8.5549555,0.3667994,10.406582,-4.826634,0.20582439,0.0073209302,0.23975915,0.010279824,0.12533025,-0.058128927,253.01527,255.40518,347.0644,4.4598346,3.7712984,0.053027187
2,17,10,0.07,0.12151674,0.0490035,0.056807905,0.015705338,0.11068367,0.007273882,8.504463,0.40445554,10.405808,-4.7667727,0.22136734,0.014547764,0.23834409,0.0113351755,0.12532094,-0.057407975,252.95654,254.91919,347.05533,4.362317,3.7525651,0.04859593
2,18,10,0.07,0.1473605,0.07237932,0.059652165,0.015329019,0.13451703,-0.003476823,8.714765,1.0544821,10.280385,-5.0450616,0.26903406,-0.006953646,0.24423793,0.029552657,0.12381042,-0.060759515,252.89554,254.4104,346.83286,3.9905796,3.7525651,0.10063388
2,19,10,0.07,0.11414682,0.04074666,0.05884228,0.014557884,0.10092901,0.013124891,8.655402,1.047466,10.018469,-4.605047,0.20185801,0.026249781,0.24257427,0.02935605,0.12065606,-0.05546026,252.83218,254.10149,345.29355,3.5575812,3.742823,0.05705979
2,20,10,0.07,0.13001496,0.054007385,0.061032422,0.014975147,0.116197444,0.010820747,8.81501,0.86137426,10.161031,-4.605802,0.23239489,0.021641495,0.24704741,0.024140676,0.122372985,-0.05546936,252.89343,254.15813,345.6171,3.7444277,3.742823,0.050935674
2,21,10,0.07,0.12842722,0.05275888,0.062404305,0.013264043,0.114846505,0.0057548936,8.913531,1.4025943,9.562912,-3.9317763,0.22969301,0.011509787,0.24980853,0.03930878,0.11516963,-0.047351807,252.9779,254.33582,345.72424,2.529182,3.740552,0.08471971
2,22,10,0.07,0.10729986,0.044358533,0.050839417,0.012101909,0.105307326,0.017917974,8.045311,0.80973166,9.134381,-4.005039,0.21061465,0.035835948,0.22547598,0.022693345,0.11000868,-0.04823415,252.99254,254.48721,344.72388,3.1953075,3.740552,0.045833442
2,23,10,0.07,0.11098749,0.05502414,0.045857348,0.010106005,0.11728612,0.017423496,7.640944,0.47467142,8.34722,-2.8363585,0.23457225,0.03484699,0.21414329,0.013303037,0.10052863,-0.0341593,253.0109,254.43756,345.375,2.3616872,3.744784,0.03949155
2,24,10,0.07,0.11721275,0.056872748,0.050953187,0.009386816,0.11924004,0.010310988,8.054308,1.1631129,8.044727,-2.9873075,0.23848008,0.020621976,0.22572812,0.03259713,0.096885584,-0.035977226,252.95049,253.96317,345.27982,1.8241947,3.744784,0.06898207
2,25,10,0.07,0.095931835,0.0408682,0.046747632,0.008316001,0.10107943,0.020245578,7.7147584,1.052992,7.571981,-2.136308,0.20215885,0.040491156,0.216212,0.029510908,0.09119211,-0.025728334,252.83282,253.41772,343.4481,1.083316,3.7527428,0.060583446
2,26,10,0.07,0.114411384,0.05821115,0.04769809,0.008502143,0.120634936,0.017669132,7.7927914,0.9342159,7.6562552,-2.2000532,0.24126987,0.035338264,0.21839893,0.026182115,0.09220707,-0.026496042,252.80927,253.13057,343.55832,1.2658373,3.7527428,0.054563146
2,27,10,0.07,0.10905273,0.04908111,0.052087497,0.007884133,0.11077128,0.0087599475,8.143466,1.2998415,7.3727436,-1.3797541,0.22154257,0.017519895,0.22822686,0.036429055,0.08879264,-0.016616883,252.77443,252.89629,343.1246,0.07991254,3.7618198,0.058261354
2,28,10,0.07,0.10066469,0.043698315,0.04896494,0.008001431,0.10452071,0.019025259,7.895601,1.174541,7.4273863,-1.6463444,0.20904142,0.038050517,0.22128023,0.032917414,0.08945072,-0.019827528,252.67621,252.44504,341.54056,0.47180343,3.7618198,0.06428885
2,29,10,0.07,0.10692963,0.05109327,0.047785155,0.008051205,0.1130191,0.014153784,7.7999,1.1667563,7.450453,-0.5019889,0.2260382,0.028307568,0.21859816,0.032699235,0.08972851,-0.0060456353,252.63654,252.05986,341.90723,-0.6647674,3.7713223,0.06643311
2,30,10,0.07,0.10438448,0.0455516,0.051159214,0.007673662,0.10671411,0.0047760126,8.070576,1.6406515,7.2736692,-0.6127193,0.21342821,0.009552025,0.22618403,0.045980513,0.08759944,-0.0073792012,252.60909,251.83748,342.08395,-1.0279322,3.7713223,0.06677172
2,31,10,0.07,0.09667671,0.04514477,0.044772953,0.006758987,0.106236495,0.012505223,7.5500607,1.1549507,6.82642,0.060638215,0.21247299,0.025010446,0.2115962,0.03236837,0.08221306,0.00073028903,252.53366,251.53375,340.59628,-1.2155889,3.7793882,0.07108119
2,32,10,0.07,0.09810412,0.047931377,0.04349911,0.006673637,0.10946618,0.009182301,7.4418817,1.1403049,6.783182,0.008627092,0.21893236,0.018364603,0.2085644,0.031957917,0.08169233,0.00010389932,252.51752,251.29425,340.78403,-1.148932,3.7793882,0.06498992
2,33,10,0.07,0.09626504,0.043711677,0.046042785,0.006510581,0.10453669,-0.001382639,7.6563773,1.3627834,6.699804,0.65532124,0.20907338,-0.002765278,0.21457583,0.03819305,0.08068817,0.0078922715,252.49998,251.15839,340.80957,-2.0181046,3.7863839,0.057507955
2,34,10,0.07,0.09052818,0.038280927,0.0452247,0.007022549,0.09782756,0.008966044,7.588053,1.0105813,6.958243,0.4364308,0.19565512,0.017932087,0.212661,0.028322311,0.08380065,0.005256093,252.44038,250.93912,339.34424,-1.4470121,3.7863839,0.061142184
2,35,10,0.07,0.10485206,0.049440067,0.04743808,0.007973909,0.11117561,0.0034900592,7.7715225,0.736339,7.4146013,1.0260073,0.22235122,0.0069801183,0.21780285,0.020636465,0.08929675,0.0123565765,252.45628,250.87747,339.63913,-1.7623463,3.7916439,0.056898165
2,36,10,0.07,0.11589687,0.054218587,0.053264722,0.008413563,0.11642443,-0.003157359,8.234977,1.1925182,7.6162663,0.905022,0.23284885,-0.006314718,0.23079151,0.033421233,0.091725476,0.010899512,252.46318,250.90025,339.85037,-2.0975404,3.7916439,0.05363713
2,37,10,0.07,0.10247244,0.046066333,0.046913728,0.009492384,0.10731535,0.0036640319,7.7284517,0.5371772,8.089839,1.1056746,0.2146307,0.0073280637,0.21659577,0.015054804,0.097428866,0.013316041,252.39621,250.6583,338.63586,-1.6428518,3.7926207,0.068316765
2,38,10,0.07,0.10170055,0.048031442,0.044421207,0.009247908,0.10958038,0.001127907,7.520345,0.48866072,7.9849815,0.9175562,0.21916077,0.002255814,0.2107634,0.013695091,0.096166044,0.0110504655,252.33511,250.2427,338.68155,-1.406217,3.7926207,0.06978564
2,39,10,0.07,0.11423588,0.05718442,0.048690986,0.008360473,0.11956632,-0.0084408345,7.8734818,0.9018615,7.5922003,1.0022638,0.23913264,-0.016881669,0.22066034,0.025275359,0.091435626,0.012070627,252.29187,249.96628,338.5243,-1.9041252,3.7883759,0.06230154
2,40,10,0.07,0.10260136,0.048550535,0.045245074,0.008805747,0.11017093,0.0014359761,7.589762,0.5074522,7.791755,0.9967619,0.22034186,0.0028719523,0.21270889,0.0142217325,0.093838945,0.012004363,252.23746,249.77306,337.47647,-1.504214,3.7883759,0.07625772
2,41,10,0.07,0.100159615,0.046225008,0.044535965,0.009398637,0.10750001,-0.003392867,7.5300517,0.018085055,8.049791,1.2685456,0.21500002,-0.006785734,0.21103546,0.00050685264,0.09694657,0.015277553,252.24442,249.74522,337.86365,-1.2866306,3.7801058,0.05151637
2,42,10,0.07,0.11231258,0.05307923,0.05032507,0.008908277,0.11519465,-0.01163155,8.00451,0.5606492,7.8369856,1.0010744,0.2303893,-0.0232631,0.2243325,0.015712617,0.09438367,0.01205631,252.2092,249.58636,337.64233,-1.5617237,3.7801058,0.054414522
2,43,10,0.07,0.10168039,0.04545799,0.04639729,0.009825108,0.1066044,-0.00013036966,7.685796,-0.0018239648,8.230399,1.0163513,0.2132088,-0.00026073933,0.21540031,-5.1122723e-5,0.09912168,0.012240291,252.1326,249.27142,336.5714,-1.0145273,3.7666557,0.05408559
2,44,10,0.07,0.1183288,0.059585344,0.048316494,0.010426962,0.122050546,-0.00328578,7.8431444,-0.053281534,8.478736,1.1076702,0.24410109,-0.00657156,0.21981013,-0.0014932638,0.102112494,0.013340071,252.10835,249.03737,336.9317,-1.0543886,3.7666557,0.04360205
2,45,10,0.07,0.112710744,0.051109936,0.051513236,0.010087575,0.113037534,-0.009723853,8.098452,0.3414211,8.339606,0.86746454,0.22607507,-0.019447707,0.22696528,0.00956858,0.10043692,0.010447189,252.10802,248.97218,336.9256,-1.2088857,3.7513115,0.039738923
2,46,10,0.07,0.11020596,0.049651038,0.049746986,0.010807937,0.11141256,-0.0009317916,7.9584026,0.017428927,8.632241,0.84650886,0.22282512,-0.0018635832,0.22304033,0.0004884595,0.10396123,0.010194815,252.08379,248.93716,335.98492,-0.8639378,3.7513115,0.048870936
2,47,10,0.07,0.112213604,0.051293455,0.0495078,0.011412345,0.113240294,-0.0022338047,7.9392476,-0.40317696,8.870327,0.5700352,0.22648059,-0.0044676093,0.22250348,-0.011299352,0.10682858,0.0068651484,252.07895,248.85532,336.26334,-0.16685826,3.7353477,0.032961857
2,48,10,0.07,0.12283638,0.06038118,0.05086161,0.011593596,0.12286291,-0.008280681,8.047067,0.063554704,8.94049,0.37327322,0.24572583,-0.016561363,0.22552519,0.0017811698,0.10767356,0.004495463,252.05165,248.67085,336.13483,-0.43682793,3.7353477,0.03639288
2,49,10,0.07,0.10987004,0.051002204,0.047821652,0.011046179,0.11291834,0.00046237354,7.8028774,-0.3515451,8.726864,0.08858914,0.22583668,0.0009247471,0.21868162,-0.009852311,0.1051008,0.0010669159,251.98116,248.32077,335.15988,0.26295596,3.7191837,0.037269905
2,50,10,0.07,0.11838083,0.052253824,0.05457064,0.011556363,0.114295475,-0.0019008054,8.335316,-0.26084176,8.926121,0.13993998,0.22859095,-0.0038016108,0.2336036,-0.007310282,0.10750052,0.0016853485,251.93387,247.95593,335.32437,0.12090178,3.7191837,0.03143232
2,51,10,0.07,0.13415864,0.055502675,0.06603351,0.012622446,0.11779503,-0.005210065,9.169059,-0.03645417,9.328761,-0.39281964,0.23559006,-0.01042013,0.25696987,-0.0010216502,0.11234966,-0.00473087,251.89171,247.80388,335.13416,0.4292738,3.7036884,0.017200056
2,52,10,0.07,0.11933357,0.04207963,0.06382905,0.013424895,0.1025666,0.0035227991,9.014709,-0.2737832,9.620722,-0.4003797,0.2051332,0.0070455982,0.25264412,-0.007672989,0.11586585,-0.0048219194,251.81528,247.46753,334.15137,0.67416286,3.7036884,0.039818157
2,53,10,0.07,0.1401127,0.056143973,0.06918224,0.014786477,0.1184736,0.0016332506,9.38512,-0.41145,10.096819,-0.67367506,0.2369472,0.0032665012,0.26302516,-0.011531189,0.12159966,-0.008113312,251.81454,247.38065,334.4803,1.0851251,3.6896439,0.038214486
2,54,10,0.07,0.15450144,0.056328263,0.08210748,0.016065704,0.11866788,-0.0029387113,10.224308,-0.06350323,10.524515,-0.90527666,0.23733576,-0.0058774226,0.28654402,-0.0017797345,0.12675056,-0.010902576,251.78716,247.35942,334.36124,0.96877986,3.6896439,0.022337569
2,55,10,0.07,0.1485676,0.05069661,0.080664195,0.017206809,0.11257954,0.0072025987,10.1340475,-0.5815607,10.891868,-1.3179741,0.22515908,0.014405197,0.28401443,-0.016298665,0.13117473,-0.01587284,251.70271,247.14574,333.19922,1.8995347,3.6757896,0.054054726
2,56,10,0.07,0.14983955,0.05129187,0.08033355,0.018214129,0.11323854,0.0028623058,10.113256,-0.64459616,11.206146,-1.3326925,0.22647709,0.0057246117,0.28343174,-0.018065289,0.13495973,-0.016050095,251.69417,247.01488,333.41635,1.9772887,3.6757896,0.047953986
2,57,10,0.07,0.16321872,0.05607884,0.08865135,0.018488528,0.11840486,-0.0005322257,10.62393,-0.2783815,11.290245,-1.41938,0.23680972,-0.0010644514,0.29774377,-0.0078018364,0.13597253,-0.01709411,251.73308,247.14703,333.5422,1.6977614,3.6626258,0.02071863
2,58,10,0.07,0.15795851,0.0575712,0.08159542,0.018791879,0.119969994,0.007941073,10.192375,-0.6936937,11.38249,-1.3479751,0.23993999,0.015882146,0.28564912,-0.019441282,0.13708347,-0.016234154,251.77458,247.37906,332.99802,2.041669,3.6626258,0.038663212
2,59,10,0.07,0.1535319,0.055141535,0.0795202,0.018870162,0.117411174,0.005493536,10.061931,-0.87897563,11.406175,-1.015453,0.23482235,0.010987072,0.28199327,-0.024633951,0.13736871,-0.012229469,251.83984,247.59549,333.8268,1.8944286,3.651736,0.043932825
2,60,10,0.07,0.16711476,0.0606964,0.08674427,0.01967409,0.1231832,-5.5209402e-5,10.509037,-0.354609,11.646609,-1.1632665,0.2463664,-0.000110418805,0.2945238,-0.009938192,0.14026436,-0.0140096415,251.83653,247.56897,333.89633,1.5178756,3.651736,0.030144613
2,61,10,0.07,0.15837458,0.053836063,0.08421029,0.020328224,0.116013,0.007895054,10.354406,-0.74054605,11.838643,-1.0624938,0.232026,0.015790109,0.2901901,-0.02075438,0.14257708,-0.012796,251.77242,247.4338,333.06924,1.8030398,3.643107,0.03978553
2,62,10,0.07,0.15768543,0.052927848,0.084469855,0.02028773,0.11503027,0.0046617715,10.370351,-0.79916996,11.826845,-1.0694959,0.23006053,0.009323543,0.290637,-0.022397349,0.142435,-0.012880326,251.7137,247.13795,333.2523,1.8686659,3.643107,0.0457444
2,63,10,0.07,0.16639768,0.05648455,0.08960904,0.02030408,0.118832394,-0.0026528093,10.681161,-0.20201758,11.83161,-1.1669476,0.23766479,-0.0053056185,0.2993477,-0.005661704,0.14249238,-0.014053978,251.6311,246.82362,333.08295,1.3689651,3.636144,0.029086104
2,64,10,0.07,0.16209044,0.056861438,0.08479005,0.020438958,0.119228184,0.005342114,10.389987,-0.52330726,11.870843,-1.3778557,0.23845637,0.010684228,0.29118732,-0.0146660805,0.14296488,-0.016594023,251.52881,246.48871,332.05942,1.9011629,3.636144,0.0363691
2,65,10,0.07,0.16039152,0.05711542,0.082687475,0.020588627,0.11949416,9.2162176e-5,10.260356,-0.5491583,11.914228,-1.2418907,0.23898832,0.00018432435,0.2875543,-0.015390594,0.14348738,-0.014956535,251.48322,246.22293,332.15573,1.791049,3.6304557,0.03507654
2,66,10,0.07,0.17332402,0.061078366,0.091167726,0.021077929,0.12357019,-0.0050276206,10.773655,-0.009391091,12.054971,-1.3297956,0.24714038,-0.010055241,0.30193993,-0.00026317558,0.1451824,-0.016015207,251.43533,245.99866,332.0531,1.3391867,3.6304557,0.03086874
2,67,10,0.07,0.16464894,0.053874806,0.0902959,0.02047824,0.116054736,0.0029786823,10.722017,-0.11659102,11.882245,-0.95774966,0.23210947,0.0059573646,0.30049276,-0.0032675483,0.1431022,-0.011534522,251.37323,245.7871,331.268,1.0743407,3.6249154,0.035286833
2,68,10,0.07,0.1744666,0.057398528,0.09589634,0.021171734,0.11978995,-0.00093898637,11.049524,-0.3183865,12.081765,-0.8478454,0.2395799,-0.0018779727,0.30967134,-0.00892301,0.1455051,-0.010210909,251.36893,245.80731,331.65253,1.1662319,3.6249154,0.04373416
2,69,10,0.07,0.19296369,0.062418114,0.10821819,0.02232738,0.12491809,-0.005327771,11.737961,0.13990305,12.407124,-0.5739914,0.24983618,-0.010655542,0.32896534,0.0039209113,0.1494235,-0.006912785,251.37358,245.886,331.86044,0.43408835,3.620974,0.03288
2,70,10,0.07,0.17948437,0.052812103,0.10315413,0.023518123,0.11490442,0.004943418,11.460032,-0.41490236,12.733668,-0.5675348,0.22980884,0.009886836,0.32117617,-0.011627929,0.1533562,-0.006835025,251.36368,245.99217,331.30365,0.98243713,3.620974,0.049190916
2,71,10,0.07,0.18477783,0.05917716,0.101143666,0.024457011,0.12163178,-7.680194e-5,11.347806,-0.45104903,12.985356,-0.4044985,0.24326356,-0.00015360388,0.31803092,-0.012641015,0.15638737,-0.004871518,251.37311,246.009,331.48776,0.85554755,3.6196496,0.043295022
2,72,10,0.07,0.19923484,0.06586082,0.10843738,0.024936646,0.12831682,-0.0062045883,11.749842,0.11275906,13.112069,-0.6361272,0.25663364,-0.012409177,0.32929832,0.003160149,0.15791342,-0.007661109,251.39465,246.04993,331.37625,0.5233681,3.6196496,0.035359498
2,73,10,0.07,0.18342444,0.05327962,0.10670296,0.023441873,0.11541189,0.004412839,11.655497,-0.28900516,12.713009,0.011569398,0.23082379,0.008825678,0.3266542,-0.008099585,0.15310739,0.00013933278,251.40268,246.17522,331.3099,0.27743575,3.619067,0.038320422
2,74,10,0.07,0.19471751,0.06198931,0.10867935,0.024048856,0.124488264,-0.00043676494,11.762944,-0.4019125,12.876549,0.10670363,0.24897653,-0.0008735299,0.3296655,-0.01126391,0.15507694,0.0012850809,251.41637,246.17882,331.88687,0.29520887,3.619067,0.037834246
2,75,10,0.07,0.21276604,0.06939573,0.118878074,0.02449224,0.13171534,-0.003829071,12.302502,0.16579676,12.994706,0.26041743,0.26343068,-0.007658142,0.344787,0.0046465807,0.15649997,0.0031363145,251.43427,246.28302,332.10025,-0.4262142,3.620668,0.031104501
2,76,10,0.07,0.19526485,0.058610722,0.1124702,0.024183923,0.12104826,0.0041491734,11.966339,-0.11085063,12.912656,0.3555293,0.24209651,0.008298347,0.33536577,-0.0031066616,0.15551181,0.0042817714,251.42728,246.28091,331.4898,-0.24467868,3.620668,0.033483922
2,77,10,0.07,0.20396337,0.06543151,0.113838494,0.024693377,0.12789792,0.001288249,12.038907,-0.10052182,13.047955,0.4095095,0.25579584,0.002576498,0.3373996,-0.0028171828,0.15714127,0.0049318713,251.45267,246.34676,332.02612,-0.30898768,3.6251771,0.026063304
2,78,10,0.07,0.21789634,0.06460569,0.1279422,0.025348458,0.12708825,-0.0036420713,12.762903,0.3307048,13.2198925,0.3898693,0.2541765,-0.0072841425,0.3576901,0.00926824,0.159212,0.004695331,251.44044,246.35889,332.30768,-0.72057414,3.6251771,0.029796606
2,79,10,0.07,0.2020278,0.054468125,0.12168161,0.02587808,0.11669204,0.007245199,12.446722,-0.09555763,13.3572855,0.25207767,0.23338407,0.014490398,0.3488289,-0.0026780716,0.16086665,0.0030358632,251.36418,246.15562,331.43738,-0.15652004,3.630852,0.041832328
2,80,10,0.07,0.20842455,0.05904892,0.12245738,0.026918245,0.12149992,0.001990167,12.486336,-0.089100234,13.623088,0.06038504,0.24299984,0.003980334,0.3499391,-0.0024971142,0.1640678,0.0007272321,251.30489,245.77109,331.40558,0.028715193,3.630852,0.03763213
2,81,10,0.07,0.22290207,0.06534511,0.13073367,0.026823299,0.12781344,-0.0030841231,12.901382,0.6531646,13.599042,-0.23476434,0.2556269,-0.0061682463,0.3615711,0.018305441,0.1637782,-0.00282736,251.24536,245.50319,331.25095,-0.4184003,3.6375535,0.03712206
2,82,10,0.07,0.2076254,0.05801242,0.123864956,0.025748027,0.12042884,0.0046924767,12.557892,0.3372707,13.323679,-0.21697444,0.24085768,0.009384953,0.35194454,0.009452299,0.16046192,-0.0026131014,251.18051,245.33284,330.3902,-0.12029627,3.6375535,0.04119957
2,83,10,0.07,0.21808219,0.066115655,0.12580332,0.026163228,0.12856482,0.0007069764,12.65577,0.19333318,13.4306755,-0.38410196,0.25712964,0.0014139528,0.35468763,0.005418315,0.16175051,-0.004625874,251.21248,245.49197,330.89322,0.19076878,3.646978,0.029883359
2,84,10,0.07,0.22876734,0.06416828,0.13737461,0.027224457,0.12665729,-0.0027254706,13.225003,0.6304725,13.700356,-0.4802909,0.25331458,-0.005450941,0.3706408,0.017669465,0.16499835,-0.005784319,251.2403,245.69054,331.11404,-0.15018159,3.646978,0.03439411
2,85,10,0.07,0.22041807,0.061693765,0.13144937,0.02727493,0.12419115,0.005692833,12.936649,0.12526295,13.713049,-0.63199687,0.2483823,0.011385666,0.36255947,0.0035105716,0.16515124,-0.0076113567,251.22568,245.69247,330.547,0.5067339,3.658667,0.039420154
2,86,10,0.07,0.23135011,0.06779714,0.13614503,0.027407944,0.13018942,0.0007213767,13.165684,0.18891768,13.746445,-0.51985276,0.26037884,0.0014427534,0.36897835,0.005294569,0.16555345,-0.0062607755,251.27144,245.72153,331.14114,0.33093506,3.658667,0.030347211
2,87,10,0.07,0.24378398,0.07399336,0.14240411,0.02738651,0.1360086,-0.005531424,13.464921,0.7696956,13.74107,-0.85853034,0.2720172,-0.011062848,0.3773647,0.021571275,0.1654887,-0.010339605,251.34145,245.94603,331.49054,0.08883476,3.6716146,0.045895208
2,88,10,0.07,0.21924293,0.066221826,0.12640142,0.026619677,0.12866801,0.003911776,12.685821,0.10076781,13.547327,-0.85104614,0.25733602,0.007823552,0.3555298,0.0028241186,0.16315538,-0.010249472,251.34444,246.0052,330.96735,0.75027835,3.6716146,0.03765633
2,89,10,0.07,0.21696907,0.06404394,0.1271245,0.025800629,0.12653452,-0.0011649895,12.7220545,-0.24667482,13.337282,-0.92718786,0.25306904,-0.002329979,0.35654524,-0.006913267,0.16062574,-0.011166462,251.3544,246.04924,331.65405,1.1738627,3.6852584,0.016776836
2,90,10,0.07,0.23051801,0.06892577,0.1357503,0.025841948,0.13126859,-0.0056863884,13.146584,0.54703003,13.347958,-0.99901325,0.26253718,-0.011372777,0.36844307,0.015330912,0.16075431,-0.0120314825,251.31223,245.81322,331.47437,0.4519832,3.6852584,0.039520342
2,91,10,0.07,0.21142714,0.06236695,0.1239211,0.025139097,0.12486688,0.0021641508,12.560738,0.04301961,13.165186,-1.1383228,0.24973376,0.0043283016,0.3520243,0.0012056755,0.15855314,-0.013709229,251.27519,245.7178,330.60632,1.0953032,3.6984465,0.016803183
2,92,10,0.07,0.21259451,0.06369317,0.12339722,0.02550412,0.12618753,-0.0016290827,12.534161,-0.33524853,13.260422,-1.0658643,0.25237507,-0.0032581654,0.3512794,-0.009395619,0.1597001,-0.012836576,251.30826,245.87689,331.14694,1.4011128,3.6984465,0.024610538
2,93,10,0.07,0.23037575,0.06723704,0.13692796,0.026210736,0.12965053,-0.004958136,13.203486,0.19070342,13.442864,-1.2258607,0.25930107,-0.009916272,0.3700378,0.0053445883,0.1618973,-0.0147634875,251.3164,245.89915,331.25055,1.0351573,3.713384,0.05419674
2,94,10,0.07,0.2111946,0.06124558,0.12409155,0.025857473,0.12373922,0.004309193,12.569374,-0.23553713,13.351967,-1.2290212,0.24747844,0.008618386,0.3522663,-0.0066011217,0.16080259,-0.014801539,251.28618,245.81332,330.5231,1.4645584,3.713384,0.036481082
2,95,10,0.07,0.21116646,0.059598096,0.12565032,0.025918053,0.12206361,-0.0002067646,12.648071,-0.19351597,13.367597,-1.4995887,0.24412721,-0.0004135292,0.3544719,-0.0054234397,0.16099085,-0.018060101,251.26605,245.68845,330.4793,1.6931047,3.7314427,0.025622562
2,96,10,0.07,0.23875599,0.0706263,0.14187261,0.026257066,0.13287805,-0.005646973,13.43977,0.4026116,13.454739,-1.5764621,0.2657561,-0.011293946,0.3766598,0.0112835085,0.16204032,-0.018985905,251.28902,245.90088,330.5964,1.1738505,3.7314427,0.053289592
2,97,10,0.07,0.21272507,0.05687206,0.1307953,0.02505772,0.119239315,0.0031116162,12.904425,-0.097344294,13.143862,-1.4970592,0.23847863,0.0062232325,0.36165634,-0.0027281395,0.1582963,-0.018029626,251.29236,245.9662,330.0443,1.5944035,3.7516685,0.027159613
2,98,10,0.07,0.21981381,0.06174686,0.13281585,0.025251092,0.12424458,-0.00076259486,13.003717,-0.30043045,13.194479,-1.4163272,0.24848916,-0.0015251897,0.3644391,-0.008419778,0.15890592,-0.017057355,251.31963,246.06194,330.71548,1.7167577,3.7516685,0.03210314
2,99,10,0.07,0.2363593,0.06903835,0.1428922,0.024428751,0.13137574,-0.0070511526,13.487976,0.42375168,12.977852,-1.481884,0.2627515,-0.014102305,0.37801084,0.011875967,0.156297,-0.01784687,251.323,245.99481,330.933,1.0581323,3.7734263,0.055212595
2,100,10,0.07,0.20719437,0.059202224,0.12397113,0.024021015,0.121657535,0.0022608093,12.563272,-0.19110385,12.869091,-1.4830507,0.24331507,0.0045216186,0.35209534,-0.005355864,0.15498714,-0.01786092,251.36124,246.15953,330.353,1.6741545,3.7734263,0.024222367
3,1,10,0.049,0.17460747,0.0648807,0.092463024,0.01726376,0.12735845,0.0012166037,10.84992,0.53398556,10.909877,2.7168097,0.2547169,0.0024332074,0.30407733,0.014965351,0.13139163,0.032719526,252.51752,255.97429,347.1454,-3.2507954,3.794258,0.14659658
3,2,10,0.049,0.18103652,0.07566794,0.08707024,0.01829834,0.13753903,-0.00086314266,10.528765,0.13415974,11.232025,2.6204746,0.27507806,-0.0017262853,0.29507667,0.003759938,0.13527136,0.03155933,252.45564,255.47568,346.98557,-2.7546344,3.794258,0.13190277
3,3,10,0.049,0.19783132,0.07665096,0.10392274,0.017257612,0.13842955,-0.00988956,11.502647,0.546297,10.907936,1.8786844,0.2768591,-0.01977912,0.3223705,0.015310369,0.13136823,0.022625675,252.38498,255.04692,346.13266,-2.4249814,3.7984004,0.16974403
3,4,10,0.049,0.16969955,0.062245917,0.09040209,0.017051548,0.12474566,-0.0014206966,10.728321,-0.046602037,10.842615,1.6432426,0.24949132,-0.0028413932,0.3006694,-0.0013060545,0.13058157,0.019790173,252.26353,254.40094,344.42368,-1.5966406,3.7984004,0.12447678
3,5,10,0.049,0.17132056,0.0715775,0.082676984,0.017066075,0.13376985,-0.006094102,10.259705,-0.23669958,10.847235,1.2482629,0.2675397,-0.012188204,0.28753605,-0.0066336864,0.13063718,0.015033281,252.17596,253.7079,344.53555,-1.0115633,3.7968557,0.10209767
3,6,10,0.049,0.20411894,0.08525773,0.101878904,0.0169823,0.14599463,-0.013908685,11.388976,0.6056551,10.820578,1.0673894,0.29198927,-0.02781737,0.31918475,0.016973937,0.13031615,0.012854957,252.0906,253.13553,344.09387,-1.6730444,3.7968557,0.15567242
3,7,10,0.049,0.16070707,0.057162665,0.086727895,0.016816514,0.119543575,-0.0032107602,10.508045,0.05226536,10.7676325,0.4628067,0.23908715,-0.0064215204,0.294496,0.0014647667,0.1296785,0.0055737435,251.9916,252.6514,342.49133,-0.51507205,3.792231,0.08045351
3,8,10,0.049,0.16718212,0.06689924,0.08283324,0.017449643,0.12932444,-0.0065561743,10.269396,-0.17616118,10.968455,0.6186184,0.25864887,-0.0131123485,0.28780764,-0.0049370658,0.1320971,0.007450242,251.9797,252.38353,343.0744,-0.44245726,3.792231,0.07176097
3,9,10,0.049,0.19665171,0.08221011,0.09689814,0.017543461,0.14336152,-0.013738695,11.107089,0.56564945,10.997901,-0.16819224,0.28672305,-0.02747739,0.31128466,0.015852764,0.13245173,-0.002025603,251.91725,251.90443,342.80936,-0.3974572,3.7868927,0.104913
3,10,10,0.049,0.15947063,0.054294985,0.08699647,0.018179184,0.11650642,-0.0043780264,10.5243025,0.114179514,11.1953945,-0.36143324,0.23301284,-0.008756053,0.29495165,0.003199982,0.1348302,-0.004352878,251.82349,251.47746,341.1131,0.24725372,3.7868927,0.04738354
3,11,10,0.049,0.17942826,0.076686464,0.08412539,0.018616408,0.1384616,-0.008191016,10.349183,-0.1747116,11.329224,-1.0775943,0.2769232,-0.016382031,0.29004377,-0.0048964242,0.13644196,-0.012977862,251.82231,251.32379,341.11148,1.2523059,3.7813423,0.03729198
3,12,10,0.049,0.18614529,0.067744225,0.09923129,0.019169783,0.1301386,-0.012510418,11.240013,0.37869957,11.496372,-1.1972908,0.2602772,-0.025020836,0.31500998,0.010613374,0.13845499,-0.01441941,251.77777,250.985,340.76672,0.81859124,3.7813423,0.08384281
3,13,10,0.049,0.17284128,0.057630815,0.0945509,0.020659568,0.120032094,-0.0006352294,10.971737,-0.20067096,11.934735,-1.4186941,0.24006419,-0.0012704588,0.3074913,-0.0056239283,0.14373437,-0.017085845,251.71736,250.74268,339.72513,1.6193651,3.7769046,0.050501607
3,14,10,0.049,0.19200617,0.076724745,0.09395067,0.021330765,0.13849616,-0.004773768,10.936855,-0.42813033,12.127055,-1.5411901,0.27699232,-0.009547536,0.30651373,-0.011998692,0.14605056,-0.018561114,251.70682,250.54742,339.8488,1.9693205,3.7769046,0.044376463
3,15,10,0.049,0.2003982,0.07051694,0.10816147,0.0217198,0.13277513,-0.009716222,11.734885,0.27859375,12.237145,-1.9669806,0.26555026,-0.019432444,0.32887912,0.007807794,0.14737639,-0.023689065,251.67006,250.20534,339.4921,1.6883868,3.7739103,0.07709707
3,16,10,0.049,0.18489906,0.059304155,0.10339496,0.022199944,0.12176222,0.00021219991,11.473402,-0.047534056,12.371665,-1.9023106,0.24352445,0.00042439983,0.32155088,-0.0013321722,0.14899646,-0.022910219,251.62082,249.95786,338.5288,1.9498447,3.7739103,0.06730018
3,17,10,0.049,0.19171801,0.06887463,0.1005051,0.022338292,0.13121988,-0.0011939533,11.311927,-0.31327233,12.410153,-1.9442997,0.26243976,-0.0023879067,0.3170254,-0.008779704,0.14946,-0.023415912,251.66087,250.0359,339.11783,2.257572,3.7711482,0.078728035
3,18,10,0.049,0.21388839,0.07787487,0.11336231,0.02265121,0.13953035,-0.009297682,12.013701,0.23400709,12.496774,-2.1340477,0.2790607,-0.018595364,0.3366932,0.0065582306,0.15050319,-0.025701111,251.67436,250.03557,339.2095,1.9000406,3.7711482,0.08307076
3,19,10,0.049,0.19594577,0.063393034,0.1090927,0.023460029,0.12588987,0.0045560845,11.785293,-0.14108893,12.717931,-2.0503037,0.25177974,0.009112169,0.33029184,-0.003954112,0.15316667,-0.02469256,251.60866,249.70958,337.7223,2.1913927,3.7678037,0.09789487
3,20,10,0.049,0.19711034,0.06932816,0.103908114,0.023874065,0.13165121,0.0011109699,11.50184,-0.24925925,12.829667,-2.2010138,0.26330242,0.0022219399,0.32234782,-0.0069856835,0.15451235,-0.026507607,251.62575,249.5722,337.92657,2.450273,3.7678037,0.09530024
3,21,10,0.049,0.21830143,0.07472259,0.11996,0.023618838,0.13667716,-0.003259357,12.358357,0.24458206,12.760904,-2.0870242,0.27335432,-0.006518714,0.34635243,0.0068545965,0.15368421,-0.025134796,251.61826,249.43193,337.66272,1.8424422,3.763164,0.07948769
3,22,10,0.049,0.20192339,0.061083786,0.116587475,0.024252128,0.12357567,0.009020557,12.1834,-0.3299246,12.930851,-1.961492,0.24715135,0.018041113,0.34144908,-0.009246402,0.15573095,-0.023622965,251.5896,249.2885,336.7905,2.2914166,3.763164,0.09112895
3,23,10,0.049,0.21776395,0.07211618,0.12023707,0.025410693,0.13427228,0.008708166,12.372622,-0.6490713,13.236112,-1.4637815,0.26854455,0.017416332,0.34675217,-0.018190745,0.15940732,-0.017628858,251.61943,249.32716,337.25592,2.1128528,3.758522,0.08916006
3,24,10,0.049,0.23441009,0.07028798,0.13741954,0.026702562,0.1325594,0.0020503013,13.227163,-0.096607864,13.568401,-1.6304479,0.2651188,0.0041006026,0.3707014,-0.0027075103,0.16340919,-0.019636065,251.6018,249.24443,337.00916,1.7270558,3.758522,0.072526485
3,25,10,0.049,0.24166548,0.0757693,0.13854486,0.027351314,0.13763112,0.01428744,13.281213,-0.37434587,13.732238,-1.1063254,0.27526224,0.02857488,0.37221614,-0.010491294,0.16538233,-0.013323883,251.49516,248.72224,335.7578,1.4806713,3.7535763,0.09608018
3,26,10,0.049,0.24342154,0.078375205,0.13653798,0.028508347,0.13997786,0.010016832,13.18467,-0.49485826,14.019683,-1.1066363,0.27995571,0.020033663,0.36951047,-0.013868765,0.16884415,-0.01332762,251.48137,248.50462,336.04718,1.6014946,3.7535763,0.09513987
3,27,10,0.049,0.25081488,0.075823024,0.14628942,0.02870243,0.1376799,0.0060387547,13.647371,0.08263328,14.067325,-0.7119791,0.2753598,0.012077509,0.382478,0.0023158488,0.16941792,-0.008574621,251.4534,248.29155,336.00583,0.62934583,3.746555,0.055131543
3,28,10,0.049,0.23948815,0.07119938,0.1395996,0.028689183,0.13341606,0.015794283,13.331673,-0.34590718,14.064078,-0.80223405,0.2668321,0.031588566,0.37363032,-0.009694341,0.16937882,-0.009661605,251.37094,247.95522,334.69366,1.1481413,3.746555,0.093098596
3,29,10,0.049,0.24092385,0.069870755,0.14139518,0.029657913,0.13216539,0.011410462,13.417136,-0.37611282,14.299554,-0.33642548,0.26433077,0.022820923,0.3760255,-0.010540885,0.17221473,-0.0040516974,251.36502,247.82191,334.95984,0.7125383,3.7386487,0.09161354
3,30,10,0.049,0.26634046,0.07745788,0.1576204,0.031262193,0.13915628,0.0057088956,14.166049,0.05986809,14.681211,-0.5147015,0.27831256,0.011417791,0.39701435,0.0016778696,0.17681117,-0.0061987434,251.35518,247.815,334.8296,0.4548334,3.7386487,0.061015278
3,31,10,0.049,0.25924242,0.07320676,0.15408696,0.031948682,0.13528374,0.014698543,14.006366,-0.1611174,14.841532,-0.09072044,0.27056748,0.029397085,0.3925391,-0.004515436,0.17874195,-0.001092564,251.30615,247.59052,333.70645,0.25183785,3.7290034,0.09970125
3,32,10,0.049,0.2622293,0.07676864,0.15290554,0.032555122,0.13853577,0.0119265085,13.952568,-0.33720782,14.981727,-0.09071057,0.27707154,0.023853017,0.39103138,-0.009450537,0.18043038,-0.0010924628,251.33223,247.62245,334.28534,0.4279184,3.7290034,0.09707242
3,33,10,0.049,0.27764162,0.080885656,0.1634852,0.033270773,0.14220202,0.0020819185,14.427189,0.38196757,15.145501,-0.043112706,0.28440404,0.004163837,0.40433303,0.010704917,0.18240277,-0.0005192251,251.31433,247.4588,334.09186,-0.33885488,3.7174857,0.054298777
3,34,10,0.049,0.26413757,0.07794475,0.15296662,0.03322619,0.13959293,0.012307653,13.955356,-0.046361443,15.135349,-0.09518032,0.27918586,0.024615306,0.39110947,-0.0012993186,0.18228053,-0.0011462924,251.259,247.24393,333.00018,0.14154176,3.7174857,0.097688995
3,35,10,0.049,0.2631445,0.08222151,0.14799646,0.03292654,0.14337146,0.0063250535,13.726766,-0.10919097,15.066948,0.098473445,0.28674293,0.012650107,0.38470307,-0.0030601772,0.18145671,0.0011859686,251.2814,247.2075,333.46017,0.010717526,3.7038653,0.07900791
3,36,10,0.049,0.28348646,0.08863655,0.16144942,0.033400513,0.14885946,-0.00047409805,14.337084,0.48714623,15.175002,-0.01961972,0.2977189,-0.0009481961,0.4018077,0.013652609,0.18275808,-0.00023629448,251.29082,247.18555,333.35013,-0.4675265,3.7038653,0.044538263
3,37,10,0.049,0.261867,0.073882215,0.15468718,0.033297583,0.13590641,0.0066489982,14.03362,0.10508127,15.1516,0.17696404,0.27181283,0.0132979965,0.39330292,0.0029449752,0.18247625,0.0021312404,251.26595,247.04588,332.64172,-0.2820453,3.688355,0.076102726
3,38,10,0.049,0.26018536,0.080274634,0.14661348,0.033297244,0.1416639,0.0027556345,13.662478,-0.08630155,15.151526,0.31320035,0.2833278,0.005511269,0.3829014,-0.0024186817,0.18247533,0.0037719866,251.30548,246.98428,333.41833,-0.2268988,3.688355,0.06847055
3,39,10,0.049,0.2741111,0.085479565,0.15504088,0.033590645,0.14618444,-0.004653814,14.049655,0.386658,15.218131,-0.024664368,0.2923689,-0.009307628,0.3937523,0.010836399,0.1832775,-0.00029705028,251.30498,246.98538,333.2807,-0.36199364,3.6703393,0.03971557
3,40,10,0.049,0.25373343,0.07344,0.14732017,0.032973267,0.13549908,0.0044038566,13.695365,-0.016707296,15.077634,-0.20182939,0.27099815,0.008807713,0.3838231,-0.0004682541,0.18158543,-0.002430704,251.21558,246.62674,331.95242,0.21853669,3.6703393,0.066049844
3,41,10,0.049,0.25864875,0.0768624,0.14902021,0.03276612,0.13862035,-0.0037518193,13.7741585,-0.025896786,15.030196,-0.2264207,0.2772407,-0.0075036385,0.38603136,-0.0007257654,0.18101414,-0.00272688,251.2032,246.39272,332.53665,0.2523175,3.6507633,0.05686072
3,42,10,0.049,0.26248676,0.0695368,0.16024517,0.032704797,0.13184915,-0.007604716,14.283513,0.64324117,15.016127,-0.33063886,0.2636983,-0.015209432,0.40030634,0.018027335,0.18084468,-0.003982007,251.18263,246.2481,332.57425,-0.3126023,3.6507633,0.042917144
3,43,10,0.049,0.24399966,0.06402724,0.14789876,0.032073643,0.12651803,-0.001096228,13.722234,0.15960015,14.870525,-0.6807328,0.25303605,-0.002192456,0.38457608,0.0044729346,0.17909116,-0.008198314,251.11938,246.06538,331.4134,0.52113265,3.6283193,0.051811744
3,44,10,0.049,0.25445598,0.073154114,0.14892718,0.032374673,0.13523509,-0.0045068343,13.76986,-0.0124576455,14.940147,-0.52779317,0.27047017,-0.009013669,0.38591084,-0.00034915077,0.17992963,-0.0063564056,251.15227,246.09308,332.2974,0.54025084,3.6283193,0.048633095
3,45,10,0.049,0.2692097,0.07528497,0.16166933,0.032255404,0.13719054,-0.011652013,14.346843,0.6546967,14.912604,-0.8915103,0.27438107,-0.023304027,0.40208125,0.018348375,0.1795979,-0.0107367905,251.14694,246.01517,332.23886,0.2368136,3.6047387,0.041679922
3,46,10,0.049,0.23761365,0.06125881,0.14481284,0.031542003,0.12375259,-0.0029279417,13.578321,0.04843756,14.746767,-1.028113,0.24750517,-0.0058558835,0.3805428,0.0013575313,0.17760068,-0.012381939,251.1222,245.97049,331.1919,0.9796755,3.6047387,0.043456983
3,47,10,0.049,0.25360453,0.07356428,0.14719515,0.032845106,0.13561368,-0.008811902,13.689552,-0.17982252,15.048303,-1.3330929,0.27122736,-0.017623805,0.3836602,-0.0050396584,0.18123218,-0.016054928,251.09302,245.80428,331.36777,1.5129155,3.581286,0.0257818
3,48,10,0.049,0.28624466,0.08217584,0.17065272,0.033416085,0.14333165,-0.013432575,14.740057,0.7771859,15.17854,-1.400488,0.2866633,-0.02686515,0.41310135,0.021781228,0.18280067,-0.016866578,251.0215,245.41916,331.05136,0.6233021,3.581286,0.045997955
3,49,10,0.049,0.2530014,0.0680905,0.1531225,0.031788405,0.13047078,-0.006014276,13.962462,0.3080956,14.8042555,-1.4373869,0.26094157,-0.012028552,0.3913087,0.008634663,0.17829303,-0.01731099,250.9848,245.20743,330.18686,1.1292913,3.5574613,0.024394415
3,50,10,0.049,0.24901238,0.071206056,0.14638947,0.03141686,0.13342232,-0.009639603,13.652037,0.08503307,14.7174835,-1.390826,0.26684463,-0.019279206,0.38260877,0.0023831166,0.17724802,-0.016750218,251.04845,245.35512,331.0554,1.3057929,3.5574613,0.01576429
3,51,10,0.049,0.2702997,0.0779412,0.16165164,0.030706853,0.13958976,-0.015363792,14.346059,0.834928,14.55023,-1.5474604,0.2791795,-0.030727584,0.40205926,0.023399502,0.1752337,-0.018636616,251.0571,245.32396,331.4576,0.71253246,3.5345497,0.06479161
3,52,10,0.049,0.23361292,0.06538189,0.13831371,0.029917337,0.12784941,-0.0060636527,13.270128,0.09618678,14.361959,-1.6406885,0.25569883,-0.012127305,0.3719055,0.0026957195,0.17296629,-0.01975939,251.0216,245.2568,330.67374,1.5445018,3.5345497,0.021054035
3,53,10,0.049,0.24354197,0.07793914,0.13645844,0.029144397,0.13958791,-0.010745543,13.180829,-0.07363799,14.175218,-1.5937968,0.27917582,-0.021491086,0.36940283,-0.00206378,0.1707173,-0.019194672,251.03859,245.23514,331.4407,1.6674348,3.5131893,0.025364984
3,54,10,0.049,0.26577747,0.08611603,0.150857,0.028804451,0.14672767,-0.014987377,13.858789,0.90244395,14.092305,-1.6419551,0.29345533,-0.029974755,0.38840315,0.025291704,0.16971874,-0.019774664,251.01349,245.0763,331.39072,0.7395112,3.5131893,0.07082635
3,55,10,0.049,0.22414765,0.064461574,0.13215046,0.02753562,0.12694642,-0.003978752,12.971101,0.25623453,13.778426,-1.3563396,0.25389284,-0.007957504,0.36352503,0.007181158,0.1659386,-0.016334886,251.01953,245.17578,330.8813,1.100105,3.4943964,0.015604899
3,56,10,0.049,0.23326564,0.06743907,0.13784164,0.027984923,0.12984517,-0.005758953,13.247463,-0.04468791,13.890384,-1.2792759,0.25969034,-0.011517906,0.3712703,-0.0012524248,0.16728695,-0.015406782,251.08183,245.36613,331.67172,1.3239638,3.4943964,0.01588394
3,57,10,0.049,0.2603899,0.07370505,0.15856737,0.028117465,0.13574336,-0.009123991,14.208542,0.69319475,13.923239,-1.2222259,0.27148673,-0.018247982,0.3982052,0.019427309,0.16768263,-0.014719708,251.13377,245.59746,332.01855,0.52903116,3.4799747,0.065745264
3,58,10,0.049,0.22562093,0.061407156,0.13658209,0.027631678,0.123902336,0.0013448987,13.186801,-0.20539317,13.802438,-1.241255,0.24780467,0.0026897974,0.36957014,-0.0057563107,0.16622779,-0.014948891,251.12721,245.68352,331.31784,1.4466482,3.4799747,0.013846739
3,59,10,0.049,0.23016073,0.06663777,0.13659209,0.026930867,0.12907146,0.000525731,13.1872835,-0.4809009,13.626281,-0.9619159,0.25814292,0.001051462,0.36958367,-0.013477605,0.16410626,-0.011584698,251.16801,245.81558,332.18658,1.4428169,3.4705489,0.023546232
3,60,10,0.049,0.2518932,0.072613284,0.15329306,0.025986863,0.13473426,-0.0057994234,13.970239,0.29311362,13.385331,-1.1294013,0.26946852,-0.011598847,0.39152658,0.008214767,0.16120441,-0.0136017995,251.19348,246.0121,332.3749,0.83628774,3.4705489,0.062516384
3,61,10,0.049,0.21424182,0.05841963,0.13140643,0.024415767,0.120850764,0.005982904,12.934538,-0.39856574,12.974402,-0.8878456,0.24170153,0.011965808,0.36250025,-0.011170108,0.15625545,-0.010692657,251.18991,246.05367,331.68005,1.2864113,3.466665,0.022912282
3,62,10,0.049,0.21960092,0.063423425,0.13194692,0.024230566,0.12592004,0.0015948233,12.961108,-0.4316548,12.925101,-0.8299789,0.25184008,0.0031896466,0.36324498,-0.012097474,0.1556617,-0.009995731,251.19559,245.9796,332.16028,1.2616336,3.466665,0.02289799
3,63,10,0.049,0.2524843,0.078947075,0.14993525,0.023601972,0.14048761,-0.0018130842,13.816383,0.5187964,12.756348,-0.8351591,0.28097522,-0.0036261685,0.38721472,0.014539641,0.15362933,-0.010058114,251.20116,245.96964,332.30835,0.31636274,3.4692397,0.06376883
3,64,10,0.049,0.21660206,0.064202316,0.12990637,0.022493359,0.12669088,0.0076679178,12.8604965,-0.2756027,12.453155,-0.80469733,0.25338176,0.0153358355,0.36042526,-0.007724001,0.14997786,-0.009691258,251.21156,246.02063,331.60385,1.0803001,3.4692397,0.021490484
3,65,10,0.049,0.22051407,0.06864318,0.12929755,0.022573335,0.13099922,0.0034542514,12.830326,-0.3619132,12.475273,-0.68643063,0.26199844,0.006908503,0.35957968,-0.010142885,0.15024425,-0.0082669305,251.25507,246.0674,332.3768,1.0483439,3.4785793,0.024676517
3,66,10,0.049,0.24584913,0.07936411,0.14540935,0.021075662,0.14085819,-0.0036123858,13.606257,0.57053506,12.054322,-0.7854602,0.28171638,-0.0072247717,0.38132578,0.01598966,0.1451746,-0.00945959,251.2706,246.10666,332.6134,0.21492511,3.4785793,0.087715656
3,67,10,0.049,0.18999496,0.05328504,0.11671587,0.019994043,0.11541776,0.010281301,12.190105,-0.32628223,11.740931,-0.47321403,0.23083553,0.020562602,0.34163705,-0.009144291,0.14140029,-0.0056990855,251.25015,246.05598,332.05466,0.7994963,3.493053,0.036765553
3,68,10,0.049,0.19862558,0.05956854,0.11889865,0.020158399,0.122033335,0.007324406,12.303566,-0.6031947,11.789087,-0.4243343,0.24406667,0.014648812,0.34481683,-0.016904986,0.14198028,-0.0051104133,251.25679,246.05054,332.39038,1.027529,3.493053,0.04840117
3,69,10,0.049,0.23800077,0.072339036,0.14515892,0.020502817,0.13447958,0.0009353267,13.594537,0.35143518,11.889373,-0.53830236,0.26895916,0.0018706534,0.38099727,0.009849225,0.14318804,-0.006482972,251.26578,246.03867,332.18228,0.18686718,3.514344,0.07656902
3,70,10,0.049,0.20025557,0.05537398,0.12512082,0.01976078,0.117658384,0.010823116,12.621394,-0.254688,11.672239,-0.48584062,0.23531677,0.021646231,0.3537242,-0.0071378574,0.14057304,-0.0058511533,251.2945,246.07817,331.503,0.7405286,3.514344,0.04525043
3,71,10,0.049,0.19535851,0.05824026,0.11770185,0.0194164,0.120665096,0.0064462665,12.2414875,-0.49087155,11.570085,-0.40632042,0.24133019,0.012892533,0.34307703,-0.01375707,0.13934274,-0.004893469,251.37973,246.37152,332.60583,0.897192,3.542482,0.05256748
3,72,10,0.049,0.2158848,0.061664257,0.13564081,0.018579736,0.124161445,0.00050050236,13.141283,0.3975041,11.31806,-0.4863098,0.24832289,0.0010010047,0.36829448,0.011140327,0.13630751,-0.005856808,251.40894,246.47594,333.11688,0.088805705,3.542482,0.089796446
3,73,10,0.049,0.18993235,0.05279909,0.11927716,0.017856088,0.11489026,0.00870361,12.323135,-0.29714164,11.095461,-0.4646252,0.22978052,0.01740722,0.34536526,-0.008327648,0.13362667,-0.005595653,251.39616,246.42842,332.45807,0.76176685,3.575266,0.031271867
3,74,10,0.049,0.19144496,0.05606522,0.118106246,0.017273508,0.11839048,0.0041134814,12.262499,-0.37396827,10.912957,-0.28239504,0.23678096,0.008226963,0.3436659,-0.010480736,0.13142872,-0.0034009807,251.44894,246.48833,333.27194,0.6563633,3.575266,0.040221557
3,75,10,0.049,0.2112041,0.061361037,0.13319135,0.016651707,0.1238558,-0.002633777,13.022086,0.3427053,10.714739,-0.5216194,0.2477116,-0.005267554,0.3649539,0.009604541,0.1290415,-0.00628206,251.52505,246.71405,333.72617,0.17891407,3.6116533,0.070837334
3,76,10,0.049,0.17740113,0.049201638,0.11205447,0.016145019,0.11090721,0.0074619367,11.944201,-0.37938374,10.550462,-0.51928663,0.22181442,0.014923873,0.33474538,-0.010632515,0.12706305,-0.006253965,251.5071,246.65761,332.92346,0.8986704,3.6116533,0.04337676
3,77,10,0.049,0.17636816,0.052911278,0.10797149,0.015485397,0.11501226,0.0017217892,11.724574,-0.52625686,10.332689,-0.7589013,0.23002452,0.0034435785,0.32859015,-0.014748766,0.124440335,-0.009139715,251.52188,246.64635,333.5204,1.2851582,3.6503694,0.031411547
3,78,10,0.049,0.20354791,0.06237907,0.12588319,0.015285656,0.12487901,-0.004371421,12.659788,0.18433234,10.265834,-0.95221823,0.24975802,-0.008742842,0.35480022,0.0051660393,0.12363517,-0.011467899,251.52397,246.74962,333.55832,0.7678859,3.6503694,0.07595337
3,79,10,0.049,0.1570978,0.040978387,0.101428665,0.014690741,0.10121559,0.006052695,11.363781,-0.7386385,10.064079,-1.0331831,0.20243119,0.01210539,0.31847867,-0.020700902,0.12120537,-0.012443007,251.52505,246.88301,333.00433,1.7718216,3.6894355,0.034311105
3,80,10,0.049,0.15690775,0.045367878,0.09745759,0.014082279,0.10649868,0.002310115,11.139108,-0.9364593,9.853458,-0.9033454,0.21299736,0.00462023,0.31218198,-0.026245002,0.11866878,-0.0108793145,251.5515,246.88774,333.82782,1.8398046,3.6894355,0.04704388
3,81,10,0.049,0.19083503,0.061832275,0.11516126,0.013841489,0.12433048,-0.006929251,12.10865,0.10176903,9.768854,-1.2548062,0.24866097,-0.013858502,0.3393542,0.0028521798,0.11764986,-0.0151120825,251.5709,246.88754,334.1377,1.1530371,3.7297347,0.06768231
3,82,10,0.049,0.14648953,0.035778943,0.09715324,0.013557338,0.09457661,0.005627805,11.121699,-0.74156207,9.668061,-1.1380506,0.18915322,0.01125561,0.31169415,-0.020782838,0.11643598,-0.0137059605,251.55283,246.91034,333.46597,1.8796127,3.7297347,0.036269065
3,83,10,0.049,0.14839849,0.040783614,0.09400117,0.013613696,0.10097477,0.0014651895,10.9397955,-0.90272105,9.688136,-1.2280099,0.20194954,0.002930379,0.3065961,-0.025299443,0.116677746,-0.014789371,251.56972,246.90562,333.91165,2.130731,3.7707267,0.039211452
3,84,10,0.049,0.18646249,0.058718853,0.113665745,0.014077894,0.12115987,-0.0062736194,12.029772,-0.006575151,9.851924,-1.3530035,0.24231973,-0.012547239,0.3371435,-0.00018429996,0.1186503,-0.016294708,251.61691,247.1048,334.08423,1.3595786,3.7707267,0.060792837
3,85,10,0.049,0.15990648,0.04235367,0.103343494,0.014209313,0.102900036,0.0034184237,11.470546,-0.60279787,9.8978,-1.3581533,0.20580007,0.0068368474,0.32147083,-0.01689387,0.11920282,-0.01635673,251.64494,247.3014,333.4977,1.9609512,3.8119607,0.029045666
3,86,10,0.049,0.15694796,0.041622505,0.10096922,0.0143562425,0.10200797,0.0011064488,11.338015,-1.1292702,9.948842,-1.165247,0.20401594,0.0022128976,0.31775653,-0.03164865,0.11981754,-0.014033495,251.75053,247.723,334.4476,2.294517,3.8119607,0.0472356
3,87,10,0.049,0.19121139,0.06373289,0.113341115,0.014137377,0.12622687,-0.005861947,12.012579,-0.333569,9.872715,-1.1686342,0.25245374,-0.011723894,0.33666173,-0.009348532,0.1189007,-0.014074282,251.90623,248.3907,335.4484,1.5022032,3.8524408,0.06924795
3,88,10,0.049,0.14988504,0.041678425,0.094617866,0.013588756,0.10207647,0.0049115126,10.97562,-0.95180964,9.679258,-0.9421173,0.20415294,0.009823025,0.30760017,-0.026675181,0.11657082,-0.011346259,251.93521,248.51848,335.1665,1.8939269,3.8524408,0.044324182
3,89,10,0.049,0.15022877,0.043630775,0.09312587,0.013472131,0.10443991,0.0010207397,10.888742,-1.1954145,9.637632,-0.77323914,0.20887981,0.0020414793,0.30516532,-0.033502385,0.11606951,-0.009312397,251.98941,248.62044,336.05182,1.9686537,3.8914986,0.05084914
3,90,10,0.049,0.17419656,0.054848928,0.106219776,0.013127845,0.11709924,-0.0055611134,11.629078,-0.46599662,9.513688,-0.8028014,0.23419848,-0.011122227,0.32591376,-0.0130599,0.11457681,-0.009668431,252.07999,248.94246,336.68954,1.268798,3.8914986,0.061829902
3,91,10,0.049,0.13654618,0.04031167,0.083810285,0.0124242185,0.10038883,0.003891701,10.329783,-0.91668576,9.25522,-0.72753954,0.20077766,0.007783402,0.28950006,-0.02569081,0.11146398,-0.0087620225,252.11058,249.11108,335.99048,1.6442254,3.9267614,0.045330808
3,92,10,0.049,0.12955551,0.041495588,0.07648679,0.011573142,0.10185233,0.0023486987,9.86815,-1.3057089,8.9326,-0.58991003,0.20370466,0.0046973974,0.27656245,-0.036593482,0.10757854,-0.007104498,252.14047,249.18509,336.76508,1.8956189,3.9267614,0.056931973
3,93,10,0.049,0.1520537,0.050151892,0.09103184,0.010869962,0.11197309,-0.0064681587,10.765624,0.003335972,8.656976,-0.6936277,0.22394618,-0.012936317,0.30171484,9.347935e-5,0.10425911,-0.008353609,252.10902,248.9467,336.98325,0.69029176,3.9582531,0.06119668
3,94,10,0.049,0.12598692,0.034671593,0.08022974,0.011085589,0.093101546,0.004467864,10.106721,-0.5411832,8.742418,-0.71759367,0.18620309,0.008935728,0.28324854,-0.015167087,0.105288126,-0.008642242,252.06645,248.87755,336.06186,1.2587769,3.9582531,0.03368642
3,95,10,0.049,0.1307646,0.04069476,0.07861019,0.011459663,0.10086471,0.001763115,10.00419,-0.6453144,8.888697,-0.62275344,0.20172942,0.00352623,0.2803751,-0.018085407,0.107049815,-0.0075000464,252.10007,248.92229,336.73877,1.2680678,3.986258,0.03354595
3,96,10,0.049,0.14942831,0.048798665,0.08925643,0.011373228,0.1104521,-0.0055657662,10.660125,0.05749265,8.855113,-0.6366446,0.2209042,-0.0111315325,0.29875815,0.0016112665,0.10664534,-0.007667344,252.14029,249.03314,337.3062,0.5791519,3.986258,0.043191504
3,97,10,0.049,0.12529978,0.035646353,0.07830267,0.011350768,0.09440121,0.0037259646,9.984603,-0.24091808,8.846364,-0.66919345,0.18880242,0.007451929,0.27982613,-0.0067519224,0.10653998,-0.008059342,252.11348,248.9924,336.3137,0.91011155,4.010247,0.036520217
3,98,10,0.049,0.13238312,0.04335375,0.07719014,0.011839233,0.10410782,0.0014037752,9.913419,-0.51971006,9.034705,-0.47283256,0.20821564,0.0028075504,0.27783114,-0.014565237,0.10880824,-0.005694494,252.1674,249.07292,337.04868,0.9925426,4.010247,0.034628954
3,99,10,0.049,0.15401858,0.056654386,0.08531222,0.012051972,0.11901091,-0.0054324246,10.42193,0.23466723,9.115515,-0.34233764,0.23802182,-0.010864849,0.29208255,0.0065767113,0.109781474,-0.0041229026,252.27368,249.42038,337.95282,0.10767041,4.029434,0.047273662
3,100,10,0.049,0.116292045,0.035694,0.06917628,0.011421773,0.09446428,0.0037896023,9.384715,-0.46567497,8.873989,-0.3750295,0.18892856,0.0075792046,0.26301384,-0.013050908,0.10687269,-0.004516616,252.31363,249.72859,337.25696,0.84070444,4.029434,0.035364002
4,1,10,0.0343,0.18315293,0.07077932,0.086619325,0.025754288,0.13302192,0.00013285453,10.501466,-1.10538,13.325299,4.967956,0.26604384,0.00026570907,0.2943116,-0.030979123,0.16048142,0.059830893,253.70345,261.59973,356.37982,-3.862576,4.0455766,0.13521375
4,2,10,0.0343,0.1951035,0.08762167,0.08135571,0.026126113,0.14800479,0.0021621338,10.177395,-1.850537,13.421147,5.0430984,0.29600957,0.0043242676,0.28522924,-0.051862717,0.16163574,0.06073587,253.71687,261.41675,356.6546,-3.1925616,4.0455766,0.15008551
4,3,10,0.0343,0.19717824,0.07975098,0.09160074,0.025826523,0.14120108,-0.012060161,10.7992115,-0.81658167,13.343972,4.41901,0.28240216,-0.024120321,0.30265614,-0.022885317,0.16070633,0.053219736,253.70984,261.12686,356.7526,-3.6024284,4.0405164,0.1034226
4,4,10,0.0343,0.1797149,0.06328681,0.09005307,0.026375026,0.12578435,-0.0018306435,10.707592,-1.0529944,13.484926,4.3336253,0.2515687,-0.003661287,0.30008844,-0.029510964,0.1624039,0.05219142,253.62614,260.7037,354.95816,-3.280631,4.0405164,0.11200385
4,5,10,0.0343,0.20136467,0.07949587,0.094349965,0.027518837,0.14097506,-0.0032167062,10.9600725,-1.3911374,13.774227,3.7254868,0.28195012,-0.0064334124,0.3071644,-0.038987692,0.16588803,0.04486739,253.63876,260.5069,355.21085,-2.3343494,4.0257874,0.1117141
4,6,10,0.0343,0.2058537,0.07337456,0.10385371,0.028625429,0.1354387,-0.016570421,11.498828,-0.5244777,14.048444,3.5431406,0.2708774,-0.033140842,0.32226342,-0.014698881,0.16919051,0.042671338,253.65138,260.271,355.35242,-3.018663,4.0257874,0.074357405
4,7,10,0.0343,0.19145992,0.06618028,0.09708132,0.028198335,0.12862764,-0.0062308065,11.117583,-0.7349667,13.943247,2.6639106,0.2572553,-0.012461613,0.31157875,-0.020597992,0.1679236,0.03208244,253.63753,260.11108,353.7201,-1.9289439,4.0046206,0.07540161
4,8,10,0.0343,0.21574219,0.09165516,0.09496402,0.029123012,0.15137301,-0.006304328,10.99568,-1.4344715,14.170017,2.8811362,0.30274603,-0.012608656,0.30816233,-0.040202152,0.17065465,0.034698572,253.73997,260.34268,354.70276,-1.4466647,4.0046206,0.09757284
4,9,10,0.0343,0.21121001,0.08035803,0.101282455,0.029569544,0.14173746,-0.017098017,11.355588,-0.8574732,14.278233,1.850949,0.28347492,-0.034196034,0.31824905,-0.024031335,0.17195797,0.022291642,253.82875,260.5688,355.4814,-0.99347585,3.9794912,0.061826028
4,10,10,0.0343,0.18407086,0.061857387,0.09234904,0.029864425,0.124355726,-0.005727626,10.843231,-1.3451713,14.349254,1.9299283,0.24871145,-0.011455252,0.30388984,-0.03769947,0.17281327,0.023242816,253.85495,260.65796,354.43277,-0.584757,3.9794912,0.07987665
4,11,10,0.0343,0.21815231,0.085725054,0.10121979,0.031207472,0.14639421,-0.004178397,11.352076,-1.8649653,14.668357,1.1875457,0.29278842,-0.008356794,0.31815058,-0.052267093,0.17665637,0.014302052,253.9522,260.8361,355.57,0.67741966,3.9536414,0.10229708
4,12,10,0.0343,0.21494941,0.070344016,0.11160288,0.03300251,0.13261223,-0.014173745,11.920109,-1.1941806,15.084317,1.0368372,0.26522446,-0.02834749,0.33407018,-0.03346784,0.18166593,0.012487007,254.04614,261.0835,355.919,0.15734339,3.9536414,0.054156516
4,13,10,0.0343,0.20662518,0.065783404,0.1086063,0.03223547,0.12824138,-0.0049906755,11.758991,-1.3141023,14.907992,-0.20268604,0.25648275,-0.009981351,0.3295547,-0.036828745,0.17954239,-0.0024410114,254.0603,261.20465,354.35736,1.5167884,3.9272485,0.07372736
4,14,10,0.0343,0.22963461,0.08736537,0.11065779,0.03161146,0.14778817,-0.006208208,11.86953,-1.8529775,14.762996,-0.16681895,0.29557633,-0.012416416,0.33265266,-0.051931117,0.17779613,-0.002009057,254.10109,261.19553,354.90286,2.0197964,3.9272485,0.09892722
4,15,10,0.0343,0.24045181,0.08942798,0.11799754,0.033026285,0.14952256,-0.019919755,12.256853,-0.8091534,15.089753,-1.2565453,0.29904512,-0.03983951,0.3435077,-0.022677133,0.18173136,-0.015133048,254.12357,261.1527,355.32166,2.0656986,3.9015234,0.06343469
4,16,10,0.0343,0.2143306,0.06053855,0.11941222,0.03437982,0.123022914,-0.005499293,12.330109,-1.1743248,15.395862,-1.1713632,0.24604583,-0.010998586,0.34556073,-0.032911338,0.18541797,-0.014107155,254.09818,261.00293,353.84012,2.3456879,3.9015234,0.082765274
4,17,10,0.0343,0.2531342,0.093117,0.12515105,0.034866128,0.15257539,-0.006092771,12.622918,-1.329973,15.504366,-1.9686699,0.30515078,-0.012185542,0.35376695,-0.037273493,0.18672474,-0.023709403,254.16675,261.14075,354.32153,3.2986429,3.8774362,0.09655832
4,18,10,0.0343,0.2528503,0.09423603,0.12407979,0.03453446,0.15348944,-0.01766728,12.568778,-0.7308028,15.430449,-2.0766335,0.30697888,-0.03533456,0.35224962,-0.020481292,0.1858345,-0.025009656,254.24496,261.40234,354.80713,2.8074362,3.8774362,0.07293734
4,19,10,0.0343,0.20511574,0.05700031,0.11494732,0.033168104,0.11937369,-0.0051869443,12.097398,-0.70376986,15.122114,-2.6765347,0.23874737,-0.010373889,0.33903882,-0.019723719,0.18212113,-0.0322345,254.24814,261.36008,353.4278,3.3803046,3.8541372,0.07556864
4,20,10,0.0343,0.23072314,0.07931519,0.11833439,0.033073552,0.14081477,-0.006046459,12.274336,-1.2216966,15.100546,-2.7888405,0.28162953,-0.012092918,0.34399766,-0.03423899,0.18186136,-0.03358703,254.322,261.4549,353.7342,4.010537,3.8541372,0.091672175
4,21,10,0.0343,0.26018474,0.09972108,0.12530972,0.035153914,0.15789323,-0.018643629,12.630918,-0.1905718,15.568223,-3.3040328,0.31578645,-0.037287258,0.35399112,-0.0053409324,0.18749377,-0.039791655,254.33643,261.41302,353.9431,3.4946046,3.8321,0.09028549
4,22,10,0.0343,0.21481344,0.058140017,0.12177581,0.03489761,0.120561205,-0.0074108853,12.45154,-0.27988812,15.511365,-3.4330883,0.24112241,-0.014821771,0.34896392,-0.007844058,0.18680902,-0.04134592,254.25505,261.02542,352.28006,3.7129765,3.8321,0.08871163
4,23,10,0.0343,0.24107666,0.07570639,0.1293313,0.036038965,0.13757397,-0.0062483344,12.832002,-0.44782543,15.76298,-3.3356228,0.27514794,-0.012496669,0.35962662,-0.012550662,0.18983932,-0.040172104,254.27533,260.8753,352.8031,3.7834482,3.810815,0.08796176
4,24,10,0.0343,0.2725588,0.09711614,0.1377178,0.037724882,0.15581731,-0.016509771,13.241512,0.2591565,16.127466,-3.524144,0.31163463,-0.033019543,0.3711035,0.0072630774,0.19422895,-0.042442553,254.28879,260.79877,352.936,3.2649875,3.810815,0.09806757
4,25,10,0.0343,0.22647774,0.05879863,0.12975477,0.037924357,0.12124214,-0.00027090084,12.852991,0.28615317,16.170048,-3.3755827,0.24248429,-0.0005418017,0.3602149,0.008019689,0.19474177,-0.040653363,254.22806,260.49243,351.4055,3.0894296,3.7895308,0.08837369
4,26,10,0.0343,0.24596515,0.07880676,0.13024949,0.03690891,0.14036271,-0.0036971134,12.877471,-0.0024669918,15.9521,-3.464046,0.28072542,-0.0073942267,0.36090094,-6.9146205e-5,0.19211692,-0.041718762,254.22913,260.3039,351.67334,3.466513,3.7895308,0.08828153
4,27,10,0.0343,0.27348793,0.09513154,0.14016747,0.038188905,0.154217,-0.01185153,13.358759,1.0807008,16.226349,-3.250563,0.308434,-0.02370306,0.37438947,0.030287463,0.19541982,-0.0391477,254.21106,260.1465,351.86234,2.1698623,3.7683723,0.10120393
4,28,10,0.0343,0.23411393,0.059775215,0.13682647,0.037512243,0.12224485,-0.00020285456,13.198591,0.7934688,16.081951,-3.3137598,0.2444897,-0.0004057091,0.3699006,0.022237586,0.19368078,-0.039908823,254.14023,259.868,350.4984,2.520291,3.7683723,0.10234181
4,29,10,0.0343,0.2596175,0.084459744,0.13851532,0.03664242,0.14530979,0.0016441102,13.279798,0.6786314,15.894407,-2.720019,0.29061958,0.0032882204,0.37217647,0.019019157,0.1914221,-0.032758176,254.14249,259.71344,350.9458,2.0413876,3.747131,0.084922954
4,30,10,0.0343,0.2677205,0.08417221,0.14576425,0.03778403,0.14506224,-0.006742569,13.622852,1.4075471,16.140102,-2.7708018,0.29012448,-0.013485138,0.38179085,0.039447602,0.19438115,-0.03336977,254.15637,259.6679,351.21796,1.3632547,3.747131,0.098366275
4,31,10,0.0343,0.23944145,0.061012752,0.14089525,0.037533466,0.1235038,0.0077454504,13.393394,1.2356327,16.086498,-2.2052627,0.2470076,0.015490901,0.37536016,0.034629542,0.19373555,-0.026558792,254.11028,259.461,349.80118,0.96963,3.7245896,0.091152586
4,32,10,0.0343,0.25665542,0.07708517,0.14359525,0.035975005,0.13882108,0.0024010886,13.521118,1.0427672,15.748988,-2.4682066,0.27764216,0.004802177,0.37893963,0.029224329,0.18967079,-0.029725522,254.1162,259.35413,349.64426,1.4254395,3.7245896,0.090364896
4,33,10,0.0343,0.27115625,0.0837568,0.15072052,0.036678944,0.14470384,-0.0018578151,13.852516,1.8631595,15.902324,-1.8648744,0.28940767,-0.0037156302,0.3882274,0.05221645,0.19151747,-0.02245937,254.14844,259.34064,349.90704,0.0017148256,3.7013445,0.10136075
4,34,10,0.0343,0.23602436,0.05611107,0.14347157,0.036441732,0.11843888,0.007854657,13.515292,1.4511083,15.850818,-1.8632585,0.23687775,0.015709314,0.3787764,0.04066845,0.19089718,-0.022439893,254.1203,259.25592,348.87134,0.41215014,3.7013445,0.096183114
4,35,10,0.0343,0.27078965,0.08279634,0.15137564,0.036617655,0.14387177,0.008021522,13.88259,1.2309549,15.889031,-1.1615715,0.28774354,0.016043045,0.3890702,0.034498435,0.1913574,-0.013989219,254.139,259.23523,349.32758,-0.06938338,3.6780372,0.083060905
4,36,10,0.0343,0.30604747,0.10114989,0.16634434,0.03855325,0.15902035,-0.002289803,14.552799,2.1383357,16.303568,-1.3194963,0.3180407,-0.004579606,0.40785334,0.0599285,0.19634981,-0.015891176,254.10614,259.0222,349.4543,-0.81883943,3.6780372,0.11075822
4,37,10,0.0343,0.24921367,0.058967732,0.15235847,0.037887454,0.12141636,0.011143617,13.927587,1.7482232,16.16218,-0.69692993,0.24283272,0.022287235,0.39033124,0.048995286,0.194647,-0.008393384,254.01877,258.63278,347.9997,-1.0512933,3.6535964,0.10458652
4,38,10,0.0343,0.27411133,0.082789995,0.15451635,0.036804967,0.14386626,0.009858359,14.025869,1.3659598,15.929619,-0.73565364,0.2877325,0.019716717,0.3930857,0.038282078,0.1918462,-0.008859736,254.03683,258.4837,348.2941,-0.6303061,3.6535964,0.08411191
4,39,10,0.0343,0.29753292,0.09102888,0.16861014,0.03789388,0.15085496,0.005442835,14.651576,2.1024992,16.163551,-0.1461721,0.30170992,0.01088567,0.41062164,0.05892417,0.19466351,-0.001760401,254.05812,258.39975,348.541,-1.9563272,3.6279101,0.09234754
4,40,10,0.0343,0.2548387,0.062399287,0.15567383,0.03676558,0.124899246,0.015398028,14.078305,1.7208878,15.921092,-0.26264414,0.24979849,0.030796057,0.39455524,0.048229195,0.19174352,-0.0031631305,254.0071,258.2358,347.23462,-1.4582436,3.6279101,0.09716788
4,41,10,0.0343,0.27200615,0.07803463,0.1582543,0.035717234,0.1396734,0.013445451,14.194507,1.2850293,15.692462,0.25533256,0.2793468,0.026890902,0.3978119,0.0360139,0.18899004,0.003075065,254.01077,258.14706,347.62186,-1.5403619,3.601798,0.07862835
4,42,10,0.0343,0.2941084,0.08667321,0.17018154,0.03725366,0.14720157,0.0039599617,14.719695,1.9923718,16.026426,0.19842128,0.29440314,0.007919923,0.41253066,0.055837717,0.19301207,0.0023896478,254.00201,258.08282,348.05524,-2.190793,3.601798,0.08723975
4,43,10,0.0343,0.2524005,0.06144826,0.15382656,0.03712565,0.1239438,0.015159378,13.994527,1.6084449,15.998867,0.63198143,0.2478876,0.030318756,0.3922073,0.0450779,0.19268018,0.0076111928,253.9332,257.9262,346.81955,-2.2404263,3.574979,0.08929855
4,44,10,0.0343,0.29785717,0.09748098,0.16289611,0.03748007,0.15610972,0.013172193,14.401174,1.3543245,16.075052,0.659934,0.31221944,0.026344387,0.4036039,0.03795596,0.1935977,0.007947816,253.9485,257.86642,347.1756,-2.0142584,3.574979,0.077609316
4,45,10,0.0343,0.31491026,0.09573826,0.17912439,0.040047623,0.154708,0.0052724876,15.101492,1.8216605,16.616539,1.133765,0.309416,0.010544975,0.4232309,0.051053394,0.20011902,0.013654343,253.99019,257.98053,347.56992,-2.9554255,3.5478735,0.07944226
4,46,10,0.0343,0.26886898,0.0660477,0.1650179,0.037803374,0.12849873,0.017337898,14.494661,1.2952706,16.144234,1.0955173,0.25699747,0.034675796,0.40622395,0.0363009,0.1944309,0.013193689,253.98938,258.09406,346.54672,-2.3907878,3.5478735,0.083817266
4,47,10,0.0343,0.29183936,0.08518841,0.16926575,0.037385195,0.14593527,0.015468968,14.680035,0.6041213,16.054693,1.3603898,0.29187053,0.030937936,0.41141918,0.016930975,0.19335252,0.016383672,254.01764,258.06454,347.16772,-1.9645112,3.5212889,0.071914725
4,48,10,0.0343,0.32325238,0.09479207,0.18832895,0.040131375,0.1539416,0.007416935,15.484638,1.4303095,16.633905,1.2863489,0.3078832,0.01483387,0.43396884,0.04008553,0.20032817,0.015491962,254.014,257.95267,347.34784,-2.7166586,3.5212889,0.068492904
4,49,10,0.0343,0.27109042,0.06413504,0.16890055,0.038054828,0.12662448,0.013659073,14.66419,0.9433298,16.19784,1.2056453,0.25324896,0.027318146,0.41097513,0.026437568,0.19507647,0.014520012,253.94249,257.68283,345.93442,-2.1489751,3.4951012,0.0687863
4,50,10,0.0343,0.29653177,0.092958644,0.16791722,0.035655875,0.1524456,0.011428296,14.621442,0.67239225,15.678976,1.0741565,0.3048912,0.022856591,0.40977705,0.018844316,0.18882763,0.012936452,253.95494,257.586,346.2461,-1.7465488,3.4951012,0.05551743
4,51,10,0.0343,0.30870694,0.09419895,0.17789997,0.036608014,0.15345924,0.0014286945,15.049791,1.3242339,15.886937,1.0124558,0.30691847,0.002857389,0.4217819,0.037112683,0.1913322,0.012193372,253.96143,257.45117,346.5881,-2.3366897,3.470263,0.072535016
4,52,10,0.0343,0.25697082,0.06302158,0.15762132,0.03632792,0.1255205,0.012050855,14.166091,0.9436035,15.826046,0.99961066,0.251041,0.02410171,0.3970155,0.026445216,0.19059885,0.0120386835,253.93521,257.43216,345.63162,-1.9432142,3.470263,0.05559353
4,53,10,0.0343,0.28543088,0.08906265,0.16117755,0.035190668,0.14921683,0.009207965,14.325006,0.08947353,15.57636,0.8716659,0.29843366,0.01841593,0.40146923,0.0025075856,0.18759176,0.010497806,253.97588,257.4966,346.15347,-0.96113944,3.4474273,0.041722104
4,54,10,0.0343,0.33319244,0.12158544,0.17591344,0.03569356,0.17434552,0.0018949097,14.9655285,0.67749673,15.687262,0.7937727,0.34869105,0.0037898193,0.41942036,0.018987386,0.1889274,0.009559675,253.99213,257.55902,346.37338,-1.4712694,3.4474273,0.07168957
4,55,10,0.0343,0.25168642,0.064300865,0.15391631,0.033469245,0.12678808,0.010724309,13.99861,0.085869685,15.190608,0.6324047,0.25357616,0.021448618,0.3923217,0.0024065922,0.18294601,0.007616284,253.9415,257.3754,345.27524,-0.71827435,3.4265957,0.043331757
4,56,10,0.0343,0.279815,0.08648173,0.16014478,0.033188496,0.14703888,0.007991871,14.279038,-0.27761564,15.126761,0.5888527,0.29407775,0.015983742,0.40018094,-0.0077803736,0.1821771,0.0070917825,253.96255,257.2944,345.75418,-0.31123707,3.4265957,0.048882864
4,57,10,0.0343,0.29987165,0.09136196,0.17462566,0.033884022,0.1511307,0.00058325403,14.910649,0.2245878,15.284446,0.30789,0.3022614,0.0011665081,0.41788235,0.0062942603,0.18407613,0.0037080399,253.96869,257.2212,345.9397,-0.5324778,3.4086888,0.07196621
4,58,10,0.0343,0.23873976,0.054848354,0.15246661,0.031424798,0.11709863,0.00804527,13.932528,-0.13347217,14.719343,0.1811471,0.23419726,0.01609054,0.39046973,-0.0037406478,0.17727041,0.002181636,253.87938,256.86493,344.60416,-0.047674924,3.4086888,0.043051947
4,59,10,0.0343,0.2593882,0.0738631,0.15516324,0.03036185,0.13588883,0.0013473438,14.055199,-0.42880526,14.468263,-0.16318488,0.27177766,0.0026946876,0.39390767,-0.012017549,0.17424652,-0.0019652965,253.82133,256.43073,344.87927,0.5919901,3.3940957,0.045473315
4,60,10,0.0343,0.28577554,0.08781889,0.16659199,0.031364676,0.14817126,-0.005505745,14.563628,0.56911737,14.705256,-0.33866712,0.29634252,-0.01101149,0.4081568,0.01594993,0.17710075,-0.004078699,253.73262,255.91115,344.64346,-0.23045024,3.3940957,0.078734376
4,61,10,0.0343,0.22922023,0.05081755,0.14793964,0.030463045,0.11271374,0.0022777002,13.724129,0.00571511,14.492351,-0.70517987,0.22542748,0.0045554005,0.38462922,0.00016016912,0.17453666,-0.008492754,253.61545,255.45522,343.23178,0.69946474,3.3821628,0.024570258
4,62,10,0.0343,0.24620591,0.067174695,0.15009211,0.028939111,0.1295904,-0.0024728675,13.82361,-0.2111354,14.125206,-0.91397804,0.2591808,-0.004945735,0.38741723,-0.005917231,0.170115,-0.011007367,253.56464,255.0903,343.17682,1.1251135,3.3821628,0.028871827
4,63,10,0.0343,0.2882485,0.093433835,0.16593754,0.02887715,0.15283474,-0.010763924,14.534994,0.4691119,14.110078,-1.3869164,0.3056695,-0.021527847,0.40735433,0.01314721,0.16993278,-0.016703162,253.5145,254.73291,342.9475,0.9178045,3.3735306,0.08276071
4,64,10,0.0343,0.23619685,0.05924207,0.1486936,0.028261162,0.12169847,0.0017205088,13.759059,-0.0082298815,13.958772,-1.3017495,0.24339694,0.0034410176,0.3856081,-0.00023066395,0.16811056,-0.01567744,253.45847,254.512,341.91446,1.3099793,3.3735306,0.032669704
4,65,10,0.0343,0.24945106,0.070891164,0.15103622,0.027523687,0.13312697,-0.003071033,13.867018,-0.503364,13.775441,-1.493965,0.26625395,-0.006142066,0.3886338,-0.014107155,0.16590264,-0.017992372,253.49554,254.5693,342.43695,1.997329,3.3681357,0.0430251
4,66,10,0.0343,0.28808132,0.09856683,0.16263498,0.026879508,0.15697677,-0.008191042,14.3896265,0.16500208,13.61328,-1.6713505,0.31395355,-0.016382083,0.4032803,0.00462428,0.16394971,-0.020128692,253.49335,254.55177,342.57135,1.5063484,3.3681357,0.0868779
4,67,10,0.0343,0.21390508,0.0481248,0.14083849,0.024941782,0.10968683,0.0008379347,13.390698,-0.6664028,13.113419,-1.7101561,0.21937366,0.0016758695,0.37528455,-0.018676445,0.15792967,-0.020596037,253.43063,254.40384,341.60803,2.3765588,3.3658586,0.04365041
4,68,10,0.0343,0.23926213,0.072664864,0.1413945,0.025202783,0.1347821,-0.0034008948,13.417103,-0.90981513,13.181852,-1.6823939,0.2695642,-0.0068017896,0.3760246,-0.025498265,0.15875384,-0.020261684,253.421,254.30316,342.0643,2.592209,3.3658586,0.05445304
4,69,10,0.0343,0.27078184,0.09285203,0.15224448,0.025685329,0.15235816,-0.010596411,13.922374,-0.17035682,13.307447,-1.7842934,0.30471632,-0.021192823,0.39018518,-0.0047743684,0.16026643,-0.021488883,253.39667,254.13283,342.17014,1.9546503,3.367226,0.094464414
4,70,10,0.0343,0.2044872,0.048319317,0.1304867,0.025681192,0.109908275,-0.00049054367,12.889192,-0.51050574,13.306375,-1.6839387,0.21981655,-0.0009810873,0.36122942,-0.014307315,0.16025352,-0.020280298,253.33653,253.83447,341.1856,2.1944444,3.367226,0.058036976
4,71,10,0.0343,0.23196736,0.077434674,0.12951462,0.02501807,0.13913544,-0.004247001,12.841092,-0.8919781,13.133458,-1.671763,0.27827087,-0.008494002,0.3598814,-0.024998352,0.15817101,-0.020133644,253.33179,253.71863,341.30115,2.563741,3.3719938,0.06555621
4,72,10,0.0343,0.24386497,0.08233452,0.13754727,0.023983177,0.14346996,-0.010172906,13.233312,-0.10575528,12.858951,-1.790085,0.28693992,-0.020345813,0.37087366,-0.0029638368,0.15486503,-0.021558637,253.29301,253.43266,341.14584,1.8958403,3.3719938,0.101932034
4,73,10,0.0343,0.1860434,0.04514374,0.11851807,0.022381587,0.10623528,0.0013397604,12.283859,-0.56061685,12.422174,-1.6146467,0.21247056,0.0026795208,0.34426454,-0.015711708,0.14960477,-0.01944578,253.21935,253.09026,339.98428,2.1752634,3.3799555,0.059382644
4,74,10,0.0343,0.204917,0.06054212,0.12238297,0.021991907,0.12302654,-0.0025343855,12.482542,-0.9302154,12.3135605,-1.5936704,0.24605308,-0.005068771,0.34983277,-0.026070002,0.14829668,-0.019193146,253.21451,252.96567,340.3138,2.5238857,3.3799555,0.07493641
4,75,10,0.0343,0.230002,0.07531988,0.1332421,0.021440012,0.13722233,-0.00898018,13.024567,-0.13482095,12.158073,-1.5523239,0.27444467,-0.01796036,0.36502343,-0.003778448,0.14642408,-0.0186952,253.19173,252.79382,340.35434,1.6871449,3.3917713,0.11153419
4,76,10,0.0343,0.18079238,0.043496687,0.116875105,0.020420577,0.104279295,0.0033065628,12.19842,-0.6578764,11.865504,-1.3712813,0.20855859,0.0066131256,0.34187,-0.018437486,0.14290059,-0.016514845,253.12267,252.5282,339.6645,2.0291576,3.3917713,0.06772525
4,77,10,0.0343,0.19235113,0.056689486,0.11587012,0.019791534,0.11904777,-0.000608027,12.145861,-0.93990904,11.68132,-1.167965,0.23809554,-0.001216054,0.340397,-0.026341666,0.14068238,-0.014066229,253.11111,252.43813,339.9472,2.1078742,3.407619,0.07667879
4,78,10,0.0343,0.21981151,0.07868983,0.12172694,0.01939474,0.14025854,-0.0063291667,12.44904,-0.17546883,11.563629,-1.2649674,0.28051707,-0.012658333,0.34889388,-0.0049176603,0.139265,-0.015234467,253.09676,252.35056,340.1841,1.4404362,3.407619,0.10794321
4,79,10,0.0343,0.16032533,0.038454518,0.10372346,0.018147366,0.09804912,0.005114547,11.491616,-0.6290638,11.185595,-0.8916731,0.19609824,0.010229094,0.32206127,-0.017629985,0.13471216,-0.010738746,252.98856,251.96332,339.26157,1.5207369,3.4269655,0.05687548
4,80,10,0.0343,0.17107975,0.050314378,0.1031886,0.017576784,0.112154335,0.0010287556,11.461946,-0.7204658,11.008343,-1.0310489,0.22430867,0.0020575111,0.32122982,-0.020191602,0.13257746,-0.012417291,252.92294,251.6347,339.19693,1.7515147,3.4269655,0.06478477
4,81,10,0.0343,0.20425558,0.07780469,0.1095874,0.016863488,0.13946746,-0.0048503834,11.811984,0.11554017,10.782659,-0.92847174,0.27893493,-0.009700767,0.33103988,0.0032381192,0.12985949,-0.011181931,252.87453,251.40631,339.1141,0.8129316,3.449929,0.08770289
4,82,10,0.0343,0.1439298,0.036729854,0.09140726,0.015792679,0.09582517,0.00508662,10.7878,-0.17966592,10.434703,-0.9243785,0.19165035,0.01017324,0.30233634,-0.005035285,0.12566893,-0.011132624,252.78488,251.03992,338.061,1.1040444,3.449929,0.03955975
4,83,10,0.0343,0.15276547,0.046510756,0.09067554,0.015579173,0.10783176,0.0029535482,10.7445345,-0.3198549,10.363928,-0.5718453,0.21566352,0.0059070964,0.3011238,-0.008964182,0.12481656,-0.0068869423,252.75983,250.8156,338.42407,0.89170015,3.4757907,0.042827792
4,84,10,0.0343,0.1945308,0.075941734,0.10243912,0.016149953,0.13778764,-0.0022068792,11.420246,0.32986942,10.5520735,-0.5822376,0.27557528,-0.0044137584,0.32006112,0.009244817,0.12708247,-0.007012112,252.76187,250.7732,338.68466,0.25236818,3.4757907,0.078951016
4,85,10,0.0343,0.14881484,0.039307244,0.0942766,0.015230996,0.09913027,0.008116626,10.95581,-0.0168941,10.247463,-0.3353546,0.19826055,0.016233252,0.30704495,-0.00047347523,0.12341392,-0.004038794,252.71947,250.61873,337.63754,0.3522487,3.5040634,0.033100475
4,86,10,0.0343,0.15332548,0.04930779,0.08921397,0.014803722,0.111026786,0.005232062,10.657588,-0.10681738,10.102704,-0.43385345,0.22205357,0.010464124,0.29868707,-0.0029936126,0.121670544,-0.0052250647,252.74332,250.67274,337.89102,0.5406708,3.5040634,0.04303487
4,87,10,0.0343,0.17813656,0.0712952,0.09244635,0.014394997,0.1335058,-0.0001446078,10.848942,0.4900411,9.962262,-0.40477467,0.2670116,-0.0002892156,0.3040499,0.013733762,0.11997915,-0.0048748376,252.73729,250.69142,337.93835,-0.08526644,3.5351465,0.07207838
4,88,10,0.0343,0.13131799,0.035091,0.08195762,0.0142693715,0.09366296,0.009485348,10.2149725,-0.021269212,9.918696,-0.3206704,0.18732592,0.018970696,0.28628242,-0.0005960898,0.11945447,-0.0038619558,252.65826,250.40746,337.07608,0.3419396,3.5351465,0.034582425
4,89,10,0.0343,0.14324301,0.044387348,0.084576964,0.014278713,0.105341524,0.0065462925,10.376923,-0.1777857,9.921941,-0.07558572,0.21068305,0.013092585,0.2908212,-0.004982563,0.11949357,-0.0009103002,252.63269,250.17136,337.40973,0.25337142,3.5685222,0.040222164
4,90,10,0.0343,0.16886996,0.06635881,0.08837558,0.01413555,0.12880102,0.0025234453,10.607395,0.33570814,9.872077,-0.14182258,0.25760204,0.0050468906,0.2972803,0.00940844,0.11889302,-0.0017080151,252.63043,250.10963,337.5435,-0.19388556,3.5685222,0.07167654
4,91,10,0.0343,0.123159334,0.033574544,0.07637788,0.013206904,0.09161679,0.0112769315,9.861123,-0.020156706,9.542292,0.04550217,0.18323357,0.022553863,0.2763655,-0.00056491233,0.114921294,0.0005479943,252.58464,249.97151,336.77478,-0.025345465,3.603507,0.028408056
4,92,10,0.0343,0.12944949,0.040521424,0.07658266,0.012345406,0.10064967,0.007119788,9.874332,-0.13376316,9.225818,-0.06375199,0.20129934,0.014239576,0.27673572,-0.0037488071,0.11110988,-0.0007677909,252.54546,249.73473,336.87057,0.19751516,3.603507,0.04066407
4,93,10,0.0343,0.15184776,0.06041178,0.07938333,0.012052651,0.12289404,0.0005587791,10.053267,0.4471904,9.115773,-0.18782529,0.24578808,0.0011175582,0.28175047,0.01253286,0.109784566,-0.0022620528,252.49872,249.49025,336.64212,-0.2593651,3.6399925,0.06584065
4,94,10,0.0343,0.114771105,0.03513796,0.06740755,0.012225599,0.09372561,0.011815196,9.263963,0.15931717,9.180943,-0.040872052,0.18745121,0.023630392,0.25962964,0.0044649877,0.11056943,-0.0004922404,252.4472,249.25304,335.7701,-0.11844511,3.6399925,0.041825093
4,95,10,0.0343,0.11783891,0.037645504,0.067589924,0.012603487,0.097012244,0.0074405666,9.276485,0.053021826,9.321753,0.12677588,0.19402449,0.014881133,0.25998062,0.001485969,0.11226525,0.0015268085,252.44606,249.13014,336.2318,-0.17979771,3.6777425,0.04391279
4,96,10,0.0343,0.1394546,0.054330308,0.07248024,0.01264405,0.116544314,0.0011084146,9.6062155,0.44623002,9.336741,-0.10652654,0.23308863,0.0022168292,0.26922154,0.012505943,0.112445764,-0.001282934,252.44545,249.20143,336.19778,-0.3397035,3.6777425,0.07467556
4,97,10,0.0343,0.10165672,0.028595502,0.06143998,0.01162124,0.08455102,0.01016898,8.844394,0.069080085,8.951141,-0.09650228,0.16910204,0.02033796,0.24787089,0.0019360166,0.107801855,-0.0011622075,252.39264,249.01698,335.34937,0.027422197,3.7158163,0.034449268
4,98,10,0.0343,0.10332406,0.034644168,0.05724624,0.011433654,0.09306472,0.008035481,8.537211,0.024982182,8.878605,-0.03828376,0.18612944,0.016070962,0.23926187,0.0007001655,0.10692827,-0.0004610618,252.36679,248.76353,335.6484,0.013301579,3.7158163,0.040300354
4,99,10,0.0343,0.11641251,0.045141947,0.060566396,0.010704164,0.10623317,0.0003859768,8.781292,0.6236404,8.5907,-0.29953265,0.21246634,0.0007719536,0.24610241,0.017477995,0.10346093,-0.003607379,252.29663,248.40651,335.56818,-0.32410777,3.7539122,0.058357414
4,100,10,0.0343,0.09654008,0.031166261,0.055141207,0.010232614,0.088269845,0.009909457,8.378778,0.42113432,8.399346,-0.30022377,0.17653969,0.019818913,0.23482165,0.01180263,0.101156384,-0.003615707,252.21404,248.12122,334.56146,-0.120910555,3.7539122,0.029887956
5,1,10,0.024009999,0.20567976,0.07258238,0.10956716,0.023530236,0.13470559,0.009851113,11.810894,1.2262521,12.736947,2.012867,0.26941118,0.019702226,0.3310093,0.034366656,0.15339568,0.024241693,251.85985,253.49591,344.0073,-3.239119,3.7915683,0.11762602
5,2,10,0.024009999,0.21141796,0.07621076,0.111501314,0.023705885,0.13803148,0.006732938,11.914684,1.0132116,12.784398,2.1169803,0.27606297,0.013465876,0.33391812,0.028396066,0.15396716,0.025495563,251.81194,252.98694,344.56573,-3.1301918,3.7915683,0.10438892
5,3,10,0.024009999,0.23265906,0.0891057,0.12040875,0.023144608,0.14925289,-0.003039835,12.381452,1.5709335,12.632145,1.5417387,0.29850578,-0.00607967,0.34699965,0.04402661,0.15213352,0.018567726,251.7174,252.4021,343.80682,-3.1126723,3.8099153,0.09287509
5,4,10,0.024009999,0.20581645,0.071769625,0.110713236,0.023333583,0.13394926,0.0091688335,11.872503,1.0928969,12.683611,1.4380608,0.26789853,0.018337667,0.332736,0.030629298,0.15275334,0.017319094,251.6069,251.8694,342.3324,-2.5309577,3.8099153,0.12770249
5,5,10,0.024009999,0.2155774,0.083045766,0.10936307,0.023168564,0.14408831,0.0019203413,11.799888,0.92955786,12.63868,1.1699446,0.28817663,0.0038406826,0.33070087,0.026051585,0.15221223,0.014090069,251.53548,251.34296,342.3168,-2.0995026,3.8212469,0.120618545
5,6,10,0.024009999,0.2217336,0.08210162,0.117452264,0.022179727,0.1432669,-0.005326261,12.2285,1.5943979,12.366032,0.7556328,0.2865338,-0.010652522,0.3427131,0.044684224,0.1489286,0.00910036,251.45407,250.86766,341.6223,-2.3500307,3.8212469,0.10634246
5,7,10,0.024009999,0.20592287,0.071916185,0.111991905,0.022014787,0.13408597,0.0024937724,11.940868,1.3136251,12.319964,0.41720057,0.26817194,0.004987545,0.33465192,0.036815345,0.14837381,0.005024493,251.311,250.15892,339.91895,-1.7308257,3.8280714,0.13308915
5,8,10,0.024009999,0.20951158,0.07761733,0.109772265,0.02212198,0.13929944,-0.001983624,11.821944,1.2736174,12.349921,0.42094022,0.27859887,-0.003967248,0.33131897,0.035694085,0.1487346,0.0050695376,251.29512,249.88974,340.19543,-1.6945577,3.8280714,0.118062176
5,9,10,0.024009999,0.21016558,0.071032666,0.118119664,0.02101325,0.13325977,-0.008723053,12.263195,1.7272985,12.03646,0.18126069,0.26651955,-0.017446106,0.34368542,0.048408866,0.14495948,0.0021829894,251.26428,249.57332,340.0226,-1.9085592,3.831167,0.11526381
5,10,10,0.024009999,0.19761333,0.06715702,0.10952622,0.02093008,0.12957336,0.0009232469,11.808687,1.3735435,12.012617,0.1288933,0.25914672,0.0018464938,0.33094746,0.0384946,0.14467232,0.0015523048,251.23009,249.29936,338.97876,-1.5024368,3.831167,0.11801082
5,11,10,0.024009999,0.20260823,0.07734154,0.1048608,0.020405896,0.13905174,-0.0028536404,11.554446,0.87849766,11.8612385,0.14219588,0.27810347,-0.0057072807,0.32382217,0.024620557,0.1428492,0.0017125149,251.30464,249.51076,339.81653,-1.0206935,3.8313565,0.09376936
5,12,10,0.024009999,0.20932502,0.07593533,0.11387878,0.019510917,0.13778183,-0.008121158,12.041038,1.1600462,11.598213,0.054013956,0.27556366,-0.016242316,0.3374593,0.032511186,0.13968149,0.00065050944,251.33592,249.54202,339.81882,-1.2140602,3.8313565,0.075629905
5,13,10,0.024009999,0.18950148,0.058563698,0.11151644,0.01942134,0.12099969,0.0012207999,11.915492,0.81111145,11.571557,-0.15191172,0.24199937,0.0024415997,0.33394077,0.022732012,0.13936047,-0.0018295302,251.27786,249.2542,338.438,-0.6591997,3.8303435,0.08748111
5,14,10,0.024009999,0.20769918,0.07775348,0.11015142,0.01979428,0.13942155,-0.002774257,11.84234,0.9641568,11.68213,-0.1905402,0.2788431,-0.005548514,0.33189067,0.027021239,0.14069214,-0.0022947427,251.22995,248.84229,338.68552,-0.7736166,3.8303435,0.09432117
5,15,10,0.024009999,0.1971707,0.06817562,0.110528,0.018467078,0.1305523,-0.010741477,11.862567,1.2348708,11.283694,-0.5294265,0.2611046,-0.021482954,0.3324575,0.0346082,0.13589363,-0.006376081,251.1957,248.55508,338.44598,-0.7054443,3.8287222,0.08206567
5,16,10,0.024009999,0.17679982,0.058639947,0.100822695,0.017337177,0.12107843,0.00034225167,11.329785,0.8503421,10.933052,-0.56753373,0.24215686,0.00068450335,0.3175259,0.023831483,0.13167071,-0.006835015,251.13138,248.20035,337.47095,-0.28280836,3.8287222,0.09703989
5,17,10,0.024009999,0.18921742,0.07488481,0.09731384,0.017018763,0.13682544,-0.0037963102,11.130891,0.6486967,10.832189,-0.4902971,0.27365088,-0.0075926203,0.31195167,0.018180216,0.13045599,-0.0059048333,251.15874,248.07059,338.27295,-0.15839961,3.8269958,0.0861028
5,18,10,0.024009999,0.18253654,0.060858216,0.105337754,0.016340561,0.12334729,-0.010688008,11.580694,1.2141802,10.6141615,-0.7949516,0.24669458,-0.021376016,0.32455778,0.03402831,0.1278302,-0.009573893,251.1879,248.10971,337.98352,-0.4192286,3.8269958,0.07861891
5,19,10,0.024009999,0.16996545,0.056409463,0.09735355,0.016202439,0.11875338,0.0019219349,11.13316,0.5836163,10.569207,-0.6678496,0.23750676,0.0038438698,0.3120153,0.01635629,0.1272888,-0.0080431495,251.15634,247.95306,337.14188,0.084233284,3.8253713,0.07559461
5,20,10,0.024009999,0.18324575,0.07099702,0.09595161,0.016297115,0.13322634,-0.002400058,11.052708,0.34265754,10.600042,-0.618427,0.26645267,-0.004800116,0.30976057,0.009603245,0.12766016,-0.007447939,251.2027,247.98721,337.8424,0.27576944,3.8253713,0.0721984
5,21,10,0.024009999,0.17694302,0.06229735,0.100071445,0.014574208,0.12479719,-0.009215103,11.2874975,0.59327114,10.024084,-0.90149194,0.24959438,-0.018430207,0.3163407,0.016626887,0.12072369,-0.01085699,251.21336,248.05583,337.73004,0.3082208,3.8239105,0.053163104
5,22,10,0.024009999,0.16963503,0.054091096,0.10014851,0.015395429,0.11628746,0.0021807828,11.291841,0.39710614,10.30263,-0.9941486,0.23257492,0.0043615657,0.3164625,0.011129201,0.12407832,-0.011972889,251.14043,247.69698,336.46036,0.59704244,3.8239105,0.07139218
5,23,10,0.024009999,0.19294536,0.07998151,0.0976104,0.015353449,0.14140502,-0.0015292724,11.147836,0.06386605,10.288573,-1.0132653,0.28281003,-0.0030585448,0.31242663,0.0017898878,0.123909034,-0.0122031225,251.1961,247.79524,337.0201,0.94939923,3.8235636,0.06782974
5,24,10,0.024009999,0.17401862,0.062368322,0.0975791,0.014071196,0.12486825,-0.0076169358,11.146049,0.46323448,9.84958,-1.166867,0.2497365,-0.0152338715,0.31237653,0.012982493,0.11862207,-0.014053,251.24791,247.92572,337.148,0.70363253,3.8235636,0.050133795
5,25,10,0.024009999,0.15677704,0.05180777,0.09173504,0.013234228,0.1138066,0.0037759761,10.807124,-0.08383425,9.552157,-1.1201084,0.2276132,0.0075519523,0.30287793,-0.002349502,0.115040116,-0.013489875,251.25342,247.91997,336.29053,1.2039427,3.8240554,0.0415269
5,26,10,0.024009999,0.1635559,0.06364083,0.087105826,0.012809241,0.12613568,-2.1684049e-5,10.530915,-0.45708534,9.397532,-0.88415545,0.25227135,-4.3368098e-5,0.29513696,-0.012810168,0.11317792,-0.0106481975,251.38873,248.43347,337.60516,1.3412408,3.8240554,0.055575848
5,27,10,0.024009999,0.17569678,0.06707319,0.09598732,0.012636258,0.12949246,-0.006098367,11.054765,-0.17472424,9.333863,-0.757169,0.25898492,-0.012196734,0.3098182,-0.0048967903,0.11241111,-0.009118868,251.43054,248.5544,338.13644,0.9318932,3.825723,0.046435084
5,28,10,0.024009999,0.15565215,0.04840239,0.093955874,0.013293872,0.11000272,0.0062635606,10.93716,-0.53232646,9.573658,-0.83544254,0.22000544,0.012527121,0.30652222,-0.014918848,0.11529905,-0.010061541,251.37119,248.31926,336.89142,1.367769,3.825723,0.05852251
5,29,10,0.024009999,0.15169632,0.050750274,0.08823626,0.0127097955,0.11263911,0.0017538593,10.599028,-0.71177953,9.360983,-0.87270355,0.22527821,0.0035077187,0.2970459,-0.019948179,0.11273773,-0.010510285,251.38483,248.22258,337.32373,1.5844831,3.8282351,0.06981902
5,30,10,0.024009999,0.16813155,0.06485474,0.09105258,0.012224227,0.12733297,-0.0051546604,10.76685,-0.33937228,9.180428,-1.0843694,0.25466594,-0.010309321,0.3017492,-0.009511172,0.110563226,-0.013059457,251.44681,248.40195,337.5086,1.4237417,3.8282351,0.05614422
5,31,10,0.024009999,0.14182198,0.047968924,0.08227831,0.0115747405,0.10950904,0.008051926,10.234939,-1.0460985,8.933215,-0.8675974,0.21901809,0.016103853,0.28684196,-0.029317707,0.10758597,-0.010448793,251.47435,248.50024,336.81464,1.9136958,3.8312237,0.05849595
5,32,10,0.024009999,0.14101191,0.051321905,0.07807698,0.0116130235,0.11327169,0.0030624715,9.970204,-1.4203372,8.947976,-0.55327004,0.22654338,0.006124943,0.27942258,-0.039806034,0.10776374,-0.0066632307,251.58858,248.84134,338.25064,1.9736073,3.8312237,0.0768351
5,33,10,0.024009999,0.15093267,0.056334104,0.083983794,0.010614769,0.11867403,-0.0027821846,10.340469,-1.0523099,8.554752,-0.63890445,0.23734806,-0.0055643693,0.28979957,-0.029491814,0.103028,-0.007694561,251.65085,249.10637,338.54556,1.6912143,3.8345904,0.070845984
5,34,10,0.024009999,0.13590142,0.046015054,0.0793088,0.010577557,0.1072556,0.008692543,10.048547,-1.4990929,8.539743,-0.6745619,0.2145112,0.017385086,0.28161818,-0.04201322,0.10284725,-0.008123995,251.62883,249.02904,337.4855,2.1736548,3.8345904,0.073616095
5,35,10,0.024009999,0.1371555,0.04812418,0.07815799,0.010873334,0.10968612,0.005797898,9.975375,-1.7274733,8.658319,-0.4716635,0.21937224,0.011595796,0.2795675,-0.04841375,0.10427528,-0.0056804135,251.69887,249.10883,338.21164,2.1991367,3.8382685,0.0841968
5,36,10,0.024009999,0.16087447,0.061501566,0.08807686,0.011296045,0.12399755,-0.0030556705,10.589451,-1.0197312,8.825014,-0.58958083,0.2479951,-0.006111341,0.29677746,-0.028578749,0.10628285,-0.0071005356,251.75426,249.22038,338.3626,1.609312,3.8382685,0.073040575
5,37,10,0.024009999,0.13691606,0.042057075,0.08331614,0.011542845,0.10253911,0.009152625,10.299286,-1.5916495,8.920899,-0.38838497,0.20507821,0.01830525,0.28864536,-0.044607192,0.10743763,-0.004677458,251.79063,249.43213,337.75253,1.9800345,3.841718,0.07593679
5,38,10,0.024009999,0.15055406,0.05632492,0.081780836,0.0124483155,0.11866436,0.0061081224,10.20395,-1.9986308,9.264191,-0.08284328,0.23732872,0.012216245,0.2859735,-0.056013145,0.11157202,-0.0009977125,251.87108,249.61151,338.89813,2.081474,3.841718,0.099691264
5,39,10,0.024009999,0.1631341,0.057892386,0.09205003,0.01319169,0.12030418,-0.0005105322,10.825663,-1.5733696,9.536794,-0.027189622,0.24060836,-0.0010210644,0.30339748,-0.044094913,0.11485508,-0.00032745287,251.96034,249.94579,339.54623,1.6005592,3.845375,0.09772439
5,40,10,0.024009999,0.13827783,0.04088306,0.08454745,0.01284732,0.1010978,0.009037796,10.375113,-2.1673782,9.411491,-0.21535392,0.2021956,0.018075593,0.29077044,-0.060742415,0.11334602,-0.0025935872,251.96956,250.13249,338.49594,2.3827322,3.845375,0.099405356
5,41,10,0.024009999,0.1402582,0.05320098,0.074815094,0.012242127,0.11532669,0.0063080234,9.759714,-2.4206107,9.187146,-0.04066706,0.23065338,0.012616047,0.27352348,-0.06783947,0.11064415,-0.00048976653,252.0495,250.33559,339.44254,2.4612777,3.8493814,0.11432075
5,42,10,0.024009999,0.13607676,0.050188508,0.0742789,0.011609358,0.11201396,-0.0019501193,9.724678,-1.9054532,8.946565,0.111039676,0.22402792,-0.0039002385,0.27254155,-0.053401783,0.10774673,0.0013372892,252.12964,250.56483,340.33545,1.7944136,3.8493814,0.11857551
5,43,10,0.024009999,0.11849138,0.037679538,0.06947905,0.011332792,0.09705609,0.009077678,9.405232,-2.0449138,8.839356,0.10556404,0.19411218,0.018155357,0.2635888,-0.05731028,0.10645559,0.0012713441,252.12701,250.48485,339.38416,1.9393498,3.8532922,0.09804721
5,44,10,0.024009999,0.1303949,0.047743008,0.07067037,0.011981525,0.109250866,0.006476908,9.485521,-2.4791894,9.088836,0.2248854,0.21850173,0.012953816,0.26583898,-0.06948119,0.10946015,0.0027083752,252.2294,250.86862,340.29956,2.254304,3.8532922,0.11354988
5,45,10,0.024009999,0.14506097,0.057085846,0.0765177,0.011457424,0.11946322,-0.0036717472,9.870144,-1.6587384,8.887829,0.12956408,0.23892644,-0.0073434943,0.27661833,-0.046487395,0.107039355,0.0015603849,252.28508,251.04234,340.9907,1.5291743,3.8570411,0.108652614
5,46,10,0.024009999,0.11895676,0.038462054,0.069625005,0.010869697,0.09805872,0.006382977,9.415103,-1.9989924,8.656869,0.2039873,0.19611745,0.012765954,0.2638655,-0.0560233,0.10425784,0.002456693,252.25694,250.93732,340.1808,1.7950051,3.8570411,0.093199536
5,47,10,0.024009999,0.12348395,0.045810685,0.066266105,0.011407162,0.10701715,0.0019809487,9.185192,-1.9414978,8.868313,0.2083457,0.2140343,0.0039618975,0.25742203,-0.054411955,0.10680432,0.002509182,252.28967,250.8934,340.83514,1.7331522,3.8607883,0.08909383
5,48,10,0.024009999,0.13542463,0.051751845,0.072684176,0.010988606,0.11374516,-0.0066525335,9.61972,-1.2308161,8.704092,-0.040631324,0.22749032,-0.013305067,0.26960003,-0.034494568,0.104826555,-0.0004893406,252.30733,250.8494,340.9012,1.2714474,3.8607883,0.082009934
5,49,10,0.024009999,0.11142449,0.03327741,0.0673563,0.010790781,0.091210485,0.0026642503,9.260441,-1.264945,8.625388,-0.25165784,0.18242097,0.0053285006,0.25953093,-0.035451047,0.103878684,-0.0030308065,252.29494,250.84888,339.8359,1.5166029,3.8642073,0.054611463
5,50,10,0.024009999,0.120324925,0.043657426,0.06500953,0.01165797,0.104471795,0.001432103,9.097688,-1.7095995,8.965276,0.019421838,0.20894359,0.002864206,0.25496966,-0.047912825,0.10797208,0.00023390428,252.37825,251.10674,340.84793,1.6901777,3.8642073,0.072778665
5,51,10,0.024009999,0.11986008,0.04250512,0.06628063,0.011074338,0.10308385,-0.007910501,9.186198,-0.9674256,8.737981,-0.19097245,0.2061677,-0.015821002,0.25745025,-0.02711285,0.10523468,-0.0022999507,252.4585,251.37172,341.46158,1.158398,3.8670487,0.07350074
5,52,10,0.024009999,0.101352215,0.02962428,0.061102536,0.010625402,0.08605853,0.0011059232,8.820072,-1.3468002,8.559037,-0.14997475,0.17211705,0.0022118464,0.24718927,-0.03774509,0.103079595,-0.0018062016,252.48248,251.54971,340.59003,1.4967749,3.8670487,0.060522612
5,53,10,0.024009999,0.11371436,0.040964637,0.06125232,0.0114974035,0.10119861,-0.0009283007,8.830876,-1.4794244,8.903322,-0.04489344,0.20239723,-0.0018566014,0.24749206,-0.04146201,0.10722595,-0.00054066774,252.56561,251.82881,341.4294,1.5243177,3.8694541,0.06506409
5,54,10,0.024009999,0.13825737,0.055728078,0.07089591,0.01163338,0.118033975,-0.010436942,9.500646,-0.97937965,8.955816,-0.13756418,0.23606795,-0.020873884,0.26626286,-0.027447855,0.10785815,-0.0016567364,252.64182,252.09915,341.98315,1.1169438,3.8694541,0.0842169
5,55,10,0.024009999,0.102105394,0.030754907,0.060535718,0.010814768,0.087685384,0.00010631772,8.779068,-1.2008866,8.634969,-0.21772859,0.17537077,0.00021263544,0.24604008,-0.033655763,0.10399408,-0.0026221878,252.67249,252.30478,341.2561,1.4186152,3.8711646,0.062077828
5,56,10,0.024009999,0.111366004,0.042701248,0.05762248,0.011042278,0.1033214,-0.001461949,8.56522,-1.6500756,8.725323,0.06909565,0.2066428,-0.002923898,0.24004683,-0.04624462,0.10508224,0.00083214225,252.76329,252.50142,342.29675,1.58098,3.8711646,0.07646138
5,57,10,0.024009999,0.12290337,0.046449285,0.065246485,0.0112076,0.10776048,-0.012435306,9.114253,-0.635913,8.790399,-0.10336146,0.21552096,-0.024870612,0.25543392,-0.01782194,0.105865955,-0.0012448255,252.84862,252.76015,342.87125,0.7392745,3.872497,0.07936919
5,58,10,0.024009999,0.10276581,0.032554965,0.05902262,0.011188224,0.090214975,1.0990735e-6,8.668656,-1.0671225,8.782797,-0.117045045,0.18042995,2.198147e-6,0.24294572,-0.029906923,0.1057744,-0.0014096191,252.86266,252.92296,342.0963,1.1841675,3.872497,0.05716556
5,59,10,0.024009999,0.117559165,0.045845542,0.05935968,0.012353944,0.10705786,-0.00034897044,8.693373,-1.0721298,9.229008,-0.07323486,0.21411572,-0.0006979409,0.24363843,-0.030047255,0.1111483,-0.0008819946,252.93048,253.08827,342.83368,1.1453648,3.8734648,0.05332948
5,60,10,0.024009999,0.11994576,0.04776733,0.059970517,0.01220791,0.109278694,-0.010122804,8.737988,-0.5842823,9.174299,-0.0046733893,0.21855739,-0.020245608,0.24488878,-0.016374968,0.11048941,-5.6284243e-5,253.01614,253.34845,343.56528,0.58895564,3.8734648,0.06991047
5,61,10,0.024009999,0.09170015,0.032686938,0.048434474,0.010578739,0.09039765,-0.00016735584,7.8527145,-0.7211637,8.540222,-0.052659467,0.1807953,-0.0003347117,0.22007833,-0.02021117,0.102853,-0.0006341976,253.03516,253.53366,342.8737,0.77382314,3.8732204,0.04484302
5,62,10,0.024009999,0.10322517,0.042519122,0.04937478,0.011331265,0.10310083,-0.0005995604,7.9285746,-1.0700011,8.83876,0.12521394,0.20620166,-0.0011991208,0.22220437,-0.02998759,0.10644841,0.0015079939,253.06183,253.53618,343.5236,0.9447872,3.8732204,0.05565288
5,63,10,0.024009999,0.12803045,0.058306836,0.057433814,0.012289799,0.12073404,-0.010290253,8.551186,-0.2536017,9.205016,-0.13878301,0.24146809,-0.020580506,0.23965353,-0.0071073747,0.110859364,-0.0016714148,253.0955,253.65048,343.92435,0.3923847,3.8719802,0.0631945
5,64,10,0.024009999,0.09890009,0.03525443,0.05177925,0.011866408,0.09388082,-0.0002882845,8.119335,-0.5205384,9.045069,-0.22119491,0.18776163,-0.000576569,0.22755055,-0.014588488,0.10893305,-0.0026639344,253.07295,253.67717,342.83096,0.7417333,3.8719802,0.045373224
5,65,10,0.024009999,0.11014416,0.050255295,0.04737019,0.012518672,0.112088464,-0.0003828852,7.7659593,-0.54546267,9.290335,-0.08622179,0.22417693,-0.0007657704,0.21764694,-0.015287007,0.111886874,-0.0010383996,253.12111,253.73991,343.52866,0.6316845,3.869746,0.04793087
5,66,10,0.024009999,0.12458716,0.058804657,0.052652862,0.013129641,0.12124836,-0.010680175,8.187543,0.0055054943,9.514339,-0.1166143,0.24249671,-0.02136035,0.22946212,0.00015429896,0.11458465,-0.0014044238,253.1665,253.83931,344.16873,0.1111088,3.869746,0.05709574
5,67,10,0.024009999,0.10079101,0.03880821,0.04888722,0.013095576,0.098499,0.00032713273,7.889332,-0.13032918,9.501988,-0.22231708,0.196998,0.00065426546,0.22110455,-0.003652575,0.114435904,-0.002677449,253.17058,253.93964,343.2235,0.35264626,3.866195,0.037407696
5,68,10,0.024009999,0.10971422,0.047927517,0.049138106,0.012648591,0.10946177,0.0003985901,7.909549,-0.40335214,9.338418,-0.32248864,0.21892354,0.0007971802,0.22167116,-0.011304259,0.112465955,-0.0038838447,253.21101,253.95972,343.5023,0.7258408,3.866195,0.045492675
5,69,10,0.024009999,0.12096647,0.052370172,0.055167347,0.013428951,0.11442265,-0.009051558,8.380764,0.37734815,9.622175,-0.41238573,0.2288453,-0.018103115,0.2348773,0.010575469,0.11588335,-0.0049665133,253.26508,254.13324,344.01007,0.035037577,3.8620377,0.052109588
5,70,10,0.024009999,0.10345942,0.038392574,0.05107744,0.013989408,0.09797011,0.00035772272,8.064122,0.1369607,9.820912,-0.30757242,0.19594023,0.00071544544,0.22600318,0.0038384302,0.11827683,-0.0037042059,253.27032,254.27103,343.22995,0.17061172,3.8620377,0.05301277
5,71,10,0.024009999,0.11972906,0.04833042,0.055765364,0.015633272,0.109920904,0.0014965642,8.426065,-0.09912988,10.3819065,-0.14872834,0.21984181,0.0029931285,0.23614691,-0.0027781858,0.12503308,-0.0017911906,253.31984,254.38573,343.93774,0.24785823,3.8574815,0.04368213
5,72,10,0.024009999,0.13476767,0.055320345,0.061864756,0.017582566,0.11760139,-0.009987677,8.874915,0.53911823,11.010151,-0.19900928,0.23520277,-0.019975355,0.24872626,0.015109198,0.13259926,-0.0023967377,253.37334,254.4619,344.39517,-0.34010893,3.8574815,0.048000652
5,73,10,0.024009999,0.11656326,0.042612422,0.056376476,0.017574366,0.103213884,0.00034416543,8.472108,0.42260778,11.007584,-0.2579073,0.20642777,0.00068833085,0.23743731,0.011843902,0.13256834,-0.003106075,253.40125,254.60933,343.43774,-0.16470048,3.8513694,0.04944088
5,74,10,0.024009999,0.13374783,0.057946343,0.058769386,0.017032105,0.12036023,0.00073086034,8.650041,-0.084844105,10.836433,-0.24398974,0.24072047,0.0014617207,0.24242398,-0.0023778232,0.13050711,-0.0029384631,253.50322,254.94673,344.15042,0.32883385,3.8513694,0.049175814
5,75,10,0.024009999,0.14384523,0.059380386,0.0664283,0.018036544,0.121840455,-0.008252431,9.196428,0.54356354,11.151385,-0.13864121,0.24368091,-0.016504861,0.2577369,0.015233785,0.1343002,-0.0016697055,253.59276,255.30168,345.08807,-0.40492234,3.8439882,0.04644246
5,76,10,0.024009999,0.12000276,0.04219356,0.060344607,0.017464593,0.10270536,0.0014253285,8.7652,0.21703108,10.973153,-0.09234789,0.20541072,0.002850657,0.2456514,0.0060824603,0.13215367,-0.0011121769,253.58716,255.36946,344.36356,-0.12468319,3.8439882,0.044198368
5,77,10,0.024009999,0.1384385,0.06373965,0.05734225,0.017356582,0.12623356,0.004587641,8.544367,-0.030037312,10.939169,0.11670816,0.25246713,0.009175282,0.23946242,-0.0008418295,0.13174438,0.001405557,253.634,255.47241,345.07654,-0.086670846,3.8351324,0.051735982
5,78,10,0.024009999,0.14182556,0.060658403,0.06335959,0.017807571,0.123144634,-0.0067932177,8.981497,0.43588966,11.080379,-0.041300457,0.24628927,-0.0135864355,0.2517133,0.012216146,0.13344501,-0.00049739657,253.68239,255.69148,345.50668,-0.39458922,3.8351324,0.039348423
5,79,10,0.024009999,0.1204449,0.043507226,0.060591467,0.016346209,0.10429193,0.00528454,8.783108,0.27840954,10.6159935,-0.17593277,0.20858386,0.01056908,0.24615334,0.007802645,0.12785229,-0.002118821,253.65486,255.63322,344.2953,-0.102476776,3.824758,0.034561142
5,80,10,0.024009999,0.13766615,0.06109424,0.060325034,0.016246881,0.123586245,0.005503425,8.763778,0.026187936,10.583692,-0.172883,0.24717249,0.01100685,0.24561155,0.0007339246,0.12746325,-0.0020820973,253.69801,255.6929,344.67062,0.14669506,3.824758,0.04478443
5,81,10,0.024009999,0.15369996,0.064169906,0.0701136,0.019416453,0.1266589,-0.0050931415,9.448083,0.59724456,11.570101,-0.17382705,0.2533178,-0.010186283,0.26478973,0.016738234,0.13934293,-0.0020934548,253.74301,255.81284,345.3657,-0.4234175,3.8140528,0.035441883
5,82,10,0.024009999,0.14110424,0.05100936,0.070372835,0.019722039,0.11292626,0.006525712,9.465533,0.34541073,11.660793,-0.18026964,0.22585252,0.013051424,0.2652788,0.009680414,0.14043517,-0.002171054,253.72203,255.80496,344.32663,-0.16514109,3.8140528,0.05567911
5,83,10,0.024009999,0.16296737,0.06833723,0.07370708,0.020923058,0.13070695,0.007983236,9.687175,0.13232915,12.010601,-0.09354855,0.2614139,0.015966471,0.27149048,0.003708637,0.14464805,-0.0011266482,253.77493,255.86186,344.91946,-0.0387806,3.802544,0.060544156
5,84,10,0.024009999,0.15980007,0.05941636,0.077393994,0.022989709,0.12187736,-2.9979405e-5,9.926501,0.5223551,12.589803,0.016185105,0.24375471,-5.995881e-5,0.27819777,0.014639402,0.15162358,0.00019493248,253.84677,256.08215,345.72858,-0.5385402,3.802544,0.030458596
5,85,10,0.024009999,0.138558,0.05047526,0.06765014,0.02043261,0.1123335,0.008394422,9.280619,0.3399282,11.868998,-0.22342706,0.224667,0.016788844,0.2600964,0.009526754,0.14294268,-0.002690821,253.86093,256.28574,344.53784,-0.11650115,3.789366,0.055144463
5,86,10,0.024009999,0.14712596,0.059667926,0.06777325,0.019684782,0.122135095,0.008317536,9.289059,0.089487866,11.649775,-0.17792596,0.24427019,0.016635071,0.26033297,0.0025079756,0.14030246,-0.0021428291,253.91856,256.3923,344.93167,0.08843809,3.789366,0.05342587
5,87,10,0.024009999,0.1635681,0.07252595,0.07094017,0.02010198,0.13465321,-0.0029247475,9.503611,0.76864564,11.772579,-0.35949954,0.26930642,-0.005849495,0.26634595,0.021541867,0.14178145,-0.004329585,253.9575,256.49915,345.38538,-0.4091461,3.7757435,0.037070673
5,88,10,0.024009999,0.13464823,0.04722653,0.06798261,0.019439109,0.10865833,0.0080559775,9.303395,0.42667165,11.576849,-0.2854053,0.21731666,0.016111955,0.26073474,0.011957799,0.1394242,-0.0034372348,253.92186,256.39893,344.5535,-0.14126635,3.7757435,0.05102672
5,89,10,0.024009999,0.15550809,0.058892533,0.07709596,0.019519586,0.12133892,0.0085616745,9.907369,0.19149348,11.600788,-0.3347282,0.24267784,0.017123349,0.2776616,0.0053667347,0.13971251,-0.004031249,253.94125,256.39362,344.7605,0.14323473,3.7618546,0.04913328
5,90,10,0.024009999,0.17910254,0.07012448,0.08663841,0.022339638,0.13240513,-0.0027648674,10.502624,0.7921613,12.410527,-0.35441035,0.26481026,-0.005529735,0.29434404,0.022200927,0.1494645,-0.0042682826,253.9785,256.54797,345.28986,-0.43775094,3.7618546,0.03769743
5,91,10,0.024009999,0.1584549,0.05364025,0.08199556,0.022819087,0.115801826,0.007460111,10.217338,0.50357825,12.542995,-0.25492057,0.23160365,0.014920222,0.28634867,0.014113166,0.15105988,-0.0030701112,253.98009,256.68506,344.65933,-0.24865767,3.7475379,0.06202764
5,92,10,0.024009999,0.17753798,0.06476103,0.08936967,0.023407284,0.12724094,0.0075087636,10.666885,0.3073194,12.703626,-0.117558025,0.25448188,0.015017527,0.2989476,0.008612868,0.1529944,-0.0014157873,254.02008,256.75485,345.19495,-0.18976137,3.7475379,0.067460775
5,93,10,0.024009999,0.1969429,0.07306804,0.098141305,0.025733568,0.1351555,-0.0037465096,11.178112,0.9796334,13.319938,-0.21729626,0.270311,-0.007493019,0.31327513,0.027454944,0.16041686,-0.0026169834,254.01553,256.66022,345.53583,-0.76233715,3.7327826,0.05048841
5,94,10,0.024009999,0.17826638,0.053439602,0.098250985,0.026575793,0.11558504,0.006496244,11.184356,0.76486963,13.536155,-0.25796017,0.23117007,0.012992488,0.31345013,0.02143606,0.16302083,-0.003106705,253.9388,256.43182,344.35873,-0.5069095,3.7327826,0.08077608
5,95,10,0.024009999,0.19629252,0.07020593,0.10017848,0.025908109,0.132482,0.0049715377,11.29353,0.5913217,13.365033,-0.39204514,0.264964,0.0099430755,0.31650984,0.016572235,0.16095996,-0.004721545,253.92445,256.21783,344.2818,-0.19927657,3.7171862,0.068031535
5,96,10,0.024009999,0.20958063,0.075102456,0.10664129,0.027836889,0.13702413,-0.0057915323,11.652127,1.1704732,13.853597,-0.41861176,0.27404827,-0.011583065,0.32655978,0.032803398,0.1668439,-0.0050415006,253.92436,256.12308,344.73615,-0.75186145,3.7171862,0.057171486
5,97,10,0.024009999,0.18209751,0.05408591,0.10028976,0.027721839,0.11628189,0.004045818,11.299802,0.64774793,13.824938,-0.47941205,0.23256378,0.008091636,0.3166856,0.018153634,0.16649877,-0.0057737227,253.90631,256.21207,343.9709,-0.16833588,3.7000654,0.071997404
5,98,10,0.024009999,0.1960903,0.072276555,0.097088784,0.026724946,0.1344215,0.0037855783,11.1180105,0.25191027,13.574087,-0.35586333,0.268843,0.0075711566,0.31159073,0.0070599644,0.16347766,-0.004285786,253.93611,256.24115,344.54852,0.10395306,3.7000654,0.05579042
5,99,10,0.024009999,0.20388918,0.068028584,0.10652312,0.029337486,0.13041145,-0.00418428,11.645669,0.74174625,14.222096,-0.3193683,0.2608229,-0.00836856,0.3263788,0.020788014,0.17128189,-0.0038462745,253.9482,256.2165,345.2,-0.42237794,3.682476,0.03934952
5,100,10,0.024009999,0.1878749,0.054061566,0.10452256,0.029290766,0.116255715,0.006004451,11.535795,0.45319745,14.210768,-0.34591368,0.23251143,0.012008902,0.3232995,0.012701203,0.17114545,-0.00416596,253.91924,256.17856,344.39545,-0.10728377,3.682476,0.06157995
