ic,traj,n_steps,eta,loss_total,loss_T,loss_olw,loss_slwd,rmse_T,bias_T,rmse_olw,bias_olw,rmse_slwd,bias_slwd,nrmse_T,nbias_T,nrmse_olw,nbias_olw,nrmse_slwd,nbias_slwd,mean_T,mean_olw,mean_slwd,bias_C,pnorm,gnorm
1,1,10,0.01,4.326762,0.40237853,2.1017034,1.8226804,0.31716657,0.024663473,55.16383,-1.9669294,115.026115,-11.780248,0.63433313,0.049326945,1.4497253,-0.051691577,1.3500668,-0.1382654,252.63597,251.41576,336.5771,13.747177,13.742783,10.795286
1,2,10,0.01,4.3352356,0.45313966,2.0726044,1.8094914,0.33657825,0.022532143,54.78061,-2.5544052,114.60919,-13.472072,0.6731565,0.045064285,1.4396542,-0.067130655,1.3451734,-0.15812232,252.66415,251.38692,337.1932,16.026478,13.742783,10.984353
1,3,10,0.01,4.2815995,0.42669013,2.0591822,1.7957273,0.3266076,0.013983657,54.60294,-1.5260441,114.17247,-14.217083,0.6532152,0.027967313,1.434985,-0.040104914,1.3400475,-0.16686657,252.66586,251.31767,337.6255,15.743127,13.742783,10.851394
1,4,10,0.01,4.2559047,0.38272732,2.0753493,1.7978278,0.3093248,0.022384938,54.81688,-1.6877694,114.239235,-13.048483,0.6186496,0.044769876,1.4406073,-0.044355113,1.340831,-0.15315072,252.61353,251.19086,336.97357,14.736252,13.742783,10.698293
1,5,10,0.01,2.1772945,0.3332543,0.9981713,0.8458689,0.28864092,0.008850538,38.016422,4.3786077,78.35968,1.5662373,0.57728183,0.017701076,0.99908525,0.11507136,0.9197113,0.018383007,252.61295,251.14095,337.42966,-5.944845,13.73802,6.332981
1,6,10,0.01,2.2311893,0.345565,1.0316066,0.85401785,0.29392388,0.0012643762,38.64788,5.081254,78.73624,0.7538779,0.58784777,0.0025287524,1.0156803,0.13353717,0.92413086,0.008848306,252.61905,251.16165,337.75433,-5.8351316,13.73802,6.413177
1,7,10,0.01,2.2446396,0.33863494,1.051315,0.8546898,0.29096174,0.011975701,39.015312,4.8079414,78.767204,2.119635,0.5819235,0.023951402,1.0253365,0.12635446,0.9244943,0.024878222,252.57245,251.03185,337.06815,-6.9275765,13.73802,6.4177246
1,8,10,0.01,2.2767537,0.3557899,1.0606169,0.8603469,0.29824063,0.01114124,39.18753,4.3245945,79.02745,1.8215948,0.59648126,0.02228248,1.0298625,0.113651924,0.9275489,0.021380164,252.56487,250.94653,337.4724,-6.146189,13.73802,6.512077
1,9,10,0.01,1.1727564,0.29375145,0.49837545,0.38062954,0.27099422,-0.0058358144,26.862535,8.962057,52.564487,13.546123,0.54198843,-0.011671629,0.7059571,0.23552607,0.6169518,0.15899144,252.57474,250.93889,337.55917,-22.508179,13.739005,3.3418677
1,10,10,0.01,1.1596773,0.2715978,0.5026469,0.38543248,0.26057523,0.004171925,26.977407,8.52148,52.895092,15.44604,0.52115047,0.00834385,0.708976,0.22394754,0.6208321,0.18129088,252.56616,250.99278,336.73184,-23.96752,13.739005,3.3225403
1,11,10,0.01,1.1377137,0.2770316,0.4860387,0.37464336,0.26316896,0.00096164626,26.527977,8.137541,52.14951,15.35352,0.5263379,0.0019232925,0.6971648,0.21385752,0.61208117,0.18020499,252.63545,251.26933,337.43735,-23.491062,13.739005,3.3052158
1,12,10,0.01,1.1279426,0.28277412,0.48170888,0.36345956,0.26588255,-0.0031589756,26.40955,8.401952,51.36523,13.903275,0.5317651,-0.0063179513,0.6940525,0.22080632,0.60287607,0.16318339,252.71109,251.5889,338.08893,-22.305225,13.739005,3.2617536
1,13,10,0.01,0.72032124,0.19904171,0.275033,0.2462465,0.22307046,-0.0028987846,19.95543,10.967479,42.27915,22.684505,0.44614092,-0.005797569,0.5244359,0.2882293,0.4962323,0.26624906,252.73491,251.7586,337.57486,-33.651985,13.745684,2.0605006
1,14,10,0.01,0.74139696,0.20725772,0.28182214,0.2523171,0.22762783,-0.008900703,20.200228,11.136313,42.797123,22.869076,0.45525566,-0.017801406,0.53086925,0.29266635,0.50231177,0.2684154,252.76544,251.79585,337.87698,-34.00539,13.745684,2.0534968
1,15,10,0.01,0.77141726,0.22990613,0.29509956,0.24641156,0.23974264,-0.013854171,20.670593,11.359683,42.29332,21.253763,0.47948527,-0.027708342,0.54323065,0.29853657,0.4963986,0.2494564,252.75615,251.64641,337.86246,-32.613445,13.745684,2.0430684
1,16,10,0.01,0.76386946,0.19555834,0.30742812,0.26088303,0.2211099,-0.0053154156,21.097961,11.348031,43.517517,23.26964,0.4422198,-0.010630831,0.554462,0.29823038,0.5107671,0.2731168,252.70293,251.46922,336.9656,-34.617672,13.745684,2.0962076
1,17,10,0.01,0.6712884,0.15137735,0.26885644,0.25105456,0.19453621,-0.01299981,19.730083,11.818815,42.689915,23.269213,0.38907242,-0.02599962,0.5185137,0.31060275,0.50105345,0.2731118,252.71684,251.49797,337.436,-35.088028,13.749768,2.6678941
1,18,10,0.01,0.67802846,0.17031908,0.2669945,0.24071488,0.20634866,-0.020829605,19.661644,12.4295025,41.80158,21.722681,0.41269732,-0.04165921,0.5167151,0.32665178,0.49062702,0.2549601,252.73055,251.51776,337.95377,-34.152184,13.749768,2.58664
1,19,10,0.01,0.6542977,0.14926372,0.26606533,0.23896864,0.19317332,-0.012266439,19.627401,12.543222,41.649677,22.42406,0.38634664,-0.024532879,0.5158152,0.3296404,0.4888442,0.26319218,252.7197,251.57335,337.46536,-34.967285,13.749768,2.6583958
1,20,10,0.01,0.65642196,0.15656456,0.26239255,0.23746485,0.1978412,-0.015191399,19.491463,12.168861,41.518425,21.67868,0.3956824,-0.030382797,0.5122427,0.31980202,0.48730364,0.2544437,252.74988,251.56311,338.12415,-33.84754,13.749768,2.6751842
1,21,10,0.01,0.5594543,0.13359696,0.23062158,0.1952358,0.18275459,-0.025562491,18.27337,10.616704,37.64618,16.177406,0.36550918,-0.051124983,0.48023075,0.2790108,0.44185495,0.18987493,252.80252,251.79655,338.5516,-26.79411,13.752316,2.5414119
1,22,10,0.01,0.528503,0.10871647,0.23031434,0.1894722,0.1648609,-0.014699122,18.261194,10.6479,37.086338,18.045849,0.3297218,-0.029398244,0.47991076,0.27983063,0.43528405,0.21180496,252.79425,251.81424,337.81787,-28.693748,13.752316,2.5577812
1,23,10,0.01,0.5374577,0.10892588,0.23590896,0.1926229,0.1650196,-0.015286134,18.481657,10.484539,37.39342,17.620222,0.3300392,-0.030572267,0.4857046,0.27553752,0.43888825,0.20680934,252.84474,251.94688,338.5845,-28.104761,13.752316,2.61563
1,24,10,0.01,0.5626979,0.13586612,0.23609549,0.1907363,0.18430011,-0.0218857,18.488962,10.277675,37.209846,16.370228,0.36860022,-0.0437714,0.4858966,0.27010098,0.43673366,0.19213809,252.8608,252.03477,338.91705,-26.647903,13.752316,2.5209482
1,25,10,0.01,0.39707518,0.0872751,0.1697745,0.14002556,0.1477118,-0.014537001,15.6785145,7.1746473,31.881948,10.98744,0.2954236,-0.029074002,0.41203701,0.18855233,0.3741999,0.1289601,252.84056,252.0348,338.19083,-18.162086,13.7542515,1.7970982
1,26,10,0.01,0.41345358,0.08928297,0.17738143,0.14678921,0.14940128,-0.018532664,16.02591,7.333448,32.642864,11.379017,0.29880255,-0.037065327,0.42116675,0.19272567,0.3831308,0.13355604,252.92464,252.34093,338.73737,-18.712465,13.7542515,1.8516058
1,27,10,0.01,0.44310033,0.11405313,0.1763507,0.15269648,0.16885877,-0.023692934,15.979284,7.14789,33.293213,11.3042965,0.33771753,-0.047385868,0.4199413,0.18784916,0.39076397,0.13267905,252.9826,252.57635,339.14453,-18.452187,13.7542515,1.8107485
1,28,10,0.01,0.42157662,0.09059219,0.1822884,0.14869602,0.15049268,-0.01605684,16.246065,6.8524776,32.854195,13.02869,0.30098537,-0.03211368,0.42695245,0.1800856,0.38561124,0.15291834,252.94728,252.45361,338.25095,-19.881168,13.7542515,1.7884746
1,29,10,0.01,0.3438084,0.0763041,0.14231607,0.12518822,0.13811599,-0.016609382,14.35475,3.71885,30.14553,6.0079865,0.27623197,-0.033218764,0.37724802,0.09773273,0.35381946,0.07051603,252.97446,252.39331,338.75095,-9.726836,13.756141,1.0906444
1,30,10,0.01,0.3678913,0.09392443,0.1393681,0.13459876,0.15323547,-0.022806441,14.205297,3.7091637,31.258041,4.243901,0.30647093,-0.045612883,0.37332037,0.09747815,0.36687705,0.049810868,253.01549,252.47368,339.1882,-7.9530644,13.756141,1.1581955
1,31,10,0.01,0.31843352,0.0722376,0.13514566,0.11105025,0.13438527,-0.016900899,13.988454,3.436938,28.392326,5.5754695,0.26877055,-0.033801798,0.36762163,0.09032396,0.33324203,0.065439545,253.01591,252.63403,338.48825,-9.012407,13.756141,1.0941266
1,32,10,0.01,0.3275414,0.07946789,0.13082324,0.11725026,0.14095025,-0.017807195,13.762938,3.7027693,29.174145,5.662843,0.2819005,-0.03561439,0.36169496,0.09731013,0.34241825,0.06646504,253.07828,252.85677,339.15625,-9.365612,13.756141,1.1131881
1,33,10,0.01,0.33898735,0.078646064,0.13456726,0.12577401,0.14021952,-0.022351872,13.9584875,-0.3007155,30.215979,-0.6942536,0.28043905,-0.044703744,0.3668341,-0.007902916,0.35464633,-0.0081484895,253.1448,253.09375,339.85867,0.9949691,13.758349,1.2181231
1,34,10,0.01,0.333767,0.06481411,0.14801785,0.12093502,0.12729308,-0.018900808,14.6394825,-0.16803642,29.629015,0.6604491,0.25458616,-0.037801616,0.38473088,-0.0044160443,0.34775713,0.0077517177,253.12286,253.04225,339.20746,-0.4924127,13.758349,1.1732215
1,35,10,0.01,0.3427512,0.07126194,0.14814419,0.12334509,0.13347466,-0.017734788,14.645728,0.3631063,29.922794,1.3403968,0.26694933,-0.035469577,0.38489503,0.009542579,0.3512052,0.015732303,253.09822,252.86923,339.2402,-1.7035031,13.758349,1.1550021
1,36,10,0.01,0.3692393,0.090263344,0.14627472,0.13270125,0.15021929,-0.023475854,14.553026,0.1923788,31.036928,0.24865969,0.30043858,-0.046951707,0.38245878,0.005055784,0.36428183,0.0029185202,253.10017,252.83217,339.25705,-0.4410385,13.758349,1.2832153
1,37,10,0.01,0.34796757,0.06432631,0.1690532,0.11458804,0.12681316,-0.0169044,15.645174,-2.4172225,28.841038,-2.703646,0.25362632,-0.0338088,0.4111608,-0.063525505,0.33850855,-0.03173282,253.10742,252.92088,338.9816,5.1208687,13.761188,1.5813621
1,38,10,0.01,0.34443387,0.06343731,0.15818222,0.122814335,0.12593383,-0.01927642,15.133783,-2.1853077,29.858343,-3.007746,0.25186765,-0.03855284,0.3977213,-0.057430673,0.35044876,-0.03530206,253.14229,253.00699,339.5141,5.1930537,13.761188,1.509297
1,39,10,0.01,0.3650843,0.07398258,0.16340874,0.12769298,0.1359987,-0.024001762,15.381769,-2.4644344,30.445616,-3.0026035,0.2719974,-0.048003525,0.40423846,-0.06476622,0.35734156,-0.03524168,253.15503,253.06519,339.666,5.467038,13.761188,1.6084671
1,40,10,0.01,0.35189053,0.06596268,0.16623887,0.119688995,0.128416,-0.018726205,15.5144,-2.167982,29.475983,-1.8883262,0.256832,-0.03745241,0.40772402,-0.056975365,0.34596097,-0.022163358,253.09947,252.89763,338.90033,4.0563083,13.761188,1.6002378
1,41,10,0.01,0.33558396,0.058945943,0.16039713,0.1162409,0.12139393,-0.019725185,15.2393675,-2.8515995,29.048296,-4.4713407,0.24278785,-0.03945037,0.4004961,-0.07494107,0.3409412,-0.05248034,253.07019,252.6166,339.16013,7.32294,13.764749,1.6099129
1,42,10,0.01,0.37385958,0.07408177,0.17487739,0.12490042,0.13608983,-0.023919437,15.912394,-3.068292,30.110863,-4.791497,0.27217966,-0.047838874,0.41818345,-0.08063582,0.35341254,-0.056238007,253.1032,252.70879,339.3947,7.859789,13.764749,1.6929176
1,43,10,0.01,0.35551235,0.0669277,0.17346585,0.11511881,0.12935194,-0.016368,15.848043,-3.2828948,28.907755,-4.321117,0.2587039,-0.032736,0.4164923,-0.08627567,0.33929163,-0.050717145,253.1309,252.89655,338.8711,7.6040115,13.764749,1.6584578
1,44,10,0.01,0.34224093,0.065334775,0.15953901,0.117367156,0.12780334,-0.019667039,15.198549,-3.267395,29.188683,-4.391922,0.25560668,-0.039334077,0.39942336,-0.08586832,0.3425889,-0.05154818,253.1904,253.09583,339.40054,7.659317,13.764749,1.5959997
1,45,10,0.01,0.30944732,0.07145769,0.13507578,0.10291385,0.13365786,-0.02318971,13.984837,-3.4737778,27.33242,-4.8984113,0.26731572,-0.04637942,0.36752656,-0.09129211,0.32080188,-0.057492867,253.20123,253.07245,339.59708,8.372189,13.769247,1.4076986
1,46,10,0.01,0.29126275,0.06471867,0.13305208,0.093492016,0.12719932,-0.01629124,13.879683,-3.4351795,26.051243,-3.5414884,0.25439864,-0.03258248,0.36476305,-0.09027776,0.30576465,-0.041566607,253.16869,253.03911,338.67508,6.976668,13.769247,1.334995
1,47,10,0.01,0.29011863,0.063970536,0.12838134,0.09776677,0.12646198,-0.017952666,13.633885,-3.2438731,26.640162,-3.7621343,0.25292397,-0.03590533,0.35830343,-0.08525014,0.3126768,-0.04415634,253.2178,253.2335,339.03378,7.006007,13.769247,1.2719628
1,48,10,0.01,0.30626997,0.06949646,0.13521425,0.10155925,0.1318109,-0.022244388,13.992004,-3.839039,27.151945,-4.4874,0.2636218,-0.044488776,0.3677149,-0.100891344,0.31868362,-0.052668814,253.31183,253.57086,339.73248,8.326439,13.769247,1.3781431
1,49,10,0.01,0.25023106,0.05649864,0.107861586,0.085870825,0.11884721,-0.015734335,12.496893,-3.4240456,24.966866,-3.6170433,0.23769443,-0.03146867,0.32842287,-0.08998513,0.29303724,-0.042453405,253.36812,253.90063,339.7232,7.041089,13.774599,1.0484728
1,50,10,0.01,0.26328877,0.06142495,0.111637235,0.0902266,0.123920284,-0.0149700055,12.713736,-3.5695302,25.59225,-4.3738184,0.24784057,-0.029940011,0.33412158,-0.09380854,0.30037743,-0.0513357,253.42317,254.15207,340.54605,7.943349,13.774599,0.9965279
1,51,10,0.01,0.26729786,0.070972346,0.10640145,0.08992406,0.13320318,-0.019349331,12.41202,-3.6451302,25.54931,-3.9623864,0.26640636,-0.038698662,0.32619235,-0.09579534,0.2998734,-0.046506703,253.42426,254.14351,340.68695,7.6075163,13.774599,1.026871
1,52,10,0.01,0.25156924,0.060060356,0.10212714,0.08938173,0.12253607,-0.015595336,12.160159,-3.1327403,25.47215,-3.317505,0.24507214,-0.031190673,0.31957337,-0.08232955,0.29896778,-0.0389377,253.3622,253.88802,339.57114,6.450245,13.774599,0.998186
1,53,10,0.01,0.22269161,0.05841785,0.07871839,0.085555375,0.120848924,-0.017265253,10.675955,-1.5289947,24.920965,-3.2452073,0.24169785,-0.034530506,0.28056797,-0.04018253,0.2924985,-0.03808914,253.35413,253.71867,339.83508,4.774202,13.780588,0.68789274
1,54,10,0.01,0.23478585,0.069711,0.07847569,0.08659917,0.1320142,-0.021798436,10.659485,-1.3459803,25.072525,-3.6868289,0.2640284,-0.04359687,0.28013512,-0.035372842,0.29427737,-0.04327248,253.33504,253.63057,339.89816,5.0328093,13.780588,0.6394708
1,55,10,0.01,0.21537054,0.0574567,0.07758253,0.0803313,0.119850636,-0.017197423,10.598652,-1.053781,24.148136,-1.9572014,0.23970127,-0.034394845,0.2785364,-0.027693743,0.28342777,-0.02297176,253.27458,253.4057,338.80392,3.0109825,13.780588,0.70699203
1,56,10,0.01,0.22336428,0.05786352,0.08246031,0.08304046,0.120274186,-0.016708191,10.926754,-1.0551423,24.551956,-2.0194921,0.24054837,-0.033416383,0.28715903,-0.02772952,0.28816742,-0.02370287,253.29318,253.43414,339.0931,3.0746346,13.780588,0.6814536
1,57,10,0.01,0.23268348,0.06683506,0.08589315,0.07995529,0.12926239,-0.019930225,11.1518755,-0.049373895,24.091553,-1.4332716,0.25852478,-0.03986045,0.29307532,-0.0012975679,0.28276366,-0.016822381,253.32797,253.5204,339.45798,1.4826455,13.786733,0.6607357
1,58,10,0.01,0.22810875,0.05687829,0.08666422,0.084566236,0.11924585,-0.01475393,11.20182,0.08440091,24.776485,-0.6253788,0.2384917,-0.02950786,0.29438788,0.0022180828,0.29080275,-0.0073401057,253.32178,253.44795,338.6794,0.5409779,13.786733,0.76927775
1,59,10,0.01,0.23068288,0.064051546,0.08289746,0.08373388,0.12654203,-0.014405316,10.955679,-0.16686858,24.654251,-0.9266583,0.25308406,-0.028810631,0.2879192,-0.004385365,0.28936806,-0.010876234,253.40532,253.7592,339.1587,1.0935268,13.786733,0.75757974
1,60,10,0.01,0.2295082,0.069604404,0.08163051,0.07827328,0.13191323,-0.017886065,10.871637,-0.35527432,23.836802,-1.3034254,0.26382646,-0.03577213,0.28571054,-0.009336748,0.27977362,-0.015298366,253.49933,254.17294,340.04602,1.6586998,13.786733,0.72294796
1,61,10,0.01,0.2183269,0.053383876,0.08855244,0.07639059,0.115524754,-0.009042069,11.323194,0.5684996,23.548384,0.8060219,0.23104951,-0.018084139,0.29757762,0.014940368,0.27638847,0.009460317,253.47581,254.16324,339.70532,-1.3745215,13.791997,0.9612804
1,62,10,0.01,0.2260497,0.057460163,0.08904132,0.079548225,0.11985425,-0.0116649205,11.354407,0.68970275,24.030148,0.2956452,0.2397085,-0.023329841,0.29839793,0.018125635,0.28204295,0.003469997,253.47697,254.12648,339.915,-0.985348,13.791997,0.9103245
1,63,10,0.01,0.23569378,0.06582372,0.087657206,0.08221286,0.12828067,-0.016955538,11.265813,1.0576673,24.429304,-0.2409597,0.25656134,-0.033911075,0.2960696,0.027795872,0.28672785,-0.0028281496,253.47462,254.10555,340.18497,-0.81670755,13.791997,0.8966289
1,64,10,0.01,0.22654304,0.059549958,0.08571911,0.081273966,0.1220143,-0.011182254,11.140573,1.0222147,24.289406,0.23607366,0.2440286,-0.022364508,0.29277825,0.026864173,0.2850859,0.002770808,253.42326,253.89075,339.29395,-1.2582883,13.791997,0.93091726
1,65,10,0.01,0.22285806,0.055817667,0.084677085,0.08236331,0.118128814,-0.008309849,11.072651,1.0508151,24.451647,-0.24379429,0.23625763,-0.016619697,0.29099327,0.027615812,0.28699008,-0.0028614323,253.46631,253.98318,339.60483,-0.8070208,13.795793,0.9207533
1,66,10,0.01,0.22854106,0.0634399,0.083229624,0.08187154,0.12593639,-0.01546267,10.977606,1.022942,24.37854,-0.6849031,0.25187278,-0.03092534,0.28849545,0.026883287,0.28613204,-0.008038738,253.51353,254.16742,339.9938,-0.33803886,13.795793,0.957682
1,67,10,0.01,0.21031608,0.05028258,0.07995736,0.08007614,0.112118885,-0.0077572563,10.759644,0.63002884,24.109755,0.75102085,0.22423777,-0.015514513,0.28276733,0.016557382,0.28297728,0.0088147735,253.52884,254.29514,339.58038,-1.3810496,13.795793,0.9881427
1,68,10,0.01,0.21595117,0.047292873,0.08306446,0.08559386,0.10873462,-0.0077610076,10.966708,0.44115332,24.926569,-0.12110069,0.21746925,-0.015522015,0.28820905,0.01159365,0.29256427,-0.0014213637,253.59248,254.49594,340.1426,-0.32005262,13.795793,0.9833952
1,69,10,0.01,0.21442115,0.05892088,0.081911504,0.07358877,0.12136812,-0.009536615,10.890333,0.5635021,23.112503,-0.7245821,0.24273624,-0.01907323,0.28620186,0.014809033,0.2712725,-0.008504463,253.65996,254.84549,340.8354,0.16108,13.798177,0.84551257
1,70,10,0.01,0.19255179,0.045559898,0.07767457,0.06931733,0.10672382,-0.0012313101,10.6049385,0.3397421,22.431698,0.3518151,0.21344765,-0.0024626201,0.27870157,0.00892854,0.26328185,0.0041292747,253.6898,255.11404,340.5229,-0.69155717,13.798177,0.8192983
1,71,10,0.01,0.20881754,0.050546303,0.08483204,0.07343919,0.11241253,-1.408235e-6,11.082778,0.020595666,23.089003,-0.04170489,0.22482505,-2.81647e-6,0.2912594,0.0005412583,0.27099666,-0.00048948295,253.72607,255.25403,340.8345,0.021109223,13.798177,0.7978948
1,72,10,0.01,0.23261765,0.06382697,0.09207191,0.076718755,0.12632,-0.005844436,11.546018,0.4360023,23.598913,0.088924214,0.25264,-0.011688872,0.30343354,0.011458295,0.2769815,0.0010437026,253.70944,255.16957,340.8641,-0.52492654,13.798177,0.855433
1,73,10,0.01,0.19672409,0.049055006,0.08420538,0.06346371,0.110741824,0.0048276368,11.041767,-0.22858545,21.463667,0.22869904,0.22148365,0.0096552735,0.29018164,-0.006007303,0.25192004,0.0026842537,253.66704,254.98337,340.03882,-0.00011359155,13.799611,0.658346
1,74,10,0.01,0.20236374,0.052168783,0.08275661,0.06743835,0.11420243,0.004212027,10.946368,-0.2016906,22.12558,-0.6906236,0.22840486,0.008424054,0.2876745,-0.005300505,0.25968894,-0.00810589,253.67755,254.96689,340.26886,0.8923142,13.799611,0.6720662
1,75,10,0.01,0.20780338,0.06022962,0.07946982,0.06810394,0.12270862,-0.0019508118,10.72679,0.14568429,22.234499,-1.1741561,0.24541724,-0.0039016237,0.28190392,0.0038286292,0.2609673,-0.013781119,253.6757,254.9616,340.472,1.0284718,13.799611,0.7235051
1,76,10,0.01,0.18363717,0.04980387,0.073253274,0.06058003,0.1115839,0.0040957257,10.298696,-0.06192564,20.970362,-0.41954795,0.2231678,0.008191451,0.27065343,-0.0016274404,0.24613011,-0.0049242587,253.60957,254.72017,339.42838,0.4814736,13.799611,0.67530465
1,77,10,0.01,0.17602149,0.04525245,0.076979645,0.053789385,0.10636312,0.0071934364,10.557391,-0.8387733,19.760115,-1.6038465,0.21272624,0.014386873,0.27745205,-0.022043267,0.23192538,-0.01882442,253.59647,254.55765,340.0387,2.4426198,13.800639,0.73693866
1,78,10,0.01,0.18946546,0.054403584,0.08101059,0.054051302,0.11662288,0.00041686796,10.8302765,-0.37807178,19.808167,-1.7748623,0.23324576,0.0008337359,0.2846236,-0.009935856,0.23248936,-0.020831633,253.57579,254.40977,340.20218,2.152934,13.800639,0.73741865
1,79,10,0.01,0.16837324,0.040337764,0.07865529,0.049380187,0.10042132,0.006842623,10.671677,-0.77276903,18.93292,-1.3609518,0.20084263,0.013685246,0.2804555,-0.02030865,0.22221653,-0.015973551,253.53787,254.27061,339.397,2.1337209,13.800639,0.7235147
1,80,10,0.01,0.18531175,0.04456452,0.084184386,0.056562837,0.10555155,0.005951653,11.040389,-0.55709714,20.263142,-1.6217201,0.2111031,0.011903306,0.29014546,-0.014640702,0.23782943,-0.01903421,253.52338,254.1277,339.52066,2.1788173,13.800639,0.7418068
1,81,10,0.01,0.18393168,0.053772602,0.081934504,0.04822457,0.1159446,0.003132435,10.89186,-0.15516755,18.71007,-2.1681843,0.2318892,0.00626487,0.28624204,-0.0040778583,0.21960093,-0.025448075,253.49886,254.01137,339.36008,2.3233519,13.801859,0.76558983
1,82,10,0.01,0.15912558,0.043038126,0.075643264,0.04044419,0.10372816,0.011216934,10.465351,-0.63678116,17.134417,-1.8931105,0.20745632,0.022433868,0.2750332,-0.016734855,0.20110741,-0.022219528,253.44464,253.86377,338.807,2.5298917,13.801859,0.78664345
1,83,10,0.01,0.15991734,0.0412827,0.0730797,0.045554947,0.10159072,0.0077566346,10.286487,-0.73086023,18.184818,-2.8798783,0.20318145,0.015513269,0.27033257,-0.019207262,0.21343605,-0.033801273,253.42207,253.70636,339.1755,3.6107385,13.801859,0.78541046
1,84,10,0.01,0.17279647,0.052707605,0.07505227,0.0450366,0.114790685,0.0019856086,10.424388,-0.19180529,18.081062,-2.6644585,0.22958137,0.003971217,0.2739567,-0.005040718,0.21221828,-0.03127287,253.40468,253.6134,339.36288,2.8562639,13.801859,0.7539128
1,85,10,0.01,0.1370043,0.042626698,0.062497824,0.031879786,0.10323117,0.01154213,9.512641,-0.41118369,15.21244,-1.2240872,0.20646234,0.02308426,0.24999565,-0.010806064,0.17854911,-0.014367166,253.35246,253.44928,338.43185,1.635271,13.803558,0.59489626
1,86,10,0.01,0.13779593,0.041176572,0.059461918,0.037157424,0.101460055,0.010219224,9.278721,-0.61697656,16.423435,-2.045957,0.20292011,0.020438448,0.24384815,-0.016214376,0.19276261,-0.02401349,253.37244,253.39229,338.74176,2.6629336,13.803558,0.558957
1,87,10,0.01,0.15085316,0.052304894,0.05791814,0.040630132,0.11435132,0.005668781,9.15748,-0.6910763,17.173758,-2.4376433,0.22870263,0.011337562,0.24066187,-0.01816173,0.20156917,-0.028610736,253.42677,253.56471,339.08176,3.1287196,13.803558,0.5308741
1,88,10,0.01,0.13799752,0.04528262,0.055192158,0.037522748,0.10639857,0.013839389,8.939379,-1.2544962,16.503975,-1.2370169,0.21279714,0.027678778,0.23493011,-0.032968614,0.1937079,-0.014518927,253.43715,253.6754,338.5078,2.4915133,13.803558,0.5121481
1,89,10,0.01,0.13191923,0.042454578,0.04847258,0.04099208,0.103022546,0.013175036,8.377544,-0.8799073,17.250084,-1.1407784,0.20604509,0.026350072,0.2201649,-0.023124285,0.20246501,-0.01338937,253.46004,253.73793,339.07056,2.0206857,13.805756,0.3801732
1,90,10,0.01,0.14363302,0.052698553,0.051135678,0.039798796,0.11478083,0.0075818417,8.6046,-0.2775719,16.997154,-1.42585,0.22956166,0.015163683,0.22613199,-0.007294692,0.19949636,-0.016735263,253.43655,253.62166,339.1712,1.703422,13.805756,0.3749905
1,91,10,0.01,0.12437579,0.03994628,0.049473025,0.034956485,0.09993283,0.014317932,8.463557,-0.6532369,15.929608,-0.67278326,0.19986565,0.028635863,0.22242533,-0.017167304,0.18696654,-0.007896492,253.38374,253.46165,338.42236,1.3260202,13.805756,0.4241867
1,92,10,0.01,0.12724683,0.040981114,0.048207454,0.03805826,0.10121896,0.01286978,8.354602,-0.51682884,16.621326,-1.3266364,0.20243792,0.02573956,0.21956196,-0.0135824485,0.19508526,-0.015570793,253.3684,253.33243,338.6172,1.8434653,13.805756,0.4216311
1,93,10,0.01,0.13516858,0.050185416,0.04649617,0.03848699,0.11201051,0.0075752214,8.204976,0.13687454,16.714684,-1.2633668,0.22402102,0.015150443,0.21562971,0.0035971133,0.19618101,-0.014828198,253.34138,253.15564,338.63428,1.1264923,13.808183,0.37937078
1,94,10,0.01,0.11831817,0.037674993,0.04672044,0.033922732,0.097050235,0.014035343,8.22474,-0.06683428,15.692301,-0.4919735,0.19410047,0.028070686,0.21614912,-0.0017564282,0.18418124,-0.0057743066,253.2771,252.89915,337.85565,0.5588078,13.808183,0.39763257
1,95,10,0.01,0.12126043,0.041082207,0.04527473,0.03490349,0.10134373,0.012458286,8.096486,0.25281715,15.917529,-1.5360982,0.20268746,0.024916572,0.2127786,0.006644122,0.18682475,-0.018029252,253.2251,252.66559,338.07977,1.2832811,13.808183,0.41180915
1,96,10,0.01,0.12943177,0.04812288,0.0447453,0.036563594,0.10968464,0.0065315473,8.049008,0.5039488,16.291672,-1.9243885,0.21936928,0.013063095,0.21153085,0.013243956,0.1912161,-0.022586636,253.16971,252.40468,338.0397,1.4204397,13.808183,0.39650363
1,97,10,0.01,0.11761688,0.041034147,0.044011597,0.032571137,0.10128444,0.013014529,7.9827447,0.59816915,15.376507,-0.075198546,0.20256887,0.026029058,0.20978941,0.015720105,0.18047476,-0.0008826123,253.1136,252.21236,337.03696,-0.5229706,13.810677,0.42337927
1,98,10,0.01,0.11771572,0.039629515,0.04331285,0.034773346,0.099535815,0.009354,7.919122,0.74994993,15.887826,-0.68180454,0.19907163,0.018708,0.2081174,0.01970896,0.18647613,-0.008002368,253.11313,252.16016,337.4328,-0.068145394,13.810677,0.4063258
1,99,10,0.01,0.12507775,0.04980236,0.040518586,0.03475681,0.11158221,0.0062341588,7.6594186,1.0046276,15.8840475,-1.2736027,0.22316442,0.0124683175,0.20129229,0.026401974,0.18643178,-0.014948339,253.1153,252.10522,337.86774,0.26897514,13.810677,0.40920693
1,100,10,0.01,0.11140028,0.039309733,0.04047087,0.031619675,0.09913341,0.0141278,7.654907,0.5810755,15.150255,-0.68424004,0.19826682,0.0282556,0.20117372,0.015270869,0.17781922,-0.008030953,253.12448,252.21011,337.3241,0.10316455,13.810677,0.43102106
2,1,10,0.0069999998,0.35849595,0.08369204,0.24111494,0.033688977,0.14464788,0.016631657,18.684467,0.98570234,15.638141,-1.3372425,0.28929576,0.033263315,0.49103457,0.025904588,0.18354557,-0.015695274,251.83002,247.89172,331.99503,0.35154015,13.812815,1.6435488
2,2,10,0.0069999998,0.34783995,0.085394494,0.22933443,0.033111036,0.14611168,0.013874668,18.222305,1.0417517,15.503424,-1.157867,0.29222336,0.027749335,0.47888875,0.027377639,0.18196438,-0.013589941,251.88115,248.03377,332.64597,0.11611521,13.812815,1.6083355
2,3,10,0.0069999998,0.3467745,0.09669078,0.21614899,0.0339347,0.1554757,0.009520178,17.69071,1.0724728,15.69507,-1.3264253,0.3109514,0.019040355,0.46491826,0.028184958,0.18421374,-0.015568319,251.93819,248.31339,333.0607,0.2539525,13.812815,1.6186128
2,4,10,0.0069999998,0.3187696,0.08443353,0.20289506,0.031440996,0.14528725,0.017159032,17.139746,0.485703,15.107386,-0.73650366,0.2905745,0.034318063,0.45043874,0.01276442,0.17731608,-0.008644374,251.93912,248.45944,332.78918,0.25080067,13.812815,1.5636297
2,5,10,0.0069999998,0.3054452,0.08370876,0.1842996,0.03743685,0.14466234,0.013583472,16.335442,0.80370724,16.485073,-0.9496127,0.28932467,0.027166944,0.4293013,0.021121709,0.19348605,-0.011145652,251.94693,248.45111,333.45483,0.14590544,13.812482,1.4535453
2,6,10,0.0069999998,0.31257778,0.092103384,0.18077685,0.039697547,0.1517427,0.00666701,16.17857,1.0018501,16.97552,-1.4875946,0.3034854,0.01333402,0.42517862,0.026328944,0.19924243,-0.017459974,251.91084,248.21382,333.4286,0.48574448,13.812482,1.4511046
2,7,10,0.0069999998,0.2897014,0.08166178,0.17300265,0.03503697,0.14288263,0.013501998,15.826871,0.73625535,15.947936,-1.4592094,0.28576526,0.027003996,0.41593587,0.01934904,0.18718165,-0.017126802,251.88731,248.0835,332.8652,0.7229541,13.812482,1.3865165
2,8,10,0.0069999998,0.28263223,0.07699741,0.17229988,0.033334948,0.13874203,0.010287721,15.794692,0.94124043,15.555756,-1.6995493,0.27748406,0.020575441,0.4150902,0.024736116,0.18257861,-0.019947687,251.91682,248.11429,333.52774,0.7583089,13.812482,1.3906515
2,9,10,0.0069999998,0.26445425,0.08179574,0.15031433,0.032344166,0.14299977,0.0062309243,14.752611,1.3151886,15.322839,-1.5747187,0.28599954,0.012461849,0.38770393,0.03456368,0.17984484,-0.018482544,251.91574,248.08313,333.70013,0.25953007,13.810999,1.211763
2,10,10,0.0069999998,0.24346456,0.06826747,0.14320728,0.031989817,0.13064022,0.013102046,14.399628,1.2108061,15.23867,-0.9783535,0.26128045,0.026204092,0.3784274,0.031820413,0.17885697,-0.011482988,251.9074,248.0252,333.01172,-0.23245263,13.810999,1.1741477
2,11,10,0.0069999998,0.24139805,0.07097358,0.13551126,0.0349132,0.13320434,0.0103126215,14.007365,1.1051004,15.919743,-1.354146,0.26640868,0.020625243,0.36811855,0.029042426,0.18685074,-0.015893675,251.98055,248.39397,333.63196,0.24904561,13.810999,1.15498
2,12,10,0.0069999998,0.26039445,0.08181474,0.14247407,0.036105633,0.14301638,0.006069779,14.362717,1.2911325,16.189323,-0.8798178,0.28603277,0.012139558,0.37745738,0.033931416,0.19001482,-0.010326455,252.05347,248.74109,334.1975,-0.41131467,13.810999,1.1962277
2,13,10,0.0069999998,0.20669268,0.067185275,0.110887855,0.028619545,0.12960061,0.0153759755,12.670993,0.9798168,14.413604,0.34121805,0.25920123,0.030751951,0.33299828,0.02574993,0.16917312,0.0040048915,252.09932,248.99553,333.88278,-1.3210349,13.808903,0.89622635
2,14,10,0.0069999998,0.20493239,0.07005937,0.10236742,0.032505605,0.13234365,0.01508101,12.174457,0.6567232,15.361031,-0.61827594,0.2646873,0.03016202,0.3199491,0.017258914,0.18029311,-0.007256727,252.18726,249.38019,334.85947,-0.03844726,13.808903,0.8819857
2,15,10,0.0069999998,0.21231386,0.07390089,0.1023863,0.036026653,0.1359236,0.009944077,12.175578,1.0037978,16.171606,-0.6298856,0.2718472,0.019888153,0.3199786,0.026380172,0.18980688,-0.007392992,252.2314,249.42242,335.06268,-0.37391216,13.808903,0.91063434
2,16,10,0.0069999998,0.19104835,0.06488987,0.09553754,0.030620925,0.12736745,0.016989477,11.761312,0.7141502,14.909063,-0.011281948,0.2547349,0.033978954,0.30909148,0.018768098,0.17498836,-0.00013241504,252.23473,249.54965,334.54352,-0.7028682,13.808903,0.85147446
2,17,10,0.0069999998,0.15099044,0.056580134,0.06507255,0.02933775,0.118932895,0.016543638,9.70661,0.67165154,14.593339,0.2231594,0.23786579,0.033087276,0.25509322,0.017651264,0.17128266,0.0026192316,252.21396,249.50682,334.95633,-0.8948109,13.806431,0.54731256
2,18,10,0.0069999998,0.16136988,0.06231665,0.07198444,0.027068784,0.124816515,0.010041761,10.209113,1.09799,14.017663,0.28390774,0.24963303,0.020083522,0.26829916,0.028855588,0.16452594,0.0033322368,252.17993,249.23735,335.15585,-1.3818978,13.806431,0.60067165
2,19,10,0.0069999998,0.14826153,0.05431604,0.06861108,0.025334416,0.11652901,0.017613363,9.967031,0.6170764,13.561156,0.9496505,0.23305802,0.035226725,0.26193717,0.016216986,0.15916789,0.011146094,252.12373,249.01508,334.2586,-1.5667269,13.806431,0.5385468
2,20,10,0.0069999998,0.15131298,0.059536632,0.06455003,0.02722631,0.12200065,0.013283616,9.667561,0.68680686,14.058391,0.2790075,0.2440013,0.026567232,0.25406697,0.018049525,0.16500397,0.0032747274,252.13942,249.00642,334.68018,-0.96581435,13.806431,0.55063266
2,21,10,0.0069999998,0.14229633,0.064131275,0.050042946,0.028122108,0.12662077,0.009166085,8.512166,0.6538903,14.287793,0.5423987,0.25324154,0.01833217,0.2237028,0.017184472,0.16769648,0.006366157,252.1807,249.21086,335.14386,-1.1962891,13.803901,0.37677798
2,22,10,0.0069999998,0.13326351,0.050775602,0.053592276,0.028895633,0.11266721,0.017312212,8.808861,0.3149229,14.48296,1.0468922,0.22533442,0.034624424,0.23150006,0.008276285,0.16998716,0.012287419,252.18279,249.28355,334.71933,-1.3618151,13.803901,0.36415574
2,23,10,0.0069999998,0.13518588,0.051417954,0.050703086,0.033064842,0.11337764,0.014738799,8.568128,0.078224145,15.492607,0.72879153,0.22675528,0.029477598,0.22517346,0.0020557593,0.18183741,0.008553862,252.23453,249.41954,335.23776,-0.80701566,13.803901,0.3735645
2,24,10,0.0069999998,0.13628842,0.06015173,0.04737357,0.028763112,0.12262925,0.011361287,8.282029,0.35028,14.44971,0.82920057,0.2452585,0.022722574,0.2176547,0.0092054885,0.16959691,0.009732365,252.2751,249.57663,335.4881,-1.1794806,13.803901,0.38342303
2,25,10,0.0069999998,0.11654946,0.042647257,0.042925026,0.030977175,0.10325606,0.018693052,7.883589,-0.04848272,14.995541,2.3895993,0.20651212,0.037386104,0.20718355,-0.001274145,0.17600334,0.028046835,252.25682,249.54749,334.7635,-2.3411167,13.801405,0.46243808
2,26,10,0.0069999998,0.11243099,0.0411842,0.042934243,0.028312549,0.10146946,0.016523134,7.884435,-0.100117,14.336089,1.5293784,0.20293891,0.033046268,0.2072058,-0.0026311092,0.16826333,0.017950386,252.29608,249.67741,335.4419,-1.4292614,13.801405,0.45331544
2,27,10,0.0069999998,0.12138946,0.047284465,0.044450376,0.029654618,0.10872496,0.010133254,8.022439,0.019579416,14.671935,1.2690934,0.21744992,0.020266509,0.21083258,0.00051455304,0.17220517,0.014895405,252.31668,249.70451,335.9477,-1.2886728,13.801405,0.44833177
2,28,10,0.0069999998,0.117061585,0.038580384,0.05102942,0.027451785,0.09820945,0.016633784,8.595655,-0.20937717,14.116484,2.243109,0.1964189,0.03326757,0.22589692,-0.005502508,0.1656858,0.026327472,252.29088,249.60738,335.18695,-2.033732,13.801405,0.4909176
2,29,10,0.0069999998,0.12676379,0.039601296,0.059020646,0.028141843,0.09950037,0.012617635,9.244227,-0.33964553,14.292806,2.5955312,0.19900075,0.02523527,0.24294165,-0.008926009,0.1677553,0.030463867,252.3286,249.6662,335.71323,-2.2558856,13.798782,0.675355
2,30,10,0.0069999998,0.13330933,0.0506144,0.052692074,0.030002858,0.112488225,0.0072772033,8.734566,0.040307865,14.757832,2.4294353,0.22497645,0.0145544065,0.22954755,0.0010593106,0.17321333,0.02851439,252.37494,249.81248,335.96353,-2.469743,13.798782,0.61524695
2,31,10,0.0069999998,0.11917655,0.035473436,0.052453298,0.03124982,0.09417196,0.015686572,8.714753,-0.48616645,15.061388,3.0003378,0.18834393,0.031373143,0.22902685,-0.012776637,0.17677619,0.035215106,252.37212,249.91698,335.34097,-2.5141714,13.798782,0.6656801
2,32,10,0.0069999998,0.11654422,0.033958133,0.055112734,0.027473344,0.09213866,0.013150181,8.932944,-0.4961318,14.122025,1.9801468,0.18427733,0.026300361,0.23476101,-0.01303852,0.16575085,0.023241075,252.38843,249.89197,336.09784,-1.484015,13.798782,0.70442396
2,33,10,0.0069999998,0.13227688,0.0422941,0.060310114,0.029672662,0.102827646,0.0065475334,9.344666,-0.29073912,14.676396,2.757821,0.20565529,0.013095067,0.24558118,-0.0076407376,0.17225754,0.032368667,252.4035,249.8905,336.51712,-2.467082,13.796,0.7572278
2,34,10,0.0069999998,0.12874505,0.03478929,0.0632379,0.03071786,0.09325944,0.015476014,9.568798,-0.5499787,14.932644,3.6072085,0.18651888,0.030952029,0.25147146,-0.014453647,0.17526512,0.042337973,252.3863,249.90747,335.82654,-3.0572298,13.796,0.83302695
2,35,10,0.0069999998,0.13871406,0.03940246,0.070617326,0.028694266,0.099250264,0.013148309,10.111703,-0.73951256,14.432408,3.0632396,0.19850053,0.026296617,0.2657392,-0.01943468,0.16939382,0.035953376,252.42409,250.02863,336.3297,-2.3237271,13.796,0.9007985
2,36,10,0.0069999998,0.15063864,0.049129277,0.07172757,0.0297818,0.11082563,0.008498213,10.190882,-0.56017125,14.703362,2.984501,0.22165126,0.016996427,0.26782003,-0.014721518,0.17257404,0.03502922,252.48195,250.24062,336.72565,-2.4243298,13.796,0.8742583
2,37,10,0.0069999998,0.14396778,0.036882598,0.07510531,0.031979874,0.096024215,0.014724879,10.428071,-0.9375755,15.236303,4.177937,0.19204843,0.029449757,0.27405348,-0.024639798,0.17882918,0.049036633,252.50766,250.43684,336.26965,-3.2403615,13.79312,0.9352227
2,38,10,0.0069999998,0.1480641,0.03699221,0.080062784,0.031009112,0.0961668,0.0136918025,10.766734,-1.2485663,15.003269,3.2466438,0.1923336,0.027383605,0.28295368,-0.032812763,0.17609404,0.03810601,252.55457,250.64014,336.96387,-1.9980775,13.79312,0.9922175
2,39,10,0.0069999998,0.15659404,0.04558076,0.07997346,0.031039814,0.10674825,0.0071056853,10.760726,-0.89487433,15.0106945,3.6068578,0.2134965,0.014211371,0.2827958,-0.023517609,0.1761812,0.042333852,252.59833,250.75403,337.4828,-2.7119834,13.79312,0.95935667
2,40,10,0.0069999998,0.1529003,0.034527645,0.08324173,0.035130914,0.09290808,0.015447552,10.978405,-1.0397266,15.969301,4.92922,0.18581615,0.030895105,0.28851643,-0.027324406,0.18743242,0.057854477,252.61157,250.86304,336.8956,-3.8894935,13.79312,1.0369159
2,41,10,0.0069999998,0.1455319,0.035566017,0.07983909,0.030126795,0.09429477,0.012408893,10.751682,-1.3579693,14.7882805,3.9253428,0.18858954,0.024817785,0.2825581,-0.035687946,0.17357072,0.046071924,252.67163,251.1046,337.4757,-2.5673735,13.790066,0.99252
2,42,10,0.0069999998,0.15675692,0.04820616,0.078100994,0.030449763,0.10977951,0.0064024637,10.634008,-1.294943,14.867337,3.971969,0.21955901,0.012804927,0.27946556,-0.034031574,0.1744986,0.046619173,252.69179,251.17638,337.74716,-2.6770258,13.790066,0.93218136
2,43,10,0.0069999998,0.13598599,0.0302661,0.07590547,0.029814417,0.086985774,0.013705018,10.483474,-1.5094806,14.711412,4.861337,0.17397155,0.027410036,0.27550948,-0.03966969,0.17266852,0.057057742,252.67021,251.15509,337.00232,-3.3518567,13.790066,0.964795
2,44,10,0.0069999998,0.13908507,0.034802146,0.07556269,0.028720232,0.093276665,0.013151451,10.459776,-1.7667079,14.438937,3.8985379,0.18655333,0.026302902,0.2748867,-0.046429727,0.16947044,0.045757324,252.7007,251.24986,337.53067,-2.13183,13.790066,0.96828026
2,45,10,0.0069999998,0.13394412,0.04457171,0.06283404,0.026538376,0.105560064,0.004536649,9.538194,-1.7491596,13.879645,3.0826385,0.21112013,0.009073298,0.25066718,-0.045968555,0.16290604,0.03618107,252.74818,251.40785,338.03867,-1.3334789,13.786825,0.75266826
2,46,10,0.0069999998,0.124887265,0.033961006,0.06477192,0.02615434,0.09214256,0.011992737,9.684161,-1.8209184,13.778853,4.3314953,0.18428512,0.023985473,0.25450328,-0.047854386,0.16172303,0.05083895,252.79578,251.73532,337.70398,-2.5105767,13.786825,0.80572486
2,47,10,0.0069999998,0.13010953,0.037291415,0.067067385,0.025750734,0.09655493,0.01146758,9.854268,-2.0915463,13.672125,3.114765,0.19310986,0.02293516,0.25897372,-0.0549666,0.16047035,0.036558133,252.8721,252.02483,338.42984,-1.0232186,13.786825,0.82390696
2,48,10,0.0069999998,0.1350929,0.04264549,0.06542201,0.0270254,0.10325392,0.006938244,9.732639,-1.8089808,14.006424,3.0873427,0.20650785,0.013876488,0.25577727,-0.04754066,0.16439404,0.036236286,252.93474,252.16722,338.94913,-1.2783619,13.786825,0.7763754
2,49,10,0.0069999998,0.107669495,0.029961731,0.05450691,0.023200855,0.086547285,0.010847678,8.883712,-1.7809479,12.977564,2.6291807,0.17309457,0.021695357,0.23346715,-0.046803966,0.15231827,0.030858805,252.94867,252.3999,338.3416,-0.84823275,13.783473,0.61276275
2,50,10,0.0069999998,0.11812745,0.03642836,0.056429453,0.02526964,0.095431075,0.011670008,9.039025,-1.9156975,13.543806,2.3392186,0.19086215,0.023340017,0.23754884,-0.050345235,0.15896428,0.027455512,252.98062,252.52419,338.83072,-0.42352116,13.783473,0.63123107
2,51,10,0.0069999998,0.13140014,0.050071888,0.053652767,0.027675472,0.111883745,0.0048986217,8.81383,-1.7915043,14.17388,2.5736196,0.22376749,0.009797243,0.23163067,-0.047081374,0.16635947,0.030206686,253.04236,252.73557,339.48935,-0.78211534,13.783473,0.6042272
2,52,10,0.0069999998,0.11237401,0.03424047,0.051702548,0.026430996,0.0925209,0.011720774,8.652163,-1.7740314,13.851538,3.3050003,0.1850418,0.023441548,0.22738194,-0.04662218,0.16257612,0.038790945,253.06572,252.89857,339.0323,-1.5309689,13.783473,0.6453399
2,53,10,0.0069999998,0.10275449,0.03457924,0.044513527,0.023661714,0.09297747,0.0084154615,8.028136,-1.753487,13.105823,0.7105891,0.18595494,0.016830923,0.2109823,-0.046082277,0.15382364,0.008340219,253.1039,253.00229,339.45108,1.0428979,13.780067,0.4847845
2,54,10,0.0069999998,0.11281541,0.042459063,0.046446357,0.023909986,0.103027984,0.00096747733,8.200579,-1.445726,13.174401,1.0822711,0.20605597,0.0019349547,0.21551417,-0.037994202,0.15462855,0.012702667,253.12915,253.01817,339.81097,0.36345494,13.780067,0.49234918
2,55,10,0.0069999998,0.09868658,0.026884317,0.047708564,0.024093702,0.08198219,0.0077312263,8.31126,-1.2563376,13.224919,2.1998863,0.16396438,0.015462453,0.2184229,-0.033017006,0.15522146,0.025820164,253.09659,252.99301,339.17877,-0.9435487,13.780067,0.49962696
2,56,10,0.0069999998,0.11048523,0.038149033,0.04945181,0.02288439,0.09765889,0.008498816,8.461741,-1.3020105,12.888753,1.4239397,0.19531778,0.016997632,0.22237763,-0.0342173,0.15127587,0.016712852,253.06502,252.7711,339.311,-0.12192917,13.780067,0.5173179
2,57,10,0.0069999998,0.11138431,0.045710374,0.044419527,0.021254411,0.106899925,-0.0017510653,8.019654,-1.0313414,12.421262,-0.08484312,0.21379985,-0.0035021305,0.2107594,-0.027104018,0.14578892,-0.0009958064,253.0767,252.71706,339.4842,1.1161846,13.77659,0.41201618
2,58,10,0.0069999998,0.096480906,0.03284426,0.044714496,0.01892215,0.09061493,0.0059144716,8.046237,-0.9800239,11.71997,0.7787352,0.18122986,0.011828943,0.21145803,-0.025755387,0.1375578,0.009140049,253.06136,252.7118,338.793,0.2012887,13.77659,0.43007156
2,59,10,0.0069999998,0.10264271,0.036883563,0.04428303,0.021476112,0.09602547,0.0049369293,8.007322,-1.0268885,12.485876,0.11902175,0.19205093,0.009873859,0.21043533,-0.026986996,0.1465473,0.0013969595,253.08511,252.78548,339.2825,0.9078667,13.77659,0.4257319
2,60,10,0.0069999998,0.10999535,0.04250597,0.046562444,0.020926941,0.10308488,-0.004375419,8.21082,-0.96755683,12.325202,0.5718796,0.20616975,-0.008750838,0.21578333,-0.025427742,0.14466147,0.006712176,253.12004,252.9486,339.65826,0.3956772,13.77659,0.4243338
2,61,10,0.0069999998,0.09396081,0.034597203,0.040816385,0.01854722,0.09300162,4.163535e-5,7.6875143,-0.6044088,11.603275,0.55396104,0.18600324,8.32707e-5,0.20203066,-0.015884079,0.13618818,0.006501872,253.10258,252.99643,339.00845,0.050447762,13.773175,0.38405094
2,62,10,0.0069999998,0.09451333,0.034622293,0.03894343,0.020947602,0.09303533,-0.00023258636,7.5090632,-0.60451806,12.331286,-0.7791309,0.18607067,-0.00046517272,0.19734089,-0.015886955,0.14473286,-0.009144695,253.11348,252.93118,339.73105,1.3836489,13.773175,0.37691006
2,63,10,0.0069999998,0.10846283,0.045981295,0.041328255,0.021153279,0.10721625,-0.009081774,7.7355676,-0.75472206,12.391676,-0.58879983,0.2144325,-0.018163549,0.20329352,-0.01983437,0.14544167,-0.0069107697,253.12752,252.91068,339.79538,1.3435218,13.773175,0.4196407
2,64,10,0.0069999998,0.09510447,0.030746335,0.04305834,0.02129979,0.087673165,-0.00032783276,7.8958216,-0.7034154,12.434515,-0.2101195,0.17534633,-0.0006556655,0.20750503,-0.018486014,0.14594448,-0.002466183,253.1189,252.88719,339.01895,0.9135349,13.773175,0.42028302
2,65,10,0.0069999998,0.10041363,0.03600818,0.041487057,0.022918396,0.094879106,-0.0016305305,7.750416,-0.46857652,12.898325,-1.0099264,0.18975821,-0.003261061,0.20368372,-0.012314365,0.15138823,-0.011853556,253.14267,252.87299,339.2986,1.478503,13.7697935,0.41265148
2,66,10,0.0069999998,0.11041475,0.04593058,0.042253714,0.022230452,0.1071571,-0.009334692,7.821699,-0.19678259,12.703266,-0.30802178,0.2143142,-0.018669384,0.20555708,-0.0051715206,0.1490988,-0.0036152625,253.15956,252.8477,339.51862,0.5048044,13.7697935,0.4126664
2,67,10,0.0069999998,0.10018033,0.034047972,0.04310256,0.023029799,0.092260465,-0.002944974,7.899874,-0.1900997,12.929636,0.051387634,0.18452093,-0.005889948,0.20761156,-0.004995883,0.15175572,0.0006031394,253.13966,252.80035,338.7978,0.13871206,13.7697935,0.39929277
2,68,10,0.0069999998,0.10838107,0.04166869,0.04265173,0.024060642,0.10206455,-0.0027041577,7.8584523,-0.4745719,13.215842,-0.6978743,0.2041291,-0.0054083155,0.20652296,-0.0124719255,0.15511493,-0.008190977,253.19867,252.97873,339.07718,1.1724463,13.7697935,0.42616156
2,69,10,0.0069999998,0.12129185,0.05349825,0.043090668,0.024702938,0.11564844,-0.010006773,7.898785,-0.27084142,13.391077,-0.30776823,0.23129688,-0.020013547,0.20758292,-0.0071178074,0.15717168,-0.0036122943,253.3119,253.49535,339.89117,0.57860965,13.7664585,0.42432436
2,70,10,0.0069999998,0.09815795,0.03359663,0.040758353,0.023802964,0.09164692,-0.00080576557,7.6820464,-0.35464573,13.144884,-0.3000011,0.18329383,-0.0016115311,0.20188698,-0.009320222,0.1542821,-0.0035211258,253.36438,253.79155,339.6335,0.6546469,13.7664585,0.4180552
2,71,10,0.0069999998,0.10339561,0.039033014,0.040436022,0.023926575,0.09878387,-0.0016956297,7.651612,-0.5413739,13.17897,-0.9960233,0.19756775,-0.0033912593,0.2010871,-0.014227498,0.15468217,-0.011690373,253.40556,253.92426,339.8886,1.5373971,13.7664585,0.42005712
2,72,10,0.0069999998,0.1157152,0.04926785,0.040185843,0.0262615,0.110981815,-0.005073593,7.6279035,-0.65169394,13.807053,-0.88915795,0.22196363,-0.010147186,0.20046407,-0.017126748,0.162054,-0.010436088,253.46263,254.11395,340.15143,1.5408518,13.7664585,0.43371272
2,73,10,0.0069999998,0.10190657,0.037162695,0.040817674,0.023926202,0.09638814,-0.0012915289,7.687636,-0.46211427,13.178868,-0.6331524,0.19277628,-0.0025830579,0.20203385,-0.012144525,0.15468097,-0.007431341,253.46687,254.13242,339.57245,1.0952667,13.763048,0.48546028
2,74,10,0.0069999998,0.10668289,0.038659044,0.042086586,0.025937257,0.09830952,-0.0016741141,7.8062153,-0.5181944,13.721553,-1.3070948,0.19661903,-0.0033482283,0.20515016,-0.013618339,0.16105048,-0.015341436,253.512,254.29178,340.2055,1.8252892,13.763048,0.4816751
2,75,10,0.0069999998,0.11821049,0.05027684,0.043943767,0.023989879,0.112112485,-0.009462867,7.9765906,-0.49910876,13.196392,-1.2751814,0.22422497,-0.018925734,0.20962769,-0.013116762,0.15488666,-0.014966863,253.5407,254.39087,340.73083,1.7742902,13.763048,0.48725665
2,76,10,0.0069999998,0.10046743,0.033121172,0.046751954,0.020594299,0.09099612,-0.0026849546,8.227512,-0.20362915,12.226853,-0.7371376,0.18199223,-0.005369909,0.216222,-0.0053514484,0.14350714,-0.008651818,253.50432,254.36057,340.1137,0.94076675,13.763048,0.49815685
2,77,10,0.0069999998,0.10925405,0.036027286,0.047837384,0.025389371,0.094904274,-0.004463961,8.322473,-0.21138509,13.575856,-1.4185443,0.18980855,-0.008927922,0.21871759,-0.005555278,0.15934043,-0.016649514,253.48753,254.21957,340.41565,1.6299294,13.759547,0.49505946
2,78,10,0.0069999998,0.12226201,0.048699792,0.048871282,0.024690934,0.11034015,-0.011806168,8.411929,-0.408621,13.387824,-0.43211988,0.2206803,-0.023612335,0.2210685,-0.010738707,0.15713349,-0.005071811,253.48051,254.1235,340.51807,0.8407409,13.759547,0.4987045
2,79,10,0.0069999998,0.10593797,0.033443514,0.05119662,0.021297842,0.09143784,-0.0044307876,8.609726,-0.14388356,12.433948,0.27237454,0.18287568,-0.008861575,0.2262667,-0.0037813138,0.1459378,0.0031968697,253.42183,253.9053,339.58136,-0.12849098,13.759547,0.5078015
2,80,10,0.0069999998,0.12296295,0.0429271,0.05480157,0.025234284,0.10359428,-0.00566346,8.907691,-0.22271478,13.5343275,-0.7919203,0.20718856,-0.01132692,0.23409735,-0.005853024,0.15885302,-0.009294806,253.43361,253.84236,339.8714,1.0146351,13.759547,0.45612124
2,81,10,0.0069999998,0.12574027,0.04828542,0.053738758,0.023716087,0.10986972,-0.012224718,8.82089,-0.27312493,13.1208725,-0.37825537,0.21973944,-0.024449436,0.23181622,-0.0071778237,0.15400028,-0.0044395924,253.51006,254.09206,340.50806,0.6513803,13.755928,0.41006976
2,82,10,0.0069999998,0.10390867,0.032251414,0.04924784,0.022409426,0.08979339,-0.004589506,8.444273,-0.3281738,12.754298,-0.13410673,0.17958678,-0.009179012,0.22191854,-0.008624519,0.14969778,-0.0015740178,253.54715,254.30724,340.07822,0.4622805,13.755928,0.41979507
2,83,10,0.0069999998,0.11263015,0.036264453,0.05015131,0.026214384,0.09521614,-0.0045764935,8.521378,-0.5656944,13.79466,-0.7853641,0.19043228,-0.009152987,0.22394489,-0.014866658,0.16190857,-0.0092178555,253.61423,254.5898,340.64734,1.3510585,13.755928,0.44572085
2,84,10,0.0069999998,0.11650457,0.041694622,0.049588453,0.025221499,0.102096304,-0.011224584,8.473424,-0.65611583,13.530899,-0.045143668,0.20419261,-0.022449167,0.22268465,-0.01724296,0.15881278,-0.0005298588,253.63148,254.599,340.98004,0.7012595,13.755928,0.43197066
2,85,10,0.0069999998,0.097284384,0.029981785,0.044334684,0.022967912,0.086576246,-0.0032045718,8.0119915,-0.20031892,12.912251,-0.36288297,0.17315249,-0.0064091436,0.21055803,-0.0052644503,0.15155168,-0.004259177,253.59174,254.43427,340.06412,0.5632019,13.752277,0.3771871
2,86,10,0.0069999998,0.10326948,0.035250675,0.045028605,0.022990203,0.09387582,-0.0037531387,8.07445,-0.19135915,12.918514,-1.0553582,0.18775164,-0.0075062774,0.21219945,-0.0050289896,0.1516252,-0.012386784,253.60043,254.39368,340.11237,1.2467173,13.752277,0.34734318
2,87,10,0.0069999998,0.12210311,0.057155482,0.043374665,0.021572964,0.119536065,-0.010785868,7.924772,-0.35155648,12.513999,-0.6996684,0.23907213,-0.021571737,0.20826586,-0.009239031,0.14687738,-0.008212039,253.61801,254.41698,340.4094,1.051225,13.752277,0.34046274
2,88,10,0.0069999998,0.09950125,0.031312224,0.047137346,0.021051686,0.0884763,-0.0049004713,8.2613535,-0.16060407,12.361884,-0.34686124,0.1769526,-0.009800943,0.21711136,-0.0042207353,0.145092,-0.0040711286,253.5784,254.35114,339.71912,0.5074653,13.752277,0.36114892
2,89,10,0.0069999998,0.10248411,0.03350472,0.046274982,0.022704406,0.09152147,-0.0040927883,8.185435,0.054315716,12.837968,-1.598453,0.18304294,-0.008185577,0.2151162,0.0014274346,0.15067981,-0.018761124,253.55197,254.16458,339.78378,1.5441374,13.748811,0.3063135
2,90,10,0.0069999998,0.121822365,0.04896005,0.050164603,0.022697711,0.11063459,-0.011678518,8.522507,0.04169699,12.836074,-1.032206,0.22126918,-0.023357036,0.22397456,0.0010958128,0.1506576,-0.012115046,253.52896,254.01756,340.00095,0.9905091,13.748811,0.31350476
2,91,10,0.0069999998,0.104301475,0.03163718,0.050269686,0.022394607,0.08893422,-0.0046891193,8.531428,0.08811583,12.750082,-0.92236406,0.17786844,-0.009378239,0.22420903,0.0023157157,0.14964828,-0.010825827,253.50525,253.99617,339.47885,0.83424824,13.748811,0.30978903
2,92,10,0.0069999998,0.10862068,0.0379164,0.046873335,0.023830941,0.09736067,-0.0060048043,8.238185,-0.21774049,13.152606,-1.986485,0.19472134,-0.012009609,0.2165025,-0.0057222974,0.15437274,-0.02331546,253.56073,254.13425,339.96347,2.2042255,13.748811,0.30409497
2,93,10,0.0069999998,0.111719854,0.046772018,0.04266483,0.02228301,0.108134195,-0.011105836,7.8596582,-0.30090085,12.718272,-1.582125,0.21626839,-0.022211673,0.20655467,-0.007907786,0.14927495,-0.018569468,253.64201,254.52588,340.55872,1.8830258,13.745737,0.30919406
2,94,10,0.0069999998,0.09559776,0.032431353,0.041479975,0.021686437,0.09004354,-0.002961664,7.749754,-0.19003765,12.546867,-1.1713016,0.18008707,-0.005923328,0.20366633,-0.00499426,0.14726315,-0.013747627,253.65584,254.68521,340.19812,1.3613392,13.745737,0.30603614
2,95,10,0.0069999998,0.102533706,0.03324726,0.044769056,0.024517395,0.091169156,-0.002895558,8.051145,-0.31323904,13.3406925,-1.9550651,0.18233831,-0.005791116,0.211587,-0.008232038,0.15658031,-0.02294669,253.6974,254.83339,340.67838,2.268304,13.745737,0.31419435
2,96,10,0.0069999998,0.12048568,0.053408,0.04440815,0.022669522,0.11555085,-0.008528111,8.018627,-0.41119647,12.828102,-1.3784806,0.2311017,-0.017056221,0.21073242,-0.010806389,0.15056401,-0.016179293,253.7021,254.76065,340.8797,1.789677,13.745737,0.31428286
2,97,10,0.0069999998,0.0948457,0.032478392,0.040092383,0.022274923,0.09010881,-0.0009045977,7.6190286,0.14082514,12.715964,-1.6099795,0.18021762,-0.0018091954,0.20023082,0.0037009344,0.14924785,-0.018896408,253.66876,254.6699,340.28137,1.4691544,13.743065,0.27772254
2,98,10,0.0069999998,0.102722295,0.040148105,0.03885016,0.023724027,0.10018496,-0.0030494477,7.500066,0.20276795,13.12307,-2.2898943,0.20036992,-0.0060988953,0.19710444,0.005328814,0.15402606,-0.026876595,253.70079,254.7385,340.5809,2.0871265,13.743065,0.26240754
2,99,10,0.0069999998,0.10915342,0.050088637,0.03778791,0.021276878,0.11190245,-0.0076016006,7.396821,0.18247469,12.427827,-1.6753824,0.2238049,-0.015203201,0.19439113,0.004795498,0.14586596,-0.019664034,253.72261,254.84114,340.70285,1.4929076,13.743065,0.30718452
2,100,10,0.0069999998,0.095695294,0.032468665,0.04262227,0.020604363,0.09009532,-0.0017361635,7.855738,0.57121646,12.229841,-0.6162091,0.18019064,-0.003472327,0.20645161,0.015011779,0.1435422,-0.0072324746,253.6745,254.70213,339.89062,0.044992626,13.743065,0.31007352
3,1,10,0.0048999996,0.09651412,0.03228276,0.040866736,0.023364626,0.089837015,-0.0024460033,7.6922555,1.2130495,13.023288,0.42790344,0.17967403,-0.0048920065,0.20215523,0.031879377,0.15285492,0.0050223186,253.85855,255.33807,342.04742,-1.640953,13.740848,0.39582536
3,2,10,0.0048999996,0.096494675,0.036784083,0.037731785,0.021978809,0.09589589,-0.0061500547,7.391326,1.4265836,12.631162,-1.0194901,0.19179177,-0.0123001095,0.19424671,0.037491135,0.14825252,-0.011965801,253.80159,255.06902,342.0885,-0.40709352,13.740848,0.38855988
3,3,10,0.0048999996,0.11398976,0.055652943,0.03505876,0.023278063,0.11795438,-0.011293826,7.1247053,1.472198,12.999141,-0.8331222,0.23590876,-0.022587651,0.18723984,0.038689896,0.1525715,-0.009778393,253.71303,254.55504,341.8879,-0.6390758,13.740848,0.3862631
3,4,10,0.0048999996,0.08305089,0.028949982,0.033260547,0.020840358,0.08507347,-0.0043311124,6.939583,1.8540754,12.299679,-0.39965218,0.17014694,-0.008662225,0.18237475,0.04872578,0.1443619,-0.004690736,253.57932,254.07188,340.37338,-1.4544232,13.740848,0.39434436
3,5,10,0.0048999996,0.08971866,0.034686875,0.034491163,0.020540625,0.093122065,-0.007858896,7.066797,2.2322023,12.210911,-1.2840387,0.18624413,-0.015717791,0.18571797,0.05866309,0.14332001,-0.015070826,253.51993,253.7725,340.47064,-0.9481636,13.739215,0.36951908
3,6,10,0.0048999996,0.11463691,0.055251308,0.038489725,0.020895882,0.117527984,-0.014244141,7.465193,1.8430256,12.316053,-1.0650277,0.23505597,-0.028488282,0.19618799,0.04843538,0.14455408,-0.012500279,253.50975,253.71101,340.59967,-0.77799785,13.739215,0.37980223
3,7,10,0.0048999996,0.08630047,0.029884886,0.03514198,0.021273606,0.08643623,-0.0041209524,7.1331573,1.8222508,12.426869,-1.1397822,0.17287245,-0.008241905,0.18746194,0.04788941,0.14585474,-0.013377679,253.48619,253.70284,340.0035,-0.68246865,13.739215,0.368019
3,8,10,0.0048999996,0.09152738,0.036410313,0.030895134,0.024221933,0.095407434,-0.0078071803,6.6882687,1.704212,13.260063,-2.6952126,0.19081487,-0.015614361,0.17577012,0.044787306,0.15563397,-0.031633835,253.50252,253.68643,340.68323,0.99100065,13.739215,0.38643515
3,9,10,0.0048999996,0.11506474,0.05878066,0.034652755,0.02163133,0.12122361,-0.011964223,7.083331,1.4328617,12.530917,-1.4026011,0.24244723,-0.023928447,0.1861525,0.03765612,0.14707594,-0.016462393,253.50659,253.63718,340.7845,-0.030260563,13.737497,0.34029645
3,10,10,0.0048999996,0.082985036,0.028545469,0.03411124,0.02032833,0.08447702,-0.0015892586,7.0277677,1.7616212,12.147644,-0.9847478,0.16895404,-0.003178517,0.18469228,0.04629604,0.14257745,-0.011558031,253.47427,253.50345,339.97006,-0.7768734,13.737497,0.3491118
3,11,10,0.0048999996,0.09563898,0.039783172,0.033568095,0.02228772,0.0997286,-0.005141069,6.971593,1.6157143,12.719617,-1.8914305,0.1994572,-0.010282138,0.18321598,0.04246156,0.14929073,-0.022199804,253.51877,253.64925,340.28247,0.2757162,13.737497,0.37105304
3,12,10,0.0048999996,0.1018609,0.0505267,0.030025452,0.021308752,0.11239073,-0.009041514,6.5934615,1.1057361,12.437131,-1.5512921,0.22478145,-0.018083028,0.17327854,0.029059147,0.14597517,-0.018207582,253.59996,254.01227,340.70694,0.44555593,13.737497,0.3622016
3,13,10,0.0048999996,0.06925982,0.028533185,0.023082659,0.01764398,0.08445884,0.0012865885,5.7811146,0.80679655,11.317215,-0.7328607,0.16891769,0.002573177,0.15192978,0.021202901,0.13283065,-0.008601622,253.6261,254.23418,340.45316,-0.07393587,13.735612,0.2598506
3,14,10,0.0048999996,0.0733271,0.03148029,0.024014663,0.017832149,0.08871343,-0.0015188543,5.896672,0.8887318,11.377401,-1.6945301,0.17742686,-0.0030377086,0.15496665,0.023356197,0.13353707,-0.019888777,253.62767,254.23161,340.92496,0.80579835,13.735612,0.25960788
3,15,10,0.0048999996,0.10046497,0.05513415,0.025609775,0.019721042,0.11740331,-0.006541674,6.089359,0.99885905,11.96482,-1.3838695,0.23480663,-0.013083348,0.16003054,0.02625037,0.14043163,-0.016242536,253.5739,253.98766,340.99295,0.38501048,13.735612,0.28860164
3,16,10,0.0048999996,0.06937974,0.026561948,0.024533726,0.018284068,0.08148918,0.00017697642,5.9600573,1.2432582,11.520666,-1.1987742,0.16297837,0.00035395284,0.15663245,0.032673273,0.13521859,-0.014070068,253.49854,253.73709,340.16327,-0.04448402,13.735612,0.26592356
3,17,10,0.0048999996,0.07236325,0.029115865,0.027200367,0.016047016,0.08531686,-0.0016393621,6.275612,1.2154665,10.792905,-2.0186923,0.17063372,-0.0032787242,0.16492534,0.031942897,0.12667681,-0.023693485,253.45432,253.43826,340.49582,0.80322576,13.73368,0.22790205
3,18,10,0.0048999996,0.10462358,0.0579296,0.027456708,0.01923727,0.12034284,-0.0070545515,6.305114,1.1854757,11.817155,-1.9277322,0.24068569,-0.014109103,0.16570066,0.03115473,0.13869849,-0.022625884,253.37251,253.01077,340.24768,0.7422565,13.73368,0.2689451
3,19,10,0.0048999996,0.072071925,0.027512811,0.026429677,0.01812944,0.08293493,0.000335922,6.1860666,1.3109541,11.4718485,-0.948148,0.16586986,0.000671844,0.16257207,0.034452345,0.13464561,-0.011128457,253.29073,252.74692,339.0939,-0.36280608,13.73368,0.26710206
3,20,10,0.0048999996,0.074155964,0.03221729,0.023966938,0.017971735,0.08974588,-0.0041425005,5.8908095,1.23487,11.421844,-1.756466,0.17949176,-0.008285001,0.15481259,0.03245284,0.1340587,-0.020615725,253.29097,252.69974,339.43552,0.5215961,13.73368,0.2467647
3,21,10,0.0048999996,0.085308686,0.044750046,0.022944087,0.017614553,0.105771035,-0.0071160607,5.7637353,0.8141419,11.307773,-1.132436,0.21154207,-0.014232121,0.15147306,0.021395948,0.13271983,-0.013291454,253.26288,252.56593,339.48572,0.3182941,13.731796,0.28732347
3,22,10,0.0048999996,0.06596531,0.025534304,0.022479009,0.017951999,0.079897285,0.0017757289,5.7050204,1.0290005,11.415572,-0.7435394,0.15979457,0.0035514578,0.14993002,0.02704251,0.13398507,-0.008726957,253.1937,252.32846,338.62067,-0.28546113,13.731796,0.29298094
3,23,10,0.0048999996,0.07064373,0.029334478,0.023809582,0.017499669,0.085636556,-0.0018057439,5.871439,1.1498786,11.270836,-1.9817748,0.17127311,-0.0036114878,0.15430354,0.030219223,0.13228631,-0.023260184,253.18541,252.24187,338.98737,0.8318962,13.731796,0.2760182
3,24,10,0.0048999996,0.094768286,0.051424745,0.024726031,0.01861751,0.113385126,-0.006212081,5.983371,1.19626,11.625242,-1.3568316,0.22677025,-0.012424162,0.15724513,0.03143814,0.136446,-0.015925195,253.16357,252.09766,339.06424,0.16057158,13.731796,0.29701895
3,25,10,0.0048999996,0.06625383,0.023441603,0.025572684,0.017239546,0.076553255,0.0016955475,6.084948,1.1232035,11.186754,-0.29239634,0.15310651,0.003391095,0.15991461,0.029518193,0.13129945,-0.003431869,253.09564,251.87654,338.179,-0.8308072,13.729949,0.31842247
3,26,10,0.0048999996,0.07537321,0.032176837,0.025278108,0.017918266,0.089689516,-0.0018864819,6.0497994,1.2386385,11.4048395,-1.3542421,0.17937903,-0.0037729638,0.1589909,0.03255186,0.13385913,-0.015894799,253.06416,251.72136,338.2684,0.115603566,13.729949,0.31287676
3,27,10,0.0048999996,0.08718957,0.043064672,0.02618371,0.017941196,0.103760146,-0.0049680225,6.157214,1.022886,11.412136,-1.1808913,0.20752029,-0.009936045,0.16181381,0.026881801,0.13394475,-0.013860175,253.05498,251.64816,338.366,0.15800524,13.729949,0.34387398
3,28,10,0.0048999996,0.06909111,0.023789287,0.026770761,0.018531062,0.07711888,0.0029482387,6.225855,1.0068263,11.59822,-1.0675603,0.15423776,0.0058964775,0.16361773,0.026459754,0.13612884,-0.0125300065,253.02975,251.64224,337.67648,0.060734034,13.729949,0.37563127
3,29,10,0.0048999996,0.06945727,0.025785431,0.026492972,0.017178869,0.080289215,0.0005456852,6.1934695,0.98044044,11.167052,-1.8653907,0.16057843,0.0010913704,0.16276662,0.025766332,0.13106818,-0.021894176,253.03227,251.63368,338.2388,0.8849502,13.728161,0.3732563
3,30,10,0.0048999996,0.08603834,0.0428553,0.025656808,0.01752623,0.10350761,-0.0047891065,6.094948,0.7508586,11.279386,-1.6531372,0.20701522,-0.009578213,0.16017742,0.019732835,0.13238667,-0.019402945,253.01472,251.51839,338.3608,0.9022786,13.728161,0.38573444
3,31,10,0.0048999996,0.069697894,0.023775402,0.026527459,0.019395031,0.07709637,0.003310103,6.1974993,0.7943374,11.865512,-1.2211851,0.15419275,0.006620206,0.16287252,0.020875478,0.13926604,-0.014333106,252.97356,251.33798,337.60013,0.4268477,13.728161,0.39195627
3,32,10,0.0048999996,0.07397911,0.025615985,0.027394842,0.02096828,0.08002497,-0.0006554592,6.2980065,0.9556092,12.337371,-1.943443,0.16004995,-0.0013109184,0.16551387,0.025113752,0.14480428,-0.022810277,252.97285,251.27106,337.7156,0.98783374,13.728161,0.40348968
3,33,10,0.0048999996,0.08408585,0.035314113,0.02925465,0.019517085,0.09396025,-0.0028644109,6.5082784,0.9532928,11.902786,-1.2383779,0.1879205,-0.0057288217,0.17103991,0.025052875,0.13970356,-0.014534898,252.95146,251.17598,337.58972,0.28508514,13.726478,0.43488735
3,34,10,0.0048999996,0.077168286,0.022782942,0.032582328,0.021803014,0.0754701,0.004876594,6.868465,1.1249876,12.580546,-0.26991388,0.1509402,0.009753188,0.18050575,0.02956508,0.14765844,-0.0031679906,252.88416,251.00351,336.51392,-0.8550737,13.726478,0.4823342
3,35,10,0.0048999996,0.08165144,0.025104837,0.036667015,0.019879589,0.07922253,0.0009735016,7.2862897,1.1876246,12.012818,-1.1718719,0.15844506,0.0019470032,0.19148633,0.03121119,0.140995,-0.013754315,252.85945,250.76567,336.63736,-0.015752673,13.726478,0.46806818
3,36,10,0.0048999996,0.092355266,0.035064552,0.03712813,0.020162579,0.093627654,-0.0043536797,7.3319616,0.94459504,12.098019,-0.95900524,0.18725531,-0.008707359,0.19268662,0.024824291,0.141995,-0.011255889,252.86215,250.71428,336.7779,0.014410198,13.726478,0.45907977
3,37,10,0.0048999996,0.08004692,0.022635639,0.036627244,0.020784035,0.075225726,0.0029120133,7.282337,0.84668463,12.283049,-0.1442848,0.15045145,0.0058240267,0.19138245,0.022251181,0.1441667,-0.0016934745,252.86679,250.83392,336.3688,-0.70239985,13.724948,0.3959803
3,38,10,0.0048999996,0.086780965,0.024129525,0.041284285,0.021367151,0.077668406,0.000919716,7.731452,0.8318065,12.454163,-1.1768466,0.15533681,0.001839432,0.20318535,0.021860179,0.14617507,-0.013812703,252.88171,250.87105,336.89963,0.34504014,13.724948,0.45630467
3,39,10,0.0048999996,0.09585091,0.031606365,0.043349296,0.020895252,0.088890895,-0.0032052856,7.922454,0.9157586,12.315868,-0.8090729,0.17778179,-0.0064105713,0.20820494,0.024066472,0.1445519,-0.009496127,252.82208,250.61887,336.75818,-0.1066857,13.724948,0.46209234
3,40,10,0.0048999996,0.08839058,0.023513073,0.042244855,0.022632653,0.076669864,0.005324255,7.8208795,1.1347995,12.817666,-0.440994,0.15333973,0.01064851,0.20553553,0.029822933,0.15044153,-0.0051759663,252.71277,250.19678,335.56802,-0.69380546,13.724948,0.46678305
3,41,10,0.0048999996,0.08818889,0.025811894,0.03957615,0.022800844,0.0803304,0.0016416883,7.5698195,1.5130999,12.865205,-0.66669875,0.1606608,0.0032833766,0.19893755,0.03976481,0.15099949,-0.007825071,252.68797,250.03941,335.6239,-0.84640115,13.723585,0.41508967
3,42,10,0.0048999996,0.09770664,0.038181055,0.036945585,0.022579998,0.097699866,-0.0031405669,7.313916,1.385736,12.802746,-0.9164911,0.19539973,-0.0062811337,0.19221234,0.036417644,0.15026642,-0.010756895,252.65373,249.89667,335.56683,-0.4692449,13.723585,0.40548086
3,43,10,0.0048999996,0.079075314,0.023433555,0.03465915,0.02098261,0.07654011,0.0025566304,7.083985,1.2913107,12.341585,-0.75143784,0.15308022,0.005113261,0.18616968,0.033936106,0.14485376,-0.008819662,252.62013,249.84,335.01184,-0.5398728,13.723585,0.39938876
3,44,10,0.0048999996,0.08461754,0.027759215,0.035517532,0.021340799,0.083305486,-0.0009420913,7.171171,1.31216,12.44648,-1.1476505,0.16661097,-0.0018841826,0.18846096,0.03448404,0.1460849,-0.0134700285,252.63324,249.90321,335.4496,-0.16450953,13.723585,0.42258525
3,45,10,0.0048999996,0.09611,0.04028144,0.035760928,0.020067628,0.100351185,-0.0040644733,7.1957,1.3124236,12.0695,-0.40639663,0.20070237,-0.008128947,0.1891056,0.03449096,0.14166026,-0.004769896,252.62912,249.84195,335.6471,-0.90602696,13.722323,0.30335647
3,46,10,0.0048999996,0.09218346,0.029824246,0.040189218,0.02217,0.08634849,0.0030057102,7.6282244,1.3967099,12.685981,-0.2671461,0.17269698,0.0060114204,0.20047249,0.036706038,0.14889593,-0.003135503,252.61092,249.71584,335.0917,-1.1295638,13.722323,0.33624774
3,47,10,0.0048999996,0.10387422,0.031535402,0.045234796,0.027104022,0.08879105,0.0011214039,8.092916,1.6114721,14.026784,-1.259171,0.1775821,0.0022428078,0.21268474,0.042350072,0.16463299,-0.0147789465,252.64954,249.84348,335.62878,-0.35230112,13.722323,0.41445634
3,48,10,0.0048999996,0.12205317,0.04067016,0.0537589,0.027624108,0.10083422,-0.002323259,8.822545,1.7803633,14.160721,-0.30181783,0.20166844,-0.004646518,0.23185965,0.046788592,0.16620502,-0.0035424521,252.62119,249.83327,335.5236,-1.4785454,13.722323,0.4749671
3,49,10,0.0048999996,0.10680218,0.029553218,0.050363164,0.026885796,0.08595525,0.0045187026,8.539357,1.709337,13.970202,0.6549106,0.1719105,0.009037405,0.22441739,0.044921994,0.16396889,0.007686711,252.55386,249.63286,334.442,-2.3642476,13.721102,0.37210873
3,50,10,0.0048999996,0.11274049,0.030599564,0.056873385,0.025267543,0.087463655,0.002941768,9.074511,1.9558333,13.543244,0.35533506,0.17492731,0.005883536,0.23848142,0.0514,0.15895768,0.004170584,252.54828,249.5666,334.7128,-2.3111684,13.721102,0.40836316
3,51,10,0.0048999996,0.12712058,0.04043326,0.06121424,0.025473094,0.10054012,-0.0024563875,9.414448,1.9260495,13.59822,0.66651124,0.20108023,-0.004912775,0.24741511,0.050617266,0.15960293,0.007822873,252.564,249.64067,334.95264,-2.5925608,13.721102,0.3982531
3,52,10,0.0048999996,0.12090387,0.030020738,0.061704695,0.029178439,0.08663247,0.004225185,9.452089,1.7474474,14.553661,0.6723411,0.17326494,0.00845037,0.2484043,0.045923542,0.17081697,0.007891297,252.5664,249.70387,334.36084,-2.4197884,13.721102,0.37957025
3,53,10,0.0048999996,0.11990533,0.032698955,0.05799864,0.029207738,0.09041426,0.0016611333,9.163841,1.716497,14.560967,0.61615604,0.18082853,0.0033222665,0.24082907,0.045110174,0.17090271,0.007231852,252.6048,249.85709,334.93698,-2.332653,13.719852,0.3156163
3,54,10,0.0048999996,0.13294925,0.044222716,0.0631311,0.025595427,0.10514599,-0.0011890352,9.560713,1.657812,13.630833,1.4660565,0.21029198,-0.0023780705,0.25125903,0.043567892,0.1599857,0.017207172,252.60054,249.92131,334.9207,-3.1238685,13.719852,0.33700836
3,55,10,0.0048999996,0.11923797,0.032455236,0.063702635,0.023080096,0.090076685,0.0043931203,9.603896,1.4117774,12.943746,1.4418931,0.18015337,0.008786241,0.2523938,0.037102,0.15192135,0.016923565,252.54633,249.74765,333.9865,-2.8536706,13.719852,0.3206225
3,56,10,0.0048999996,0.11527914,0.032505896,0.058973238,0.023800002,0.09014696,0.002872638,9.240515,1.3048292,13.144065,0.1771845,0.18029392,0.005745276,0.24284406,0.03429137,0.1542725,0.0020796224,252.57066,249.77127,334.36002,-1.4820137,13.719852,0.32414842
3,57,10,0.0048999996,0.110337,0.03720645,0.05069673,0.022433817,0.09644487,-0.0011874011,8.567589,1.3360726,12.761237,1.0182706,0.19288974,-0.0023748023,0.22515935,0.035112463,0.14977923,0.0119514875,252.5858,249.90329,334.6074,-2.3543432,13.718421,0.32616577
3,58,10,0.0048999996,0.10309568,0.03444564,0.04815635,0.020493684,0.09279768,0.005310875,8.350173,1.2131188,12.19695,1.3411404,0.18559536,0.01062175,0.21944556,0.031881195,0.14315616,0.015741028,252.53258,249.77386,334.0045,-2.5542593,13.718421,0.29325992
3,59,10,0.0048999996,0.107490525,0.03798285,0.049168374,0.020339299,0.09744595,0.0015001888,8.437457,1.3755677,12.150923,0.64381,0.1948919,0.0030003777,0.22173943,0.03615042,0.14261591,0.0075564277,252.50339,249.51642,334.30133,-2.0193777,13.718421,0.35766488
3,60,10,0.0048999996,0.11240597,0.043650724,0.046750065,0.02200519,0.10446378,-0.001060441,8.227346,1.5850027,12.63874,1.2214206,0.20892756,-0.002120882,0.21621764,0.04165444,0.14834146,0.014335868,252.50916,249.51453,334.44446,-2.8064232,13.718421,0.3812338
3,61,10,0.0048999996,0.10420288,0.040306225,0.040908795,0.022987861,0.10038205,0.004804403,7.6962113,1.4512666,12.917859,1.3219309,0.2007641,0.009608806,0.20225923,0.038139816,0.15161748,0.015515563,252.47163,249.4489,333.84875,-2.7731977,13.716596,0.37890768
3,62,10,0.0048999996,0.10114589,0.03660752,0.04191504,0.022623328,0.095665455,0.0025867068,7.79029,1.7532201,12.815024,0.7313024,0.19133091,0.0051734135,0.20473163,0.04607525,0.15041053,0.008583329,252.43872,249.27545,334.285,-2.4845223,13.716596,0.39283243
3,63,10,0.0048999996,0.10602393,0.036714304,0.046878394,0.022431234,0.095804885,-0.0014756483,8.23863,2.206056,12.760503,1.5270542,0.19160977,-0.0029512965,0.21651419,0.05797595,0.1497706,0.017923102,252.36604,248.97574,334.1953,-3.7331104,13.716596,0.41690496
3,64,10,0.0048999996,0.112336166,0.035807524,0.051804423,0.024724223,0.09461438,0.0046240003,8.660682,2.384354,13.396844,2.0220664,0.18922876,0.009248001,0.22760585,0.062661685,0.15723938,0.023733089,252.27167,248.67038,333.19424,-4.4064207,13.716596,0.40307814
3,65,10,0.0048999996,0.11730478,0.038897138,0.05615126,0.022256382,0.09861179,0.002582364,9.016717,2.2310557,12.710671,1.5568134,0.19722357,0.005164728,0.23696257,0.058632948,0.14918573,0.01827239,252.25375,248.56439,333.44904,-3.787869,13.714351,0.40161434
3,66,10,0.0048999996,0.12311277,0.040713873,0.06107,0.021328894,0.100888394,-0.0012291911,9.40335,2.2625666,12.443007,2.4698973,0.20177679,-0.0024583822,0.24712345,0.059461072,0.14604415,0.028989296,252.27318,248.67645,333.35532,-4.732464,13.714351,0.41086075
3,67,10,0.0048999996,0.121653415,0.03892532,0.058865394,0.023862697,0.098647505,0.004600115,9.232061,1.9103042,13.161366,2.6991158,0.19729501,0.00920023,0.24262191,0.050203487,0.15447555,0.031679645,252.28177,248.83212,332.95636,-4.60942,13.714351,0.38767612
3,68,10,0.0048999996,0.12769182,0.042666595,0.061034337,0.02399089,0.10327947,0.0020763949,9.400605,1.8558644,13.19667,2.4053612,0.20655894,0.0041527897,0.24705128,0.04877279,0.15488993,0.02823183,252.29169,248.94524,333.35077,-4.2612257,13.714351,0.40619728
3,69,10,0.0048999996,0.124914885,0.046129983,0.05732752,0.02145738,0.10738946,0.00067041215,9.110668,1.5830787,12.48043,2.440355,0.21477892,0.0013408243,0.23943166,0.041603874,0.14648338,0.028642558,252.2601,248.93245,333.16293,-4.0234337,13.711757,0.34736964
3,70,10,0.0048999996,0.11682102,0.039494038,0.05444042,0.022886563,0.09936553,0.004921734,8.878291,1.1404394,12.889363,2.1980746,0.19873106,0.009843468,0.2333247,0.029971156,0.15128306,0.025798898,252.21921,248.77809,332.26935,-3.3385139,13.711757,0.31622759
3,71,10,0.0048999996,0.1270406,0.046383545,0.056673087,0.02398397,0.107684195,0.00377262,9.058517,0.996326,13.194768,1.548755,0.21536839,0.00754524,0.2380611,0.026183803,0.15486759,0.018177811,252.25604,248.84967,332.92673,-2.5450811,13.711757,0.3519391
3,72,10,0.0048999996,0.12858719,0.046884846,0.058835275,0.022867076,0.10826454,-0.000264635,9.229699,1.0959662,12.883876,1.6383836,0.21652909,-0.00052927,0.24255984,0.028802386,0.15121864,0.019229783,252.27377,248.80272,333.1156,-2.7343497,13.711757,0.3769419
3,73,10,0.0048999996,0.11849928,0.04343597,0.051023185,0.024040122,0.10420649,0.0067720194,8.59513,0.43064845,13.210205,0.8316131,0.20841298,0.013544039,0.22588313,0.011317594,0.15504877,0.009760677,252.28294,248.86435,332.6708,-1.2622616,13.70887,0.30485946
3,74,10,0.0048999996,0.119983375,0.047565185,0.047400963,0.025017235,0.10904722,0.0039637415,8.284422,0.49600035,13.475998,0.5004026,0.21809444,0.007927483,0.21771762,0.013035066,0.15816838,0.0058732484,252.29417,248.94778,333.0116,-0.996403,13.70887,0.31747445
3,75,10,0.0048999996,0.12494654,0.05165925,0.047448657,0.025838638,0.113643356,0.000908379,8.2885895,0.77722836,13.695441,1.3212795,0.22728671,0.001816758,0.21782713,0.020425847,0.16074401,0.01550792,252.24036,248.79115,332.73273,-2.098508,13.70887,0.32313326
3,76,10,0.0048999996,0.12088479,0.043078493,0.051123984,0.026682317,0.1037768,0.0055996687,8.603615,0.722042,13.917235,1.0589424,0.2075536,0.011199337,0.22610614,0.018975526,0.16334723,0.0124288555,252.1728,248.52351,332.17444,-1.7809844,13.70887,0.2886211
3,77,10,0.0048999996,0.120542094,0.044972554,0.050661005,0.024908535,0.10603367,0.005454353,8.564571,0.5044986,13.446688,0.037841875,0.21206734,0.010908706,0.22508,0.013258402,0.15782438,0.00044415155,252.14299,248.33925,332.59644,-0.54234046,13.705755,0.22923538
3,78,10,0.0048999996,0.11604054,0.041293528,0.050924998,0.023822017,0.101604044,0.0021825477,8.586856,0.8114362,13.150143,0.37457773,0.20320809,0.0043650954,0.22566567,0.021324838,0.15434383,0.004396434,252.11276,248.25201,332.80478,-1.1860139,13.705755,0.23144054
3,79,10,0.0048999996,0.11677694,0.038395837,0.05408991,0.024291195,0.09797428,0.007352628,8.849665,0.5865418,13.279007,0.20947123,0.19594856,0.014705256,0.23257238,0.015414531,0.15585633,0.0024585743,252.04868,248.15524,332.00455,-0.796013,13.705755,0.28645548
3,80,10,0.0048999996,0.12547584,0.04304455,0.05803458,0.02439671,0.1037359,0.0041022142,9.166681,0.5997273,13.3078165,-0.020359231,0.2074718,0.0082044285,0.24090368,0.015761048,0.15619446,-0.00023895984,252.02025,247.98074,331.97714,-0.57936805,13.705755,0.25607947
3,81,10,0.0048999996,0.12779073,0.0464722,0.058626674,0.022691865,0.10778706,0.0015462715,9.213323,0.22092576,12.834422,0.28739336,0.21557412,0.003092543,0.24212946,0.0058060125,0.1506382,0.0033731489,252.05766,248.17133,331.95273,-0.50831914,13.702725,0.27323312
3,82,10,0.0048999996,0.122920364,0.042724673,0.057727102,0.022468586,0.10334974,0.008323509,9.142364,-0.123914815,12.771123,0.10182937,0.20669948,0.016647018,0.24026465,-0.0032565268,0.14989525,0.001195178,252.09201,248.39186,331.6832,0.022085443,13.702725,0.29328713
3,83,10,0.0048999996,0.13203655,0.048544377,0.05991548,0.023576686,0.11016394,0.005626241,9.314042,0.09071265,13.082255,-0.15858668,0.22032788,0.011252482,0.24477638,0.0023839667,0.15354702,-0.001861338,252.14134,248.52774,332.32086,0.06787403,13.702725,0.29499593
3,84,10,0.0048999996,0.13333163,0.050379332,0.05815998,0.024792315,0.1122267,0.0038459147,9.176579,0.2481049,13.415281,0.3658946,0.2244534,0.0076918295,0.2411638,0.0065202904,0.15745576,0.0042945193,252.20436,248.89398,332.75458,-0.6139995,13.702725,0.30547518
3,85,10,0.0048999996,0.12184186,0.045066684,0.053811703,0.022963475,0.10614458,0.009428503,8.826877,-0.5935822,12.911005,-0.49966618,0.21228915,0.018857006,0.2319735,-0.015599556,0.15153705,-0.0058646053,252.23933,249.13127,332.44785,1.0932484,13.699973,0.32974023
3,86,10,0.0048999996,0.12326985,0.04896947,0.049340114,0.024960265,0.110645235,0.007263062,8.452181,-0.47722897,13.460644,-1.1166073,0.22129047,0.014526124,0.22212635,-0.012541753,0.15798818,-0.013105672,252.28506,249.22604,333.09525,1.5938363,13.699973,0.3118329
3,87,10,0.0048999996,0.12716606,0.05383665,0.047869947,0.025459463,0.11601363,0.0029545715,8.325305,-0.30170912,13.594581,-0.615712,0.23202726,0.005909143,0.21879202,-0.0079290215,0.15956022,-0.00722664,252.29622,249.32535,333.30087,0.9174211,13.699973,0.30172917
3,88,10,0.0048999996,0.11895275,0.047094267,0.0470379,0.024820577,0.10850607,0.008911336,8.252635,-0.41598326,13.422925,-0.0914191,0.21701214,0.017822672,0.21688223,-0.010932187,0.15754548,-0.0010729865,252.27155,249.19873,332.5441,0.50740236,13.699973,0.32113227
3,89,10,0.0048999996,0.118309565,0.046080496,0.04733855,0.02489052,0.10733184,0.007974738,8.278967,-0.68019754,13.441823,-0.85310924,0.21466368,0.015949477,0.21757424,-0.017875837,0.1577673,-0.0100129815,252.28911,249.13753,332.92404,1.5333068,13.697536,0.2672632
3,90,10,0.0048999996,0.11697279,0.046315044,0.045117985,0.025539752,0.10760465,0.0056103263,8.0824585,-0.49795628,13.615999,-0.6755172,0.2152093,0.011220653,0.21240994,-0.013086471,0.15981162,-0.007928578,252.289,249.16963,333.0597,1.1734735,13.697536,0.27747294
3,91,10,0.0048999996,0.11154747,0.039698116,0.046997786,0.024851566,0.09962193,0.011344738,8.249115,-0.76660526,13.431302,-0.7971673,0.19924386,0.022689477,0.21678972,-0.020146664,0.1576438,-0.00935639,252.27081,249.23445,332.57126,1.5637726,13.697536,0.35798833
3,92,10,0.0048999996,0.11526423,0.04086938,0.04912659,0.025268259,0.10108089,0.008894424,8.433871,-0.79935235,13.543435,-1.3502388,0.20216177,0.017788848,0.22164519,-0.021007273,0.15895993,-0.015847817,252.26085,249.19553,332.8953,2.1495912,13.697536,0.351071
3,93,10,0.0048999996,0.11616771,0.04663382,0.0452919,0.024241984,0.10797433,0.0051872856,8.0980215,-0.7837466,13.265552,-0.8663274,0.21594866,0.010374571,0.21281894,-0.02059714,0.15569837,-0.010168126,252.26262,249.12987,332.90775,1.650074,13.695368,0.27959922
3,94,10,0.0048999996,0.109962,0.04047052,0.044026896,0.025464585,0.10058643,0.010563083,7.9841323,-0.9369478,13.59595,-1.0072625,0.20117286,0.021126166,0.20982587,-0.02462333,0.15957627,-0.011822284,252.28662,249.25005,332.4266,1.9442103,13.695368,0.30771255
3,95,10,0.0048999996,0.10986947,0.044301532,0.042856738,0.0227112,0.105239645,0.0083887,7.877316,-1.002031,12.839889,-1.0396022,0.21047929,0.0167774,0.20701869,-0.026333736,0.15070236,-0.012201859,252.35878,249.54121,333.14624,2.0416331,13.695368,0.2773953
3,96,10,0.0048999996,0.11700624,0.04739639,0.046410266,0.023199588,0.10885356,0.003802885,8.197392,-1.0990659,12.977211,-0.6833197,0.21770713,0.00760577,0.21543042,-0.028883852,0.15231411,-0.008020159,252.38774,249.72337,333.32852,1.7823856,13.695368,0.26313722
3,97,10,0.0048999996,0.10860215,0.041445546,0.044341203,0.02281541,0.1017909,0.009847443,8.012581,-1.3013536,12.869313,-0.72801864,0.2035818,0.019694885,0.21057351,-0.03420004,0.1510477,-0.008544788,252.42937,249.87134,333.16107,2.0293722,13.693398,0.24132228
3,98,10,0.0048999996,0.11453414,0.043644752,0.047969054,0.022920335,0.10445663,0.008655012,8.333919,-1.2415736,12.89887,-1.2246459,0.20891327,0.017310023,0.21901838,-0.032629006,0.15139464,-0.014373724,252.49904,249.94208,333.94907,2.4662194,13.693398,0.19755213
3,99,10,0.0048999996,0.1167657,0.046254005,0.04857424,0.02193745,0.10753372,0.004639823,8.386324,-1.1732627,12.619272,-0.80133843,0.21506745,0.009279646,0.22039564,-0.03083377,0.14811297,-0.009405348,252.54988,250.19194,334.34412,1.9746011,13.693398,0.1989439
3,100,10,0.0048999996,0.1117972,0.041664783,0.045209102,0.024923312,0.10205977,0.011538564,8.090617,-1.6078228,13.450675,-0.4638927,0.20411953,0.023077128,0.21262433,-0.042254165,0.15787119,-0.0054447316,252.54175,250.34416,333.74423,2.0717154,13.693398,0.26668152
4,1,10,0.0034299996,0.14998287,0.025023589,0.08637832,0.03858096,0.07909423,0.008100036,11.183329,-1.1158922,16.735079,1.1776798,0.15818846,0.016200071,0.2939019,-0.029326053,0.19642037,0.0138224885,253.07558,252.86282,339.184,-0.061787605,13.691537,1.0433683
4,2,10,0.0034299996,0.16034529,0.032447435,0.09043894,0.037458904,0.09006586,0.0073945713,11.443172,-1.3867015,16.489927,0.6037339,0.18013172,0.014789143,0.30073068,-0.036443006,0.19354303,0.0070860507,253.1235,253.06938,339.76154,0.78296757,13.691537,1.0685772
4,3,10,0.0034299996,0.16940297,0.04528135,0.08767001,0.03645161,0.10639708,-0.00046097193,11.266635,-1.435869,16.266705,0.9684852,0.21279415,-0.00092194387,0.29609123,-0.03773516,0.19092305,0.011367172,253.21034,253.4691,340.4663,0.4673838,13.691537,1.0589173
4,4,10,0.0034299996,0.15784633,0.028666608,0.08770606,0.04147366,0.08465608,0.006980255,11.268951,-1.541519,17.351116,1.5020382,0.16931216,0.01396051,0.29615209,-0.04051169,0.20365083,0.017629499,253.22328,253.62704,340.18765,0.039480805,13.691537,1.0930057
4,5,10,0.0034299996,0.16909312,0.035854064,0.09429873,0.03894033,0.09467585,0.0063056303,11.684809,-1.73778,16.812836,1.1236368,0.1893517,0.012611261,0.30708098,-0.045669496,0.19733304,0.013188184,253.26656,253.7187,340.52225,0.61414313,13.689959,1.108245
4,6,10,0.0034299996,0.18031561,0.043662176,0.09727982,0.03937362,0.10447748,0.0007096476,11.868069,-1.458965,16.906116,1.3902224,0.20895496,0.0014192952,0.31189713,-0.03834212,0.19842787,0.016317079,253.30531,253.79034,340.78125,0.06874251,13.689959,1.0922742
4,7,10,0.0034299996,0.16719712,0.026572144,0.09886426,0.041760724,0.08150482,0.0075353547,11.964329,-1.5274141,17.41106,1.4828639,0.16300964,0.015070709,0.31442687,-0.040141,0.2043544,0.01740445,253.27142,253.69034,340.1049,0.04455018,13.689959,1.1257037
4,8,10,0.0034299996,0.17570269,0.034024347,0.09995094,0.04172741,0.09222845,0.006892002,12.029903,-1.6749425,17.404114,1.1124175,0.1844569,0.013784004,0.3161502,-0.0440181,0.20427288,0.013056505,253.30327,253.777,340.42844,0.56252503,13.689959,1.1467887
4,9,10,0.0034299996,0.17633629,0.046196148,0.093670726,0.036469422,0.107466444,0.0009770199,11.645834,-1.6406308,16.270678,1.1264901,0.21493289,0.0019540398,0.30605674,-0.043116357,0.19096969,0.013221668,253.34904,253.95004,340.5924,0.5141407,13.688119,1.0641289
4,10,10,0.0034299996,0.17212324,0.031783875,0.0984745,0.041864857,0.08914016,0.0074184397,11.9407215,-1.9527045,17.432756,1.5182165,0.17828032,0.014836879,0.31380647,-0.051317774,0.20460904,0.01781939,253.3731,254.14943,340.14252,0.43448806,13.688119,1.1274018
4,11,10,0.0034299996,0.18340841,0.032059256,0.11100572,0.040343434,0.08952549,0.0070982985,12.677727,-2.3670452,17.113058,0.834407,0.17905098,0.014196597,0.3331752,-0.06220679,0.20085675,0.009793474,253.47931,254.5565,340.97128,1.5326382,13.688119,1.1802888
4,12,10,0.0034299996,0.18864977,0.036616888,0.1115759,0.040456984,0.095677696,0.00063967315,12.710243,-2.2162948,17.137125,0.49628764,0.19135539,0.0012793463,0.3340298,-0.05824502,0.20113921,0.005824951,253.5386,254.72806,341.73425,1.7200072,13.688119,1.1483973
4,13,10,0.0034299996,0.16002136,0.026093304,0.099503204,0.03442485,0.08076711,0.005082439,12.002928,-2.0144224,15.808012,0.5745976,0.16153422,0.010164878,0.31544128,-0.052939773,0.18553935,0.006744081,253.49951,254.55031,340.8963,1.4398248,13.686065,1.0530355
4,14,10,0.0034299996,0.17918289,0.03660482,0.10584765,0.03673041,0.09566193,0.004695757,12.379676,-2.1667168,16.328794,0.28281412,0.19132386,0.009391514,0.32534236,-0.056942083,0.19165179,0.0033193983,253.5101,254.48099,340.69653,1.8839027,13.686065,1.1062311
4,15,10,0.0034299996,0.18962835,0.043354392,0.10750758,0.03876637,0.10410859,-0.0022645795,12.476369,-2.0211406,16.775244,1.1656706,0.20821717,-0.004529159,0.32788348,-0.0531163,0.19689177,0.013681532,253.5346,254.50757,341.00934,0.85546994,13.686065,1.1143602
4,16,10,0.0034299996,0.17506033,0.027654516,0.106871665,0.040534154,0.08314823,0.004989566,12.439416,-2.0418384,17.153463,1.325207,0.16629647,0.009979132,0.3269123,-0.053660266,0.20133096,0.015554014,253.54541,254.65088,340.68427,0.7166314,13.686065,1.1262032
4,17,10,0.0034299996,0.16013706,0.034252305,0.09290548,0.032979276,0.09253689,0.0021926947,11.598167,-2.0224895,15.472547,0.23779574,0.18507378,0.0043853894,0.304804,-0.05315177,0.18160197,0.0027910194,253.59859,254.8473,341.14102,1.7846938,13.68394,0.9552191
4,18,10,0.0034299996,0.17106627,0.047733005,0.09176711,0.031566154,0.10923942,-0.002599275,11.526892,-2.041468,15.137427,0.18892878,0.21847884,-0.00519855,0.30293086,-0.0536505,0.17766866,0.002217483,253.63411,254.94032,341.62027,1.8525391,13.68394,0.9319228
4,19,10,0.0034299996,0.1520637,0.029523935,0.08975483,0.032784946,0.08591265,0.0039792988,11.399809,-2.0860224,15.426893,0.55846244,0.1718253,0.0079585975,0.2995911,-0.054821428,0.18106614,0.0065547,253.6365,255.0121,341.07208,1.52756,13.68394,0.9241149
4,20,10,0.0034299996,0.16867897,0.03585572,0.099090144,0.033733096,0.09467804,0.0032249773,11.977989,-2.2731717,15.648377,0.011924975,0.18935607,0.0064499546,0.31478587,-0.05973977,0.18366572,0.00013996856,253.6845,255.18312,341.60495,2.2612467,13.68394,0.98054445
4,21,10,0.0034299996,0.15522482,0.039930485,0.085954666,0.02933965,0.09991307,-0.0023332916,11.155869,-1.9529755,14.593809,0.20666966,0.19982614,-0.004666583,0.29318026,-0.051324904,0.1712882,0.0024256923,253.7107,255.3016,341.96957,1.7463058,13.681819,0.8231786
4,22,10,0.0034299996,0.14715108,0.030486947,0.08548176,0.031182375,0.08730256,0.0045275157,11.125138,-2.1416118,15.045125,0.38661486,0.17460512,0.009055031,0.29237264,-0.056282323,0.17658532,0.0045377244,253.70381,255.30426,341.3129,1.754997,13.681819,0.8355948
4,23,10,0.0034299996,0.15921865,0.037847202,0.09190677,0.029464683,0.097271785,0.0045734504,11.53566,-2.327938,14.624873,-0.3123741,0.19454357,0.009146901,0.3031613,-0.061179046,0.1716528,-0.0036663383,253.75963,255.37192,341.64584,2.6403122,13.681819,0.8829576
4,24,10,0.0034299996,0.1640101,0.044105742,0.08928101,0.030623341,0.10500684,0.00021181564,11.3696785,-2.0545642,14.909651,0.51146287,0.21001367,0.00042363128,0.29879928,-0.053994678,0.17499526,0.006003067,253.80388,255.40887,341.83893,1.5431013,13.681819,0.8646676
4,25,10,0.0034299996,0.12564608,0.03251551,0.06873651,0.024394058,0.09016029,0.0069672717,9.976136,-1.5655175,13.307094,0.9424141,0.18032058,0.013934543,0.26217648,-0.04114236,0.15618597,0.011061155,253.77205,255.35803,340.90433,0.62310344,13.679764,0.6538398
4,26,10,0.0034299996,0.13420032,0.037585944,0.07086685,0.025747525,0.09693547,0.0054912367,10.129553,-1.5716909,13.671272,0.56745833,0.19387095,0.010982473,0.2662083,-0.04130459,0.16046035,0.0066602807,253.76631,255.34912,341.1714,1.0042326,13.679764,0.6643416
4,27,10,0.0034299996,0.15284286,0.054500613,0.0719516,0.026390651,0.11672683,-0.0015647577,10.206782,-1.5404832,13.840961,1.129864,0.23345366,-0.0031295153,0.26823795,-0.04048446,0.162452,0.013261263,253.77484,255.34663,341.49985,0.41061926,13.679764,0.67839795
4,28,10,0.0034299996,0.12641113,0.030818382,0.069010876,0.02658187,0.08777583,0.0056288987,9.996029,-1.5644761,13.891014,1.0594575,0.17555165,0.0112577975,0.26269922,-0.041115,0.16303948,0.012434902,253.74104,255.25284,340.91397,0.5050186,13.679764,0.6777646
4,29,10,0.0034299996,0.11588224,0.036051296,0.05660807,0.023222871,0.094935894,0.0027829334,9.05332,-1.499264,12.983722,-0.2005747,0.18987179,0.005565867,0.2379245,-0.039401222,0.15239052,-0.002354156,253.7436,255.21303,340.85898,1.6998386,13.677857,0.548267
4,30,10,0.0034299996,0.13089067,0.053767543,0.056437593,0.020685526,0.11593915,-0.0029527138,9.039677,-1.3214487,12.253905,0.15465893,0.2318783,-0.0059054275,0.23756598,-0.034728147,0.14382464,0.0018152426,253.73471,255.09296,340.9982,1.1667898,13.677857,0.54208726
4,31,10,0.0034299996,0.10394415,0.032274164,0.0517721,0.01989789,0.08982506,0.0041295914,8.65798,-1.1166234,12.018345,0.49906853,0.17965011,0.008259183,0.22753483,-0.029345276,0.14105988,0.0058575883,253.7062,255.0382,340.5035,0.6175549,13.677857,0.51267546
4,32,10,0.0034299996,0.116227314,0.037318863,0.05619412,0.022714335,0.09659045,0.002386735,9.020157,-1.2570959,12.840775,-0.6288984,0.1931809,0.00477347,0.23705299,-0.033036936,0.15071276,-0.0073814103,253.73276,255.11673,341.0383,1.8859943,13.677857,0.56267685
4,33,10,0.0034299996,0.11296332,0.04475781,0.049440406,0.018765107,0.10578021,-0.0040608193,8.460766,-0.7303603,11.671232,-0.07888015,0.21156041,-0.008121639,0.22235198,-0.019194132,0.1369858,-0.0009258215,253.71304,254.9869,341.13763,0.80924046,13.676128,0.45492887
4,34,10,0.0034299996,0.093654186,0.031315513,0.04597902,0.016359653,0.08848095,0.0031346958,8.159218,-0.30811387,10.897535,0.85146123,0.1769619,0.0062693916,0.21442719,-0.008097348,0.12790486,0.009993641,253.61821,254.62675,340.06003,-0.54334736,13.676128,0.4158111
4,35,10,0.0034299996,0.10514144,0.036725376,0.049093246,0.019322818,0.09581933,0.00026800265,8.431008,-0.35167655,11.843403,-0.037396558,0.19163866,0.0005360053,0.22156996,-0.009242178,0.13900654,-0.00043892438,253.5728,254.3103,340.2434,0.3890731,13.676128,0.45226076
4,36,10,0.0034299996,0.11958483,0.051139783,0.05157425,0.016870795,0.11307053,-0.0048341644,8.641419,-0.18035966,11.066467,0.672836,0.22614107,-0.009668329,0.22709964,-0.00473992,0.12988763,0.007897105,253.54433,254.1667,340.33783,-0.49247634,13.676128,0.46494654
4,37,10,0.0034299996,0.089677826,0.029810166,0.04379514,0.016072515,0.086328104,0.0009882164,7.9630904,0.3706184,10.801477,1.1402582,0.17265621,0.0019764327,0.20927288,0.009739972,0.12677743,0.013383261,253.4607,253.91264,339.44617,-1.5108767,13.67456,0.40604937
4,38,10,0.0034299996,0.0964651,0.034299944,0.042046417,0.020118741,0.09260122,-0.0005968771,7.8024883,0.5010102,12.08486,0.39299574,0.18520243,-0.0011937541,0.20505223,0.013166728,0.14184055,0.0046126046,253.41594,253.65471,339.42282,-0.8940059,13.67456,0.41749695
4,39,10,0.0034299996,0.10978093,0.04859848,0.04130345,0.019879004,0.11022531,-0.00668494,7.733246,0.6593593,12.012642,0.62141,0.22045062,-0.01336988,0.2032325,0.017328199,0.14099292,0.007293518,253.39359,253.4987,339.58005,-1.2807693,13.67456,0.44217575
4,40,10,0.0034299996,0.08887419,0.031237308,0.03843807,0.019198814,0.0883704,0.0010048229,7.460182,0.6490403,11.805338,0.82763773,0.1767408,0.0020096458,0.19605629,0.017057018,0.13855979,0.009714027,253.35872,253.49132,338.9706,-1.476678,13.67456,0.41169503
4,41,10,0.0034299996,0.09457417,0.035556417,0.03640585,0.0226119,0.094282046,-0.0011710143,7.260295,0.7038245,12.811788,0.041356865,0.18856409,-0.0023420285,0.19080317,0.018496761,0.15037253,0.0004854106,253.37978,253.52867,339.44885,-0.7451814,13.673146,0.46021104
4,42,10,0.0034299996,0.111156434,0.055242095,0.03601119,0.019903157,0.11751819,-0.00736845,7.2208343,0.6203805,12.0199375,0.3228316,0.23503637,-0.0147369,0.18976614,0.01630382,0.14107855,0.003789095,253.44054,253.71686,340.082,-0.94321215,13.673146,0.4792961
4,43,10,0.0034299996,0.084980875,0.0317057,0.03510208,0.018173102,0.089030474,-0.00012244807,7.129106,0.38957572,11.485654,0.46236196,0.17806095,-0.00024489613,0.18735549,0.010238188,0.13480765,0.0054267584,253.49934,254.09955,339.94452,-0.85193765,13.673146,0.44723544
4,44,10,0.0034299996,0.093958914,0.0359849,0.035506453,0.022467563,0.09484843,9.9298326e-5,7.1700525,0.1360289,12.770832,-0.42892364,0.18969686,0.00019859665,0.18843156,0.0035748952,0.14989184,-0.0050343033,253.56787,254.33578,340.707,0.29289472,13.673146,0.4428116
4,45,10,0.0034299996,0.10799475,0.04864754,0.038069025,0.021278188,0.11028094,-0.00453748,7.4242835,0.103641935,12.428208,0.17162284,0.22056188,-0.00907496,0.19511285,0.0027237409,0.14587045,0.002014348,253.57114,254.24884,340.76935,-0.27526477,13.671788,0.49141523
4,46,10,0.0034299996,0.08562898,0.028635101,0.03559989,0.021393986,0.084609546,0.0032759767,7.179481,0.067208804,12.461981,0.17751597,0.16921909,0.0065519535,0.18867934,0.0017662711,0.14626683,0.002083516,253.515,254.05255,339.89667,-0.24472478,13.671788,0.48169062
4,47,10,0.0034299996,0.09706542,0.037958797,0.035187718,0.0239189,0.09741509,0.0018750377,7.137798,0.07647636,13.176855,-0.6924251,0.19483018,0.0037500754,0.1875839,0.0020098193,0.15465736,-0.008127027,253.50525,253.92357,340.07047,0.61594874,13.671788,0.48082742
4,48,10,0.0034299996,0.10167283,0.045324665,0.034543533,0.021804629,0.10644795,-0.0020861074,7.07216,0.14672135,12.581011,-0.48116773,0.2128959,-0.004172215,0.1858589,0.0038558943,0.1476639,-0.0056474833,253.49515,253.8178,339.97397,0.33444637,13.671788,0.50680786
4,49,10,0.0034299996,0.08626754,0.02892809,0.03719313,0.020146316,0.0850413,0.0045343256,7.338378,0.09190831,12.09314,-0.20673794,0.1700826,0.009068651,0.19285521,0.0024153898,0.14193772,-0.0024264967,253.47069,253.7984,339.22116,0.11482962,13.670418,0.5279907
4,50,10,0.0034299996,0.091252744,0.031792592,0.036121555,0.0233386,0.08915239,0.0010871012,7.2318907,0.006594263,13.016032,-0.92742455,0.17830478,0.0021742024,0.19005671,0.00017329177,0.15276976,-0.010885217,253.50471,253.93011,339.74026,0.9208303,13.670418,0.54635024
4,51,10,0.0034299996,0.10091178,0.043136925,0.037150186,0.020624671,0.10384715,-0.0047422457,7.3341393,-0.093958996,12.2358675,-0.28451645,0.2076943,-0.009484491,0.19274384,-0.0024692747,0.14361292,-0.0033393821,253.5058,253.94894,339.9286,0.37847546,13.670418,0.55136645
4,52,10,0.0034299996,0.08540728,0.026311588,0.039428383,0.019667307,0.081104234,0.0029714836,7.555673,0.06947712,11.948507,0.32011598,0.16220847,0.0059429673,0.19856581,0.0018258841,0.14024018,0.0037572167,253.44827,253.79436,339.298,-0.3895931,13.670418,0.54174876
4,53,10,0.0034299996,0.095916025,0.031206345,0.042046435,0.022663241,0.08832659,0.0010616048,7.80249,-0.064479016,12.826325,-0.69021916,0.17665318,0.0021232096,0.20505227,-0.0016945348,0.15054315,-0.008101134,253.43004,253.59494,339.58215,0.75469816,13.669035,0.5524393
4,54,10,0.0034299996,0.10025282,0.03873723,0.04005113,0.02146447,0.09840888,-0.0030031286,7.6151075,-0.1934147,12.482492,-0.28249845,0.19681776,-0.006006257,0.20012778,-0.005083002,0.14650758,-0.003315704,253.41919,253.49799,339.55103,0.47591317,13.669035,0.5105741
4,55,10,0.0034299996,0.08424197,0.025780054,0.03997735,0.01848457,0.08028084,0.0043004765,7.6080904,-0.05546277,11.583663,0.034693863,0.16056168,0.008600953,0.19994336,-0.0014575925,0.13595797,0.0004072093,253.37311,253.35364,338.80707,0.020768907,13.669035,0.5074389
4,56,10,0.0034299996,0.092840865,0.029706666,0.03991529,0.023218911,0.08617811,0.0026523813,7.602183,-0.06066355,12.982614,-0.8284311,0.17235622,0.0053047626,0.19978811,-0.0015942617,0.15237753,-0.009723331,253.40738,253.51299,339.35953,0.8890947,13.669035,0.5001666
4,57,10,0.0034299996,0.1054284,0.038021877,0.043874525,0.023532,0.097495995,-0.00082788535,7.970304,-0.06224322,13.069852,-0.073023014,0.19499199,-0.0016557707,0.20946246,-0.0016357633,0.15340143,-0.00085706665,253.42792,253.65424,339.58878,0.13526623,13.667672,0.5496142
4,58,10,0.0034299996,0.087405354,0.023777116,0.04230788,0.02132036,0.07709915,0.0062651285,7.826711,0.027541343,12.440517,0.18287459,0.1541983,0.012530257,0.20568879,0.0007238003,0.14601493,0.0021464103,253.3808,253.51529,338.9925,-0.21041593,13.667672,0.566385
4,59,10,0.0034299996,0.093109876,0.028784076,0.042040862,0.02228494,0.08482935,0.0025711714,7.801974,0.074066624,12.718823,-0.3877955,0.1696587,0.0051423428,0.20503868,0.0019465022,0.14928141,-0.0045515792,253.38176,253.42491,339.37875,0.31372887,13.667672,0.58519655
4,60,10,0.0034299996,0.10641721,0.04182692,0.04254795,0.022042342,0.10225815,-0.002001628,7.848885,0.002180003,12.649405,-0.031725336,0.2045163,-0.004003256,0.20627154,5.728789e-5,0.14846663,-0.00037235685,253.38916,253.42996,339.32678,0.029545333,13.667672,0.59981525
4,61,10,0.0034299996,0.08841659,0.0235699,0.045095526,0.019751165,0.07676246,0.0073184827,8.080448,0.20053317,11.973953,0.5153758,0.15352492,0.0146369655,0.21235707,0.005270081,0.14053884,0.0060489923,253.3693,253.45932,338.884,-0.71590894,13.666322,0.62529546
4,62,10,0.0034299996,0.090008914,0.025833616,0.04295643,0.021218866,0.0803642,0.0036315427,7.8864717,0.023550631,12.410872,-0.397694,0.1607284,0.0072630853,0.20725933,0.00061891536,0.14566697,-0.004667749,253.37515,253.4416,339.34308,0.37414336,13.666322,0.61543095
4,63,10,0.0034299996,0.10104359,0.035689462,0.04291854,0.022435585,0.094458275,-0.001116806,7.882993,-0.15188722,12.761741,0.024275655,0.18891655,-0.002233612,0.20716791,-0.0039916662,0.14978513,0.00028492705,253.3758,253.43346,339.46188,0.12761156,13.666322,0.6180864
4,64,10,0.0034299996,0.091245994,0.02344566,0.04512361,0.022676725,0.07655988,0.0062867347,8.082963,0.07620686,12.830139,0.33652842,0.15311976,0.012573469,0.21242319,0.0020027594,0.15058793,0.0039498587,253.31828,253.2511,338.67038,-0.41273528,13.666322,0.63891774
4,65,10,0.0034299996,0.09256754,0.026626261,0.04318167,0.022759607,0.08158778,0.0046874853,7.90712,0.03611817,12.853565,-0.38615695,0.16317555,0.009374971,0.207802,0.0009492094,0.15086287,-0.004532347,253.29788,253.01346,338.7485,0.35003877,13.664947,0.59968376
4,66,10,0.0034299996,0.09734221,0.033668622,0.041080724,0.022592857,0.091745056,5.5295426e-5,7.712367,0.0148195205,12.806393,0.062606655,0.18349011,0.00011059085,0.2026838,0.00038947,0.1503092,0.0007348205,253.31404,253.01866,338.86795,-0.07742617,13.664947,0.59536964
4,67,10,0.0034299996,0.08630196,0.02313985,0.0408152,0.022346908,0.07605894,0.008286701,7.687403,-0.074440695,12.736494,-0.3428636,0.15211788,0.016573401,0.20202772,-0.001956357,0.14948882,-0.004024212,253.33548,253.20435,338.6031,0.41730428,13.664947,0.6201425
4,68,10,0.0034299996,0.09098633,0.025223514,0.042571567,0.023191242,0.07940956,0.005901517,7.8510633,-0.13671829,12.974876,-1.1911814,0.15881912,0.011803034,0.20632878,-0.003593021,0.15228671,-0.01398095,253.38806,253.44002,339.19894,1.3278997,13.664947,0.6200131
4,69,10,0.0034299996,0.10429979,0.03586634,0.04521087,0.02322258,0.09469205,0.0036871738,8.090775,0.08096807,12.98364,-0.3682544,0.1893841,0.0073743477,0.21262848,0.0021278593,0.15238957,-0.004322216,253.37386,253.37582,339.18173,0.28728634,13.66354,0.61620075
4,70,10,0.0034299996,0.09362009,0.023620931,0.04795976,0.022039399,0.07684551,0.008159778,8.333111,0.12276544,12.64856,-0.038530756,0.15369102,0.016319556,0.21899717,0.0032263235,0.14845672,-0.0004522343,253.32465,253.1013,338.26642,-0.084234685,13.66354,0.63605386
4,71,10,0.0034299996,0.0934929,0.025345517,0.04434461,0.02380277,0.07960138,0.006773686,8.012889,0.04968863,13.144831,-0.9619193,0.15920275,0.013547372,0.2105816,0.0013058499,0.15428147,-0.011290098,253.33223,253.04707,338.67648,0.9122307,13.66354,0.6156561
4,72,10,0.0034299996,0.09938903,0.032120373,0.045398727,0.021869924,0.089610785,0.0028031378,8.107566,-0.090884894,12.599834,-0.61167383,0.17922157,0.0056062755,0.21306977,-0.0023884822,0.14788483,-0.007179253,253.34895,253.08444,338.87903,0.70255876,13.66354,0.6357799
4,73,10,0.0034299996,0.08222012,0.021645991,0.041328255,0.019245878,0.07356288,0.009182659,7.735568,0.07792587,11.8197975,-0.51342636,0.14712577,0.018365318,0.20329352,0.0020479145,0.13872951,-0.006026103,253.31187,253.0241,338.378,0.4355005,13.662122,0.58840805
4,74,10,0.0034299996,0.08645451,0.025216892,0.041160874,0.02007674,0.07939914,0.007836242,7.719887,0.117029674,12.072239,-1.3354286,0.15879828,0.015672484,0.20288143,0.0030755803,0.14169241,-0.015673986,253.24857,252.60776,338.31052,1.2183989,13.662122,0.5853709
4,75,10,0.0034299996,0.09727202,0.032402337,0.043336213,0.021533472,0.090003245,0.00219031,7.9212575,0.24886791,12.50254,-0.91340744,0.18000649,0.00438062,0.20817351,0.006540337,0.14674288,-0.010720706,253.19397,252.32428,338.00406,0.6645395,13.662122,0.6190645
4,76,10,0.0034299996,0.08822436,0.022868479,0.045310397,0.020045483,0.075611636,0.009418102,8.099674,0.23682642,12.062837,-0.70331734,0.15122327,0.018836204,0.21286239,0.0062238807,0.14158207,-0.008254868,253.14731,252.21457,337.2181,0.46649092,13.662122,0.62445116
4,77,10,0.0034299996,0.0841351,0.027007343,0.0368652,0.020262556,0.082169555,0.005801163,7.3059545,0.3883892,12.127975,-1.6265126,0.16433911,0.011602326,0.19200313,0.010207008,0.1423466,-0.019090455,253.13629,252.13431,337.3376,1.2381234,13.660782,0.5184466
4,78,10,0.0034299996,0.08938586,0.028506324,0.03868252,0.022197017,0.08441908,0.00023271392,7.483867,0.5734143,12.693709,-0.97615606,0.16883816,0.00046542785,0.19667873,0.015069533,0.14898664,-0.011457181,253.10219,251.9268,337.3768,0.40274173,13.660782,0.54321945
4,79,10,0.0034299996,0.085190006,0.023226745,0.040434547,0.021528712,0.07620162,0.006710796,7.6514716,0.5086585,12.501157,-0.82091683,0.15240324,0.013421592,0.20108344,0.01336772,0.14672665,-0.0096351355,253.05536,251.70483,336.6258,0.3122583,13.660782,0.5670539
4,80,10,0.0034299996,0.08076025,0.024291705,0.03483577,0.021632774,0.07792898,0.0040127104,7.1020117,0.2234215,12.531333,-1.8094133,0.15585797,0.008025421,0.18664344,0.0058715944,0.14708084,-0.021237161,253.07004,251.69624,337.1026,1.5859919,13.660782,0.53735447
4,81,10,0.0034299996,0.07525015,0.024458917,0.031780105,0.019011129,0.078196734,0.00033727317,6.783383,0.25463173,11.747492,-1.43942,0.15639347,0.00067454635,0.17826976,0.006691822,0.13788085,-0.016894545,253.08195,251.80724,337.41415,1.1847882,13.659548,0.46970794
4,82,10,0.0034299996,0.077216655,0.02316565,0.03726042,0.016790587,0.07610133,0.007489066,7.345012,0.36261034,11.040131,-0.91207045,0.15220267,0.014978132,0.19302958,0.009529542,0.1295785,-0.010705014,253.03212,251.68555,336.6936,0.5494601,13.659548,0.5182031
4,83,10,0.0034299996,0.07666747,0.0224311,0.035872605,0.018363766,0.07488508,0.0052366317,7.2069273,0.45771435,11.545749,-1.740997,0.14977016,0.010473263,0.18940064,0.012028911,0.13551298,-0.020434165,252.99156,251.4143,336.81656,1.2832826,13.659548,0.5176348
4,84,10,0.0034299996,0.08522977,0.026505906,0.037688565,0.021035302,0.08140317,0.0019150561,7.3870916,0.631155,12.357072,-1.6189609,0.16280635,0.0038301123,0.19413543,0.016586972,0.14503552,-0.019001814,252.8995,250.97694,336.49014,0.98780584,13.659548,0.539127
4,85,10,0.0034299996,0.07589901,0.021732152,0.03482689,0.01933997,0.073709145,0.006671796,7.1011057,0.93355596,11.848656,-1.426118,0.14741829,0.013343592,0.18661964,0.024534196,0.13906822,-0.016738413,252.76865,250.54128,335.18726,0.49256206,13.658502,0.49644625
4,86,10,0.0034299996,0.07860053,0.023543874,0.036957685,0.018098973,0.07672007,0.0015905892,7.3151126,1.2422371,11.462205,-1.3665661,0.15344013,0.0031811784,0.19224381,0.03264644,0.13453242,-0.01603945,252.69907,250.18419,335.04507,0.12432897,13.658502,0.5014904
4,87,10,0.0034299996,0.078847006,0.025496187,0.034404527,0.018946286,0.07983763,-0.0015729626,7.057916,1.168313,11.727442,-1.1279227,0.15967526,-0.0031459252,0.18548457,0.030703694,0.13764551,-0.013238484,252.70384,250.1816,335.0613,-0.040390372,13.658502,0.48718622
4,88,10,0.0034299996,0.078502476,0.022183789,0.036830947,0.019487742,0.074471116,0.00484162,7.30256,1.1098078,11.893837,-0.98374104,0.14894223,0.00968324,0.1919139,0.029166142,0.1395985,-0.011546214,252.73149,250.37619,334.8249,-0.1260668,13.658502,0.4956914
4,89,10,0.0034299996,0.07165588,0.024242861,0.029982446,0.01743057,0.077850595,0.0033396473,6.588737,1.2213118,11.248562,-1.95213,0.15570119,0.0066792946,0.1731544,0.032096513,0.13202488,-0.022912238,252.73999,250.32988,335.25055,0.73081815,13.657659,0.3775441
4,90,10,0.0034299996,0.07535867,0.026265474,0.031869512,0.017223679,0.08103313,-0.0009426649,6.7929173,1.3196994,11.181605,-1.8010802,0.16206627,-0.0018853298,0.17852034,0.034682173,0.13123901,-0.021139361,252.71497,250.2049,335.29205,0.48138082,13.657659,0.39044213
4,91,10,0.0034299996,0.07581863,0.02353755,0.03423875,0.018042332,0.07670976,0.005123659,7.04089,1.1456971,11.444256,-1.6780081,0.15341952,0.010247318,0.18503715,0.030109338,0.13432175,-0.019694863,252.69395,250.1883,334.52686,0.53231096,13.657659,0.42619142
4,92,10,0.0034299996,0.08103621,0.027423257,0.035250712,0.01836224,0.082799844,0.0025371187,7.144184,1.1221585,11.545269,-1.9814636,0.16559969,0.0050742375,0.18775173,0.029490743,0.13550735,-0.023256524,252.71556,250.22035,334.79678,0.859305,13.657659,0.42640102
4,93,10,0.0034299996,0.082545005,0.03172974,0.032019407,0.018795853,0.08906422,-0.001147058,6.8088746,1.402784,11.680791,-1.1282337,0.17812844,-0.002294116,0.17893967,0.03686566,0.13709797,-0.013242128,252.74521,250.35379,335.02264,-0.27455032,13.656951,0.3611136
4,94,10,0.0034299996,0.07996943,0.025225924,0.03294264,0.021800863,0.079413354,0.0046035713,6.906338,1.3312634,12.579926,-0.95721364,0.15882671,0.0092071425,0.18150108,0.03498608,0.14765115,-0.011234859,252.74428,250.4718,334.62985,-0.37404978,13.656951,0.3790373
4,95,10,0.0034299996,0.08095407,0.027433483,0.03340566,0.02011492,0.08281528,0.0014820406,6.9547048,1.4028778,12.083713,-1.5177664,0.16563056,0.0029640812,0.18277216,0.036868136,0.14182708,-0.017814089,252.71184,250.2648,334.81076,0.11488855,13.656951,0.38588154
4,96,10,0.0034299996,0.08100662,0.029579507,0.03302732,0.018399788,0.08599347,-0.002351842,6.91521,1.6018857,11.557067,-0.57644606,0.17198694,-0.004703684,0.1817342,0.04209813,0.13564582,-0.0067657703,252.68028,250.10844,334.73602,-1.0254396,13.656951,0.37415764
4,97,10,0.0034299996,0.07676934,0.0279159,0.031111348,0.017742094,0.08354026,0.0036560933,6.711631,1.5975151,11.348635,-0.64118046,0.16708052,0.0073121865,0.17638409,0.041983265,0.13319945,-0.0075255646,252.62689,249.90363,334.02774,-0.95633465,13.656303,0.342607
4,98,10,0.0034299996,0.079082504,0.029799033,0.032631453,0.016652018,0.08631198,0.0019338074,6.873642,1.6094967,10.994478,-1.7261744,0.17262396,0.0038676148,0.18064179,0.042298157,0.1290427,-0.020260187,252.61636,249.7551,334.33917,0.11667764,13.656303,0.36171713
4,99,10,0.0034299996,0.0782479,0.02791982,0.034321047,0.01600703,0.083546124,-0.0007974191,7.049347,1.7089785,10.779449,-1.1973829,0.16709225,-0.0015948382,0.1852594,0.04491258,0.12651889,-0.014053735,252.60614,249.70482,334.2185,-0.5115956,13.656303,0.37453604
4,100,10,0.0034299996,0.08145879,0.027231665,0.035856936,0.018370185,0.0825101,0.0045940364,7.2053533,1.5987326,11.547767,-0.7900538,0.1650202,0.009188073,0.18935928,0.042015277,0.13553666,-0.009272893,252.57864,249.6804,333.70425,-0.8086788,13.656303,0.40322116
5,1,10,0.0024009997,0.12560843,0.037216615,0.06645968,0.021932146,0.09645804,0.002021902,9.809521,2.7594812,12.617745,0.13208263,0.19291608,0.004043804,0.25779775,0.07252015,0.14809506,0.0015502566,251.79225,247.13428,331.02225,-2.891564,13.655645,0.5916457
5,2,10,0.0024009997,0.12809685,0.03965275,0.06592206,0.022522042,0.09956499,0.00045962541,9.769763,2.9705935,12.786305,-0.44194654,0.19912998,0.00091925083,0.2567529,0.078068264,0.15007345,-0.005187149,251.75908,246.9427,331.31897,-2.528647,13.655645,0.6254652
5,3,10,0.0024009997,0.13133587,0.03994734,0.068291925,0.02309661,0.09993415,-0.0021086924,9.943823,3.1352243,12.948377,-0.49616513,0.1998683,-0.004217385,0.26132724,0.08239484,0.15197569,-0.005823512,251.74258,246.90105,331.53378,-2.6390593,13.655645,0.6433432
5,4,10,0.0024009997,0.13358343,0.03977008,0.06748424,0.02632911,0.099712186,0.002762699,9.884845,2.91944,13.824814,-0.7988765,0.19942437,0.005525398,0.25977728,0.07672394,0.16226247,-0.009376449,251.70493,246.84943,330.79245,-2.1205635,13.655645,0.6310986
5,5,10,0.0024009997,0.1367515,0.04200106,0.06360175,0.031148696,0.1024708,-0.0013066661,9.596286,3.153396,15.036998,-0.9268634,0.2049416,-0.0026133321,0.25219387,0.08287237,0.17648993,-0.01087864,251.69133,246.74696,330.9156,-2.2265325,13.654995,0.63230276
5,6,10,0.0024009997,0.13478237,0.03932983,0.06875781,0.026694732,0.09915875,-0.002788226,9.977682,3.663925,13.920472,-0.30360845,0.1983175,-0.005576452,0.2622171,0.09628928,0.16338523,-0.0035634618,251.64192,246.54305,330.90588,-3.3603165,13.654995,0.66127145
5,7,10,0.0024009997,0.13118553,0.03749269,0.07218954,0.0215033,0.09681515,0.002168678,10.223646,3.7621636,12.493777,0.15392697,0.1936303,0.004337356,0.2686811,0.09887102,0.14664003,0.0018066493,251.56093,246.29317,330.0168,-3.9160905,13.654995,0.6652979
5,8,10,0.0024009997,0.13664022,0.038249195,0.07749709,0.020893935,0.09778701,-0.0004546272,10.592814,3.8081067,12.315479,-0.14728153,0.19557402,-0.0009092544,0.278383,0.10007841,0.14454734,-0.0017286455,251.5047,246.07664,330.0294,-3.6608253,13.654995,0.6798419
5,9,10,0.0024009997,0.13580628,0.040879264,0.07455751,0.0203695,0.101093106,-0.0032996146,10.389972,3.7377474,12.159938,0.40957257,0.20218621,-0.0065992293,0.27305222,0.09822936,0.14272176,0.0048071714,251.48561,245.92314,329.93835,-4.14732,13.654129,0.6315475
5,10,10,0.0024009997,0.13468152,0.042398386,0.06936464,0.0229185,0.10295434,0.0006593854,10.021614,3.2681527,12.898354,0.33853772,0.20590869,0.0013187708,0.26337168,0.085888214,0.15138857,0.00397343,251.5191,246.13977,329.3698,-3.6066904,13.654129,0.6065023
5,11,10,0.0024009997,0.13455738,0.04808747,0.06254559,0.023924325,0.10964428,-0.0023740602,9.516275,3.134838,13.17835,0.002380371,0.21928856,-0.0047481204,0.25009117,0.08238469,0.1546749,2.7935914e-5,251.59927,246.48956,330.06854,-3.1372185,13.654129,0.6326059
5,12,10,0.0024009997,0.12840787,0.048409678,0.059497226,0.020500956,0.110011,-0.0062783337,9.281476,3.178127,12.199113,0.36906758,0.220022,-0.012556667,0.24392053,0.083522335,0.14318155,0.004331762,251.63538,246.55057,330.52826,-3.5471947,13.654129,0.64248216
5,13,10,0.0024009997,0.11675318,0.040353592,0.054810952,0.021588638,0.100441016,-0.00091764657,8.908454,2.808015,12.518546,-0.06454576,0.20088203,-0.0018352931,0.23411739,0.07379567,0.14693072,-0.00075757626,251.63364,246.48242,330.2674,-2.7434692,13.653067,0.5811179
5,14,10,0.0024009997,0.1182561,0.038927298,0.057980914,0.021347888,0.09865001,-0.0027514058,9.162441,3.1925592,12.448547,-0.33230528,0.19730002,-0.0055028116,0.24079226,0.08390159,0.14610916,-0.0039002846,251.67021,246.6368,331.0481,-2.860254,13.653067,0.6280172
5,15,10,0.0024009997,0.12348072,0.04281374,0.059841137,0.020825844,0.103457406,-0.003755741,9.308262,3.3374548,12.295395,0.022161618,0.20691481,-0.007511482,0.24462448,0.087709524,0.14431162,0.00026011709,251.64084,246.54851,331.04697,-3.3596165,13.653067,0.5950528
5,16,10,0.0024009997,0.1199711,0.03681648,0.061765242,0.021389375,0.09593811,0.0011217853,9.456725,3.400733,12.460637,-0.22807205,0.19187622,0.0022435705,0.24852614,0.08937249,0.14625107,-0.002676894,251.5402,246.12802,330.41318,-3.1726608,13.653067,0.5903239
5,17,10,0.0024009997,0.11449137,0.033462767,0.05770458,0.023324024,0.091464154,-0.0028916483,9.140581,3.5122004,13.011967,-0.8175132,0.18292831,-0.0057832967,0.24021778,0.09230188,0.15272205,-0.009595185,251.46638,245.72972,330.4116,-2.6946871,13.651911,0.5694088
5,18,10,0.0024009997,0.12609588,0.04008833,0.06106062,0.024946926,0.10011035,-0.0059662736,9.402629,3.82395,13.457045,-0.2127704,0.2002207,-0.011932547,0.24710447,0.1004948,0.15794596,-0.0024972926,251.41164,245.57848,330.36392,-3.6111796,13.651911,0.59058034
5,19,10,0.0024009997,0.1213898,0.03559684,0.0594638,0.026329162,0.09433562,0.0007053332,9.278869,3.4509795,13.824828,-0.13836023,0.18867125,0.0014106664,0.243852,0.09069298,0.16226263,-0.00162394,251.37953,245.61047,329.77557,-3.3126192,13.651911,0.5785022
5,20,10,0.0024009997,0.12258995,0.036830917,0.058172293,0.027586743,0.095956914,-0.0032736217,9.177549,3.4197345,14.15114,-0.7235642,0.19191383,-0.0065472433,0.24118933,0.089871846,0.16609257,-0.008492501,251.40599,245.63582,330.33408,-2.6961703,13.651911,0.59045625
5,21,10,0.0024009997,0.11337592,0.03998106,0.050132766,0.023262087,0.09997632,-0.0040849815,8.519803,3.303833,12.9946785,-0.25530913,0.19995265,-0.008169963,0.22390348,0.08682591,0.15251914,-0.0029965783,251.43452,245.72723,330.59042,-3.048524,13.650708,0.5205452
5,22,10,0.0024009997,0.10988381,0.035985388,0.050774217,0.023124201,0.09484907,0.0010979627,8.574134,3.0982852,12.956108,0.23623951,0.18969814,0.0021959255,0.22533135,0.08142405,0.15206644,0.0027727503,251.40483,245.75423,329.7567,-3.3345246,13.650708,0.5020773
5,23,10,0.0024009997,0.113521844,0.037879918,0.053405203,0.022236722,0.09731382,-0.0036709744,8.793473,3.4137151,12.705056,-0.20038335,0.19462764,-0.007341949,0.23109566,0.08971366,0.14911982,-0.00235191,251.36014,245.60951,329.97037,-3.2133317,13.650708,0.5305387
5,24,10,0.0024009997,0.11798662,0.041028704,0.056024272,0.020933647,0.10127772,-0.005589319,9.006515,3.8082547,12.327177,0.3368216,0.20255543,-0.011178638,0.23669447,0.1000823,0.14468464,0.0039532906,251.33353,245.47044,330.20444,-4.1450763,13.650708,0.5444074
5,25,10,0.0024009997,0.10296514,0.0324888,0.048823006,0.021653332,0.09012325,0.0009917993,8.407772,2.9616766,12.537288,-0.12710148,0.1802465,0.0019835986,0.22095929,0.077833936,0.14715071,-0.0014917934,251.32765,245.54231,329.63205,-2.8345752,13.64953,0.46371162
5,26,10,0.0024009997,0.10477183,0.034485165,0.0497772,0.020509465,0.09285091,-0.0020075412,8.489535,2.8244643,12.201645,-0.71570504,0.18570182,-0.0040150825,0.22310804,0.07422794,0.14321126,-0.008400263,251.38861,245.82307,330.25168,-2.1087594,13.64953,0.46878144
5,27,10,0.0024009997,0.106845215,0.037938565,0.049592417,0.019314231,0.097389124,-0.0042771003,8.473764,2.8078468,11.840769,0.029077934,0.19477825,-0.008554201,0.22269355,0.0737912,0.13897565,0.00034128656,251.45064,246.14117,330.5724,-2.8369248,13.64953,0.43373957
5,28,10,0.0024009997,0.10609868,0.037269026,0.04826044,0.020569218,0.09652594,0.000582993,8.359192,2.3905396,12.219407,-0.22603919,0.19305187,0.001165986,0.21968259,0.06282425,0.14341973,-0.0026530304,251.47968,246.25107,330.00522,-2.1645005,13.64953,0.4136039
5,29,10,0.0024009997,0.09613804,0.037004687,0.039699238,0.019434115,0.09618301,-0.0010138279,7.5815806,2.2068493,11.87746,-1.2899508,0.19236602,-0.0020276557,0.19924667,0.05799681,0.1394063,-0.015140212,251.53441,246.37129,331.08508,-0.9168985,13.6484375,0.3704617
5,30,10,0.0024009997,0.09442541,0.038667347,0.035801414,0.019956652,0.098320074,-0.0029124792,7.199773,2.2542744,12.03608,-0.97488123,0.19664015,-0.0058249584,0.18921262,0.059243154,0.14126801,-0.011442225,251.54999,246.454,331.44815,-1.2793932,13.6484375,0.35004547
5,31,10,0.0024009997,0.08559509,0.031154152,0.03420578,0.02023516,0.08825269,0.0029524597,7.0375,1.8964468,12.119775,-1.0318668,0.17650539,0.0059049195,0.18494804,0.049839295,0.14225034,-0.012111067,251.49928,246.3619,330.7008,-0.86458004,13.6484375,0.3535078
5,32,10,0.0024009997,0.08569924,0.031401232,0.034021955,0.02027605,0.08860196,-0.0008881801,7.0185647,1.8825653,12.132014,-1.4004446,0.17720392,-0.0017763602,0.18445042,0.049474496,0.14239399,-0.016437083,251.4845,246.22778,330.94586,-0.48212063,13.6484375,0.36037663
5,33,10,0.0024009997,0.08739738,0.035260603,0.035666097,0.016470687,0.093889035,-0.0044075376,7.186153,1.8024646,10.934453,-0.8371708,0.18777807,-0.008815075,0.1888547,0.04736941,0.12833817,-0.009825911,251.44579,246.07808,330.7138,-0.9652938,13.647463,0.3286699
5,34,10,0.0024009997,0.08508293,0.03055049,0.037623834,0.016908605,0.08739349,0.0017622418,7.3807445,1.4868742,11.078858,-0.89616007,0.17478698,0.0035244836,0.19396864,0.039075587,0.13003309,-0.0105182715,251.41235,245.98062,330.00757,-0.59071416,13.647463,0.337217
5,35,10,0.0024009997,0.085842,0.03141134,0.036006883,0.018423777,0.08861622,-0.003013981,7.220403,1.455435,11.564599,-1.5551496,0.17723244,-0.006027962,0.1897548,0.03824936,0.13573422,-0.01825286,251.47116,246.07416,330.7594,0.09971452,13.647463,0.32993552
5,36,10,0.0024009997,0.09067592,0.039572537,0.033681814,0.017421573,0.09946424,-0.006728123,6.9833922,1.5788978,11.245659,-0.8040109,0.19892848,-0.013456246,0.18352605,0.04149401,0.1319908,-0.009436711,251.56937,246.53003,331.1655,-0.7748869,13.647463,0.30040795
5,37,10,0.0024009997,0.07526834,0.030969795,0.029001452,0.015297093,0.087991185,0.0018005326,6.4800525,0.81506526,10.537696,-0.9007413,0.17598237,0.0036010651,0.17029813,0.021420209,0.12368142,-0.0105720395,251.64398,246.86517,331.07275,0.085676014,13.646656,0.26529267
5,38,10,0.0024009997,0.07707333,0.033351596,0.026107768,0.01761396,0.091312096,-0.002043633,6.148278,0.7221208,11.30758,-1.6448019,0.18262419,-0.004087266,0.16157898,0.0189776,0.1327176,-0.019305114,251.72675,247.04567,331.83716,0.92268103,13.646656,0.25488874
5,39,10,0.0024009997,0.08082945,0.039132796,0.024419153,0.017277503,0.098910056,-0.0036496723,5.9461236,0.8169698,11.199064,-1.1270158,0.19782011,-0.0072993445,0.15626629,0.021470262,0.13144392,-0.013227836,251.79376,247.30688,332.45044,0.31004602,13.646656,0.21970835
5,40,10,0.0024009997,0.068192035,0.02628875,0.02671795,0.015185333,0.08106903,0.0033161158,6.2197113,0.6447847,10.499131,-1.1704386,0.16213806,0.0066322316,0.16345626,0.016945174,0.12322878,-0.013737493,251.73438,247.15182,331.89792,0.52565396,13.646656,0.25055656
5,41,10,0.0024009997,0.06876485,0.027357865,0.025770264,0.015636718,0.082701065,0.0023331002,6.1084085,0.5457565,10.654033,-1.8001871,0.16540213,0.0046662004,0.1605312,0.014342679,0.12504686,-0.021128876,251.65132,246.76825,331.99323,1.2544305,13.646018,0.23109287
5,42,10,0.0024009997,0.072616294,0.030409835,0.02623801,0.015968453,0.08719208,-7.927267e-5,6.1635957,0.98804283,10.766453,-1.3869928,0.17438416,-0.00015854534,0.16198151,0.02596612,0.12636635,-0.0162792,251.57446,246.36827,331.91312,0.39894998,13.646018,0.24965058
5,43,10,0.0024009997,0.07039093,0.026366571,0.028118875,0.015905485,0.08118893,0.0044877194,6.38069,0.68910635,10.745203,-1.2524161,0.16237786,0.008975439,0.16768683,0.018109964,0.12611695,-0.014699666,251.5279,246.24542,331.044,0.5633098,13.646018,0.27975973
5,44,10,0.0024009997,0.07006069,0.027656423,0.026624413,0.015779858,0.0831511,0.00236799,6.2088146,0.7172804,10.702685,-1.5549058,0.1663022,0.00473598,0.16316989,0.01885039,0.1256179,-0.01825,251.53584,246.28555,331.40582,0.8376254,13.646018,0.25834802
5,45,10,0.0024009997,0.07585822,0.032616813,0.02720507,0.016036337,0.09030063,0.0006112518,6.2761545,0.63352394,10.789311,-0.90042746,0.18060125,0.0012225036,0.1649396,0.016649239,0.12663466,-0.010568354,251.54352,246.4345,331.51242,0.26690352,13.6454935,0.25105435
5,46,10,0.0024009997,0.06517377,0.0226067,0.027743042,0.014824025,0.075177625,0.0058809677,6.337904,0.27638814,10.373476,-0.8043942,0.15035525,0.011761935,0.16656242,0.0072635766,0.12175395,-0.009441211,251.5222,246.38126,330.86008,0.5280061,13.6454935,0.3056037
5,47,10,0.0024009997,0.0664979,0.025972486,0.026531367,0.013994048,0.08057991,0.0007873665,6.1979556,0.2858264,10.078894,-1.5489761,0.16115981,0.001574733,0.16288452,0.0075116213,0.118296444,-0.0181804,251.58131,246.50244,331.64853,1.2631496,13.6454935,0.28987277
5,48,10,0.0024009997,0.07971149,0.03746719,0.026369257,0.015875043,0.096782215,-0.0030824586,6.1789923,0.33804467,10.734916,-1.1211652,0.19356443,-0.0061649173,0.16238613,0.008883939,0.1259962,-0.013159164,251.70995,247.04236,332.5225,0.7831205,13.6454935,0.28189507
5,49,10,0.0024009997,0.068989456,0.023813508,0.028981932,0.016194016,0.07715813,0.004269249,6.477872,-0.13626117,10.842227,-0.6146027,0.15431626,0.008538498,0.1702408,-0.0035809928,0.12725571,-0.0072136177,251.81282,247.53104,332.37186,0.75086385,13.645082,0.28966573
5,50,10,0.0024009997,0.07434186,0.027566547,0.029258255,0.017517058,0.08301588,0.0015047233,6.50868,-0.3600448,11.276435,-1.1784886,0.16603176,0.0030094467,0.17105044,-0.009462109,0.13235202,-0.013831974,251.93916,247.92091,333.15952,1.5385334,13.645082,0.2548965
5,51,10,0.0024009997,0.07796393,0.03414376,0.026938535,0.01688164,0.09239015,-0.0009358481,6.245334,-0.2909605,11.070024,-0.727219,0.1847803,-0.0018716962,0.16412963,-0.0076465462,0.12992936,-0.008535403,252.03703,248.21664,333.78412,1.0181794,13.645082,0.21980692
5,52,10,0.0024009997,0.06884843,0.024015218,0.027915234,0.016917981,0.07748422,0.006891748,6.357543,-0.4067725,11.081931,-0.5414585,0.15496844,0.013783496,0.16707852,-0.01069013,0.13006914,-0.006355123,252.05531,248.42133,333.40594,0.948231,13.645082,0.25643378
5,53,10,0.0024009997,0.07192555,0.028365849,0.026265122,0.017294576,0.08421082,0.003607572,6.166779,-0.6400257,11.204595,-1.0157855,0.16842164,0.007215144,0.16206518,-0.016820112,0.13150884,-0.011922323,252.10768,248.68785,334.15237,1.6558111,13.644764,0.2303249
5,54,10,0.0024009997,0.077484764,0.034055617,0.025691438,0.017737709,0.09227082,0.00088561,6.0990596,-0.5875349,11.347232,-0.7258221,0.18454164,0.00177122,0.16028549,-0.015440629,0.13318299,-0.008519005,252.13632,248.85602,334.72943,1.313357,13.644764,0.25381
5,55,10,0.0024009997,0.06786018,0.025181737,0.026839765,0.015838675,0.07934377,0.008699984,6.2338743,-0.7646752,10.722612,-0.40164307,0.15868755,0.017399969,0.16382846,-0.020095943,0.1258518,-0.004714101,252.10643,248.86559,334.0152,1.1663183,13.644764,0.29577714
5,56,10,0.0024009997,0.06691458,0.02532538,0.026100954,0.015488247,0.07956975,0.0065580024,6.1474767,-0.9129492,10.603332,-1.1557733,0.1591395,0.013116005,0.1615579,-0.023992635,0.12445179,-0.013565364,252.11577,248.83682,334.48358,2.0687225,13.644764,0.29836407
5,57,10,0.0024009997,0.07816254,0.035163958,0.026045585,0.016952999,0.093760274,0.002277478,6.1409526,-0.6679998,11.093393,-0.43417057,0.18752055,0.004554956,0.16138645,-0.017555274,0.13020368,-0.005095877,252.13434,248.82805,334.92322,1.1021703,13.644386,0.2856445
5,58,10,0.0024009997,0.06676868,0.020700518,0.029024372,0.017043792,0.07193837,0.009540304,6.4826126,-0.96139187,11.123061,-0.5186931,0.14387675,0.019080607,0.17036541,-0.025265725,0.13055187,-0.0060879267,252.1403,248.89175,334.31232,1.4800849,13.644386,0.33818063
5,59,10,0.0024009997,0.06920788,0.024105102,0.029035833,0.016066942,0.07762909,0.0064491546,6.4838924,-1.2216077,10.799604,-1.4820586,0.15525818,0.012898309,0.17039904,-0.032104287,0.12675545,-0.017394988,252.23967,249.26132,335.09613,2.7036662,13.644386,0.3332258
5,60,10,0.0024009997,0.07500002,0.030584734,0.027209101,0.017206185,0.08744246,0.0029460376,6.2766194,-0.9803535,11.175926,-0.6625033,0.17488492,0.005892075,0.16495182,-0.025764031,0.13117234,-0.0077758315,252.30591,249.58235,335.6975,1.6428568,13.644386,0.3167274
5,61,10,0.0024009997,0.06772986,0.021826727,0.028846083,0.017057046,0.073869355,0.008244808,6.4626703,-1.2025058,11.127384,-0.059930667,0.14773871,0.016489616,0.16984135,-0.031602282,0.13060263,-0.0007034059,252.29248,249.62401,334.9834,1.2624365,13.643916,0.350595
5,62,10,0.0024009997,0.06878322,0.023501402,0.030212823,0.015068997,0.076650836,0.006209542,6.6140013,-1.2428206,10.458837,-1.1451646,0.15330167,0.012419084,0.17381836,-0.032661773,0.12275584,-0.013440845,252.32825,249.59622,335.64584,2.3879852,13.643916,0.32223392
5,63,10,0.0024009997,0.08497486,0.033662163,0.03364142,0.01767128,0.09173626,0.0011876144,6.9792027,-1.1425121,11.325965,-0.41826528,0.18347251,0.0023752288,0.18341598,-0.030025633,0.13293336,-0.0049091973,252.37305,249.76389,335.90613,1.5607774,13.643916,0.324328
5,64,10,0.0024009997,0.07169423,0.02149221,0.03417316,0.01602886,0.07330111,0.008393526,7.034144,-1.3560219,10.786798,0.13568886,0.14660221,0.016787052,0.18485984,-0.03563673,0.12660514,0.0015925879,252.39287,249.93225,335.53397,1.220333,13.643916,0.36484036
5,65,10,0.0024009997,0.07431514,0.024427103,0.034597613,0.015290424,0.07814586,0.006285943,7.0776935,-1.6194301,10.535399,-1.0280023,0.15629172,0.012571886,0.18600434,-0.0425592,0.123654455,-0.012065707,252.45064,250.18486,336.0606,2.6474323,13.643337,0.37773034
5,66,10,0.0024009997,0.08213682,0.03273076,0.03316321,0.016242854,0.09045822,0.00029563135,6.929421,-1.4728516,10.858565,-0.6332323,0.18091644,0.0005912627,0.18210769,-0.038707066,0.12744746,-0.007432278,252.48804,250.26071,336.42157,2.1060839,13.643337,0.36138105
5,67,10,0.0024009997,0.07463946,0.022717291,0.036017727,0.015904443,0.07536128,0.0061708875,7.22149,-1.5436597,10.744853,0.021631569,0.15072256,0.012341775,0.18978336,-0.04056794,0.12611282,0.0002538893,252.49129,250.34268,335.83557,1.5220281,13.643337,0.37117627
5,68,10,0.0024009997,0.08002443,0.026036639,0.038331132,0.015656656,0.080679365,0.005008997,7.449797,-1.71952,10.660822,-0.70217055,0.16135873,0.010017994,0.19578338,-0.045189608,0.12512656,-0.008241404,252.58113,250.6994,336.5503,2.4216905,13.643337,0.3937223
5,69,10,0.0024009997,0.085872896,0.031489935,0.037109416,0.017273547,0.08872702,0.0020869686,7.330114,-1.4090862,11.197781,-0.42522022,0.17745404,0.0041739373,0.19263804,-0.037031285,0.13142887,-0.004990833,252.65146,250.94954,337.23257,1.8343065,13.642594,0.37844133
5,70,10,0.0024009997,0.07489036,0.02035638,0.03691423,0.017619755,0.07133789,0.008138211,7.310811,-1.7640345,11.30944,-0.36524084,0.14267579,0.016276423,0.19213076,-0.04635948,0.13273942,-0.0042868527,252.65106,250.94832,336.65405,2.1292753,13.642594,0.41891688
5,71,10,0.0024009997,0.07978607,0.02569931,0.038381305,0.015705457,0.08015502,0.0056975954,7.454672,-1.9798664,10.6774235,-1.714978,0.16031004,0.011395191,0.19591147,-0.052031595,0.12532142,-0.02012878,252.6604,250.83507,337.182,3.6948442,13.642594,0.42462203
5,72,10,0.0024009997,0.09570357,0.04057398,0.038223047,0.016906546,0.10071492,0.00012797947,7.439288,-1.7561877,11.078187,-1.2622867,0.20142984,0.00025595893,0.19550715,-0.046153236,0.13002518,-0.014815512,252.67233,250.81136,337.38843,3.0184743,13.642594,0.40473863
5,73,10,0.0024009997,0.07955845,0.02283586,0.039735224,0.016987357,0.075557694,0.0071245385,7.5850163,-1.7513092,11.10463,-0.34644756,0.15111539,0.014249077,0.19933696,-0.046025027,0.13033555,-0.00406627,252.66245,250.8316,336.57812,2.0977566,13.641707,0.40336803
5,74,10,0.0024009997,0.08247693,0.024309484,0.04116476,0.017002683,0.077957496,0.0054757083,7.7202516,-1.8298901,11.109638,-1.085581,0.15591499,0.010951417,0.202891,-0.048090164,0.13039434,-0.012741517,252.70407,251.01859,337.08865,2.915471,13.641707,0.4386995
5,75,10,0.0024009997,0.09840632,0.04226343,0.038822714,0.017320178,0.102790356,0.0019691123,7.4974165,-1.7976665,11.212886,-1.0588194,0.20558071,0.0039382246,0.1970348,-0.047243338,0.13160615,-0.012427417,252.74905,251.20721,337.64346,2.8564858,13.641707,0.4376949
5,76,10,0.0024009997,0.08185888,0.023181988,0.04198252,0.016694376,0.07612816,0.0088850185,7.796558,-2.1632988,11.008454,-0.81796914,0.15225632,0.017770037,0.20489636,-0.056852292,0.12920672,-0.009600538,252.76898,251.35756,337.11365,2.981268,13.641707,0.48300603
5,77,10,0.0024009997,0.08707231,0.025361566,0.04500652,0.01670422,0.079626575,0.0055110953,8.072469,-2.1112506,11.011699,-1.2190566,0.15925315,0.011022191,0.2121474,-0.055484433,0.1292448,-0.014308118,252.84225,251.60283,337.7079,3.3303072,13.640696,0.50678337
5,78,10,0.0024009997,0.10254167,0.04221474,0.041905742,0.018421184,0.10273113,0.004185991,7.789425,-1.6686654,11.563784,-0.59510434,0.20546226,0.008371982,0.20470892,-0.043853134,0.13572466,-0.0069847684,252.85239,251.60815,338.02274,2.2637696,13.640696,0.47923478
5,79,10,0.0024009997,0.08237628,0.02254003,0.042659156,0.017177096,0.075066686,0.009173357,7.8591356,-1.7343596,11.166474,-0.4622499,0.15013337,0.018346714,0.20654093,-0.0455796,0.13106142,-0.005425451,252.80774,251.49124,337.4898,2.1966095,13.640696,0.497402
5,80,10,0.0024009997,0.08728401,0.022803212,0.046785172,0.017695628,0.07550366,0.0063537876,8.230435,-1.803091,11.333765,-1.1139227,0.15100732,0.012707575,0.2162988,-0.04738589,0.13302492,-0.013074164,252.81345,251.4534,337.9091,2.9170136,13.640696,0.5093476
5,81,10,0.0024009997,0.10183162,0.04133491,0.043154474,0.01734224,0.10165494,0.002569187,7.9046307,-1.3152343,11.220024,-0.35409546,0.20330988,0.005138374,0.20773655,-0.034564838,0.13168994,-0.004156033,252.8329,251.5576,338.07162,1.6693298,13.639511,0.45231792
5,82,10,0.0024009997,0.08563427,0.024729788,0.04320252,0.01770196,0.07862854,0.0075467685,7.9090295,-1.4669199,11.335793,0.3210147,0.15725708,0.015093537,0.20785215,-0.03855117,0.13304871,0.00376776,252.84375,251.68802,337.48468,1.1459053,13.639511,0.45889768
5,83,10,0.0024009997,0.08325867,0.022586044,0.044629574,0.016043056,0.07514327,0.0048484164,8.038593,-1.62526,10.791573,-0.7296882,0.15028654,0.009696833,0.21125713,-0.04271242,0.12666118,-0.008564386,252.91473,251.87648,338.1295,2.3549483,13.639511,0.4749773
5,84,10,0.0024009997,0.1014298,0.03837826,0.04708275,0.015968792,0.09795185,-0.00044173846,8.256567,-1.502387,10.766566,-0.20347056,0.1959037,-0.0008834769,0.2169856,-0.039483283,0.12636769,-0.0023881425,252.99915,252.13696,338.4215,1.7058576,13.639511,0.48622853
5,85,10,0.0024009997,0.08813748,0.025549617,0.04504617,0.017541688,0.07992124,0.006074628,8.076025,-1.3378034,11.284358,0.9848901,0.15984248,0.012149256,0.21224083,-0.035157964,0.13244504,0.011559699,253.02322,252.32454,337.7519,0.35291326,13.638251,0.45726863
5,86,10,0.0024009997,0.08636562,0.023244409,0.045166872,0.017954336,0.076230586,0.003778807,8.086837,-1.3706107,11.416313,0.06486295,0.15246117,0.007557614,0.212525,-0.03602015,0.13399379,0.0007612994,253.09691,252.5483,338.7027,1.3057477,13.638251,0.4675424
5,87,10,0.0024009997,0.097162165,0.037897106,0.043089572,0.016175486,0.0973359,-0.0015587601,7.898685,-1.2999748,10.836022,-0.089219525,0.1946718,-0.0031175201,0.20758028,-0.034163814,0.12718289,-0.0010471705,253.13478,252.65953,339.21457,1.3891944,13.638251,0.48155642
5,88,10,0.0024009997,0.08565692,0.024128757,0.043400068,0.018128088,0.07766717,0.006015798,7.9270916,-1.1901131,11.47142,0.49054047,0.15533434,0.012031596,0.20832683,-0.031276602,0.13464059,0.0057574934,253.08868,252.53477,338.56354,0.69957256,13.638251,0.48636565
5,89,10,0.0024009997,0.082361355,0.021799952,0.04223759,0.01832381,0.07382403,0.0024620001,7.8202066,-1.1852574,11.533182,-0.15303548,0.14764807,0.0049240002,0.20551786,-0.03114899,0.13536547,-0.0017961854,253.09312,252.52776,338.99393,1.338293,13.636923,0.48738465
5,90,10,0.0024009997,0.09920038,0.037415024,0.043469906,0.018315446,0.09671482,-0.0030356164,7.9334683,-1.0297866,11.530548,0.3504193,0.19342963,-0.0060712327,0.20849438,-0.027063143,0.13533457,0.0041128867,253.09201,252.52571,339.39398,0.6793673,13.636923,0.48057145
5,91,10,0.0024009997,0.0819258,0.02112714,0.042378966,0.018419696,0.07267589,0.0041742134,7.833284,-0.9065407,11.563317,1.1378144,0.14535178,0.008348427,0.20586152,-0.023824206,0.13571918,0.013354588,253.04843,252.41954,338.70676,-0.23127371,13.636923,0.4745976
5,92,10,0.0024009997,0.08999923,0.025220253,0.046803538,0.017975431,0.07940443,0.003696523,8.23205,-1.1190491,11.4230175,0.29961172,0.15880886,0.007393046,0.21634126,-0.029409014,0.13407248,0.003516556,253.0629,252.39204,339.03543,0.8194374,13.636923,0.5148954
5,93,10,0.0024009997,0.10153963,0.04258189,0.041468877,0.017488863,0.1031769,-0.00048496624,7.748717,-0.8540099,11.267356,0.40214476,0.2063538,-0.0009699325,0.20363909,-0.022443695,0.13224547,0.0047199917,253.07753,252.34114,339.16556,0.45186517,13.635564,0.45041788
5,94,10,0.0024009997,0.07973212,0.023085462,0.039450232,0.017196424,0.0759695,0.004974594,7.5577664,-1.0162311,11.172755,1.0129068,0.151939,0.009949188,0.19862083,-0.026706932,0.13113514,0.011888536,253.06258,252.36586,338.46725,0.0033242702,13.635564,0.45829538
5,95,10,0.0024009997,0.08632623,0.023874456,0.04345471,0.01899706,0.077256806,0.0016764038,7.9320803,-0.9592714,11.743146,0.6081535,0.15451361,0.0033528076,0.20845793,-0.025209991,0.13782983,0.0071379296,253.0799,252.36537,338.86786,0.35111785,13.635564,0.48472688
5,96,10,0.0024009997,0.10760449,0.042304352,0.046199895,0.019100241,0.10284011,-0.0024937082,8.178791,-0.79440707,11.774992,0.890826,0.20568022,-0.0049874163,0.2149416,-0.020877304,0.13820362,0.010455663,253.11111,252.43596,339.1769,-0.09641892,13.635564,0.4900526
5,97,10,0.0024009997,0.079019114,0.021830179,0.03940659,0.017782345,0.0738752,0.003379487,7.5535846,-0.9132077,11.361501,1.0489993,0.1477504,0.006758974,0.19851093,-0.023999417,0.13335046,0.012312152,253.08397,252.3909,338.3537,-0.1357916,13.634226,0.4463584
5,98,10,0.0024009997,0.08631618,0.024187723,0.04335125,0.01877721,0.077762015,0.0009256481,7.922632,-0.9245445,11.674995,0.51277053,0.15552403,0.0018512962,0.20820963,-0.024297353,0.13702996,0.00601841,253.09248,252.35535,338.66684,0.41177398,13.634226,0.46875304
5,99,10,0.0024009997,0.09762345,0.03791977,0.041173052,0.018530628,0.097365,-0.004911574,7.7210293,-0.6402588,11.5980835,0.96431,0.19473,-0.009823148,0.20291144,-0.016826225,0.13612725,0.011318149,253.08897,252.28429,338.93747,-0.3240512,13.634226,0.47924212
5,100,10,0.0024009997,0.0875946,0.02364622,0.04251786,0.021430522,0.07688664,0.00029933662,7.8461094,-0.66231173,12.472616,1.4486026,0.15377328,0.00059867324,0.20619859,-0.01740578,0.14639167,0.017002309,253.03702,252.10358,338.03403,-0.7862908,13.634226,0.49737856
