ic,traj,n_steps,eta,loss_total,loss_T,loss_olw,loss_slwd,rmse_T,bias_T,rmse_olw,bias_olw,rmse_slwd,bias_slwd,nrmse_T,nbias_T,nrmse_olw,nbias_olw,nrmse_slwd,nbias_slwd,mean_T,mean_olw,mean_slwd,bias_C,pnorm,gnorm
1,1,30,0.01,3.8106234,2.7793398,0.9815478,0.049735855,0.8335676,0.12973705,37.698532,14.5102005,19.000982,6.0803037,1.6671352,0.2594741,0.99073094,0.38133335,0.22301537,0.0713648,252.42816,250.53847,336.96158,-20.590504,14.304812,312.92007
1,2,30,0.01,3.8878586,2.8711665,0.9655961,0.051096097,0.84722584,0.1371433,37.39094,14.825755,19.259058,6.188822,1.6944517,0.2742866,0.9826475,0.3896262,0.22604446,0.072638474,252.42558,250.50652,336.76102,-21.014576,14.304812,482.64108
1,3,30,0.01,4.0037956,2.998577,0.9548803,0.050338075,0.86582,0.13760567,37.182888,14.752626,19.11567,6.5056276,1.73164,0.27521133,0.97717977,0.38770434,0.22436148,0.07635684,252.38615,250.3618,336.24243,-21.258255,14.304812,73.15889
1,4,30,0.01,4.109867,3.1180668,0.9437725,0.048027877,0.88290244,0.13661547,36.965992,14.374157,18.671873,6.3476624,1.7658049,0.27323094,0.97147954,0.37775806,0.21915263,0.0745028,252.41493,250.44579,336.9888,-20.721819,14.304812,16.211004
1,5,30,0.01,2.4984457,1.7462884,0.69037336,0.06178399,0.660736,0.08501592,31.616276,12.069417,21.17772,3.870219,1.321472,0.17003185,0.8308871,0.31718856,0.24856386,0.045424934,252.39142,250.32507,336.7485,-15.939636,14.2974415,49.536533
1,6,30,0.01,2.4597166,1.7090298,0.68827003,0.0624169,0.65364933,0.09043854,31.568075,11.832779,21.285913,4.2152658,1.3072987,0.18087707,0.8296204,0.31096968,0.24983375,0.049474765,252.36845,250.20682,336.2542,-16.048044,14.2974415,65.10229
1,7,30,0.01,2.5289128,1.7723458,0.6914115,0.065155394,0.6656474,0.08761956,31.64004,11.380985,21.747852,3.851092,1.3312948,0.17523912,0.83151156,0.29909644,0.25525555,0.04520045,252.41182,250.3807,336.96307,-15.232078,14.2974415,59.43889
1,8,30,0.01,2.4282503,1.6660504,0.69746816,0.06473171,0.6453779,0.09243893,31.778315,11.724597,21.67703,3.9146385,1.2907557,0.18487786,0.8351456,0.30812654,0.25442427,0.0459463,252.40866,250.41411,336.89368,-15.6392355,14.2974415,114.03899
1,9,30,0.01,1.3945664,0.84156996,0.46502113,0.08797537,0.4586856,0.027828176,25.948069,7.80487,25.27096,1.0581223,0.9173712,0.05565635,0.6819246,0.20511483,0.29660642,0.012419219,252.40038,250.39386,336.5012,-8.862992,14.293169,176.06499
1,10,30,0.01,1.5036322,0.9596231,0.45579368,0.08821544,0.48980176,0.01901533,25.689333,7.4504585,25.305418,0.5753552,0.9796035,0.03803066,0.67512494,0.19580077,0.29701084,0.0067529897,252.45432,250.52176,337.47742,-8.025814,14.293169,216.32312
1,11,30,0.01,1.4750323,0.93249816,0.4559747,0.0865595,0.48282972,0.023981644,25.694435,7.7786126,25.066782,0.5556582,0.96565944,0.047963288,0.675259,0.20442477,0.29420996,0.0065217908,252.46742,250.64433,337.41034,-8.3342705,14.293169,110.160286
1,12,30,0.01,1.4768586,0.94665414,0.4462365,0.08396793,0.48648077,0.018503742,25.418575,7.800988,24.688688,0.9685221,0.97296154,0.037007485,0.66800934,0.20501274,0.2897722,0.011367593,252.44511,250.60378,336.98453,-8.76951,14.293169,77.83871
1,13,30,0.01,1.3016226,0.9229716,0.27831647,0.10033456,0.48035705,-0.058719974,20.074194,4.019505,26.987738,-1.2795385,0.9607141,-0.11743995,0.5275571,0.105634056,0.3167563,-0.015018003,252.48528,250.65128,337.84912,-2.7399664,14.289407,77.24075
1,14,30,0.01,1.2184485,0.8263387,0.29096463,0.10114511,0.45451587,-0.048715577,20.525265,4.372386,27.09653,-1.07215,0.90903175,-0.09743115,0.53941137,0.11490785,0.3180332,-0.012583857,252.52817,250.86076,337.72,-3.300236,14.289407,499.83505
1,15,30,0.01,1.1198229,0.74166137,0.28085765,0.09730382,0.43059883,-0.04941001,20.16563,4.2573824,26.577013,-0.59005165,0.86119765,-0.09882002,0.52996004,0.11188557,0.3119356,-0.0069254623,252.58424,251.21599,337.7251,-3.6673307,14.289407,8735.361
1,16,30,0.01,1.1671163,0.7889495,0.27883077,0.09933601,0.44411415,-0.051807456,20.092735,3.85984,26.85311,-1.0587127,0.8882283,-0.10361491,0.5280443,0.10143802,0.31517616,-0.012426167,252.64351,251.39859,338.6104,-2.8011272,14.289407,1260.6035
1,17,30,0.01,1.5855757,1.2516543,0.19974165,0.13417983,0.5593868,-0.10555346,17.006031,1.3487085,31.209358,-2.9019794,1.1187736,-0.21110693,0.44692466,0.03544454,0.36630565,-0.034060657,252.66037,251.40929,338.32465,1.5532709,14.288642,72.12696
1,18,30,0.01,1.5536911,1.2232151,0.19858974,0.13188623,0.55299526,-0.10281772,16.956924,1.6834912,30.941467,-2.3902118,1.1059905,-0.20563544,0.4456341,0.044242747,0.36316144,-0.028054006,252.6825,251.5561,337.893,0.7067206,14.288642,30.78691
1,19,30,0.01,1.6357108,1.3002086,0.19933115,0.1361711,0.57013345,-0.10758034,16.98855,1.4157611,31.440083,-2.6634953,1.1402669,-0.21516068,0.44646516,0.037206743,0.3690137,-0.031261537,252.75371,251.8179,338.7895,1.2477342,14.288642,497.11383
1,20,30,0.01,1.5076303,1.1694407,0.20216429,0.1360253,0.5407034,-0.098784156,17.108852,1.6325009,31.423246,-2.7339466,1.0814068,-0.19756831,0.44962683,0.04290271,0.36881608,-0.03208843,252.77824,251.96213,338.72296,1.1014457,14.288642,1792.2762
1,21,30,0.01,2.0890243,1.7569464,0.15809026,0.17398757,0.6627493,-0.1430545,15.129382,-0.809216,35.538597,-3.2067366,1.3254986,-0.286109,0.39760566,-0.0212665,0.41711816,-0.037637625,252.77155,251.92792,338.28558,4.0159526,14.289211,686.524
1,22,30,0.01,2.0494032,1.7138447,0.15556079,0.1799978,0.65456945,-0.14767852,15.007857,-1.2768599,36.14721,-3.249051,1.3091389,-0.29535705,0.39441195,-0.033556346,0.42426148,-0.038134284,252.82428,252.08733,339.158,4.525911,14.289211,1436.4373
1,23,30,0.01,2.052878,1.7101651,0.16076265,0.18195012,0.6538664,-0.13731356,15.256724,-1.2931993,36.342716,-3.4250531,1.3077328,-0.27462712,0.4009522,-0.03398575,0.4265561,-0.040200032,252.86508,252.30927,339.21924,4.718252,14.289211,67.0107
1,24,30,0.01,1.9677156,1.6262606,0.1614285,0.18002649,0.6376246,-0.13638838,15.288285,-1.2094088,36.150093,-2.9618554,1.2752492,-0.27277675,0.40178165,-0.0317837,0.42429528,-0.034763433,252.92717,252.60492,339.0129,4.171264,14.289211,452.34006
1,25,30,0.01,2.9519522,2.6266224,0.13549285,0.18983705,0.8103429,-0.1838458,14.006411,-2.3376598,37.122032,-3.6748118,1.6206858,-0.3676916,0.36809352,-0.06143456,0.43570295,-0.04313142,253.04727,253.00264,340.1532,6.0124717,14.286048,650.65985
1,26,30,0.01,2.9032493,2.580367,0.1314649,0.19141716,0.80317605,-0.17124413,13.796649,-1.9179223,37.2762,-3.5510113,1.6063521,-0.34248826,0.3625809,-0.050403688,0.43751246,-0.041678384,253.10709,253.27702,340.149,5.4689336,14.286048,187.6726
1,27,30,0.01,2.852181,2.5375986,0.13104825,0.18353415,0.7964921,-0.17375861,13.774767,-1.889748,36.500572,-3.2340155,1.5929842,-0.34751722,0.36200586,-0.04966326,0.42840886,-0.037957806,253.09402,253.27766,339.35443,5.1237636,14.286048,269.80203
1,28,30,0.01,3.055879,2.7470357,0.12484338,0.18400007,0.8287092,-0.18023235,13.44471,-2.2768004,36.54687,-3.912361,1.6574184,-0.3604647,0.35333183,-0.059835143,0.4289523,-0.045919582,253.09334,253.18031,340.03876,6.1891613,14.286048,801.17645
1,29,30,0.01,4.022935,3.6822271,0.12626769,0.21444009,0.9594565,-0.19765241,13.521186,-3.4820938,39.454292,-5.0507655,1.918913,-0.39530483,0.35534164,-0.0915107,0.46307677,-0.059281074,253.05966,252.9825,339.82,8.53286,14.286347,153.78488
1,30,30,0.01,3.7317421,3.3928761,0.12895766,0.20990819,0.9209881,-0.19928966,13.664453,-3.5119703,39.035156,-4.774061,1.8419762,-0.39857933,0.35910675,-0.09229584,0.4581574,-0.056033365,253.06337,252.97404,339.35522,8.286032,14.286347,587.70154
1,31,30,0.01,3.8751717,3.5393224,0.122906886,0.21294238,0.94065434,-0.2002797,13.340031,-4.161858,39.316265,-5.1721992,1.8813087,-0.4005594,0.35058078,-0.10937516,0.4614568,-0.060706336,253.16628,253.36899,340.45285,9.334057,14.286347,11408.327
1,32,30,0.01,3.76464,3.4206994,0.12586023,0.21808052,0.92475665,-0.19121604,13.499352,-4.341993,39.787777,-5.0718727,1.8495133,-0.38243207,0.35476786,-0.11410916,0.46699092,-0.059528783,253.24329,253.72932,340.51428,9.413866,14.286347,349.3814
1,33,30,0.01,4.474648,4.0950546,0.13462213,0.24497128,1.0118121,-0.20967378,13.961333,-4.941132,42.169537,-5.1373878,2.0236242,-0.41934755,0.36690888,-0.12985472,0.49494573,-0.06029774,253.25089,253.77467,339.879,10.07852,14.28755,526.36255
1,34,30,0.01,4.507261,4.127075,0.13211562,0.24806969,1.0157602,-0.2148853,13.8307495,-4.8421555,42.43538,-5.5604734,2.0315204,-0.4297706,0.3634771,-0.1272536,0.49806595,-0.06526357,253.26749,253.67116,340.54404,10.402629,14.28755,164.30112
1,35,30,0.01,4.5841975,4.1976233,0.13467449,0.25189957,1.0244051,-0.21080919,13.964047,-4.644013,42.761692,-5.6460233,2.0488102,-0.42161837,0.36698022,-0.122046344,0.50189596,-0.06626765,253.2351,253.51813,340.31503,10.290036,14.28755,149.01772
1,36,30,0.01,4.5624857,4.185205,0.13244241,0.24483846,1.0228887,-0.21113276,13.847845,-4.5855474,42.1581,-5.651821,2.0457773,-0.42226553,0.36392638,-0.12050985,0.49481153,-0.06633571,253.22041,253.46086,339.66138,10.237369,14.28755,4818.2534
1,37,30,0.01,5.6472416,5.2610016,0.14060473,0.24563515,1.1468437,-0.23623149,14.26818,-5.317589,42.22663,-5.963718,2.2936873,-0.47246298,0.37497297,-0.13974813,0.49561593,-0.069996424,253.29068,253.69159,340.58585,11.281307,14.285534,2485.2114
1,38,30,0.01,5.5139494,5.127339,0.1437766,0.24283421,1.1321814,-0.22776033,14.428222,-5.62182,41.985195,-6.1512647,2.2643628,-0.45552066,0.37917885,-0.14774346,0.49278212,-0.072197676,253.34726,253.99854,340.75217,11.773085,14.285534,1122.9614
1,39,30,0.01,5.4511485,5.063615,0.14800058,0.23953272,1.1251239,-0.22694995,14.638627,-5.6433063,41.698807,-5.908738,2.2502477,-0.4538999,0.38470843,-0.14830814,0.4894208,-0.06935113,253.40152,254.2642,340.5704,11.552044,14.285534,755.88605
1,40,30,0.01,5.283615,4.89021,0.14747532,0.24592976,1.105691,-0.22570978,14.612628,-5.695326,42.25195,-5.967474,2.211382,-0.45141956,0.38402516,-0.14967525,0.49591306,-0.070040494,253.47194,254.49167,341.21014,11.6628,14.285534,3379.0671
1,41,30,0.01,6.227214,5.8474307,0.15350601,0.22627757,1.2090731,-0.24128172,14.908413,-5.22821,40.528637,-5.5950446,2.4181461,-0.48256344,0.39179844,-0.13739923,0.47568643,-0.06566927,253.49103,254.65826,341.29718,10.823255,14.283199,736.5809
1,42,30,0.01,6.5319505,6.159199,0.15072969,0.22202162,1.2408867,-0.25142643,14.77298,-4.7712483,40.145683,-5.6979384,2.4817734,-0.50285286,0.3882392,-0.12539013,0.4711917,-0.06687697,253.45052,254.49763,340.83496,10.469187,14.283199,51663.414
1,43,30,0.01,6.817745,6.447761,0.14408071,0.22590336,1.2696221,-0.26102906,14.443472,-4.8163056,40.495106,-5.967016,2.5392442,-0.5220581,0.37957966,-0.12657426,0.47529292,-0.07003517,253.45422,254.34798,341.50632,10.783321,14.283199,831.78485
1,44,30,0.01,6.9423695,6.574137,0.14747185,0.22076045,1.282004,-0.25619286,14.612455,-4.9127827,40.031506,-6.2418785,2.564008,-0.5123857,0.38402063,-0.12910968,0.46985152,-0.073261224,253.45892,254.3641,341.16525,11.154661,14.283199,2599.4243
1,45,30,0.01,7.8835373,7.5362744,0.15807317,0.18919013,1.3726138,-0.25904015,15.128567,-4.466768,37.058723,-5.2334924,2.7452276,-0.5180803,0.39758417,-0.11738826,0.43495992,-0.061425738,253.5059,254.49315,340.59924,9.70026,14.2790575,670.6477
1,46,30,0.01,7.9272113,7.574485,0.1586698,0.19405629,1.3760891,-0.2583854,15.15709,-4.4787316,37.532288,-5.3943014,2.7521782,-0.5167708,0.3983338,-0.11770268,0.4405182,-0.06331317,253.5709,254.61758,341.04495,9.873034,14.2790575,424.58386
1,47,30,0.01,7.849054,7.4919925,0.16377807,0.1932836,1.3685752,-0.25741717,15.399143,-4.479726,37.457497,-5.6134663,2.7371504,-0.51483434,0.40469503,-0.1177288,0.4396403,-0.06588551,253.5595,254.61821,340.83194,10.093192,14.2790575,2002.4733
1,48,30,0.01,7.785713,7.4348636,0.1625526,0.18829732,1.3633473,-0.25761116,15.341422,-4.5869226,36.971176,-5.3920274,2.7266946,-0.5152223,0.40317813,-0.12054599,0.4339324,-0.06328647,253.53015,254.54443,340.43466,9.9789505,14.2790575,1508.4276
1,49,30,0.01,7.8110223,7.460649,0.17328393,0.17708914,1.3657094,-0.26345152,15.839731,-3.7000177,35.853962,-4.4214044,2.7314188,-0.52690303,0.41627386,-0.09723781,0.4208196,-0.051894225,253.55177,254.56255,340.9817,8.121422,14.273252,605.16785
1,50,30,0.01,7.9443073,7.5965533,0.17244732,0.17530657,1.3780923,-0.26126957,15.801448,-4.033497,35.673054,-4.3457565,2.7561846,-0.52253914,0.41526777,-0.106001765,0.41869628,-0.05100634,253.55118,254.55037,341.10156,8.379253,14.273252,69.09781
1,51,30,0.01,8.141668,7.7894554,0.17866339,0.17354934,1.3954798,-0.26437372,16.08372,-3.9264219,35.493816,-4.3173194,2.7909596,-0.52874744,0.42268592,-0.10318779,0.41659254,-0.050672576,253.56377,254.61458,340.58334,8.243741,14.273252,594.33356
1,52,30,0.01,8.223009,7.8627844,0.18386556,0.17635931,1.4020329,-0.2642681,16.316195,-4.2339478,35.780006,-4.3203454,2.8040657,-0.5285362,0.4287955,-0.111269675,0.41995156,-0.05070811,253.64343,254.91414,341.43143,8.554293,14.273252,109.88682
1,53,30,0.01,8.92264,8.576017,0.18610246,0.16051972,1.4642419,-0.26464546,16.415146,-3.2129042,34.135433,-3.0472739,2.9284837,-0.5292909,0.43139595,-0.08443628,0.40064913,-0.03576598,253.68065,255.11276,341.41476,6.260178,14.27183,113.16455
1,54,30,0.01,8.858884,8.504197,0.19721723,0.1574696,1.4580978,-0.26313633,16.898224,-3.4582837,33.809563,-2.7783887,2.9161956,-0.52627265,0.44409147,-0.090884976,0.3968244,-0.03261008,253.6761,255.10509,341.0722,6.2366724,14.27183,614.34814
1,55,30,0.01,8.83144,8.462796,0.20421213,0.16443187,1.4545443,-0.26456782,17.195288,-3.264426,34.548897,-3.047833,2.9090886,-0.52913564,0.45189837,-0.08579026,0.405502,-0.03577255,253.69482,255.0629,341.52164,6.3122587,14.27183,67.027954
1,56,30,0.01,8.570574,8.195697,0.20879318,0.16608334,1.4314064,-0.256586,17.387087,-3.1944473,34.72196,-2.877426,2.8628128,-0.513172,0.45693892,-0.08395122,0.40753323,-0.033772487,253.6928,255.07118,341.13635,6.071873,14.27183,346.09714
1,57,30,0.01,8.6782255,8.307521,0.21239305,0.15831143,1.4411385,-0.24706683,17.536333,-1.6399099,33.89981,-1.2448406,2.882277,-0.49413365,0.4608612,-0.043097444,0.39788368,-0.0146107515,253.69722,255.1202,340.7099,2.8847504,14.268565,238.44354
1,58,30,0.01,8.644205,8.279603,0.20822935,0.15637307,1.438715,-0.25368175,17.363596,-1.6884735,33.691647,-1.4677577,2.87743,-0.5073635,0.45632154,-0.044373706,0.39544034,-0.017227156,253.74803,255.24619,341.62927,3.1562312,14.268565,73.51692
1,59,30,0.01,8.775408,8.415055,0.20893723,0.15141478,1.4504358,-0.2447829,17.393084,-1.660565,33.15319,-1.799879,2.9008715,-0.4895658,0.45709652,-0.04364027,0.38912052,-0.021125253,253.79027,255.51784,341.63345,3.460444,14.268565,378.77536
1,60,30,0.01,8.678482,8.313834,0.21308094,0.15156676,1.441686,-0.24202509,17.564709,-1.7068392,33.169823,-1.609096,2.883372,-0.48405018,0.46160692,-0.044856332,0.38931575,-0.01888603,253.81952,255.7026,341.2111,3.3159351,14.268565,611.2099
1,61,30,0.01,7.760614,7.3921046,0.21243215,0.15607697,1.3594213,-0.21927191,17.537947,-0.34671453,33.65973,-0.13046376,2.7188425,-0.43854383,0.4609036,-0.00911177,0.39506578,-0.0015312596,253.85155,255.7733,342.0494,0.47717828,14.264258,1555.0487
1,62,30,0.01,7.529014,7.1623406,0.21273884,0.15393457,1.3381275,-0.21206324,17.550606,-0.08248655,33.427914,0.28733248,2.676255,-0.42412648,0.4612362,-0.0021677692,0.39234495,0.0033724417,253.79424,255.48756,341.8781,-0.20484594,14.264258,300.10522
1,63,30,0.01,7.3815904,6.997301,0.22917616,0.15511303,1.3226206,-0.21329053,18.216017,-0.07396074,33.555626,0.5196989,2.6452413,-0.42658105,0.47872347,-0.0019437039,0.39384392,0.0060997214,253.6924,254.92827,340.63266,-0.4457382,14.264258,800.18677
1,64,30,0.01,7.510582,7.1191144,0.23074695,0.160721,1.3340834,-0.21753034,18.278336,0.34821358,34.15683,0.39442414,2.6681669,-0.43506068,0.48036128,0.009151189,0.40090024,0.00462937,253.66516,254.68762,340.55603,-0.74263775,14.264258,8501.719
1,65,30,0.01,6.555357,6.148074,0.24208158,0.16520132,1.2397655,-0.18835004,18.721882,1.3960167,34.629642,1.4573097,2.479531,-0.37670007,0.49201787,0.036687814,0.40644965,0.017104512,253.63214,254.5797,340.30872,-2.8533263,14.261145,65.386444
1,66,30,0.01,6.5364466,6.1309166,0.24038155,0.16514832,1.2380344,-0.19251078,18.656029,1.355094,34.624084,1.4977249,2.4760687,-0.38502157,0.4902872,0.035612326,0.40638444,0.017578866,253.57858,254.30832,339.71436,-2.852819,14.261145,347.14786
1,67,30,0.01,6.3685017,5.9748807,0.2246377,0.16898331,1.2221785,-0.19917572,18.034746,1.6201123,35.02379,1.0457013,2.444357,-0.39835143,0.4739596,0.042577136,0.4110758,0.01227344,253.58928,254.27803,340.1828,-2.6658134,14.261145,1480.3673
1,68,30,0.01,6.091366,5.7142057,0.2124654,0.16469482,1.1952202,-0.18834156,17.53932,1.4753134,34.576515,1.271635,2.3904405,-0.37668312,0.4609397,0.038771756,0.4058261,0.014925237,253.5857,254.336,339.93793,-2.7469485,14.261145,1257.1559
1,69,30,0.01,5.2154784,4.80961,0.22367872,0.18218987,1.0965412,-0.15854163,17.996208,2.223394,36.366653,2.7205899,2.1930823,-0.31708327,0.47294685,0.058431614,0.42683706,0.031931687,253.61642,254.52443,339.68924,-4.943984,14.25872,107.839134
1,70,30,0.01,5.1896544,4.7715755,0.23567942,0.18239929,1.0921968,-0.16208342,18.472662,2.496978,36.387547,2.6906161,2.1843936,-0.32416683,0.48546824,0.065621495,0.4270823,0.03157989,253.73828,255.01457,341.10938,-5.1875944,14.25872,1186.7758
1,71,30,0.01,5.139277,4.7161837,0.24593115,0.17716204,1.0858388,-0.15194279,18.870153,2.5548692,35.86134,2.8047519,2.1716776,-0.30388558,0.49591446,0.067142904,0.42090622,0.032919493,253.78282,255.27007,341.19904,-5.359621,14.25872,60.165237
1,72,30,0.01,5.088499,4.6686044,0.24069194,0.17920265,1.0803477,-0.14542434,18.668072,2.3112354,36.067284,2.9452107,2.1606953,-0.29084867,0.49060366,0.060740095,0.42332333,0.034568068,253.75418,255.08626,340.2713,-5.256446,14.25872,151.79353
1,73,30,0.01,4.155779,3.7293923,0.22434202,0.20204426,0.9655817,-0.115373515,18.022871,3.0568745,38.296978,4.0085325,1.9311634,-0.23074703,0.47364756,0.08033577,0.44949335,0.04704835,253.73347,254.95068,340.85855,-7.065407,14.255512,273.00516
1,74,30,0.01,4.1626377,3.7357028,0.22754025,0.19939475,0.9663983,-0.11579546,18.150887,2.9858649,38.045044,3.8653247,1.9327966,-0.23159093,0.4770118,0.078469634,0.4465364,0.045367487,253.67982,254.76277,340.44748,-6.8511896,14.255512,113.29776
1,75,30,0.01,4.3023753,3.8694224,0.23264185,0.20031111,0.9835424,-0.1244474,18.353233,2.4924853,38.132362,3.8843732,1.9670848,-0.2488948,0.4823296,0.065503396,0.4475613,0.045591064,253.67767,254.77116,340.0624,-6.3768587,14.255512,121.95886
1,76,30,0.01,4.2891583,3.8475876,0.23952128,0.2020493,0.98076344,-0.12550391,18.622616,2.6950564,38.29745,4.0207453,1.9615269,-0.25100783,0.48940912,0.07082703,0.44949895,0.04719167,253.75012,255.10251,341.19037,-6.7158017,14.255512,264.84656
1,77,30,0.01,3.2126122,2.7737904,0.22483967,0.21398218,0.832735,-0.06369804,18.04285,3.1786597,39.41214,6.2325125,1.66547,-0.12739608,0.47417262,0.08353636,0.46258208,0.07315129,253.73099,254.99467,340.9622,-9.411172,14.252961,70.29216
1,78,30,0.01,3.1465013,2.7043278,0.22543427,0.21673912,0.822242,-0.06672732,18.06669,2.812603,39.66522,6.284271,1.644484,-0.13345464,0.4747992,0.073916234,0.46555248,0.07375877,253.69212,254.82417,340.43378,-9.096874,14.252961,1560.2025
1,79,30,0.01,3.2559211,2.8139858,0.22226325,0.219672,0.83874696,-0.070622586,17.939175,3.0409112,39.932686,6.1566772,1.6774939,-0.14124517,0.47144803,0.07991624,0.4686918,0.07226121,253.69981,254.79451,340.8283,-9.197588,14.252961,46.45989
1,80,30,0.01,3.4127195,2.9738393,0.2219417,0.21693859,0.86224115,-0.06823925,17.926195,3.5753963,39.68347,6.190949,1.7244823,-0.1364785,0.4711069,0.0939627,0.46576667,0.072663434,253.67833,254.77344,340.35815,-9.766345,14.252961,18.88107
1,81,30,0.01,2.7876444,2.3345773,0.21032827,0.24273874,0.7639662,-0.032101173,17.450888,3.6606364,41.976936,7.8054347,1.5279324,-0.064202346,0.4586156,0.09620287,0.49268523,0.09161275,253.62634,254.57268,340.05063,-11.466071,14.25136,546.5693
1,82,30,0.01,2.7527757,2.301168,0.2088339,0.24277365,0.7584801,-0.037050217,17.388783,3.6865299,41.979958,7.744821,1.5169601,-0.074100435,0.45698348,0.09688337,0.49272066,0.09090131,253.60373,254.41193,340.5947,-11.431351,14.25136,33.162766
1,83,30,0.01,2.8179715,2.36582,0.21193591,0.24021557,0.7690611,-0.0295555,17.517452,3.844272,41.7582,7.6926613,1.5381222,-0.059111,0.46036497,0.10102886,0.4901179,0.09028911,253.5414,254.15881,339.93762,-11.536933,14.25136,26.861427
1,84,30,0.01,2.839458,2.380877,0.21370058,0.24488051,0.7715045,-0.03384814,17.590229,3.4474502,42.161724,7.6203823,1.543009,-0.06769628,0.4622776,0.09060022,0.49485403,0.08944078,253.48395,253.89388,339.24707,-11.067833,14.25136,18.7411
1,85,30,0.01,2.3131318,1.8614905,0.18290208,0.26873925,0.68218225,0.007044474,16.273388,3.4533534,44.167896,9.284305,1.3643645,0.014088948,0.42767054,0.090755366,0.51840067,0.108970314,253.47995,253.80342,339.9457,-12.737658,14.250208,19.453138
1,86,30,0.01,2.2216897,1.785895,0.174993,0.26080158,0.6681869,0.010359541,15.917651,3.5932913,43.510723,9.342383,1.3363738,0.020719081,0.41832164,0.094432995,0.51068735,0.109652,253.46378,253.70422,339.60037,-12.935675,14.250208,38.104412
1,87,30,0.01,2.3149433,1.8756152,0.17403716,0.26529098,0.6847655,0.009822064,15.874121,3.3688426,43.88362,9.076872,1.369531,0.019644128,0.41717762,0.088534385,0.51506406,0.10653567,253.41821,253.49577,338.8327,-12.445715,14.250208,225.92064
1,88,30,0.01,2.3723352,1.9283172,0.17355053,0.27046743,0.6943193,0.00851438,15.851912,3.2818015,44.309685,8.9984455,1.3886386,0.01702876,0.41659397,0.08624692,0.52006483,0.10561518,253.43068,253.45241,339.3792,-12.280247,14.250208,38.48927
1,89,30,0.01,2.079286,1.6457098,0.14642984,0.2871465,0.6414261,0.048214514,14.56074,2.0232482,45.655487,10.397797,1.2828522,0.09642903,0.38266152,0.05317168,0.53586054,0.12203937,253.40764,253.33965,339.1681,-12.421045,14.250591,10.782321
1,90,30,0.01,2.0363357,1.5993418,0.14515647,0.29183736,0.6323254,0.048429836,14.497293,1.611015,46.026894,10.263674,1.2646508,0.09685967,0.38099405,0.04233806,0.5402197,0.120465204,253.40814,253.29257,338.63635,-11.874689,14.250591,136.86024
1,91,30,0.01,2.0088718,1.5751219,0.1401699,0.29358009,0.6275193,0.0466048,14.246102,1.7925705,46.164112,10.209034,1.2550386,0.0932096,0.37439272,0.047109425,0.5418303,0.11982385,253.474,253.42091,339.32434,-12.001604,14.250591,62.764935
1,92,30,0.01,2.015398,1.6038553,0.13021167,0.2813311,0.63321704,0.051359236,13.73073,1.9408911,45.190807,10.538856,1.2664341,0.10271847,0.36084855,0.05100735,0.53040653,0.123695016,253.52548,253.67429,339.31738,-12.479747,14.250591,43.844124
1,93,30,0.01,1.9449338,1.5421911,0.10831416,0.2944285,0.62092495,0.072128616,12.523084,0.065441094,46.230774,11.196989,1.2418499,0.14425723,0.32911116,0.0017198216,0.5426127,0.13141957,253.51752,253.65428,338.7077,-11.26243,14.250932,46.577843
1,94,30,0.01,1.8809662,1.4723451,0.10819531,0.30042583,0.60670114,0.06792799,12.516212,0.5197017,46.69924,11.410174,1.2134023,0.13585597,0.32893056,0.013657941,0.54811114,0.13392174,253.55386,253.7316,339.34857,-11.929876,14.250932,8.427605
1,95,30,0.01,1.8755322,1.4760623,0.10576835,0.2937016,0.6074665,0.07192927,12.375037,0.26206154,46.173664,11.469773,1.214933,0.14385854,0.32522047,0.006887094,0.5419424,0.13462128,253.58798,253.97894,339.4046,-11.731834,14.250932,6.830994
1,96,30,0.01,1.8856466,1.4845593,0.10678583,0.29430154,0.60921246,0.071618766,12.434418,-0.025478171,46.220802,11.283633,1.2184249,0.14323753,0.326781,-0.00066958054,0.54249567,0.13243651,253.60216,254.02512,339.2749,-11.258155,14.250932,15.192795
1,97,30,0.01,1.5656872,1.172362,0.09309717,0.30022794,0.5413783,0.061139185,11.610126,-2.2719336,46.68386,11.330154,1.0827566,0.12227837,0.3051183,-0.059707236,0.5479306,0.13298257,253.61383,253.9665,339.8978,-9.058221,14.2518425,17.731884
1,98,30,0.01,1.5502467,1.1530843,0.09706195,0.3001004,0.5369088,0.062815376,11.854771,-2.1360877,46.673946,11.47547,1.0738176,0.12563075,0.31154767,-0.05613718,0.5478142,0.13468814,253.52975,253.57585,339.16068,-9.339382,14.2518425,21.143188
1,99,30,0.01,1.6280706,1.236614,0.08873606,0.30272055,0.55601573,0.055012774,11.334928,-2.3539433,46.87725,11.187066,1.1120315,0.11002555,0.29788598,-0.06186249,0.55020046,0.1313031,253.46472,253.30771,338.58878,-8.833122,14.2518425,26.779678
1,100,30,0.01,1.6016207,1.2136253,0.08710897,0.3008864,0.55082333,0.053967718,11.230526,-2.1220064,46.735027,10.961052,1.1016467,0.107935436,0.2951423,-0.055767097,0.5485311,0.12865038,253.45409,253.20818,339.10236,-8.839046,14.2518425,42.81475
2,1,30,0.0069999998,1.7407424,1.2574762,0.101732485,0.38153374,0.56068623,-0.024729894,12.136641,-2.1455243,52.626892,7.153624,1.1213725,-0.04945979,0.3189553,-0.05638516,0.6176842,0.083962396,252.0204,248.02525,332.46973,-5.0080996,14.256307,11.7190695
2,2,30,0.0069999998,1.7521873,1.2705185,0.105697826,0.3759709,0.5635864,-0.02330446,12.370912,-1.6062554,52.241825,6.885523,1.1271728,-0.04660892,0.32511202,-0.042212967,0.61316466,0.08081568,251.97487,247.91353,332.19748,-5.2792673,14.256307,12.192081
2,3,30,0.0069999998,1.7542523,1.2609631,0.10744276,0.38584653,0.56146306,-0.030540213,12.472608,-1.858608,52.923496,6.2153187,1.1229261,-0.061080426,0.32778463,-0.048844878,0.62116545,0.07294947,251.87082,247.54898,331.40823,-4.3567104,14.256307,12.09972
2,4,30,0.0069999998,1.6978382,1.2071078,0.1005572,0.39017317,0.5493423,-0.02513517,12.066333,-1.9267299,53.219395,6.475245,1.0986845,-0.05027034,0.31710756,-0.050635144,0.62463844,0.0760003,251.80696,247.19751,331.7107,-4.5485153,14.256307,79.74762
2,5,30,0.0069999998,1.3401299,0.84874237,0.10527681,0.38611063,0.46063608,-0.017863696,12.346248,-2.1348631,52.941605,6.406104,0.92127216,-0.035727393,0.32446387,-0.056104973,0.621378,0.07518875,251.71997,246.82045,331.37134,-4.271241,14.258584,7.5059166
2,6,30,0.0069999998,1.3668665,0.8694271,0.105209805,0.39222956,0.46621537,-0.024836853,12.342321,-2.4052904,53.359447,5.951322,0.93243074,-0.049673706,0.3243606,-0.06321189,0.62628233,0.06985093,251.61092,246.33636,330.6604,-3.5460317,14.258584,15.169703
2,7,30,0.0069999998,1.4779706,0.97253454,0.10784796,0.39758807,0.49308583,-0.0278075,12.496105,-2.3450336,53.72271,5.7564745,0.98617166,-0.055615,0.32840213,-0.061628323,0.63054585,0.06756404,251.50487,245.97581,330.4883,-3.4114408,14.258584,316.05563
2,8,30,0.0069999998,1.5037808,0.9994964,0.10778073,0.39650363,0.4998741,-0.021683034,12.4922085,-2.015814,53.649387,5.569658,0.9997482,-0.043366067,0.32829976,-0.0529763,0.62968534,0.065371305,251.42516,245.7576,329.71274,-3.5538437,14.258584,17.638979
2,9,30,0.0069999998,1.2172396,0.7135102,0.11297672,0.3907527,0.42234766,-0.012731578,12.7897835,-2.6443589,53.258904,5.4987483,0.8446953,-0.025463156,0.3361201,-0.06949474,0.62510216,0.064539045,251.41954,245.67957,329.37543,-2.8543894,14.260693,117.75676
2,10,30,0.0069999998,1.1835717,0.67749953,0.117743224,0.3883289,0.4115518,-0.015290644,13.056796,-2.7759602,53.093464,5.792493,0.8231036,-0.030581288,0.34313732,-0.072953254,0.6231604,0.06798675,251.49767,245.92065,330.38614,-3.0165327,14.260693,5.790127
2,11,30,0.0069999998,1.2009376,0.7004577,0.11376259,0.38671732,0.41846675,-0.014876307,12.834188,-2.739782,52.98318,6.172912,0.8369335,-0.029752614,0.3372871,-0.07200244,0.621866,0.0724518,251.5434,246.18352,330.4855,-3.43313,14.260693,5.1003723
2,12,30,0.0069999998,1.2107773,0.70593643,0.11241022,0.39243063,0.42010012,-0.01901357,12.757677,-3.018523,53.373135,6.189708,0.84020025,-0.03802714,0.33527634,-0.07932785,0.62644285,0.0726489,251.53864,246.2052,330.1615,-3.1711853,14.260693,4.4066467
2,13,30,0.0069999998,1.1217378,0.62162906,0.11994165,0.3801671,0.39421728,-0.009104499,13.178127,-3.1637597,52.53255,6.248926,0.78843457,-0.018208997,0.34632593,-0.08314477,0.6165769,0.073343925,251.61751,246.47568,330.8912,-3.0851665,14.262573,35.05681
2,14,30,0.0069999998,1.176125,0.6667772,0.13676476,0.37258303,0.40828213,0.00026687348,14.071997,-2.8321378,52.005913,6.5094857,0.81656426,0.00053374696,0.3698172,-0.07442961,0.6103958,0.07640215,251.72258,246.99487,331.41226,-3.677348,14.262573,2.5713937
2,15,30,0.0069999998,1.2090483,0.7064761,0.1312691,0.37130302,0.42026067,-0.0016021427,13.786369,-3.1189446,51.91651,6.551796,0.84052134,-0.0032042854,0.36231077,-0.08196698,0.6093464,0.076898776,251.77505,247.16916,331.28207,-3.4328513,14.262573,39.969032
2,16,30,0.0069999998,1.1210623,0.6282323,0.1264126,0.36641747,0.39630553,-0.002067003,13.528942,-3.4421647,51.573826,7.153076,0.79261106,-0.004134006,0.3555455,-0.09046131,0.60532427,0.08395603,251.83865,247.48074,332.1785,-3.7109115,14.262573,22.538809
2,17,30,0.0069999998,1.150666,0.6717601,0.12610923,0.35279667,0.40980485,0.008078227,13.512699,-2.8426642,50.60617,7.263498,0.8196097,0.016156454,0.3551186,-0.07470624,0.5939669,0.08525201,251.86012,247.75806,332.07346,-4.4208336,14.264316,11.1865225
2,18,30,0.0069999998,1.1816331,0.69876826,0.12307461,0.35979027,0.4179618,0.0078937635,13.349129,-3.0643156,51.105297,7.1938505,0.8359236,0.015787527,0.35081992,-0.08053131,0.5998252,0.08443453,251.89366,247.84174,332.01117,-4.1295347,14.264316,5.646046
2,19,30,0.0069999998,1.197995,0.7136147,0.12316176,0.36121842,0.4223786,0.003416109,13.353855,-2.6743157,51.206623,7.2428904,0.8447572,0.006832218,0.3509441,-0.070282005,0.6010145,0.085010156,251.94794,247.9665,332.97238,-4.568575,14.264316,46.845676
2,20,30,0.0069999998,1.1922169,0.70543283,0.1256916,0.36109248,0.41995025,0.011226201,13.490307,-2.2095375,51.1977,7.221227,0.8399005,0.022452403,0.3545301,-0.058067434,0.6009097,0.08475584,251.91992,247.85756,332.60477,-5.0116897,14.264316,16.907291
2,21,30,0.0069999998,1.1038507,0.6344768,0.11149972,0.3578742,0.39827025,-4.376426e-5,12.705904,-1.9155142,50.969036,7.0310416,0.7965405,-8.752852e-5,0.33391574,-0.05034042,0.5982259,0.082523696,251.89856,247.75372,332.34335,-5.115527,14.265526,5.462444
2,22,30,0.0069999998,1.0677018,0.5953565,0.11249669,0.35984856,0.38579676,-0.008330093,12.762582,-1.8999537,51.10944,6.903636,0.7715935,-0.016660186,0.33540526,-0.049931448,0.5998738,0.08102829,251.94371,247.90855,333.07,-5.003682,14.265526,5.638942
2,23,30,0.0069999998,1.0776011,0.607867,0.116737664,0.35299644,0.38982913,0.0025530583,13.000922,-1.5609299,50.620495,6.985502,0.77965826,0.0051061166,0.34166893,-0.04102179,0.59413505,0.08198917,251.91397,247.8367,332.63068,-5.424572,14.265526,5.3780913
2,24,30,0.0069999998,1.1111122,0.6374928,0.108505756,0.36511377,0.39921573,-0.003982519,12.534154,-1.9830997,51.48199,6.3424296,0.79843146,-0.007965038,0.32940212,-0.052116577,0.60424644,0.07444135,251.82256,247.52063,331.71347,-4.35933,14.265526,5.1924434
2,25,30,0.0069999998,0.95485616,0.4918938,0.09990538,0.36305693,0.3506757,-0.032929625,12.027159,-0.78352123,51.336773,5.5736823,0.7013514,-0.06585925,0.31607813,-0.02059122,0.60254204,0.06541858,251.7791,247.23505,332.2356,-4.790161,14.2648115,2.4763281
2,26,30,0.0069999998,0.9232255,0.46353087,0.10300711,0.35668755,0.3404155,-0.023267254,12.212436,-0.33239406,50.884464,5.791395,0.680831,-0.04653451,0.3209472,-0.00873544,0.59723324,0.06797384,251.75824,247.11174,331.94397,-5.459001,14.2648115,2.9125867
2,27,30,0.0069999998,0.91443014,0.45312154,0.09914612,0.36216247,0.3365715,-0.02743767,11.981372,-0.60551065,51.273495,5.6535854,0.673143,-0.05487534,0.31487477,-0.015913004,0.60179937,0.06635638,251.76598,247.163,331.83887,-5.0480747,14.2648115,8.089872
2,28,30,0.0069999998,0.9212737,0.46218878,0.09957632,0.3595086,0.33992234,-0.03671224,12.007337,-0.37636295,51.08529,6.0538335,0.6798447,-0.07342448,0.31555715,-0.009890947,0.59959036,0.07105411,251.7931,247.29025,332.7823,-5.6774707,14.2648115,251.65125
2,29,30,0.0069999998,0.79783946,0.3649767,0.09531383,0.3375489,0.3020665,-0.04440008,11.747532,0.6771086,49.500492,5.5385914,0.604133,-0.08880016,0.30872938,0.017794639,0.5809896,0.065006785,251.80011,247.37492,332.6047,-6.2157,14.263846,32.682426
2,30,30,0.0069999998,0.7980449,0.36743253,0.08868571,0.3419267,0.30308107,-0.04609425,11.331712,0.2627135,49.82046,5.578032,0.60616213,-0.0921885,0.29780146,0.006904207,0.584745,0.06546962,251.78772,247.36484,332.1981,-5.8407454,14.263846,1.9949389
2,31,30,0.0069999998,0.812619,0.38160232,0.08537434,0.34564236,0.30886984,-0.047128517,11.118146,0.27459887,50.090424,5.437536,0.6177397,-0.094257034,0.29218888,0.00721655,0.5879136,0.063820586,251.79759,247.40515,332.90192,-5.712135,14.263846,12.784123
2,32,30,0.0069999998,0.7852819,0.3545486,0.087719224,0.34301403,0.29771993,-0.044429947,11.269796,0.6987044,49.89961,5.465277,0.59543985,-0.08885989,0.29617432,0.01836221,0.585674,0.06414617,251.74382,247.26921,332.3409,-6.1639814,14.263846,2.058205
2,33,30,0.0069999998,0.78871787,0.36391836,0.07971651,0.34508303,0.30162823,-0.060895234,10.743427,0.9256337,50.049877,4.7109942,0.60325646,-0.12179047,0.28234112,0.02432601,0.5874377,0.05529317,251.71298,247.1922,331.73935,-5.636628,14.264707,4.2880445
2,34,30,0.0069999998,0.8370527,0.41236258,0.080934994,0.34375513,0.32107732,-0.06260926,10.825223,0.8569931,49.953484,4.8249745,0.64215463,-0.12521853,0.28449076,0.022522105,0.58630633,0.056630943,251.77763,247.47151,332.39224,-5.6819677,14.264707,4.4647827
2,35,30,0.0069999998,0.8825967,0.4472751,0.08921479,0.34610677,0.33439314,-0.06249165,11.365459,1.3270543,50.12406,4.3220043,0.6687863,-0.1249833,0.29868844,0.034875464,0.5883084,0.050727576,251.83063,247.71268,332.21637,-5.6490583,14.264707,5.679826
2,36,30,0.0069999998,0.9062367,0.47360274,0.08465142,0.34798253,0.344094,-0.055343386,11.070972,1.2162721,50.259705,4.256053,0.688188,-0.11068677,0.29094917,0.031964086,0.58990043,0.04995351,251.8845,247.82315,332.19513,-5.4723253,14.264707,4.1411347
2,37,30,0.0069999998,0.8302672,0.42715165,0.07113838,0.3319772,0.3267842,-0.04287243,10.148938,1.3950807,49.090256,3.9971738,0.6535684,-0.08574486,0.2667178,0.036663216,0.5761746,0.046915025,251.96086,248.06888,332.93118,-5.3922544,14.264401,3.3367658
2,38,30,0.0069999998,0.7707319,0.37739834,0.07031889,0.3230147,0.30716377,-0.03454001,10.090314,1.4933968,48.423077,4.249148,0.61432755,-0.06908002,0.2651771,0.039247014,0.5683438,0.049872387,251.9954,248.2299,332.89844,-5.7425447,14.264401,3.002587
2,39,30,0.0069999998,0.7530094,0.3578716,0.06612569,0.3290121,0.29911184,-0.036094967,9.784841,0.51398283,48.87054,4.2165217,0.5982237,-0.072189935,0.25714916,0.013507653,0.57359576,0.049489513,251.9981,248.2804,332.74905,-4.7305045,14.264401,2.8890734
2,40,30,0.0069999998,0.76839757,0.3737018,0.06704479,0.32765093,0.30565578,-0.037343495,9.852608,0.73851484,48.769344,4.377387,0.61131155,-0.07468699,0.2589301,0.019408433,0.572408,0.051377587,252.0541,248.36882,333.82346,-5.115902,14.264401,2.8284833
2,41,30,0.0069999998,0.66633254,0.29564485,0.062864624,0.30782306,0.27186617,0.003681414,9.540516,0.739227,47.270676,4.236789,0.54373235,0.007362828,0.2507282,0.019427154,0.55481803,0.049727354,252.0582,248.40416,333.54153,-4.976016,14.263073,1.7174411
2,42,30,0.0069999998,0.66473687,0.2911034,0.05860229,0.31503117,0.26977,-0.0013586584,9.211407,0.014278758,47.820923,3.9200735,0.53954,-0.0027173168,0.2420791,0.00037524677,0.5612764,0.046010055,252.03629,248.24432,333.28342,-3.9343522,14.263073,1.3933349
2,43,30,0.0069999998,0.65330654,0.28099552,0.060228962,0.31208205,0.26504505,-0.005209235,9.338375,-0.0908012,47.596565,4.04086,0.5300901,-0.01041847,0.2454159,-0.0023862906,0.55864304,0.047427766,252.10513,248.47775,334.12067,-3.950059,14.263073,1.4749964
2,44,30,0.0069999998,0.65389967,0.284786,0.06246635,0.3066473,0.26682672,-0.0011286516,9.510246,0.048756916,47.18031,4.257534,0.53365344,-0.002257303,0.24993269,0.0012813385,0.5537574,0.049970888,252.21655,249.0464,334.3093,-4.306291,14.263073,1.7500495
2,45,30,0.0069999998,0.59662056,0.25769946,0.050064266,0.2888568,0.25382054,0.026160264,8.513981,-1.0123445,45.791252,4.117582,0.5076411,0.05232053,0.22375046,-0.026604773,0.537454,0.048328273,252.30045,249.48007,334.6546,-3.1052375,14.260374,2.8677218
2,46,30,0.0069999998,0.5967313,0.26171786,0.050411075,0.28460237,0.25579184,0.025068393,8.543418,-0.9130275,45.452785,4.501999,0.5115837,0.050136786,0.22452411,-0.023994692,0.53348136,0.052840166,252.36829,249.67412,335.7359,-3.5889714,14.260374,22.64315
2,47,30,0.0069999998,0.61043406,0.28295952,0.05101501,0.27645954,0.2659697,0.0331642,8.594442,-0.44945237,44.797832,4.4043846,0.5319394,0.0663284,0.22586502,-0.01181177,0.5257942,0.051694494,252.3999,249.70607,335.41092,-3.9549322,14.260374,194.7477
2,48,30,0.0069999998,0.6275649,0.29293522,0.053298566,0.2813311,0.27061746,0.032121737,8.784691,-0.82929826,45.190804,4.014996,0.5412349,0.06424347,0.23086482,-0.02179426,0.53040653,0.047124177,252.44904,249.90173,334.9593,-3.1856978,14.260374,2.980435
2,49,30,0.0069999998,0.6680983,0.3384556,0.057353184,0.2722895,0.29088467,0.048361164,9.112708,-0.5063726,44.45869,3.7595892,0.58176935,0.09672233,0.23948525,-0.013307652,0.5218137,0.04412648,252.51282,250.08534,335.74503,-3.2532167,14.259948,4.2898397
2,50,30,0.0069999998,0.6797714,0.35664105,0.055214,0.26791635,0.29859716,0.054664895,8.941148,0.153223,44.100227,4.2037945,0.5971943,0.10932979,0.23497659,0.0040267543,0.5176064,0.049340103,252.53362,250.20386,335.5587,-4.3570175,14.259948,875.6262
2,51,30,0.0069999998,0.6801678,0.36210746,0.04722966,0.27083066,0.30087683,0.05168578,8.269439,-0.41579807,44.33943,4.313361,0.60175365,0.10337156,0.21732385,-0.010927325,0.52041394,0.05062613,252.54668,250.30704,335.26566,-3.897563,14.259948,9.008844
2,52,30,0.0069999998,0.65338814,0.33793986,0.045279562,0.2701687,0.29066297,0.04228832,8.096919,-0.465799,44.28521,4.559658,0.58132595,0.08457664,0.21278995,-0.012241366,0.51977754,0.053516928,252.61841,250.56787,336.48508,-4.093859,14.259948,4.4788146
2,53,30,0.0069999998,0.7030461,0.39396933,0.047738682,0.2613381,0.31383488,0.06742177,8.313883,-0.007974567,43.555466,4.892546,0.62766975,0.13484354,0.21849184,-0.00020958077,0.5112124,0.057424065,252.65044,250.77628,336.68695,-4.8845716,14.2619095,11.416848
2,54,30,0.0069999998,0.70332885,0.38753214,0.04950985,0.26628685,0.3112604,0.06972084,8.466705,-0.34946415,43.965908,4.590927,0.6225208,0.13944168,0.22250809,-0.009184041,0.5160299,0.053883936,252.63858,250.80464,336.25806,-4.241463,14.2619095,49.71788
2,55,30,0.0069999998,0.729846,0.41585153,0.046675824,0.26731867,0.32243276,0.06746249,8.220812,-0.48534644,44.051014,4.320986,0.6448655,0.13492498,0.21604589,-0.012755082,0.5170287,0.05071558,252.66891,250.96913,337.0416,-3.8356395,14.2619095,5.848435
2,56,30,0.0069999998,0.7046274,0.39658028,0.046013705,0.26203337,0.3148731,0.072478734,8.162295,0.08522192,43.61336,4.304694,0.6297462,0.14495747,0.21450806,0.0022396643,0.51189196,0.050524373,252.66045,250.96736,336.87018,-4.389916,14.2619095,5.202561
2,57,30,0.0069999998,0.73498553,0.4183163,0.050158348,0.26651087,0.32338688,0.077830076,8.521975,-0.36674345,43.984406,4.030287,0.64677376,0.15566015,0.2239606,-0.009638156,0.5162469,0.04730369,252.63194,250.80469,336.38943,-3.6635432,14.262709,5.857954
2,58,30,0.0069999998,0.7609377,0.44259524,0.05324365,0.26509884,0.33263916,0.07710873,8.780163,-0.24796118,43.86773,4.0442524,0.6652783,0.15421747,0.23074585,-0.0065164976,0.5148775,0.04746756,252.65459,250.7807,337.13507,-3.796291,14.262709,7.391597
2,59,30,0.0069999998,0.76225364,0.44829768,0.05303578,0.26092017,0.33477518,0.07724119,8.763007,0.45076975,43.52062,4.136858,0.66955036,0.15448238,0.23029499,0.011846386,0.51080346,0.04855448,252.66751,250.85303,336.8823,-4.587628,14.262709,6.309867
2,60,30,0.0069999998,0.7595316,0.4336269,0.059868645,0.26603606,0.32925177,0.078309365,9.310401,-0.048421994,43.945198,3.9392195,0.65850353,0.15661873,0.2446807,-0.0012725531,0.5157868,0.046234775,252.69482,251.01823,336.50537,-3.8907974,14.262709,7.0124426
2,61,30,0.0069999998,0.6563159,0.32971033,0.065691054,0.2609145,0.28710204,0.05757554,9.752631,0.36439514,43.52014,3.3117847,0.5742041,0.11515108,0.25630265,0.009576456,0.5107979,0.03887059,252.7614,251.22795,337.62396,-3.67618,14.262062,84.63448
2,62,30,0.0069999998,0.64721864,0.32809606,0.06295319,0.25616938,0.28639835,0.06086267,9.547234,0.7164828,43.122585,3.587475,0.5727967,0.12172534,0.25090474,0.018829439,0.50613177,0.042106397,252.79027,251.34221,337.83545,-4.303958,14.262062,4.548483
2,63,30,0.0069999998,0.6244428,0.30879614,0.058950137,0.25669655,0.27784714,0.0612719,9.238706,0.23733489,43.166935,3.7238832,0.5556943,0.1225438,0.2427965,0.0062372372,0.5066523,0.043707423,252.80382,251.47554,337.40576,-3.961218,14.262062,5.406874
2,64,30,0.0069999998,0.632761,0.32678136,0.055616867,0.2503628,0.28582397,0.05826462,8.973707,0.60374355,42.631058,4.118046,0.57164794,0.11652924,0.23583229,0.0158666,0.5003627,0.04833369,252.87042,251.73315,338.34204,-4.7217894,14.262062,829.4729
2,65,30,0.0069999998,0.5454117,0.24558395,0.060196765,0.23963101,0.24778214,0.044955783,9.335879,1.6715441,41.707363,3.5655751,0.49556428,0.089911565,0.24535029,0.043928783,0.4895212,0.04184931,252.90694,251.86313,338.24786,-5.237119,14.261435,18.891039
2,66,30,0.0069999998,0.5436306,0.22861199,0.066931106,0.24808753,0.23906693,0.04438152,9.84425,0.8776247,42.4369,3.2314053,0.47813386,0.08876304,0.25871047,0.023064293,0.49808386,0.037927166,252.9047,251.9062,337.44528,-4.10903,14.261435,4.146044
2,67,30,0.0069999998,0.56931734,0.2530838,0.06711199,0.24912152,0.25153717,0.043536976,9.857545,0.9762604,42.525246,2.9526885,0.50307435,0.08707395,0.25905982,0.025656473,0.49912074,0.03465583,252.96922,252.02843,338.24094,-3.9289489,14.261435,2.6494946
2,68,30,0.0069999998,0.55073786,0.24234615,0.06431075,0.24408098,0.24614333,0.049177006,9.649627,1.6804214,42.09284,3.0312784,0.49228665,0.09835401,0.25359565,0.044162076,0.49404553,0.035578303,253.01361,252.26918,338.18903,-4.7116995,14.261435,9.020301
2,69,30,0.0069999998,0.48623675,0.18384987,0.06090755,0.24147932,0.2143886,0.02577715,9.390836,1.300207,41.867897,2.3691924,0.4287772,0.0515543,0.24679455,0.034169905,0.49140546,0.027807312,253.0107,252.42621,337.75488,-3.6693993,14.259248,1.4612433
2,70,30,0.0069999998,0.49897048,0.19831918,0.060946908,0.2397044,0.2226652,0.020146629,9.393869,1.2740675,41.71375,2.6528666,0.4453304,0.040293258,0.24687427,0.033482965,0.48959616,0.031136831,253.01974,252.39943,338.8366,-3.9269342,14.259248,1.3123139
2,71,30,0.0069999998,0.48461562,0.18747997,0.062428273,0.2347074,0.21649478,0.022458462,9.507347,1.9875332,41.276665,2.6759896,0.43298957,0.044916924,0.2498565,0.0522331,0.4844661,0.031408243,252.99146,252.23149,338.80444,-4.6635227,14.259248,1.8517762
2,72,30,0.0069999998,0.4712515,0.17111471,0.06341255,0.23672424,0.20683007,0.023115924,9.582003,1.1727316,41.45363,2.4138713,0.41366014,0.046231847,0.25181848,0.030819817,0.48654315,0.028331738,252.99037,252.25688,338.19315,-3.586603,14.259248,1.302106
2,73,30,0.0069999998,0.49947023,0.22122142,0.055068392,0.22318041,0.2351709,-0.011504744,8.929351,0.6979939,40.250313,1.5117631,0.4703418,-0.023009488,0.23466656,0.018343516,0.47241974,0.017743612,253.08673,252.60855,339.15622,-2.2097569,14.255241,26.942984
2,74,30,0.0069999998,0.4939295,0.2167425,0.058340218,0.21884681,0.23277806,-0.0072712237,9.190787,1.4195914,39.85762,1.7207303,0.46555611,-0.014542447,0.2415372,0.037307367,0.46781066,0.020196317,253.12048,252.72203,339.0743,-3.1403217,14.255241,146.33856
2,75,30,0.0069999998,0.48383057,0.20657699,0.055700164,0.22155342,0.2272537,-0.0064304923,8.980425,0.852677,40.10333,1.6052283,0.4545074,-0.012860985,0.23600882,0.022408668,0.4706946,0.018840656,253.11734,252.78831,338.72617,-2.4579053,14.255241,8.765295
2,76,30,0.0069999998,0.4890082,0.21385118,0.058164004,0.216993,0.23122023,-0.012159374,9.176896,0.5820044,39.688446,1.6868366,0.46244046,-0.024318747,0.24117215,0.015295284,0.46582508,0.019798491,253.13835,252.77013,339.50552,-2.268841,14.255241,4.548039
2,77,30,0.0069999998,0.521839,0.27581808,0.049790993,0.19622992,0.26259193,-0.028448343,8.490711,1.1979219,37.741905,1.076498,0.52518386,-0.056896687,0.22313896,0.03148183,0.44297847,0.012634913,253.10141,252.57266,339.25522,-2.2744198,14.25107,7.5706143
2,78,30,0.0069999998,0.49352062,0.24371633,0.04932914,0.20047516,0.24683817,-0.02762496,8.451241,0.7738216,38.147976,0.9416498,0.49367633,-0.05524992,0.22210164,0.02033631,0.44774452,0.011052189,253.04669,252.4049,338.56494,-1.7154714,14.25107,5.19881
2,79,30,0.0069999998,0.50982815,0.25884113,0.052384425,0.1986026,0.25438216,-0.03299376,8.709029,0.68481416,37.9694,0.91510874,0.5087643,-0.06598752,0.22887644,0.017997174,0.44564852,0.010740675,253.05966,252.38632,339.19345,-1.5999229,14.25107,5.638705
2,80,30,0.0069999998,0.5120049,0.26207682,0.054865647,0.19506244,0.2559672,-0.028588377,8.912897,1.2140864,37.629463,1.0841076,0.5119344,-0.057176754,0.23423417,0.031906627,0.44165874,0.01272424,253.06648,252.38712,339.20493,-2.298194,14.25107,15.389963
2,81,30,0.0069999998,0.51929957,0.28431326,0.04776321,0.1872231,0.26660517,-0.03618712,8.316018,0.47618335,36.86557,0.3568257,0.53321034,-0.07237424,0.21854796,0.012514271,0.43269286,0.004188056,253.06345,252.3967,338.30106,-0.83300906,14.24766,5.52932
2,82,30,0.0069999998,0.5733255,0.33972946,0.048536614,0.18505943,0.29143158,-0.03906582,8.383077,0.48172882,36.651928,0.21112369,0.58286315,-0.07813164,0.22031027,0.012660005,0.43018535,0.0024779637,253.15414,252.62897,339.14252,-0.6928525,14.24766,6.9649444
2,83,30,0.0069999998,0.5868026,0.3462673,0.059458002,0.18107729,0.2942224,-0.030884251,9.278416,0.83639294,36.25544,0.4508926,0.5884448,-0.061768502,0.24384011,0.021980712,0.42553177,0.005292141,253.21928,252.76318,339.24362,-1.2872856,14.24766,6.886116
2,84,30,0.0069999998,0.5757211,0.3352673,0.056164876,0.1842889,0.28951135,-0.028775,9.01781,0.24121787,36.575546,0.54827327,0.5790227,-0.05755,0.2369913,0.0063392897,0.42928883,0.006435115,253.28394,253.12035,338.79813,-0.7894911,14.24766,7.518866
2,85,30,0.0069999998,0.47790086,0.2593741,0.046999566,0.17152718,0.25464392,-0.018478438,8.249271,-0.16335104,35.28643,0.6974913,0.50928783,-0.036956877,0.21679384,-0.0042929286,0.4141584,0.008186514,253.39622,253.60231,339.8627,-0.5341402,14.245585,44.940273
2,86,30,0.0069999998,0.45304847,0.23520584,0.049481444,0.16836119,0.24249013,-0.01658515,8.464277,0.59133494,34.95926,0.7622607,0.48498026,-0.0331703,0.22244425,0.015540498,0.4103184,0.008946698,253.45222,253.85406,340.3153,-1.3535956,14.245585,3.5587933
2,87,30,0.0069999998,0.428241,0.21200061,0.04529585,0.17094456,0.23021762,-0.015917588,8.098374,-0.16571769,35.226448,0.7194553,0.46043524,-0.031835176,0.21282822,-0.00435512,0.4134544,0.008444285,253.43912,253.86443,339.99005,-0.55373764,14.245585,9.182552
2,88,30,0.0069999998,0.43323892,0.21776585,0.046178877,0.16929416,0.23332694,-0.020620938,8.176932,-0.61084014,35.05599,0.6598745,0.46665388,-0.041241877,0.21489272,-0.016053094,0.41145372,0.007744991,253.45695,253.87895,340.59863,-0.049034357,14.245585,4.0052137
2,89,30,0.0069999998,0.36886406,0.16254541,0.04756527,0.1587534,0.2015846,-0.00641519,8.298769,-0.28768367,33.947105,0.6818287,0.4031692,-0.01283038,0.21809463,-0.0075604278,0.3984387,0.008002638,253.44788,253.81728,340.31992,-0.394145,14.244818,2.2229052
2,90,30,0.0069999998,0.35070062,0.14342368,0.0441992,0.16307773,0.1893566,-0.005120106,7.99974,-0.59833455,34.40635,0.4510307,0.3787132,-0.010240212,0.21023606,-0.015724443,0.40382883,0.00529374,253.41574,253.7285,339.72845,0.14730385,14.244818,7.9937325
2,91,30,0.0069999998,0.36849293,0.1632096,0.04188383,0.1633995,0.20199604,-0.009386535,7.7873883,-0.7719994,34.440273,0.29480228,0.4039921,-0.01877307,0.2046554,-0.020288428,0.40422705,0.003460094,253.4435,253.77658,340.398,0.47719714,14.244818,2.879063
2,92,30,0.0069999998,0.37919182,0.17138737,0.05004509,0.15775935,0.20699479,-0.0070232153,8.512349,-0.4311958,33.840656,0.55676144,0.41398957,-0.014046431,0.2237076,-0.011331978,0.39718932,0.0065347594,253.49312,253.9905,340.283,-0.12556565,14.244818,2.8501875
2,93,30,0.0069999998,0.33910453,0.13580127,0.04778433,0.15551895,0.18425612,0.013882671,8.317856,-1.1169109,33.599503,0.46984494,0.36851224,0.027765341,0.21859626,-0.029352814,0.3943589,0.005514617,253.54298,254.28455,339.96472,0.647066,14.243783,2.7907214
2,94,30,0.0069999998,0.3447749,0.14654274,0.0449126,0.15331957,0.1914045,0.014587008,8.064042,-1.4767939,33.361073,0.5164,0.382809,0.029174017,0.21192592,-0.03881068,0.39156044,0.0060610147,253.61494,254.53009,341.1988,0.9603939,14.243783,106.18175
2,95,30,0.0069999998,0.3284091,0.13416445,0.045465957,0.14877869,0.18314233,0.0147721525,8.113568,-0.8622426,32.86333,0.5691621,0.36628467,0.029544305,0.21322748,-0.022660036,0.3857184,0.0066802767,253.62514,254.50043,341.28345,0.2930805,14.243783,8.666734
2,96,30,0.0069999998,0.32025045,0.12589857,0.04468184,0.14967005,0.17741095,0.016157264,8.043299,-1.2751533,32.96163,0.38528657,0.3548219,0.032314528,0.2113808,-0.03351149,0.38687214,0.0045221695,253.63435,254.55525,340.56604,0.8898667,14.243783,5.571326
2,97,30,0.0069999998,0.4039248,0.2234787,0.042717572,0.13772851,0.23636767,0.035602808,7.8645144,-1.4290321,31.619366,0.5225183,0.47273535,0.071205616,0.2066823,-0.037555475,0.37111792,0.006132858,253.69722,254.74199,341.36877,0.9065138,14.242522,3.546482
2,98,30,0.0069999998,0.4084483,0.22336698,0.0525659,0.13251543,0.23630857,0.036984958,8.724102,-1.0295537,31.015188,0.7514457,0.47261715,0.073969916,0.22927254,-0.02705704,0.3640267,0.008819764,253.71739,254.79568,341.18396,0.27810794,14.242522,110.664856
2,99,30,0.0069999998,0.38400483,0.19740039,0.054517366,0.1320871,0.22214882,0.034745783,8.884564,-1.3766121,30.965023,0.57745546,0.44429764,0.069491565,0.23348954,-0.036177862,0.3634379,0.006777609,253.75883,254.95306,340.7197,0.7991566,14.242522,7.2338343
2,100,30,0.0069999998,0.39501017,0.21033351,0.05517351,0.12950318,0.22931066,0.03222765,8.937869,-1.503743,30.660652,0.6479868,0.45862132,0.0644553,0.23489042,-0.0395189,0.3598655,0.007605437,253.85208,255.3473,341.56503,0.8557562,14.242522,135.86417
3,1,30,0.0048999996,0.66384435,0.4340242,0.047954876,0.18186523,0.32940257,0.06785212,8.332686,-0.009605909,36.33424,-1.1950561,0.65880513,0.13570423,0.21898602,-0.00025244072,0.4264566,-0.014026411,251.78137,247.36873,331.55374,1.204662,14.242314,429.57056
3,2,30,0.0048999996,0.6547646,0.41960967,0.054927368,0.18022756,0.32388642,0.07194531,8.91791,0.6089824,36.170277,-1.200876,0.64777285,0.14389062,0.23436588,0.016004281,0.42453218,-0.014094728,251.72253,247.16272,330.7472,0.5918936,14.242314,82.91763
3,3,30,0.0048999996,0.6421087,0.4002131,0.053218298,0.18867728,0.316312,0.067413166,8.778071,0.7392498,37.008457,-1.6231036,0.632624,0.13482633,0.23069091,0.019427752,0.43436998,-0.019050434,251.70206,247.03044,330.30765,0.8838538,14.242314,13110.029
3,4,30,0.0048999996,0.6379801,0.40036958,0.049619935,0.18799059,0.31637383,0.06291469,8.476114,0.47279543,36.94105,-1.4430721,0.63274765,0.12582938,0.22275533,0.012425235,0.43357882,-0.01693741,251.72826,247.15613,330.98013,0.97027665,14.242314,621.7383
3,5,30,0.0048999996,0.7266303,0.4821091,0.060533695,0.1839875,0.34717038,0.07601211,9.361971,0.9619491,36.545624,-1.1536446,0.69434077,0.15202422,0.24603596,0.025280362,0.42893764,-0.013540364,251.69823,247.09416,330.8221,0.19169545,14.242285,2326.4485
3,6,30,0.0048999996,0.732625,0.48704845,0.05794047,0.18763606,0.34894428,0.07836401,9.1592455,0.78522336,36.906204,-1.2961525,0.69788855,0.15672801,0.24070826,0.020635944,0.43316978,-0.0152129745,251.63943,246.86565,330.4358,0.5109291,14.242285,264.26675
3,7,30,0.0048999996,0.7309035,0.4943996,0.053402897,0.18310103,0.35156778,0.07652823,8.793284,0.6775959,36.457474,-0.94051844,0.70313555,0.15305646,0.23109066,0.017807469,0.42790306,-0.011038934,251.60425,246.62198,330.99353,0.26292253,14.242285,65.80574
3,8,30,0.0048999996,0.7697789,0.53114134,0.056874894,0.18176271,0.36439723,0.08020044,9.07463,0.72169065,36.323997,-0.711321,0.72879446,0.16040088,0.23848458,0.018966302,0.42633638,-0.0083488505,251.54784,246.43379,330.46063,-0.0103696585,14.242285,55.498207
3,9,30,0.0048999996,0.90500903,0.65440506,0.063367315,0.1872367,0.40447652,0.09260096,9.578585,0.6585536,36.86691,-1.0065609,0.80895305,0.18520191,0.25172865,0.017307026,0.43270856,-0.011814079,251.4839,246.20259,329.69702,0.34800732,14.242449,272.50806
3,10,30,0.0048999996,0.8777662,0.6298425,0.062086277,0.1858374,0.3968131,0.088920735,9.48127,0.5092928,36.728886,-1.2616004,0.7936262,0.17784147,0.24917118,0.013384409,0.43108863,-0.01480746,251.45938,246.03488,330.03195,0.7523076,14.242449,15.046202
3,11,30,0.0048999996,0.86996216,0.6246019,0.06253787,0.18282239,0.3951588,0.09209265,9.515689,0.6125341,36.42972,-1.1421515,0.7903176,0.1841853,0.25007573,0.01609762,0.42757735,-0.013405501,251.44176,245.97005,329.6435,0.52961737,14.242449,15.694177
3,12,30,0.0048999996,0.8584844,0.6072374,0.062532045,0.1887149,0.3896272,0.088549815,9.515245,0.48186794,37.01215,-1.4485714,0.7792544,0.17709963,0.25006407,0.012663663,0.43441328,-0.017001914,251.4315,245.90578,329.32083,0.96670353,14.242449,18.140871
3,13,30,0.0048999996,0.8690872,0.6191445,0.061806645,0.18813607,0.39342868,0.09108317,9.459894,0.49388978,36.955345,-1.1299913,0.78685737,0.18216634,0.24860942,0.012979599,0.43374655,-0.013262749,251.43575,245.79398,329.97275,0.6361015,14.243078,254.77255
3,14,30,0.0048999996,0.8801039,0.63609296,0.060849328,0.1831616,0.3987772,0.091130726,9.386346,0.97330236,36.46351,-0.73176223,0.7975544,0.18226145,0.24667656,0.025578743,0.42797384,-0.008588733,251.40277,245.61714,329.65628,-0.24154013,14.243078,9.308621
3,15,30,0.0048999996,0.8914194,0.6424934,0.063443035,0.18548296,0.40077844,0.09046021,9.584305,0.7071047,36.693844,-0.9020898,0.8015569,0.18092042,0.251879,0.018582975,0.43067732,-0.0105878655,251.38889,245.68979,329.44348,0.19498509,14.243078,15.751798
3,16,30,0.0048999996,0.8405915,0.59566694,0.061143935,0.18378063,0.3858973,0.086399466,9.40904,0.5309766,36.525074,-0.8206245,0.7717946,0.17279893,0.247273,0.013954271,0.42869642,-0.009631696,251.40364,245.74313,329.94696,0.28964788,14.243078,46.10238
3,17,30,0.0048999996,0.90938395,0.6586616,0.06528105,0.18544133,0.40578985,0.094969235,9.722149,0.81729394,36.689728,-0.3938013,0.8115797,0.18993847,0.25550157,0.021478793,0.430629,-0.0046220743,251.42638,245.87587,329.67273,-0.42349264,14.244461,53.55768
3,18,30,0.0048999996,0.8923499,0.6308236,0.06482572,0.19670059,0.39712203,0.09311141,9.688184,0.61603016,37.787148,-0.97864634,0.79424405,0.18622282,0.25460896,0.016189482,0.4435094,-0.0114864195,251.44382,245.92645,329.30887,0.36261618,14.244461,13.81684
3,19,30,0.0048999996,0.87065434,0.6199768,0.058686268,0.19199128,0.39369303,0.08707511,9.218005,0.48615843,37.332066,-0.5244572,0.78738606,0.17415021,0.24225248,0.012776416,0.4381681,-0.0061556017,251.50217,246.14859,330.34222,0.038298786,14.244461,16.84081
3,20,30,0.0048999996,0.87097245,0.615362,0.06474312,0.19086738,0.39222506,0.09020854,9.682008,0.7559124,37.22263,-0.2979194,0.7844501,0.18041708,0.2544467,0.019865667,0.43688372,-0.0034966902,251.5253,246.34982,330.24756,-0.45799303,14.244461,54.932873
3,21,30,0.0048999996,0.8267552,0.55479294,0.066176385,0.20578593,0.37242213,0.08130794,9.788592,0.77317303,38.64996,-0.3503455,0.74484426,0.16261588,0.25724772,0.02031925,0.45363635,-0.0041120127,251.49301,246.24171,329.78012,-0.42282754,14.246099,40.691135
3,22,30,0.0048999996,0.81357974,0.5454422,0.06675822,0.20137931,0.3692703,0.08033978,9.831529,0.65017575,38.233906,-0.027311692,0.7385406,0.16067956,0.25837612,0.017086854,0.44875306,-0.00032059834,251.5,246.22153,330.38678,-0.62286407,14.246099,503.91037
3,23,30,0.0048999996,0.7799245,0.5054807,0.07315479,0.20128901,0.35548583,0.08360668,10.29177,1.0277963,38.225334,0.06377619,0.71097165,0.16721337,0.27047142,0.027010843,0.44865245,0.0007485573,251.4927,246.27794,330.15945,-1.0915724,14.246099,6.6897717
3,24,30,0.0048999996,0.8197308,0.5484577,0.064691074,0.20658208,0.37028965,0.08426321,9.678117,0.7936685,38.72465,-0.24529721,0.7405793,0.16852643,0.2543444,0.020857908,0.454513,-0.0028790561,251.45506,246.22694,329.85104,-0.5483713,14.246099,1014.25806
3,25,30,0.0048999996,0.7797277,0.50020653,0.06845445,0.21106671,0.3536264,0.077716045,9.9556465,0.79711527,39.142727,-0.10375854,0.7072528,0.15543209,0.26163802,0.020948483,0.45941997,-0.0012178132,251.41869,245.91089,330.2903,-0.69335675,14.247957,26.731602
3,26,30,0.0048999996,0.79756653,0.5166551,0.073594026,0.20731741,0.35939363,0.080344155,10.322621,1.2385818,38.793514,-0.12227746,0.71878725,0.16068831,0.2712822,0.032550365,0.45532122,-0.0014351931,251.38744,245.80493,329.75784,-1.1163043,14.247957,13.322928
3,27,30,0.0048999996,0.8201316,0.53541404,0.07065829,0.21405928,0.36585996,0.08294499,10.114636,0.9442749,39.419243,-0.5044796,0.7317199,0.16588998,0.26581627,0.024815882,0.4626654,-0.0059210844,251.36148,245.80238,329.35052,-0.43979532,14.247957,216.62006
3,28,30,0.0048999996,0.81223905,0.53307855,0.068724275,0.21043625,0.36506113,0.081480585,9.975248,0.49990368,39.084225,-0.049701113,0.73012227,0.16296117,0.26215315,0.013137644,0.45873332,-0.0005833501,251.38585,245.8368,330.07663,-0.45020255,14.247957,74.90915
3,29,30,0.0048999996,0.7607496,0.47136542,0.07425242,0.21513174,0.3432803,0.07756964,10.368692,0.95321286,39.51786,-0.12941302,0.6865606,0.15513928,0.27249297,0.02505077,0.46382296,-0.001518866,251.38846,245.85594,329.80264,-0.82379985,14.249771,9.214244
3,30,30,0.0048999996,0.79756576,0.50871956,0.07028172,0.21856447,0.3566229,0.07739648,10.0876465,0.98745406,39.8319,-0.70906574,0.7132458,0.15479296,0.265107,0.025950635,0.4675088,-0.00832234,251.39264,245.81432,329.59567,-0.27838832,14.249771,13.918884
3,31,30,0.0048999996,0.78100824,0.5001886,0.06641997,0.21439967,0.35362005,0.07427054,9.806589,0.7229323,39.450565,-0.47952178,0.7072401,0.14854108,0.2577207,0.01899892,0.4630331,-0.005628191,251.47992,246.10756,330.36023,-0.2434105,14.249771,15.687615
3,32,30,0.0048999996,0.8021748,0.52468497,0.06866797,0.20882186,0.3621757,0.079062365,9.971163,0.788641,38.934013,-0.15939178,0.7243514,0.15812473,0.26204574,0.02072578,0.4569703,-0.0018707525,251.54048,246.48586,330.5869,-0.6292492,14.249771,6.1488543
3,33,30,0.0048999996,0.6996633,0.40687746,0.06609343,0.22669241,0.31893474,0.061349936,9.7824545,0.7194212,40.565765,-0.54827696,0.6378695,0.12269987,0.25708643,0.018906657,0.47612226,-0.0064351726,251.51363,246.42429,330.4801,-0.17114425,14.251753,54.672497
3,34,30,0.0048999996,0.68676686,0.3977294,0.064725906,0.22431159,0.31532896,0.05657688,9.680722,0.7138575,40.35219,-0.49998027,0.6306579,0.11315376,0.25441286,0.018760432,0.47361544,-0.005868295,251.51382,246.3439,331.03006,-0.2138772,14.251753,26.135296
3,35,30,0.0048999996,0.6930069,0.4053934,0.06696401,0.22064945,0.31835255,0.058159433,9.84667,1.1143687,40.021435,-0.26680502,0.6367051,0.11631887,0.25877404,0.029286023,0.4697334,-0.0031315389,251.55212,246.53494,331.05795,-0.8475636,14.251753,3.7959387
3,36,30,0.0048999996,0.7328685,0.442705,0.06565673,0.22450672,0.3326804,0.055623945,9.750082,1.0466454,40.369736,-0.28123522,0.6653608,0.11124789,0.2562357,0.027506221,0.4738214,-0.0033008787,251.593,246.80302,330.88828,-0.7654102,14.251753,21.366396
3,37,30,0.0048999996,0.67534614,0.37565762,0.06305925,0.23662926,0.30645457,0.037789986,9.555272,0.745792,41.445316,-0.06731253,0.61290914,0.07557997,0.251116,0.019599693,0.48644555,-0.0007900084,251.64285,246.93155,331.47778,-0.67847943,14.253596,35.869244
3,38,30,0.0048999996,0.69754446,0.3985891,0.06586666,0.23308873,0.31566957,0.0417357,9.765657,1.0584021,41.134087,-0.2582453,0.63133913,0.0834714,0.256645,0.027815193,0.48279265,-0.003031037,251.64299,246.90585,331.33984,-0.8001568,14.253596,5.0892224
3,39,30,0.0048999996,0.71626914,0.4145755,0.06345161,0.23824205,0.32193768,0.035824526,9.584952,1.0938011,41.58631,-0.8830135,0.64387536,0.07164905,0.25189602,0.028745472,0.48810044,-0.010363983,251.61256,246.79797,331.101,-0.21078765,14.253596,22.163315
3,40,30,0.0048999996,0.7005172,0.41209063,0.057276793,0.23114973,0.32097143,0.03586301,9.106638,0.7217657,40.96264,-0.38683712,0.64194286,0.07172602,0.2393257,0.018968264,0.48078033,-0.0045403372,251.57394,246.67233,331.6677,-0.33492857,14.253596,2.3963575
3,41,30,0.0048999996,0.7067312,0.41470245,0.0545786,0.23745014,0.32198697,0.024735963,8.889552,0.64988863,41.51714,-0.32121384,0.64397395,0.049471926,0.23362063,0.017079305,0.48728856,-0.0037700962,251.52371,246.50595,331.2796,-0.3286748,14.255049,2.1886125
3,42,30,0.0048999996,0.71386075,0.41230074,0.05684216,0.24471787,0.32105324,0.023344502,9.072019,0.69439805,42.147717,-0.73548347,0.6421065,0.046689004,0.23841594,0.018249026,0.49468967,-0.008632419,251.49112,246.3438,330.81976,0.041085422,14.255049,25.757223
3,43,30,0.0048999996,0.70158637,0.404632,0.056785952,0.24016842,0.31805345,0.024507537,9.067533,0.8212703,41.754105,-0.49687672,0.6361069,0.049015075,0.23829803,0.021583276,0.4900698,-0.005831863,251.51042,246.32616,331.51047,-0.32439357,14.255049,2.1734807
3,44,30,0.0048999996,0.70766145,0.41171712,0.059911728,0.23603262,0.32082593,0.030431055,9.313749,1.1662009,41.393032,-0.46164772,0.64165187,0.06086211,0.24476872,0.030648189,0.4858319,-0.005418363,251.51396,246.38301,331.24512,-0.7045531,14.255049,2.373862
3,45,30,0.0048999996,0.73413837,0.43180168,0.054716654,0.24762005,0.3285581,0.009842678,8.900787,0.29863083,42.3969,-1.1901362,0.6571162,0.019685356,0.23391591,0.007848132,0.49761435,-0.01396867,251.53233,246.50612,330.9265,0.89150536,14.256572,2.6902883
3,46,30,0.0048999996,0.7151542,0.41498286,0.054627277,0.24554405,0.3220958,0.008065714,8.893515,0.16472988,42.218803,-0.8887619,0.6441916,0.016131427,0.23372479,0.0043291515,0.49552402,-0.010431454,251.58897,246.60641,331.73196,0.724032,14.256572,3.3900309
3,47,30,0.0048999996,0.7297675,0.4346491,0.053794987,0.24132341,0.3296396,0.014635019,8.825505,0.4968213,41.85438,-0.48409387,0.6592792,0.029270038,0.23193747,0.013056649,0.4912468,-0.005681799,251.65991,246.87607,331.7065,-0.012727439,14.256572,10.515678
3,48,30,0.0048999996,0.7497566,0.4496962,0.053973544,0.24608684,0.33529696,0.014466303,8.84014,0.19883189,42.26544,-0.43372074,0.6705939,0.028932607,0.23232207,0.0052253837,0.4960714,-0.0050905882,251.75746,247.31763,331.7282,0.23488885,14.256572,2.866876
3,49,30,0.0048999996,0.69148874,0.39931774,0.04754078,0.24463022,0.31595796,-0.0014857355,8.296633,-0.48098654,42.140167,-0.59061563,0.6319159,-0.002971471,0.21803848,-0.01264051,0.49460107,-0.0069320756,251.90024,247.93488,332.86966,1.0716021,14.257248,49.473858
3,50,30,0.0048999996,0.70768845,0.4175458,0.047385674,0.24275698,0.3230889,-0.0009908002,8.283088,-0.119968764,41.978516,-0.66721416,0.6461778,-0.0019816004,0.21768251,-0.0031528089,0.49270374,-0.007831101,251.97108,248.33716,333.01605,0.7871829,14.257248,3.0293617
3,51,30,0.0048999996,0.7083577,0.4182994,0.04443314,0.24562514,0.32338035,-0.0063693766,8.020884,-0.22883205,42.225777,-1.0121466,0.6467607,-0.012738753,0.21079169,-0.0060137934,0.49560583,-0.011879622,251.96567,248.23761,332.83838,1.2409786,14.257248,4.085301
3,52,30,0.0048999996,0.6869608,0.40542823,0.045559146,0.23597346,0.31836623,-0.0033862651,8.121878,-0.5236408,41.387848,-0.40461993,0.63673246,-0.0067725303,0.21344589,-0.01376146,0.485771,-0.0047490764,252.00682,248.33582,333.74182,0.92826074,14.257248,181.53891
3,53,30,0.0048999996,0.6428577,0.37420583,0.045871127,0.22278073,0.30586183,-0.012337639,8.14964,-0.74061865,40.214256,-0.32361457,0.61172366,-0.024675278,0.21417546,-0.019463716,0.47199655,-0.003798244,252.02525,248.50415,333.78925,1.0642332,14.257666,3.7010882
3,54,30,0.0048999996,0.6570741,0.37850952,0.049135495,0.22942907,0.30761564,-0.014446013,8.434636,-1.0007395,40.809895,-0.6825962,0.6152313,-0.028892025,0.22166528,-0.026299795,0.47898754,-0.008011645,252.03897,248.57626,333.5835,1.6833357,14.257666,8.120564
3,55,30,0.0048999996,0.6534313,0.37789956,0.048043076,0.22748868,0.30736768,-0.015305218,8.340345,-1.3668671,40.636948,-0.52075565,0.61473536,-0.030610437,0.2191873,-0.03592176,0.47695774,-0.0061121755,252.08928,248.76376,334.45892,1.8876227,14.257666,5.232217
3,56,30,0.0048999996,0.6483085,0.37756848,0.045582317,0.22515772,0.307233,-0.01040564,8.123943,-0.92398393,40.428223,-0.18200438,0.614466,-0.02081128,0.21350016,-0.024282634,0.47450787,-0.0021362305,252.09584,248.92578,334.21866,1.1059883,14.257666,18.4093
3,57,30,0.0048999996,0.59047675,0.31774005,0.044676203,0.2280605,0.28184217,-0.022707151,8.04279,-1.0150311,40.687992,-0.65292203,0.56368434,-0.045414302,0.21136746,-0.026675386,0.4775568,-0.0076633897,252.08835,248.92705,334.0005,1.6679531,14.258064,2.939068
3,58,30,0.0048999996,0.5933629,0.322266,0.046192177,0.22490478,0.28384238,-0.022037122,8.178108,-1.307708,40.405506,-0.31088966,0.56768477,-0.044074245,0.21492365,-0.034367044,0.47424126,-0.0036488927,252.13246,249.08177,334.7519,1.6185977,14.258064,2.8923876
3,59,30,0.0048999996,0.59916437,0.32999954,0.048021533,0.22114329,0.28722793,-0.018267574,8.338476,-0.66529983,40.066193,-0.5393708,0.57445586,-0.036535148,0.21913816,-0.017484322,0.47025874,-0.0063306154,252.13812,249.10246,334.41486,1.2046707,14.258064,9.286912
3,60,30,0.0048999996,0.6373599,0.35698193,0.054345675,0.2260323,0.29873982,-0.021618785,8.8705635,-0.94909143,40.506664,-0.9105385,0.59747964,-0.04323757,0.23312159,-0.02494247,0.47542855,-0.010687038,252.15031,249.16931,334.14127,1.8596299,14.258064,12.893275
3,61,30,0.0048999996,0.5362997,0.272982,0.04621887,0.2170988,0.2612384,-0.02808382,8.180471,-1.4012269,39.69812,-0.9824626,0.5224768,-0.05616764,0.21498574,-0.036824748,0.46593863,-0.011531213,252.21881,249.33325,335.18283,2.3836894,14.257619,13.028527
3,62,30,0.0048999996,0.5072405,0.2532808,0.0431384,0.21082129,0.25163504,-0.021626282,7.903158,-1.0025055,39.119965,-0.6885592,0.5032701,-0.043252565,0.20769785,-0.026346209,0.4591528,-0.008081658,252.25746,249.40057,335.01553,1.6910647,14.257619,2.8798797
3,63,30,0.0048999996,0.48902076,0.22984503,0.045322265,0.21385346,0.23971078,-0.022880873,8.100735,-1.1856368,39.400284,-0.83039874,0.47942156,-0.045761745,0.21289027,-0.031158967,0.46244293,-0.009746427,252.31706,249.57706,334.78937,2.0160356,14.257619,8.017991
3,64,30,0.0048999996,0.46838254,0.21615045,0.04372335,0.20850872,0.23245992,-0.021261677,7.956561,-1.3547138,38.904816,-0.24778424,0.46491984,-0.042523354,0.20910129,-0.035602376,0.45662755,-0.0029082443,252.41014,249.87756,335.83768,1.602498,14.257619,3.713244
3,65,30,0.0048999996,0.3970223,0.16175835,0.037633125,0.19763085,0.20109597,-0.017224481,7.3816557,-0.4512846,37.87639,-0.26909167,0.40219194,-0.034448963,0.19399258,-0.011859919,0.44455692,-0.0031583286,252.45244,250.03484,336.002,0.72037625,14.257413,3.3337312
3,66,30,0.0048999996,0.42216587,0.17889011,0.04017431,0.20310147,0.21147701,-0.027360672,7.626809,-0.59086525,38.39704,-0.7006805,0.42295402,-0.054721344,0.2004353,-0.015528153,0.4506678,-0.008223938,252.44673,250.07219,335.4431,1.2915457,14.257413,6.3855815
3,67,30,0.0048999996,0.41516632,0.18109773,0.03749465,0.19657393,0.2127779,-0.02460796,7.3680625,-0.79988945,37.77497,-0.3834321,0.4255558,-0.04921592,0.19363534,-0.021021381,0.4433666,-0.00450036,252.46964,250.16351,336.05002,1.1833215,14.257413,61.736294
3,68,30,0.0048999996,0.39836413,0.17028753,0.03302104,0.19505554,0.20632955,-0.021622986,6.9145513,-0.4763632,37.628796,-0.27039993,0.4126591,-0.04324597,0.18171692,-0.012518993,0.44165093,-0.0031736547,252.46153,250.18723,335.85455,0.7467631,14.257413,16.488323
3,69,30,0.0048999996,0.36267668,0.13075095,0.034819994,0.19710574,0.1807975,-0.024667904,7.1004033,-0.07831627,37.82603,-0.9507415,0.361595,-0.049335808,0.18660116,-0.0020581821,0.4439659,-0.011158895,252.43951,250.1413,335.38498,1.0290577,14.258223,3.9332724
3,70,30,0.0048999996,0.3686441,0.13583852,0.04019612,0.19260944,0.1842814,-0.027097557,7.628879,-0.42077437,37.392117,-0.84841335,0.3685628,-0.054195113,0.2004897,-0.011058101,0.43887293,-0.009957872,252.48026,250.16974,336.22104,1.2691877,14.258223,160.8985
3,71,30,0.0048999996,0.3558368,0.1275188,0.039445747,0.18887226,0.17854887,-0.019255517,7.5573354,-0.062257707,37.027576,-0.71629196,0.35709774,-0.038511034,0.19860953,-0.0016361583,0.43459436,-0.008407131,252.53598,250.33406,336.2433,0.7785497,14.258223,13.129574
3,72,30,0.0048999996,0.37020522,0.13671882,0.03618964,0.19729675,0.18487754,-0.020583918,7.2387037,-0.36423466,37.84436,-0.81809056,0.3697551,-0.041167837,0.19023575,-0.009572215,0.444181,-0.009601997,252.60002,250.76772,335.9158,1.1823252,14.258223,1.4324696
3,73,30,0.0048999996,0.36915952,0.1359457,0.036148515,0.1970653,0.18435407,-0.026185717,7.23459,-0.17233522,37.82215,-0.64684933,0.36870813,-0.052371435,0.19012763,-0.004529038,0.44392037,-0.0075921337,252.64432,250.93979,336.81036,0.81918454,14.259675,2.7518926
3,74,30,0.0048999996,0.36584815,0.13670418,0.03780383,0.19134015,0.18486764,-0.023511548,7.398378,0.13034582,37.268703,-0.6253939,0.36973527,-0.047023095,0.19443206,0.0034255306,0.43742445,-0.007340277,252.62172,250.79436,336.6653,0.4950481,14.259675,1.4849666
3,75,30,0.0048999996,0.36506993,0.13208872,0.039120227,0.19386098,0.18172006,-0.026950523,7.526089,-0.07906958,37.5134,-0.89308923,0.36344013,-0.053901047,0.19778834,-0.0020779816,0.44029647,-0.01048221,252.59134,250.6859,336.31308,0.9721588,14.259675,2.7592325
3,76,30,0.0048999996,0.35094088,0.12337304,0.038747735,0.18882012,0.1756225,-0.025611715,7.490173,-0.49198428,37.022465,-0.6044533,0.351245,-0.05122343,0.19684444,-0.0129295215,0.43453437,-0.0070945276,252.62267,250.69385,337.04172,1.0964376,14.259675,133.97083
3,77,30,0.0048999996,0.37253165,0.13954803,0.04134737,0.19163623,0.18678065,-0.022528296,7.737357,0.36688256,37.297527,-0.5564538,0.3735613,-0.045056593,0.20334053,0.009641807,0.43776277,-0.0065311277,252.6714,250.89172,336.92795,0.18957126,14.261553,1.4792944
3,78,30,0.0048999996,0.3973388,0.15471166,0.040556084,0.20207104,0.19666702,-0.024307318,7.662961,0.28052613,38.299515,-0.8666468,0.39333403,-0.048614636,0.20138541,0.007372326,0.44952312,-0.010171861,252.72731,251.14,336.69693,0.5861207,14.261553,1.7296761
3,79,30,0.0048999996,0.39046097,0.1542389,0.041578677,0.19464341,0.1963663,-0.026723057,7.7589693,-0.06512975,37.589027,-0.49166098,0.3927326,-0.053446114,0.2039085,-0.0017116407,0.4411841,-0.0057706255,252.80774,251.42464,337.582,0.5567907,14.261553,71.253975
3,80,30,0.0048999996,0.38805214,0.15772179,0.042018354,0.188312,0.19857101,-0.02061317,7.7998843,0.28811932,36.97262,-0.18528177,0.39714202,-0.04122634,0.20498379,0.007571878,0.4339493,-0.0021746375,252.82481,251.42242,337.56882,-0.10283755,14.261553,441.15643
3,81,30,0.0048999996,0.43769407,0.19540937,0.041302707,0.20098197,0.22102566,-0.025557905,7.7331767,0.5245099,38.196167,-0.6570317,0.44205132,-0.05111581,0.20323068,0.0137843145,0.44831014,-0.0077116033,252.83087,251.50948,337.29797,0.13252181,14.263953,25.21335
3,82,30,0.0048999996,0.43605503,0.1921706,0.046350777,0.19753365,0.21918634,-0.03031065,8.192138,0.35460293,37.867077,-0.48063707,0.43837267,-0.0606213,0.2152923,0.009319088,0.44444758,-0.005641234,252.84032,251.4959,337.9383,0.12603414,14.263953,4.2170153
3,83,30,0.0048999996,0.4296663,0.19080624,0.044184033,0.19467604,0.21840687,-0.023922015,7.9983673,0.8709507,37.59218,-0.19478352,0.43681374,-0.04784403,0.21019998,0.0228889,0.4412211,-0.002286179,252.82437,251.36285,337.71082,-0.6761672,14.263953,39.374725
3,84,30,0.0048999996,0.44458288,0.19673982,0.04552813,0.20231493,0.22177681,-0.027455159,8.119113,0.7172185,38.322624,-0.7894281,0.44355363,-0.054910317,0.21337321,0.018848768,0.44979432,-0.009265572,252.85866,251.58736,337.15762,0.0722096,14.263953,155.71526
3,85,30,0.0048999996,0.512439,0.2645648,0.049123593,0.19875059,0.25717932,-0.03135729,8.433614,0.73731285,37.983536,-0.7714172,0.51435864,-0.06271458,0.22163843,0.019376846,0.44581452,-0.009054146,252.93997,251.92934,338.00732,0.034104347,14.26564,2.9130385
3,86,30,0.0048999996,0.50660634,0.26407155,0.049134545,0.19340026,0.25693947,-0.024653556,8.434554,1.0494123,37.468796,-0.57964593,0.51387894,-0.04930711,0.22166313,0.027578935,0.43977296,-0.0068033487,252.98149,252.10768,338.1938,-0.46976632,14.26564,717.96277
3,87,30,0.0048999996,0.5060336,0.25973904,0.047949217,0.19834532,0.254823,-0.027526008,8.332194,0.6616362,37.944794,-0.7139196,0.509646,-0.055052016,0.2189731,0.017388046,0.44535977,-0.00837931,253.00127,252.26904,337.9514,0.052283406,14.26564,3.9034855
3,88,30,0.0048999996,0.47140655,0.23116703,0.048560176,0.19167933,0.24039917,-0.030483741,8.385111,0.27199006,37.30172,-0.36065304,0.48079833,-0.060967483,0.22036374,0.0071480107,0.43781197,-0.004233004,253.0443,252.40128,338.84326,0.08866298,14.26564,41.582558
3,89,30,0.0048999996,0.5316209,0.29206672,0.049151596,0.19040258,0.270216,-0.026654335,8.436017,0.8320773,37.17728,-0.479851,0.540432,-0.05330867,0.22170159,0.021867305,0.43635145,-0.0056320247,253.0247,252.2129,338.50406,-0.35222632,14.267079,10.227361
3,90,30,0.0048999996,0.56624794,0.31666252,0.05498149,0.19460389,0.28136387,-0.030412747,8.922302,0.77999324,37.585213,-0.99366593,0.56272775,-0.060825493,0.23448132,0.020498516,0.4411393,-0.011662714,252.98102,252.03333,337.51114,0.2136727,14.267079,3.1909163
3,91,30,0.0048999996,0.580331,0.33243623,0.055163924,0.19273087,0.28828642,-0.032315582,8.937093,0.72843224,37.403893,-0.9798177,0.57657284,-0.064631164,0.23487002,0.019143471,0.43901125,-0.011500205,252.97365,251.91698,338.1632,0.25138545,14.267079,5.100629
3,92,30,0.0048999996,0.5770962,0.33156052,0.056471236,0.18906444,0.28790647,-0.028009793,9.042371,1.247676,37.04641,-0.83150166,0.57581294,-0.056019586,0.23763677,0.03278937,0.4348154,-0.009759373,252.95955,251.84808,337.95914,-0.41617435,14.267079,4.6587386
3,93,30,0.0048999996,0.5808231,0.33074063,0.05919713,0.19088538,0.28755027,-0.026261132,9.2580385,1.2467529,37.22439,-1.1200962,0.57510054,-0.052522264,0.24330461,0.032765113,0.4369043,-0.013146603,252.97372,251.96416,337.55493,-0.12665665,14.267195,3.3771136
3,94,30,0.0048999996,0.5997304,0.35543305,0.05766413,0.18663323,0.29809102,-0.029384237,9.137378,0.691233,36.80745,-0.77855337,0.59618205,-0.058768474,0.24013357,0.018165838,0.43201068,-0.009137934,253.0518,252.27957,338.43512,0.08732039,14.267195,4.6792154
3,95,30,0.0048999996,0.57310927,0.3360051,0.05615713,0.18094707,0.28982973,-0.022748297,9.017188,0.92946696,36.2424,-0.30482435,0.57965946,-0.045496594,0.23697495,0.024426734,0.42537874,-0.0035777236,253.09691,252.44691,338.60602,-0.6246426,14.267195,5.9150777
3,96,30,0.0048999996,0.5778897,0.33443722,0.058151573,0.1853009,0.28915274,-0.023260733,9.175916,0.65859693,36.67583,-0.54438734,0.5783055,-0.046521466,0.24114637,0.017308148,0.4304659,-0.006389483,253.15361,252.78786,338.33987,-0.11420959,14.267195,6.086391
3,97,30,0.0048999996,0.55659384,0.32216105,0.052444637,0.18198815,0.28379616,-0.015880825,8.714033,0.39567965,36.346516,-0.3866941,0.5675923,-0.03176165,0.22900794,0.01039861,0.4266007,-0.0045386325,253.21486,252.9635,339.0838,-0.008985549,14.266429,5.0651793
3,98,30,0.0048999996,0.5463401,0.31578872,0.050239775,0.1803116,0.2809754,-0.006298614,8.528891,0.5885702,36.17871,-0.09347257,0.5619508,-0.012597228,0.22414231,0.015467846,0.42463115,-0.00109713,253.22818,252.95482,339.04294,-0.4950976,14.266429,5.2549767
3,99,30,0.0048999996,0.557791,0.31875363,0.055831075,0.1832063,0.28229135,-0.004573934,8.990972,0.35839474,36.467957,-0.13391545,0.5645827,-0.009147868,0.236286,0.009418743,0.42802605,-0.0015717805,253.25856,253.15106,338.59003,-0.22447929,14.266429,3.7587323
3,100,30,0.0048999996,0.55486536,0.3200044,0.057386976,0.17747399,0.28284466,-0.01316931,9.115392,0.14018743,35.892902,-0.015054106,0.5656893,-0.02633862,0.23955579,0.0036841836,0.42127663,-0.0001767091,253.3076,253.32256,339.57986,-0.12513332,14.266429,3.49177
4,1,30,0.0034299996,0.4572478,0.22701088,0.05426401,0.17597292,0.23822829,0.0029748816,8.863895,-0.027093753,35.740788,0.37269977,0.47645658,0.005949763,0.23294637,-0.0007120431,0.41949126,0.0043743886,253.37413,252.33879,338.649,-0.34560603,14.264659,2.1173759
4,2,30,0.0034299996,0.44346106,0.21430522,0.05762699,0.17152883,0.23146556,0.008555181,9.134433,0.24868004,35.2866,0.6839963,0.46293113,0.017110363,0.24005622,0.006535405,0.4141604,0.008028088,253.3428,252.26555,338.37122,-0.9326764,14.264659,15.660644
4,3,30,0.0034299996,0.46085662,0.22016281,0.055883028,0.18481077,0.23460755,0.0070939246,8.995154,0.26029953,36.6273,0.13842835,0.4692151,0.014187849,0.23639591,0.006840759,0.42989624,0.0016247142,253.29672,252.20395,337.50867,-0.3987279,14.264659,5.203953
4,4,30,0.0034299996,0.47927666,0.24292807,0.051178068,0.18517053,0.24643867,0.004250549,8.608166,0.42293602,36.662926,0.22096391,0.49287733,0.008501098,0.2262257,0.011114915,0.43031445,0.0025934547,253.26698,252.00467,337.79422,-0.6438999,14.264659,9.31872
4,5,30,0.0034299996,0.42098325,0.19587708,0.045619424,0.17948677,0.22129,0.017540533,8.12725,0.64612955,36.095867,0.24900925,0.44258,0.035081066,0.21358705,0.016980523,0.4236588,0.0029226264,253.22278,251.79001,337.53128,-0.8951388,14.262367,2.0102248
4,6,30,0.0034299996,0.42639047,0.19317175,0.04576127,0.18745746,0.21975654,0.017719312,8.1398735,0.34073445,36.888638,-0.0749598,0.4395131,0.035438623,0.21391883,0.0089546265,0.43296358,-0.0008798079,253.16586,251.60413,337.07275,-0.26577467,14.262367,2.5800679
4,7,30,0.0034299996,0.4463403,0.21766192,0.04266624,0.18601212,0.23327126,0.011884195,7.859789,0.34818462,36.746147,0.16629305,0.4665425,0.02376839,0.20655808,0.009150418,0.43129122,0.0019518245,253.10431,251.3041,337.38028,-0.51447767,14.262367,2.2880695
4,8,30,0.0034299996,0.4380815,0.20551498,0.046053253,0.18651326,0.2266688,0.019529145,8.165802,0.73979264,36.795616,0.07014049,0.4533376,0.03905829,0.21460022,0.019442022,0.4318718,0.0008232232,252.99394,250.82484,336.5524,-0.8099331,14.262367,2.3027265
4,9,30,0.0034299996,0.3911457,0.15539747,0.044821147,0.1909271,0.19710243,0.018580804,8.055826,0.5188525,37.22845,-0.88186246,0.39420485,0.037161607,0.21171005,0.013635626,0.43695205,-0.010350429,252.9076,250.41896,335.7489,0.36301,14.2598,1.9535247
4,10,30,0.0034299996,0.4048749,0.1724474,0.044283982,0.1881435,0.20763393,0.01874486,8.007409,0.56620556,36.956078,-0.62863994,0.41526785,0.03748972,0.2104376,0.014880082,0.43375513,-0.0073783854,252.87952,250.25824,336.18893,0.062434375,14.2598,2.9180882
4,11,30,0.0034299996,0.40791115,0.17583787,0.046619322,0.18545395,0.20966513,0.02285093,8.215833,0.8981826,36.690975,-0.5170257,0.41933027,0.04570186,0.21591508,0.023604564,0.43064365,-0.0060683647,252.82753,250.09981,335.80603,-0.38115686,14.2598,2.048753
4,12,30,0.0034299996,0.40425724,0.16300465,0.0467002,0.19455239,0.20186917,0.018872228,8.222957,0.5876744,37.58024,-1.0623637,0.40373835,0.037744455,0.21610229,0.015444291,0.44108093,-0.012469022,252.79504,250.01065,335.35388,0.47468936,14.2598,2.129033
4,13,30,0.0034299996,0.36389136,0.13742137,0.040947895,0.18552208,0.18535194,0.017084062,7.699889,0.83132714,36.697712,-1.0433633,0.37070388,0.034168124,0.20235586,0.021847578,0.43072274,-0.012246007,252.77924,249.91193,335.77478,0.21203619,14.25704,102.35882
4,14,30,0.0034299996,0.35589743,0.13401802,0.038950525,0.18292888,0.18304236,0.02144302,7.509748,1.3308622,36.440334,-1.0611732,0.36608472,0.04288604,0.19735888,0.034975555,0.42770186,-0.012455035,252.73166,249.83096,335.40884,-0.26968896,14.25704,1.4718488
4,15,30,0.0034299996,0.3617172,0.13139778,0.036899216,0.1934202,0.18124416,0.019222653,7.3093243,0.99043715,37.47073,-1.8095561,0.36248833,0.038445305,0.19209169,0.026029047,0.43979564,-0.02123881,252.65013,249.55165,334.78842,0.819119,14.25704,1.3412242
4,16,30,0.0034299996,0.36350542,0.13350289,0.036415223,0.19358733,0.18269023,0.014660785,7.2612286,1.1709661,37.48691,-1.7594309,0.36538047,0.02932157,0.19082773,0.03077342,0.4399856,-0.020650508,252.58875,249.22379,335.0645,0.58846474,14.25704,1.6102749
4,17,30,0.0034299996,0.35791025,0.12938972,0.03916967,0.18935086,0.17985392,0.017445754,7.530844,1.6027826,37.074463,-1.9927485,0.35970783,0.03489151,0.19791329,0.042121712,0.43514463,-0.023388969,252.51962,248.98466,334.4717,0.3899659,14.254691,1.2050271
4,18,30,0.0034299996,0.36468273,0.12893268,0.03709566,0.19865438,0.17953598,0.017135555,7.328755,0.7754298,37.974342,-2.300301,0.35907197,0.03427111,0.19260234,0.020378573,0.4457066,-0.02699875,252.4949,248.96167,333.90292,1.5248713,14.254691,1.3821592
4,19,30,0.0034299996,0.3735656,0.14141373,0.034938358,0.19721353,0.18802509,0.015797574,7.1124616,0.55592775,37.83638,-1.8808464,0.37605017,0.03159515,0.18691805,0.014609987,0.4440873,-0.022075556,252.5,249.01157,334.60013,1.3249186,14.254691,1.629846
4,20,30,0.0034299996,0.38651383,0.14890806,0.03975082,0.19785494,0.19294304,0.017460098,7.586505,0.88875264,37.897854,-2.132614,0.38588607,0.034920197,0.19937608,0.023356743,0.44480887,-0.02503057,252.42902,248.6343,333.94272,1.2438612,14.254691,1.9287477
4,21,30,0.0034299996,0.37666386,0.13634966,0.03992736,0.20038682,0.18462777,0.013402187,7.6033316,0.61242634,38.13957,-2.9581249,0.36925554,0.026804375,0.19981831,0.016094781,0.44764587,-0.034719594,252.3823,248.43777,333.20715,2.3456986,14.252287,7.872551
4,22,30,0.0034299996,0.3872133,0.15191366,0.040711757,0.19458787,0.19488052,0.013654628,7.677654,0.6371274,37.58366,-2.6130242,0.38976103,0.027309256,0.20177154,0.016743943,0.44112116,-0.030669183,252.39548,248.48204,333.6639,1.9758968,14.252287,2.3455894
4,23,30,0.0034299996,0.38329458,0.151353,0.040502027,0.19143955,0.19452056,0.018245095,7.657853,0.9561423,37.27838,-2.4061415,0.38904113,0.03649019,0.20125115,0.025127763,0.43753806,-0.028241003,252.35674,248.41232,333.3604,1.4499992,14.252287,2.2556295
4,24,30,0.0034299996,0.39129922,0.153614,0.038481764,0.19920346,0.1959681,0.015593112,7.4644217,0.6384485,38.026787,-2.9086545,0.3919362,0.031186225,0.19616769,0.016778657,0.44632214,-0.03413899,252.31195,248.26872,332.9521,2.270206,14.252287,2.5361748
4,25,30,0.0034299996,0.367612,0.14454298,0.03532488,0.18774416,0.19009404,0.014436102,7.151695,0.75150955,36.91683,-2.8150196,0.38018808,0.028872203,0.18794914,0.01974994,0.43329453,-0.03304001,252.28928,248.1723,333.22235,2.06351,14.249866,2.2130833
4,26,30,0.0034299996,0.37579387,0.15084735,0.03695574,0.1879908,0.19419536,0.017085994,7.314921,1.1766918,36.94107,-2.8203852,0.38839072,0.034171987,0.19223876,0.030923884,0.43357906,-0.03310299,252.23923,248.06621,332.58783,1.6436934,14.249866,31.40648
4,27,30,0.0034299996,0.3927161,0.1574757,0.036485456,0.19875495,0.19841604,0.0112987785,7.2682285,1.1155927,37.98395,-3.5008748,0.39683208,0.022597557,0.19101167,0.029318178,0.4458194,-0.041089963,252.17535,247.79477,332.0753,2.385282,14.249866,1.9419689
4,28,30,0.0034299996,0.3970384,0.16568066,0.036065564,0.19529216,0.20351945,0.008877988,7.2262836,1.2374529,37.65162,-3.3551075,0.4070389,0.017755976,0.18990935,0.03252071,0.44191873,-0.039379034,252.17445,247.74907,332.7085,2.1176548,14.249866,39.17281
4,29,30,0.0034299996,0.3633734,0.14785907,0.036853734,0.17866062,0.19226223,0.0119534815,7.304819,1.4737191,36.012695,-3.3679187,0.38452446,0.023906963,0.19197327,0.038729865,0.42268264,-0.039529406,252.1467,247.70074,332.5721,1.8941996,14.246822,2.2439528
4,30,30,0.0034299996,0.36122796,0.14664632,0.03225382,0.18232782,0.19147214,0.00813894,6.8337517,0.8004016,36.380417,-3.6992927,0.3829443,0.01627788,0.17959349,0.021034839,0.42699862,-0.04341878,252.12944,247.71054,332.25632,2.898891,14.246822,38.072056
4,31,30,0.0034299996,0.36953208,0.15738787,0.03275255,0.17939165,0.1983607,0.0077631604,6.8863835,0.7921456,36.0863,-3.4895384,0.3967214,0.015526321,0.18097666,0.020817874,0.42354652,-0.040956903,252.13152,247.72948,332.61176,2.697393,14.246822,2.6412683
4,32,30,0.0034299996,0.38681167,0.16955408,0.03707668,0.1801809,0.20588472,0.012076682,7.3268805,1.2678258,36.165592,-3.549002,0.41176945,0.024153365,0.19255306,0.033318914,0.42447722,-0.041654807,252.0889,247.52043,332.06265,2.281176,14.246822,326.15488
4,33,30,0.0034299996,0.36906016,0.15880327,0.036788743,0.17346816,0.19925064,0.009037827,7.2983747,0.82472134,35.485516,-4.123201,0.39850128,0.018075654,0.19180392,0.021673983,0.41649508,-0.048394214,252.07584,247.48215,331.77765,3.2984796,14.243599,3539.9404
4,34,30,0.0034299996,0.36456198,0.15442516,0.036893595,0.17324324,0.19648483,0.0073563415,7.308768,0.68264985,35.462498,-3.8181214,0.39296967,0.014712683,0.19207706,0.01794029,0.416225,-0.044813436,252.11555,247.67154,332.64047,3.1354716,14.243599,2.1018689
4,35,30,0.0034299996,0.35879833,0.15051629,0.03832684,0.16995518,0.19398214,0.0117732175,7.4493814,1.0086329,35.124355,-3.457009,0.38796428,0.023546435,0.19577242,0.026507238,0.4122562,-0.040575057,252.09947,247.6638,332.4595,2.4483762,14.243599,4.5237613
4,36,30,0.0034299996,0.36574197,0.15079619,0.038035117,0.17691067,0.19416243,0.009519289,7.420976,0.8013879,35.835896,-3.7500887,0.38832486,0.019038578,0.19502594,0.021060761,0.4206075,-0.04401499,252.09393,247.63515,332.108,2.948701,14.243599,86.80283
4,37,30,0.0034299996,0.3591447,0.15685903,0.03880977,0.16347592,0.19802716,0.01081289,7.4961667,0.91424644,34.448322,-3.6231258,0.39605433,0.02162578,0.19700195,0.024026724,0.40432155,-0.04252481,252.09975,247.63524,332.49316,2.7088795,14.240274,37.299038
4,38,30,0.0034299996,0.35800278,0.15760724,0.039943624,0.16045193,0.19849889,0.01297163,7.604881,1.2705034,34.128223,-3.586528,0.39699778,0.02594326,0.19985901,0.03338929,0.40056452,-0.042095244,252.05408,247.50504,332.11606,2.3160248,14.240274,87.536476
4,39,30,0.0034299996,0.35829353,0.15774882,0.036688093,0.16385663,0.19858803,0.0121242795,7.288384,0.82051396,34.48842,-4.0713816,0.39717606,0.024248559,0.19154136,0.021563401,0.40479207,-0.04778602,251.97826,247.2741,331.51358,3.2508676,14.240274,714.28723
4,40,30,0.0034299996,0.36509693,0.16698122,0.03786794,0.16024777,0.20431668,0.01125135,7.4046507,0.7680839,34.106503,-3.79556,0.40863335,0.0225027,0.19459687,0.020185526,0.4003096,-0.04454865,251.91837,246.92297,331.76007,3.027476,14.240274,17.910744
4,41,30,0.0034299996,0.37448606,0.18178527,0.04319883,0.14950195,0.21318142,0.0142696155,7.908692,0.6593433,32.94312,-3.7310095,0.42636284,0.028539231,0.20784329,0.017327784,0.38665482,-0.04379102,251.9012,246.88774,331.30737,3.0716662,14.237769,34.989994
4,42,30,0.0034299996,0.39074498,0.19262037,0.04078053,0.1573441,0.21944268,0.011347649,7.684137,0.26571786,33.79609,-4.216328,0.43888536,0.022695297,0.20194189,0.006983155,0.39666623,-0.049487263,251.9097,246.89893,330.74533,3.9506102,14.237769,2.53108
4,43,30,0.0034299996,0.38323778,0.1874432,0.041595116,0.15419947,0.21647355,0.013036,7.760503,0.5765753,33.456665,-3.7560863,0.4329471,0.026072,0.20394881,0.0151526015,0.3926824,-0.04408537,251.95735,247.03587,331.44193,3.179511,14.237769,13.7555895
4,44,30,0.0034299996,0.38445634,0.18853825,0.04535795,0.15056013,0.21710496,0.018402154,8.103925,1.0041803,33.059494,-3.59894,0.4342099,0.036804307,0.21297406,0.026390221,0.38802078,-0.04224096,251.95352,247.09012,331.15445,2.5947595,14.237769,2.5921743
4,45,30,0.0034299996,0.38570103,0.19263087,0.045291856,0.1477783,0.21944867,0.014850065,8.098018,0.5087005,32.752655,-4.2944865,0.43889734,0.02970013,0.21281883,0.013368825,0.38441944,-0.05040458,251.97562,247.29425,330.85092,3.7857862,14.235579,86.404915
4,46,30,0.0034299996,0.38042665,0.19103815,0.04529647,0.14409201,0.21853955,0.016524402,8.098431,0.72729325,32.341576,-3.8539805,0.4370791,0.033048805,0.21282968,0.019113526,0.37959453,-0.04523435,251.99689,247.35574,331.4584,3.1266873,14.235579,146.78778
4,47,30,0.0034299996,0.40633917,0.2157027,0.048798148,0.14183833,0.23221903,0.01873965,8.405631,1.1187135,32.08766,-4.04847,0.46443805,0.0374793,0.22090302,0.029400185,0.3766143,-0.04751709,251.9436,247.14386,330.85526,2.9297566,14.235579,30.98595
4,48,30,0.0034299996,0.40297067,0.21057628,0.04746482,0.14492957,0.22944295,0.016203025,8.290002,0.86817676,32.435432,-4.3582873,0.4588859,0.03240605,0.21786423,0.022816,0.38069618,-0.051153403,251.90617,247.0054,330.27924,3.4901106,14.235579,14.478823
4,49,30,0.0034299996,0.42001474,0.23240617,0.051541686,0.1360669,0.24104261,0.015165672,8.638692,0.696885,31.42805,-4.307272,0.48208523,0.030331343,0.22702794,0.018314373,0.36887246,-0.05055464,251.9331,247.12943,330.75873,3.6103868,14.23408,99.36032
4,50,30,0.0034299996,0.41972092,0.23155984,0.053357225,0.13480386,0.24060333,0.017950227,8.789522,0.8528054,31.281841,-4.3070674,0.48120666,0.035900455,0.23099183,0.022412028,0.36715645,-0.050552234,251.9686,247.32118,330.7877,3.454262,14.23408,4.4501505
4,51,30,0.0034299996,0.41890156,0.22426786,0.052687053,0.14194664,0.23678464,0.010495161,8.734149,0.15136857,32.099907,-4.8679323,0.47356927,0.020990321,0.22953661,0.0039780214,0.37675807,-0.0571351,252.03618,247.69667,330.95947,4.7165637,14.23408,8.730056
4,52,30,0.0034299996,0.43100977,0.23445854,0.057109024,0.1394422,0.24210459,0.0119812805,9.093289,0.20348968,31.81547,-4.4706626,0.48420918,0.023962561,0.23897494,0.005347782,0.3734196,-0.052472364,252.13762,248.1398,331.91714,4.267173,14.23408,2087.3293
4,53,30,0.0034299996,0.429433,0.23499805,0.05925309,0.13518184,0.24238299,0.013363514,9.262413,0.33141127,31.32567,-4.2479653,0.48476598,0.026727028,0.24341957,0.008709614,0.36767083,-0.049858555,252.18951,248.33636,331.85242,3.916554,14.233419,23.831015
4,54,30,0.0034299996,0.42747274,0.23171495,0.05199858,0.14375922,0.2406839,0.011556978,8.676897,-0.023099726,32.304207,-4.676009,0.4813678,0.023113957,0.22803198,-0.00060707633,0.37915593,-0.05488251,252.21718,248.36699,331.5928,4.699109,14.233419,6.60011
4,55,30,0.0034299996,0.43214893,0.23972124,0.055491004,0.13693671,0.24480668,0.0094561605,8.963548,-0.028768057,31.528343,-4.147335,0.48961335,0.018912321,0.23556529,-0.0007560349,0.3700496,-0.048677444,252.28859,248.67772,332.6593,4.176103,14.233419,16.109848
4,56,30,0.0034299996,0.40865543,0.2229994,0.053831525,0.13182452,0.23611405,0.010909885,8.828502,0.24340497,30.934233,-3.7210107,0.4722281,0.02181977,0.23201622,0.006396778,0.36307648,-0.043673664,252.28224,248.7592,332.7751,3.4776058,14.233419,3.0951738
4,57,30,0.0034299996,0.40539294,0.22489098,0.048019253,0.13248272,0.23711336,0.007816166,8.338279,-0.23087697,31.01136,-4.1629257,0.4742267,0.015632331,0.21913296,-0.006067519,0.36398175,-0.048860446,252.22482,248.54483,332.53445,4.3938026,14.232181,1.951279
4,58,30,0.0034299996,0.40801257,0.22903474,0.04846802,0.13050984,0.23928787,0.00788634,8.377151,0.0115489,30.77959,-4.056833,0.47857574,0.01577268,0.22015454,0.00030350927,0.36126146,-0.04761521,252.15524,248.1463,332.8877,4.045284,14.232181,4.3477583
4,59,30,0.0034299996,0.40615696,0.22406867,0.054105584,0.12798272,0.23667946,0.00808354,8.850947,0.21593206,30.480137,-4.07092,0.47335893,0.01616708,0.23260607,0.005674762,0.35774672,-0.04778056,252.08533,247.90259,332.1981,3.8549879,14.232181,3.6954434
4,60,30,0.0034299996,0.40114444,0.21505442,0.052928165,0.13316184,0.2318698,0.008124025,8.754112,-0.39277318,31.090744,-4.4280233,0.4637396,0.01624805,0.23006122,-0.010322209,0.36491346,-0.051971894,252.07103,247.99153,331.62027,4.8207965,14.232181,49.82308
4,61,30,0.0034299996,0.39748955,0.2126658,0.058834653,0.12598912,0.23057851,0.009855911,9.2296505,-0.4667767,30.241808,-4.3659563,0.46115702,0.019711822,0.24255855,-0.012267067,0.35494947,-0.051243432,252.09189,248.02452,332.24945,4.832733,14.230556,1.5099734
4,62,30,0.0034299996,0.3975775,0.21248363,0.060896527,0.124197334,0.23047973,0.009658027,9.389986,-0.09864653,30.025991,-4.164118,0.46095946,0.019316055,0.24677221,-0.0025924721,0.35241643,-0.048874427,252.10696,248.1085,331.97525,4.2627645,14.230556,2.2819648
4,63,30,0.0034299996,0.39045894,0.20509093,0.055509113,0.1298589,0.22643483,0.010107464,8.965011,-0.4476632,30.702736,-4.399869,0.45286965,0.020214928,0.23560372,-0.011764768,0.3603594,-0.05164146,252.09906,248.13159,331.6465,4.8475323,14.230556,3.374349
4,64,30,0.0034299996,0.40679976,0.22333959,0.05594614,0.12751403,0.23629409,0.0123011,9.000232,-0.3407122,30.424273,-4.209026,0.47258818,0.0246022,0.23652937,-0.008954039,0.35709107,-0.049401533,252.11983,248.18805,332.2216,4.549738,14.230556,13.045357
4,65,30,0.0034299996,0.3789396,0.20357417,0.05787051,0.11749492,0.22559597,0.013875749,9.153713,-0.121080495,29.204563,-4.336199,0.45119193,0.027751498,0.2405629,-0.0031820452,0.34277532,-0.05089419,252.10342,248.14441,331.81326,4.457279,14.228608,4.2766232
4,66,30,0.0034299996,0.37352592,0.19710645,0.054940175,0.12147929,0.22198336,0.010206125,8.918949,-0.38893405,29.695616,-4.656814,0.44396672,0.02041225,0.23439321,-0.010221322,0.3485388,-0.05465723,252.11559,248.24725,331.82047,5.045748,14.228608,17.332087
4,67,30,0.0034299996,0.37410808,0.20150584,0.053453278,0.11914897,0.22444701,0.009344228,8.79743,-0.44493535,29.409412,-4.4394526,0.44889402,0.018688455,0.23119965,-0.011693054,0.34517962,-0.052106053,252.19019,248.45764,332.88538,4.884388,14.228608,7.9585104
4,68,30,0.0034299996,0.38081443,0.20792714,0.05829612,0.11459117,0.22799514,0.012645064,9.187313,-0.1499193,28.841429,-4.0291343,0.45599028,0.025290128,0.2414459,-0.003939927,0.33851317,-0.047290158,252.20549,248.54521,332.62256,4.179054,14.228608,2.8301141
4,69,30,0.0034299996,0.3474498,0.17878912,0.05422176,0.11443892,0.21141732,0.010320874,8.860443,-0.68727297,28.822264,-4.368454,0.42283463,0.020641748,0.23285566,-0.018061783,0.33828822,-0.051272754,252.2038,248.59966,332.23508,5.055727,14.227181,2.0205414
4,70,30,0.0034299996,0.34332088,0.17745697,0.052349888,0.113514,0.21062821,0.0032107257,8.706157,-0.5643771,28.705553,-4.308079,0.42125642,0.0064214515,0.22880098,-0.014832029,0.33691838,-0.05056413,252.27939,248.8345,332.9572,4.872456,14.227181,2.2160165
4,71,30,0.0034299996,0.3236249,0.16015355,0.05242222,0.111049116,0.20009595,0.0075624906,8.712171,-0.39790744,28.39218,-4.149866,0.4001919,0.015124981,0.228959,-0.01045715,0.33324033,-0.048707206,252.33272,249.12144,332.95612,4.5477734,14.227181,2.7928107
4,72,30,0.0034299996,0.33309343,0.1654506,0.051172994,0.11646983,0.2033781,0.009075348,8.6077385,-0.67074484,29.076889,-4.490481,0.4067562,0.018150697,0.22621448,-0.017627414,0.34127676,-0.052704986,252.3466,249.2298,332.7633,5.161226,14.227181,1.6477568
4,73,30,0.0034299996,0.29710698,0.14047404,0.048856948,0.107776016,0.18739933,0.0016212598,8.410694,-0.78871953,27.97063,-4.4677124,0.37479866,0.0032425197,0.22103608,-0.02072783,0.32829258,-0.05243775,252.33353,249.18011,333.14682,5.256432,14.2259,1.430482
4,74,30,0.0034299996,0.28613287,0.13381638,0.048470855,0.10384564,0.1829046,-0.00054162706,8.377396,-0.36982358,27.45588,-4.3798556,0.3658092,-0.0010832541,0.22016098,-0.009719117,0.3222509,-0.05140658,252.31123,249.0489,332.9153,4.749679,14.2259,1.4587291
4,75,30,0.0034299996,0.28953254,0.13698272,0.045703314,0.106846526,0.18505588,-0.00025676598,8.134718,-0.48944092,27.849758,-4.6642504,0.37011176,-0.00051353197,0.21378334,-0.012862687,0.32687387,-0.054744545,252.31837,249.07986,332.68628,5.1536913,14.2259,1.590053
4,76,30,0.0034299996,0.29072043,0.13937637,0.046661746,0.10468232,0.18666573,-0.0025901434,8.219571,-0.2566405,27.566265,-4.3559914,0.37333146,-0.0051802867,0.2160133,-0.0067446013,0.32354647,-0.051126465,252.35231,249.22055,333.4861,4.612632,14.2259,1.6639588
4,77,30,0.0034299996,0.24984442,0.11221496,0.04038992,0.09723954,0.16749251,-0.012631638,7.647248,-0.2307058,26.568232,-4.2939734,0.33498502,-0.025263276,0.20097244,-0.006063059,0.31183255,-0.050398562,252.32507,249.23698,333.27783,4.524679,14.224691,1.1334156
4,78,30,0.0034299996,0.26370272,0.12567642,0.038038895,0.09998741,0.17725435,-0.013939936,7.4213448,-0.73154163,26.941008,-4.5067344,0.3545087,-0.027879871,0.19503562,-0.019225184,0.31620786,-0.05289571,252.27187,249.02162,333.0582,5.238276,14.224691,1.1387185
4,79,30,0.0034299996,0.26303762,0.12794414,0.037375666,0.09771784,0.1788464,-0.014937221,7.3563633,-0.64553183,26.633493,-4.23435,0.3576928,-0.029874442,0.19332787,-0.016964829,0.31259853,-0.04969876,252.30945,249.13206,333.9884,4.879882,14.224691,1.1005579
4,80,30,0.0034299996,0.25587022,0.1227645,0.039085634,0.09402008,0.17518882,-0.012258968,7.522761,-0.203711,26.124712,-3.9736254,0.35037765,-0.024517937,0.19770087,-0.0053535975,0.30662695,-0.04663862,252.35027,249.32999,333.95526,4.177336,14.224691,5.262686
4,81,30,0.0034299996,0.22415838,0.09684527,0.032882728,0.094430394,0.15559986,-0.021170532,6.9000554,-0.54934305,26.181658,-4.622607,0.31119972,-0.042341065,0.18133596,-0.014436939,0.3072953,-0.054255743,252.37491,249.45604,333.52954,5.1719503,14.2232065,0.7093083
4,82,30,0.0034299996,0.23652917,0.10713769,0.035597086,0.0937944,0.16365947,-0.021765305,7.179197,-0.49821195,26.093338,-4.5430517,0.32731894,-0.04353061,0.1886719,-0.013093189,0.3062587,-0.053322002,252.42389,249.63142,334.3195,5.0412636,14.2232065,12.68952
4,83,30,0.0034299996,0.23067306,0.10401845,0.03719314,0.089461476,0.16125946,-0.019905925,7.3383784,-0.3653949,25.483507,-4.1992583,0.32251891,-0.03981185,0.19285522,-0.009602703,0.2991011,-0.049286913,252.3616,249.38383,333.87253,4.5646534,14.2232065,3.45544
4,84,30,0.0034299996,0.2329935,0.10449347,0.034542695,0.093957335,0.16162725,-0.021411221,7.072075,-0.46944097,26.115992,-4.565537,0.3232545,-0.042822443,0.18585666,-0.012337085,0.3065246,-0.05358592,252.32294,249.19069,333.28156,5.034978,14.2232065,59.49067
4,85,30,0.0034299996,0.22741014,0.10906004,0.03189583,0.08645428,0.1651212,-0.027370788,6.7957225,-0.46319857,25.05154,-4.4899917,0.3302424,-0.054741576,0.17859404,-0.012173017,0.29403108,-0.052699234,252.39835,249.46254,334.26303,4.9531903,14.221656,0.62731224
4,86,30,0.0034299996,0.20604934,0.09263461,0.029046452,0.08436827,0.15217967,-0.024404572,6.485079,-0.31726682,24.74747,-4.2812753,0.30435935,-0.048809145,0.1704302,-0.008337888,0.29046217,-0.050249524,252.45068,249.74542,334.27707,4.598542,14.221656,0.92368275
4,87,30,0.0034299996,0.20761766,0.09225844,0.027310804,0.08804841,0.15187037,-0.022796895,6.288338,-0.7167809,25.281452,-4.297334,0.30374074,-0.04559379,0.16525981,-0.018837268,0.29672953,-0.05043802,252.46822,249.96307,333.89725,5.0141153,14.221656,15.017441
4,88,30,0.0034299996,0.2153529,0.09945633,0.030338319,0.08555823,0.15768349,-0.021512318,6.627724,-0.7237264,24.921381,-3.9047017,0.31536698,-0.043024637,0.17417899,-0.019019792,0.2925034,-0.045829706,252.47803,249.9573,334.59998,4.628428,14.221656,0.75623477
4,89,30,0.0034299996,0.21375531,0.10195563,0.031289086,0.080510594,0.15965246,-0.025495939,6.730776,-0.55377585,24.17507,-4.1406374,0.3193049,-0.050991878,0.17688721,-0.014553428,0.2837439,-0.048598845,252.48015,249.99156,334.37073,4.694413,14.219661,0.6974433
4,90,30,0.0034299996,0.22667268,0.10654849,0.033812057,0.08631213,0.16320883,-0.030615788,6.996881,-1.0238653,25.03094,-4.489247,0.32641765,-0.061231576,0.18388055,-0.026907554,0.29378927,-0.052690502,252.49925,250.05362,334.0948,5.513112,14.219661,16.695679
4,91,30,0.0034299996,0.23473254,0.11738507,0.03352032,0.083827145,0.17130752,-0.029001765,6.96663,-0.95500207,24.667976,-4.1521144,0.34261504,-0.05800353,0.18308555,-0.025097804,0.28952917,-0.04873353,252.57623,250.28531,335.18347,5.1071167,14.219661,2.2287643
4,92,30,0.0034299996,0.22755939,0.112373255,0.03542389,0.07976226,0.1676106,-0.026099153,7.161711,-0.39185157,24.062452,-4.051238,0.3352212,-0.052198306,0.18821235,-0.010297997,0.28242213,-0.04754957,252.613,250.38977,335.2846,4.4430895,14.219661,5.4516025
4,93,30,0.0034299996,0.21305676,0.10045989,0.033806223,0.07879065,0.15847704,-0.03136211,6.996277,-0.90358186,23.91545,-4.6670594,0.31695408,-0.06272422,0.18386468,-0.023746451,0.28069672,-0.054777484,252.61848,250.43266,335.18317,5.5706415,14.217659,0.63310945
4,94,30,0.0034299996,0.23591872,0.12528981,0.032951605,0.077677295,0.17698151,-0.033721846,6.9072785,-0.7772132,23.74588,-4.6120443,0.35396302,-0.06744369,0.18152577,-0.020425435,0.27870646,-0.054131787,252.62971,250.3857,335.9794,5.3892574,14.217659,0.737223
4,95,30,0.0034299996,0.20981646,0.10053152,0.03469668,0.07458825,0.15853353,-0.031314176,7.0878186,-0.31981173,23.26893,-4.423999,0.31706706,-0.06262835,0.18627045,-0.008404769,0.27310848,-0.051924683,252.60686,250.2448,335.6343,4.7438107,14.217659,0.81293917
4,96,30,0.0034299996,0.2064137,0.096168175,0.032794017,0.07745151,0.15505497,-0.030937327,6.890743,-0.7485817,23.711346,-4.568162,0.31010994,-0.061874654,0.18109119,-0.019673,0.27830112,-0.053616717,252.62291,250.39151,335.1632,5.316744,14.217659,0.76685715
4,97,30,0.0034299996,0.20459703,0.103367366,0.029174544,0.07205511,0.16075398,-0.024113439,6.4993615,-0.66453904,22.870394,-4.548703,0.32150796,-0.048226878,0.17080557,-0.017464336,0.26843083,-0.05338833,252.71631,250.77669,336.19193,5.213242,14.215244,94.61745
4,98,30,0.0034299996,0.19984178,0.10010199,0.029448023,0.07029177,0.1581945,-0.024461264,6.5297527,-0.23359656,22.58882,-4.468895,0.316389,-0.048922528,0.17160426,-0.0061390037,0.26512596,-0.052451625,252.72696,250.85114,336.16125,4.7024918,14.215244,1.1067494
4,99,30,0.0034299996,0.20516363,0.10204167,0.029069582,0.07405238,0.15971981,-0.027341697,6.4876604,-0.6510897,23.185192,-4.6092114,0.31943962,-0.054683395,0.17049804,-0.017110875,0.27212566,-0.054098535,252.71098,250.80206,335.75723,5.260301,14.215244,0.98909354
4,100,30,0.0034299996,0.20508893,0.10440374,0.027998725,0.07268646,0.16155784,-0.027657572,6.3670435,-0.42439115,22.97037,-4.4476533,0.32311568,-0.055315144,0.1673282,-0.011153155,0.26960427,-0.05220231,252.74695,250.87654,336.54727,4.8720446,14.215244,6.3466215
5,1,30,0.0024009997,0.28042534,0.17338158,0.04427086,0.0627729,0.20819557,2.8328463e-5,8.006222,-1.9966598,21.34653,-3.3525045,0.41639113,5.6656925e-5,0.21040641,-0.052472938,0.2505452,-0.039348505,253.48662,254.57108,341.39236,5.349164,14.213048,1.5154984
5,2,30,0.0024009997,0.2849308,0.17904435,0.044581108,0.06130534,0.21156816,-0.002298939,8.034227,-1.7753181,21.095528,-3.143218,0.42313632,-0.004597878,0.21114239,-0.046655998,0.24759915,-0.036892083,253.45079,254.45938,341.11118,4.918536,14.213048,1.68227
5,3,30,0.0024009997,0.27464116,0.16882864,0.042116165,0.06369636,0.20544381,-0.0013691109,7.808958,-2.1308143,21.502975,-3.5070987,0.41088763,-0.0027382218,0.20522223,-0.055998567,0.25238138,-0.04116297,253.39217,254.27055,340.3396,5.6379128,14.213048,1.4652568
5,4,30,0.0024009997,0.29708517,0.19277288,0.04192843,0.062383853,0.21952954,-0.0059306566,7.791533,-2.4385078,21.28028,-3.5657275,0.43905908,-0.011861313,0.20476432,-0.06408488,0.2497676,-0.041851092,253.39937,254.21747,341.03458,6.0042353,14.213048,2.9992042
5,5,30,0.0024009997,0.28235692,0.18451633,0.040809467,0.05703112,0.21477681,0.0047064116,7.6868634,-1.7522668,20.346851,-3.2116036,0.42955363,0.009412823,0.20201354,-0.046050202,0.2388119,-0.03769473,253.37048,254.09294,340.95807,4.9638705,14.211211,11.391771
5,6,30,0.0024009997,0.26753426,0.16240509,0.046675727,0.058453444,0.20149757,0.0034757636,8.220802,-2.174575,20.599007,-3.5976975,0.40299514,0.006951527,0.21604566,-0.05714862,0.24177147,-0.042226337,253.3217,253.81802,340.39157,5.7722726,14.211211,19.34321
5,7,30,0.0024009997,0.2784329,0.17158478,0.048462942,0.058385193,0.20711397,0.0015765224,8.376711,-2.242064,20.586977,-3.5800726,0.41422793,0.0031530447,0.220143,-0.058922257,0.24163029,-0.042019486,253.3325,253.73866,340.8066,5.822137,14.211211,50.821247
5,8,30,0.0024009997,0.27546328,0.17099406,0.047220644,0.057248574,0.20675714,0.0036319073,8.26865,-1.8443726,20.385601,-3.1783435,0.4135143,0.0072638146,0.21730311,-0.04847078,0.23926674,-0.037304353,253.31978,253.71127,340.48715,5.022716,14.211211,8.501547
5,9,30,0.0024009997,0.28733304,0.17950584,0.04836019,0.059467006,0.21184064,0.007344026,8.367826,-1.5704263,20.776829,-3.6249886,0.4236813,0.014688052,0.2199095,-0.041271374,0.24385858,-0.042546656,253.28394,253.5666,339.65488,5.195415,14.209989,161.46246
5,10,30,0.0024009997,0.28464746,0.1788447,0.048615567,0.057187207,0.21145017,0.0041240407,8.389892,-1.5980319,20.374672,-3.5181885,0.42290035,0.008248081,0.22048938,-0.04199685,0.23913847,-0.041293126,253.32323,253.65263,340.38992,5.1162205,14.209989,1.9250994
5,11,30,0.0024009997,0.2863835,0.18356584,0.05081693,0.05200073,0.21422292,0.008466389,8.577741,-1.1899797,19.428799,-2.9749794,0.42844585,0.016932778,0.22542611,-0.0312731,0.22803669,-0.034917463,253.35075,253.77983,340.58524,4.164959,14.209989,18.54692
5,12,30,0.0024009997,0.30484676,0.19693418,0.053954955,0.05395764,0.22188634,0.0068194396,8.838617,-1.6953956,19.790997,-3.240896,0.44377267,0.013638879,0.23228206,-0.044555612,0.23228784,-0.038038544,253.38205,253.91296,340.1993,4.9362917,14.209989,222.66212
5,13,30,0.0024009997,0.30274212,0.19943392,0.047951654,0.055356562,0.22329013,0.013667722,8.332407,-1.3714088,20.04591,-3.4098423,0.44658026,0.027335444,0.21897866,-0.036041122,0.23527975,-0.04002148,253.49106,254.32307,340.92337,4.781251,14.208793,4.886283
5,14,30,0.0024009997,0.29546833,0.19390155,0.049241606,0.05232519,0.22017127,0.01818244,8.443738,-1.0665792,19.489317,-3.0946083,0.44034255,0.03636488,0.2219045,-0.028030084,0.228747,-0.036321554,253.58046,254.69855,341.104,4.1611876,14.208793,28.91018
5,15,30,0.0024009997,0.29892084,0.19400722,0.051601112,0.053312514,0.22023125,0.020389395,8.64367,-1.1338159,19.672329,-3.2884848,0.4404625,0.04077879,0.22715878,-0.029797094,0.23089503,-0.038597096,253.61531,254.85474,340.6785,4.422301,14.208793,18.539976
5,16,30,0.0024009997,0.31222612,0.20369713,0.053660594,0.054868396,0.2256641,0.016544571,8.814474,-1.0837897,19.957325,-3.5170727,0.4513282,0.033089142,0.23164757,-0.02848239,0.23424004,-0.041280054,253.64388,254.97928,341.1767,4.6008625,14.208793,2.9598076
5,17,30,0.0024009997,0.30478066,0.20001994,0.051505174,0.053255558,0.22361794,0.022580741,8.6356325,-0.47912598,19.66182,-3.2978418,0.44723588,0.045161482,0.22694752,-0.012591617,0.23077166,-0.038706917,253.61967,254.91118,341.07986,3.7769678,14.207792,14.993646
5,18,30,0.0024009997,0.30008787,0.19543068,0.0502133,0.054443896,0.22103772,0.021552458,8.526643,-1.2454377,19.879974,-3.455456,0.44207543,0.043104917,0.22408324,-0.032730557,0.23333216,-0.040556855,253.60077,254.84332,340.6512,4.700894,14.207792,83.932076
5,19,30,0.0024009997,0.3238864,0.21939038,0.05049117,0.054004837,0.23419563,0.020301629,8.550201,-1.2672116,19.79965,-3.48475,0.46839127,0.040603258,0.2247024,-0.03330278,0.2323894,-0.040900663,253.66864,255.03564,341.71408,4.7519617,14.207792,8.623057
5,20,30,0.0024009997,0.31414992,0.20909552,0.054084852,0.050969534,0.22863482,0.026263542,8.849251,-0.98711735,19.235195,-2.9922962,0.45726964,0.052527085,0.2325615,-0.0259418,0.22576433,-0.03512072,253.70137,255.14203,341.7478,3.9794135,14.207792,21.903793
5,21,30,0.0024009997,0.30665323,0.1991329,0.05239847,0.055121865,0.22312155,0.031712744,8.7101965,-0.7726744,20.00337,-3.3370116,0.4462431,0.06342549,0.22890712,-0.02030616,0.23478046,-0.039166663,253.67456,255.0511,340.8598,4.109686,14.206949,1928.1501
5,22,30,0.0024009997,0.30160162,0.19710107,0.049023923,0.05547662,0.22198033,0.029508157,8.425054,-0.63268334,20.067635,-3.5360246,0.44396067,0.059016313,0.22141346,-0.01662714,0.23553476,-0.04150249,253.65239,254.83856,341.20477,4.168708,14.206949,11.343093
5,23,30,0.0024009997,0.30323252,0.20302111,0.047876585,0.052334808,0.22528931,0.03017958,8.325882,-0.32664135,19.491108,-3.3383567,0.45057863,0.06035916,0.21880719,-0.008584258,0.22876802,-0.039182454,253.59477,254.53569,340.8664,3.664998,14.206949,18.849876
5,24,30,0.0024009997,0.30064276,0.19874428,0.048357707,0.053540774,0.22290373,0.029158091,8.367612,-0.73694,19.714397,-3.4610841,0.44580746,0.058316182,0.21990386,-0.019367054,0.23138879,-0.040622905,253.52869,254.21954,339.8567,4.1980243,14.206949,37.768745
5,25,30,0.0024009997,0.31333804,0.20941065,0.048931744,0.054995656,0.22880705,0.03129843,8.4171295,-0.36203665,19.980457,-3.7113268,0.4576141,0.06259686,0.2212052,-0.009514443,0.23451152,-0.04356001,253.53725,254.18788,340.39587,4.0733633,14.205797,14.507303
5,26,30,0.0024009997,0.3123295,0.21021345,0.04993229,0.05218376,0.2292452,0.03466648,8.502749,0.11038331,19.462961,-3.248384,0.4584904,0.06933296,0.22345534,0.0029009136,0.22843765,-0.038126446,253.55235,254.25632,340.32764,3.1380007,14.205797,51.960716
5,27,30,0.0024009997,0.32033843,0.21188852,0.0551612,0.053288702,0.23015675,0.03454401,8.9368725,-0.26854575,19.667936,-3.4414482,0.4603135,0.06908802,0.23486422,-0.007057474,0.23084345,-0.040392444,253.56357,254.37457,339.97302,3.7099938,14.205797,1127.8551
5,28,30,0.0024009997,0.3277252,0.21498024,0.05838753,0.05435744,0.2318298,0.030422622,9.194512,-0.29824382,19.864183,-3.5356784,0.4636596,0.060845245,0.24163511,-0.007837936,0.23314682,-0.041498426,253.59052,254.48045,340.69318,3.8339221,14.205797,2.8419802
5,29,30,0.0024009997,0.32858387,0.2233264,0.053706516,0.051550947,0.23628712,0.04090498,8.818245,0.33062252,19.34459,-3.270288,0.47257423,0.08180996,0.23174666,0.008688893,0.22704834,-0.038383514,253.60312,254.57973,340.5092,2.9396656,14.204926,28.249672
5,30,30,0.0024009997,0.33142576,0.22667484,0.051386718,0.053364176,0.2380519,0.03842677,8.625695,-0.2643906,19.68186,-3.3207586,0.4761038,0.07685354,0.22668639,-0.0069482834,0.23100688,-0.038975917,253.62784,254.65007,340.37283,3.5851493,14.204926,63.86828
5,31,30,0.0024009997,0.31541082,0.21283342,0.049672786,0.05290461,0.23066936,0.03593032,8.480627,-0.23758489,19.596928,-3.0565698,0.46133873,0.07186064,0.22287393,-0.0062438166,0.23001002,-0.03587508,253.68745,254.84474,341.481,3.2941546,14.204926,15.181544
5,32,30,0.0024009997,0.30518642,0.20226742,0.051470518,0.05144849,0.22487076,0.0401362,8.632727,0.03321607,19.325356,-2.5796933,0.4497415,0.0802724,0.22687115,0.0008729251,0.2268226,-0.030277982,253.67464,254.79045,341.36664,2.5464773,14.204926,214.25157
5,33,30,0.0024009997,0.3034957,0.19887479,0.05023824,0.05438269,0.2229769,0.04129388,8.52876,0.09424444,19.868797,-3.1124868,0.4459538,0.08258776,0.22413889,0.0024767837,0.23320097,-0.036531396,253.61905,254.54965,340.21732,3.0182424,14.204356,29.761694
5,34,30,0.0024009997,0.30716798,0.20270142,0.05110441,0.053362172,0.22511187,0.039758753,8.601969,0.25887322,19.68149,-3.345627,0.45022374,0.079517506,0.22606285,0.006803291,0.23100254,-0.03926776,253.6256,254.49826,340.53702,3.0867538,14.204356,28.64592
5,35,30,0.0024009997,0.30696476,0.20215341,0.0533846,0.051426753,0.22480737,0.041529577,8.791778,0.69881016,19.321276,-3.1429913,0.44961473,0.083059154,0.23105107,0.018364983,0.22677468,-0.036889434,253.62622,254.52827,340.46655,2.4441812,14.204356,16.585442
5,36,30,0.0024009997,0.31665865,0.20912465,0.052586243,0.054947756,0.22865075,0.04138564,8.72579,-0.09532443,19.971754,-3.290718,0.4573015,0.08277128,0.2293169,-0.0025051627,0.23440938,-0.038623318,253.64949,254.65057,340.11978,3.3860426,14.204356,45.701168
5,37,30,0.0024009997,0.321221,0.21358715,0.05229404,0.055339806,0.23107745,0.042178154,8.701512,0.054105353,20.042875,-3.154663,0.4621549,0.08435631,0.2286789,0.0014219043,0.23524414,-0.03702643,253.71867,254.92694,341.4075,3.1005578,14.203732,24.375393
5,38,30,0.0024009997,0.30377817,0.19775994,0.05326639,0.052751843,0.22235104,0.04643382,8.782038,0.37863314,19.568613,-2.6238964,0.4447021,0.09286764,0.23079513,0.009950633,0.22967769,-0.030796796,253.6989,254.80394,341.4088,2.245263,14.203732,32.10025
5,39,30,0.0024009997,0.30681846,0.19848469,0.05342847,0.054905284,0.2227581,0.046658877,8.795389,0.13802129,19.964033,-3.1339362,0.4455162,0.093317755,0.231146,0.0036272618,0.23431876,-0.036783155,253.64153,254.53738,340.25467,2.995915,14.203732,15.835107
5,40,30,0.0024009997,0.32448804,0.21199259,0.055772584,0.056722876,0.23021327,0.043616544,8.986261,0.51746005,20.291786,-3.4915733,0.46042654,0.08723309,0.2361622,0.013599039,0.23816565,-0.040980764,253.67793,254.59712,340.55066,2.9741132,14.203732,43.41786
5,41,30,0.0024009997,0.3227068,0.209558,0.05948191,0.05366688,0.22888753,0.04765236,9.280281,0.9950552,19.737602,-3.2484727,0.45777506,0.09530472,0.24388914,0.02615039,0.23166113,-0.038127474,253.7086,254.72853,340.23123,2.2534175,14.202764,27.694792
5,42,30,0.0024009997,0.3197907,0.20928381,0.05611578,0.05439108,0.22873774,0.045364484,9.013867,0.3035682,19.870327,-3.4684374,0.45747548,0.09072897,0.2368877,0.007977871,0.23321895,-0.040709216,253.7564,254.99974,340.1845,3.1648693,14.202764,3.5548184
5,43,30,0.0024009997,0.3191812,0.21117173,0.05425921,0.053750284,0.22976713,0.046904877,8.8635025,0.49674448,19.752932,-3.1251733,0.45953426,0.09380975,0.23293607,0.013054626,0.23184107,-0.0366803,253.80222,255.16327,341.63147,2.628429,14.202764,1.2003722
5,44,30,0.0024009997,0.3132032,0.2102665,0.05098982,0.051946837,0.22927412,0.05064279,8.5923195,0.9558085,19.41873,-2.967168,0.45854825,0.10128558,0.22580926,0.025118977,0.22791849,-0.034825817,253.72932,254.83026,341.12335,2.0113597,14.202764,12.822012
5,45,30,0.0024009997,0.293903,0.18889487,0.04889817,0.056109935,0.21731019,0.047502045,8.414241,0.6365543,20.181856,-3.3892255,0.43462038,0.09500409,0.22112931,0.016728884,0.23687536,-0.039779495,253.63205,254.44681,340.2205,2.7526712,14.201839,464.04245
5,46,30,0.0024009997,0.29330572,0.185925,0.050146233,0.05723448,0.21559511,0.043056488,8.5209465,0.74264556,20.383095,-3.4342108,0.43119022,0.086112976,0.22393355,0.019516993,0.2392373,-0.040307477,253.57811,254.22614,340.61234,2.6915653,14.201839,4.9721055
5,47,30,0.0024009997,0.27640623,0.16828875,0.053668443,0.05444902,0.20511506,0.046980828,8.81512,1.0830387,19.88091,-3.1724277,0.41023013,0.093961656,0.23166451,0.028462656,0.23334314,-0.03723492,253.50682,253.97473,340.0349,2.0893888,14.201839,29.476524
5,48,30,0.0024009997,0.27285025,0.1644548,0.05166233,0.056733124,0.20276514,0.044087674,8.648796,0.4917205,20.293623,-3.4081745,0.40553027,0.08817535,0.22729349,0.012922595,0.23818716,-0.0400019,253.47763,253.83246,339.43518,2.916454,14.201839,185.58803
5,49,30,0.0024009997,0.29252732,0.18704444,0.050116148,0.05536673,0.21624318,0.045333076,8.51839,0.73877907,20.04775,-3.2665195,0.43248636,0.09066615,0.22386636,0.019415379,0.23530136,-0.038339283,253.5438,254.01634,340.3638,2.5277405,14.201312,34.829838
5,50,30,0.0024009997,0.28087297,0.17470452,0.052423175,0.05374528,0.20898835,0.047364432,8.71225,1.005502,19.752014,-2.9383686,0.4179767,0.094728865,0.22896108,0.026424961,0.23183028,-0.03448778,253.5771,254.16493,340.38596,1.9328666,14.201312,384.6919
5,51,30,0.0024009997,0.28298157,0.17223135,0.052397747,0.058352493,0.20750383,0.047125623,8.710137,0.6277766,20.581213,-3.3569098,0.41500765,0.094251245,0.22890554,0.016498204,0.2415626,-0.03940021,253.5816,254.28134,339.6369,2.7291331,14.201312,65.38461
5,52,30,0.0024009997,0.30533016,0.19190688,0.05421165,0.05921163,0.2190359,0.04529429,8.859618,0.96570194,20.732166,-3.317544,0.4380718,0.09058858,0.23283395,0.025379002,0.2433344,-0.038938165,253.61955,254.43028,340.43005,2.351842,14.201312,55.26646
5,53,30,0.0024009997,0.28579018,0.17747661,0.052944314,0.055369247,0.21063986,0.0505736,8.755446,1.1738061,20.048208,-2.853297,0.42127973,0.1011472,0.23009631,0.030848036,0.23530671,-0.03348928,253.62253,254.43973,340.41754,1.6794909,14.200586,3.59877
5,54,30,0.0024009997,0.27852267,0.17354661,0.046525083,0.05845096,0.20829463,0.04824537,8.207525,0.54699785,20.598566,-3.1064744,0.41658926,0.09649074,0.21569674,0.014375306,0.24176633,-0.03646085,253.62553,254.51144,340.24973,2.5594766,14.200586,4.731801
5,55,30,0.0024009997,0.2725877,0.16514213,0.047802668,0.05964287,0.20318842,0.046475306,8.319452,0.8841889,20.807528,-3.2013927,0.40637684,0.09295061,0.21863821,0.0232368,0.2442189,-0.03757489,253.60553,254.39722,340.81305,2.3172038,14.200586,31.075663
5,56,30,0.0024009997,0.2672278,0.15876123,0.05163299,0.056833573,0.19922426,0.045914225,8.64634,1.328739,20.311583,-3.0557356,0.39844853,0.09182845,0.22722894,0.03491974,0.23839793,-0.035865292,253.49557,253.85258,340.24557,1.7269965,14.200586,5.3242497
5,57,30,0.0024009997,0.24784587,0.13847497,0.05093577,0.05843513,0.18606113,0.042865224,8.587765,0.8601814,20.595778,-3.4462478,0.37212226,0.08573045,0.22568955,0.022605862,0.2417336,-0.040448762,253.38956,253.32895,339.11316,2.5860665,14.199801,1298.63
5,58,30,0.0024009997,0.2636497,0.14942904,0.054635502,0.05958516,0.19328026,0.042649254,8.894186,1.0757924,20.797459,-3.5238202,0.38656053,0.08529851,0.23374239,0.028272215,0.24410072,-0.041359227,253.36913,253.15607,339.30185,2.4480276,14.199801,3.6209636
5,59,30,0.0024009997,0.2635645,0.14786683,0.05894867,0.056748997,0.19226728,0.045832854,9.238589,1.5700489,20.296461,-3.1685941,0.38453457,0.09166571,0.24279347,0.041261453,0.23822048,-0.037189946,253.33028,252.92537,338.94934,1.5985452,14.199801,26.347797
5,60,30,0.0024009997,0.2572663,0.14509873,0.05316294,0.059004623,0.19045913,0.043769527,8.773505,1.0946283,20.695898,-3.5522084,0.38091826,0.087539054,0.2305709,0.02876723,0.24290867,-0.041692436,253.2812,252.73288,338.2873,2.45758,14.199801,0.9370073
5,61,30,0.0024009997,0.24720348,0.13324626,0.053385556,0.060571667,0.18251456,0.0403519,8.791856,1.4997096,20.968916,-3.7478323,0.36502913,0.0807038,0.23105314,0.039412916,0.24611312,-0.04398849,253.25891,252.63353,338.6909,2.2481227,14.199003,1.3734204
5,62,30,0.0024009997,0.24029937,0.122704424,0.058804043,0.058790904,0.17514595,0.043154005,9.22725,1.7386812,20.658382,-3.5526342,0.3502919,0.08630801,0.24249545,0.045693155,0.24246836,-0.041697424,253.2061,252.42503,338.344,1.813953,14.199003,7.1435366
5,63,30,0.0024009997,0.24282563,0.12441919,0.05607817,0.062328257,0.17636552,0.041162457,9.010847,1.027965,21.270794,-3.927807,0.35273105,0.082324915,0.2368083,0.027015282,0.24965627,-0.046100844,253.21518,252.49146,337.88312,2.8998423,14.199003,1.1249154
5,64,30,0.0024009997,0.2427518,0.13227145,0.050750963,0.05972939,0.18184571,0.042150233,8.572171,1.1603655,20.822615,-3.6695192,0.36369142,0.084300466,0.22527975,0.030494824,0.24439597,-0.04306931,253.29282,252.8227,339.0784,2.5091538,14.199003,9.268774
5,65,30,0.0024009997,0.23479609,0.1229678,0.053019803,0.058808494,0.17533383,0.04204114,8.761687,1.3013068,20.66147,-3.5567868,0.35066766,0.08408228,0.2302603,0.03419882,0.24250463,-0.04174616,253.26184,252.67421,338.88474,2.2554798,14.198452,3.817062
5,66,30,0.0024009997,0.23814905,0.12594756,0.050330486,0.06187099,0.17744546,0.036682658,8.536587,0.69211787,21.192623,-3.790226,0.3548909,0.073365316,0.22434457,0.018189102,0.2487388,-0.044486046,253.22588,252.47795,338.36435,3.098108,14.198452,203.30606
5,67,30,0.0024009997,0.23089099,0.11954875,0.049190264,0.062151976,0.17287911,0.038080707,8.439336,0.9861427,21.240694,-3.7633455,0.34575823,0.076161414,0.22178878,0.0259162,0.24930298,-0.044170573,253.25775,252.61108,338.95273,2.7772028,14.198452,1.0151418
5,68,30,0.0024009997,0.2331762,0.118760146,0.053228658,0.0611874,0.17230797,0.038283944,8.778927,1.3575606,21.075224,-3.6601858,0.34461594,0.07656789,0.23071337,0.035677172,0.24736087,-0.04295976,253.25592,252.63625,338.50162,2.3026252,14.198452,1.0739408
5,69,30,0.0024009997,0.23744546,0.12479569,0.046935026,0.06571475,0.17663217,0.03571085,8.243605,0.8171418,21.841007,-4.0049357,0.35326433,0.0714217,0.21664493,0.021474786,0.25634888,-0.047006126,253.25774,252.69681,338.048,3.187794,14.197864,1.4299747
5,70,30,0.0024009997,0.227609,0.11740751,0.045410056,0.064791426,0.1713239,0.035769917,8.108578,1.1794517,21.687025,-4.0303006,0.3426478,0.071539834,0.21309635,0.030996416,0.2545416,-0.047303822,253.29526,252.83405,338.84003,2.850849,14.197864,5.1507382
5,71,30,0.0024009997,0.22353283,0.11577727,0.045671362,0.062084198,0.1701303,0.03925281,8.131875,1.3628799,21.22911,-3.8932548,0.3402606,0.07850562,0.2137086,0.035816967,0.24916701,-0.045695316,253.28154,252.78299,338.67593,2.530375,14.197864,1.1037881
5,72,30,0.0024009997,0.21882533,0.110374756,0.043414857,0.065035716,0.16611348,0.036196217,7.928442,0.7213993,21.727873,-4.216747,0.33222696,0.072392434,0.20836233,0.018958626,0.255021,-0.04949215,253.2251,252.56454,337.92487,3.4953475,14.197864,8.11629
5,73,30,0.0024009997,0.2115353,0.1055848,0.040046457,0.06590404,0.16246907,0.030146686,7.614664,0.7731339,21.872442,-4.232878,0.32493815,0.060293373,0.20011611,0.020318244,0.25671783,-0.04968149,253.21938,252.44598,338.43875,3.4597445,14.197667,0.8245873
5,74,30,0.0024009997,0.21319567,0.106476374,0.043482292,0.063237,0.16315359,0.033891205,7.9345965,1.2457646,21.425295,-4.1201725,0.32630718,0.06778241,0.20852408,0.032739148,0.25146967,-0.04835866,253.18372,252.21126,338.01175,2.8744078,14.197667,3.595473
5,75,30,0.0024009997,0.21819687,0.11143538,0.0402264,0.066535085,0.1669097,0.03142194,7.6317515,0.5284188,21.976906,-4.323137,0.3338194,0.06284388,0.2005652,0.013887039,0.25794396,-0.050740864,253.20483,252.343,337.69232,3.794718,14.197667,0.7909533
5,76,30,0.0024009997,0.21516238,0.10650699,0.04253064,0.06612475,0.16317704,0.03312432,7.84729,0.7215763,21.909035,-4.078455,0.3263541,0.06624864,0.20622958,0.018963287,0.25714734,-0.04786901,253.22581,252.48505,338.29068,3.3568788,14.197667,13.741077
5,77,30,0.0024009997,0.21213153,0.098915465,0.0473656,0.06585047,0.15725414,0.030826882,8.281332,1.3127056,21.863548,-3.9978216,0.3145083,0.061653763,0.21763639,0.034498382,0.25661346,-0.04692264,253.18074,252.34447,337.8058,2.6851158,14.197485,0.57188666
5,78,30,0.0024009997,0.2098548,0.098372385,0.04244531,0.069037095,0.15682186,0.025957039,7.8394127,1.0384402,22.386307,-4.472418,0.31364372,0.051914077,0.20602259,0.027290588,0.2627491,-0.052492965,253.11603,252.03421,337.11102,3.4339776,14.197485,0.6297066
5,79,30,0.0024009997,0.20440108,0.09767711,0.039049115,0.06767485,0.15626669,0.024298362,7.519245,1.1972114,22.164343,-4.4469123,0.31253338,0.048596725,0.19760849,0.03146315,0.2601439,-0.052193623,253.09227,251.9192,337.59518,3.249701,14.197485,1.4556309
5,80,30,0.0024009997,0.20709987,0.09876413,0.042339735,0.065996006,0.1571338,0.02671259,7.8296566,1.5545385,21.887695,-4.3844943,0.3142676,0.05342518,0.20576622,0.040853824,0.25689688,-0.05146102,253.03961,251.71954,337.2945,2.8299558,14.197485,213.73851
5,81,30,0.0024009997,0.19674566,0.087837346,0.037935305,0.07097302,0.14818683,0.018110223,7.4112325,0.881335,22.698011,-4.799275,0.29637367,0.036220446,0.19476987,0.023161808,0.2664076,-0.05632933,252.99089,251.48436,336.63748,3.91794,14.1972885,0.63966006
5,82,30,0.0024009997,0.19810364,0.090855904,0.03652324,0.07072449,0.15071157,0.013571547,7.2719913,0.9966683,22.658234,-4.727107,0.30142313,0.027143095,0.19111055,0.026192805,0.26594076,-0.05548226,252.97813,251.4059,337.05762,3.7304387,14.1972885,5.27452
5,83,30,0.0024009997,0.2065199,0.09525704,0.041511957,0.06975091,0.15431869,0.01592497,7.7527404,1.3161991,22.501741,-4.730482,0.30863738,0.03184994,0.20374483,0.034590192,0.26410398,-0.055521887,252.92726,251.1467,336.5945,3.414283,14.1972885,31.561735
5,84,30,0.0024009997,0.22102433,0.10884604,0.040943313,0.07123498,0.16495912,0.0142809,7.6994586,0.8361149,22.739862,-4.9051733,0.32991824,0.0285618,0.20234454,0.021973407,0.2668988,-0.05757224,252.85596,250.79716,335.91058,4.0690584,14.1972885,108.201965
5,85,30,0.0024009997,0.20114937,0.09504824,0.03658564,0.06951549,0.15414947,0.008626586,7.2781997,0.6433814,22.463736,-4.7851377,0.30829895,0.017253172,0.19127373,0.01690829,0.2636579,-0.056163378,252.8381,250.61926,336.25366,4.141756,14.196925,0.87564313
5,86,30,0.0024009997,0.19761856,0.08925284,0.03971772,0.068647996,0.14937606,0.011929911,7.583345,0.94655603,22.323132,-4.743914,0.29875213,0.023859821,0.19929305,0.024875836,0.26200762,-0.055679534,252.803,250.55177,335.83456,3.797358,14.196925,0.9512799
5,87,30,0.0024009997,0.20619988,0.09621166,0.03817119,0.07181704,0.15509002,0.00790519,7.434239,0.69188726,22.832579,-5.053416,0.31018004,0.01581038,0.19537449,0.018183045,0.267987,-0.05931218,252.75269,250.35406,335.0865,4.3615284,14.196925,9.022474
5,88,30,0.0024009997,0.20806623,0.099862374,0.037018567,0.07118528,0.15800504,0.0066846283,7.321136,1.0532433,22.731932,-4.90604,0.3160101,0.013369257,0.1924021,0.027679613,0.2668057,-0.057582416,252.76062,250.33148,335.62476,3.852797,14.196925,1.150315
5,89,30,0.0024009997,0.20292279,0.09552851,0.03825428,0.069139995,0.15453844,0.00802241,7.442325,1.4172846,22.402983,-4.9266768,0.30907688,0.01604482,0.19558701,0.03724675,0.26294485,-0.05782463,252.71918,250.16887,335.2492,3.5093923,14.196686,4.594568
5,90,30,0.0024009997,0.20347697,0.097212106,0.034361616,0.07190324,0.15589428,0.004830031,7.0535126,0.9787727,22.846277,-5.391948,0.31178856,0.009660062,0.18536887,0.025722506,0.2681478,-0.06328552,252.65248,249.88963,334.58243,4.4131756,14.196686,1.9662896
5,91,30,0.0024009997,0.20990291,0.103687815,0.035691958,0.07052314,0.16100296,0.0036722037,7.188758,0.88438356,22.625961,-5.2552505,0.32200593,0.0073444075,0.18892315,0.02324192,0.26556194,-0.061681118,252.6477,249.85922,334.95786,4.370867,14.196686,2.1574366
5,92,30,0.0024009997,0.21419927,0.103732444,0.04077533,0.06969152,0.16103761,0.0061833384,7.683646,1.0659477,22.492159,-5.378503,0.32207522,0.012366677,0.20192902,0.028013485,0.2639915,-0.06312772,252.64348,249.8597,334.61996,4.3125553,14.196686,1.9528228
5,93,30,0.0024009997,0.20276234,0.09844748,0.033807475,0.07050738,0.1568817,0.0020203753,6.9964066,0.7703728,22.623434,-5.600311,0.3137634,0.0040407507,0.1838681,0.020245675,0.26553226,-0.065731086,252.64148,249.84935,334.28244,4.829938,14.196465,1.7614515
5,94,30,0.0024009997,0.19859764,0.09970661,0.030814055,0.06807697,0.15788177,0.00059942313,6.6794868,0.869419,22.230097,-5.37162,0.31576353,0.0011988463,0.17553933,0.022848638,0.26091564,-0.06304696,252.66118,249.9065,335.0198,4.502201,14.196465,2.3354871
5,95,30,0.0024009997,0.19201446,0.09312937,0.031659655,0.067225434,0.15258552,0.0022912747,6.7705154,1.0522244,22.090628,-5.146707,0.30517104,0.0045825494,0.1779316,0.02765283,0.25927868,-0.06040713,252.65132,249.9322,334.76505,4.0944824,14.196465,1.7661889
5,96,30,0.0024009997,0.20916475,0.108820654,0.030136615,0.07020749,0.16493988,0.002138712,6.6056557,0.69781435,22.57527,-5.298267,0.32987976,0.004277424,0.173599,0.018338809,0.26496696,-0.062186025,252.63545,249.91547,334.502,4.6004524,14.196465,17.75139
5,97,30,0.0024009997,0.19769442,0.10306761,0.027559115,0.0670677,0.16052072,0.004186707,6.3168607,0.8876246,22.064693,-5.077856,0.32104144,0.008373414,0.16600938,0.023327095,0.2589743,-0.05959901,252.60521,249.734,334.8171,4.1902313,14.196077,1.418767
5,98,30,0.0024009997,0.19456431,0.0954902,0.032346666,0.06672744,0.15450744,0.005599665,6.8435817,1.0318894,22.008654,-4.8766055,0.3090149,0.01119933,0.17985179,0.027118428,0.25831655,-0.057236917,252.50934,249.33472,334.09445,3.844716,14.196077,1.9415883
5,99,30,0.0024009997,0.19947936,0.09933656,0.030979373,0.06916343,0.15758851,0.005976972,6.6973805,0.7119795,22.40678,-5.117767,0.31517702,0.011953944,0.17600958,0.01871108,0.2629894,-0.060067452,252.4388,249.02095,333.3398,4.4057875,14.196077,1.2125793
5,100,30,0.0024009997,0.19789264,0.09726777,0.031882364,0.068742506,0.15593891,0.008248937,6.7942877,0.8852433,22.338497,-5.0725565,0.31187782,0.016497875,0.17855634,0.023264516,0.26218793,-0.059536833,252.42479,248.89636,333.64655,4.187313,14.196077,134.89178
