ic,traj,n_steps,eta,loss_total,loss_T,loss_olw,loss_slwd,rmse_T,bias_T,rmse_olw,bias_olw,rmse_slwd,bias_slwd,nrmse_T,nbias_T,nrmse_olw,nbias_olw,nrmse_slwd,nbias_slwd,mean_T,mean_olw,mean_slwd,bias_C,pnorm,gnorm
1,1,10,0.1,1.8789324,0.1761991,0.8619058,0.84082747,0.20988038,0.025189867,35.326336,-2.0244875,78.12583,-5.2024875,0.41976076,0.050379734,0.92838883,-0.053204294,0.91696644,-0.061061848,252.63597,251.41576,336.5771,7.226975,0.0,0.13567486
1,2,10,0.1,1.8979392,0.19727351,0.8579816,0.84268403,0.22207741,0.024638614,35.245827,-1.9956092,78.212036,-5.8186083,0.44415483,0.049277227,0.926273,-0.052445374,0.9179782,-0.06829333,252.66415,251.38692,337.1932,7.8142176,0.0,0.13362469
1,3,10,0.1,1.885815,0.19894727,0.8482184,0.8386494,0.22301753,0.01440758,35.044712,-1.9263815,78.02458,-6.2508507,0.44603506,0.02881516,0.9209877,-0.050625917,0.91577804,-0.07336642,252.66586,251.31767,337.6255,8.177232,0.0,0.14992344
1,4,10,0.1,1.8560284,0.17066701,0.85079616,0.8345653,0.20655932,0.022093825,35.097923,-1.7995796,77.834366,-5.598909,0.41311863,0.04418765,0.9223861,-0.04729351,0.9135454,-0.0657147,252.61353,251.19086,336.97357,7.3984885,0.0,0.129528
1,5,10,0.1,1.8870504,0.18479368,0.8583231,0.84393364,0.21493818,0.02569108,35.252834,2.0554538,78.27001,2.464956,0.42987636,0.05138216,0.9264573,0.054018136,0.9186586,0.0289313,252.61295,251.14095,337.42966,-4.5204096,0.31618056,0.16382776
1,6,10,0.1,1.9270135,0.20324123,0.87132597,0.8524463,0.22541142,0.01733109,35.51886,2.0347574,78.66376,2.1402822,0.45082283,0.03466218,0.93344843,0.053474158,0.9232802,0.025120629,252.61905,251.16165,337.75433,-4.1750393,0.31618056,0.14153816
1,7,10,0.1,1.9178274,0.1855065,0.882929,0.8493918,0.21535233,0.027667517,35.75457,2.1645496,78.5227,2.8265035,0.43070465,0.055335034,0.939643,0.05688517,0.92162454,0.03317488,252.57245,251.03185,337.06815,-4.991053,0.31618056,0.16728908
1,8,10,0.1,1.9734633,0.20025858,0.9044873,0.8687175,0.2237513,0.02693792,36.188446,2.2498667,79.41097,2.4221969,0.4475026,0.05387584,0.9510454,0.059127346,0.93205017,0.028429417,252.56487,250.94653,337.4724,-4.672064,0.31618056,0.17131402
1,9,10,0.1,1.9978,0.20691901,0.9150398,0.87584126,0.22744176,0.009461136,36.398933,1.8800702,79.7359,0.6841116,0.45488352,0.018922271,0.9565771,0.04940898,0.9358639,0.008029379,252.57474,250.93889,337.55917,-2.5641818,0.40584087,0.115089945
1,10,10,0.1,1.9642608,0.18646121,0.91209644,0.8657031,0.21590577,0.019956829,36.340347,1.8261515,79.27308,1.5114229,0.43181154,0.039913658,0.9550374,0.04799205,0.93043166,0.017739652,252.56616,250.99278,336.73184,-3.3375745,0.40584087,0.13227177
1,11,10,0.1,1.9727877,0.19140841,0.9118422,0.8695371,0.21875124,0.018001368,36.33528,1.5496099,79.448425,0.80589956,0.43750247,0.036002737,0.9549043,0.040724322,0.93248975,0.00945885,252.63545,251.26933,337.43735,-2.3555095,0.40584087,0.112045154
1,12,10,0.1,1.9556664,0.20123436,0.8899683,0.8644638,0.22429577,0.013654391,35.896816,1.2300724,79.21632,0.15433757,0.44859153,0.027308783,0.9433813,0.032326687,0.92976546,0.0018114996,252.71109,251.5889,338.08893,-1.3844099,0.40584087,0.07837511
1,13,10,0.1,1.8809936,0.17132033,0.8632805,0.8463928,0.2069543,0.010345581,35.3545,-0.3882767,78.38396,-2.8055062,0.4139086,0.020691162,0.9291289,-0.010204007,0.9199961,-0.03292829,252.73491,251.7586,337.57486,3.1937828,0.5337621,0.032649294
1,14,10,0.1,1.8933461,0.18130927,0.86350656,0.84853035,0.21290213,0.008467454,35.359123,-0.42550752,78.48288,-3.1076229,0.42580426,0.016934909,0.92925054,-0.011182496,0.92115706,-0.03647438,252.76544,251.79585,337.87698,3.5331304,0.5337621,0.029543092
1,15,10,0.1,1.9193127,0.20791869,0.8655223,0.8458717,0.22799051,0.00320763,35.40037,-0.27608296,78.359825,-3.0931385,0.45598102,0.00641526,0.9303345,-0.007255583,0.91971284,-0.03630432,252.75615,251.64641,337.86246,3.3692214,0.5337621,0.04168122
1,16,10,0.1,1.8858424,0.1692381,0.87329733,0.843307,0.2056928,0.011195064,35.559017,-0.09890408,78.24095,-2.1962273,0.4113856,0.022390127,0.9345038,-0.002599225,0.9183175,-0.025777219,252.70293,251.46922,336.9656,2.2951314,0.5337621,0.012521308
1,17,10,0.1,1.9077634,0.17590931,0.87777406,0.85407996,0.20970772,0.0035510792,35.65004,-1.1109989,78.73911,-4.8429103,0.41941544,0.0071021584,0.93689597,-0.029197365,0.9241645,-0.056841426,252.71684,251.49797,337.436,5.953909,0.6551641,0.08945079
1,18,10,0.1,1.8917627,0.19286087,0.8536143,0.84528756,0.21957964,-0.006836408,35.156002,-1.1307878,78.33276,-5.36065,0.43915927,-0.013672816,0.92391247,-0.029717512,0.9193952,-0.06291822,252.73055,251.51776,337.95377,6.491438,0.6551641,0.11123526
1,19,10,0.1,1.8278663,0.1762529,0.827955,0.8236584,0.20991242,0.0020130011,34.62358,-1.186398,77.32409,-4.872316,0.41982484,0.0040260023,0.90992033,-0.031178957,0.9075563,-0.05718651,252.7197,251.57335,337.46536,6.058714,0.6551641,0.097187154
1,20,10,0.1,1.8192312,0.1825343,0.81178826,0.8249086,0.21362017,-0.0010884989,34.283886,-1.1761348,77.38275,-5.531037,0.42724034,-0.0021769977,0.90099293,-0.030909335,0.9082448,-0.06491796,252.74988,251.56311,338.12415,6.7071714,0.6551641,0.10216028
1,21,10,0.1,1.8092134,0.19600308,0.79531187,0.8178985,0.22136118,-0.012839925,33.934185,-1.512822,77.053246,-5.5313945,0.44272235,-0.02567985,0.8918026,-0.039757535,0.9043774,-0.06492215,252.80252,251.79655,338.5516,7.0442166,0.7407981,0.13019636
1,22,10,0.1,1.7584205,0.1583471,0.79140496,0.80866843,0.19896425,-0.0009894458,33.85073,-1.5304956,76.617226,-4.797651,0.3979285,-0.0019788917,0.88960946,-0.040222023,0.8992599,-0.056310356,252.79425,251.81424,337.81787,6.3281465,0.7407981,0.116744414
1,23,10,0.1,1.7813576,0.16044316,0.79910684,0.8218076,0.20027678,-0.0018125926,34.01505,-1.6631522,77.23716,-5.564293,0.40055355,-0.0036251852,0.89392775,-0.043708254,0.90653604,-0.0653084,252.84474,251.94688,338.5845,7.227445,0.7407981,0.13008797
1,24,10,0.1,1.833992,0.1894231,0.81388456,0.83068424,0.21761382,-0.010945066,34.328125,-1.751024,77.65317,-5.896863,0.43522763,-0.021890132,0.9021555,-0.04601753,0.9114188,-0.069211766,252.8608,252.03477,338.91705,7.647887,0.7407981,0.14825362
1,25,10,0.1,1.7843171,0.158154,0.8085412,0.81762195,0.1988429,0.0014147888,34.215252,-1.0002074,77.04022,-2.6823447,0.3976858,0.0028295775,0.8991892,-0.026285818,0.9042245,-0.03148288,252.84056,252.0348,338.19083,3.682552,0.78616333,0.064071305
1,26,10,0.1,1.791829,0.16233486,0.8062794,0.8232147,0.201454,-0.0012410756,34.16736,-1.3063419,77.30325,-3.228888,0.402908,-0.0024821511,0.8979306,-0.03433111,0.9073118,-0.037897564,252.92464,252.34093,338.73737,4.5352297,0.78616333,0.080985464
1,27,10,0.1,1.8351353,0.19537196,0.8165531,0.82321024,0.2210045,-0.006965354,34.384357,-1.5417591,77.30305,-3.6360528,0.442009,-0.013930708,0.9036333,-0.04051791,0.90730935,-0.042676512,252.9826,252.57635,339.14453,5.177812,0.78616333,0.09943562
1,28,10,0.1,1.7993395,0.16945091,0.8172457,0.812643,0.20582208,0.0035458724,34.398933,-1.4190341,76.8053,-2.7424946,0.41164416,0.007091745,0.90401644,-0.03729278,0.90146714,-0.0321888,252.94728,252.45361,338.25095,4.1615286,0.78616333,0.08321158
1,29,10,0.1,1.7989225,0.17505501,0.8058819,0.8179856,0.20919788,0.004238535,34.15894,-0.11532377,77.05734,-0.25960162,0.41839576,0.00847707,0.89770925,-0.0030307577,0.90442556,-0.00304698,252.97446,252.39331,338.75095,0.37492537,0.80922425,0.04474098
1,30,10,0.1,1.7972257,0.19540718,0.79133576,0.81048274,0.22102442,-0.0037629365,33.849247,-0.1956784,76.70313,-0.69689816,0.44204885,-0.007525873,0.88957053,-0.0051425104,0.90026814,-0.008179578,253.01549,252.47368,339.1882,0.8925766,0.80922425,0.028005404
1,31,10,0.1,1.7491982,0.1663443,0.7855046,0.7973493,0.20392664,0.006060127,33.724308,-0.35604766,76.07913,0.003091215,0.40785328,0.012120254,0.886287,-0.009357144,0.89294416,3.622999e-5,253.01591,252.63403,338.48825,0.35295644,0.80922425,0.045650173
1,32,10,0.1,1.7640828,0.18108107,0.78215176,0.80085,0.21276811,0.004726112,33.652256,-0.57875973,76.24596,-0.66491455,0.42553622,0.009452224,0.88439345,-0.015209988,0.8949022,-0.007804119,253.07828,252.85677,339.15625,1.2436743,0.80922425,0.044888563
1,33,10,0.1,1.7694969,0.18637308,0.7820172,0.8011067,0.21585475,-0.0029129868,33.64936,0.42107847,76.25818,0.540896,0.4317095,-0.0058259736,0.88431734,0.011066109,0.89504564,0.006348591,253.1448,253.09375,339.85867,-0.9619745,0.8202346,0.066407904
1,34,10,0.1,1.7404823,0.15683946,0.7911319,0.7925109,0.19801481,0.0052216295,33.844894,0.47255236,75.847946,1.1921239,0.39602962,0.010443259,0.889456,0.01241893,0.89023083,0.013991982,253.12286,253.04225,339.20746,-1.6646762,0.8202346,0.06989706
1,35,10,0.1,1.792182,0.17816117,0.80756354,0.8064572,0.21104571,0.005900117,34.19456,0.64555836,76.512405,1.1593548,0.42209142,0.011800234,0.8986454,0.01696552,0.8980296,0.013607411,253.09822,252.86923,339.2402,-1.8049132,0.8202346,0.08030017
1,36,10,0.1,1.822377,0.21224493,0.8041658,0.8059663,0.23035024,-0.0014364623,34.122547,0.6826724,76.48912,1.1425029,0.46070048,-0.0028729246,0.8967529,0.01794084,0.8977563,0.013409663,253.10017,252.83217,339.25705,-1.8251753,0.8202346,0.083493985
1,37,10,0.1,1.7540672,0.16777432,0.79206103,0.79423183,0.20480132,0.006925522,33.864758,1.431062,75.93026,1.745333,0.40960264,0.013851044,0.8899781,0.037608888,0.89119685,0.020485058,253.10742,252.92088,338.9816,-3.176395,0.81455624,0.11053171
1,38,10,0.1,1.7638127,0.17918584,0.78664345,0.7979834,0.21165174,0.004158059,33.748745,1.3450284,76.10937,1.2128671,0.42330348,0.008316118,0.8869292,0.035347763,0.89329916,0.0142354965,253.14229,253.00699,339.5141,-2.5578957,0.81455624,0.09886213
1,39,10,0.1,1.7804191,0.19038545,0.7940489,0.79598475,0.2181659,-0.0024401774,33.907227,1.2867949,76.01401,1.0609797,0.4363318,-0.0048803547,0.8910942,0.033817418,0.8921798,0.0124528,253.15503,253.06519,339.666,-2.3477745,0.81455624,0.08847029
1,40,10,0.1,1.7693082,0.16667086,0.81066966,0.7919677,0.20412672,0.0058602663,34.26026,1.4543562,75.821945,1.8266454,0.40825343,0.011720533,0.90037197,0.038220976,0.88992566,0.021439407,253.09947,252.89763,338.90033,-3.2810016,0.81455624,0.1104767
1,41,10,0.1,1.7951485,0.16236691,0.8238297,0.80895185,0.20147389,0.0014934287,34.53722,1.8581876,76.63066,0.5785621,0.40294778,0.0029868574,0.90765065,0.048833925,0.8994175,0.0067906524,253.07019,252.6166,339.16013,-2.4367497,0.79574054,0.10873062
1,42,10,0.1,1.8351765,0.19097775,0.83228314,0.81191564,0.21850501,-0.0059332987,34.713966,1.7659968,76.770905,0.34391645,0.43701002,-0.011866597,0.9122955,0.046411023,0.9010636,0.004036614,253.1032,252.70879,339.3947,-2.1099133,0.79574054,0.10047005
1,43,10,0.1,1.8231909,0.18772848,0.83143026,0.80403215,0.21663822,0.006551896,34.69618,1.5782564,76.39728,0.86756915,0.43327644,0.013103792,0.911828,0.041477166,0.8966784,0.010182689,253.1309,252.89655,338.8711,-2.4458256,0.79574054,0.11019643
1,44,10,0.1,1.8155642,0.18445957,0.82249194,0.80861264,0.21474378,0.00370209,34.50917,1.3789572,76.6146,0.3381323,0.42948756,0.00740418,0.9069134,0.03623947,0.89922893,0.0039686533,253.1904,253.09583,339.40054,-1.7170894,0.79574054,0.091389075
1,45,10,0.1,1.796834,0.18780833,0.80736387,0.80166173,0.2166843,-0.00418088,34.190334,0.85486704,76.284584,-1.6298298,0.4333686,-0.00836176,0.8985343,0.022466226,0.89535564,-0.019129358,253.20123,253.07245,339.59708,0.7749627,0.7690525,0.04788412
1,46,10,0.1,1.7587614,0.16198526,0.80611265,0.79066354,0.20123696,0.0050233803,34.16383,0.88818973,75.7595,-0.70777106,0.40247393,0.010046761,0.89783776,0.02334195,0.88919264,-0.008307158,253.16869,253.03911,338.67508,-0.18041867,0.7690525,0.050168395
1,47,10,0.1,1.8026433,0.18683402,0.8167982,0.79901105,0.21612151,0.0053757187,34.389515,0.69379896,76.15837,-1.0664778,0.43224302,0.010751437,0.9037689,0.01823326,0.89387417,-0.012517293,253.2178,253.2335,339.03378,0.37267882,0.7690525,0.04528349
1,48,10,0.1,1.8081691,0.19804898,0.81080085,0.7993192,0.22251347,-0.00343464,34.26303,0.3564219,76.17305,-1.7652014,0.44502693,-0.00686928,0.9004448,0.009366912,0.89404655,-0.020718304,253.31183,253.57086,339.73248,1.4087796,0.7690525,0.027040021
1,49,10,0.1,1.763845,0.16631727,0.80610603,0.7914217,0.20391007,0.0065482114,34.163685,-0.7327967,75.79581,-3.4673321,0.40782014,0.013096423,0.89783406,-0.019258047,0.8896189,-0.04069625,253.36812,253.90063,339.7232,4.200129,0.736336,0.057977866
1,50,10,0.1,1.8180816,0.19037612,0.82153153,0.806174,0.21816055,0.006965583,34.489014,-0.9842702,76.49897,-4.2901883,0.4363211,0.013931166,0.90638375,-0.02586697,0.8978719,-0.05035411,253.42317,254.15207,340.54605,5.2744584,0.736336,0.07190992
1,51,10,0.1,1.8487942,0.2132064,0.8250716,0.8105163,0.2308714,-0.00014748842,34.563244,-0.97569937,76.70472,-4.4310637,0.4617428,-0.00029497684,0.9083345,-0.025641818,0.9002868,-0.05200759,253.42426,254.14351,340.68695,5.406763,0.736336,0.07657508
1,52,10,0.1,1.8272619,0.17937078,0.8422867,0.8056045,0.21176094,0.0068859397,34.921963,-0.72021484,76.471954,-3.315318,0.42352188,0.0137718795,0.9177618,-0.018927498,0.89755476,-0.038911995,253.3622,253.88802,339.57114,4.035533,0.736336,0.05351187
1,53,10,0.1,1.8675547,0.17368023,0.8679157,0.8259587,0.2083748,0.0045140884,35.449287,-0.8960966,77.43198,-4.301217,0.4167496,0.009028177,0.93161994,-0.023549648,0.9088227,-0.050483666,253.35413,253.71867,339.83508,5.197314,0.7033812,0.07613877
1,54,10,0.1,1.9230919,0.19371206,0.89618003,0.83319974,0.22006366,-0.0033757747,36.021873,-0.8079766,77.77066,-4.3642645,0.4401273,-0.0067515494,0.94666785,-0.021233914,0.91279775,-0.05122356,253.33504,253.63057,339.89816,5.172241,0.7033812,0.117812455
1,55,10,0.1,1.8982975,0.1679936,0.9055342,0.8247697,0.20493512,0.0051705646,36.20938,-0.5831373,77.37623,-3.2700849,0.40987024,0.010341129,0.9515956,-0.015325142,0.9081683,-0.03838115,253.27458,253.4057,338.80392,3.8532221,0.7033812,0.06967416
1,56,10,0.1,1.9423625,0.19821973,0.9143979,0.8297449,0.22260937,0.005842974,36.386166,-0.61155933,77.60925,-3.5592418,0.44521874,0.011685948,0.95624155,-0.016072012,0.91090333,-0.041775,253.29318,253.43414,339.0931,4.170801,0.7033812,0.042590026
1,57,10,0.1,1.9435182,0.2060321,0.9105575,0.82692856,0.22695379,-0.00051227375,36.309673,-0.72937936,77.47743,-3.486092,0.45390758,-0.0010245475,0.9542314,-0.01916841,0.9093561,-0.04091648,253.32797,253.5204,339.45798,4.2154713,0.666997,0.06030329
1,58,10,0.1,1.9138767,0.19123201,0.90676486,0.8158798,0.21865042,0.008432726,36.23398,-0.65694606,76.95809,-2.7075157,0.43730083,0.016865453,0.952242,-0.017264837,0.90326065,-0.0317782,253.32178,253.44795,338.6794,3.364462,0.666997,0.03760972
1,59,10,0.1,1.9250685,0.19998056,0.9001509,0.824937,0.22359593,0.008682515,36.10159,-0.9681625,77.38407,-3.1868274,0.44719186,0.01736503,0.94876283,-0.025443569,0.9082604,-0.037403945,253.40532,253.7592,339.1587,4.1549897,0.666997,0.05441392
1,60,10,0.1,1.9198685,0.20384727,0.88835096,0.8276702,0.22574724,0.0014352525,35.864185,-1.3819166,77.51217,-4.074092,0.4514945,0.002870505,0.9425237,-0.036317248,0.9097638,-0.047817778,253.49933,254.17294,340.04602,5.4560084,0.666997,0.091665074
1,61,10,0.1,1.9024143,0.1908754,0.8930623,0.8184767,0.21844645,0.012957887,35.959156,-1.0481296,77.08047,-2.7974927,0.4368929,0.025915774,0.9450197,-0.027545197,0.904697,-0.032834332,253.47581,254.16324,339.70532,3.8456223,0.62731874,0.057648838
1,62,10,0.1,1.9407996,0.20892033,0.9022216,0.8296577,0.22853902,0.00919517,36.143093,-1.0113803,77.60519,-3.007156,0.45707804,0.01839034,0.9498535,-0.026579404,0.9108555,-0.03529513,253.47697,254.12648,339.915,4.018536,0.62731874,0.05420606
1,63,10,0.1,1.9477384,0.19590318,0.9188745,0.83296067,0.22130476,-0.00061599654,36.475124,-0.99043906,77.7595,-3.2771225,0.44260952,-0.0012319931,0.9585794,-0.026029125,0.9126668,-0.03846369,253.47462,254.10555,340.18497,4.2675614,0.62731874,0.06976638
1,64,10,0.1,1.9385314,0.17639355,0.9337438,0.82839406,0.20999616,0.010249815,36.76906,-0.7756138,77.54605,-2.3861053,0.41999233,0.02049963,0.9663042,-0.020383352,0.91016155,-0.02800586,253.42326,253.89075,339.29395,3.161719,0.62731874,0.0458731
1,65,10,0.1,1.957819,0.19976522,0.92451155,0.8335423,0.22347552,0.011576204,36.586834,-0.22344662,77.786644,-1.504622,0.44695103,0.023152407,0.96151525,-0.005872283,0.9129854,-0.017659843,253.46631,253.98318,339.60483,1.7280686,0.5915627,0.028099623
1,66,10,0.1,1.9342915,0.2151525,0.8990371,0.82010186,0.23192267,0.0028901303,36.079247,-0.40768588,77.15696,-1.8935553,0.46384534,0.0057802605,0.94817567,-0.010714136,0.90559477,-0.022224715,253.51353,254.16742,339.9938,2.3012412,0.5915627,0.022157801
1,67,10,0.1,1.8673172,0.17890707,0.8842965,0.8041137,0.21148704,0.013520424,35.78225,-0.53540534,76.40116,-1.4801795,0.42297408,0.027040849,0.9403704,-0.014070607,0.89672387,-0.017372988,253.52884,254.29514,339.58038,2.015585,0.5915627,0.031080736
1,68,10,0.1,1.8798692,0.17600276,0.88882035,0.81504613,0.20976341,0.011131106,35.87366,-0.7362036,76.91877,-2.0423868,0.41952682,0.022262212,0.9427727,-0.01934772,0.90279907,-0.023971587,253.59248,254.49594,340.1426,2.7785904,0.5915627,0.039968353
1,69,10,0.1,1.9037403,0.19284967,0.89092773,0.81996286,0.21957326,0.0039649406,35.91616,-0.32560778,77.15043,-1.7763215,0.43914652,0.007929881,0.9438897,-0.008557021,0.905518,-0.020848736,253.65996,254.84549,340.8354,2.1019292,0.56162506,0.021009652
1,70,10,0.1,1.8801007,0.16512063,0.9007318,0.8142483,0.20317519,0.014079381,36.11324,-0.5941822,76.88111,-1.4638314,0.40635037,0.028158762,0.9490689,-0.01561529,0.9023571,-0.017181117,253.6898,255.11404,340.5229,2.0580137,0.56162506,0.032935083
1,71,10,0.1,1.919424,0.17471664,0.9200697,0.82463783,0.2089956,0.016159063,36.498833,-0.7341432,77.37004,-1.7754449,0.4179912,0.032318126,0.95920265,-0.019293563,0.9080957,-0.020838507,253.72607,255.25403,340.8345,2.509588,0.56162506,0.040975
1,72,10,0.1,1.968431,0.21000338,0.9319777,0.8264498,0.22913063,0.009029656,36.734272,-0.6497371,77.454994,-1.8050358,0.45826125,0.018059311,0.9653899,-0.017075336,0.90909284,-0.021185769,253.70944,255.16957,340.8641,2.454773,0.56162506,0.034341425
1,73,10,0.1,1.9415876,0.1931711,0.92872673,0.81968975,0.21975617,0.017493244,36.670143,0.4381714,77.13757,-0.07916815,0.43951234,0.03498649,0.9637047,0.011515338,0.9053672,-0.00092924485,253.66704,254.98337,340.03882,-0.35900325,0.5390866,0.058959186
1,74,10,0.1,1.9544525,0.20130643,0.9237118,0.82943434,0.22433592,0.0155917,36.57101,0.4546293,77.59472,-0.30926698,0.44867185,0.0311834,0.96109927,0.011947728,0.91073287,-0.003629829,253.67755,254.96689,340.26886,-0.14536232,0.5390866,0.058499265
1,75,10,0.1,1.9655151,0.19787994,0.93478215,0.8328531,0.22241849,0.0072076996,36.789505,0.45995292,77.75447,-0.5123661,0.44483697,0.014415399,0.96684134,0.012087678,0.91260785,-0.006013591,253.6757,254.9616,340.472,0.052413195,0.5390866,0.034821168
1,76,10,0.1,1.9562324,0.17683221,0.9502629,0.8291373,0.21025711,0.015451149,37.09288,0.701371,77.58083,0.5312044,0.42051423,0.030902298,0.9748143,0.018432193,0.9105698,0.0062347567,253.60957,254.72017,339.42838,-1.2325754,0.5390866,0.07125422
1,77,10,0.1,1.9873843,0.1859228,0.9629344,0.83852714,0.21559383,0.012561809,37.33937,1.4857677,78.0189,-0.0602306,0.43118766,0.025123619,0.9812922,0.03904653,0.9157113,-0.0007069424,253.59647,254.55765,340.0387,-1.4255371,0.52878785,0.09354789
1,78,10,0.1,2.0221546,0.22187027,0.9604305,0.83985376,0.23551553,0.004346672,37.2908,1.6336035,78.08059,-0.22371234,0.47103107,0.008693344,0.9800156,0.042931702,0.91643536,-0.0026256773,253.57579,254.40977,340.20218,-1.4098911,0.52878785,0.098578885
1,79,10,0.1,1.9873683,0.1864215,0.96234053,0.8386064,0.21588278,0.012876222,37.327858,1.7727896,78.02258,0.5815134,0.43176556,0.025752444,0.9809896,0.04658961,0.91575456,0.0068252254,253.53787,254.27061,339.397,-2.354303,0.52878785,0.1145829
1,80,10,0.1,2.0052795,0.18133137,0.97468925,0.84925896,0.21291511,0.010882818,37.566586,1.915711,78.51656,0.4577606,0.42583022,0.021765636,0.9872635,0.050345507,0.9215525,0.005372789,253.52338,254.1277,339.52066,-2.3734717,0.52878785,0.11610837
1,81,10,0.1,2.025527,0.20250012,0.97584355,0.8471834,0.22500007,0.002409566,37.588825,1.9542261,78.420555,-0.2663858,0.45000014,0.004819132,0.9878479,0.05135775,0.92042565,-0.0031265973,253.49886,254.01137,339.36008,-1.6878403,0.52630115,0.10815326
1,82,10,0.1,2.018634,0.19521889,0.98039377,0.84302133,0.22091791,0.012498745,37.676365,2.101788,78.227684,0.2866587,0.44183582,0.02499749,0.99014837,0.05523585,0.9181619,0.0033646014,253.44464,253.86377,338.807,-2.3884468,0.52630115,0.12648132
1,83,10,0.1,2.0487905,0.20386323,0.993996,0.85093105,0.22575608,0.008481061,37.936825,2.2592144,78.59383,-0.08183212,0.45151216,0.016962122,0.9969935,0.05937303,0.92245924,-0.00096053304,253.42207,253.70636,339.1755,-2.1773822,0.52630115,0.13500957
1,84,10,0.1,2.0637388,0.22128074,0.99000126,0.85245675,0.23520243,0.0012068952,37.860516,2.3521426,78.66424,-0.26925012,0.47040486,0.0024137904,0.9949881,0.061815184,0.92328584,-0.003160255,253.40468,253.6134,339.36288,-2.0828924,0.52630115,0.13161458
1,85,10,0.1,2.0225794,0.19293003,0.9798128,0.8498366,0.219619,0.011108774,37.665195,1.7184528,78.54326,-0.94582546,0.439238,0.022217548,0.98985493,0.045161508,0.9218658,-0.011101164,253.35246,253.44928,338.43185,-0.77262735,0.53360987,0.09587349
1,86,10,0.1,2.02536,0.2019297,0.9675064,0.8559239,0.22468294,0.008877653,37.427914,1.7754245,78.82406,-1.2557034,0.44936588,0.017755305,0.98361903,0.046658855,0.92516154,-0.014738256,253.37244,253.39229,338.74176,-0.51972103,0.53360987,0.09930157
1,87,10,0.1,1.9941984,0.2175222,0.9329598,0.8437165,0.23319638,0.0018206708,36.753624,1.6029472,78.25994,-1.5957235,0.46639276,0.0036413416,0.96589845,0.04212602,0.9185404,-0.018729122,253.42677,253.56471,339.08176,-0.0072237253,0.53360987,0.085738406
1,88,10,0.1,1.9201436,0.18514624,0.9130296,0.8219678,0.21514311,0.012915259,36.35893,1.4922979,77.244675,-1.0218068,0.43028623,0.025830518,0.9555258,0.039218113,0.9066244,-0.011993013,253.43715,253.6754,338.5078,-0.47049105,0.53360987,0.08445358
1,89,10,0.1,1.9319134,0.18009995,0.9200972,0.8317163,0.21219093,0.009569552,36.499382,0.19020528,77.70139,-3.4702857,0.42438185,0.019139104,0.95921695,0.004998756,0.9119848,-0.040730882,253.46004,253.73793,339.07056,3.2800803,0.55699664,0.03961668
1,90,10,0.1,1.9611869,0.189286,0.93367225,0.83822876,0.21753505,0.002282143,36.767654,0.30649018,78.00501,-3.5709267,0.4350701,0.004564286,0.96626717,0.008054695,0.9155483,-0.041912157,253.43655,253.62166,339.1712,3.2644365,0.55699664,0.057427846
1,91,10,0.1,1.9781431,0.20238855,0.93679434,0.8389602,0.22493808,0.013021765,36.82908,0.46648863,78.03903,-2.8220832,0.44987616,0.02604353,0.9678814,0.012259493,0.9159477,-0.0331229,253.38374,253.46165,338.42236,2.3555946,0.55699664,0.028035799
1,92,10,0.1,2.0009086,0.19598402,0.9533412,0.8515833,0.22135042,0.010937751,37.152912,0.59572345,78.62394,-3.016918,0.44270083,0.021875503,0.9763919,0.015655816,0.9228127,-0.035409696,253.3684,253.33243,338.6172,2.4211946,0.55699664,0.03634948
1,93,10,0.1,2.0217528,0.19846582,0.96238256,0.8609045,0.22274752,0.0037532272,37.328674,-0.4830205,79.05306,-4.283173,0.44549504,0.0075064544,0.981011,-0.012693877,0.9278494,-0.050271835,253.34138,253.15564,338.63428,4.7661934,0.5953878,0.06738906
1,94,10,0.1,2.001711,0.17686443,0.96630317,0.85854334,0.21027626,0.011942288,37.404633,-0.22657606,78.94457,-3.5045524,0.42055252,0.023884576,0.9830072,-0.0059543955,0.92657614,-0.04113311,253.2771,252.89915,337.85565,3.7311285,0.5953878,0.035512242
1,95,10,0.1,2.0488367,0.19148,0.98707944,0.8702774,0.21879214,0.009220826,37.804607,0.0070128776,79.48223,-3.7286556,0.43758428,0.018441653,0.9935187,0.00018424218,0.9328866,-0.043763336,253.2251,252.66559,338.07977,3.7216427,0.5953878,0.040821202
1,96,10,0.1,2.0637767,0.20322785,0.98856246,0.8719864,0.225404,-9.482933e-5,37.832993,0.2679283,79.56024,-3.688585,0.450808,-0.00018965866,0.9942648,0.007041276,0.9338021,-0.043293077,253.16971,252.40468,338.0397,3.4206567,0.5953878,0.047950152
1,97,10,0.1,2.0399365,0.20692715,0.9728293,0.8601801,0.22744623,0.0104712,37.53073,-0.64660275,79.0198,-3.0669062,0.45489246,0.0209424,0.9863211,-0.016992955,0.92745894,-0.0359964,253.1136,252.21236,337.03696,3.713509,0.63837117,0.035501346
1,98,10,0.1,2.0206993,0.20437905,0.9564225,0.85989773,0.22604151,0.008093392,37.212906,-0.5943616,79.00683,-3.4627433,0.45208302,0.016186783,0.9779686,-0.015620087,0.9273067,-0.0406424,253.11313,252.16016,337.4328,4.057105,0.63837117,0.03939064
1,99,10,0.1,2.0117176,0.19796148,0.95240486,0.86135125,0.22246431,0.00091314845,37.134663,-0.53948295,79.07357,-3.8976805,0.44492862,0.0018262969,0.97591233,-0.014177833,0.9280901,-0.045747235,253.1153,252.10522,337.86774,4.4371634,0.63837117,0.057007376
1,100,10,0.1,1.9881995,0.19840802,0.93854517,0.85124624,0.22271508,0.012465745,36.863476,-0.6443352,78.608376,-3.3540378,0.44543016,0.02493149,0.9687854,-0.016933423,0.9226301,-0.03936648,253.12448,252.21011,337.3241,3.998373,0.63837117,0.04390929
2,1,10,0.07,1.9650505,0.16566817,0.92789954,0.8714828,0.20351177,0.007707283,36.653812,2.8758483,79.537254,2.0622368,0.40702355,0.015414566,0.96327543,0.07557836,0.9335324,0.024204573,251.83002,247.89172,331.99503,-4.938085,0.6823084,0.1755446
2,2,10,0.07,1.9785762,0.17030045,0.93086505,0.87741065,0.20633738,0.0061763222,36.712334,2.7338176,79.80731,1.4112358,0.41267475,0.0123526445,0.9648135,0.07184578,0.936702,0.016563743,251.88115,248.03377,332.64597,-4.1450534,0.6823084,0.16330051
2,3,10,0.07,1.9464189,0.17530634,0.9033824,0.86773014,0.209348,0.0004978141,36.166336,2.454199,79.36583,0.9965555,0.418696,0.0009956282,0.9504643,0.06449726,0.93152034,0.011696691,251.93819,248.31339,333.0607,-3.4507546,0.6823084,0.13960832
2,4,10,0.07,1.9327673,0.15915869,0.90868795,0.8649206,0.19947349,0.008815573,36.272377,2.3081138,79.237236,1.2680806,0.39894697,0.017631145,0.95325124,0.060658127,0.9300111,0.014883533,251.93912,248.45944,332.78918,-3.5761943,0.6823084,0.13922912
2,5,10,0.07,1.9785652,0.16853762,0.92822146,0.8818062,0.20526667,0.0044453745,36.660168,1.2785155,80.00696,-0.16111062,0.41053334,0.008890749,0.9634425,0.033599775,0.93904537,-0.0018910302,251.94693,248.45111,333.45483,-1.1174048,0.6947282,0.076126754
2,6,10,0.07,1.9859831,0.17909653,0.9224045,0.88448197,0.21159899,-0.0035785323,36.545124,1.5158128,80.12826,-0.13488524,0.42319798,-0.0071570645,0.96041894,0.039836027,0.940469,-0.0015831956,251.91084,248.21382,333.4286,-1.3809276,0.6947282,0.08248914
2,7,10,0.07,1.9725873,0.16205063,0.92988527,0.88065153,0.20127757,0.0042357454,36.693012,1.646117,79.954575,0.42843968,0.40255514,0.008471491,0.9643056,0.043260537,0.93843037,0.005028648,251.88731,248.0835,332.8652,-2.0745566,0.6947282,0.09447026
2,8,10,0.07,2.0204082,0.1686784,0.95399284,0.8977368,0.20535238,3.9207214e-5,37.165604,1.6153432,80.72643,-0.23404084,0.41070476,7.841443e-5,0.9767256,0.042451847,0.94748974,-0.0027468614,251.91682,248.11429,333.52774,-1.3813024,0.6947282,0.08954671
2,9,10,0.07,2.0546205,0.18455641,0.9641916,0.9058725,0.21480015,-0.0017267673,37.36374,0.39657655,81.09139,-1.4376701,0.4296003,-0.0034535346,0.9819326,0.010422157,0.95177335,-0.016873986,251.91574,248.08313,333.70013,1.0410936,0.6959757,0.026995465
2,10,10,0.07,2.0204344,0.162686,0.9621764,0.89557207,0.20167176,0.0061548706,37.324673,0.45449615,80.62904,-0.7492294,0.40334353,0.012309741,0.9809059,0.011944299,0.9463467,-0.008793831,251.9074,248.0252,333.01172,0.29473323,0.6959757,0.027897546
2,11,10,0.07,2.054538,0.17130093,0.97741246,0.9058247,0.20694259,0.004551367,37.619034,0.0857695,81.08926,-1.3695303,0.41388518,0.009102734,0.98864174,0.0022541296,0.95174825,-0.01607419,251.98055,248.39397,333.63196,1.2837608,0.6959757,0.0073992284
2,12,10,0.07,2.0312827,0.17859748,0.95545465,0.8972305,0.21130398,-0.0012446443,37.194073,-0.26136026,80.70367,-1.9350648,0.42260796,-0.0024892886,0.9774736,-0.0068686516,0.94722253,-0.0227119,252.05347,248.74109,334.1975,2.196425,0.6959757,0.035059083
2,13,10,0.07,1.9870131,0.1678934,0.942518,0.87660176,0.20487398,0.010715008,36.941418,-1.6913292,79.770515,-2.5047257,0.40974796,0.021430016,0.97083366,-0.044448756,0.9362701,-0.029398099,252.09932,248.99553,333.88278,4.196055,0.6896896,0.09106334
2,14,10,0.07,2.0163035,0.18467891,0.94605285,0.8855717,0.21487142,0.010868604,37.01062,-2.076014,80.17761,-3.481293,0.42974284,0.021737209,0.9726525,-0.0545583,0.9410482,-0.040860176,252.18726,249.38019,334.85947,5.5573072,0.6896896,0.11490782
2,15,10,0.07,1.9728067,0.19077832,0.9074095,0.8746188,0.21839088,0.004919223,36.246857,-2.1182253,79.680244,-3.6845827,0.43678176,0.009838446,0.95258045,-0.05566778,0.9352106,-0.043246135,252.2314,249.42242,335.06268,5.802808,0.6896896,0.12042762
2,16,10,0.07,1.9378543,0.17412466,0.9008569,0.8628727,0.20864123,0.011995083,36.115746,-2.2454689,79.14338,-3.1654472,0.41728246,0.023990165,0.9491348,-0.059011642,0.9289094,-0.037152965,252.23473,249.54965,334.54352,5.4109163,0.6896896,0.1209324
2,17,10,0.07,1.9932327,0.18384065,0.9293993,0.87999266,0.21438321,0.011874969,36.683422,-2.7953126,79.92465,-4.0205536,0.42876643,0.023749938,0.9640536,-0.07346186,0.93807924,-0.047189366,252.21396,249.50682,334.95633,6.8158665,0.6780979,0.1524133
2,18,10,0.07,2.006831,0.20004049,0.929812,0.87697834,0.22362943,0.00407658,36.691566,-2.525849,79.78764,-4.2201157,0.44725886,0.00815316,0.9642676,-0.06638026,0.9364712,-0.049531695,252.17993,249.23735,335.15585,6.745965,0.6780979,0.1455613
2,19,10,0.07,1.9654632,0.17005552,0.92586255,0.86954504,0.20618895,0.010446388,36.613556,-2.3035772,79.448784,-3.32285,0.4123779,0.020892777,0.9622175,-0.060538784,0.932494,-0.039000425,252.12373,249.01508,334.2586,5.626427,0.6780979,0.12578599
2,20,10,0.07,1.9731905,0.17412098,0.92302334,0.8760461,0.20863903,0.00582036,36.557373,-2.2949395,79.745224,-3.7443848,0.41727805,0.01164072,0.96074104,-0.060311865,0.93597335,-0.04394798,252.13942,249.00642,334.68018,6.0393243,0.6780979,0.12723127
2,21,10,0.07,1.9895792,0.20075245,0.9162269,0.8725999,0.22402704,0.0021018526,36.42254,-2.5047894,79.58822,-4.0993543,0.44805408,0.004203705,0.9571974,-0.06582678,0.93413055,-0.048114333,252.1807,249.21086,335.14386,6.6041436,0.6659832,0.14522469
2,22,10,0.07,1.9509737,0.17560618,0.9119718,0.8633958,0.20952696,0.010875138,36.33786,-2.5774865,79.16736,-3.6748393,0.4190539,0.021750277,0.95497215,-0.06773729,0.92919093,-0.0431318,252.18279,249.28355,334.71933,6.252326,0.6659832,0.14165011
2,23,10,0.07,1.9547876,0.19829796,0.89279675,0.8636929,0.2226533,0.008827209,35.953815,-2.7134862,79.180984,-4.193246,0.4453066,0.017654417,0.94487923,-0.07131133,0.9293508,-0.049216308,252.23453,249.41954,335.23776,6.906732,0.6659832,0.14736357
2,24,10,0.07,1.941055,0.20903556,0.8754388,0.8565807,0.22860204,0.004945597,35.60259,-2.8705657,78.854294,-4.443549,0.45720407,0.009891194,0.93564886,-0.07543954,0.9255164,-0.05215411,252.2751,249.57663,335.4881,7.3141146,0.6659832,0.16002648
2,25,10,0.07,1.8997872,0.1762555,0.87333465,0.8501971,0.20991397,0.012696114,35.559776,-2.3299227,78.55991,-3.0644593,0.41982794,0.025392229,0.93452376,-0.06123117,0.9220613,-0.03596771,252.25682,249.54749,334.7635,5.394382,0.648961,0.124482445
2,26,10,0.07,1.930112,0.18541658,0.8861125,0.85858285,0.21530013,0.0118763,35.818974,-2.4598494,78.946396,-3.7428582,0.43060026,0.0237526,0.9413355,-0.064645745,0.9265975,-0.043930132,252.29608,249.67741,335.4419,6.2027073,0.648961,0.1343943
2,27,10,0.07,1.9288757,0.19339004,0.8767843,0.8587014,0.21988067,0.0048744017,35.62994,-2.4869573,78.95184,-4.248647,0.43976134,0.009748803,0.93636763,-0.06535816,0.92666143,-0.04986658,252.31668,249.70451,335.9477,6.7356043,0.648961,0.14709051
2,28,10,0.07,1.8892357,0.18086347,0.8652588,0.84311336,0.21264023,0.010008651,35.394978,-2.3898249,78.23196,-3.4879088,0.42528045,0.020017302,0.9301929,-0.062805444,0.91821206,-0.0409378,252.29088,249.60738,335.18695,5.8777337,0.648961,0.12933926
2,29,10,0.07,1.9112811,0.19068587,0.8671223,0.85347295,0.21833797,0.004860881,35.433075,-1.5502036,78.71112,-2.9710953,0.43667594,0.009721762,0.931194,-0.040739954,0.923836,-0.034871835,252.3286,249.6662,335.71323,4.521299,0.6353442,0.08274532
2,30,10,0.07,1.9269295,0.2024032,0.86851054,0.8560156,0.22494622,8.041765e-5,35.461426,-1.6965015,78.828285,-3.22146,0.44989243,0.0001608353,0.9319391,-0.04458462,0.92521113,-0.03781049,252.37494,249.81248,335.96353,4.9179616,0.6353442,0.09808262
2,31,10,0.07,1.8926768,0.16873926,0.8736638,0.8502739,0.20538943,0.009373495,35.566475,-1.8010066,78.56347,-2.5988646,0.41077885,0.01874699,0.93469983,-0.047331117,0.922103,-0.030503033,252.37212,249.91698,335.34097,4.399871,0.6353442,0.09743323
2,32,10,0.07,1.9281971,0.17869723,0.8870142,0.86248565,0.21136297,0.0060414774,35.837193,-1.7759652,79.12562,-3.355772,0.42272595,0.012082955,0.9418143,-0.046672974,0.92870104,-0.039386835,252.38843,249.89197,336.09784,5.131737,0.6353442,0.09857289
2,33,10,0.07,1.9482718,0.19711626,0.88602006,0.8651355,0.22198889,-0.0013735619,35.817104,-0.6561563,79.247086,-2.5188408,0.44397777,-0.0027471238,0.9412864,-0.017244069,0.9301266,-0.029563807,252.4035,249.8905,336.51712,3.174997,0.6209629,0.044946928
2,34,10,0.07,1.914609,0.17839491,0.88434297,0.8518711,0.21118411,0.0046696803,35.78319,-0.67314255,78.63722,-1.8281965,0.42236823,0.0093393605,0.9403951,-0.017690418,0.9229686,-0.021457672,252.3863,249.90747,335.82654,2.501339,0.6209629,0.038586147
2,35,10,0.07,1.9443033,0.1925285,0.88952243,0.8622523,0.21939035,0.006206874,35.887825,-0.79430723,79.11492,-2.3313913,0.4387807,0.012413748,0.943145,-0.02087468,0.9285754,-0.027363516,252.42409,250.02863,336.3297,3.1256986,0.6209629,0.04535251
2,36,10,0.07,1.9464178,0.2088266,0.87606204,0.8615291,0.22848774,-0.0008154179,35.61526,-1.0062983,79.08174,-2.7273257,0.4569755,-0.0016308358,0.93598187,-0.02644589,0.92818594,-0.03201077,252.48195,250.24062,336.72565,3.733624,0.6209629,0.060342647
2,37,10,0.07,1.8863508,0.18727887,0.8578402,0.8412317,0.21637864,0.007859188,35.24292,-0.04178812,78.14461,-0.9731211,0.4327573,0.015718376,0.92619663,-0.0010981704,0.91718686,-0.011421589,252.50766,250.43684,336.26965,1.0149093,0.60545665,0.028029725
2,38,10,0.07,1.9297464,0.19095315,0.8778883,0.8609049,0.21849093,0.0070700683,35.65236,-0.24506663,79.05308,-1.6673288,0.43698186,0.014140137,0.93695694,-0.0064403266,0.9278496,-0.01956957,252.55457,250.64014,336.96387,1.9123955,0.60545665,0.017996807
2,39,10,0.07,1.9526672,0.20873517,0.8788507,0.86508137,0.22843772,-0.00027792365,35.6719,-0.35895208,79.244606,-2.1862657,0.45687544,-0.0005558473,0.9374704,-0.00943338,0.9300975,-0.025660312,252.59833,250.75403,337.4828,2.5452178,0.60545665,0.026681207
2,40,10,0.07,1.8790185,0.1839034,0.85308707,0.8420281,0.2144198,0.00835199,35.14515,-0.46796948,78.18159,-1.5990496,0.4288396,0.01670398,0.92362714,-0.012298411,0.9176209,-0.018768137,252.61157,250.86304,336.8956,2.067019,0.60545665,0.02885492
2,41,10,0.07,1.8856752,0.18467392,0.85386264,0.84713864,0.21486852,0.008461777,35.161118,0.39979878,78.41849,-1.1288027,0.42973703,0.016923554,0.9240469,0.01050689,0.92040133,-0.013248867,252.67163,251.1046,337.4757,0.7290039,0.59146464,0.031590886
2,42,10,0.07,1.9190649,0.21271695,0.85733825,0.84900963,0.23060624,0.0018788927,35.232605,0.3280399,78.50504,-1.4002476,0.4612125,0.0037577853,0.9259256,0.008620946,0.9214172,-0.016434815,252.69179,251.17638,337.74716,1.0722077,0.59146464,0.022814292
2,43,10,0.07,1.8554072,0.17044263,0.8505322,0.8344325,0.20642349,0.009130363,35.09248,0.3493233,77.82817,-0.6554263,0.41284698,0.018260727,0.922243,0.009180242,0.9134728,-0.007692761,252.67021,251.15509,337.00232,0.30610302,0.59146464,0.029883698
2,44,10,0.07,1.8823935,0.18548642,0.8519659,0.84494114,0.21534067,0.006897777,35.122044,0.2545283,78.31671,-1.1837405,0.43068135,0.013795554,0.92302,0.006689168,0.9192068,-0.013893589,252.7007,251.24986,337.53067,0.9292122,0.59146464,0.02563763
2,45,10,0.07,1.9046974,0.20539987,0.8517154,0.84758204,0.22660531,-1.2150091e-5,35.11688,1.0422419,78.43901,-0.9749028,0.45321062,-2.4300181e-5,0.9228843,0.027390374,0.9206422,-0.011442493,252.74818,251.40785,338.03867,-0.06733912,0.5817656,0.064081594
2,46,10,0.07,1.8457173,0.16894446,0.84237653,0.83439636,0.20551427,0.011055597,34.92382,0.7147747,77.826485,-0.640186,0.41102853,0.022111194,0.91781074,0.018784553,0.913453,-0.00751399,252.79578,251.73532,337.70398,-0.074588716,0.5817656,0.044826396
2,47,10,0.07,1.8657404,0.1730996,0.8473899,0.84525096,0.2080262,0.009931074,35.0276,0.425264,78.33107,-1.366084,0.4160524,0.019862149,0.9205378,0.011176109,0.9193753,-0.016033713,252.8721,252.02483,338.42984,0.94082,0.5817656,0.025855012
2,48,10,0.07,1.8781189,0.19835122,0.834645,0.8451227,0.22268319,0.006052434,34.763187,0.28285912,78.32512,-1.885339,0.44536638,0.012104868,0.91358906,0.007433583,0.91930556,-0.022128308,252.93474,252.16722,338.94913,1.6024799,0.5817656,0.016884513
2,49,10,0.07,1.8575306,0.17898436,0.8436189,0.83492726,0.21153271,0.013454946,34.94957,0.7899817,77.85124,-0.82257634,0.42306542,0.026909892,0.9184873,0.020761047,0.91374356,-0.009654613,252.94867,252.3999,338.3416,0.03259462,0.57114655,0.053173814
2,50,10,0.07,1.8885884,0.18139212,0.8599977,0.8471986,0.21295077,0.013770387,35.28721,0.6657012,78.421265,-1.3117145,0.42590153,0.027540773,0.9273606,0.017494809,0.92043394,-0.015395637,252.98062,252.52419,338.83072,0.6460133,0.57114655,0.041302297
2,51,10,0.07,1.9133825,0.21588492,0.849067,0.84843063,0.23231709,0.0076472373,35.06224,0.45434323,78.478264,-1.9703283,0.46463418,0.015294475,0.9214483,0.011940368,0.92110294,-0.023125773,253.04236,252.73557,339.48935,1.5159851,0.57114655,0.026346095
2,52,10,0.07,1.8251454,0.1784553,0.8231887,0.82350135,0.21121985,0.014766014,34.523785,0.2913399,77.3167,-1.5132033,0.4224397,0.029532028,0.9072975,0.0076564825,0.90746975,-0.017760575,253.06572,252.89857,339.0323,1.2218634,0.57114655,0.020411773
2,53,10,0.07,1.8209794,0.1698732,0.8228814,0.8282247,0.20607838,0.011439139,34.517338,0.75244635,77.53813,-1.7421764,0.41215676,0.022878278,0.9071281,0.019774534,0.9100685,-0.02044802,253.1039,253.00229,339.45108,0.98973006,0.5651412,0.039965387
2,54,10,0.07,1.8342772,0.1794679,0.8215972,0.833212,0.21181826,0.0040909685,34.490395,0.73655313,77.77123,-2.1021001,0.42363653,0.008181937,0.90642,0.019356873,0.9128045,-0.024672402,253.12915,253.01817,339.81097,1.365547,0.5651412,0.044042457
2,55,10,0.07,1.8074522,0.15576573,0.82893133,0.8227552,0.19733584,0.011744331,34.643993,0.76170737,77.28167,-1.4699029,0.39467168,0.023488661,0.91045666,0.020017894,0.90705854,-0.017252382,253.09659,252.99301,339.17877,0.7081955,0.5651412,0.040988874
2,56,10,0.07,1.8523095,0.17147142,0.8442425,0.8365955,0.20704554,0.012081858,34.962482,0.9836145,77.92898,-1.6020927,0.41409108,0.024163716,0.9188267,0.025849814,0.9146559,-0.018803779,253.06502,252.7711,339.311,0.61847824,0.5651412,0.052382074
2,57,10,0.07,1.8878345,0.19475566,0.8508324,0.8422465,0.22065565,0.0025155891,35.09867,1.3908029,78.19172,-1.5852618,0.4413113,0.0050311782,0.9224058,0.036550887,0.91773987,-0.018606273,253.0767,252.71706,339.4842,0.19445896,0.56610787,0.07349533
2,58,10,0.07,1.8544104,0.18178508,0.8436448,0.8289806,0.2131813,0.011151326,34.950108,1.3960571,77.57351,-0.8940775,0.4263626,0.022302652,0.9185014,0.036688883,0.9104837,-0.010493837,253.06136,252.7118,338.793,-0.50197965,0.56610787,0.07861604
2,59,10,0.07,1.8820617,0.19122808,0.8534464,0.83738726,0.21864817,0.011303696,35.152546,1.3223673,77.96584,-1.3835535,0.43729633,0.022607392,0.9238216,0.034752317,0.91508865,-0.016238848,253.08511,252.78548,339.2825,0.061186194,0.56610787,0.07602812
2,60,10,0.07,1.8985655,0.21303786,0.8495365,0.8359912,0.23078012,0.00064375123,35.07193,1.1592602,77.900826,-1.759323,0.46156025,0.0012875025,0.92170304,0.03046584,0.91432554,-0.020649264,253.12004,252.9486,339.65826,0.60006285,0.56610787,0.06150862
2,61,10,0.07,1.8558521,0.19145817,0.8441012,0.8202928,0.21877967,0.0073874597,34.959557,1.1706395,77.16594,-1.1301578,0.43755934,0.0147749195,0.9187498,0.03076481,0.90570015,-0.013264733,253.10258,252.99643,339.00845,-0.040481687,0.5710017,0.06528235
2,62,10,0.07,1.8574722,0.18481843,0.84389293,0.8287608,0.21495257,0.0048410683,34.955242,1.2359151,77.56322,-1.8527573,0.42990515,0.009682137,0.91863644,0.03248029,0.910363,-0.021745827,253.11348,252.93118,339.73105,0.61684227,0.5710017,0.06563025
2,63,10,0.07,1.8619756,0.19056746,0.8404154,0.8309927,0.21827017,-0.004144956,34.883144,1.256417,77.66759,-1.9170699,0.43654034,-0.008289912,0.9167417,0.033019036,0.911588,-0.022500731,253.12752,252.91068,339.79538,0.6606529,0.5710017,0.067974314
2,64,10,0.07,1.8208172,0.16508442,0.83948344,0.8162494,0.20315291,0.0073966896,34.863804,1.2799183,76.975525,-1.1406349,0.40630582,0.014793379,0.9162333,0.0336367,0.9034652,-0.0133877,253.1189,252.88719,339.01895,-0.13928342,0.5710017,0.0676489
2,65,10,0.07,1.8492787,0.17211343,0.8494239,0.82774144,0.20743278,0.0051977504,35.069607,1.1047896,77.51551,-1.5267655,0.41486555,0.010395501,0.92164195,0.029034229,0.909803,-0.01791979,253.14267,252.87299,339.2986,0.42197585,0.5762829,0.058920953
2,66,10,0.07,1.8680007,0.189483,0.84680694,0.8317108,0.21764822,-0.0031134596,35.01554,1.130086,77.70114,-1.7467448,0.43529645,-0.006226919,0.92022115,0.029699104,0.9119818,-0.02050159,253.15956,252.8477,339.51862,0.6166588,0.5762829,0.060695905
2,67,10,0.07,1.8283982,0.17285158,0.8408256,0.81472105,0.20787711,0.00607745,34.89166,1.1774088,76.90342,-1.025935,0.41575423,0.0121549,0.9169654,0.030942725,0.902619,-0.012041391,253.13966,252.80035,338.7978,-0.15147376,0.5762829,0.06859419
2,68,10,0.07,1.8419247,0.18605377,0.83722943,0.81864136,0.21566975,0.006072803,34.816967,0.9990487,77.08822,-1.3053138,0.4313395,0.012145606,0.9150024,0.026255405,0.904788,-0.01532047,253.19867,252.97873,339.07718,0.30626512,0.5762829,0.05868528
2,69,10,0.07,1.8422221,0.19493946,0.82794034,0.81934226,0.22075975,-0.001098829,34.62328,0.09428452,77.12122,-2.404485,0.4415195,-0.002197658,0.9099123,0.0024778,0.90517527,-0.028221602,253.3119,253.49535,339.89117,2.3102005,0.5807755,0.030070957
2,70,10,0.07,1.7965109,0.17618862,0.81743246,0.8028899,0.20987414,0.010879339,34.402866,-0.20195177,76.342995,-2.1468747,0.41974828,0.021758677,0.90411973,-0.0053073326,0.8960412,-0.025197992,253.36438,253.79155,339.6335,2.3488264,0.5807755,0.012669341
2,71,10,0.07,1.7953694,0.17431147,0.8145843,0.8064736,0.20875312,0.009232236,34.34288,-0.33461785,76.51318,-2.401929,0.41750625,0.018464472,0.90254325,-0.008793879,0.89803874,-0.028191576,253.40556,253.92426,339.8886,2.7365468,0.5807755,0.019306606
2,72,10,0.07,1.800997,0.1905256,0.8067029,0.80376846,0.21824619,0.0047187502,34.176334,-0.524341,76.38476,-2.664761,0.43649238,0.0094375005,0.8981664,-0.013779871,0.89653134,-0.031276394,253.46263,254.11395,340.15143,3.1891022,0.5807755,0.035367843
2,73,10,0.07,1.7649633,0.17288657,0.80265594,0.7894208,0.20789815,0.013936074,34.090504,-0.84764516,75.69992,-2.1577914,0.4157963,0.027872149,0.8959107,-0.022276396,0.88849354,-0.025326094,253.46687,254.13242,339.57245,3.0054364,0.589126,0.046493523
2,74,10,0.07,1.7761244,0.17342539,0.8049445,0.79775447,0.20822187,0.012430653,34.139065,-1.0070369,76.09845,-2.790843,0.41644374,0.024861306,0.897187,-0.026465377,0.893171,-0.032756228,253.512,254.29178,340.2055,3.79788,0.589126,0.056469653
2,75,10,0.07,1.7932951,0.19136761,0.8028782,0.79904926,0.21872792,0.0048784832,34.09522,-1.1061248,76.16019,-3.3161423,0.43745583,0.0097569665,0.8960347,-0.029069254,0.89389557,-0.03892174,253.5407,254.39087,340.73083,4.422267,0.589126,0.07061013
2,76,10,0.07,1.7923026,0.17449759,0.8210142,0.7967907,0.20886454,0.013677248,34.478153,-1.0758142,76.052475,-2.6990855,0.41772908,0.027354496,0.90609837,-0.028272811,0.89263135,-0.031679336,253.50432,254.36057,340.1137,3.7748997,0.589126,0.059824117
2,77,10,0.07,1.8474348,0.18780152,0.8416396,0.8179937,0.21668036,0.009476524,34.908546,-1.0086645,77.057724,-2.7883103,0.43336073,0.018953048,0.9174092,-0.026508052,0.90443003,-0.03272647,253.48753,254.21957,340.41565,3.7969747,0.60530484,0.054521248
2,78,10,0.07,1.8605096,0.19127122,0.8469988,0.8222396,0.21867283,0.0009517719,35.01951,-0.9125718,77.25746,-2.8907564,0.43734565,0.0019035438,0.9203254,-0.023982722,0.9067743,-0.03392893,253.48051,254.1235,340.51807,3.803328,0.60530484,0.059192277
2,79,10,0.07,1.8338816,0.16790257,0.85229397,0.8136851,0.20487958,0.011124915,35.128807,-0.69438803,76.85452,-1.9540073,0.40975916,0.02224983,0.9231977,-0.018248798,0.90204495,-0.022934258,253.42183,253.9053,339.58136,2.6483953,0.60530484,0.037796915
2,80,10,0.07,1.8740233,0.1866973,0.86090887,0.8264171,0.21604241,0.008064553,35.305897,-0.6314426,77.453476,-2.2440574,0.43208483,0.016129106,0.92785174,-0.01659458,0.90907484,-0.026338644,253.43361,253.84236,339.8714,2.8755,0.60530484,0.0340756
2,81,10,0.07,1.8915927,0.20135425,0.86022484,0.83001363,0.22436257,0.0015412812,35.29187,-0.7847543,77.621826,-2.4987595,0.44872513,0.0030825625,0.9274831,-0.020623544,0.91105086,-0.029328028,253.51006,254.09206,340.50806,3.2835138,0.6221097,0.04418007
2,82,10,0.07,1.8468826,0.17683287,0.85331833,0.81673133,0.2102575,0.011029905,35.149906,-0.9999069,76.998245,-2.06895,0.420515,0.02205981,0.9237523,-0.026277822,0.9037319,-0.02428339,253.54715,254.30724,340.07822,3.0688567,0.6221097,0.053198513
2,83,10,0.07,1.8497715,0.18500136,0.8461658,0.81860435,0.21505892,0.010199185,35.002285,-1.2824713,77.08648,-2.638075,0.43011785,0.02039837,0.9198727,-0.033703767,0.9047676,-0.030963251,253.61423,254.5898,340.64734,3.9205465,0.6221097,0.06833612
2,84,10,0.07,1.8379853,0.18897457,0.8359119,0.81309885,0.21735603,0.0022385682,34.78956,-1.2916901,76.82683,-2.9707537,0.43471205,0.0044771363,0.9142822,-0.033946075,0.9017199,-0.034867864,253.63148,254.599,340.98004,4.2624435,0.6221097,0.072600506
2,85,10,0.07,1.8281229,0.18826932,0.83622164,0.80363184,0.21695006,0.012465917,34.796,-0.8201787,76.378265,-1.5280595,0.43390012,0.024931833,0.91445154,-0.021554591,0.89645517,-0.017934954,253.59174,254.43427,340.06412,2.3482382,0.63704437,0.04778749
2,86,10,0.07,1.8462082,0.18442774,0.846217,0.81556356,0.21472526,0.010753846,35.00334,-0.7795768,76.94318,-1.5762928,0.4294505,0.021507692,0.91990054,-0.020487515,0.9030856,-0.01850109,253.60043,254.39368,340.11237,2.3558695,0.63704437,0.04373597
2,87,10,0.07,1.8676673,0.19882941,0.8525461,0.8162918,0.22295146,0.0012580606,35.134003,-0.8029132,76.97753,-1.873333,0.4459029,0.0025161211,0.92333424,-0.021100853,0.9034887,-0.021987375,253.61801,254.41698,340.4094,2.6762462,0.63704437,0.044045165
2,88,10,0.07,1.8412203,0.16979302,0.8640684,0.80735886,0.20602974,0.008749514,35.370625,-0.7370242,76.55517,-1.1830297,0.4120595,0.017499028,0.9295528,-0.01936928,0.8985315,-0.013885325,253.5784,254.35114,339.71912,1.9200538,0.63704437,0.04039938
2,89,10,0.07,1.8923359,0.19522429,0.87990385,0.8172079,0.22092097,0.0071760574,35.693264,-0.113304675,77.0207,-0.8841522,0.44184193,0.014352115,0.9380319,-0.0029776988,0.9039955,-0.010377334,253.55197,254.16458,339.78378,0.99745685,0.65164894,0.032253865
2,90,10,0.07,1.9346702,0.21841024,0.8948093,0.8214507,0.2336719,-0.00016011568,35.994316,0.03370435,77.22038,-1.101324,0.4673438,-0.00032023137,0.9459436,0.00088576117,0.90633917,-0.012926343,253.52896,254.01756,340.00095,1.0676196,0.65164894,0.020966707
2,91,10,0.07,1.8929272,0.19132887,0.8883728,0.81322557,0.21870577,0.008689139,35.86462,0.05508577,76.83281,-0.57922304,0.43741155,0.017378278,0.9425353,0.0014476199,0.9017902,-0.006798378,253.50525,253.99617,339.47885,0.52413726,0.65164894,0.038445152
2,92,10,0.07,1.9014173,0.19729553,0.8793076,0.8248141,0.22208981,0.006365367,35.68117,-0.082987465,77.37831,-1.0638558,0.44417962,0.012730734,0.93771404,-0.002180928,0.90819275,-0.012486477,253.56073,254.13425,339.96347,1.1468432,0.65164894,0.03262063
2,93,10,0.07,1.9020171,0.20081832,0.8766807,0.8245181,0.22406378,-0.00039431543,35.627827,-0.07166205,77.364426,-1.7430574,0.44812757,-0.00078863086,0.93631226,-0.0018832467,0.9080298,-0.020458337,253.64201,254.52588,340.55872,1.8147194,0.6624186,0.011933093
2,94,10,0.07,1.8799286,0.18677887,0.8788029,0.8143468,0.2160896,0.009453606,35.67093,-0.23098908,76.88576,-1.3824883,0.4321792,0.018907212,0.93744487,-0.0060704355,0.90241164,-0.016226344,253.65584,254.68521,340.19812,1.6134773,0.6624186,0.02173573
2,95,10,0.07,1.9084139,0.20612083,0.8816713,0.82062167,0.22700267,0.008659754,35.7291,-0.3791584,77.181404,-1.86278,0.45400533,0.017319508,0.93897355,-0.009964413,0.9058817,-0.021863513,253.6974,254.83339,340.67838,2.2419384,0.6624186,0.02854242
2,96,10,0.07,1.9282699,0.2268383,0.88018936,0.8212423,0.23813772,0.0022948724,35.699055,-0.30642608,77.21059,-2.0640512,0.47627544,0.004589745,0.9381841,-0.008052922,0.9062242,-0.02422587,253.7021,254.76065,340.8797,2.3704772,0.6624186,0.01810686
2,97,10,0.07,1.8996897,0.19284911,0.88967264,0.81716794,0.21957295,0.010275024,35.890854,0.20161453,77.01882,-1.6723176,0.4391459,0.020550048,0.9432246,0.0052985377,0.9039734,-0.019628042,253.66876,254.6699,340.28137,1.4707031,0.6670054,0.017657466
2,98,10,0.07,1.9266465,0.19819422,0.8997377,0.8287145,0.22259505,0.0065235132,36.093304,0.13299869,77.56104,-1.9718572,0.4451901,0.0130470265,0.94854504,0.003495226,0.91033757,-0.023143768,253.70079,254.7385,340.5809,1.8388585,0.6670054,0.008517743
2,99,10,0.07,1.9489994,0.20394626,0.9162283,0.82882494,0.22580205,0.0020187083,36.42256,0.030365914,77.566216,-2.093834,0.4516041,0.0040374165,0.95719814,0.00079808093,0.91039824,-0.024575474,253.72261,254.84114,340.70285,2.063468,0.6670054,0.016265128
2,100,10,0.07,1.9291816,0.17307723,0.9370171,0.8190873,0.20801276,0.008078812,36.833447,0.16934544,77.109215,-1.2816242,0.41602552,0.016157623,0.9679964,0.004450403,0.9050344,-0.015042527,253.6745,254.70213,339.89062,1.1122787,0.6670054,0.012849854
3,1,10,0.049,1.5913446,0.18864794,0.67668056,0.72601604,0.21716811,0.0105609475,31.301168,-0.11529726,72.59626,-3.6768286,0.43433622,0.021121895,0.82260597,-0.0030300545,0.85206574,-0.043155123,253.85855,255.33807,342.04742,3.792126,0.66664916,0.030696368
3,2,10,0.049,1.6355965,0.18453722,0.70477957,0.7462798,0.21478897,0.0040651863,31.944443,0.15379812,73.60242,-3.7179227,0.42957795,0.0081303725,0.8395115,0.0040418645,0.86387485,-0.04363736,253.80159,255.06902,342.0885,3.5641246,0.66664916,0.036961857
3,3,10,0.049,1.673413,0.20097819,0.7163508,0.75608414,0.22415295,-0.0032004975,32.205616,0.6677536,74.08431,-3.5173254,0.4483059,-0.006400995,0.8463751,0.01754884,0.869531,-0.04128302,253.71303,254.55504,341.8879,2.8495717,0.66664916,0.056256857
3,4,10,0.049,1.6476004,0.17016819,0.7275364,0.7498958,0.20625724,0.0052068466,32.456078,1.1509082,73.78052,-2.0028114,0.41251448,0.010413693,0.8529574,0.030246263,0.86596525,-0.02350707,253.57932,254.07188,340.37338,0.8519032,0.66664916,0.061032303
3,5,10,0.049,1.6887797,0.17999993,0.74818635,0.7605934,0.21213199,0.0006984834,32.913464,1.6049389,74.30491,-1.989804,0.42426398,0.0013969667,0.86497766,0.042178385,0.8721201,-0.023354366,253.51993,253.7725,340.47064,0.38486516,0.66473275,0.08485198
3,6,10,0.049,1.7311509,0.21886192,0.74769425,0.7645947,0.2339134,-0.006156975,32.902637,1.6664127,74.50009,-2.1188953,0.4678268,-0.01231395,0.86469316,0.04379389,0.87441105,-0.024869533,253.50975,253.71101,340.59967,0.45248258,0.66473275,0.08848489
3,7,10,0.049,1.6784779,0.1985817,0.727578,0.7523182,0.22281253,0.005112589,32.45701,1.6745926,73.89958,-1.5226891,0.44562507,0.010225178,0.8529818,0.04400894,0.8673628,-0.017871857,253.48619,253.70284,340.0035,-0.15190351,0.66473275,0.09314103
3,8,10,0.049,1.6661792,0.19215262,0.71516,0.75886655,0.21917608,5.451447e-5,32.178833,1.690995,74.220505,-2.2024295,0.43835217,0.00010902894,0.84567136,0.04443996,0.87112945,-0.025849998,253.50252,253.68643,340.68323,0.51143456,0.66473275,0.08940705
3,9,10,0.049,1.6729462,0.20278825,0.71252656,0.7576315,0.22516008,-0.006109422,32.119534,1.6354691,74.16008,-2.2690208,0.45032015,-0.012218844,0.8441129,0.042980704,0.8704203,-0.026631596,253.50659,253.63718,340.7845,0.6335517,0.65885484,0.09022861
3,10,10,0.049,1.6269169,0.16538689,0.7115405,0.74998957,0.20333894,0.00595196,32.0973,1.7691983,73.78512,-1.4545978,0.40667787,0.01190392,0.8435286,0.046495147,0.86601937,-0.017072726,253.47427,253.50345,339.97006,-0.31460047,0.65885484,0.09366906
3,11,10,0.049,1.6608882,0.18851733,0.71194565,0.7604252,0.21709292,0.003076554,32.106434,1.6233948,74.29669,-1.7670498,0.43418583,0.006153108,0.8437687,0.04266342,0.87202364,-0.020739853,253.51877,253.64925,340.28247,0.14365494,0.65885484,0.0860787
3,12,10,0.049,1.6563028,0.21529809,0.6872615,0.7537432,0.23200113,-0.0009067385,31.54494,1.2603608,73.96954,-2.1915147,0.46400225,-0.001813477,0.8290124,0.033122767,0.86818385,-0.025721878,253.59996,254.01227,340.70694,0.9311539,0.65885484,0.066768244
3,13,10,0.049,1.6016016,0.1781686,0.67674834,0.74668473,0.21105011,0.012701482,31.302736,0.7156341,73.622375,-1.8855529,0.42210022,0.025402963,0.82264715,0.01880715,0.8641092,-0.022130832,253.6261,254.23418,340.45316,1.1699188,0.64947814,0.04171634
3,14,10,0.049,1.6475587,0.19488552,0.69575423,0.75691897,0.2207292,0.008879766,31.739244,0.71821886,74.12521,-2.357311,0.4414584,0.017759532,0.83411884,0.018875064,0.8700109,-0.027667845,253.62767,254.23161,340.92496,1.6390922,0.64947814,0.04671087
3,15,10,0.049,1.6997732,0.22150844,0.71357447,0.7646903,0.23532341,0.0026897178,32.143143,0.96216434,74.504745,-2.4253194,0.47064683,0.0053794356,0.84473336,0.025286088,0.8744657,-0.02846607,253.5739,253.98766,340.99295,1.463155,0.64947814,0.050753213
3,16,10,0.049,1.6849468,0.18033639,0.73567957,0.76893073,0.21233016,0.011145322,32.637207,1.212731,74.71105,-1.5956815,0.42466033,0.022290643,0.85771763,0.031870987,0.87688696,-0.0187287,253.49854,253.73709,340.16327,0.38295054,0.64947814,0.06640674
3,17,10,0.049,1.7353393,0.18581888,0.76124084,0.78827953,0.21553357,0.006735213,33.19936,1.0877103,75.645195,-1.9950863,0.43106714,0.013470426,0.8724912,0.028585425,0.88785106,-0.023416413,253.45432,253.43826,340.49582,0.90737605,0.64420366,0.05903717
3,18,10,0.049,1.7981985,0.23452628,0.76674455,0.7969277,0.24213956,0.0011587488,33.31916,1.5152286,76.05901,-1.7469403,0.48427913,0.0023174975,0.8756395,0.039820775,0.89270806,-0.020503882,253.37251,253.01077,340.24768,0.23171163,0.64420366,0.07995967
3,19,10,0.049,1.7617233,0.1924244,0.7738828,0.795416,0.21933103,0.0083713075,33.473892,1.7790992,75.98684,-0.5931939,0.43866205,0.016742615,0.8797061,0.046755414,0.89186096,-0.0069623715,253.29073,252.74692,339.0939,-1.1859053,0.64420366,0.103814125
3,20,10,0.049,1.7873676,0.19370924,0.7868906,0.8067677,0.22006206,0.003675817,33.754047,1.8262875,76.52714,-0.93484896,0.44012412,0.007351634,0.88706857,0.047995523,0.8982025,-0.010972369,253.29097,252.69974,339.43552,-0.89143854,0.64420366,0.09952281
3,21,10,0.049,1.7946382,0.20569927,0.780797,0.80814195,0.2267704,-0.0005090646,33.6231,1.3544515,76.59229,-1.2523761,0.4535408,-0.0010181292,0.8836272,0.035595577,0.89896715,-0.014699184,253.26288,252.56593,339.48572,-0.10207546,0.6429432,0.071805716
3,22,10,0.049,1.7596221,0.18677436,0.774368,0.7984798,0.216087,0.010518925,33.48439,1.591931,76.13305,-0.38730937,0.432174,0.02103785,0.8799818,0.041836526,0.893577,-0.0045459634,253.1937,252.32846,338.62067,-1.2046216,0.6429432,0.09640281
3,23,10,0.049,1.778085,0.19789904,0.77676237,0.8034236,0.22242923,0.005320107,33.536118,1.6785088,76.36837,-0.7540049,0.44485846,0.010640214,0.8813412,0.04411182,0.896339,-0.008849867,253.18541,252.24187,338.98737,-0.92450386,0.6429432,0.09679232
3,24,10,0.049,1.7900321,0.21767871,0.76852596,0.8038275,0.23328026,0.00029847794,33.357845,1.8227403,76.387566,-0.830829,0.4665605,0.0005969559,0.8766561,0.04790232,0.8965643,-0.009751513,253.16357,252.09766,339.06424,-0.9919113,0.6429432,0.09898024
3,25,10,0.049,1.7509366,0.18050739,0.7721561,0.7982731,0.2124308,0.011228014,33.43653,1.2683784,76.123184,-0.47567472,0.4248616,0.022456028,0.87872416,0.033333413,0.8934613,-0.00558305,253.09564,251.87654,338.179,-0.7927036,0.64370906,0.07966067
3,26,10,0.049,1.7771815,0.19340199,0.7760862,0.8076933,0.21988747,0.005226691,33.521515,1.4235544,76.57102,-0.56505114,0.43977493,0.010453382,0.88095754,0.037411507,0.8987176,-0.0066319862,253.06416,251.72136,338.2684,-0.8585033,0.64370906,0.08704483
3,27,10,0.049,1.7888784,0.20795138,0.77016956,0.81075746,0.22800843,0.0012529551,33.39349,1.4967436,76.71613,-0.6626593,0.45601687,0.0025059101,0.87759304,0.039335057,0.9004207,-0.0077777053,253.05498,251.64816,338.366,-0.8340843,0.64370906,0.083039165
3,28,10,0.049,1.7617545,0.18533023,0.76902366,0.80740064,0.21524999,0.01190038,33.36864,1.5026791,76.557144,0.026834507,0.43049997,0.02380076,0.87693995,0.039490912,0.89855474,0.0003148474,253.02975,251.64224,337.67648,-1.5295136,0.64370906,0.09153346
3,29,10,0.049,1.7792008,0.17843992,0.7823481,0.8184127,0.21121074,0.0062092906,33.656483,0.60924,77.07746,-1.4148455,0.4224215,0.012418581,0.88450444,0.016011007,0.90466166,-0.016606158,253.03227,251.63368,338.2388,0.8056055,0.64934057,0.03579261
3,30,10,0.049,1.7979386,0.19998038,0.7781298,0.81982845,0.22359583,0.0014370632,33.56562,0.72455233,77.1441,-1.5368763,0.44719166,0.0028741264,0.8821167,0.019041505,0.9054438,-0.018038461,253.01472,251.51839,338.3608,0.812324,0.64934057,0.039249297
3,31,10,0.049,1.765183,0.17679733,0.7750368,0.81334877,0.21023637,0.011400004,33.498844,0.9049356,76.83863,-0.7761909,0.42047274,0.022800008,0.88036174,0.02378195,0.9018585,-0.0091102095,252.97356,251.33798,337.60013,-0.12874472,0.64934057,0.06409222
3,32,10,0.049,1.7917309,0.17272116,0.79132617,0.8276835,0.20779867,0.006251775,33.84905,0.9718757,77.51279,-0.89170516,0.41559735,0.01250355,0.88956517,0.025541287,0.90977114,-0.010466017,252.97285,251.27106,337.7156,-0.08017057,0.64934057,0.056655932
3,33,10,0.049,1.8291736,0.19188799,0.7972905,0.839995,0.2190251,0.0056662457,33.97637,0.1343054,78.08715,-1.7770269,0.4380502,0.011332491,0.89291126,0.003529645,0.9165124,-0.020857098,252.95146,251.17598,337.58972,1.6427215,0.6587923,0.008892005
3,34,10,0.049,1.8110628,0.17153022,0.8019035,0.837629,0.20708103,0.014355536,34.074524,0.30679107,77.9771,-0.7012224,0.41416207,0.028711071,0.89549065,0.008062613,0.91522074,-0.008230344,252.88416,251.00351,336.51392,0.39443135,0.6587923,0.058947627
3,35,10,0.049,1.8195161,0.172341,0.8067705,0.84040457,0.20756987,0.010449455,34.177765,0.5446303,78.106186,-0.8246873,0.41513973,0.02089891,0.898204,0.014313043,0.9167358,-0.00967939,252.85945,250.76567,336.63736,0.280057,0.6587923,0.041249614
3,36,10,0.049,1.8135396,0.19080122,0.7867152,0.8360232,0.218404,0.004101601,33.750286,0.5960336,77.90232,-0.9651804,0.436808,0.008203202,0.8869697,0.015663955,0.91434306,-0.011328398,252.86215,250.71428,336.7779,0.36914682,0.6587923,0.03524021
3,37,10,0.049,1.76596,0.162717,0.7778946,0.8253483,0.20169097,0.012898113,33.560547,-0.42736816,77.40337,-1.7326611,0.40338194,0.025796225,0.88198334,-0.011231509,0.90848684,-0.020336324,252.86679,250.83392,336.3688,2.1600294,0.66866237,0.024191666
3,38,10,0.049,1.7996156,0.16703783,0.7966786,0.8358992,0.2043513,0.0085380925,33.963326,-0.4644911,77.89654,-2.2634907,0.4087026,0.017076185,0.8925685,-0.012207031,0.9142752,-0.02656663,252.88171,250.87105,336.89963,2.7279818,0.66866237,0.028004896
3,39,10,0.049,1.8321519,0.1774275,0.8082759,0.8464486,0.21061072,0.0052273753,34.20964,-0.21230309,78.38654,-2.1220703,0.42122144,0.010454751,0.89904165,-0.005579303,0.9200264,-0.02490689,252.82208,250.61887,336.75818,2.3343735,0.66866237,0.021229941
3,40,10,0.049,1.8329365,0.16632926,0.81830263,0.8483047,0.20391743,0.013662726,34.42117,0.20978646,78.472435,-0.9318798,0.40783486,0.027325451,0.9046008,0.0055131814,0.9210346,-0.010937431,252.71277,250.19678,335.56802,0.72209334,0.66866237,0.028236337
3,41,10,0.049,1.8630695,0.16922067,0.8312057,0.86264306,0.2056822,0.009036946,34.69149,-0.41992372,79.13285,-2.0288284,0.4113644,0.018073892,0.91170484,-0.011035804,0.9287858,-0.023812477,252.68797,250.03941,335.6239,2.4487522,0.6789413,0.022405708
3,42,10,0.049,1.8739861,0.18392509,0.8246927,0.86536825,0.21443245,0.0036401532,34.555305,-0.27716804,79.257744,-1.9717833,0.4288649,0.0072803064,0.90812594,-0.007284068,0.9302517,-0.023142863,252.65373,249.89667,335.56683,2.2489514,0.6789413,0.021633739
3,43,10,0.049,1.8336725,0.15410013,0.8224996,0.8570728,0.19627795,0.01058741,34.50933,-0.22052434,78.87695,-1.4167395,0.3925559,0.02117482,0.90691763,-0.00579545,0.92578226,-0.016628332,252.62013,249.84,335.01184,1.6372638,0.6789413,0.012982435
3,44,10,0.049,1.86095,0.16063966,0.8341678,0.8661426,0.20039938,0.0066772145,34.753246,-0.28374073,79.2932,-1.8544873,0.40079877,0.013354429,0.9133279,-0.0074567893,0.9306678,-0.02176621,252.63324,249.90321,335.4496,2.138228,0.6789413,0.017197402
3,45,10,0.049,1.8709638,0.1839139,0.822554,0.8644959,0.21442592,0.0023782137,34.51047,-0.8917304,79.21778,-2.955903,0.42885184,0.0047564274,0.9069476,-0.023435006,0.9297827,-0.03469362,252.62912,249.84195,335.6471,3.8476334,0.68595296,0.061501257
3,46,10,0.049,1.8294904,0.16895851,0.81028754,0.85024434,0.20552282,0.011609278,34.252182,-0.76561207,78.5621,-2.4005177,0.41104564,0.023218555,0.9001597,-0.020120572,0.92208695,-0.028175008,252.61092,249.71584,335.0917,3.1661298,0.68595296,0.043233834
3,47,10,0.049,1.8532106,0.17463239,0.81864256,0.85993564,0.2089452,0.008303545,34.428318,-0.8932806,79.00857,-2.937526,0.4178904,0.01660709,0.9047887,-0.023475762,0.92732716,-0.03447789,252.64954,249.84348,335.62878,3.8308067,0.68595296,0.052474406
3,48,10,0.049,1.8792253,0.18146953,0.827344,0.87041175,0.2129962,0.0030316145,34.61081,-0.8830545,79.48837,-2.8323407,0.4259924,0.006063229,0.9095845,-0.023207048,0.9329586,-0.03324338,252.62119,249.83327,335.5236,3.7153952,0.68595296,0.061256234
3,49,10,0.049,1.8889927,0.16571327,0.8480353,0.87524414,0.20353948,0.013208984,35.04093,-1.15934,79.70871,-2.2663279,0.40707895,0.026417969,0.9208883,-0.03046792,0.93554485,-0.026599875,252.55386,249.63286,334.442,3.4256678,0.68801695,0.061649203
3,50,10,0.049,1.9345334,0.17300773,0.8717504,0.8897752,0.20797099,0.009922968,35.527508,-1.093114,80.36766,-2.5371265,0.41594198,0.019845936,0.93367577,-0.028727474,0.94327897,-0.029778423,252.54828,249.5666,334.7128,3.6302404,0.68801695,0.05984679
3,51,10,0.049,1.9544444,0.18965998,0.8731935,0.89159095,0.21774985,0.006955825,35.556904,-1.1671621,80.44962,-2.7769825,0.4354997,0.01391165,0.93444824,-0.030673498,0.9442409,-0.032593545,252.564,249.64067,334.95264,3.9441447,0.68801695,0.06671149
3,52,10,0.049,1.9234684,0.16949043,0.8724497,0.88152826,0.20584607,0.013571135,35.541756,-1.2303504,79.994354,-2.1851597,0.41169214,0.02714227,0.93405014,-0.032334067,0.9388974,-0.025647327,252.5664,249.70387,334.36084,3.4155102,0.68801695,0.06537429
3,53,10,0.049,1.9398326,0.17126162,0.8786993,0.8898716,0.20691884,0.009711791,35.668823,-1.6392218,80.37203,-3.0813937,0.41383767,0.019423582,0.9373896,-0.04307934,0.94333005,-0.0361665,252.6048,249.85709,334.93698,4.7206154,0.6866733,0.09086484
3,54,10,0.049,1.9545795,0.18874681,0.87485373,0.89097893,0.217225,0.008052389,35.59069,-1.7034179,80.422005,-3.0650969,0.43445,0.016104778,0.9353362,-0.044766445,0.9439168,-0.035975147,252.60054,249.92131,334.9207,4.7685146,0.6866733,0.099274814
3,55,10,0.049,1.9058282,0.158393,0.8664304,0.88100487,0.19899309,0.014392669,35.418934,-1.5297867,79.970604,-2.130878,0.39798617,0.028785339,0.93082243,-0.040203337,0.9386186,-0.0250101,252.54633,249.74765,333.9865,3.6606646,0.6866733,0.08093172
3,56,10,0.049,1.9067535,0.1626289,0.86129147,0.8828331,0.20163637,0.010438935,35.313744,-1.553378,80.05354,-2.504419,0.40327275,0.02087787,0.9280579,-0.040823273,0.939592,-0.029394554,252.57066,249.77127,334.36002,4.057797,0.6866733,0.083818674
3,57,10,0.049,1.9015317,0.16952588,0.8495665,0.88243926,0.2058676,0.0047605056,35.07255,-1.6753315,80.035675,-2.7862868,0.4117352,0.009521011,0.9217193,-0.04402835,0.9393824,-0.032702763,252.5858,249.90329,334.6074,4.4616184,0.68261164,0.09314812
3,58,10,0.049,1.8965638,0.15961368,0.8580115,0.87893856,0.19975841,0.01274519,35.246433,-1.545913,79.87677,-2.183331,0.39951682,0.02549038,0.9262891,-0.04062714,0.9375172,-0.025625912,252.53258,249.77386,334.0045,3.729244,0.68261164,0.08162822
3,59,10,0.049,1.9152324,0.17403205,0.85666305,0.8845374,0.20858574,0.007078687,35.21873,-1.2884638,80.13077,-2.4801655,0.41717148,0.014157374,0.92556095,-0.03386138,0.9404985,-0.029109763,252.50339,249.51642,334.30133,3.7686293,0.68261164,0.06993955
3,60,10,0.049,1.9158937,0.18908016,0.8455207,0.8812928,0.21741675,0.003601511,34.98894,-1.2865453,79.98366,-2.6232886,0.4348335,0.007203022,0.919522,-0.033810865,0.93877196,-0.030789655,252.50916,249.51453,334.44446,3.909834,0.68261164,0.068918675
3,61,10,0.049,1.8979237,0.16839057,0.85446376,0.87506944,0.2051771,0.0090908045,35.173492,-0.9969763,79.70075,-1.9090675,0.4103542,0.018181609,0.9243721,-0.026200902,0.93545145,-0.022406857,252.47163,249.4489,333.84875,2.9060438,0.67534524,0.05259598
3,62,10,0.049,1.9386945,0.17378661,0.8749056,0.89000225,0.2084386,0.004366056,35.591743,-0.8235085,80.37793,-2.3453357,0.4168772,0.008732112,0.9353639,-0.021642117,0.9433993,-0.027527308,252.43872,249.27545,334.285,3.1688442,0.67534524,0.04563274
3,63,10,0.049,1.9669716,0.18027271,0.8878483,0.8988505,0.21229267,0.0016393713,35.85404,-0.52377564,80.776474,-2.255616,0.42458534,0.0032787425,0.94225705,-0.013765027,0.94807726,-0.02647427,252.36604,248.97574,334.1953,2.7793915,0.67534524,0.033819903
3,64,10,0.049,1.994118,0.16960995,0.9208274,0.9036806,0.20591864,0.007768504,36.513866,-0.21843588,80.99323,-1.254572,0.41183728,0.015537008,0.9595975,-0.0057405606,0.9506212,-0.014724962,252.27167,248.67038,333.19424,1.4730079,0.67534524,0.014443148
3,65,10,0.049,2.0420742,0.17575642,0.9480015,0.9183161,0.20961657,0.0033458483,37.048714,0.18582831,81.646454,-1.2979058,0.41923314,0.0066916966,0.9736537,0.0048837275,0.95828813,-0.015233589,252.25375,248.56439,333.44904,1.1120775,0.6693587,0.010916624
3,66,10,0.049,2.0522842,0.183859,0.9461713,0.92225385,0.21439391,-0.0005748126,37.012936,0.073778555,81.82132,-1.204268,0.42878783,-0.0011496252,0.97271335,0.0019389162,0.9603405,-0.01413458,252.27318,248.67645,333.35532,1.1304895,0.6693587,0.01223422
3,67,10,0.049,2.0165825,0.17305228,0.93339753,0.9101326,0.20799777,0.008223553,36.76224,-0.08189315,81.281845,-0.80525225,0.41599554,0.016447106,0.966125,-0.0021521442,0.9540087,-0.009451298,252.28177,248.83212,332.95636,0.8871454,0.6693587,0.023648288
3,68,10,0.049,2.0306418,0.17906912,0.9372209,0.9143518,0.2115828,0.004858111,36.83746,-0.19500548,81.47003,-1.1997101,0.4231656,0.009716222,0.9681017,-0.0051246895,0.95621747,-0.01408105,252.29169,248.94524,333.35077,1.3947155,0.6693587,0.022689836
3,69,10,0.049,2.0525882,0.18859376,0.94144833,0.92254615,0.21713692,0.0012179227,36.920444,0.08896706,81.83428,-0.94927055,0.43427384,0.0024358453,0.9702826,0.0023380627,0.9604927,-0.011141613,252.2601,248.93245,333.16293,0.86030346,0.6639468,0.02361372
3,70,10,0.049,2.0166903,0.17098473,0.9343141,0.9113916,0.2067515,0.008214474,36.780285,0.24331203,81.33804,-0.055672076,0.413503,0.016428947,0.9665992,0.0063943574,0.95466834,-0.00065343064,252.21921,248.77809,332.26935,-0.18763995,0.6639468,0.040797133
3,71,10,0.049,2.0188136,0.17501707,0.9328776,0.91091883,0.20917521,0.004059683,36.752003,0.17172642,81.31694,-0.7130885,0.41835043,0.008119366,0.9658559,0.004513018,0.9544207,-0.008369561,252.25604,248.84967,332.92673,0.5413621,0.6639468,0.031825133
3,72,10,0.049,2.0026028,0.18562303,0.91389096,0.90308875,0.21541996,-0.000105929044,36.376076,0.21867664,80.96669,-0.9019893,0.43083993,-0.00021185809,0.9559764,0.0057468894,0.9503098,-0.010586719,252.27377,248.80272,333.1156,0.68331265,0.6639468,0.030158136
3,73,10,0.049,1.9612112,0.16873895,0.9027978,0.88967437,0.20538923,0.00687762,36.15463,0.37557954,80.36312,-0.71012187,0.41077846,0.01375524,0.95015675,0.009870327,0.9432255,-0.008334641,252.28294,248.86435,332.6708,0.33454233,0.6574033,0.03858616
3,74,10,0.049,1.9865838,0.18354207,0.90642107,0.89662063,0.21420905,0.0028129963,36.227108,0.2921562,80.67622,-1.0508792,0.4284181,0.0056259925,0.9520615,0.0076779644,0.94690055,-0.012334111,252.29417,248.94778,333.0116,0.758723,0.6574033,0.01859933
3,75,10,0.049,2.0032005,0.19175985,0.9113354,0.90010524,0.21895197,-0.002987398,36.325184,0.4487761,80.83285,-0.7720029,0.43790394,-0.005974796,0.9546389,0.011794023,0.94873875,-0.009061091,252.24036,248.79115,332.73273,0.32322678,0.6574033,0.041780733
3,76,10,0.049,1.9929122,0.17571141,0.9255273,0.89167345,0.20958972,0.005773396,36.60693,0.71637946,80.453354,-0.2136958,0.41917944,0.011546792,0.9620433,0.018826697,0.9442846,-0.0025081441,252.1728,248.52351,332.17444,-0.50268364,0.6574033,0.047268126
3,77,10,0.049,2.0255175,0.18269335,0.9421816,0.90064263,0.21371321,0.0028304742,36.934822,1.0287833,80.856964,-1.1394315,0.42742643,0.0056609483,0.9706604,0.02703688,0.94902194,-0.013373597,252.14299,248.33925,332.59644,0.110648155,0.6519533,0.059577346
3,78,10,0.049,2.0577002,0.1853889,0.9636667,0.90864444,0.21528405,-0.0026306794,37.35357,1.1160074,81.21536,-1.3477758,0.4305681,-0.005261359,0.98166525,0.029329097,0.9532284,-0.015818903,252.11276,248.25201,332.80478,0.23176837,0.6519533,0.0602395
3,79,10,0.049,2.1096997,0.17429042,1.0107601,0.92464924,0.20874052,0.006053776,38.255394,1.2127779,81.927505,-0.5474977,0.41748103,0.012107552,1.0053656,0.03187218,0.96158683,-0.0064260405,252.04868,248.15524,332.00455,-0.66528016,0.6519533,0.06980941
3,80,10,0.049,2.1745322,0.18710327,1.0391978,0.9482311,0.21627718,0.003229078,38.78982,1.3872811,82.965645,-0.5201311,0.43255436,0.006458156,1.0194105,0.036458265,0.9737716,-0.0061047967,252.02025,247.98074,331.97714,-0.86714995,0.6519533,0.081110455
3,81,10,0.049,2.191354,0.19633654,1.0437068,0.9513108,0.22154939,0.000118214295,38.873882,1.1311997,83.10026,-1.200072,0.44309878,0.00023642859,1.0216197,0.02972836,0.97535163,-0.014085317,252.05766,248.17133,331.95273,0.06887233,0.6488606,0.060828116
3,82,10,0.049,2.1595078,0.1815888,1.0404838,0.9374351,0.21306619,0.007583285,38.813816,0.9106353,82.492004,-0.93049455,0.42613238,0.01516657,1.0200411,0.02393187,0.9682123,-0.010921334,252.09201,248.39186,331.6832,0.019859254,0.6488606,0.056683354
3,83,10,0.049,2.1746473,0.18599418,1.0454164,0.9432368,0.21563521,0.004612796,38.905704,0.7747753,82.74687,-1.568191,0.43127042,0.009225592,1.022456,0.020361293,0.9712038,-0.01840599,252.14134,248.52774,332.32086,0.7934157,0.6488606,0.04088994
3,84,10,0.049,2.1979,0.19303653,1.0570041,0.9478594,0.21967961,0.0035994332,39.12074,0.4085194,82.94939,-2.001886,0.43935922,0.0071988665,1.028107,0.010736061,0.9735807,-0.023496194,252.20436,248.89398,332.75458,1.5933665,0.6488606,0.02938629
3,85,10,0.049,2.1867783,0.18318693,1.0598104,0.94378096,0.21400172,0.010894742,39.172638,-0.011437002,82.77074,-2.3833218,0.42800343,0.021789484,1.0294709,-0.00030057118,0.9714839,-0.027973175,252.23933,249.13127,332.44785,2.3947587,0.642597,0.012178615
3,86,10,0.049,2.197072,0.19557695,1.0575366,0.94395846,0.22112042,0.008239499,39.13059,-0.10621659,82.77853,-3.0307384,0.44224083,0.016478999,1.028366,-0.0027914722,0.97157526,-0.035572015,252.28506,249.22604,333.09525,3.136955,0.642597,0.027792452
3,87,10,0.049,2.203018,0.20822549,1.053755,0.9410374,0.22815865,0.0043606325,39.060566,-0.20547886,82.650345,-3.236412,0.4563173,0.008721265,1.0265257,-0.00540007,0.97007084,-0.03798587,252.29622,249.32535,333.30087,3.441891,0.642597,0.049229357
3,88,10,0.049,2.1692414,0.19612779,1.0378903,0.9352232,0.22143158,0.012527252,38.765415,-0.07887222,82.394615,-2.4796019,0.44286317,0.025054503,1.018769,-0.0020728062,0.9670694,-0.029103134,252.27155,249.19873,332.5441,2.558474,0.642597,0.0104369465
3,89,10,0.049,2.1797817,0.20275284,1.034635,0.94239384,0.22514042,0.009334328,38.704575,-0.16773817,82.709885,-3.2213936,0.45028085,0.018668655,1.0171701,-0.0044083837,0.9707697,-0.037809633,252.28911,249.13753,332.92404,3.3891318,0.63527286,0.016689366
3,90,10,0.049,2.1987822,0.20558563,1.0501912,0.9430055,0.22670776,0.00536865,38.994453,-0.19983773,82.736725,-3.3570743,0.4534155,0.0107373,1.0247884,-0.005251952,0.9710847,-0.039402142,252.289,249.16963,333.0597,3.556912,0.63527286,0.025359182
3,91,10,0.049,2.2260032,0.19203825,1.0860898,0.94787496,0.21911085,0.015126113,39.655327,-0.2646774,82.95007,-2.8686104,0.4382217,0.030252226,1.0421563,-0.0069557154,0.9735887,-0.03366904,252.27081,249.23445,332.57126,3.133288,0.63527286,0.018359918
3,92,10,0.049,2.2685237,0.19854578,1.1082451,0.96173286,0.22279239,0.011440005,40.05775,-0.22575733,83.55423,-3.1926405,0.44558477,0.02288001,1.0527322,-0.0059329523,0.9806798,-0.037472155,252.26085,249.19553,332.8953,3.418398,0.63527286,0.022026334
3,93,10,0.049,2.264679,0.20322163,1.0999591,0.961498,0.22540055,0.0071516084,39.907722,-0.26274586,83.54403,-3.359475,0.4508011,0.014303217,1.0487894,-0.0069050835,0.98056006,-0.039430417,252.26262,249.12987,332.90775,3.6222208,0.6291548,0.042455494
3,94,10,0.049,2.2258306,0.18977422,1.0866987,0.94935787,0.21781541,0.015858274,39.666443,-0.38292593,83.01493,-2.878313,0.43563083,0.031716548,1.0424484,-0.010063364,0.97435,-0.0337829,252.28662,249.25005,332.4266,3.261239,0.6291548,0.027424457
3,95,10,0.049,2.2084146,0.1905633,1.072611,0.94524026,0.21826778,0.011614767,39.40849,-0.67409444,82.834694,-3.5980186,0.43653557,0.023229534,1.0356693,-0.017715415,0.97223467,-0.04223001,252.35878,249.54121,333.14624,4.272113,0.6291548,0.047263928
3,96,10,0.049,2.194258,0.19635016,1.0585009,0.9394068,0.22155708,0.0064843385,39.148426,-0.85624003,82.578705,-3.780292,0.44311416,0.012968677,1.0288347,-0.022502322,0.96923,-0.04436957,252.38774,249.72337,333.32852,4.636532,0.6291548,0.055710487
3,97,10,0.049,2.152433,0.19121961,1.0403783,0.92083496,0.21864332,0.01586943,38.811848,-1.0122545,81.75835,-3.420304,0.43728665,0.03173886,1.0199894,-0.026602563,0.95960146,-0.040144373,252.42937,249.87134,333.16107,4.4325585,0.62152696,0.06278742
3,98,10,0.049,2.1395214,0.19056414,1.0306257,0.91833156,0.21826826,0.01157473,38.629505,-1.0829911,81.64714,-4.2083344,0.43653652,0.02314946,1.0151974,-0.02846136,0.9582962,-0.04939341,252.49904,249.94208,333.94907,5.2913256,0.62152696,0.07353736
3,99,10,0.049,2.1643653,0.19529906,1.0424272,0.92663914,0.22096327,0.008356147,38.850048,-1.3328377,82.01561,-4.603364,0.44192654,0.016712295,1.0209932,-0.03502757,0.962621,-0.05402985,252.54988,250.19194,334.34412,5.9362016,0.62152696,0.10248722
3,100,10,0.049,2.1725025,0.1819547,1.0570475,0.9335004,0.21328074,0.017919103,39.12154,-1.4850643,82.318695,-4.003508,0.42656147,0.035838205,1.0281281,-0.039028052,0.96617824,-0.04698938,252.54175,250.34416,333.74423,5.488572,0.62152696,0.09431157
4,1,10,0.0343,1.682688,0.16849287,0.7347597,0.77943546,0.20523942,0.013222805,32.6168,-3.8192823,75.21964,-8.694958,0.41047883,0.02644561,0.85718125,-0.100372106,0.8828564,-0.10205313,253.07558,252.86282,339.184,12.51424,0.6158575,0.2537473
4,2,10,0.0343,1.6937783,0.18507402,0.72461987,0.78408444,0.21510115,0.012296,32.390957,-4.025805,75.443634,-9.27253,0.4302023,0.024592,0.85124606,-0.10579963,0.8854854,-0.10883215,253.1235,253.06938,339.76154,13.298334,0.6158575,0.26655793
4,3,10,0.0343,1.6758624,0.2089961,0.6963225,0.7705438,0.22858046,0.0030085773,31.752205,-4.425546,74.789375,-9.977327,0.45716092,0.0060171545,0.8344594,-0.11630488,0.87780625,-0.11710431,253.21034,253.4691,340.4663,14.402874,0.6158575,0.29975373
4,4,10,0.0343,1.5928512,0.16816162,0.6741343,0.7505553,0.20503756,0.013910573,31.242222,-4.583482,73.81295,-9.698652,0.41007513,0.027821146,0.82105684,-0.12045565,0.86634594,-0.11383352,253.22328,253.62704,340.18765,14.282134,0.6158575,0.30393898
4,5,10,0.0343,1.611083,0.17197298,0.68160546,0.75750464,0.20734812,0.011699582,31.414864,-4.1390257,74.15388,-8.4178505,0.41469625,0.023399165,0.825594,-0.10877513,0.87034744,-0.09880072,253.26656,253.7187,340.52225,12.556876,0.60780114,0.26543018
4,6,10,0.0343,1.6518217,0.18135051,0.7034091,0.7670621,0.21292634,0.00515871,31.91337,-4.21066,74.62022,-8.676815,0.4258527,0.01031742,0.8386949,-0.11065766,0.8758208,-0.101840116,253.30531,253.79034,340.78125,12.887475,0.60780114,0.2828072
4,7,10,0.0343,1.63765,0.16007836,0.7155068,0.76206493,0.20004897,0.013711168,32.186634,-4.110661,74.37675,-8.000456,0.40009794,0.027422337,0.84587634,-0.108029686,0.8729633,-0.093901694,253.27142,253.69034,340.1049,12.111116,0.60780114,0.26502135
4,8,10,0.0343,1.6700327,0.1719936,0.7218164,0.77622265,0.20736055,0.013092015,32.32824,-4.197291,75.06446,-8.324012,0.4147211,0.02618403,0.8495978,-0.11030631,0.881035,-0.09769926,253.30327,253.777,340.42844,12.521303,0.60780114,0.26926035
4,9,10,0.0343,1.6849765,0.1904278,0.7218926,0.7726561,0.21819016,0.005197833,32.329945,-3.5177853,74.891815,-6.1333046,0.43638033,0.010395666,0.84964263,-0.09244866,0.8790086,-0.07198693,253.34904,253.95004,340.5924,9.65109,0.60018027,0.21539395
4,10,10,0.0343,1.6303189,0.16891795,0.7073725,0.75402844,0.20549814,0.014755322,32.00315,-3.7171428,73.98354,-5.6834373,0.4109963,0.029510643,0.8410544,-0.097687826,0.8683481,-0.066706814,253.3731,254.14943,340.14252,9.40058,0.60018027,0.22277619
4,11,10,0.0343,1.6346401,0.17144671,0.7032863,0.7599071,0.20703062,0.012900657,31.910583,-4.1242156,74.27137,-6.512163,0.41406125,0.025801314,0.8386217,-0.10838591,0.8717265,-0.0764336,253.47931,254.5565,340.97128,10.636379,0.60018027,0.24208987
4,12,10,0.0343,1.654129,0.17720844,0.71159446,0.7653262,0.21048066,0.0061070956,32.098515,-4.2957926,74.53573,-7.2752037,0.42096132,0.012214191,0.8435606,-0.11289491,0.87482923,-0.08538937,253.5386,254.72806,341.73425,11.570996,0.60018027,0.26478013
4,13,10,0.0343,1.6483094,0.16174412,0.72932076,0.75724447,0.20108712,0.013273332,32.495853,-3.0276692,74.14114,-3.6766574,0.40217423,0.026546665,0.8540028,-0.079568215,0.87019795,-0.04315307,253.49951,254.55031,340.8963,6.7043266,0.59512204,0.1643098
4,14,10,0.0343,1.687866,0.18252343,0.7369619,0.7683807,0.21361381,0.010940629,32.665638,-2.9583216,74.684326,-3.476891,0.42722762,0.021881258,0.85846484,-0.077745736,0.87657326,-0.040808465,253.5101,254.48099,340.69653,6.4352126,0.59512204,0.1592384
4,15,10,0.0343,1.6961007,0.19724958,0.73110646,0.76774466,0.22206394,0.0013959812,32.535614,-2.9849367,74.6534,-3.7897394,0.4441279,0.0027919624,0.85504764,-0.07844524,0.8762104,-0.044480372,253.5346,254.50757,341.00934,6.7746763,0.59512204,0.16443533
4,16,10,0.0343,1.6509821,0.17429307,0.72301114,0.7536779,0.20874211,0.013077984,32.35498,-3.1282551,73.96634,-3.4646199,0.41748422,0.026155967,0.8503006,-0.08221163,0.86814624,-0.040664423,253.54541,254.65088,340.68427,6.592875,0.59512204,0.16901371
4,17,10,0.0343,1.6627598,0.1855103,0.7181502,0.75909925,0.21535453,0.009269805,32.246037,-2.0949044,74.23188,-1.1852664,0.43070906,0.01853961,0.84743744,-0.05505484,0.871263,-0.013911507,253.59859,254.8473,341.14102,3.280171,0.5973978,0.1131311
4,18,10,0.0343,1.6673192,0.19247901,0.7156528,0.75918734,0.21936215,0.0018959362,32.189915,-2.187921,74.23619,-1.6645385,0.4387243,0.0037918724,0.84596264,-0.057499386,0.8713136,-0.019536769,253.63411,254.94032,341.62027,3.8524594,0.5973978,0.115164086
4,19,10,0.0343,1.6240501,0.16266775,0.7136246,0.7477578,0.20166045,0.010574157,32.14427,-2.2596948,73.67526,-1.1163855,0.4033209,0.021148315,0.84476304,-0.05938561,0.8647299,-0.01310309,253.6365,255.0121,341.07208,3.3760803,0.5973978,0.11932399
4,20,10,0.0343,1.6636605,0.1664842,0.7373763,0.7598001,0.20401238,0.008477348,32.674828,-2.430725,74.26614,-1.6492366,0.40802476,0.016954696,0.8587062,-0.063880354,0.8716651,-0.01935721,253.6845,255.18312,341.60495,4.079962,0.5973978,0.127971
4,21,10,0.0343,1.7144866,0.17249455,0.7691025,0.7728895,0.20766231,-0.0007692714,33.37035,-1.2534488,74.903114,0.41599098,0.41532463,-0.0015385428,0.8769849,-0.032941047,0.87914133,0.004882485,253.7107,255.3016,341.96957,0.8374579,0.6080709,0.07722611
4,22,10,0.0343,1.7065804,0.16941558,0.7717261,0.7654388,0.20580062,0.0091289105,33.42722,-1.2561121,74.541214,1.0726497,0.41160125,0.018257821,0.8784794,-0.033011053,0.8748936,0.012589743,253.70381,255.30426,341.3129,0.18346238,0.6080709,0.09665826
4,23,10,0.0343,1.7101507,0.18610494,0.7546785,0.76936734,0.2156994,0.009004408,33.05595,-1.32376,74.732254,0.73973686,0.4313988,0.018008815,0.8687223,-0.034788903,0.8771359,0.008682318,253.75963,255.37192,341.64584,0.5840232,0.6080709,0.09840693
4,24,10,0.0343,1.6850886,0.18030928,0.7392371,0.7655422,0.2123142,0.002522642,32.716026,-1.3607073,74.54626,0.5466358,0.4246284,0.005045284,0.859789,-0.035759907,0.8749527,0.0064158295,253.80388,255.40887,341.83893,0.8140715,0.6080709,0.0864296
4,25,10,0.0343,1.6503997,0.16936034,0.7338397,0.74719965,0.20576707,0.012327828,32.596375,-0.02688383,73.64776,3.3083978,0.41153413,0.024655657,0.85664445,-0.00070648966,0.8644071,0.03883074,253.77205,255.35803,340.90433,-3.281514,0.62441033,0.11843465
4,26,10,0.0343,1.6973145,0.18644199,0.7527708,0.7581017,0.21589464,0.010376956,33.01414,-0.017951734,74.18309,3.0413017,0.43178928,0.020753913,0.8676236,-0.00047178942,0.87069035,0.03569581,253.76631,255.34912,341.1714,-3.02335,0.62441033,0.11899193
4,27,10,0.0343,1.725565,0.21060891,0.753373,0.761583,0.22946073,0.00092395087,33.027348,-0.0154579235,74.35323,2.712861,0.45892146,0.0018479017,0.86797065,-0.00040620746,0.8726872,0.031840894,253.77484,255.34663,341.49985,-2.6974032,0.62441033,0.10772219
4,28,10,0.0343,1.672013,0.17480816,0.7440132,0.75319165,0.20905033,0.011467565,32.821545,0.078313656,73.94248,3.2987134,0.41810066,0.02293513,0.862562,0.0020580098,0.86786616,0.038717136,253.74104,255.25284,340.91397,-3.377027,0.62441033,0.122598514
4,29,10,0.0343,1.6996741,0.18261902,0.75367415,0.7633809,0.21366973,0.006873229,33.033947,1.2798061,74.44094,4.245128,0.42733946,0.013746458,0.8681441,0.03363379,0.8737167,0.049825225,253.7436,255.21303,340.85898,-5.5249343,0.645571,0.16236709
4,30,10,0.0343,1.7273576,0.19843219,0.7651728,0.76375264,0.22272864,-0.0014398637,33.284992,1.3998833,74.45907,4.1059427,0.44545728,-0.0028797274,0.87474155,0.03678942,0.87392944,0.048191648,253.73471,255.09296,340.9982,-5.505826,0.645571,0.153067
4,31,10,0.0343,1.6923801,0.16663426,0.7692829,0.75646293,0.2041043,0.006800695,33.374264,1.4546589,74.102875,4.6005754,0.4082086,0.01360139,0.8770877,0.03822889,0.8697488,0.053997193,253.7062,255.0382,340.5035,-6.0552344,0.645571,0.16795528
4,32,10,0.0343,1.7290583,0.1819799,0.77717906,0.76989937,0.2132955,0.0046247896,33.54511,1.37609,74.75809,4.0657835,0.426591,0.009249579,0.8815776,0.036164157,0.8774391,0.047720253,253.73276,255.11673,341.0383,-5.4418736,0.645571,0.16111203
4,33,10,0.0343,1.7574072,0.19117765,0.79398143,0.77224815,0.21861933,-0.0054270066,33.90579,2.429148,74.87203,3.907255,0.43723866,-0.010854013,0.89105636,0.06383898,0.8787765,0.045859702,253.71304,254.9869,341.13763,-6.336403,0.6658615,0.18849643
4,34,10,0.0343,1.7477591,0.16745947,0.81255126,0.7677483,0.20460907,0.0038048017,34.299995,2.789272,74.65359,4.984813,0.40921813,0.0076096035,0.90141624,0.073303066,0.8762125,0.058506954,253.61821,254.62675,340.06003,-7.774085,0.6658615,0.21468213
4,35,10,0.0343,1.785702,0.17354438,0.82692325,0.78523433,0.20829329,-0.000380998,34.602005,3.1057117,75.49893,4.8014092,0.41658658,-0.000761996,0.9093532,0.0816192,0.8861345,0.056354396,253.5728,254.3103,340.2434,-7.9071207,0.6658615,0.2251271
4,36,10,0.0343,1.8229365,0.19610313,0.8357731,0.79106027,0.22141767,-0.00802421,34.78667,3.249331,75.7785,4.707018,0.44283533,-0.01604842,0.91420627,0.08539354,0.8894157,0.055246517,253.54433,254.1667,340.33783,-7.956349,0.6658615,0.22589678
4,37,10,0.0343,1.8193511,0.1820781,0.8527238,0.78454924,0.21335305,0.0007515426,35.13766,4.0658092,75.465996,4.7284603,0.4267061,0.0015030853,0.92343044,0.106850915,0.88574785,0.055498153,253.4607,253.91264,339.44617,-8.79427,0.6773236,0.26523504
4,38,10,0.0343,1.868575,0.2008044,0.8710542,0.79671645,0.22405602,-0.0006756025,35.513313,4.3237224,76.048935,4.7518935,0.44811204,-0.001351205,0.9333028,0.113628946,0.89258975,0.055773195,253.41594,253.65471,339.42282,-9.075616,0.6773236,0.28390566
4,39,10,0.0343,1.8873525,0.22141576,0.87021214,0.79572463,0.23527418,-0.009353485,35.496147,4.47974,76.00158,4.5946445,0.47054836,-0.01870697,0.9328516,0.11772922,0.892034,0.05392755,253.39359,253.4987,339.58005,-9.074385,0.6773236,0.28292078
4,40,10,0.0343,1.838059,0.18416135,0.8639256,0.78997207,0.21457012,0.000174923,35.367702,4.487078,75.72636,5.204042,0.42914024,0.000349846,0.92947596,0.117922,0.8888037,0.061080016,253.35872,253.49132,338.9706,-9.69112,0.6773236,0.29067758
4,41,10,0.0343,1.8547051,0.19563374,0.8640428,0.7950285,0.22115251,-0.0027555148,35.370102,4.5698996,75.96832,3.127653,0.44230503,-0.0055110296,0.929539,0.12009873,0.8916437,0.036709312,253.37978,253.52867,339.44885,-7.6975527,0.6796775,0.27237114
4,42,10,0.0343,1.849479,0.22862902,0.83438635,0.7864637,0.23907584,-0.010068385,34.7578,4.3817,75.558014,2.4945166,0.47815168,-0.02013677,0.9134475,0.11515268,0.8868279,0.029278236,253.44054,253.71686,340.082,-6.876217,0.6796775,0.25638196
4,43,10,0.0343,1.7520022,0.1899369,0.7983687,0.7636966,0.21790875,0.0014157982,33.999336,3.9990427,74.45634,2.6319914,0.4358175,0.0028315964,0.8935148,0.10509618,0.8738974,0.030891804,253.49934,254.09955,339.94452,-6.631034,0.6796775,0.23894855
4,44,10,0.0343,1.7506977,0.19525118,0.7894554,0.76599115,0.22093618,-0.00023011216,33.80901,3.762777,74.56811,1.8695469,0.44187236,-0.0004602243,0.888513,0.09888707,0.8752092,0.02194291,253.56787,254.33578,340.707,-5.632324,0.6796775,0.22234836
4,45,10,0.0343,1.7696085,0.20666084,0.7932526,0.769695,0.22729982,-0.0074851923,33.890224,3.6157813,74.74816,-0.18646549,0.45459965,-0.014970385,0.8906473,0.095024034,0.8773226,-0.002188615,253.57114,254.24884,340.76935,-3.4293158,0.67591375,0.1947641
4,46,10,0.0343,1.7454334,0.18616685,0.795965,0.7633016,0.21573529,0.003019967,33.948116,3.8120599,74.43708,0.68618065,0.43147057,0.006039934,0.8921687,0.100182295,0.87367135,0.008053741,253.515,254.05255,339.89667,-4.4982405,0.67591375,0.2138411
4,47,10,0.0343,1.7642164,0.19632082,0.79946417,0.76843137,0.22154053,0.00078954373,34.022655,3.9410286,74.68679,0.5123741,0.44308105,0.0015790875,0.8941276,0.10357162,0.8766022,0.0060137934,253.50525,253.92357,340.07047,-4.4534025,0.67591375,0.21732795
4,48,10,0.0343,1.7691603,0.18968958,0.80543005,0.77404064,0.21776684,-0.005137001,34.14936,4.046831,74.95888,0.60889596,0.43553367,-0.010274002,0.89745754,0.10635219,0.8797958,0.00714671,253.49515,253.8178,339.97397,-4.655727,0.67591375,0.21841766
4,49,10,0.0343,1.7567294,0.16949765,0.81190515,0.77532655,0.20585047,0.005478842,34.286354,3.557853,75.02112,-0.72311985,0.41170093,0.010957684,0.9010578,0.09350166,0.8805263,-0.00848721,253.47069,253.7984,339.22116,-2.834733,0.6693408,0.18836989
4,50,10,0.0343,1.7965271,0.1874299,0.82090837,0.788189,0.21646588,0.002687368,34.475933,3.426111,75.640854,-1.2421931,0.43293175,0.005374736,0.90603995,0.09003946,0.8878001,-0.014579753,253.50471,253.93011,339.74026,-2.183918,0.6693408,0.18134175
4,51,10,0.0343,1.8211234,0.2092249,0.8189604,0.79293805,0.22870554,-0.0042919274,34.435005,3.4073117,75.86838,-1.4305648,0.45741108,-0.008583855,0.9049643,0.08954535,0.8904707,-0.01679064,253.5058,253.94894,339.9286,-1.9767469,0.6693408,0.18003984
4,52,10,0.0343,1.8037465,0.17647567,0.83336353,0.7939073,0.21004504,0.0043715574,34.736492,3.5619192,75.91474,-0.80001676,0.42009008,0.008743115,0.91288745,0.09360844,0.89101475,-0.00938981,253.44827,253.79436,339.298,-2.7619023,0.6693408,0.18884996
4,53,10,0.0343,1.8447464,0.18103628,0.85051876,0.8131913,0.21274179,0.002783752,35.092205,3.0435536,76.83119,-3.0732305,0.42548358,0.005567504,0.9222357,0.07998572,0.9017712,-0.036070623,253.43004,253.59494,339.58215,0.029676914,0.6629741,0.16264658
4,54,10,0.0343,1.8571343,0.18218972,0.8582162,0.8167283,0.21341844,-0.0038255537,35.25064,3.140509,76.9981,-3.042108,0.42683688,-0.0076511074,0.9263996,0.08253371,0.9037302,-0.035705365,253.41919,253.49799,339.55103,-0.09840083,0.6629741,0.17030309
4,55,10,0.0343,1.8538423,0.17336899,0.86799914,0.8124741,0.20818801,0.00647794,35.45099,3.2848597,76.7973,-2.2981086,0.41637602,0.01295588,0.9316647,0.08632729,0.90137345,-0.026972983,253.37311,253.35364,338.80707,-0.9867511,0.6629741,0.17307626
4,56,10,0.0343,1.8816426,0.17516577,0.88424265,0.8222341,0.20926405,0.0025973483,35.781155,3.1255019,77.257195,-2.8505995,0.4185281,0.0051946966,0.9403418,0.082139276,0.90677124,-0.03345763,253.40738,253.51299,339.35953,-0.27490234,0.6629741,0.1659483
4,57,10,0.0343,1.9097818,0.19102046,0.88982975,0.82893157,0.21852943,0.0012727183,35.894024,2.1077988,77.57121,-4.74625,0.43705887,0.0025454366,0.9433079,0.05539373,0.9104568,-0.05570693,253.42792,253.65424,339.58878,2.6384513,0.6555249,0.13445076
4,58,10,0.0343,1.8954946,0.18726428,0.8864034,0.82182693,0.21637021,0.011375886,35.824852,2.2467606,77.23806,-4.14997,0.43274042,0.022751773,0.94149,0.05904564,0.9065467,-0.048708405,253.3808,253.51529,338.9925,1.9032094,0.6555249,0.12575872
4,59,10,0.0343,1.9121994,0.20220749,0.8826086,0.8273833,0.22483744,0.0069811526,35.74808,2.3371437,77.49873,-4.5362015,0.44967487,0.013962305,0.9394725,0.06142103,0.9096061,-0.053241625,253.38176,253.42491,339.37875,2.1990578,0.6555249,0.13228038
4,60,10,0.0343,1.8974862,0.20440418,0.86740726,0.8256747,0.2260554,0.0018946289,35.4389,2.332104,77.41866,-4.48424,0.4521108,0.0037892577,0.931347,0.06128859,0.90866643,-0.052631773,253.38916,253.42996,339.32678,2.152136,0.6555249,0.13717896
4,61,10,0.0343,1.8553617,0.17604874,0.8611776,0.81813544,0.20979081,0.01547561,35.31141,1.3463446,77.06441,-5.2456417,0.41958162,0.03095122,0.9279966,0.035382472,0.9045084,-0.061568297,253.3693,253.45932,338.884,3.8992972,0.64885914,0.104824476
4,62,10,0.0343,1.8965025,0.20521203,0.86494523,0.8263452,0.22650167,0.011480416,35.38857,1.3640611,77.450096,-5.7047396,0.45300335,0.022960832,0.9300243,0.03584807,0.9090353,-0.066956826,253.37515,253.4416,339.34308,4.340678,0.64885914,0.09856406
4,63,10,0.0343,1.9073324,0.21379699,0.86481553,0.8287198,0.23119093,0.0053651812,35.385914,1.3722159,77.561295,-5.823546,0.46238187,0.0107303625,0.9299546,0.036062337,0.9103405,-0.068351224,253.3758,253.43346,339.46188,4.45133,0.64885914,0.12046821
4,64,10,0.0343,1.8763793,0.17764321,0.8737125,0.8250235,0.2107387,0.014114729,35.567467,1.5545592,77.38813,-5.0320225,0.4214774,0.028229458,0.9347259,0.040854443,0.908308,-0.0590611,253.31828,253.2511,338.67038,3.4774632,0.64885914,0.11082977
4,65,10,0.0343,1.9150937,0.19632344,0.8803014,0.83846873,0.221542,0.012451279,35.70133,0.8228026,78.016174,-5.782726,0.443084,0.024902558,0.9382438,0.02162365,0.9156794,-0.06787214,253.29788,253.01346,338.7485,4.9599233,0.6448563,0.08936534
4,66,10,0.0343,1.8946354,0.20292433,0.8549481,0.8367631,0.22523561,0.0063737035,35.183456,0.8176078,77.93678,-5.9022264,0.45047122,0.012747407,0.92463404,0.021487044,0.91474754,-0.06927458,253.31404,253.01866,338.86795,5.0846186,0.6448563,0.09799248
4,67,10,0.0343,1.8437396,0.1667985,0.84940946,0.8275317,0.20420486,0.01668793,35.06931,0.63192165,77.505684,-5.637341,0.4084097,0.03337586,0.92163414,0.01660713,0.9096877,-0.06616572,253.33548,253.20435,338.6031,5.0054193,0.6448563,0.0979833
4,68,10,0.0343,1.8803265,0.17786643,0.86602557,0.83643454,0.21087107,0.013256849,35.41066,0.39625257,77.92148,-6.233221,0.42174214,0.026513698,0.93060493,0.01041368,0.91456795,-0.07315961,253.38806,253.44002,339.19894,5.8369684,0.6448563,0.099846594
4,69,10,0.0343,1.9003913,0.19230942,0.87051076,0.8375711,0.21926549,0.010889452,35.50224,-0.46715662,77.974396,-6.3629847,0.43853098,0.021778904,0.93301165,-0.012277025,0.9151891,-0.07468264,253.37386,253.37582,339.18173,6.830141,0.6431583,0.11419208
4,70,10,0.0343,1.8793721,0.19607276,0.8570515,0.82624793,0.22140051,0.01949692,35.226715,-0.19262756,77.44553,-5.447625,0.44280103,0.03899384,0.92577076,-0.005062315,0.9089818,-0.06393903,253.32465,253.1013,338.26642,5.6402526,0.6431583,0.070756845
4,71,10,0.0343,1.8738544,0.18830058,0.85095316,0.8346006,0.21696807,0.016096465,35.10116,-0.13841818,77.836006,-5.8577085,0.43393615,0.03219293,0.9224712,-0.0036376414,0.9135648,-0.06875215,253.33223,253.04707,338.67648,5.9961267,0.6431583,0.0848066
4,72,10,0.0343,1.8623517,0.1870256,0.84213674,0.8331892,0.21623228,0.010144156,34.918854,-0.175764,77.770164,-6.0602813,0.43246457,0.020288313,0.9176801,-0.004619136,0.91279197,-0.071129836,253.34895,253.08444,338.87903,6.2360454,0.6431583,0.10458777
4,73,10,0.0343,1.8470391,0.16243728,0.8533338,0.8312681,0.20151754,0.01893444,35.150227,-0.9362053,77.68046,-5.2242804,0.40303507,0.03786888,0.92376065,-0.024603853,0.91173905,-0.06131756,253.31187,253.0241,338.378,6.1604857,0.6429692,0.09892596
4,74,10,0.0343,1.8800021,0.16894159,0.86949813,0.8415624,0.20551252,0.015626552,35.481586,-0.5198608,78.159966,-5.1567974,0.41102505,0.031253103,0.93246883,-0.013662059,0.9173671,-0.060525555,253.24857,252.60776,338.31052,5.676658,0.6429692,0.08907744
4,75,10,0.0343,1.8864036,0.18266217,0.8625349,0.8412065,0.21369497,0.009158764,35.339222,-0.2364129,78.14343,-4.850317,0.42738995,0.018317528,0.92872757,-0.0062129763,0.9171731,-0.056928374,253.19397,252.32428,338.00406,5.08673,0.6429692,0.07400568
4,76,10,0.0343,1.8693404,0.16990398,0.86139303,0.83804345,0.20609705,0.018481372,35.315826,-0.12667786,77.99638,-4.064384,0.4121941,0.036962744,0.9281126,-0.0033290554,0.9154471,-0.047703937,253.14731,252.21457,337.2181,4.191062,0.6429692,0.05604056
4,77,10,0.0343,1.8797237,0.17601866,0.86085665,0.8428484,0.20977288,0.015669381,35.30483,-0.75389975,78.21966,-3.5084352,0.41954577,0.031338762,0.9278236,-0.019812671,0.91806775,-0.041178714,253.13629,252.13431,337.3376,4.262335,0.64724827,0.055291906
4,78,10,0.0343,1.8604958,0.17025214,0.85115814,0.8390856,0.20630811,0.006947158,35.105392,-0.54640216,78.04486,-3.5476704,0.41261622,0.013894316,0.9225823,-0.01435959,0.91601616,-0.041639086,253.10219,251.9268,337.3768,4.0940723,0.64724827,0.061254635
4,79,10,0.0343,1.8490065,0.1636103,0.8476081,0.8377881,0.20224385,0.016615164,35.0321,-0.32443792,77.9845,-2.796589,0.4044877,0.033230327,0.9206563,-0.008526398,0.91530764,-0.032823678,253.05536,251.70483,336.6258,3.1210268,0.64724827,0.030751925
4,80,10,0.0343,1.8670295,0.16952267,0.85235,0.8451569,0.20586565,0.011676806,35.129963,-0.31584862,78.326706,-3.2734277,0.4117313,0.023353612,0.923228,-0.008300608,0.91932416,-0.038420416,253.07004,251.69624,337.1026,3.5892763,0.64724827,0.041099917
4,81,10,0.0343,1.8749394,0.1703114,0.85695285,0.84767526,0.20634401,0.0069318227,35.224686,-1.029196,78.44331,-2.7820268,0.41268802,0.0138636455,0.9257175,-0.027047735,0.9206928,-0.032652825,253.08195,251.80724,337.41415,3.8112228,0.6543428,0.06366056
4,82,10,0.0343,1.8823643,0.16463624,0.8658527,0.85187525,0.20287696,0.01581368,35.407127,-0.9075157,78.63741,-2.0614865,0.4057539,0.03162736,0.9305121,-0.023849815,0.9229709,-0.024195729,253.03212,251.68555,336.6936,2.9690022,0.6543428,0.04830886
4,83,10,0.0343,1.9046655,0.16383739,0.87523705,0.86559105,0.20238416,0.011984903,35.598484,-0.6362573,79.267944,-2.1844397,0.40476832,0.023969807,0.93554103,-0.016721128,0.93037146,-0.025638811,252.99156,251.4143,336.81656,2.8206968,0.6543428,0.035925563
4,84,10,0.0343,1.9296412,0.17172478,0.88342595,0.87449044,0.20719844,0.0061135557,35.764633,-0.19889015,79.67439,-1.8579854,0.41439688,0.0122271115,0.93990743,-0.005226887,0.9351419,-0.021807276,252.8995,250.97694,336.49014,2.0568755,0.6543428,0.012288108
4,85,10,0.0343,1.945333,0.15872791,0.9058952,0.88070995,0.19920336,0.012283236,36.216595,-0.25390378,79.95722,0.23008035,0.3984067,0.024566472,0.95178527,-0.006672705,0.9384615,0.0027004397,252.76865,250.54128,335.18726,0.023823425,0.6625326,0.044407077
4,86,10,0.0343,1.9904087,0.17053297,0.92837733,0.8914984,0.2064782,0.00824788,36.663246,0.10319072,80.44546,0.37224662,0.4129564,0.01649576,0.9635234,0.0027118644,0.94419193,0.0043691,252.69907,250.18419,335.04507,-0.47543734,0.6625326,0.04793911
4,87,10,0.0343,1.9760728,0.17022927,0.9171979,0.8886457,0.20629425,0.0038146216,36.44183,0.10575543,80.31664,0.35603225,0.4125885,0.007629243,0.9577045,0.002779296,0.94268006,0.0041787117,252.70384,250.1816,335.0613,-0.4617877,0.6625326,0.038900055
4,88,10,0.0343,1.9427772,0.15796217,0.9042306,0.8805844,0.19872227,0.012354472,36.183308,-0.088835746,79.951515,0.5924183,0.39744455,0.024708943,0.9509104,-0.0023347007,0.9383946,0.006953326,252.73149,250.37619,334.8249,-0.5035826,0.6625326,0.04484966
4,89,10,0.0343,1.9399662,0.15792419,0.9017107,0.8803312,0.19869839,0.008896317,36.132854,-0.4838898,79.94002,0.6560835,0.39739677,0.017792635,0.9495845,-0.012716833,0.93825966,0.007700448,252.73999,250.32988,335.25055,-0.17219374,0.6709659,0.05319359
4,90,10,0.0343,1.9452318,0.16629256,0.89583147,0.8831078,0.20389493,0.0039529055,36.014866,-0.35890338,80.06599,0.61452043,0.40778986,0.007905811,0.94648373,-0.009432147,0.93973815,0.007212764,252.71497,250.2049,335.29205,-0.25561705,0.6709659,0.04599611
4,91,10,0.0343,1.9316146,0.15602134,0.8937266,0.88186663,0.19749768,0.012625127,35.972534,-0.34231043,80.009705,1.3797545,0.39499536,0.025250254,0.94537115,-0.0089960005,0.93907756,0.016194256,252.69395,250.1883,334.52686,-1.0374441,0.6709659,0.07463668
4,92,10,0.0343,1.9423506,0.1665662,0.8898445,0.88593996,0.20406261,0.009367023,35.89432,-0.3743687,80.19428,1.1098189,0.40812522,0.018734045,0.9433157,-0.009838508,0.9412438,0.013025996,252.71556,250.22035,334.79678,-0.73545027,0.6709659,0.070035614
4,93,10,0.0343,1.918742,0.17117803,0.86666787,0.88089603,0.20686834,0.0049267765,35.42379,-0.87639767,79.96567,1.0338652,0.41373667,0.009853553,0.93095,-0.023032064,0.9385606,0.012134552,252.74521,250.35379,335.02264,-0.15746754,0.6789171,0.07485004
4,94,10,0.0343,1.9049919,0.15916027,0.86818963,0.8776419,0.19947448,0.01331141,35.454876,-0.9944211,79.817825,1.4266814,0.39894897,0.02662282,0.9317669,-0.026133662,0.93682545,0.01674498,252.74428,250.4718,334.62985,-0.43226027,0.6789171,0.093216226
4,95,10,0.0343,1.9242309,0.16606016,0.8755151,0.8826556,0.2037524,0.010504551,35.604137,-0.7874053,80.04549,1.2457793,0.4075048,0.021009102,0.9356896,-0.02069325,0.93949753,0.014621773,252.71184,250.2648,334.81076,-0.45837396,0.6789171,0.079893716
4,96,10,0.0343,1.9167932,0.16412532,0.87088096,0.88178694,0.20256191,0.0055380957,35.509785,-0.6310659,80.00609,1.32049,0.40512383,0.011076191,0.93321,-0.01658457,0.9390351,0.015498594,252.68028,250.10844,334.73602,-0.6894241,0.6789171,0.059131615
4,97,10,0.0343,1.9081931,0.15978026,0.87207556,0.87633723,0.19986261,0.011953157,35.534134,-0.6943273,79.75847,1.8424714,0.39972523,0.023906315,0.9338499,-0.018247113,0.93612885,0.021625172,252.62689,249.90363,334.02774,-1.148144,0.6841081,0.089188725
4,98,10,0.0343,1.920402,0.16794126,0.8716154,0.8808454,0.20490319,0.008595941,35.524754,-0.5458097,79.96338,1.531033,0.40980637,0.017191881,0.93360347,-0.014344062,0.93853366,0.017969787,252.61636,249.7551,334.33917,-0.98522335,0.6841081,0.087389104
4,99,10,0.0343,1.9121873,0.16391234,0.8637154,0.8845596,0.20243044,0.004098813,35.3634,-0.49553394,80.131775,1.6517099,0.40486088,0.008197626,0.9293629,-0.013022808,0.9405103,0.019386195,252.60614,249.70482,334.2185,-1.156176,0.6841081,0.07810433
4,100,10,0.0343,1.9131329,0.15966572,0.8690061,0.88446105,0.19979097,0.009932739,35.471546,-0.47114825,80.12731,2.1659095,0.39958194,0.019865477,0.93220496,-0.012381891,0.9404579,0.025421297,252.57864,249.6804,333.70425,-1.6947613,0.6841081,0.09186996
5,1,10,0.024009999,1.8587704,0.16352819,0.8370569,0.8581853,0.2021931,0.005186634,34.813374,1.8763945,78.928116,4.268471,0.4043862,0.010373268,0.9149081,0.04931238,0.9263829,0.050099228,251.79225,247.13428,331.02225,-6.144865,0.6894792,0.16569701
5,2,10,0.024009999,1.8868442,0.17310677,0.8474743,0.8662631,0.2080305,0.0013359523,35.02934,2.067951,79.298706,3.9717832,0.416061,0.0026719046,0.92058367,0.054346412,0.93073255,0.046616998,251.75908,246.9427,331.31897,-6.039734,0.6894792,0.1737523
5,3,10,0.024009999,1.8955691,0.17574583,0.85556483,0.86425835,0.20961025,-0.004360949,35.196148,2.1096153,79.2069,3.756984,0.4192205,-0.008721898,0.92496747,0.055441443,0.92965496,0.04409583,251.74258,246.90105,331.53378,-5.866599,0.6894792,0.1676261
5,4,10,0.024009999,1.9154367,0.1769039,0.8702326,0.86830014,0.21029973,0.0038175685,35.49657,2.161235,79.391884,4.498318,0.42059946,0.007635137,0.9328626,0.05679798,0.93182623,0.052796904,251.70493,246.84943,330.79245,-6.6595535,0.6894792,0.19311027
5,5,10,0.024009999,1.9254434,0.17812398,0.8727801,0.8745394,0.21102369,0.00037789345,35.548485,2.0251298,79.67662,3.5425334,0.42204738,0.0007557869,0.934227,0.053221203,0.9351681,0.041578785,251.69133,246.74696,330.9156,-5.567663,0.6927236,0.19103587
5,6,10,0.024009999,1.946742,0.17196287,0.8943592,0.88042,0.20734203,-0.004171348,35.985264,2.2290761,79.94405,3.5522263,0.41468406,-0.008342696,0.94570565,0.058580805,0.938307,0.041692674,251.64192,246.54305,330.90588,-5.7813025,0.6927236,0.24100637
5,7,10,0.024009999,1.9635751,0.16383794,0.9122324,0.8875049,0.2023845,0.0025812944,36.343056,2.4789205,80.265076,4.441299,0.404769,0.005162589,0.9551086,0.06514696,0.9420748,0.052127685,251.56093,246.29317,330.0168,-6.9202194,0.6927236,0.18804657
5,8,10,0.024009999,2.0101802,0.1705783,0.93307406,0.9065279,0.20650563,0.0009061393,36.755875,2.6954408,81.12071,4.4287024,0.41301125,0.0018122786,0.9659576,0.070837155,0.95211756,0.051979844,251.5047,246.07664,330.0294,-7.124143,0.6927236,0.21945405
5,9,10,0.024009999,2.0075846,0.1790228,0.92421645,0.9043454,0.21155544,-0.0026192078,36.580994,2.5055125,81.02301,3.2341673,0.42311087,-0.0052384157,0.96136177,0.06584576,0.95097077,0.03795959,251.48561,245.92314,329.93835,-5.73968,0.69374365,0.18197995
5,10,10,0.024009999,1.9729543,0.17357154,0.9035326,0.89585006,0.20830959,0.004499641,36.169342,2.2888887,80.641556,3.8026586,0.41661918,0.008999282,0.95054334,0.060152844,0.94649357,0.04463191,251.5191,246.13977,329.3698,-6.091547,0.69374365,0.18961616
5,11,10,0.024009999,1.9683359,0.17972258,0.8875422,0.901071,0.2119685,0.0016383231,35.847855,1.9391044,80.8762,3.1039736,0.423937,0.0032766461,0.94209456,0.050960425,0.9492476,0.036431476,251.59927,246.48956,330.06854,-5.043078,0.69374365,0.14989145
5,12,10,0.024009999,1.9316721,0.18877289,0.86162674,0.88127244,0.21724,-0.002817124,35.320614,1.8780986,79.98274,2.644258,0.43448,-0.005634248,0.9282385,0.04935723,0.9387611,0.031035818,251.63538,246.55057,330.52826,-4.5223565,0.69374365,0.14091167
5,13,10,0.024009999,1.9006734,0.16955812,0.8689951,0.8621202,0.20588718,0.0015394031,35.471317,1.5200415,79.10886,1.3673891,0.41177437,0.0030788062,0.93219906,0.0399472,0.9285043,0.016049279,251.63364,246.48242,330.2674,-2.8874307,0.69265157,0.11080006
5,14,10,0.024009999,1.9475424,0.16846806,0.9016047,0.8774697,0.2052243,0.00043952526,36.13073,1.365662,79.81,0.5866631,0.4104486,0.0008790505,0.9495287,0.03589004,0.93673354,0.0068857307,251.67021,246.6368,331.0481,-1.9523251,0.69265157,0.09170168
5,15,10,0.024009999,1.9792521,0.18101399,0.91587335,0.88236475,0.2127287,-0.0035276103,36.415512,1.4539468,80.0323,0.5877975,0.4254574,-0.0070552207,0.9570127,0.038210224,0.93934274,0.006899073,251.64084,246.54851,331.04697,-2.0417442,0.69265157,0.0939971
5,16,10,0.024009999,1.9865484,0.1669639,0.93647367,0.88311094,0.20430608,0.00096289045,36.822765,1.8744198,80.06613,1.2215915,0.40861216,0.0019257809,0.9677157,0.049260437,0.9397398,0.014337781,251.5402,246.12802,330.41318,-3.0960112,0.69265157,0.12112653
5,17,10,0.024009999,2.0161479,0.17318365,0.9486324,0.8943318,0.2080767,-0.0023738996,37.061043,1.8035309,80.57319,-0.37223122,0.4161534,-0.004747799,0.9739776,0.04739746,0.94569117,-0.0043689264,251.46638,245.72972,330.4116,-1.4312997,0.6906234,0.101841725
5,18,10,0.024009999,2.0327854,0.18427992,0.95260614,0.89589924,0.21463919,-0.007730695,37.138588,1.9547526,80.64377,-0.32458803,0.42927837,-0.01546139,0.97601545,0.051371593,0.94651955,-0.0038097266,251.41164,245.57848,330.36392,-1.6301645,0.6906234,0.10479209
5,19,10,0.024009999,2.015463,0.17400588,0.9514917,0.8899655,0.20857006,0.00080253935,37.116856,1.9227375,80.37626,0.26385868,0.41714013,0.0016050787,0.9754444,0.050530173,0.9433798,0.0030968792,251.37953,245.61047,329.77557,-2.1865962,0.6906234,0.11486842
5,20,10,0.024009999,2.0340273,0.18092068,0.95433426,0.8987723,0.21267386,-0.0017940884,37.17226,1.8974166,80.772964,-0.29468143,0.42534772,-0.0035881768,0.97690034,0.04986477,0.948036,-0.003458601,251.40599,245.63582,330.33408,-1.6027352,0.6906234,0.103235826
5,21,10,0.024009999,2.0350342,0.17820847,0.949415,0.9074107,0.21107373,-0.005808689,37.07633,1.280364,81.1602,-2.093565,0.42214745,-0.011617378,0.9743793,0.033648558,0.95258105,-0.024572227,251.43452,245.72723,330.59042,0.81320095,0.6883162,0.07383124
5,22,10,0.024009999,2.0423179,0.17009427,0.9667758,0.90544784,0.20621243,0.002428816,37.41378,1.2533964,81.07239,-1.2598292,0.41242486,0.004857632,0.9832476,0.032939795,0.95155025,-0.014786605,251.40483,245.75423,329.7567,0.0064327717,0.6883162,0.07186149
5,23,10,0.024009999,2.0986192,0.1789785,0.9956845,0.9239561,0.21152925,-0.0005181823,37.969036,1.3980985,81.89678,-1.4734713,0.4230585,-0.0010363646,0.9978399,0.036742643,0.96122634,-0.01729421,251.36014,245.60951,329.97037,0.075372815,0.6883162,0.082697615
5,24,10,0.024009999,2.105666,0.1925913,0.9956717,0.9174029,0.21942613,-0.005778958,37.968792,1.5371642,81.60584,-1.7075214,0.43885225,-0.011557916,0.9978335,0.040397365,0.95781153,-0.020041235,251.33353,245.47044,330.20444,0.17035723,0.6883162,0.08283082
5,25,10,0.024009999,2.0804143,0.17299408,0.9967851,0.910635,0.20796278,0.004456177,37.990013,0.9163485,81.30427,-2.5591128,0.41592556,0.008912354,0.9983913,0.02408198,0.954272,-0.030036444,251.32765,245.54231,329.63205,1.6427643,0.68402797,0.04991935
5,26,10,0.024009999,2.0872233,0.17140965,0.9990275,0.91678613,0.20700824,0.002949774,38.03272,0.635593,81.57841,-3.1787517,0.4140165,0.005899548,0.9995136,0.016703539,0.9574895,-0.0373091,251.38861,245.82307,330.25168,2.5431588,0.68402797,0.043695014
5,27,10,0.024009999,2.0969203,0.18700407,0.9908189,0.91909736,0.21621984,-0.00038427475,37.87615,0.31748822,81.681175,-3.4994378,0.43243968,-0.0007685495,0.9953989,0.008343572,0.95869565,-0.041073114,251.45064,246.14117,330.5724,3.1819496,0.68402797,0.054548763
5,28,10,0.024009999,2.0474262,0.1733986,0.9659904,0.9080371,0.20820579,0.005794071,37.398575,0.20759721,81.188225,-2.9322824,0.41641158,0.011588142,0.9828481,0.0054556914,0.9529098,-0.03441638,251.47968,246.25107,330.00522,2.7246852,0.68402797,0.03553434
5,29,10,0.024009999,2.0386004,0.17668088,0.95782447,0.904095,0.21016712,0.0039441013,37.24017,-0.43757397,81.01179,-5.1947355,0.42033425,0.007888203,0.9786851,-0.011499617,0.9508391,-0.060970806,251.53441,246.37129,331.08508,5.6323094,0.67824095,0.081279986
5,30,10,0.024009999,2.0399232,0.18150802,0.9551253,0.90328985,0.21301879,-0.00036050484,37.18766,-0.5202655,80.97571,-5.5578427,0.42603758,-0.0007210097,0.9773051,-0.013672762,0.9504156,-0.065232694,251.54999,246.454,331.44815,6.0781083,0.67824095,0.10932172
5,31,10,0.024009999,2.0437396,0.164521,0.97185326,0.9073653,0.20280594,0.0067231534,37.511894,-0.4281721,81.15819,-4.81049,0.40561187,0.013446307,0.9858262,-0.011252587,0.95255727,-0.05646086,251.49928,246.3619,330.7008,5.2386622,0.67824095,0.07937619
5,32,10,0.024009999,2.0948238,0.16735794,0.9993011,0.9281647,0.20454702,0.0047860285,38.03793,-0.29408032,82.0831,-5.055553,0.40909404,0.009572057,0.9996505,-0.0077285767,0.96341306,-0.059337318,251.4845,246.22778,330.94586,5.349633,0.67824095,0.07970894
5,33,10,0.024009999,2.117268,0.17664556,1.0088637,0.931759,0.21014611,-0.00025900852,38.219498,-0.5956766,82.241875,-5.6032257,0.42029223,-0.00051801704,1.0044221,-0.015654583,0.96527666,-0.06576529,251.44579,246.07808,330.7138,6.198902,0.67100924,0.11413883
5,34,10,0.024009999,2.095533,0.16848928,1.0066129,0.92043054,0.20523722,0.0070701754,38.176838,-0.4981967,81.74039,-4.896933,0.41047445,0.014140351,1.003301,-0.0130927535,0.9593907,-0.057475522,251.41235,245.98062,330.00757,5.3951297,0.67100924,0.07596739
5,35,10,0.024009999,2.0977194,0.1764091,1.0020603,0.91924995,0.21000542,0.0033066922,38.090405,-0.59175867,81.68794,-5.648763,0.42001083,0.0066133845,1.0010296,-0.015551683,0.9587752,-0.066299774,251.47116,246.07416,330.7594,6.240522,0.67100924,0.09341573
5,36,10,0.024009999,2.0681174,0.18412805,0.97466296,0.90932626,0.21455072,-0.0023042227,37.56608,-1.0476253,81.24583,-6.0548997,0.42910144,-0.0046084453,0.9872502,-0.027531931,0.953586,-0.07106666,251.56937,246.53003,331.1655,7.1025248,0.67100924,0.12127466
5,37,10,0.024009999,2.0077448,0.17389272,0.9444033,0.8894487,0.20850223,0.010428149,36.97834,-1.7525388,80.35291,-6.350855,0.41700447,0.020856299,0.97180414,-0.04605742,0.9431059,-0.07454031,251.64398,246.86517,331.07275,8.103394,0.66010714,0.14097118
5,38,10,0.024009999,2.0018387,0.17914356,0.92931896,0.89337605,0.21162677,0.008662873,36.681835,-1.933013,80.53013,-7.115222,0.42325354,0.017325746,0.9640119,-0.050800264,0.9451857,-0.08351171,251.72675,247.04567,331.83716,9.048235,0.66010714,0.1558654
5,39,10,0.024009999,1.9992723,0.19220653,0.91995984,0.887106,0.21920682,0.0034153257,36.49666,-2.1942403,80.24703,-7.7284884,0.43841365,0.0068306513,0.95914537,-0.05766541,0.94186306,-0.09070955,251.79376,247.30688,332.45044,9.922729,0.66010714,0.19343781
5,40,10,0.024009999,1.9762897,0.16938777,0.929224,0.877678,0.20578372,0.010691803,36.679966,-2.039187,79.81947,-7.176007,0.41156745,0.021383606,0.9639627,-0.053590544,0.9368447,-0.084225126,251.73438,247.15182,331.89792,9.215194,0.66010714,0.16400468
5,41,10,0.024009999,2.0440836,0.17793688,0.9706074,0.8955392,0.21091282,0.009741738,37.487843,-1.8777207,80.62756,-7.2064037,0.42182565,0.019483477,0.9851941,-0.049347077,0.94632936,-0.08458187,251.65132,246.76825,331.99323,9.084125,0.6466458,0.16183253
5,42,10,0.024009999,2.0818176,0.1820734,0.99135214,0.9083921,0.2133503,0.002753106,37.886337,-1.4777037,81.20408,-7.1262903,0.4267006,0.005506212,0.9956667,-0.03883464,0.95309603,-0.08364158,251.57446,246.36827,331.91312,8.603994,0.6466458,0.15970968
5,43,10,0.024009999,2.0832431,0.16843793,1.0034746,0.9113305,0.20520595,0.009557551,38.117275,-1.3548627,81.33532,-6.257158,0.4104119,0.019115102,1.0017358,-0.035606287,0.95463634,-0.0734406,251.5279,246.24542,331.044,7.6120205,0.6466458,0.13296752
5,44,10,0.024009999,2.1169972,0.17644303,1.0173736,0.9231807,0.21002561,0.009325635,38.38035,-1.3950121,81.86242,-6.6189847,0.42005122,0.01865127,1.0086493,-0.036661554,0.96082294,-0.077687286,251.53584,246.28555,331.40582,8.013997,0.6466458,0.13472201
5,45,10,0.024009999,2.137751,0.1865259,1.025411,0.92581415,0.21594322,0.00680573,38.531654,-1.6591249,81.97909,-6.272217,0.43188643,0.01361146,1.0126258,-0.043602336,0.96219236,-0.07361726,251.54352,246.4345,331.51242,7.9313416,0.63325787,0.14495355
5,46,10,0.024009999,2.126707,0.17608897,1.0305324,0.92008585,0.20981479,0.013796397,38.62775,-1.6058818,81.72509,-5.6198735,0.41962957,0.027592793,1.0151514,-0.04220317,0.95921105,-0.065960795,251.5222,246.38126,330.86008,7.225755,0.63325787,0.122224525
5,47,10,0.024009999,2.1313915,0.18199725,1.0249197,0.9244744,0.21330568,0.008525002,38.522423,-1.7270797,81.91977,-6.408303,0.42661136,0.017050004,1.0123832,-0.04538826,0.96149594,-0.07521453,251.58131,246.50244,331.64853,8.135383,0.63325787,0.14122003
5,48,10,0.024009999,2.112909,0.19157206,1.0067295,0.9146075,0.21884473,0.0028350858,38.17904,-2.2669911,81.481415,-7.282264,0.43768945,0.0056701717,1.0033591,-0.059577316,0.95635116,-0.085472226,251.70995,247.04236,332.5225,9.549255,0.63325787,0.19131695
5,49,10,0.024009999,2.0597103,0.1706463,0.98940414,0.8996598,0.20654678,0.016348882,37.8491,-2.7584116,80.812836,-6.3623023,0.41309357,0.032697763,0.994688,-0.072492115,0.948504,-0.07467456,251.81282,247.53104,332.37186,9.120714,0.6171545,0.1838372
5,50,10,0.024009999,2.0426478,0.1850691,0.9625389,0.8950398,0.21509829,0.014695064,37.331703,-3.1482692,80.60507,-7.14997,0.43019658,0.029390128,0.98109066,-0.082737625,0.9460654,-0.08391952,251.93916,247.92091,333.15952,10.298239,0.6171545,0.20592955
5,51,10,0.024009999,2.0177052,0.20533174,0.92952585,0.8828475,0.22656773,0.011101619,36.685917,-3.444003,80.054184,-7.774578,0.45313546,0.022203239,0.9641192,-0.09050972,0.93959963,-0.09125065,252.03703,248.21664,333.78412,11.218581,0.6171545,0.23074234
5,52,10,0.024009999,2.0009155,0.17884332,0.94103837,0.88103384,0.21144935,0.019700626,36.912403,-3.6486976,79.97192,-7.396441,0.4228987,0.03940125,0.9700713,-0.0958891,0.93863404,-0.08681237,252.05531,248.42133,333.40594,11.045138,0.6171545,0.2264445
5,53,10,0.024009999,2.0312314,0.1991844,0.9477176,0.8843293,0.2231504,0.01883221,37.043167,-3.7396352,80.12134,-7.069147,0.4463008,0.03766442,0.9735079,-0.09827901,0.94038785,-0.082970895,252.10768,248.68785,334.15237,10.808783,0.59752357,0.22408251
5,54,10,0.024009999,2.0284805,0.1950969,0.94723916,0.8861444,0.22084887,0.012089032,37.03382,-3.9077976,80.20352,-7.6461964,0.44169775,0.024178063,0.97326213,-0.102698416,0.9413524,-0.08974372,252.13632,248.85602,334.72943,11.553994,0.59752357,0.24867032
5,55,10,0.024009999,2.0323002,0.1824147,0.96273834,0.8871471,0.21355017,0.022058748,37.335567,-3.917348,80.248886,-6.931927,0.42710033,0.044117495,0.9811923,-0.10294926,0.9418849,-0.08136038,252.10643,248.86559,334.0152,10.849276,0.59752357,0.2372733
5,56,10,0.024009999,2.0675468,0.18838038,0.9796766,0.8994898,0.21701404,0.020322818,37.66258,-3.8885849,80.80521,-7.4003487,0.4340281,0.040645637,0.98978615,-0.10219347,0.9484144,-0.08685822,252.11577,248.83682,334.48358,11.288934,0.59752357,0.23822857
5,57,10,0.024009999,2.0708385,0.19877666,0.973575,0.89848685,0.22292188,0.013612969,37.545113,-3.5173378,80.76014,-6.508092,0.44584376,0.027225938,0.98669904,-0.092436895,0.94788545,-0.076385826,252.13434,248.82805,334.92322,10.02543,0.57667434,0.21788426
5,58,10,0.024009999,2.0303402,0.17572784,0.96741295,0.88719934,0.20959952,0.021796817,37.4261,-3.5810337,80.25124,-5.8971996,0.41919905,0.043593634,0.9835715,-0.09411078,0.9419126,-0.06921563,252.1403,248.89175,334.31232,9.478233,0.57667434,0.20901637
5,59,10,0.024009999,2.0245497,0.19211881,0.9474182,0.8850128,0.2191568,0.019259583,37.03732,-3.950593,80.152306,-6.6810403,0.4383136,0.038519166,0.9733541,-0.10382295,0.9407512,-0.078415684,252.23967,249.26132,335.09613,10.631634,0.57667434,0.23114726
5,60,10,0.024009999,2.0095313,0.20060931,0.9309014,0.8780206,0.22394715,0.014705012,36.713055,-4.2715945,79.83504,-7.2824454,0.4478943,0.029410023,0.9648323,-0.11225903,0.9370275,-0.0854744,252.30591,249.58235,335.6975,11.55404,0.57667434,0.25925466
5,61,10,0.024009999,1.979378,0.1832485,0.9264458,0.86968374,0.21403767,0.023187367,36.625088,-3.7910032,79.455124,-5.0444674,0.42807534,0.046374734,0.96252054,-0.09962884,0.9325684,-0.059207067,252.29248,249.62401,334.9834,8.83547,0.55458474,0.21152635
5,62,10,0.024009999,1.9955063,0.1907006,0.9285433,0.87626237,0.2183464,0.019651618,36.66652,-3.7632256,79.75507,-5.7069297,0.4366928,0.039303236,0.9636095,-0.09889893,0.93608886,-0.06698252,252.32825,249.59622,335.64584,9.470156,0.55458474,0.2123445
5,63,10,0.024009999,1.9974279,0.19760285,0.9257523,0.87407285,0.22226271,0.011781965,36.61138,-3.9308956,79.65536,-5.967163,0.44452542,0.02356393,0.9621602,-0.10330538,0.93491864,-0.07003684,252.37305,249.76389,335.90613,9.898059,0.55458474,0.22902408
5,64,10,0.024009999,1.9718089,0.17927343,0.92755705,0.8649784,0.21170346,0.022188533,36.647045,-4.099244,79.23989,-5.59503,0.42340693,0.044377066,0.96309763,-0.10772965,0.93004215,-0.06566919,252.39287,249.93225,335.53397,9.694274,0.55458474,0.23029508
5,65,10,0.024009999,2.0135965,0.19816613,0.9392288,0.8762016,0.22257927,0.021594333,36.876892,-3.6884847,79.752304,-4.5048385,0.44515854,0.043188665,0.96913815,-0.09693475,0.93605644,-0.052873466,252.45064,250.18486,336.0606,8.193323,0.53433293,0.19749722
5,66,10,0.024009999,1.9909227,0.20626634,0.9156949,0.8689614,0.22708277,0.013137456,36.41196,-3.764344,79.42212,-4.8658223,0.45416555,0.026274912,0.9569195,-0.09892839,0.932181,-0.05711043,252.48804,250.26071,336.42157,8.630166,0.53433293,0.20771489
5,67,10,0.024009999,1.9210776,0.17201164,0.89619446,0.85287154,0.20737143,0.02100447,36.022163,-3.8463128,78.68339,-4.279806,0.41474286,0.04200894,0.9466755,-0.10108258,0.92351043,-0.05023225,252.49129,250.34268,335.83557,8.126119,0.53433293,0.20908704
5,68,10,0.024009999,1.9412955,0.18784806,0.8971534,0.85629404,0.21670721,0.019556722,36.041435,-4.203032,78.84111,-4.9945574,0.43341443,0.039113443,0.9471818,-0.1104572,0.9253616,-0.05862137,252.58113,250.6994,336.5503,9.19759,0.53433293,0.230029
5,69,10,0.024009999,1.9395127,0.19456509,0.8918244,0.8531232,0.22054766,0.014415152,35.934227,-3.668902,78.69499,-4.0565286,0.44109532,0.028830305,0.94436455,-0.09642006,0.9236467,-0.047611535,252.65146,250.94954,337.23257,7.7254305,0.5179217,0.20102377
5,70,10,0.024009999,1.8999932,0.18015543,0.8799902,0.8398476,0.2122236,0.022048628,35.69502,-3.6676724,78.08029,-3.4780138,0.4244472,0.044097256,0.9380779,-0.09638779,0.916432,-0.040821556,252.65106,250.94832,336.65405,7.145686,0.5179217,0.20394988
5,71,10,0.024009999,1.9065603,0.18565229,0.87174743,0.84916055,0.21543694,0.017896466,35.52745,-3.5544465,78.51202,-4.0059752,0.43087387,0.035792932,0.93367416,-0.0934121,0.9214991,-0.0470183,252.6604,250.83507,337.182,7.560422,0.5179217,0.18993838
5,72,10,0.024009999,1.9196279,0.20960857,0.8595122,0.8505072,0.22891514,0.010204002,35.27725,-3.5307157,78.57424,-4.21238,0.45783028,0.020408005,0.9270988,-0.09278844,0.92222947,-0.049440924,252.67233,250.81136,337.38843,7.7430954,0.5179217,0.1943178
5,73,10,0.024009999,1.8947124,0.18609305,0.8630116,0.8456078,0.21569252,0.018793195,35.348988,-2.6734707,78.34761,-1.7789565,0.43138504,0.03758639,0.92898417,-0.07025984,0.9195694,-0.020879727,252.66245,250.8316,336.57812,4.4524274,0.5063314,0.1419045
5,74,10,0.024009999,1.9227059,0.18534575,0.8795481,0.85781205,0.215259,0.01636504,35.68605,-2.860441,78.91096,-2.289478,0.430518,0.03273008,0.93784225,-0.075173385,0.92618144,-0.026871758,252.70407,251.01859,337.08865,5.149919,0.5063314,0.15073107
5,75,10,0.024009999,1.9498737,0.20234646,0.88561034,0.8619169,0.22491468,0.008512956,35.808815,-3.049083,79.09953,-2.8442087,0.44982937,0.017025912,0.9410687,-0.080130994,0.9283948,-0.033382628,252.74905,251.20721,337.64346,5.8932915,0.5063314,0.1634839
5,76,10,0.024009999,1.9069608,0.17907852,0.88002276,0.8478595,0.21158835,0.018739678,35.69568,-3.1994147,78.45184,-2.3144433,0.4231767,0.037479356,0.9380953,-0.08408174,0.9207929,-0.027164651,252.76898,251.35756,337.11365,5.513858,0.5063314,0.16876343
5,77,10,0.024009999,1.8967209,0.17637366,0.86987853,0.8504686,0.20998432,0.013940861,35.489346,-2.5136635,78.57246,-1.4184595,0.41996863,0.027881723,0.9326728,-0.06605997,0.92220855,-0.016648572,252.84225,251.60283,337.7079,3.9321232,0.50132376,0.13520186
5,78,10,0.024009999,1.9343487,0.20436135,0.8732687,0.85671866,0.22603172,0.009378175,35.558434,-2.5189743,78.86065,-1.7333059,0.45206344,0.01875635,0.9344885,-0.06619954,0.925591,-0.020343877,252.85239,251.60815,338.02274,4.25228,0.50132376,0.13252804
5,79,10,0.024009999,1.8907576,0.17894928,0.8665521,0.8452562,0.21151198,0.017485067,35.42142,-2.4020903,78.331314,-1.2004148,0.42302397,0.034970134,0.9308878,-0.06312782,0.91937816,-0.014089372,252.80774,251.49124,337.4898,3.6025052,0.50132376,0.12801404
5,80,10,0.024009999,1.9019988,0.17906024,0.8689873,0.8539512,0.21157755,0.014872975,35.47116,-2.3642213,78.73317,-1.6197004,0.4231551,0.02974595,0.9321949,-0.062132623,0.9240948,-0.019010562,252.81345,251.4534,337.9091,3.9839218,0.50132376,0.1251775
5,81,10,0.024009999,1.9301312,0.2057067,0.87029743,0.854127,0.2267745,0.0077896384,35.49789,-1.5116546,78.74128,-0.48130846,0.453549,0.015579277,0.9328973,-0.039726872,0.9241899,-0.0056491233,252.8329,251.5576,338.07162,1.9929631,0.5029185,0.08374775
5,82,10,0.024009999,1.8834422,0.18430993,0.8578846,0.8412477,0.21465667,0.016453782,35.24383,-1.6420714,78.145355,0.105587125,0.42931333,0.032907564,0.9262206,-0.043154255,0.91719556,0.001239295,252.84375,251.68802,337.48468,1.5364842,0.5029185,0.09338185
5,83,10,0.024009999,1.8654429,0.17954491,0.8453137,0.8405843,0.2118637,0.01436499,34.984657,-1.8305442,78.11453,-0.5392191,0.4237274,0.02872998,0.91940945,-0.04810738,0.9168338,-0.0063287946,252.91473,251.87648,338.1295,2.3697634,0.5029185,0.10439401
5,84,10,0.024009999,1.8465998,0.19850972,0.81998247,0.82810766,0.22277215,0.0070730965,34.456486,-2.091019,77.532646,-0.83119893,0.4455443,0.014146193,0.90552884,-0.054952726,0.9100042,-0.00975578,252.99915,252.13696,338.4215,2.9222178,0.5029185,0.1134574
5,85,10,0.024009999,1.8032556,0.18110563,0.80952257,0.8126273,0.21278253,0.015052397,34.23601,-1.3292977,76.80454,0.9139922,0.42556506,0.030104794,0.89973474,-0.034934428,0.90145844,0.010727565,253.02322,252.32454,337.7519,0.41530544,0.50950575,0.1044101
5,86,10,0.024009999,1.7916565,0.1806834,0.7957843,0.81518877,0.21253435,0.013527738,33.94426,-1.5530506,76.9255,-0.036865234,0.4250687,0.027055476,0.89206743,-0.040814716,0.90287805,-0.00043267914,253.09691,252.5483,338.7027,1.5899159,0.50950575,0.096110985
5,87,10,0.024009999,1.7924304,0.20738682,0.7736844,0.8113591,0.22769871,0.0057389224,33.469604,-1.6642709,76.74459,-0.5487344,0.45539743,0.011477845,0.8795933,-0.043737654,0.90075475,-0.006440635,253.13478,252.65953,339.21457,2.2130053,0.50950575,0.094764546
5,88,10,0.024009999,1.7543612,0.178456,0.77514035,0.80076474,0.21122026,0.015211516,33.50108,-1.5395391,76.2419,0.10231835,0.42244053,0.030423032,0.88042057,-0.040459644,0.8948546,0.0012008783,253.08868,252.53477,338.56354,1.4372208,0.50950575,0.09775914
5,89,10,0.024009999,1.7769184,0.18590938,0.7802844,0.81072456,0.21558605,0.009204088,33.61206,-0.60120493,76.71458,0.4719904,0.4311721,0.018408176,0.8833371,-0.015799869,0.9004024,0.0055397497,253.09312,252.52776,338.99393,0.12921453,0.5214604,0.075296596
5,90,10,0.024009999,1.7942214,0.19710386,0.7826284,0.8144892,0.2219819,0.00041112784,33.662506,-0.5991285,76.89249,0.0719327,0.4439638,0.0008222557,0.88466287,-0.015745297,0.90249056,0.00084426184,253.09201,252.52571,339.39398,0.5271958,0.5214604,0.05195078
5,91,10,0.024009999,1.7595003,0.16457184,0.7900264,0.80490196,0.20283727,0.01000257,33.821236,-0.4929782,76.43859,0.75917625,0.40567455,0.02000514,0.8888343,-0.012955733,0.8971633,0.008910594,253.04843,252.41954,338.70676,-0.26619807,0.5214604,0.05790092
5,92,10,0.024009999,1.7896359,0.18863091,0.78848165,0.8125234,0.2171583,0.009541654,33.788155,-0.46549973,76.79964,0.4304606,0.4343166,0.019083308,0.8879649,-0.012233445,0.9014008,0.0050523356,253.0629,252.39204,339.03543,0.035039127,0.5214604,0.06676083
5,93,10,0.024009999,1.7940047,0.2003156,0.7827387,0.8109504,0.22378315,0.00062321004,33.66488,0.45389348,76.72526,0.8486328,0.4475663,0.0012464201,0.8847252,0.011928434,0.90052783,0.009960502,253.07753,252.34114,339.16556,-1.3025262,0.53673285,0.06306848
5,94,10,0.024009999,1.7736932,0.18186718,0.7906457,0.8011803,0.21322945,0.009765992,33.83449,0.4291829,76.26167,1.5469304,0.4264589,0.019531984,0.8891826,0.011279039,0.89508677,0.018156456,253.06258,252.36586,338.46725,-1.9761133,0.53673285,0.098228894
5,95,10,0.024009999,1.7960943,0.17985228,0.80303365,0.81320834,0.21204497,0.0069998805,34.098522,0.42967364,76.83199,1.1463426,0.42408994,0.013999761,0.89612144,0.011292034,0.90178066,0.0134546785,253.0799,252.36537,338.86786,-1.5760163,0.53673285,0.080269575
5,96,10,0.024009999,1.8140299,0.20678739,0.79502636,0.8122162,0.22736941,-0.0003437341,33.92809,0.3590606,76.78512,0.8373136,0.45473883,-0.0006874682,0.8916425,0.009436203,0.9012304,0.009827556,253.11111,252.43596,339.1769,-1.1963742,0.53673285,0.064688444
5,97,10,0.024009999,1.7678246,0.19170378,0.77945906,0.79666185,0.21891995,0.0069535435,33.59428,1.1680061,76.04632,1.9263201,0.4378399,0.013907087,0.8828698,0.030695636,0.8925592,0.022609267,253.08397,252.3909,338.3537,-3.094326,0.5526316,0.115722746
5,98,10,0.024009999,1.7556782,0.1755846,0.7779461,0.80214745,0.20951408,0.0030423787,33.561657,1.2035143,76.3077,1.6132035,0.41902816,0.0060847574,0.88201255,0.031628743,0.89562684,0.018934192,253.09248,252.35535,338.66684,-2.8167179,0.5526316,0.1065964
5,99,10,0.024009999,1.7830155,0.19462304,0.78387076,0.8045217,0.2205805,-0.0025106815,33.689213,1.2745956,76.42054,1.3425626,0.441161,-0.005021363,0.8853648,0.033496797,0.8969513,0.015757743,253.08897,252.28429,338.93747,-2.6171582,0.5526316,0.099616
5,100,10,0.024009999,1.7594501,0.17996565,0.7837319,0.7957525,0.21211179,0.006054918,33.686234,1.4552797,76.00291,2.246005,0.42422357,0.012109836,0.88528633,0.038245346,0.8920496,0.026361447,253.03702,252.10358,338.03403,-3.701285,0.5526316,0.12226302
