ic,traj,n_steps,eta,loss_total,loss_T,loss_olw,loss_slwd,rmse_T,bias_T,rmse_olw,bias_olw,rmse_slwd,bias_slwd,nrmse_T,nbias_T,nrmse_olw,nbias_olw,nrmse_slwd,nbias_slwd,mean_T,mean_olw,mean_slwd,bias_C,pnorm,gnorm
1,1,10,0.01,1.5828818,0.20507249,0.44127837,0.93653095,0.22642465,-0.007906233,23.702757,-6.572326,80.355064,-32.233856,0.4528493,-0.015812466,0.66428787,-0.18419443,0.9677453,-0.38820407,254.12619,263.45593,358.02652,38.806183,16.690844,6.6235986
1,2,10,0.01,1.5994363,0.21321636,0.45867357,0.9275464,0.23087679,-0.011157488,24.165422,-5.432817,79.96869,-32.128418,0.46175358,-0.022314977,0.67725444,-0.15225887,0.9630921,-0.38693425,254.07217,262.88437,358.02374,37.561234,16.690844,6.60193
1,3,10,0.01,0.7530217,0.2224894,0.23188111,0.29865122,0.23584391,-0.020226562,17.18206,-2.2122586,45.376846,18.035564,0.47168782,-0.040453125,0.48154035,-0.062000245,0.5464899,0.21720886,254.02754,262.37332,357.94232,-15.823306,16.687977,2.7835371
1,4,10,0.01,0.654917,0.1643909,0.2355501,0.254976,0.20272574,-0.0056849634,17.317461,-1.443564,41.927776,19.562746,0.40545148,-0.011369927,0.48533505,-0.040456984,0.5049515,0.23560128,253.97198,262.02548,356.13483,-18.119183,16.687977,2.8285213
1,5,10,0.01,0.61657286,0.16391788,0.30933797,0.14331697,0.20243387,0.0047551654,19.845367,12.632879,31.4341,10.7436075,0.40486774,0.009510331,0.5561816,0.35404614,0.3785723,0.12938918,254.02142,261.94742,356.85443,-23.376488,16.691013,3.3617363
1,6,10,0.01,0.6833645,0.1784129,0.3418262,0.16312541,0.21119475,-0.008890909,20.861483,12.439951,33.536137,10.755309,0.4223895,-0.017781818,0.58465904,0.34863913,0.40388787,0.1295301,254.09952,262.114,357.49268,-23.19526,16.691013,3.3476398
1,7,10,0.01,0.5361426,0.12135878,0.28185266,0.13293111,0.17418294,0.0057255537,18.943209,9.495373,30.273705,7.9546747,0.34836587,0.011451107,0.530898,0.2661151,0.3645972,0.095801055,254.11798,262.1786,356.09888,-17.450047,16.69211,2.89479
1,8,10,0.01,0.54244107,0.1354736,0.26280424,0.14416327,0.18403369,0.009247587,18.291893,10.184531,31.526772,6.925723,0.36806738,0.018495174,0.51264435,0.28542924,0.37968838,0.08340898,254.21822,262.3425,356.94724,-17.110254,16.69211,2.9638803
1,9,10,0.01,0.36319256,0.1187334,0.12668157,0.117777586,0.17228857,-0.008267642,12.699869,1.7867188,28.495972,2.8213024,0.34457713,-0.016535284,0.35592353,0.050074164,0.3431874,0.033977948,254.27585,262.45233,357.46332,-4.6080213,16.69167,1.1072019
1,10,10,0.01,0.33923793,0.10220912,0.116818115,0.12021069,0.1598508,0.0057183634,12.195446,2.3876708,28.78881,4.0036416,0.3197016,0.011436727,0.34178665,0.0669163,0.34671414,0.04821731,254.2244,262.14313,356.00366,-6.3913126,16.69167,1.2576506
1,11,10,0.01,0.34186393,0.117524095,0.12962784,0.09471198,0.17140894,0.00040204235,12.846704,-3.1281927,25.553753,-4.799154,0.34281787,0.0008040847,0.36003867,-0.08766997,0.30775312,-0.057797957,254.20238,261.7462,356.14694,7.927346,16.691502,1.4389223
1,12,10,0.01,0.3367854,0.11016123,0.1342873,0.09233688,0.16595273,-0.014826517,13.075551,-2.4301603,25.23131,-3.365715,0.33190545,-0.029653033,0.3664523,-0.06810709,0.30386984,-0.04053453,254.1617,261.2863,355.87576,5.7958755,16.691502,1.3369998
1,13,10,0.01,0.3353091,0.089196466,0.13584316,0.11026947,0.14932889,-0.0020287798,13.15108,-3.3079433,27.572735,-6.321239,0.29865777,-0.0040575597,0.36856908,-0.09270763,0.33206847,-0.07612899,254.03793,260.68378,353.79544,9.629183,16.69292,1.8153721
1,14,10,0.01,0.35607913,0.09944338,0.1365541,0.12008163,0.15767322,-0.0037875841,13.185449,-2.6218433,28.773355,-7.5552783,0.31534645,-0.0075751683,0.3695323,-0.07347915,0.34652796,-0.09099098,254.02538,260.3358,354.08557,10.177122,16.69292,1.8353703
1,15,10,0.01,0.3124711,0.09940082,0.11096518,0.1021051,0.15763947,-0.015912341,11.886004,-1.7981999,26.532364,-4.348267,0.31527895,-0.031824682,0.33311436,-0.050395936,0.3195389,-0.052367773,254.00264,259.99554,354.00638,6.146467,16.696781,1.3730158
1,16,10,0.01,0.29646948,0.081075594,0.11215643,0.10323744,0.14236888,-0.0050131087,11.9496355,-1.5894476,26.67908,-3.7107997,0.28473777,-0.010026217,0.33489764,-0.044545468,0.32130584,-0.044690516,253.91304,259.5771,352.0819,5.300247,16.696781,1.3234462
1,17,10,0.01,0.26794127,0.08067444,0.09309881,0.094168,0.14201623,-0.0051104957,10.88716,0.20944619,25.480259,-0.37671608,0.28403246,-0.010220991,0.30512097,0.0058698873,0.30686805,-0.004536918,253.93317,259.3738,352.15924,0.16726989,16.702559,0.7497551
1,18,10,0.01,0.2828673,0.09275573,0.09696105,0.09315054,0.15227912,-0.017829388,11.110694,0.35739246,25.342234,0.8088003,0.30455825,-0.035658777,0.3113857,0.010016206,0.30520573,0.00974067,253.95609,259.31708,352.4184,-1.1661928,16.702559,0.750799
1,19,10,0.01,0.25232932,0.06932874,0.099011935,0.08398863,0.13165176,-0.0034789229,11.227585,2.5482426,24.063702,3.0934029,0.26330352,-0.0069578458,0.31466162,0.07141645,0.28980792,0.037254978,253.92033,259.25238,351.03433,-5.6416454,16.708828,1.0862373
1,20,10,0.01,0.26099998,0.07786036,0.09755882,0.085580796,0.13951735,-0.004575892,11.144891,2.8192763,24.290718,2.5281227,0.2790347,-0.009151784,0.31234407,0.07901237,0.29254195,0.030447097,253.93623,259.09378,351.75656,-5.3473988,16.708828,1.0818294
1,21,10,0.01,0.25787547,0.06901288,0.11286205,0.076000534,0.13135152,-0.012764997,11.987165,4.4039755,22.890774,0.64676297,0.26270303,-0.025529994,0.33594948,0.12342478,0.27568194,0.007789194,253.93173,258.9217,351.56573,-5.0507383,16.714193,1.3266678
1,22,10,0.01,0.25053662,0.06095035,0.115997896,0.073588386,0.12344062,-0.0013455435,12.152555,4.671079,22.524586,1.9653199,0.24688125,-0.002691087,0.34058464,0.13091055,0.2712718,0.023669047,253.87091,258.59018,349.73508,-6.6363993,16.714193,1.4043026
1,23,10,0.01,0.23682496,0.06222996,0.10470384,0.06989115,0.12472967,-0.0009784463,11.5457945,4.310572,21.951454,-1.916771,0.24945934,-0.0019568927,0.32357973,0.12080709,0.26436934,-0.02308437,253.90208,258.54556,350.11783,-2.3938012,16.718164,1.2277732
1,24,10,0.01,0.25873873,0.06866555,0.11488434,0.07518884,0.13102056,-0.011279306,12.094084,4.643982,22.76821,-0.23210698,0.26204112,-0.022558613,0.33894593,0.13015114,0.27420583,-0.002795347,253.87923,258.2182,350.01047,-4.411875,16.718164,1.262123
1,25,10,0.01,0.208478,0.050725985,0.0944136,0.06333842,0.11261215,0.0052675297,10.963767,2.8257906,20.897089,0.79416203,0.2252243,0.0105350595,0.30726796,0.07919493,0.25167125,0.009564395,253.80774,257.86633,348.36423,-3.6199527,16.720646,0.70529073
1,26,10,0.01,0.22826214,0.070248686,0.092936926,0.06507653,0.13252234,0.0037153724,10.877691,3.0758185,21.181873,0.24531232,0.2650447,0.007430745,0.30485559,0.08620217,0.25510103,0.0029543831,253.80797,257.6465,348.76996,-3.3211308,16.720646,0.72344553
1,27,10,0.01,0.21255201,0.06354963,0.087530084,0.061472293,0.12604526,-0.0008667569,10.556531,0.40064755,20.586945,4.400273,0.2520905,-0.0017335138,0.29585484,0.011228446,0.24793607,0.05299409,253.76137,257.30212,348.59082,-4.8009205,16.722544,0.62875766
1,28,10,0.01,0.20734397,0.051623855,0.0898841,0.06583602,0.11360442,0.008444313,10.697541,1.1068611,21.305119,4.9944777,0.22720884,0.016888626,0.29980677,0.031020626,0.2565853,0.06015031,253.63908,256.8477,347.0647,-6.101339,16.722544,0.6485227
1,29,10,0.01,0.23376882,0.06463691,0.10677358,0.062358335,0.12711895,0.007737708,11.659352,-0.8255383,20.734781,5.104243,0.2542379,0.015475416,0.32676226,-0.023136346,0.2497165,0.061472267,253.59093,256.51694,347.43814,-4.2787046,16.72442,1.1245557
1,30,10,0.01,0.24739219,0.07425696,0.10829836,0.064836875,0.13625064,-0.0025778187,11.742309,-0.57098305,21.142836,6.579326,0.2725013,-0.0051556374,0.32908717,-0.016002234,0.25463086,0.079237215,253.53535,256.10153,347.4113,-6.008343,16.72442,1.1219627
1,31,10,0.01,0.20262027,0.049383987,0.09355137,0.05968491,0.11111254,0.009443734,10.913589,-0.71014297,20.285442,5.0609703,0.22222508,0.018887468,0.30586168,-0.019902295,0.24430496,0.060951106,253.43236,255.63963,345.8952,-4.350827,16.726442,0.9754416
1,32,10,0.01,0.2163531,0.058852863,0.09572884,0.061771404,0.121298045,0.006504254,11.039869,-0.72477096,20.636969,4.7249017,0.24259609,0.013008508,0.30940077,-0.020312263,0.24853854,0.056903712,253.4472,255.54053,346.1294,-4.0001307,16.726442,1.0107696
1,33,10,0.01,0.2047056,0.060397893,0.08189433,0.062413357,0.122879915,0.00032507922,10.211028,-0.2975238,20.743925,3.0838046,0.24575983,0.00065015844,0.28617185,-0.008338327,0.24982665,0.037139382,253.4884,255.64792,346.41162,-2.7862809,16.728746,0.7406497
1,34,10,0.01,0.19144171,0.04789945,0.07828414,0.06525813,0.10942972,0.00961845,9.983422,0.13960968,21.211409,3.6191256,0.21885943,0.0192369,0.27979302,0.0039126654,0.25545672,0.04358645,253.46251,255.60284,345.49905,-3.7587352,16.728746,0.70394146
1,35,10,0.01,0.18591937,0.04936759,0.076572634,0.059979144,0.111094095,0.006623549,9.873686,0.36429232,20.335382,1.2314296,0.22218819,0.013247098,0.2767176,0.01020957,0.2449064,0.014830558,253.49072,255.50749,346.19006,-1.595722,16.73098,0.5505044
1,36,10,0.01,0.18647876,0.06381613,0.07227441,0.05038822,0.12630928,-0.0026409728,9.592566,0.104003444,18.638746,1.890163,0.25261855,-0.0052819457,0.268839,0.0029147803,0.22447321,0.022763921,253.52458,255.52205,346.27533,-1.9941664,16.73098,0.58252513
1,37,10,0.01,0.14782852,0.04014741,0.06427069,0.043410413,0.10018409,0.007000849,9.045843,0.4749003,17.300121,1.9390718,0.20036818,0.014001698,0.25351664,0.01330945,0.20835166,0.023352945,253.50154,255.45331,345.02084,-2.4139721,16.732615,0.70273006
1,38,10,0.01,0.1564289,0.04725017,0.05995125,0.049227484,0.10868552,0.0038039645,8.736585,0.57864964,18.422815,0.97670686,0.21737105,0.007607929,0.24484944,0.016217109,0.22187267,0.011762831,253.51733,255.41158,345.2503,-1.5553565,16.732615,0.65432894
1,39,10,0.01,0.15884872,0.05021313,0.0572698,0.051365793,0.11204143,-0.004577902,8.538969,0.42440853,18.818682,1.866607,0.22408286,-0.009155804,0.2393111,0.011894371,0.22664022,0.022480223,253.50417,255.26111,345.0583,-2.2910154,16.733034,0.80222434
1,40,10,0.01,0.14932397,0.038300555,0.062042784,0.04898063,0.09785264,0.0060164845,8.887675,0.992146,18.376568,2.5295045,0.19570528,0.012032969,0.24908389,0.027805656,0.22131568,0.030463744,253.43977,254.99014,344.03595,-3.5216506,16.733034,0.8425342
1,41,10,0.01,0.13961425,0.04468581,0.056957234,0.03797122,0.10569509,0.0037860689,8.515634,0.67429036,16.180035,0.32628173,0.21139018,0.0075721378,0.23865715,0.018897504,0.19486205,0.003929527,253.41592,254.71915,344.27866,-1.0005721,16.732103,0.5859767
1,42,10,0.01,0.1435631,0.052364532,0.05440018,0.03679839,0.11441649,-0.0041345335,8.322287,1.1875887,15.928196,1.8829184,0.22883298,-0.008269067,0.23323846,0.03328309,0.19182907,0.02267667,253.37709,254.401,344.08145,-3.070507,16.732103,0.6801346
1,43,10,0.01,0.12703957,0.04373421,0.05299315,0.030312205,0.10456363,0.007740563,8.213957,1.286807,14.456426,0.24127746,0.20912726,0.015481126,0.2302024,0.03606374,0.174104,0.0029057926,253.27707,254.00465,342.53033,-1.5280844,16.730576,0.41802037
1,44,10,0.01,0.13860252,0.043697257,0.061198775,0.033706494,0.10451944,0.00471409,8.827015,1.7078314,15.244353,-0.3239726,0.20903888,0.00942818,0.24738386,0.04786327,0.18359329,-0.00390172,253.23347,253.67189,342.60065,-1.3838588,16.730576,0.45361498
1,45,10,0.01,0.1439366,0.052053392,0.0576519,0.034231313,0.11407606,-0.0036301436,8.567408,0.9314826,15.362576,-0.58649987,0.22815213,-0.007260287,0.2401081,0.026105518,0.18501706,-0.0070634335,253.16629,253.27046,342.34106,-0.34498274,16.729116,0.6286998
1,46,10,0.01,0.12539242,0.0348372,0.05701522,0.03353999,0.09332363,0.0060903556,8.519967,1.4453104,15.206652,0.054163307,0.18664727,0.012180711,0.2387786,0.040505935,0.18313926,0.00065231265,253.08775,252.91656,341.0902,-1.4994737,16.729116,0.60219765
1,47,10,0.01,0.12784787,0.037928674,0.054220352,0.03569884,0.09737643,0.0041880035,8.30852,-0.10908624,15.688421,-0.18840042,0.19475286,0.008376007,0.23285264,-0.0030572175,0.18894136,-0.0022689765,253.12286,252.96776,341.66968,0.29748666,16.72856,0.6865772
1,48,10,0.01,0.12409829,0.046589836,0.046902917,0.030605538,0.107923396,-0.001450132,7.7275624,-0.027321748,14.526206,0.72211975,0.21584679,-0.002900264,0.21657081,-0.0007657126,0.17494439,0.008696748,253.1393,252.9809,341.95532,-0.694798,16.72856,0.61209023
1,49,10,0.01,0.101624124,0.033482492,0.042721074,0.025420552,0.09149111,0.008825215,7.375027,-0.68965834,13.23868,1.9050515,0.18298222,0.01765043,0.20669077,-0.019328194,0.15943824,0.022943232,253.0727,252.73056,340.8896,-1.2153931,16.72897,0.56544197
1,50,10,0.01,0.114372775,0.038397085,0.04555695,0.030418739,0.09797587,0.005286539,7.6158767,-0.456704,14.481808,1.3429224,0.19595174,0.010573078,0.21344075,-0.012799478,0.17440969,0.016173303,253.06735,252.56178,341.09225,-0.8862184,16.72897,0.54314107
1,51,10,0.01,0.11422981,0.04615578,0.03931434,0.028759684,0.10741948,-0.0007568572,7.0748625,-0.69825506,14.081349,0.881456,0.21483897,-0.0015137144,0.19827844,-0.01956914,0.16958681,0.010615698,253.03645,252.36624,341.12097,-0.18320096,16.729723,0.5432367
1,52,10,0.01,0.100779355,0.032317452,0.03926182,0.029200073,0.08988528,0.007655876,7.0701356,-0.3159051,14.188751,1.7539183,0.17977056,0.015311752,0.19814596,-0.008853481,0.17088029,0.021123072,252.94728,251.99554,339.8054,-1.4380132,16.729723,0.56661534
1,53,10,0.01,0.103388265,0.03394613,0.038333874,0.031108262,0.092122376,0.004860977,6.9860854,-0.056950886,14.645023,-1.1434687,0.18424475,0.009721954,0.19579038,-0.0015960848,0.17637534,-0.013771206,252.91617,251.75688,339.9783,1.2004197,16.730137,0.41599032
1,54,10,0.01,0.106588826,0.03903778,0.039052993,0.028498057,0.0987899,-0.0016838183,7.0513086,0.24370444,14.017153,0.08661783,0.1975798,-0.0033676366,0.1976183,0.006830006,0.16881368,0.0010431776,252.87747,251.57106,339.86734,-0.33032227,16.730137,0.40648293
1,55,10,0.01,0.09115704,0.029024407,0.036091115,0.026041515,0.085182756,0.0076253195,6.7786417,0.91562647,13.399399,-1.6004263,0.17036551,0.015250639,0.18997662,0.025661131,0.16137384,-0.019274509,252.77141,251.11272,338.7931,0.68479985,16.730284,0.44975755
1,56,10,0.01,0.100274995,0.030013463,0.038104832,0.032156695,0.08662197,0.0038419047,6.9651833,1.1875261,14.889768,-2.2557142,0.17324394,0.0076838094,0.19520459,0.033281326,0.17932288,-0.027166385,252.73201,250.84698,339.01688,1.0681881,16.730284,0.44785005
1,57,10,0.01,0.108909264,0.042167004,0.03302193,0.03372033,0.10267303,-0.0019210438,6.4840117,1.4300796,15.24748,-1.3014691,0.20534606,-0.0038420877,0.18171938,0.04007908,0.18363096,-0.015674064,252.69183,250.60114,338.90988,-0.12861049,16.730259,0.38917834
1,58,10,0.01,0.1010411,0.032172196,0.033467107,0.0354018,0.08968305,0.005951421,6.527571,1.807318,15.623015,-1.3957541,0.1793661,0.011902842,0.18294017,0.050651465,0.18815365,-0.016809579,252.6102,250.23557,337.8036,-0.41156387,16.730259,0.4031053
1,59,10,0.01,0.10227765,0.02957757,0.03225988,0.040440198,0.08599065,0.0033372561,6.408759,1.2261196,16.697784,-1.2379462,0.1719813,0.0066745123,0.17961036,0.034362942,0.20109749,-0.014909035,252.57272,249.9823,337.87177,0.011826515,16.73013,0.26912886
1,60,10,0.01,0.114489846,0.04550842,0.033884916,0.03509651,0.10666351,-0.001491783,6.5681906,1.5046171,15.555507,0.15886438,0.21332702,-0.002983566,0.18407856,0.04216804,0.18734063,0.0019132609,252.4859,249.58244,337.3848,-1.6634815,16.73013,0.2847372
1,61,10,0.01,0.08830789,0.028081022,0.029166033,0.031060826,0.083786964,0.008435674,6.0937023,1.0280199,14.633853,1.5377465,0.16757393,0.016871348,0.17078066,0.028811045,0.17624082,0.018519638,252.37639,249.13249,336.06146,-2.5657663,16.729965,0.36423782
1,62,10,0.01,0.091639996,0.025270825,0.028784415,0.037584756,0.079484,0.0049549253,6.0537047,0.99572814,16.097485,0.5430592,0.158968,0.009909851,0.1696597,0.02790604,0.19386788,0.006540266,252.36609,248.9629,336.4472,-1.5387874,16.729965,0.32260418
1,63,10,0.01,0.10605349,0.040182628,0.028882824,0.03698803,0.10022803,0.0018889463,6.0640445,0.116291165,15.969188,0.03253382,0.20045605,0.0037778926,0.16994947,0.0032591494,0.19232273,0.00039181564,252.34306,248.82666,336.48312,-0.14882499,16.729727,0.34543186
1,64,10,0.01,0.08646425,0.02671376,0.028636413,0.031114075,0.08172172,0.009033495,6.0381217,0.23768137,14.646389,0.76787436,0.16344345,0.01806699,0.16922297,0.0066611986,0.17639183,0.009247788,252.28104,248.61403,335.57114,-1.0055557,16.729727,0.3481941
1,65,10,0.01,0.088063195,0.026390076,0.02792732,0.0337458,0.08122511,0.008018809,5.962895,-0.66817814,15.253238,-1.6523148,0.16245022,0.016037619,0.16711469,-0.018726204,0.1837003,-0.019899426,252.27898,248.54108,335.85672,2.320493,16.729538,0.35647374
1,66,10,0.01,0.094188794,0.034636524,0.028188342,0.031363927,0.09305445,0.0028627533,5.9906964,-0.28838173,14.70508,-0.85869855,0.1861089,0.0057255067,0.16789384,-0.008082113,0.17709863,-0.010341621,252.25938,248.47905,335.86813,1.1470803,16.729538,0.32258713
1,67,10,0.01,0.08039758,0.02639646,0.027641062,0.026360063,0.08123494,0.010621594,5.932256,-0.26538533,13.481102,-1.4724785,0.16246988,0.021243189,0.16625601,-0.007437628,0.16235782,-0.0177336,252.19354,248.31723,334.91846,1.7378638,16.729744,0.26474634
1,68,10,0.01,0.094946116,0.025092576,0.031915896,0.03793765,0.07920318,0.0073024305,6.3744993,-0.18552496,16.172882,-2.3659065,0.15840636,0.014604861,0.1786502,-0.0051994747,0.1947759,-0.028493471,252.15486,248.05576,335.16107,2.5514314,16.729744,0.3233736
1,69,10,0.01,0.099376634,0.028916495,0.03375536,0.03670478,0.08502425,0.0006562682,6.5556216,0.00571432,15.907925,-1.9000485,0.1700485,0.0013125364,0.18372631,0.00016015889,0.19158491,-0.022882978,252.12296,247.88617,335.03992,1.8943342,16.729809,0.2975087
1,70,10,0.01,0.1055502,0.027032724,0.0407417,0.037775777,0.08220816,0.008254428,7.2021484,0.22714272,16.13834,-1.7985501,0.16441631,0.016508857,0.20184574,0.006365846,0.19435991,-0.021660596,252.08235,247.76523,334.16245,1.5714074,16.729809,0.29752874
1,71,10,0.01,0.111343235,0.027307238,0.043093268,0.040942725,0.08262451,0.0037917139,7.4070835,0.29282936,16.80121,-1.2707008,0.16524902,0.0075834277,0.20758918,0.008206774,0.20234309,-0.015303512,252.07083,247.66045,334.51254,0.9778714,16.729256,0.3455906
1,72,10,0.01,0.114730015,0.032124136,0.043355025,0.039250854,0.08961604,-0.00055398,7.4295454,0.55107355,16.450413,-1.0047077,0.17923208,-0.00110796,0.2082187,0.0154442545,0.19811828,-0.01210006,252.04128,247.52025,334.45294,0.45363414,16.729256,0.4076645
1,73,10,0.01,0.09533189,0.027458856,0.03513088,0.032742158,0.08285357,0.0059890393,6.6878576,0.38914764,15.024702,0.753153,0.16570714,0.011978079,0.18743233,0.0109061655,0.18094794,0.009070492,252.01373,247.47096,333.8432,-1.1423006,16.727846,0.24831444
1,74,10,0.01,0.09871118,0.028268773,0.03579632,0.03464609,0.0840666,0.0041116597,6.7509003,0.43017325,15.455367,0.20311573,0.1681332,0.008223319,0.18919915,0.012055938,0.1861346,0.002446198,252.00136,247.40027,334.2407,-0.633289,16.727846,0.22805005
1,75,10,0.01,0.087647974,0.027171822,0.032095,0.028381156,0.08241939,0.00097046845,6.39236,0.20271684,13.988374,1.8363233,0.16483878,0.0019409369,0.17915078,0.0056813005,0.16846707,0.02211551,251.93166,247.04854,334.10922,-2.03904,16.726036,0.289435
1,76,10,0.01,0.08709942,0.025151419,0.03217646,0.02977154,0.07929599,0.005422722,6.400468,0.29684997,14.32692,2.061849,0.15859199,0.010845444,0.17937799,0.008319446,0.17254432,0.024831599,251.82565,246.61188,333.13406,-2.358699,16.726036,0.2984264
1,77,10,0.01,0.08886841,0.02542384,0.03343035,0.030014217,0.079724275,0.004855619,6.5239854,0.057055097,14.385194,2.1177096,0.15944855,0.009711238,0.18283968,0.0015990096,0.17324612,0.025504349,251.75032,246.26643,333.04657,-2.1747646,16.72495,0.36452526
1,78,10,0.01,0.09812727,0.030487675,0.037471116,0.030168483,0.0873036,0.00016394182,6.907022,0.632362,14.422113,2.9603324,0.1746072,0.00032788364,0.19357458,0.017722428,0.17369077,0.035652366,251.63455,245.78906,332.4483,-3.5926943,16.72495,0.39076915
1,79,10,0.01,0.088604264,0.02362739,0.035841685,0.029135188,0.07685602,0.0060775857,6.755177,0.5997897,14.1729765,2.6489024,0.15371203,0.0121551715,0.189319,0.016809568,0.17069033,0.03190169,251.52382,245.38533,331.2253,-3.248692,16.724808,0.3639681
1,80,10,0.01,0.096929975,0.024781112,0.03786565,0.034283213,0.07871009,0.003919201,6.943289,0.9232341,15.374217,2.3515286,0.15742017,0.007838402,0.19459099,0.02587434,0.18515727,0.02832031,251.48566,245.13571,331.33768,-3.2747626,16.724808,0.3817144
1,81,10,0.01,0.09533406,0.029245237,0.034492537,0.031596288,0.08550619,-0.00022254825,6.626819,1.0044696,14.759452,0.7920483,0.17101239,-0.0004450965,0.18572167,0.028151026,0.17775345,0.009538924,251.49037,245.12425,331.4739,-1.7965178,16.725344,0.22595386
1,82,10,0.01,0.09795421,0.029858297,0.03520033,0.03289559,0.08639777,0.0053598303,6.6944656,0.91408324,15.059864,1.2651128,0.17279553,0.010719661,0.18761751,0.025617879,0.18137142,0.0152362175,251.50572,245.1914,330.86588,-2.179196,16.725344,0.3380055
1,83,10,0.01,0.10433108,0.029250603,0.035346005,0.039734475,0.08551404,0.0031669508,6.7083035,0.47777545,16.551445,-1.3566915,0.17102808,0.0063339015,0.18800533,0.013390024,0.19933508,-0.01633913,251.59033,245.44125,331.40924,0.878916,16.725971,0.24381535
1,84,10,0.01,0.10532073,0.031396743,0.03397657,0.039947413,0.08859563,0.0011562391,6.5770674,0.6313759,16.595734,-1.0184268,0.17719126,0.0023124781,0.18432735,0.017694792,0.19986849,-0.012265284,251.66017,245.79999,332.0486,0.38705087,16.725971,0.27719405
1,85,10,0.01,0.098743394,0.03349961,0.03147822,0.033765566,0.09151449,0.004664816,6.3306394,0.58845407,15.257705,-0.58565307,0.18302898,0.009329632,0.17742102,0.016491873,0.18375409,-0.0070532337,251.64145,245.9074,331.41312,-0.002801001,16.726385,0.27122766
1,86,10,0.01,0.09338698,0.0326797,0.029959816,0.030747458,0.090387635,0.002777942,6.176069,0.46788463,14.559847,-0.81365967,0.18077527,0.005555884,0.17308904,0.013112825,0.17534953,-0.009799198,251.64864,245.98624,331.695,0.34577504,16.726385,0.24477759
1,87,10,0.01,0.08716783,0.030062841,0.028115906,0.028989086,0.0866932,-0.0005571441,5.982994,-0.2023046,14.137396,-1.3585116,0.1733864,-0.0011142882,0.16767798,-0.005669744,0.17026182,-0.016361048,251.62627,245.90405,331.66846,1.5608162,16.726643,0.33087933
1,88,10,0.01,0.08917254,0.02757764,0.031701133,0.029893773,0.083032586,0.004082069,6.353015,-0.2863558,14.3563,-1.2876713,0.16606517,0.008164138,0.17804812,-0.008025343,0.17289816,-0.015507896,251.58688,245.72842,330.8408,1.5740271,16.726643,0.1858425
1,89,10,0.01,0.08380963,0.027803058,0.02826977,0.027736802,0.083371244,0.0008185789,5.999343,-0.9231286,13.828669,-1.183833,0.16674249,0.0016371578,0.16813616,-0.025871381,0.16654369,-0.0142573295,251.61253,245.77628,331.1592,2.1069617,16.727251,0.20537534
1,90,10,0.01,0.090134084,0.030085608,0.02832297,0.031725507,0.08672602,-0.001155242,6.004985,-1.3202847,14.789603,-2.2168498,0.17345203,-0.002310484,0.1682943,-0.037001994,0.17811656,-0.026698327,251.63828,245.87701,331.61343,3.5371346,16.727251,0.27887744
1,91,10,0.01,0.087106064,0.028417392,0.028516077,0.030172598,0.08428729,0.0017282373,6.0254216,-0.9657304,14.423097,-0.64458567,0.16857459,0.0034564745,0.16886704,-0.02706534,0.17370261,-0.007762975,251.63179,245.94089,331.08914,1.610316,16.727697,0.3248947
1,92,10,0.01,0.090338886,0.030677766,0.02723144,0.03242968,0.087575346,0.00013789203,5.888136,-1.071803,14.952837,-0.874787,0.17515069,0.00027578406,0.16501951,-0.0300381,0.18008243,-0.010535377,251.63794,245.92888,331.5947,1.94659,16.727697,0.31793505
1,93,10,0.01,0.08565224,0.02762228,0.025629008,0.03240095,0.08309976,-0.0046655755,5.7122664,-0.8585247,14.946209,-1.6190623,0.16619952,-0.009331151,0.16009063,-0.02406081,0.18000264,-0.019498957,251.63182,245.87553,331.7896,2.477587,16.727825,0.22895175
1,94,10,0.01,0.08630397,0.028606826,0.02788343,0.029813716,0.08456776,-0.00036729246,5.9582076,-0.8386057,14.337064,-0.92978454,0.16913553,-0.00073458493,0.16698332,-0.02350257,0.17266649,-0.011197735,251.62343,245.9607,331.07608,1.7683902,16.727825,0.23792927
1,95,10,0.01,0.08011981,0.0280971,0.025715189,0.026307521,0.08381095,-0.0028708298,5.7218623,-0.34248367,13.46766,-0.620653,0.1676219,-0.0057416596,0.16035956,-0.009598367,0.16219594,-0.0074747526,251.6452,246.09209,331.6579,0.9631367,16.727879,0.25930116
1,96,10,0.01,0.077758186,0.02825724,0.024169425,0.025331518,0.08404945,-0.0048815478,5.547224,-0.42303613,13.215474,-0.75257206,0.1680989,-0.0097630955,0.15546519,-0.01185591,0.15915878,-0.009063498,251.62643,246.02264,331.74313,1.1756082,16.727879,0.2643257
1,97,10,0.01,0.0770529,0.027853305,0.026028441,0.023171155,0.08344655,-0.0014447292,5.7566075,0.2779895,12.639388,0.69050074,0.1668931,-0.0028894583,0.16133332,0.007790869,0.15222074,0.008315952,251.55603,245.74825,331.03445,-0.96849024,16.72836,0.24629451
1,98,10,0.01,0.0761791,0.02621741,0.026302906,0.023658784,0.080958955,-0.0014971129,5.786879,0.39015543,12.771691,0.6516763,0.16191791,-0.0029942258,0.1621817,0.010934406,0.15381412,0.007848375,251.51564,245.46689,331.18036,-1.0418317,16.72836,0.29438558
1,99,10,0.01,0.07704194,0.022541367,0.031640925,0.02285965,0.07506891,-0.00529177,6.3469796,1.153431,12.554141,2.2381308,0.15013783,-0.01058354,0.17787896,0.03232579,0.15119408,0.026954627,251.48631,245.34561,331.00552,-3.391562,16.729359,0.29193813
1,100,10,0.01,0.079557106,0.025327515,0.03204797,0.022181626,0.0795731,-0.0026945092,6.3876753,1.2534063,12.36656,3.0721028,0.1591462,-0.0053890184,0.17901947,0.03512766,0.14893498,0.03699845,251.43439,245.2811,330.09564,-4.325509,16.729359,0.32325998
2,1,10,0.0069999998,0.5720081,0.07450323,0.2469177,0.25058717,0.1364764,0.0027682926,17.730404,-4.0202503,41.565365,10.847652,0.2729528,0.005536585,0.49690813,-0.11267055,0.5005868,0.13064222,253.68755,261.48077,355.60464,-6.827402,16.73125,2.752626
2,2,10,0.0069999998,0.56398374,0.08066359,0.2457007,0.23761947,0.14200668,0.0030211548,17.686657,-4.281987,40.475594,9.785081,0.28401336,0.0060423096,0.49568206,-0.12000596,0.48746228,0.117845245,253.71283,261.37408,356.189,-5.5030937,16.73125,2.7380402
2,3,10,0.0069999998,0.40606272,0.074072406,0.16574256,0.16624777,0.13608123,-0.011733555,14.526453,-1.9977565,33.855568,6.4385285,0.27216247,-0.02346711,0.40711492,-0.055988673,0.40773493,0.07754158,253.64418,260.71436,355.7946,-4.440772,16.734392,1.9827597
2,4,10,0.0069999998,0.36383206,0.05809537,0.16102268,0.14471403,0.12051491,-0.0019338233,14.318122,-1.3863882,31.586937,8.230213,0.24102981,-0.0038676467,0.40127632,-0.038854588,0.38041297,0.09911948,253.50342,259.97836,353.15057,-6.843825,16.734392,1.9397833
2,5,10,0.0069999998,0.22169064,0.047603507,0.08736401,0.08672312,0.10909114,-0.009715204,10.546511,1.5886058,24.452293,3.0199757,0.21818228,-0.019430408,0.29557404,0.0445219,0.2944879,0.036370665,253.49416,259.6426,353.46307,-4.6085815,16.739256,1.1187443
2,6,10,0.0069999998,0.22882615,0.055778995,0.08558768,0.087459475,0.11808789,-0.019542158,10.438743,1.5811101,24.555887,2.2874844,0.23617578,-0.039084315,0.29255372,0.04431182,0.29573548,0.027548997,253.47144,259.27765,353.65665,-3.8685946,16.739256,1.1229801
2,7,10,0.0069999998,0.15880334,0.040218297,0.071133725,0.047451314,0.1002725,-0.013756268,9.516567,4.1839056,18.087408,-0.42651528,0.200545,-0.027512535,0.26670906,0.117257155,0.21783322,-0.0051366766,253.34761,258.57828,351.6816,-3.7573903,16.745378,1.4368435
2,8,10,0.0069999998,0.17117569,0.041949946,0.07337819,0.05584756,0.10240843,-0.015888248,9.665539,4.2231216,19.6225,-1.0114198,0.20481686,-0.031776495,0.2708841,0.11835619,0.23632088,-0.012180896,253.3133,258.06952,351.79468,-3.2117019,16.745378,1.4820604
2,9,10,0.0069999998,0.19959241,0.05057348,0.07634176,0.07267716,0.11244274,-0.02341071,9.85879,3.6757672,22.384691,-5.0084357,0.22488548,-0.04682142,0.27630013,0.10301617,0.269587,-0.060318403,253.2706,257.5899,351.6654,1.3326685,16.751015,1.7414316
2,10,10,0.0069999998,0.18852562,0.04069358,0.08797525,0.059856784,0.10086325,-0.014008908,10.583341,4.095596,20.314629,-3.3094692,0.2017265,-0.028017815,0.2966062,0.11478218,0.24465646,-0.039857153,253.1832,257.09375,349.96014,-0.7861266,16.751015,1.8453664
2,11,10,0.0069999998,0.18924232,0.04140359,0.06913159,0.078707136,0.10173936,-0.007823545,9.381684,1.1325486,23.294811,-5.7728763,0.20347872,-0.01564709,0.26292887,0.031740535,0.28054792,-0.069524854,253.18158,256.8811,350.22964,4.6403275,16.754854,1.4904966
2,12,10,0.0069999998,0.18719324,0.040676296,0.06915357,0.07736339,0.10084183,-0.012983044,9.383175,0.99051744,23.095102,-5.437777,0.20168366,-0.025966087,0.26297066,0.02776002,0.27814275,-0.06548912,253.18407,256.62677,350.37302,4.4472594,16.754854,1.5053843
2,13,10,0.0069999998,0.18660918,0.040635962,0.07787625,0.06809697,0.10079182,0.0024478394,9.95738,-1.7360729,21.667864,-3.7942264,0.20158364,0.0048956787,0.27906317,-0.04865475,0.26095396,-0.04569522,253.12231,256.31064,348.62286,5.530299,16.756887,1.3832752
2,14,10,0.0069999998,0.19333442,0.043942,0.071998335,0.07739408,0.104811735,0.00154393,9.574228,-2.0197155,23.099684,-4.720352,0.20962347,0.00308786,0.26832506,-0.056604058,0.2781979,-0.056848932,253.14485,256.23517,348.94595,6.7400675,16.756887,1.4509778
2,15,10,0.0069999998,0.19533761,0.04116731,0.09295568,0.061214615,0.10144865,0.0024487656,10.878788,-3.6028583,20.54375,-3.935452,0.2028973,0.004897531,0.30488634,-0.10097285,0.24741587,-0.047396097,253.12666,255.93044,348.7983,7.53831,16.757551,1.7523046
2,16,10,0.0069999998,0.19382426,0.037460573,0.09464467,0.06171901,0.09677367,0.00923637,10.977177,-3.142922,20.628216,-3.286353,0.19354734,0.01847274,0.30764374,-0.088082775,0.24843311,-0.03957874,253.01527,255.40518,347.0644,6.429275,16.757551,1.7053564
2,17,10,0.0069999998,0.16911004,0.036831245,0.08468752,0.047591273,0.09595734,0.010995027,10.383704,-3.02439,18.114061,-1.9815437,0.19191468,0.021990053,0.2910112,-0.08476084,0.21815424,-0.023864456,252.95654,254.91919,347.05533,5.005934,16.757616,1.5918818
2,18,10,0.0069999998,0.17733274,0.04892957,0.08073479,0.04766838,0.11060014,0.0032564402,10.138481,-3.085507,18.12873,-1.846776,0.22120029,0.0065128803,0.28413868,-0.08647367,0.21833089,-0.022241393,252.89554,254.4104,346.83286,4.932283,16.757616,1.5804406
2,19,10,0.0069999998,0.12866,0.034496617,0.058854554,0.035308816,0.092866324,0.011389364,8.656306,-0.92314655,15.602485,2.1878557,0.18573265,0.022778727,0.24259958,-0.025871886,0.1879064,0.026349144,252.83218,254.10149,345.29355,-1.2647092,16.75773,1.0038607
2,20,10,0.0069999998,0.13004252,0.0379237,0.054337144,0.037781674,0.09737004,0.010448143,8.317465,-1.1828895,16.1396,1.0152903,0.19474009,0.020896286,0.23310329,-0.03315138,0.19437508,0.012227511,252.89343,254.15813,345.6171,0.1675992,16.75773,0.97193885
2,21,10,0.0069999998,0.110047966,0.034447704,0.034859594,0.040740665,0.09280046,0.0031685622,6.661986,0.7009056,16.759699,3.057631,0.18560092,0.0063371244,0.18670724,0.019643418,0.20184317,0.03682416,252.9779,254.33582,345.72424,-3.7585366,16.75824,0.52763194
2,22,10,0.0069999998,0.11227092,0.034176875,0.03881272,0.039281327,0.09243494,0.011697556,7.0295835,0.6878322,16.456797,3.1661358,0.18486989,0.023395112,0.19700944,0.019277025,0.19819517,0.038130928,252.99254,254.48721,344.72388,-3.853968,16.75824,0.57314754
2,23,10,0.0069999998,0.123254806,0.03931036,0.038879376,0.04506508,0.0991342,0.0080458,7.0356174,2.368895,17.62675,2.1540484,0.1982684,0.0160916,0.19717854,0.06639008,0.21228537,0.025942003,253.0109,254.43756,345.375,-4.5229435,16.7592,0.8949201
2,24,10,0.0069999998,0.1252995,0.03777172,0.0411922,0.046335578,0.09717474,0.0032664165,7.2418585,2.3214676,17.873493,2.7555583,0.19434948,0.006532833,0.20295861,0.0650609,0.215257,0.033186186,252.95049,253.96317,345.27982,-5.077026,16.7592,0.90473974
2,25,10,0.0069999998,0.13446775,0.031714704,0.05522743,0.047525615,0.08904311,0.006562018,8.385326,3.401461,18.101562,1.6568819,0.17808622,0.013124036,0.23500517,0.09532853,0.2180037,0.019954426,252.83282,253.41772,343.4481,-5.058343,16.76024,1.2977589
2,26,10,0.0069999998,0.13910492,0.036135852,0.053638954,0.04933011,0.09504716,0.0052618836,8.263855,3.2089372,18.442009,0.35410747,0.19009432,0.010523767,0.23160085,0.089932926,0.22210383,0.0042646583,252.80927,253.13057,343.55832,-3.5630445,16.76024,1.299148
2,27,10,0.0069999998,0.12585534,0.033702675,0.0447264,0.047426265,0.09179144,0.00039367366,7.546134,2.065378,18.082632,-1.4044652,0.18358289,0.0007873473,0.21148618,0.05788379,0.21777572,-0.016914474,252.77443,252.89629,343.1246,-0.66091275,16.760975,1.0744252
2,28,10,0.0069999998,0.118829444,0.028513374,0.04655445,0.043761615,0.08442952,0.006081966,7.698802,2.3267763,17.369963,-1.749677,0.16885903,0.012163932,0.2157648,0.06520969,0.20919277,-0.021072002,252.67621,252.44504,341.54056,-0.5770993,16.760975,1.1126646
2,29,10,0.0069999998,0.09898261,0.030617306,0.033269174,0.03509613,0.08748901,0.0055334894,6.5082397,0.18043056,15.555423,-3.680299,0.17497802,0.011066979,0.1823984,0.005056704,0.18733962,-0.04432318,252.63654,252.05986,341.90723,3.4998684,16.761553,0.68588424
2,30,10,0.0069999998,0.09867954,0.0292588,0.032618817,0.036801927,0.08552602,0.00055834703,6.4443126,0.082390524,15.928962,-3.4748755,0.17105204,0.0011166941,0.1806068,0.0023090672,0.19183828,-0.041849185,252.60909,251.83748,342.08395,3.392485,16.761553,0.65229785
2,31,10,0.0069999998,0.08098902,0.027050847,0.027011389,0.026926782,0.08223571,0.0075368965,5.864298,-1.2757473,13.625249,-2.6013007,0.16447142,0.015073793,0.16435142,-0.035753798,0.16409382,-0.03132841,252.53366,251.53375,340.59628,3.877048,16.762085,0.45913467
2,32,10,0.0069999998,0.07628848,0.025280192,0.022693386,0.028314896,0.07949873,0.0064084628,5.3751698,-1.4215163,13.972034,-3.3009868,0.15899746,0.0128169255,0.15064324,-0.039839074,0.1682703,-0.039754987,252.51752,251.29425,340.78403,4.722503,16.762085,0.4681533
2,33,10,0.0069999998,0.0814126,0.025427219,0.02585684,0.030128539,0.07972957,0.0016033053,5.7376003,-2.639472,14.412561,-1.3982503,0.15945914,0.0032066107,0.16080062,-0.073973216,0.17357574,-0.016839638,252.49998,251.15839,340.80957,4.0377226,16.7625,0.76523197
2,34,10,0.0069999998,0.07513019,0.02067431,0.025627948,0.02882793,0.07189282,0.0080233365,5.712148,-2.14782,14.098046,-1.4988949,0.14378564,0.016046673,0.16008732,-0.06019431,0.1697879,-0.018051747,252.44038,250.93912,339.34424,3.646715,16.7625,0.6821876
2,35,10,0.0069999998,0.08266443,0.02432847,0.027112624,0.03122333,0.07798793,0.0035837612,5.8752766,-2.2197201,14.672084,-0.49986744,0.15597586,0.0071675223,0.16465911,-0.062209345,0.17670125,-0.006020086,252.45628,250.87747,339.63913,2.7195876,16.76265,0.7803212
2,36,10,0.0069999998,0.090856746,0.025771853,0.029545866,0.035539027,0.08026807,-0.00048479153,6.1332536,-2.4952857,15.653266,0.1767538,0.16053614,-0.00096958305,0.17188911,-0.06993228,0.18851797,0.002128712,252.46318,250.90025,339.85037,2.318532,16.76265,0.82834333
2,37,10,0.0069999998,0.0918333,0.026737297,0.027164994,0.03793101,0.08175772,0.0031769197,5.8809485,-1.0280007,16.171465,2.0350268,0.16351543,0.0063538393,0.16481806,-0.028810507,0.19475885,0.024508568,252.39621,250.6583,338.63586,-1.0070261,16.762257,0.7037897
2,38,10,0.0069999998,0.09051862,0.024765646,0.027039016,0.03871396,0.07868552,0.0029048382,5.8672953,-0.74984556,16.337515,1.5671299,0.15737104,0.0058096764,0.16443545,-0.021014988,0.19675864,0.018873503,252.33511,250.2427,338.68155,-0.8172843,16.762257,0.72585076
2,39,10,0.0069999998,0.08670129,0.029737297,0.02551692,0.031447075,0.08622253,-0.0058266865,5.6997614,0.45879942,14.724561,3.4158363,0.17244506,-0.011653373,0.15974016,0.012858213,0.17733324,0.04113814,252.29187,249.96628,338.5243,-3.8746357,16.761133,0.59871393
2,40,10,0.0069999998,0.08594455,0.025763031,0.029176671,0.031004844,0.08025433,0.0004285059,6.094814,0.89241195,14.62066,3.3212898,0.16050866,0.0008570118,0.1708118,0.025010534,0.17608193,0.039999504,252.23746,249.77306,337.47647,-4.2137017,16.761133,0.63657427
2,41,10,0.0069999998,0.07744706,0.025675002,0.028793886,0.02297817,0.08011711,-0.004013158,6.0547004,2.1700928,12.586643,3.1468036,0.16023421,-0.008026316,0.16968761,0.060818512,0.15158552,0.0378981,252.24442,249.74522,337.86365,-5.3168964,16.75957,0.6290717
2,42,10,0.0069999998,0.08274262,0.028798457,0.028095411,0.025848746,0.08485054,-0.008839688,5.980813,1.8721128,13.349713,4.1543207,0.16970108,-0.017679377,0.16761686,0.052467383,0.16077545,0.050032,252.2092,249.58636,337.64233,-6.0264335,16.75957,0.61621225
2,43,10,0.0069999998,0.075538166,0.025785934,0.030322546,0.019429682,0.08029,-0.004276202,6.2133436,2.878264,11.574041,3.9924865,0.16058,-0.008552404,0.1741337,0.08066554,0.1393904,0.048082966,252.1326,249.27142,336.5714,-6.8707504,16.757896,0.6938391
2,44,10,0.0069999998,0.08899234,0.037609123,0.03242443,0.018958788,0.09696536,-0.0053208205,6.4250827,3.1539466,11.432929,2.8896422,0.19393072,-0.010641641,0.18006785,0.08839177,0.13769092,0.034801017,252.10835,249.03737,336.9317,-6.0435886,16.757896,0.72463125
2,45,10,0.0069999998,0.07315293,0.029008219,0.02446733,0.019677376,0.085159,-0.009659601,5.581306,2.4332852,11.647582,2.8354275,0.170318,-0.019319203,0.15642036,0.06819468,0.14027607,0.034148082,252.10802,248.97218,336.9256,-5.268713,16.75635,0.54111457
2,46,10,0.0069999998,0.075250365,0.0276238,0.028646676,0.01897989,0.08310205,-0.004201479,6.039203,2.666082,11.439289,2.8165905,0.1662041,-0.008402958,0.16925329,0.07471898,0.13776752,0.033921223,252.08379,248.93716,335.98492,-5.4826727,16.75635,0.60538614
2,47,10,0.0069999998,0.071712166,0.028989116,0.020522313,0.022200739,0.08513095,-0.0024629373,5.1115866,1.647515,12.371885,1.0243078,0.1702619,-0.0049258745,0.14325611,0.04617287,0.14899912,0.012336114,252.07895,248.85532,336.26334,-2.671823,16.7552,0.43322143
2,48,10,0.0069999998,0.07611412,0.032252092,0.0204403,0.023421727,0.08979434,-0.0065121325,5.1013627,1.4605871,12.707544,1.390501,0.17958868,-0.013024265,0.14296958,0.04093407,0.15304159,0.016746312,252.05165,248.67085,336.13483,-2.851088,16.7552,0.39747313
2,49,10,0.0069999998,0.079348445,0.029851696,0.020882912,0.028613834,0.086388215,0.00043642792,5.156298,0.39865652,14.045597,-0.26760247,0.17277643,0.00087285583,0.14450921,0.011172651,0.16915624,-0.0032228387,251.98116,248.32077,335.15988,-0.13105404,16.754536,0.4318339
2,50,10,0.0069999998,0.071896605,0.026540905,0.020718403,0.024637297,0.0814569,0.000849418,5.135948,0.5753733,13.03313,-0.2469279,0.1629138,0.001698836,0.14393888,0.016125277,0.15696272,-0.0029738408,251.93387,247.95593,335.32437,-0.32844537,16.754536,0.39043593
2,51,10,0.0069999998,0.07300246,0.025980165,0.02405176,0.022970531,0.08059182,0.0010980647,5.533704,-0.86286235,12.584551,-1.0121386,0.16118364,0.0021961294,0.1550863,-0.024182387,0.15156032,-0.0121895615,251.89171,247.80388,335.13416,1.875001,16.754234,0.55869603
2,52,10,0.0069999998,0.071449816,0.021784347,0.028189514,0.021475954,0.073797606,0.005766581,5.990821,-0.3605131,12.168258,-0.968967,0.14759521,0.011533162,0.16789733,-0.010103659,0.14654677,-0.011669624,251.81528,247.46753,334.15137,1.3294802,16.754234,0.4757672
2,53,10,0.0069999998,0.07080717,0.025474897,0.027747275,0.017584994,0.07980429,0.007837868,5.943643,-0.9222628,11.010913,-1.8381951,0.15960857,0.015675737,0.16657513,-0.02584712,0.13260843,-0.022138052,251.81454,247.38065,334.4803,2.760458,16.754425,0.5855107
2,54,10,0.0069999998,0.076790854,0.026913976,0.031968344,0.017908534,0.0820274,0.005250133,6.3797345,-1.0986255,11.111744,-1.3075588,0.1640548,0.010500266,0.17879693,-0.030789819,0.13382277,-0.015747406,251.78716,247.35942,334.36124,2.4061842,16.754425,0.6496372
2,55,10,0.0069999998,0.07821092,0.02750999,0.033994388,0.016706543,0.08293068,0.012227224,6.5787926,-0.99517804,10.732366,-1.9187286,0.16586135,0.024454448,0.18437567,-0.027890624,0.12925379,-0.023107948,251.70271,247.14574,333.19922,2.9139066,16.755192,0.4674156
2,56,10,0.0069999998,0.07847475,0.026664533,0.033178642,0.018631576,0.08164639,0.01098014,6.4993787,-0.97875774,11.333838,-2.5243626,0.16329278,0.02196028,0.18215005,-0.027430434,0.13649753,-0.030401817,251.69417,247.01488,333.41635,3.5031204,16.755192,0.48837075
2,57,10,0.0069999998,0.076701,0.025887826,0.030589836,0.020223334,0.08044847,0.006869326,6.2406683,-0.8916358,11.80806,-1.7747161,0.16089694,0.013738652,0.1748995,-0.024988772,0.14220877,-0.021373551,251.73308,247.14703,333.5422,2.6663518,16.756174,0.28962237
2,58,10,0.0069999998,0.084029794,0.027490279,0.031510215,0.0250293,0.08290096,0.011110931,6.333857,-0.79751796,13.136405,-1.8327188,0.16580193,0.022221861,0.17751117,-0.02235105,0.15820651,-0.022072103,251.77458,247.37906,332.99802,2.6302369,16.756174,0.26235157
2,59,10,0.0069999998,0.07781525,0.026490144,0.026160885,0.025164219,0.08137897,0.008825051,5.771234,-0.078573495,13.171763,-1.8185605,0.16275793,0.017650101,0.16174327,-0.0022020845,0.15863234,-0.021901583,251.83984,247.59549,333.8268,1.897134,16.757015,0.27284425
2,60,10,0.0069999998,0.0798686,0.028673856,0.025882289,0.025312454,0.08466678,0.0064480137,5.7404222,-0.49623606,13.210502,-1.9625211,0.16933356,0.012896027,0.16087973,-0.013907394,0.15909888,-0.023635354,251.83653,247.56897,333.89633,2.4587572,16.757015,0.28352013
2,61,10,0.0069999998,0.07995239,0.028498877,0.028789036,0.02266448,0.08440805,0.008554875,6.0541916,0.49303097,12.500434,-1.2460766,0.1688161,0.01710975,0.16967332,0.013817575,0.15054727,-0.015006958,251.77242,247.4338,333.06924,0.7530456,16.757431,0.43012124
2,62,10,0.0069999998,0.075875275,0.02431365,0.029560197,0.022001432,0.07796417,0.008618659,6.1347404,0.7903588,12.316227,-1.7493745,0.15592834,0.017237319,0.17193079,0.022150407,0.1483288,-0.021068351,251.7137,247.13795,333.2523,0.9590157,16.757431,0.4675182
2,63,10,0.0069999998,0.074208036,0.02428797,0.028285896,0.021634167,0.07792299,0.005069919,6.0010543,0.70983547,12.212998,-1.1179585,0.15584598,0.010139838,0.16818412,0.019893685,0.14708558,-0.01346398,251.6311,246.82362,333.08295,0.40812308,16.757336,0.45122147
2,64,10,0.0069999998,0.07620494,0.027665975,0.028933438,0.019605529,0.08316546,0.009097277,6.0693555,1.0612005,11.626298,-0.7666566,0.16633092,0.018194554,0.17009832,0.029740948,0.14001974,-0.00923312,251.52881,246.48871,332.05942,-0.29454392,16.757336,0.4760666
2,65,10,0.0069999998,0.070384994,0.02487214,0.02459785,0.020915002,0.078854516,0.006992476,5.596173,0.8393241,12.00829,-0.21389277,0.15770903,0.013984952,0.15683702,0.023522697,0.1446202,-0.0025759898,251.48322,246.22293,332.15573,-0.62543136,16.756903,0.33898145
2,66,10,0.0069999998,0.07601862,0.026861282,0.026225632,0.022931706,0.08194706,0.004264501,5.7783723,0.5882613,12.57391,-0.31958762,0.16389412,0.008529002,0.1619433,0.016486472,0.15143219,-0.0038489127,251.43533,245.99866,332.0531,-0.2686737,16.756903,0.32082987
2,67,10,0.0069999998,0.077486284,0.026542984,0.027311046,0.023632254,0.08146009,0.006457091,5.896736,0.09574884,12.764527,0.857659,0.16292018,0.012914182,0.16526054,0.002683428,0.15372786,0.010329102,251.37323,245.7871,331.268,-0.9534078,16.75649,0.20774834
2,68,10,0.0069999998,0.07638721,0.025505267,0.026933337,0.023948612,0.07985184,0.0059416667,5.8558187,0.12468666,12.849681,0.5588588,0.15970369,0.011883333,0.16411379,0.0034944355,0.15475339,0.0067305393,251.36893,245.80731,331.65253,-0.6835455,16.75649,0.25697494
2,69,10,0.0069999998,0.07803039,0.023249712,0.031252764,0.023527918,0.07623928,0.0016614111,6.307929,-0.5329102,12.73632,1.4861606,0.15247856,0.0033228223,0.17678452,-0.014935217,0.15338813,0.017898371,251.37358,245.886,331.86044,-0.9532504,16.756416,0.48737356
2,70,10,0.0069999998,0.08073646,0.025596576,0.03634411,0.018795775,0.07999465,0.0063538975,6.8023596,-0.49968034,11.383671,1.9593999,0.1599893,0.012707795,0.19064131,-0.014003927,0.13709769,0.023597766,251.36368,245.99217,331.30365,-1.4597197,16.756416,0.475313
2,71,10,0.0069999998,0.080861434,0.025226831,0.03543711,0.020197494,0.079414785,0.0037989893,6.7169433,-0.8124348,11.800515,2.8696067,0.15882957,0.0075979787,0.18824747,-0.022769107,0.14211789,0.034559716,251.37311,246.009,331.48776,-2.0571718,16.757069,0.4915978
2,72,10,0.0069999998,0.08400687,0.026007487,0.03560383,0.02239555,0.080634184,0.00034114716,6.732725,-1.1846993,12.426049,2.322857,0.16126837,0.0006822943,0.18868977,-0.0332021,0.14965142,0.027975015,251.39465,246.04993,331.37625,-1.1381576,16.757069,0.5030513
2,73,10,0.0069999998,0.08269899,0.027268253,0.03387029,0.021560451,0.08256551,0.0018011068,6.566773,-0.66498464,12.192173,2.9135635,0.16513102,0.0036022137,0.18403883,-0.018636698,0.14683478,0.035089105,251.40268,246.17522,331.3099,-2.2485788,16.758266,0.41471282
2,74,10,0.0069999998,0.084084556,0.026945297,0.032837037,0.024302218,0.08207511,0.0004380154,6.4658327,-0.6750712,12.944199,2.91172,0.16415022,0.0008760308,0.18120992,-0.018919386,0.15589169,0.035066903,251.41637,246.17882,331.88687,-2.2366488,16.758266,0.43415165
2,75,10,0.0069999998,0.0835478,0.02623864,0.03179931,0.025509851,0.08099173,-0.005593984,6.362846,-0.078676105,13.261911,2.3541214,0.16198346,-0.011187968,0.17832361,-0.0022049556,0.15971804,0.02835155,251.43427,246.28302,332.10025,-2.2754455,16.759743,0.31230992
2,76,10,0.0069999998,0.0892503,0.027366392,0.03720509,0.024678815,0.082713954,-0.0028041487,6.88246,-0.03189158,13.0441065,3.0601673,0.16542791,-0.0056082974,0.1928862,-0.0008937831,0.15709493,0.036854703,251.42728,246.28091,331.4898,-3.0282757,16.759743,0.37655726
2,77,10,0.0069999998,0.08213187,0.027245812,0.031551942,0.023334116,0.08253153,-0.005230788,6.3380485,0.8162216,12.683756,1.7140988,0.16506305,-0.010461576,0.17762867,0.022875236,0.15275508,0.020643514,251.45267,246.34676,332.02612,-2.5303204,16.761349,0.2838423
2,78,10,0.0069999998,0.08155181,0.022606356,0.036127444,0.022818016,0.07517705,-0.006905465,6.782053,0.62763536,12.542704,1.0146008,0.1503541,-0.01381093,0.19007221,0.017589962,0.15105633,0.012219202,251.44044,246.35889,332.30768,-1.6422361,16.761349,0.2625983
2,79,10,0.0069999998,0.07894735,0.025992667,0.034533974,0.018420711,0.08061121,-0.0024228776,6.6307983,1.4155942,11.269519,0.020337114,0.16122241,-0.004845755,0.18583319,0.03967311,0.13572292,0.00024493114,251.36418,246.15562,331.43738,-1.4359313,16.76301,0.30926093
2,80,10,0.0069999998,0.07570667,0.02363565,0.032676477,0.019394541,0.07686945,-0.0032758894,6.4500065,1.643413,11.563571,0.029406693,0.1537389,-0.006551779,0.18076636,0.046057902,0.13926429,0.00035415514,251.30489,245.77109,331.40558,-1.6728196,16.76301,0.3368474
2,81,10,0.0069999998,0.08016167,0.022466179,0.035868585,0.021826906,0.07494361,-0.004282746,6.7577114,1.263868,12.26728,-2.1324925,0.14988722,-0.008565492,0.18939003,0.035420865,0.14773932,-0.025682377,251.24536,245.50319,331.25095,0.86862457,16.764576,0.35525206
2,82,10,0.0069999998,0.08360826,0.025223931,0.03762314,0.020761194,0.07941022,-0.00214104,6.92102,1.4609764,11.964054,-1.4481907,0.15882044,-0.00428208,0.19396685,0.040944975,0.14408745,-0.017441088,251.18051,245.33284,330.3902,-0.012785673,16.764576,0.31831443
2,83,10,0.0069999998,0.075765826,0.023479788,0.03068239,0.021603648,0.07661558,-0.0027278103,6.250102,1.1157378,12.204382,-1.7165984,0.15323116,-0.0054556206,0.1751639,0.0312694,0.14698179,-0.020673618,251.21248,245.49197,330.89322,0.6008606,16.766098,0.29649478
2,84,10,0.0069999998,0.081362784,0.022611994,0.033957552,0.02479324,0.075186424,-0.0060381084,6.575226,0.9968995,13.074313,-1.9468563,0.15037285,-0.012076217,0.18427575,0.027938867,0.1574587,-0.0234467,251.2403,245.69054,331.11404,0.9499568,16.766098,0.35589153
2,85,10,0.0069999998,0.08767272,0.026923412,0.036551476,0.024197834,0.08204178,-0.0015775334,6.8217382,0.39701203,12.9163685,-0.9226685,0.16408356,-0.0031550669,0.1911844,0.011126564,0.15555653,-0.011112033,251.22568,245.69247,330.547,0.52565646,16.76784,0.23632303
2,86,10,0.0069999998,0.08523442,0.027690016,0.03284474,0.024699664,0.08320159,-0.0030840654,6.4665923,0.46587387,13.049616,-1.0048542,0.16640317,-0.006168131,0.18123119,0.013056472,0.15716127,-0.012101823,251.27144,245.72153,331.14114,0.53898036,16.76784,0.25176078
2,87,10,0.0069999998,0.08129678,0.026632885,0.030417377,0.024246518,0.081597924,-0.0054179183,6.2230515,-0.4019448,12.929355,-1.0820448,0.16319585,-0.010835837,0.17440578,-0.0112648085,0.15571293,-0.013031459,251.34145,245.94603,331.49054,1.4839896,16.769556,0.23352227
2,88,10,0.0069999998,0.08451777,0.03345139,0.029148716,0.021917664,0.091448605,-0.0031336995,6.0918927,-0.33917043,12.292758,-0.8044202,0.18289721,-0.006267399,0.17072995,-0.009505511,0.14804615,-0.009687924,251.34444,246.0052,330.96735,1.1435906,16.769556,0.23048219
2,89,10,0.0069999998,0.071911104,0.023487652,0.026035544,0.022387905,0.07662841,-0.002655913,5.7573924,-0.35719746,12.423928,-0.2450716,0.15325682,-0.005311826,0.16135533,-0.010010732,0.14962588,-0.0029514865,251.3544,246.04924,331.65405,0.60226905,16.771025,0.2629743
2,90,10,0.0069999998,0.072368115,0.02246932,0.029183993,0.020714808,0.07494885,-0.0043529244,6.095578,-0.5326945,11.95068,-0.4284476,0.1498977,-0.008705849,0.17083323,-0.014929172,0.1439264,-0.0051599476,251.31223,245.81322,331.47437,0.9611421,16.771025,0.23926884
2,91,10,0.0069999998,0.07335803,0.025009468,0.03045734,0.017891224,0.07907191,-0.0029915867,6.2271385,-0.404648,11.106372,0.60012835,0.15814382,-0.0059831734,0.17452031,-0.01134057,0.13375808,0.007227565,251.27519,245.7178,330.60632,-0.19548035,16.772247,0.23716094
2,92,10,0.0069999998,0.06911908,0.023661118,0.025891475,0.019566486,0.07691085,-0.0016868468,5.7414417,-0.43790975,11.614716,0.5151174,0.1538217,-0.0033736937,0.16090828,-0.012272753,0.13988025,0.0062037446,251.30826,245.87689,331.14694,-0.077207655,16.772247,0.21152541
2,93,10,0.0069999998,0.06563906,0.020861259,0.026832368,0.017945435,0.07221714,-0.0026449303,5.8448324,-0.6321283,11.123185,0.04585423,0.14443427,-0.0052898605,0.16380589,-0.017715879,0.13396057,0.0005522389,251.3164,245.89915,331.25055,0.5862741,16.77328,0.17592841
2,94,10,0.0069999998,0.07408382,0.024875509,0.030979346,0.018228965,0.07885986,0.0011796139,6.2802744,-0.6873128,11.2107115,1.0133674,0.15771972,0.0023592277,0.1760095,-0.019262467,0.13501468,0.012204352,251.28618,245.81332,330.5231,-0.32605463,16.77328,0.19636028
2,95,10,0.0069999998,0.070257924,0.021682411,0.02964058,0.018934933,0.073624745,-0.000451684,6.143076,-0.59259474,11.425735,0.53945506,0.14724949,-0.000903368,0.1721644,-0.016607923,0.13760427,0.006496853,251.26605,245.68845,330.4793,0.053139687,16.774212,0.23544057
2,96,10,0.0069999998,0.07181519,0.022438884,0.028740842,0.020635467,0.07489807,-0.002473996,6.049122,-0.8901025,11.927772,-0.06471684,0.14979614,-0.004947992,0.16953124,-0.024945803,0.1436505,-0.00077940867,251.28902,245.90088,330.5964,0.9548193,16.774212,0.25980756
2,97,10,0.0069999998,0.071567416,0.0242359,0.02770441,0.019627105,0.07783942,-0.0021148522,5.9390497,-0.46428812,11.632694,0.48086312,0.15567884,-0.0042297044,0.16644642,-0.013012028,0.14009677,0.0057912064,251.29236,245.9662,330.0443,-0.016575009,16.775116,0.18495078
2,98,10,0.0069999998,0.06599966,0.022204554,0.023842104,0.019952998,0.07450596,-0.0017419461,5.509533,-0.34057721,11.728872,1.2570013,0.14901192,-0.0034838922,0.15440889,-0.009544935,0.14125508,0.015138524,251.31963,246.06194,330.71548,-0.91642404,16.775116,0.260949
2,99,10,0.0069999998,0.065195315,0.024294171,0.02203454,0.018866604,0.07793294,-0.0070715253,5.296568,0.12765393,11.4051,1.0806391,0.15586588,-0.014143051,0.14844036,0.0035775984,0.13735576,0.013014529,251.323,245.99481,330.933,-1.2082931,16.775906,0.20419131
2,100,10,0.0069999998,0.07356134,0.029805077,0.02435982,0.019396447,0.086320736,-0.0041312873,5.5690303,-0.17598468,11.5641365,1.8270171,0.17264147,-0.008262575,0.15607633,-0.004932104,0.13927113,0.022003429,251.36124,246.15953,330.353,-1.6510324,16.775906,0.20568845
3,1,10,0.0048999996,0.2337431,0.05817554,0.06823323,0.10733434,0.12059803,-0.02558608,9.320528,-1.4077623,27.203295,7.789512,0.24119607,-0.05117216,0.2612149,-0.03945363,0.3276192,0.093811944,252.51752,255.97429,347.1454,-6.38175,16.776587,1.8106188
3,2,10,0.0048999996,0.22853433,0.059989974,0.06799313,0.10055123,0.122464254,-0.025346052,9.304114,-1.1688634,26.329699,7.2462196,0.24492851,-0.050692104,0.2607549,-0.0327583,0.31709814,0.08726885,252.45564,255.47568,346.98557,-6.0773563,16.776587,1.7705271
3,3,10,0.0048999996,0.16721559,0.051964045,0.046653677,0.068597876,0.11397812,-0.025721475,7.7070017,-0.1971679,21.747408,3.7352538,0.22795624,-0.05144295,0.21599463,-0.005525782,0.26191196,0.044985004,252.38498,255.04692,346.13266,-3.538086,16.777893,1.1295245
3,4,10,0.0048999996,0.15229492,0.052369524,0.04375826,0.056167144,0.11442194,-0.020540671,7.4640164,0.1542451,19.678562,4.423125,0.22884388,-0.041081343,0.20918475,0.0043228418,0.23699608,0.05326929,252.26353,254.40094,344.42368,-4.5773697,16.777893,0.99536663
3,5,10,0.0048999996,0.12615524,0.04929955,0.035936855,0.04091884,0.11101751,-0.015659885,6.76414,1.1150265,16.796309,-0.28990805,0.22203502,-0.03131977,0.18957019,0.031249475,0.20228405,-0.0034914594,252.17596,253.7079,344.53555,-0.8251184,16.779638,0.5246017
3,6,10,0.0048999996,0.12782118,0.04658017,0.03742694,0.043814063,0.1079122,-0.020088516,6.90295,1.2686903,17.38037,-1.0940138,0.2158244,-0.040177032,0.19346043,0.03555602,0.20931809,-0.013175623,252.0906,253.13553,344.09387,-0.17467654,16.779638,0.55911
3,7,10,0.0048999996,0.1301187,0.03696731,0.046203826,0.046947565,0.096134424,-0.00846049,7.6697555,1.7937522,17.99114,-3.3915288,0.19226885,-0.01692098,0.21495076,0.05027127,0.21667387,-0.040845428,251.9916,252.6514,342.49133,1.5977767,16.781054,1.0758419
3,8,10,0.0048999996,0.13891801,0.040482536,0.048011843,0.050423637,0.10060136,-0.007911054,7.818379,1.8197899,18.645296,-4.1219835,0.20120272,-0.015822109,0.21911605,0.051001,0.22455208,-0.049642533,251.9797,252.38353,343.0744,2.3021936,16.781054,1.101184
3,9,10,0.0048999996,0.14373714,0.039096825,0.04839703,0.05624329,0.098864585,-0.005034256,7.8496785,1.5737536,19.691896,-6.2137885,0.19772917,-0.010068512,0.21999325,0.04410565,0.23715667,-0.07483493,251.91725,251.90443,342.80936,4.6400347,16.78109,1.2301763
3,10,10,0.0048999996,0.13933091,0.035178185,0.047962416,0.056190312,0.09377924,-0.0007256956,7.8143544,1.9390079,19.682621,-5.0423617,0.18755849,-0.0014513911,0.21900323,0.054342173,0.23704496,-0.060726985,251.82349,251.47746,341.1131,3.103354,16.78109,1.2990525
3,11,10,0.0048999996,0.12502965,0.043452695,0.0356483,0.04592865,0.10422655,0.0057601277,6.7369285,0.48153967,17.794838,-5.5118737,0.2084531,0.011520255,0.18880758,0.013495521,0.2143097,-0.0663815,251.82231,251.32379,341.11148,5.030334,16.779722,1.0240443
3,12,10,0.0048999996,0.11972365,0.030484214,0.039349377,0.049890056,0.08729865,0.001810918,7.078015,0.6211972,18.546381,-5.7959704,0.1745973,0.003621836,0.19836678,0.017409528,0.22336082,-0.069803,251.77777,250.985,340.76672,5.174773,16.779722,1.1141001
3,13,10,0.0048999996,0.10209985,0.036803316,0.030351823,0.03494471,0.09592095,0.012158345,6.216342,-0.39949584,15.521829,-4.4610386,0.1918419,0.02431669,0.17421775,-0.011196175,0.18693504,-0.0537259,251.71736,250.74268,339.72513,4.8605347,16.777376,0.5933807
3,14,10,0.0048999996,0.113018304,0.04359792,0.033076942,0.036343444,0.104400575,0.011213586,6.48941,-0.6141224,15.829431,-5.059212,0.20880115,0.022427171,0.18187067,-0.017211251,0.19063957,-0.060929928,251.70682,250.54742,339.8488,5.6733346,16.777376,0.6787646
3,15,10,0.0048999996,0.096596986,0.03110988,0.032527402,0.032959703,0.08818997,0.009830997,6.435277,-1.6230222,15.0745325,-4.1095014,0.17637993,0.019661995,0.18035355,-0.04548644,0.18154807,-0.04949223,251.67006,250.20534,339.4921,5.7325234,16.774567,0.59332544
3,16,10,0.0048999996,0.098505154,0.033693627,0.031825416,0.032986116,0.09177912,0.012800533,6.3654566,-1.3064973,15.080572,-3.6915007,0.18355824,0.025601067,0.17839679,-0.03661558,0.1816208,-0.04445809,251.62082,249.95786,338.5288,4.997998,16.774567,0.5041734
3,17,10,0.0048999996,0.10725959,0.037638273,0.03594699,0.03367432,0.09700293,0.0122577995,6.765094,-1.8473262,15.237075,-1.54229,0.19400586,0.024515599,0.18959692,-0.05177273,0.18350564,-0.01857436,251.66087,250.0359,339.11783,3.389616,16.772034,0.95751584
3,18,10,0.0048999996,0.10644776,0.033641234,0.03902339,0.03378314,0.091707736,0.008813471,7.048635,-1.8675344,15.261674,-2.045548,0.18341547,0.017626941,0.19754338,-0.05233908,0.1838019,-0.024635274,251.67436,250.03557,339.2095,3.9130824,16.772034,0.9801188
3,19,10,0.0048999996,0.10999896,0.030986633,0.03906478,0.039947543,0.0880151,0.011168444,7.0523725,-1.555944,16.595762,0.92027915,0.1760302,0.022336887,0.19764812,-0.043606516,0.19986881,0.011083256,251.60866,249.70958,337.7223,0.6356648,16.770365,1.0254283
3,20,10,0.0048999996,0.11039956,0.034514576,0.03678077,0.039104205,0.09289049,0.010563829,6.843101,-1.6849424,16.41965,0.35196108,0.18578099,0.021127658,0.19178313,-0.0472218,0.19774783,0.004238784,251.62575,249.5722,337.92657,1.3329813,16.770365,0.9910583
3,21,10,0.0048999996,0.10186865,0.029751556,0.03506053,0.037056565,0.0862432,0.0025245626,6.6811585,-0.61827374,15.983974,2.869865,0.1724864,0.0050491253,0.18724456,-0.017327597,0.19250081,0.034562837,251.61826,249.43193,337.66272,-2.2515912,16.76948,0.68482715
3,22,10,0.0048999996,0.09610522,0.028762551,0.032736484,0.03460618,0.08479763,0.0075041917,6.455926,-0.51410764,15.446463,3.2007833,0.16959526,0.015008383,0.18093227,-0.014408262,0.18602736,0.038548186,251.5896,249.2885,336.7905,-2.6866755,16.76948,0.78709453
3,23,10,0.0048999996,0.08367556,0.027595866,0.027691444,0.028388254,0.08306002,0.0018568153,5.9376607,0.56243294,13.990124,4.1524405,0.16612004,0.0037136306,0.16640747,0.015762614,0.16848814,0.050009355,251.61943,249.32716,337.25592,-4.7148733,16.769157,0.5473054
3,24,10,0.0048999996,0.09128167,0.027180769,0.032845408,0.031255487,0.082432956,-0.0015542778,6.466657,0.65856963,14.679639,4.538796,0.16486591,-0.0031085557,0.18123302,0.018456917,0.17679222,0.054662388,251.6018,249.24443,337.00916,-5.1973658,16.769157,0.56975305
3,25,10,0.0048999996,0.09099667,0.028501669,0.03602742,0.026467575,0.08441219,-0.0030763105,6.772658,1.7567098,13.508567,4.784796,0.16882437,-0.006152621,0.1898089,0.049233142,0.16268858,0.057625033,251.49516,248.72224,335.7578,-6.541506,16.769066,0.6796123
3,26,10,0.0048999996,0.08749043,0.029399386,0.03307908,0.025011966,0.085731246,-0.005319555,6.4896197,1.7572721,13.131856,4.312354,0.17146249,-0.01063911,0.18187656,0.049248904,0.15815172,0.05193526,251.48137,248.50462,336.04718,-6.0696263,16.769066,0.6288907
3,27,10,0.0048999996,0.091372654,0.027267117,0.04147937,0.022626162,0.08256379,-0.010177761,7.267058,1.8521672,12.489861,2.2675307,0.16512758,-0.020355523,0.20366485,0.051908396,0.15041995,0.027308697,251.4534,248.29155,336.00583,-4.119698,16.768871,0.7122177
3,28,10,0.0048999996,0.089609906,0.026661247,0.04025484,0.022693822,0.08164136,-0.0053303097,7.158988,1.9891478,12.508522,2.6526237,0.16328272,-0.0106606195,0.20063609,0.055747375,0.15064469,0.03194651,251.37094,247.95522,334.69366,-4.6417713,16.768871,0.74234617
3,29,10,0.0048999996,0.08249566,0.026022485,0.034608707,0.021864466,0.08065743,-0.008175993,6.637969,1.2267909,12.277831,-0.93304795,0.16131486,-0.016351987,0.18603416,0.03438175,0.14786638,-0.011237029,251.36502,247.82191,334.95984,-0.29374295,16.76839,0.57856315
3,30,10,0.0048999996,0.08965737,0.027348775,0.039195012,0.02311358,0.082687326,-0.010735934,7.064118,1.2880993,12.623674,-0.2890016,0.16537465,-0.021471867,0.1979773,0.03609997,0.15203151,-0.0034805525,251.35518,247.815,334.8296,-0.9990977,16.76839,0.57354736
3,31,10,0.0048999996,0.08789165,0.031495795,0.03350515,0.022890706,0.088735275,-0.007594343,6.53128,0.13230187,12.562665,-3.1363122,0.17747055,-0.015188686,0.18304412,0.003707864,0.15129675,-0.037771758,251.30615,247.59052,333.70645,3.0040104,16.76772,0.3891643
3,32,10,0.0048999996,0.081257656,0.027444419,0.030171448,0.023641786,0.082831785,-0.007013911,6.197843,0.11494862,12.767101,-3.7241783,0.16566357,-0.014027822,0.1736993,0.0032215263,0.15375885,-0.044851646,251.33223,247.62245,334.28534,3.6092298,16.76772,0.41491154
3,33,10,0.0048999996,0.09038582,0.028559806,0.03553195,0.026294062,0.084498234,-0.010863118,6.7259254,-0.9377187,13.464215,-5.1300206,0.16899647,-0.021726236,0.1884992,-0.026280278,0.16215444,-0.061782707,251.31433,247.4588,334.09186,6.0677395,16.7671,0.5429861
3,34,10,0.0048999996,0.09461109,0.032188106,0.03626895,0.026154041,0.08970522,-0.008306809,6.795322,-0.88778144,13.428318,-5.358439,0.17941044,-0.016613618,0.19044408,-0.024880752,0.16172211,-0.06453363,251.259,247.24393,333.00018,6.2462206,16.7671,0.51991075
3,35,10,0.0048999996,0.08929629,0.03271617,0.030265255,0.02631486,0.09043806,-0.008124138,6.207471,-1.5227739,13.469538,-5.6491423,0.18087612,-0.016248276,0.17396912,-0.042676896,0.16221856,-0.06803467,251.2814,247.2075,333.46017,7.171916,16.766665,0.64763916
3,36,10,0.0048999996,0.09984285,0.035536718,0.03606964,0.028236493,0.094255924,-0.010551254,6.776624,-1.5870602,13.952678,-5.569373,0.18851185,-0.021102509,0.18992008,-0.044478577,0.16803718,-0.067073986,251.29082,247.18555,333.35013,7.156433,16.766665,0.65170753
3,37,10,0.0048999996,0.08367745,0.03043709,0.031622496,0.021617863,0.087231144,-0.007550562,6.345131,-1.2935156,12.208396,-3.8689597,0.17446229,-0.015101124,0.17782715,-0.036251765,0.14703014,-0.046595294,251.26595,247.04588,332.64172,5.162475,16.766527,0.54380476
3,38,10,0.0048999996,0.08550336,0.030926699,0.029858895,0.024717769,0.08792994,-0.008159869,6.1656575,-1.2337952,13.054398,-3.970363,0.17585988,-0.016319739,0.17279726,-0.034578055,0.15721886,-0.047816522,251.30548,246.98428,333.41833,5.204158,16.766527,0.52427083
3,39,10,0.0048999996,0.0853368,0.028992603,0.033910237,0.02243396,0.08513607,-0.00909271,6.5706444,-0.671826,12.436701,-1.4545121,0.17027214,-0.01818542,0.18414733,-0.018828439,0.1497797,-0.017517217,251.30498,246.98538,333.2807,2.126338,16.76679,0.3302164
3,40,10,0.0048999996,0.07949593,0.025997078,0.031825308,0.021673543,0.080618046,-0.0057259114,6.365446,-0.66207105,12.224108,-1.6274447,0.16123609,-0.011451823,0.1783965,-0.01855505,0.14721937,-0.019599905,251.21558,246.62674,331.95242,2.2895157,16.76679,0.33821672
3,41,10,0.0048999996,0.07447491,0.025690472,0.02928741,0.019497026,0.08014124,-0.006276869,6.1063685,0.4727465,11.594082,1.123634,0.16028248,-0.012553738,0.17113565,0.013249076,0.13963175,0.013532334,251.2032,246.39272,332.53665,-1.5963805,16.767273,0.27586266
3,42,10,0.0048999996,0.07617825,0.021625327,0.034107782,0.020445146,0.07352776,-0.00721136,6.5897555,0.48771942,11.87264,1.3207259,0.14705552,-0.01442272,0.18468292,0.013668705,0.14298652,0.01590598,251.18263,246.2481,332.57425,-1.8084453,16.767273,0.30719614
3,43,10,0.0048999996,0.07543216,0.0242293,0.030541355,0.020661505,0.07782882,-0.0039271647,6.235721,0.99508345,11.935296,3.006783,0.15565763,-0.007854329,0.17476085,0.027887985,0.1437411,0.03621178,251.11938,246.06538,331.4134,-4.0018663,16.767921,0.4215154
3,44,10,0.0048999996,0.072731495,0.024555974,0.028435124,0.019740395,0.07835173,-0.004300457,6.016863,1.0804693,11.666219,2.7553272,0.15670346,-0.008600914,0.16862717,0.03028098,0.14050052,0.033183414,251.15227,246.09308,332.2974,-3.8357964,16.767921,0.40810806
3,45,10,0.0048999996,0.076601304,0.022279227,0.03309269,0.021229386,0.07463114,-0.005300471,6.490955,1.3682398,12.098205,3.6931007,0.14926228,-0.010600942,0.18191396,0.038345963,0.14570308,0.04447736,251.14694,246.01517,332.23886,-5.0613403,16.768526,0.51516277
3,46,10,0.0048999996,0.0800917,0.02451964,0.03283786,0.022734206,0.07829374,-0.0026164767,6.4659147,1.257726,12.519649,4.432884,0.15658748,-0.0052329535,0.1812122,0.035248727,0.15077867,0.05338684,251.1222,245.97049,331.1919,-5.69061,16.768526,0.54916316
3,47,10,0.0048999996,0.07618262,0.028414266,0.024861833,0.022906521,0.08428266,-0.0007072621,5.6261215,1.3204355,12.567005,4.133753,0.16856532,-0.0014145242,0.15767635,0.037006214,0.15134901,0.049784284,251.09302,245.80428,331.36777,-5.4541883,16.768974,0.48751754
3,48,10,0.0048999996,0.07726168,0.026110556,0.027785385,0.023365738,0.080793805,-0.0039864653,5.947723,1.5353872,12.692348,4.3149667,0.16158761,-0.007972931,0.16668949,0.043030396,0.15285856,0.05196672,251.0215,245.41916,331.05136,-5.8503537,16.768974,0.54005784
3,49,10,0.0048999996,0.07349676,0.027337223,0.024898838,0.021260697,0.08266986,3.1634714e-5,5.6303067,0.7285224,12.107121,2.993489,0.16533972,6.326943e-5,0.15779366,0.020417396,0.14581048,0.03605168,250.9848,245.20743,330.18686,-3.7220116,16.769478,0.38595885
3,50,10,0.0048999996,0.06710713,0.024520442,0.022562912,0.020023776,0.07829502,-0.0002909706,5.3596954,0.73411316,11.749657,2.8825696,0.15659004,-0.0005819412,0.15020956,0.020574084,0.14150539,0.034715835,251.04845,245.35512,331.0554,-3.6166828,16.769478,0.37758085
3,51,10,0.0048999996,0.065995984,0.023924496,0.02345905,0.018612437,0.07733773,-0.0017686231,5.4650955,-0.007959712,11.328014,1.458101,0.15467545,-0.0035372463,0.15316348,-0.0002230779,0.1364274,0.017560447,251.0571,245.32396,331.4576,-1.4501413,16.770025,0.2874257
3,52,10,0.0048999996,0.06516707,0.025166644,0.021500621,0.018499805,0.07931999,0.002040894,5.232004,-0.10112427,11.293688,1.0949584,0.15863998,0.004081788,0.1466309,-0.0028340858,0.13601398,0.013186982,251.0216,245.2568,330.67374,-0.99383414,16.770025,0.26957175
3,53,10,0.0048999996,0.06506912,0.0267087,0.021396315,0.016964098,0.08171398,0.004232937,5.219297,-0.8919298,10.814776,-0.82673997,0.16342796,0.008465874,0.14627479,-0.024997013,0.1302463,-0.0099567305,251.03859,245.23514,331.4407,1.7186698,16.7705,0.30908802
3,54,10,0.0048999996,0.058673814,0.0223027,0.02054575,0.015825363,0.07467044,0.0020213372,5.1145043,-0.679344,10.445495,-0.70945823,0.14934088,0.0040426743,0.14333789,-0.019039134,0.1257989,-0.008544262,251.01349,245.0763,331.39072,1.3888023,16.7705,0.2805919
3,55,10,0.0048999996,0.05689454,0.022443956,0.019309957,0.015140628,0.074906535,0.006678133,4.958305,-1.2390935,10.217018,-1.2887716,0.14981307,0.013356266,0.13896027,-0.034726545,0.12304726,-0.0155211445,251.01953,245.17578,330.8813,2.5278652,16.770758,0.3274573
3,56,10,0.0048999996,0.056066953,0.021758895,0.018841479,0.015466579,0.07375448,0.008012292,4.8977895,-1.3262767,10.326409,-0.9383195,0.14750896,0.016024584,0.13726427,-0.037169915,0.124364704,-0.011300523,251.08183,245.36613,331.67172,2.2645962,16.770758,0.33733228
3,57,10,0.0048999996,0.06025333,0.020692943,0.02231636,0.017244026,0.07192521,0.0060350117,5.3303313,-1.5486475,10.903642,-1.8797837,0.14385042,0.012070023,0.14938661,-0.043402027,0.13131651,-0.022638913,251.13377,245.59746,332.01855,3.4284313,16.77077,0.3718242
3,58,10,0.0048999996,0.05914431,0.021093488,0.020367058,0.017683765,0.072617985,0.010604667,5.0922146,-1.5820926,11.041792,-1.9588703,0.14523597,0.021209333,0.1427132,-0.044339355,0.13298032,-0.023591386,251.12721,245.68352,331.31784,3.540963,16.77077,0.37798765
3,59,10,0.0048999996,0.058308322,0.019848133,0.017658496,0.020801693,0.0704417,0.012346325,4.7415395,-1.2071114,11.975717,-2.7676318,0.1408834,0.02469265,0.13288528,-0.033830218,0.14422792,-0.033331595,251.16801,245.81558,332.18658,3.9747431,16.770493,0.38131267
3,60,10,0.0048999996,0.05520371,0.01736708,0.017277354,0.020559277,0.06589211,0.009076734,4.6900897,-1.0561242,11.905733,-2.2848144,0.13178422,0.018153468,0.13144335,-0.029598689,0.14338507,-0.027516842,251.19348,246.0121,332.3749,3.3409386,16.770493,0.3395794
3,61,10,0.0048999996,0.056035243,0.01924081,0.019855728,0.016938705,0.06935562,0.012561326,5.027887,-0.40488842,10.806681,-1.6042048,0.13871124,0.025122652,0.14091036,-0.011347311,0.13014878,-0.019320022,251.18991,246.05367,331.68005,2.0090933,16.769962,0.30094954
3,62,10,0.0048999996,0.05849091,0.022120863,0.01734432,0.019025726,0.07436542,0.012127267,4.6991696,-0.31195742,11.453093,-1.5184716,0.14873084,0.024254534,0.13169783,-0.0087428475,0.13793378,-0.018287504,251.19559,245.9796,332.16028,1.8304291,16.769962,0.24969095
3,63,10,0.0048999996,0.05444742,0.018963242,0.017395183,0.018088995,0.06885354,0.0069272993,4.706056,0.57051504,11.167588,-0.7975432,0.13770708,0.013854599,0.1318908,0.01598912,0.13449533,-0.009605103,251.20116,245.96964,332.30835,0.22702819,16.76925,0.20255892
3,64,10,0.0048999996,0.056227066,0.022384662,0.017248241,0.016594162,0.074807525,0.0104025565,4.6861367,0.5764613,10.696209,-0.25909117,0.14961505,0.020805113,0.13133256,0.01615577,0.12881833,-0.0031203288,251.21156,246.02063,331.60385,-0.31737015,16.76925,0.19563639
3,65,10,0.0048999996,0.05138944,0.021442365,0.015727213,0.014219864,0.07321606,0.007784773,4.4747467,0.82278895,9.901476,-0.74254274,0.14643212,0.015569546,0.12540819,0.023059292,0.11924707,-0.008942712,251.25507,246.0674,332.3768,-0.08024621,16.76861,0.22485903
3,66,10,0.0048999996,0.055735093,0.020045724,0.019304086,0.016385283,0.07079146,0.0031426828,4.9575505,0.78260994,10.628675,-0.8503028,0.14158292,0.0062853657,0.13893914,0.021933237,0.12800501,-0.010240503,251.2706,246.10666,332.6134,0.067692876,16.76861,0.24776086
3,67,10,0.0048999996,0.053928137,0.018501572,0.022679724,0.012746842,0.06801024,0.005758499,5.373552,1.2923723,9.374615,0.7622588,0.13602048,0.011516998,0.15059789,0.036219724,0.11290191,0.009180163,251.25015,246.05598,332.05466,-2.0546312,16.768063,0.3041261
3,68,10,0.0048999996,0.06126611,0.02272204,0.022152958,0.016391113,0.07536916,0.0060355626,5.310781,1.4431015,10.630566,0.4468673,0.15073831,0.012071125,0.1488387,0.040444024,0.12802778,0.005381785,251.25679,246.05054,332.39038,-1.8899689,16.768063,0.40026584
3,69,10,0.0048999996,0.063988626,0.018535517,0.023837516,0.021615595,0.0680726,-0.00083295535,5.5090036,1.2877363,12.207754,1.3766692,0.1361452,-0.0016659107,0.15439403,0.036089797,0.14702243,0.016579729,251.26578,246.03867,332.18228,-2.6644053,16.767548,0.34400338
3,70,10,0.0048999996,0.058843054,0.018747002,0.022412023,0.01768403,0.068459846,0.0030729233,5.3417444,1.1169982,11.041875,1.559364,0.13691969,0.0061458466,0.14970645,0.031304725,0.13298132,0.018779991,251.2945,246.07817,331.503,-2.676362,16.767548,0.321585
3,71,10,0.0048999996,0.052916355,0.01732705,0.019273696,0.016315611,0.06581613,0.0011840857,4.953647,0.26898593,10.606055,1.4478792,0.13163225,0.0023681715,0.13882974,0.0075385366,0.12773257,0.017437339,251.37973,246.37152,332.60583,-1.7168651,16.767092,0.25563973
3,72,10,0.0048999996,0.05880797,0.017519843,0.022184575,0.019103548,0.06618127,-0.0014825921,5.3145695,0.21113613,11.476494,1.4309689,0.13236254,-0.0029651842,0.14894487,0.005917253,0.13821559,0.017233677,251.40894,246.47594,333.11688,-1.642105,16.767092,0.27885234
3,73,10,0.0048999996,0.05760105,0.018748013,0.021442683,0.017410351,0.068461694,-0.00085865246,5.2249494,-0.0943081,10.9560995,1.2967345,0.13692339,-0.0017173049,0.1464332,-0.002643056,0.13194829,0.015617046,251.39616,246.42842,332.45807,-1.2024263,16.766527,0.33132228
3,74,10,0.0048999996,0.055572838,0.018467892,0.018560044,0.018544903,0.06794831,-0.0028233011,4.861072,0.0018194179,11.307444,1.0110873,0.13589662,-0.0056466023,0.13623525,5.0990267e-5,0.13617967,0.012176888,251.44894,246.48833,333.27194,-1.0129067,16.766527,0.27695364
3,75,10,0.0048999996,0.056317016,0.019405326,0.019249942,0.017661748,0.0696515,-0.008322945,4.9505935,-0.42105913,11.034915,0.35664937,0.139303,-0.01664589,0.13874416,-0.0118005,0.13289751,0.0042952592,251.52505,246.71405,333.72617,0.06440976,16.76579,0.23877282
3,76,10,0.0048999996,0.05251179,0.018648103,0.019892575,0.013971113,0.06827903,-0.0027683633,5.03255,-0.31765297,9.814489,0.1570421,0.13655806,-0.0055367267,0.14104104,-0.008902467,0.11819946,0.001891318,251.5071,246.65761,332.92346,0.16061087,16.76579,0.2774846
3,77,10,0.0048999996,0.04702092,0.01689607,0.01634845,0.013776401,0.06499244,-0.004095381,4.5622683,-0.6361491,9.745858,-1.6728957,0.12998489,-0.008190762,0.12786105,-0.017828565,0.117372915,-0.020147292,251.52188,246.64635,333.5204,2.3090448,16.764902,0.20842741
3,78,10,0.0048999996,0.051103324,0.017052252,0.018179867,0.015871203,0.065292135,-0.007443376,4.8110285,-0.5375977,10.460612,-1.7137941,0.13058427,-0.014886752,0.13483274,-0.015066586,0.12598096,-0.020639844,251.52397,246.74962,333.55832,2.251392,16.764902,0.2640429
3,79,10,0.0048999996,0.047222618,0.014308977,0.019462816,0.013450825,0.05981007,-0.0015062458,4.977891,-0.49940136,9.630009,-2.5546656,0.11962014,-0.0030124916,0.1395092,-0.013996107,0.11597769,-0.030766768,251.52505,246.88301,333.00433,3.054067,16.763887,0.26871035
3,80,10,0.0048999996,0.045174357,0.013878728,0.016570061,0.014725567,0.058904007,0.00010371792,4.593086,-0.58416086,10.076,-3.0409648,0.117808014,0.00020743583,0.12872475,-0.016371556,0.12134895,-0.036623448,251.5515,246.88774,333.82782,3.6251256,16.763887,0.26628187
3,81,10,0.0048999996,0.046198905,0.014013121,0.016319932,0.015865851,0.059188515,-0.0051791538,4.5582876,-0.2678532,10.458848,-3.1639626,0.11837703,-0.0103583075,0.12774949,-0.0075067906,0.12595972,-0.038104758,251.5709,246.88754,334.1377,3.4318159,16.762707,0.29969785
3,82,10,0.0048999996,0.045077305,0.012152094,0.019634154,0.013291057,0.05511827,0.0007042066,4.999754,0.13274312,9.572645,-2.7654178,0.11023654,0.0014084132,0.14012192,0.0037202311,0.11528685,-0.033304937,251.55283,246.91034,333.46597,2.6326747,16.762707,0.2729594
3,83,10,0.0048999996,0.04503803,0.014116715,0.017831376,0.013089941,0.05940689,0.0010727039,4.7646937,0.27162972,9.499944,-2.1654406,0.11881378,0.0021454077,0.13353418,0.0076126335,0.11441128,-0.026079187,251.56972,246.90562,333.91165,1.8938109,16.761557,0.31420514
3,84,10,0.0048999996,0.041207664,0.013546031,0.015772043,0.01188959,0.05819371,-0.0027138542,4.481119,0.050131787,9.053899,-1.8194318,0.11638742,-0.0054277084,0.1255868,0.0014049766,0.109039396,-0.021912076,251.61691,247.1048,334.08423,1.7693,16.761557,0.2460643
3,85,10,0.0048999996,0.041803505,0.014883464,0.015459788,0.011460251,0.0609989,0.0002457989,4.436539,0.19928664,8.888926,-0.45079896,0.1219978,0.0004915978,0.1243374,0.0055851606,0.107052565,-0.0054291366,251.64494,247.3014,333.4977,0.25151232,16.760597,0.17387624
3,86,10,0.0048999996,0.044408686,0.016291576,0.0151102785,0.0130068315,0.06381923,-0.00028359663,4.386102,-0.0903749,9.469738,-0.84283495,0.12763846,-0.00056719326,0.12292387,-0.0025328277,0.1140475,-0.010150569,251.75053,247.723,334.4476,0.93320984,16.760597,0.42552906
3,87,10,0.0048999996,0.049333397,0.020759063,0.014285453,0.014288885,0.07204003,-0.0038959468,4.2647104,-0.24176398,9.925476,0.8406865,0.14408006,-0.0077918936,0.11952177,-0.006775622,0.119536124,0.010124695,251.90623,248.3907,335.4484,-0.5989225,16.759764,0.14103918
3,88,10,0.0048999996,0.046794254,0.016676337,0.0154292425,0.014688673,0.064568445,0.0012793808,4.4321537,-0.023507686,10.063372,1.4447463,0.12913689,0.0025587615,0.1242145,-0.0006588222,0.121196836,0.017399602,251.93521,248.51848,335.1665,-1.4212385,16.759764,0.19156288
3,89,10,0.0048999996,0.04274688,0.01617186,0.01344816,0.01312686,0.06358431,0.00026801124,4.1378427,0.13079737,9.51333,2.0047007,0.12716863,0.0005360225,0.1159662,0.0036656973,0.11457251,0.024143342,251.98941,248.62044,336.05182,-2.135498,16.758986,0.24285382
3,90,10,0.0048999996,0.043873124,0.017339947,0.011814964,0.014718212,0.06584062,-0.004566159,3.8784552,-0.010763217,10.0734825,1.6204407,0.13168123,-0.009132318,0.10869666,-0.00030164738,0.12131864,0.01951556,252.07999,248.94246,336.68954,-1.6096776,16.758986,0.22545697
3,91,10,0.0048999996,0.041054726,0.01454792,0.0128183765,0.013688429,0.06030738,-0.0016263567,4.0397925,0.08544668,9.714692,1.7753811,0.12061476,-0.0032527135,0.11321827,0.0023947093,0.11699756,0.021381564,252.11058,249.11108,335.99048,-1.8608278,16.758162,0.32518595
3,92,10,0.0048999996,0.04165758,0.01651405,0.013291126,0.011852402,0.0642535,0.0005716414,4.113613,-0.05259057,9.039728,1.0632633,0.128507,0.0011432827,0.11528715,-0.0014738917,0.10886874,0.012805264,252.14047,249.18509,336.76508,-1.0106727,16.758162,0.269822
3,93,10,0.0048999996,0.04516553,0.017821215,0.013124697,0.0142196175,0.06674806,-0.0041936063,4.087777,0.1408898,9.90139,-0.13491428,0.13349612,-0.008387213,0.11456307,0.003948542,0.119246036,-0.001624822,252.10902,248.9467,336.98325,-0.0059755147,16.757027,0.21104524
3,94,10,0.0048999996,0.04149734,0.015267471,0.014058883,0.012170984,0.061780803,0.00021507576,4.2307563,0.5760589,9.160413,0.3299904,0.123561606,0.00043015153,0.118570164,0.016144492,0.110322185,0.0039741923,252.06645,248.87755,336.06186,-0.9060493,16.757027,0.22159547
3,95,10,0.0048999996,0.03890965,0.0136786075,0.013823166,0.011407877,0.05847779,0.0012585211,4.1951385,0.3665194,8.86859,-0.9793562,0.11695558,0.0025170422,0.11757196,0.010271988,0.106807664,-0.011794745,252.10007,248.92229,336.73877,0.61283684,16.755693,0.1963629
3,96,10,0.0048999996,0.04547111,0.015731638,0.01626888,0.013470588,0.062712915,-0.0027314483,4.5511518,0.4313904,9.63708,-0.70589423,0.12542583,-0.0054628965,0.12754951,0.012090045,0.116062865,-0.008501342,252.14029,249.03314,337.3062,0.27450383,16.755693,0.20500477
3,97,10,0.0048999996,0.044260558,0.015755052,0.01589063,0.012614877,0.06275956,-0.0003317483,4.4979343,0.60422474,9.325963,-0.9113404,0.12551913,-0.0006634966,0.12605804,0.016933858,0.11231597,-0.010975604,252.11348,248.9924,336.3137,0.30711567,16.754364,0.23703535
3,98,10,0.0048999996,0.047081605,0.016395085,0.016579397,0.014107124,0.06402165,-0.00078736915,4.59438,0.4716123,9.862146,-1.5613644,0.1280433,-0.0015747383,0.12876101,0.0132172955,0.118773416,-0.018804079,252.1674,249.07292,337.04868,1.0897521,16.754364,0.30013335
3,99,10,0.0048999996,0.045019723,0.0178603,0.013289177,0.013870249,0.06682122,-0.004008245,4.1133113,0.07620759,9.778996,-1.8297834,0.13364244,-0.00801649,0.11527869,0.0021357776,0.11777202,-0.022036744,252.27368,249.42038,337.95282,1.7535758,16.753027,0.26119798
3,100,10,0.0048999996,0.04163824,0.016982377,0.013251839,0.011404026,0.065158226,-0.00017164776,4.107529,0.16373864,8.867094,-1.2975029,0.13031645,-0.0003432955,0.11511663,0.0045889006,0.10678963,-0.0156263,252.31363,249.72859,337.25696,1.1337643,16.753027,0.20148139
4,1,10,0.0034299996,0.2381253,0.04934438,0.1068632,0.08191772,0.11106797,-0.03977817,11.664245,-4.122031,23.765179,-3.3607233,0.22213595,-0.07955634,0.32689938,-0.115523085,0.2862127,-0.04047442,253.70345,261.59973,356.37982,7.4827547,16.751762,1.7447639
4,2,10,0.0034299996,0.24729946,0.053889092,0.10870942,0.08470095,0.11607012,-0.03674481,11.764572,-3.9947028,24.165533,-4.213002,0.23214024,-0.07348962,0.3297111,-0.11195456,0.29103428,-0.050738707,253.71687,261.41675,356.6546,8.207705,16.751762,1.7900468
4,3,10,0.0034299996,0.21456583,0.05699217,0.08968168,0.067891985,0.11936516,-0.042683065,10.685489,-2.1939611,21.635225,-1.3564138,0.23873033,-0.08536613,0.299469,-0.061487433,0.2605609,-0.016335782,253.70984,261.12686,356.7526,3.550375,16.750996,1.2733245
4,4,10,0.0034299996,0.18862595,0.04424076,0.091464445,0.05292074,0.10516744,-0.033483822,10.791175,-1.750874,19.101398,-0.8156184,0.21033488,-0.066967644,0.3024309,-0.049069583,0.23004508,-0.0098227905,253.62614,260.7037,354.95816,2.5664926,16.750996,1.174648
4,5,10,0.0034299996,0.1674714,0.04887628,0.071940035,0.046655074,0.110539906,-0.02758121,9.570352,0.05394398,17.935013,2.9938645,0.22107981,-0.05516242,0.2682164,0.0015118147,0.21599786,0.036056194,253.63876,260.5069,355.21085,-3.0478084,16.750275,0.85272545
4,6,10,0.0034299996,0.17272824,0.04635421,0.07562379,0.050750233,0.10765014,-0.03467877,9.812322,0.35404336,18.705582,3.1042,0.21530028,-0.06935754,0.2749978,0.009922336,0.22527812,0.037385,253.65138,260.271,355.35242,-3.4582434,16.750275,0.86921984
4,7,10,0.0034299996,0.14634255,0.04813321,0.05403653,0.044172812,0.10969641,-0.016870676,8.294425,1.8800786,17.451378,6.611088,0.21939282,-0.03374135,0.2324576,0.052690636,0.2101733,0.07961974,253.63753,260.11108,353.7201,-8.491166,16.749447,1.1565382
4,8,10,0.0034299996,0.15220422,0.050027665,0.054786667,0.047389887,0.111834325,-0.015998939,8.351798,1.5215303,18.075697,5.251386,0.22366865,-0.031997878,0.23406552,0.042642064,0.21769218,0.06324434,253.73997,260.34268,354.70276,-6.7729163,16.749447,1.0770019
4,9,10,0.0034299996,0.13842237,0.046162426,0.046506148,0.04575379,0.10742722,-0.014142192,7.6948075,2.0035124,17.760931,4.8545823,0.21485443,-0.028284384,0.21565284,0.056149974,0.21390136,0.05846551,253.82875,260.5688,355.4814,-6.8580947,16.74825,1.1139439
4,10,10,0.0034299996,0.13642246,0.042698033,0.051199153,0.042525277,0.103317514,-0.0061812834,8.073724,2.1657145,17.12284,6.0981174,0.20663503,-0.012362567,0.2262723,0.060695797,0.20621657,0.07344184,253.85495,260.65796,354.43277,-8.263832,16.74825,1.3023746
4,11,10,0.0034299996,0.11851626,0.049347617,0.035122927,0.03404572,0.11107162,0.0060783187,6.687101,1.616604,15.32087,2.643153,0.22214323,0.012156637,0.18741111,0.045306563,0.18451482,0.031832453,253.9522,260.8361,355.57,-4.259757,16.746696,0.93905795
4,12,10,0.0034299996,0.10925077,0.034842994,0.039025426,0.03538235,0.09333139,-0.00019678324,7.0488186,1.6486459,15.618723,3.1926572,0.18666278,-0.00039356647,0.19754854,0.04620455,0.18810196,0.038450334,254.04614,261.0835,355.919,-4.841303,16.746696,0.90309477
4,13,10,0.0034299996,0.09623547,0.038309835,0.03252582,0.025399819,0.097864494,0.015898855,6.4351206,0.1899491,13.233282,-0.22110865,0.19572899,0.03179771,0.18034916,0.005323467,0.15937321,-0.002662897,254.0603,261.20465,354.35736,0.03115955,16.744967,0.4960174
4,14,10,0.0034299996,0.108704194,0.047721215,0.03147067,0.029512307,0.10922593,0.017072828,6.32988,0.050931755,14.264408,-1.1143858,0.21845186,0.034145657,0.17739975,0.0014273879,0.17179146,-0.013420956,254.10109,261.19553,354.90286,1.063454,16.744967,0.46404243
4,15,10,0.0034299996,0.10360537,0.0397607,0.034644205,0.029200455,0.09970043,0.01259607,6.641373,-1.081151,14.188844,-5.418651,0.19940086,0.02519214,0.18612954,-0.030300077,0.1708814,-0.065258786,254.12357,261.1527,355.32166,6.499802,16.74321,0.53888506
4,16,10,0.0034299996,0.096997984,0.034501262,0.035134297,0.027362429,0.092872575,0.019726994,6.688183,-0.9338702,13.735026,-4.180972,0.18574515,0.039453987,0.18744145,-0.02617243,0.16541593,-0.050352965,254.09818,261.00293,353.84012,5.1148424,16.74321,0.42618513
4,17,10,0.0034299996,0.11560319,0.039105345,0.03970982,0.036788035,0.09887536,0.022717807,7.110358,-2.1589065,15.925954,-8.412115,0.19775072,0.045435615,0.19927323,-0.06050501,0.19180207,-0.10131017,254.16675,261.14075,354.32153,10.571022,16.741684,0.88771594
4,18,10,0.0034299996,0.11875933,0.039406307,0.041476544,0.03787648,0.09925511,0.015266353,7.2668104,-2.1805677,16.159838,-8.535715,0.19851021,0.030532707,0.20365791,-0.061112076,0.1946188,-0.102798715,254.24496,261.40234,354.80713,10.716283,16.741684,0.88584435
4,19,10,0.0034299996,0.10794016,0.033163927,0.043640465,0.03113577,0.09105483,0.02174643,7.453962,-2.4380174,14.651497,-7.7496734,0.18210965,0.04349286,0.208903,-0.06832729,0.1764533,-0.093332134,254.24814,261.36008,353.4278,10.187691,16.74043,0.9211946
4,20,10,0.0034299996,0.11982359,0.040034335,0.045290537,0.03449872,0.10004291,0.022666035,7.593575,-2.5044074,15.422461,-8.451636,0.20008582,0.04533207,0.21281573,-0.07018793,0.18573831,-0.10178612,254.322,261.4549,353.7342,10.956043,16.74043,0.96871865
4,21,10,0.0034299996,0.118472025,0.045840606,0.04408167,0.02854975,0.107052095,0.010989602,7.4915476,-1.5943745,14.029861,-5.879064,0.21410419,0.021979203,0.20995635,-0.044683572,0.16896671,-0.07080372,254.33643,261.41302,353.9431,7.4734387,16.73934,0.7275071
4,22,10,0.0034299996,0.09825885,0.03160912,0.04015874,0.026490984,0.08889477,0.017127462,7.1504374,-1.5732828,13.514539,-4.823566,0.17778954,0.034254923,0.20039646,-0.044092458,0.16276051,-0.058091965,254.25505,261.02542,352.28006,6.3968487,16.73934,0.6205577
4,23,10,0.0034299996,0.0952364,0.033856653,0.03745848,0.023921264,0.09200089,0.01204357,6.905857,-0.33068416,12.842342,-2.179069,0.18400177,0.02408714,0.19354193,-0.009267682,0.15466501,-0.02624332,254.27533,260.8753,352.8031,2.5097532,16.738375,0.38519517
4,24,10,0.0034299996,0.10266449,0.040945463,0.0376571,0.024061928,0.10117493,0.0054531205,6.9241424,-0.09875835,12.880045,-1.4667389,0.20234986,0.010906241,0.19405438,-0.0027677845,0.15511908,-0.017664472,254.28879,260.79877,352.936,1.5654973,16.738375,0.3489329
4,25,10,0.0034299996,0.09426622,0.030074144,0.039715778,0.0244763,0.08670949,0.0074974652,7.1108913,1.0554072,12.990477,2.6497097,0.17341898,0.0149949305,0.19928817,0.029578602,0.15644903,0.031911418,254.22806,260.49243,351.4055,-3.7051167,16.737543,0.4950039
4,26,10,0.0034299996,0.100231715,0.035226043,0.038001634,0.027004043,0.09384301,0.007108023,6.955745,1.0694067,13.64478,1.5301726,0.18768603,0.014216046,0.19494008,0.02997095,0.16432907,0.018428419,254.22913,260.3039,351.67334,-2.5995793,16.737543,0.43878317
4,27,10,0.0034299996,0.10810523,0.04116474,0.03854572,0.028394768,0.10144548,-0.005114171,7.005363,1.9797736,13.991729,4.090503,0.20289096,-0.010228342,0.19633064,0.055484667,0.16850747,0.049263414,254.21106,260.1465,351.86234,-6.0702767,16.73676,0.6727898
4,28,10,0.0034299996,0.09605157,0.028375145,0.040137596,0.027538829,0.08422462,0.0008842644,7.1485534,1.969134,13.779228,4.743408,0.16844924,0.0017685288,0.2003437,0.05518648,0.16594827,0.0571266,254.14023,259.868,350.4984,-6.712542,16.73676,0.71538824
4,29,10,0.0034299996,0.09271512,0.033339564,0.03586079,0.023514772,0.09129562,-0.001164588,6.756977,1.8385293,12.73276,4.3532205,0.18259124,-0.002329176,0.18936945,0.051526196,0.15334527,0.052427426,254.14249,259.71344,350.9458,-6.1917496,16.736008,0.6378095
4,30,10,0.0034299996,0.09673039,0.033676703,0.037072126,0.025981558,0.09175607,-0.0076221004,6.8701506,1.9136025,13.3839655,4.0968413,0.18351214,-0.015244201,0.19254123,0.053630173,0.16118796,0.049339756,254.15637,259.6679,351.21796,-6.0104437,16.736008,0.6759668
4,31,10,0.0034299996,0.07952544,0.025604544,0.030960277,0.022960622,0.0800071,-0.002238103,6.2783422,1.3250136,12.581836,3.6148155,0.1600142,-0.004476206,0.17595533,0.03713452,0.15152763,0.043534543,254.11028,259.461,349.80118,-4.939829,16.735312,0.5321981
4,32,10,0.0034299996,0.083872505,0.029423526,0.030471005,0.02397797,0.085766435,-0.0027112311,6.228535,1.1425025,12.857554,3.5846472,0.17153287,-0.0054224622,0.17455946,0.03201951,0.15484822,0.043171212,254.1162,259.35413,349.64426,-4.72715,16.735312,0.5097202
4,33,10,0.0034299996,0.078539595,0.028675964,0.028345555,0.021518072,0.084669895,-0.006351014,6.0073786,0.22914012,12.180185,1.0716065,0.16933979,-0.012702028,0.16836138,0.006421825,0.1466904,0.0129057495,254.14844,259.34064,349.90704,-1.3007467,16.734709,0.2829167
4,34,10,0.0034299996,0.084363654,0.030310534,0.032016233,0.02203689,0.0870496,-0.0023105287,6.384511,0.32019174,12.326146,1.5662284,0.1740992,-0.0046210573,0.1789308,0.008973622,0.14844827,0.018862661,254.1203,259.25592,348.87134,-1.8864201,16.734709,0.31359148
4,35,10,0.0034299996,0.08710548,0.029777752,0.034944117,0.022383615,0.08628116,-0.0011827672,6.6700573,-0.76086974,12.422738,-1.7454412,0.17256232,-0.0023655344,0.18693346,-0.021323955,0.14961155,-0.021020988,254.139,259.23523,349.32758,2.506311,16.734308,0.42280072
4,36,10,0.0034299996,0.090292215,0.03162354,0.037105013,0.021563664,0.08891504,-0.00789687,6.873197,-0.4510955,12.193082,-1.0448197,0.17783009,-0.01579374,0.19262661,-0.012642298,0.14684571,-0.012583148,254.10614,259.0222,349.4543,1.4959152,16.734308,0.37107474
4,37,10,0.0034299996,0.08806685,0.02466482,0.04027578,0.02312625,0.078525186,-0.0016211191,7.160849,-1.2027476,12.627133,-1.8852365,0.15705037,-0.0032422382,0.20068826,-0.03370792,0.15207317,-0.02270459,254.01877,258.63278,347.9997,3.087984,16.734167,0.4562495
4,38,10,0.0034299996,0.09221251,0.028634889,0.04070653,0.022871092,0.08460923,9.231435e-5,7.19904,-1.3729469,12.557282,-2.947844,0.16921847,0.0001846287,0.2017586,-0.038477883,0.15123191,-0.035501953,254.03683,258.4837,348.2941,4.320791,16.734167,0.5264269
4,39,10,0.0034299996,0.08517625,0.028170306,0.036632903,0.020373039,0.08392006,-0.0036531277,6.8293314,-1.2213256,11.851685,-2.4743168,0.16784012,-0.0073062554,0.19139723,-0.034228586,0.14273416,-0.029799094,254.05812,258.39975,348.541,3.6956425,16.734104,0.46781418
4,40,10,0.0034299996,0.089665905,0.030964734,0.03729065,0.021410516,0.087983996,0.00030213458,6.8903694,-1.355522,12.149706,-1.9849455,0.17596799,0.00060426915,0.19310787,-0.037989546,0.14632332,-0.023905423,254.0071,258.2358,347.23462,3.3404675,16.734104,0.44891864
4,41,10,0.0034299996,0.08496387,0.025294164,0.039581757,0.02008795,0.079520695,0.00081858237,7.0988836,-1.14082,11.768469,-1.3759503,0.15904139,0.0016371647,0.19895165,-0.031972364,0.14173196,-0.016571071,254.01077,258.14706,347.62186,2.5167704,16.734056,0.3778476
4,42,10,0.0034299996,0.08784984,0.02896086,0.040101007,0.018787969,0.08508945,-0.004862696,7.145295,-0.64689976,11.381305,-1.0502919,0.1701789,-0.009725392,0.20025235,-0.018129857,0.13706921,-0.012649048,254.00201,258.08282,348.05524,1.6971917,16.734056,0.34874457
4,43,10,0.0034299996,0.07853717,0.0239063,0.038669985,0.015960885,0.07730831,-0.00033637942,7.016646,-0.2646362,10.490126,1.2160498,0.15461662,-0.00067275885,0.19664685,-0.007416627,0.1263364,0.014645331,253.9332,257.9262,346.81955,-0.95141363,16.733976,0.3451092
4,44,10,0.0034299996,0.0805558,0.027083453,0.03585415,0.017618196,0.082285255,0.000119387805,6.756351,-0.4340677,11.021302,0.49626136,0.16457051,0.00023877561,0.18935192,-0.01216509,0.13273355,0.0059766583,253.9485,257.86642,347.1756,-0.062193662,16.733976,0.34060782
4,45,10,0.0034299996,0.07870245,0.025314819,0.03606208,0.017325548,0.07955316,-0.0036302034,6.7759147,-0.17476654,10.929384,2.0077999,0.15910631,-0.007260407,0.18990019,-0.0048979637,0.13162655,0.024180667,253.99019,257.98053,347.56992,-1.8330333,16.733746,0.4344911
4,46,10,0.0034299996,0.08277969,0.025329493,0.03967665,0.017773544,0.07957621,-0.00015822504,7.1073885,-0.43262297,11.069786,2.5068886,0.15915242,-0.00031645008,0.19918999,-0.012124589,0.13331746,0.030191373,253.98938,258.09406,346.54672,-2.0742657,16.733746,0.4921388
4,47,10,0.0034299996,0.077244796,0.025513198,0.034216903,0.017514693,0.079864256,0.00063662906,6.600289,-0.37214202,10.988881,2.3975458,0.15972851,0.0012732581,0.18497811,-0.010429562,0.13234308,0.028874518,254.01764,258.06454,347.16772,-2.0254037,16.733261,0.32768473
4,48,10,0.0034299996,0.07378827,0.020856533,0.03583864,0.0170931,0.072208956,-0.0026298154,6.754891,-0.31413147,10.855819,2.4231744,0.14441791,-0.0052596307,0.18931097,-0.008803776,0.13074058,0.029183168,254.014,257.95267,347.34784,-2.109043,16.733261,0.32248536
4,49,10,0.0034299996,0.07774325,0.024356574,0.03597052,0.017416153,0.07803296,0.0009273489,6.7673078,-0.3550735,10.957924,2.1881342,0.15606593,0.0018546978,0.18965895,-0.009951212,0.13197027,0.026352502,253.94249,257.68283,345.93442,-1.8330607,16.732748,0.2753073
4,50,10,0.0034299996,0.08487491,0.027181048,0.03824851,0.019445358,0.08243338,0.0014074595,6.9783025,-0.08905357,11.578709,2.4294705,0.16486676,0.002814919,0.19557226,-0.0024957964,0.13944662,0.029259002,253.95494,257.586,346.2461,-2.340417,16.732748,0.26445
4,51,10,0.0034299996,0.07683344,0.02339942,0.034595508,0.018838517,0.076484345,-0.0022753035,6.636703,0.07477358,11.396607,1.9143888,0.15296869,-0.004550607,0.18599868,0.0020955843,0.13725348,0.023055682,253.96143,257.45117,346.5881,-1.9891623,16.732338,0.2956888
4,52,10,0.0034299996,0.07742903,0.020509375,0.03867812,0.018241528,0.071605474,0.0019359896,7.0173836,0.08539535,11.214575,1.8449675,0.14321095,0.0038719792,0.19666754,0.0023932685,0.1350612,0.022219619,253.93521,257.43216,345.63162,-1.9303628,16.732338,0.32775417
4,53,10,0.0034299996,0.07186109,0.022689702,0.0312939,0.017877491,0.075315505,0.0036462236,6.312078,0.074000195,11.102109,0.53087795,0.15063101,0.007292447,0.17690082,0.0020739117,0.13370673,0.0063935504,253.97588,257.4966,346.15347,-0.6048781,16.732101,0.31606814
4,54,10,0.0034299996,0.07325482,0.024865188,0.030606126,0.017783506,0.0788435,-0.0013189458,6.2423306,0.22843394,11.072888,0.8066903,0.157687,-0.0026378916,0.17494607,0.0064020306,0.13335481,0.009715261,253.99213,257.55902,346.37338,-1.0351242,16.732101,0.29654583
4,55,10,0.0034299996,0.071964025,0.025379723,0.029893253,0.01669105,0.07965507,0.0037887394,6.169204,-0.25572214,10.727388,-0.039109048,0.15931015,0.007577479,0.17289665,-0.007166811,0.12919384,-0.00047100673,253.9415,257.3754,345.27524,0.2948312,16.732058,0.3209105
4,56,10,0.0034299996,0.06711912,0.022981621,0.027918689,0.01621881,0.07579845,0.0037926063,5.961974,-0.26600826,10.574544,-0.30194092,0.1515969,0.0075852126,0.16708887,-0.00745508,0.12735309,-0.003636383,253.96255,257.2944,345.75418,0.5679492,16.732058,0.3317986
4,57,10,0.0034299996,0.06605597,0.021342497,0.027893731,0.016819734,0.07304536,0.0021818832,5.959308,-0.33427337,10.7686615,-0.5594404,0.14609072,0.0043637664,0.16701417,-0.009368268,0.12969092,-0.006737544,253.96869,257.2212,345.9397,0.8937137,16.732128,0.2888961
4,58,10,0.0034299996,0.06541292,0.018475119,0.030749084,0.016188722,0.0679616,0.004118613,6.2568917,-0.234266,10.564732,-0.17669262,0.1359232,0.008237226,0.17535417,-0.0065654847,0.1272349,-0.0021279773,253.87938,256.86493,344.60416,0.41095862,16.732128,0.26626137
4,59,10,0.0034299996,0.0656228,0.02128203,0.028214797,0.01612597,0.07294181,0.003751923,5.993507,-0.011244224,10.544235,-0.51786256,0.14588362,0.007503846,0.16797261,-0.00031512795,0.12698807,-0.0062368065,253.82133,256.43073,344.87927,0.5291068,16.732252,0.24860932
4,60,10,0.0034299996,0.058172014,0.01830325,0.022436384,0.01743238,0.06764475,8.4146704e-5,5.3446465,0.4565806,10.963028,-0.37373522,0.1352895,0.00016829341,0.1497878,0.012796021,0.13203174,-0.0045010275,253.73262,255.91115,344.64346,-0.08284539,16.732252,0.23490413
4,61,10,0.0034299996,0.06408265,0.022024238,0.02560585,0.016452562,0.07420283,0.0029785794,5.709684,0.30959162,10.650476,-0.62868714,0.14840566,0.0059571587,0.16001828,0.008676538,0.12826754,-0.007571507,253.61545,255.45522,343.23178,0.31909552,16.732327,0.22154373
4,62,10,0.0034299996,0.06516955,0.019099273,0.027888037,0.018182242,0.06910006,0.004884912,5.9587,0.30492032,11.196336,-1.141289,0.13820012,0.009769824,0.16699712,0.008545625,0.13484155,-0.01374496,253.56464,255.0903,343.17682,0.8363687,16.732327,0.26728594
4,63,10,0.0034299996,0.06302165,0.019706551,0.02545207,0.01786303,0.07019001,0.00080464286,5.692514,0.3991967,11.097617,-0.57143354,0.14038002,0.0016092857,0.15953705,0.011187789,0.13365264,-0.0068819835,253.5145,254.73291,342.9475,0.17223683,16.732185,0.29565015
4,64,10,0.0034299996,0.06302054,0.01987574,0.025170885,0.017973917,0.07049067,0.0035287554,5.660982,0.10667712,11.132009,-0.88880366,0.14098135,0.007057511,0.15865335,0.002989704,0.13406684,-0.010704183,253.45847,254.512,341.91446,0.78212655,16.732185,0.2904912
4,65,10,0.0034299996,0.05743544,0.017071046,0.0224395,0.017924894,0.06532811,0.004933477,5.3450174,-0.12839897,11.116817,-1.4041013,0.13065621,0.009866954,0.1497982,-0.0035984805,0.13388388,-0.016910108,253.49554,254.5693,342.43695,1.5325003,16.731823,0.27201924
4,66,10,0.0034299996,0.059958242,0.01924399,0.02204213,0.018672122,0.06936135,0.001984106,5.29748,0.24901126,11.346164,-0.84845054,0.1387227,0.003968212,0.14846592,0.006978731,0.13664597,-0.010218198,253.49335,254.55177,342.57135,0.59943926,16.731823,0.27035037
4,67,10,0.0034299996,0.052821018,0.016459031,0.019331474,0.017030515,0.06414638,0.003320844,4.9610662,0.21669415,10.835928,-0.8528225,0.12829275,0.006641688,0.13903767,0.006073021,0.13050102,-0.010270851,253.43063,254.40384,341.60803,0.6361283,16.731297,0.17061934
4,68,10,0.0034299996,0.056483865,0.017985601,0.020611458,0.017886808,0.0670552,0.0045977947,5.122676,0.42420304,11.105001,-1.0154518,0.1341104,0.009195589,0.1435669,0.011888612,0.13374157,-0.012229456,253.421,254.30316,342.0643,0.59124875,16.731297,0.20281163
4,69,10,0.0034299996,0.059385777,0.018192355,0.02283251,0.018360913,0.06743952,0.0007611089,5.391621,0.54440105,11.251212,-0.4598425,0.13487904,0.0015222178,0.1511043,0.015257254,0.13550244,-0.005538052,253.39667,254.13283,342.17014,-0.08455855,16.73068,0.19610004
4,70,10,0.0034299996,0.05193232,0.014708377,0.01995288,0.017271064,0.06063905,0.003366035,5.0401716,0.45501232,10.912185,-0.3043384,0.1212781,0.00673207,0.14125466,0.012752069,0.13141942,-0.0036652575,253.33653,253.83447,341.1856,-0.15067393,16.73068,0.17967907
4,71,10,0.0034299996,0.05214567,0.018892612,0.01692834,0.016324718,0.0687252,0.003859807,4.642476,0.117768146,10.6090145,-0.5364936,0.1374504,0.007719614,0.13010895,0.0033005413,0.12776822,-0.006461187,253.33179,253.71863,341.30115,0.41872546,16.73008,0.14544778
4,72,10,0.0034299996,0.048798017,0.015239004,0.016482508,0.01707651,0.06172318,0.0006664603,4.5809355,0.30953917,10.850551,-0.2383279,0.12344636,0.0013329206,0.12838422,0.008675071,0.13067712,-0.0028702682,253.29301,253.43266,341.14584,-0.07121126,16.73008,0.16175312
4,73,10,0.0034299996,0.044156462,0.012259727,0.015367947,0.016528787,0.055361826,0.0036457574,4.4233418,-0.08120704,10.6751175,-0.5721914,0.11072365,0.007291515,0.12396752,-0.00227589,0.12856433,-0.006891108,253.21935,253.09026,339.98428,0.65339845,16.729525,0.16362095
4,74,10,0.0034299996,0.050451316,0.01581076,0.017141586,0.01749897,0.06287042,0.004167439,4.671625,0.046365123,10.983947,-0.76045024,0.12574084,0.008334878,0.13092588,0.0012994194,0.13228367,-0.009158382,253.21451,252.96567,340.3138,0.7140851,16.729525,0.19168527
4,75,10,0.0034299996,0.049726374,0.015388125,0.016351882,0.017986368,0.06202444,0.0020897577,4.5627475,0.060472757,11.135864,-0.113973215,0.12404888,0.0041795154,0.12787448,0.0016947933,0.13411327,-0.0013726227,253.19173,252.79382,340.35434,0.05350046,16.728994,0.19667952
4,76,10,0.0034299996,0.049035434,0.0142686535,0.017186549,0.01758023,0.059725735,0.004222623,4.6777487,0.12500605,11.00942,-0.3635425,0.11945147,0.008445246,0.13109748,0.0035033892,0.13259046,-0.0043782755,253.12267,252.5282,339.6645,0.23853645,16.728994,0.19797055
4,77,10,0.0034299996,0.045680173,0.012636141,0.015713314,0.01733072,0.056205295,0.0063204872,4.472769,-0.3406248,10.931016,-0.14923462,0.11241059,0.0126409745,0.12535276,-0.009546271,0.13164619,-0.001797286,253.11111,252.43813,339.9472,0.48985943,16.72854,0.17164613
4,78,10,0.0034299996,0.045984,0.01548747,0.013712034,0.016784498,0.062224332,0.0034612555,4.1782413,-0.19203527,10.757377,0.09561304,0.124448664,0.006922511,0.11709839,-0.0053819353,0.129555,0.0011515033,253.09676,252.35056,340.1841,0.09642223,16.72854,0.15693235
4,79,10,0.0034299996,0.043850973,0.014308838,0.013763955,0.015778182,0.059809778,0.004617888,4.1861444,-0.28887084,10.429913,0.5379725,0.119619556,0.009235776,0.11731988,-0.008095826,0.12561123,0.0064789983,252.98856,251.96332,339.26157,-0.24910167,16.728086,0.15020704
4,80,10,0.0034299996,0.04465568,0.013742668,0.014093413,0.016819598,0.058614563,0.0057762405,4.2359476,-0.3172615,10.76862,0.005852054,0.11722913,0.011552481,0.11871568,-0.008891497,0.1296904,7.047738e-5,252.92294,251.6347,339.19693,0.31140944,16.728086,0.16725262
4,81,10,0.0034299996,0.04714676,0.016892085,0.013399316,0.016855361,0.064984776,0.0028382218,4.1303215,-0.2079884,10.780062,0.77622616,0.12996955,0.0056764437,0.11575542,-0.005829032,0.1298282,0.009348375,252.87453,251.40631,339.1141,-0.5682378,16.7276,0.15408579
4,82,10,0.0034299996,0.041476555,0.012331846,0.012947067,0.01619764,0.055524424,0.0046437904,4.060021,-0.26888838,10.567642,0.55501443,0.11104885,0.009287581,0.11378518,-0.007535802,0.12726995,0.006684241,252.78488,251.03992,338.061,-0.28612605,16.7276,0.1736001
4,83,10,0.0034299996,0.04285038,0.012798244,0.014212677,0.015839458,0.056564663,0.0044001895,4.253834,-0.050379436,10.450146,0.5234398,0.113129325,0.008800379,0.119216934,-0.0014119226,0.12585491,0.006303975,252.75983,250.8156,338.42407,-0.4730604,16.727072,0.17261878
4,84,10,0.0034299996,0.04191825,0.012407443,0.01388826,0.015622549,0.05569435,0.003998719,4.2050047,0.16917662,10.378346,1.0432608,0.1113887,0.007997438,0.11784846,0.004741302,0.124990195,0.012564368,252.76187,250.7732,338.68466,-1.2124374,16.727072,0.16760659
4,85,10,0.0034299996,0.042147823,0.014021646,0.013976376,0.014149801,0.059206516,0.004255491,4.218323,0.12961397,9.877052,1.0226003,0.11841303,0.008510982,0.11822172,0.0036325287,0.11895294,0.012315548,252.71947,250.61873,337.63754,-1.1522143,16.72645,0.1452589
4,86,10,0.0034299996,0.039383076,0.011982416,0.013090788,0.01430987,0.05473211,0.004234401,4.082493,0.0035914604,9.932763,0.70579576,0.10946422,0.008468802,0.11441498,0.00010065358,0.11962387,0.008500155,252.74332,250.67274,337.89102,-0.70938724,16.72645,0.15302758
4,87,10,0.0034299996,0.041614253,0.014616353,0.013004731,0.013993169,0.060449056,0.0024488883,4.069052,0.20599797,9.822234,0.63200694,0.12089811,0.0048977765,0.11403829,0.0057732505,0.11829273,0.007611489,252.73729,250.69142,337.93835,-0.83800495,16.725739,0.14506578
4,88,10,0.0034299996,0.040660076,0.012282285,0.013836291,0.014541499,0.055412736,0.0034266247,4.1971297,0.30559003,10.012829,0.119171835,0.11082547,0.0068532494,0.11762776,0.008564389,0.12058814,0.0014352293,252.65826,250.40746,337.07608,-0.42476186,16.725739,0.16442668
4,89,10,0.0034299996,0.04128063,0.014819203,0.012710788,0.01375064,0.060867075,0.0041334773,4.022803,0.5195394,9.736742,-0.22078115,0.12173415,0.008266955,0.11274213,0.01456049,0.11726312,-0.0026589471,252.63269,250.17136,337.40973,-0.29875827,16.72496,0.1587403
4,90,10,0.0034299996,0.039044164,0.012373482,0.013200029,0.013470654,0.055618078,0.0014650462,4.0994916,0.75212246,9.637103,-0.036690414,0.111236155,0.0029300924,0.11489138,0.021078808,0.11606315,-0.00044187604,252.63043,250.10963,337.5435,-0.71543205,16.72496,0.20187494
4,91,10,0.0034299996,0.03865706,0.011822647,0.013519196,0.013315218,0.054366,0.0022448217,4.1487565,0.5545314,9.581341,-0.20914194,0.108732,0.0044896435,0.11627208,0.015541162,0.11539158,-0.0025187724,252.58464,249.97151,336.77478,-0.34538946,16.724102,0.16372883
4,92,10,0.0034299996,0.036270212,0.011442786,0.011584972,0.013242454,0.05348548,0.0031731378,3.8405204,0.49471152,9.555126,-0.5390872,0.10697096,0.0063462756,0.10763351,0.013864669,0.115075864,-0.006492423,252.54546,249.73473,336.87057,0.044375658,16.724102,0.17503767
4,93,10,0.0034299996,0.03572272,0.011093839,0.0117976675,0.012831215,0.052663647,0.0024188447,3.8756144,0.555172,9.405591,-0.16163412,0.10532729,0.0048376895,0.10861707,0.015559119,0.113274954,-0.0019466178,252.49872,249.49025,336.64212,-0.3935379,16.723173,0.16578731
4,94,10,0.0034299996,0.03786494,0.012300977,0.012920091,0.012643872,0.055454884,0.0043460517,4.055789,0.6039701,9.336675,-0.36641645,0.11090977,0.008692103,0.11366658,0.016926726,0.112444974,-0.0044128876,252.4472,249.25304,335.7701,-0.23755366,16.723173,0.18517269
4,95,10,0.0034299996,0.03972208,0.015885059,0.011716756,0.012120266,0.06301797,0.005039559,3.862302,0.40886793,9.141307,-0.3577612,0.12603594,0.010079118,0.108243965,0.011458834,0.11009208,-0.0043086475,252.44606,249.13014,336.2318,-0.05110672,16.72219,0.15208714
4,96,10,0.0034299996,0.03853264,0.012933721,0.01270732,0.012891599,0.05686326,0.0026718674,4.0222545,0.5891283,9.427696,0.1311605,0.11372652,0.0053437348,0.11272675,0.016510772,0.11354118,0.0015796146,252.44545,249.20143,336.19778,-0.7202888,16.72219,0.1821869
4,97,10,0.0034299996,0.037907645,0.012915534,0.012292015,0.012700095,0.056823265,0.0027974735,3.95598,0.08695614,9.3574095,0.13910702,0.11364653,0.005594947,0.11086936,0.0024370106,0.112694696,0.0016753192,252.39264,249.01698,335.34937,-0.22606316,16.72117,0.12973574
4,98,10,0.0034299996,0.03973562,0.014405359,0.01208813,0.01324213,0.060011163,0.0044266526,3.9230344,-0.030892402,9.55501,-0.60718167,0.12002233,0.008853305,0.109946035,-0.0008657852,0.115074456,-0.0073125088,252.36679,248.76353,335.6484,0.63807404,16.72117,0.14578545
4,99,10,0.0034299996,0.032989245,0.010444554,0.01184098,0.010703713,0.0510993,0.0024476605,3.8827226,0.09746572,8.590518,0.35941264,0.1021986,0.004895321,0.108816266,0.0027315516,0.10345875,0.004328538,252.29663,248.40651,335.56818,-0.45687836,16.720041,0.11199465
4,100,10,0.0034299996,0.035958454,0.012287677,0.012577674,0.011093101,0.0554249,0.0017582343,4.0016828,0.07065078,8.745379,0.27342772,0.1108498,0.0035164687,0.11215023,0.0019800405,0.10532379,0.0032929904,252.21404,248.12122,334.56146,-0.3440785,16.720041,0.13415262
5,1,10,0.0024009997,0.30395606,0.059410345,0.147754,0.09679172,0.12187119,-0.0013896798,13.715516,3.8631382,25.832788,-10.878183,0.24374238,-0.0027793597,0.38438782,0.10826741,0.3111137,-0.13100992,251.85985,253.49591,344.0073,7.015045,16.718824,1.8471748
5,2,10,0.0024009997,0.3131839,0.062174693,0.15067512,0.100334086,0.12467427,-0.0039121616,13.850432,4.1055317,26.301252,-11.0605345,0.24934854,-0.007824323,0.38816893,0.11506068,0.31675556,-0.13320605,251.81194,252.98694,344.56573,6.955003,16.718824,1.878024
5,3,10,0.0024009997,0.2830699,0.058204815,0.13735588,0.08750922,0.12062837,-0.00788775,13.2241,3.7123032,24.562872,-8.163674,0.24125674,-0.0157755,0.37061554,0.10404015,0.29581958,-0.0983181,251.7174,252.4021,343.80682,4.451371,16.717922,1.5959454
5,4,10,0.0024009997,0.28313574,0.05361488,0.14423984,0.08528102,0.11577444,-0.002762178,13.55143,4.0352526,24.248137,-7.636518,0.23154888,-0.005524356,0.3797892,0.113091044,0.29202914,-0.09196936,251.6069,251.8694,342.3324,3.6012654,16.717922,1.5848604
5,5,10,0.0024009997,0.24579114,0.05641869,0.10791889,0.08145357,0.1187631,-0.0058694026,11.721719,2.7976599,23.69776,-3.873373,0.2375262,-0.011738805,0.3285101,0.078406535,0.28540072,-0.046648454,251.53548,251.34296,342.3168,1.0757132,16.717033,1.2675605
5,6,10,0.0024009997,0.24912189,0.050421983,0.11591307,0.08278684,0.1122742,-0.00707302,12.14811,3.0978289,23.890919,-4.272802,0.2245484,-0.01414604,0.3404601,0.08681902,0.28772703,-0.051458903,251.45407,250.86766,341.6223,1.174973,16.717033,1.3479583
5,7,10,0.0024009997,0.21748076,0.05074957,0.08852819,0.07820301,0.112638324,-0.006786893,10.616549,1.9058143,23.220093,0.04163584,0.22527665,-0.013573786,0.29753688,0.053411882,0.279648,0.0005014159,251.311,250.15892,339.91895,-1.9474502,16.716042,1.2852244
5,8,10,0.0024009997,0.22061121,0.052769963,0.08666459,0.08117666,0.11485857,-0.006982869,10.50421,1.790148,23.657444,-0.5092308,0.22971714,-0.013965738,0.2943885,0.050170284,0.28491518,-0.006132858,251.29512,249.88974,340.19543,-1.2809172,16.716042,1.3045973
5,9,10,0.0024009997,0.17679998,0.042179283,0.0584692,0.076151505,0.10268798,-0.0091617005,8.62792,0.40275127,22.9135,0.9785175,0.20537595,-0.018323401,0.24180405,0.011287429,0.27595562,0.011784649,251.26428,249.57332,340.0226,-1.3812687,16.714815,1.2192464
5,10,10,0.0024009997,0.18855745,0.047857657,0.058185823,0.08251397,0.10938197,-0.0072938474,8.606987,0.61610675,23.851515,1.5101161,0.21876393,-0.014587695,0.24121737,0.017266875,0.28725246,0.018186897,251.23009,249.29936,338.97876,-2.1262228,16.714815,1.3361393
5,11,10,0.0024009997,0.15454246,0.041951705,0.04359051,0.069000244,0.10241058,-0.006393703,7.4496946,-0.49357635,21.811098,2.2634194,0.20482115,-0.012787406,0.2087834,-0.0138328625,0.26267898,0.027259203,251.30464,249.51076,339.81653,-1.7698431,16.713383,1.2147965
5,12,10,0.0024009997,0.15542424,0.04230092,0.04267111,0.07045221,0.10283594,-0.006821776,7.370713,-0.49912325,22.039387,1.8368385,0.20567188,-0.013643552,0.20656987,-0.013988317,0.26542836,0.022121724,251.33592,249.54202,339.81882,-1.3377153,16.713383,1.1781465
5,13,10,0.0024009997,0.12945008,0.037454575,0.039923355,0.05207215,0.09676592,-0.0034676695,7.1294503,-1.0216944,18.947632,2.0472887,0.19353184,-0.006935339,0.1998083,-0.028633768,0.22819322,0.02465623,251.27786,249.2542,338.438,-1.0255942,16.711807,0.8939042
5,14,10,0.0024009997,0.13452975,0.03944526,0.041171804,0.05391269,0.099304155,-0.0036162192,7.2400665,-1.0088589,19.279585,1.8367685,0.19860831,-0.0072324383,0.20290837,-0.028274044,0.23219107,0.022120878,251.22995,248.84229,338.68552,-0.8279096,16.711807,0.90835905
5,15,10,0.0024009997,0.10515799,0.030829748,0.037148807,0.03717943,0.08779201,-0.005087293,6.8772526,-1.2537117,16.01045,0.30590698,0.17558402,-0.010174586,0.19274026,-0.03513623,0.19281968,0.0036841475,251.1957,248.55508,338.44598,0.9478047,16.710257,0.49029535
5,16,10,0.0024009997,0.106101185,0.03167837,0.03549327,0.038929544,0.0889921,-0.0032364144,6.7222633,-1.1240079,16.382938,0.583288,0.1779842,-0.006472829,0.18839657,-0.031501185,0.19730571,0.007024753,251.13138,248.20035,337.47095,0.5407199,16.710257,0.51293373
5,17,10,0.0024009997,0.09372433,0.025560504,0.03340408,0.034759752,0.07993826,-0.002140139,6.5214214,-1.1887602,15.480698,-1.0813489,0.15987653,-0.004280278,0.18276782,-0.033315912,0.18643968,-0.013023074,251.15874,248.07059,338.27295,2.2701092,16.708935,0.4595565
5,18,10,0.0024009997,0.0941634,0.026670722,0.03138341,0.03610927,0.08165587,-0.002537298,6.3211,-1.4394138,15.778349,-1.586382,0.16331173,-0.005074596,0.17715363,-0.04034067,0.19002439,-0.019105377,251.1879,248.10971,337.98352,3.025796,16.708935,0.48978055
5,19,10,0.0024009997,0.10130154,0.023707047,0.03662586,0.040968638,0.07698546,-0.0006837902,6.8286753,-1.1549205,16.806526,-1.8109936,0.15397093,-0.0013675804,0.19137883,-0.03236753,0.2024071,-0.021810455,251.15634,247.95306,337.14188,2.965914,16.707996,0.718486
5,20,10,0.0024009997,0.1031055,0.029136825,0.03476424,0.03920443,0.08534756,0.00033319718,6.6528683,-1.166215,16.44068,-2.0744712,0.17069513,0.00066639436,0.18645172,-0.03268407,0.19800109,-0.024983613,251.2027,247.98721,337.8424,3.2406862,16.707996,0.7162366
5,21,10,0.0024009997,0.10264036,0.02314053,0.034899406,0.044600423,0.07606006,-0.001926638,6.6657887,-0.9360854,17.535643,-2.0725055,0.15212011,-0.003853276,0.18681383,-0.026234511,0.21118812,-0.024959931,251.21336,248.05583,337.73004,3.008591,16.707474,0.90917283
5,22,10,0.0024009997,0.1036101,0.023689644,0.034786817,0.04513364,0.0769572,-0.0003175585,6.655028,-0.9664864,17.640152,-1.8320093,0.1539144,-0.000635117,0.18651225,-0.027086519,0.2124468,-0.022063557,251.14043,247.69698,336.46036,2.7984958,16.707474,0.8596321
5,23,10,0.0024009997,0.10709338,0.028596096,0.034018215,0.044479072,0.0845519,-0.0015130186,6.5810976,-0.80438834,17.511772,-1.0853099,0.1691038,-0.0030260372,0.18444027,-0.022543613,0.21090062,-0.013070776,251.1961,247.79524,337.0201,1.8896983,16.707333,0.8945763
5,24,10,0.0024009997,0.107432485,0.024204385,0.03882567,0.044402435,0.07778879,-0.0015981217,7.0307555,-1.0294259,17.496677,-1.3468027,0.15557759,-0.0031962434,0.1970423,-0.028850442,0.21071886,-0.016220035,251.24791,247.92572,337.148,2.3762286,16.707333,0.9009464
5,25,10,0.0024009997,0.10486737,0.020671042,0.043175157,0.04102117,0.071887136,-0.0008022773,7.414119,-0.73677003,16.817297,1.448806,0.14377427,-0.0016045546,0.20778632,-0.020648543,0.20253684,0.017448505,251.25342,247.91997,336.29053,-0.712036,16.707531,0.74434644
5,26,10,0.0024009997,0.10164057,0.022722498,0.04016824,0.038749825,0.07536992,-0.000312796,7.1512823,-0.824657,16.34508,1.0531622,0.15073983,-0.000625592,0.20042016,-0.023111645,0.19684975,0.012683604,251.38873,248.43347,337.60516,-0.2285052,16.707531,0.7688864
5,27,10,0.0024009997,0.09793403,0.021126539,0.040846497,0.035960995,0.072674856,-0.0032999485,7.2114058,-0.5713456,15.74592,3.1248412,0.14534971,-0.006599897,0.20210516,-0.016012399,0.18963385,0.037633605,251.43054,248.5544,338.13644,-2.5534956,16.707932,0.6277353
5,28,10,0.0024009997,0.09950161,0.021838833,0.042095777,0.035567,0.07388984,-0.0008655963,7.3208556,-0.69757295,15.659426,3.2529242,0.14777967,-0.0017311926,0.20517255,-0.01955001,0.18859215,0.03917615,251.37119,248.31926,336.89142,-2.5553513,16.707932,0.6059999
5,29,10,0.0024009997,0.09280568,0.019589879,0.04213389,0.031081913,0.069981925,-0.0015333911,7.324168,-0.6523564,14.638821,4.495248,0.13996385,-0.0030667821,0.20526542,-0.018282784,0.17630063,0.054137904,251.38483,248.22258,337.32373,-3.8428915,16.7084,0.62338644
5,30,10,0.0024009997,0.09339543,0.01895332,0.04137823,0.033063877,0.06883553,-0.0027870256,7.258193,-0.91367763,15.098334,4.0407085,0.13767105,-0.0055740513,0.20341639,-0.025606498,0.18183476,0.04866373,251.44681,248.40195,337.5086,-3.1270308,16.7084,0.60750943
5,31,10,0.0024009997,0.091472104,0.019119885,0.039324418,0.0330278,0.069137335,0.00075636606,7.0757704,-1.0406485,15.0900955,4.875935,0.13827467,0.0015127321,0.19830385,-0.02916498,0.18173553,0.05872266,251.47435,248.50024,336.81464,-3.8352866,16.708715,0.8255872
5,32,10,0.0024009997,0.09206554,0.021671781,0.04163137,0.028762389,0.07360669,-0.0007501864,7.28036,-1.021238,14.08201,4.640335,0.14721338,-0.0015003728,0.20403767,-0.02862097,0.16959478,0.055885244,251.58858,248.84134,338.25064,-3.6190972,16.708715,0.76974154
5,33,10,0.0024009997,0.07711633,0.015427475,0.03345636,0.028232502,0.062103692,-0.0015867196,6.526523,-0.9531457,13.95169,4.442524,0.124207385,-0.0031734393,0.1829108,-0.026712634,0.1680253,0.053502936,251.65085,249.10637,338.54556,-3.4893782,16.70869,0.75482637
5,34,10,0.0024009997,0.07986526,0.01797394,0.033352263,0.028539054,0.06703346,0.0019856382,6.516362,-1.1175517,14.027233,4.527116,0.13406692,0.0039712763,0.18262602,-0.03132024,0.16893506,0.054521706,251.62883,249.02904,337.4855,-3.409564,16.70869,0.8489939
5,35,10,0.0024009997,0.07041451,0.019286267,0.02831948,0.022808766,0.069437504,0.0027496305,6.004615,-0.73703706,12.54016,2.9542408,0.13887501,0.005499261,0.16828392,-0.020656032,0.15102571,0.035578996,251.69887,249.10883,338.21164,-2.2172036,16.70835,0.6336704
5,36,10,0.0024009997,0.072283365,0.016973943,0.031043626,0.024265794,0.06514204,0.00010181444,6.286787,-0.94329524,12.934494,2.6523924,0.13028409,0.00020362888,0.17619202,-0.026436573,0.15577482,0.03194373,251.75426,249.22038,338.3626,-1.7090971,16.70835,0.63005054
5,37,10,0.0024009997,0.063302,0.016499277,0.026368394,0.020434331,0.06422476,0.003351451,5.7940784,-0.53709537,11.869499,0.9781984,0.12844951,0.006702902,0.16238348,-0.015052509,0.1429487,0.011780806,251.79063,249.43213,337.75253,-0.44110304,16.707779,0.42931068
5,38,10,0.0024009997,0.068863414,0.017747644,0.03004463,0.021071142,0.06661014,0.0031913118,6.184805,-0.67110336,12.053029,0.79175067,0.13322029,0.0063826237,0.17333387,-0.018808184,0.14515902,0.009535338,251.87108,249.61151,338.89813,-0.12064731,16.707779,0.4264506
5,39,10,0.0024009997,0.06451373,0.01663634,0.02709445,0.02078294,0.06449097,0.0016189984,5.873307,-0.09026668,11.970318,-0.7737253,0.12898193,0.0032379967,0.16460392,-0.002529792,0.1441629,-0.009318256,251.96034,249.94579,339.54623,0.863992,16.707113,0.4102879
5,40,10,0.0024009997,0.064539626,0.019061845,0.02605472,0.019423056,0.06903232,0.004226689,5.7595124,-0.21766816,11.57207,-0.6705372,0.13806464,0.008453378,0.16141474,-0.0061003175,0.13936663,-0.008075519,251.96956,250.13249,338.49594,0.88820535,16.707113,0.3573662
5,41,10,0.0024009997,0.06204999,0.021512259,0.021157162,0.019380566,0.07333529,0.0045821927,5.1900473,0.08344226,11.5594015,-2.614796,0.14667058,0.0091643855,0.14545502,0.0023385382,0.1392141,-0.031490937,252.0495,250.33559,339.44254,2.5313537,16.706491,0.49653348
5,42,10,0.0024009997,0.056909375,0.017699141,0.019123815,0.02008642,0.06651906,0.0030016429,4.9343486,-0.038082857,11.768023,-2.742802,0.13303812,0.0060032858,0.13828889,-0.0010672988,0.14172657,-0.033032563,252.12964,250.56483,340.33545,2.7808847,16.706491,0.49975744
5,43,10,0.0024009997,0.057102665,0.019851563,0.018387029,0.018864075,0.07044779,0.0045295022,4.8383617,0.5961531,11.404335,-3.1207843,0.14089558,0.0090590045,0.13559878,0.016707642,0.13734655,-0.037584737,252.12701,250.48485,339.38416,2.5246313,16.705961,0.50262326
5,44,10,0.0024009997,0.05879409,0.020306725,0.018560799,0.019926561,0.07125083,0.0043162433,4.861171,0.41964906,11.721099,-3.724631,0.14250167,0.008632487,0.13623802,0.011760988,0.14116147,-0.044857092,252.2294,250.86862,340.29956,3.304982,16.705961,0.598668
5,45,10,0.0024009997,0.052857965,0.017209569,0.01841797,0.017230429,0.065592624,0.00034619778,4.8424306,1.0441662,10.899341,-3.38355,0.13118525,0.00069239555,0.13571282,0.029263554,0.13126473,-0.04074932,252.28508,251.04234,340.9907,2.3393836,16.705517,0.5753672
5,46,10,0.0024009997,0.055280678,0.017743293,0.021819199,0.015718184,0.06660198,0.0028009196,5.2706223,1.2200481,10.410063,-3.1224535,0.13320395,0.005601839,0.14771323,0.03419278,0.12537219,-0.037604835,252.25694,250.93732,340.1808,1.9024054,16.705517,0.5815495
5,47,10,0.0024009997,0.050511453,0.019491054,0.017839497,0.013180901,0.06980518,0.00093311706,4.765778,1.4393562,9.532893,-2.6267743,0.13961037,0.0018662341,0.13356458,0.040339056,0.114808105,-0.0316352,252.28967,250.8934,340.83514,1.1874181,16.705181,0.3912455
5,48,10,0.0024009997,0.052353065,0.017921258,0.020003192,0.014428615,0.06693515,-0.002898505,5.0465226,1.5219879,9.973887,-2.3445685,0.1338703,-0.00579701,0.14143264,0.04265488,0.12011917,-0.028236488,252.30733,250.8494,340.9012,0.8225806,16.705181,0.4322947
5,49,10,0.0024009997,0.050182443,0.021383269,0.018361611,0.010437562,0.073115095,-0.0025834725,4.8350163,1.6116314,8.483044,-1.0586879,0.14623019,-0.005166945,0.13550502,0.0451672,0.10216439,-0.012750166,252.29494,250.84888,339.8359,-0.55294347,16.704865,0.31173924
5,50,10,0.0024009997,0.04879959,0.02031028,0.017715814,0.010773495,0.07125707,-0.0015145052,4.749229,1.461108,8.618477,-1.3883208,0.14251414,-0.0030290105,0.13310076,0.040948674,0.10379545,-0.016720053,252.37825,251.10674,340.84793,-0.072787166,16.704865,0.280875
5,51,10,0.0024009997,0.049068622,0.019180134,0.016367888,0.0135205975,0.06924618,-0.0064841565,4.5649805,1.2805461,9.654953,-0.11810434,0.13849236,-0.012968313,0.12793705,0.03588829,0.116278104,-0.0014223739,252.4585,251.37172,341.46158,-1.1624417,16.704447,0.3567619
5,52,10,0.0024009997,0.05085463,0.019910648,0.018424574,0.01251941,0.07055255,-0.0032831475,4.843299,1.3880697,9.2906065,0.555829,0.1411051,-0.006566295,0.13573715,0.038901713,0.11189017,0.006694049,252.48248,251.54971,340.59003,-1.9438987,16.704447,0.39805514
5,53,10,0.0024009997,0.048093073,0.018607736,0.015187198,0.01429814,0.06820509,-0.003157989,4.397252,0.7371447,9.928691,0.44247466,0.13641018,-0.006315978,0.12323635,0.020659044,0.11957483,0.0053288806,252.56561,251.82881,341.4294,-1.1796193,16.703863,0.38809314
5,54,10,0.0024009997,0.052706532,0.019984849,0.01549953,0.017222153,0.07068389,-0.007983093,4.4422383,0.84795666,10.896722,0.99532264,0.14136778,-0.015966186,0.12449711,0.023764633,0.1312332,0.011987036,252.64182,252.09915,341.98315,-1.8432794,16.703863,0.40294117
5,55,10,0.0024009997,0.043703213,0.0153323,0.013464874,0.0149060385,0.061911833,-0.00232908,4.140413,0.2698862,10.137557,1.5832746,0.123823665,-0.00465816,0.11603824,0.007563768,0.12209029,0.01906795,252.67249,252.30478,341.2561,-1.8531609,16.703175,0.37772277
5,56,10,0.0024009997,0.046565466,0.019309005,0.012088014,0.015168449,0.06947842,-0.0026898275,3.923015,-0.053926863,10.226401,1.284374,0.13895684,-0.005379655,0.109945506,-0.001511339,0.12316026,0.015468183,252.76329,252.50142,342.29675,-1.2304472,16.703175,0.35434166
5,57,10,0.0024009997,0.04693896,0.017014371,0.014170177,0.015754411,0.06521957,-0.005528958,4.2474685,-0.7068833,10.422054,0.7477127,0.13043915,-0.011057916,0.11903855,-0.019810941,0.12551658,0.009004977,252.84862,252.76015,342.87125,-0.04082936,16.702333,0.30679104
5,58,10,0.0024009997,0.045773372,0.017239831,0.014896176,0.013637366,0.06565027,-0.0004255931,4.354918,-0.7122335,9.696555,1.2491437,0.13130054,-0.0008511862,0.12204989,-0.019960891,0.11677913,0.015043895,252.86266,252.92296,342.0963,-0.53691024,16.702333,0.34709173
5,59,10,0.0024009997,0.04995685,0.016903343,0.01862721,0.014426297,0.06500643,0.00084909226,4.869859,-1.5630518,9.973087,-0.6302295,0.13001285,0.0016981845,0.13648154,-0.04380572,0.12010952,-0.0075900783,252.93048,253.08827,342.83368,2.1932812,16.701414,0.37449178
5,60,10,0.0024009997,0.052689977,0.019364491,0.017690565,0.015634922,0.06957818,-0.003894446,4.7458434,-1.4198534,10.382455,-0.13085845,0.13915636,-0.007788892,0.13300589,-0.039792478,0.12503968,-0.0015759709,253.01614,253.34845,343.56528,1.5507119,16.701414,0.33018956
5,61,10,0.0024009997,0.04254302,0.014246052,0.01534879,0.012948177,0.059678413,0.00030099924,4.4205837,-1.6071088,9.448361,-0.21823429,0.119356826,0.0006019985,0.123890236,-0.045040447,0.11379006,-0.0026282782,253.03516,253.53366,342.8737,1.8253431,16.700518,0.37174237
5,62,10,0.0024009997,0.04611493,0.016859505,0.015286673,0.013968751,0.06492208,0.0005052927,4.4116297,-1.6153897,9.813659,-0.6473942,0.12984416,0.0010105853,0.123639286,-0.04527253,0.11818947,-0.007796803,253.06183,253.53618,343.5236,2.262784,16.700518,0.39354777
5,63,10,0.0024009997,0.047836162,0.017861327,0.014780721,0.015194116,0.06682314,-0.0035279084,4.338008,-1.081631,10.235049,-0.38473287,0.13364628,-0.0070558167,0.12157599,-0.030313535,0.12326442,-0.0046334784,253.0955,253.65048,343.92435,1.4663638,16.699663,0.34521115
5,64,10,0.0024009997,0.04305884,0.015282351,0.014079152,0.013697336,0.061810903,0.00021024198,4.2338047,-1.2921857,9.717851,0.042988323,0.12362181,0.00042048396,0.1186556,-0.036214493,0.11703562,0.00051772594,253.07295,253.67717,342.83096,1.2491974,16.699663,0.34758288
5,65,10,0.0024009997,0.04060222,0.015287872,0.012600314,0.012714033,0.061822068,0.00068604585,4.0052834,-1.0731927,9.362544,-0.6651979,0.123644136,0.0013720917,0.11225112,-0.030077044,0.11275652,-0.008011221,253.12111,253.73991,343.52866,1.7383907,16.698906,0.355395
5,66,10,0.0024009997,0.046378765,0.021125244,0.012628951,0.012624569,0.07267263,-0.0033210227,4.0098314,-0.8432535,9.329546,-0.32173935,0.14534526,-0.0066420455,0.112378605,-0.02363283,0.11235911,-0.0038748258,253.1665,253.83931,344.16873,1.1649928,16.698906,0.3353189
5,67,10,0.0024009997,0.038086135,0.015233686,0.0117280055,0.011124443,0.06171241,-0.0009086949,3.8641562,0.00084714213,8.757725,0.64634204,0.12342482,-0.0018173899,0.10829592,2.3743722e-5,0.105472475,0.0077841342,253.17058,253.93964,343.2235,-0.6471892,16.698277,0.2356014
5,68,10,0.0024009997,0.042753227,0.0152685195,0.01440796,0.013076751,0.061782926,-6.650313e-5,4.2829576,-0.2591746,9.495156,-0.17932326,0.12356585,-0.00013300627,0.12003316,-0.0072635617,0.11435362,-0.0021596593,253.21101,253.95972,343.5023,0.43849784,16.698277,0.2721817
5,69,10,0.0024009997,0.047139466,0.017690059,0.015534991,0.013914416,0.06650199,-0.0053506005,4.4473166,0.41303638,9.794554,0.4914581,0.13300398,-0.010701201,0.124639444,0.011575657,0.11795938,0.0059188055,253.26508,254.13324,344.01007,-0.90449446,16.697718,0.2463996
5,70,10,0.0024009997,0.04686995,0.01700198,0.016560312,0.013307652,0.06519582,-0.0025445903,4.591735,0.44224176,9.57862,1.3767681,0.13039164,-0.0050891805,0.12868688,0.012394166,0.1153588,0.016580917,253.27032,254.27103,343.22995,-1.8190099,16.697718,0.26034686
5,71,10,0.0024009997,0.045643285,0.015561645,0.01627065,0.0138109885,0.06237316,-0.0023991268,4.5513997,0.66097414,9.758084,1.2638729,0.12474632,-0.0047982535,0.12755646,0.018524302,0.11752016,0.01522128,253.31984,254.38573,343.93774,-1.924847,16.697197,0.29077348
5,72,10,0.0024009997,0.055875897,0.018815385,0.022080807,0.014979704,0.06858459,-0.0061354437,5.3021255,0.6188665,10.162576,1.299782,0.13716918,-0.012270887,0.14859612,0.017344205,0.122391604,0.015653752,253.37334,254.4619,344.39517,-1.9186485,16.697197,0.37618688
5,73,10,0.0024009997,0.058722697,0.018795628,0.023813996,0.01611307,0.068548575,-0.0018474053,5.506285,0.6174888,10.540017,2.2454336,0.13709715,-0.0036948107,0.15431784,0.017305594,0.12693727,0.027042571,253.40125,254.60933,343.43774,-2.8629224,16.696646,0.44572225
5,74,10,0.0024009997,0.055516034,0.017755967,0.020235974,0.017524092,0.06662576,-0.0024020069,5.0758014,0.68846446,10.991828,2.5829465,0.13325152,-0.0048040138,0.1422532,0.019294748,0.1323786,0.031107362,253.50322,254.94673,344.15042,-3.271411,16.696646,0.4192906
5,75,10,0.0024009997,0.055910613,0.019004805,0.019589474,0.017316334,0.06892896,-0.0041068704,4.9940615,0.517112,10.926477,2.7909465,0.13785791,-0.008213741,0.1399624,0.01449246,0.13159154,0.03361238,253.59276,255.30168,345.08807,-3.3080585,16.695992,0.37698478
5,76,10,0.0024009997,0.054087076,0.017310837,0.019982392,0.016793847,0.065785326,-0.0009073414,5.043898,0.25279576,10.760373,3.2658815,0.13157065,-0.0018146829,0.14135909,0.0070847957,0.12959108,0.039332204,253.58716,255.36946,344.36356,-3.5186772,16.695992,0.3716537
5,77,10,0.0024009997,0.04898626,0.018010873,0.015647285,0.015328103,0.0671023,0.0021341955,4.4633617,-0.46940643,10.280078,1.1886193,0.1342046,0.004268391,0.12508911,-0.013155472,0.123806715,0.014314972,253.634,255.47241,345.07654,-0.71921283,16.695309,0.18566437
5,78,10,0.0024009997,0.05316475,0.020656476,0.016040206,0.01646807,0.0718618,-0.0018695358,4.5190535,-0.41713765,10.655492,1.6436727,0.1437236,-0.0037390715,0.12664993,-0.011690595,0.12832798,0.01979535,253.68239,255.69148,345.50668,-1.2265351,16.695309,0.22414139
5,79,10,0.0024009997,0.04801046,0.015486741,0.01659083,0.015932888,0.06222287,0.0036190432,4.595964,-0.9150041,10.480921,0.6017073,0.12444574,0.0072380863,0.1288054,-0.025643686,0.12622555,0.007246581,253.65486,255.63322,344.2953,0.3132968,16.694675,0.29987192
5,80,10,0.0024009997,0.054503277,0.018786196,0.018038478,0.017678602,0.06853137,0.00358688,4.7922826,-1.1572864,11.040179,-0.40566555,0.13706274,0.00717376,0.1343074,-0.03243383,0.1329609,-0.004885579,253.69801,255.6929,344.67062,1.5629519,16.694675,0.3607586
5,81,10,0.0024009997,0.060310293,0.024378235,0.017703922,0.018228136,0.07806765,-0.0001202824,4.7476344,-1.0841731,11.210457,-0.90615916,0.1561353,-0.0002405648,0.13305609,-0.03038478,0.13501161,-0.010913206,253.74301,255.81284,345.3657,1.9903322,16.694088,0.36498475
5,82,10,0.0024009997,0.054564454,0.016673816,0.021350797,0.016539842,0.064563565,0.0029966217,5.2137427,-1.1432307,10.678688,-0.19101214,0.12912713,0.0059932433,0.14611912,-0.03203991,0.12860732,-0.0023004287,253.72203,255.80496,344.32663,1.3342428,16.694088,0.35010454
5,83,10,0.0024009997,0.0567314,0.017735776,0.021961762,0.017033864,0.066587865,0.0043310914,5.2878137,-1.1503134,10.836993,-0.8416796,0.13317573,0.008662183,0.14819501,-0.03223842,0.13051385,-0.010136661,253.77493,255.86186,344.91946,1.991993,16.693567,0.37717518
5,84,10,0.0024009997,0.060538404,0.020454576,0.021500066,0.018583758,0.07150975,0.0014798662,5.2319365,-1.0705681,11.319284,-0.5655818,0.1430195,0.0029597324,0.146629,-0.03000349,0.13632226,-0.0068115043,253.84677,256.08215,345.72858,1.6361499,16.693567,0.3559171
5,85,10,0.0024009997,0.05375431,0.016177155,0.018339273,0.019237883,0.06359472,0.0037388862,4.832074,-0.8652898,11.516772,-0.34966734,0.12718944,0.0074777724,0.13542257,-0.024250409,0.1387007,-0.0042111706,253.86093,256.28574,344.53784,1.2149571,16.693113,0.25310254
5,86,10,0.0024009997,0.05275099,0.019046344,0.016607134,0.01709751,0.069004245,0.006146786,4.5982213,-1.0693775,10.85722,-0.346294,0.13800849,0.012293572,0.12886867,-0.02997012,0.13075745,-0.0041705393,253.91856,256.3923,344.93167,1.4156716,16.693113,0.31802827
5,87,10,0.0024009997,0.05067584,0.019679734,0.014379347,0.01661676,0.07014224,-2.3530814e-5,4.2787027,-0.26230612,10.70349,0.49632332,0.14028448,-4.706163e-5,0.11991391,-0.007351328,0.12890601,0.0059773996,253.9575,256.49915,345.38538,-0.2340172,16.692657,0.22123435
5,88,10,0.0024009997,0.047980845,0.018133365,0.013710314,0.01613717,0.06733009,0.0026619586,4.177979,-0.3150701,10.547896,0.5173961,0.13466018,0.005323917,0.11709105,-0.008830084,0.12703216,0.006231186,253.92186,256.39893,344.5535,-0.202326,16.692657,0.24387133
5,89,10,0.0024009997,0.045038994,0.018057952,0.0118219005,0.015159142,0.06718994,0.004118828,3.8795931,0.15336193,10.223263,0.6294736,0.13437988,0.008237656,0.108728565,0.004298087,0.12312247,0.007580985,253.94125,256.39362,344.7605,-0.78283554,16.692163,0.27868697
5,90,10,0.0024009997,0.056092598,0.023441285,0.01644967,0.016201643,0.076552734,-0.0010283546,4.5763693,0.23628825,10.568947,1.2014171,0.15310547,-0.0020567093,0.12825626,0.006622164,0.12728567,0.014469105,253.9785,256.54797,345.28986,-1.4377053,16.692163,0.3413758
5,91,10,0.0024009997,0.054039985,0.018483343,0.019999504,0.015557139,0.06797673,0.00041566722,5.046057,0.31513858,10.356597,1.2288518,0.13595346,0.00083133444,0.1414196,0.008832001,0.12472826,0.014799508,253.98009,256.68506,344.65933,-1.5439904,16.69165,0.36941192
5,92,10,0.0024009997,0.05229789,0.020574177,0.017018301,0.014705412,0.07171851,0.0013426208,4.654796,0.093322486,10.069103,0.8897179,0.14343701,0.0026852416,0.13045421,0.002615435,0.12126587,0.010715196,254.02008,256.75485,345.19495,-0.98304033,16.69165,0.28991267
5,93,10,0.0024009997,0.052508764,0.018856725,0.019446015,0.01420602,0.068659894,-0.0020042434,4.975742,0.39366034,9.896654,0.45588803,0.13731979,-0.004008487,0.13944897,0.011032634,0.11918901,0.0054904236,254.01553,256.66022,345.53583,-0.84954834,16.691107,0.293341
5,94,10,0.0024009997,0.057118367,0.01808869,0.02554271,0.01348697,0.0672471,0.0025387008,5.7026415,0.25423107,9.642939,0.53299385,0.1344942,0.0050774016,0.15982087,0.00712502,0.116133414,0.0064190403,253.9388,256.43182,344.35873,-0.7872249,16.691107,0.2968792
5,95,10,0.0024009997,0.051292785,0.019361198,0.018873204,0.013058381,0.06957226,0.004531524,4.9019103,-0.0017874169,9.488483,-0.79765344,0.13914452,0.009063048,0.13737978,-5.00968e-5,0.11427327,-0.009606427,253.92445,256.21783,344.2818,0.79944086,16.690607,0.23610453
5,96,10,0.0024009997,0.056770373,0.0216014,0.020564599,0.014604374,0.07348707,0.0007168073,5.11685,0.4433262,10.0344515,-0.41649482,0.14697415,0.0014336146,0.14340362,0.01242456,0.12084856,-0.0050159977,253.92436,256.12308,344.73615,-0.026831388,16.690607,0.2819385
5,97,10,0.0024009997,0.05617982,0.018816296,0.022252452,0.015111074,0.06858625,0.00427021,5.322694,0.10118086,10.20704,-0.41479346,0.1371725,0.00854042,0.14917256,0.0028356693,0.12292711,-0.004995505,253.90631,256.21207,343.9709,0.3136126,16.690187,0.26058215
5,98,10,0.0024009997,0.05076748,0.019846294,0.0147550255,0.01616616,0.07043844,0.0053970306,4.3342357,0.061005324,10.557366,-0.27668893,0.14087687,0.010794061,0.121470265,0.0017097176,0.12714621,-0.0033322687,253.93611,256.24115,344.54852,0.21568361,16.690187,0.25627157
5,99,10,0.0024009997,0.05099136,0.01854802,0.017558847,0.014884493,0.06809556,0.002406143,4.728142,0.0027754041,10.130226,-0.5367563,0.13619111,0.004812286,0.1325098,7.778346e-5,0.12200202,-0.0064643547,253.9482,256.2165,345.2,0.53398085,16.689798,0.23214704
5,100,10,0.0024009997,0.051949516,0.017898852,0.020148968,0.013901696,0.066893294,0.004447179,5.064877,-0.25789917,9.790076,-0.14926192,0.13378659,0.008894358,0.14194706,-0.007227822,0.11790545,-0.0017976168,253.91924,256.17856,344.39545,0.4071611,16.689798,0.23066558
