ic,traj,n_steps,eta,loss_total,loss_T,loss_olw,loss_slwd,rmse_T,bias_T,rmse_olw,bias_olw,rmse_slwd,bias_slwd,nrmse_T,nbias_T,nrmse_olw,nbias_olw,nrmse_slwd,nbias_slwd,mean_T,mean_olw,mean_slwd,bias_C,pnorm,gnorm
1,1,10,0.1,0.46544424,0.07895438,0.33102384,0.05546603,0.14049411,0.02859405,21.892649,12.078332,20.06572,-7.128442,0.28098822,0.0571881,0.5753467,0.31742287,0.23551227,-0.08366687,252.63597,251.41576,336.5771,-4.94989,0.0,0.6290973
1,2,10,0.1,0.47340864,0.085438564,0.3320219,0.05594819,0.14614938,0.026618956,21.92563,11.858184,20.152744,-7.0804815,0.29229876,0.05323791,0.5762134,0.31163734,0.2365337,-0.08310393,252.66415,251.38692,337.1932,-4.7777023,0.0,0.6256481
1,3,10,0.1,0.54155844,0.115615346,0.36877716,0.057165977,0.17001128,0.017792195,23.107378,12.74396,20.370892,-7.1352787,0.34002256,0.03558439,0.60727024,0.33491594,0.23909408,-0.08374705,252.66586,251.31767,337.6255,-5.6086817,0.0,0.6973148
1,4,10,0.1,0.46650407,0.07688437,0.33378407,0.055835623,0.13864015,0.02724256,21.983736,12.168955,20.132462,-6.9783783,0.2772803,0.05448512,0.5777405,0.31980455,0.23629563,-0.08190557,252.61353,251.19086,336.97357,-5.1905766,0.0,0.63306105
1,5,10,0.1,0.3441746,0.06145952,0.23544613,0.047268946,0.12395515,0.020579157,18.463518,9.147862,18.523762,-3.9608438,0.2479103,0.041158315,0.4852279,0.24040912,0.21741423,-0.046488598,252.61295,251.14095,337.42966,-5.1870184,0.45824167,0.49435705
1,6,10,0.1,0.39564127,0.083991565,0.26367885,0.047970846,0.14490649,0.012388275,19.53918,10.10661,18.660786,-4.138646,0.28981298,0.02477655,0.5134967,0.26560536,0.21902248,-0.048575487,252.61905,251.16165,337.75433,-5.967964,0.45824167,0.5638429
1,7,10,0.1,0.32459617,0.050974615,0.22680299,0.046818558,0.11288779,0.02342308,18.121456,9.463922,18.4353,-3.943857,0.22577558,0.04684616,0.47623837,0.24871525,0.21637596,-0.046289235,252.57245,251.03185,337.06815,-5.5200644,0.45824167,0.4955366
1,8,10,0.1,0.33548677,0.06096611,0.2274921,0.047028556,0.12345658,0.02128743,18.148964,9.278252,18.476597,-4.016445,0.24691316,0.04257486,0.4769613,0.24383584,0.21686068,-0.04714119,252.56487,250.94653,337.4724,-5.2618065,0.45824167,0.49121338
1,9,10,0.1,0.2810182,0.059344284,0.18024045,0.04143345,0.12180341,0.0096501615,16.154547,7.479333,17.342703,-1.2426236,0.24360682,0.019300323,0.42454734,0.19655956,0.20355208,-0.014584743,252.57474,250.93889,337.55917,-6.2367096,0.9042783,0.4168048
1,10,10,0.1,0.2447823,0.043107424,0.16114414,0.04053075,0.10381164,0.018744847,15.274815,7.003748,17.15274,-1.1189264,0.20762327,0.037489694,0.40142763,0.18406104,0.2013225,-0.013132897,252.56616,250.99278,336.73184,-5.8848214,0.9042783,0.36978045
1,11,10,0.1,0.2550132,0.052850146,0.16127229,0.04089076,0.1149458,0.016428553,15.280885,6.628122,17.228752,-1.155463,0.2298916,0.032857105,0.40158722,0.17418945,0.20221464,-0.013561735,252.63545,251.26933,337.43735,-5.472659,0.9042783,0.36706087
1,12,10,0.1,0.2872568,0.06430218,0.18123603,0.041718613,0.12678938,0.012423594,16.199102,7.169208,17.40228,-1.2251619,0.25357875,0.024847187,0.42571825,0.18840939,0.20425135,-0.014379781,252.71109,251.5889,338.08893,-5.944046,0.9042783,0.4172462
1,13,10,0.1,0.19162962,0.043662768,0.109758005,0.03820885,0.10447819,0.015113111,12.606276,3.738777,16.654179,1.3533415,0.20895638,0.030226221,0.33129746,0.09825638,0.19547084,0.015884211,252.73491,251.7586,337.57486,-5.0921183,1.3168566,0.2551509
1,14,10,0.1,0.20259449,0.05315852,0.11142963,0.038006343,0.11528066,0.014434436,12.70191,3.622291,16.609985,1.2780062,0.23056132,0.028868873,0.33381078,0.095195115,0.19495216,0.015000003,252.76544,251.79585,337.87698,-4.900297,1.3168566,0.25191945
1,15,10,0.1,0.23723611,0.06948711,0.1297,0.038049,0.13180204,0.007673518,13.703726,4.2139325,16.619305,1.0832313,0.26360407,0.015347036,0.36013886,0.11074365,0.19506153,0.012713931,252.75615,251.64641,337.86246,-5.297164,1.3168566,0.28790602
1,16,10,0.1,0.20168112,0.045695014,0.119433515,0.036552593,0.10688196,0.015875364,13.150184,3.6956177,16.289219,1.1328489,0.21376392,0.031750727,0.34559155,0.097122155,0.19118732,0.013296284,252.70293,251.46922,336.9656,-4.8284664,1.3168566,0.25319895
1,17,10,0.1,0.18279234,0.059425734,0.08870792,0.03465869,0.12188697,0.010073359,11.33313,0.766486,15.861609,2.590565,0.24377394,0.020146718,0.29783875,0.02014352,0.18616845,0.030405572,252.71684,251.49797,337.436,-3.357051,1.6853296,0.17723894
1,18,10,0.1,0.1908305,0.06183192,0.0930079,0.035990685,0.124330126,0.00062112283,11.604558,1.1773385,16.163532,2.594334,0.24866025,0.0012422457,0.30497196,0.030940909,0.1897121,0.030449808,252.73055,251.51776,337.95377,-3.7716722,1.6853296,0.19183722
1,19,10,0.1,0.16657728,0.047810264,0.08283857,0.035928443,0.10932779,0.008614447,10.951786,0.67723775,16.149548,2.8064106,0.21865559,0.017228894,0.2878169,0.017798068,0.189548,0.03293898,252.7197,251.57335,337.46536,-3.4836483,1.6853296,0.17843953
1,20,10,0.1,0.17370322,0.05502509,0.08233877,0.036339354,0.11728714,0.0067654024,10.918699,0.37235376,16.241638,2.8334506,0.23457427,0.013530805,0.28694734,0.009785602,0.19062884,0.03325634,252.74988,251.56311,338.12415,-3.2058043,1.6853296,0.18035258
1,21,10,0.1,0.16811147,0.06186111,0.07149412,0.034756247,0.124359466,-0.0053061233,10.174284,-1.6419903,15.883918,3.27812,0.24871893,-0.010612247,0.26738384,-0.043152116,0.18643028,0.038475454,252.80252,251.79655,338.5516,-1.6361297,2.0092947,0.16038027
1,22,10,0.1,0.16383925,0.061632536,0.06846248,0.03374423,0.124129504,0.0047408347,9.956232,-1.9001527,15.65096,3.3863544,0.24825901,0.009481669,0.26165336,-0.04993669,0.18369603,0.039745796,252.79425,251.81424,337.81787,-1.4862018,2.0092947,0.17804912
1,23,10,0.1,0.15966527,0.057991855,0.06789375,0.033779666,0.12040749,0.002983596,9.914792,-1.9102281,15.659178,3.346386,0.24081498,0.005967192,0.2605643,-0.050201498,0.18379246,0.039276686,252.84474,251.94688,338.5845,-1.4361578,2.0092947,0.17232327
1,24,10,0.1,0.17032504,0.06542643,0.07057887,0.034319736,0.12789296,-0.0045649284,10.108949,-1.2662498,15.78386,3.2316043,0.2557859,-0.009129857,0.26566684,-0.033277504,0.18525587,0.037929494,252.8608,252.03477,338.91705,-1.9653546,2.0092947,0.15383615
1,25,10,0.1,0.14752342,0.053746447,0.06203355,0.031743422,0.1159164,0.0012579699,9.4772415,-3.490791,15.179872,3.1410277,0.2318328,0.0025159398,0.24906535,-0.09173926,0.17816684,0.0368664,252.84056,252.0348,338.19083,0.3497634,2.2883968,0.18684083
1,26,10,0.1,0.16116288,0.06452924,0.06523103,0.03140261,0.12701303,-0.000653476,9.718424,-3.7144725,15.098163,3.0593212,0.25402606,-0.001306952,0.25540367,-0.09761768,0.17720781,0.035907384,252.92464,252.34093,338.73737,0.65515137,2.2883968,0.19553438
1,27,10,0.1,0.16861784,0.06822694,0.06903504,0.031355865,0.13060144,-0.0061614835,9.997779,-3.5062003,15.086922,2.9126081,0.26120287,-0.012322967,0.2627452,-0.092144206,0.17707588,0.034185417,252.9826,252.57635,339.14453,0.59359217,2.2883968,0.17248896
1,28,10,0.1,0.16297087,0.06118863,0.07135806,0.030424176,0.12368168,0.0025562488,10.164598,-3.5843914,14.861089,2.9994488,0.24736336,0.0051124976,0.2671293,-0.094199106,0.17442527,0.03520467,252.94728,252.45361,338.25095,0.5849426,2.2883968,0.19681594
1,29,10,0.1,0.16807567,0.06246374,0.07707278,0.028539145,0.12496374,-0.0015891338,10.563775,-4.781193,14.393344,2.3617573,0.24992748,-0.0031782675,0.27761984,-0.1256515,0.16893533,0.027720055,252.97446,252.39331,338.75095,2.4194355,2.5262494,0.22040066
1,30,10,0.1,0.1710295,0.06829361,0.07267606,0.030059824,0.13066523,-0.008522739,10.258039,-4.5174146,14.771832,2.3539457,0.26133046,-0.017045477,0.26958498,-0.11871929,0.1733777,0.027628366,253.01549,252.47368,339.1882,2.1634688,2.5262494,0.19614835
1,31,10,0.1,0.15223695,0.051804267,0.07093156,0.029501127,0.11380275,-0.0018192562,10.134176,-4.8025064,14.633915,2.3933477,0.2276055,-0.0036385125,0.2663298,-0.12621158,0.17175892,0.028090829,253.01591,252.63403,338.48825,2.4091587,2.5262494,0.21678165
1,32,10,0.1,0.16362551,0.061967067,0.071760535,0.029897906,0.12446593,-0.0017587948,10.193222,-5.030348,14.731996,2.4834828,0.24893185,-0.0035175895,0.26788157,-0.13219936,0.17291011,0.029148744,253.07828,252.85677,339.15625,2.546865,2.5262494,0.22302595
1,33,10,0.1,0.17102812,0.05870133,0.08277401,0.029552773,0.121141784,-0.0124532115,10.947518,-5.738599,14.646719,1.4737055,0.24228357,-0.024906423,0.28770474,-0.15081243,0.1719092,0.017296946,253.1448,253.09375,339.85867,4.2648935,2.727775,0.23417841
1,34,10,0.1,0.16551302,0.04669684,0.08964364,0.029172543,0.10804726,-0.0044873506,11.392747,-5.82403,14.55219,1.5629272,0.21609452,-0.008974701,0.2994055,-0.15305763,0.17079972,0.018344153,253.12286,253.04225,339.20746,4.2611027,2.727775,0.24931872
1,35,10,0.1,0.17929122,0.060353663,0.09098374,0.027953826,0.12283491,-0.004027116,11.477586,-5.8340077,14.24498,1.4007012,0.24566983,-0.008054232,0.30163512,-0.15331984,0.16719398,0.016440088,253.09822,252.86923,339.2402,4.4333067,2.727775,0.24806589
1,36,10,0.1,0.18591204,0.06876442,0.08885323,0.028294383,0.13111486,-0.013148021,11.342409,-5.600175,14.3314905,1.2455819,0.2622297,-0.026296042,0.2980826,-0.14717461,0.16820934,0.014619461,253.10017,252.83217,339.25705,4.3545933,2.727775,0.23225133
1,37,10,0.1,0.17225777,0.04775335,0.09732591,0.02717851,0.1092627,-0.0062999465,11.87088,-6.0524383,14.046045,0.3600766,0.2185254,-0.012599893,0.311971,-0.15906028,0.16485906,0.0042262343,253.10742,252.92088,338.9816,5.692362,2.894109,0.26037064
1,38,10,0.1,0.17828834,0.055179402,0.09572861,0.027380312,0.11745148,-0.0077134026,11.773065,-6.1663995,14.098094,0.41566682,0.23490296,-0.015426805,0.3094004,-0.16205524,0.16546997,0.0048787002,253.14229,253.00699,339.5141,5.7507324,2.894109,0.2582655
1,39,10,0.1,0.18334116,0.058855604,0.09673325,0.027752314,0.12130087,-0.014834179,11.8346815,-6.1253023,14.193544,0.2778903,0.24260174,-0.029668357,0.3110197,-0.16097514,0.16659026,0.003261606,253.15503,253.06519,339.666,5.847412,2.894109,0.25364628
1,40,10,0.1,0.17185856,0.045283496,0.09980179,0.026773268,0.106399596,-0.0061680004,12.020924,-6.218296,13.940935,0.3216149,0.21279919,-0.012336001,0.3159142,-0.16341908,0.16362539,0.0037748031,253.09947,252.89763,338.90033,5.8966813,2.894109,0.2659094
1,41,10,0.1,0.1807417,0.04824346,0.10683277,0.025665462,0.10982197,-0.0091953855,12.437152,-5.8657417,13.649467,-0.80690837,0.21964394,-0.018390771,0.32685283,-0.15415382,0.16020444,-0.009470726,253.07019,252.6166,339.16013,6.6726503,3.029111,0.25677428
1,42,10,0.1,0.20687048,0.06512176,0.114630915,0.0271178,0.12759483,-0.016258534,12.883076,-5.7466164,14.030349,-0.88303167,0.25518966,-0.032517068,0.33857188,-0.15102316,0.16467483,-0.01036418,253.1032,252.70879,339.3947,6.629648,3.029111,0.25870243
1,43,10,0.1,0.19167157,0.050280053,0.115312554,0.02607895,0.11211607,-0.0063467543,12.921323,-5.8823395,13.758982,-0.87025326,0.22423214,-0.0126935085,0.33957702,-0.15459003,0.16148978,-0.010214201,253.1309,252.89655,338.8711,6.7525926,3.029111,0.26525772
1,44,10,0.1,0.19125502,0.056333806,0.10952673,0.02539448,0.11867372,-0.009978166,12.592987,-5.950485,13.577222,-0.95236284,0.23734744,-0.019956332,0.33094823,-0.15638089,0.15935646,-0.011177938,253.1904,253.09583,339.40054,6.9028482,3.029111,0.26238665
1,45,10,0.1,0.19707191,0.064524844,0.10715807,0.025388991,0.1270087,-0.016728904,12.456073,-5.410224,13.575752,-1.9201602,0.2540174,-0.03345781,0.32735008,-0.14218263,0.15933923,-0.022537,253.20123,253.07245,339.59708,7.3303843,3.1365726,0.24903709
1,46,10,0.1,0.18130295,0.04651659,0.10999946,0.0247869,0.10783853,-0.007994624,12.620133,-5.3839006,13.4138155,-1.8477422,0.21567705,-0.015989248,0.33166167,-0.14149085,0.15743856,-0.021687046,253.16869,253.03911,338.67508,7.2316427,3.1365726,0.24399523
1,47,10,0.1,0.188357,0.05193085,0.1116406,0.024785548,0.11394171,-0.008791696,12.713928,-5.35574,13.41345,-1.887063,0.22788341,-0.017583393,0.33412662,-0.14075075,0.15743427,-0.022148551,253.2178,253.2335,339.03378,7.242803,3.1365726,0.24057916
1,48,10,0.1,0.20134662,0.06106681,0.11473711,0.0255427,0.1235585,-0.017191108,12.889042,-5.3732505,13.616788,-1.9044214,0.247117,-0.034382217,0.33872867,-0.14121096,0.15982084,-0.022352284,253.31183,253.57086,339.73248,7.277672,3.1365726,0.25031328
1,49,10,0.1,0.17780007,0.04377643,0.10966312,0.024360517,0.10461409,-0.006401029,12.600825,-4.7426305,13.297943,-2.2286928,0.20922817,-0.012802058,0.33115423,-0.12463803,0.15607856,-0.026158268,253.36812,253.90063,339.7232,6.971323,3.221185,0.23795351
1,50,10,0.1,0.18997502,0.056060754,0.109323256,0.024591012,0.11838576,-0.006327557,12.581284,-4.918442,13.360706,-2.0837498,0.23677152,-0.012655114,0.33064067,-0.12925841,0.15681522,-0.024457062,253.42317,254.15207,340.54605,7.0021915,3.221185,0.23624274
1,51,10,0.1,0.19662443,0.06524857,0.10636097,0.025014883,0.127719,-0.012890483,12.409658,-4.912014,13.475364,-2.1898773,0.255438,-0.025780967,0.3261303,-0.12908947,0.15816094,-0.025702706,253.42426,254.14351,340.68695,7.1018915,3.221185,0.24501085
1,52,10,0.1,0.17640448,0.044155397,0.10834401,0.023905065,0.10506593,-0.00576237,12.52481,-4.5876303,13.173046,-2.19537,0.21013185,-0.01152474,0.32915652,-0.120564595,0.15461263,-0.025767162,253.3622,253.88802,339.57114,6.783,3.221185,0.23631337
1,53,10,0.1,0.18192686,0.053193733,0.106013164,0.022719968,0.115318835,-0.0047494704,12.389352,-3.4311473,12.842368,-2.4287212,0.23063767,-0.009498941,0.32559663,-0.09017179,0.15073144,-0.02850603,253.35413,253.71867,339.83508,5.8598685,3.2870402,0.20630652
1,54,10,0.1,0.21300186,0.07368127,0.11567867,0.023641927,0.13572147,-0.012879507,12.941817,-3.4761593,13.100344,-2.5757933,0.27144295,-0.025759013,0.34011567,-0.09135472,0.15375932,-0.030232193,253.33504,253.63057,339.89816,6.0519524,3.2870402,0.22914667
1,55,10,0.1,0.18843555,0.047711138,0.11790207,0.022822347,0.109214395,-0.0053595435,13.065601,-3.5333714,12.87127,-2.630328,0.21842879,-0.010719087,0.3433687,-0.09285825,0.15107067,-0.030872285,253.27458,253.4057,338.80392,6.163699,3.2870402,0.22025518
1,56,10,0.1,0.19836022,0.05612029,0.11947033,0.022769602,0.11844861,-0.004465154,13.152209,-3.4492176,12.856387,-2.6257315,0.23689722,-0.008930308,0.3456448,-0.090646684,0.150896,-0.030818345,253.29318,253.43414,339.0931,6.0749493,3.2870402,0.21276468
1,57,10,0.1,0.21245548,0.070765436,0.119047396,0.022642648,0.13300887,-0.008211803,13.128909,-2.1649826,12.820496,-2.5025747,0.26601774,-0.016423605,0.34503245,-0.056896508,0.15047474,-0.02937284,253.32797,253.5204,339.45798,4.6675572,3.3383212,0.20451348
1,58,10,0.1,0.19257478,0.04949737,0.12058667,0.02249074,0.11124002,-0.00024570734,13.213513,-2.0335135,12.777419,-2.456353,0.22248004,-0.0004914147,0.34725592,-0.05344144,0.14996913,-0.028830305,253.32178,253.44795,338.6794,4.4898663,3.3383212,0.18882667
1,59,10,0.1,0.20127858,0.059829514,0.11917699,0.02227208,0.122300364,-0.00087748666,13.136053,-2.0980654,12.715154,-2.5110157,0.24460073,-0.0017549733,0.3452202,-0.055137925,0.14923833,-0.02947189,253.40532,253.7592,339.1587,4.6090813,3.3383212,0.17949525
1,60,10,0.1,0.21898738,0.07635329,0.11961036,0.02302372,0.1381605,-0.008700697,13.159916,-2.2834754,12.92793,-2.5720649,0.276321,-0.017401394,0.3458473,-0.06001056,0.1517357,-0.030188445,253.49933,254.17294,340.04602,4.8555403,3.3383212,0.20018512
1,61,10,0.1,0.18884599,0.05075107,0.11609696,0.021997957,0.11263999,0.004030589,12.965197,-1.145715,12.636663,-1.8856153,0.22527999,0.008061178,0.34073004,-0.030109785,0.14831708,-0.022131544,253.47581,254.16324,339.70532,3.0313303,3.379891,0.17979234
1,62,10,0.1,0.19962907,0.067882694,0.11052572,0.021220656,0.13027154,0.0012741134,12.650286,-1.099475,12.411396,-1.9321043,0.26054308,0.0025482269,0.3324541,-0.028894613,0.14567311,-0.022677198,253.47697,254.12648,339.915,3.0315795,3.379891,0.1701128
1,63,10,0.1,0.2108476,0.07538351,0.11393227,0.021531837,0.13728029,-0.006846045,12.843757,-1.0866832,12.502066,-1.9858431,0.27456057,-0.01369209,0.33753854,-0.028558427,0.1467373,-0.023307933,253.47462,254.10555,340.18497,3.0725262,3.379891,0.18972123
1,64,10,0.1,0.19715056,0.05505838,0.120610826,0.021481358,0.11732261,0.0027189965,13.214837,-0.9115126,12.487402,-1.9142718,0.23464522,0.005437993,0.3472907,-0.023954868,0.1465652,-0.022467893,253.42326,253.89075,339.29395,2.8257844,3.379891,0.17883876
1,65,10,0.1,0.19282204,0.061527524,0.11043567,0.020858832,0.12402371,0.00462989,12.64513,0.19859977,12.30513,-1.3802605,0.24804743,0.00925978,0.33231863,0.0052192574,0.14442587,-0.01620018,253.46631,253.98318,339.60483,1.1816607,3.4143283,0.14621393
1,66,10,0.1,0.19605598,0.074537285,0.099911824,0.02160687,0.13650759,-0.0040268553,12.027548,0.058766376,12.523829,-1.3804184,0.27301517,-0.008053711,0.31608832,0.0015444129,0.14699276,-0.016202033,253.51353,254.16742,339.9938,1.321652,3.4143283,0.15207271
1,67,10,0.1,0.1708375,0.051469043,0.098408565,0.020959897,0.11343395,0.006524452,11.936722,-0.14462064,12.334904,-1.2330794,0.2268679,0.013048904,0.3137014,-0.0038006715,0.14477533,-0.014472714,253.52884,254.29514,339.58038,1.3777001,3.4143283,0.14217307
1,68,10,0.1,0.17603056,0.055406827,0.09971207,0.02091167,0.117693275,0.0041790805,12.015519,-0.17275539,12.320707,-1.3239646,0.23538655,0.008358161,0.31577218,-0.0045400676,0.14460868,-0.015539434,253.59248,254.49594,340.1426,1.49672,3.4143283,0.14422192
1,69,10,0.1,0.18761842,0.07059666,0.09627338,0.020748394,0.13285016,-0.002266883,11.806517,0.8626496,12.2725115,-0.72550565,0.2657003,-0.004533766,0.31027952,0.02267074,0.14404303,-0.008515297,253.65996,254.84549,340.8354,-0.13714397,3.4469814,0.14173305
1,70,10,0.1,0.16416577,0.04677988,0.0969594,0.02042648,0.108143285,0.0072117033,11.848506,0.71397877,12.176933,-0.56543463,0.21628657,0.014423407,0.31138304,0.018763624,0.14292124,-0.006636533,253.6898,255.11404,340.5229,-0.14854413,3.4469814,0.13445896
1,71,10,0.1,0.181947,0.061262462,0.10045429,0.02023023,0.123756275,0.008196051,12.060157,0.77762306,12.118299,-0.61733174,0.24751255,0.016392102,0.31694525,0.020436205,0.14223301,-0.007245644,253.72607,255.25403,340.8345,-0.16029131,3.4469814,0.13531646
1,72,10,0.1,0.19894198,0.0743896,0.10393294,0.020619437,0.13637228,0.00048321637,12.267194,1.0116173,12.234315,-0.7746653,0.27274457,0.00096643274,0.32238632,0.02658568,0.1435947,-0.009092285,253.70944,255.16957,340.8641,-0.236952,3.4469814,0.14833108
1,73,10,0.1,0.17190441,0.050629176,0.1016296,0.019645635,0.11250464,0.010216489,12.130503,2.064282,11.941923,-0.060060907,0.22500928,0.020432979,0.31879398,0.05425006,0.14016289,-0.00070492906,253.66704,254.98337,340.03882,-2.004221,3.4800746,0.13558447
1,74,10,0.1,0.17733283,0.061064005,0.0971645,0.019104335,0.12355566,0.007993942,11.8610325,1.9617077,11.776254,-0.1870467,0.24711132,0.015987884,0.3117122,0.05155441,0.13821843,-0.002195375,253.67755,254.96689,340.26886,-1.7746611,3.4800746,0.12607203
1,75,10,0.1,0.19082004,0.071579285,0.10014085,0.019099902,0.13377152,0.0008833708,12.041326,1.9181465,11.774888,-0.2880861,0.26754305,0.0017667416,0.3164504,0.050409563,0.1382024,-0.0033812812,253.6757,254.9616,340.472,-1.6300604,3.4800746,0.13136473
1,76,10,0.1,0.17424129,0.049868632,0.10556729,0.018805375,0.11165643,0.008593505,12.36327,1.9037719,11.683748,-0.28725287,0.22331285,0.01718701,0.3249112,0.05003181,0.13713269,-0.0033714988,253.60957,254.72017,339.42838,-1.616519,3.4800746,0.13397011
1,77,10,0.1,0.17386186,0.054576114,0.10110875,0.01817701,0.116807655,0.008028132,12.09938,2.4996226,11.486891,0.3908118,0.23361531,0.016056264,0.31797603,0.06569099,0.13482215,0.004586976,253.59647,254.55765,340.0387,-2.8904343,3.5166764,0.13307214
1,78,10,0.1,0.19037692,0.07016362,0.10087001,0.019343281,0.13244209,0.00025053532,12.085084,2.7286131,11.849672,0.36119896,0.26488417,0.00050107064,0.3176004,0.07170895,0.13908012,0.0042394074,253.57579,254.40977,340.20218,-3.089812,3.5166764,0.13684009
1,79,10,0.1,0.165225,0.047917385,0.09830882,0.018998794,0.1094502,0.008860731,11.930673,2.890824,11.74368,0.4077438,0.2189004,0.017721461,0.31354237,0.0759719,0.13783611,0.0047857137,253.53787,254.27061,339.397,-3.2985678,3.5166764,0.14315729
1,80,10,0.1,0.17573467,0.056675527,0.1007216,0.018337553,0.11903311,0.0072153634,12.076191,3.024548,11.537505,0.37246427,0.23806623,0.014430727,0.31736666,0.07948619,0.13541622,0.0043716333,253.52338,254.1277,339.52066,-3.3970122,3.5166764,0.14947115
1,81,10,0.1,0.18795748,0.06756791,0.10283696,0.017552612,0.12996913,-0.0014300464,12.202345,3.9074051,11.28787,0.4872233,0.25993827,-0.0028600928,0.32068202,0.10268799,0.13248627,0.005718566,253.49886,254.01137,339.36008,-4.3946285,3.5579202,0.16301103
1,82,10,0.1,0.16315055,0.04950706,0.09658501,0.017058475,0.11125091,0.009048664,11.82561,3.6013331,11.1278515,0.6067266,0.22250181,0.018097328,0.3107813,0.09464434,0.1306081,0.007121179,253.44464,253.86377,338.807,-4.20806,3.5579202,0.15587924
1,83,10,0.1,0.1658813,0.051931806,0.09671313,0.017236369,0.11394276,0.004942641,11.833452,3.474214,11.185723,0.64555466,0.22788551,0.009885282,0.31098735,0.0913036,0.13128735,0.0075769173,253.42207,253.70636,339.1755,-4.1197686,3.5579202,0.15239792
1,84,10,0.1,0.1847701,0.06529541,0.102047496,0.017427199,0.12776484,-0.0013683835,12.155417,3.6364882,11.247473,0.6379712,0.25552967,-0.002736767,0.31944874,0.0955682,0.13201211,0.0074879015,253.40468,253.6134,339.36288,-4.2744594,3.5579202,0.15643375
1,85,10,0.1,0.16817796,0.050542332,0.10156261,0.016073026,0.11240811,0.007354964,12.126503,3.881078,10.801649,0.8156945,0.22481622,0.014709928,0.3186889,0.10199613,0.12677944,0.009573843,253.35246,253.44928,338.43185,-4.6967726,3.6046999,0.16084448
1,86,10,0.1,0.16582224,0.053350884,0.09649451,0.015976846,0.11548905,0.005127642,11.820067,3.9233768,10.769282,0.7943997,0.2309781,0.010255284,0.31063566,0.10310778,0.12639955,0.0093239015,253.37244,253.39229,338.74176,-4.7177763,3.6046999,0.15969689
1,87,10,0.1,0.17206867,0.062245585,0.09336547,0.016457615,0.124745324,-0.001379851,11.6268425,4.1355824,10.930114,0.79104596,0.24949065,-0.002759702,0.30555764,0.10868457,0.12828724,0.009284543,253.42677,253.56471,339.08176,-4.9266286,3.6046999,0.16353714
1,88,10,0.1,0.15246566,0.04919676,0.08711941,0.016149487,0.11090171,0.009606216,11.231198,3.7899358,10.827312,0.93961036,0.22180343,0.019212432,0.29515997,0.09960089,0.12708063,0.011028255,253.43715,253.6754,338.5078,-4.729546,3.6046999,0.14979412
1,89,10,0.1,0.15010183,0.05046926,0.084508546,0.015124019,0.11232682,0.006164915,11.061626,3.6342027,10.477913,1.0273933,0.22465365,0.01232983,0.29070354,0.09550817,0.12297975,0.012058558,253.46004,253.73793,339.07056,-4.6615963,3.6535335,0.14277181
1,90,10,0.1,0.16247666,0.059321795,0.08805993,0.015094929,0.12178033,-0.0013621856,11.291661,4.147616,10.467833,0.89708805,0.24356066,-0.0027243712,0.29674894,0.10900083,0.12286142,0.010529166,253.43655,253.62166,339.1712,-5.044704,3.6535335,0.16247053
1,91,10,0.1,0.14400707,0.044808403,0.08459023,0.014608449,0.105839975,0.0076475963,11.066971,4.0045147,10.297771,0.90906686,0.21167995,0.015295193,0.290844,0.10524011,0.12086542,0.010669765,253.38374,253.46165,338.42236,-4.9135814,3.6535335,0.15757886
1,92,10,0.1,0.14635359,0.048193976,0.08393008,0.014229523,0.109765634,0.006713812,11.023702,3.9937186,10.163339,0.90971196,0.21953127,0.013427624,0.2897069,0.104956366,0.119287565,0.010677335,253.3684,253.33243,338.6172,-4.9034305,3.6535335,0.15722732
1,93,10,0.1,0.15928952,0.056799408,0.088581674,0.013908439,0.11916313,-0.0014423761,11.325064,4.216203,10.0480175,0.67141986,0.23832627,-0.0028847521,0.29762673,0.110803336,0.11793405,0.007880484,253.34138,253.15564,338.63428,-4.887623,3.7022324,0.16497518
1,94,10,0.1,0.14706466,0.04531832,0.08818331,0.013563019,0.1064405,0.0065372232,11.299569,4.1455064,9.922461,0.70970017,0.212881,0.0130744465,0.29695675,0.10894543,0.116460375,0.008329778,253.2771,252.89915,337.85565,-4.8552065,3.7022324,0.16505456
1,95,10,0.1,0.15359423,0.048045386,0.09238878,0.013160063,0.10959629,0.0043159984,11.565868,3.9374032,9.7739525,0.6514296,0.21919258,0.008631997,0.30395523,0.10347638,0.11471732,0.0076458575,253.2251,252.66559,338.07977,-4.588833,3.7022324,0.15547179
1,96,10,0.1,0.16258177,0.05428965,0.09526181,0.013030302,0.1165007,-0.0034670997,11.744327,4.1526794,9.725645,0.5377478,0.2330014,-0.0069341995,0.30864513,0.10913392,0.114150345,0.006311561,253.16971,252.40468,338.0397,-4.6904273,3.7022324,0.1632704
1,97,10,0.1,0.14238733,0.046532024,0.08391352,0.011941788,0.107856415,0.0044951974,11.0226145,3.4095008,9.310562,0.22912644,0.21571283,0.008990395,0.2896783,0.0896029,0.109278485,0.0026892677,253.1136,252.21236,337.03696,-3.6386273,3.7497387,0.14079838
1,98,10,0.1,0.13683411,0.046723057,0.07863581,0.011475246,0.108077586,0.0013895755,10.670355,3.326116,9.126878,0.3504711,0.21615517,0.002779151,0.28042078,0.08741155,0.10712258,0.004113501,253.11313,252.16016,337.4328,-3.676587,3.7497387,0.13368426
1,99,10,0.1,0.14863,0.05458884,0.082653776,0.011387383,0.116821274,-0.0035398272,10.939563,3.6089447,9.091868,0.35736206,0.23364255,-0.0070796544,0.2874957,0.09484438,0.10671168,0.004194373,253.1153,252.10522,337.86774,-3.9663067,3.7497387,0.14708938
1,100,10,0.1,0.1291192,0.0431365,0.07523808,0.010744626,0.10384664,0.0059043597,10.437284,3.2952352,8.831549,0.39896008,0.20769328,0.0118087195,0.2742956,0.08659997,0.103656285,0.004682613,253.12448,252.21011,337.3241,-3.6941953,3.7497387,0.1331907
2,1,10,0.07,0.13976714,0.04570879,0.08065247,0.013405884,0.10689807,0.0049466677,10.806313,3.8622878,9.864816,-1.0405817,0.21379614,0.009893335,0.28399378,0.10150232,0.11578378,-0.012213354,251.83002,247.89172,331.99503,-2.821706,3.7951734,0.15932435
2,2,10,0.07,0.14044206,0.04514429,0.08225615,0.013041612,0.10623593,0.0026589464,10.9132185,3.6176176,9.729866,-0.98295563,0.21247186,0.005317893,0.28680333,0.09507229,0.11419988,-0.011536994,251.88115,248.03377,332.64597,-2.634662,3.7951734,0.14821792
2,3,10,0.07,0.14520086,0.049491357,0.083168335,0.012541168,0.111233264,-0.0040367227,10.973563,3.8655834,9.541358,-1.1468943,0.22246653,-0.008073445,0.2883892,0.10158893,0.11198736,-0.013461154,251.93819,248.31339,333.0607,-2.718689,3.7951734,0.17025165
2,4,10,0.07,0.12787454,0.04360845,0.072489336,0.011776751,0.10441318,0.006354969,10.244852,3.5123994,9.246,-1.0168166,0.20882636,0.012709938,0.26923844,0.092307135,0.10852074,-0.011934424,251.93912,248.45944,332.78918,-2.4955828,3.7951734,0.14910263
2,5,10,0.07,0.12758993,0.046775967,0.069831595,0.010982364,0.10813876,0.0020883274,10.055291,2.9857042,8.928719,-1.105845,0.21627752,0.004176655,0.2642567,0.078465395,0.104796775,-0.012979355,251.94693,248.45111,333.45483,-1.8798592,3.8248298,0.13177958
2,6,10,0.07,0.13365608,0.049280573,0.07436016,0.0100153545,0.11099614,-0.0053569674,10.376212,3.5940475,8.52657,-1.2458127,0.22199228,-0.010713935,0.2726906,0.094452865,0.10007674,-0.014622167,251.91084,248.21382,333.4286,-2.348235,3.8248298,0.16429952
2,7,10,0.07,0.12718233,0.047627743,0.070002,0.009552591,0.10911891,0.0031931608,10.067552,3.3411088,8.327253,-1.0948611,0.21823782,0.0063863215,0.2645789,0.087805584,0.09773736,-0.012850435,251.88731,248.0835,332.8652,-2.2462478,3.8248298,0.14784484
2,8,10,0.07,0.12424065,0.04168267,0.07278021,0.009777773,0.10208167,-0.0013815745,10.265387,3.2772174,8.424831,-1.051408,0.20416334,-0.002763149,0.26977807,0.086126454,0.09888262,-0.012340427,251.91682,248.11429,333.52774,-2.2258093,3.8248298,0.13795403
2,9,10,0.07,0.13704169,0.04995744,0.077591315,0.0094929375,0.1117558,-0.0052581085,10.599253,3.0164163,8.301212,-1.2830718,0.2235116,-0.010516217,0.27855217,0.07927251,0.097431704,-0.01505947,251.91574,248.08313,333.70013,-1.7333446,3.8510718,0.14090768
2,10,10,0.07,0.113891736,0.038000226,0.06698099,0.008910519,0.097468235,0.0025394417,9.847919,2.820509,8.042531,-1.2730242,0.19493647,0.0050788834,0.25880685,0.074124,0.09439555,-0.014941544,251.9074,248.0252,333.01172,-1.5474848,3.8510718,0.12489241
2,11,10,0.07,0.119448535,0.041848693,0.06858384,0.009015997,0.10228477,4.9379287e-5,9.965052,2.5801497,8.089993,-1.2651076,0.20456953,9.875857e-5,0.26188517,0.067807265,0.094952606,-0.014848627,251.98055,248.39397,333.63196,-1.315042,3.8510718,0.11474946
2,12,10,0.07,0.13238552,0.047610693,0.075574264,0.009200562,0.10909937,-0.005509514,10.460578,2.8579235,8.172377,-1.2261893,0.21819875,-0.011019028,0.27490774,0.075107254,0.09591956,-0.014391838,252.05347,248.74109,334.1975,-1.6317343,3.8510718,0.13753675
2,13,10,0.07,0.11741066,0.039750066,0.068656035,0.009004564,0.09968709,0.004857749,9.970296,1.6415926,8.084861,-1.1245748,0.19937418,0.009715498,0.26202297,0.043141633,0.09489238,-0.013199185,252.09932,248.99553,333.88278,-0.51701784,3.873072,0.09122486
2,14,10,0.07,0.12487056,0.047187276,0.06868106,0.009002222,0.10861316,0.005029512,9.972113,1.3612485,8.083809,-0.9561773,0.21722633,0.010059024,0.26207072,0.03577409,0.09488004,-0.011222692,252.18726,249.38019,334.85947,-0.4050712,3.873072,0.08621462
2,15,10,0.07,0.1283048,0.04730436,0.07186877,0.009131671,0.108747825,-0.0023490635,10.200908,1.8277836,8.141724,-1.0606176,0.21749565,-0.004698127,0.2680835,0.048034813,0.095559776,-0.012448513,252.2314,249.42242,335.06268,-0.767166,3.873072,0.11342375
2,16,10,0.07,0.110628456,0.039282903,0.06268015,0.008665409,0.09909958,0.005726013,9.526507,1.332449,7.9311423,-1.0898879,0.19819915,0.011452026,0.25036004,0.03501726,0.09308818,-0.0127920685,252.23473,249.54965,334.54352,-0.2425611,3.873072,0.08843972
2,17,10,0.07,0.108281225,0.03886684,0.06114406,0.008270327,0.09857337,0.005114441,9.409049,0.43145704,7.7482305,-1.0351545,0.19714674,0.010228882,0.24727325,0.011338848,0.09094134,-0.012149654,252.21396,249.50682,334.95633,0.6036974,3.8918426,0.07152023
2,18,10,0.07,0.119757324,0.04486701,0.06656847,0.008321848,0.10590917,-0.0022171743,9.817546,1.0647279,7.7723274,-1.0044465,0.21181834,-0.0044343485,0.25800866,0.027981432,0.091224164,-0.011789234,252.17993,249.23735,335.15585,-0.060281396,3.8918426,0.09979114
2,19,10,0.07,0.10892164,0.038957484,0.06153227,0.008431892,0.09868825,0.0064725117,9.438872,0.6775587,7.8235483,-0.99648595,0.1973765,0.012945023,0.248057,0.017806489,0.091825336,-0.011695798,252.12373,249.01508,334.2586,0.31892723,3.8918426,0.07826695
2,20,10,0.07,0.11375001,0.042880014,0.062359665,0.008510338,0.10353745,0.0027856776,9.502122,0.5374863,7.8598557,-0.99077374,0.2070749,0.005571355,0.24971917,0.014125338,0.092251495,-0.011628756,252.13942,249.00642,334.68018,0.45328742,3.8918426,0.07553903
2,21,10,0.07,0.12568161,0.05189063,0.06572042,0.008070565,0.11389758,-0.0026576163,9.75481,0.15824011,7.6540833,-1.0081391,0.22779515,-0.0053152326,0.25635993,0.004158591,0.08983632,-0.011832572,252.1807,249.21086,335.14386,0.84989905,3.9086726,0.097045794
2,22,10,0.07,0.10709539,0.038811166,0.06021958,0.00806464,0.09850275,0.005619358,9.337648,-0.21327163,7.6512733,-0.88586855,0.1970055,0.011238716,0.24539678,-0.005604867,0.08980334,-0.010397479,252.18279,249.28355,334.71933,1.0991402,3.9086726,0.07559089
2,23,10,0.07,0.10897757,0.04187673,0.058922537,0.008178309,0.102319025,0.0035137741,9.236542,-0.27439287,7.705005,-0.8198964,0.20463805,0.0070275483,0.24273965,-0.0072111543,0.090434,-0.009623167,252.23453,249.41954,335.23776,1.0942893,3.9086726,0.079557605
2,24,10,0.07,0.11643167,0.04792922,0.060827516,0.007674936,0.109463714,-0.0013613686,9.384665,0.025670215,7.4641194,-0.87522256,0.21892743,-0.0027227371,0.24663235,0.00067462586,0.08760671,-0.010272527,252.2751,249.57663,335.4881,0.84955233,3.9086726,0.10681305
2,25,10,0.07,0.09793426,0.034101453,0.056534313,0.007298502,0.09233289,0.0069941645,9.04742,-1.0529035,7.278771,-0.8246691,0.18466578,0.013988329,0.23776945,-0.027670678,0.08543127,-0.009679181,252.25682,249.54749,334.7635,1.8775727,3.9220402,0.089000456
2,26,10,0.07,0.100532934,0.034472525,0.058673006,0.0073874015,0.09283389,0.004936333,9.216962,-1.219064,7.3229666,-0.74587387,0.18566778,0.009872666,0.24222511,-0.032037433,0.085949995,-0.00875436,252.29608,249.67741,335.4419,1.9649379,3.9220402,0.09670836
2,27,10,0.07,0.11010682,0.040547013,0.061907094,0.007652709,0.10068145,-0.0012359837,9.467578,-0.67891437,7.453304,-0.7095774,0.2013629,-0.0024719674,0.24881136,-0.01784212,0.08747976,-0.008328343,252.31668,249.70451,335.9477,1.3884917,3.9220402,0.10553129
2,28,10,0.07,0.09290692,0.033159606,0.052426692,0.007320626,0.0910489,0.0058957776,8.712543,-0.82784855,7.289794,-0.71191376,0.1820978,0.011791555,0.22896875,-0.021756154,0.08556066,-0.008355761,252.29088,249.60738,335.18695,1.5397623,3.9220402,0.08355261
2,29,10,0.07,0.09723869,0.03777345,0.052459676,0.007005563,0.09717696,0.0009208745,8.715282,-1.477549,7.1312017,-0.5329083,0.19435392,0.001841749,0.22904077,-0.03883053,0.08369924,-0.0062547657,252.3286,249.6662,335.71323,2.0104573,3.9326844,0.0911174
2,30,10,0.07,0.11376518,0.04506653,0.061496917,0.007201729,0.1061444,-0.0053367517,9.436162,-1.0910999,7.230353,-0.6887554,0.2122888,-0.010673503,0.24798572,-0.028674513,0.084863,-0.00808395,252.37494,249.81248,335.96353,1.7798553,3.9326844,0.1058695
2,31,10,0.07,0.09960494,0.032231644,0.060177863,0.007195438,0.08976587,0.004331659,9.3344145,-1.6492321,7.2271953,-0.6924596,0.17953174,0.008663318,0.24531177,-0.043342404,0.084825926,-0.0081274295,252.37212,249.91698,335.34097,2.3416917,3.9326844,0.09629124
2,32,10,0.07,0.099185094,0.033770215,0.058213264,0.007201614,0.09188337,0.0015143038,9.180781,-1.8404226,7.230296,-0.51641154,0.18376674,0.0030286077,0.24127425,-0.04836696,0.08486232,-0.0060611446,252.38843,249.89197,336.09784,2.3568342,3.9326844,0.10195401
2,33,10,0.07,0.11130647,0.044249788,0.05995673,0.0070999577,0.10517817,-0.0063864444,9.317249,-1.8731865,7.179085,-0.43841934,0.21035634,-0.012772889,0.24486063,-0.049228024,0.084261246,-0.005145745,252.4035,249.8905,336.51712,2.311606,3.9388533,0.11184957
2,34,10,0.07,0.09694022,0.0335236,0.05630458,0.007112043,0.09154726,0.002333777,9.029018,-2.183422,7.185193,-0.38700074,0.18309452,0.004667554,0.23728587,-0.057381123,0.08433293,-0.0045422465,252.3863,249.90747,335.82654,2.570423,3.9388533,0.1034217
2,35,10,0.07,0.10833459,0.04047088,0.060199957,0.0076637566,0.100586876,0.00024266465,9.336127,-2.363654,7.458681,-0.30571914,0.20117375,0.0004853293,0.2453568,-0.062117673,0.087542884,-0.003588239,252.42409,250.02863,336.3297,2.669373,3.9388533,0.110713415
2,36,10,0.07,0.117294595,0.047025964,0.062298648,0.007969984,0.10842735,-0.0054857614,9.497471,-1.8678216,7.606238,-0.35319573,0.2168547,-0.010971523,0.24959697,-0.049087025,0.089274764,-0.0041454746,252.48195,250.24062,336.72565,2.2210174,3.9388533,0.11113753
2,37,10,0.07,0.10355212,0.037604373,0.058392625,0.00755512,0.09695923,0.0016632105,9.194914,-2.6166701,7.405628,-0.14143649,0.19391847,0.003326421,0.24164566,-0.068767026,0.086920194,-0.0016600448,252.50766,250.43684,336.26965,2.7581067,3.9409468,0.11647061
2,38,10,0.07,0.1053323,0.036372848,0.061667565,0.007291885,0.095358334,3.2675536e-5,9.4492445,-2.819478,7.2754703,-0.09092558,0.19071667,6.535107e-5,0.24832955,-0.0740969,0.085392535,-0.0010671965,252.55457,250.64014,336.96387,2.9104037,3.9409468,0.12071892
2,39,10,0.07,0.12121885,0.047350403,0.0663839,0.007484548,0.10880074,-0.0077621853,9.803926,-2.3277054,7.370959,-0.16090389,0.21760148,-0.015524371,0.25765073,-0.06117293,0.08651328,-0.0018885388,252.59833,250.75403,337.4828,2.4886093,3.9409468,0.11510042
2,40,10,0.07,0.10100886,0.034595113,0.058938004,0.0074757505,0.09299881,0.0019640233,9.237754,-2.6579282,7.3666263,-0.016027046,0.18599762,0.0039280467,0.2427715,-0.069851324,0.08646242,-0.00018811045,252.61157,250.86304,336.8956,2.6739552,3.9409468,0.1174149
2,41,10,0.07,0.10343842,0.03857189,0.05776744,0.00709909,0.09819864,-0.0010453514,9.145558,-3.1004932,7.1786466,0.1322823,0.19639727,-0.0020907028,0.24034858,-0.08148209,0.0842561,0.0015526023,252.67163,251.1046,337.4757,2.968211,3.939764,0.13005018
2,42,10,0.07,0.11880914,0.052876014,0.058368467,0.007564653,0.114973925,-0.007092577,9.193011,-2.6390982,7.410299,0.00079469004,0.22994785,-0.014185154,0.24159567,-0.06935645,0.086975016,9.326622e-6,252.69179,251.17638,337.74716,2.6383035,3.939764,0.12463058
2,43,10,0.07,0.09587736,0.033449028,0.054842737,0.0075855935,0.09144538,0.0010060893,8.9110365,-2.9461424,7.4205475,0.015537455,0.18289076,0.0020121785,0.23418526,-0.077425666,0.08709531,0.00018236433,252.67021,251.15509,337.00232,2.930605,3.939764,0.12495368
2,44,10,0.07,0.1053397,0.043163996,0.054152608,0.00802309,0.103879735,-0.00056507956,8.854792,-3.0427585,7.6315365,0.09951273,0.20775947,-0.0011301591,0.23270713,-0.079964794,0.0895717,0.0011679849,252.7007,251.24986,337.53067,2.9432456,3.939764,0.13076636
2,45,10,0.07,0.11217244,0.05007549,0.054109376,0.007987573,0.11188777,-0.008994821,8.851257,-2.659325,7.614627,0.111075275,0.22377554,-0.017989643,0.23261422,-0.06988801,0.08937322,0.0013036933,252.74818,251.40785,338.03867,2.5482497,3.9347708,0.12470362
2,46,10,0.07,0.09689734,0.035590347,0.05380388,0.007503113,0.09432702,0.0008157079,8.826235,-3.25446,7.380095,0.23506504,0.18865404,0.0016314158,0.23195663,-0.085528396,0.08662051,0.0027589672,252.79578,251.73532,337.70398,3.019395,3.9347708,0.134594
2,47,10,0.07,0.10592496,0.04143266,0.05696134,0.0075309593,0.10177507,0.00013574446,9.081524,-3.5026572,7.393777,0.32174695,0.20355015,0.0002714889,0.23866574,-0.09205111,0.0867811,0.0037763624,252.8721,252.02483,338.42984,3.18091,3.9347708,0.14277089
2,48,10,0.07,0.11875657,0.050979633,0.059154555,0.008622385,0.11289335,-0.005130667,9.254709,-3.050985,7.9114294,0.3888714,0.2257867,-0.010261334,0.2432171,-0.08018099,0.092856795,0.0045642047,252.93474,252.16722,338.94913,2.6621137,3.9347708,0.12942639
2,49,10,0.07,0.09984296,0.03425435,0.057342265,0.008246337,0.09253965,0.0016777242,9.11184,-3.2471678,7.736985,0.32521635,0.1850793,0.0033554484,0.23946245,-0.08533673,0.090809345,0.0038170777,252.94867,252.3999,338.3416,2.9219515,3.9259543,0.13087231
2,50,10,0.07,0.10987274,0.041948672,0.059770446,0.008153623,0.102406874,0.0015060834,9.302763,-3.4282355,7.6933684,0.3915204,0.20481375,0.0030121668,0.24447995,-0.09009527,0.090297416,0.0045952927,252.98062,252.52419,338.83072,3.036715,3.9259543,0.13782468
2,51,10,0.07,0.12399727,0.055705152,0.059665255,0.008626865,0.118009694,-0.006141159,9.294573,-3.0612364,7.9134836,0.4564017,0.23601939,-0.012282318,0.24426472,-0.0804504,0.09288092,0.005356812,253.04236,252.73557,339.48935,2.6048346,3.9259543,0.12697503
2,52,10,0.07,0.101197295,0.036499616,0.05608231,0.008615368,0.09552436,0.0019798689,9.011179,-3.5364087,7.908209,0.6848194,0.19104873,0.0039597377,0.23681703,-0.09293812,0.092819005,0.008037753,253.06572,252.89857,339.0323,2.8515892,3.9259543,0.14212543
2,53,10,0.07,0.10425155,0.04110354,0.05467108,0.008476926,0.101370044,0.001014092,8.897079,-3.4714801,7.8444123,0.6207471,0.20274009,0.002028184,0.23381847,-0.09123176,0.09207022,0.0072857393,253.1039,253.00229,339.45108,2.850733,3.9133282,0.13771689
2,54,10,0.07,0.11111809,0.04756181,0.054466803,0.009089488,0.10904335,-0.0071327602,8.880443,-3.1025429,8.122896,0.5620319,0.2180867,-0.0142655205,0.23338124,-0.081535935,0.09533881,0.0065965955,253.12915,253.01817,339.81097,2.540511,3.9133282,0.12707506
2,55,10,0.07,0.09542963,0.03170728,0.05462739,0.009094961,0.08903269,0.0013789751,8.893524,-3.4729245,8.125341,0.56651545,0.17806537,0.0027579502,0.23372503,-0.09126972,0.095367506,0.006649217,253.09659,252.99301,339.17877,2.906409,3.9133282,0.13820171
2,56,10,0.07,0.11191813,0.043560162,0.05899411,0.009363852,0.10435536,0.0015892937,9.242149,-3.5625062,8.244579,0.5479323,0.20871072,0.0031785874,0.24288704,-0.09362394,0.096767,0.006431109,253.06502,252.7711,339.311,3.0145738,3.9133282,0.14241982
2,57,10,0.07,0.12445451,0.051785335,0.06278087,0.009888306,0.11378196,-0.0072887028,9.53416,-2.783904,8.472317,0.29477775,0.22756392,-0.0145774055,0.25056112,-0.073162004,0.09943996,0.0034598233,253.0767,252.71706,339.4842,2.4891262,3.897639,0.11212926
2,58,10,0.07,0.108965255,0.03989143,0.05959897,0.00947485,0.09986419,0.0016989384,9.289409,-3.1162496,8.2933,0.27948323,0.19972838,0.0033978769,0.244129,-0.081896156,0.09733884,0.0032803097,253.06136,252.7118,338.793,2.8367662,3.897639,0.12628746
2,59,10,0.07,0.114933185,0.04461519,0.060925357,0.009392639,0.10561154,0.001222557,9.392208,-3.295324,8.257242,0.41696352,0.21122308,0.002445114,0.24683063,-0.086602315,0.096915625,0.004893922,253.08511,252.78548,339.2825,2.8783605,3.897639,0.13182563
2,60,10,0.07,0.11872339,0.048540182,0.060675256,0.00950795,0.11015918,-0.008876795,9.372911,-2.9645238,8.307774,0.40721154,0.22031836,-0.01775359,0.24632348,-0.07790876,0.09750872,0.0047794594,253.12004,252.9486,339.65826,2.5573123,3.897639,0.119286835
2,61,10,0.07,0.10476612,0.03962144,0.055622127,0.00952256,0.099525675,0.00010829585,8.974132,-2.665896,8.314156,0.45637783,0.19905135,0.0002165917,0.23584343,-0.07006071,0.09758361,0.005356531,253.10258,252.99643,339.00845,2.2095182,3.8795726,0.105919994
2,62,10,0.07,0.106922194,0.04212468,0.054918006,0.009879506,0.10262149,-0.00030681776,8.91715,-2.8942604,8.468546,0.6486793,0.20524298,-0.0006136355,0.23434591,-0.076062195,0.09939571,0.0076135793,253.11348,252.93118,339.73105,2.2455812,3.8795726,0.1138886
2,63,10,0.07,0.11548031,0.048807804,0.056014325,0.010658185,0.11046244,-0.010586904,9.005715,-2.4015176,8.795951,0.4662824,0.22092488,-0.021173809,0.23667346,-0.06311274,0.103238486,0.005472783,253.12752,252.91068,339.79538,1.9352353,3.8795726,0.0981902
2,64,10,0.07,0.10633395,0.035379685,0.059363596,0.011590668,0.09404744,0.00017313124,9.271048,-2.5680206,9.172664,0.5167737,0.18809488,0.00034626247,0.24364646,-0.0674885,0.107659966,0.0060654,253.1189,252.88719,339.01895,2.051247,3.8795726,0.10312406
2,65,10,0.07,0.119955786,0.04534153,0.062441982,0.0121722715,0.10646775,0.00052159483,9.50839,-1.9067167,9.3999815,0.3632902,0.2129355,0.0010431897,0.24988393,-0.05010921,0.11032802,0.0042639547,253.14267,252.87299,339.2986,1.5434265,3.8600428,0.08040393
2,66,10,0.07,0.13040186,0.052713346,0.06454935,0.013139169,0.11479694,-0.008148296,9.667509,-1.4852178,9.766191,0.25348747,0.22959387,-0.016296592,0.25406563,-0.039032046,0.114626214,0.0029751917,253.15956,252.8477,339.51862,1.2317303,3.8600428,0.06373376
2,67,10,0.07,0.12093918,0.041521743,0.06671903,0.012698406,0.101884425,-0.00068909547,9.828642,-1.6754893,9.6009865,0.23716104,0.20376885,-0.0013781909,0.25830027,-0.044032462,0.11268721,0.0027835658,253.13966,252.80035,338.7978,1.4383283,3.8600428,0.07673941
2,68,10,0.07,0.13359371,0.053135414,0.06811579,0.012342504,0.1152556,-0.0002194649,9.930991,-1.8091515,9.465485,0.15633862,0.2305112,-0.0004389298,0.26099002,-0.047545165,0.11109682,0.0018349512,253.19867,252.97873,339.07718,1.652813,3.8600428,0.07895548
2,69,10,0.07,0.14128232,0.06218202,0.066569485,0.012530813,0.124681614,-0.006971461,9.817622,-0.96691585,9.537418,-0.046714704,0.24936323,-0.013942922,0.25801063,-0.025410913,0.111941114,-0.0005482977,253.3119,253.49535,339.89117,1.0136305,3.838591,0.047538754
2,70,10,0.07,0.11928675,0.04219154,0.06452829,0.0125669325,0.10270289,0.0031807802,9.665932,-1.1857154,9.551155,0.16447186,0.20540579,0.0063615604,0.25402418,-0.031161038,0.11210233,0.0019304175,253.36438,253.79155,339.6335,1.0212436,3.838591,0.059122555
2,71,10,0.07,0.123956844,0.0488017,0.0629735,0.01218164,0.110455535,0.0009649884,9.548774,-1.3994114,9.403599,0.09767074,0.22091107,0.0019299767,0.2509452,-0.03677704,0.110370465,0.001146367,253.40556,253.92426,339.8886,1.3017406,3.838591,0.062332634
2,72,10,0.07,0.13629471,0.057178114,0.06671577,0.01240082,0.11955973,-0.0036168292,9.8284025,-1.2308329,9.48782,0.015793309,0.23911946,-0.0072336583,0.25829396,-0.032346725,0.11135897,0.00018536684,253.46263,254.11395,340.15143,1.2150396,3.838591,0.0498009
2,73,10,0.07,0.12632145,0.04834006,0.06537035,0.012611034,0.109931864,0.00393763,9.728797,-0.8047152,9.567899,-0.15932858,0.21986373,0.00787526,0.25567627,-0.021148214,0.11229886,-0.0018700494,253.46687,254.13242,339.57245,0.9640438,3.8168159,0.044161037
2,74,10,0.07,0.13349016,0.05370766,0.06678553,0.012996977,0.115874566,0.003830039,9.833538,-0.9287986,9.713201,0.00012499877,0.23174913,0.007660078,0.25842896,-0.024409173,0.114004284,1.471452e-6,253.512,254.29178,340.2055,0.9286736,3.8168159,0.052049667
2,75,10,0.07,0.14503942,0.063059516,0.068366244,0.013613653,0.12555827,-0.0041674282,9.949232,-0.6798096,9.940966,0.04257942,0.25111654,-0.0083348565,0.2614694,-0.017865652,0.11667756,0.0004997639,253.5407,254.39087,340.73083,0.63723016,3.8168159,0.035606463
2,76,10,0.07,0.12782305,0.046048574,0.06912147,0.012653014,0.10729466,0.0038964327,10.004034,-0.9303037,9.58381,0.034229778,0.21458931,0.0077928654,0.26290962,-0.024448723,0.11248562,0.00040175216,253.50432,254.36057,340.1137,0.89607394,3.8168159,0.056150433
2,77,10,0.07,0.13262847,0.051044703,0.06926102,0.012322747,0.112965375,0.00075826567,10.014128,-0.33580032,9.457906,-0.19554138,0.22593075,0.0015165313,0.2631749,-0.008824941,0.11100787,-0.0022950678,253.48753,254.21957,340.41565,0.5313417,3.795523,0.05280766
2,78,10,0.07,0.14302024,0.059544895,0.07097378,0.012501561,0.12200911,-0.006935477,10.13719,0.14429112,9.526279,-0.3679324,0.24401823,-0.013870954,0.26640904,0.003792021,0.11181038,-0.004318437,253.48051,254.1235,340.51807,0.22364129,3.795523,0.04124294
2,79,10,0.07,0.1305786,0.04395873,0.074038945,0.012580931,0.10483169,0.0026646566,10.353776,0.12070288,9.556472,-0.38400453,0.20966338,0.005329313,0.27210099,0.003172128,0.11216475,-0.0045070816,253.42183,253.9053,339.58136,0.26330167,3.795523,0.054974195
2,80,10,0.07,0.14761905,0.057582375,0.076577336,0.013459346,0.11998164,0.0001226882,10.529767,0.13326164,9.884465,-0.367378,0.23996328,0.0002453764,0.2767261,0.0035021617,0.11601442,-0.0043119253,253.43361,253.84236,339.8714,0.23411636,3.795523,0.053685956
2,81,10,0.07,0.15407215,0.062382106,0.076664545,0.0150255,0.12488205,-0.0067781834,10.535762,0.8830101,10.44373,-0.4931314,0.2497641,-0.013556367,0.27688363,0.023205824,0.12257855,-0.0057879025,253.51006,254.09206,340.50806,-0.3898787,3.7734551,0.058527634
2,82,10,0.07,0.13240397,0.045583963,0.072715916,0.014104096,0.10675201,0.001953784,10.260851,0.46667942,10.118447,-0.46870175,0.21350402,0.003907568,0.2696589,0.012264498,0.11876067,-0.0055011692,253.54715,254.30724,340.07822,0.002022326,3.7734551,0.061456602
2,83,10,0.07,0.13774262,0.053366367,0.07069293,0.013683336,0.11550581,0.0005194327,10.117114,0.25944242,9.966375,-0.3757395,0.23101161,0.0010388654,0.26588142,0.006818237,0.11697579,-0.004410074,253.61423,254.5898,340.64734,0.116297096,3.7734551,0.052310895
2,84,10,0.07,0.14295581,0.054342173,0.073834166,0.014779471,0.11655704,-0.0066718883,10.339448,0.5315852,10.357876,-0.33629447,0.23311408,-0.013343777,0.27172443,0.01397026,0.12157085,-0.0039471113,253.63148,254.599,340.98004,-0.19529074,3.7734551,0.044518378
2,85,10,0.07,0.13671972,0.045932047,0.076315135,0.014472533,0.10715882,0.0033021558,10.511724,0.96110255,10.249755,-0.5393561,0.21431763,0.0066043115,0.27625194,0.025258128,0.12030184,-0.0063304347,253.59174,254.43427,340.06412,-0.42174643,3.7514684,0.060472596
2,86,10,0.07,0.14411825,0.053784054,0.07656247,0.013771725,0.11595695,0.0015587548,10.528746,1.0390521,9.998511,-0.6175383,0.2319139,0.0031175097,0.27669924,0.027306657,0.11735299,-0.007248079,253.60043,254.39368,340.11237,-0.42151386,3.7514684,0.060800355
2,87,10,0.07,0.16659798,0.07476477,0.07756166,0.0142715415,0.13671574,-0.0073147435,10.597227,1.3542998,10.178332,-0.73633766,0.27343148,-0.014629487,0.27849895,0.035591472,0.119463556,-0.00864243,253.61801,254.41698,340.4094,-0.6179621,3.7514684,0.071035765
2,88,10,0.07,0.1418906,0.045852594,0.0817932,0.014244811,0.107066095,0.0004981882,10.882464,1.098784,10.168796,-0.7183237,0.21413219,0.0009963764,0.2859951,0.028876439,0.119351625,-0.008431002,253.5784,254.35114,339.71912,-0.38046026,3.7514684,0.067549326
2,89,10,0.07,0.15326881,0.05380981,0.08539035,0.014068644,0.11598471,0.00018960242,11.119188,1.3490596,10.105722,-0.848637,0.23196942,0.00037920484,0.29221627,0.035453774,0.11861131,-0.00996049,253.55197,254.16458,339.78378,-0.5004226,3.7312584,0.074358195
2,90,10,0.07,0.1719165,0.06811827,0.08903919,0.014759042,0.13049738,-0.0073444494,11.354272,1.612081,10.350714,-0.8831195,0.26099476,-0.014688899,0.29839435,0.042366065,0.1214868,-0.010365214,253.52896,254.01756,340.00095,-0.7289615,3.7312584,0.08514989
2,91,10,0.07,0.14968958,0.049221914,0.0855295,0.014938177,0.11093006,0.0023121117,11.128244,1.406944,10.413339,-0.75367135,0.22186013,0.0046242233,0.29245427,0.036974993,0.122221835,-0.008845873,253.50525,253.99617,339.47885,-0.6532727,3.7312584,0.082386896
2,92,10,0.07,0.15668224,0.05791638,0.08396489,0.014800968,0.12032911,-0.0001575034,11.025989,1.3344084,10.365405,-0.76643956,0.24065822,-0.0003150068,0.28976697,0.03506873,0.12165923,-0.008995745,253.56073,254.13425,339.96347,-0.56796885,3.7312584,0.073870614
2,93,10,0.07,0.16880731,0.06597249,0.08790368,0.014931148,0.12842555,-0.0076804184,11.281639,1.7582204,10.410889,-0.8523886,0.2568511,-0.015360837,0.29648554,0.046206668,0.122193076,-0.010004528,253.64201,254.52588,340.55872,-0.9058318,3.7128353,0.08487695
2,94,10,0.07,0.1480301,0.047695618,0.08584197,0.014492517,0.10919663,0.0024627773,11.148553,1.3738747,10.256829,-0.7411869,0.21839327,0.0049255546,0.292988,0.03610593,0.12038487,-0.008699352,253.65584,254.68521,340.19812,-0.63268775,3.7128353,0.07605769
2,95,10,0.07,0.1541964,0.05409813,0.08602977,0.014068506,0.116295025,0.000739853,11.160741,1.3420432,10.105672,-0.5930868,0.23259005,0.001479706,0.29330832,0.035269372,0.11861073,-0.006961088,253.6974,254.83339,340.67838,-0.7489564,3.7128353,0.07381629
2,96,10,0.07,0.17406261,0.07081555,0.08805715,0.015189923,0.13305596,-0.0060948557,11.291483,1.8307252,10.500718,-0.6051688,0.2661119,-0.012189711,0.29674426,0.048112098,0.12324741,-0.007102901,253.7021,254.76065,340.8797,-1.2255564,3.7128353,0.08945726
2,97,10,0.07,0.15792662,0.050256003,0.091588296,0.016082311,0.112089254,0.0035825486,11.5156555,1.935129,10.804768,-0.40436932,0.22417851,0.007165097,0.30263558,0.050855886,0.12681605,-0.0047460976,253.66876,254.6699,340.28137,-1.5307597,3.6965911,0.091212325
2,98,10,0.07,0.17023778,0.062758625,0.0917412,0.015737949,0.12525836,0.00013360799,11.525264,1.8509638,10.688464,-0.4935067,0.2505167,0.00026721598,0.3028881,0.048643988,0.12545098,-0.005792312,253.70079,254.7385,340.5809,-1.3574572,3.6965911,0.08710349
2,99,10,0.07,0.18572229,0.07199786,0.09825984,0.015464606,0.13416208,-0.005126081,11.9277,2.0269144,10.595238,-0.62894106,0.26832417,-0.010252162,0.31346425,0.05326802,0.12435677,-0.0073819016,253.72261,254.84114,340.70285,-1.3979733,3.6965911,0.09333925
2,100,10,0.07,0.16539441,0.04796961,0.10152333,0.015901463,0.109509826,0.0017280303,12.124158,1.8799152,10.743845,-0.57865876,0.21901965,0.0034560605,0.31862727,0.04940483,0.126101,-0.0067917383,253.6745,254.70213,339.89062,-1.3012564,3.6965911,0.096698105
3,1,10,0.049,0.15588398,0.05262876,0.08467523,0.018579984,0.114704795,0.0033997835,11.07253,1.9941494,11.613521,0.70902663,0.22940959,0.006799567,0.29099008,0.052406967,0.13630842,0.008321885,253.85855,255.33807,342.04742,-2.703176,3.6829422,0.08946966
3,2,10,0.049,0.153398,0.055982344,0.08124788,0.016167782,0.11830294,-0.0018997075,10.8461275,2.0047283,10.83344,0.53660506,0.23660588,-0.003799415,0.28504014,0.052684985,0.12715259,0.0062981616,253.80159,255.06902,342.0885,-2.5413334,3.6829422,0.094015
3,3,10,0.049,0.17746831,0.07798437,0.08320347,0.016280467,0.13962841,-0.0077021364,10.975881,2.583984,10.871128,0.32096276,0.27925682,-0.015404273,0.28845012,0.067908034,0.12759493,0.0037671532,253.71303,254.55504,341.8879,-2.9049466,3.6829422,0.11958137
3,4,10,0.049,0.14354734,0.045490116,0.08275433,0.015302892,0.10664206,0.00024061328,10.946217,2.4579551,10.539693,0.02942619,0.21328412,0.00048122657,0.28767052,0.06459595,0.12370486,0.00034537702,253.57932,254.07188,340.37338,-2.4873812,3.6829422,0.102270015
3,5,10,0.049,0.15464851,0.053595547,0.08595507,0.015097904,0.11575356,-0.0030280366,11.155896,2.2323937,10.468863,-0.071171,0.23150712,-0.006056073,0.29318094,0.058668092,0.12287353,-0.0008353368,253.51993,253.7725,340.47064,-2.1612227,3.6743975,0.09980271
3,6,10,0.049,0.17874724,0.073782705,0.089386545,0.015577987,0.13581486,-0.01044883,11.376398,2.5771987,10.634006,-0.19334657,0.27162972,-0.02089766,0.29897583,0.067729734,0.124811806,-0.0022693234,253.50975,253.71101,340.59967,-2.3838522,3.6743975,0.1211567
3,7,10,0.049,0.13651092,0.047231045,0.07444285,0.014837024,0.10866352,0.0008276493,10.38198,2.194597,10.378022,-0.074759744,0.21732704,0.0016552986,0.27284217,0.05767479,0.12180732,-0.0008774502,253.48619,253.70284,340.0035,-2.1198373,3.6743975,0.08965198
3,8,10,0.049,0.1394656,0.055700585,0.06975502,0.014010001,0.11800486,-0.0027128349,10.049776,1.993588,10.084637,0.03676243,0.23600972,-0.0054256697,0.26411176,0.0523922,0.11836385,0.0004314702,253.50252,253.68643,340.68323,-2.0303504,3.6743975,0.090497956
3,9,10,0.049,0.1632307,0.07772413,0.07200729,0.01349927,0.13939524,-0.008808829,10.210733,2.343895,9.899115,-0.20340398,0.27879047,-0.017617658,0.26834175,0.061598383,0.11618636,-0.00238736,253.50659,253.63718,340.7845,-2.140491,3.6678796,0.12189103
3,10,10,0.049,0.124488845,0.041473284,0.07002397,0.012991596,0.101824954,0.002758796,10.069132,2.2205315,9.711191,-0.14130564,0.20364991,0.005517592,0.26462042,0.05835635,0.11398068,-0.0016585143,253.47427,253.50345,339.97006,-2.0792258,3.6678796,0.09353049
3,11,10,0.049,0.1410681,0.055312887,0.07262875,0.013126469,0.11759346,-0.0014214654,10.254702,2.2403977,9.76147,-0.1825053,0.23518692,-0.0028429308,0.26949722,0.058878444,0.114570804,-0.0021420754,253.51877,253.64925,340.28247,-2.0578923,3.6678796,0.102499075
3,12,10,0.049,0.15346032,0.07061309,0.07029813,0.012549097,0.13286562,-0.006465215,10.088825,2.4741595,9.5443735,-0.20965853,0.26573125,-0.01293043,0.26513794,0.06502179,0.11202275,-0.0024607687,253.59996,254.01227,340.70694,-2.2645009,3.6678796,0.12779997
3,13,10,0.049,0.11485619,0.042399805,0.06070301,0.011753376,0.102956064,0.0052779866,9.375054,1.9869063,9.23682,-0.10242008,0.20591213,0.010555973,0.24637981,0.052216623,0.10841299,-0.0012021065,253.6261,254.23418,340.45316,-1.8844862,3.664224,0.09106839
3,14,10,0.049,0.12472119,0.050790794,0.062652424,0.011277972,0.11268406,0.0017871619,9.524401,1.8127013,9.048085,0.00455575,0.22536813,0.0035743238,0.25030467,0.04763846,0.1061978,5.34756e-5,253.62767,254.23161,340.92496,-1.817257,3.664224,0.102029264
3,15,10,0.049,0.15418513,0.07442475,0.06890582,0.010854564,0.1364045,-0.0040170946,9.988417,2.1715505,8.8766165,-0.09165215,0.272809,-0.008034189,0.26249918,0.057069115,0.10418524,-0.0010757241,253.5739,253.98766,340.99295,-2.0798984,3.664224,0.12757511
3,16,10,0.049,0.12058613,0.04277708,0.067522146,0.010286897,0.103413105,0.0044809915,9.887621,1.9318516,8.641386,-0.101980805,0.20682621,0.008961983,0.25985023,0.05076977,0.101424344,-0.0011969431,253.49854,253.73709,340.16327,-1.8298708,3.664224,0.096987
3,17,10,0.049,0.12434138,0.045578666,0.0683161,0.010446616,0.1067458,0.0009614653,9.9455805,1.6419808,8.708213,-0.207647,0.2134916,0.0019229306,0.2613735,0.043151855,0.10220869,-0.002437163,253.45432,253.43826,340.49582,-1.4343338,3.663911,0.090077884
3,18,10,0.049,0.15322757,0.07391834,0.06905105,0.010258174,0.13593964,-0.004697644,9.998936,2.0868936,8.629313,-0.50324595,0.2718793,-0.009395288,0.26277566,0.05484433,0.10128264,-0.0059066154,253.37251,253.01077,340.24768,-1.5836476,3.663911,0.1063642
3,19,10,0.049,0.112620346,0.03937113,0.06399159,0.009257623,0.0992108,0.0028856753,9.625652,1.9223255,8.19768,-0.63624364,0.1984216,0.0057713506,0.2529656,0.05051942,0.096216545,-0.0074676177,253.29073,252.74692,339.0939,-1.2860818,3.663911,0.08538592
3,20,10,0.049,0.11514861,0.044184815,0.062458567,0.0085052345,0.10510092,-0.0017376582,9.509653,1.9634378,7.8574996,-0.611528,0.21020184,-0.0034753163,0.24991712,0.05159986,0.09222383,-0.007177526,253.29097,252.69974,339.43552,-1.3519099,3.663911,0.101204045
3,21,10,0.049,0.12857465,0.05896422,0.061552197,0.008058236,0.12141275,-0.0067823627,9.440401,2.0926585,7.6482353,-0.8622942,0.2428255,-0.013564725,0.24809715,0.054995816,0.08976768,-0.01012079,253.26288,252.56593,339.48572,-1.2303643,3.6667795,0.10772669
3,22,10,0.049,0.10062996,0.03448615,0.058020167,0.008123644,0.092852235,0.0039141467,9.165543,1.809638,7.679211,-0.8094609,0.18570447,0.007828293,0.24087375,0.047557957,0.09013126,-0.009500677,253.1937,252.32846,338.62067,-1.0001771,3.6667795,0.076985925
3,23,10,0.049,0.10427722,0.03931726,0.056577023,0.00838294,0.0991429,8.093663e-5,9.050837,1.7163868,7.8008046,-0.7886628,0.1982858,0.00016187326,0.23785925,0.045107253,0.0915584,-0.009256573,253.18541,252.24187,338.98737,-0.927724,3.6667795,0.08803873
3,24,10,0.049,0.12664202,0.06244615,0.056177534,0.008018326,0.12494614,-0.005778467,9.018826,2.094472,7.6292715,-0.93097484,0.24989228,-0.011556934,0.237018,0.055043478,0.08954511,-0.010926897,253.16357,252.09766,339.06424,-1.1634971,3.6667795,0.11590625
3,25,10,0.049,0.091034174,0.03130202,0.051782392,0.007949763,0.08846188,0.0041443394,8.65884,1.5243355,7.5965834,-0.9782562,0.17692377,0.008288679,0.22755745,0.040060095,0.08916144,-0.0114818355,253.09564,251.87654,338.179,-0.5460793,3.6734514,0.0657523
3,26,10,0.049,0.09950804,0.039269354,0.05268696,0.0075517246,0.099082485,6.7660905e-5,8.734141,1.4290866,7.4039636,-1.0851208,0.19816497,0.00013532181,0.2295364,0.037556898,0.08690066,-0.012736111,253.06416,251.72136,338.2684,-0.34396577,3.6734514,0.07193045
3,27,10,0.049,0.11295499,0.052591976,0.05345024,0.0069127716,0.1146647,-0.0043807505,8.79718,1.7882776,7.083817,-1.1882807,0.2293294,-0.008761501,0.23119308,0.046996582,0.08314308,-0.013946904,253.05498,251.64816,338.366,-0.5999969,3.6734514,0.10178722
3,28,10,0.049,0.089815095,0.034208484,0.049012955,0.006593657,0.09247768,0.0053542927,8.424111,1.5666461,6.9183793,-1.1834316,0.18495536,0.010708585,0.2213887,0.041172016,0.08120134,-0.013889988,253.02975,251.64224,337.67648,-0.38321447,3.6734514,0.06785732
3,29,10,0.049,0.08416097,0.03270324,0.045646407,0.0058113215,0.09042019,0.0012401429,8.129652,1.2037696,6.4949923,-1.0984905,0.18084037,0.0024802857,0.2136502,0.031635497,0.07623202,-0.012893031,253.03227,251.63368,338.2388,-0.10527909,3.6841269,0.056198213
3,30,10,0.049,0.098907396,0.049725946,0.04399209,0.005189362,0.111496575,-0.003827272,7.980975,1.6493639,6.1375947,-1.2325372,0.22299315,-0.007654544,0.20974292,0.04334588,0.07203723,-0.014466343,253.01472,251.51839,338.3608,-0.41682673,3.6841269,0.08962555
3,31,10,0.049,0.071338184,0.029091498,0.03746033,0.0047863573,0.08528115,0.004598603,7.36469,1.351248,5.8944564,-1.1903492,0.1705623,0.009197206,0.19354671,0.03551128,0.069183506,-0.013971186,252.97356,251.33798,337.60013,-0.1608988,3.6841269,0.05579175
3,32,10,0.049,0.07857902,0.030835692,0.04286954,0.004873787,0.08780047,0.0008713972,7.878492,1.3613834,5.9480476,-1.2987587,0.17560095,0.0017427944,0.20704961,0.035777647,0.069812514,-0.015243591,252.97285,251.27106,337.7156,-0.06262469,3.6841269,0.06042668
3,33,10,0.049,0.09152612,0.03919966,0.047343664,0.0049827993,0.09899452,-0.0022095244,8.279414,1.2772737,6.0142007,-1.469084,0.19798905,-0.004419049,0.217586,0.03356722,0.07058895,-0.017242705,252.95146,251.17598,337.58972,0.19181037,3.6987383,0.065887794
3,34,10,0.049,0.08087933,0.028435059,0.046861693,0.005582579,0.08431349,0.0059407926,8.237163,1.0607389,6.3658824,-1.5933473,0.16862698,0.011881585,0.21647562,0.027876599,0.07471666,-0.018701186,252.88416,251.00351,336.51392,0.5326084,3.6987383,0.046932735
3,35,10,0.049,0.082887374,0.029512184,0.047283255,0.006091938,0.08589555,0.0026017963,8.274131,1.18567,6.6499586,-1.5659525,0.1717911,0.0052035926,0.21744713,0.031159837,0.07805087,-0.018379655,252.85945,250.76567,336.63736,0.38028252,3.6987383,0.049997758
3,36,10,0.049,0.09300366,0.040096715,0.04693919,0.005967752,0.10012082,-0.0029291888,8.24397,1.5383369,6.581829,-1.6594253,0.20024164,-0.0058583776,0.21665454,0.040428035,0.077251226,-0.019476749,252.86215,250.71428,336.7779,0.121088386,3.6987383,0.07701006
3,37,10,0.049,0.078410305,0.029530788,0.04307095,0.005808567,0.08592262,0.006777024,7.8969774,0.75301105,6.4934535,-1.3019236,0.17184524,0.013554048,0.20753542,0.0197894,0.076213956,-0.015280736,252.86679,250.83392,336.3688,0.5489126,3.7169168,0.034206375
3,38,10,0.049,0.07893217,0.028083978,0.044856478,0.005991722,0.083791375,0.0039220625,8.059003,0.67791843,6.595034,-1.164987,0.16758275,0.007844125,0.21179348,0.017815942,0.07740621,-0.013673503,252.88171,250.87105,336.89963,0.48706853,3.7169168,0.02884705
3,39,10,0.049,0.09047309,0.034940764,0.04897438,0.0065579517,0.09346224,-0.0018417218,8.420795,1.0779133,6.899623,-1.3858942,0.18692449,-0.0036834436,0.22130156,0.028327957,0.08098118,-0.016266303,252.82208,250.61887,336.75818,0.3079809,3.7169168,0.05571758
3,40,10,0.049,0.081680275,0.029474908,0.04494712,0.007258242,0.08584129,0.007026964,8.067141,0.95646435,7.258668,-1.6071734,0.17168258,0.014053928,0.21200736,0.025136225,0.08519532,-0.018863466,252.71277,250.19678,335.56802,0.6507091,3.7169168,0.05269962
3,41,10,0.049,0.08445971,0.0313095,0.04577131,0.0073788986,0.088472456,0.0040600887,8.140767,0.6423979,7.318751,-1.4468732,0.17694491,0.008120177,0.2139423,0.016882446,0.085900515,-0.016982015,252.68797,250.03941,335.6239,0.8044753,3.7382324,0.054535132
3,42,10,0.049,0.09413977,0.043182388,0.04371627,0.007241115,0.10390186,-0.0019387711,7.9559164,1.001924,7.2500997,-1.6351771,0.20780373,-0.0038775422,0.20908436,0.026330922,0.08509474,-0.01919215,252.65373,249.89667,335.56683,0.6332531,3.7382324,0.07021932
3,43,10,0.049,0.07666335,0.031584382,0.03830387,0.0067751002,0.088859975,0.0057920157,7.447148,0.66669905,7.012923,-1.5635723,0.17771995,0.011584031,0.19571374,0.017521089,0.082311,-0.01835172,252.62013,249.84,335.01184,0.89687324,3.7382324,0.06908597
3,44,10,0.049,0.08048974,0.032943107,0.040979084,0.0065675545,0.09075118,0.0021706533,7.7028203,0.56736606,6.9046717,-1.551428,0.18150236,0.0043413066,0.20243292,0.014910586,0.08104045,-0.01820918,252.63324,249.90321,335.4496,0.9840619,3.7382324,0.058732435
3,45,10,0.049,0.09431731,0.044469193,0.04332067,0.006527446,0.1054386,-0.00080854335,7.919837,0.52542806,6.8835564,-1.1278384,0.2108772,-0.0016170867,0.20813619,0.013808434,0.08079261,-0.013237489,252.62912,249.84195,335.6471,0.6024103,3.7616737,0.064242765
3,46,10,0.049,0.08445446,0.03838851,0.039345052,0.0067209033,0.09796493,0.008318707,7.547685,0.276292,6.984817,-0.96236575,0.19592986,0.016637415,0.19835587,0.007261056,0.081981115,-0.011295332,252.61092,249.71584,335.0917,0.6860738,3.7616737,0.06727407
3,47,10,0.049,0.08619709,0.039949257,0.03946411,0.0067837206,0.09993655,0.006137819,7.5590954,0.21482845,7.017383,-0.8426183,0.1998731,0.012275638,0.19865575,0.005645771,0.082363345,-0.009889846,252.64954,249.84348,335.62878,0.62778986,3.7616737,0.056585863
3,48,10,0.049,0.10025424,0.04562476,0.04747231,0.007157168,0.10679977,0.0010382995,8.290655,0.5653356,7.207951,-1.0901108,0.21359953,0.002076599,0.21788141,0.014857223,0.08460005,-0.01279468,252.62119,249.83327,335.5236,0.5247752,3.7616737,0.065656945
3,49,10,0.049,0.09857753,0.042255457,0.048128057,0.008194015,0.10278066,0.011158447,8.34772,-0.015215402,7.7124004,-0.76875615,0.20556132,0.022316894,0.21938108,-0.0003998713,0.0905208,-0.009022926,252.55386,249.63286,334.442,0.78397155,3.7861352,0.09071726
3,50,10,0.049,0.10108711,0.042523246,0.049829658,0.008734204,0.10310583,0.010197389,8.494007,0.12781925,7.962562,-0.7041224,0.20621166,0.020394778,0.22322558,0.003359137,0.09345696,-0.008264316,252.54828,249.5666,334.7128,0.5763032,3.7861352,0.08733201
3,51,10,0.049,0.11204205,0.048293456,0.05442832,0.009320265,0.10987886,0.004172623,8.877305,0.5209933,8.225367,-0.8209855,0.21975772,0.008345246,0.23329878,0.013691893,0.09654152,-0.009635943,252.564,249.64067,334.95264,0.2999922,3.7861352,0.082036495
3,52,10,0.049,0.11172792,0.044183943,0.057649296,0.009894682,0.10509989,0.011084306,9.136201,0.16159497,8.475047,-0.8835325,0.21019977,0.022168612,0.24010268,0.004246774,0.099472016,-0.010370057,252.5664,249.70387,334.36084,0.72193754,3.7861352,0.10224791
3,53,10,0.049,0.11947904,0.045774955,0.06338547,0.010318614,0.106975414,0.01064302,9.579956,-0.2679088,8.654697,-0.1919464,0.21395083,0.02128604,0.2517647,-0.0070407465,0.101580575,-0.002252887,252.6048,249.85709,334.93698,0.4598552,3.8103528,0.08653038
3,54,10,0.049,0.1290558,0.049644966,0.06763014,0.011780693,0.11140575,0.006487258,9.895524,-0.13948976,9.247548,-0.3244003,0.2228115,0.012974516,0.26005796,-0.0036658302,0.1085389,-0.0038075037,252.60054,249.92131,334.9207,0.46389008,3.8103528,0.07100212
3,55,10,0.049,0.12682654,0.04896069,0.06480394,0.013061915,0.11063531,0.013759412,9.686556,-0.39922965,9.737436,-0.41348854,0.22127062,0.027518824,0.2545662,-0.010491896,0.11428873,-0.004853139,252.54633,249.74765,333.9865,0.81271815,3.8103528,0.10955593
3,56,10,0.049,0.11992456,0.049767464,0.056823377,0.01333372,0.11154311,0.010823061,9.07052,-0.561722,9.838228,-0.4734414,0.22308622,0.021646122,0.23837654,-0.014762253,0.11547173,-0.0055568013,252.57066,249.77127,334.36002,1.0351634,3.8103528,0.10657053
3,57,10,0.049,0.114448935,0.04755071,0.054496583,0.012401643,0.10903063,0.0067838905,8.882869,-0.74011624,9.488133,-0.0939533,0.21806125,0.013567781,0.23344503,-0.019450514,0.111362666,-0.0011027292,252.5858,249.90329,334.6074,0.83406955,3.833217,0.09172901
3,58,10,0.049,0.11530034,0.05145468,0.05210461,0.011741055,0.11341812,0.01523563,8.685739,-1.0271538,9.231977,-0.049067795,0.22683623,0.03047126,0.22826435,-0.026993979,0.10835615,-0.00057591335,252.53258,249.77386,334.0045,1.0762217,3.833217,0.11627856
3,59,10,0.049,0.113085255,0.054007944,0.048043694,0.011033621,0.11619805,0.011447473,8.3404,-0.9458568,8.94953,0.024170693,0.2323961,0.022894947,0.21918872,-0.024857456,0.10504104,0.00028369404,252.50339,249.51642,334.30133,0.9216861,3.833217,0.10752231
3,60,10,0.049,0.115004964,0.05280797,0.051502146,0.010694845,0.114899926,0.007195721,8.635378,-0.5941714,8.811067,-0.015992599,0.22979985,0.014391442,0.22694084,-0.015615035,0.103415884,-0.00018769804,252.50916,249.51453,334.44446,0.610164,3.833217,0.0856757
3,61,10,0.049,0.113798864,0.05256978,0.05107615,0.010152926,0.114640504,0.014944216,8.59959,-1.1353024,8.584931,0.44541377,0.22928101,0.029888432,0.22600034,-0.029836167,0.10076173,0.0052278414,252.47163,249.4489,333.84875,0.68988866,3.8544583,0.10198676
3,62,10,0.049,0.112420075,0.04881174,0.053358063,0.0102502685,0.1104669,0.0124257635,8.789592,-1.2586638,8.625987,0.5414591,0.2209338,0.024851527,0.23099364,-0.033078134,0.10124361,0.00635513,252.43872,249.27545,334.285,0.7172047,3.8544583,0.090996765
3,63,10,0.049,0.10984355,0.044588868,0.05488021,0.010374469,0.10558038,0.008300339,8.91408,-1.0579373,8.67809,0.43423045,0.21116076,0.016600678,0.23426525,-0.02780297,0.10185514,0.005096592,252.36604,248.97574,334.1953,0.6237068,3.8544583,0.07285565
3,64,10,0.049,0.117296904,0.04921308,0.056801412,0.011282418,0.11092011,0.014447845,9.068768,-1.1439162,9.04987,0.30678567,0.22184022,0.02889569,0.23833047,-0.030062534,0.106218725,0.0036007492,252.27167,248.67038,333.19424,0.83713055,3.8544583,0.10511623
3,65,10,0.049,0.12757047,0.053509355,0.061168905,0.012892205,0.115660444,0.012459837,9.410962,-1.1608727,9.673972,0.68031853,0.23132089,0.024919674,0.24732348,-0.030508159,0.113543846,0.007984925,252.25375,248.56439,333.44904,0.48055416,3.8735387,0.093794025
3,66,10,0.049,0.13196275,0.04839824,0.06924498,0.014319532,0.109998,0.007807905,10.012968,-0.85564834,10.195433,0.4901835,0.219996,0.01561581,0.2631444,-0.02248676,0.119664244,0.0057533006,252.27318,248.67645,333.35532,0.36546484,3.8735387,0.06580086
3,67,10,0.049,0.13664827,0.054415096,0.06727997,0.014953199,0.11663522,0.015458949,9.869873,-1.2004188,10.418573,0.5498332,0.23327044,0.030917898,0.25938383,-0.031547446,0.12228327,0.0064534177,252.28177,248.83212,332.95636,0.65058565,3.8735387,0.10845338
3,68,10,0.049,0.14645298,0.058311276,0.07242393,0.015717775,0.12073864,0.012682673,10.24023,-1.3652164,10.681611,0.53483474,0.24147728,0.025365345,0.26911694,-0.035878398,0.12537055,0.006277383,252.29169,248.94524,333.35077,0.83038163,3.8735387,0.10839146
3,69,10,0.049,0.14861102,0.05620984,0.075857185,0.016543997,0.11854307,0.008142656,10.480139,-1.197735,10.958761,0.4603583,0.23708615,0.016285311,0.27542183,-0.03147691,0.12862347,0.005403244,252.2601,248.93245,333.16293,0.7373767,3.889822,0.075937815
3,70,10,0.049,0.1432457,0.05462699,0.07191069,0.016708015,0.11686209,0.01352306,10.203881,-1.3513213,11.01295,0.3771561,0.23372418,0.02704612,0.26816168,-0.035513222,0.12925948,0.004426696,252.21921,248.77809,332.26935,0.9741652,3.889822,0.0995768
3,71,10,0.049,0.15035163,0.05906671,0.07427074,0.017014181,0.12151822,0.012764175,10.369972,-1.513174,11.113395,0.53800625,0.24303643,0.02552835,0.2725266,-0.039766755,0.13043842,0.006314605,252.25604,248.84967,332.92673,0.9751678,3.889822,0.096707195
3,72,10,0.049,0.14540814,0.053637996,0.075389974,0.016380176,0.11579939,0.007426105,10.447813,-1.123332,10.904368,0.5133807,0.23159878,0.01485221,0.27457234,-0.029521571,0.12798506,0.0060255746,252.27377,248.80272,333.1156,0.6099513,3.889822,0.06664523
3,73,10,0.049,0.14171763,0.055147737,0.07056587,0.016004017,0.117417775,0.012986858,10.108018,-1.455973,10.778436,0.6339198,0.23483555,0.025973717,0.26564237,-0.038263515,0.12650698,0.007440343,252.28294,248.86435,332.6708,0.82205325,3.9037085,0.083195314
3,74,10,0.049,0.14376874,0.059396807,0.06843973,0.015932204,0.1218573,0.009086053,9.9545765,-1.5288775,10.754226,0.6373388,0.2437146,0.018172106,0.26160988,-0.040179454,0.12622283,0.007480477,252.29417,248.94778,333.0116,0.8915387,3.9037085,0.07940778
3,75,10,0.049,0.14476907,0.05509852,0.073094234,0.016576312,0.11736537,0.005142088,10.28751,-1.276264,10.969457,0.5009505,0.23473074,0.010284176,0.27035946,-0.033540655,0.12874903,0.005879684,252.24036,248.79115,332.73273,0.77531344,3.9037085,0.05590074
3,76,10,0.049,0.14258091,0.052235786,0.07381326,0.016531875,0.114275746,0.012385003,10.337984,-1.4559349,10.954743,0.689969,0.22855149,0.024770007,0.27168596,-0.038262483,0.12857634,0.008098205,252.1728,248.52351,332.17444,0.7659659,3.9037085,0.08136923
3,77,10,0.049,0.14781491,0.057562202,0.0736233,0.016629413,0.11996062,0.007822459,10.324674,-1.4259212,10.987014,0.6832291,0.23992124,0.015644917,0.27133614,-0.0374737,0.12895508,0.008019091,252.14299,248.33925,332.59644,0.7426921,3.9147887,0.08037567
3,78,10,0.049,0.14333206,0.04961329,0.07689225,0.016826525,0.111370206,0.0043365583,10.551396,-1.0907557,11.051938,0.6869428,0.22274041,0.008673117,0.27729452,-0.02866547,0.1297171,0.008062678,252.11276,248.25201,332.80478,0.4038129,3.9147887,0.05944038
3,79,10,0.049,0.1504039,0.050232455,0.082396425,0.017775014,0.11206299,0.011749412,10.92252,-1.3213547,11.3591585,0.51537424,0.22412598,0.023498824,0.28704777,-0.03472569,0.13332297,0.006048973,252.04868,248.15524,332.00455,0.8059805,3.9147887,0.084900334
3,80,10,0.049,0.15818432,0.05482625,0.084733985,0.018624086,0.117075026,0.0070168115,11.07637,-1.054065,11.627296,0.39102867,0.23415005,0.014033623,0.29109102,-0.027701229,0.1364701,0.0045895167,252.02025,247.98074,331.97714,0.66303635,3.9147887,0.080859184
3,81,10,0.049,0.16567412,0.055113897,0.09113312,0.019427098,0.117381744,-0.00042423492,11.487004,-0.490481,11.875317,-0.08376027,0.23476349,-0.00084846985,0.30188262,-0.012890021,0.13938113,-0.0009831034,252.05766,248.17133,331.95273,0.5742413,3.9232333,0.048099585
3,82,10,0.049,0.16619653,0.05255008,0.09396901,0.019677432,0.114619024,0.007143138,11.664363,-0.8582466,11.951582,0.024604874,0.22923805,0.014286276,0.30654365,-0.022555044,0.14027627,0.00028879233,252.09201,248.39186,331.6832,0.83364177,3.9232333,0.071786046
3,83,10,0.049,0.17505464,0.05966843,0.09515608,0.02023013,0.12213561,0.0036840169,11.737809,-0.9749882,12.118267,0.11665144,0.24427122,0.0073680338,0.3084738,-0.025623033,0.14223266,0.001369144,252.14134,248.52774,332.32086,0.8583368,3.9232333,0.06937031
3,84,10,0.049,0.17752534,0.05948657,0.097352915,0.020685848,0.121949345,0.0014868405,11.872526,-0.80849063,12.253999,0.073405564,0.24389869,0.002973681,0.31201428,-0.02124742,0.14382575,0.0008615677,252.20436,248.89398,332.75458,0.73508507,3.9232333,0.05019971
3,85,10,0.049,0.16747127,0.054517332,0.09325677,0.019697169,0.116744734,0.0045670075,11.620073,-1.0051918,11.957576,-0.23822114,0.23348947,0.009134015,0.30537972,-0.026416779,0.1403466,-0.002796014,252.23933,249.13127,332.44785,1.243413,3.9288259,0.068833835
3,86,10,0.049,0.1700609,0.062020123,0.08893464,0.019106152,0.1245192,0.0014565516,11.347604,-0.95455205,11.7768135,-0.073938236,0.2490384,0.0029131032,0.2982191,-0.025085974,0.138225,-0.000867822,252.28506,249.22604,333.09525,1.0284903,3.9288259,0.06328075
3,87,10,0.049,0.17884716,0.066083565,0.09379768,0.01896592,0.12853362,-0.0021291832,11.653723,-0.7611434,11.733516,-0.1402853,0.25706723,-0.0042583663,0.30626407,-0.020003088,0.13771681,-0.0016465379,252.29622,249.32535,333.30087,0.9014287,3.9288259,0.04397856
3,88,10,0.049,0.1662808,0.05768544,0.09059902,0.017996343,0.120088965,0.004584577,11.453294,-1.1069288,11.42966,-0.23481058,0.24017793,0.009169154,0.30099672,-0.029090457,0.13415045,-0.0027559814,252.27155,249.19873,332.5441,1.3417394,3.9288259,0.06483025
3,89,10,0.049,0.16857235,0.061582226,0.08941044,0.017579688,0.12407883,-0.0022191487,11.377918,-0.9947106,11.296575,-0.5796777,0.24815767,-0.0044382974,0.2990158,-0.026141364,0.13258842,-0.0068036932,252.28911,249.13753,332.92404,1.5743883,3.9304366,0.056679174
3,90,10,0.049,0.17013635,0.06278616,0.08931184,0.01803835,0.12528583,-0.006443782,11.371642,-0.64689946,11.442992,-0.5688999,0.25057167,-0.012887564,0.29885086,-0.017000776,0.13430692,-0.0066772015,252.289,249.16963,333.0597,1.2157993,3.9304366,0.046976086
3,91,10,0.049,0.16336669,0.05427484,0.09134537,0.017746473,0.116484806,0.0020345456,11.500373,-0.99794775,11.350038,-0.5389893,0.23296961,0.0040690913,0.30223396,-0.02622642,0.13321589,-0.006326143,252.27081,249.23445,332.57126,1.536937,3.9304366,0.06696538
3,92,10,0.049,0.16691127,0.057009216,0.09212697,0.01777509,0.119383015,-0.0021027059,11.549469,-0.8667795,11.359181,-0.5388063,0.23876603,-0.0042054118,0.30352426,-0.022779273,0.13332325,-0.0063239853,252.26085,249.19553,332.8953,1.4055858,3.9304366,0.076519676
3,93,10,0.049,0.1751725,0.06295852,0.09391174,0.018302234,0.12545769,-0.00872148,11.660808,-0.20827137,11.526389,-1.0366131,0.25091538,-0.01744296,0.30645022,-0.005473455,0.13528575,-0.012166775,252.26262,249.12987,332.90775,1.2448845,3.9283333,0.06042997
3,94,10,0.049,0.16290171,0.05385503,0.090502635,0.018544054,0.116033435,-0.0010633023,11.447201,-0.59773195,11.602285,-0.993263,0.23206687,-0.0021266046,0.30083656,-0.015708605,0.13617656,-0.011657968,252.28662,249.25005,332.4266,1.590995,3.9283333,0.055175606
3,95,10,0.049,0.16732481,0.06043308,0.08864633,0.0182454,0.1229157,-0.004848612,11.329195,-0.7906383,11.508479,-0.87457585,0.2458314,-0.009697224,0.29773533,-0.02077828,0.13507554,-0.010264939,252.35878,249.54121,333.14624,1.6652142,3.9283333,0.05903892
3,96,10,0.049,0.17904875,0.06608946,0.09472064,0.018238654,0.12853935,-0.009330023,11.71092,-0.49139112,11.5063505,-0.90968215,0.2570787,-0.018660046,0.30776718,-0.01291393,0.13505057,-0.010676974,252.38774,249.72337,333.32852,1.4010732,3.9283333,0.057602353
3,97,10,0.049,0.17015383,0.06032209,0.09139758,0.018434154,0.12280278,-0.0036021268,11.50366,-0.80387354,11.567854,-0.9839293,0.24560556,-0.0072042537,0.30232033,-0.021126067,0.13577244,-0.011548428,252.42937,249.87134,333.16107,1.7878028,3.9225502,0.052734092
3,98,10,0.049,0.17278083,0.061504625,0.092776984,0.018499212,0.12400063,-0.0073203365,11.590141,-0.8077895,11.588249,-0.7184587,0.24800126,-0.014640673,0.30459315,-0.021229018,0.13601181,-0.00843259,252.49904,249.94208,333.94907,1.5262482,3.9225502,0.06576554
3,99,10,0.049,0.1833287,0.06814682,0.09677213,0.018409759,0.13052472,-0.01122659,11.837059,-0.5103023,11.560199,-0.7680696,0.26104945,-0.02245318,0.31108218,-0.013410925,0.13568257,-0.009014874,252.54988,250.19194,334.34412,1.2783719,3.9225502,0.073106505
3,100,10,0.049,0.16650051,0.057347767,0.09059721,0.018555526,0.11973697,-0.0023257993,11.453181,-1.0602475,11.605873,-0.8620482,0.23947394,-0.0046515986,0.3009937,-0.027863694,0.13621867,-0.010117912,252.54175,250.34416,333.74423,1.9222958,3.9225502,0.063599125
4,1,10,0.0343,0.11661333,0.042761043,0.060852773,0.012999511,0.10339372,-0.009228491,9.386612,-1.722681,9.7141485,0.32476714,0.20678744,-0.018456982,0.24668355,-0.045272678,0.1140154,0.0038118085,253.07558,252.86282,339.184,1.3979139,3.9128082,0.09326672
4,2,10,0.0343,0.12966922,0.055148315,0.06254231,0.011978593,0.11741839,-0.011185884,9.516026,-2.056741,9.324898,0.4371398,0.23483679,-0.022371767,0.2500846,-0.054051906,0.10944676,0.0051307306,253.1235,253.06938,339.76154,1.6196012,3.9128082,0.111197196
4,3,10,0.0343,0.14920208,0.07261016,0.06467014,0.011921775,0.13473137,-0.020467589,9.676551,-1.8032326,9.302757,0.46800372,0.26946273,-0.040935177,0.25430325,-0.0473896,0.10918688,0.0054929825,253.21034,253.4691,340.4663,1.3352288,3.9128082,0.1415726
4,4,10,0.0343,0.11522456,0.046016544,0.05770977,0.011498252,0.10725734,-0.009796948,9.140993,-2.2571273,9.136022,0.76498777,0.21451467,-0.019593896,0.24022858,-0.05931811,0.1072299,0.008978698,253.22328,253.62704,340.18765,1.4921396,3.9128082,0.1287112
4,5,10,0.0343,0.13210897,0.05682876,0.06370807,0.011572151,0.11919392,-0.01159247,9.604304,-2.3048837,9.165333,0.552661,0.23838784,-0.02318494,0.25240457,-0.06057316,0.107573934,0.006486611,253.26656,253.7187,340.52225,1.7522228,3.9000697,0.13307327
4,6,10,0.0343,0.1501391,0.06844525,0.06918264,0.012511196,0.13081022,-0.017623307,10.00846,-1.6312073,9.52995,0.4491167,0.26162043,-0.035246614,0.26302594,-0.04286872,0.11185346,0.0052713025,253.30531,253.79034,340.78125,1.1820906,3.9000697,0.13794546
4,7,10,0.0343,0.12079733,0.04393171,0.06444957,0.012416043,0.104799464,-0.009217391,9.660035,-1.8671805,9.493641,0.46368146,0.20959893,-0.018434782,0.2538692,-0.04907016,0.1114273,0.0054422426,253.27142,253.69034,340.1049,1.403499,3.9000697,0.110038355
4,8,10,0.0343,0.13266765,0.055729885,0.064638235,0.012299521,0.11803589,-0.01093147,9.674164,-2.0348597,9.448987,0.38551053,0.23607178,-0.02186294,0.2542405,-0.05347684,0.1109032,0.0045247558,253.30327,253.777,340.42844,1.6493491,3.9000697,0.11193972
4,9,10,0.0343,0.1524647,0.07072716,0.06890989,0.012827644,0.1329729,-0.018744905,9.988711,-1.2777587,9.649719,-0.03924006,0.2659458,-0.03748981,0.26250693,-0.03357996,0.11325919,-0.00046055968,253.34904,253.95004,340.5924,1.3169987,3.8826826,0.116174094
4,10,10,0.0343,0.123956725,0.047356356,0.06386514,0.0127352355,0.10880758,-0.010436731,9.616136,-1.6075809,9.614899,0.07328642,0.21761516,-0.020873463,0.25271553,-0.04224781,0.1128505,0.0008601661,253.3731,254.14943,340.14252,1.5342945,3.8826826,0.09067548
4,11,10,0.0343,0.12851039,0.051218595,0.06430264,0.012989143,0.11315763,-0.0120857125,9.649016,-1.9670053,9.710274,0.27490744,0.22631526,-0.024171425,0.25357965,-0.051693607,0.11396992,0.003226598,253.47931,254.5565,340.97128,1.6920978,3.8826826,0.10560573
4,12,10,0.0343,0.14348495,0.060588818,0.06849315,0.014402991,0.12307398,-0.018109024,9.958461,-1.5809828,10.2251,0.41856354,0.24614796,-0.036218047,0.26171196,-0.041548792,0.12001246,0.004912699,253.5386,254.72806,341.73425,1.1624193,3.8826826,0.11872495
4,13,10,0.0343,0.12588349,0.044599418,0.06661718,0.014666891,0.10559287,-0.0102797225,9.821137,-1.5348891,10.31835,0.11123842,0.21118574,-0.020559445,0.25810304,-0.04033745,0.12110694,0.0013056115,253.49951,254.55031,340.8963,1.4236507,3.8618753,0.07888427
4,14,10,0.0343,0.1363939,0.056484517,0.06639448,0.013514912,0.11883236,-0.013404091,9.8047085,-1.4763273,9.904847,-0.13030806,0.23766471,-0.026808182,0.25767127,-0.038798384,0.11625365,-0.0015294407,253.5101,254.48099,340.69653,1.6066353,3.8618753,0.077715375
4,15,10,0.0343,0.15695353,0.07001722,0.07265489,0.014281423,0.13230383,-0.022613343,10.256545,-0.917774,10.181856,-0.11018757,0.26460767,-0.045226686,0.2695457,-0.024119427,0.119504906,-0.0012932835,253.5346,254.50757,341.00934,1.0279616,3.8618753,0.09764881
4,16,10,0.0343,0.13099523,0.04569619,0.070713215,0.014585825,0.10688334,-0.011696062,10.118566,-1.3364621,10.289796,0.071787976,0.21376668,-0.023392124,0.26591957,-0.03512273,0.12077179,0.0008425833,253.54541,254.65088,340.68427,1.2646742,3.8618753,0.07255677
4,17,10,0.0343,0.14006291,0.055901874,0.06996242,0.014198616,0.118217885,-0.013993569,10.064707,-1.3175,10.152295,-0.18509512,0.23643577,-0.027987137,0.2645041,-0.034624375,0.11915795,-0.0021724652,253.59859,254.8473,341.14102,1.5025951,3.838903,0.07308708
4,18,10,0.0343,0.1533605,0.06922448,0.06963982,0.014496203,0.13155273,-0.020519245,10.041475,-0.9131845,10.258133,-0.15987141,0.26310545,-0.04103849,0.26389357,-0.02399882,0.120400175,-0.0018764241,253.63411,254.94032,341.62027,1.073056,3.838903,0.09648759
4,19,10,0.0343,0.12524475,0.043923903,0.06725108,0.014069771,0.10479015,-0.011553266,9.867754,-1.2082771,10.106127,-0.10161429,0.2095803,-0.023106532,0.25932813,-0.031753965,0.11861607,-0.0011926396,253.6365,255.0121,341.07208,1.3098913,3.838903,0.067818396
4,20,10,0.0343,0.14890736,0.05710579,0.076751724,0.015049852,0.11948409,-0.013826511,10.54175,-1.462055,10.452191,-0.01173031,0.23896818,-0.027653022,0.27704102,-0.03842333,0.12267784,-0.00013767349,253.6845,255.18312,341.60495,1.4737853,3.838903,0.07262232
4,21,10,0.0343,0.15991487,0.058687307,0.08437066,0.016856898,0.121127315,-0.019565733,11.052599,-0.6453982,11.061907,-0.22428401,0.24225463,-0.039131466,0.29046628,-0.01696131,0.12983412,-0.00263243,253.7107,255.3016,341.96957,0.8696822,3.8147523,0.06958102
4,22,10,0.0343,0.14391017,0.046101477,0.07932058,0.018488107,0.10735627,-0.0112434495,10.716714,-0.7973277,11.584772,-0.20029765,0.21471255,-0.022486899,0.2816391,-0.020954035,0.13597098,-0.0023508964,253.70381,255.30426,341.3129,0.99762535,3.8147523,0.0411138
4,23,10,0.0343,0.15424277,0.059526503,0.076659925,0.018056346,0.12199027,-0.013054305,10.535444,-0.98159575,11.448698,-0.24436103,0.24398054,-0.02610861,0.2768753,-0.025796684,0.1343739,-0.0028680912,253.75963,255.37192,341.64584,1.2259568,3.8147523,0.047825404
4,24,10,0.0343,0.15967293,0.06534743,0.07692508,0.017400429,0.12781572,-0.018187106,10.553648,-0.5371211,11.2388315,-0.35575113,0.25563145,-0.03637421,0.2773537,-0.014115733,0.13191068,-0.0041754656,253.80388,255.40887,341.83893,0.8928722,3.8147523,0.06458062
4,25,10,0.0343,0.14232564,0.049191378,0.0783779,0.014756352,0.11089565,-0.0068028243,10.6528425,-0.6204757,10.34977,-0.64866436,0.2217913,-0.013605649,0.27996054,-0.016306333,0.12147573,-0.0076133986,253.77205,255.35803,340.90433,1.26914,3.7903843,0.042868704
4,26,10,0.0343,0.15613285,0.05721992,0.08431179,0.01460114,0.119603425,-0.008610586,11.04874,-0.8672889,10.295196,-0.661659,0.23920685,-0.017221171,0.29036492,-0.02279267,0.12083518,-0.0077659218,253.76631,255.34912,341.1714,1.5289478,3.7903843,0.044352945
4,27,10,0.0343,0.1745514,0.07731167,0.081822604,0.015417124,0.13902488,-0.017162625,10.884421,-0.32883784,10.5789585,-0.69412047,0.27804977,-0.03432525,0.2860465,-0.008641975,0.124165714,-0.008146924,253.77484,255.34663,341.49985,1.0229583,3.7903843,0.06215069
4,28,10,0.0343,0.14229879,0.048592087,0.077937074,0.015769629,0.11021806,-0.00749178,10.622842,-0.56579125,10.699215,-0.5450002,0.22043613,-0.01498356,0.27917212,-0.014869189,0.12557718,-0.006396696,253.74104,255.25284,340.91397,1.1107914,3.7903843,0.040997073
4,29,10,0.0343,0.15295811,0.05770302,0.079829134,0.015425962,0.12010726,-0.0075212694,10.751013,-0.5005937,10.581989,-0.77931166,0.24021453,-0.015042539,0.2825405,-0.013155778,0.1242013,-0.009146818,253.7436,255.21303,340.85898,1.2799053,3.768164,0.035917178
4,30,10,0.0343,0.17287071,0.07188195,0.08541142,0.015577338,0.13405405,-0.015020429,11.12056,0.06375307,10.633784,-0.91550994,0.2681081,-0.030040858,0.29225233,0.001675442,0.124809206,-0.010745381,253.73471,255.09296,340.9982,0.8517569,3.768164,0.061204385
4,31,10,0.0343,0.14400224,0.047903378,0.08044277,0.015656102,0.1094342,-0.0069301696,10.792254,-0.030057965,10.660635,-0.7219138,0.2188684,-0.013860339,0.28362435,-0.00078993134,0.12512435,-0.008473136,253.7062,255.0382,340.5035,0.7519718,3.768164,0.03080387
4,32,10,0.0343,0.16194114,0.05997621,0.08456754,0.017397385,0.1224502,-0.008982462,11.065487,-0.23036055,11.237848,-0.6055011,0.2449004,-0.017964924,0.29080498,-0.0060539534,0.13189915,-0.0071067885,253.73276,255.11673,341.0383,0.8358617,3.768164,0.033855278
4,33,10,0.0343,0.17132285,0.06403786,0.08925594,0.018029056,0.12652852,-0.014378638,11.368083,0.537323,11.440043,-0.64022213,0.25305703,-0.028757276,0.2987573,0.014121051,0.13427232,-0.0075143105,253.71304,254.9869,341.13763,0.102899134,3.748211,0.046012957
4,34,10,0.0343,0.1492468,0.04678915,0.08605206,0.016405588,0.108154,-0.0052793934,11.162188,0.44561613,10.912823,-0.77852345,0.216308,-0.010558787,0.29334632,0.011710957,0.1280843,-0.009137561,253.61821,254.62675,340.06003,0.33290732,3.748211,0.036539316
4,35,10,0.0343,0.16042408,0.056957114,0.08744133,0.016025638,0.11932845,-0.008713344,11.25193,0.47089192,10.785713,-0.84093314,0.2386569,-0.017426688,0.2957048,0.012375206,0.12659241,-0.009870078,253.5728,254.3103,340.2434,0.37004122,3.748211,0.035359036
4,36,10,0.0343,0.18217394,0.070460014,0.093882,0.017831922,0.13272153,-0.015868643,11.65896,0.78525954,11.377329,-0.92272085,0.26544306,-0.031737287,0.3064017,0.020636877,0.13353622,-0.010830015,253.54433,254.1667,340.33783,0.1374613,3.748211,0.05730455
4,37,10,0.0343,0.1575924,0.050734892,0.08920989,0.017647611,0.11262204,-0.0031213851,11.365151,0.7025063,11.318378,-0.8419974,0.22524408,-0.0062427702,0.29868025,0.018462114,0.13284431,-0.009882566,253.4607,253.91264,339.44617,0.13949108,3.7304,0.051960714
4,38,10,0.0343,0.16570023,0.05779393,0.09139738,0.0165089,0.12020184,-0.0053993505,11.503647,0.6461989,10.947129,-0.99547076,0.24040368,-0.010798701,0.30232,0.016982328,0.12848696,-0.011683886,253.41594,253.65471,339.42282,0.34927183,3.7304,0.045870833
4,39,10,0.0343,0.17798229,0.06904513,0.09226863,0.016668525,0.1313822,-0.013773487,11.558347,1.0868999,10.999928,-1.0580314,0.2627644,-0.027546974,0.30375752,0.028564125,0.12910664,-0.012418162,253.39359,253.4987,339.58005,-0.028868437,3.7304,0.06462245
4,40,10,0.0343,0.15588245,0.052225556,0.08672607,0.016930826,0.114264555,-0.004076906,11.205817,0.63266456,11.086137,-0.990966,0.22852911,-0.008153812,0.2944929,0.016626643,0.1301185,-0.011631017,253.35872,253.49132,338.9706,0.35830146,3.7304,0.059654396
4,41,10,0.0343,0.16391695,0.058097668,0.08899002,0.016829254,0.12051729,-0.003823241,11.351135,0.6069296,11.052834,-0.81963986,0.24103458,-0.007646482,0.29831195,0.015950324,0.12972762,-0.009620146,253.37978,253.52867,339.44885,0.21271026,3.7155678,0.04343701
4,42,10,0.0343,0.1801163,0.07393937,0.088411696,0.017765226,0.13595897,-0.010841827,11.314191,0.89344925,11.3560295,-0.68425035,0.27191794,-0.021683654,0.29734105,0.02348016,0.13328625,-0.008031072,253.44054,253.71686,340.082,-0.20919889,3.7155678,0.05328382
4,43,10,0.0343,0.14946814,0.050786305,0.08050857,0.018173262,0.11267909,-0.00074237015,10.796667,0.38717836,11.485703,-0.28225955,0.22535817,-0.0014847403,0.2837403,0.01017518,0.13480824,-0.0033128865,253.49934,254.09955,339.94452,-0.10491881,3.7155678,0.03254656
4,44,10,0.0343,0.15197864,0.05755542,0.0778288,0.016594425,0.11995355,-0.002206903,10.61546,0.104935616,10.97545,-0.22671849,0.2399071,-0.004413806,0.27897814,0.0027577467,0.12881935,-0.002660992,253.56787,254.33578,340.707,0.12178287,3.7155678,0.016465604
4,45,10,0.0343,0.16375571,0.06760869,0.07986196,0.01628506,0.13000835,-0.006406936,10.753223,0.7766853,10.872662,-0.25719088,0.2600167,-0.012813872,0.28259858,0.020411564,0.12761293,-0.0030186635,253.57114,254.24884,340.76935,-0.5194944,3.7034118,0.045409523
4,46,10,0.0343,0.1398543,0.0466611,0.07650619,0.016687002,0.1080059,0.0037300566,10.524876,0.5958446,11.0060215,-0.19396958,0.2160118,0.007460113,0.27659753,0.015659,0.12917818,-0.0022766278,253.515,254.05255,339.89667,-0.40187505,3.7034118,0.031045461
4,47,10,0.0343,0.15419504,0.059371542,0.0790301,0.015793405,0.12183138,0.0017311543,10.697073,0.46009102,10.707278,-0.23883365,0.24366276,0.0034623086,0.28112292,0.012091343,0.12567182,-0.0028032004,253.50525,253.92357,340.07047,-0.22125737,3.7034118,0.02871317
4,48,10,0.0343,0.16469799,0.063916676,0.084431976,0.016349332,0.12640874,-0.0034252135,11.056614,0.9713301,10.894097,-0.41191733,0.25281748,-0.006850427,0.2905718,0.02552689,0.12786451,-0.0048347,253.49515,253.8178,339.97397,-0.5594128,3.7034118,0.048916545
4,49,10,0.0343,0.14455882,0.05044774,0.07843978,0.015671305,0.11230287,0.0072737937,10.657045,0.9094047,10.66581,-0.39592582,0.22460574,0.014547587,0.28007102,0.023899473,0.12518509,-0.0046469923,253.47069,253.7984,339.22116,-0.5134789,3.6942978,0.04459608
4,50,10,0.0343,0.15055828,0.057050683,0.07839926,0.01510833,0.11942642,0.0037751468,10.654294,0.7226162,10.472479,-0.39055055,0.23885284,0.0075502936,0.2799987,0.018990627,0.122915946,-0.0045839124,253.50471,253.93011,339.74026,-0.33206564,3.6942978,0.035334684
4,51,10,0.0343,0.15629268,0.062299613,0.07947238,0.014520686,0.12479945,-0.0037549057,10.726962,1.16155,10.266792,-0.47894335,0.2495989,-0.0075098113,0.28190845,0.03052594,0.12050181,-0.005621371,253.5058,253.94894,339.9286,-0.6826067,3.6942978,0.052312758
4,52,10,0.0343,0.13278136,0.045108855,0.07399881,0.013673688,0.10619423,0.0065319045,10.35097,0.96751463,9.962861,-0.39430174,0.21238846,0.013063809,0.27202722,0.025426634,0.116934545,-0.0046279384,253.44827,253.79436,339.298,-0.57321286,3.6942978,0.043618526
4,53,10,0.0343,0.14152712,0.054753244,0.072888866,0.013885008,0.116997056,0.005516813,10.2730465,1.0522171,10.039551,-0.2705257,0.23399411,0.011033626,0.2699794,0.027652659,0.117834665,-0.0031751816,253.43004,253.59494,339.58215,-0.78169143,3.688744,0.047287412
4,54,10,0.0343,0.14634925,0.055338312,0.07732208,0.013688867,0.11762048,-0.00080308015,10.580848,1.5932821,9.9683895,-0.44375965,0.23524097,-0.0016061603,0.27806848,0.04187201,0.11699943,-0.00520843,253.41919,253.49799,339.55103,-1.1495224,3.688744,0.06380493
4,55,10,0.0343,0.13162386,0.04533309,0.073166884,0.013123889,0.106457844,0.0086285155,10.29262,1.3295234,9.7605095,-0.46449897,0.21291569,0.017257031,0.27049378,0.03494037,0.114559546,-0.005451843,253.37311,253.35364,338.80707,-0.86502445,3.688744,0.060489424
4,56,10,0.0343,0.1401115,0.050788637,0.0763126,0.013010264,0.11268167,0.005828519,10.51155,1.1202103,9.718166,-0.3821035,0.22536334,0.011657038,0.27624735,0.029439522,0.11406255,-0.0044847596,253.40738,253.51299,339.35953,-0.7381068,3.688744,0.052175652
4,57,10,0.0343,0.1523078,0.056245692,0.08277998,0.013282126,0.11858087,0.0030711081,10.947912,1.4357661,9.819176,-0.3456208,0.23716174,0.0061422163,0.2877151,0.037732452,0.11524811,-0.0040565766,253.42792,253.65424,339.58878,-1.0901453,3.6863894,0.05841356
4,58,10,0.0343,0.13196586,0.04280675,0.0764054,0.012753715,0.10344896,0.012025422,10.51794,1.0459305,9.621872,-0.26600447,0.20689791,0.024050845,0.27641526,0.027487433,0.11293235,-0.0031221008,253.3808,253.51529,338.9925,-0.77992606,3.6863894,0.057797167
4,59,10,0.0343,0.14253543,0.051417205,0.07822691,0.012891321,0.11337681,0.008095943,10.642576,0.9171437,9.673641,-0.20057786,0.22675362,0.016191887,0.27969074,0.024102876,0.11353996,-0.002354191,253.38176,253.42491,339.37875,-0.71656585,3.6863894,0.053194586
4,60,10,0.0343,0.15171696,0.059618432,0.07901688,0.013081649,0.12208443,0.0020902099,10.6961775,1.3004677,9.74479,-0.4175811,0.24416886,0.0041804197,0.2810994,0.034176745,0.11437504,-0.0049011707,253.38916,253.42996,339.32678,-0.88288665,3.6863894,0.0555144
4,61,10,0.0343,0.12802719,0.042970333,0.072978996,0.012077849,0.103646435,0.014755528,10.279396,0.9082947,9.363453,-0.18761468,0.20729287,0.029511057,0.27014625,0.023870304,0.10989927,-0.0022020508,253.3693,253.45932,338.884,-0.72068,3.686876,0.055085603
4,62,10,0.0343,0.124360986,0.046151593,0.066749655,0.011459736,0.10741461,0.010864986,9.830898,0.7020404,9.120708,-0.15915889,0.21482922,0.021729972,0.25835955,0.01844988,0.10705016,-0.0018680553,253.37515,253.4416,339.34308,-0.5428815,3.686876,0.054053117
4,63,10,0.0343,0.13288726,0.052406486,0.069972925,0.010507856,0.114462316,0.004731528,10.065463,1.1181988,8.7337,-0.27563924,0.22892463,0.009463056,0.26452395,0.029386654,0.10250783,-0.0032351909,253.3758,253.43346,339.46188,-0.8425595,3.686876,0.06363742
4,64,10,0.0343,0.11979882,0.042861264,0.066722035,0.0102155125,0.10351481,0.014012601,9.828864,0.8086122,8.611351,-0.296707,0.20702963,0.028025202,0.2583061,0.02125061,0.10107182,-0.0034824633,253.31828,253.2511,338.67038,-0.5119052,3.686876,0.05264062
4,65,10,0.0343,0.12002626,0.045871798,0.064447045,0.00970742,0.10708851,0.011869423,9.659846,0.92054427,8.394467,-0.39861104,0.21417703,0.023738846,0.25386423,0.024192233,0.09852624,-0.0046785106,253.29788,253.01346,338.7485,-0.5219332,3.6901436,0.060005378
4,66,10,0.0343,0.119584344,0.048072454,0.06215462,0.009357264,0.10962716,0.005045818,9.486486,1.5028708,8.241678,-0.4433227,0.21925431,0.010091636,0.24930829,0.039496005,0.09673295,-0.005203298,253.31404,253.01866,338.86795,-1.0595481,3.6901436,0.071307234
4,67,10,0.0343,0.106760696,0.03887852,0.058875944,0.009006233,0.09858818,0.015109046,9.232888,1.1581868,8.085609,-0.24315204,0.19717637,0.030218093,0.24264365,0.030437566,0.094901174,-0.0028538813,253.33548,253.20435,338.6031,-0.9150348,3.6901436,0.068052165
4,68,10,0.0343,0.11269165,0.041389458,0.062426202,0.00887599,0.101721995,0.01143374,9.507189,0.87322533,8.026933,-0.21766524,0.20344399,0.02286748,0.24985236,0.022948666,0.09421247,-0.002554749,253.38806,253.44002,339.19894,-0.6555601,3.6901436,0.07447667
4,69,10,0.0343,0.1276538,0.05013618,0.06865572,0.0088619115,0.111955546,0.007786594,9.970273,1.0695175,8.020564,-0.40614188,0.22391109,0.015573188,0.26202238,0.028107308,0.09413773,-0.0047669047,253.37386,253.37582,339.18173,-0.6633756,3.6958733,0.06544627
4,70,10,0.0343,0.1045898,0.037331667,0.0586752,0.008582927,0.09660702,0.014716255,9.217135,0.9735634,7.893306,-0.40210578,0.19321404,0.02943251,0.24222964,0.0255856,0.09264409,-0.0047195307,253.32465,253.1013,338.26642,-0.5714576,3.6958733,0.061439186
4,71,10,0.0343,0.10520403,0.04122728,0.055669595,0.008307159,0.10152251,0.012594195,8.977961,0.8961243,7.765465,-0.3132301,0.20304503,0.02518839,0.23594405,0.023550468,0.091143616,-0.0036763963,253.33223,253.04707,338.67648,-0.5828942,3.6958733,0.07303559
4,72,10,0.0343,0.10686213,0.043997716,0.05494066,0.007923752,0.104878165,0.007970293,8.918988,1.2872128,7.584146,-0.35065946,0.20975633,0.015940586,0.23439424,0.03382842,0.08901546,-0.004115702,253.34895,253.08444,338.87903,-0.93655336,3.6958733,0.08426419
4,73,10,0.0343,0.09383255,0.034385048,0.051848657,0.0075988476,0.09271603,0.014098413,8.664379,0.76349527,7.427029,-0.42041895,0.18543206,0.028196827,0.227703,0.020064922,0.08717137,-0.004934471,253.31187,253.0241,338.378,-0.34307632,3.703838,0.0619785
4,74,10,0.0343,0.101674244,0.037205398,0.056372385,0.008096454,0.096443504,0.012193292,9.034453,0.8188836,7.6663485,-0.4538206,0.19288701,0.024386585,0.2374287,0.021520572,0.0899803,-0.0053265123,253.24857,252.60776,338.31052,-0.365063,3.703838,0.07410173
4,75,10,0.0343,0.113895506,0.045977153,0.059468858,0.008449494,0.10721142,0.005917685,9.279263,1.3158938,7.8317094,-0.6126425,0.21442284,0.01183537,0.24386238,0.034582153,0.09192113,-0.0071906094,253.19397,252.32428,338.00406,-0.70325124,3.703838,0.07496558
4,76,10,0.0343,0.09853181,0.036153063,0.05441504,0.007963706,0.095069796,0.014708514,8.876221,1.0941229,7.603242,-0.6907606,0.19013959,0.029417029,0.23327032,0.028753944,0.0892396,-0.008107486,253.14731,252.21457,337.2181,-0.40336227,3.703838,0.06514707
4,77,10,0.0343,0.09551117,0.03619791,0.05174483,0.0075684357,0.09512874,0.010796587,8.6557,0.8614952,7.4121504,-0.84783226,0.19025747,0.021593174,0.2274749,0.022640398,0.08699676,-0.0099510485,253.13629,252.13431,337.3376,-0.013662934,3.7135077,0.055192232
4,78,10,0.0343,0.0969749,0.038474813,0.05155992,0.0069401627,0.09807499,0.004010529,8.64022,1.2778351,7.097837,-0.961339,0.19614998,0.008021058,0.2270681,0.033581972,0.08330764,-0.0112832775,253.10219,251.9268,337.3768,-0.31649613,3.7135077,0.06797956
4,79,10,0.0343,0.082418755,0.030585108,0.045463774,0.0063698776,0.087442994,0.011463478,8.113372,1.0483252,6.7999663,-1.0274422,0.17488599,0.022926956,0.21322235,0.027550366,0.07981151,-0.012059138,253.05536,251.70483,336.6258,-0.020882964,3.7135077,0.052072857
4,80,10,0.0343,0.07930956,0.032894596,0.04074454,0.0056704176,0.09068434,0.008056665,7.6807456,0.9076275,6.415769,-0.96670276,0.18136868,0.01611333,0.20185277,0.023852779,0.075302176,-0.011346232,253.07004,251.69624,337.1026,0.059075236,3.7135077,0.056688573
4,81,10,0.0343,0.08001648,0.031251136,0.043217137,0.005548208,0.088389955,0.0015027138,7.910368,1.0810086,6.3462553,-1.0142416,0.17677991,0.0030054275,0.20788732,0.028409299,0.07448629,-0.011904199,253.08195,251.80724,337.41415,-0.06676698,3.7247598,0.057904974
4,82,10,0.0343,0.07490653,0.027736796,0.04174191,0.0054278187,0.08327184,0.009930455,7.774184,0.827209,6.277025,-1.121186,0.16654368,0.01986091,0.20430838,0.021739352,0.07367373,-0.013159414,253.03212,251.68555,336.6936,0.29397702,3.7247598,0.03615011
4,83,10,0.0343,0.07342822,0.027859801,0.04030382,0.0052646007,0.08345628,0.0074631902,7.6390924,0.8939403,6.181927,-1.1480325,0.16691256,0.0149263805,0.20075811,0.023493066,0.07255757,-0.013474509,252.99156,251.4143,336.81656,0.25409222,3.7247598,0.0429292
4,84,10,0.0343,0.08233628,0.031372953,0.04542267,0.0055406517,0.08856206,0.002064118,8.109704,1.4760922,6.341933,-1.34377,0.17712411,0.004128236,0.21312594,0.038792238,0.074435554,-0.015771892,252.8995,250.97694,336.49014,-0.13232219,3.7247598,0.06462696
4,85,10,0.0343,0.07969389,0.028288724,0.045294546,0.006110626,0.08409626,0.006636557,8.098258,1.1091557,6.660151,-1.6434144,0.16819252,0.013273114,0.21282515,0.029149007,0.07817049,-0.01928883,252.76865,250.54128,335.18726,0.5342587,3.7372458,0.056311052
4,86,10,0.0343,0.08486443,0.030733617,0.047560252,0.0065705655,0.08765503,0.0026707754,8.298331,1.067524,6.906255,-1.7429361,0.17531006,0.005341551,0.21808313,0.028054917,0.081059024,-0.020456921,252.69907,250.18419,335.04507,0.6754122,3.7372458,0.05610705
4,87,10,0.0343,0.09172721,0.034103267,0.050750468,0.0068734717,0.09233535,-0.0014484058,8.572129,1.3777075,7.0636525,-1.8665738,0.1846707,-0.0028968116,0.22527865,0.03620665,0.0829064,-0.02190806,252.70384,250.1816,335.0613,0.48886633,3.7372458,0.07190907
4,88,10,0.0343,0.084587075,0.029636398,0.04803474,0.006915935,0.086076126,0.006577017,8.3396225,0.89642704,7.085437,-1.8172388,0.17215225,0.013154034,0.21916829,0.02355842,0.0831621,-0.021329014,252.73149,250.37619,334.8249,0.9208118,3.7372458,0.053172488
4,89,10,0.0343,0.08201429,0.031595193,0.043587275,0.0068318252,0.08887518,0.0035450466,7.9441695,0.62036055,7.04222,-1.6004001,0.17775036,0.007090093,0.20877565,0.016303299,0.082654856,-0.01878397,252.73999,250.32988,335.25055,0.98003954,3.7507563,0.045208298
4,90,10,0.0343,0.089346796,0.035075095,0.047567636,0.0067040618,0.09364173,-0.0010296955,8.298975,1.1049674,6.97606,-1.6844797,0.18728346,-0.002059391,0.21810006,0.029038947,0.081878334,-0.01977081,252.71497,250.2049,335.29205,0.57951236,3.7507563,0.06572021
4,91,10,0.0343,0.08825381,0.033394128,0.047496073,0.0073636128,0.0913703,0.006637464,8.29273,0.9635302,7.311166,-1.7879016,0.1827406,0.013274928,0.21793593,0.025321921,0.085811496,-0.020984681,252.69395,250.1883,334.52686,0.82437146,3.7507563,0.06836776
4,92,10,0.0343,0.08810309,0.036350217,0.044239234,0.0075136437,0.095328666,0.0023247998,8.003362,0.8656818,7.385272,-1.8882788,0.19065733,0.0046495995,0.21033125,0.022750426,0.08668128,-0.022162814,252.71556,250.22035,334.79678,1.0225971,3.7507563,0.06197016
4,93,10,0.0343,0.08689219,0.038466543,0.041325606,0.0071000378,0.098064445,-0.0022858905,7.7353206,0.9036289,7.1791253,-1.7022451,0.19612889,-0.004571781,0.203287,0.0237477,0.08426172,-0.019979328,252.74521,250.35379,335.02264,0.79861623,3.7650893,0.07648825
4,94,10,0.0343,0.082683854,0.033393864,0.04203439,0.0072556008,0.09136994,0.005629125,7.8013725,0.39047167,7.2573466,-1.6881489,0.18273988,0.01125825,0.2050229,0.010261736,0.08517981,-0.019813882,252.74428,250.4718,334.62985,1.2976772,3.7650893,0.07405522
4,95,10,0.0343,0.09194627,0.039144322,0.044874664,0.007927278,0.09892462,0.003774544,8.060636,0.33741784,7.585833,-1.6332629,0.19784924,0.007549088,0.21183641,0.008867463,0.089035265,-0.019169683,252.71184,250.2648,334.81076,1.295845,3.7650893,0.06745216
4,96,10,0.0343,0.095379926,0.04075448,0.046446588,0.008178857,0.10093869,-0.00083444634,8.200599,0.73197716,7.705264,-1.7051733,0.20187739,-0.0016688927,0.2155147,0.01923662,0.09043703,-0.020013688,252.68028,250.10844,334.73602,0.9731961,3.7650893,0.080124006
4,97,10,0.0343,0.08926537,0.03824535,0.04293668,0.008083339,0.09778209,0.0054599093,7.8846583,0.2529101,7.6601386,-1.4386402,0.19556418,0.010919819,0.20721167,0.006646568,0.08990739,-0.016885385,252.62689,249.90363,334.02774,1.1857301,3.7797496,0.07850842
4,98,10,0.0343,0.08750447,0.04078239,0.03869745,0.008024627,0.10097325,0.002037418,7.485311,0.3387047,7.632268,-1.4400615,0.2019465,0.004074836,0.19671668,0.008901278,0.08958028,-0.016902063,252.61636,249.7551,334.33917,1.1013567,3.7797496,0.071801856
4,99,10,0.0343,0.086829096,0.039380148,0.03923163,0.008217324,0.09922216,-0.001605676,7.536797,0.8000371,7.723362,-1.5796366,0.19844432,-0.003211352,0.19806975,0.021025268,0.090649456,-0.018540272,252.60614,249.70482,334.2185,0.7795995,3.7797496,0.09077816
4,100,10,0.0343,0.08603107,0.03816513,0.040049817,0.007816126,0.09767949,0.004709797,7.6149836,0.551418,7.5324626,-1.546057,0.19535898,0.009419594,0.2001245,0.014491463,0.08840886,-0.018146139,252.57864,249.6804,333.70425,0.994639,3.7797496,0.092503816
5,1,10,0.024009999,0.14397334,0.055739764,0.07113404,0.017099526,0.11804635,0.005865185,10.148629,0.96178627,11.141233,-1.4513398,0.2360927,0.01173037,0.26670966,0.025276085,0.13076515,-0.01703444,251.79225,247.13428,331.02225,0.48955357,3.794623,0.13124436
5,2,10,0.024009999,0.14094335,0.057586323,0.06662658,0.01673044,0.11998575,0.0028621808,9.821831,1.0738,11.020338,-1.4111081,0.2399715,0.0057243616,0.25812125,0.02821987,0.1293462,-0.016562236,251.75908,246.9427,331.31897,0.33730817,3.794623,0.12141206
5,3,10,0.024009999,0.14450832,0.054919075,0.07287431,0.016714936,0.1171741,-0.0015755561,10.272019,1.5089953,11.01523,-1.3076415,0.2343482,-0.0031511122,0.26995242,0.03965694,0.12928626,-0.015347847,251.74258,246.90105,331.53378,-0.20135379,3.794623,0.11918388
5,4,10,0.024009999,0.14248915,0.055705756,0.07068862,0.016094774,0.118010335,0.0053013517,10.116807,1.347866,10.808952,-1.3987695,0.23602067,0.010602703,0.2658733,0.035422396,0.12686518,-0.01641742,251.70493,246.84943,330.79245,0.05090344,3.794623,0.12683628
5,5,10,0.024009999,0.13644612,0.055472117,0.06564924,0.015324755,0.117762595,0.0024304017,9.749527,1.2680095,10.54722,-1.0693713,0.23552519,0.0048608035,0.2562211,0.03332374,0.12379319,-0.012551255,251.69133,246.74696,330.9156,-0.1986382,3.8036783,0.117032215
5,6,10,0.024009999,0.14705269,0.05283124,0.07818351,0.016037941,0.114925236,0.00023317157,10.639622,1.6613345,10.789852,-1.0940552,0.22985047,0.00046634313,0.27961314,0.043660473,0.12664099,-0.012840977,251.64192,246.54305,330.90588,-0.56727934,3.8036783,0.1255053
5,7,10,0.024009999,0.15060462,0.05292421,0.081179425,0.016500989,0.11502631,0.0062805107,10.8415575,1.5126362,10.944506,-1.2663738,0.23005262,0.012561021,0.28492004,0.039752632,0.12845618,-0.014863491,251.56093,246.29317,330.0168,-0.24626243,3.8036783,0.1402791
5,8,10,0.024009999,0.16039482,0.057829775,0.08523704,0.017327992,0.12023911,0.0029978456,11.109201,1.4526253,11.215414,-1.4369295,0.24047822,0.0059956913,0.29195383,0.03817552,0.13163583,-0.0168653,251.5047,246.07664,330.0294,-0.01569581,3.8036783,0.15405938
5,9,10,0.024009999,0.16610068,0.06018197,0.08763721,0.018281508,0.12266007,0.00056135294,11.264526,1.7073557,11.519859,-1.2126852,0.24532014,0.0011227059,0.29603583,0.04486992,0.13520913,-0.014233341,251.48561,245.92314,329.93835,-0.4946705,3.8117213,0.14778511
5,10,10,0.024009999,0.16113734,0.06295769,0.07939107,0.018788578,0.12545685,0.007023232,10.721475,1.35902,11.678528,-1.2784017,0.2509137,0.014046464,0.2817642,0.03571553,0.13707143,-0.015004661,251.5191,246.13977,329.3698,-0.08061826,3.8117213,0.16059154
5,11,10,0.024009999,0.16379346,0.06716893,0.077786006,0.018838525,0.12958485,0.0019552833,10.612541,0.9311198,11.694043,-1.3081107,0.2591697,0.0039105667,0.27890143,0.024470171,0.13725351,-0.015353362,251.59927,246.48956,330.06854,0.3769909,3.8117213,0.15507682
5,12,10,0.024009999,0.16703863,0.06556786,0.08383793,0.017632851,0.1280311,-0.0014133865,11.01765,1.2200874,11.313644,-1.1262876,0.2560622,-0.002826773,0.2895478,0.032064334,0.13278875,-0.0132192895,251.63538,246.55057,330.52826,-0.09379983,3.8117213,0.13290404
5,13,10,0.024009999,0.15154313,0.055660855,0.0798641,0.016018162,0.11796276,0.007219582,10.753367,0.8140991,10.783197,-0.34216216,0.23592553,0.014439164,0.28260237,0.02139482,0.12656288,-0.0040159756,251.63364,246.48242,330.2674,-0.4719369,3.8192444,0.08626992
5,14,10,0.024009999,0.1457206,0.05271815,0.07695651,0.016045947,0.11480217,0.004727546,10.555804,0.7540741,10.792544,-0.17143573,0.22960433,0.009455092,0.27741036,0.019817337,0.1266726,-0.0020121518,251.67021,246.6368,331.0481,-0.5826384,3.8192444,0.0747812
5,15,10,0.024009999,0.15158032,0.05587804,0.079827145,0.015875125,0.11819268,0.0015206998,10.750878,1.2521687,10.734944,-0.26222554,0.23638536,0.0030413996,0.28253698,0.03290745,0.12599653,-0.0030777454,251.64084,246.54851,331.04697,-0.98994315,3.8192444,0.08101415
5,16,10,0.024009999,0.14626245,0.050764132,0.08037207,0.01512625,0.112654485,0.008473777,10.787511,1.0111325,10.478687,-0.24684636,0.22530897,0.016947554,0.2834997,0.026572932,0.12298882,-0.0028972481,251.5402,246.12802,330.41318,-0.7642861,3.8192444,0.088622004
5,17,10,0.024009999,0.14427732,0.05047272,0.07897317,0.014831444,0.112330675,0.004727612,10.693218,1.055404,10.376071,0.077654906,0.22466135,0.009455224,0.28102165,0.027736403,0.12178442,0.0009114405,251.46638,245.72972,330.4116,-1.1330589,3.8270743,0.07334104
5,18,10,0.024009999,0.15138541,0.054987486,0.08111591,0.015282025,0.11724705,0.0003163393,10.837316,1.3934299,10.532505,-0.024568807,0.2344941,0.0006326786,0.28480855,0.03661983,0.12362049,-0.00028836608,251.41164,245.57848,330.36392,-1.3688611,3.8270743,0.0777258
5,19,10,0.024009999,0.14544556,0.0525706,0.0772977,0.015577263,0.1146414,0.008918495,10.579178,0.9175196,10.633759,0.017423688,0.2292828,0.01783699,0.27802464,0.024112731,0.12480891,0.00020450052,251.37953,245.61047,329.77557,-0.9349433,3.8270743,0.0800989
5,20,10,0.024009999,0.14321083,0.05295385,0.07482388,0.015433109,0.11505852,0.004706484,10.408516,0.8779941,10.58444,0.052383423,0.23011704,0.009412968,0.27353954,0.023074001,0.124230064,0.00061482855,251.40599,245.63582,330.33408,-0.93037754,3.8270743,0.07210716
5,21,10,0.024009999,0.14809197,0.054122742,0.07873474,0.015234484,0.116321474,0.0024025615,10.677066,1.0604825,10.516109,0.2937878,0.23264295,0.004805123,0.28059712,0.027869865,0.123428054,0.0034481925,251.43452,245.72723,330.59042,-1.3542703,3.835005,0.07145526
5,22,10,0.024009999,0.13602576,0.05007233,0.071167,0.014786426,0.11188424,0.009560202,10.150981,0.6946285,10.360312,0.14351785,0.22376847,0.019120404,0.26677144,0.018255075,0.12159945,0.0016844755,251.40483,245.75423,329.7567,-0.8381463,3.835005,0.07328249
5,23,10,0.024009999,0.14422305,0.053079408,0.07595057,0.015193079,0.11519484,0.0046807174,10.486588,0.61059695,10.501809,0.096122816,0.23038968,0.009361435,0.2755913,0.016046716,0.12326021,0.0011281943,251.36014,245.60951,329.97037,-0.70671976,3.835005,0.07405693
5,24,10,0.024009999,0.15761016,0.058856253,0.08390556,0.014848349,0.12130154,0.002104907,11.022092,1.0951163,10.381983,0.22560088,0.24260308,0.004209814,0.28966457,0.02878006,0.1218538,0.0026478888,251.33353,245.47044,330.20444,-1.3207171,3.835005,0.062052604
5,25,10,0.024009999,0.14589803,0.04949095,0.08086018,0.0155469,0.11123281,0.011006047,10.820218,0.44702148,10.623389,0.48068452,0.22246562,0.022012094,0.28435925,0.011747875,0.12468721,0.0056418166,251.32765,245.54231,329.63205,-0.927706,3.8435147,0.057264738
5,26,10,0.024009999,0.15229979,0.053834487,0.0826884,0.015776904,0.1160113,0.0076853987,10.941855,0.3201565,10.701684,0.5016882,0.2320226,0.015370797,0.2875559,0.008413825,0.12560615,0.005888337,251.38861,245.82307,330.25168,-0.8218447,3.8435147,0.048032343
5,27,10,0.024009999,0.15624449,0.05544684,0.08487137,0.015926264,0.117735766,0.0040146606,11.085346,0.6363841,10.75222,0.43596733,0.23547153,0.008029321,0.2913269,0.016724408,0.1261993,0.0051169707,251.45064,246.14117,330.5724,-1.0723515,3.8435147,0.036118504
5,28,10,0.024009999,0.14675537,0.054909788,0.07633099,0.015514579,0.11716419,0.011751544,10.512817,0.3089205,10.612342,0.40884522,0.23432837,0.023503087,0.27628064,0.0081185335,0.12455753,0.0047986386,251.47968,246.25107,330.00522,-0.7177657,3.8435147,0.05525244
5,29,10,0.024009999,0.13868412,0.05391412,0.071221754,0.013548259,0.11609707,0.007903995,10.154885,0.048624676,9.91706,0.91672295,0.23219414,0.01580799,0.26687405,0.0012778706,0.116396986,0.01075963,251.53441,246.37129,331.08508,-0.96534765,3.8524692,0.04898685
5,30,10,0.024009999,0.13487451,0.050732102,0.07136529,0.012777113,0.11261894,0.005049775,10.1651125,0.2929085,9.630694,0.9312191,0.22523788,0.01009955,0.26714283,0.0076977606,0.113035895,0.010929765,251.54999,246.454,331.44815,-1.2241275,3.8524692,0.035635315
5,31,10,0.024009999,0.12330656,0.046070404,0.0650243,0.012211854,0.107320085,0.0125506595,9.7030115,-0.11558841,9.415254,0.82116854,0.21464017,0.025101319,0.25499862,-0.0030377079,0.11050726,0.009638086,251.49928,246.3619,330.7008,-0.7055801,3.8524692,0.055339575
5,32,10,0.024009999,0.12432592,0.045121092,0.06705016,0.012154674,0.10620863,0.0082992865,9.853003,-0.0137740625,9.393185,0.8310445,0.21241726,0.016598573,0.25894046,-0.00036199164,0.11024824,0.009754005,251.4845,246.22778,330.94586,-0.81727046,3.8524692,0.058198135
5,33,10,0.024009999,0.13281184,0.04661571,0.07422165,0.011974491,0.107953355,0.0024596532,10.366543,0.41570398,9.323301,0.70740515,0.21590671,0.0049193064,0.2724365,0.0109248785,0.10942802,0.008302848,251.44579,246.07808,330.7138,-1.1231091,3.8615627,0.053831227
5,34,10,0.024009999,0.13395044,0.047947843,0.07399768,0.012004926,0.10948498,0.012096263,10.350891,0.041436553,9.335143,0.76094705,0.21896996,0.024192525,0.27202514,0.0010889516,0.109566994,0.008931268,251.41235,245.98062,330.00757,-0.8023836,3.8615627,0.06796661
5,35,10,0.024009999,0.13731396,0.05119986,0.07419516,0.011918934,0.11313693,0.0062276805,10.364695,0.13665725,9.301649,0.93837637,0.22627386,0.012455361,0.2723879,0.0035914027,0.10917387,0.011013766,251.47116,246.07416,330.7594,-1.0750337,3.8615627,0.07197388
5,36,10,0.024009999,0.14159597,0.05266155,0.07717799,0.011756441,0.11474052,0.0014408174,10.570984,0.46619177,9.238025,0.908698,0.22948104,0.0028816347,0.27780926,0.012251676,0.10842712,0.010665432,251.56937,246.53003,331.1655,-1.3748899,3.8615627,0.053212278
5,37,10,0.024009999,0.12741525,0.05099767,0.06563121,0.010786371,0.11291332,0.011810767,9.748188,-0.22501443,8.848688,1.0207356,0.22582664,0.023621535,0.2561859,-0.0059134597,0.10385746,0.011980418,251.64398,246.86517,331.07275,-0.7957212,3.8702238,0.07409655
5,38,10,0.024009999,0.1271978,0.053904176,0.062960684,0.010332944,0.116086364,0.007778049,9.547802,-0.33069742,8.660704,1.1322421,0.23217273,0.015556098,0.25091967,-0.008690843,0.10165109,0.013289171,251.72675,247.04567,331.83716,-0.80154467,3.8702238,0.0831006
5,39,10,0.024009999,0.13505292,0.057287414,0.06779667,0.009968835,0.119673945,0.003436188,9.907701,-0.09033696,8.506745,1.2735989,0.23934789,0.006872376,0.26037794,-0.0023740712,0.09984405,0.014948286,251.79376,247.30688,332.45044,-1.183262,3.8702238,0.09184181
5,40,10,0.024009999,0.114743106,0.046241097,0.059398368,0.009103644,0.10751872,0.012508686,9.273762,-0.50092167,8.129219,1.3378453,0.21503744,0.025017371,0.2437178,-0.0131644,0.095413014,0.01570235,251.73438,247.15182,331.89792,-0.83692366,3.8702238,0.10342184
5,41,10,0.024009999,0.116803326,0.04821394,0.05996373,0.0086256545,0.109788366,0.0077535105,9.317792,-0.6170865,7.912929,1.104113,0.21957673,0.015507021,0.24487492,-0.016217241,0.0928744,0.0129590165,251.65132,246.76825,331.99323,-0.48702645,3.878173,0.12389017
5,42,10,0.024009999,0.121504895,0.04764644,0.065299995,0.00855846,0.10914032,0.0030242812,9.723558,0.03692704,7.882047,1.08301,0.21828064,0.0060485625,0.25553864,0.0009704744,0.092511944,0.012711333,251.57446,246.36827,331.91312,-1.119937,3.878173,0.119298205
5,43,10,0.024009999,0.11458281,0.042210773,0.063308395,0.009063636,0.1027263,0.010531268,9.57413,-0.25456932,8.111338,0.9455591,0.2054526,0.021062536,0.2516116,-0.006690175,0.09520313,0.011098074,251.5279,246.24542,331.044,-0.69098973,3.878173,0.11389653
5,44,10,0.024009999,0.12044046,0.045302656,0.06592774,0.0092100715,0.106422104,0.0074681966,9.770184,-0.38240358,8.1765995,0.8987417,0.21284421,0.014936393,0.25676396,-0.010049724,0.09596912,0.010548572,251.53584,246.28555,331.40582,-0.5163381,3.878173,0.11439382
5,45,10,0.024009999,0.12528133,0.047044907,0.06908261,0.009153818,0.10844919,0.0016103691,10.001222,-0.22626765,8.15159,0.46658018,0.21689838,0.0032207381,0.2628357,-0.0059463903,0.09567559,0.005476281,251.54352,246.4345,331.51242,-0.24031253,3.885429,0.10680516
5,46,10,0.024009999,0.113023065,0.038704302,0.065406434,0.008912335,0.09836704,0.008744576,9.731481,-0.51817787,8.04335,0.4604634,0.19673409,0.017489152,0.2557468,-0.0136178965,0.09440517,0.005404477,251.5222,246.38126,330.86008,0.057714462,3.885429,0.10755264
5,47,10,0.024009999,0.117876105,0.044342585,0.06498351,0.008550011,0.105288394,0.004233158,9.699967,-0.5680502,7.8781548,0.6146575,0.21057679,0.008466316,0.25491863,-0.014928567,0.092466265,0.007214269,251.58131,246.50244,331.64853,-0.046607316,3.885429,0.112884365
5,48,10,0.024009999,0.131845,0.054997317,0.06865505,0.008192634,0.117257535,1.569717e-5,9.970224,-0.22423808,7.7117505,0.7405291,0.23451507,3.139434e-5,0.2620211,-0.0058930665,0.09051317,0.0086916275,251.70995,247.04236,332.5225,-0.516291,3.885429,0.10314842
5,49,10,0.024009999,0.1170802,0.04084388,0.06767543,0.008560892,0.10104935,0.008058564,9.898837,-1.0114026,7.883167,0.50595486,0.2020987,0.016117128,0.260145,-0.02658003,0.09252509,0.005938417,251.81282,247.53104,332.37186,0.50544775,3.8917751,0.10033909
5,50,10,0.024009999,0.123177156,0.04713851,0.06712016,0.008918492,0.10855702,0.0038650518,9.858144,-1.2389323,8.046127,0.6593454,0.21711405,0.0077301036,0.25907558,-0.03255959,0.09443777,0.0077387686,251.93916,247.92091,333.15952,0.57958686,3.8917751,0.11371568
5,51,10,0.024009999,0.13009885,0.054349754,0.06730992,0.008439172,0.11656517,-0.00020965829,9.87207,-0.9991593,7.8269243,0.68515086,0.23313034,-0.00041931658,0.25944155,-0.026258271,0.091864966,0.00804165,252.03703,248.21664,333.78412,0.3140084,3.8917751,0.10696809
5,52,10,0.024009999,0.10971072,0.039431512,0.062461063,0.007818149,0.09928685,0.0093128905,9.509844,-1.5629808,7.5334377,0.6753984,0.1985737,0.018625781,0.24992211,-0.041075688,0.0884203,0.007927183,252.05531,248.42133,333.40594,0.88758236,3.8917751,0.11460208
5,53,10,0.024009999,0.114522845,0.046838924,0.06015934,0.0075245765,0.10821151,0.0029086703,9.332976,-1.7406791,7.3906426,0.38565326,0.21642302,0.0058173407,0.245274,-0.045745686,0.086744316,0.0045264307,252.10768,248.68785,334.15237,1.3550259,3.8963513,0.12493164
5,54,10,0.024009999,0.11881484,0.05236121,0.0593484,0.0071052294,0.11441286,-0.0018379661,9.26986,-1.3404008,7.18175,0.48828897,0.22882572,-0.0036759323,0.24361527,-0.03522621,0.08429252,0.005731067,252.13632,248.85602,334.72943,0.8521118,3.8963513,0.11984652
5,55,10,0.024009999,0.101603635,0.038424555,0.056222226,0.006956853,0.09801091,0.0077872174,9.022412,-1.7042338,7.106366,0.3850554,0.19602183,0.015574435,0.23711227,-0.04478788,0.08340775,0.0045194146,252.10643,248.86559,334.0152,1.3191783,3.8963513,0.11464673
5,56,10,0.024009999,0.104981266,0.04201891,0.05620594,0.006756417,0.10249257,0.0044789007,9.021106,-1.760507,7.0032473,0.4639303,0.20498514,0.008957801,0.23707792,-0.04626675,0.08219743,0.005445174,252.11577,248.83682,334.48358,1.2965767,3.8963513,0.12701268
5,57,10,0.024009999,0.1153242,0.048042696,0.060622193,0.006659317,0.10959322,-0.0030044431,9.368811,-1.2388285,6.9527416,-0.014679725,0.21918644,-0.0060088863,0.24621575,-0.03255686,0.08160464,-0.00017229716,252.13434,248.82805,334.92322,1.2535082,3.8994029,0.1065869
5,58,10,0.024009999,0.097884186,0.03204964,0.058445275,0.007389273,0.089512065,0.005499123,9.1990595,-1.6346189,7.323895,-0.02475546,0.17902413,0.010998246,0.24175458,-0.042958375,0.08596088,-0.00029055637,252.1403,248.89175,334.31232,1.6593744,3.8994029,0.09331622
5,59,10,0.024009999,0.10410985,0.040537406,0.056245804,0.007326644,0.10066952,0.0009856308,9.024304,-1.9160683,7.2927914,0.10132583,0.20133904,0.0019712616,0.23716198,-0.050354976,0.08559582,0.0011892662,252.23967,249.26132,335.09613,1.8147424,3.8994029,0.10618744
5,60,10,0.024009999,0.107865356,0.046145283,0.055201035,0.0065190387,0.107407264,-0.0023724663,8.940098,-1.6718838,6.879122,0.12600076,0.21481453,-0.0047449325,0.23494901,-0.043937698,0.08074056,0.0014788774,252.30591,249.58235,335.6975,1.545883,3.8994029,0.1024288
5,61,10,0.024009999,0.092272356,0.0334545,0.05240867,0.0064091845,0.09145286,0.0024944097,8.711045,-2.0473318,6.8209147,-0.37706235,0.18290572,0.0049888194,0.2289294,-0.053804617,0.08005738,-0.0044255974,252.29248,249.62401,334.9834,2.4243941,3.901368,0.09309979
5,62,10,0.024009999,0.09999275,0.038067807,0.054991223,0.0069337212,0.09755486,-0.0006749043,8.923092,-2.0655663,7.0945425,-0.15154783,0.19510972,-0.0013498086,0.23450208,-0.054283835,0.08326897,-0.0017787224,252.32825,249.59622,335.64584,2.2171142,3.901368,0.10518807
5,63,10,0.024009999,0.11105005,0.045616627,0.05803002,0.007403398,0.106790245,-0.0071370266,9.16632,-1.4206631,7.3308916,-0.2263372,0.21358049,-0.014274053,0.24089421,-0.037335534,0.086043,-0.0026565297,252.37305,249.76389,335.90613,1.6470003,3.901368,0.09453431
5,64,10,0.024009999,0.09380531,0.031845,0.05488965,0.0070706587,0.089225836,0.0024028034,8.914846,-1.961813,7.164257,-0.07714177,0.17845167,0.004805607,0.2342854,-0.05155715,0.08408721,-0.000905418,252.39287,249.93225,335.53397,2.0389547,3.901368,0.09921959
5,65,10,0.024009999,0.10009842,0.036234345,0.056198854,0.0076652253,0.09517661,-0.0030714017,9.020537,-2.1211486,7.4593954,-0.55377126,0.19035321,-0.0061428035,0.23706298,-0.05574455,0.08755127,-0.0064996355,252.45064,250.18486,336.0606,2.6749198,3.9016774,0.09780203
5,66,10,0.024009999,0.10566579,0.0434878,0.05472792,0.007450073,0.10426864,-0.010334914,8.901705,-1.5395265,7.353964,-0.50865287,0.20853728,-0.020669827,0.23393999,-0.04045932,0.08631381,-0.0059700813,252.48804,250.26071,336.42157,2.0481794,3.9016774,0.09700132
5,67,10,0.024009999,0.093140095,0.031861503,0.053911738,0.0073668547,0.089248955,-0.0010063988,8.835078,-2.025692,7.312776,-0.43289486,0.17849791,-0.0020127976,0.23218901,-0.05323591,0.08583038,-0.005080908,252.49129,250.34268,335.83557,2.458587,3.9016774,0.08933952
5,68,10,0.024009999,0.10222529,0.039439745,0.05544814,0.0073374077,0.09929721,-0.003263524,8.960085,-2.3008974,7.298146,-0.35596752,0.19859442,-0.006527048,0.23547429,-0.060468413,0.08565867,-0.0041780095,252.58113,250.6994,336.5503,2.656865,3.9016774,0.106615745
5,69,10,0.024009999,0.10910156,0.0435165,0.058000088,0.007584977,0.10430305,-0.008298363,9.163957,-1.8101318,7.420246,-0.6363818,0.2086061,-0.016596725,0.24083208,-0.047570914,0.087091774,-0.0074692434,252.65146,250.94954,337.23257,2.4465137,3.900126,0.09261786
5,70,10,0.024009999,0.08687296,0.029996881,0.049609333,0.0072667478,0.08659804,-0.0022468297,8.475208,-2.1582055,7.26292,-0.6883776,0.17319608,-0.0044936594,0.22273153,-0.05671842,0.08524522,-0.008079516,252.65106,250.94832,336.65405,2.8465831,3.900126,0.08976384
5,71,10,0.024009999,0.097498775,0.038994744,0.051077943,0.007426086,0.09873544,-0.005513002,8.599741,-2.2102554,7.3421154,-0.6342403,0.19747087,-0.011026004,0.2260043,-0.058086317,0.08617474,-0.0074441084,252.6604,250.83507,337.182,2.8444958,3.900126,0.09513972
5,72,10,0.024009999,0.116154745,0.054694124,0.053869743,0.007590875,0.116933875,-0.012110222,8.831635,-1.6647719,7.4231315,-0.7141224,0.23386775,-0.024220444,0.23209856,-0.0437508,0.08712563,-0.008381686,252.67233,250.81136,337.38843,2.3788943,3.900126,0.09194014
5,73,10,0.024009999,0.09067252,0.033736557,0.04939385,0.007542115,0.09183757,-0.004748969,8.456781,-1.887092,7.3992524,-1.0865405,0.18367514,-0.009497938,0.22224727,-0.04959346,0.08684535,-0.012752775,252.66245,250.8316,336.57812,2.9736323,3.8967297,0.07684821
5,74,10,0.024009999,0.09422272,0.036659095,0.05052712,0.0070365006,0.09573282,-0.006449593,8.5532465,-2.0347893,7.1469307,-1.0599588,0.19146565,-0.012899186,0.22478238,-0.053475004,0.08388385,-0.012440784,252.70407,251.01859,337.08865,3.094748,3.8967297,0.082336135
5,75,10,0.024009999,0.11662007,0.05471027,0.054436017,0.0074737887,0.11695113,-0.013642138,8.877933,-1.5652136,7.3656597,-1.0692931,0.23390226,-0.027284276,0.23331527,-0.04113438,0.086451076,-0.012550342,252.74905,251.20721,337.64346,2.6345067,3.8967297,0.08099674
5,76,10,0.024009999,0.0883615,0.033740617,0.046691854,0.007929024,0.0918431,-0.004333716,8.222222,-1.8261399,7.5866685,-0.9763662,0.1836862,-0.008667432,0.21608298,-0.047991622,0.08904507,-0.011459656,252.76898,251.35756,337.11365,2.8025062,3.8967297,0.073671244
5,77,10,0.024009999,0.09228155,0.03759739,0.04633444,0.008349714,0.09695023,-0.010461092,8.190692,-1.9356995,7.78533,-1.1986296,0.19390047,-0.020922184,0.21525437,-0.050870877,0.09137677,-0.014068373,252.84225,251.60283,337.7079,3.134329,3.8917897,0.080890566
5,78,10,0.024009999,0.11913962,0.056726962,0.054108586,0.008304064,0.119087115,-0.013903502,8.8511915,-1.4577168,7.7640185,-1.3230175,0.23817423,-0.027807005,0.23261252,-0.038309325,0.091126636,-0.015528316,252.85239,251.60815,338.02274,2.7807343,3.8917897,0.08162084
5,79,10,0.024009999,0.09112642,0.03350149,0.049581558,0.00804337,0.09151706,-0.0051584556,8.472835,-1.9494454,7.641177,-1.1638569,0.18303412,-0.010316911,0.22266917,-0.05123213,0.08968484,-0.013660242,252.80774,251.49124,337.4898,3.1133022,3.8917897,0.08247256
5,80,10,0.024009999,0.09311545,0.035806626,0.049658954,0.0076498715,0.094613194,-0.008078455,8.4794445,-2.2235715,7.4519215,-1.1701332,0.18922639,-0.01615691,0.22284289,-0.05843626,0.08746354,-0.013733906,252.81345,251.4534,337.9091,3.393705,3.8917897,0.09291696
5,81,10,0.024009999,0.12339659,0.057221137,0.058227066,0.0079483865,0.1196047,-0.014015139,9.1818695,-1.6360769,7.595926,-1.4655026,0.2392094,-0.028030278,0.24130285,-0.042996697,0.08915372,-0.017200671,252.8329,251.5576,338.07162,3.1015797,3.8855069,0.09101785
5,82,10,0.024009999,0.103704266,0.03934579,0.05633293,0.008025547,0.099178866,-0.0066201505,9.031291,-1.8759859,7.6327057,-1.4194384,0.19835773,-0.013240301,0.23734559,-0.049301587,0.089585416,-0.016660014,252.84375,251.68802,337.48468,3.2954242,3.8855069,0.09291183
5,83,10,0.024009999,0.102376826,0.038072307,0.05573901,0.008565509,0.09756063,-0.009055584,8.983556,-2.0893743,7.8852916,-1.2206031,0.19512126,-0.018111167,0.2360911,-0.054909512,0.09255003,-0.014326273,252.91473,251.87648,338.1295,3.3099775,3.8855069,0.09172993
5,84,10,0.024009999,0.124922335,0.05557861,0.060243584,0.00910014,0.11787558,-0.015626414,9.33951,-1.6067222,8.127654,-1.3266718,0.23575117,-0.031252827,0.24544568,-0.04222525,0.095394656,-0.015571209,252.99915,252.13696,338.4215,2.933394,3.8855069,0.091669574
5,85,10,0.024009999,0.112141795,0.043074314,0.060084246,0.008983229,0.10377176,-0.0068553765,9.32715,-1.7500731,8.075277,-1.3855844,0.20754352,-0.013710753,0.24512088,-0.04599255,0.0947799,-0.016262665,253.02322,252.32454,337.7519,3.1356573,3.8778272,0.09250463
5,86,10,0.024009999,0.10766788,0.041315205,0.056789808,0.009562863,0.10163071,-0.009698744,9.06784,-2.0289917,8.33173,-1.1008503,0.20326142,-0.019397488,0.23830612,-0.053322647,0.09778989,-0.012920729,253.09691,252.5483,338.7027,3.129842,3.8778272,0.09440625
5,87,10,0.024009999,0.121314965,0.0552667,0.05610376,0.009944503,0.11754435,-0.01669365,9.012902,-1.530201,8.496358,-1.1193081,0.2350887,-0.0333873,0.23686232,-0.04021424,0.09972213,-0.013137367,253.13478,252.65953,339.21457,2.649509,3.8778272,0.09694558
5,88,10,0.024009999,0.105047464,0.040906593,0.05504342,0.009097452,0.101126894,-0.006113975,8.927325,-1.9076066,8.126456,-1.0344719,0.20225379,-0.01222795,0.23461334,-0.05013259,0.09538057,-0.012141642,253.08868,252.53477,338.56354,2.9420786,3.8778272,0.092457205
5,89,10,0.024009999,0.10090608,0.039795555,0.052337233,0.00877329,0.09974412,-0.009909626,8.705106,-1.8586568,7.980359,-0.9537785,0.19948824,-0.019819252,0.22877333,-0.048846163,0.09366584,-0.011194543,253.09312,252.52776,338.99393,2.8124352,3.8687577,0.09045363
5,90,10,0.024009999,0.11021942,0.051134214,0.050573815,0.008511398,0.11306438,-0.017313253,8.557198,-1.3793594,7.860346,-1.021161,0.22612876,-0.034626506,0.22488622,-0.036250066,0.09225724,-0.011985416,253.09201,252.52571,339.39398,2.4005203,3.8687577,0.08988358
5,91,10,0.024009999,0.09016637,0.034157105,0.04761418,0.008395083,0.0924082,-0.0073320367,8.303033,-1.6571467,7.8064523,-0.9331799,0.1848164,-0.0146640735,0.21820673,-0.04355042,0.091624685,-0.010952777,253.04843,252.41954,338.70676,2.5903265,3.8687577,0.084889226
5,92,10,0.024009999,0.10450357,0.044044234,0.051683705,0.008775635,0.10493359,-0.008743267,8.650585,-1.8114483,7.981426,-0.9103117,0.20986718,-0.017486533,0.2273405,-0.047605526,0.093678355,-0.010684368,253.0629,252.39204,339.03543,2.72176,3.8687577,0.091926895
5,93,10,0.024009999,0.12788026,0.06438052,0.05410432,0.009395419,0.12686658,-0.014003714,8.850843,-0.86869365,8.258464,-0.9326241,0.25373316,-0.028007427,0.23260336,-0.022829574,0.09692997,-0.010946252,253.07753,252.34114,339.16556,1.8013177,3.8585262,0.07808706
5,94,10,0.024009999,0.10015602,0.040114805,0.051338837,0.008702378,0.1001434,-0.006414294,8.621677,-1.1760292,7.948042,-0.95488197,0.2002868,-0.012828588,0.22658075,-0.030906469,0.09328654,-0.011207487,253.06258,252.36586,338.46725,2.130911,3.8585262,0.0782456
5,95,10,0.024009999,0.11037721,0.044676222,0.056519844,0.009181146,0.10568375,-0.009193515,9.046262,-1.3714068,8.16375,-0.94593394,0.2113675,-0.01838703,0.23773903,-0.036041066,0.095818296,-0.011102471,253.0799,252.36537,338.86786,2.3173409,3.8585262,0.081827104
5,96,10,0.024009999,0.13659242,0.06388693,0.061786093,0.010919391,0.12637933,-0.015576729,9.458321,-0.8461629,8.903083,-0.9859662,0.25275865,-0.031153457,0.24856809,-0.022237476,0.10449589,-0.011572333,253.11111,252.43596,339.1769,1.8321291,3.8585262,0.08327858
5,97,10,0.024009999,0.10602797,0.042162318,0.054040924,0.0098247295,0.102667324,-0.0060621668,8.845655,-0.83459264,8.445037,-0.8533753,0.20533465,-0.0121243335,0.23246704,-0.0219334,0.099119775,-0.010016109,253.08397,252.3909,338.3537,1.687968,3.847674,0.08125149
5,98,10,0.024009999,0.10549717,0.044438094,0.051944956,0.009114116,0.105401725,-0.009535353,8.672421,-1.0875396,8.133893,-0.84679234,0.21080345,-0.019070705,0.22791436,-0.02858094,0.09546788,-0.00993884,253.09248,252.35535,338.66684,1.9343319,3.847674,0.078295425
5,99,10,0.024009999,0.12563261,0.05653848,0.059467237,0.009626896,0.11888911,-0.015572079,9.279137,-0.6811623,8.359578,-0.899447,0.23777822,-0.031144159,0.24385905,-0.017901199,0.09811675,-0.010556842,253.08897,252.28429,338.93747,1.5806093,3.847674,0.07573548
5,100,10,0.024009999,0.11092923,0.041074704,0.059949987,0.00990454,0.101334475,-0.007784194,9.316723,-1.0434006,8.479268,-0.95511067,0.20266895,-0.015568388,0.24484687,-0.027420945,0.099521555,-0.011210175,253.03702,252.10358,338.03403,1.9985113,3.847674,0.08288262
