ic,traj,n_steps,eta,loss_total,loss_T,loss_olw,loss_slwd,rmse_T,bias_T,rmse_olw,bias_olw,rmse_slwd,bias_slwd,nrmse_T,nbias_T,nrmse_olw,nbias_olw,nrmse_slwd,nbias_slwd,mean_T,mean_olw,mean_slwd,bias_C,pnorm,gnorm
1,1,10,0.1,0.43172085,0.09121967,0.26975,0.0707512,0.15101297,0.050913166,19.762842,2.5414395,22.662512,-16.093266,0.30202594,0.10182633,0.5193746,0.066790015,0.26599097,-0.18888739,252.63597,251.41576,336.5771,13.5518265,0.0,0.47257355
1,2,10,0.1,0.4422714,0.09671616,0.27335516,0.07220009,0.1554961,0.049006727,19.894468,2.3457892,22.89339,-16.040289,0.3109922,0.09801345,0.52283376,0.061648216,0.26870075,-0.18826562,252.66415,251.38692,337.1932,13.6945,0.0,0.47267014
1,3,10,0.1,0.49139386,0.121839345,0.29675162,0.07280289,0.17452747,0.04053131,20.728374,3.0187118,22.988758,-15.9792185,0.34905493,0.08106262,0.54474914,0.079332836,0.2698201,-0.18754882,252.66586,251.31767,337.6255,12.960506,0.0,0.52374136
1,4,10,0.1,0.4353356,0.088288285,0.2762719,0.07077541,0.14856672,0.04962359,20.000328,2.5889528,22.666393,-15.853562,0.29713345,0.09924718,0.52561575,0.06803863,0.26603648,-0.18607396,252.61353,251.19086,336.97357,13.264609,0.0,0.4754931
1,5,10,0.1,0.33710495,0.07380837,0.21008304,0.053213533,0.13583848,0.04394386,17.44071,0.042314317,19.654058,-12.604306,0.27167696,0.08788772,0.45834816,0.0011120613,0.23068058,-0.14793728,252.61295,251.14095,337.42966,12.561992,0.45824525,0.38789892
1,6,10,0.1,0.37110406,0.095181145,0.22139189,0.054531027,0.15425721,0.035805196,17.903978,0.758966,19.895876,-12.841755,0.30851442,0.07161039,0.470523,0.01994595,0.2335188,-0.15072426,252.61905,251.16165,337.75433,12.082788,0.45824525,0.42390946
1,7,10,0.1,0.3178369,0.06792499,0.19715527,0.052756626,0.13031211,0.046989422,16.89557,0.2814485,19.569498,-12.684217,0.26062423,0.093978845,0.4440217,0.0073965774,0.22968811,-0.14887522,252.57245,251.03185,337.06815,12.402769,0.45824525,0.38241267
1,8,10,0.1,0.3264336,0.075048365,0.1980969,0.053288348,0.13697478,0.044938445,16.935871,0.100522436,19.667871,-12.882222,0.27394956,0.08987689,0.4450808,0.0026417838,0.2308427,-0.15119922,252.56487,250.94653,337.4724,12.7817,0.45824525,0.3828037
1,9,10,0.1,0.2787159,0.07618531,0.16269447,0.03983615,0.13800843,0.0345243,15.348114,-0.8211799,17.005129,-9.674572,0.27601686,0.0690486,0.40335402,-0.021580927,0.19958995,-0.11355088,252.57474,250.93889,337.55917,10.495752,0.8774657,0.33618438
1,10,10,0.1,0.25516796,0.063108966,0.15393157,0.038127434,0.12560749,0.04344503,14.929062,-1.1582694,16.636425,-9.534505,0.25121498,0.08689006,0.39234114,-0.030439708,0.19526248,-0.111906916,252.56616,250.99278,336.73184,10.692774,0.8774657,0.3182031
1,11,10,0.1,0.26973498,0.0713719,0.15971518,0.038647912,0.1335776,0.04109499,15.206938,-1.5478811,16.749592,-9.539928,0.2671552,0.08218998,0.3996438,-0.04067888,0.19659072,-0.11197057,252.63545,251.26933,337.43735,11.08781,0.8774657,0.32527816
1,12,10,0.1,0.29479325,0.08203322,0.17174414,0.041015908,0.1432072,0.036980066,15.769198,-1.1636257,17.255095,-9.546322,0.2864144,0.07396013,0.41442025,-0.03058052,0.20252384,-0.112045616,252.71109,251.5889,338.08893,10.709948,0.8774657,0.34453747
1,13,10,0.1,0.22228205,0.06388347,0.12561098,0.032787606,0.1263759,0.04204451,13.485979,-2.3482528,15.427519,-6.001728,0.2527518,0.08408902,0.3544164,-0.06171295,0.18107349,-0.070442565,252.73491,251.7586,337.57486,8.349981,1.2697523,0.27764866
1,14,10,0.1,0.23500915,0.07512277,0.12601306,0.03387332,0.13704267,0.04111127,13.507545,-2.4090953,15.680868,-6.105593,0.27408534,0.08222254,0.35498318,-0.0633119,0.18404706,-0.071661614,252.76544,251.79585,337.87698,8.5146885,1.2697523,0.2808869
1,15,10,0.1,0.26267472,0.09038064,0.13632153,0.035972558,0.15031686,0.034060873,14.049177,-1.9335182,16.159462,-6.3213882,0.30063373,0.068121746,0.36921746,-0.05081355,0.18966433,-0.07419444,252.75615,251.64641,337.86246,8.254907,1.2697523,0.28816044
1,16,10,0.1,0.23717026,0.07007595,0.13086483,0.03622948,0.13235931,0.04257843,13.765122,-2.363557,16.217064,-6.3806953,0.26471862,0.08515686,0.36175245,-0.062115148,0.19034043,-0.07489051,252.70293,251.46922,336.9656,8.744252,1.2697523,0.29016688
1,17,10,0.1,0.21162876,0.07646169,0.10186679,0.033300273,0.13825853,0.037599687,12.144649,-2.385711,15.547662,-3.4268281,0.27651706,0.07519937,0.31916577,-0.06269735,0.18248363,-0.040220827,252.71684,251.49797,337.436,5.812539,1.6240814,0.23647964
1,18,10,0.1,0.21923156,0.08050513,0.10499479,0.033731643,0.14186713,0.028499054,12.329702,-2.0388265,15.64804,-3.259588,0.28373426,0.056998108,0.324029,-0.053581078,0.18366176,-0.03825793,252.73055,251.51776,337.95377,5.298414,1.6240814,0.23084486
1,19,10,0.1,0.19857821,0.06691207,0.099593185,0.03207297,0.12933683,0.036381233,12.008352,-2.4080994,15.258464,-2.865955,0.25867367,0.07276247,0.31558388,-0.06328571,0.17908928,-0.033637848,252.7197,251.57335,337.46536,5.2740545,1.6240814,0.23647378
1,20,10,0.1,0.20379405,0.07237354,0.10048468,0.030935835,0.13451165,0.034232628,12.061979,-2.6455023,14.98553,-2.7548862,0.2690233,0.068465255,0.31699318,-0.06952477,0.17588586,-0.03233422,252.74988,251.56311,338.12415,5.4003887,1.6240814,0.23875822
1,21,10,0.1,0.18167926,0.07471413,0.07940375,0.027561381,0.13666943,0.020045219,10.72233,-1.5781333,14.144633,-0.009428699,0.27333885,0.040090438,0.2817867,-0.0414739,0.1660162,-0.000110665955,252.80252,251.79655,338.5516,1.5875621,1.947079,0.18322417
1,22,10,0.1,0.16593295,0.0628954,0.07645958,0.026577974,0.12539478,0.030883,10.521668,-1.7529835,13.889998,0.07022827,0.25078955,0.061766,0.27651325,-0.04606906,0.16302752,0.00082427205,252.79425,251.81424,337.81787,1.6827552,1.947079,0.18598299
1,23,10,0.1,0.16702029,0.06534276,0.07429633,0.027381204,0.12781115,0.029077401,10.3717575,-1.7531607,14.098323,-0.050379742,0.2556223,0.058154803,0.27257353,-0.046073694,0.16547267,-0.0005913106,252.84474,251.94688,338.5845,1.8035405,1.947079,0.18455015
1,24,10,0.1,0.18223867,0.07699444,0.076367274,0.028876964,0.13873936,0.021503126,10.515317,-1.2216419,14.478281,-0.23794478,0.27747872,0.043006252,0.2763463,-0.03210519,0.16993223,-0.0027927605,252.8608,252.03477,338.91705,1.4595866,1.947079,0.17146252
1,25,10,0.1,0.14075004,0.056613863,0.05527779,0.028858375,0.11896834,0.023756487,8.946312,-0.44925255,14.473619,2.1132689,0.23793668,0.047512975,0.2351123,-0.011806526,0.16987753,0.024803542,252.84056,252.0348,338.19083,-1.6640162,2.241904,0.124685675
1,26,10,0.1,0.15058555,0.06606979,0.055411085,0.029104674,0.12852022,0.021410752,8.957091,-0.63565147,14.535254,1.9823433,0.25704044,0.042821504,0.2353956,-0.01670515,0.17060092,0.023266852,252.92464,252.34093,338.73737,-1.3466918,2.241904,0.12420361
1,27,10,0.1,0.17027155,0.08224848,0.057540927,0.030482149,0.14339498,0.015157197,9.12761,-0.47210103,14.87524,1.8215437,0.28678995,0.030314393,0.2398769,-0.012406986,0.17459138,0.021379547,252.9826,252.57635,339.14453,-1.3494427,2.241904,0.11803537
1,28,10,0.1,0.15223882,0.061361022,0.0600187,0.030859105,0.123855785,0.02422591,9.3220625,-0.48230442,14.966935,1.8832183,0.24771157,0.04845182,0.24498715,-0.012675143,0.1756676,0.022103416,252.94728,252.45361,338.25095,-1.4009138,2.241904,0.12170589
1,29,10,0.1,0.15491888,0.06644718,0.05414336,0.03432833,0.12888676,0.013918978,8.854035,0.7122237,15.785834,3.622087,0.25777352,0.027837956,0.23268726,0.018717503,0.18527906,0.0425126,252.97446,252.39331,338.75095,-4.3343105,2.5081005,0.09462263
1,30,10,0.1,0.16438113,0.07790341,0.05172509,0.034752626,0.13955592,0.006872535,8.654049,0.9784678,15.883091,3.742079,0.27911183,0.01374507,0.2274315,0.025714498,0.18642056,0.04392096,253.01549,252.47368,339.1882,-4.7205467,2.5081005,0.08862364
1,31,10,0.1,0.13493487,0.053044073,0.049998447,0.031892348,0.115156494,0.014000021,8.508381,0.7126646,15.215439,3.9341445,0.23031299,0.028000042,0.22360332,0.018729085,0.17858429,0.046175234,253.01591,252.63403,338.48825,-4.646809,2.5081005,0.092821166
1,32,10,0.1,0.14468081,0.06460406,0.048618335,0.031458423,0.12708664,0.013711912,8.39013,0.48942629,15.111572,4.0476356,0.25417328,0.027423823,0.22049566,0.0128623,0.17736523,0.047507282,253.07828,252.85677,339.15625,-4.5370617,2.5081005,0.09921814
1,33,10,0.1,0.15834084,0.07210059,0.0502415,0.035998747,0.13425776,-0.003681935,8.5290365,1.2380114,16.165344,5.226706,0.26851553,-0.00736387,0.22414616,0.032535378,0.18973336,0.06134609,253.1448,253.09375,339.85867,-6.4647174,2.746389,0.08859175
1,34,10,0.1,0.14440581,0.052003585,0.053347435,0.039054796,0.11402147,0.0045128637,8.788715,1.1968542,16.83753,5.2665696,0.22804295,0.009025727,0.23097064,0.031453762,0.19762287,0.06181397,253.12286,253.04225,339.20746,-6.4634237,2.746389,0.08821928
1,35,10,0.1,0.15927014,0.06691429,0.05354136,0.038814478,0.12933898,0.0038580575,8.804675,1.1744534,16.785646,4.9705772,0.25867796,0.007716115,0.23139006,0.030865071,0.1970139,0.05833989,253.09822,252.86923,339.2402,-6.1450305,2.746389,0.08247292
1,36,10,0.1,0.17462473,0.0823423,0.05462421,0.03765822,0.14347674,-0.00388359,8.893266,1.3928524,16.53374,4.8376684,0.28695348,-0.00776718,0.23371823,0.036604673,0.19405726,0.056779932,253.10017,252.83217,339.25705,-6.2305207,2.746389,0.07429971
1,37,10,0.1,0.14936942,0.05309967,0.057874475,0.038395274,0.11521683,-0.0048515,9.154027,1.5512499,16.694757,5.8461585,0.23043366,-0.009703,0.24057114,0.0407674,0.19594713,0.06861663,253.10742,252.92088,338.9816,-7.3974085,2.9553363,0.09017476
1,38,10,0.1,0.15791997,0.06573093,0.05500709,0.037181966,0.12819022,-0.006175562,8.924379,1.4660504,16.428858,5.953055,0.25638044,-0.012351124,0.2345359,0.038528334,0.19282626,0.06987128,253.14229,253.00699,339.5141,-7.4191055,2.9553363,0.091356486
1,39,10,0.1,0.16947481,0.07569913,0.056415543,0.037360128,0.13756737,-0.013443736,9.037911,1.4610279,16.46817,5.8415,0.27513474,-0.026887473,0.23751956,0.038396325,0.19328769,0.06856195,253.15503,253.06519,339.666,-7.3025274,2.9553363,0.09820846
1,40,10,0.1,0.14642636,0.051556226,0.05728659,0.037583545,0.11352998,-0.0046708956,9.107415,1.3478093,16.51734,5.822504,0.22705996,-0.009341791,0.23934618,0.035420913,0.19386476,0.06833899,253.09947,252.89763,338.90033,-7.1703134,2.9553363,0.08750554
1,41,10,0.1,0.16464424,0.059470385,0.06492694,0.040246923,0.12193275,-0.014286788,9.6957445,1.430368,17.092577,5.823748,0.2438655,-0.028573576,0.25480765,0.037590582,0.20061636,0.06835359,253.07019,252.6166,339.16013,-7.254116,3.1350873,0.11395532
1,42,10,0.1,0.20355779,0.08609704,0.072341,0.04511975,0.14671148,-0.021886297,10.234366,1.5517111,18.097748,5.640877,0.29342297,-0.043772593,0.26896283,0.040779527,0.2124141,0.06620722,253.1032,252.70879,339.3947,-7.192588,3.1350873,0.12994167
1,43,10,0.1,0.18280496,0.06368496,0.072602935,0.04651706,0.1261794,-0.012785485,10.252877,1.442127,18.375847,5.6288214,0.2523588,-0.02557097,0.26944932,0.037899606,0.21567814,0.06606573,253.1309,252.89655,338.8711,-7.0709486,3.1350873,0.1286827
1,44,10,0.1,0.18026842,0.06845991,0.067117736,0.044690773,0.13082422,-0.015605786,9.857965,1.3709319,18.01151,5.539109,0.26164845,-0.031211572,0.2590709,0.036028598,0.21140192,0.065012775,253.1904,253.09583,339.40054,-6.910041,3.1350873,0.11985992
1,45,10,0.1,0.19775045,0.08477245,0.06938563,0.04359237,0.14557855,-0.028022124,10.023131,0.9736814,17.78879,5.467467,0.2911571,-0.056044247,0.26341152,0.025588691,0.20878786,0.064171895,253.20123,253.07245,339.59708,-6.4411483,3.2844064,0.1384877
1,46,10,0.1,0.1756664,0.059524033,0.0719981,0.044144273,0.12198774,-0.019362127,10.210081,0.99035954,17.901047,5.5647492,0.24397548,-0.038724255,0.2683246,0.02602703,0.21010539,0.065313704,253.16869,253.03911,338.67508,-6.555109,3.2844064,0.13068448
1,47,10,0.1,0.18714774,0.06960057,0.073963,0.043584168,0.1319096,-0.019432116,10.348465,1.0095074,17.787119,5.470206,0.2638192,-0.038864233,0.2719614,0.026530214,0.20876822,0.06420406,253.2178,253.2335,339.03378,-6.4797134,3.2844064,0.133022
1,48,10,0.1,0.21102068,0.08843816,0.078529865,0.044052664,0.14869277,-0.029059442,10.663165,1.0002275,17.882462,5.471438,0.29738554,-0.058118884,0.2802318,0.026286338,0.20988727,0.06421852,253.31183,253.57086,339.73248,-6.4716654,3.2844064,0.14721969
1,49,10,0.1,0.1789001,0.05900057,0.078957625,0.0409419,0.12145016,-0.021787012,10.692167,0.27716035,17.239521,5.386538,0.24290033,-0.043574024,0.280994,0.0072838706,0.20234105,0.06322206,253.36812,253.90063,339.7232,-5.663698,3.4054155,0.15320717
1,50,10,0.1,0.18426499,0.070300944,0.075446,0.03851805,0.13257162,-0.021715868,10.451697,0.065485485,16.721428,5.5046105,0.26514325,-0.043431737,0.27467436,0.0017209486,0.19626015,0.06460787,253.42317,254.15207,340.54605,-5.570096,3.4054155,0.14344527
1,51,10,0.1,0.19324875,0.08431033,0.07380578,0.03513264,0.14518121,-0.027672555,10.3374605,0.03491026,15.969694,5.4547935,0.29036242,-0.05534511,0.2716722,0.00091745396,0.18743703,0.06402316,253.42426,254.14351,340.68695,-5.4897037,3.4054155,0.15495284
1,52,10,0.1,0.16839944,0.057361186,0.07825332,0.032784924,0.11975098,-0.020393675,10.644372,0.35417098,15.426888,5.4670067,0.23950195,-0.04078735,0.27973795,0.009307731,0.18106608,0.06416651,253.3622,253.88802,339.57114,-5.8211775,3.4054155,0.15268601
1,53,10,0.1,0.18249771,0.06636208,0.0835954,0.03254024,0.12880419,-0.02217725,11.0017,-0.044005424,15.369212,4.6466665,0.25760838,-0.0443545,0.2891287,-0.0011564649,0.18038914,0.05453814,253.35413,253.71867,339.83508,-4.602661,3.5004327,0.1650399
1,54,10,0.1,0.2220166,0.0944258,0.09118626,0.036404558,0.1536439,-0.030151345,11.490354,-0.1568135,16.256203,4.3650465,0.3072878,-0.06030269,0.30197063,-0.0041211303,0.19079979,0.051232744,253.33504,253.63057,339.89816,-4.208233,3.5004327,0.19612692
1,55,10,0.1,0.19280131,0.06206389,0.09211708,0.038620334,0.12456313,-0.022552706,11.54885,-0.18890966,16.743614,4.27704,0.24912626,-0.045105413,0.30350795,-0.0049645975,0.19652057,0.05019981,253.27458,253.4057,338.80392,-4.0881305,3.5004327,0.18199891
1,56,10,0.1,0.20767452,0.07391162,0.09384913,0.039913762,0.13593346,-0.022750428,11.6569195,-0.11716068,17.021685,4.2109013,0.27186692,-0.045500856,0.30634806,-0.0030790241,0.1997843,0.04942355,253.29318,253.43414,339.0931,-4.0937405,3.5004327,0.17779122
1,57,10,0.1,0.22890759,0.08785404,0.10049431,0.04055923,0.14820091,-0.02673717,12.062557,-0.42570603,17.158766,3.479505,0.29640183,-0.05347434,0.31700838,-0.011187674,0.20139322,0.040839113,253.32797,253.5204,339.45798,-3.0537992,3.5723245,0.19682495
1,58,10,0.1,0.20758958,0.06260577,0.10162727,0.043356556,0.12510572,-0.01829781,12.1303625,-0.24275716,17.74061,3.5332093,0.25021145,-0.03659562,0.31879032,-0.006379754,0.20822237,0.04146944,253.32178,253.44795,338.6794,-3.2904522,3.5723245,0.19118077
1,59,10,0.1,0.21835259,0.07240324,0.1027421,0.043207258,0.13453925,-0.018977372,12.196716,-0.27066872,17.710041,3.421137,0.2690785,-0.037954744,0.32053408,-0.0071133026,0.20786355,0.040154044,253.40532,253.7592,339.1587,-3.1504683,3.5723245,0.18430965
1,60,10,0.1,0.23802373,0.09143451,0.10302851,0.043560717,0.1511907,-0.0274293,12.213706,-0.4911915,17.782331,3.3509398,0.3023814,-0.0548586,0.32098055,-0.012908685,0.20871204,0.039330147,253.49933,254.17294,340.04602,-2.8597484,3.5723245,0.19660679
1,61,10,0.1,0.20882046,0.060676865,0.104234695,0.04390889,0.12316337,-0.013457336,12.28499,-0.7737396,17.853256,2.873611,0.24632674,-0.026914673,0.32285398,-0.020334177,0.20954448,0.033727713,253.47581,254.16324,339.70532,-2.0998714,3.6253412,0.19230384
1,62,10,0.1,0.21430472,0.07749038,0.09920632,0.037608005,0.13918547,-0.016696485,11.985008,-0.73503464,16.522715,2.8819098,0.27837095,-0.03339297,0.31497034,-0.019316977,0.19392784,0.033825126,253.47697,254.12648,339.915,-2.1468751,3.6253412,0.17973699
1,63,10,0.1,0.22228593,0.08619014,0.1008533,0.035242476,0.14679079,-0.024261296,12.0840845,-0.801579,15.9946375,2.8697457,0.29358158,-0.04852259,0.31757408,-0.021065785,0.18772979,0.033682335,253.47462,254.10555,340.18497,-2.0681667,3.6253412,0.20124193
1,64,10,0.1,0.20843059,0.062364966,0.1072644,0.038801216,0.12486489,-0.0144682685,12.462252,-0.6053282,16.78278,2.9022207,0.24972978,-0.028936537,0.32751244,-0.015908241,0.19698024,0.03406349,253.42326,253.89075,339.29395,-2.2968926,3.6253412,0.1890102
1,65,10,0.1,0.21013638,0.06973673,0.10021425,0.0401854,0.13203856,-0.0104463175,12.045739,-0.70902073,17.07951,1.9717779,0.26407713,-0.020892635,0.31656635,-0.018633356,0.20046297,0.023142839,253.46631,253.98318,339.60483,-1.2627572,3.6629326,0.16779985
1,66,10,0.1,0.21255392,0.084439926,0.091664866,0.03644913,0.14529274,-0.018960675,11.520468,-0.93665105,16.26615,2.2330658,0.2905855,-0.03792135,0.30276206,-0.024615528,0.19091655,0.026209587,253.51353,254.16742,339.9938,-1.2964149,3.6629326,0.17126283
1,67,10,0.1,0.18378255,0.057387847,0.09088332,0.035511367,0.119778804,-0.00809574,11.471251,-1.0889902,16.05554,2.5342057,0.23955761,-0.01619148,0.3014686,-0.02861905,0.1884446,0.029744089,253.52884,254.29514,339.58038,-1.4452155,3.6629326,0.15875639
1,68,10,0.1,0.19109051,0.06154059,0.0929432,0.036606714,0.12403688,-0.010657515,11.60052,-1.0950487,16.301275,2.2939117,0.24807376,-0.02131503,0.30486587,-0.028778292,0.19132881,0.026923748,253.59248,254.49594,340.1426,-1.198863,3.6629326,0.1636419
1,69,10,0.1,0.2055912,0.077608615,0.09018008,0.037802517,0.13929161,-0.013739501,11.426783,-1.0969648,16.565386,1.2807158,0.27858323,-0.027479002,0.30029997,-0.02882863,0.1944287,0.015031814,253.65996,254.84549,340.8354,-0.18375099,3.6899583,0.16637464
1,70,10,0.1,0.18219416,0.052201133,0.09078168,0.039211348,0.11423784,-0.0038389089,11.464834,-1.2317333,16.871243,1.4193655,0.22847567,-0.0076778177,0.3013,-0.032370415,0.19801855,0.01665916,253.6898,255.11404,340.5229,-0.1876322,3.6899583,0.16182324
1,71,10,0.1,0.2011387,0.06670611,0.09348462,0.040947977,0.12913764,-0.002652426,11.63426,-1.1571233,17.2408,1.2478776,0.25827527,-0.005304852,0.30575255,-0.03040961,0.20235607,0.014646391,253.72607,255.25403,340.8345,-0.09075427,3.6899583,0.16386057
1,72,10,0.1,0.22370349,0.08507495,0.09563141,0.042997133,0.14583805,-0.010538048,11.767089,-1.0207584,17.666925,1.0406953,0.2916761,-0.021076096,0.3092433,-0.02682591,0.2073575,0.012214689,253.70944,255.16957,340.8641,-0.01993692,3.6899583,0.1693339
1,73,10,0.1,0.19358559,0.060762998,0.08968848,0.04313411,0.12325076,0.0025725004,11.395596,-0.43814301,17.695044,0.29499248,0.24650152,0.0051450008,0.29948035,-0.011514562,0.20768753,0.0034623458,253.66704,254.98337,340.03882,0.14315054,3.708942,0.14867318
1,74,10,0.1,0.19422986,0.06858384,0.08619576,0.03945026,0.13094258,0.0006491927,11.171503,-0.49892357,16.922565,0.15676494,0.26188517,0.0012983854,0.29359114,-0.01311188,0.1986209,0.0018399557,253.67755,254.96689,340.26886,0.34215862,3.708942,0.1364607
1,75,10,0.1,0.20408803,0.076615535,0.08907999,0.03839252,0.13839756,-0.0066602086,11.356873,-0.6183219,16.694159,0.05541545,0.27679512,-0.013320417,0.29846272,-0.016249714,0.19594009,0.0006504155,253.6757,254.9616,340.472,0.56290644,3.708942,0.1429328
1,76,10,0.1,0.18960366,0.055726394,0.09425598,0.039621294,0.118032195,0.0013101537,11.682159,-0.5574643,16.959208,0.13608451,0.23606439,0.0026203075,0.30701137,-0.0146503495,0.19905098,0.0015972384,253.60957,254.72017,339.42838,0.4213798,3.708942,0.14932387
1,77,10,0.1,0.19386825,0.06516268,0.08550991,0.043195672,0.12763491,0.004538487,11.126969,-0.21660884,17.707668,-0.70778173,0.25526983,0.009076974,0.29242077,-0.005692583,0.20783569,-0.008307269,253.59647,254.55765,340.0387,0.92439055,3.7238135,0.13563167
1,78,10,0.1,0.20928174,0.08179495,0.08324816,0.04423862,0.14299908,-0.0035911088,10.978828,-0.09967195,17.920166,-0.7610423,0.28599817,-0.0071822177,0.28852758,-0.0026194062,0.21032979,-0.008932396,253.57579,254.40977,340.20218,0.86071426,3.7238135,0.12506028
1,79,10,0.1,0.17976546,0.05732033,0.081231266,0.041213874,0.11970832,0.0055329404,10.845018,0.115838565,17.296686,-0.627043,0.23941664,0.011065881,0.285011,0.0030442826,0.203012,-0.0073596467,253.53787,254.27061,339.397,0.5112044,3.7238135,0.13230792
1,80,10,0.1,0.19036251,0.06575434,0.08307009,0.041538093,0.12821305,0.0038465138,10.96708,0.27211723,17.36459,-0.732107,0.2564261,0.0076930276,0.28821883,0.0071513434,0.20380896,-0.008592791,253.52338,254.1277,339.52066,0.45998976,3.7238135,0.13452655
1,81,10,0.1,0.19869255,0.076022886,0.08053062,0.042139035,0.13786124,-0.0010606236,10.798146,0.9843477,17.489748,-1.6205693,0.27572247,-0.0021212471,0.28377917,0.025869003,0.20527795,-0.019020682,253.49886,254.01137,339.36008,0.63622165,3.7356348,0.10605185
1,82,10,0.1,0.17910913,0.061402578,0.076440066,0.04126649,0.12389772,0.00950562,10.520326,0.7813915,17.307724,-1.43068,0.24779543,0.01901124,0.27647796,0.020535247,0.20314156,-0.016791966,253.44464,253.86377,338.807,0.64928854,3.7356348,0.12163543
1,83,10,0.1,0.1805386,0.064235896,0.07636642,0.039936278,0.126724,0.0054688905,10.515257,0.70319587,17.026485,-1.4272599,0.253448,0.010937781,0.27634475,0.018480262,0.19984064,-0.016751805,253.42207,253.70636,339.1755,0.72406405,3.7356348,0.11881059
1,84,10,0.1,0.19255345,0.07370951,0.07912282,0.03972112,0.13574748,-0.0010865353,10.703345,0.78142476,16.980558,-1.452239,0.27149495,-0.0021730706,0.2812878,0.020536143,0.19930159,-0.017044988,253.40468,253.6134,339.36288,0.6708143,3.7356348,0.11170875
1,85,10,0.1,0.17621812,0.059473947,0.07774929,0.038994875,0.1219364,0.010581182,10.610037,1.1466295,16.82461,-2.010356,0.2438728,0.021162365,0.2788356,0.030133845,0.1974712,-0.023595653,253.35246,253.44928,338.43185,0.8637265,3.7462828,0.106102236
1,86,10,0.1,0.17674582,0.06333524,0.074802116,0.03860846,0.12583247,0.008306946,10.407002,1.2491329,16.741041,-2.0739179,0.25166494,0.016613891,0.27349976,0.03282766,0.19649036,-0.024341688,253.37244,253.39229,338.74176,0.824785,3.7462828,0.10227445
1,87,10,0.1,0.17975228,0.07089607,0.07206721,0.036789,0.13313158,0.0014905144,10.21498,1.3806494,16.34181,-1.8855329,0.26626316,0.0029810288,0.26845336,0.03628397,0.19180459,-0.02213058,253.42677,253.56471,339.08176,0.5048834,3.7462828,0.08648597
1,88,10,0.1,0.16074245,0.058033668,0.06795288,0.034755904,0.12045089,0.0127825765,9.919107,1.1284407,15.88384,-1.4669433,0.24090178,0.025565153,0.26067773,0.029655827,0.18642935,-0.017217573,253.43715,253.6754,338.5078,0.33850253,3.7462828,0.094668016
1,89,10,0.1,0.15957893,0.06110109,0.062523216,0.03595463,0.123593174,0.010814539,9.514573,0.97712016,16.155432,-2.0436876,0.24718635,0.021629078,0.25004643,0.025679069,0.18961705,-0.023986852,253.46004,253.73793,339.07056,1.0665674,3.7544873,0.092688985
1,90,10,0.1,0.16865797,0.06915626,0.06176426,0.037737463,0.13148789,0.0034130977,9.456649,1.331259,16.551128,-2.2495127,0.26297578,0.0068261954,0.24852416,0.03498596,0.19426133,-0.026402632,253.43655,253.62166,339.1712,0.91825366,3.7544873,0.086477384
1,91,10,0.1,0.153783,0.05550136,0.06190311,0.036378514,0.117793635,0.012379828,9.467274,1.286173,16.250385,-2.1768858,0.23558727,0.024759656,0.24880336,0.03380109,0.19073153,-0.0255502,253.38374,253.46165,338.42236,0.89071286,3.7544873,0.081561975
1,92,10,0.1,0.15517646,0.05831387,0.06189527,0.03496732,0.12074132,0.011581568,9.466674,1.2915066,15.932076,-2.2530563,0.24148265,0.023163136,0.2487876,0.033941273,0.1869955,-0.02644422,253.3684,253.33243,338.6172,0.96154964,3.7544873,0.0924319
1,93,10,0.1,0.16303226,0.06444502,0.062917985,0.035669263,0.12693012,0.0038252058,9.544564,1.3971674,16.091192,-2.7127056,0.25386024,0.0076504117,0.25083458,0.036718063,0.18886308,-0.03183915,253.34138,253.15564,338.63428,1.3155382,3.759574,0.07020365
1,94,10,0.1,0.1527118,0.052685298,0.06448824,0.035538252,0.11476639,0.012337918,9.662932,1.4312375,16.061615,-2.6049843,0.22953278,0.024675837,0.25394535,0.037613414,0.18851592,-0.030574823,253.2771,252.89915,337.85565,1.1737468,3.759574,0.083705544
1,95,10,0.1,0.15974502,0.056157313,0.06776967,0.035818037,0.11848767,0.009878267,9.905727,1.237592,16.124716,-2.7672706,0.23697534,0.019756533,0.2603261,0.032524355,0.18925653,-0.03247957,253.2251,252.66559,338.07977,1.5296786,3.759574,0.08015569
1,96,10,0.1,0.16497003,0.061743964,0.06773076,0.0354953,0.124241665,0.0019387737,9.902883,1.338049,16.051908,-2.8445437,0.24848333,0.0038775473,0.26025134,0.0351644,0.18840197,-0.03338653,253.16971,252.40468,338.0397,1.5064946,3.759574,0.0672757
1,97,10,0.1,0.14578998,0.052967727,0.060651306,0.03217095,0.11507359,0.009215898,9.37106,0.71865535,15.281754,-2.7903697,0.23014718,0.018431796,0.24627486,0.018886518,0.17936262,-0.032750696,253.1136,252.21236,337.03696,2.0717144,3.762513,0.057771746
1,98,10,0.1,0.13799644,0.05120465,0.057398807,0.029392978,0.11314222,0.00652247,9.116331,0.6837522,14.607066,-2.5786722,0.22628444,0.01304494,0.23958048,0.017969262,0.1714438,-0.030265996,253.11313,252.16016,337.4328,1.89492,3.762513,0.059283417
1,99,10,0.1,0.14840017,0.06006853,0.05853165,0.029799994,0.12254441,0.001380508,9.205853,0.88733417,14.707854,-2.6172054,0.24508882,0.002761016,0.24193315,0.023319457,0.17262675,-0.030718252,253.1153,252.10522,337.86774,1.7298713,3.762513,0.070334874
1,100,10,0.1,0.13186575,0.048261136,0.055263247,0.028341364,0.109842084,0.010873087,8.945134,0.7034159,14.343383,-2.4490616,0.21968417,0.021746174,0.23508136,0.018486017,0.16834894,-0.028744744,253.12448,252.21011,337.3241,1.7456458,3.762513,0.06327291
2,1,10,0.07,0.13747634,0.04796718,0.060476698,0.029032467,0.109507054,0.0075741205,9.357561,1.5765132,14.517211,-2.9316647,0.21901411,0.015148241,0.2459201,0.04143133,0.17038916,-0.03440908,251.83002,247.89172,331.99503,1.3551515,3.763485,0.07098718
2,2,10,0.07,0.14078392,0.047810063,0.06412809,0.028845765,0.10932756,0.00526385,9.635913,1.3078052,14.470456,-3.005574,0.21865512,0.0105277,0.25323525,0.034369588,0.16984041,-0.035276562,251.88115,248.03377,332.64597,1.6977688,3.763485,0.06682684
2,3,10,0.07,0.14384003,0.052187372,0.063908316,0.027744336,0.11422278,-0.0010809388,9.619387,1.422712,14.191503,-3.0671873,0.22844556,-0.0021618777,0.25280094,0.037389383,0.16656631,-0.035999723,251.93819,248.31339,333.0607,1.6444753,3.763485,0.07922883
2,4,10,0.07,0.12799199,0.045359947,0.056803655,0.025828386,0.106489375,0.009105202,9.068947,1.1611863,13.692724,-2.902838,0.21297875,0.018210404,0.23833518,0.030516395,0.16071212,-0.03407074,251.93912,248.45944,332.78918,1.7416517,3.763485,0.068577215
2,5,10,0.07,0.12760788,0.048210766,0.055248816,0.0241483,0.10978475,0.0028928518,8.943967,0.58940196,13.239893,-2.9339516,0.2195695,0.0057857037,0.23505066,0.015489689,0.15539724,-0.034435924,251.94693,248.45111,333.45483,2.3445497,3.7616863,0.06442682
2,6,10,0.07,0.13120496,0.050868627,0.057252765,0.023083573,0.11277037,-0.0040561967,9.104727,1.1066433,12.944722,-3.0124161,0.22554074,-0.008112393,0.2392755,0.029082978,0.15193279,-0.03535686,251.91084,248.21382,333.4286,1.9057728,3.7616863,0.08291035
2,7,10,0.07,0.123931974,0.045058858,0.057187434,0.021685682,0.10613536,0.004299666,9.099531,0.9817261,12.546649,-2.79478,0.21227072,0.008599332,0.23913895,0.025800107,0.14726059,-0.032802448,251.88731,248.0835,332.8652,1.8130538,3.7616863,0.07132242
2,8,10,0.07,0.12366822,0.042704195,0.058336195,0.022627834,0.103324965,0.00019092708,9.190469,0.86546093,12.816301,-2.9668283,0.20664993,0.00038185416,0.24152887,0.02274464,0.15042551,-0.0348218,251.91682,248.11429,333.52774,2.1013675,3.7616863,0.059571657
2,9,10,0.07,0.13440439,0.051840134,0.060903404,0.02166085,0.113842145,-0.005619497,9.390515,0.50789875,12.539463,-2.9958756,0.22768429,-0.011238994,0.24678615,0.013347749,0.14717625,-0.035162736,251.91574,248.08313,333.70013,2.4879768,3.7565556,0.07807453
2,10,10,0.07,0.11222029,0.03794754,0.053897824,0.020374924,0.09740064,0.0021716394,8.833937,0.46723258,12.161558,-2.8481889,0.19480129,0.0043432787,0.23215905,0.012279043,0.14274076,-0.03342932,251.9074,248.0252,333.01172,2.3809562,3.7565556,0.07045185
2,11,10,0.07,0.11648825,0.04256919,0.053029686,0.020889373,0.103161514,-0.00065004855,8.762505,0.16803649,12.314136,-3.0104637,0.20632303,-0.0013000971,0.23028176,0.0044160686,0.14453156,-0.035333954,251.98055,248.39397,333.63196,2.8424273,3.7565556,0.063103884
2,12,10,0.07,0.1287353,0.049743254,0.057491373,0.021500677,0.11151598,-0.00639778,9.123679,0.34544295,12.493015,-2.9794135,0.22303195,-0.01279556,0.23977359,0.009078378,0.14663109,-0.034969512,252.05347,248.74109,334.1975,2.6339705,3.7565556,0.080656305
2,13,10,0.07,0.11777819,0.040272698,0.057250228,0.02025526,0.10034029,0.0026031258,9.104525,-0.6327659,12.1257925,-2.4109268,0.20068058,0.0052062515,0.2392702,-0.016629316,0.14232098,-0.028297156,252.09932,248.99553,333.88278,3.0436926,3.74806,0.08085739
2,14,10,0.07,0.12396791,0.047800835,0.055446412,0.020720659,0.10931701,0.001470964,8.959946,-0.97164005,12.264308,-2.4536119,0.21863402,0.002941928,0.23547062,-0.02553505,0.14394672,-0.02879815,252.18726,249.38019,334.85947,3.425252,3.74806,0.07664907
2,15,10,0.07,0.12784834,0.05064103,0.05588865,0.021318657,0.11251781,-0.005613828,8.995607,-0.5310046,12.440022,-2.4622688,0.22503562,-0.011227656,0.2364078,-0.013954996,0.1460091,-0.028899768,252.2314,249.42242,335.06268,2.9932735,3.74806,0.08154032
2,16,10,0.07,0.112981215,0.040977463,0.051433295,0.020570457,0.10121445,0.002770648,8.629603,-0.91537327,12.219774,-2.3635614,0.2024289,0.005541296,0.2267891,-0.024056345,0.14342405,-0.027741233,252.23473,249.54965,334.54352,3.2789347,3.74806,0.08553482
2,17,10,0.07,0.11184661,0.040812936,0.051363476,0.0196702,0.10101106,0.0012956215,8.623743,-1.6171558,11.949387,-2.1465282,0.20202212,0.002591243,0.22663511,-0.04249943,0.14025049,-0.0251939,252.21396,249.50682,334.95633,3.763684,3.7365968,0.089026846
2,18,10,0.07,0.12410289,0.04948318,0.0544799,0.020139815,0.11122408,-0.00547005,8.88151,-1.1203519,12.0911875,-2.0481098,0.22244816,-0.0109401,0.2334093,-0.02944324,0.14191481,-0.024038756,252.17993,249.23735,335.15585,3.1684618,3.7365968,0.09143195
2,19,10,0.07,0.11377461,0.040219054,0.053495303,0.020060254,0.100273445,0.002136443,8.800889,-1.3692596,12.06728,-1.9470562,0.20054689,0.004272886,0.23129052,-0.03598465,0.14163423,-0.022852683,252.12373,249.01508,334.2586,3.3163157,3.7365968,0.09393142
2,20,10,0.07,0.119678654,0.04507574,0.05439183,0.02021108,0.10615524,-0.0017270283,8.874329,-1.4997978,12.11256,-2.0360658,0.21231048,-0.0034540566,0.23322056,-0.03941524,0.14216568,-0.023897402,252.13942,249.00642,334.68018,3.5358636,3.7365968,0.09349067
2,21,10,0.07,0.13260105,0.05685836,0.056257065,0.019485628,0.11922496,-0.006616009,9.0252075,-1.5447437,11.893192,-1.6560205,0.23844992,-0.013232018,0.23718572,-0.04059642,0.13959093,-0.019436784,252.1807,249.21086,335.14386,3.2007642,3.7228174,0.10783491
2,22,10,0.07,0.114453785,0.04102383,0.054164946,0.019265004,0.101271704,0.002003813,8.8558,-1.8060622,11.82567,-1.4776518,0.20254341,0.004007626,0.23273364,-0.047463976,0.13879843,-0.017343264,252.18279,249.28355,334.71933,3.283714,3.7228174,0.10318378
2,23,10,0.07,0.11865361,0.045824505,0.053119678,0.019709421,0.1070333,-0.0010304836,8.769936,-1.8419293,11.961293,-1.4645956,0.2140666,-0.0020609673,0.23047706,-0.048406556,0.14039025,-0.017190022,252.23453,249.41954,335.23776,3.3065248,3.7228174,0.10147386
2,24,10,0.07,0.124503225,0.05325836,0.052992284,0.01825258,0.11538886,-0.005664659,8.759413,-1.6363966,11.510742,-1.3813294,0.23077773,-0.011329318,0.23020053,-0.043005105,0.13510211,-0.01621272,252.2751,249.57663,335.4881,3.017726,3.7228174,0.11310274
2,25,10,0.07,0.104004785,0.035425667,0.05213881,0.016440313,0.09410854,0.0038881465,8.688589,-1.9066226,10.924365,-0.8450794,0.18821707,0.007776293,0.22833924,-0.050106723,0.12821978,-0.009918732,252.25682,249.54749,334.7635,2.751702,3.705183,0.101629086
2,26,10,0.07,0.10852288,0.037294433,0.0533446,0.017883843,0.09655883,0.0013392364,8.788483,-2.1067386,11.393881,-0.92183346,0.19311766,0.0026784728,0.2309645,-0.055365853,0.13373049,-0.0108196,252.29608,249.67741,335.4419,3.028572,3.705183,0.10815235
2,27,10,0.07,0.12070483,0.0463506,0.05514959,0.019204643,0.107645944,-0.0046813656,8.935931,-1.6655884,11.807128,-0.93414646,0.21529189,-0.009362731,0.2348395,-0.04377227,0.13858081,-0.010964117,252.31668,249.70451,335.9477,2.5997348,3.705183,0.11088394
2,28,10,0.07,0.104387,0.036717217,0.04887964,0.018790137,0.095808685,0.0019606675,8.412646,-1.684968,11.679014,-0.76034933,0.19161737,0.003921335,0.2210874,-0.04428157,0.13707712,-0.008924259,252.29088,249.60738,335.18695,2.4453173,3.705183,0.09577438
2,29,10,0.07,0.10696778,0.042024493,0.047646113,0.017297175,0.10249938,-0.0011818227,8.305819,-1.5117701,11.205438,-0.32992414,0.20499876,-0.0023636455,0.2182799,-0.039729875,0.13151872,-0.003872332,252.3286,249.6662,335.71323,1.8416942,3.6843417,0.09054828
2,30,10,0.07,0.12357081,0.05162903,0.05398598,0.0179558,0.11361011,-0.0073083513,8.841158,-1.2303625,11.4167795,-0.4948507,0.22722022,-0.014616703,0.23234883,-0.032334372,0.13399926,-0.005808091,252.37494,249.81248,335.96353,1.7252133,3.6843417,0.10682582
2,31,10,0.07,0.10721931,0.035194185,0.0540332,0.017991925,0.09380057,0.0019870317,8.845024,-1.7048328,11.428258,-0.45031092,0.18760113,0.0039740633,0.23245043,-0.04480362,0.13413398,-0.00528532,252.37212,249.91698,335.34097,2.1551437,3.6843417,0.094293274
2,32,10,0.07,0.109938696,0.039752405,0.05090961,0.019276675,0.09969003,-0.00046548728,8.585559,-1.9413917,11.829253,-0.47418538,0.19938006,-0.00093097455,0.22563158,-0.05102047,0.13884047,-0.005565536,252.38843,249.89197,336.09784,2.4155772,3.6843417,0.09807422
2,33,10,0.07,0.119793355,0.051329743,0.04919304,0.01927057,0.11328034,-0.0067861187,8.439573,-1.1932377,11.827376,-0.10797165,0.22656068,-0.013572237,0.22179504,-0.031358704,0.13881847,-0.0012672694,252.4035,249.8905,336.51712,1.3012093,3.659129,0.098027386
2,34,10,0.07,0.105474845,0.038401734,0.047202744,0.019870374,0.0979818,0.0013180197,8.267083,-1.4042422,12.010035,0.05693216,0.1959636,0.0026360394,0.21726193,-0.03690399,0.14096232,0.0006682174,252.3863,249.90747,335.82654,1.34731,3.659129,0.08334071
2,35,10,0.07,0.119093955,0.047550794,0.05011129,0.021431874,0.10903072,-0.0006126783,8.517978,-1.5814755,12.473011,-0.009677849,0.21806145,-0.0012253566,0.22385551,-0.04156174,0.1463963,-0.000113592,252.42409,250.02863,336.3297,1.5911534,3.659129,0.08541044
2,36,10,0.07,0.13114268,0.056848805,0.053148635,0.021145243,0.11921494,-0.006495885,8.7723255,-1.1642629,12.389321,-0.05611181,0.23842987,-0.01299177,0.23053987,-0.030597253,0.14541404,-0.00065858074,252.48195,250.24062,336.72565,1.2203747,3.659129,0.09552981
2,37,10,0.07,0.11127624,0.042211562,0.048730444,0.020334225,0.102727264,0.0019508321,8.399798,-0.9212147,12.149405,0.6116813,0.20545453,0.0039016642,0.22074974,-0.024209846,0.14259812,0.0071793315,252.50766,250.43684,336.26965,0.30953342,3.6302364,0.076235
2,38,10,0.07,0.11352522,0.04335071,0.04897094,0.02120357,0.10410417,0.0001894815,8.4205,-1.1587805,12.406399,0.41102877,0.20820834,0.000378963,0.22129379,-0.030453166,0.14561446,0.0048242686,252.55457,250.64014,336.96387,0.7477517,3.6302364,0.07271475
2,39,10,0.07,0.13236465,0.056219485,0.053412545,0.022732612,0.11855324,-0.0073309313,8.794078,-0.7741221,12.845939,0.25180516,0.23710649,-0.0146618625,0.23111154,-0.020344205,0.15077338,0.0029554549,252.59833,250.75403,337.4828,0.52231693,3.6302364,0.08020548
2,40,10,0.07,0.10994987,0.039804548,0.049174342,0.020970987,0.099755384,0.0018286257,8.437969,-0.9807721,12.338166,0.6432179,0.19951077,0.0036572514,0.22175288,-0.025775043,0.14481363,0.0075494796,252.61157,250.86304,336.8956,0.33755416,3.6302364,0.0758185
2,41,10,0.07,0.11208697,0.04603159,0.045393653,0.020661723,0.10727487,0.00036752556,8.107113,-0.62835974,12.246853,1.0276343,0.21454974,0.0007350511,0.21305786,-0.016513519,0.14374186,0.012061389,252.67163,251.1046,337.4757,-0.39927453,3.5987132,0.06775216
2,42,10,0.07,0.13083088,0.0616102,0.04727301,0.02194768,0.12410701,-0.005925053,8.273233,-0.2757733,12.622212,0.88058215,0.24821402,-0.011850106,0.21742357,-0.007247413,0.1481475,0.010335436,252.69179,251.17638,337.74716,-0.60480887,3.5987132,0.08223005
2,43,10,0.07,0.10669487,0.03962314,0.044365767,0.022705965,0.09952781,0.002267107,8.0148,-0.51494133,12.838409,1.0087593,0.19905563,0.004534214,0.21063183,-0.0135328425,0.15068498,0.011839852,252.67021,251.15509,337.00232,-0.49381793,3.5987132,0.069218114
2,44,10,0.07,0.11767196,0.05118082,0.04285437,0.023636764,0.11311589,0.0007886635,7.877097,-0.6061814,13.098911,0.94081324,0.22623178,0.001577327,0.20701297,-0.015930668,0.15374252,0.011042366,252.7007,251.24986,337.53067,-0.33463186,3.5987132,0.073426366
2,45,10,0.07,0.12387814,0.058175292,0.04342855,0.022274291,0.12059777,-0.0070289895,7.929693,0.3433977,12.715783,1.1859158,0.24119554,-0.014057979,0.20839518,0.009024617,0.14924574,0.013919149,252.74818,251.40785,338.03867,-1.5293136,3.5645387,0.08309467
2,46,10,0.07,0.103354044,0.041655354,0.0403686,0.021330087,0.10204822,0.0036547882,7.645229,-0.17751354,12.443357,1.4071041,0.20409644,0.0073095765,0.20091939,-0.0046651233,0.14604823,0.016515251,252.79578,251.73532,337.70398,-1.2295907,3.5645387,0.06450634
2,47,10,0.07,0.111076005,0.04794782,0.039791863,0.02333632,0.109484956,0.0021441458,7.5904202,-0.4287897,13.015396,1.2870141,0.21896991,0.0042882916,0.19947898,-0.011268752,0.1527623,0.015105744,252.8721,252.02483,338.42984,-0.8582244,3.5645387,0.06392723
2,48,10,0.07,0.1297666,0.061207518,0.042297214,0.026261862,0.12370077,-0.0032605259,7.8257246,0.023028981,13.807148,1.2591516,0.24740154,-0.0065210517,0.20566286,0.0006052075,0.16205512,0.014778724,252.93474,252.16722,338.94913,-1.2821805,3.5645387,0.065145455
2,49,10,0.07,0.110187694,0.042613015,0.04034602,0.02722866,0.1032146,0.0032214643,7.64309,0.29514408,14.058996,1.4456328,0.2064292,0.0064429287,0.20086318,0.0077564884,0.1650111,0.016967459,252.94867,252.3999,338.3416,-1.7407769,3.527745,0.06036272
2,50,10,0.07,0.12029323,0.05124995,0.040813107,0.028230174,0.11319226,0.0031144824,7.687206,0.09475119,14.315218,1.353289,0.22638452,0.006228965,0.20202254,0.0024900942,0.16801837,0.015883615,252.98062,252.52419,338.83072,-1.4480402,3.527745,0.06070625
2,51,10,0.07,0.13754125,0.066543154,0.044076867,0.026921222,0.1289798,-0.003888414,7.988662,0.43207258,13.979403,1.434583,0.2579596,-0.007776828,0.20994492,0.011355017,0.16407688,0.016837772,253.04236,252.73557,339.48935,-1.8666556,3.527745,0.05997372
2,52,10,0.07,0.10779195,0.043254647,0.040851366,0.023685938,0.10398876,0.0036797307,7.6908073,0.05461132,13.112531,1.9773489,0.20797752,0.0073594614,0.2021172,0.001435204,0.15390237,0.023208229,253.06572,252.89857,339.0323,-2.0319602,3.527745,0.060377903
2,53,10,0.07,0.111128315,0.047569495,0.039523017,0.024035806,0.10905216,0.0029051732,7.564735,0.32204342,13.20902,1.9614062,0.21810432,0.0058103465,0.19880396,0.008463412,0.15503486,0.023021117,253.1039,253.00229,339.45108,-2.2834496,3.4883518,0.061870027
2,54,10,0.07,0.122741,0.05647547,0.039734464,0.026531065,0.11882284,-0.0054771984,7.5849433,0.6292404,13.877732,1.778423,0.23764569,-0.010954397,0.19933505,0.01653666,0.1628836,0.020873424,253.12915,253.01817,339.81097,-2.4076633,3.4883518,0.067461565
2,55,10,0.07,0.10536444,0.038732268,0.037500896,0.029131282,0.098402575,0.0030022066,7.3686767,0.28944623,14.541895,1.8365043,0.19680515,0.006004413,0.19365148,0.007606752,0.17067888,0.02155513,253.09659,252.99301,339.17877,-2.1259506,3.4883518,0.055667263
2,56,10,0.07,0.12351547,0.052483056,0.03939762,0.031634793,0.114545904,0.0028699834,7.5527253,0.19278154,15.153876,1.6337248,0.22909181,0.005739967,0.19848834,0.0050663636,0.17786172,0.019175095,253.06502,252.7711,339.311,-1.8265064,3.4883518,0.060721543
2,57,10,0.07,0.14370322,0.063819565,0.045661792,0.034221865,0.12631267,-0.0063645476,8.1310215,0.9393234,15.761335,1.3829798,0.25262535,-0.012729095,0.2136862,0.02468576,0.18499152,0.016232101,253.0767,252.71706,339.4842,-2.3223033,3.4469044,0.056696754
2,58,10,0.07,0.122821644,0.048998535,0.042443655,0.03137945,0.11067806,0.0030705845,7.8392606,0.68061596,15.092593,1.5387272,0.22135612,0.006141169,0.20601858,0.01788684,0.17714246,0.018060097,253.06136,252.7118,338.793,-2.2193432,3.4469044,0.06417324
2,59,10,0.07,0.12800118,0.0554483,0.041314423,0.031238457,0.117737316,0.002713471,7.7342734,0.46808386,15.058647,1.5615082,0.23547463,0.005426942,0.2032595,0.012301421,0.17674404,0.018327499,253.08511,252.78548,339.2825,-2.029592,3.4469044,0.059014216
2,60,10,0.07,0.13228613,0.05993662,0.042484436,0.029865064,0.12240978,-0.007886931,7.8430257,0.74353755,14.723902,1.5923309,0.24481957,-0.015773863,0.20611753,0.019540435,0.17281511,0.018689262,253.12004,252.9486,339.65826,-2.3358684,3.4469044,0.056394078
2,61,10,0.07,0.11223102,0.045488134,0.039507605,0.027235286,0.106639735,0.00065458484,7.56326,0.85109764,14.060709,1.8757056,0.21327947,0.0013091697,0.1987652,0.022367159,0.16503116,0.022015236,253.10258,252.99643,339.00845,-2.7268033,3.4038422,0.04617672
2,62,10,0.07,0.113100804,0.04890651,0.036966234,0.027228067,0.11057408,-0.00021634018,7.3159595,0.6264736,14.058845,1.9317563,0.22114816,-0.00043268036,0.19226605,0.016463954,0.16500929,0.022673097,253.11348,252.93118,339.73105,-2.55823,3.4038422,0.04296023
2,63,10,0.07,0.12672691,0.05930478,0.039398324,0.028023804,0.121762864,-0.010076597,7.552792,1.1147941,14.262797,1.7490872,0.24352573,-0.020153195,0.19849011,0.029297188,0.16740312,0.020529116,253.12752,252.91068,339.79538,-2.8638813,3.4038422,0.065802194
2,64,10,0.07,0.11430179,0.041937068,0.041493855,0.03087087,0.10239271,0.001031272,7.7510505,1.0348841,14.969789,1.8988048,0.20478542,0.002062544,0.20370041,0.02719714,0.17570108,0.022286367,253.1189,252.88719,339.01895,-2.9336889,3.4038422,0.045465548
2,65,10,0.07,0.132195,0.052630484,0.045914058,0.03365046,0.11470667,-0.00031692957,8.153452,1.2126952,15.629199,1.5359817,0.22941335,-0.00063385913,0.21427566,0.03187007,0.18344063,0.018027887,253.14267,252.87299,339.2986,-2.7486768,3.3598106,0.049027804
2,66,10,0.07,0.14830662,0.063204594,0.04871786,0.03638417,0.12570262,-0.009190319,8.398714,1.62902,16.25165,1.3265587,0.25140524,-0.018380638,0.22072123,0.042811234,0.19074635,0.01556988,253.15956,252.8477,339.51862,-2.9555788,3.3598106,0.061085213
2,67,10,0.07,0.13822843,0.050772984,0.050816976,0.036638465,0.112664305,-0.0008874978,8.577743,1.5001721,16.308342,1.4955083,0.22532861,-0.0017749956,0.22542621,0.03942506,0.19141176,0.017552841,253.13966,252.80035,338.7978,-2.9956803,3.3598106,0.06196172
2,68,10,0.07,0.14827837,0.06070807,0.052479766,0.035090532,0.12319504,-0.00088259904,8.71695,1.3860235,15.960122,1.3740919,0.24639007,-0.0017651981,0.22908463,0.036425192,0.18732467,0.016127767,253.19867,252.97873,339.07718,-2.7601154,3.3598106,0.060548678
2,69,10,0.07,0.16218469,0.074354425,0.052787893,0.035042375,0.13634004,-0.008993017,8.742504,1.4432262,15.949165,1.0540613,0.27268007,-0.017986033,0.22975616,0.03792851,0.18719609,0.0123715615,253.3119,253.49535,339.89117,-2.4972875,3.314572,0.06214616
2,70,10,0.07,0.13756058,0.05046134,0.05107404,0.036025196,0.11231801,0.0014128017,8.599413,1.278963,16.17128,1.3743576,0.22463602,0.0028256034,0.22599566,0.03361161,0.18980305,0.016130906,253.36438,253.79155,339.6335,-2.6533206,3.314572,0.05384879
2,71,10,0.07,0.1398609,0.056860432,0.049162388,0.033838086,0.119227126,-0.000492198,8.436943,1.0651608,15.672709,1.3272611,0.23845425,-0.000984396,0.22172593,0.027992798,0.18395132,0.015578133,253.40556,253.92426,339.8886,-2.3924217,3.314572,0.04384721
2,72,10,0.07,0.1551529,0.0680173,0.05337973,0.033755876,0.13040063,-0.0057793674,8.791376,1.2092546,15.65366,1.2706488,0.26080126,-0.011558735,0.23104054,0.031779654,0.18372773,0.014913658,253.46263,254.11395,340.15143,-2.4799035,3.314572,0.04886229
2,73,10,0.07,0.14160131,0.054962527,0.05157799,0.03506079,0.11722044,0.0017754355,8.641734,0.7920098,15.953356,1.1015726,0.23444088,0.003550871,0.22710788,0.020814309,0.18724526,0.012929204,253.46687,254.13242,339.57245,-1.8935823,3.2696865,0.036655243
2,74,10,0.07,0.14893213,0.062109932,0.051188458,0.03563374,0.12460932,0.0009321406,8.60904,0.6424502,16.08318,1.0946643,0.24921864,0.0018642813,0.22624867,0.016883824,0.18876901,0.012848124,253.512,254.29178,340.2055,-1.7371145,3.2696865,0.04127618
2,75,10,0.07,0.1632427,0.07480999,0.051439743,0.036992963,0.13675708,-0.0060672015,8.630144,0.8580942,16.387053,1.081551,0.27351415,-0.012134403,0.22680332,0.022551037,0.19233555,0.012694205,253.5407,254.39087,340.73083,-1.9396452,3.2696865,0.04887817
2,76,10,0.07,0.1416431,0.05374748,0.05072941,0.03716622,0.11591751,0.0014845631,8.570351,0.6463398,16.425379,1.0956421,0.23183502,0.0029691262,0.2252319,0.016986063,0.19278543,0.01285959,253.50432,254.36057,340.1137,-1.7419819,3.2696865,0.04168484
2,77,10,0.07,0.14690086,0.060054038,0.050675094,0.036171734,0.122529626,-0.0020457231,8.565761,0.2820114,16.204134,0.51817894,0.24505925,-0.0040914463,0.22511129,0.0074113593,0.19018868,0.0060818894,253.48753,254.21957,340.41565,-0.8001903,3.2262805,0.046451766
2,78,10,0.07,0.15878388,0.070418365,0.05255375,0.035811763,0.1326823,-0.009300768,8.723094,0.7218176,16.123304,0.34182802,0.2653646,-0.018601537,0.22924605,0.018969623,0.18923996,0.0040120427,253.48051,254.1235,340.51807,-1.0636456,3.2262805,0.055715404
2,79,10,0.07,0.1448457,0.051583372,0.05463515,0.038627185,0.113559864,0.00037308587,8.8941555,0.7158983,16.7451,0.39461356,0.22711973,0.00074617175,0.23374163,0.018814053,0.196538,0.0046315915,253.42183,253.9053,339.58136,-1.1105118,3.2262805,0.050140124
2,80,10,0.07,0.1662629,0.06845033,0.05633943,0.04147314,0.13081507,-0.0023098702,9.031812,0.7080818,17.351006,0.21495041,0.26163015,-0.0046197404,0.23735929,0.018608646,0.20364955,0.0025228828,253.43361,253.84236,339.8714,-0.92303216,3.2262805,0.055131886
2,81,10,0.07,0.1718892,0.07536451,0.05532371,0.04120098,0.13726299,-0.008938,8.9500265,0.48325187,17.293983,-0.14920136,0.27452597,-0.017876,0.23520993,0.012700028,0.20298025,-0.0017511869,253.51006,254.09206,340.50806,-0.3340505,3.1836815,0.05994102
2,82,10,0.07,0.14712393,0.054117866,0.05263583,0.04037024,0.11631624,-0.00031809745,8.729902,0.10554874,17.118742,0.026897084,0.23263247,-0.0006361949,0.229425,0.0027738581,0.20092347,0.00031568788,253.54715,254.30724,340.07822,-0.13244583,3.1836815,0.05414458
2,83,10,0.07,0.15422218,0.06253361,0.05175247,0.0399361,0.1250336,-0.0021710908,8.656338,-0.11790451,17.026447,0.075355455,0.2500672,-0.0043421816,0.22749169,-0.0030985698,0.19984019,0.00088445586,253.61423,254.5898,340.64734,0.04254905,3.1836815,0.049321294
2,84,10,0.07,0.16245778,0.06665414,0.055327944,0.040475693,0.12908731,-0.0095981285,8.950369,0.1355728,17.141085,0.13632526,0.25817463,-0.019196257,0.23521893,0.0035629128,0.20118572,0.0016000536,253.63148,254.599,340.98004,-0.27189806,3.1836815,0.047973868
2,85,10,0.07,0.15231763,0.05583235,0.05757985,0.03890543,0.11814435,0.0011699722,9.130697,-0.26377684,16.805302,-0.07099098,0.2362887,0.0023399445,0.23995802,-0.006932148,0.1972446,-0.000833232,253.59174,254.43427,340.06412,0.33476782,3.142614,0.045657583
2,86,10,0.07,0.1554428,0.061362926,0.058116637,0.035963234,0.12385771,-0.00020213975,9.173159,-0.19147083,16.157366,-0.18210702,0.24771541,-0.0004042795,0.24107392,-0.0050319275,0.18963975,-0.002137396,253.60043,254.39368,340.11237,0.37357783,3.142614,0.045143127
2,87,10,0.07,0.18049642,0.086278744,0.056729194,0.037488494,0.14686622,-0.009193908,9.063,0.07782614,16.49644,-0.345268,0.29373243,-0.018387817,0.23817891,0.0020453136,0.19361946,-0.004052425,253.61801,254.41698,340.4094,0.26744187,3.142614,0.06826211
2,88,10,0.07,0.15516025,0.055089325,0.05957555,0.040495373,0.11735558,-0.0013183834,9.287582,-0.17215629,17.145254,-0.26844049,0.23471116,-0.0026367668,0.24408104,-0.0045243273,0.20123462,-0.0031507039,253.5784,254.35114,339.71912,0.44059676,3.142614,0.05116178
2,89,10,0.07,0.16916262,0.065373465,0.06232748,0.041461665,0.12784117,-0.0017703981,9.499669,-0.64161575,17.348606,-0.6796248,0.25568235,-0.0035407962,0.24965473,-0.016861916,0.20362137,-0.007976802,253.55197,254.16458,339.78378,1.3212405,3.1052094,0.059644163
2,90,10,0.07,0.18848203,0.08125611,0.064365834,0.042860094,0.14252728,-0.008827601,9.653756,-0.3987906,17.638746,-0.7772622,0.28505456,-0.017655201,0.25370422,-0.01048036,0.2070268,-0.009122769,253.52896,254.01756,340.00095,1.1760528,3.1052094,0.07066627
2,91,10,0.07,0.1621239,0.05766039,0.06257538,0.04188813,0.12006289,0.0011042673,9.518541,-0.56766164,17.4376,-0.5609826,0.24012578,0.0022085346,0.2501507,-0.014918352,0.2046659,-0.006584283,253.50525,253.99617,339.47885,1.1286442,3.1052094,0.06556057
2,92,10,0.07,0.16737792,0.06646237,0.06245499,0.03846055,0.12890148,-0.0014435039,9.50938,-0.62335485,16.708944,-0.6472723,0.25780296,-0.0028870078,0.24990997,-0.016382005,0.19611362,-0.007597066,253.56073,254.13425,339.96347,1.2706271,3.1052094,0.05691585
2,93,10,0.07,0.17821598,0.07496247,0.065206036,0.038047474,0.13689637,-0.0086328685,9.716561,-0.74500346,16.618969,-0.97810733,0.27379274,-0.017265737,0.25535473,-0.019578973,0.19505762,-0.011480102,253.64201,254.52588,340.55872,1.7231108,3.072315,0.07487577
2,94,10,0.07,0.15807611,0.055217057,0.06437341,0.038485646,0.11749155,0.0014303968,9.6543255,-1.0896128,16.714394,-0.79133207,0.2349831,0.0028607936,0.25371915,-0.02863541,0.19617759,-0.009287901,253.65584,254.68521,340.19812,1.880945,3.072315,0.06884167
2,95,10,0.07,0.1686145,0.06640193,0.065110296,0.03710229,0.12884286,-0.00018116117,9.709425,-1.1450155,16.411247,-0.71181434,0.25768572,-0.00036232235,0.2551672,-0.030091435,0.19261955,-0.008354594,253.6974,254.83339,340.67838,1.8568299,3.072315,0.068567656
2,96,10,0.07,0.18288365,0.081044115,0.06529342,0.03654612,0.14234124,-0.007209077,9.72307,-0.6780565,16.287779,-0.7179248,0.28468248,-0.014418154,0.25552577,-0.017819574,0.1911704,-0.008426308,253.7021,254.76065,340.8797,1.3959813,3.072315,0.07692035
2,97,10,0.07,0.16210529,0.055556014,0.06898061,0.03756867,0.117851615,0.0033924181,9.993835,-0.7886021,16.51407,-0.7201614,0.23570323,0.0067848363,0.2626416,-0.020724759,0.19382639,-0.008452563,253.66876,254.6699,340.28137,1.5087636,3.044124,0.06189185
2,98,10,0.07,0.17591897,0.069984145,0.067883335,0.03805149,0.13227259,-0.00018546863,9.91403,-0.904271,16.619846,-0.92588156,0.26454517,-0.00037093725,0.2605443,-0.023764567,0.19506791,-0.010867111,253.70079,254.7385,340.5809,1.8301525,3.044124,0.06408368
2,99,10,0.07,0.19275135,0.081774086,0.07166279,0.039314475,0.14298084,-0.004387464,10.186278,-0.8209008,16.893415,-1.0546831,0.2859617,-0.008774928,0.26769906,-0.021573592,0.19827878,-0.012378857,253.72261,254.84114,340.70285,1.8755839,3.044124,0.075050846
2,100,10,0.07,0.1708258,0.054412685,0.07472856,0.041684557,0.11663263,0.0021024412,10.401884,-0.93661547,17.395174,-0.90735924,0.23326527,0.0042048823,0.27336526,-0.024614599,0.20416796,-0.0106497295,253.6745,254.70213,339.89062,1.8439747,3.044124,0.0758983
3,1,10,0.049,0.161103,0.059800085,0.061512075,0.039790843,0.12227028,0.0021720182,9.437324,-0.28968394,16.995455,0.7217907,0.24454056,0.0043440363,0.24801628,-0.0076130037,0.19947642,0.008471674,253.85855,255.33807,342.04742,-0.43210673,3.0220149,0.048815478
3,2,10,0.049,0.15725514,0.062905505,0.057309464,0.03704017,0.12540485,-0.00321603,9.109234,-0.327082,16.397501,0.45403188,0.2508097,-0.00643206,0.23939395,-0.008595823,0.19245823,0.0053289924,253.80159,255.06902,342.0885,-0.12694988,3.0220149,0.06405769
3,3,10,0.049,0.18082693,0.08647701,0.05621284,0.03813708,0.14703487,-0.00916757,9.02166,0.21917924,16.638529,0.20222689,0.29406974,-0.01833514,0.23709247,0.005760101,0.19528717,0.0023735606,253.71303,254.55504,341.8879,-0.42140615,3.0220149,0.08194892
3,4,10,0.049,0.14788774,0.05320278,0.056551542,0.038133413,0.11532864,-0.00056427065,9.048798,0.14452663,16.63773,0.15226391,0.23065728,-0.0011285413,0.23780568,0.0037982152,0.19527778,0.001787123,253.57932,254.07188,340.37338,-0.29679054,3.0220149,0.045995705
3,5,10,0.049,0.16024274,0.061162442,0.05859571,0.040484592,0.12365521,-0.00386607,9.210888,-0.017416751,17.142973,-0.090737544,0.24731041,-0.00773214,0.2420655,-0.0004577155,0.20120783,-0.0010649869,253.51993,253.7725,340.47064,0.1081543,3.0076714,0.04510605
3,6,10,0.049,0.18679419,0.08363173,0.06131554,0.041846912,0.14459576,-0.011094951,9.4222355,0.2748954,17.429016,-0.2349707,0.2891915,-0.022189902,0.24761975,0.0072243433,0.20456518,-0.0027578552,253.50975,253.71101,340.59967,-0.039924696,3.0076714,0.06281049
3,7,10,0.049,0.14598528,0.055874396,0.052101042,0.03800984,0.11818883,-0.00021011855,8.685441,-0.04357802,16.61075,0.09697145,0.23637766,-0.0004202371,0.22825652,-0.001145252,0.19496113,0.0011381549,253.48619,253.70284,340.0035,-0.05339343,3.0076714,0.017820965
3,8,10,0.049,0.14505364,0.062117055,0.049892068,0.03304452,0.12461647,-0.0034118623,8.499325,-0.22318615,15.487842,0.17983408,0.24923293,-0.0068237246,0.22336532,-0.0058654197,0.18178152,0.0021107246,253.50252,253.68643,340.68323,0.043352067,3.0076714,0.05826346
3,9,10,0.049,0.16691382,0.08336451,0.05084089,0.032708425,0.14436457,-0.0089769205,8.579762,0.26593357,15.408876,-0.0135220615,0.28872913,-0.017953841,0.22547925,0.0069888383,0.18085471,-0.00015871212,253.50659,253.63718,340.7845,-0.2524115,2.9952142,0.087684184
3,10,10,0.049,0.13018486,0.046518378,0.050798,0.03286848,0.1078406,0.002621881,8.576142,0.19196713,15.446533,0.14427462,0.2156812,0.005243762,0.22538412,0.0050449735,0.18129666,0.0016933643,253.47427,253.50345,339.97006,-0.33624175,2.9952142,0.036877222
3,11,10,0.049,0.14782645,0.06095171,0.05373512,0.033139613,0.123442,-0.0018307647,8.820592,0.16806184,15.51011,0.018503208,0.246884,-0.0036615294,0.23180836,0.0044167307,0.18204288,0.00021716802,253.51877,253.64925,340.28247,-0.18656504,2.9952142,0.05375775
3,12,10,0.049,0.16003788,0.076907374,0.05174468,0.031385828,0.1386609,-0.0067537385,8.655687,0.36855385,15.094128,0.080804534,0.2773218,-0.013507477,0.22747457,0.00968574,0.17716046,0.00094840024,253.59996,254.01227,340.70694,-0.44935837,2.9952142,0.08600517
3,13,10,0.049,0.12095797,0.046974972,0.044704124,0.029278878,0.10836855,0.0056461664,8.045304,0.15882365,14.578687,0.24858032,0.2167371,0.011292333,0.2114335,0.0041739433,0.17111072,0.0029176015,253.6261,254.23418,340.45316,-0.40740398,2.9850469,0.04678982
3,14,10,0.049,0.13010857,0.056278843,0.044097062,0.029732658,0.11861581,0.0020652737,7.990492,-0.06247272,14.691227,0.22435445,0.23723163,0.0041305474,0.209993,-0.0016418033,0.1724316,0.0026332706,253.62767,254.23161,340.92496,-0.16188173,2.9850469,0.07015212
3,15,10,0.049,0.15616064,0.07914557,0.04748157,0.029533492,0.14066412,-0.0037370238,8.291464,0.24935743,14.641937,0.10252396,0.28132823,-0.0074740476,0.21790266,0.0065531973,0.17185311,0.0012033274,253.5739,253.98766,340.99295,-0.35188138,2.9850469,0.091287404
3,16,10,0.049,0.123241685,0.047880266,0.04590179,0.029459633,0.1094078,0.0050946684,8.152363,0.05871104,14.623618,0.0966763,0.2188156,0.010189337,0.21424703,0.0015429535,0.17163809,0.0011346966,253.49854,253.73709,340.16327,-0.15538734,2.9850469,0.058257986
3,17,10,0.049,0.12717675,0.05144497,0.044492908,0.031238863,0.11340742,0.0013898334,8.026275,-0.00038224037,15.058747,-0.21080217,0.22681484,0.0027796668,0.21093342,-1.00424795e-5,0.17674519,-0.0024741997,253.45432,253.43826,340.49582,0.21118441,2.977834,0.04458842
3,18,10,0.049,0.15650031,0.0803828,0.04588249,0.030235015,0.1417593,-0.00430875,8.150648,0.40903482,14.814818,-0.46000826,0.2835186,-0.0086175,0.21420199,0.010749598,0.17388219,-0.005399138,253.37251,253.01077,340.24768,0.050973445,2.977834,0.043577656
3,19,10,0.049,0.11557035,0.043841537,0.044989437,0.026739378,0.104691856,0.0033476003,8.070937,0.29893002,13.932108,-0.36365685,0.20938371,0.0066952007,0.21210714,0.007855988,0.1635218,-0.004268261,253.29073,252.74692,339.0939,0.06472683,2.977834,0.02944884
3,20,10,0.049,0.11628415,0.047384463,0.044095654,0.024804024,0.10883986,-0.0009888196,7.990364,0.28379044,13.4184475,-0.3975764,0.21767972,-0.0019776393,0.20998965,0.0074581183,0.15749294,-0.004666374,253.29097,252.69974,339.43552,0.11378595,2.977834,0.059697207
3,21,10,0.049,0.12488361,0.05719904,0.04373762,0.02394695,0.1195816,-0.0057602157,7.95786,0.64217937,13.184581,-0.5388523,0.2391632,-0.011520431,0.20913541,0.016876712,0.15474802,-0.006324531,253.26288,252.56593,339.48572,-0.103327096,2.9737344,0.05523672
3,22,10,0.049,0.10480979,0.03892161,0.0423039,0.023584275,0.098642804,0.004973307,7.8263426,0.4220411,13.08436,-0.32039574,0.19728561,0.009946614,0.20567912,0.011091392,0.15357172,-0.0037605064,253.1937,252.32846,338.62067,-0.10164535,2.9737344,0.027448777
3,23,10,0.049,0.10676302,0.042541802,0.04037216,0.023849059,0.10312832,0.0010650724,7.6455655,0.30525985,13.157604,-0.35534376,0.20625664,0.0021301447,0.20092824,0.008022345,0.1544314,-0.0041706874,253.18541,252.24187,338.98737,0.050083905,2.9737344,0.04277304
3,24,10,0.049,0.12649672,0.06417107,0.039384935,0.022940712,0.12666005,-0.004872815,7.5515094,0.64927244,12.904602,-0.44338897,0.2533201,-0.00974563,0.19845638,0.017063115,0.15146191,-0.005204086,253.16357,252.09766,339.06424,-0.20588347,2.9737344,0.070431285
3,25,10,0.049,0.09583342,0.035762995,0.037826512,0.022243917,0.094555534,0.004577625,7.400598,0.40409774,12.70711,-0.36828998,0.18911107,0.00915525,0.19449039,0.010619833,0.14914395,-0.004322636,253.09564,251.87654,338.179,-0.03580776,2.9731705,0.030701937
3,26,10,0.049,0.10192096,0.041756056,0.038910005,0.0212549,0.102171496,0.00068917684,7.50584,0.28489393,12.421407,-0.49328297,0.20434299,0.0013783537,0.1972562,0.0074871094,0.1457906,-0.0057896976,253.06416,251.72136,338.2684,0.20838904,2.9731705,0.027965618
3,27,10,0.049,0.11107063,0.05222287,0.039210156,0.01963761,0.11426162,-0.0037429011,7.5347347,0.6300151,11.939484,-0.5466177,0.22852324,-0.0074858023,0.19801554,0.016557029,0.14013426,-0.006415685,253.05498,251.64816,338.366,-0.08339739,2.9731705,0.0596696
3,28,10,0.049,0.09276902,0.03765001,0.0366411,0.01847791,0.097018056,0.0057993587,7.283715,0.47447705,11.581575,-0.4645019,0.19403611,0.011598717,0.19141865,0.012469426,0.13593347,-0.0054518706,253.02975,251.64224,337.67648,-0.009975165,2.9731705,0.03275765
3,29,10,0.049,0.08530108,0.035332654,0.03241457,0.017553858,0.09398491,0.0013139449,6.850761,0.30612338,11.288273,-0.5812814,0.18796982,0.0026278899,0.18004046,0.008045035,0.13249098,-0.006822527,253.03227,251.63368,338.2388,0.27515805,2.9765723,0.031610187
3,30,10,0.049,0.09963244,0.05184333,0.030791664,0.016997453,0.113845654,-0.0038002296,6.6770597,0.7064428,11.107931,-0.66824585,0.22769131,-0.0076004593,0.17547554,0.018565567,0.13037428,-0.007843232,253.01472,251.51839,338.3608,-0.03819692,2.9765723,0.05169421
3,31,10,0.049,0.07603854,0.033487152,0.026926773,0.015624614,0.09149747,0.0052268747,6.2439704,0.48566315,10.649908,-0.48209342,0.18299495,0.010453749,0.16409379,0.012763401,0.12499846,-0.0056583616,252.97356,251.33798,337.60013,-0.0035697222,2.9765723,0.040501423
3,32,10,0.049,0.081096254,0.03411144,0.031394675,0.0155901415,0.092346415,0.0012285621,6.742123,0.44960117,10.638153,-0.7216999,0.18469283,0.0024571242,0.17718543,0.01181568,0.12486049,-0.008470637,252.97285,251.27106,337.7156,0.27209872,2.9765723,0.03473704
3,33,10,0.049,0.09299112,0.04227437,0.03596612,0.014750632,0.10280366,-0.002225326,7.216315,0.55180377,10.347765,-1.0309378,0.20560732,-0.004450652,0.18964736,0.014501603,0.12145218,-0.012100167,252.95146,251.17598,337.58972,0.47913402,2.9831352,0.058219567
3,34,10,0.049,0.08607985,0.03320898,0.038163953,0.014706913,0.09111666,0.0058617387,7.433535,0.4002483,10.3324175,-1.019715,0.18223332,0.011723477,0.19535597,0.010518669,0.121272065,-0.011968441,252.88416,251.00351,336.51392,0.61946666,2.9831352,0.072573625
3,35,10,0.049,0.0864147,0.032884248,0.037790738,0.015739715,0.09067007,0.002467837,7.3970985,0.51261806,10.689064,-1.0217829,0.18134014,0.004935674,0.1943984,0.013471787,0.12545802,-0.011992702,252.85945,250.76567,336.63736,0.5091648,2.9831352,0.049748823
3,36,10,0.049,0.09530271,0.041781414,0.037917353,0.015603937,0.10220251,-0.003406677,7.4094796,0.85977656,10.6428585,-1.0497241,0.20440502,-0.006813354,0.19472378,0.02259524,0.12491572,-0.012320661,252.86215,250.71428,336.7779,0.18994755,2.9831352,0.061440345
3,37,10,0.049,0.08503858,0.034428336,0.03568249,0.01492775,0.09277437,0.006259776,7.187804,0.33654755,10.409704,-0.7578982,0.18554874,0.012519552,0.18889809,0.008844593,0.12217917,-0.008895487,252.86679,250.83392,336.3688,0.42135066,2.9931808,0.06826954
3,38,10,0.049,0.08504931,0.033203784,0.03628469,0.015560833,0.09110953,0.00333616,7.2482033,0.21397898,10.628148,-0.7528748,0.18221906,0.00667232,0.1904854,0.005623444,0.12474307,-0.008836531,252.88171,250.87105,336.89963,0.53889585,2.9931808,0.052733462
3,39,10,0.049,0.09496628,0.039062582,0.039475046,0.016428646,0.09882128,-0.0019254907,7.5601416,0.54281014,10.920489,-1.0262684,0.19764256,-0.0038509814,0.19868328,0.014265246,0.12817428,-0.012045346,252.82208,250.61887,336.75818,0.48345822,2.9931808,0.065279976
3,40,10,0.049,0.09082948,0.03626481,0.037596714,0.016967952,0.09521661,0.006550255,7.378085,0.47590646,11.098287,-1.1792785,0.19043322,0.01310051,0.19389872,0.0125069935,0.1302611,-0.013841227,252.71277,250.19678,335.56802,0.703372,2.9931808,0.09778154
3,41,10,0.049,0.09266159,0.037673175,0.0381982,0.01679021,0.097047895,0.0033287273,7.436869,0.26736113,11.040005,-1.3973874,0.19409579,0.0066574547,0.1954436,0.007026349,0.12957704,-0.016401203,252.68797,250.03941,335.6239,1.1300262,3.0058796,0.102649674
3,42,10,0.049,0.10278328,0.049287535,0.037275754,0.016219988,0.11100398,-0.0028871002,7.346524,0.5774453,10.850919,-1.5394144,0.22200796,-0.0057742004,0.1930693,0.015175471,0.12735772,-0.018068168,252.65373,249.89667,335.56683,0.9619691,3.0058796,0.10556685
3,43,10,0.049,0.08652804,0.03816698,0.033481464,0.014879589,0.09768186,0.0049948194,6.962591,0.306422,10.392899,-1.3504443,0.19536372,0.009989639,0.1829794,0.00805288,0.12198192,-0.015850224,252.62013,249.84,335.01184,1.0440223,3.0058796,0.12170951
3,44,10,0.049,0.08885983,0.039628524,0.03449296,0.014738342,0.09953457,0.0015846243,7.066981,0.16739751,10.343452,-1.4511691,0.19906914,0.0031692486,0.1857228,0.0043992675,0.12140157,-0.017032437,252.63324,249.90321,335.4496,1.2837716,3.0058796,0.107734784
3,45,10,0.049,0.10216509,0.050009694,0.03738474,0.014770656,0.11181424,-0.0011640901,7.357255,0.26143312,10.354785,-1.2964433,0.22362848,-0.0023281802,0.19335134,0.0068705576,0.121534586,-0.015216404,252.62912,249.84195,335.6471,1.0350102,3.0211205,0.09398718
3,46,10,0.049,0.09350625,0.043420527,0.035145003,0.014940714,0.104187965,0.007895613,7.1334643,0.0914853,10.414224,-1.0062578,0.20837593,0.015791226,0.18747,0.0024042635,0.12223221,-0.011810495,252.61092,249.71584,335.0917,0.91477245,3.0211205,0.106266364
3,47,10,0.049,0.095135465,0.045685977,0.03423005,0.015219434,0.10687139,0.0058557754,7.039997,-0.0072107795,10.510914,-1.0326489,0.21374278,0.011711551,0.18501365,-0.00018950184,0.12336707,-0.012120256,252.64954,249.84348,335.62878,1.0398597,3.0211205,0.09495789
3,48,10,0.049,0.10820697,0.05150124,0.040836487,0.015869245,0.11346942,0.00065840135,7.6894073,0.26835448,10.732957,-1.3286182,0.22693884,0.0013168027,0.2020804,0.007052452,0.1259732,-0.015594049,252.62119,249.83327,335.5236,1.0602636,3.0211205,0.10077882
3,49,10,0.049,0.10314928,0.044572666,0.042152453,0.01642416,0.1055612,0.011318506,7.812321,-0.14681251,10.918998,-1.313466,0.2111224,0.022637011,0.20531063,-0.003858294,0.12815678,-0.0154162,252.55386,249.63286,334.442,1.4602785,3.0381155,0.11559269
3,50,10,0.049,0.106744856,0.04613214,0.042506054,0.01810666,0.10739197,0.010086978,7.84502,-0.06389071,11.46464,-1.4505316,0.21478394,0.020173956,0.20616996,-0.0016790712,0.13456099,-0.017024955,252.54828,249.5666,334.7128,1.5144223,3.0381155,0.11495553
3,51,10,0.049,0.12103302,0.054397758,0.046598613,0.020036643,0.11661664,0.0043881955,8.214008,0.30336314,12.060177,-1.6057798,0.23323327,0.008776391,0.21586712,0.007972488,0.14155085,-0.01884711,252.564,249.64067,334.95264,1.3024166,3.0381155,0.1144582
3,52,10,0.049,0.12044674,0.048771597,0.05096539,0.020709751,0.110421464,0.0111375265,8.5902605,-0.0015272661,12.261078,-1.566663,0.22084293,0.022275053,0.22575516,-4.0128976e-5,0.14390883,-0.018388,252.5664,249.70387,334.36084,1.5681903,3.0381155,0.13865873
3,53,10,0.049,0.12432497,0.046391696,0.056746498,0.021186776,0.10769366,0.011143193,9.0643835,-0.32968163,12.401484,-1.2769881,0.21538731,0.022286385,0.23821524,-0.008664157,0.14555678,-0.01498806,252.6048,249.85709,334.93698,1.6066698,3.0576441,0.08223436
3,54,10,0.049,0.13712563,0.05356265,0.059390277,0.024172705,0.11571803,0.0074671977,9.27313,-0.23693585,13.246582,-1.420176,0.23143606,0.014934395,0.2437012,-0.006226766,0.15547574,-0.016668677,252.60054,249.92131,334.9207,1.6571119,3.0576441,0.0720842
3,55,10,0.049,0.13412586,0.050126366,0.057436977,0.026562506,0.11194459,0.014559532,9.119362,-0.42022258,13.885955,-1.4084146,0.22388919,0.029119063,0.23966013,-0.011043618,0.16298008,-0.016530631,252.54633,249.74765,333.9865,1.8286371,3.0576441,0.119909324
3,56,10,0.049,0.12805852,0.051687878,0.04953493,0.026835717,0.11367484,0.011475901,8.46885,-0.6232431,13.957184,-1.5304083,0.22734968,0.022951802,0.22256444,-0.016379053,0.16381611,-0.017962469,252.57066,249.77127,334.36002,2.1536512,3.0576441,0.11812936
3,57,10,0.049,0.12102426,0.04930428,0.04636871,0.025351264,0.11102284,0.008635151,8.193722,-0.6962762,13.565662,-1.3556033,0.22204567,0.017270302,0.21533395,-0.018298402,0.1592208,-0.015910791,252.5858,249.90329,334.6074,2.0518794,3.079382,0.06566526
3,58,10,0.049,0.11764929,0.04936452,0.04421652,0.024068248,0.11109064,0.01689403,8.0013075,-0.9603229,13.217931,-1.2556983,0.22218128,0.03378806,0.21027724,-0.025237637,0.15513945,-0.014738187,252.53258,249.77386,334.0045,2.2160213,3.079382,0.093124904
3,59,10,0.049,0.11699919,0.053277988,0.041235887,0.02248531,0.11541013,0.013320423,7.726919,-0.8692369,12.775874,-1.2190161,0.23082025,0.026640845,0.20306621,-0.02284386,0.14995103,-0.01430764,252.50339,249.51642,334.30133,2.088253,3.079382,0.07850206
3,60,10,0.049,0.12170841,0.054791,0.045486037,0.02143137,0.117037386,0.008978691,8.115358,-0.54376405,12.472863,-1.1861897,0.23407477,0.017957382,0.21327455,-0.014290318,0.14639457,-0.0139223635,252.50916,249.51453,334.44446,1.7299538,3.079382,0.052918967
3,61,10,0.049,0.11352395,0.04877654,0.044774223,0.019973189,0.11042706,0.018037671,8.05161,-0.8555454,12.041064,-0.7961962,0.22085412,0.036075342,0.2115992,-0.022484042,0.14132653,-0.00934499,252.47163,249.4489,333.84875,1.6517416,3.1028092,0.06643445
3,62,10,0.049,0.114525154,0.048104636,0.045870796,0.020549724,0.109663844,0.014631457,8.14961,-1.0164756,12.2136135,-0.87754697,0.21932769,0.029262913,0.21417469,-0.02671334,0.14335175,-0.010299819,252.43872,249.27545,334.285,1.8940225,3.1028092,0.05689616
3,63,10,0.049,0.114074215,0.04681617,0.045988746,0.021269297,0.108185224,0.011615829,8.160081,-0.85739946,12.425613,-1.0362478,0.21637045,0.023231657,0.21444987,-0.022532761,0.14583997,-0.012162502,252.36604,248.97574,334.1953,1.8936473,3.1028092,0.042247295
3,64,10,0.049,0.114095226,0.045343477,0.046702962,0.022048788,0.10647004,0.01815898,8.223201,-0.91818815,12.651254,-1.1678208,0.21294008,0.03631796,0.21610868,-0.02413033,0.14848834,-0.013706771,252.27167,248.67038,333.19424,2.086009,3.1028092,0.05629116
3,65,10,0.049,0.1256534,0.052596804,0.047608145,0.025448456,0.11466996,0.016194662,8.302507,-0.73152316,13.59164,-1.0583781,0.22933993,0.032389324,0.2181929,-0.019224687,0.15952572,-0.012422229,252.25375,248.56439,333.44904,1.7899013,3.1272984,0.07591238
3,66,10,0.049,0.13660288,0.052719876,0.05464832,0.029234672,0.114804044,0.01197777,8.895227,-0.47281346,14.567677,-1.3095126,0.22960809,0.02395554,0.2337698,-0.012425707,0.1709815,-0.0153698055,252.27318,248.67645,333.35532,1.7823261,3.1272984,0.0589645
3,67,10,0.049,0.13648054,0.051126417,0.054579586,0.030774534,0.11305576,0.019222282,8.889632,-0.7550598,14.946412,-1.1810027,0.22611152,0.038444564,0.23362274,-0.019843247,0.17542672,-0.013861471,252.28177,248.83212,332.95636,1.9360626,3.1272984,0.06441344
3,68,10,0.049,0.1475133,0.056164432,0.059019115,0.032329757,0.11849518,0.016043829,9.244109,-0.9591504,15.319424,-1.2914808,0.23699036,0.032087658,0.2429385,-0.025206828,0.17980477,-0.015158169,252.29169,248.94524,333.35077,2.250631,3.1272984,0.06083851
3,69,10,0.049,0.1560713,0.06110767,0.061270073,0.033693563,0.12359983,0.0124863135,9.418742,-0.6259172,15.639204,-1.3690681,0.24719965,0.024972627,0.24752793,-0.016449336,0.18355806,-0.01606881,252.2601,248.93245,333.16293,1.9949853,3.1527386,0.06474869
3,70,10,0.049,0.147144,0.053885102,0.059475813,0.03378309,0.11606582,0.019062107,9.279805,-0.708759,15.659969,-1.2762358,0.23213165,0.038124215,0.24387664,-0.01862645,0.18380177,-0.014979247,252.21921,248.77809,332.26935,1.9849949,3.1527386,0.069445334
3,71,10,0.049,0.15659563,0.060337763,0.06202574,0.03423213,0.12281873,0.01631004,9.476645,-0.8637512,15.7637,-1.1762544,0.24563746,0.03262008,0.24904968,-0.022699693,0.18501927,-0.013805739,252.25604,248.84967,332.92673,2.0400057,3.1527386,0.07303141
3,72,10,0.049,0.15702197,0.059903115,0.06455033,0.032568514,0.12237556,0.012348418,9.6675825,-0.45359418,15.375887,-1.0868578,0.24475113,0.024696836,0.25406757,-0.011920616,0.18046749,-0.012756501,252.27377,248.80272,333.1156,1.540452,3.1527386,0.07044402
3,73,10,0.049,0.14725281,0.0551312,0.061738767,0.030382844,0.11740017,0.01809731,9.454699,-0.5014043,14.85099,-0.6520364,0.23480034,0.03619462,0.24847287,-0.013177072,0.17430675,-0.0076529714,252.28294,248.86435,332.6708,1.1534407,3.1783972,0.09818069
3,74,10,0.049,0.1509004,0.062369794,0.060082123,0.028448477,0.12486973,0.013455531,9.326986,-0.60242313,14.370461,-0.67994,0.24973945,0.026911061,0.24511655,-0.015831918,0.16866677,-0.007980482,252.29417,248.94778,333.0116,1.2823632,3.1783972,0.099214576
3,75,10,0.049,0.15441138,0.062319744,0.063885145,0.028206483,0.124819614,0.00989266,9.617641,-0.3715663,14.309211,-0.767395,0.24963923,0.01978532,0.2527551,-0.009764907,0.16794786,-0.009006962,252.24036,248.79115,332.73273,1.1389613,3.1783972,0.098752424
3,76,10,0.049,0.14758785,0.056423068,0.062501356,0.02866343,0.1187677,0.017779538,9.51291,-0.5106929,14.424652,-0.47651163,0.2375354,0.035559077,0.2500027,-0.013421198,0.16930278,-0.005592835,252.1728,248.52351,332.17444,0.98720455,3.1783972,0.11617137
3,77,10,0.049,0.15400462,0.063792795,0.060456794,0.029755026,0.12628618,0.012019833,9.356023,-0.28527448,14.696751,-0.38020894,0.25257236,0.024039665,0.24587964,-0.007497089,0.17249645,-0.004462536,252.14299,248.33925,332.59644,0.6654834,3.2030883,0.13247561
3,78,10,0.049,0.1522841,0.059233468,0.06231664,0.030733988,0.12168963,0.0088099,9.498843,-0.008638324,14.936563,-0.46514368,0.24337927,0.0176198,0.24963301,-0.00022701302,0.17531112,-0.0054594385,252.11276,248.25201,332.80478,0.473782,3.2030883,0.12908655
3,79,10,0.049,0.15253618,0.05506691,0.06405826,0.033411007,0.1173317,0.017039511,9.630665,-0.2908837,15.573492,-0.8353971,0.2346634,0.034079023,0.25309733,-0.0076445183,0.18278678,-0.009805096,252.04868,248.15524,332.00455,1.1262808,3.2030883,0.11551018
3,80,10,0.049,0.1607821,0.059633687,0.0661056,0.03504283,0.12210005,0.012431025,9.783355,-0.07582832,15.94927,-1.190749,0.2442001,0.02486205,0.2571101,-0.0019928035,0.1871973,-0.013975875,252.02025,247.98074,331.97714,1.2665774,3.2030883,0.10656347
3,81,10,0.049,0.17443143,0.062945634,0.07381305,0.037672743,0.12544484,0.0041849804,10.33797,0.59760135,16.536928,-1.380987,0.2508897,0.008369961,0.27168557,0.015705176,0.19409467,-0.016208706,252.05766,248.17133,331.95273,0.7833857,3.227244,0.08622434
3,82,10,0.049,0.17285314,0.057061836,0.07707686,0.038714446,0.1194381,0.011527914,10.564055,0.27358484,16.764002,-1.1722887,0.2388762,0.023055827,0.2776272,0.0071899192,0.19675986,-0.013759218,252.09201,248.39186,331.6832,0.8987038,3.227244,0.073778614
3,83,10,0.049,0.1796113,0.06457785,0.07531657,0.039716877,0.12706086,0.00823923,10.442727,0.120592214,16.979649,-1.2086588,0.25412172,0.01647846,0.27443865,0.003169209,0.19929093,-0.0141860815,252.14134,248.52774,332.32086,1.0880666,3.227244,0.07971304
3,84,10,0.049,0.18275666,0.06582831,0.07737062,0.03955773,0.12828514,0.0063429964,10.584168,0.23100543,16.945597,-1.3473209,0.25657028,0.012685993,0.27815574,0.0060709123,0.19889125,-0.015813557,252.20436,248.89398,332.75458,1.1163155,3.227244,0.07123388
3,85,10,0.049,0.17078115,0.05732372,0.07591413,0.037543293,0.11971186,0.008780289,10.484073,0.15669574,16.508492,-1.2302021,0.23942372,0.017560579,0.27552518,0.004118028,0.19376092,-0.014438952,252.23933,249.13127,332.44785,1.0735064,3.2512274,0.052801434
3,86,10,0.049,0.17410086,0.065664,0.07272566,0.035711203,0.12812494,0.0055231885,10.261539,0.21003553,16.10065,-1.0779829,0.25624987,0.011046377,0.26967695,0.005519838,0.18897408,-0.0126523245,252.28506,249.22604,333.09525,0.86794734,3.2512274,0.05185404
3,87,10,0.049,0.18326879,0.0714895,0.07624754,0.03553175,0.1336876,0.0016949921,10.507069,0.33171514,16.060146,-1.1129098,0.2673752,0.0033899841,0.27612957,0.008717599,0.18849868,-0.013062268,252.29622,249.32535,333.30087,0.7811947,3.2512274,0.05190855
3,88,10,0.049,0.16712049,0.059155077,0.07391817,0.034047246,0.121609084,0.008385756,10.345327,0.062091094,15.721075,-1.1128559,0.24321817,0.016771512,0.27187896,0.0016317897,0.18451896,-0.013061651,252.27155,249.19873,332.5441,1.0507648,3.2512274,0.042691447
3,89,10,0.049,0.17211932,0.06462108,0.073148005,0.034350228,0.12710339,0.00033101696,10.291292,0.16099672,15.790868,-1.105973,0.25420678,0.0006620339,0.27045888,0.0042310483,0.18533814,-0.012980853,252.28911,249.13753,332.92404,0.9449763,3.2740982,0.033071186
3,90,10,0.049,0.17512508,0.06759028,0.072869204,0.034665603,0.12999065,-0.0033306757,10.271662,0.42776197,15.8631935,-1.0910993,0.2599813,-0.0066613513,0.26994297,0.011241729,0.18618701,-0.012806267,252.289,249.16963,333.0597,0.6633373,3.2740982,0.04061713
3,91,10,0.049,0.16432825,0.05659927,0.07289645,0.034832522,0.118953004,0.005175772,10.2735815,0.053963862,15.90134,-1.1158614,0.23790601,0.010351544,0.26999342,0.0014181908,0.18663473,-0.013096916,252.27081,249.23445,332.57126,1.0618975,3.2740982,0.0402499
3,92,10,0.049,0.16896023,0.060316578,0.07282682,0.035816833,0.12279717,0.0014871147,10.268673,0.08677982,16.124447,-1.2510728,0.24559434,0.0029742294,0.26986444,0.002280611,0.18925336,-0.014683892,252.26085,249.19553,332.8953,1.1642929,3.2740982,0.05131338
3,93,10,0.049,0.18102577,0.06666274,0.07717898,0.037184056,0.12909564,-0.0058439192,10.571051,0.689859,16.429323,-1.3047615,0.2581913,-0.0116878385,0.27781105,0.01812975,0.19283168,-0.015314044,252.26262,249.12987,332.90775,0.61490256,3.2961948,0.055892058
3,94,10,0.049,0.17029127,0.057423044,0.07533278,0.037535444,0.11981553,0.0017498622,10.4438505,0.4051762,16.506765,-1.1673424,0.23963106,0.0034997244,0.27446818,0.010648193,0.19374067,-0.013701131,252.28662,249.25005,332.4266,0.76216626,3.2961948,0.056481473
3,95,10,0.049,0.17057258,0.063261546,0.07175116,0.035559863,0.12575924,-0.0022418564,10.192556,0.23120503,16.0665,-1.0091726,0.2515185,-0.004483713,0.26786408,0.0060761482,0.18857323,-0.011844717,252.35878,249.54121,333.14624,0.7779675,3.2961948,0.048277102
3,96,10,0.049,0.18157166,0.069134414,0.07738997,0.03504728,0.13146712,-0.006276114,10.585491,0.4951098,15.950282,-0.955542,0.26293424,-0.012552228,0.27819052,0.013011677,0.18720919,-0.011215236,252.38774,249.72337,333.32852,0.46043223,3.2961948,0.05207628
3,97,10,0.049,0.17331985,0.063299604,0.0745485,0.03547173,0.12579706,-0.001125588,10.389343,0.18049745,16.046576,-0.49031854,0.25159413,-0.002251176,0.2730357,0.004743547,0.1883394,-0.0057548946,252.42937,249.87134,333.16107,0.30982107,3.317544,0.04658841
3,98,10,0.049,0.17507495,0.063315906,0.07633055,0.035428498,0.12581326,-0.005288224,10.512787,0.20534892,16.036797,-0.21358606,0.25162652,-0.010576448,0.27627984,0.005396641,0.1882246,-0.0025068775,252.49904,249.94208,333.94907,0.008237138,3.317544,0.03365724
3,99,10,0.049,0.18273734,0.069129966,0.07873337,0.034874007,0.13146289,-0.0090094665,10.676972,0.40633616,15.910804,-0.32845855,0.26292577,-0.018018933,0.28059468,0.010678667,0.18674584,-0.003855132,252.54988,250.19194,334.34412,-0.07787761,3.317544,0.05031322
3,100,10,0.049,0.166445,0.059025813,0.07300998,0.03440921,0.12147614,9.5003634e-5,10.281578,-0.14765221,15.80442,-0.4882261,0.24295229,0.00019000727,0.2702036,-0.0038803755,0.1854972,-0.0057303254,252.54175,250.34416,333.74423,0.6358783,3.317544,0.040150624
4,1,10,0.0343,0.13017993,0.05112701,0.040133357,0.03891956,0.113056414,-0.009321913,7.6229215,-0.29740414,16.808352,1.7126797,0.22611283,-0.018643826,0.20033312,-0.0078158835,0.1972804,0.020101795,253.07558,252.86282,339.184,-1.4152756,3.336216,0.05788971
4,2,10,0.0343,0.14151911,0.06334341,0.04296702,0.03520868,0.12584059,-0.011006216,7.887444,-0.6028648,15.986966,1.8548893,0.25168118,-0.022012431,0.20728488,-0.015843507,0.18763976,0.021770928,253.1235,253.06938,339.76154,-1.2520244,3.336216,0.0502434
4,3,10,0.0343,0.15309711,0.07560465,0.047505066,0.029987395,0.1374815,-0.019827863,8.293515,-0.39818025,14.754027,2.0980723,0.274963,-0.039655726,0.21795657,-0.010464322,0.17316869,0.024625173,253.21034,253.4691,340.4663,-1.699892,3.336216,0.07567564
4,4,10,0.0343,0.11667519,0.047395788,0.042632267,0.026647137,0.10885287,-0.009010909,7.8566585,-0.75959253,13.908057,2.6288884,0.21770574,-0.018021818,0.20647582,-0.019962376,0.16323951,0.030855378,253.22328,253.62704,340.18765,-1.8692958,3.336216,0.0593171
4,5,10,0.0343,0.132081,0.05858018,0.046721525,0.026779287,0.12101671,-0.01047823,8.224835,-0.92955905,13.9425,2.4944005,0.24203342,-0.02095646,0.21615162,-0.02442915,0.16364378,0.029276896,253.26656,253.7187,340.52225,-1.5648415,3.3413258,0.06260063
4,6,10,0.0343,0.15043652,0.069503106,0.05197217,0.02896124,0.1318172,-0.016734181,8.674692,-0.3697284,14.499392,2.2398682,0.2636344,-0.033468362,0.22797406,-0.009716583,0.17018002,0.026289431,253.30531,253.79034,340.78125,-1.8701398,3.3413258,0.0759802
4,7,10,0.0343,0.12629093,0.04710775,0.047615264,0.03156792,0.108521596,-0.008547626,8.303129,-0.5728052,15.137849,2.259989,0.21704319,-0.017095253,0.21820922,-0.015053537,0.17767364,0.026525589,253.27142,253.69034,340.1049,-1.6871839,3.3413258,0.040959295
4,8,10,0.0343,0.13985915,0.060549475,0.046154406,0.033155277,0.123034015,-0.010063232,8.174765,-0.7467497,15.513777,2.031952,0.24606803,-0.020126464,0.21483576,-0.019624848,0.1820859,0.023849115,253.30327,253.777,340.42844,-1.2852023,3.3413258,0.04512883
4,9,10,0.0343,0.15945223,0.07465134,0.051565647,0.033235256,0.13661198,-0.017313043,8.640699,-0.1961189,15.532477,1.7705698,0.27322397,-0.034626085,0.2270807,-0.005154073,0.1823054,0.020781264,253.34904,253.95004,340.5924,-1.5744509,3.3396325,0.062976435
4,10,10,0.0343,0.13324164,0.05234546,0.049060084,0.031836092,0.11439565,-0.008999361,8.428161,-0.44848186,15.202012,2.0686953,0.2287913,-0.017998721,0.2214951,-0.011786273,0.17842671,0.024280375,253.3731,254.14943,340.14252,-1.6202135,3.3396325,0.049019575
4,11,10,0.0343,0.13598286,0.056894206,0.047145735,0.03194292,0.11926253,-0.010691318,8.26209,-0.82776594,15.227497,2.1441429,0.23852506,-0.021382635,0.21713069,-0.021753987,0.17872582,0.025165906,253.47931,254.5565,340.97128,-1.3163769,3.3396325,0.051718097
4,12,10,0.0343,0.145347,0.063691534,0.04795566,0.03369981,0.12618591,-0.016742382,8.332754,-0.5210884,15.6406555,2.0839608,0.25237182,-0.033484764,0.21898781,-0.013694397,0.18357508,0.024459554,253.5386,254.72806,341.73425,-1.5628724,3.3396325,0.055688445
4,13,10,0.0343,0.1318031,0.04934917,0.046989255,0.035464674,0.11107337,-0.008987958,8.248366,-0.53484815,16.04498,1.9175489,0.22214673,-0.017975915,0.21677005,-0.014055996,0.18832067,0.022506354,253.49951,254.55031,340.8963,-1.3827007,3.3323202,0.04624961
4,14,10,0.0343,0.14606668,0.06340055,0.04845033,0.034215804,0.12589733,-0.011539707,8.375621,-0.47092953,15.759939,1.6907827,0.25179467,-0.023079414,0.22011435,-0.012376198,0.18497515,0.019844802,253.5101,254.48099,340.69653,-1.2198532,3.3323202,0.049859785
4,15,10,0.0343,0.1615859,0.072619066,0.055134095,0.033832725,0.13473962,-0.02117065,8.934676,0.039783053,15.671469,1.7186515,0.26947924,-0.0423413,0.23480651,0.001045516,0.18393674,0.02017188,253.5346,254.50757,341.00934,-1.7584345,3.3323202,0.056801528
4,16,10,0.0343,0.13836122,0.050983135,0.053262163,0.03411591,0.112897225,-0.010230919,8.781689,-0.31616595,15.7369175,1.9915923,0.22579445,-0.020461839,0.23078597,-0.008308945,0.18470493,0.023375422,253.54541,254.65088,340.68427,-1.6754264,3.3323202,0.047858372
4,17,10,0.0343,0.14806135,0.06259286,0.052721586,0.03274691,0.12509282,-0.012651012,8.737012,-0.41143367,15.417942,1.7105649,0.25018564,-0.025302025,0.22961181,-0.010812624,0.18096107,0.020076986,253.59859,254.8473,341.14102,-1.2991312,3.3204246,0.04708753
4,18,10,0.0343,0.15620506,0.07120741,0.05300879,0.031988855,0.13342358,-0.018954039,8.7607765,-0.058662955,15.238443,1.7451019,0.26684716,-0.037908077,0.23023638,-0.0015416916,0.17885429,0.020482324,253.63411,254.94032,341.62027,-1.6864389,3.3204246,0.055330176
4,19,10,0.0343,0.13243073,0.048663825,0.051384434,0.03238247,0.11029939,-0.010298453,8.625504,-0.31106353,15.331906,1.8963792,0.22059879,-0.020596907,0.22668135,-0.008174877,0.1799513,0.022257892,253.6365,255.0121,341.07208,-1.5853157,3.3204246,0.039442915
4,20,10,0.0343,0.15695924,0.06384895,0.057580028,0.03553026,0.12634175,-0.012396857,9.130712,-0.610119,16.05981,1.7374487,0.2526835,-0.024793714,0.23995839,-0.016034145,0.18849473,0.020392517,253.6845,255.18312,341.60495,-1.1273297,3.3204246,0.04614432
4,21,10,0.0343,0.16826919,0.06476227,0.06410661,0.039400313,0.12724216,-0.018030575,9.634299,-0.036298655,16.911846,1.2510902,0.25448433,-0.03606115,0.25319284,-0.00095391995,0.19849512,0.014684106,253.7107,255.3016,341.96957,-1.2147915,3.3046427,0.04874994
4,22,10,0.0343,0.16013989,0.055732656,0.06260017,0.04180706,0.118038826,-0.009827108,9.520428,-0.12325803,17.420715,1.3310273,0.23607765,-0.019654216,0.25020027,-0.0032392512,0.20446774,0.015622324,253.70381,255.30426,341.3129,-1.2077693,3.3046427,0.08114893
4,23,10,0.0343,0.17071524,0.07062884,0.060825195,0.039261207,0.13288043,-0.011645471,9.384484,-0.26762852,16.881966,1.3002353,0.26576087,-0.023290941,0.24662764,-0.0070333625,0.1981444,0.015260915,253.75963,255.37192,341.64584,-1.0326067,3.3046427,0.07047421
4,24,10,0.0343,0.17014898,0.07214267,0.06093368,0.037072647,0.13429694,-0.017247774,9.392849,0.14538543,16.40469,1.2251741,0.26859388,-0.034495547,0.24684748,0.0038207758,0.19254258,0.014379916,253.80388,255.40887,341.83893,-1.3705595,3.3046427,0.058501344
4,25,10,0.0343,0.15632966,0.057800673,0.061821822,0.036707167,0.12020885,-0.005877458,9.461055,-0.01114169,16.323627,1.133999,0.2404177,-0.011754916,0.24863994,-0.00029280208,0.19159114,0.013309798,253.77205,255.35803,340.90433,-1.1228573,3.2864823,0.053255312
4,26,10,0.0343,0.17337559,0.06894371,0.06506624,0.039365638,0.13128567,-0.007949657,9.70614,-0.275267,16.904404,0.94951624,0.26257133,-0.015899314,0.25508085,-0.0072341063,0.19840775,0.011144518,253.76631,255.34912,341.1714,-0.67424923,3.2864823,0.051178504
4,27,10,0.0343,0.18949373,0.08723506,0.062662065,0.039596606,0.14767791,-0.016550787,9.525133,0.2055214,16.953924,0.8458608,0.29535583,-0.033101574,0.25032392,0.0054011922,0.19898896,0.009927921,253.77484,255.34663,341.49985,-1.0513822,3.2864823,0.056351785
4,28,10,0.0343,0.15616155,0.0574255,0.05975263,0.038983423,0.11981809,-0.006383469,9.301375,0.006237454,16.822138,1.1148361,0.23963618,-0.012766938,0.2444435,0.00016390193,0.1974422,0.013084881,253.74104,255.25284,340.91397,-1.1210736,3.2864823,0.06744406
4,29,10,0.0343,0.1670345,0.06674607,0.062198162,0.038090277,0.1291763,-0.007210715,9.489809,-0.05341763,16.628317,0.6910514,0.2583526,-0.01442143,0.2493956,-0.0014038375,0.1951673,0.008110894,253.7436,255.21303,340.85898,-0.6376338,3.2680407,0.04334555
4,30,10,0.0343,0.18645482,0.08072449,0.067618795,0.038111527,0.14206028,-0.014745195,9.894694,0.46880195,16.632954,0.5502925,0.28412056,-0.02949039,0.26003614,0.012320263,0.19522174,0.0064588026,253.73471,255.09296,340.9982,-1.0190945,3.2680407,0.05204621
4,31,10,0.0343,0.15836403,0.05681625,0.06257794,0.038969833,0.1191808,-0.0064222934,9.518737,0.39509198,16.819206,0.7910169,0.2383616,-0.012844587,0.25015584,0.010383163,0.19740778,0.009284188,253.7062,255.0382,340.5035,-1.1861088,3.2680407,0.056379654
4,32,10,0.0343,0.17335515,0.068770394,0.06389753,0.040687215,0.13112055,-0.008721047,9.618575,0.16953562,17.185816,0.6757418,0.2622411,-0.017442094,0.2527796,0.004455451,0.20171072,0.00793122,253.73276,255.11673,341.0383,-0.8452774,3.2680407,0.062459003
4,33,10,0.0343,0.18174645,0.073456734,0.06685099,0.04143872,0.13551451,-0.01531049,9.838357,0.74060106,17.343807,0.3701164,0.27102903,-0.03062098,0.2585556,0.01946325,0.20356503,0.004344073,253.71304,254.9869,341.13763,-1.1107175,3.2497177,0.04299024
4,34,10,0.0343,0.16194221,0.055876885,0.06352664,0.04253869,0.11819146,-0.0058218194,9.590618,0.67819923,17.572489,0.36384428,0.23638292,-0.011643639,0.25204492,0.017823292,0.2062491,0.0042704428,253.61821,254.62675,340.06003,-1.0420434,3.2497177,0.053399272
4,35,10,0.0343,0.17397164,0.066242814,0.06327149,0.04445733,0.1286884,-0.009116263,9.571339,0.70398766,17.964409,0.11602352,0.2573768,-0.018232526,0.25153825,0.018501045,0.21084908,0.0013617699,253.5728,254.3103,340.2434,-0.8200112,3.2497177,0.054893937
4,36,10,0.0343,0.19715473,0.081749886,0.067680635,0.047724217,0.14295968,-0.016495213,9.899219,0.97786117,18.612755,-0.067782626,0.28591937,-0.032990426,0.26015502,0.02569854,0.21845873,-0.00079558115,253.54433,254.1667,340.33783,-0.9100785,3.2497177,0.068758786
4,37,10,0.0343,0.17178902,0.06065248,0.06375995,0.047376588,0.12313862,-0.0044648303,9.608213,0.7831103,18.544842,-0.12793401,0.24627724,-0.008929661,0.25250733,0.020580422,0.21766163,-0.0015015819,253.4607,253.91264,339.44617,-0.6551763,3.2317739,0.0617736
4,38,10,0.0343,0.18228547,0.07010136,0.065160125,0.047023993,0.1323833,-0.006711839,9.7131405,0.7328351,18.475704,-0.3207294,0.2647666,-0.013423678,0.25526482,0.019259173,0.21685016,-0.003764427,253.41594,253.65471,339.42282,-0.4121057,3.2317739,0.06258124
4,39,10,0.0343,0.1965636,0.08271553,0.06752634,0.046321716,0.14380154,-0.014988432,9.887927,1.1592395,18.337223,-0.35857493,0.28760308,-0.029976863,0.2598583,0.030465227,0.2152248,-0.0042086155,253.39359,253.4987,339.58005,-0.8006646,3.2317739,0.06764619
4,40,10,0.0343,0.16938306,0.060195856,0.06491004,0.044277173,0.12267422,-0.0052580032,9.694481,0.77684313,17.92797,-0.17497854,0.24534844,-0.0105160065,0.25477448,0.02041571,0.21042141,-0.002053716,253.35872,253.49132,338.9706,-0.6018646,3.2317739,0.065056
4,41,10,0.0343,0.17907017,0.06858016,0.066376485,0.044113524,0.13093907,-0.0064451285,9.803379,0.533235,17.89481,-0.42138904,0.26187813,-0.012890257,0.25763634,0.014013608,0.2100322,-0.0049458514,253.37978,253.52867,339.44885,-0.11184597,3.2155168,0.031780012
4,42,10,0.0343,0.19635981,0.085868135,0.06772768,0.042764,0.14651632,-0.013690369,9.902657,0.8341219,17.618963,-0.21380214,0.29303265,-0.027380738,0.2602454,0.021921042,0.20679459,-0.0025093989,253.44054,253.71686,340.082,-0.6203197,3.2155168,0.044828344
4,43,10,0.0343,0.15866409,0.05596124,0.0645119,0.03819095,0.11828064,-0.0029748234,9.664705,0.41694257,16.650276,0.48825967,0.23656128,-0.0059496467,0.25399193,0.010957395,0.19542505,0.00573073,253.49934,254.09955,339.94452,-0.90520227,3.2155168,0.019530278
4,44,10,0.0343,0.16314352,0.065650634,0.060991045,0.036501836,0.1281119,-0.0046866294,9.397269,0.12185422,16.277906,0.5058022,0.2562238,-0.009373259,0.24696365,0.0032023902,0.19105454,0.0059366226,253.56787,254.33578,340.707,-0.62765646,3.2155168,0.04469229
4,45,10,0.0343,0.17639934,0.07876776,0.061991576,0.035639998,0.14032798,-0.009828977,9.474035,0.5380508,16.08459,0.13774525,0.28065595,-0.019657955,0.24898107,0.014140167,0.18878558,0.0016167284,253.57114,254.24884,340.76935,-0.67579603,3.200306,0.08531449
4,46,10,0.0343,0.15021288,0.053986173,0.061284963,0.03494174,0.11617462,0.00050180976,9.419886,0.40404657,15.926249,0.3221454,0.23234925,0.0010036195,0.247558,0.01061847,0.1869271,0.003781037,253.515,254.05255,339.89667,-0.726192,3.200306,0.054591995
4,47,10,0.0343,0.16689445,0.068586975,0.063783385,0.034524098,0.13094558,-0.0018059,9.609981,0.26183912,15.830782,0.29153967,0.26189116,-0.0036118,0.25255373,0.0068812273,0.18580662,0.0034218074,253.50525,253.92357,340.07047,-0.5533788,3.200306,0.07225608
4,48,10,0.0343,0.18045537,0.07603882,0.068706945,0.03570961,0.13787569,-0.006343864,9.973991,0.72016364,16.100292,0.087492354,0.27575138,-0.012687728,0.2621201,0.018926173,0.18896987,0.0010268954,253.49515,253.8178,339.97397,-0.807656,3.200306,0.08584983
4,49,10,0.0343,0.15653728,0.057029236,0.062937096,0.03657095,0.11940397,0.0032864986,9.546013,0.44214392,16.293312,-0.17218496,0.23880795,0.006572997,0.25087267,0.011619712,0.19123533,-0.0020209514,253.47069,253.7984,339.22116,-0.26995897,3.18611,0.06518222
4,50,10,0.0343,0.16503544,0.06711531,0.061738383,0.036181744,0.12953311,-6.7657595e-5,9.454669,0.1870393,16.206379,-0.3072388,0.25906622,-0.00013531519,0.2484721,0.004915459,0.19021499,-0.003606069,253.50471,253.93011,339.74026,0.12019949,3.18611,0.07324984
4,51,10,0.0343,0.16923198,0.07362555,0.062083196,0.03352323,0.13567014,-0.007517541,9.481034,0.5950533,15.599624,-0.38227874,0.27134028,-0.015035082,0.249165,0.015638206,0.1830935,-0.0044868183,253.5058,253.94894,339.9286,-0.21277457,3.18611,0.08314738
4,52,10,0.0343,0.13996994,0.050908286,0.05664001,0.032421645,0.11281432,0.002786512,9.055873,0.4245359,15.34118,-0.24940938,0.22562864,0.005573024,0.23799162,0.011156973,0.18006012,-0.002927337,253.44827,253.79436,339.298,-0.17512652,3.18611,0.07103808
4,53,10,0.0343,0.15162122,0.06345527,0.054508932,0.033657026,0.12595165,0.0011348125,8.883877,0.23820974,15.630724,-0.6108733,0.2519033,0.002269625,0.23347148,0.0062602456,0.1834585,-0.007169839,253.43004,253.59494,339.58215,0.37266356,3.173998,0.08437399
4,54,10,0.0343,0.15830259,0.06584544,0.05820304,0.03425411,0.12830183,-0.005259745,9.1799755,0.7114748,15.768763,-0.7766642,0.25660366,-0.01051949,0.24125306,0.018697806,0.18507867,-0.0091157295,253.41919,253.49799,339.55103,0.06518942,3.173998,0.09048342
4,55,10,0.0343,0.14071968,0.051589854,0.05466193,0.034467906,0.113567,0.0046102013,8.896335,0.48781872,15.817893,-0.7192372,0.227134,0.009220403,0.2337989,0.012820051,0.18565534,-0.008441725,253.37311,253.35364,338.80707,0.23141849,3.173998,0.06677633
4,56,10,0.0343,0.15111645,0.059555463,0.055561543,0.035999436,0.12201994,0.0016631247,8.969243,0.2177796,16.165497,-0.7980237,0.24403988,0.0033262493,0.23571496,0.005723351,0.18973517,-0.009366445,253.40738,253.51299,339.35953,0.58024406,3.173998,0.08503454
4,57,10,0.0343,0.1652267,0.06763025,0.06030964,0.037286825,0.13002908,-0.0018038063,9.344629,0.30988997,16.452007,-1.0370559,0.26005816,-0.0036076126,0.24558021,0.008144017,0.19309796,-0.012171976,253.42792,253.65424,339.58878,0.7271659,3.164299,0.084709935
4,58,10,0.0343,0.142162,0.05028827,0.056193713,0.035680003,0.11212523,0.0073146145,9.020124,-0.007988053,16.093616,-0.84465045,0.22425047,0.014629229,0.23705213,-0.00020992395,0.18889152,-0.009913704,253.3808,253.51529,338.9925,0.8526385,3.164299,0.06441798
4,59,10,0.0343,0.15554099,0.06298251,0.057717968,0.034840513,0.12548158,0.0026769657,9.141642,-0.13055004,15.903163,-0.8086092,0.25096315,0.0053539313,0.24024564,-0.003430901,0.18665613,-0.009490692,253.38176,253.42491,339.37875,0.9391592,3.164299,0.089292064
4,60,10,0.0343,0.1662729,0.07236789,0.05983626,0.034068752,0.1345064,-0.0025460985,9.307882,0.24667159,15.72604,-0.9307584,0.2690128,-0.005092197,0.24461451,0.00648264,0.18457723,-0.010924349,253.38916,253.42996,339.32678,0.6840868,3.164299,0.09350312
4,61,10,0.0343,0.1373245,0.04876913,0.055705033,0.03285033,0.11041867,0.009461411,8.980818,-0.2551652,15.4422655,-0.74297094,0.22083734,0.018922823,0.23601913,-0.006705833,0.1812466,-0.00872029,253.3693,253.45932,338.884,0.99813616,3.1571925,0.07592153
4,62,10,0.0343,0.13792107,0.05614849,0.05021575,0.031556815,0.118478365,0.005434456,8.526851,-0.49564633,15.135185,-0.7768502,0.23695673,0.010868912,0.22408871,-0.013025761,0.17764238,-0.0091179265,253.37515,253.4416,339.34308,1.2724966,3.1571925,0.0902017
4,63,10,0.0343,0.14687973,0.06550871,0.05262312,0.0287479,0.12797335,-0.00016735734,8.728849,-0.11163515,14.44589,-0.8152113,0.2559467,-0.00033471468,0.2293973,-0.0029338105,0.16955206,-0.009568161,253.3758,253.43346,339.46188,0.92684644,3.1571925,0.11023192
4,64,10,0.0343,0.12588152,0.04783341,0.050574496,0.02747362,0.10935425,0.009295263,8.557255,-0.3621336,14.122096,-0.75342923,0.2187085,0.018590527,0.22488774,-0.009517009,0.16575168,-0.008843036,253.31828,253.2511,338.67038,1.1155628,3.1571925,0.096823275
4,65,10,0.0343,0.12759012,0.052678764,0.048095994,0.026815362,0.114759274,0.0062655862,8.344938,-0.32551205,13.951888,-1.006548,0.22951855,0.0125311725,0.21930799,-0.008554574,0.16375397,-0.011813891,253.29788,253.01346,338.7485,1.3320601,3.1529377,0.095644645
4,66,10,0.0343,0.13119134,0.058639478,0.047201253,0.025350617,0.12107795,-0.00010530899,8.2669525,0.25297838,13.565491,-0.9657616,0.2421559,-0.00021061797,0.2172585,0.006648362,0.15921877,-0.011335183,253.31404,253.01866,338.86795,0.7127832,3.1529377,0.1008105
4,67,10,0.0343,0.11386248,0.04320735,0.04566851,0.02498662,0.10393189,0.010092505,8.13162,-0.062133327,13.467748,-0.6978821,0.20786378,0.02018501,0.21370192,-0.0016328879,0.15807156,-0.0081910705,253.33548,253.20435,338.6031,0.7600154,3.1529377,0.101196006
4,68,10,0.0343,0.12141421,0.048687454,0.04763577,0.025090985,0.11032617,0.0059155053,8.304917,-0.40278858,13.495845,-0.80129987,0.22065234,0.011831011,0.2182562,-0.010585414,0.15840134,-0.009404888,253.38806,253.44002,339.19894,1.2040884,3.1529377,0.12521541
4,69,10,0.0343,0.13619438,0.058324497,0.053139377,0.024730502,0.12075233,0.0028884206,8.771561,-0.24692066,13.398545,-0.98556936,0.24150465,0.005776841,0.2305198,-0.006489166,0.15725935,-0.01156767,253.37386,253.37582,339.18173,1.2324901,3.1510866,0.0966987
4,70,10,0.0343,0.11137367,0.041088976,0.047526244,0.022758447,0.10135208,0.009788451,8.295363,-0.24527903,12.853236,-0.7405029,0.20270416,0.019576902,0.21800515,-0.0064460053,0.15085903,-0.008691319,253.32465,253.1013,338.26642,0.9857819,3.1510866,0.08218692
4,71,10,0.0343,0.11338641,0.046841897,0.04509813,0.02144638,0.108214945,0.0074936426,8.080681,-0.35158977,12.477231,-0.7136967,0.21642989,0.014987285,0.2123632,-0.009239909,0.14644583,-0.008376688,253.33223,253.04707,338.67648,1.0652865,3.1510866,0.113561794
4,72,10,0.0343,0.11687509,0.052403573,0.043761283,0.02071024,0.114459135,0.0027463937,7.9600115,0.029487148,12.261222,-0.6874552,0.22891827,0.0054927873,0.20919198,0.0007749326,0.14391053,-0.008068685,253.34895,253.08444,338.87903,0.65796804,3.1510866,0.12914625
4,73,10,0.0343,0.098058715,0.03629158,0.042010747,0.019756394,0.09525175,0.009340498,7.7991796,-0.39782953,11.975539,-0.6950294,0.1905035,0.018680995,0.20496523,-0.010455103,0.14055744,-0.008157586,253.31187,253.0241,338.378,1.0928589,3.151414,0.08833954
4,74,10,0.0343,0.10781636,0.04206903,0.045248725,0.020498613,0.10255368,0.007509672,8.09416,-0.35427526,12.198417,-0.79451156,0.20510736,0.015019344,0.21271747,-0.009310481,0.14317337,-0.009325211,253.24857,252.60776,338.31052,1.1487868,3.151414,0.10480157
4,75,10,0.0343,0.119595006,0.051385406,0.047693707,0.020515893,0.11334175,0.0014991116,8.309965,0.15524222,12.203557,-0.8488357,0.2266835,0.0029982233,0.21838889,0.0040798164,0.1432337,-0.009962826,253.19397,252.32428,338.00406,0.6935935,3.151414,0.098841526
4,76,10,0.0343,0.10256827,0.039000556,0.04430047,0.01926725,0.09874279,0.0103471195,8.0089,-0.019503122,11.826361,-0.8033535,0.19748558,0.020694239,0.21047677,-0.0005125518,0.13880652,-0.009428994,253.14731,252.21457,337.2181,0.8228566,3.151414,0.085648514
4,77,10,0.0343,0.09917456,0.04024373,0.040719647,0.018211184,0.1003042,0.0066019995,7.6783986,-0.21410394,11.497684,-0.93548375,0.2006084,0.013203999,0.2017911,-0.0056267316,0.13494882,-0.010979822,253.13629,252.13431,337.3376,1.1495876,3.153705,0.06796768
4,78,10,0.0343,0.10131171,0.043321926,0.040111043,0.017878741,0.1040696,-0.0005185944,7.620801,0.21767503,11.392255,-0.98145443,0.2081392,-0.0010371888,0.20027742,0.0057205865,0.13371141,-0.011519373,253.10219,251.9268,337.3768,0.7637794,3.153705,0.07511328
4,79,10,0.0343,0.08659526,0.033137925,0.036656436,0.0168009,0.091019124,0.007186505,7.2852387,0.04348801,11.043518,-0.98003775,0.18203825,0.01437301,0.1914587,0.0011428847,0.12961829,-0.011502747,253.05536,251.70483,336.6258,0.9365497,3.153705,0.05267471
4,80,10,0.0343,0.08435334,0.036588818,0.031829238,0.015935285,0.09564102,0.0035424326,6.788625,-0.14873798,10.755265,-1.0047121,0.19128203,0.007084865,0.1784075,-0.0039088847,0.12623504,-0.011792343,253.07004,251.69624,337.1026,1.1534501,3.153705,0.07001313
4,81,10,0.0343,0.08526086,0.035499517,0.03443093,0.015330409,0.09420658,-0.0019396673,7.060623,0.064709134,10.549165,-1.0390769,0.18841316,-0.0038793345,0.18555573,0.001700582,0.12381603,-0.012195686,253.08195,251.80724,337.41415,0.9743678,3.1576755,0.055307046
4,82,10,0.0343,0.07891044,0.029996226,0.034569316,0.014344905,0.08659709,0.006377048,7.074799,-0.1573207,10.204459,-1.1126562,0.17319418,0.012754096,0.18592826,-0.004134443,0.119770214,-0.013059293,253.03212,251.68555,336.6936,1.269977,3.1576755,0.032175083
4,83,10,0.0343,0.07753075,0.030593922,0.033020813,0.013916015,0.08745559,0.0036719397,6.9145284,-0.1208555,10.050755,-1.2583919,0.17491119,0.0073438794,0.1817163,-0.0031761269,0.11796616,-0.014769807,252.99156,251.4143,336.81656,1.3792473,3.1576755,0.03712599
4,84,10,0.0343,0.087204665,0.035522245,0.03748055,0.014201861,0.09423673,-0.0016188682,7.3666773,0.44025028,10.153455,-1.4535661,0.18847346,-0.0032377364,0.19359894,0.011569936,0.11917156,-0.01706058,252.8995,250.97694,336.49014,1.0133158,3.1576755,0.05117954
4,85,10,0.0343,0.08335919,0.031525187,0.038472578,0.013361421,0.08877667,0.0036045162,7.4635315,0.22668904,9.848443,-1.6781925,0.17755334,0.0072090323,0.19614428,0.0059574703,0.115591615,-0.019697018,252.76865,250.54128,335.18726,1.4515035,3.1631763,0.06758167
4,86,10,0.0343,0.08772872,0.034389764,0.03923273,0.0141062215,0.092722386,-0.00019561673,7.536903,0.16178787,10.119208,-1.8253132,0.18544477,-0.00039123345,0.19807254,0.0042518424,0.118769616,-0.02142379,252.69907,250.18419,335.04507,1.6635253,3.1631763,0.061293628
4,87,10,0.0343,0.09489516,0.038203035,0.04211848,0.0145736495,0.097727984,-0.0044665774,7.809172,0.47613183,10.285501,-1.9142036,0.19545597,-0.008933155,0.20522787,0.012512914,0.12072137,-0.022467101,252.70384,250.1816,335.0613,1.4380718,3.1631763,0.07697038
4,88,10,0.0343,0.08949568,0.033505075,0.04158469,0.014405912,0.091521956,0.0036112946,7.75953,0.056604058,10.226136,-1.8284981,0.18304391,0.007222589,0.20392324,0.0014875754,0.12002463,-0.021461168,252.73149,250.37619,334.8249,1.7718941,3.1631763,0.07412951
4,89,10,0.0343,0.08643532,0.035828196,0.03654972,0.014057394,0.094641685,0.00084851304,7.2746267,-0.08267518,10.101682,-1.6920534,0.18928337,0.0016970261,0.19117981,-0.002172734,0.11856388,-0.019859707,252.73999,250.32988,335.25055,1.7747287,3.1709855,0.083608635
4,90,10,0.0343,0.09545013,0.0403336,0.040686,0.014430537,0.10041613,-0.0038445839,7.6752257,0.36931652,10.234873,-1.7968714,0.20083226,-0.0076891677,0.2017077,0.009705773,0.12012717,-0.021089965,252.71497,250.2049,335.29205,1.4275548,3.1709855,0.09455188
4,91,10,0.0343,0.09674693,0.039289515,0.042309973,0.015147439,0.09910791,0.0038369165,7.826905,0.24641229,10.486024,-1.870322,0.19821583,0.007673833,0.20569389,0.0064758034,0.123074934,-0.021952055,252.69395,250.1883,334.52686,1.6239097,3.1709855,0.11486601
4,92,10,0.0343,0.09711919,0.042047355,0.039561376,0.01551046,0.10252726,-0.0003299665,7.5684056,0.1089263,10.610933,-2.0184817,0.20505452,-0.000659933,0.19890042,0.0028626223,0.124541,-0.023691013,252.71556,250.22035,334.79678,1.9095554,3.1709855,0.107322134
4,93,10,0.0343,0.09786849,0.045377906,0.037809785,0.014680796,0.10651045,-0.0041867453,7.398961,0.29170617,10.32324,-1.8928685,0.2130209,-0.008373491,0.19444738,0.0076661417,0.12116434,-0.02221669,252.74521,250.35379,335.02264,1.6011623,3.1809,0.12817033
4,94,10,0.0343,0.09493508,0.040686917,0.03972471,0.014523451,0.10085499,0.0037396587,7.5840125,-0.18779577,10.267769,-1.8631827,0.20170999,0.0074793175,0.19931059,-0.0049353405,0.12051328,-0.02186826,252.74428,250.4718,334.62985,2.0509784,3.1809,0.14343834
4,95,10,0.0343,0.103283174,0.046530053,0.04108592,0.015667202,0.10785413,0.0018170334,7.712855,-0.24381685,10.6644125,-1.8757868,0.21570826,0.0036340668,0.20269662,-0.0064075943,0.1251687,-0.022016183,252.71184,250.2648,334.81076,2.1196036,3.1809,0.13366427
4,96,10,0.0343,0.10565819,0.048169073,0.041170135,0.016318977,0.10973727,-0.0028506822,7.7207556,0.16517588,10.883978,-1.9088942,0.21947454,-0.0057013645,0.20290425,0.0043408847,0.12774575,-0.022404788,252.68028,250.10844,334.73602,1.7437183,3.1809,0.14180668
4,97,10,0.0343,0.10149027,0.047365464,0.037598293,0.016526511,0.10881804,0.004234312,7.3782387,-0.118974246,10.952968,-1.7195566,0.21763608,0.008468624,0.19390279,-0.003126685,0.12855548,-0.020182513,252.62689,249.90363,334.02774,1.8385308,3.1924744,0.15917481
4,98,10,0.0343,0.10024811,0.05028662,0.032549974,0.017411511,0.11212339,0.0010177288,6.865054,-0.06905201,11.242411,-1.8038902,0.22424679,0.0020354576,0.1804161,-0.001814711,0.13195269,-0.021172343,252.61636,249.7551,334.33917,1.8729422,3.1924744,0.15390919
4,99,10,0.0343,0.10005945,0.049075536,0.033421025,0.01756289,0.110764995,-0.0027836112,6.956304,0.38049656,11.291179,-1.9486586,0.22152999,-0.0055672224,0.18281418,0.009999584,0.13252506,-0.0228715,252.60614,249.70482,334.2185,1.568162,3.1924744,0.16725631
4,100,10,0.0343,0.100207575,0.048103545,0.035836775,0.016267255,0.1096626,0.0035926811,7.2033267,0.15045552,10.866717,-1.8761272,0.2193252,0.0071853623,0.18930604,0.0039540227,0.12754315,-0.022020191,252.57864,249.6804,333.70425,1.7256718,3.1924744,0.17690052
5,1,10,0.024009999,0.16502063,0.07182221,0.059000757,0.03419766,0.13399833,0.004312874,9.24267,0.93036026,15.755762,-1.8238336,0.26799667,0.008625748,0.24290071,0.024450192,0.1849261,-0.021406421,251.79225,247.13428,331.02225,0.8934733,3.2057033,0.24970387
5,2,10,0.024009999,0.16026932,0.07257251,0.054860733,0.032836076,0.13469642,0.0017745447,8.912499,1.0057669,15.438916,-1.8450512,0.26939285,0.0035490894,0.23422368,0.026431909,0.18120727,-0.021655453,251.75908,246.9427,331.31897,0.8392843,3.2057033,0.23598264
5,3,10,0.024009999,0.15937512,0.068009354,0.05996413,0.03140163,0.13039301,-0.0026341586,9.317822,1.4306829,15.097929,-1.6803795,0.26078603,-0.005268317,0.24487574,0.037598856,0.17720506,-0.019722693,251.74258,246.90105,331.53378,0.24969661,3.2057033,0.2151045
5,4,10,0.024009999,0.15648384,0.069258764,0.05758236,0.029642714,0.1315853,0.004237538,9.130896,1.2821486,14.668989,-1.7515408,0.2631706,0.008475076,0.23996325,0.03369532,0.1721706,-0.02055789,251.70493,246.84943,330.79245,0.46939218,3.2057033,0.22930975
5,5,10,0.024009999,0.14779973,0.06678319,0.051761515,0.029255023,0.12921222,0.002045441,8.657095,1.2413831,14.572747,-1.6392627,0.25842443,0.004090882,0.22751157,0.032623995,0.171041,-0.01924009,251.69133,246.74696,330.9156,0.3978796,3.2157161,0.20775522
5,6,10,0.024009999,0.1568298,0.063014895,0.062268667,0.031546243,0.12551384,0.00017978056,9.495185,1.6295781,15.13265,-1.7320195,0.25102767,0.00035956112,0.2495369,0.04282591,0.17761262,-0.020328786,251.64192,246.54305,330.90588,0.10244143,3.2157161,0.21466915
5,7,10,0.024009999,0.1643027,0.06630425,0.06384571,0.034152742,0.12874806,0.0061683524,9.614674,1.4878231,15.745413,-1.9905373,0.25749612,0.012336705,0.25267708,0.03910053,0.1848046,-0.023363026,251.56093,246.29317,330.0168,0.50271416,3.2157161,0.24224408
5,8,10,0.024009999,0.17570427,0.07310898,0.06527178,0.037323512,0.13519336,0.0025057916,9.7214575,1.3467822,16.4601,-2.4254532,0.27038673,0.005011583,0.25548342,0.03539393,0.19319294,-0.02846764,251.5047,246.07664,330.0294,1.078671,3.2157161,0.27224934
5,9,10,0.024009999,0.18160942,0.073605366,0.06819039,0.039813664,0.13565154,0.0012875915,9.936427,1.5962543,17.000328,-2.3494613,0.2713031,0.002575183,0.2611329,0.04195014,0.19953361,-0.027575742,251.48561,245.92314,329.93835,0.75320697,3.2269926,0.24926674
5,10,10,0.024009999,0.17987192,0.077172555,0.06263764,0.04006171,0.13889974,0.0076761898,9.523277,1.2891229,17.053202,-2.3282847,0.2777995,0.0153523795,0.25027514,0.03387863,0.20015422,-0.027327185,251.5191,246.13977,329.3698,1.0391618,3.2269926,0.2757267
5,11,10,0.024009999,0.18027392,0.07943867,0.0639166,0.036918644,0.14092433,0.002600753,9.620011,0.8561836,16.37058,-2.4056528,0.28184867,0.005201506,0.25281733,0.022500811,0.19214225,-0.028235247,251.59927,246.48956,330.06854,1.5494692,3.2269926,0.26126787
5,12,10,0.024009999,0.18134966,0.07499926,0.07404545,0.032304958,0.13692996,-0.0006434421,10.354231,1.2054944,15.313546,-1.9257275,0.27385992,-0.0012868842,0.27211294,0.03168082,0.1797358,-0.022602346,251.63538,246.55057,330.52826,0.7202331,3.2269926,0.21399383
5,13,10,0.024009999,0.16042133,0.06180385,0.06949329,0.029124185,0.1243019,0.009476079,10.030907,0.7999329,14.540126,-1.034539,0.2486038,0.018952157,0.2636158,0.021022532,0.1706581,-0.012142441,251.63364,246.48242,330.2674,0.23460609,3.2400696,0.13399065
5,14,10,0.024009999,0.15208587,0.05899789,0.063030936,0.03005704,0.12144741,0.0070546805,9.553126,0.6063521,14.771149,-1.1055197,0.24289481,0.014109361,0.25105962,0.015935143,0.17336966,-0.012975546,251.67021,246.6368,331.0481,0.49916756,3.2400696,0.11982276
5,15,10,0.024009999,0.1575723,0.062868275,0.06397581,0.030728221,0.12536773,0.0039567407,9.624465,1.034883,14.935161,-1.2412652,0.25073546,0.007913481,0.2529344,0.027197106,0.17529467,-0.014568777,251.64084,246.54851,331.04697,0.20638216,3.2400696,0.12277547
5,16,10,0.024009999,0.15150242,0.05795,0.06303843,0.030513985,0.12036403,0.011113656,9.553694,0.8528433,14.883005,-1.2244027,0.24072807,0.022227312,0.25107455,0.022413032,0.17468253,-0.014370882,251.5402,246.12802,330.41318,0.37155938,3.2400696,0.13474627
5,17,10,0.024009999,0.14774391,0.056022495,0.060999963,0.030721456,0.11834536,0.008293245,9.397957,0.7961759,14.933517,-1.1072998,0.23669071,0.01658649,0.24698171,0.020923812,0.17527537,-0.012996418,251.46638,245.72972,330.4116,0.3111239,3.2549908,0.088372715
5,18,10,0.024009999,0.15371723,0.060227975,0.06163676,0.031852495,0.12270694,0.003906487,9.446883,1.1108342,15.205927,-1.2157004,0.24541388,0.007812974,0.24826752,0.029193107,0.17847267,-0.01426874,251.41164,245.57848,330.36392,0.10486615,3.2549908,0.09156527
5,19,10,0.024009999,0.14884354,0.05815719,0.05851243,0.032173917,0.12057901,0.01252342,9.204342,0.6431971,15.282456,-1.1068524,0.24115802,0.02504684,0.24189343,0.016903453,0.1793709,-0.012991178,251.37953,245.61047,329.77557,0.4636553,3.2549908,0.107358284
5,20,10,0.024009999,0.14668682,0.058669865,0.055563282,0.032453664,0.121109314,0.008085197,8.969384,0.58120173,15.348751,-1.1839242,0.24221863,0.016170394,0.23571865,0.015274207,0.180149,-0.013895755,251.40599,245.63582,330.33408,0.60272247,3.2549908,0.09767302
5,21,10,0.024009999,0.1502263,0.05851137,0.059518863,0.032196064,0.12094562,0.0070397696,9.283163,0.66338724,15.287716,-1.0975841,0.24189124,0.014079539,0.24396488,0.017434053,0.17943262,-0.012882397,251.43452,245.72723,330.59042,0.4341969,3.2716632,0.055695135
5,22,10,0.024009999,0.1381112,0.054624476,0.05181128,0.03167545,0.1168594,0.014541969,8.661254,0.2817207,15.1636095,-1.1949586,0.2337188,0.029083937,0.22762091,0.0074037155,0.17797598,-0.014025278,251.40483,245.75423,329.7567,0.91323787,3.2716632,0.07958595
5,23,10,0.024009999,0.1437062,0.05697767,0.054107193,0.032621346,0.11934998,0.009436977,8.851077,0.10947333,15.388353,-1.4348623,0.23869996,0.018873954,0.23260953,0.0028769993,0.1806138,-0.01684105,251.36014,245.60951,329.97037,1.3253889,3.2716632,0.081277564
5,24,10,0.024009999,0.15755044,0.0638063,0.06138049,0.03236364,0.12629955,0.0070874756,9.427225,0.59202296,15.327449,-1.2136383,0.2525991,0.014174951,0.24775086,0.0155585995,0.17989896,-0.0142445415,251.33353,245.47044,330.20444,0.62161535,3.2716632,0.057204228
5,25,10,0.024009999,0.14760174,0.05433042,0.06015243,0.033118885,0.11654443,0.01681083,9.33244,-0.11431885,15.50526,-0.86210126,0.23308887,0.03362166,0.24525993,-0.0030043342,0.18198594,-0.010118528,251.32765,245.54231,329.63205,0.9764201,3.290368,0.050856378
5,26,10,0.024009999,0.15357484,0.058771987,0.06060898,0.03419387,0.12121467,0.013421834,9.36779,-0.30976713,15.754889,-0.96614426,0.24242935,0.026843669,0.24618891,-0.00814079,0.18491584,-0.011339679,251.38861,245.82307,330.25168,1.2759113,3.290368,0.042141646
5,27,10,0.024009999,0.15832874,0.060317963,0.06353326,0.03447752,0.12279858,0.009834248,9.591118,-0.02250394,15.820101,-1.0834419,0.24559715,0.019668495,0.25205806,-0.0005914033,0.18568124,-0.012716404,251.45064,246.14117,330.5724,1.1059458,3.290368,0.02234375
5,28,10,0.024009999,0.15006956,0.058636505,0.05949889,0.031934176,0.12107488,0.017485553,9.281607,-0.23437993,15.225412,-0.936099,0.24214976,0.034971107,0.24392395,-0.0061595947,0.17870136,-0.010987022,251.47968,246.25107,330.00522,1.1704789,3.290368,0.05534352
5,29,10,0.024009999,0.14306991,0.059005413,0.056116413,0.027948076,0.12145515,0.014200378,9.013919,-0.5581124,14.243514,-0.29384112,0.2429103,0.028400756,0.23688903,-0.014667405,0.16717678,-0.0034488258,251.53441,246.37129,331.08508,0.8519535,3.310965,0.08220395
5,30,10,0.024009999,0.13804817,0.05615619,0.05562334,0.026268639,0.11848649,0.011173791,8.974231,-0.36353958,13.80893,-0.24594826,0.23697297,0.022347583,0.23584601,-0.0095539475,0.16207603,-0.0028867023,251.54999,246.454,331.44815,0.60948783,3.310965,0.080534935
5,31,10,0.024009999,0.12626207,0.05116528,0.050129056,0.024967723,0.11309872,0.018741889,8.519487,-0.77712506,13.462654,-0.35231435,0.22619744,0.037483778,0.22389519,-0.020423127,0.15801178,-0.0041351174,251.49928,246.3619,330.7008,1.1294394,3.310965,0.08997761
5,32,10,0.024009999,0.12628482,0.050750963,0.05111102,0.024422836,0.112639874,0.0151681565,8.602526,-0.73099065,13.314941,-0.5085802,0.22527975,0.030336313,0.22607747,-0.019210694,0.15627807,-0.005969233,251.4845,246.22778,330.94586,1.2395709,3.310965,0.09501703
5,33,10,0.024009999,0.13443731,0.052984703,0.057501107,0.023951503,0.11509203,0.009665619,9.124451,-0.34645358,13.185835,-0.42867857,0.23018406,0.019331237,0.23979388,-0.0091049215,0.15476273,-0.005031422,251.44579,246.07808,330.7138,0.7751322,3.332238,0.11218571
5,34,10,0.024009999,0.13674235,0.05408048,0.059229072,0.023432808,0.11627605,0.019330902,9.260536,-0.64901626,13.042275,-0.23508862,0.2325521,0.038661804,0.24337023,-0.017056383,0.15307778,-0.002759247,251.41235,245.98062,330.00757,0.88410485,3.332238,0.11875777
5,35,10,0.024009999,0.1420086,0.058594063,0.060087353,0.02332719,0.12103105,0.013251996,9.327392,-0.56773037,13.012852,-0.086515486,0.2420621,0.026503991,0.24512722,-0.014920157,0.15273242,-0.0010154439,251.47116,246.07416,330.7594,0.65424585,3.332238,0.12893255
5,36,10,0.024009999,0.14530812,0.059015375,0.06429916,0.021993594,0.1214654,0.00846511,9.648756,-0.29179844,12.635409,-0.015563965,0.2429308,0.01693022,0.2535728,-0.0076685627,0.14830238,-0.00018268883,251.56937,246.53003,331.1655,0.3073624,3.332238,0.11389199
5,37,10,0.024009999,0.13413489,0.05848488,0.055921294,0.019728728,0.12091824,0.01890592,8.998234,-0.85341007,11.967151,0.5038916,0.24183647,0.03781184,0.23647684,-0.022427935,0.14045899,0.005914204,251.64398,246.86517,331.07275,0.34951848,3.353414,0.14779595
5,38,10,0.024009999,0.1336445,0.062430184,0.052613664,0.018600663,0.124930166,0.014849567,8.728064,-0.9525709,11.619982,0.54489475,0.24986033,0.029699134,0.22937669,-0.025033893,0.13638425,0.0063954554,251.72675,247.04567,331.83716,0.40767616,3.353414,0.1591037
5,39,10,0.024009999,0.14213821,0.06744917,0.05619362,0.018495422,0.12985489,0.010325221,9.020117,-0.7341083,11.587062,0.7367694,0.25970978,0.020650443,0.23705193,-0.019292628,0.13599788,0.0086474875,251.79376,247.30688,332.45044,-0.0026610494,3.353414,0.17001261
5,40,10,0.024009999,0.121855184,0.055086073,0.049461547,0.017307566,0.11735211,0.019517515,8.462574,-1.1332034,11.208801,0.9081219,0.23470423,0.03903503,0.22239952,-0.029780995,0.13155822,0.010658671,251.73438,247.15182,331.89792,0.2250815,3.353414,0.17936425
5,41,10,0.024009999,0.123251565,0.058705516,0.048255492,0.016290553,0.121146105,0.0145852,8.358764,-1.2429851,10.8744955,0.80922955,0.24229221,0.0291704,0.21967132,-0.03266609,0.12763445,0.00949796,251.65132,246.76825,331.99323,0.43375558,3.3732355,0.20829533
5,42,10,0.024009999,0.12758893,0.05868389,0.052624967,0.016280076,0.12112379,0.010144757,8.729002,-0.6281814,10.870997,0.7006175,0.24224758,0.020289514,0.22940132,-0.016508825,0.1275934,0.008223172,251.57446,246.36827,331.91312,-0.072436094,3.3732355,0.20577452
5,43,10,0.024009999,0.12085443,0.051359363,0.05251641,0.01697866,0.11331302,0.017795175,8.719995,-0.8581637,11.1017885,0.564793,0.22662604,0.03559035,0.22916459,-0.02255286,0.13030219,0.0066290023,251.5279,246.24542,331.044,0.29337072,3.3732355,0.19540901
5,44,10,0.024009999,0.12548757,0.05424428,0.054178186,0.0170651,0.11645201,0.014431876,8.856883,-1.0561984,11.130012,0.38895023,0.23290402,0.028863752,0.23276208,-0.027757276,0.13063346,0.0045651197,251.53584,246.28555,331.40582,0.66724813,3.3732355,0.19696908
5,45,10,0.024009999,0.12973762,0.056334812,0.05574338,0.017659424,0.11867478,0.008629987,8.98391,-0.86735165,11.3221655,0.20053963,0.23734955,0.017259974,0.23610036,-0.02279432,0.13288876,0.002353749,251.54352,246.4345,331.51242,0.666812,3.391874,0.19062981
5,46,10,0.024009999,0.11936484,0.047413036,0.054713696,0.017238107,0.108872674,0.01594763,8.900547,-1.0662526,11.186289,0.27043152,0.21774535,0.03189526,0.23390959,-0.028021494,0.13129397,0.0031740642,251.5222,246.38126,330.86008,0.7958211,3.391874,0.18463932
5,47,10,0.024009999,0.12385785,0.053687382,0.054202158,0.01596831,0.11585269,0.011345451,8.858841,-1.1338998,10.766404,0.36034417,0.23170538,0.022690902,0.23281357,-0.02979929,0.12636578,0.004229383,251.58131,246.50244,331.64853,0.77355564,3.391874,0.19384907
5,48,10,0.024009999,0.13689363,0.064653195,0.05653092,0.015709518,0.12713496,0.006714255,9.047148,-0.8581275,10.678803,0.517798,0.25426993,0.01342851,0.23776232,-0.022551898,0.12533762,0.0060774195,251.70995,247.04236,332.5225,0.34032947,3.391874,0.18707988
5,49,10,0.024009999,0.12134928,0.04799017,0.0562529,0.017106215,0.109533295,0.014561603,9.024874,-1.3813924,11.143413,0.58930707,0.21906659,0.029123206,0.23717694,-0.036303487,0.13079073,0.006916725,251.81282,247.53104,332.37186,0.7920853,3.4091806,0.16691907
5,50,10,0.024009999,0.12830517,0.05535404,0.05520019,0.017750928,0.117637195,0.009995277,8.94003,-1.6008949,11.351459,0.71208787,0.23527439,0.019990554,0.2349472,-0.042072114,0.13323261,0.008357808,251.93916,247.92091,333.15952,0.88880706,3.4091806,0.18008731
5,51,10,0.024009999,0.13653867,0.06327597,0.055782665,0.017480036,0.12577358,0.0055610226,8.987073,-1.3328288,11.264511,0.8299158,0.25154716,0.011122045,0.23618354,-0.035027213,0.13221209,0.009740766,252.03703,248.21664,333.78412,0.50291294,3.4091806,0.16941781
5,52,10,0.024009999,0.11727698,0.047733996,0.05293554,0.016607452,0.109240554,0.015289743,8.754722,-1.8655312,10.979756,0.83863163,0.21848111,0.030579487,0.23007725,-0.04902683,0.1288699,0.009843057,252.05531,248.42133,333.40594,1.0268996,3.4091806,0.17480971
5,53,10,0.024009999,0.120613076,0.054354664,0.05030654,0.015951872,0.116570435,0.008051227,8.534555,-1.8886925,10.760864,0.7653038,0.23314087,0.016102454,0.22429119,-0.049635522,0.12630072,0.008982412,252.10768,248.68785,334.15237,1.1233888,3.4237952,0.17608804
5,54,10,0.024009999,0.12450249,0.060875677,0.048195966,0.015430845,0.123364985,0.0037740287,8.353606,-1.5848758,10.583665,0.8335269,0.24672997,0.0075480575,0.2195358,-0.04165111,0.12422095,0.009783149,252.13632,248.85602,334.72943,0.7513489,3.4237952,0.17377949
5,55,10,0.024009999,0.106337115,0.04519469,0.046002448,0.015139985,0.10629521,0.013038686,8.161296,-1.9125228,10.483443,0.738881,0.21259043,0.026077371,0.21448182,-0.05026179,0.12304465,0.008672279,252.10643,248.86559,334.0152,1.1736418,3.4237952,0.16272426
5,56,10,0.024009999,0.10819917,0.048769966,0.04450188,0.014927326,0.110419616,0.009933425,8.027083,-2.0163422,10.409558,0.65679264,0.22083923,0.01986685,0.21095468,-0.0529902,0.12217744,0.007708801,252.11577,248.83682,334.48358,1.3595495,3.4237952,0.1782763
5,57,10,0.024009999,0.11907725,0.056285907,0.04671808,0.01607326,0.11862326,0.0017661746,8.224531,-1.2502432,10.801727,0.4059023,0.23724651,0.0035323491,0.21614365,-0.032856848,0.12678036,0.004764092,252.13434,248.82805,334.92322,0.8443409,3.4357889,0.14645365
5,58,10,0.024009999,0.10255025,0.037951287,0.04638844,0.018210528,0.09740545,0.010296528,8.195465,-1.5370398,11.497476,0.47982365,0.1948109,0.020593056,0.21537976,-0.040393963,0.13494639,0.005631712,252.1403,248.89175,334.31232,1.0572162,3.4357889,0.11523961
5,59,10,0.024009999,0.108917564,0.047198303,0.04398547,0.01773379,0.10862585,0.0052744574,7.9803753,-1.803361,11.345981,0.56847745,0.2172517,0.010548915,0.20972714,-0.04739298,0.13316828,0.006672241,252.23967,249.26132,335.09613,1.2348835,3.4357889,0.12597866
5,60,10,0.024009999,0.11217033,0.05334417,0.042027347,0.016798818,0.11548179,0.0022714813,7.800719,-1.608765,11.042834,0.6517085,0.23096357,0.0045429626,0.20500572,-0.042278927,0.12961026,0.0076491386,252.30591,249.58235,335.6975,0.9570565,3.4357889,0.12606458
5,61,10,0.024009999,0.093685634,0.037813507,0.039996114,0.015876016,0.097228475,0.006257363,7.609876,-1.5964851,10.735246,0.5130886,0.19445695,0.012514726,0.19999029,-0.04195621,0.12600006,0.0060221413,252.29248,249.62401,334.9834,1.0833966,3.4457397,0.090993576
5,62,10,0.024009999,0.102675885,0.043720856,0.041709702,0.017245326,0.104547665,0.003186725,7.771184,-1.6077135,11.188631,0.6189075,0.20909533,0.00637345,0.20422953,-0.04225129,0.13132146,0.007264148,252.32825,249.59622,335.64584,0.98880595,3.4457397,0.1106761
5,63,10,0.024009999,0.11475335,0.051298965,0.044798326,0.018656056,0.113246374,-0.0035993168,8.053777,-1.0392894,11.63727,0.5470426,0.22649275,-0.0071986336,0.21165615,-0.0273129,0.13658717,0.006420664,252.37305,249.76389,335.90613,0.49224675,3.4457397,0.10874046
5,64,10,0.024009999,0.09777637,0.036884878,0.04276637,0.018125115,0.09602718,0.0061598443,7.869005,-1.524641,11.470482,0.7801029,0.19205436,0.012319689,0.20680031,-0.04006812,0.13462955,0.00915609,252.39287,249.93225,335.53397,0.7445381,3.4457397,0.10348564
5,65,10,0.024009999,0.104434036,0.04255549,0.042988967,0.018889584,0.10314491,0.00041150098,7.889458,-1.4467789,11.70988,0.3910712,0.20628981,0.00082300196,0.20733781,-0.03802188,0.13743939,0.0045900177,252.45064,250.18486,336.0606,1.0557077,3.4529564,0.08039257
5,66,10,0.024009999,0.1101533,0.049530692,0.043576255,0.017046353,0.11127746,-0.007045894,7.943166,-0.90000975,11.123897,0.5706874,0.22255492,-0.014091788,0.20874926,-0.023652589,0.13056168,0.0066981884,252.48804,250.26071,336.42157,0.32932234,3.4529564,0.09572482
5,67,10,0.024009999,0.0964548,0.03566657,0.044008877,0.016779345,0.09442797,0.0024814578,7.982498,-1.2399799,11.036433,0.78200346,0.18885595,0.0049629156,0.20978293,-0.032587115,0.12953511,0.009178411,252.49129,250.34268,335.83557,0.4579764,3.4529564,0.07346904
5,68,10,0.024009999,0.105859555,0.0451211,0.04286102,0.017877435,0.10620864,-0.0003115911,7.8777084,-1.5664394,11.391838,0.7300446,0.21241727,-0.0006231822,0.20702903,-0.041166596,0.13370652,0.008568567,252.58113,250.6994,336.5503,0.8363948,3.4529564,0.08887643
5,69,10,0.024009999,0.11063335,0.049564723,0.04174459,0.019324044,0.11131568,-0.005705093,7.774434,-0.8395575,11.843777,0.53173244,0.22263137,-0.011410186,0.20431493,-0.022063877,0.13901095,0.00624097,252.65146,250.94954,337.23257,0.3078251,3.4574156,0.06368595
5,70,10,0.024009999,0.09035468,0.035446335,0.03580575,0.019102592,0.094135985,0.00038574156,7.2002087,-1.0666918,11.775719,0.65523064,0.18827197,0.0007714831,0.18922408,-0.028033037,0.13821213,0.0076904804,252.65106,250.94832,336.65405,0.4114611,3.4574156,0.04515885
5,71,10,0.024009999,0.10254674,0.045061726,0.038195115,0.019289894,0.106138736,-0.0033841156,7.4365687,-1.0999866,11.833307,0.6085337,0.21227747,-0.0067682313,0.1954357,-0.02890804,0.13888806,0.007142385,252.6604,250.83507,337.182,0.49145287,3.4574156,0.050616637
5,72,10,0.024009999,0.123138666,0.062326565,0.040525246,0.020286854,0.124826446,-0.009860292,7.660048,-0.62110895,12.135246,0.49000233,0.24965289,-0.019720584,0.20130883,-0.016322967,0.14243193,0.005751181,252.67233,250.81136,337.38843,0.13110662,3.4574156,0.057290677
5,73,10,0.024009999,0.097577006,0.039894402,0.03789502,0.019787576,0.09986792,-0.0032802904,7.4072967,-0.49596745,11.984985,0.30595976,0.19973584,-0.006560581,0.19466643,-0.013034204,0.14066832,0.0035910583,252.66245,250.8316,336.57812,0.19000769,3.458916,0.029043255
5,74,10,0.024009999,0.09837898,0.042522203,0.03680609,0.019050678,0.10310456,-0.0047214343,7.300095,-0.72784626,11.759704,0.18074468,0.20620912,-0.009442869,0.19184914,-0.01912806,0.1380242,0.0021214064,252.70407,251.01859,337.08865,0.5471016,3.458916,0.02788034
5,75,10,0.024009999,0.12215483,0.06171833,0.039316066,0.02112044,0.12421587,-0.012357156,7.544904,-0.34933612,12.382054,0.054746687,0.24843174,-0.024714312,0.1982828,-0.009180678,0.14532873,0.00064256456,252.74905,251.20721,337.64346,0.29458943,3.458916,0.047354013
5,76,10,0.024009999,0.09512205,0.039709095,0.03377117,0.021641782,0.099635705,-0.0030288582,6.9926486,-0.54110175,12.533944,0.2555562,0.19927141,-0.0060577164,0.18376933,-0.014220351,0.14711146,0.0029994736,252.76898,251.35756,337.11365,0.28554556,3.458916,0.039847046
5,77,10,0.024009999,0.09996113,0.044949494,0.032193583,0.02281806,0.10600648,-0.009695922,6.8273683,-0.3807465,12.870061,0.009448042,0.21201296,-0.019391844,0.1794257,-0.010006159,0.15105648,0.00011088812,252.84225,251.60283,337.7079,0.37129846,3.4579957,0.05694017
5,78,10,0.024009999,0.13014778,0.06604197,0.039559133,0.024546681,0.12849316,-0.013200193,7.5681906,0.028368382,13.348659,-0.18534149,0.25698632,-0.026400385,0.19889478,0.0007455307,0.1566738,-0.0021753528,252.85239,251.60815,338.02274,0.15697311,3.4579957,0.065679796
5,79,10,0.024009999,0.10387467,0.042837225,0.03622873,0.024808709,0.10348578,-0.004740022,7.2426124,-0.37790704,13.419715,0.05970032,0.20697156,-0.009480044,0.19033846,-0.009931533,0.1575078,0.0007007074,252.80774,251.49124,337.4898,0.31820673,3.4579957,0.07222888
5,80,10,0.024009999,0.1033117,0.04519773,0.033435557,0.024678418,0.10629879,-0.0075035426,6.9578156,-0.6456006,13.38443,-0.06450614,0.21259758,-0.015007085,0.18285392,-0.016966617,0.15709366,-0.00075710966,252.81345,251.4534,337.9091,0.71010673,3.4579957,0.07489647
5,81,10,0.024009999,0.1342974,0.067948274,0.04041077,0.025938362,0.13033445,-0.014162771,7.6492214,0.06006705,13.721846,-0.37359804,0.2606689,-0.028325543,0.2010243,0.001578585,0.16105391,-0.0043849368,252.8329,251.5576,338.07162,0.31353098,3.454951,0.09380563
5,82,10,0.024009999,0.11656263,0.050171584,0.040448304,0.025942735,0.11199507,-0.0066276956,7.6527734,-0.0969745,13.7230015,-0.19624083,0.22399014,-0.013255391,0.20111763,-0.0025485242,0.16106749,-0.002303286,252.84375,251.68802,337.48468,0.29321533,3.454951,0.10885135
5,83,10,0.024009999,0.1149455,0.049989805,0.037522584,0.027433109,0.111792,-0.009089002,7.370808,-0.2923637,14.11168,-0.089515224,0.223584,-0.018178005,0.19370747,-0.007683421,0.16562943,-0.0010506433,252.91473,251.87648,338.1295,0.3818789,3.454951,0.09426164
5,84,10,0.024009999,0.13745217,0.06783396,0.04090234,0.028715873,0.13022476,-0.01576967,7.695605,0.17466918,14.43784,-0.115965255,0.26044953,-0.03153934,0.20224327,0.004590376,0.16945758,-0.0013610848,252.99915,252.13696,338.4215,-0.05870392,3.454951,0.09111374
5,85,10,0.024009999,0.12572199,0.053236023,0.042929284,0.029556677,0.11536466,-0.007987495,7.883979,0.2554652,14.647687,-0.09822514,0.23072933,-0.01597499,0.20719384,0.006713716,0.17192055,-0.0011528719,253.02322,252.32454,337.7519,-0.15724006,3.4496648,0.12142715
5,86,10,0.024009999,0.123904936,0.054518607,0.03853737,0.03084896,0.1167461,-0.010745424,7.469813,-0.010821911,14.964476,0.058227386,0.2334922,-0.021490848,0.19630937,-0.00028440446,0.17563872,0.00068341725,253.09691,252.5483,338.7027,-0.047405474,3.4496648,0.111471824
5,87,10,0.024009999,0.13744451,0.06957225,0.038993903,0.028878361,0.13188276,-0.017695552,7.513928,0.45159885,14.478631,0.08120674,0.2637655,-0.035391103,0.19746874,0.011868181,0.16993634,0.00095312885,253.13478,252.65953,339.21457,-0.53280556,3.4496648,0.10839835
5,88,10,0.024009999,0.116715506,0.051144198,0.03842044,0.02715087,0.11307541,-0.007108986,7.458471,0.17311285,14.0389,0.32444185,0.22615083,-0.014217972,0.19601132,0.0045494703,0.16477521,0.0038079878,253.08868,252.53477,338.56354,-0.49755472,3.4496648,0.10317647
5,89,10,0.024009999,0.11255885,0.050684158,0.035513613,0.026361078,0.11256571,-0.011726778,7.1707745,0.26977924,13.833203,0.15537155,0.22513142,-0.023453556,0.18845056,0.0070898966,0.16236095,0.0018236035,253.09312,252.52776,338.99393,-0.42515078,3.442004,0.10472474
5,90,10,0.024009999,0.12058321,0.06176169,0.0340845,0.024737012,0.124259494,-0.018748688,7.025013,0.6630314,13.40031,0.057453655,0.24851899,-0.037497375,0.18461987,0.017424708,0.15728004,0.0006743308,253.09201,252.52571,339.39398,-0.72048503,3.442004,0.09901143
5,91,10,0.024009999,0.09919621,0.042582493,0.03197977,0.024633942,0.10317763,-0.008783362,6.8046584,0.45344517,13.372364,0.24549372,0.20635526,-0.017566724,0.17882888,0.011916706,0.15695204,0.0028813656,253.04843,252.41954,338.70676,-0.6989389,3.442004,0.098121926
5,92,10,0.024009999,0.11488721,0.054598644,0.034728345,0.025560217,0.116831765,-0.010225777,7.091053,0.3526798,13.621454,0.14169389,0.23366353,-0.020451553,0.18635543,0.009268551,0.15987563,0.0016630611,253.0629,252.39204,339.03543,-0.49437368,3.442004,0.110438034
5,93,10,0.024009999,0.14094578,0.0743665,0.03888623,0.027693052,0.13635111,-0.016440809,7.503547,1.2254585,14.17838,-0.05284612,0.27270222,-0.032881618,0.19719592,0.032205496,0.1664123,-0.0006202676,253.07753,252.34114,339.16556,-1.1726124,3.4319253,0.11725076
5,94,10,0.024009999,0.11571782,0.05130641,0.03684993,0.02756148,0.11325459,-0.00847788,7.3044415,0.9581354,14.144658,0.06539054,0.22650918,-0.01695576,0.19196336,0.025180148,0.1660165,0.0007674983,253.06258,252.36586,338.46725,-1.023526,3.4319253,0.12552294
5,95,10,0.024009999,0.1248117,0.055950463,0.0390971,0.029764136,0.11826925,-0.011459905,7.523864,0.74563986,14.699003,-0.13552502,0.2365385,-0.02291981,0.19772987,0.019595673,0.17252286,-0.0015906637,253.0799,252.36537,338.86786,-0.6101148,3.4319253,0.124596424
5,96,10,0.024009999,0.1580491,0.07930569,0.044202156,0.034541257,0.14080633,-0.01806019,8.000008,1.221805,15.834716,-0.26775044,0.28161266,-0.03612038,0.21024309,0.03210947,0.18585278,-0.0031426025,253.11111,252.43596,339.1769,-0.95405453,3.4319253,0.14479639
5,97,10,0.024009999,0.12376082,0.05393872,0.04001649,0.029805608,0.11612356,-0.008989905,7.6118135,1.2170569,14.70924,-0.05670952,0.23224711,-0.01797981,0.20004122,0.031984705,0.172643,-0.00066560326,253.08397,252.3909,338.3537,-1.1603473,3.4201138,0.14374653
5,98,10,0.024009999,0.11657429,0.0529532,0.03693251,0.026688578,0.11505781,-0.012025858,7.3126216,0.9871216,13.918868,-0.03842194,0.23011562,-0.024051717,0.19217832,0.025941916,0.16336639,-0.00045095792,253.09248,252.35535,338.66684,-0.94869965,3.4201138,0.10921332
5,99,10,0.024009999,0.13964565,0.06771542,0.042139366,0.029790858,0.13011093,-0.018244268,7.811109,1.3375156,14.705599,-0.17433305,0.26022187,-0.036488537,0.20527875,0.03515039,0.17260028,-0.002046154,253.08897,252.28429,338.93747,-1.1631825,3.4201138,0.11695106
5,100,10,0.024009999,0.12797508,0.052731078,0.043365873,0.03187813,0.11481624,-0.010402711,7.923968,1.0465211,15.212046,-0.1116017,0.22963248,-0.020805422,0.20824474,0.027502948,0.17854448,-0.0013098753,253.03702,252.10358,338.03403,-0.93491936,3.4201138,0.13988519
