ic,traj,n_steps,eta,loss_total,loss_T,loss_olw,loss_slwd,rmse_T,bias_T,rmse_olw,bias_olw,rmse_slwd,bias_slwd,nrmse_T,nbias_T,nrmse_olw,nbias_olw,nrmse_slwd,nbias_slwd,mean_T,mean_olw,mean_slwd,bias_C,pnorm,gnorm
1,1,10,0.01,0.4391686,0.08930183,0.2904154,0.059451375,0.14941706,0.006920401,20.505886,8.708558,20.774096,-3.5641437,0.29883412,0.013840802,0.53890204,0.22886407,0.24382652,-0.04183253,252.63597,251.41576,336.5771,-5.1444144,10.830645,1.1012627
1,2,10,0.01,0.4506279,0.09989496,0.290581,0.060151942,0.15803082,0.0055985856,20.51173,8.389885,20.896137,-3.4732242,0.31606165,0.011197171,0.53905565,0.22048919,0.24525893,-0.0407654,252.66415,251.38692,337.1932,-4.916661,10.830645,1.1544694
1,3,10,0.01,0.36155838,0.11808354,0.2066655,0.03680934,0.17181642,-0.013490402,17.29827,10.611293,16.346329,-4.634342,0.34363285,-0.026980804,0.45460477,0.2788686,0.1918576,-0.0543935,252.66586,251.31767,337.6255,-5.9769506,10.835691,1.511204
1,4,10,0.01,0.31492752,0.092926644,0.18585461,0.036146246,0.15241936,-0.005526533,16.404211,9.928537,16.198427,-4.5268703,0.30483872,-0.011053066,0.4311086,0.2609255,0.19012167,-0.053132076,252.61353,251.19086,336.97357,-5.401667,10.835691,1.5407467
1,5,10,0.01,0.17247292,0.0519047,0.09130855,0.029259682,0.113913015,0.011073122,11.498055,5.154212,14.573908,-3.1986122,0.22782603,0.022146244,0.30217305,0.13545457,0.17105462,-0.03754228,252.61295,251.14095,337.42966,-1.9555998,10.84903,0.57418853
1,6,10,0.01,0.20509738,0.066004984,0.10945952,0.029632863,0.12845717,0.0030494314,12.589122,6.1221256,14.666553,-3.273912,0.25691435,0.0060988627,0.33084667,0.16089168,0.17214198,-0.03842604,252.61905,251.16165,337.75433,-2.8482137,10.84903,0.6704829
1,7,10,0.01,0.12288418,0.06497307,0.035756797,0.022154307,0.12744908,0.025131028,7.1952844,-0.54282075,12.68149,-1.7119784,0.25489816,0.050262056,0.18909468,-0.0142655345,0.14884323,-0.020093566,252.57245,251.03185,337.06815,2.2547991,10.872803,0.42686105
1,8,10,0.01,0.12994082,0.06843926,0.039539486,0.02196207,0.1308045,0.023223614,7.566311,-0.77116257,12.62635,-1.7367754,0.261609,0.04644723,0.19884539,-0.020266442,0.14819606,-0.020384613,252.56487,250.94653,337.4724,2.507938,10.872803,0.44549936
1,9,10,0.01,0.13989247,0.075141646,0.050722092,0.014028742,0.13705988,0.015116256,8.569732,-4.462019,10.09138,-0.74194276,0.27411976,0.030232511,0.22521566,-0.117263466,0.11844299,-0.008708222,252.57474,250.93889,337.55917,5.203962,10.897125,0.59763485
1,10,10,0.01,0.14463614,0.077776015,0.052889235,0.013970903,0.13944176,0.023112873,8.750892,-4.7320848,10.070556,-0.75664806,0.27888352,0.046225745,0.2299766,-0.124360904,0.11819857,-0.008880807,252.56616,250.99278,336.73184,5.488733,10.897125,0.6587852
1,11,10,0.01,0.14355518,0.07167768,0.06402964,0.007847855,0.13386343,0.015103226,9.628512,-6.278766,7.547736,-0.544559,0.26772687,0.030206451,0.2530408,-0.1650082,0.08858812,-0.0063915146,252.63545,251.26933,337.43735,6.823325,10.912216,0.7068291
1,12,10,0.01,0.13585566,0.06754697,0.060093336,0.008215352,0.129949,0.009540724,9.327856,-6.0571733,7.7224355,-0.44548166,0.259898,0.019081447,0.24513942,-0.1591847,0.09063858,-0.0052286424,252.71109,251.5889,338.08893,6.502655,10.912216,0.65370226
1,13,10,0.01,0.102025546,0.053489674,0.043627653,0.0049082167,0.11563917,0.00932057,7.9478493,-4.588818,5.969021,-0.68738574,0.23127834,0.01864114,0.20887233,-0.1205958,0.070058666,-0.008067881,252.73491,251.7586,337.57486,5.2762036,10.92135,0.5651887
1,14,10,0.01,0.106982045,0.05563629,0.046408802,0.004936955,0.11793673,0.009728795,8.197263,-4.720699,5.9864697,-0.73570085,0.23587346,0.01945759,0.21542703,-0.12406166,0.07026347,-0.008634951,252.76544,251.79585,337.87698,5.4564,10.92135,0.5598986
1,15,10,0.01,0.10063033,0.05941731,0.03766809,0.003544924,0.12187833,-0.00054962403,7.3850846,-1.1522807,5.072764,-1.2450111,0.24375667,-0.0010992481,0.19408269,-0.030282352,0.059539266,-0.014612754,252.75615,251.64641,337.86246,2.3972917,10.930433,0.25162914
1,16,10,0.01,0.082341,0.040875915,0.037861556,0.0036035336,0.10108896,0.0071243127,7.4040256,-1.5929711,5.114527,-1.2513707,0.20217793,0.014248625,0.19458047,-0.041863848,0.06002944,-0.014687396,252.70293,251.46922,336.9656,2.8443418,10.930433,0.3026976
1,17,10,0.01,0.07817966,0.037351646,0.037502777,0.0033252381,0.09663287,0.005678912,7.3688607,0.8657582,4.913066,-1.5903342,0.19326574,0.011357824,0.19365634,0.022752436,0.05766488,-0.018665822,252.71684,251.49797,337.436,0.724576,10.9423895,0.28788814
1,18,10,0.01,0.092732266,0.052150887,0.037162796,0.0034185771,0.114182845,-0.0022912342,7.335384,1.2721912,4.981543,-1.3844213,0.22836569,-0.0045824684,0.19277655,0.03343364,0.0584686,-0.016249018,252.73055,251.51776,337.95377,0.11223018,10.9423895,0.31004432
1,19,10,0.01,0.07187221,0.03535559,0.03349069,0.0030259234,0.09401541,0.005128454,6.96355,2.2895267,4.686733,-1.2688221,0.18803082,0.010256908,0.18300462,0.0601696,0.055008393,-0.014892225,252.7197,251.57335,337.46536,-1.0207046,10.955579,0.3484697
1,20,10,0.01,0.07184594,0.038281027,0.030616242,0.0029486695,0.09782769,0.0022806271,6.6580124,2.0328178,4.626518,-1.2758982,0.19565538,0.0045612543,0.17497498,0.05342319,0.054301653,-0.014975273,252.74988,251.56311,338.12415,-0.7569196,10.955579,0.3321635
1,21,10,0.01,0.09350225,0.057110243,0.033810105,0.0025819112,0.119488746,-0.006665363,6.996679,2.8289723,4.3292418,-1.0928974,0.23897749,-0.013330726,0.18387525,0.074346416,0.05081251,-0.012827384,252.80252,251.79655,338.5516,-1.7360749,10.969697,0.3439569
1,22,10,0.01,0.07177171,0.03565403,0.03342627,0.002691414,0.09441137,0.0033971348,6.9568496,2.5461125,4.4200935,-1.0133965,0.18882275,0.0067942697,0.18282853,0.066912755,0.05187884,-0.011894281,252.79425,251.81424,337.81787,-1.532716,10.969697,0.2763055
1,23,10,0.01,0.06354909,0.030666454,0.030448291,0.0024343447,0.0875592,-0.00025631848,6.639726,2.2250686,4.2037053,-0.6959907,0.1751184,-0.00051263697,0.17449439,0.05847561,0.04933908,-0.008168874,252.84474,251.94688,338.5845,-1.5290779,10.985202,0.20876266
1,24,10,0.01,0.09133451,0.055752303,0.03284163,0.0027405794,0.11805963,-0.008361616,6.8957424,2.7714498,4.4602833,-0.59847546,0.23611926,-0.016723232,0.1812226,0.07283469,0.052350543,-0.007024336,252.8608,252.03477,338.91705,-2.1729743,10.985202,0.2939917
1,25,10,0.01,0.057823736,0.028230509,0.026682522,0.0029107067,0.084009685,0.00040331483,6.2155857,1.5837982,4.5966396,0.080045335,0.16801937,0.00080662966,0.16334786,0.041622784,0.053950965,0.0009394938,252.84056,252.0348,338.19083,-1.6638435,11.002021,0.17719239
1,26,10,0.01,0.066222906,0.0355396,0.027887112,0.0027961947,0.09425975,-0.0027589353,6.35434,1.3416791,4.5053124,0.017635653,0.1885195,-0.0055178707,0.16699435,0.035259813,0.052879058,0.00020698977,252.92464,252.34093,338.73737,-1.3593148,11.002021,0.18152596
1,27,10,0.01,0.08287346,0.054528534,0.025474012,0.0028709152,0.11675673,-0.008576312,6.0731964,0.40516436,4.5651116,0.7091818,0.23351346,-0.017152624,0.1596058,0.01064786,0.05358092,0.0083237,252.9826,252.57635,339.14453,-1.1143461,11.019794,0.20661111
1,28,10,0.01,0.06318488,0.03142788,0.029187245,0.0025697558,0.08863955,0.00068175927,6.500777,0.5260926,4.3190393,0.71086985,0.1772791,0.0013635185,0.17084275,0.013825902,0.05069276,0.008343511,252.94728,252.45361,338.25095,-1.2369624,11.019794,0.18138112
1,29,10,0.01,0.06275929,0.031558074,0.028183099,0.0030181143,0.08882296,0.0008400241,6.387973,-0.27369732,4.680681,1.612863,0.17764592,0.0016800482,0.16787823,-0.0071928664,0.054937366,0.018930245,252.97446,252.39331,338.75095,-1.3391657,11.03756,0.13890292
1,30,10,0.01,0.0776486,0.047204785,0.026899995,0.003543821,0.10863331,-0.005319303,6.2408648,0.050158665,5.0719748,1.7079535,0.21726662,-0.010638606,0.16401218,0.0013181875,0.05953,0.020046324,253.01549,252.47368,339.1882,-1.7581121,11.03756,0.15852562
1,31,10,0.01,0.05411172,0.02543151,0.025093228,0.0035869796,0.0797363,0.0045811166,6.027635,-0.7721086,5.102766,2.2353687,0.1594726,0.009162233,0.15840842,-0.020291295,0.0598914,0.026236627,253.01591,252.63403,338.48825,-1.4632602,11.055101,0.12495395
1,32,10,0.01,0.058760915,0.029651493,0.02538422,0.0037252053,0.086098045,0.003091927,6.0624833,-1.0000322,5.2001553,2.2906697,0.17219609,0.006183854,0.15932426,-0.026281208,0.06103446,0.026885698,253.07828,252.85677,339.15625,-1.2906375,11.055101,0.14408146
1,33,10,0.01,0.073107734,0.039588653,0.027981827,0.0055372547,0.09948449,-0.0028901312,6.3651214,-1.6464483,6.339988,2.8824294,0.19896898,-0.0057802624,0.1672777,-0.043269254,0.07441273,0.0338312,253.1448,253.09375,339.85867,-1.2359811,11.071663,0.21747655
1,34,10,0.01,0.057646133,0.0242461,0.027981358,0.0054186713,0.077855796,0.004554519,6.3650684,-1.6024005,6.2717338,2.8396976,0.15571159,0.009109038,0.1672763,-0.04211166,0.073611625,0.033329666,253.12286,253.04225,339.20746,-1.237297,11.071663,0.20675601
1,35,10,0.01,0.056852035,0.027557472,0.025438663,0.0038559006,0.08300222,0.0042476044,6.0689816,-1.3992095,5.2905903,2.270967,0.16600443,0.008495209,0.15949503,-0.03677173,0.0620959,0.026654446,253.09822,252.86923,339.2402,-0.8717575,11.085707,0.195993
1,36,10,0.01,0.073875904,0.043330356,0.026386779,0.0041587646,0.10407972,-0.002401129,6.1810446,-1.3100961,5.4944396,2.4135056,0.20815945,-0.004802258,0.16244008,-0.0344298,0.064488485,0.028327422,253.10017,252.83217,339.25705,-1.1034094,11.085707,0.18946332
1,37,10,0.01,0.05306776,0.022588799,0.025775595,0.004703365,0.07514785,0.0053161173,6.1090407,-1.0107508,5.8431306,2.187609,0.1502957,0.010632235,0.1605478,-0.02656289,0.06858108,0.025676062,253.10742,252.92088,338.9816,-1.1768582,11.097964,0.15682404
1,38,10,0.01,0.055522725,0.026756242,0.024328629,0.004437856,0.08178668,0.004178355,5.935092,-1.0659506,5.6758103,2.145444,0.16357335,0.00835671,0.15597637,-0.028013574,0.066617236,0.025181172,253.14229,253.00699,339.5141,-1.0794933,11.097964,0.16267328
1,39,10,0.01,0.059083942,0.03200968,0.022766292,0.0043079713,0.089456245,-0.0028989615,5.7413607,-0.50024015,5.592134,1.3657122,0.17891249,-0.005797923,0.15088503,-0.013146487,0.06563514,0.016029427,253.15503,253.06519,339.666,-0.865472,11.109468,0.1049828
1,40,10,0.01,0.0502026,0.023397641,0.022400709,0.0044042505,0.07648144,0.004602413,5.695076,-0.51487905,5.6542788,1.3157058,0.15296288,0.009204826,0.14966866,-0.013531209,0.06636453,0.015442499,253.09947,252.89763,338.90033,-0.8008267,11.109468,0.113495566
1,41,10,0.01,0.045175213,0.021818753,0.019205824,0.004150637,0.07385586,0.002810756,5.273332,0.13000964,5.4890685,0.48112404,0.14771172,0.005621512,0.13858508,0.0034167045,0.06442544,0.0056469752,253.07019,252.6166,339.16013,-0.6111337,11.120517,0.07094339
1,42,10,0.01,0.05903273,0.032766607,0.021416144,0.0048499783,0.090507746,-0.0027632886,5.568514,0.12349396,5.9335017,0.78145975,0.18101549,-0.005526577,0.14634256,0.003245465,0.069641784,0.009172029,253.1032,252.70879,339.3947,-0.9049537,11.120517,0.07402173
1,43,10,0.01,0.04790917,0.021232152,0.021839188,0.0048378306,0.072856285,0.005069027,5.623244,0.7252984,5.9260664,-0.20863758,0.14571257,0.010138054,0.14778088,0.019061107,0.069554515,-0.0024487884,253.1309,252.89655,338.8711,-0.5166608,11.132166,0.09940959
1,44,10,0.01,0.04868019,0.024016446,0.020344893,0.004318852,0.0774862,0.0033722364,5.427457,0.73399484,5.599192,-0.3889322,0.1549724,0.006744473,0.14263552,0.01928965,0.06571797,-0.004564915,253.1904,253.09583,339.40054,-0.34506264,11.132166,0.117909424
1,45,10,0.01,0.056398492,0.0311521,0.020794503,0.0044518886,0.08824979,-0.002837147,5.4871006,1.1092474,5.684777,-0.97898924,0.17649958,-0.005674294,0.14420299,0.029151423,0.066722475,-0.011490441,253.20123,253.07245,339.59708,-0.1302582,11.145018,0.16251734
1,46,10,0.01,0.04841902,0.022612257,0.021540545,0.004266216,0.07518686,0.005430404,5.584663,1.2316709,5.5649676,-1.0472056,0.15037373,0.010860808,0.14676698,0.032368753,0.065316275,-0.012291102,253.16869,253.03911,338.67508,-0.18446529,11.145018,0.15018834
1,47,10,0.01,0.045557957,0.020075187,0.0206017,0.0048810737,0.070843466,0.0045974064,5.461603,1.4352434,5.952493,-1.8089901,0.14168693,0.009194813,0.14353292,0.037718717,0.06986468,-0.021232203,253.2178,253.2335,339.03378,0.37374675,11.158387,0.15954114
1,48,10,0.01,0.057160437,0.02932123,0.022739131,0.005100079,0.085617214,-0.0031763394,5.7379346,1.4461623,6.084567,-1.372412,0.17123443,-0.006352679,0.150795,0.03800567,0.071414836,-0.016108062,253.31183,253.57086,339.73248,-0.07375038,11.158387,0.1813054
1,49,10,0.01,0.0469218,0.020730011,0.02060776,0.005584026,0.0719896,0.0046911673,5.4624076,1.2508394,6.3667083,-1.7075679,0.1439792,0.009382335,0.14355403,0.03287251,0.07472634,-0.020041803,253.36812,253.90063,339.7232,0.45672858,11.171819,0.12206556
1,50,10,0.01,0.051453345,0.026943486,0.019547619,0.004962239,0.082072355,0.0049445694,5.320049,1.1739556,6.00178,-1.7266299,0.16414471,0.009889139,0.1398128,0.03085198,0.07044316,-0.02026553,253.42317,254.15207,340.54605,0.5526743,11.171819,0.12511332
1,51,10,0.01,0.051693127,0.02843831,0.017751778,0.0055030384,0.08431831,-0.0018814446,5.0697856,0.9351825,6.3203697,-1.8976835,0.16863662,-0.0037628892,0.1332358,0.024576934,0.074182466,-0.022273196,253.42426,254.14351,340.68695,0.962501,11.183823,0.098991975
1,52,10,0.01,0.048268106,0.023160454,0.019393886,0.005713766,0.076092795,0.0053356397,5.2990875,1.3270085,6.4402456,-1.9441339,0.15218559,0.010671279,0.13926193,0.034874264,0.075589456,-0.022818387,253.3622,253.88802,339.57114,0.6171254,11.183823,0.1324638
1,53,10,0.01,0.048093066,0.022449203,0.019962896,0.0056809657,0.07491529,0.004163773,5.3762627,0.8057067,6.421734,-2.1220326,0.14983058,0.008327546,0.14129011,0.021174261,0.07537218,-0.024906399,253.35413,253.71867,339.83508,1.3163259,11.19311,0.14662075
1,54,10,0.01,0.054895148,0.030702038,0.01881164,0.005381474,0.087609984,-0.0028650532,5.2189364,0.6028414,6.25017,-2.0199227,0.17521997,-0.0057301065,0.13715553,0.01584289,0.07335853,-0.023707926,253.33504,253.63057,339.89816,1.4170814,11.19311,0.13222909
1,55,10,0.01,0.04393147,0.02169298,0.017009404,0.0052290866,0.073642686,0.0035556627,4.962645,-0.13890989,6.1610413,-1.9276428,0.14728537,0.0071113254,0.1304201,-0.0036506015,0.07231242,-0.02262483,253.27458,253.4057,338.80392,2.0665526,11.199356,0.15004493
1,56,10,0.01,0.045196082,0.022222668,0.01799242,0.0049809916,0.074536346,0.004595247,5.104033,-0.11978893,6.0131087,-2.0248237,0.14907269,0.009190494,0.13413583,-0.0031480934,0.07057614,-0.02376545,253.29318,253.43414,339.0931,2.1446126,11.199356,0.1475194
1,57,10,0.01,0.048620805,0.02609228,0.017405972,0.005122553,0.08076552,-0.0011632005,5.020163,-0.62254983,6.0979586,-1.3871102,0.16153105,-0.002326401,0.13193169,-0.016360834,0.07157201,-0.016280578,253.32797,253.5204,339.45798,2.00966,11.202956,0.083589405
1,58,10,0.01,0.041216373,0.017620685,0.018504174,0.005091515,0.06637146,0.004581685,5.1761107,-0.32455495,6.079456,-1.4157977,0.13274293,0.00916337,0.13603005,-0.008529417,0.07135485,-0.01661728,253.32178,253.44795,338.6794,1.7403526,11.202956,0.096943595
1,59,10,0.01,0.043140657,0.021005286,0.016948221,0.00518715,0.072466,0.005557654,4.953712,-0.74852455,6.1362863,-1.2011241,0.144932,0.011115308,0.13018534,-0.019671496,0.07202187,-0.014097646,253.40532,253.7592,339.1587,1.9496486,11.2056465,0.11979248
1,60,10,0.01,0.05029902,0.027802123,0.016921205,0.0055756913,0.08336984,-0.0012552016,4.9497623,-0.9825311,6.361955,-0.96238506,0.16673969,-0.0025104033,0.13008153,-0.025821269,0.07467055,-0.01129556,253.49933,254.17294,340.04602,1.9449161,11.2056465,0.11560275
1,61,10,0.01,0.03889586,0.017573098,0.015014172,0.0063085947,0.06628178,0.0074857445,4.662505,-0.77722824,6.767176,-0.8457215,0.13256356,0.014971489,0.12253233,-0.02042584,0.07942666,-0.009926273,253.47581,254.16324,339.70532,1.6229497,11.2086525,0.11682574
1,62,10,0.01,0.038839877,0.018283729,0.01435471,0.0062014367,0.06760867,0.005076377,4.558961,-0.6948827,6.7094564,-0.91794556,0.13521734,0.010152754,0.11981114,-0.018261768,0.0787492,-0.010773968,253.47697,254.12648,339.915,1.6128283,11.2086525,0.10554002
1,63,10,0.01,0.045187194,0.025313957,0.013073832,0.006799402,0.0795518,-0.0018540678,4.35081,-0.25891447,7.0254893,-0.92353326,0.1591036,-0.0037081356,0.11434086,-0.0068043633,0.08245849,-0.010839554,253.47462,254.10555,340.18497,1.1824477,11.212241,0.08649086
1,64,10,0.01,0.03751147,0.016914371,0.014121786,0.0064753145,0.06502763,0.005220355,4.521822,-0.1124746,6.8560133,-0.94450146,0.13005526,0.01044071,0.11883512,-0.0029558702,0.08046934,-0.011085657,253.42326,253.89075,339.29395,1.0569761,11.212241,0.06558363
1,65,10,0.01,0.03615749,0.016472626,0.013461922,0.006222939,0.064172864,0.0025392259,4.4149137,0.32325637,6.721079,-1.280688,0.12834573,0.0050784517,0.11602552,0.0084952945,0.07888561,-0.015031493,253.46631,253.98318,339.60483,0.9574317,11.216862,0.092309155
1,66,10,0.01,0.047051784,0.02775852,0.013156518,0.0061367447,0.08330444,-0.005391752,4.364547,0.20545936,6.67437,-1.1290069,0.16660888,-0.010783504,0.11470187,0.005399545,0.07833738,-0.013251206,253.51353,254.16742,339.9938,0.9235475,11.216862,0.10994039
1,67,10,0.01,0.03530744,0.016649835,0.013374283,0.005283323,0.06451712,0.0026608522,4.4005194,0.40280655,6.192911,-1.2200645,0.12903424,0.0053217043,0.115647234,0.010585901,0.07268647,-0.014319954,253.52884,254.29514,339.58038,0.817258,11.222622,0.08076558
1,68,10,0.01,0.03547705,0.016865151,0.01330861,0.0053032907,0.06493295,0.0013663095,4.389702,0.40665752,6.204602,-1.3784559,0.1298659,0.002732619,0.11536295,0.010687105,0.072823696,-0.016179001,253.59248,254.49594,340.1426,0.97179836,11.222622,0.10478529
1,69,10,0.01,0.046446804,0.027233982,0.013499968,0.005712857,0.08251361,-0.006234465,4.4211473,0.41486478,6.4397335,-1.060895,0.16502722,-0.01246893,0.11618936,0.010902796,0.07558344,-0.012451771,253.65996,254.84549,340.8354,0.6460302,11.2291565,0.12184215
1,70,10,0.01,0.035039768,0.015168768,0.0139679,0.0059030983,0.061580777,0.0009185662,4.4971175,0.5136234,6.5460787,-1.1435103,0.123161554,0.0018371324,0.11818587,0.013498204,0.076831624,-0.013421433,253.6898,255.11404,340.5229,0.6298869,11.2291565,0.0877485
1,71,10,0.01,0.033709973,0.016023632,0.012622517,0.0050638234,0.06329224,0.0026473824,4.2750545,0.4604094,6.0629015,-0.98785603,0.12658449,0.005294765,0.11234997,0.01209973,0.07116055,-0.011594508,253.72607,255.25403,340.8345,0.5274466,11.235834,0.06963881
1,72,10,0.01,0.043623723,0.02635908,0.012367158,0.0048974855,0.0811774,-0.004018548,4.2315903,0.5450861,5.9624915,-0.8496744,0.1623548,-0.008037096,0.11120772,0.014325059,0.06998204,-0.009972668,253.70944,255.16957,340.8641,0.30458832,11.235834,0.112865135
1,73,10,0.01,0.03189112,0.014560191,0.012272079,0.0050588483,0.06033281,0.004500442,4.2152925,0.37680486,6.0599217,-0.3385444,0.12066562,0.009000884,0.11077941,0.009902567,0.07112558,-0.003973511,253.66704,254.98337,340.03882,-0.03826046,11.242549,0.08258276
1,74,10,0.01,0.034412596,0.01764138,0.011919298,0.0048519187,0.06641043,0.0023823238,4.1542635,0.37963396,5.934689,-0.60853755,0.13282086,0.0047646477,0.10917554,0.009976921,0.06965572,-0.007142433,253.67755,254.96689,340.26886,0.22890359,11.242549,0.061178397
1,75,10,0.01,0.039095484,0.022943221,0.012015422,0.004136841,0.0757351,-0.0033793463,4.1709805,-0.16712208,5.4799366,0.0031953098,0.1514702,-0.0067586927,0.10961488,-0.0043920274,0.06431828,3.7503363e-5,253.6757,254.9616,340.472,0.16392677,11.248409,0.08918672
1,76,10,0.01,0.03257955,0.015087726,0.013595108,0.0038967135,0.061416052,0.0032799796,4.4366994,-0.13110638,5.318516,-0.03650072,0.122832105,0.006559959,0.11659806,-0.0034455205,0.06242366,-0.00042841228,253.60957,254.72017,339.42838,0.1676071,11.248409,0.09707022
1,77,10,0.01,0.030346926,0.0135348495,0.012844536,0.0039675394,0.058169685,0.00109298,4.3124876,-0.473946,5.366633,0.17464031,0.11633937,0.00218596,0.11333374,-0.012455472,0.06298841,0.0020497593,253.59647,254.55765,340.0387,0.29930568,11.25312,0.11098567
1,78,10,0.01,0.034023896,0.01917625,0.010539889,0.004307757,0.06923917,-0.0047844523,3.90649,-0.58319587,5.5919957,0.53208256,0.13847834,-0.0095689045,0.102663964,-0.015326596,0.065633506,0.006245077,253.57579,254.40977,340.20218,0.051113307,11.25312,0.0979327
1,79,10,0.01,0.028795024,0.01450601,0.00972666,0.0045623537,0.06022045,0.0020237432,3.7527585,-0.19812171,5.7548723,0.7773412,0.1204409,0.0040474865,0.098623835,-0.00520671,0.0675452,0.009123688,253.53787,254.27061,339.397,-0.57921946,11.256047,0.11868327
1,80,10,0.01,0.030470535,0.016157513,0.0096446695,0.0046683513,0.063556105,0.0010132411,3.7369072,-0.012331384,5.8213406,0.5505817,0.12711221,0.0020264823,0.09820728,-0.00032407016,0.06832533,0.0064622033,253.52338,254.1277,339.52066,-0.5382503,11.256047,0.10445874
1,81,10,0.01,0.033034705,0.02012132,0.00871183,0.004201557,0.07092482,-0.003880089,3.551594,0.23961075,5.522635,0.69866335,0.14184964,-0.007760178,0.093337186,0.006297056,0.06481942,0.008200244,253.49886,254.01137,339.36008,-0.9382741,11.257818,0.059096765
1,82,10,0.01,0.025568353,0.013161886,0.008362395,0.0040440727,0.05736263,0.0032228827,3.4796376,0.20591559,5.418146,0.55585223,0.11472526,0.0064457655,0.09144613,0.0054115364,0.06359302,0.006524067,253.44464,253.86377,338.807,-0.7617678,11.257818,0.052261822
1,83,10,0.01,0.024762025,0.012656365,0.008272842,0.0038328185,0.056250256,0.0022745302,3.460955,0.30084753,5.274731,0.4212299,0.11250051,0.0045490605,0.09095516,0.007906382,0.06190976,0.004943994,253.42207,253.70636,339.1755,-0.7220774,11.259759,0.07238193
1,84,10,0.01,0.028621756,0.016721418,0.008232195,0.0036681416,0.06465566,-0.0024598797,3.452443,0.09751247,5.1601734,0.7550267,0.12931132,-0.0049197595,0.09073144,0.002562666,0.060565185,0.008861783,253.40468,253.6134,339.36288,-0.8525392,11.259759,0.11721782
1,85,10,0.01,0.024027206,0.011973783,0.00846777,0.003585651,0.054712392,0.0045156954,3.501493,0.41542485,5.101821,0.53931695,0.109424785,0.009031391,0.09202049,0.010917513,0.059880305,0.006329987,253.35246,253.44928,338.43185,-0.95474184,11.262948,0.08021311
1,86,10,0.01,0.024823781,0.012600957,0.008495602,0.003727221,0.056126993,0.0042229984,3.5072417,0.412796,5.2015624,0.5087181,0.11225399,0.008445997,0.09217159,0.010848429,0.06105097,0.0059708455,253.37244,253.39229,338.74176,-0.92151403,11.262948,0.078453794
1,87,10,0.01,0.0284318,0.016631415,0.008476838,0.0033235473,0.06448142,-0.000899916,3.503367,0.43958774,4.9118166,0.57230425,0.12896284,-0.001799832,0.092069745,0.011552528,0.057650216,0.0067171617,253.42677,253.56471,339.08176,-1.011892,11.267335,0.08659293
1,88,10,0.01,0.028846342,0.01567284,0.009830444,0.003343056,0.062595606,0.005316603,3.7727256,0.4823998,4.926211,0.36368677,0.12519121,0.010633206,0.099148594,0.012677641,0.057819165,0.0042686076,253.43715,253.6754,338.5078,-0.84608656,11.267335,0.076975405
1,89,10,0.01,0.02757308,0.0139947785,0.010035032,0.003543271,0.059149764,0.0037085146,3.811782,0.4138539,5.0715814,0.058865976,0.11829953,0.0074170292,0.10017501,0.010876232,0.05952538,0.00069091213,253.46004,253.73793,339.07056,-0.47271988,11.271987,0.08388439
1,90,10,0.01,0.030440088,0.017408755,0.009824772,0.003206562,0.06597112,-0.001340655,3.771637,0.44160292,4.8245964,0.4311847,0.13194224,-0.00268131,0.09911999,0.011605484,0.056626514,0.0050608357,253.43655,253.62166,339.1712,-0.8727876,11.271987,0.09807271
1,91,10,0.01,0.023795303,0.013069906,0.0075381277,0.00318727,0.057161845,0.005870636,3.303698,0.10715074,4.810062,0.229695,0.11432369,0.011741272,0.08682239,0.0028159618,0.05645591,0.0026959416,253.38374,253.46165,338.42236,-0.33684576,11.27588,0.09336915
1,92,10,0.01,0.025331322,0.013729543,0.007836207,0.0037655714,0.058586568,0.0039916504,3.3683846,0.10370193,5.228254,0.07955446,0.117173135,0.007983301,0.08852235,0.0027253237,0.061364252,0.0009337348,253.3684,253.33243,338.6172,-0.18325639,11.27588,0.095377
1,93,10,0.01,0.0276358,0.015883027,0.008247895,0.0035048786,0.06301394,0.0009497371,3.4557335,-0.48240912,5.044031,0.37473413,0.12602788,0.0018994742,0.09081792,-0.0126778865,0.059202015,0.0043982714,253.34138,253.15564,338.63428,0.107674986,11.27786,0.06787759
1,94,10,0.01,0.024937904,0.012668648,0.008917332,0.0033519247,0.056277543,0.0067553194,3.593239,-0.17125742,4.9327416,0.23022981,0.11255509,0.013510639,0.094431624,-0.004500706,0.05789581,0.0027022178,253.2771,252.89915,337.85565,-0.05897239,11.27786,0.07508946
1,95,10,0.01,0.024186157,0.012019749,0.009044075,0.0031223327,0.054817308,0.004925578,3.618685,-0.42487454,4.7608094,-0.3796438,0.109634615,0.009851156,0.09510034,-0.011165856,0.05587784,-0.0044558966,253.2251,252.66559,338.07977,0.80451834,11.27822,0.09143116
1,96,10,0.01,0.026268946,0.014075295,0.009123322,0.0030703298,0.059319675,0.00062434224,3.6345038,-0.7599395,4.7209973,-0.22107342,0.11863935,0.0012486845,0.09551608,-0.019971482,0.055410556,-0.0025947485,253.16971,252.40468,338.0397,0.98101294,11.27822,0.090340875
1,97,10,0.01,0.021844795,0.011010794,0.008139964,0.0026940368,0.052466165,0.005066931,3.4330485,-0.3906847,4.422247,-0.76912665,0.10493233,0.010133862,0.09022175,-0.010267333,0.051904112,-0.009027274,253.1136,252.21236,337.03696,1.1598114,11.276939,0.06236841
1,98,10,0.01,0.022503965,0.011182846,0.007933374,0.0033877455,0.052874487,0.004767253,3.389203,-0.27178177,4.9590282,-0.8337319,0.105748974,0.009534506,0.089069486,-0.007142524,0.05820434,-0.009785549,253.11313,252.16016,337.4328,1.1055137,11.276939,0.070928395
1,99,10,0.01,0.022592157,0.012776231,0.0070686275,0.0027472968,0.056515995,-0.00070865767,3.199162,-0.026395485,4.4657464,-0.9992397,0.11303199,-0.0014173153,0.08407513,-0.00069368264,0.052414663,-0.011728121,253.1153,252.10522,337.86774,1.0256351,11.275136,0.05083273
1,100,10,0.01,0.020729752,0.011416242,0.006983521,0.0023299889,0.05342341,0.0043328204,3.1798446,0.031510893,4.1126156,-1.0958523,0.10684682,0.008665641,0.08356746,0.00082811667,0.048269957,-0.012862069,253.12448,252.21011,337.3241,1.0643413,11.275136,0.040446438
2,1,10,0.0069999998,0.17646392,0.04094196,0.09495761,0.040564343,0.1011706,0.013179803,11.72556,0.038433038,17.159847,-3.509216,0.2023412,0.026359607,0.30815193,0.0010099893,0.20140591,-0.04118783,251.83002,247.89172,331.99503,3.470783,11.273028,1.1600404
2,2,10,0.0069999998,0.17859806,0.040499136,0.095966935,0.042131994,0.10062198,0.0112661095,11.78771,-0.06285974,17.488285,-3.6994717,0.20124397,0.022532219,0.3097853,-0.0016520143,0.2052608,-0.04342086,251.88115,248.03377,332.64597,3.7623315,11.273028,1.2109331
2,3,10,0.0069999998,0.11216006,0.030041004,0.052365225,0.029753828,0.086661704,0.0043219673,8.707434,-0.64146256,14.696457,-2.8608854,0.17332341,0.0086439345,0.2288345,-0.01685788,0.17249298,-0.03357835,251.93819,248.31339,333.0607,3.502348,11.263173,0.705198
2,4,10,0.0069999998,0.110179834,0.030123997,0.052286357,0.027769485,0.08678133,0.010427026,8.700874,-0.29341695,14.197932,-3.0584247,0.17356266,0.020854052,0.2286621,-0.007711078,0.16664179,-0.035896875,251.93912,248.45944,332.78918,3.3518417,11.263173,0.69266367
2,5,10,0.0069999998,0.060322225,0.024705753,0.02084029,0.014776185,0.07859032,0.0044711856,5.4931383,-0.4883865,10.356723,-1.929082,0.15718064,0.008942371,0.14436166,-0.012834959,0.12155733,-0.022641726,251.94693,248.45111,333.45483,2.4174685,11.252506,0.3167656
2,6,10,0.0069999998,0.057753436,0.022134027,0.020926898,0.014692513,0.07438754,-0.0010544024,5.504541,-0.49353036,10.327358,-1.8134096,0.14877509,-0.0021088049,0.14466132,-0.012970147,0.121212676,-0.021284077,251.91084,248.21382,333.4286,2.3069398,11.252506,0.31003073
2,7,10,0.0069999998,0.0493291,0.029397404,0.013841966,0.0060897283,0.085728355,-0.0005916414,4.4767985,-0.24778736,6.648752,-1.0160072,0.17145671,-0.0011832828,0.11765189,-0.0065119397,0.07803671,-0.011924922,251.88731,248.0835,332.8652,1.2637945,11.243869,0.27015394
2,8,10,0.0069999998,0.04358276,0.024921995,0.012787507,0.0058732606,0.07893351,-0.0019626678,4.302903,-0.44993722,6.5295134,-0.95859796,0.15786701,-0.0039253356,0.11308186,-0.011824513,0.0766372,-0.011251103,251.91682,248.11429,333.52774,1.4085352,11.243869,0.30849376
2,9,10,0.0069999998,0.052704,0.029792206,0.020327616,0.002584176,0.086302094,-0.011412526,5.4251523,-0.054775894,4.3311405,-0.36167976,0.17260419,-0.022825051,0.14257495,-0.0014395245,0.05083479,-0.0042450493,251.91574,248.08313,333.70013,0.41645566,11.236292,0.40523252
2,10,10,0.0069999998,0.050366316,0.02946173,0.018582247,0.0023223374,0.0858221,-0.006594541,5.1870184,0.29255396,4.1058574,-0.46564847,0.1716442,-0.013189082,0.13631672,0.0076884218,0.048190635,-0.0054653366,251.9074,248.0252,333.01172,0.17309451,11.236292,0.38362578
2,11,10,0.0069999998,0.05915901,0.029422386,0.027388513,0.0023481112,0.08576477,-0.007907234,6.2972784,0.36736915,4.128578,0.062324986,0.17152955,-0.015814468,0.16549475,0.009654595,0.048457313,0.00073151157,251.98055,248.39397,333.63196,-0.42969412,11.226701,0.42413166
2,12,10,0.0069999998,0.05888714,0.028485486,0.027805945,0.0025957094,0.08438822,-0.01194033,6.345086,0.27175704,4.3407946,0.23527378,0.16877644,-0.02388066,0.16675115,0.0071418793,0.050948106,0.0027614182,252.05347,248.74109,334.1975,-0.50703084,11.226701,0.411147
2,13,10,0.0069999998,0.055011395,0.022602167,0.028993621,0.0034156071,0.075170085,-0.0035261114,6.479178,0.56676036,4.979379,0.7736556,0.15034017,-0.0070522227,0.17027514,0.014894659,0.058443196,0.00908043,252.09932,248.99553,333.88278,-1.340416,11.215123,0.33307526
2,14,10,0.0069999998,0.053981815,0.022305232,0.027974809,0.0037017735,0.07467468,-0.003984881,6.3643227,0.36493954,5.183775,0.7166876,0.14934936,-0.007969762,0.16725671,0.009590741,0.0608422,0.008411797,252.18726,249.38019,334.85947,-1.0816271,11.215123,0.33913445
2,15,10,0.0069999998,0.044570856,0.016001167,0.023568286,0.005001402,0.06324786,-0.0038813725,5.8416114,0.1171949,6.0254173,1.4701703,0.12649572,-0.007762745,0.15351966,0.0030799322,0.07072059,0.017255455,252.2314,249.42242,335.06268,-1.5873652,11.203325,0.2460674
2,16,10,0.0069999998,0.04692369,0.018056842,0.024112178,0.0047546714,0.067187876,0.0012255716,5.9086313,0.2793224,5.8749137,1.3397131,0.13437575,0.0024511432,0.15528096,0.007340696,0.068954125,0.015724272,252.23473,249.54965,334.54352,-1.6190355,11.203325,0.24468711
2,17,10,0.0069999998,0.040140335,0.01583825,0.018750058,0.005552029,0.062925056,0.004787729,5.2103877,-0.08698504,6.348441,1.8714374,0.12585011,0.009575458,0.13693085,-0.0022859983,0.07451194,0.021965148,252.21396,249.50682,334.95633,-1.7844524,11.192823,0.187919
2,18,10,0.0069999998,0.039088976,0.01446009,0.018923748,0.0057051363,0.060125057,0.00023975909,5.2344646,-0.14329128,6.435381,2.0931203,0.12025011,0.00047951817,0.13756362,-0.0037657395,0.075532354,0.024567045,252.17993,249.23735,335.15585,-1.9498291,11.192823,0.18536134
2,19,10,0.0069999998,0.04144934,0.017856294,0.017372068,0.006220975,0.06681372,0.008728384,5.0152717,-0.24050033,6.720018,2.3244164,0.13362744,0.017456768,0.13180314,-0.0063204393,0.07887316,0.027281778,252.12373,249.01508,334.2586,-2.0839162,11.18479,0.15614355
2,20,10,0.0069999998,0.04389153,0.02052611,0.016993351,0.0063720685,0.07163468,0.0070795245,4.960303,-0.40365386,6.801136,2.2374597,0.14326936,0.014159049,0.13035855,-0.010608167,0.07982524,0.026261166,252.13942,249.00642,334.68018,-1.8338058,11.18479,0.16804914
2,21,10,0.0069999998,0.034867484,0.015701521,0.012701369,0.0064645945,0.062652856,0.00504215,4.288387,-0.85704726,6.8503356,2.399065,0.12530571,0.0100843,0.11270035,-0.02252351,0.0804027,0.028157938,252.1807,249.21086,335.14386,-1.5420177,11.1792755,0.16155761
2,22,10,0.0069999998,0.03864919,0.019098205,0.013085374,0.006465609,0.06909813,0.010135229,4.35273,-0.61502534,6.850874,2.322794,0.13819626,0.020270457,0.11439132,-0.016163085,0.08040901,0.027262744,252.18279,249.28355,334.71933,-1.7077687,11.1792755,0.15968326
2,23,10,0.0069999998,0.036889337,0.019172879,0.011774871,0.00594159,0.06923308,0.009503303,4.129018,-0.7859229,6.567386,2.0833204,0.13846616,0.019006606,0.108512074,-0.020654336,0.07708171,0.024452027,252.23453,249.41954,335.23776,-1.2973975,11.176256,0.15776667
2,24,10,0.0069999998,0.03299269,0.015387203,0.0115906615,0.0060148276,0.06202258,0.006181116,4.096593,-0.9687355,6.607737,2.1713176,0.12404516,0.012362232,0.107659936,-0.025458723,0.07755532,0.025484856,252.2751,249.57663,335.4881,-1.2025821,11.176256,0.1562712
2,25,10,0.0069999998,0.032714747,0.015751617,0.012196718,0.0047664135,0.06275272,0.009470918,4.20233,-0.5995808,5.882163,1.6075404,0.12550545,0.018941836,0.11043875,-0.0157572,0.06903922,0.018867772,252.25682,249.54749,334.7635,-1.0079596,11.175147,0.12582688
2,26,10,0.0069999998,0.031158237,0.01499985,0.01145153,0.0047068573,0.061236937,0.008055364,4.0719314,-0.6477514,5.845299,1.5434433,0.12247387,0.016110728,0.107011825,-0.01702314,0.06860654,0.01811546,252.29608,249.67741,335.4419,-0.89569193,11.175147,0.13018942
2,27,10,0.0069999998,0.02947283,0.014439485,0.011115546,0.0039177984,0.060082205,0.0009038361,4.011752,-0.50241214,5.3328857,1.0425602,0.12016441,0.0018076722,0.10543029,-0.013203569,0.06259232,0.012236578,252.31668,249.70451,335.9477,-0.5401481,11.175447,0.078083195
2,28,10,0.0069999998,0.02952649,0.013288785,0.012041918,0.004195787,0.057638496,0.005198577,4.1755767,-0.28179026,5.5188413,0.9681412,0.11527699,0.010397154,0.109735675,-0.00740555,0.06477489,0.01136312,252.29088,249.60738,335.18695,-0.68635094,11.175447,0.08015536
2,29,10,0.0069999998,0.029787619,0.016154509,0.010196651,0.0034364576,0.0635502,0.0011437809,3.8423545,-0.046559855,4.994554,0.22706057,0.1271004,0.0022875618,0.10097847,-0.0012236087,0.058621306,0.002665021,252.3286,249.6662,335.71323,-0.18050072,11.176271,0.102881
2,30,10,0.0069999998,0.029672997,0.014122363,0.012026337,0.0035242983,0.059418775,-0.0025987853,4.1728745,-0.26982448,5.0579853,0.31622508,0.11883755,-0.0051975707,0.109664656,-0.0070910826,0.0593658,0.0037115493,252.37494,249.81248,335.96353,-0.046400607,11.176271,0.11220684
2,31,10,0.0069999998,0.034462012,0.014246039,0.017043145,0.00317283,0.059678387,-0.00026486017,4.9675646,0.13520491,4.799153,-0.438115,0.119356774,-0.00052972033,0.1305494,0.003553234,0.05632788,-0.0051421765,252.37212,249.91698,335.34097,0.3029101,11.176629,0.17058049
2,32,10,0.0069999998,0.033395424,0.015467899,0.014573739,0.0033537846,0.062185004,-0.002099831,4.593611,-0.013265494,4.9341097,-0.40382725,0.12437001,-0.004199662,0.12072174,-0.00034862215,0.05791187,-0.0047397395,252.38843,249.89197,336.09784,0.41709274,11.176629,0.17535888
2,33,10,0.0069999998,0.031057306,0.014062243,0.0137389805,0.003256083,0.059292164,-0.0074868286,4.460114,0.10109411,4.8617086,-0.69294876,0.11858433,-0.014973657,0.1172134,0.0026567888,0.057062097,-0.00813317,252.4035,249.8905,336.51712,0.59185463,11.17576,0.1668656
2,34,10,0.0069999998,0.031505473,0.014784823,0.013352021,0.0033686291,0.06079643,-0.0026760595,4.3968554,0.23965636,4.945018,-0.8023025,0.12159286,-0.005352119,0.11555094,0.0062982542,0.058039892,-0.009416659,252.3863,249.90747,335.82654,0.56264615,11.17576,0.17120863
2,35,10,0.0069999998,0.029903594,0.014175469,0.012514791,0.003213335,0.05953039,-0.0008685158,4.256773,0.508605,4.8296895,-1.0589786,0.11906078,-0.0017370316,0.11186953,0.013366326,0.056686286,-0.012429277,252.42409,250.02863,336.3297,0.55037355,11.173697,0.11348076
2,36,10,0.0069999998,0.027181555,0.013744371,0.010127014,0.0033101707,0.058618195,-0.005551251,3.8292112,0.36658415,4.901923,-0.86315155,0.11723639,-0.011102502,0.10063306,0.009633963,0.057534084,-0.010130849,252.48195,250.24062,336.72565,0.4965674,11.173697,0.11960945
2,37,10,0.0069999998,0.023663769,0.011700297,0.009246583,0.0027168894,0.054083955,0.0011503346,3.658974,0.50611556,4.4409633,-0.9130807,0.10816791,0.0023006692,0.09615915,0.0133008985,0.05212379,-0.010716869,252.50766,250.43684,336.26965,0.40696514,11.171272,0.061062027
2,38,10,0.0069999998,0.025846833,0.012796425,0.01028912,0.0027612878,0.056560643,0.0006064876,3.8597376,0.58308876,4.4771028,-0.91324425,0.113121286,0.0012129752,0.101435296,0.015323786,0.052547958,-0.01071879,252.55457,250.64014,336.96387,0.3301555,11.171272,0.07225947
2,39,10,0.0069999998,0.026506023,0.013249182,0.010591025,0.0026658156,0.057552546,-0.0029843976,3.9159546,0.4016542,4.3990226,-0.66009486,0.11510509,-0.005968795,0.10291271,0.0105556175,0.051631536,-0.0077475645,252.59833,250.75403,337.4828,0.25844064,11.16894,0.10522065
2,40,10,0.0069999998,0.024426509,0.011230918,0.010493075,0.002702516,0.05298801,0.0019511944,3.8978043,0.49180633,4.429201,-0.7040618,0.10597602,0.0039023887,0.10243571,0.012924847,0.05198573,-0.008263605,252.61157,250.86304,336.8956,0.21225548,11.16894,0.08343585
2,41,10,0.0069999998,0.025149995,0.014229689,0.008573617,0.0023466886,0.05964413,0.0035363398,3.5233088,0.33925906,4.127328,-0.71631646,0.11928826,0.0070726797,0.09259383,0.008915853,0.048442632,-0.008407437,252.67163,251.1046,337.4757,0.3770574,11.167003,0.111595385
2,42,10,0.0069999998,0.023582945,0.013008416,0.008087766,0.0024867635,0.05702722,-0.0014525953,3.4220238,0.26488507,4.2487235,-0.56830424,0.11405444,-0.0029051907,0.08993201,0.0069612744,0.04986746,-0.0066702133,252.69179,251.17638,337.74716,0.30341917,11.167003,0.10153535
2,43,10,0.0069999998,0.021641765,0.0111743,0.008482732,0.001984734,0.05285428,0.0033202004,3.5045846,0.18148986,3.7957048,-0.686684,0.10570856,0.0066404007,0.092101745,0.0047696177,0.044550356,-0.008059641,252.67021,251.15509,337.00232,0.5051942,11.165354,0.0782926
2,44,10,0.0069999998,0.024996147,0.013389986,0.009218209,0.0023879516,0.057857554,0.0029741453,3.6533556,0.2443768,4.163456,-0.7682268,0.11571511,0.0059482907,0.096011505,0.0064223097,0.04886667,-0.00901671,252.7007,251.24986,337.53067,0.52385,11.165354,0.0804004
2,45,10,0.0069999998,0.02409734,0.012976175,0.008774801,0.0023463645,0.056956507,-0.002872131,3.5644073,-0.12371142,4.127043,-0.5196591,0.113913015,-0.005744262,0.09367391,-0.003251179,0.048439287,-0.006099261,252.74818,251.40785,338.03867,0.6433705,11.163726,0.06410265
2,46,10,0.0069999998,0.022591434,0.011828604,0.008646197,0.0021166345,0.054379694,0.0010699731,3.5381908,-0.1185551,3.9198022,-0.6222382,0.10875939,0.0021399462,0.09298493,-0.00311567,0.046006896,-0.0073032393,252.79578,251.73532,337.70398,0.74079335,11.163726,0.064869896
2,47,10,0.0069999998,0.022798408,0.012263277,0.008609171,0.00192596,0.05536984,0.0012265161,3.5306067,-0.18743002,3.7390807,-0.6714846,0.11073968,0.0024530322,0.09278562,-0.0049257292,0.04388576,-0.007881246,252.8721,252.02483,338.42984,0.8589146,11.162045,0.07151448
2,48,10,0.0069999998,0.022071773,0.010644379,0.0091536045,0.0022737882,0.0515858,-0.00260936,3.640531,-0.2354401,4.0627136,-0.3066595,0.1031716,-0.00521872,0.09567447,-0.0061874515,0.047684256,-0.003599277,252.93474,252.16722,338.94913,0.5420996,11.162045,0.067669034
2,49,10,0.0069999998,0.02165765,0.009865979,0.009851095,0.0019405736,0.049663816,0.00043077383,3.7766864,-0.08440577,3.7532396,-0.57679695,0.09932763,0.00086154765,0.099252686,-0.0022182136,0.04405194,-0.006769892,252.94867,252.3999,338.3416,0.6612027,11.159944,0.067347445
2,50,10,0.0069999998,0.021390133,0.011104262,0.008319169,0.0019667002,0.052688383,0.0012848297,3.4706323,0.08909104,3.7784207,-0.6705328,0.105376765,0.0025696594,0.09120948,0.0023413484,0.044347495,-0.0078700725,252.98062,252.52419,338.83072,0.58144176,11.159944,0.0681105
2,51,10,0.0069999998,0.02252567,0.012337045,0.008294225,0.0018944009,0.055536125,-0.0047575454,3.4654257,0.091463424,3.7083194,-0.47663632,0.11107225,-0.009515091,0.091072634,0.0024036898,0.043524716,-0.005594301,253.04236,252.73557,339.48935,0.3851729,11.157622,0.08891762
2,52,10,0.0069999998,0.022721948,0.011974571,0.008817398,0.0019299779,0.05471419,-0.00043431044,3.5730484,0.08699637,3.742979,-0.53747463,0.10942838,-0.0008686209,0.093901,0.0022862968,0.043931514,-0.006308365,253.06572,252.89857,339.0323,0.45047826,11.157622,0.076917924
2,53,10,0.0069999998,0.02033523,0.009720817,0.008549235,0.0020651764,0.0492971,0.00011063551,3.5182955,0.083129674,3.8718612,-0.72664726,0.0985942,0.00022127102,0.09246207,0.0021846788,0.045444213,-0.008528694,253.1039,253.00229,339.45108,0.6435176,11.155325,0.07950377
2,54,10,0.0069999998,0.021778706,0.010829102,0.00859481,0.002354794,0.052031487,-0.004432233,3.5276613,-0.00598185,4.1344495,-0.45848516,0.104062974,-0.008864466,0.0927082,-0.00015720334,0.04852622,-0.0053812615,253.12915,253.01817,339.81097,0.46446702,11.155325,0.08973807
2,55,10,0.0069999998,0.019448189,0.0093326615,0.008004039,0.002111489,0.04830285,0.0008140658,3.404264,-0.061472632,3.915035,-0.57571,0.0966057,0.0016281316,0.08946529,-0.0016155207,0.04595094,-0.0067571355,253.09659,252.99301,339.17877,0.63718265,11.153049,0.07873786
2,56,10,0.0069999998,0.020982655,0.010634202,0.008050272,0.0022981812,0.051561132,0.0009951735,3.414082,0.010014871,4.084448,-0.7142068,0.103122264,0.001990347,0.08972331,0.00026319423,0.04793935,-0.008382675,253.06502,252.7711,339.311,0.7041919,11.153049,0.08053093
2,57,10,0.0069999998,0.02029496,0.010103234,0.008035754,0.002155973,0.050257422,-0.0021234117,3.4110024,-0.20734265,3.9560602,-0.3848895,0.100514844,-0.0042468235,0.08964237,-0.005449042,0.046432458,-0.0045174677,253.0767,252.71706,339.4842,0.59223217,11.15066,0.06816348
2,58,10,0.0069999998,0.022333076,0.010368658,0.009678863,0.002285555,0.050913304,0.0019102758,3.7435257,-0.23354417,4.073212,-0.4996776,0.10182661,0.0038205516,0.098381214,-0.0061376262,0.047807477,-0.005864739,253.06136,252.7118,338.793,0.73322177,11.15066,0.07136837
2,59,10,0.0069999998,0.020764159,0.009258581,0.0092043495,0.0023012292,0.04811076,0.0046125115,3.650608,-0.20283294,4.0871553,-0.3630305,0.09622152,0.009225023,0.0959393,-0.005330524,0.04797113,-0.004260905,253.08511,252.78548,339.2825,0.56586343,11.148668,0.056781214
2,60,10,0.0069999998,0.023404997,0.011530577,0.009486291,0.0023881295,0.053690262,-0.0015845346,3.7060978,-0.37714124,4.163611,-0.028828785,0.107380524,-0.0031690693,0.09739759,-0.009911407,0.048868492,-0.00033836474,253.12004,252.9486,339.65826,0.40597004,11.148668,0.06921269
2,61,10,0.0069999998,0.023880705,0.011980979,0.009523139,0.0023765853,0.05472883,0.004653383,3.713289,-0.3705488,4.153535,0.17988814,0.10945766,0.009306766,0.09758657,-0.009738156,0.048750233,0.0021113565,253.10258,252.99643,339.00845,0.19066067,11.147414,0.07562624
2,62,10,0.0069999998,0.02138973,0.009411466,0.009414287,0.0025639762,0.048506357,0.004849915,3.6920059,-0.23845904,4.3141794,0.08303001,0.09701271,0.00969983,0.09702725,-0.00626679,0.05063572,0.0009745257,253.11348,252.93118,339.73105,0.15542904,11.147414,0.076654054
2,63,10,0.0069999998,0.023919808,0.013202058,0.007847713,0.002870037,0.057450105,-3.7758873e-5,3.3708563,-0.41465405,4.5644135,0.50584537,0.11490021,-7.5517746e-5,0.08858732,-0.010897258,0.053572726,0.0059371297,253.12752,252.91068,339.79538,-0.09119132,11.146798,0.08832828
2,64,10,0.0069999998,0.021966374,0.010428506,0.008506392,0.0030314755,0.05106003,0.005301052,3.5094688,-0.41063952,4.6910305,0.44222507,0.10212006,0.010602104,0.092230104,-0.010791757,0.055058837,0.0051904162,253.1189,252.88719,339.01895,-0.031585544,11.146798,0.08900478
2,65,10,0.0069999998,0.020282865,0.009518362,0.007933011,0.0028314926,0.048781045,0.006287417,3.3891258,-0.19619027,4.5336595,0.36056566,0.09756209,0.012574834,0.08906745,-0.005155953,0.05321177,0.004231973,253.14267,252.87299,339.2986,-0.1643754,11.146933,0.08059629
2,66,10,0.0069999998,0.022444101,0.010104348,0.008914991,0.0034247614,0.050260194,0.0014770202,3.5927677,-0.3233523,4.986047,0.63550884,0.10052039,0.0029540404,0.09441923,-0.008497816,0.05852146,0.007458995,253.15956,252.8477,339.51862,-0.31215653,11.146933,0.08705379
2,67,10,0.0069999998,0.023540342,0.009838605,0.010555231,0.0031465057,0.04959487,0.0051025194,3.9093316,-0.17481962,4.779203,0.47794747,0.09918974,0.010205039,0.102738656,-0.004594323,0.056093723,0.0056096907,253.13966,252.80035,338.7978,-0.30312786,11.147962,0.060695376
2,68,10,0.0069999998,0.02050345,0.009170078,0.008462937,0.002870437,0.047880262,0.005153132,3.5004926,-0.07514235,4.564731,0.31613636,0.095760524,0.010306264,0.09199422,-0.0019747687,0.05357646,0.0037105035,253.19867,252.97873,339.07718,-0.240994,11.147962,0.055976152
2,69,10,0.0069999998,0.024275864,0.013685863,0.0075092735,0.0030807268,0.058493298,-0.0007158973,3.2973697,-0.035387956,4.728984,0.47375572,0.116986595,-0.0014317946,0.086656064,-0.00093000854,0.055504296,0.0055604964,253.3119,253.49535,339.89117,-0.43836775,11.149777,0.060754374
2,70,10,0.0069999998,0.02119273,0.009948768,0.007898629,0.003345333,0.049871754,0.0053304806,3.381774,0.13858329,4.9278884,0.47486737,0.09974351,0.010660961,0.08887423,0.0036420187,0.057838853,0.005573542,253.36438,253.79155,339.6335,-0.61345065,11.149777,0.044885915
2,71,10,0.0069999998,0.022688633,0.011577181,0.008046657,0.0030647952,0.053798653,0.0038796333,3.4133155,0.25762555,4.7167397,0.20220065,0.10759731,0.0077592665,0.08970316,0.006770492,0.055360593,0.0023732397,253.40556,253.92426,339.8886,-0.4598262,11.152213,0.044537384
2,72,10,0.0069999998,0.023015037,0.01129785,0.008354756,0.0033624314,0.053145673,0.0012640135,3.478048,0.19147076,4.9404664,0.38505253,0.106291346,0.002528027,0.091404356,0.005031921,0.057986476,0.004519376,253.46263,254.11395,340.15143,-0.5765233,11.152213,0.05569978
2,73,10,0.0069999998,0.022759534,0.011005397,0.008863736,0.0028904004,0.052453306,0.0032593224,3.5824246,0.17416851,4.5805774,0.17898032,0.10490661,0.0065186447,0.094147414,0.0045772106,0.053762443,0.002100698,253.46687,254.13242,339.57245,-0.35314882,11.15512,0.05091612
2,74,10,0.0069999998,0.022081507,0.010812513,0.008360907,0.002908086,0.051991615,0.00312004,3.479328,0.2778027,4.59457,0.18929915,0.10398323,0.00624008,0.091437995,0.007300755,0.053926673,0.002221811,253.512,254.29178,340.2055,-0.46710187,11.15512,0.052106183
2,75,10,0.0069999998,0.019851387,0.0099460175,0.0069903242,0.002915045,0.049864862,-0.0019336488,3.1813931,0.21804516,4.600064,0.3656118,0.099729724,-0.0038672977,0.08360816,0.005730306,0.053991158,0.0042912043,253.5407,254.39087,340.73083,-0.58365697,11.157794,0.050797496
2,76,10,0.0069999998,0.022895055,0.012424617,0.007274112,0.0031963245,0.055732884,0.0021057862,3.2453287,0.26043114,4.816889,0.24403466,0.11146577,0.0042115725,0.085288405,0.0068442263,0.056536045,0.0028642477,253.50432,254.36057,340.1137,-0.5044658,11.157794,0.05766706
2,77,10,0.0069999998,0.019171167,0.008992309,0.007460101,0.0027187588,0.047413893,0.0008648203,3.286556,0.47753114,4.4424915,-0.042046443,0.094827786,0.0017296406,0.08637188,0.012549689,0.05214172,-0.0004935012,253.48753,254.21957,340.41565,-0.4354847,11.159743,0.057731844
2,78,10,0.0069999998,0.02077332,0.010781917,0.0071864408,0.0028049636,0.051918004,-0.0034025817,3.2257123,0.32727543,4.5123706,0.24062586,0.10383601,-0.0068051633,0.08477288,0.008600917,0.05296191,0.0028242348,253.48051,254.1235,340.51807,-0.56790125,11.159743,0.053293172
2,79,10,0.0069999998,0.021575388,0.010993715,0.0078917,0.0026899732,0.05242546,0.0009859803,3.3802896,0.41378736,4.4189105,-0.025603516,0.10485092,0.0019719605,0.08883524,0.010874481,0.05186495,-0.00030051096,253.42183,253.9053,339.58136,-0.38818386,11.160755,0.04921774
2,80,10,0.0069999998,0.023468286,0.0113301305,0.009035641,0.003102515,0.053221542,0.00060214463,3.6169975,0.47326148,4.7456765,-0.019280905,0.106443085,0.0012042893,0.09505599,0.012437482,0.055700224,-0.00022630137,253.43361,253.84236,339.8714,-0.45398057,11.160755,0.051993523
2,81,10,0.0069999998,0.021536449,0.010646634,0.007492339,0.0033974762,0.051591262,-0.0019605348,3.2936494,0.16745481,4.966145,0.24355713,0.103182524,-0.0039210697,0.0865583,0.004400773,0.058287874,0.00285864,253.51006,254.09206,340.50806,-0.41101193,11.160694,0.05262459
2,82,10,0.0069999998,0.021009702,0.010158551,0.007509556,0.0033415956,0.05039482,0.0019269951,3.2974317,0.13214518,4.925135,0.077439204,0.10078964,0.0038539902,0.086657695,0.0034728213,0.057806537,0.0009089076,253.54715,254.30724,340.07822,-0.20958439,11.160694,0.050515708
2,83,10,0.0069999998,0.020196624,0.010057216,0.007310783,0.0028286253,0.050142836,0.0021107234,3.2534983,0.3672921,4.5313635,-0.23299778,0.10028567,0.004221447,0.085503116,0.009652568,0.053184822,-0.0027347044,253.61423,254.5898,340.64734,-0.13429433,11.160008,0.050039217
2,84,10,0.0069999998,0.021759242,0.011399071,0.006803244,0.0035569277,0.053383216,-0.0019925435,3.1385329,0.15264338,5.081346,0.11668084,0.10676643,-0.003985087,0.08248178,0.0040115234,0.059639983,0.001369489,253.63148,254.599,340.98004,-0.2693242,11.160008,0.054420557
2,85,10,0.0069999998,0.021197725,0.009859027,0.007616148,0.0037225496,0.049646318,0.0030962701,3.3207514,0.1422386,5.1983013,-0.12399604,0.099292636,0.0061925403,0.08727054,0.003738083,0.0610127,-0.0014553516,253.59174,254.43427,340.06412,-0.01824256,11.159192,0.048149206
2,86,10,0.0069999998,0.021177307,0.010605303,0.0072480566,0.0033239485,0.051491026,0.004665511,3.239511,0.31361508,4.912113,-0.20067813,0.10298205,0.009331022,0.08513552,0.00824192,0.057653695,-0.0023553697,253.60043,254.39368,340.11237,-0.11293696,11.159192,0.057072688
2,87,10,0.0069999998,0.021603372,0.0125441095,0.0060027214,0.0030565406,0.056000244,-0.0013435318,2.9481037,0.08344871,4.7103834,-0.09178878,0.11200049,-0.0026870635,0.07747723,0.0021930644,0.05528599,-0.0010773287,253.61801,254.41698,340.4094,0.008340076,11.158861,0.056735087
2,88,10,0.0069999998,0.02064872,0.010267816,0.007149942,0.0032309613,0.050665114,0.002395435,3.2175102,0.08939583,4.842918,-0.19525647,0.10133023,0.00479087,0.08455733,0.0023493555,0.056841545,-0.002291733,253.5784,254.35114,339.71912,0.10586064,11.158861,0.051783435
2,89,10,0.0069999998,0.019412622,0.009355725,0.0071246927,0.002932204,0.048362497,0.0021874453,3.2118242,0.035149373,4.613583,-0.41407728,0.096724994,0.0043748906,0.084407896,0.00092374074,0.05414983,-0.004860045,253.55197,254.16458,339.78378,0.37892792,11.159296,0.057415094
2,90,10,0.0069999998,0.020815413,0.010572987,0.0070192167,0.0032232115,0.051412515,-0.0013298978,3.1879606,-0.20438828,4.837106,-0.15553114,0.10282503,-0.0026597956,0.083780766,-0.0053713974,0.056773335,-0.0018254741,253.52896,254.01756,340.00095,0.35991943,11.159296,0.0676874
2,91,10,0.0069999998,0.021310953,0.011362507,0.0066247666,0.0033236805,0.05329753,0.00207357,3.0970907,-0.26954764,4.911915,-0.29788157,0.10659506,0.00414714,0.08139267,-0.007083808,0.05765137,-0.003496249,253.50525,253.99617,339.47885,0.5674292,11.16041,0.07252715
2,92,10,0.0069999998,0.019604672,0.009740745,0.006591442,0.003272484,0.049347606,0.002157028,3.0892916,-0.18637459,4.8739376,-0.3584392,0.09869521,0.004314056,0.081187695,-0.0048979917,0.05720563,-0.004207017,253.56073,254.13425,339.96347,0.5448138,11.16041,0.07349615
2,93,10,0.0069999998,0.020482842,0.011963825,0.0058659245,0.0026530912,0.054689635,-0.002348047,2.9143178,-0.4006078,4.388512,-0.20906638,0.10937927,-0.004696094,0.07658932,-0.0105281165,0.051508166,-0.0024538229,253.64201,254.52588,340.55872,0.60967416,11.161972,0.05631832
2,94,10,0.0069999998,0.019452335,0.0106657185,0.006246161,0.0025404566,0.051637482,0.00128488,3.0072896,-0.43093854,4.2943463,-0.2666819,0.103274964,0.00256976,0.07903266,-0.011325217,0.050402943,-0.0031300571,253.65584,254.68521,340.19812,0.69762045,11.161972,0.06282676
2,95,10,0.0069999998,0.018203262,0.009796772,0.0061804405,0.0022260495,0.049489323,0.0024048653,2.9914272,0.066798046,4.019839,-0.43642908,0.098978646,0.0048097307,0.07861578,0.0017554781,0.04718103,-0.005122388,253.6974,254.83339,340.67838,0.36963105,11.164162,0.036940992
2,96,10,0.0069999998,0.019406002,0.0115305465,0.0053025973,0.0025728587,0.05369019,-1.5213596e-5,2.7708497,-0.060080267,4.321646,-0.05857221,0.10738038,-3.0427193e-5,0.072818935,-0.0015789312,0.050723355,-0.0006874649,253.7021,254.76065,340.8797,0.11865248,11.164162,0.0448297
2,97,10,0.0069999998,0.020137738,0.01134271,0.006199726,0.002595301,0.05325108,0.0022166774,2.9960907,0.19955988,4.340453,-0.31772128,0.10650216,0.004433355,0.07873834,0.0052445056,0.050944097,-0.0037291073,253.66876,254.6699,340.28137,0.118161395,11.16692,0.04129392
2,98,10,0.0069999998,0.018818133,0.010073833,0.0062839347,0.0024603645,0.050184242,0.0012502263,3.0163693,0.35332873,4.226112,-0.48270485,0.100368485,0.0025004526,0.07927127,0.009285606,0.04960206,-0.0056655277,253.70079,254.7385,340.5809,0.12937611,11.16692,0.04401953
2,99,10,0.0069999998,0.017548494,0.009761682,0.005755774,0.0020310383,0.049400613,-0.0015124838,2.8868256,0.26612917,3.839726,-0.5024272,0.098801225,-0.0030249676,0.07586682,0.0069939685,0.045067042,-0.0058970107,253.72261,254.84114,340.70285,0.23629805,11.1697645,0.060080778
2,100,10,0.0069999998,0.019871557,0.011027578,0.006615752,0.002228226,0.052506138,0.0009769253,3.0949833,0.27946165,4.021803,-0.52143985,0.105012275,0.0019538505,0.08133727,0.0073443563,0.04720409,-0.006120164,253.6745,254.70213,339.89062,0.2419782,11.1697645,0.05096975
3,1,10,0.0048999996,0.025750931,0.013324877,0.009377932,0.0030481222,0.057716716,0.0023204174,3.6848707,-0.3240164,4.7038927,0.6654779,0.11543343,0.004640835,0.096839726,-0.008515273,0.0552098,0.0078107454,253.85855,255.33807,342.04742,-0.34146148,11.172556,0.11003281
3,2,10,0.0048999996,0.026037956,0.014672872,0.008950252,0.0024148321,0.060565814,0.0009814592,3.5998662,0.04686791,4.186824,0.35890532,0.12113163,0.0019629183,0.09460577,0.0012317041,0.04914094,0.004212489,253.80159,255.06902,342.0885,-0.40577322,11.172556,0.1094465
3,3,10,0.0048999996,0.02246866,0.011545863,0.008510198,0.002412598,0.05372584,-0.0022095167,3.5102537,-0.054994218,4.1848865,0.41803584,0.10745168,-0.0044190334,0.092250735,-0.0014452646,0.049118206,0.004906506,253.71303,254.55504,341.8879,-0.3630416,11.17333,0.11087234
3,4,10,0.0048999996,0.022840515,0.011444495,0.008923416,0.002472603,0.053489473,0.0018579565,3.5944645,-0.09363409,4.23661,0.08056864,0.106978945,0.003715913,0.09446383,-0.0024607398,0.049725275,0.0009456367,253.57932,254.07188,340.37338,0.01306545,11.17333,0.11101516
3,5,10,0.0048999996,0.023761928,0.0110719865,0.009812244,0.0028776973,0.052611753,0.00011601495,3.769232,0.087381154,4.5705004,-0.26005083,0.10522351,0.0002320299,0.09905677,0.0022964044,0.053644173,-0.0030522286,253.51993,253.7725,340.47064,0.17266968,11.172502,0.097293526
3,6,10,0.0048999996,0.025559638,0.0137797715,0.00930713,0.0024727369,0.058693636,-0.0033437407,3.670934,-0.23165531,4.236724,-0.12971297,0.11738727,-0.0066874814,0.09647347,-0.0060879835,0.04972662,-0.0015224459,253.50975,253.71101,340.59967,0.3613683,11.172502,0.11211008
3,7,10,0.0048999996,0.02332132,0.012462541,0.008317956,0.0025408224,0.055817876,0.0005443638,3.4703794,-0.1293514,4.294656,-0.37056023,0.11163575,0.0010887276,0.091202825,-0.0033993986,0.05040657,-0.0043492825,253.48619,253.70284,340.0035,0.49991164,11.170508,0.099073805
3,8,10,0.0048999996,0.022003703,0.010446712,0.008701545,0.002855446,0.05110458,0.00064529537,3.5494974,0.040600788,4.552796,-0.576815,0.10220916,0.0012905907,0.093282074,0.0010670014,0.053436372,-0.0067701032,253.50252,253.68643,340.68323,0.53621423,11.170508,0.092313945
3,9,10,0.0048999996,0.020854406,0.011371622,0.0072502363,0.0022325478,0.053318903,-0.0025144895,3.239998,-0.12612757,4.0257015,-0.2978393,0.106637806,-0.005028979,0.08514832,-0.0033146793,0.047249846,-0.0034957547,253.50659,253.63718,340.7845,0.42396688,11.167701,0.07016174
3,10,10,0.0048999996,0.0199691,0.01114425,0.006592514,0.002232338,0.052783165,0.0020076395,3.0895424,0.023671854,4.025513,-0.46789673,0.10556633,0.004015279,0.0811943,0.0006221045,0.047247626,-0.005491724,253.47427,253.50345,339.97006,0.44422486,11.167701,0.06583163
3,11,10,0.0048999996,0.019104183,0.008727294,0.0076234606,0.002753428,0.046709996,0.0028687995,3.3223455,0.30340183,4.4707265,-0.60833865,0.09341999,0.005737599,0.08731243,0.00797351,0.052473117,-0.0071400977,253.51877,253.64925,340.28247,0.30493683,11.164982,0.06089805
3,12,10,0.0048999996,0.020241782,0.010694577,0.0069320453,0.0026151584,0.051707294,-0.0008415634,3.1681032,0.10911508,4.3570266,-0.4542723,0.10341459,-0.0016831268,0.083258905,0.0028675818,0.05113862,-0.005331814,253.59996,254.01227,340.70694,0.3451572,11.164982,0.07207188
3,13,10,0.0048999996,0.018479677,0.010767265,0.0055660065,0.0021464059,0.051882718,0.0045248494,2.8388374,0.2839738,3.9472725,-0.40551051,0.103765436,0.009049699,0.07460567,0.0074629346,0.04632932,-0.004759495,253.6261,254.23418,340.45316,0.1215367,11.162644,0.052768495
3,14,10,0.0048999996,0.0191144,0.010799917,0.00617373,0.002140751,0.051961325,0.0037418206,2.9898024,0.5416605,3.9420698,-0.525837,0.10392265,0.007483641,0.078573085,0.014235035,0.04626825,-0.006171773,253.62767,254.23161,340.92496,-0.015823483,11.162644,0.06325192
3,15,10,0.0048999996,0.016519567,0.009401401,0.005414131,0.0017040358,0.04848041,0.0010023254,2.799839,0.31512436,3.5170662,-0.33140674,0.09696082,0.002004651,0.07358078,0.008281581,0.041279968,-0.0038897367,253.5739,253.98766,340.99295,0.01628238,11.160721,0.06978755
3,16,10,0.0048999996,0.016600711,0.009607157,0.005315294,0.0016782609,0.049008053,0.0038761054,2.7741652,0.33579823,3.4903655,-0.52323914,0.098016106,0.007752211,0.07290606,0.0088249,0.04096658,-0.0061412826,253.49854,253.73709,340.16327,0.1874409,11.160721,0.07067248
3,17,10,0.0048999996,0.01703879,0.01025803,0.0050204606,0.0017603,0.050640967,0.0032456175,2.6961274,0.41894746,3.5746584,-0.58154064,0.10128193,0.006491235,0.07085521,0.011010091,0.04195593,-0.006825569,253.45432,253.43826,340.49582,0.16259319,11.159071,0.08090518
3,18,10,0.0048999996,0.016855787,0.010647681,0.004600421,0.0016076871,0.0515938,0.00039282918,2.580878,0.26824573,3.4161897,-0.65089303,0.1031876,0.00078565837,0.067826405,0.007049594,0.040095974,-0.0076395604,253.37251,253.01077,340.24768,0.3826473,11.159071,0.07264845
3,19,10,0.0048999996,0.018496448,0.012270817,0.0046755094,0.001550121,0.05538686,0.0034752723,2.6018553,0.17993364,3.3544705,-0.8979016,0.11077372,0.0069505447,0.068377696,0.0047287205,0.039371576,-0.010538713,253.29073,252.74692,339.0939,0.717968,11.157396,0.075858854
3,20,10,0.0048999996,0.015036618,0.008307201,0.004646229,0.0020831877,0.045571923,0.0030956122,2.5936954,0.3760376,3.8887086,-1.0133588,0.09114385,0.0061912243,0.06816325,0.009882405,0.04564195,-0.01189384,253.29097,252.69974,339.43552,0.63732123,11.157396,0.074796356
3,21,10,0.0048999996,0.014384143,0.007651481,0.0047687967,0.001963865,0.043736372,-3.8875343e-5,2.6276839,0.059441905,3.7756956,-0.8335148,0.087472744,-7.775069e-5,0.06905647,0.001562154,0.044315517,-0.009783,253.26288,252.56593,339.48572,0.7740729,11.15532,0.06413626
3,22,10,0.0048999996,0.014596473,0.008316608,0.0044646678,0.0018151979,0.04559772,0.003963775,2.5425134,0.16087078,3.629971,-1.0879648,0.09119544,0.00792755,0.06681817,0.004227741,0.04260514,-0.0127694905,253.1937,252.32846,338.62067,0.927094,11.15532,0.05847912
3,23,10,0.0048999996,0.01445654,0.0081935655,0.0043075997,0.0019553746,0.04525916,0.0023949074,2.4973898,0.21307285,3.7675254,-1.0572243,0.09051832,0.004789815,0.065632306,0.005599631,0.044219617,-0.012408692,253.18541,252.24187,338.98737,0.84415144,11.152961,0.045072287
3,24,10,0.0048999996,0.014326967,0.007939095,0.0044616107,0.0019262624,0.0445508,7.621269e-5,2.5416427,0.03407449,3.7393742,-0.9439234,0.0891016,0.00015242537,0.06679529,0.0008954913,0.043889206,-0.011078873,253.16357,252.09766,339.06424,0.9098489,11.152961,0.04942937
3,25,10,0.0048999996,0.013228883,0.00712837,0.0042972644,0.0018032485,0.042214837,0.0028282572,2.494392,0.024178728,3.6180036,-0.9989154,0.084429674,0.0056565143,0.06555352,0.0006354255,0.042464674,-0.011724316,253.09564,251.87654,338.179,0.97473663,11.150324,0.041040514
3,26,10,0.0048999996,0.014653514,0.007966101,0.0042987084,0.0023887046,0.044626508,0.002482142,2.4948108,0.09394543,4.1641126,-1.2185324,0.089253016,0.004964284,0.065564536,0.0024689191,0.048874374,-0.0143019715,253.06416,251.72136,338.2684,1.124587,11.150324,0.04560804
3,27,10,0.0048999996,0.014044709,0.0075806146,0.0041106516,0.0023534421,0.043533362,0.00020504653,2.43963,-0.20436293,4.1332626,-0.9313598,0.087066725,0.00041009305,0.06411436,-0.0053707315,0.048512287,-0.010931413,253.05498,251.64816,338.366,1.1357228,11.147121,0.05639197
3,28,10,0.0048999996,0.015936123,0.009422494,0.00396363,0.0025499992,0.048534766,0.0041758316,2.3956053,-0.12235282,4.3024044,-1.0776787,0.09706953,0.008351663,0.06295737,-0.0032154766,0.050497517,-0.01264876,253.02975,251.64224,337.67648,1.2000315,11.147121,0.059079163
3,29,10,0.0048999996,0.01495802,0.008101323,0.0042566606,0.002600036,0.045003675,0.00296246,2.4825797,0.07042338,4.344411,-0.8809209,0.09000735,0.00592492,0.06524309,0.0018507513,0.050990548,-0.010339409,253.03227,251.63368,338.2388,0.8104975,11.143458,0.0589049
3,30,10,0.0048999996,0.014681927,0.0075377547,0.0045020715,0.0026421007,0.043410122,0.0008389058,2.5531416,-0.082305215,4.379413,-0.7401158,0.086820245,0.0016778116,0.06709748,-0.0021630104,0.05140137,-0.008686775,253.01472,251.51839,338.3608,0.822421,11.143458,0.05928615
3,31,10,0.0048999996,0.015767492,0.009323109,0.0043302495,0.002114133,0.048278123,0.0044921055,2.503947,-0.104824334,3.917485,-0.5591761,0.09655625,0.008984211,0.06580463,-0.0027548226,0.0459797,-0.006563079,252.97356,251.33798,337.60013,0.6640004,11.139203,0.06005234
3,32,10,0.0048999996,0.01371231,0.007214084,0.004363643,0.0021345827,0.04246788,0.0030165103,2.5135832,-0.072346814,3.9363859,-0.68481755,0.08493576,0.0060330206,0.066057876,-0.0019013033,0.046201546,-0.008037738,252.97285,251.27106,337.7156,0.75716436,11.139203,0.0658989
3,33,10,0.0048999996,0.011567131,0.006106573,0.0036375993,0.0018229575,0.039072283,0.0017818414,2.2949653,-0.29498446,3.637722,-0.52606654,0.078144565,0.0035636828,0.060312513,-0.007752298,0.042696107,-0.006174465,252.95146,251.17598,337.58972,0.821051,11.1345005,0.05617004
3,34,10,0.0048999996,0.015176452,0.009179264,0.0037723915,0.0022247962,0.047904238,0.005185709,2.3370984,-0.24761708,4.018707,-0.7547825,0.095808476,0.010371418,0.061419796,-0.0065074665,0.047167744,-0.008858918,252.88416,251.00351,336.51392,1.0023996,11.1345005,0.059747975
3,35,10,0.0048999996,0.014597625,0.007688984,0.0044000484,0.0025085923,0.043843426,0.0039447253,2.524047,-0.008835089,4.26733,-0.5970656,0.08768685,0.0078894505,0.06633286,-0.0002321908,0.05008585,-0.007007784,252.85945,250.76567,336.63736,0.6059007,11.129566,0.04768879
3,36,10,0.0048999996,0.015251089,0.0077381525,0.004806193,0.0027067433,0.043983385,0.0016245779,2.6379664,-0.23258957,4.4326634,-0.498953,0.08796677,0.0032491558,0.06932671,-0.006112539,0.052026372,-0.005856232,252.86215,250.71428,336.7779,0.7315426,11.129566,0.06431291
3,37,10,0.0048999996,0.014673728,0.007791013,0.0046020434,0.0022806711,0.044133358,0.004665504,2.5813332,-0.100770295,4.068858,-0.25748715,0.088266715,0.009331008,0.06783836,-0.0026482788,0.047756374,-0.0030221366,252.86679,250.83392,336.3688,0.35825744,11.124393,0.038831092
3,38,10,0.0048999996,0.013995857,0.0069902753,0.0044090836,0.0025964987,0.041803934,0.0035473953,2.526637,0.09470286,4.3414545,-0.30474907,0.08360787,0.0070947907,0.06640093,0.0024888269,0.05095585,-0.003576855,252.88171,250.87105,336.89963,0.2100462,11.124393,0.045021936
3,39,10,0.0048999996,0.014022141,0.0071866214,0.004394817,0.0024407022,0.04238697,0.00048403788,2.5225463,0.11394373,4.2091904,-0.16342326,0.08477394,0.00096807576,0.06629342,0.0029944826,0.049403463,-0.0019181052,252.82208,250.61887,336.75818,0.04947952,11.119354,0.052738354
3,40,10,0.0048999996,0.01704352,0.00960031,0.0046413885,0.0028018213,0.048990585,0.0046608886,2.5923438,0.10529614,4.509843,-0.39660951,0.09798117,0.009321777,0.06812774,0.0027672215,0.052932233,-0.004655022,252.71277,250.19678,335.56802,0.29131338,11.119354,0.06724902
3,41,10,0.0048999996,0.015453486,0.00870124,0.0041030967,0.0026491492,0.046640217,0.0033588007,2.4373872,0.19093746,4.3852506,-0.33115843,0.093280435,0.0067176013,0.06405542,0.005017905,0.051469885,-0.0038868212,252.68797,250.03941,335.6239,0.14022097,11.114299,0.061721224
3,42,10,0.0048999996,0.015818762,0.008846698,0.004140109,0.0028319545,0.047028445,0.0012092211,2.4483554,0.07679851,4.53403,-0.35205132,0.09405689,0.0024184422,0.064343676,0.0020182922,0.05321611,-0.004132043,252.65373,249.89667,335.56683,0.27525282,11.114299,0.07669058
3,43,10,0.0048999996,0.015986294,0.009268605,0.004294815,0.002422872,0.048136797,0.0046518585,2.4936812,0.1389371,4.1937876,-0.19016597,0.09627359,0.009303717,0.06553484,0.003651316,0.049222678,-0.0022319844,252.62013,249.84,335.01184,0.051228866,11.109026,0.055531397
3,44,10,0.0048999996,0.014778046,0.008010333,0.004050979,0.002716733,0.044750232,0.003232727,2.4218576,0.15624674,4.4408355,-0.24685492,0.089500464,0.006465454,0.0636473,0.00410622,0.052122287,-0.0028973487,252.63324,249.90321,335.4496,0.09060818,11.109026,0.045664538
3,45,10,0.0048999996,0.015708337,0.009263639,0.003758644,0.0026860535,0.0481239,0.002381493,2.3328362,-0.05101298,4.41569,0.056952506,0.0962478,0.004762986,0.06130778,-0.0013406406,0.05182715,0.00066845346,252.62912,249.84195,335.6471,-0.0059395246,11.10371,0.053828865
3,46,10,0.0048999996,0.01795882,0.010168389,0.00483298,0.0029574502,0.050419215,0.0052656857,2.6453075,-0.033172067,4.6334014,0.06171718,0.10083843,0.010531371,0.06951964,-0.0008717745,0.054382443,0.00072437705,252.61092,249.71584,335.0917,-0.028545111,11.10371,0.061675258
3,47,10,0.0048999996,0.018038383,0.010760163,0.0045191497,0.00275907,0.051865604,0.004440578,2.557979,0.08769985,4.4753046,0.272671,0.10373121,0.008881156,0.06722462,0.0023047845,0.05252685,0.0032003515,252.64954,249.84348,335.62878,-0.36037087,11.098891,0.08442777
3,48,10,0.0048999996,0.01546474,0.00816242,0.004500711,0.0028016083,0.045173056,0.0028308856,2.5527554,-0.040647063,4.5096717,0.28597692,0.09034611,0.005661771,0.06708734,-0.0010682188,0.05293022,0.0033565236,252.62119,249.83327,335.5236,-0.24532986,11.098891,0.087514795
3,49,10,0.0048999996,0.01669891,0.009475213,0.004730519,0.002493179,0.04867035,0.0050462405,2.6171167,-0.053624123,4.2541995,0.22801617,0.0973407,0.010092481,0.06877877,-0.0014092634,0.049931742,0.002676234,252.55386,249.63286,334.442,-0.17439204,11.094481,0.06590982
3,50,10,0.0048999996,0.018910645,0.010865408,0.005213176,0.0028320602,0.052118633,0.0044432716,2.747387,0.07593101,4.5341144,0.21069282,0.104237266,0.008886543,0.072202325,0.0019954937,0.053217106,0.0024729124,252.54828,249.5666,334.7128,-0.28662384,11.094481,0.071226485
3,51,10,0.0048999996,0.015177112,0.0074456674,0.0050119585,0.0027194857,0.04314414,0.00040123033,2.693844,0.06237377,4.443085,0.26180428,0.08628828,0.00080246065,0.070795186,0.0016392039,0.05214869,0.0030728085,252.564,249.64067,334.95264,-0.32417804,11.090288,0.04544082
3,52,10,0.0048999996,0.018481309,0.009734259,0.00574854,0.0029985092,0.049331173,0.0024155143,2.8850107,0.18579437,4.6654544,0.17449057,0.09866235,0.0048310286,0.07581913,0.004882744,0.054758646,0.0020480047,252.5664,249.70387,334.36084,-0.36028492,11.090288,0.048219047
3,53,10,0.0048999996,0.01840697,0.010338766,0.00543755,0.0026306547,0.05083986,0.0001160814,2.8058875,0.40428016,4.3699164,0.13905497,0.10167972,0.0002321628,0.073739745,0.010624629,0.05128991,0.0016320944,252.6048,249.85709,334.93698,-0.54333514,11.086124,0.052753054
3,54,10,0.0048999996,0.017322691,0.008784518,0.0053620585,0.0031761148,0.046862878,-0.0011645114,2.7863421,0.058072563,4.8016367,0.17668538,0.093725756,-0.0023290229,0.07322608,0.0015261715,0.05635703,0.002073761,252.60054,249.92131,334.9207,-0.23475794,11.086124,0.06479767
3,55,10,0.0048999996,0.020857293,0.011136223,0.0060749445,0.003646125,0.05276415,-0.00037035518,2.9657862,0.11692928,5.144664,0.08669604,0.1055283,-0.00074071035,0.07794193,0.0030729452,0.060383152,0.0010175572,252.54633,249.74765,333.9865,-0.20362532,11.08203,0.08927842
3,56,10,0.0048999996,0.023777375,0.0124810375,0.0068486873,0.00444765,0.055859283,-0.0013962374,3.1489978,0.015174201,5.6820693,0.008779044,0.111718565,-0.0027924748,0.082756795,0.00039878426,0.066690706,0.00010304138,252.57066,249.77127,334.36002,-0.023953244,11.08203,0.10340959
3,57,10,0.0048999996,0.02125891,0.01020056,0.006856527,0.0042018215,0.05049891,-0.0039304215,3.1507995,-0.11010447,5.5228095,0.071325205,0.10099782,-0.007860843,0.08280415,-0.0028935845,0.06482146,0.00083714543,252.5858,249.90329,334.6074,0.038779266,11.077834,0.08825018
3,58,10,0.0048999996,0.021758081,0.011355936,0.006493034,0.0039091134,0.053282116,-0.00084942987,3.0661435,0.054558694,5.3269715,0.032136936,0.10656423,-0.0016988597,0.08057936,0.0014338205,0.0625229,0.00037719385,252.53258,249.77386,334.0045,-0.08669563,11.077834,0.0755634
3,59,10,0.0048999996,0.018219057,0.010343766,0.004900532,0.0029747596,0.050852153,-0.0012354769,2.6637306,0.16779678,4.646941,0.042898543,0.10170431,-0.0024709539,0.0700038,0.00440976,0.054541357,0.0005035003,252.50339,249.51642,334.30133,-0.21069533,11.073561,0.040087987
3,60,10,0.0048999996,0.01739801,0.009704572,0.0048067872,0.002886649,0.049255893,-0.0026208698,2.6381295,0.046963375,4.5776043,0.10553757,0.098511785,-0.0052417396,0.069331,0.0012342148,0.053727545,0.0012387001,252.50916,249.51453,334.44446,-0.15250094,11.073561,0.044945583
3,61,10,0.0048999996,0.020631386,0.012787301,0.0053691985,0.0024748868,0.056540474,-0.0003519785,2.7881966,0.12598868,4.2385654,0.05875867,0.11308095,-0.000703957,0.07327481,0.0033110278,0.049748234,0.0006896546,252.47163,249.4489,333.84875,-0.18474734,11.069351,0.05031705
3,62,10,0.0048999996,0.018021706,0.010821445,0.0046900194,0.0025102429,0.052013088,-0.0011142499,2.6058896,0.16797593,4.2687335,0.05048378,0.104026176,-0.0022284999,0.06848372,0.0044144695,0.050102323,0.00059253036,252.43872,249.27545,334.285,-0.21845971,11.069351,0.06260399
3,63,10,0.0048999996,0.015338507,0.008826633,0.0042958697,0.002216004,0.04697508,-0.0017401814,2.493987,-0.12532249,4.010758,-0.008946352,0.09395016,-0.0034803627,0.065542884,-0.0032935203,0.047074452,-0.00010500412,252.36604,248.97574,334.1953,0.13426885,11.065264,0.07060442
3,64,10,0.0048999996,0.018278,0.010416751,0.0053345696,0.0025266798,0.051031243,0.0002162136,2.779191,-0.011025881,4.282687,-0.14574187,0.102062486,0.0004324272,0.07303814,-0.00028976408,0.05026609,-0.0017105774,252.27167,248.67038,333.19424,0.15676774,11.065264,0.07859268
3,65,10,0.0048999996,0.018182652,0.010634258,0.0052090245,0.0023393682,0.05156127,-0.00031591507,2.7462933,0.13339104,4.120885,-0.1010857,0.10312254,-0.00063183013,0.07217357,0.0035055643,0.048367016,-0.0011864449,252.25375,248.56439,333.44904,-0.032305337,11.061077,0.07181148
3,66,10,0.0048999996,0.01607222,0.00836381,0.0047751376,0.0029332708,0.045726936,-0.0014024413,2.62943,-0.1316292,4.6144214,0.021720732,0.09145387,-0.0028048826,0.06910237,-0.0034592638,0.05415968,0.0002549381,252.27318,248.67645,333.35532,0.10990847,11.061077,0.07269435
3,67,10,0.0048999996,0.017316982,0.009823607,0.004672758,0.002820616,0.049557056,0.000947451,2.6010892,0.085578166,4.5249434,-0.15769511,0.09911411,0.001894902,0.06835757,0.0022490248,0.05310947,-0.00185087,252.28177,248.83212,332.95636,0.07211695,11.056873,0.04733946
3,68,10,0.0048999996,0.019373402,0.010996867,0.0053482843,0.0030282522,0.052432973,-0.0001625129,2.7827609,0.22441633,4.688535,-0.30563062,0.104865946,-0.0003250258,0.07313196,0.005897742,0.055029556,-0.0035872045,252.29169,248.94524,333.35077,0.081214294,11.056873,0.059599347
3,69,10,0.0048999996,0.017362626,0.009744447,0.004656348,0.0029618319,0.049356982,-0.0024848494,2.5965183,0.10736669,4.6368327,-0.42795354,0.098713964,-0.004969699,0.06823744,0.002821636,0.054422714,-0.0050229123,252.2601,248.93245,333.16293,0.32058686,11.05288,0.07354542
3,70,10,0.0048999996,0.02026927,0.01178382,0.0050827307,0.00340272,0.054276653,0.00028933916,2.7127962,0.18062927,4.969977,-0.50523937,0.108553305,0.00057867833,0.07129327,0.004747003,0.058332838,-0.005930018,252.21921,248.77809,332.26935,0.3246101,11.05288,0.06861603
3,71,10,0.0048999996,0.021307424,0.012584609,0.005368977,0.0033538372,0.05609057,3.352558e-5,2.788139,0.18281586,4.9341483,-0.5577951,0.11218114,6.705116e-5,0.0732733,0.004804466,0.057912324,-0.0065468615,252.25604,248.84967,332.92673,0.37497926,11.048971,0.06249738
3,72,10,0.0048999996,0.018608404,0.009708291,0.005334882,0.0035652306,0.04926533,-0.001445911,2.7792723,-0.01709258,5.0872726,-0.4105431,0.09853066,-0.002891822,0.07304028,-0.00044919745,0.059709553,-0.004818566,252.27377,248.80272,333.1156,0.4276357,11.048971,0.075323015
3,73,10,0.0048999996,0.019966325,0.011587148,0.005242027,0.0031371505,0.053821806,0.0017772046,2.7549794,0.07098237,4.7720933,-0.41448513,0.10764361,0.0035544091,0.072401844,0.0018654411,0.056010272,-0.004864831,252.28294,248.86435,332.6708,0.34350276,11.045479,0.05058716
3,74,10,0.0048999996,0.021009479,0.012175726,0.0056277122,0.0032060402,0.055171836,0.001208903,2.8545299,0.17498109,4.8242044,-0.4933081,0.11034367,0.002417806,0.07501808,0.004598566,0.056621905,-0.005789981,252.29417,248.94778,333.0116,0.318327,11.045479,0.052703068
3,75,10,0.0048999996,0.019153751,0.0105830915,0.00528905,0.0032816106,0.051437076,0.00012325073,2.7673078,-0.110989474,4.8807297,-0.45548424,0.10287415,0.00024650147,0.072725855,-0.002916843,0.057285342,-0.0053460435,252.24036,248.79115,332.73273,0.5664737,11.042472,0.04393058
3,76,10,0.0048999996,0.020779343,0.011200204,0.006217481,0.0033616584,0.052915506,0.0022351742,3.000378,0.059821263,4.9398985,-0.44026515,0.10583101,0.0044703484,0.07885101,0.0015721245,0.05797981,-0.0051674116,252.1728,248.52351,332.17444,0.38044387,11.042472,0.04755741
3,77,10,0.0048999996,0.019160401,0.011365746,0.0050782156,0.0027164395,0.053305127,0.0031254948,2.7115912,0.15268752,4.4405956,-0.43177238,0.10661025,0.0062509896,0.0712616,0.004012683,0.052119475,-0.005067731,252.14299,248.33925,332.59644,0.27908486,11.040093,0.052918695
3,78,10,0.0048999996,0.017246004,0.008601589,0.005623096,0.003021318,0.046372376,0.0011389529,2.853359,-0.0011520386,4.6831646,-0.29358172,0.09274475,0.0022779058,0.07498731,-3.027615e-5,0.054966517,-0.003445783,252.11276,248.25201,332.80478,0.29473376,11.040093,0.04999419
3,79,10,0.0048999996,0.019133447,0.009775146,0.006441621,0.0029166809,0.04943467,0.003813269,3.0539806,0.040114816,4.6013546,-0.4329751,0.09886934,0.007626538,0.08025971,0.0010542317,0.054006305,-0.005081849,252.04868,248.15524,332.00455,0.3928603,11.038324,0.044263903
3,80,10,0.0048999996,0.020116879,0.01095316,0.0062117204,0.0029519978,0.052328672,0.003417228,2.998987,0.14251362,4.6291285,-0.4463221,0.104657345,0.006834456,0.07881447,0.0037453095,0.05433229,-0.0052385028,252.02025,247.98074,331.97714,0.3038085,11.038324,0.050839085
3,81,10,0.0048999996,0.018272325,0.008877224,0.0061883223,0.0032067786,0.04710951,0.0022230616,2.9933338,0.05651555,4.8247595,-0.46342337,0.09421902,0.0044461233,0.07866589,0.001485249,0.056628425,-0.0054392233,252.05766,248.17133,331.95273,0.40690783,11.036958,0.041526552
3,82,10,0.0048999996,0.022160815,0.011570923,0.0070276586,0.003562232,0.053784113,0.0049077207,3.1898775,0.1767861,5.085133,-0.46557233,0.10756823,0.009815441,0.08383113,0.004646002,0.059684437,-0.0054644407,252.09201,248.39186,331.6832,0.28878623,11.036958,0.04448475
3,83,10,0.0048999996,0.020482833,0.011603425,0.0059626615,0.002916746,0.0538596,0.0036697723,2.93825,0.2919494,4.601405,-0.5312518,0.1077192,0.0073395446,0.07721827,0.007672536,0.054006908,-0.006235326,252.14134,248.52774,332.32086,0.2393024,11.0360565,0.035633594
3,84,10,0.0048999996,0.020282738,0.010064477,0.0066375583,0.0035807032,0.050160933,0.0022162243,3.10008,0.1149502,5.0983,-0.42154282,0.10032187,0.0044324487,0.08147121,0.003020933,0.059838977,-0.004947665,252.20436,248.89398,332.75458,0.3065926,11.0360565,0.0515637
3,85,10,0.0048999996,0.020973155,0.011586437,0.0060394825,0.003347235,0.053820156,0.005185591,2.9571168,0.19136791,4.9292893,-0.48506314,0.10764031,0.010371182,0.07771411,0.0050292173,0.057855293,-0.005693208,252.23933,249.13127,332.44785,0.2936952,11.035658,0.04686372
3,86,10,0.0048999996,0.02060611,0.012519915,0.0049799704,0.0031062248,0.055946212,0.005355931,2.6852334,0.360712,4.7485137,-0.4511361,0.111892425,0.010711862,0.070568904,0.009479639,0.055733517,-0.005295008,252.28506,249.22604,333.09525,0.09042412,11.035658,0.05182091
3,87,10,0.0048999996,0.018226696,0.009804961,0.0053685857,0.00305315,0.049510002,0.0021284693,2.7880375,0.24164446,4.70777,-0.59946716,0.099020004,0.0042569386,0.073270634,0.0063505033,0.055255316,-0.007035973,252.29622,249.32535,333.30087,0.35782272,11.035701,0.038505387
3,88,10,0.0048999996,0.02109926,0.012681565,0.005765305,0.0026523904,0.056306228,0.0047356524,2.8892145,0.14246802,4.387933,-0.6718534,0.112612456,0.009471305,0.075929604,0.0037441112,0.051501364,-0.007885573,252.27155,249.19873,332.5441,0.5293854,11.035701,0.039839726
3,89,10,0.0048999996,0.021609088,0.013846088,0.0056945155,0.0020684847,0.0588347,0.0039878977,2.8714223,0.15556866,3.8749614,-0.72901845,0.1176694,0.007975795,0.07546201,0.0040884004,0.045480598,-0.008556523,252.28911,249.13753,332.92404,0.5734498,11.036015,0.044537928
3,90,10,0.0048999996,0.016059937,0.009038434,0.005181497,0.0018400056,0.04753534,0.0022255173,2.739027,-0.0050854925,3.654692,-0.58105975,0.09507068,0.0044510346,0.071982615,-0.00013364897,0.042895287,-0.0068199257,252.289,249.16963,333.0597,0.5861452,11.036015,0.04087036
3,91,10,0.0048999996,0.01802204,0.011727316,0.0042360225,0.0020587018,0.054146368,0.0040414566,2.476554,0.08667881,3.8657873,-0.6436111,0.108292736,0.008082913,0.06508473,0.0022779505,0.04537292,-0.0075540934,252.27081,249.23445,332.57126,0.5569323,11.036509,0.040073212
3,92,10,0.0048999996,0.017057465,0.010617939,0.004497185,0.0019423424,0.051521692,0.002840546,2.5517554,0.1975941,3.7549493,-0.66028076,0.103043385,0.005681092,0.06706105,0.005192845,0.044072013,-0.007749744,252.26085,249.19553,332.8953,0.46268666,11.036509,0.043668803
3,93,10,0.0048999996,0.017560313,0.010122473,0.005301275,0.0021365646,0.05030525,0.0012252636,2.770504,0.11301638,3.9382133,-0.75497776,0.1006105,0.0024505272,0.07280985,0.0029701106,0.04622299,-0.008861208,252.26262,249.12987,332.90775,0.6419614,11.03698,0.046667606
3,94,10,0.0048999996,0.019004328,0.011430995,0.0053075626,0.0022657714,0.053457916,0.003022567,2.7721467,0.21128133,4.0555453,-0.8486147,0.10691583,0.006045134,0.07285302,0.005552551,0.04760012,-0.009960229,252.28662,249.25005,332.4266,0.6373334,11.03698,0.05044836
3,95,10,0.0048999996,0.01870163,0.011418307,0.0051145903,0.0021687325,0.05342824,0.0014896262,2.7212856,0.21839094,3.9677496,-0.8979076,0.10685648,0.0029792525,0.071516365,0.0057393922,0.046569653,-0.01053878,252.35878,249.54121,333.14624,0.6795167,11.037143,0.049935896
3,96,10,0.0048999996,0.017471863,0.010596771,0.0047066784,0.0021684133,0.05147031,8.620585e-5,2.6105137,0.14862354,3.967457,-0.8613347,0.10294062,0.0001724117,0.06860524,0.00390588,0.046566226,-0.010109523,252.38774,249.72337,333.32852,0.71271116,11.037143,0.04356143
3,97,10,0.0048999996,0.020181602,0.0129910465,0.0051837936,0.0020067613,0.056989137,0.0014944519,2.739634,0.05037553,3.8167088,-0.7793631,0.113978274,0.0029889038,0.07199857,0.0013238874,0.044796888,-0.009147421,252.42937,249.87134,333.16107,0.7289876,11.037015,0.03171678
3,98,10,0.0048999996,0.019331265,0.011873433,0.005673532,0.0017843004,0.054482643,0.00077936397,2.866127,0.012870408,3.598945,-0.6671468,0.108965285,0.0015587279,0.07532285,0.00033823916,0.04224098,-0.007830333,252.49904,249.94208,333.94907,0.6542764,11.037015,0.041051313
3,99,10,0.0048999996,0.01584912,0.008767625,0.00533171,0.0017497847,0.0468178,-0.0022758695,2.778446,-0.15508083,3.5639656,-0.5697065,0.0936356,-0.004551739,0.07301856,-0.00407558,0.041830428,-0.006686671,252.54988,250.19194,334.34412,0.72478735,11.037208,0.041494038
3,100,10,0.0048999996,0.019338232,0.012084083,0.0052997265,0.0019544219,0.054963812,0.00032174797,2.7700999,-0.1253947,3.7666075,-0.7088545,0.109927624,0.00064349594,0.07279922,-0.0032954183,0.044208843,-0.0083198575,252.54175,250.34416,333.74423,0.8342492,11.037208,0.03350157
4,1,10,0.0034299996,0.067690454,0.025308931,0.025386058,0.016995467,0.0795439,-0.0070384652,6.062703,0.5642811,11.107282,-0.80304635,0.1590878,-0.0140769305,0.15933003,0.014829511,0.13036667,-0.009425397,253.07558,252.86282,339.184,0.23876524,11.037592,0.5437618
4,2,10,0.0034299996,0.06772623,0.024931291,0.025569247,0.017225696,0.07894823,-0.00715829,6.0845385,0.7966506,11.1822605,-0.97924435,0.15789646,-0.01431658,0.15990387,0.020936262,0.1312467,-0.011493437,253.1235,253.06938,339.76154,0.18259376,11.037592,0.58443254
4,3,10,0.0034299996,0.060796916,0.024674078,0.020512875,0.015609965,0.07853992,-0.010257337,5.4498177,0.4358414,10.644917,-0.605568,0.15707985,-0.020514674,0.14322317,0.011454067,0.124939844,-0.007107583,253.21034,253.4691,340.4663,0.16972658,11.0346775,0.45526752
4,4,10,0.0034299996,0.06075322,0.022392057,0.022186553,0.016174607,0.07481988,-0.0071283113,5.667788,0.46017918,10.835728,-0.48035684,0.14963976,-0.014256623,0.14895152,0.012093672,0.12717943,-0.005637954,253.22328,253.62704,340.18765,0.020177662,11.0346775,0.4651335
4,5,10,0.0034299996,0.044899255,0.017056378,0.014850338,0.0129925385,0.06530003,-0.0035755418,4.636997,0.049913347,9.711543,0.18735667,0.13060006,-0.0071510836,0.121861964,0.0013117453,0.113984816,0.002199014,253.26656,253.7187,340.52225,-0.23727001,11.030381,0.26930046
4,6,10,0.0034299996,0.04823577,0.018799666,0.015745772,0.013690335,0.068555936,-0.0064135855,4.77475,-0.0540464,9.968924,0.37765902,0.13711187,-0.012827171,0.12548216,-0.0014203606,0.117005706,0.004432606,253.30531,253.79034,340.78125,-0.32361263,11.030381,0.2741638
4,7,10,0.0034299996,0.038543254,0.013746547,0.012892748,0.011903961,0.058622833,-0.0016389684,4.320574,-0.52619207,9.295805,1.0691937,0.11724567,-0.0032779367,0.11354624,-0.013828521,0.109105274,0.012549171,253.27142,253.69034,340.1049,-0.54300165,11.026108,0.19432302
4,8,10,0.0034299996,0.039812136,0.014508608,0.013142763,0.012160766,0.06022584,-0.00095322245,4.3622646,-0.44037414,9.395539,0.9381264,0.12045168,-0.0019064449,0.11464189,-0.011573199,0.110275865,0.01101084,253.30327,253.777,340.42844,-0.49775225,11.026108,0.20237653
4,9,10,0.0034299996,0.037690945,0.014830982,0.011590568,0.011269393,0.06089126,-0.0018438824,4.096576,-1.041071,9.044644,1.5292873,0.12178252,-0.0036877648,0.107659504,-0.027359718,0.1061574,0.017949315,253.34904,253.95004,340.5924,-0.48821628,11.022381,0.22597441
4,10,10,0.0034299996,0.037724763,0.013911571,0.012306009,0.011507181,0.058973663,0.0011799197,4.221116,-1.0467999,9.139569,1.5908889,0.117947325,0.0023598394,0.110932454,-0.02751028,0.10727153,0.018672328,253.3731,254.14943,340.14252,-0.54408896,11.022381,0.21331172
4,11,10,0.0034299996,0.035031237,0.0137814,0.010715981,0.010533853,0.058697104,0.0016229352,3.9389877,-1.013796,8.744496,1.841426,0.11739421,0.0032458703,0.103518024,-0.02664292,0.102634564,0.021612894,253.47931,254.5565,340.97128,-0.82763004,11.019717,0.23443726
4,12,10,0.0034299996,0.035294678,0.014049571,0.010001714,0.011243393,0.059265442,-0.0019348583,3.8054488,-1.0956646,9.034204,1.9891863,0.118530884,-0.0038697165,0.10000857,-0.028794464,0.10603487,0.023347165,253.5386,254.72806,341.73425,-0.89352167,11.019717,0.24242392
4,13,10,0.0034299996,0.034129508,0.013380743,0.010106042,0.010642722,0.05783758,0.0009954859,3.8252447,-1.1644415,8.789569,2.1633337,0.11567516,0.0019909719,0.100528814,-0.030601945,0.10316357,0.025391143,253.49951,254.55031,340.8963,-0.9988922,11.017976,0.23787922
4,14,10,0.0034299996,0.034385726,0.013846052,0.010162892,0.01037678,0.058834624,0.0026197669,3.8359888,-1.0529124,8.679057,2.0925112,0.11766925,0.0052395337,0.10081117,-0.027670916,0.10186648,0.0245599,253.5101,254.48099,340.69653,-1.0395988,11.017976,0.23832688
4,15,10,0.0034299996,0.030815918,0.011570255,0.009299666,0.009945995,0.05378256,-0.0016575871,3.6694613,-1.1062455,8.496993,2.1472282,0.10756512,-0.0033151743,0.09643477,-0.029072534,0.09972961,0.025202116,253.5346,254.50757,341.00934,-1.0409827,11.016589,0.20409946
4,16,10,0.0034299996,0.030563345,0.0120091485,0.008326707,0.010227488,0.05479313,0.000958213,3.4722047,-1.0190343,8.616398,2.1679227,0.10958626,0.001916426,0.09125079,-0.026780587,0.101131044,0.025445014,253.54541,254.65088,340.68427,-1.1488885,11.016589,0.20438017
4,17,10,0.0034299996,0.027024958,0.009839885,0.008337715,0.00884736,0.049598098,-0.00057360035,3.4744992,-0.5047967,8.013976,1.864751,0.099196196,-0.0011472007,0.09131109,-0.013266234,0.094060406,0.021886667,253.59859,254.8473,341.14102,-1.3599544,11.015242,0.15788594
4,18,10,0.0034299996,0.030219983,0.012454642,0.008574881,0.009190462,0.055800185,-0.0030292773,3.5235684,-0.62327766,8.16789,1.958481,0.11160037,-0.0060585546,0.09260065,-0.016379965,0.095866896,0.02298679,253.63411,254.94032,341.62027,-1.3352033,11.015242,0.15452749
4,19,10,0.0034299996,0.029715553,0.013024127,0.008642039,0.008049387,0.05706165,-0.0030256368,3.53734,-0.091800764,7.6440334,1.6371355,0.1141233,-0.0060512736,0.09296257,-0.0024125539,0.08971837,0.019215127,253.6365,255.0121,341.07208,-1.5453347,11.013306,0.12741937
4,20,10,0.0034299996,0.026103295,0.008709975,0.009534101,0.00785922,0.046663623,-0.0023850345,3.7154255,-0.018382294,7.5531993,1.5950313,0.09332725,-0.004770069,0.09764272,-0.00048309626,0.08865224,0.018720949,253.6845,255.18312,341.60495,-1.576649,11.013306,0.111703865
4,21,10,0.0034299996,0.029612156,0.012499027,0.009757434,0.007355696,0.055899523,-0.009216136,3.7586892,0.37799388,7.3072367,1.4202754,0.11179905,-0.018432273,0.09877972,0.009933814,0.085765354,0.016669834,253.7107,255.3016,341.96957,-1.7982693,11.010482,0.12309126
4,22,10,0.0034299996,0.029596638,0.012783903,0.008629456,0.008183277,0.05653296,-0.0049573043,3.5347638,0.40933275,7.7073455,1.4832084,0.11306592,-0.009914609,0.09289487,0.0107574165,0.09046147,0.017408485,253.70381,255.30426,341.3129,-1.8925412,11.010482,0.11798985
4,23,10,0.0034299996,0.027641289,0.012087991,0.008410365,0.007142932,0.0549727,-0.0043300474,3.4896035,1.0178044,7.200779,1.0427346,0.1099454,-0.008660095,0.09170804,0.026748264,0.08451587,0.012238625,253.75963,255.37192,341.64584,-2.060539,11.006884,0.14767255
4,24,10,0.0034299996,0.02766294,0.012608313,0.007528403,0.0075262245,0.056143373,-0.0059990427,3.3015668,0.8948548,7.3914514,1.1611742,0.11228675,-0.011998085,0.08676637,0.02351711,0.086753815,0.013628746,253.80388,255.40887,341.83893,-2.0560288,11.006884,0.14149734
4,25,10,0.0034299996,0.028453447,0.01318196,0.008936325,0.0063351626,0.05740636,-0.004736152,3.5970635,1.2645497,6.7814107,0.49027243,0.11481272,-0.009472304,0.09453214,0.033232827,0.07959373,0.005754356,253.77205,255.35803,340.90433,-1.7548221,11.002779,0.1741327
4,26,10,0.0034299996,0.029972723,0.014058069,0.010156849,0.0057578036,0.059283365,-0.003698655,3.8348484,1.4570076,6.465017,0.31474668,0.11856673,-0.00739731,0.100781195,0.038290687,0.07588019,0.0036941934,253.76631,255.34912,341.1714,-1.7717543,11.002779,0.17909282
4,27,10,0.0034299996,0.029142994,0.014102895,0.009513611,0.005526489,0.059377804,-0.007059691,3.7114308,1.4243253,6.3338223,0.31572238,0.11875561,-0.014119382,0.09753774,0.03743178,0.07434036,0.0037056454,253.77484,255.34663,341.49985,-1.7400477,10.9983,0.19037382
4,28,10,0.0034299996,0.026911467,0.0127340825,0.008117894,0.00605949,0.056422696,-0.005139664,3.4283912,1.3923876,6.6322255,0.35056537,0.11284539,-0.010279328,0.09009936,0.036592443,0.07784273,0.004114601,253.74104,255.25284,340.91397,-1.7429531,10.9983,0.18093635
4,29,10,0.0034299996,0.024841962,0.011866097,0.0077062217,0.0052696425,0.054465808,-0.0020689247,3.3403308,1.1657528,6.1848874,0.11904946,0.108931616,-0.0041378494,0.08778509,0.030636402,0.0725923,0.0013972895,253.7436,255.21303,340.85898,-1.2848022,10.993784,0.15155336
4,30,10,0.0034299996,0.026104856,0.01221095,0.008648004,0.005245902,0.055251583,-0.0051430794,3.5385602,1.1165487,6.1709394,0.27533785,0.11050317,-0.010286159,0.092994645,0.029343301,0.0724286,0.0032316518,253.73471,255.09296,340.9982,-1.3918865,10.993784,0.16020012
4,31,10,0.0034299996,0.026119124,0.012289357,0.008522922,0.005306844,0.055428687,-0.000761808,3.512877,0.7479192,6.2066803,0.39311773,0.110857375,-0.001523616,0.092319675,0.019655582,0.07284809,0.004614038,253.7062,255.0382,340.5035,-1.141037,10.98974,0.120956264
4,32,10,0.0034299996,0.024726922,0.009612637,0.009711427,0.005402858,0.049022026,-0.0008833977,3.749818,0.9836759,6.262575,0.31750834,0.09804405,-0.0017667954,0.09854657,0.02585136,0.073504135,0.0037266088,253.73276,255.11673,341.0383,-1.3011842,10.98974,0.12410893
4,33,10,0.0034299996,0.023686163,0.009776527,0.008558165,0.00535147,0.04943816,-0.0015763688,3.5201325,0.3794874,6.2327223,0.63805985,0.09887632,-0.0031527376,0.09251035,0.00997307,0.07315374,0.0074889427,253.71304,254.9869,341.13763,-1.0175472,10.9863205,0.07636269
4,34,10,0.0034299996,0.024823073,0.010608251,0.008701224,0.0055135977,0.051498182,0.00073920534,3.549432,0.40851253,6.3264303,0.5623087,0.102996364,0.0014784107,0.09328035,0.010735857,0.074253604,0.0065998454,253.61821,254.62675,340.06003,-0.97082126,10.9863205,0.097079426
4,35,10,0.0034299996,0.022477407,0.009302503,0.007951398,0.0052235043,0.048224743,0.0033395146,3.3930516,0.10381953,6.1577525,0.46759096,0.09644949,0.006679029,0.08917061,0.0027284164,0.07227381,0.005488133,253.5728,254.3103,340.2434,-0.5714105,10.983789,0.096378736
4,36,10,0.0034299996,0.02256857,0.009374751,0.0077828723,0.0054109464,0.04841165,0.00043312952,3.3569014,-0.06705783,6.2672615,0.5682739,0.0968233,0.00086625904,0.08822059,-0.0017623059,0.073559135,0.006669856,253.54433,254.1667,340.33783,-0.50121605,10.983789,0.08821928
4,37,10,0.0034299996,0.024384545,0.011803657,0.007247983,0.005332906,0.054322317,0.0033865878,3.2394946,-0.3782023,6.221902,0.3978565,0.108644634,0.0067731757,0.08513509,-0.009939292,0.07302675,0.004669659,253.4607,253.91264,339.44617,-0.019654214,10.981984,0.11381844
4,38,10,0.0034299996,0.023393892,0.010375467,0.0078855865,0.0051328395,0.05093002,0.0049624643,3.3789802,-0.25396,6.1040783,0.2516699,0.10186004,0.009924929,0.088800825,-0.006674167,0.07164384,0.002953857,253.41594,253.65471,339.42282,0.0022900999,10.981984,0.113898695
4,39,10,0.0034299996,0.021250919,0.0091073755,0.0072980383,0.0048455033,0.047716286,0.0017811527,3.2506614,-0.5501586,5.930764,0.28303576,0.09543257,0.0035623054,0.08542856,-0.014458369,0.06960965,0.0033220053,253.39359,253.4987,339.58005,0.26712286,10.980903,0.11700036
4,40,10,0.0034299996,0.021595204,0.009634063,0.0070761465,0.0048849955,0.04907663,0.0040444788,3.200863,-0.5460933,5.9548845,0.11014534,0.09815326,0.0080889575,0.084119834,-0.014351528,0.06989274,0.001292779,253.35872,253.49132,338.9706,0.43594795,10.980903,0.10857196
4,41,10,0.0034299996,0.020510172,0.009344761,0.006604937,0.004560474,0.04833415,0.0028630823,3.0924523,-0.52008903,5.7536864,-0.25534898,0.0966683,0.0057261647,0.08127076,-0.013668127,0.06753128,-0.002997045,253.37978,253.52867,339.44885,0.775438,10.980782,0.11640966
4,42,10,0.0034299996,0.021434363,0.010405434,0.0063198255,0.0047091017,0.051003516,0.00034115775,3.0249708,-0.76159745,5.846692,0.01616137,0.10200703,0.0006823155,0.07949733,-0.020015057,0.068622895,0.00018968547,253.44054,253.71686,340.082,0.7454361,10.980782,0.1252225
4,43,10,0.0034299996,0.021014184,0.010280674,0.00613403,0.0045994795,0.05069683,0.0023981053,2.980174,-0.7217681,5.7782397,-0.092118815,0.10139366,0.0047962107,0.07832005,-0.018968327,0.06781946,-0.0010812,253.49934,254.09955,339.94452,0.8138869,10.981631,0.13034593
4,44,10,0.0034299996,0.02078463,0.009552412,0.0065450147,0.0046872026,0.04886822,0.0024421352,3.0783925,-0.64030397,5.8330817,-0.3360206,0.09773644,0.0048842705,0.080901265,-0.01682742,0.06846315,-0.003943889,253.56787,254.33578,340.707,0.97632456,10.981631,0.13796382
4,45,10,0.0034299996,0.023431094,0.012927475,0.0062963236,0.0042072963,0.056849528,-0.0011589932,3.0193412,-0.73698926,5.526405,-0.25472653,0.113699056,-0.0023179865,0.079349376,-0.019368341,0.064863674,-0.002989737,253.57114,254.24884,340.76935,0.9917158,10.983343,0.13633752
4,46,10,0.0034299996,0.020045172,0.010065845,0.005941119,0.004038208,0.050164342,0.003269681,2.9329374,-0.5777935,5.414215,-0.3108643,0.100328684,0.006539362,0.077078655,-0.015184621,0.063546896,-0.0036486278,253.515,254.05255,339.89667,0.8886578,10.983343,0.122087955
4,47,10,0.0034299996,0.020466961,0.010009407,0.006423981,0.004033572,0.05002351,0.002955379,3.0497963,-0.50864357,5.411107,-0.61109316,0.10004702,0.005910758,0.08014974,-0.013367337,0.06351041,-0.007172429,253.50525,253.92357,340.07047,1.1197367,10.985919,0.093595155
4,48,10,0.0034299996,0.020969395,0.009997517,0.0071995477,0.0037723286,0.04999379,0.00041014337,3.228652,-0.6544774,5.2329426,-0.46470088,0.09998758,0.00082028675,0.08485015,-0.017199904,0.061419286,-0.005454216,253.49515,253.8178,339.97397,1.1191783,10.985919,0.102461204
4,49,10,0.0034299996,0.018771704,0.008829942,0.0064929677,0.0034487944,0.046983887,0.0022338545,3.0661283,-0.46640983,5.003511,-0.6659123,0.09396777,0.004467709,0.08057895,-0.0122574195,0.058726437,-0.0078158425,253.47069,253.7984,339.22116,1.1323221,10.9889145,0.0754473
4,50,10,0.0034299996,0.018439801,0.008266419,0.006510206,0.0036631774,0.045459926,0.0015398697,3.0701952,-0.36969715,5.15668,-0.8535091,0.09091985,0.0030797394,0.08068585,-0.009715776,0.060524188,-0.010017675,253.50471,253.93011,339.74026,1.2232063,10.9889145,0.0708118
4,51,10,0.0034299996,0.019397356,0.009834671,0.006244614,0.0033180714,0.049584955,-0.0008156261,3.006917,-0.40872794,4.9077687,-0.61558634,0.09916991,-0.0016312522,0.07902287,-0.010741519,0.057602704,-0.0072251647,253.5058,253.94894,339.9286,1.0243143,10.99198,0.075564004
4,52,10,0.0034299996,0.01900086,0.0104208095,0.0054371357,0.0031429143,0.051041182,0.0016247923,2.8057806,-0.27811304,4.776475,-0.6680929,0.102082364,0.0032495847,0.073736936,-0.007308912,0.0560617,-0.007841435,253.44827,253.79436,339.298,0.946206,10.99198,0.06742538
4,53,10,0.0034299996,0.018866442,0.009787681,0.005429289,0.003649473,0.049466353,0.0021333948,2.8037555,0.14927195,5.1470256,-0.8915898,0.098932706,0.0042667896,0.07368371,0.00392292,0.06041087,-0.010464631,253.43004,253.59494,339.58215,0.74231786,10.994756,0.084529914
4,54,10,0.0034299996,0.018700466,0.009625952,0.0053024767,0.0037720366,0.049055967,-0.00022333469,2.7708185,-0.043950904,5.2327404,-0.63565063,0.098111935,-0.00044666938,0.07281811,-0.0011550463,0.06141691,-0.0074606603,253.41919,253.49799,339.55103,0.67960155,10.994756,0.09158085
4,55,10,0.0034299996,0.019377492,0.010436361,0.0052413116,0.0036998196,0.051079255,0.0021987543,2.7547908,0.4365611,5.1824064,-1.0206674,0.10215851,0.0043975087,0.072396904,0.011472984,0.06082614,-0.011979621,253.37311,253.35364,338.80707,0.5841063,10.996691,0.10398687
4,56,10,0.0034299996,0.019215709,0.009786338,0.005319534,0.0041098376,0.04946296,0.0018698989,2.7752717,0.56359255,5.4620237,-1.1533078,0.09892592,0.0037397977,0.072935134,0.014811414,0.064108014,-0.013536427,253.40738,253.51299,339.35953,0.58971524,10.996691,0.09888839
4,57,10,0.0034299996,0.017514141,0.00889135,0.0050361673,0.0035866245,0.047146976,4.019987e-5,2.700342,0.6395222,5.1025143,-1.0080247,0.09429395,8.039974e-5,0.07096596,0.016806874,0.059888434,-0.011831233,253.42792,253.65424,339.58878,0.3685025,10.997684,0.09742748
4,58,10,0.0034299996,0.016678639,0.008967436,0.004359753,0.0033514495,0.047348272,0.0026423088,2.5124629,0.7002129,4.9323916,-1.1580085,0.094696544,0.0052846177,0.06602842,0.018401852,0.057891704,-0.013591599,253.3808,253.51529,338.9925,0.45779556,10.997684,0.09298988
4,59,10,0.0034299996,0.016464552,0.008239438,0.0048816768,0.003343437,0.045385674,0.0036768238,2.658601,0.88126564,4.9264917,-1.2520801,0.09077135,0.0073536476,0.069869,0.02315998,0.057822462,-0.014695722,253.38176,253.42491,339.37875,0.37081444,10.998002,0.08230709
4,60,10,0.0034299996,0.015187174,0.0074309395,0.004908895,0.0028473404,0.04310145,0.001460485,2.6660023,0.6570302,4.54633,-1.0373003,0.0862029,0.00292097,0.07006351,0.01726699,0.053360477,-0.012174844,253.38916,253.42996,339.32678,0.38027012,10.998002,0.08142325
4,61,10,0.0034299996,0.014677342,0.0074372953,0.0047317664,0.0025082803,0.043119878,0.0064911414,2.6174617,0.7020663,4.2670655,-1.0707167,0.086239755,0.012982283,0.068787836,0.018450554,0.050082736,-0.012567049,253.3693,253.45932,338.884,0.36865044,10.997944,0.065258
4,62,10,0.0034299996,0.014851827,0.007046912,0.00493437,0.002870545,0.041972943,0.005800124,2.6729112,0.7707101,4.564818,-1.228223,0.083945885,0.011600248,0.07024507,0.02025454,0.053577468,-0.014415709,253.37515,253.4416,339.34308,0.45751286,10.997944,0.07227504
4,63,10,0.0034299996,0.0152592175,0.00797465,0.0042368877,0.0030476807,0.044650447,0.005432107,2.4768069,0.39507097,4.703552,-0.9030378,0.08930089,0.010864214,0.06509138,0.010382607,0.055205803,-0.010598996,253.3758,253.43346,339.46188,0.5079668,10.997585,0.06655591
4,64,10,0.0034299996,0.017964292,0.010423412,0.00448178,0.0030591004,0.051047556,0.0071019554,2.547381,0.42059156,4.7123566,-1.074614,0.10209511,0.014203911,0.0669461,0.0110532995,0.055309135,-0.012612794,253.31828,253.2511,338.67038,0.65402246,10.997585,0.06310942
4,65,10,0.0034299996,0.014941871,0.0072494433,0.0044483906,0.0032440366,0.04257183,0.008157488,2.5378745,0.16149625,4.8527064,-0.90694356,0.08514366,0.016314976,0.06669626,0.00424418,0.056956444,-0.010644838,253.29788,253.01346,338.7485,0.7454473,10.997135,0.07373574
4,66,10,0.0034299996,0.014093084,0.0069059418,0.0042408826,0.0029462595,0.041550998,0.0066130958,2.4779744,0.11669719,4.624627,-0.577815,0.083101995,0.0132261915,0.06512206,0.0030668438,0.054279458,-0.006781841,253.31404,253.01866,338.86795,0.4611178,10.997135,0.072027445
4,67,10,0.0034299996,0.016680472,0.010037571,0.003860528,0.0027823735,0.05009384,0.008841853,2.3642423,-0.09845524,4.494164,-0.5024189,0.10018768,0.017683705,0.06213315,-0.0025874388,0.052748207,-0.0058969134,253.33548,253.20435,338.6031,0.6008741,10.996532,0.08302891
4,68,10,0.0034299996,0.016075393,0.009062145,0.0040619974,0.002951252,0.04759765,0.008167596,2.4251492,-0.033431545,4.628544,-0.7054019,0.0951953,0.016335191,0.0637338,-0.00087859354,0.054325428,-0.008279335,253.38806,253.44002,339.19894,0.7388334,10.996532,0.09089705
4,69,10,0.0034299996,0.017054312,0.0099834725,0.004242984,0.0028278544,0.049958665,0.004999921,2.4785879,-0.43375024,4.530746,-0.5583687,0.09991733,0.009999842,0.06513819,-0.011399114,0.053177573,-0.0065535987,253.37386,253.37582,339.18173,0.99211895,10.995801,0.07738228
4,70,10,0.0034299996,0.016902776,0.009171059,0.004965338,0.0027663787,0.047882825,0.008232637,2.6812854,-0.4428543,4.481228,-0.4377732,0.09576565,0.016465275,0.070465155,-0.011638369,0.052596375,-0.005138165,253.32465,253.1013,338.26642,0.8806275,10.995801,0.09336721
4,71,10,0.0034299996,0.015676867,0.007858937,0.0047501414,0.0030677896,0.044325322,0.0071434197,2.6225388,-0.46283007,4.719044,-0.53466564,0.088650644,0.014286839,0.06892127,-0.012163339,0.05538763,-0.006275395,253.33223,253.04707,338.67648,0.9974957,10.995284,0.096056685
4,72,10,0.0034299996,0.016026657,0.008387566,0.0049376353,0.0027014548,0.045791827,0.004654795,2.6737955,-0.6355682,4.428331,-0.26009667,0.091583654,0.00930959,0.07026831,-0.01670296,0.051975522,-0.0030527662,253.34895,253.08444,338.87903,0.8956649,10.995284,0.10167615
4,73,10,0.0034299996,0.01470349,0.008141878,0.0041861082,0.0023755038,0.04511618,0.0049329675,2.46192,-0.57987577,4.1525903,-0.4389694,0.09023236,0.009865935,0.06470014,-0.015239346,0.04873914,-0.0051522027,253.31187,253.0241,338.378,1.0188452,10.995057,0.07079003
4,74,10,0.0034299996,0.013620172,0.0068130507,0.004232813,0.0025743083,0.041270602,0.004657687,2.4756155,-0.47547305,4.322863,-0.53772134,0.082541205,0.009315374,0.06506007,-0.0124956025,0.05073764,-0.0063112583,253.24857,252.60776,338.31052,1.0131943,10.995057,0.07932596
4,75,10,0.0034299996,0.013866346,0.006818424,0.0045063356,0.0025415863,0.041286875,0.0005076524,2.5543501,-0.49946564,4.295302,-0.5139992,0.08257375,0.0010153048,0.06712925,-0.013126138,0.05041415,-0.0060328334,253.19397,252.32428,338.00406,1.0134649,10.995079,0.052651394
4,76,10,0.0034299996,0.016190363,0.008317478,0.005117382,0.0027555039,0.045600105,0.0037136767,2.722028,-0.40985224,4.472411,-0.62663877,0.09120021,0.0074273534,0.07153588,-0.010771062,0.052492894,-0.0073548863,253.14731,252.21457,337.2181,1.036491,10.995079,0.048020545
4,77,10,0.0034299996,0.015826304,0.0072893975,0.0054743737,0.0030625327,0.042688984,0.0009628156,2.8153727,-0.18423711,4.714999,-0.820917,0.08537797,0.0019256312,0.07398901,-0.004841818,0.055340156,-0.009635141,253.13629,252.13431,337.3376,1.0051541,10.995387,0.0412809
4,78,10,0.0034299996,0.016757982,0.008219863,0.005734115,0.002804003,0.04533173,-0.0013320729,2.8813887,-0.36598793,4.5115986,-0.6231293,0.09066346,-0.0026641458,0.07572394,-0.009618294,0.052952837,-0.007313697,253.10219,251.9268,337.3768,0.98911726,10.995387,0.061715282
4,79,10,0.0034299996,0.015834408,0.008397423,0.005135015,0.0023019712,0.045818727,-0.00031860406,2.7267137,-0.19943164,4.0878143,-0.76115453,0.091637455,-0.0006372081,0.07165902,-0.005241137,0.047978863,-0.008933707,253.05536,251.70483,336.6258,0.9605862,10.995801,0.07328748
4,80,10,0.0034299996,0.013822957,0.0071206675,0.0042559295,0.0024463602,0.042192023,-0.0015916063,2.482366,-0.17088675,4.214067,-0.88968587,0.08438405,-0.0031832126,0.065237485,-0.0044909655,0.049460694,-0.010442285,253.07004,251.69624,337.1026,1.0605726,10.995801,0.06516223
4,81,10,0.0034299996,0.013153617,0.007131138,0.0036234306,0.002399049,0.042223033,-0.0039064125,2.290491,-0.18476875,4.1731186,-0.66009575,0.084446065,-0.007812825,0.06019494,-0.0048557897,0.048980087,-0.0077475733,253.08195,251.80724,337.41415,0.8448645,10.99603,0.08449445
4,82,10,0.0034299996,0.014719102,0.00868219,0.003741955,0.0022949567,0.046589136,-0.0004926501,2.3276515,-0.12603067,4.081581,-0.74908245,0.09317827,-0.0009853002,0.06117152,-0.0033121307,0.047905706,-0.008792017,253.03212,251.68555,336.6936,0.8751131,10.99603,0.083026476
4,83,10,0.0034299996,0.014456354,0.008232126,0.0039252336,0.0022989935,0.04536553,-0.0011826953,2.3839734,0.045795027,4.0851693,-0.74503666,0.09073106,-0.0023653905,0.06265169,0.001203509,0.04794782,-0.00874453,252.99156,251.4143,336.81656,0.69924164,10.996087,0.07873991
4,84,10,0.0034299996,0.013932184,0.00820215,0.003543269,0.002186765,0.045282863,-0.003123346,2.265013,-0.016902471,3.9842103,-0.6616342,0.090565726,-0.006246692,0.059525363,-0.000444203,0.046762858,-0.0077656303,252.8995,250.97694,336.49014,0.67853665,10.996087,0.09663773
4,85,10,0.0034299996,0.013249402,0.00817198,0.0029454047,0.0021320174,0.045199502,1.0044587e-5,2.0651004,0.04209763,3.93402,-0.72824866,0.090399005,2.0089174e-5,0.054271583,0.001106341,0.046173774,-0.008547487,252.76865,250.54128,335.18726,0.686151,10.995867,0.092474714
4,86,10,0.0034299996,0.014180617,0.00815906,0.0037727798,0.0022487775,0.045163758,-0.0013343501,2.337219,0.06377612,4.040308,-0.895651,0.090327516,-0.0026687002,0.06142296,0.0016760591,0.047421277,-0.010512295,252.69907,250.18419,335.04507,0.83187485,10.995867,0.08474499
4,87,10,0.0034299996,0.013428949,0.0067323386,0.0042813513,0.0024152587,0.041025415,-0.0010671709,2.4897692,-0.17100981,4.1871934,-0.60286415,0.08205083,-0.0021343417,0.065432034,-0.0044942005,0.04914528,-0.007075844,252.70384,250.1816,335.0613,0.7738739,10.99523,0.075855576
4,88,10,0.0034299996,0.015739651,0.00827058,0.00498971,0.0024793607,0.045471366,0.0018001464,2.6878579,-0.19661963,4.242395,-0.63121814,0.09094273,0.0036002928,0.07063788,-0.005167235,0.04979318,-0.0074086348,252.73149,250.37619,334.8249,0.82783777,10.99523,0.07457311
4,89,10,0.0034299996,0.01578674,0.008389038,0.004832572,0.0025651315,0.045795847,0.0031997857,2.645196,-0.09660608,4.315151,-0.49193636,0.09159169,0.0063995714,0.0695167,-0.0025388424,0.05064713,-0.00577388,252.73999,250.32988,335.25055,0.58854246,10.994403,0.044957355
4,90,10,0.0034299996,0.01366026,0.0071553425,0.0039383317,0.0025665853,0.04229463,0.0016075978,2.3879476,-0.19723749,4.316374,-0.39431745,0.08458926,0.0032151956,0.06275613,-0.005183474,0.05066148,-0.0046281214,252.71497,250.2049,335.29205,0.59155494,10.994403,0.057736304
4,91,10,0.0034299996,0.017753443,0.0109782275,0.0041365554,0.0026386606,0.05238852,0.0054602437,2.447305,0.062038325,4.3765607,-0.3955277,0.10477704,0.010920487,0.06431606,0.00163039,0.051367894,-0.004642326,252.69395,250.1883,334.52686,0.33348936,10.993541,0.060855698
4,92,10,0.0034299996,0.017871415,0.009963884,0.004594756,0.0033127754,0.04990963,0.0044474397,2.5792885,0.03290313,4.9038506,-0.5152971,0.09981926,0.008894879,0.06778463,0.00086470746,0.057556715,-0.0060480633,252.71556,250.22035,334.79678,0.48239398,10.993541,0.07069019
4,93,10,0.0034299996,0.016482424,0.008818253,0.004389204,0.0032749672,0.046952777,0.0046604415,2.5209343,0.044587202,4.875787,-0.39135742,0.09390555,0.009320883,0.06625107,0.0011717689,0.05722733,-0.004593381,252.74521,250.35379,335.02264,0.34677023,10.992652,0.07463392
4,94,10,0.0034299996,0.018407362,0.0099351015,0.0052480055,0.003224255,0.04983749,0.0064973193,2.7565498,0.13623568,4.8378897,-0.488653,0.09967498,0.012994639,0.07244312,0.0035803225,0.056782525,-0.0057353424,252.74428,250.4718,334.62985,0.35241732,10.992652,0.082704656
4,95,10,0.0034299996,0.018105963,0.010290416,0.0046657473,0.0031498002,0.050720844,0.006919215,2.5991375,0.19327888,4.7817044,-0.45147228,0.10144169,0.01383843,0.068306275,0.005079438,0.05612308,-0.005298951,252.71184,250.2648,334.81076,0.2581934,10.991783,0.083429135
4,96,10,0.0034299996,0.017218707,0.009047917,0.004921237,0.003249553,0.04756027,0.005403007,2.6693518,-0.0433581,4.856831,-0.2333243,0.09512054,0.010806014,0.07015153,-0.0011394662,0.05700485,-0.0027385373,252.68028,250.10844,334.73602,0.2766824,10.991783,0.08438259
4,97,10,0.0034299996,0.019143358,0.011359837,0.004736215,0.003047306,0.05329127,0.0070528043,2.6186914,0.07446865,4.703263,-0.2685577,0.10658254,0.014105609,0.06882016,0.001957062,0.05520241,-0.0031520748,252.62689,249.90363,334.02774,0.19408906,10.991169,0.072274335
4,98,10,0.0034299996,0.019063236,0.011295229,0.0047378507,0.0030301567,0.053139508,0.006291839,2.619144,0.06444696,4.6900105,-0.2606185,0.106279016,0.012583678,0.06883205,0.0016936895,0.05504686,-0.0030588906,252.61636,249.7551,334.33917,0.19617155,10.991169,0.07885707
4,99,10,0.0034299996,0.015282229,0.008524234,0.0040296447,0.0027283498,0.04616339,0.004586848,2.4154723,-0.001498155,4.45032,-0.15282695,0.09232678,0.009173696,0.06347948,-3.9371876e-5,0.052233607,-0.0017937361,252.60614,249.70482,334.2185,0.1543251,10.990819,0.06618514
4,100,10,0.0034299996,0.01683565,0.00972415,0.0045005097,0.0026109903,0.049305554,0.0065220124,2.5526986,0.0792807,4.353553,-0.1472151,0.09861111,0.013044025,0.06708584,0.0020835255,0.05109785,-0.0017278718,252.57864,249.6804,333.70425,0.0679344,10.990819,0.07185786
5,1,10,0.0024009997,0.043730743,0.015802478,0.01931991,0.008608358,0.062853955,0.004652751,5.2889714,-0.061998617,7.904991,-0.6329048,0.12570791,0.009305502,0.13899608,-0.0016293454,0.09278124,-0.007428428,251.79225,247.13428,331.02225,0.69490343,10.990625,0.2173131
5,2,10,0.0024009997,0.044880398,0.017834246,0.018898306,0.008147841,0.06677246,0.004814016,5.230944,0.0694224,7.69064,-0.6481781,0.13354492,0.009628032,0.13747111,0.0018244416,0.09026539,-0.0076076947,251.75908,246.9427,331.31897,0.5787557,10.990625,0.22196297
5,3,10,0.0024009997,0.039573886,0.014134666,0.017700497,0.007738723,0.05944465,0.0025150646,5.062457,0.0759245,7.4950733,-0.5232963,0.1188893,0.005030129,0.13304321,0.0019953228,0.08797001,-0.0061419588,251.74258,246.90105,331.53378,0.44737178,10.990462,0.2186163
5,4,10,0.0024009997,0.04383465,0.016894715,0.018971745,0.007968186,0.064989835,0.005486159,5.2410984,0.16564648,7.605381,-0.58624744,0.12997967,0.010972318,0.13773796,0.004353244,0.0892647,-0.0068808096,251.70493,246.84943,330.79245,0.42060095,10.990462,0.22780447
5,5,10,0.0024009997,0.038226776,0.014913718,0.015663749,0.0076493085,0.06106087,0.004029048,4.762297,0.3001535,7.4516473,-0.64081055,0.12212174,0.008058096,0.1251549,0.007888139,0.087460324,-0.007521227,251.69133,246.74696,330.9156,0.34065706,10.9905815,0.20051362
5,6,10,0.0024009997,0.03672416,0.013025576,0.015762523,0.007936061,0.057064824,0.0025377353,4.7772894,0.18926185,7.590034,-0.41677147,0.11412965,0.0050754705,0.12554888,0.004973862,0.08908457,-0.0048916675,251.64192,246.54305,330.90588,0.22750962,10.9905815,0.2031604
5,7,10,0.0024009997,0.036067247,0.015344461,0.013500674,0.0072221113,0.061936382,0.004361303,4.4212637,0.24390705,7.240579,-0.5619986,0.123872764,0.008722606,0.1161924,0.006409968,0.084983006,-0.0065962053,251.56093,246.29317,330.0168,0.31809157,10.99097,0.17465678
5,8,10,0.0024009997,0.036971275,0.015535946,0.013966316,0.007469014,0.062321637,0.0038961354,4.4968624,0.24129024,7.3633056,-0.73086005,0.12464327,0.0077922707,0.11817917,0.0063411947,0.08642346,-0.0085781375,251.5047,246.07664,330.0294,0.4895698,10.99097,0.17984319
5,9,10,0.0024009997,0.034312278,0.014760867,0.01252294,0.0070284707,0.060747154,0.0017787993,4.258158,0.024740662,7.142851,-0.66949815,0.12149431,0.0035575987,0.11190594,0.00065019634,0.083835974,-0.00785793,251.48561,245.92314,329.93835,0.6447575,10.991703,0.16096674
5,10,10,0.0024009997,0.038562853,0.01733188,0.013925738,0.007305234,0.0658253,0.0047026137,4.490325,-0.04232025,7.282128,-0.6381941,0.1316506,0.009405227,0.11800736,-0.0011121889,0.08547066,-0.0074905218,251.5191,246.13977,329.3698,0.68051434,10.991703,0.1658283
5,11,10,0.0024009997,0.034824505,0.017009579,0.011124535,0.006690389,0.06521039,0.0038350436,4.013374,-0.104847305,6.968943,-0.74145,0.13042077,0.0076700873,0.105472915,-0.0027554263,0.0817948,-0.008702432,251.59927,246.48956,330.06854,0.8462973,10.992899,0.13487357
5,12,10,0.0024009997,0.03306575,0.015042251,0.01121463,0.0068088705,0.061323427,0.0032675397,4.0295925,-0.30934736,7.0303793,-0.61191595,0.12264685,0.0065350793,0.10589915,-0.0081297625,0.08251588,-0.0071820826,251.63538,246.55057,330.52826,0.92126334,10.992899,0.1382607
5,13,10,0.0024009997,0.029321615,0.013770462,0.009883815,0.0056673368,0.058673806,0.0042479048,3.7829535,-0.17893727,6.4140267,-0.4145121,0.11734761,0.0084958095,0.09941738,-0.004702535,0.07528172,-0.0048651504,251.63364,246.48242,330.2674,0.59344935,10.994785,0.10920198
5,14,10,0.0024009997,0.029077988,0.014444565,0.009158721,0.005474701,0.060092773,0.0025035255,3.6415486,-0.09316069,6.3040757,-0.46523193,0.12018555,0.005007051,0.09570121,-0.0024482934,0.073991224,-0.0054604453,251.67021,246.6368,331.0481,0.55839264,10.994785,0.11128149
5,15,10,0.0024009997,0.023229133,0.011380705,0.00702283,0.0048255967,0.053340193,0.001909411,3.1887817,-0.2851333,5.9185686,-0.4178439,0.106680386,0.003818822,0.08380233,-0.007493407,0.06946652,-0.004904252,251.64084,246.54851,331.04697,0.7029772,10.997031,0.09021707
5,16,10,0.0024009997,0.02611404,0.0129104,0.008270638,0.004933001,0.05681197,0.0026868328,3.4604945,-0.027900985,5.984072,-0.498407,0.11362394,0.0053736656,0.090943046,-0.0007332473,0.07023533,-0.0058498285,251.5402,246.12802,330.41318,0.526308,10.997031,0.09319213
5,17,10,0.0024009997,0.023415124,0.012658277,0.00655636,0.004200487,0.056254502,0.0026169647,3.0810595,0.08532426,5.521932,-0.6535149,0.112509005,0.0052339295,0.08097135,0.0022423537,0.06481116,-0.0076703303,251.46638,245.72972,330.4116,0.5681907,10.999285,0.07690937
5,18,10,0.0024009997,0.022670675,0.011074404,0.0071926545,0.0044036177,0.052617498,0.00033111134,3.2271063,-0.04116466,5.6538725,-0.77326554,0.105234995,0.0006622227,0.08480952,-0.0010818221,0.06635976,-0.009075854,251.41164,245.57848,330.36392,0.8144302,10.999285,0.080930494
5,19,10,0.0024009997,0.026151843,0.014185858,0.008016302,0.003949683,0.0595522,0.0029965146,3.406871,0.09884628,5.3545423,-0.86533916,0.1191044,0.005993029,0.089533806,0.0025977155,0.062846504,-0.010156525,251.37953,245.61047,329.77557,0.7664929,11.001319,0.08201334
5,20,10,0.0024009997,0.024129549,0.012466716,0.007845665,0.0038171688,0.055827223,0.0019860347,3.3704164,0.10399387,5.2639513,-0.876379,0.111654446,0.0039720694,0.08857576,0.0027329964,0.06178324,-0.010286096,251.40599,245.63582,330.33408,0.7723851,11.001319,0.078745715
5,21,10,0.0024009997,0.018699761,0.009674756,0.005733949,0.003291056,0.04918017,0.0007836027,2.8813472,-0.03439283,4.8877487,-0.7581992,0.09836034,0.0015672054,0.07572284,-0.0009038551,0.057367727,-0.00889902,251.43452,245.72723,330.59042,0.79259205,11.003053,0.056314055
5,22,10,0.0024009997,0.021706654,0.012486144,0.0059466967,0.0032738135,0.055870708,0.0033064869,2.9343135,0.07779096,4.8749275,-0.8063284,0.111741416,0.0066129738,0.07711483,0.0020443732,0.057217248,-0.009463911,251.40483,245.75423,329.7567,0.72853744,11.003053,0.06552721
5,23,10,0.0024009997,0.022236126,0.012883068,0.0063721566,0.0029809016,0.056751803,0.001630784,3.0374691,0.18823405,4.651736,-0.98313403,0.113503605,0.003261568,0.07982579,0.00494686,0.054597635,-0.011539087,251.36014,245.60951,329.97037,0.7949,11.004354,0.07280686
5,24,10,0.0024009997,0.018153312,0.009993339,0.005458325,0.0027016473,0.049983345,0.0010024819,2.8112428,0.08022035,4.4284887,-0.9023242,0.09996669,0.0020049638,0.07388048,0.0021082181,0.051977374,-0.010590622,251.33353,245.47044,330.20444,0.82210386,11.004354,0.06674051
5,25,10,0.0024009997,0.02047141,0.011234784,0.006823807,0.00241282,0.05299713,0.0025164827,3.1432726,0.25221702,4.1850786,-1.1204884,0.10599426,0.0050329654,0.08260634,0.0066283513,0.049120463,-0.013151226,251.32765,245.54231,329.63205,0.86827135,11.005197,0.07617865
5,26,10,0.0024009997,0.021504054,0.011937704,0.006868454,0.0026978962,0.0546299,0.0017982165,3.1535387,0.24063458,4.425413,-1.2393835,0.1092598,0.003596433,0.08287614,0.006323964,0.051941276,-0.014546702,251.38861,245.82307,330.25168,0.9987489,11.005197,0.07663803
5,27,10,0.0024009997,0.01903336,0.010113403,0.006413524,0.0025064333,0.05028271,0.00078626344,3.0473127,0.04751325,4.265494,-1.2060727,0.10056542,0.0015725269,0.08008448,0.0012486643,0.05006429,-0.01415573,251.45064,246.14117,330.5724,1.1585594,11.005483,0.07575034
5,28,10,0.0024009997,0.02200489,0.012680258,0.0064985426,0.0028260886,0.056303326,0.0037436166,3.0674443,0.24124068,4.529331,-1.2329798,0.11260665,0.0074872333,0.08061354,0.0063398946,0.05316097,-0.014471543,251.47968,246.25107,330.00522,0.9917391,11.005483,0.0760624
5,29,10,0.0024009997,0.020509474,0.011997577,0.006216526,0.0022953711,0.054766726,0.0021494597,3.0001469,0.36675864,4.0819497,-1.2969639,0.10953345,0.0042989193,0.07884495,0.009638553,0.04791003,-0.015222526,251.53441,246.37129,331.08508,0.9302053,11.005237,0.094498284
5,30,10,0.0024009997,0.016049175,0.008906069,0.005034256,0.0021088503,0.047185987,9.604039e-5,2.6998293,0.27942008,3.912588,-1.2684722,0.094371974,0.00019208078,0.07095249,0.007343258,0.04592222,-0.014888117,251.54999,246.454,331.44815,0.9890521,11.005237,0.08607306
5,31,10,0.0024009997,0.01794504,0.010306051,0.005799957,0.0018390317,0.05075936,0.0019219909,2.8978846,0.26723313,3.6537244,-1.1961974,0.10151872,0.0038439818,0.07615745,0.007022979,0.042883933,-0.014039822,251.49928,246.3619,330.7008,0.92896426,11.00445,0.09323971
5,32,10,0.0024009997,0.019374093,0.011510943,0.0059705907,0.00189256,0.05364453,0.0013634817,2.940203,0.34485456,3.7065175,-1.2123793,0.10728906,0.0027269635,0.0772696,0.009062905,0.043503564,-0.014229753,251.4845,246.22778,330.94586,0.86752474,11.00445,0.10554516
5,33,10,0.0024009997,0.0164218,0.008933468,0.005543954,0.0019443781,0.04725851,-0.00086415024,2.8332078,0.10249633,3.7569168,-1.2563528,0.09451702,-0.0017283005,0.074457735,0.002693635,0.044095103,-0.014745868,251.44579,246.07808,330.7138,1.1538564,11.003187,0.09498287
5,34,10,0.0024009997,0.019803789,0.010983796,0.0067510107,0.0020689808,0.052401803,0.0018697269,3.1264613,0.26544783,3.8754256,-1.2927127,0.10480361,0.0037394539,0.08216453,0.006976062,0.04548605,-0.015172629,251.41235,245.98062,330.00757,1.0272648,11.003187,0.09664405
5,35,10,0.0024009997,0.017760739,0.009188138,0.00673848,0.0018341203,0.047927387,-5.258409e-5,3.1235583,0.19596733,3.6488426,-1.1796033,0.095854774,-0.00010516818,0.08208825,0.0051500928,0.04282663,-0.013845058,251.47116,246.07416,330.7594,0.983636,11.001455,0.090287484
5,36,10,0.0024009997,0.017340602,0.009403226,0.0059181745,0.0020192016,0.048485115,-0.0013619224,2.9272683,-0.0024961992,3.8285213,-1.2176136,0.09697023,-0.0027238447,0.07692967,-6.5598826e-5,0.04493553,-0.014291185,251.56937,246.53003,331.1655,1.2201098,11.001455,0.08594689
5,37,10,0.0024009997,0.01807566,0.010544711,0.0057688323,0.0017621167,0.05134372,0.0006482413,2.890098,0.022454426,3.576503,-1.0331291,0.10268744,0.0012964826,0.07595283,0.0005901119,0.041977573,-0.012125883,251.64398,246.86517,331.07275,1.0106747,10.999422,0.07824034
5,38,10,0.0024009997,0.019222297,0.012218301,0.0055458453,0.0014581492,0.055268213,-0.0011341095,2.8336914,0.031049324,3.2534356,-0.98589057,0.11053643,-0.002268219,0.07447043,0.0008159888,0.03818572,-0.011571441,251.72675,247.04567,331.83716,0.95484126,10.999422,0.08436305
5,39,10,0.0024009997,0.017187215,0.010303189,0.0054322802,0.001451746,0.050752312,-0.002719656,2.804528,-0.26538754,3.246284,-0.8821908,0.101504624,-0.005439312,0.073704004,-0.0069744796,0.038101785,-0.010354314,251.79376,247.30688,332.45044,1.1475784,10.997238,0.07892963
5,40,10,0.0024009997,0.016857136,0.010220933,0.0052842847,0.0013519184,0.050549313,-0.00018322095,2.766061,-0.010622468,3.132683,-0.85941213,0.10109863,-0.0003664419,0.07269309,-0.00027915864,0.036768444,-0.010086958,251.73438,247.15182,331.89792,0.8700346,10.997238,0.07938806
5,41,10,0.0024009997,0.014837497,0.00917033,0.004305669,0.0013614974,0.04788092,-0.0025423032,2.4968305,-0.000995896,3.1437616,-0.8450607,0.09576184,-0.0050846064,0.0656176,-2.6171858e-5,0.036898475,-0.0099185165,251.65132,246.76825,331.99323,0.8460566,10.994926,0.07086846
5,42,10,0.0024009997,0.014018488,0.008726667,0.0039330698,0.0013587521,0.046708316,-0.004243851,2.3863518,-0.12707266,3.1405904,-0.8553225,0.09341663,-0.008487702,0.06271419,-0.0033395146,0.036861256,-0.010038959,251.57446,246.36827,331.91312,0.9823952,10.994926,0.083468474
5,43,10,0.0024009997,0.014559176,0.009093396,0.0042192047,0.0012465756,0.04767965,-0.0013826267,2.4716332,-0.0653929,3.0081573,-0.73205847,0.0953593,-0.0027652534,0.064955406,-0.0017185482,0.03530688,-0.008592203,251.5279,246.24542,331.044,0.7974514,10.992473,0.078707546
5,44,10,0.0024009997,0.016046178,0.010055904,0.0045934604,0.0013968118,0.050139565,-0.002933876,2.5789247,-0.0025733986,3.1842718,-0.89825547,0.10027913,-0.005867752,0.06777507,-6.7629895e-5,0.037373945,-0.010542865,251.53584,246.28555,331.40582,0.90082884,10.992473,0.08239281
5,45,10,0.0024009997,0.014102688,0.008669956,0.004138872,0.0012938601,0.046556298,-0.0036512231,2.44799,-0.17392758,3.064678,-0.77521205,0.093112595,-0.0073024463,0.064334065,-0.0045708795,0.035970267,-0.009098699,251.54352,246.4345,331.51242,0.9491396,10.989998,0.09245503
5,46,10,0.0024009997,0.016152674,0.009710624,0.00508798,0.0013540712,0.04927125,-0.00065133034,2.7141974,-0.01962046,3.1351764,-0.6766852,0.0985425,-0.0013026607,0.07133008,-0.0005156326,0.036797706,-0.007942284,251.5222,246.38126,330.86008,0.6963057,10.989998,0.08959189
5,47,10,0.0024009997,0.014175714,0.008649587,0.00423717,0.0012889566,0.046501577,-0.0013604898,2.4768896,0.033925027,3.0588653,-0.47253704,0.093003154,-0.0027209795,0.06509355,0.0008915616,0.035902042,-0.005546189,251.58131,246.50244,331.64853,0.438612,10.987532,0.058750197
5,48,10,0.0024009997,0.016718281,0.0102623245,0.004966473,0.0014894844,0.050651565,-0.0040822304,2.6815922,-0.084534325,3.2882073,-0.42993754,0.10130313,-0.008164461,0.07047321,-0.0022215934,0.03859384,-0.0050461963,251.70995,247.04236,332.5225,0.5144719,10.987532,0.07143268
5,49,10,0.0024009997,0.015039924,0.008158114,0.005769191,0.0011126187,0.04516114,-3.4231205e-5,2.890188,-0.041634377,2.8419366,-0.04026674,0.09032228,-6.846241e-5,0.07595519,-0.0010941667,0.03335594,-0.00047261245,251.81282,247.53104,332.37186,0.08190112,10.985205,0.04808543
5,50,10,0.0024009997,0.015806124,0.009185039,0.0055187983,0.001102285,0.047919307,-0.0013666481,2.8267727,-0.20771514,2.8287084,0.036302354,0.095838614,-0.0027332962,0.074288614,-0.0054588295,0.033200677,0.00042608252,251.93916,247.92091,333.15952,0.17141278,10.985205,0.061327763
5,51,10,0.0024009997,0.015005021,0.009462496,0.0044856644,0.0010568604,0.04863768,-0.0013215736,2.548485,-0.47429237,2.7698104,0.24853343,0.09727536,-0.0026431473,0.0669751,-0.012464574,0.03250939,0.002917049,252.03703,248.21664,333.78412,0.22575894,10.983024,0.081993364
5,52,10,0.0024009997,0.014455374,0.009172985,0.004340034,0.0009423551,0.04788785,0.0016090337,2.5067744,-0.37914222,2.6154623,0.2743627,0.0957757,0.0032180673,0.065878935,-0.009963994,0.030697802,0.0032202085,252.05531,248.42133,333.40594,0.10477951,10.983024,0.07340425
5,53,10,0.0024009997,0.013234036,0.008384207,0.003792304,0.0010575247,0.04578266,0.0024727227,2.3432589,-0.18993378,2.7706804,0.3311161,0.09156532,0.0049454453,0.061581686,-0.0049915286,0.032519605,0.0038863255,252.10768,248.68785,334.15237,-0.14118233,10.981215,0.0681765
5,54,10,0.0024009997,0.012309964,0.008046164,0.0032010637,0.0010627358,0.044850208,-0.00019166687,2.1528602,-0.20701763,2.7774985,0.31268156,0.089700416,-0.00038333374,0.056577943,-0.0054404982,0.032599628,0.0036699574,252.13632,248.85602,334.72943,-0.105663925,10.981215,0.05711298
5,55,10,0.0024009997,0.012553595,0.00808553,0.0034850845,0.0009829798,0.044959787,0.0039760103,2.2463396,-0.05550927,2.6712437,0.45264947,0.089919575,0.0079520205,0.059034605,-0.0014588038,0.03135251,0.005312767,252.10643,248.86559,334.0152,-0.3971402,10.979671,0.045237757
5,56,10,0.0024009997,0.012819391,0.008141981,0.0036553266,0.0010220824,0.045116466,0.0031178284,2.3005505,0.0121786045,2.7238562,0.4170836,0.09023293,0.006235657,0.060459297,0.00032005797,0.031970024,0.0048953295,252.11577,248.83682,334.48358,-0.4292622,10.979671,0.04971404
5,57,10,0.0024009997,0.010955143,0.0063099274,0.003625972,0.0010192428,0.039717525,0.0019707014,2.2912943,-0.007061756,2.72007,0.5216533,0.07943505,0.003941403,0.060216043,-0.00018558478,0.03192558,0.006122671,252.13434,248.82805,334.92322,-0.5145915,10.978319,0.034718223
5,58,10,0.0024009997,0.012721348,0.0071420143,0.004490466,0.001088868,0.04225522,0.004436166,2.5498486,0.098296605,2.8114402,0.6066871,0.08451044,0.008872332,0.06701094,0.0025832704,0.032998,0.0071207145,252.1403,248.89175,334.31232,-0.7049837,10.978319,0.042103976
5,59,10,0.0024009997,0.013470229,0.00826868,0.004052633,0.0011489146,0.045466144,0.0040213834,2.422352,0.25445592,2.8879192,0.56947374,0.09093229,0.008042767,0.063660294,0.0066871946,0.03389564,0.0066839396,252.23967,249.26132,335.09613,-0.82392967,10.976936,0.044789527
5,60,10,0.0024009997,0.013647591,0.00858079,0.0038405473,0.0012262538,0.046316277,0.002955058,2.3581161,0.13205859,2.9835372,0.54940385,0.092632554,0.005910116,0.06197215,0.003470548,0.035017908,0.006448378,252.30591,249.58235,335.6975,-0.6814624,10.976936,0.033094723
5,61,10,0.0024009997,0.015223046,0.009167093,0.004876174,0.0011797792,0.04787247,0.005206038,2.657102,0.3403846,2.9264534,0.5436353,0.09574494,0.010412076,0.069829606,0.008945428,0.034347914,0.006380671,252.29248,249.62401,334.9834,-0.8840199,10.975567,0.04994807
5,62,10,0.0024009997,0.014824315,0.008856279,0.0046099103,0.0013581266,0.047053903,0.0041079726,2.5835385,0.36732084,3.1398678,0.6253075,0.09410781,0.008215945,0.06789632,0.009653325,0.03685277,0.0073392633,252.32825,249.59622,335.64584,-0.99262834,10.975567,0.05763604
5,63,10,0.0024009997,0.014353302,0.008516628,0.004461602,0.0013750724,0.04614279,0.0015444672,2.5416405,0.31124654,3.1593955,0.566502,0.09228558,0.0030889343,0.06679522,0.008179672,0.037081968,0.0066490597,252.37305,249.76389,335.90613,-0.8777485,10.973998,0.045183707
5,64,10,0.0024009997,0.014167967,0.008034727,0.004782608,0.0013506331,0.04481832,0.0035962681,2.631486,0.4360307,3.1311934,0.7125139,0.08963664,0.0071925363,0.0691564,0.011459045,0.03675096,0.008362808,252.39287,249.93225,335.53397,-1.1485445,10.973998,0.05159167
5,65,10,0.0024009997,0.0128883645,0.007403798,0.0042305235,0.0012540421,0.043022662,0.0034415536,2.4749458,0.38909212,3.0171523,0.58319414,0.086045325,0.006883107,0.06504247,0.01022548,0.035412457,0.0068449783,252.45064,250.18486,336.0606,-0.9722862,10.972379,0.05465008
5,66,10,0.0024009997,0.013520161,0.008341579,0.003929197,0.0012493846,0.04566612,0.0005873066,2.3851771,0.30538562,3.0115442,0.556257,0.09133224,0.0011746133,0.06268331,0.008025645,0.035346635,0.006528815,252.48804,250.26071,336.42157,-0.8616426,10.972379,0.052057844
5,67,10,0.0024009997,0.014384612,0.008021145,0.005131556,0.0012319108,0.044780422,0.0019330122,2.725795,0.28344688,2.9904103,0.47714773,0.089560844,0.0038660243,0.07163488,0.0074490863,0.035098586,0.0056003043,252.49129,250.34268,335.83557,-0.7605946,10.970703,0.03595348
5,68,10,0.0024009997,0.013936477,0.0079026995,0.0046678046,0.0013659729,0.044448566,0.0014869715,2.5997105,0.2005971,3.1489246,0.48253116,0.08889713,0.002973943,0.06832133,0.005271765,0.03695907,0.00566349,252.58113,250.6994,336.5503,-0.68312824,10.970703,0.041326493
5,69,10,0.0024009997,0.014123398,0.008661602,0.004200264,0.0012615327,0.046533864,-0.0013573838,2.4660788,0.054643333,3.02615,0.5053784,0.09306773,-0.0027147676,0.06480944,0.0014360463,0.03551806,0.0059316503,252.65146,250.94954,337.23257,-0.56002176,10.96891,0.040830806
5,70,10,0.0024009997,0.01365409,0.008183575,0.004208697,0.0012618182,0.04523156,0.000920703,2.4685533,0.127421,3.0264928,0.5952711,0.09046312,0.001841406,0.06487447,0.00334867,0.03552208,0.006986723,252.65106,250.94832,336.65405,-0.72269213,10.96891,0.043253195
5,71,10,0.0024009997,0.0138317635,0.008064033,0.004429116,0.0013386145,0.04489998,0.00037997586,2.53237,0.113608405,3.117231,0.41705728,0.08979996,0.0007599517,0.0665516,0.00298567,0.03658708,0.00489502,252.6604,250.83507,337.182,-0.5306657,10.96704,0.046215273
5,72,10,0.0024009997,0.014292055,0.007674102,0.0050259586,0.0015919943,0.043800976,-0.0025957825,2.6976035,-0.097269945,3.399476,0.28197664,0.08760195,-0.005191565,0.070893995,-0.0025562898,0.039899804,0.0033095744,252.67233,250.81136,337.38843,-0.18470669,10.96704,0.05621975
5,73,10,0.0024009997,0.015391429,0.00856635,0.005289507,0.0015355725,0.04627729,0.00049516634,2.7674277,-0.105481274,3.3386922,0.33048773,0.09255458,0.0009903327,0.072729,-0.0027720865,0.03918638,0.003878947,252.66245,250.8316,336.57812,-0.22500646,10.965123,0.044568475
5,74,10,0.0024009997,0.014725974,0.008130681,0.005075719,0.0015195737,0.045085143,-4.2345036e-5,2.7109246,-0.062307723,3.3212538,0.35740197,0.09017029,-8.469007e-5,0.07124408,-0.001637469,0.03898171,0.0041948427,252.70407,251.01859,337.08865,-0.29509425,10.965123,0.0498155
5,75,10,0.0024009997,0.0134294275,0.007592619,0.004473147,0.0013636608,0.043567818,-0.0027150097,2.5449266,-0.1764076,3.1462584,0.25343555,0.087135635,-0.0054300195,0.06688159,-0.004636055,0.03692778,0.0029745842,252.74905,251.20721,337.64346,-0.07702795,10.963182,0.052098338
5,76,10,0.0024009997,0.014136352,0.008396955,0.004358152,0.0013812445,0.04581745,-0.0003790844,2.5120018,-0.09612189,3.1664784,0.4578909,0.0916349,-0.0007581688,0.0660163,-0.002526117,0.037165098,0.005374286,252.76898,251.35756,337.11365,-0.36176902,10.963182,0.07160129
5,77,10,0.0024009997,0.013207559,0.008362827,0.0035881195,0.0012566117,0.045724247,-0.0006184918,2.2793033,-0.06990785,3.0202422,0.38455224,0.09144849,-0.0012369836,0.059900913,-0.0018372036,0.03544872,0.0045135054,252.84225,251.60283,337.7079,-0.3146444,10.961317,0.060234472
5,78,10,0.0024009997,0.013888714,0.008542649,0.0039706067,0.0013754583,0.04621323,-0.0021322712,2.3977125,-0.23048471,3.1598387,0.28200138,0.09242646,-0.0042645424,0.06301275,-0.00605722,0.037087172,0.0033098646,252.85239,251.60815,338.02274,-0.051516667,10.961317,0.06948526
5,79,10,0.0024009997,0.01454581,0.009074385,0.0041890945,0.0012823303,0.047629785,0.00036569097,2.4627979,-0.24007508,3.050993,0.264911,0.09525957,0.00073138194,0.064723216,-0.0063092625,0.03580964,0.0031092702,252.80774,251.49124,337.4898,-0.024835914,10.959578,0.06500239
5,80,10,0.0024009997,0.015157585,0.009519051,0.004207264,0.0014312706,0.04878281,-0.00040911062,2.468133,-0.11069853,3.22331,0.17396098,0.09756562,-0.00081822125,0.06486343,-0.0029091944,0.037832137,0.0020417878,252.81345,251.4534,337.9091,-0.063262455,10.959578,0.07395009
5,81,10,0.0024009997,0.015646126,0.010058518,0.004212643,0.0013749646,0.05014608,-0.0028212643,2.4697104,-0.24589793,3.159272,-0.0077384794,0.10029216,-0.0056425286,0.064904876,-0.0064622867,0.037080515,-9.082814e-5,252.8329,251.5576,338.07162,0.25363642,10.957901,0.07130699
5,82,10,0.0024009997,0.016118454,0.010154511,0.0044229724,0.0015409697,0.050384797,-0.00072986266,2.5306134,-0.17951934,3.3445544,0.04861485,0.100769594,-0.0014597253,0.06650543,-0.0047178315,0.039255187,0.00057059585,252.84375,251.68802,337.48468,0.1309045,10.957901,0.07036528
5,83,10,0.0024009997,0.01360989,0.007733087,0.0042947573,0.0015820452,0.043968987,-0.00068477466,2.4936643,-0.0050118766,3.3888369,-0.03995645,0.08793797,-0.0013695493,0.0655344,-0.00013171423,0.039774932,-0.00046897115,252.91473,251.87648,338.1295,0.044968326,10.95652,0.055115398
5,84,10,0.0024009997,0.015794078,0.009278342,0.00476286,0.0017528749,0.048162077,-0.0038203706,2.6260476,-0.15723835,3.5671115,-0.040687524,0.09632415,-0.0076407413,0.06901348,-0.0041322806,0.04186735,-0.00047755032,252.99915,252.13696,338.4215,0.19792587,10.95652,0.0693516
5,85,10,0.0024009997,0.019443315,0.012731552,0.0049344855,0.0017772765,0.05641709,-0.0005545172,2.6729429,-0.3036025,3.5918543,0.1286566,0.11283418,-0.0011090344,0.07024589,-0.007978781,0.042157758,0.0015100484,253.02322,252.32454,337.7519,0.17494589,10.955277,0.056981932
5,86,10,0.0024009997,0.0138023505,0.007298955,0.004575379,0.0019280155,0.04271696,-0.0016615042,2.5738437,-0.24714902,3.7410753,0.18659087,0.08543392,-0.0033230083,0.06764155,-0.006495166,0.043909173,0.0021900267,253.09691,252.5483,338.7027,0.060558155,10.955277,0.06352043
5,87,10,0.0024009997,0.016100666,0.009543039,0.004534666,0.0020229619,0.04884424,-0.003099877,2.5623667,-0.36067027,3.8320842,0.14528663,0.09768848,-0.006199754,0.06733993,-0.009478546,0.04497735,0.0017052365,253.13478,252.65953,339.21457,0.21538363,10.954127,0.061978254
5,88,10,0.0024009997,0.017163048,0.009683743,0.0053872657,0.002092039,0.049203005,-0.0004919061,2.7928836,-0.315547,3.8969612,0.25241914,0.09840601,-0.0009838121,0.073397994,-0.00829269,0.045738813,0.0029626542,253.08868,252.53477,338.56354,0.063127846,10.954127,0.063690126
5,89,10,0.0024009997,0.014654526,0.0076113055,0.0049577537,0.002085467,0.0436214,-0.00042693256,2.6792371,-0.12747756,3.8908358,0.121173784,0.0872428,-0.0008538651,0.07041132,-0.0033501592,0.045666914,0.0014222228,253.09312,252.52776,338.99393,0.0063037723,10.953113,0.067395695
5,90,10,0.0024009997,0.01616456,0.008981689,0.004976733,0.0022061383,0.047385886,-0.0038992576,2.6843605,-0.2710845,4.0018206,0.11782267,0.09477177,-0.0077985153,0.070545964,-0.007124196,0.046969548,0.001382894,253.09201,252.52571,339.39398,0.15326181,10.953113,0.064976454
5,91,10,0.0024009997,0.015851507,0.008794418,0.004997454,0.002059634,0.04688928,-0.001096369,2.689943,-0.15800707,3.866662,0.13419859,0.09377856,-0.002192738,0.07069267,-0.0041524866,0.045383193,0.001575096,253.04843,252.41954,338.70676,0.02380848,10.952177,0.065228924
5,92,10,0.0024009997,0.015292699,0.007375186,0.005556801,0.002360713,0.04293945,-0.00044396316,2.836489,-0.11460225,4.1396427,0.100608595,0.0858789,-0.0008879263,0.07454395,-0.0030117938,0.04858717,0.0011808487,253.0629,252.39204,339.03543,0.013993658,10.952177,0.073001504
5,93,10,0.0024009997,0.015360739,0.007501693,0.0052900417,0.0025690054,0.043306157,-0.0007923251,2.7675672,-0.25753132,4.318408,0.19920318,0.086612314,-0.0015846503,0.07273267,-0.0067680147,0.050685357,0.002338059,253.07753,252.34114,339.16556,0.058328137,10.951279,0.07036315
5,94,10,0.0024009997,0.017051525,0.008560416,0.0059021045,0.0025890036,0.04626126,-9.442098e-5,2.9232914,-0.15674661,4.335184,0.13132122,0.09252252,-0.00018884196,0.07682516,-0.00411936,0.050882254,0.0015413195,253.06258,252.36586,338.46725,0.02542539,10.951279,0.069099754
5,95,10,0.0024009997,0.01635142,0.007810735,0.005930012,0.0026106741,0.04418918,-0.0003350526,2.9301944,0.07078822,4.3532896,-0.09984165,0.08837836,-0.0006701052,0.07700657,0.0018603398,0.051094756,-0.0011718472,253.0799,252.36537,338.86786,0.029053427,10.9504175,0.06357541
5,96,10,0.0024009997,0.01753863,0.008688244,0.0059604123,0.0028899733,0.046605375,-0.0024700463,2.9376957,-0.1923212,4.5802393,-0.033383302,0.09321075,-0.0049400926,0.077203706,-0.0050542727,0.053758472,-0.00039182047,253.11111,252.43596,339.1769,0.22570449,10.9504175,0.06855258
5,97,10,0.0024009997,0.01642797,0.0079686465,0.005486018,0.0029733058,0.044633638,-0.00014756729,2.8183653,-0.0022080548,4.645806,-0.06676175,0.089267276,-0.00029513458,0.07406766,-5.8028432e-5,0.054528028,-0.00078358914,253.08397,252.3909,338.3537,0.0689698,10.949588,0.061149362
5,98,10,0.0024009997,0.016890405,0.008199379,0.0058718035,0.002819222,0.04527521,0.00052121223,2.915778,0.14282334,4.5238256,-0.13129371,0.09055042,0.0010424245,0.076627694,0.0037534472,0.053096347,-0.0015409986,253.09248,252.35535,338.66684,-0.011529624,10.949588,0.072031766
5,99,10,0.0024009997,0.015927507,0.0073971874,0.005676975,0.002853345,0.04300345,-0.0026859387,2.8669965,0.07335551,4.5511203,-0.19077486,0.0860069,-0.0053718775,0.0753457,0.0019278093,0.05341671,-0.0022391346,253.08897,252.28429,338.93747,0.11741935,10.948804,0.066445366
5,100,10,0.0024009997,0.019351227,0.009607452,0.0066338284,0.0031099466,0.049008805,-0.0010649335,3.099208,-0.0137723675,4.751357,-0.226253,0.09801761,-0.002129867,0.08144832,-0.00036194109,0.055766895,-0.0026555434,253.03702,252.10358,338.03403,0.24002537,10.948804,0.0667942
