ic,traj,n_steps,eta,loss_total,loss_T,loss_olw,loss_slwd,rmse_T,bias_T,rmse_olw,bias_olw,rmse_slwd,bias_slwd,nrmse_T,nbias_T,nrmse_olw,nbias_olw,nrmse_slwd,nbias_slwd,mean_T,mean_olw,mean_slwd,bias_C,pnorm,gnorm
1,1,10,0.01,1.218511,0.31055683,0.8040892,0.103865005,0.27863812,-0.0014614493,34.120922,8.409983,27.458439,-8.4229765,0.55727625,-0.0029228986,0.8967102,0.22101744,0.32228094,-0.09886088,252.38171,250.41885,336.0445,0.012993813,17.262726,5.0165443
1,2,10,0.01,1.2469193,0.33298916,0.8055717,0.10835853,0.28852606,-0.0075107045,34.152363,7.751519,28.04612,-8.235152,0.5770521,-0.015021409,0.89753646,0.20371278,0.32917857,-0.096656375,252.4257,250.53682,336.72128,0.48363304,17.262726,5.0873795
1,3,10,0.01,1.3707954,0.35741624,0.90375274,0.10962645,0.2989215,-0.017410344,36.173744,9.383422,28.209726,-8.532396,0.597843,-0.034820687,0.9506591,0.24659964,0.33109885,-0.10014513,252.42111,250.4441,336.9982,-0.8510256,17.262726,5.287489
1,4,10,0.01,1.1976991,0.30856234,0.7810729,0.10806388,0.27774194,-0.0025445789,33.62904,8.226684,28.007963,-8.51687,0.5554839,-0.0050891577,0.8837833,0.21620016,0.3287307,-0.09996289,252.38048,250.36833,336.27866,0.29018593,17.262726,4.9934025
1,5,10,0.01,0.35036927,0.16402654,0.1404449,0.045897856,0.20250095,0.030774977,14.26007,-0.24644847,18.253134,-2.97428,0.4050019,0.061549954,0.3747598,-0.00647675,0.21423785,-0.034909252,252.39743,250.3604,336.80554,3.2207286,17.26099,1.4008124
1,6,10,0.01,0.43087626,0.18848546,0.19536975,0.047021028,0.21707456,0.02521539,16.81889,1.0169767,18.475119,-3.103798,0.43414912,0.05043078,0.4420065,0.02672652,0.21684332,-0.036429413,252.39925,250.27686,337.04785,2.086821,17.26099,1.628905
1,7,10,0.01,0.35601813,0.15740088,0.15157537,0.0470419,0.19836889,0.036536068,14.814363,0.12813129,18.479223,-2.8811948,0.39673778,0.073072135,0.3893268,0.0033673348,0.21689145,-0.03381671,252.3821,250.30699,336.2166,2.7530634,17.26099,1.3915397
1,8,10,0.01,0.3588126,0.16990304,0.14369972,0.045209866,0.20609649,0.035468377,14.424362,-0.21017665,18.115812,-2.327968,0.41219297,0.070936754,0.37907746,-0.0055235117,0.21262611,-0.027323468,252.40317,250.38165,336.82275,2.5381446,17.26099,1.4346632
1,9,10,0.01,0.27620995,0.12808138,0.12798263,0.020145943,0.1789423,0.054515492,13.612699,1.560184,12.093026,1.4319453,0.3578846,0.109030984,0.3577466,0.041002207,0.1419364,0.016806811,252.42783,250.44316,337.29257,-2.9921293,17.257961,1.3233261
1,10,10,0.01,0.24953333,0.11163419,0.117661506,0.020237623,0.16705851,0.06541386,13.052264,0.9236661,12.120511,1.5983295,0.33411703,0.13082772,0.34301823,0.024274286,0.142259,0.018759664,252.4165,250.44183,336.5788,-2.5219955,17.257961,1.3004928
1,11,10,0.01,0.2509119,0.11471244,0.11453032,0.021669148,0.16934612,0.06455672,12.877421,0.17597091,12.541866,1.6006165,0.33869225,0.12911344,0.33842328,0.0046245907,0.14720444,0.018786505,252.4573,250.55524,337.32285,-1.7765874,17.257961,1.3404063
1,12,10,0.01,0.27638507,0.12623926,0.12798388,0.022161946,0.17765082,0.055537406,13.612765,1.3069825,12.683678,1.3942192,0.35530165,0.11107481,0.35774836,0.034347966,0.14886889,0.016364006,252.48001,250.6883,337.74515,-2.7012017,17.257961,1.3018254
1,13,10,0.01,0.25846425,0.09522482,0.13906689,0.024172552,0.1542926,0.065529235,14.1899395,1.1247857,13.246539,3.3597455,0.3085852,0.13105847,0.37291673,0.029559769,0.15547524,0.03943348,252.44322,250.5902,336.94427,-4.4845314,17.254553,1.3309133
1,14,10,0.01,0.25179443,0.091205575,0.13566609,0.024922771,0.1510013,0.06571536,14.015363,0.2891113,13.450528,3.5811725,0.3020026,0.13143072,0.36832878,0.00759795,0.15786947,0.042032387,252.5035,250.74165,337.67764,-3.8702838,17.254553,1.334085
1,15,10,0.01,0.24686156,0.09509488,0.12808953,0.023677152,0.15418729,0.055946093,13.6183815,0.9318261,13.110097,3.2471051,0.30837458,0.111892186,0.35789597,0.024488712,0.15387382,0.038111426,252.59706,251.16734,338.38657,-4.178931,17.254553,1.2373627
1,16,10,0.01,0.24593481,0.09104465,0.13137074,0.023519434,0.15086803,0.06539314,13.791707,0.6601079,13.066361,3.4770114,0.30173606,0.13078628,0.36245102,0.017347878,0.15336047,0.040809844,252.60255,251.34268,337.84756,-4.1371193,17.254553,1.280544
1,17,10,0.01,0.23273374,0.0931943,0.115043044,0.024496391,0.1526387,0.05739829,12.906214,-0.5104622,13.334977,3.6869013,0.3052774,0.11479658,0.33917996,-0.013415147,0.15651323,0.043273322,252.6482,251.37575,338.29108,-3.176439,17.24904,1.0365851
1,18,10,0.01,0.2217299,0.091416575,0.10611894,0.02419439,0.15117587,0.046066742,12.395531,0.17102563,13.252523,3.1818173,0.30235174,0.092133485,0.32575902,0.004494614,0.15554546,0.03734513,252.69577,251.52722,338.6126,-3.3528428,17.24904,0.97698915
1,19,10,0.01,0.23839447,0.09678075,0.11643684,0.025176886,0.15554802,0.058652308,12.98416,0.06175783,13.518928,3.538694,0.31109604,0.117304616,0.34122843,0.0016230273,0.15867226,0.04153381,252.7151,251.72267,338.1119,-3.6004517,17.24904,1.0548223
1,20,10,0.01,0.23811492,0.09384486,0.11902235,0.025247725,0.15317054,0.057747956,13.127527,-0.29935965,13.537932,3.5085309,0.30634108,0.11549591,0.34499615,-0.007867276,0.15889533,0.041179787,252.76279,251.88084,338.61572,-3.2091713,17.24904,1.038957
1,21,10,0.01,0.19942147,0.0804473,0.09755722,0.021416947,0.14181617,0.032880995,11.884978,-2.2063265,12.468666,2.0908267,0.28363234,0.06576199,0.3123415,-0.05798306,0.1463453,0.02454012,252.80295,251.99988,339.04285,0.115499735,17.243303,0.9028471
1,22,10,0.01,0.21500832,0.09093578,0.102329016,0.02174352,0.1507778,0.045993127,12.172172,-2.2973704,12.563371,2.5504875,0.3015556,0.091986254,0.31988907,-0.060375724,0.14745684,0.029935187,252.78065,251.98288,338.3724,-0.25311708,17.243303,0.9410719
1,23,10,0.01,0.21103793,0.08672335,0.10200443,0.022310155,0.14724414,0.043888927,12.15285,-2.5338476,12.726018,2.535109,0.29448828,0.08777785,0.31938133,-0.06659043,0.14936584,0.029754685,252.84155,252.19034,339.0988,-0.0012614727,17.243303,0.9294585
1,24,10,0.01,0.205016,0.0800172,0.10260128,0.02239752,0.14143656,0.034353003,12.1883545,-2.3539557,12.75091,2.2703078,0.28287312,0.068706006,0.32031435,-0.0618628,0.14965801,0.026646707,252.93312,252.55946,339.7163,0.08364797,17.243303,0.9146979
1,25,10,0.01,0.17767446,0.0689112,0.09367187,0.015091374,0.13125472,0.027081426,11.645906,-3.4301524,10.466599,0.5831347,0.26250944,0.054162852,0.30605862,-0.09014564,0.12284695,0.0068442784,252.9858,252.85966,339.20044,2.8470178,17.238289,0.8464199
1,26,10,0.01,0.17744766,0.06671047,0.094970636,0.015766548,0.12914185,0.028318383,11.726363,-3.7544043,10.698171,0.73673016,0.2582837,0.056636766,0.30817306,-0.098667085,0.12556492,0.008647036,253.0835,253.18138,340.0457,3.0176742,17.238289,0.86257553
1,27,10,0.01,0.1665032,0.060692474,0.08974441,0.016066331,0.12317921,0.020471945,11.399148,-3.6625252,10.799397,0.6288679,0.24635842,0.04094389,0.29957372,-0.09625248,0.12675303,0.0073810546,253.12904,253.3399,340.18442,3.0336573,17.238289,0.8381118
1,28,10,0.01,0.17418644,0.06880477,0.08936473,0.016016936,0.13115332,0.02987734,11.37501,-3.816477,10.782785,0.6181201,0.26230663,0.05975468,0.29893935,-0.10029839,0.12655804,0.007254901,253.07437,253.19241,339.29373,3.198357,17.238289,0.8433127
1,29,10,0.01,0.12338097,0.052193843,0.058322944,0.012864178,0.11422986,0.01022966,9.189425,-3.4110572,9.663451,-1.6133353,0.22845972,0.02045932,0.24150144,-0.089643806,0.11342036,-0.018935788,253.06377,253.00795,339.82956,5.0243926,17.234722,0.63248503
1,30,10,0.01,0.12459752,0.055027768,0.05571623,0.013853518,0.11728999,0.00044082076,8.981721,-2.9558246,10.02816,-1.8049254,0.23457998,0.0008816415,0.23604286,-0.07768013,0.11770097,-0.021184497,253.08127,252.98984,340.04852,4.76075,17.234722,0.585061
1,31,10,0.01,0.123870194,0.04978374,0.06007709,0.014009368,0.11156135,0.011169959,9.326594,-3.4262497,10.08441,-1.2904302,0.2231227,0.022339918,0.24510628,-0.090043075,0.118361175,-0.015145839,253.10818,253.19951,339.6902,4.71668,17.234722,0.6082735
1,32,10,0.01,0.13588837,0.058895275,0.06395432,0.013038777,0.12134174,0.009706327,9.622848,-3.956699,9.728807,-1.4325331,0.24268349,0.019412654,0.25289193,-0.10398348,0.114187464,-0.016813708,253.21422,253.59058,340.39062,5.389232,17.234722,0.62795204
1,33,10,0.01,0.113738626,0.05103697,0.047934346,0.014767314,0.112956814,-0.011993042,8.330903,-1.3403069,10.353614,-3.4470646,0.22591363,-0.023986084,0.21893914,-0.03522376,0.12152084,-0.040458355,253.28018,253.8503,340.61868,4.7873716,17.232521,0.39576522
1,34,10,0.01,0.11023651,0.05234809,0.04401849,0.013869935,0.114398524,-0.0034602408,7.98337,-1.3655612,10.034099,-3.1627228,0.22879705,-0.0069204816,0.20980583,-0.035887443,0.11777069,-0.037121028,253.24228,253.68044,339.78867,4.528284,17.232521,0.3781897
1,35,10,0.01,0.11215267,0.053363625,0.044725835,0.014063217,0.11550284,-0.00524986,8.047257,-1.5283223,10.103772,-2.9025984,0.23100568,-0.01049972,0.21148483,-0.04016487,0.11858843,-0.03406793,253.24089,253.53477,340.20447,4.4309206,17.232521,0.37189385
1,36,10,0.01,0.11183791,0.05088078,0.045909915,0.015047213,0.11278384,-0.013287669,8.153084,-0.9592286,10.451274,-3.0342343,0.22556768,-0.026575338,0.21426599,-0.025208876,0.12266708,-0.035612945,253.24982,253.53922,340.48334,3.9934628,17.232521,0.373639
1,37,10,0.01,0.09765512,0.0408943,0.041925687,0.01483513,0.101111695,-0.016307767,7.7912793,1.0135931,10.37736,-3.3697324,0.20222339,-0.032615535,0.20475763,0.02663759,0.12179955,-0.03955069,253.24376,253.57617,339.83432,2.3561392,17.231375,0.37178296
1,38,10,0.01,0.111705594,0.051479023,0.04450985,0.015716724,0.11344495,-0.016234698,8.027804,0.44132102,10.681254,-3.677587,0.2268899,-0.032469396,0.21097358,0.011598074,0.12536636,-0.04316401,253.32457,253.84627,340.56573,3.2362661,17.231375,0.36518967
1,39,10,0.01,0.123089656,0.050391734,0.056221988,0.01647593,0.112240516,-0.021917399,9.022393,1.1605947,10.936193,-3.8389375,0.22448103,-0.043834798,0.23711176,0.03050084,0.1283586,-0.04505779,253.40866,254.23854,341.12262,2.6783428,17.231375,0.49634942
1,40,10,0.01,0.11325002,0.047315694,0.050429832,0.015504496,0.108760856,-0.013989727,8.545009,0.87873876,10.608892,-3.7124717,0.21752171,-0.027979454,0.22456588,0.023093566,0.12451705,-0.043573458,253.43034,254.38617,340.54562,2.833733,17.231375,0.3986685
1,41,10,0.01,0.12026913,0.048049275,0.056520667,0.015699187,0.10960072,-0.02408972,9.046328,1.802886,10.675293,-3.4284687,0.21920145,-0.04817944,0.23774076,0.047380496,0.1252964,-0.040240098,253.48112,254.5825,341.07852,1.6255827,17.2305,0.5285209
1,42,10,0.01,0.14321211,0.058357805,0.06885193,0.016002366,0.1207868,-0.032329455,9.984509,2.5991986,10.77788,-3.4428697,0.2415736,-0.06465891,0.2623965,0.06830788,0.12650046,-0.040409118,253.49767,254.65025,341.70383,0.8436711,17.2305,0.7041269
1,43,10,0.01,0.120822884,0.047643244,0.05844256,0.014737075,0.10913666,-0.023196219,9.198845,2.4592342,10.343008,-3.2627606,0.21827333,-0.046392437,0.24174896,0.06462956,0.121396355,-0.038295172,253.42883,254.36516,340.81052,0.8035264,17.2305,0.57882553
1,44,10,0.01,0.13169497,0.059312787,0.056381654,0.01600053,0.12177108,-0.024439614,9.035197,2.079131,10.777263,-3.4510603,0.24354216,-0.04887923,0.23744822,0.054640308,0.1264932,-0.040505245,253.44563,254.29167,341.1938,1.3719294,17.2305,0.5843902
1,45,10,0.01,0.15432157,0.06955843,0.06940028,0.01536286,0.13186966,-0.036527246,10.02419,2.7357407,10.560325,-2.696253,0.26373932,-0.07305449,0.26343933,0.07189625,0.123947,-0.03164604,253.5132,254.51353,341.3284,-0.0394876,17.229267,0.7316239
1,46,10,0.01,0.11744957,0.0461209,0.058783837,0.0125448285,0.107378885,-0.029496102,9.225664,2.2205157,9.542751,-2.640338,0.21475777,-0.058992203,0.24245378,0.05835596,0.1120037,-0.030989762,253.538,254.55942,340.51752,0.41982222,17.229267,0.61103684
1,47,10,0.01,0.121756226,0.0529038,0.055801585,0.01305084,0.11500413,-0.029781953,8.988598,1.9500557,9.733307,-2.85027,0.23000826,-0.059563905,0.2362236,0.051248167,0.114240274,-0.033453748,253.5581,254.55966,340.74915,0.9002143,17.229267,0.5969673
1,48,10,0.01,0.14225699,0.059161477,0.06973261,0.013362906,0.12161566,-0.038164277,10.0481615,2.5928426,9.8489895,-2.7204483,0.24323133,-0.07632855,0.26406932,0.06814084,0.11559804,-0.031930022,253.565,254.62906,341.157,0.12760568,17.229267,0.7237649
1,49,10,0.01,0.10249269,0.04359143,0.047627714,0.011273544,0.104392804,-0.03426354,8.304214,1.194706,9.04631,-1.3834285,0.20878561,-0.06852708,0.21823774,0.03139731,0.10617695,-0.016237369,253.52693,254.54317,340.4229,0.18872249,17.227522,0.45509458
1,50,10,0.01,0.10466303,0.047598097,0.044764582,0.012300352,0.10908494,-0.034197707,8.050742,0.8288913,9.449308,-1.5422257,0.21816988,-0.06839541,0.21157642,0.021783568,0.11090695,-0.018101174,253.54344,254.50357,340.9622,0.71333444,17.227522,0.46864262
1,51,10,0.01,0.12331816,0.057984386,0.05259249,0.012741285,0.120399736,-0.03885938,8.726308,1.4627248,9.617183,-1.6499609,0.24079947,-0.07771876,0.22933052,0.03844093,0.1128773,-0.019365665,253.58148,254.62498,341.33945,0.18723607,17.227522,0.56000304
1,52,10,0.01,0.100626536,0.040757354,0.048383713,0.011485463,0.100942254,-0.032544315,8.369862,1.2545508,9.1309395,-1.6639373,0.20188451,-0.06508863,0.21996298,0.03297005,0.107170254,-0.019529713,253.59532,254.77296,340.60605,0.40938652,17.227522,0.46537253
1,53,10,0.01,0.09066721,0.043023422,0.037526917,0.01011687,0.10371044,-0.03457579,7.3712325,-0.49759844,8.5696745,-0.5955993,0.20742089,-0.06915158,0.19371866,-0.013077067,0.10058265,-0.0069905766,253.66829,255.04019,341.32828,1.0931977,17.225784,0.3292401
1,54,10,0.01,0.10774885,0.055111084,0.041543122,0.011094641,0.11737875,-0.041537546,7.75565,-0.25566062,8.974244,-0.23295139,0.2347575,-0.08307509,0.2038213,-0.006718852,0.1053311,-0.0027341624,253.70717,255.18486,341.8326,0.488612,17.225784,0.3970791
1,55,10,0.01,0.08440667,0.033779334,0.040811792,0.009815537,0.091895774,-0.033600938,7.6870823,-0.37273437,8.441085,-0.036133967,0.18379155,-0.067201875,0.20201929,-0.0097955875,0.099073395,-0.0004241018,253.67194,255.04903,340.91013,0.40886834,17.225784,0.3257825
1,56,10,0.01,0.09775951,0.047345035,0.040255263,0.010159208,0.10879457,-0.035786342,7.6344895,-0.24168296,8.587587,-0.5302273,0.21758914,-0.071572684,0.20063715,-0.0063515133,0.1007929,-0.006223302,253.68092,255.00838,341.04486,0.77191025,17.225784,0.35653743
1,57,10,0.01,0.10784966,0.061240003,0.036932904,0.009676753,0.12373359,-0.037690602,7.31266,-1.1289883,8.381197,0.5727176,0.24746718,-0.075381204,0.19217935,-0.029670227,0.098370485,0.0067220125,253.71877,255.16193,341.3611,0.55627066,17.224232,0.36161068
1,58,10,0.01,0.078095764,0.0336715,0.035360288,0.009063971,0.091748975,-0.02896023,7.155279,-1.1466507,8.111486,1.0034064,0.18349795,-0.05792046,0.18804331,-0.030134393,0.09520489,0.011777026,253.70863,255.17789,340.857,0.14324427,17.224232,0.27868143
1,59,10,0.01,0.0840278,0.042275425,0.032328863,0.009423508,0.102804944,-0.027779603,6.841697,-1.4957294,8.2708,1.0992564,0.20560989,-0.055559207,0.17980228,-0.03930831,0.097074755,0.012902024,253.76634,255.35841,341.45068,0.39647305,17.224232,0.31206036
1,60,10,0.01,0.09538876,0.050804716,0.034923907,0.009660139,0.11269951,-0.036238197,7.1109905,-1.333002,8.373999,1.103081,0.22539902,-0.072476394,0.1868794,-0.03503177,0.098286,0.012946911,253.83844,255.7127,341.98373,0.22992098,17.224232,0.36723363
1,61,10,0.01,0.07813578,0.031095974,0.038030617,0.009009187,0.08817025,-0.01802127,7.4205375,-1.8578838,8.086936,2.5178537,0.1763405,-0.03604254,0.1950144,-0.048825853,0.09491674,0.029552165,253.82626,255.77446,341.24936,-0.6599699,17.22294,0.35216376
1,62,10,0.01,0.08827819,0.042639058,0.03538125,0.010257887,0.10324614,-0.018875796,7.1573997,-1.8413281,8.629191,2.5137181,0.20649227,-0.037751593,0.18809904,-0.048390772,0.101281226,0.029503627,253.8127,255.5975,341.84775,-0.67239,17.22294,0.35923067
1,63,10,0.01,0.10517173,0.0520341,0.041293908,0.011843727,0.11405492,-0.024794875,7.7323527,-1.8889675,9.272255,2.63216,0.22810984,-0.04958975,0.20320903,-0.049642745,0.10882889,0.030893778,253.7514,255.17397,341.6773,-0.74319243,17.22294,0.38520017
1,64,10,0.01,0.07707512,0.027321799,0.040048856,0.009704461,0.082646534,-0.017404824,7.6148915,-1.6361867,8.393187,2.3806574,0.16529307,-0.03480965,0.2001221,-0.04299958,0.09851123,0.027941886,253.6473,254.68063,340.05667,-0.7444707,17.22294,0.33892393
1,65,10,0.01,0.08711332,0.039446525,0.03882946,0.008837331,0.09930575,-0.009354408,7.4980683,-1.1414471,8.009433,2.2195497,0.1986115,-0.018708816,0.19705193,-0.029997634,0.09400708,0.026050957,253.64305,254.61093,340.2988,-1.0781026,17.221766,0.38484028
1,66,10,0.01,0.10352116,0.052372802,0.04115446,0.009993905,0.114425525,-0.017818348,7.719286,-0.9139725,8.517435,2.2576566,0.22885105,-0.035636697,0.20286562,-0.024019515,0.09996952,0.026498217,253.61781,254.44492,340.4652,-1.3436841,17.221766,0.4024964
1,67,10,0.01,0.0826942,0.029506773,0.04373173,0.009455696,0.08588768,-0.00876367,7.9573236,-0.61768514,8.284913,2.650634,0.17177536,-0.01752734,0.20912133,-0.01623299,0.0972404,0.031110616,253.56676,254.25604,339.6131,-2.032949,17.221766,0.3740302
1,68,10,0.01,0.08520401,0.038574636,0.03697661,0.009652768,0.09820213,-0.011550648,7.316986,-0.90662116,8.370804,2.2059855,0.19640426,-0.023101296,0.19229303,-0.023826329,0.098248504,0.025891755,253.57756,254.26286,339.85226,-1.2993643,17.221766,0.38139403
1,69,10,0.01,0.09286007,0.0476112,0.03727531,0.007973567,0.109099954,-0.007031727,7.34648,-0.14885595,7.607948,2.0003674,0.21819991,-0.014063454,0.19306815,-0.0039119893,0.08929483,0.023478407,253.62233,254.47928,340.3326,-1.8515115,17.220695,0.3661805
1,70,10,0.01,0.07709038,0.031341612,0.03778455,0.007964222,0.088517815,0.004665552,7.396493,-0.03206708,7.6034894,2.4828053,0.17703563,0.009331104,0.19438249,-0.0008427344,0.08924249,0.029140798,253.67749,254.84288,340.1074,-2.4507382,17.220695,0.35355943
1,71,10,0.01,0.084093764,0.038549863,0.036201064,0.009342836,0.09817059,0.004761062,7.239846,-0.3168847,8.235323,2.4868834,0.19634119,0.009522124,0.19026577,-0.0083278455,0.09665835,0.029188668,253.77174,255.20818,341.14685,-2.1699986,17.220695,0.334571
1,72,10,0.01,0.09526776,0.045903616,0.04080539,0.008558748,0.10712565,-0.0031391105,7.6864786,-0.12066296,7.8821797,2.5787184,0.2142513,-0.006278221,0.20200343,-0.0031710695,0.0925135,0.030266538,253.7931,255.22925,341.17426,-2.4580555,17.220695,0.32674062
1,73,10,0.01,0.085066125,0.038211443,0.03951353,0.0073411507,0.097738735,0.015300886,7.563827,0.91582173,7.300007,2.2231688,0.19547747,0.030601772,0.1987801,0.024068126,0.085680515,0.026093436,253.72345,254.9903,340.1185,-3.1389906,17.219692,0.36698097
1,74,10,0.01,0.07809996,0.03841417,0.032346543,0.00733925,0.097997665,0.011727219,6.843568,0.707739,7.299062,1.6307527,0.19599533,0.023454439,0.17985144,0.018599637,0.08566942,0.019140221,253.69116,254.78857,340.55484,-2.3384917,17.219692,0.31918696
1,75,10,0.01,0.08793112,0.047068823,0.033892993,0.006969306,0.10847675,0.0046574525,7.00525,0.63473547,7.112725,1.462388,0.2169535,0.009314905,0.1841005,0.016681084,0.08348237,0.017164117,253.69263,254.76001,340.70975,-2.0971236,17.219692,0.3044121
1,76,10,0.01,0.074618906,0.031698506,0.035859063,0.0070613343,0.08902037,0.015504488,7.205567,0.7389916,7.159531,1.8766676,0.17804074,0.031008976,0.1893649,0.019420968,0.084031746,0.022026533,253.7145,255.00487,340.4155,-2.6156592,17.219692,0.31059736
1,77,10,0.01,0.07592043,0.036111,0.033157043,0.006652385,0.095014475,0.01900038,6.9287767,1.2079269,6.949121,0.6088772,0.19002895,0.03800076,0.18209076,0.031744756,0.081562154,0.0071464195,253.73639,255.03078,340.97803,-1.816804,17.218534,0.3167557
1,78,10,0.01,0.08160127,0.039305035,0.03486514,0.007431095,0.09912749,0.0119883185,7.1050053,1.3286489,7.344591,0.7448463,0.19825497,0.023976637,0.1867221,0.034917377,0.0862038,0.008742295,253.72676,254.9324,341.1075,-2.0734951,17.218534,0.31482607
1,79,10,0.01,0.071880005,0.031896327,0.0336591,0.0063245827,0.08929771,0.020825591,6.981037,1.5052279,6.775747,0.99581546,0.17859542,0.041651182,0.18346417,0.039557938,0.079527244,0.011687932,253.67973,254.7706,340.26523,-2.5010433,17.218534,0.36820236
1,80,10,0.01,0.0713112,0.032146096,0.03305315,0.006111956,0.08964666,0.018313866,6.917913,1.5967693,6.660876,0.5223493,0.17929332,0.036627732,0.18180525,0.04196368,0.078179,0.0061308374,253.68413,254.74268,340.5122,-2.1191187,17.218534,0.35030678
1,81,10,0.01,0.07769707,0.038228016,0.032982264,0.0064867865,0.09775993,0.012882734,6.910491,1.6947515,6.862084,-0.42758903,0.19551986,0.025765467,0.1816102,0.04453868,0.08054059,-0.005018632,253.6664,254.71289,340.62247,-1.2671624,17.21678,0.3203473
1,82,10,0.01,0.06651743,0.028250776,0.032230534,0.0060361167,0.08403984,0.024910597,6.8312855,1.5659649,6.6194205,-0.07494443,0.16807967,0.049821194,0.17952864,0.041154124,0.07769245,-0.0008796256,253.59703,254.43971,340.06116,-1.4910206,17.21678,0.3391539
1,83,10,0.01,0.06415154,0.028173018,0.029776648,0.006201872,0.0839241,0.022285445,6.566086,1.3870691,6.7096925,-0.42472917,0.1678482,0.04457089,0.17255911,0.036452673,0.07875197,-0.0049850647,253.55685,254.22186,340.11252,-0.96233994,17.21678,0.30824974
1,84,10,0.01,0.07287984,0.036045067,0.030792758,0.0060420167,0.09492769,0.013960911,6.677178,1.425476,6.6226554,-0.3579488,0.18985538,0.027921822,0.17547865,0.037462022,0.07773041,-0.004201261,253.5227,254.01993,339.94846,-1.0675272,17.21678,0.29021907
1,85,10,0.01,0.05658549,0.024477052,0.02630943,0.00579901,0.07822572,0.022347828,6.171979,0.9833195,6.4881086,-0.8073213,0.15645143,0.044695657,0.16220182,0.025841992,0.07615123,-0.009475568,253.46082,253.79565,339.2339,-0.17599821,17.21431,0.24112755
1,86,10,0.01,0.057898853,0.028308371,0.023063455,0.006527024,0.08412546,0.020355908,5.7787094,0.8090651,6.883333,-1.25227,0.16825092,0.040711816,0.15186657,0.02126253,0.08079,-0.014697949,253.46516,253.7257,339.68668,0.44320488,17.21431,0.23684321
1,87,10,0.01,0.063251495,0.033413228,0.02362302,0.0062152455,0.09139643,0.014672674,5.84839,0.836118,6.716922,-1.537778,0.18279286,0.029345348,0.15369782,0.021973478,0.07883683,-0.018048972,253.45345,253.60432,339.55673,0.70166004,17.21431,0.2030729
1,88,10,0.01,0.054784197,0.024238773,0.023579475,0.00696595,0.07784403,0.024538849,5.8429976,0.7858092,7.111011,-1.3543997,0.15568806,0.049077697,0.1535561,0.020651352,0.08346227,-0.015896652,253.40825,253.44247,338.74115,0.56859046,17.21431,0.2338486
1,89,10,0.01,0.055293843,0.02621351,0.021764558,0.007315776,0.080952935,0.018762143,5.6136274,-0.24268517,7.2873793,-2.141264,0.16190587,0.037524287,0.14752816,-0.006377854,0.08553231,-0.025132116,253.41258,253.36531,339.21338,2.383949,17.211123,0.17262693
1,90,10,0.01,0.06301489,0.03188509,0.023818517,0.007311276,0.08928198,0.011585503,5.872541,-0.16427551,7.2851377,-1.8844154,0.17856397,0.023171006,0.15433249,-0.0043172194,0.085506,-0.022117468,253.42342,253.35298,339.25638,2.0486908,17.211123,0.20729741
1,91,10,0.01,0.054167822,0.023631718,0.0235181,0.007018003,0.07686306,0.021012792,5.8353887,-0.18703488,7.1375303,-1.749466,0.15372612,0.042025585,0.15335612,-0.0049153427,0.08377352,-0.020533562,253.43051,253.32631,338.60196,1.9365008,17.211123,0.16209763
1,92,10,0.01,0.05864957,0.027499752,0.02353125,0.0076185693,0.08291525,0.019315364,5.837019,-0.32382286,7.43666,-1.8730805,0.1658305,0.038630728,0.15339899,-0.008510184,0.087284416,-0.02198443,253.50735,253.58904,339.27115,2.1969032,17.211123,0.16974612
1,93,10,0.01,0.06835663,0.034044046,0.026989058,0.0073235333,0.092255145,0.0094454065,6.251188,-0.739935,7.291243,-2.005411,0.18451029,0.018890813,0.16428347,-0.019445758,0.085577644,-0.023537597,253.54585,253.73682,339.45352,2.7453458,17.207197,0.2615811
1,94,10,0.01,0.05887837,0.025430864,0.026743565,0.0067039444,0.07973529,0.016528646,6.222692,-0.4960139,6.9759984,-1.8001909,0.15947057,0.03305729,0.1635346,-0.013035426,0.08187762,-0.021128923,253.51476,253.62299,338.5734,2.2962048,17.207197,0.23025084
1,95,10,0.01,0.055709533,0.02510191,0.023101535,0.0075060893,0.07921791,0.014186008,5.7834773,-0.6782558,7.381559,-2.0291471,0.15843582,0.028372016,0.15199189,-0.017824808,0.08663769,-0.023816189,253.57523,253.894,339.39035,2.707403,17.207197,0.24900536
1,96,10,0.01,0.07017593,0.03589782,0.026688553,0.0075895563,0.0947336,0.009177105,6.2162886,-0.56808156,7.4224863,-2.149303,0.1894672,0.01835421,0.16336632,-0.0149293905,0.08711806,-0.025226463,253.62164,254.08,339.84384,2.7173846,17.207197,0.28421363
1,97,10,0.01,0.05673899,0.023524316,0.025064396,0.00815028,0.07668819,0.011992414,6.024171,-0.7845754,7.6917915,-2.113714,0.15337639,0.023984827,0.15831739,-0.020618925,0.0902789,-0.02480876,253.5966,253.96591,339.31192,2.8982894,17.20244,0.2589229
1,98,10,0.01,0.061974797,0.031363837,0.022481104,0.008129855,0.08854919,0.009934801,5.7052875,-1.1071856,7.6821465,-2.4418669,0.17709838,0.019869601,0.149937,-0.029097242,0.090165704,-0.028660303,253.55698,253.71365,339.32904,3.5490525,17.20244,0.26445332
1,99,10,0.01,0.058035873,0.02987317,0.02049982,0.0076628854,0.086419284,0.0049296767,5.4480824,-0.8515657,7.4582577,-2.5302258,0.17283857,0.009859353,0.14317758,-0.022379458,0.08753791,-0.02969738,253.50221,253.42813,339.21426,3.3817916,17.20244,0.29193357
1,100,10,0.01,0.051073834,0.022095645,0.021669973,0.007308213,0.07432302,0.01362872,5.6014166,-0.8408903,7.2836123,-2.2707047,0.14864604,0.02725744,0.14720725,-0.022098903,0.08548809,-0.026651364,253.43954,253.20389,338.52698,3.1115952,17.20244,0.2488664
2,1,10,0.0069999998,0.16551438,0.04355746,0.07985694,0.042099983,0.104352124,0.009057494,10.752885,0.2881596,17.48164,-4.254006,0.20870425,0.018114988,0.2825897,0.007572935,0.2051828,-0.04992948,252.00142,248.02647,331.76886,3.9658463,17.19673,0.55478954
2,2,10,0.0069999998,0.15823078,0.04004849,0.077419505,0.04076279,0.1000606,0.006293441,10.587511,0.3635132,17.201769,-4.2096844,0.2001212,0.012586882,0.2782436,0.009553255,0.20189796,-0.04940926,251.9985,247.95515,332.35913,3.8461711,17.19673,0.5292543
2,3,10,0.0069999998,0.16581872,0.04321399,0.08249237,0.040112365,0.103939876,0.0027860168,10.928878,0.6522214,17.063978,-4.260383,0.20787975,0.0055720336,0.28721485,0.01714062,0.20028071,-0.050004307,251.92317,247.73146,332.15033,3.6081617,17.19673,0.54649603
2,4,10,0.0069999998,0.15948111,0.039889682,0.07928092,0.04031051,0.09986201,0.009410231,10.714034,0.34548828,17.106073,-4.2450933,0.19972402,0.018820463,0.28156868,0.009079558,0.20077477,-0.049824845,251.80878,247.27478,331.1194,3.899605,17.19673,0.5487836
2,5,10,0.0069999998,0.1395765,0.037327476,0.06565948,0.036589548,0.0966016,0.007723594,9.750287,0.17731807,16.297453,-3.8649657,0.1932032,0.015447188,0.25624105,0.0046599754,0.19128394,-0.045363262,251.751,246.94478,331.47607,3.6876476,17.19134,0.50059664
2,6,10,0.0069999998,0.14500548,0.039516523,0.069093,0.036395956,0.099393815,0.003930443,10.001974,0.052878022,16.25428,-3.8316338,0.19878763,0.007860886,0.26285547,0.0013896624,0.19077724,-0.044972055,251.66478,246.52248,331.37833,3.7787557,17.19134,0.51629794
2,7,10,0.0069999998,0.14178608,0.03495683,0.06917514,0.037654117,0.09348373,0.010113132,10.007916,-0.12971173,16.532839,-3.8094978,0.18696746,0.020226264,0.26301166,-0.0034088895,0.19404669,-0.04471225,251.5262,246.07745,330.18817,3.9392095,17.19134,0.531007
2,8,10,0.0069999998,0.13888809,0.038140815,0.06289739,0.037849896,0.09764837,0.00667729,9.543001,-0.2409574,16.575764,-4.100617,0.19529673,0.01335458,0.25079352,-0.006332455,0.1945505,-0.048129145,251.44492,245.8133,329.9301,4.341574,17.19134,0.4916483
2,9,10,0.0069999998,0.12216414,0.03588595,0.053225048,0.033053137,0.094717935,-0.0016356758,8.778628,0.045028996,15.489863,-3.4190712,0.18943587,-0.0032713516,0.23070554,0.001183375,0.18180522,-0.040129796,251.42653,245.69365,329.9133,3.3740423,17.185072,0.38575497
2,10,10,0.0069999998,0.12330222,0.035563707,0.055193655,0.032544862,0.09429171,0.005558464,8.939501,-0.009514394,15.370303,-3.3444347,0.18858342,0.011116928,0.2349333,-0.00025003607,0.18040195,-0.039253782,251.45517,245.817,329.60788,3.353949,17.185072,0.38694066
2,11,10,0.0069999998,0.12351463,0.037747383,0.052483406,0.033283837,0.09714343,0.0022946845,8.717253,0.007028907,15.543826,-3.5576751,0.19428685,0.004589369,0.22909257,0.00018472865,0.18243858,-0.04175658,251.53116,246.08653,330.47876,3.5506463,17.185072,0.39590317
2,12,10,0.0069999998,0.12419334,0.03696147,0.05413692,0.033094954,0.09612683,-0.0016557025,8.853509,0.12983441,15.499659,-3.3848507,0.19225366,-0.003311405,0.23267342,0.0034120926,0.18192019,-0.039728153,251.56352,246.276,330.79672,3.2550163,17.185072,0.39167956
2,13,10,0.0069999998,0.10250883,0.030684557,0.041325867,0.0304984,0.08758504,0.0018024882,7.7353444,-0.16496,14.879206,-2.643987,0.17517008,0.0036049765,0.20328765,-0.0043352013,0.17463791,-0.031032588,251.55887,246.28046,330.05325,2.8089468,17.178478,0.27198803
2,14,10,0.0069999998,0.10411771,0.031008895,0.042733353,0.030375456,0.088046715,-0.0015402382,7.8659673,0.06471653,14.849185,-2.7076256,0.17609343,-0.0030804763,0.20672047,0.0017007698,0.17428556,-0.03177953,251.69125,246.83615,331.22168,2.642909,17.178478,0.27165982
2,15,10,0.0069999998,0.1052853,0.030447027,0.043053478,0.03178479,0.08724538,-0.0032583103,7.8953757,0.22172947,15.189761,-2.471094,0.17449076,-0.0065166205,0.20749332,0.0058271307,0.1782829,-0.02900335,251.77596,247.14748,331.807,2.2493644,17.178478,0.3316603
2,16,10,0.0069999998,0.10549635,0.028267264,0.04648446,0.030744627,0.08406436,0.0010432212,8.203941,-0.042606853,14.939147,-2.1992564,0.16812871,0.0020864424,0.21560255,-0.0011197196,0.17534146,-0.02581278,251.80444,247.375,331.37347,2.2418633,17.178478,0.31108534
2,17,10,0.0069999998,0.0907979,0.030910669,0.034367446,0.02551979,0.08790715,-0.0053574922,7.0541115,-0.22841236,13.610679,-1.3763208,0.1758143,-0.0107149845,0.18538459,-0.006002761,0.15974915,-0.016153943,251.85486,247.67387,332.12878,1.6047332,17.171906,0.21396668
2,18,10,0.0069999998,0.08918006,0.030912628,0.03377767,0.024489762,0.08790994,-0.0072803954,6.993321,-0.15053728,13.333174,-1.2614839,0.17581987,-0.014560791,0.18378702,-0.0039561805,0.15649205,-0.014806085,251.89244,247.83444,332.4657,1.4120212,17.171906,0.22179012
2,19,10,0.0069999998,0.08059031,0.025023514,0.031550284,0.024016507,0.07909411,-0.0031614783,6.7588115,-0.055876836,13.203714,-1.2124085,0.15818822,-0.0063229566,0.177624,-0.001468461,0.1549726,-0.014230098,251.91884,247.92326,332.23413,1.2682854,17.171906,0.21617381
2,20,10,0.0069999998,0.08009362,0.02744714,0.028183773,0.024462705,0.08283589,-0.0043356004,6.3880496,0.04915773,13.325806,-1.4737761,0.16567178,-0.008671201,0.16788024,0.0012918795,0.15640558,-0.017297778,251.93283,247.89343,332.72964,1.4246184,17.171906,0.21429667
2,21,10,0.0069999998,0.069248095,0.025077103,0.022938645,0.021232344,0.07917876,-0.011820223,5.763052,-0.063524924,12.414813,-0.58843225,0.15835752,-0.023640446,0.15145509,-0.0016694593,0.14571323,-0.006906466,251.91994,247.80864,332.88928,0.65195715,17.165524,0.16397084
2,22,10,0.0069999998,0.066972,0.022377534,0.023796031,0.020798435,0.07479561,-0.0053839767,5.8697677,-0.21471982,12.287304,-0.30645752,0.14959122,-0.0107679535,0.15425962,-0.0056429114,0.14421663,-0.003596903,251.9104,247.83408,332.30658,0.52117735,17.165524,0.16800754
2,23,10,0.0069999998,0.07057067,0.0269733,0.022761837,0.020835536,0.08211775,-0.0055186283,5.7407985,-0.17164421,12.298257,-0.32209116,0.1642355,-0.011037257,0.15087026,-0.0045108697,0.1443452,-0.0037804083,251.93413,247.89555,332.83286,0.49373537,17.165524,0.16548008
2,24,10,0.0069999998,0.08000318,0.030771883,0.026587857,0.022643438,0.08770958,-0.010611738,6.2045507,-0.20212705,12.820719,-0.65354687,0.17541917,-0.021223476,0.16305783,-0.0053119734,0.15047736,-0.0076707155,251.8739,247.67459,332.56363,0.8556739,17.165524,0.1894677
2,25,10,0.0069999998,0.069749124,0.02381057,0.0263061,0.019632457,0.07715337,-0.007816863,6.1715875,-0.300835,11.937917,0.3051946,0.15430674,-0.015633726,0.16219155,-0.007906054,0.14011587,0.003582085,251.76823,247.29033,331.4216,-0.004359573,17.159344,0.18134214
2,26,10,0.0069999998,0.0653891,0.02448266,0.02241092,0.018495511,0.07823468,-0.009200951,5.696374,-0.05932675,11.5870905,0.3140188,0.15646936,-0.018401902,0.14970277,-0.001559126,0.1359982,0.0036856479,251.75821,247.09383,332.06036,-0.25469205,17.159344,0.15100195
2,27,10,0.0069999998,0.073372796,0.032310627,0.023149239,0.017912928,0.08987579,-0.013676437,5.789446,0.1652972,11.403141,0.3054751,0.17975157,-0.027352873,0.15214874,0.0043440694,0.13383919,0.0035853747,251.78625,247.19717,332.38028,-0.47077227,17.159344,0.17082871
2,28,10,0.0069999998,0.061506927,0.02113792,0.022925904,0.017443104,0.07269443,-0.008315179,5.7614517,0.16041163,11.252606,0.7201026,0.14538886,-0.016630357,0.15141302,0.004215675,0.13207234,0.008451876,251.76271,247.21315,331.98172,-0.88051426,17.159344,0.15077046
2,29,10,0.0069999998,0.062857404,0.025061294,0.022085024,0.015711082,0.0791538,-0.010744986,5.6548047,0.20915122,10.679337,1.5080303,0.1583076,-0.021489972,0.14861031,0.005496573,0.12534386,0.017699815,251.80054,247.34631,332.62366,-1.7171816,17.153316,0.17266986
2,30,10,0.0069999998,0.06801355,0.029733583,0.022227226,0.016052742,0.08621714,-0.013946693,5.672981,0.40535527,10.79483,1.4549786,0.17243429,-0.027893387,0.14908798,0.010652884,0.12669942,0.017077148,251.81116,247.40968,332.87704,-1.8603339,17.153316,0.20180513
2,31,10,0.0069999998,0.05859199,0.019254318,0.02313222,0.016205452,0.06937996,-0.0085300235,5.7873178,0.29302123,10.846054,1.6103504,0.13875993,-0.017060047,0.1520928,0.0077007045,0.12730063,0.018900752,251.78146,247.40091,332.1665,-1.9033716,17.153316,0.18223298
2,32,10,0.0069999998,0.060679406,0.023043418,0.02181223,0.015823761,0.075900294,-0.009853648,5.619772,0.33396518,10.717565,1.4671384,0.15180059,-0.019707296,0.14768964,0.008776727,0.12579253,0.017219866,251.76302,247.30145,332.57056,-1.8011036,17.153316,0.1801599
2,33,10,0.0069999998,0.07071807,0.03082214,0.025464071,0.014431864,0.087781176,-0.015202226,6.0720115,0.4885802,10.235344,1.7434702,0.17556235,-0.030404452,0.15957466,0.012840069,0.12013269,0.020463182,251.73662,247.23291,332.50595,-2.2320504,17.147259,0.24823241
2,34,10,0.0069999998,0.06140218,0.021235354,0.025934843,0.01423198,0.072861776,-0.010798327,6.1278834,0.3499957,10.164216,1.792834,0.14572355,-0.021596653,0.16104299,0.009198013,0.11929786,0.021042574,251.73413,247.3429,331.64954,-2.1428297,17.147259,0.22995454
2,35,10,0.0069999998,0.06304231,0.0248511,0.023410577,0.014780636,0.07882116,-0.012396039,5.822034,0.26437202,10.358282,1.6629059,0.15764232,-0.024792079,0.15300515,0.006947793,0.12157564,0.019517604,251.81244,247.6258,332.27185,-1.9272779,17.147259,0.21127872
2,36,10,0.0069999998,0.07263276,0.030027043,0.027978476,0.014627244,0.086641565,-0.017043618,6.364741,0.30772048,10.304394,1.5169147,0.17328313,-0.034087237,0.16726768,0.008087009,0.120943144,0.017804094,251.88597,247.83519,332.71204,-1.8246353,17.147259,0.293194
2,37,10,0.0069999998,0.05799602,0.01984134,0.024503877,0.013650805,0.070429645,-0.008163703,5.9564304,0.39425611,9.95452,2.0626776,0.14085929,-0.016327405,0.15653715,0.01036119,0.11683666,0.02420974,251.91872,247.96399,332.17062,-2.4569337,17.141167,0.23275878
2,38,10,0.0069999998,0.061048243,0.022438314,0.02568071,0.012929219,0.07489712,-0.009399714,6.0977864,0.35253298,9.687849,1.9805634,0.14979424,-0.018799428,0.16025202,0.009264695,0.11370672,0.023245959,251.98524,248.17192,332.85434,-2.3330965,17.141167,0.20040847
2,39,10,0.0069999998,0.06857144,0.030300038,0.025976472,0.012294935,0.08703453,-0.01359859,6.132799,-0.07236419,9.4472275,1.8159462,0.17406906,-0.02719718,0.16117218,-0.0019017566,0.11088253,0.02131385,252.02364,248.33554,333.45392,-1.743582,17.141167,0.24282494
2,40,10,0.0069999998,0.061912056,0.020241609,0.029582229,0.012088221,0.071136504,-0.0076026306,6.5446157,-0.40752178,9.367472,2.100294,0.14227301,-0.015205261,0.17199485,-0.0107098175,0.109946445,0.024651248,252.01385,248.29483,332.94177,-1.6927724,17.141167,0.23590182
2,41,10,0.0069999998,0.054885246,0.019903976,0.023720212,0.011261059,0.070540726,-0.0034723037,5.8604093,-0.18023543,9.041299,2.4394023,0.14108145,-0.0069446075,0.15401368,-0.004736652,0.106118135,0.028631374,252.06053,248.39023,333.6833,-2.259167,17.134995,0.21519236
2,42,10,0.0069999998,0.06980186,0.029426116,0.029459817,0.01091593,0.08577021,-0.008989824,6.5310607,-0.09343835,8.901672,2.159202,0.17154042,-0.017979648,0.17163862,-0.0024555933,0.10447933,0.025342654,252.06392,248.35428,333.95154,-2.0657637,17.134995,0.23203142
2,43,10,0.0069999998,0.059303705,0.01861152,0.030508067,0.010184116,0.068212025,-0.0021867084,6.6462393,-0.32170004,8.598108,2.644139,0.13642405,-0.004373417,0.17466559,-0.008454395,0.10091638,0.031034386,252.05388,248.3129,333.3393,-2.322439,17.134995,0.23716111
2,44,10,0.0069999998,0.05904551,0.021985432,0.026904678,0.010155398,0.07413743,-0.0036214176,6.241408,-0.30761072,8.585977,2.5184686,0.14827485,-0.007242835,0.16402645,-0.008084119,0.100774,0.02955938,252.17307,248.82777,334.12943,-2.2108579,17.134995,0.23166502
2,45,10,0.0069999998,0.063450836,0.027693631,0.02661554,0.009141662,0.08320702,-0.004180191,6.2077794,-0.103292756,8.146175,2.226097,0.16641404,-0.008360382,0.1631427,-0.002714569,0.09561204,0.0261278,252.30307,249.41852,335.1421,-2.1228044,17.128756,0.23081316
2,46,10,0.0069999998,0.055679362,0.018842775,0.028355218,0.008481368,0.068634495,0.0018681902,6.407449,-0.5017661,7.8464684,2.7272146,0.13726899,0.0037363805,0.16839008,-0.013186587,0.09209435,0.032009438,252.32915,249.59268,334.98993,-2.2254486,17.128756,0.23036379
2,47,10,0.0069999998,0.05676795,0.021490382,0.026559738,0.00871783,0.07329799,0.0027243712,6.2012687,-0.73148406,7.955096,2.691761,0.14659598,0.0054487423,0.16297159,-0.01922366,0.09336932,0.031593323,252.38,249.68121,335.3586,-1.960277,17.128756,0.22933191
2,48,10,0.0069999998,0.06037697,0.025399901,0.025930122,0.009046945,0.07968673,-0.0025896586,6.127325,-0.6102114,8.103865,2.2827454,0.15937346,-0.005179317,0.16102833,-0.016036578,0.09511543,0.026792685,252.45938,249.88611,335.70163,-1.672534,17.128756,0.21511456
2,49,10,0.0069999998,0.0512966,0.019547788,0.023627587,0.008121223,0.069906704,0.007178553,5.848956,-0.21021987,7.6780667,2.2525332,0.13981341,0.014357106,0.15371267,-0.005524656,0.09011783,0.026438085,252.47672,249.99423,335.00858,-2.0423133,17.12248,0.18413784
2,50,10,0.0069999998,0.05094626,0.021876711,0.020977708,0.008091842,0.07395389,0.00592369,5.511219,-0.13528955,7.6641665,2.247684,0.14790778,0.01184738,0.14483683,-0.0035554555,0.08995467,0.02638117,252.52681,250.1754,335.55734,-2.1123943,17.12248,0.18775642
2,51,10,0.0069999998,0.05981662,0.031693276,0.020340586,0.007782759,0.089013025,-0.0023522133,5.4268823,0.2794158,7.5163684,1.8765634,0.17802605,-0.0047044265,0.14262043,0.007343148,0.08821995,0.022025315,252.55907,250.29393,335.89032,-2.1559792,17.12248,0.19915473
2,52,10,0.0069999998,0.04652951,0.018576898,0.02091659,0.007036022,0.068148546,0.005988057,5.503185,0.11738679,7.146688,2.2296982,0.13629709,0.011976114,0.1446257,0.0030849667,0.083881,0.026170064,252.57805,250.43802,335.6362,-2.347085,17.12248,0.17761864
2,53,10,0.0069999998,0.05087691,0.024062501,0.020177,0.0066374117,0.07756046,0.006438371,5.405016,0.04324314,6.941297,1.6449933,0.15512092,0.012876742,0.14204577,0.0011364499,0.08147031,0.019307364,252.63712,250.71484,336.49344,-1.6882365,17.116253,0.1417867
2,54,10,0.0069999998,0.053822983,0.029373284,0.016995069,0.007454631,0.08569318,0.0027904534,4.960553,0.22702663,7.3562126,1.5222932,0.17138636,0.0055809068,0.13036513,0.0059663425,0.086340204,0.017867226,252.66844,250.85129,336.97552,-1.7493198,17.116253,0.15684061
2,55,10,0.0069999998,0.040897314,0.01780514,0.015797073,0.007295098,0.06671795,0.0073154387,4.7825217,0.21667172,7.2770734,1.6372885,0.1334359,0.014630877,0.1256864,0.005694211,0.08541135,0.019216929,252.63553,250.84703,336.28275,-1.8539602,17.116253,0.12550595
2,56,10,0.0069999998,0.041875165,0.019836647,0.014625182,0.007413335,0.070421316,0.0072363047,4.601711,0.06533482,7.3358088,1.5741267,0.14084263,0.014472609,0.12093462,0.0017170232,0.08610073,0.018475592,252.6601,250.98532,336.81897,-1.6394615,17.116253,0.12299745
2,57,10,0.0069999998,0.046453115,0.024971608,0.014693882,0.006787623,0.07901204,0.0031101601,4.6125054,0.22688891,7.0194006,0.71969956,0.15802407,0.0062203202,0.12121832,0.005962722,0.08238703,0.008447148,252.66675,250.91959,337.23492,-0.94658846,17.110107,0.15830474
2,58,10,0.0069999998,0.039181646,0.017491508,0.015053317,0.0066368203,0.06612773,0.009404486,4.668579,0.2804327,6.940987,1.1929637,0.13225546,0.018808972,0.12269196,0.007369872,0.08146668,0.014001868,252.62823,250.73679,336.4479,-1.4733964,17.110107,0.14116058
2,59,10,0.0069999998,0.044985164,0.021217903,0.017053163,0.0067140968,0.07283183,0.0077787004,4.9690247,0.4179549,6.9812794,0.99363726,0.14566366,0.015557401,0.13058776,0.010984005,0.08193959,0.011662364,252.65111,250.78935,336.7848,-1.4115921,17.110107,0.12638934
2,60,10,0.0069999998,0.053933807,0.029540893,0.01740406,0.0069888514,0.08593732,0.0022292053,5.019887,0.47733146,7.122691,0.6930469,0.17187464,0.0044584107,0.13192445,0.012544439,0.08359935,0.008134325,252.71492,251.03601,337.29388,-1.1703784,17.110107,0.15733387
2,61,10,0.0069999998,0.041512433,0.017317973,0.018209845,0.005984614,0.065798886,0.009290736,5.1347795,0.5115574,6.5911217,0.4119299,0.13159777,0.018581472,0.13494386,0.013443914,0.07736029,0.0048348405,252.71896,251.09636,336.76007,-0.9234873,17.104046,0.13314521
2,62,10,0.0069999998,0.047299676,0.022831365,0.018354278,0.006114031,0.07555026,0.009560689,5.1551027,0.42923564,6.662006,0.37479615,0.15110052,0.019121379,0.13547796,0.01128047,0.07819227,0.0043989997,252.76878,251.28024,337.56543,-0.8040318,17.104046,0.12843259
2,63,10,0.0069999998,0.046786807,0.023001341,0.017130319,0.00665515,0.075830966,0.004538997,4.9802527,0.55118084,6.950566,0.14219797,0.15166193,0.009077994,0.13088284,0.014485231,0.081579104,0.0016689813,252.82455,251.48639,338.18436,-0.6933788,17.104046,0.14896542
2,64,10,0.0069999998,0.040392525,0.017258322,0.017027661,0.006106539,0.065685466,0.007984281,4.9653077,0.7103187,6.657923,0.4272223,0.13137093,0.015968561,0.13049008,0.01866743,0.07814435,0.005014327,252.83006,251.61218,337.5585,-1.137541,17.104046,0.1305913
2,65,10,0.0069999998,0.04418732,0.02200912,0.016322274,0.0058559254,0.074177355,0.008894994,4.8613734,0.63065666,6.5198708,-0.4377782,0.14835471,0.017789988,0.12775865,0.016573884,0.07652402,-0.005138221,252.88625,251.80544,338.0947,-0.19287845,17.098083,0.13028295
2,66,10,0.0069999998,0.045193847,0.024317915,0.014614098,0.0062618367,0.07797101,0.003047446,4.599967,0.6353693,6.7420506,-0.9658626,0.15594202,0.006094892,0.120888785,0.016697733,0.07913177,-0.011336372,252.9334,251.97731,338.40112,0.33049327,17.098083,0.16644041
2,67,10,0.0069999998,0.04127512,0.017638372,0.017540844,0.006095906,0.06640477,0.008599454,5.0395756,0.64050484,6.652124,-0.5894037,0.13280953,0.017198907,0.13244185,0.016832698,0.07807628,-0.0069178594,252.92928,251.9596,337.50638,-0.051101148,17.098083,0.1364123
2,68,10,0.0069999998,0.045619443,0.023062278,0.016421251,0.006135915,0.07593135,0.01017305,4.876091,0.5808959,6.673918,-0.48100767,0.1518627,0.0203461,0.12814543,0.015266156,0.07833208,-0.0056456123,252.99171,252.13013,337.99356,-0.099888235,17.098083,0.14110579
2,69,10,0.0069999998,0.047330968,0.024839118,0.016568677,0.005923176,0.07880215,0.0038883893,4.89793,0.3560696,6.5572014,-1.3470602,0.1576043,0.0077767787,0.12871937,0.009357638,0.07696217,-0.015810508,253.04094,252.44708,338.54712,0.99099064,17.092243,0.16231911
2,70,10,0.0069999998,0.04348772,0.018608317,0.019223418,0.0056559835,0.068206154,0.007928418,5.2757463,0.5395449,6.4075985,-1.0967499,0.13641231,0.015856836,0.13864854,0.014179435,0.07520627,-0.012872603,253.00035,252.40697,337.96597,0.557205,17.092243,0.17620571
2,71,10,0.0069999998,0.04245526,0.02074374,0.01562899,0.006082531,0.07201344,0.007958803,4.757011,0.42146,6.6448226,-1.0239745,0.14402688,0.015917607,0.12501596,0.011076121,0.077990584,-0.012018435,252.99326,252.28082,338.665,0.6025145,17.092243,0.1316553
2,72,10,0.0069999998,0.046621047,0.02352715,0.016436193,0.0066577056,0.07669281,0.000719444,4.8783092,0.51391083,6.951899,-1.1883339,0.15338562,0.001438888,0.12820372,0.013505763,0.081594765,-0.0139475325,253.01231,252.26299,339.12674,0.67442304,17.092243,0.18042152
2,73,10,0.0069999998,0.039783824,0.016634855,0.016481463,0.0066675055,0.06448809,0.0069381413,4.885022,0.12647043,6.957014,-1.2418685,0.12897618,0.013876283,0.12838015,0.003323688,0.081654795,-0.014575865,253.03429,252.45917,338.31558,1.115398,17.086575,0.12411579
2,74,10,0.0069999998,0.04406416,0.022477446,0.014841748,0.006744966,0.0749624,0.008809999,4.635656,-0.18759505,6.99731,-1.4276166,0.1499248,0.017619997,0.121826716,-0.004930066,0.08212774,-0.016756,253.10054,252.65349,338.9172,1.6152116,17.086575,0.11591374
2,75,10,0.0069999998,0.047616716,0.025687588,0.014610736,0.0073183924,0.08013674,0.0020427431,4.5994377,-0.17164084,7.2886825,-1.6793276,0.16027348,0.0040854863,0.120874874,-0.0045107836,0.0855476,-0.01971034,253.14809,252.83383,339.48618,1.8509685,17.086575,0.13983701
2,76,10,0.0069999998,0.04126329,0.018401021,0.015750842,0.0071114283,0.06782518,0.0077686617,4.775519,0.066734076,7.1848817,-1.1651497,0.13565037,0.015537323,0.12550236,0.0017537959,0.084329285,-0.013675415,253.11307,252.7676,338.78653,1.0984156,17.086575,0.112031266
2,77,10,0.0069999998,0.043145865,0.021357838,0.014881887,0.0069061387,0.07307161,0.0070155305,4.64192,-0.2639189,7.080417,-1.551863,0.14614321,0.014031061,0.12199134,-0.0069358856,0.08310318,-0.018214285,253.10748,252.61319,339.165,1.8157818,17.08099,0.14298765
2,78,10,0.0069999998,0.043709695,0.021526275,0.0149102,0.00727322,0.07335918,0.0003405242,4.6463337,-0.1495002,7.266153,-1.8168049,0.14671835,0.0006810484,0.12210733,-0.003928919,0.085283175,-0.02132392,253.09315,252.51595,339.51617,1.9663051,17.08099,0.13836463
2,79,10,0.0069999998,0.041440718,0.016689828,0.017875498,0.0068753916,0.06459456,0.0048533687,5.087422,-0.03303857,7.064638,-1.413458,0.12918912,0.0097067375,0.13369928,-0.0008682658,0.08291798,-0.016589817,253.03401,252.36017,338.5135,1.4464966,17.08099,0.1331829
2,80,10,0.0069999998,0.046553154,0.022045743,0.01725169,0.0072557223,0.074239045,0.0064273314,4.9978647,-0.34166703,7.257408,-1.4135612,0.14847809,0.012854663,0.13134569,-0.008979134,0.08518053,-0.016591031,253.053,252.3666,338.95377,1.7552283,17.08099,0.14534718
2,81,10,0.0069999998,0.047439657,0.023397272,0.015991103,0.008051285,0.076480836,0.0011590282,4.811804,-0.45954818,7.6449356,-1.981832,0.15296167,0.0023180563,0.12645593,-0.012077093,0.08972895,-0.023260849,253.08302,252.41563,339.21597,2.4413803,17.075546,0.16715015
2,82,10,0.0069999998,0.042152237,0.017610334,0.017261595,0.00728031,0.066351965,0.004880605,4.9992995,-0.14321941,7.2696943,-1.784197,0.13270393,0.00976121,0.13138339,-0.0037638587,0.085324734,-0.020941205,253.10472,252.51811,338.43994,1.9274163,17.075546,0.13895954
2,83,10,0.0069999998,0.048405815,0.023237726,0.01750361,0.0076644793,0.076219626,0.0047853175,5.0342236,-0.22114131,7.459033,-1.8755504,0.15243925,0.009570635,0.13230121,-0.005811673,0.08754701,-0.022013418,253.18509,252.67499,338.9232,2.0966916,17.075546,0.15201762
2,84,10,0.0069999998,0.046401925,0.021665942,0.016464857,0.00827113,0.073596776,0.0008595766,4.8825607,-0.3499144,7.748606,-2.1507008,0.14719355,0.0017191533,0.12831546,-0.009195875,0.09094575,-0.025242878,253.29007,253.04747,339.54758,2.5006151,17.075546,0.16802798
2,85,10,0.0069999998,0.042218864,0.018449327,0.01626564,0.007503896,0.06791415,0.004211346,4.852933,-0.3044899,7.38048,-1.7549728,0.1358283,0.008422692,0.12753682,-0.008002105,0.08662503,-0.020598188,253.3435,253.4257,339.01984,2.0594628,17.07022,0.1383215
2,86,10,0.0069999998,0.049082555,0.025398238,0.015942194,0.0077421237,0.07968412,0.0053827204,4.8044395,-0.5371291,7.49672,-1.6492001,0.15936825,0.010765441,0.1262624,-0.014115947,0.08798934,-0.019356733,253.4321,253.78221,339.89114,2.1863291,17.07022,0.16530046
2,87,10,0.0069999998,0.04815785,0.024538618,0.015266802,0.008352429,0.078324035,4.2006675e-5,4.701568,-0.6080336,7.7865944,-1.7698792,0.15664807,8.401335e-5,0.1235589,-0.015979342,0.09139162,-0.02077315,253.47116,253.9122,340.7062,2.3779128,17.07022,0.15255801
2,88,10,0.0069999998,0.042805113,0.018416889,0.016620794,0.0077674324,0.06785442,0.0038499702,4.9056273,-0.6879688,7.508963,-1.4724077,0.13570884,0.0076999404,0.12892166,-0.018080067,0.08813304,-0.01728172,253.43285,253.8618,339.94815,2.1603765,17.07022,0.15531878
2,89,10,0.0069999998,0.045524113,0.021246335,0.016663816,0.007613966,0.07288061,0.0031662842,4.9119725,-0.7342208,7.434413,-1.1434885,0.14576122,0.0063325684,0.1290884,-0.019295586,0.08725804,-0.013421177,253.44243,253.7994,340.24088,1.8777094,17.064993,0.15009688
2,90,10,0.0069999998,0.05084261,0.025551032,0.017205559,0.008086017,0.07992345,-0.0037083866,4.991178,-0.6139136,7.6614084,-1.4399552,0.1598469,-0.007416773,0.13116996,-0.016133873,0.08992229,-0.016900817,253.45297,253.8213,340.58078,2.0538688,17.064993,0.17102556
2,91,10,0.0069999998,0.040926363,0.017160894,0.016469512,0.0072959536,0.0654998,0.00154375,4.883251,-0.42787668,7.2775006,-1.1816828,0.1309996,0.0030875,0.1283336,-0.011244754,0.085416354,-0.013869465,253.41267,253.73885,339.72855,1.6095595,17.064993,0.13675195
2,92,10,0.0069999998,0.04397804,0.021298042,0.0149827795,0.007697218,0.07296924,0.0032243608,4.6576285,-0.47193053,7.4749475,-1.2600436,0.14593849,0.0064487215,0.122404166,-0.012402508,0.08773379,-0.014789192,253.46126,253.85141,340.03,1.7319741,17.064993,0.14231828
2,93,10,0.0069999998,0.04879066,0.024980528,0.016162682,0.0076474524,0.07902615,-0.0028399716,4.8375487,-0.55545706,7.450743,-1.2051398,0.1580523,-0.005679943,0.12713253,-0.014597612,0.087449715,-0.014144786,253.55171,254.20984,340.6961,1.7605968,17.059765,0.13925877
2,94,10,0.0069999998,0.049010858,0.0221469,0.01983935,0.007024607,0.07440917,0.0036098873,5.3596005,-0.51433545,7.140888,-0.68093115,0.14881834,0.0072197746,0.14085223,-0.0135169225,0.08381293,-0.007992123,253.57541,254.47226,340.3033,1.1952666,17.059765,0.1584668
2,95,10,0.0069999998,0.048756942,0.023585007,0.01726748,0.007904455,0.076787055,0.0033468478,5.0001516,-0.4828838,7.5749044,-0.48231998,0.15357411,0.0066936957,0.13140579,-0.01269036,0.088907,-0.0056610093,253.6141,254.49542,341.02106,0.96520376,17.059765,0.15419813
2,96,10,0.0069999998,0.05214423,0.023190234,0.01957605,0.009377944,0.0761417,-0.0031707978,5.3239164,-0.46751335,8.25078,-0.7632599,0.1522834,-0.0063415957,0.13991444,-0.012286419,0.096839786,-0.00895841,253.65775,254.57845,341.45816,1.2307732,17.059765,0.17693746
2,97,10,0.0069999998,0.042466134,0.017436264,0.017053002,0.007976865,0.06602322,0.001949399,4.969001,-0.16309017,7.609522,0.024378305,0.13204645,0.003898798,0.13058715,-0.004286069,0.0893133,0.0002861312,253.65877,254.64609,340.65857,0.13871187,17.054543,0.1333861
2,98,10,0.0069999998,0.04574316,0.020869184,0.01693879,0.007935184,0.07223085,0.0026559522,4.9523335,-0.21857922,7.5896144,-0.038217563,0.1444617,0.0053119045,0.13014911,-0.0057443427,0.08907965,-0.00044856648,253.69846,254.72968,341.0022,0.25679678,17.054543,0.14933187
2,99,10,0.0069999998,0.05340508,0.024906095,0.01919706,0.009301926,0.078908324,-0.0042787795,5.272129,-0.21951772,8.217271,-0.23807056,0.15781665,-0.008557559,0.13855346,-0.005769006,0.09644649,-0.002794244,253.76973,254.917,341.52975,0.4575883,17.054543,0.14335854
2,100,10,0.0069999998,0.04868615,0.018693063,0.02037455,0.009618538,0.06836129,0.0014657294,5.431411,-0.08114454,8.355948,0.09511435,0.13672258,0.0029314589,0.14273944,-0.0021325024,0.098074146,0.0011163553,253.8065,255.19348,340.93408,-0.013969809,17.054543,0.13287993
3,1,10,0.0048999996,0.056868076,0.024079332,0.021607533,0.011181215,0.07758758,0.006502626,5.5933404,0.45093748,9.00919,-1.2925441,0.15517516,0.013005252,0.14699501,0.011850801,0.10574126,-0.01517065,251.77585,247.40353,331.05157,0.8416066,17.049324,0.22654128
3,2,10,0.0048999996,0.061521426,0.027313424,0.023104202,0.011103801,0.08263387,0.0055939755,5.783812,0.6277095,8.977948,-1.4250678,0.16526774,0.011187951,0.15200067,0.016496435,0.105374575,-0.01672609,251.73888,247.21739,331.0273,0.7973583,17.049324,0.23442103
3,3,10,0.0048999996,0.06228713,0.026420454,0.02432667,0.011540005,0.08127185,0.0005582586,5.9348536,0.7915397,9.152595,-1.5588583,0.1625437,0.0011165172,0.1559701,0.020801948,0.107424416,-0.018296389,251.71808,247.07497,330.8175,0.76731855,17.049324,0.27183083
3,4,10,0.0048999996,0.05663716,0.024824094,0.020609034,0.011204032,0.07877832,0.006532884,5.4625764,0.7825478,9.018378,-1.4088533,0.15755664,0.013065768,0.14355847,0.02056564,0.1058491,-0.016535778,251.70328,247.09793,330.27716,0.6263055,17.049324,0.23447691
3,5,10,0.0048999996,0.05701541,0.027506607,0.01870207,0.010806734,0.08292558,0.0074689374,5.203715,0.55755216,8.857037,-1.0588038,0.16585116,0.014937875,0.13675551,0.014652679,0.10395544,-0.0124272285,251.71405,247.12094,330.96246,0.50125164,17.045609,0.2198424
3,6,10,0.0048999996,0.057330906,0.024809845,0.021549605,0.010971458,0.07875571,0.0022675423,5.585838,0.56521213,8.924284,-1.0892663,0.15751141,0.0045350846,0.14679784,0.014853975,0.104744725,-0.012784769,251.6758,246.99055,330.9911,0.52405417,17.045609,0.21153829
3,7,10,0.0048999996,0.05457063,0.023448326,0.020877313,0.01024499,0.07656423,0.007863636,5.498015,0.57828975,8.623767,-0.8366178,0.15312846,0.015727272,0.14448984,0.015197663,0.10121754,-0.009819419,251.599,246.68678,330.3916,0.25832808,17.045609,0.21143973
3,8,10,0.0048999996,0.055996314,0.025507513,0.020531997,0.009956804,0.07985536,0.0071766744,5.4523563,0.48642457,8.501611,-0.7968232,0.15971072,0.014353349,0.14328991,0.012783413,0.099783786,-0.009352349,251.56514,246.46526,330.668,0.31039864,17.045609,0.22132908
3,9,10,0.0048999996,0.05738546,0.024658786,0.021729806,0.010996868,0.07851558,0.003399115,5.6091447,0.12275804,8.934611,-0.83289367,0.15703116,0.00679823,0.14741033,0.003226125,0.10486595,-0.009775709,251.52243,246.32295,330.34296,0.71013564,17.041788,0.20525053
3,10,10,0.0048999996,0.054797266,0.022943376,0.020967629,0.010886262,0.07573535,0.009093257,5.5098953,0.040768247,8.889567,-0.7094682,0.1514707,0.018186513,0.14480203,0.0010713977,0.10433725,-0.008327058,251.4476,246.05727,329.4589,0.6686999,17.041788,0.21927416
3,11,10,0.0048999996,0.055198066,0.024699377,0.020593772,0.009904916,0.07858018,0.007460369,5.4605536,0.21037701,8.479429,-0.72291887,0.15716036,0.014920738,0.1435053,0.005528787,0.09952345,-0.008484934,251.44499,245.96437,329.78067,0.5125419,17.041788,0.24894102
3,12,10,0.0048999996,0.055544984,0.025334934,0.020234622,0.009975429,0.079584755,0.0041866545,5.4127283,0.14160426,8.509559,-0.80309,0.15916951,0.008373309,0.14224845,0.003721408,0.09987707,-0.0094259,251.44968,245.9723,329.84668,0.66148573,17.041788,0.21841744
3,13,10,0.0048999996,0.04904873,0.021394422,0.01881581,0.008838495,0.07313416,0.0072952113,5.2195144,-0.2124653,8.00996,-0.41824055,0.14626832,0.014590423,0.13717073,-0.005583663,0.09401327,-0.0049089096,251.42603,245.84967,329.31412,0.63070583,17.037916,0.18136519
3,14,10,0.0048999996,0.047129527,0.0212635,0.017358448,0.00850758,0.07291005,0.00572706,5.0133047,-0.026656333,7.858583,-0.4321054,0.1458201,0.01145412,0.13175146,-0.0007005424,0.09223654,-0.005071648,251.40906,245.63408,329.74387,0.45876172,17.037916,0.21419947
3,15,10,0.0048999996,0.047387656,0.021359494,0.01729318,0.008734982,0.07307444,0.0016966589,5.003871,-0.10918292,7.962917,-0.54219055,0.14614888,0.0033933178,0.13150354,-0.0028693653,0.093461126,-0.0063637164,251.40869,245.69254,329.9157,0.65137345,17.037916,0.1952541
3,16,10,0.0048999996,0.04712601,0.020166328,0.018504815,0.008454867,0.0710041,0.006731084,5.1762,-0.12901637,7.8341994,-0.58157945,0.1420082,0.013462168,0.1360324,-0.0033905976,0.09195035,-0.0068260245,251.37721,245.68593,329.36774,0.71059585,17.037916,0.17419022
3,17,10,0.0048999996,0.044084355,0.019856581,0.016112506,0.008115269,0.07045669,0.00417026,4.8300347,-0.3116113,7.6752524,-0.44667006,0.14091338,0.00834052,0.12693505,-0.008189258,0.09008479,-0.0052425824,251.42126,245.82275,329.85056,0.75828135,17.034071,0.17312866
3,18,10,0.0048999996,0.050042212,0.021955106,0.019072244,0.009014861,0.07408628,-0.0007332696,5.2549615,-0.45858017,8.089482,-0.67915046,0.14817256,-0.0014665392,0.1381023,-0.012051656,0.09494662,-0.007971222,251.4503,245.92638,329.76743,1.1377306,17.034071,0.15398374
3,19,10,0.0048999996,0.047792047,0.02064515,0.01867667,0.008470225,0.071842104,0.004446848,5.2001805,-0.46175355,7.8413115,-0.42440858,0.14368421,0.008893696,0.13666262,-0.012135049,0.092033826,-0.0049813013,251.46442,246.04364,329.56537,0.88616216,17.034071,0.15954712
3,20,10,0.0048999996,0.04798436,0.020819703,0.018552866,0.00861179,0.07214517,0.0030938329,5.182916,-0.36276853,7.906566,-0.3286904,0.14429034,0.0061876657,0.1362089,-0.009533694,0.09279973,-0.003857856,251.52568,246.32158,330.3667,0.69145894,17.034071,0.1831427
3,21,10,0.0048999996,0.04745043,0.019983293,0.0186826,0.008784537,0.07068114,-0.0022853613,5.201006,-0.44408894,7.9854727,-0.30735472,0.14136228,-0.0045707226,0.13668431,-0.011670817,0.09372586,-0.0036074356,251.52223,246.31255,330.3873,0.7514436,17.030258,0.16315219
3,22,10,0.0048999996,0.041548543,0.016713388,0.016431907,0.008403248,0.064640135,0.0025098547,4.877673,-0.404468,7.8102474,-0.23905852,0.12928027,0.0050197095,0.128187,-0.0106295645,0.09166923,-0.00280584,251.47353,246.18456,329.7006,0.64352655,17.030258,0.14839493
3,23,10,0.0048999996,0.048462056,0.020969559,0.018758731,0.008733765,0.07240435,0.002276293,5.2115917,-0.23691967,7.9623623,-0.22588465,0.1448087,0.004552586,0.13696252,-0.0062263324,0.093454614,-0.0026512207,251.49649,246.23625,330.19623,0.46280432,17.030258,0.17050025
3,24,10,0.0048999996,0.050300628,0.022465007,0.018486345,0.009349275,0.07494166,-0.002454533,5.1736155,-0.17847373,8.23816,-0.3778231,0.14988331,-0.004909066,0.1359645,-0.0046903486,0.09669165,-0.004434528,251.49095,246.3288,330.45258,0.5562968,17.030258,0.16128027
3,25,10,0.0048999996,0.042374335,0.019371638,0.014436155,0.008566544,0.069591016,0.0032019115,4.571876,-0.40442482,7.885769,-0.08257548,0.13918203,0.006403823,0.12015055,-0.010628432,0.09255563,-0.0009691968,251.41414,246.0153,329.70828,0.4870003,17.026499,0.14685136
3,26,10,0.0048999996,0.043107,0.020241579,0.014208235,0.008657184,0.07113645,0.0030139359,4.5356417,-0.35913944,7.927377,-0.0979783,0.1422729,0.0060278717,0.1191983,-0.009438313,0.09304399,-0.0011499771,251.39172,245.77824,329.90164,0.45711774,17.026499,0.13625589
3,27,10,0.0048999996,0.046087332,0.021460755,0.015989581,0.008636996,0.07324745,-0.0027640823,4.811575,-0.3036099,7.9181294,-0.33439258,0.1464949,-0.0055281646,0.12644991,-0.007978979,0.09293544,-0.0039247805,251.39003,245.85295,329.98618,0.6380025,17.026499,0.15064332
3,28,10,0.0048999996,0.04304186,0.01880309,0.016133726,0.008105044,0.06856218,0.0025542276,4.833214,-0.58926946,7.670416,-0.28159449,0.13712436,0.005108455,0.1270186,-0.0154862115,0.09002802,-0.0033050813,251.35663,245.79292,329.37234,0.8708639,17.026499,0.16465192
3,29,10,0.0048999996,0.03972611,0.018181274,0.013305437,0.008239397,0.06741898,0.00023392716,4.3891788,-0.5036697,7.7337284,-0.24673238,0.13483796,0.00046785432,0.115349196,-0.013236619,0.090771124,-0.0028959091,251.38629,245.83827,329.88333,0.7504021,17.022856,0.14850031
3,30,10,0.0048999996,0.04575402,0.02269564,0.014589991,0.008468386,0.07532536,-0.0037766246,4.5961714,-0.33251426,7.8404593,-0.16886108,0.15065072,-0.007553249,0.120789036,-0.0087386,0.092023835,-0.0019819303,251.40228,245.83615,330.10965,0.5013753,17.022856,0.1880062
3,31,10,0.0048999996,0.04092169,0.016175186,0.016724853,0.008021652,0.063590854,0.0021151467,4.920959,-0.31580552,7.6308537,0.07619237,0.12718171,0.0042302934,0.1293246,-0.008299486,0.089563675,0.00089426833,251.42886,245.95805,329.56274,0.23961315,17.022856,0.19399145
3,32,10,0.0048999996,0.04022994,0.017544724,0.014579372,0.008105842,0.06622825,0.0014077593,4.594498,-0.39605796,7.6707935,-0.046598185,0.1324565,0.0028155185,0.12074507,-0.010408544,0.09003245,-0.000546925,251.5248,246.36058,330.4558,0.44265616,17.022856,0.1678695
3,33,10,0.0048999996,0.043140642,0.021337556,0.0140524,0.0077506863,0.0730369,-0.0040208097,4.5107,-0.29738197,7.500864,-0.006634722,0.1460738,-0.008041619,0.11854282,-0.007815306,0.08803798,-7.7872566e-5,251.54944,246.53877,331.06644,0.30401668,17.019302,0.1727972
3,34,10,0.0048999996,0.03800259,0.01470021,0.015572412,0.0077299713,0.06062221,0.00039036557,4.748392,-0.31294808,7.490833,0.011667964,0.12124442,0.00078073115,0.12478947,-0.0082243895,0.087920256,0.00013694618,251.48682,246.30705,330.3105,0.3012801,17.019302,0.15783785
3,35,10,0.0048999996,0.03598288,0.015138623,0.013314256,0.0075299996,0.061519556,-0.0015829903,4.3906326,-0.05310945,7.3933063,0.13237223,0.12303911,-0.0031659806,0.11538742,-0.0013957373,0.08677557,0.0015536594,251.53426,246.42967,331.0464,-0.07926278,17.019302,0.14791337
3,36,10,0.0048999996,0.04059405,0.019268649,0.013482838,0.007842563,0.06940578,-0.00554074,4.418342,0.08659817,7.545191,0.14044143,0.13881156,-0.01108148,0.11611562,0.0022758306,0.08855825,0.0016483706,251.6018,246.76291,331.4698,-0.2270396,17.019302,0.16870072
3,37,10,0.0048999996,0.04053919,0.016589077,0.016373735,0.007576378,0.064399295,-0.0005434866,4.869031,0.25389063,7.4160395,0.428537,0.12879859,-0.0010869732,0.12795989,0.0066723386,0.08704239,0.005029758,251.61026,246.8814,330.82614,-0.68242764,17.015846,0.12086782
3,38,10,0.0048999996,0.039407898,0.017704656,0.0142625915,0.00744065,0.06652942,-0.0026207056,4.544309,0.10748738,7.3493114,0.3713655,0.13305885,-0.0052414113,0.119426094,0.0028248087,0.0862592,0.004358733,251.64444,246.9133,331.32135,-0.47885287,17.015846,0.11962623
3,39,10,0.0048999996,0.040898945,0.02000735,0.0134634245,0.0074281716,0.07072367,-0.004110507,4.41516,0.36097246,7.3431463,0.5231426,0.14144734,-0.008221014,0.116032,0.009486488,0.08618684,0.006140146,251.64758,246.87094,331.8231,-0.88411504,17.015846,0.14876138
3,40,10,0.0048999996,0.03540553,0.014858733,0.013285442,0.007261357,0.0609482,0.00033170104,4.385879,0.22135471,7.2602253,0.5869041,0.1218964,0.0006634021,0.11526249,0.0058172797,0.085213594,0.006888521,251.572,246.70116,331.04428,-0.80825883,17.015846,0.14363115
3,41,10,0.0048999996,0.03794373,0.01728749,0.013897856,0.006758382,0.06574095,-0.00041152808,4.4858274,0.5608323,7.004265,0.721713,0.1314819,-0.00082305615,0.117889166,0.014738875,0.08220938,0.0084707765,251.53407,246.53938,331.3809,-1.2825453,17.012423,0.13897955
3,42,10,0.0048999996,0.04057475,0.02199652,0.012089088,0.0064891414,0.07415612,-0.0052129235,4.183747,0.59196454,6.8633294,0.59030807,0.14831224,-0.010425847,0.109950386,0.015557043,0.08055521,0.0069284705,251.51839,246.43118,331.48737,-1.1822727,17.012423,0.1735013
3,43,10,0.0048999996,0.03631798,0.017863145,0.012199559,0.006255275,0.06682654,0.00044140234,4.2028193,0.5574079,6.7385187,0.7939842,0.13365307,0.0008828047,0.11045162,0.014648881,0.0790903,0.00931903,251.48712,246.30736,330.80316,-1.351392,17.012423,0.1220564
3,44,10,0.0048999996,0.035518512,0.016496988,0.012488371,0.0065331543,0.0642203,-0.00066173583,4.252278,0.5264858,6.8865647,0.79793936,0.1284406,-0.0013234717,0.11175138,0.0138362385,0.08082793,0.0093654515,251.5053,246.31033,331.2682,-1.3244252,17.012423,0.12457968
3,45,10,0.0048999996,0.042226464,0.022072643,0.013110552,0.007043267,0.07428432,-0.0027705587,4.3569155,0.35831347,7.150366,0.713219,0.14856865,-0.0055411174,0.11450132,0.009416607,0.083924174,0.008371083,251.5479,246.54654,331.46497,-1.0715325,17.008978,0.17581189
3,46,10,0.0048999996,0.038230978,0.016922517,0.014863662,0.0064447955,0.065043285,0.0031336353,4.639077,0.29522872,6.8398376,1.0356252,0.13008657,0.0062672705,0.12191662,0.007758716,0.080279484,0.01215518,251.54955,246.53773,330.9557,-1.3308539,17.008978,0.14599137
3,47,10,0.0048999996,0.03546799,0.015871251,0.013866769,0.005729971,0.062990576,0.0025796867,4.480808,0.29653203,6.4493723,0.9849189,0.12598115,0.0051593734,0.117757246,0.007792969,0.07569657,0.0115600405,251.62851,246.73862,331.60858,-1.281451,17.008978,0.18904687
3,48,10,0.0048999996,0.042991824,0.022766724,0.014670715,0.005554384,0.07544323,-0.002682362,4.608869,0.5129474,6.3497868,0.8432007,0.15088646,-0.005364724,0.121122725,0.013480442,0.07452774,0.009896686,251.74359,247.1994,332.30667,-1.356148,17.008978,0.20530383
3,49,10,0.0048999996,0.038530733,0.01668358,0.016628118,0.005219036,0.06458247,0.0037980555,4.9067082,0.49382508,6.155118,0.9898393,0.12916493,0.007596111,0.12895006,0.012977899,0.07224289,0.011617789,251.83858,247.72131,332.01413,-1.4836644,17.005548,0.1979399
3,50,10,0.0048999996,0.03901108,0.018726123,0.014935613,0.0053493413,0.068421714,0.0026654028,4.6502924,0.38442773,6.2314825,0.9950651,0.13684343,0.0053308057,0.122211345,0.010102903,0.07313919,0.011679123,251.95285,248.22603,332.94998,-1.3794928,17.005548,0.21093489
3,51,10,0.0048999996,0.03949582,0.020226352,0.013715651,0.0055538164,0.07110969,-0.003249412,4.456325,0.47419977,6.349463,0.8228228,0.14221938,-0.006498824,0.117113836,0.012462143,0.07452393,0.009657508,251.99385,248.33943,333.46054,-1.2970226,17.005548,0.22528335
3,52,10,0.0048999996,0.034932505,0.015081253,0.0143084815,0.0055427705,0.061402876,0.003406956,4.5516143,0.6941026,6.3431454,1.0619183,0.12280575,0.006813912,0.119618066,0.018241268,0.074449785,0.012463783,251.9646,248.2242,332.85748,-1.7560208,17.005548,0.1693385
3,53,10,0.0048999996,0.034151718,0.015514332,0.013666646,0.004970742,0.06227827,0.0027444188,4.448357,0.5316929,6.006919,1.0801488,0.12455654,0.0054888376,0.11690443,0.01397308,0.07050349,0.012677756,252.01662,248.44855,333.76334,-1.6118417,17.002075,0.17584106
3,54,10,0.0048999996,0.040923625,0.022942025,0.012990353,0.0049912473,0.075733125,-0.0015583258,4.336897,0.58543795,6.0192966,0.9196854,0.15146625,-0.0031166517,0.11397523,0.01538552,0.07064876,0.010794392,252.0557,248.59381,334.20923,-1.5051234,17.002075,0.17753123
3,55,10,0.0048999996,0.03199177,0.013783508,0.01367025,0.0045380117,0.058701593,0.0042178812,4.448943,0.578986,5.7394996,1.1236522,0.11740319,0.0084357625,0.116919845,0.015215959,0.06736477,0.013188357,252.05824,248.66568,333.74203,-1.7026381,17.002075,0.1511174
3,56,10,0.0048999996,0.035473216,0.017442148,0.013324341,0.0047067287,0.06603436,0.0028756715,4.392296,0.41259617,5.845219,1.0414807,0.13206872,0.005751343,0.11543111,0.0108431745,0.0686056,0.012223906,252.09296,248.87038,334.27182,-1.4540768,17.002075,0.16218434
3,57,10,0.0048999996,0.039593093,0.022560908,0.012461262,0.004570925,0.07510144,-0.00082888553,4.2476597,0.60967284,5.760276,0.6074597,0.15020289,-0.0016577711,0.11163002,0.016022421,0.06760862,0.007129781,252.10942,248.9467,334.5927,-1.2171326,16.99856,0.16784829
3,58,10,0.0048999996,0.033733074,0.016087707,0.013156545,0.0044888235,0.063418664,0.0041528423,4.3645515,0.6979483,5.708309,0.8043942,0.12683733,0.008305685,0.11470199,0.018342333,0.06699868,0.009441213,252.09935,249.01233,333.98627,-1.5023425,16.99856,0.17109568
3,59,10,0.0048999996,0.03533729,0.01792889,0.012939875,0.004468525,0.066949405,0.0039227707,4.3284626,0.55614585,5.6953883,0.74612594,0.13389881,0.007845541,0.11375357,0.014615713,0.06684703,0.008757313,252.13086,249.08733,334.43994,-1.3022718,16.99856,0.14118421
3,60,10,0.0048999996,0.043230865,0.025563223,0.013130036,0.004537606,0.07994252,-0.00039962205,4.360152,0.6713591,5.739244,0.6099394,0.15988503,-0.0007992441,0.11458637,0.01764356,0.06736176,0.007158886,252.16438,249.14493,334.8848,-1.2812985,16.99856,0.17614251
3,61,10,0.0048999996,0.036239404,0.018167553,0.013877286,0.004194565,0.067393534,0.0056138155,4.4825068,0.116027415,5.518038,0.61682034,0.13478707,0.011227631,0.11780189,0.0030492407,0.06476546,0.00723965,252.18008,249.28015,334.3144,-0.73284775,16.994946,0.15039083
3,62,10,0.0048999996,0.034652986,0.015752492,0.014423366,0.0044771302,0.06275447,0.004923648,4.5698504,-0.04220691,5.70087,0.64389706,0.12550893,0.009847296,0.12009732,-0.0011092153,0.06691136,0.0075574503,252.23648,249.35081,335.02805,-0.6016902,16.994946,0.14353776
3,63,10,0.0048999996,0.03615803,0.01848244,0.013190122,0.004485469,0.06797507,-0.00043825142,4.370117,0.13624205,5.706176,0.5454304,0.13595013,-0.00087650283,0.114848256,0.0035804901,0.06697364,0.006401741,252.32121,249.5472,335.47574,-0.68167245,16.994946,0.14562586
3,64,10,0.0048999996,0.034039766,0.015863461,0.013829585,0.00434672,0.062975116,0.006485053,4.4747963,0.17275803,5.6172276,0.7561882,0.12595023,0.012970106,0.11759926,0.004540144,0.06592966,0.008875415,252.36151,249.72375,334.9797,-0.92894626,16.994946,0.14833322
3,65,10,0.0048999996,0.034942232,0.016720062,0.013949239,0.0042729303,0.06465304,0.004828798,4.494112,-0.1296974,5.569345,0.46616006,0.12930608,0.009657596,0.118106894,-0.0034084953,0.065367654,0.005471341,252.43924,249.99785,335.88525,-0.33646268,16.9912,0.14603476
3,66,10,0.0048999996,0.03596777,0.01937793,0.012148388,0.0044414513,0.06960232,0.0012964796,4.1939955,0.008820119,5.6781077,0.33775055,0.13920464,0.0025929592,0.110219724,0.00023179705,0.066644214,0.003964193,252.47223,250.0988,336.23456,-0.34657067,16.9912,0.11848864
3,67,10,0.0048999996,0.03249586,0.015544112,0.012866764,0.0040849824,0.062338013,0.0073180404,4.316218,0.2574822,5.445482,0.5235064,0.12467603,0.014636081,0.11343176,0.006766725,0.06391387,0.006144419,252.44382,250.10637,335.35086,-0.7809886,16.9912,0.12787054
3,68,10,0.0048999996,0.03239387,0.0155183915,0.013028956,0.003846522,0.062286418,0.005693644,4.3433366,0.22548878,5.284152,0.44001535,0.124572836,0.011387288,0.11414445,0.0059259264,0.062020335,0.0051644794,252.46022,250.17587,335.7938,-0.6655041,16.9912,0.13230379
3,69,10,0.0048999996,0.03781052,0.021319872,0.012459056,0.0040315925,0.07300663,-0.00031372317,4.2472835,-0.028220456,5.409779,-0.055773996,0.14601326,-0.00062744634,0.11162014,-0.00074164313,0.063494824,-0.00065462216,252.46709,250.19391,336.07413,0.08399445,16.987322,0.15054345
3,70,10,0.0048999996,0.03238372,0.014709042,0.0135226855,0.004151992,0.06064042,0.0060647875,4.424866,0.21415652,5.4899635,0.31908175,0.12128084,0.012129575,0.11628708,0.0056281113,0.06443595,0.0037450753,252.44557,250.12852,335.468,-0.5332383,16.987322,0.1574045
3,71,10,0.0048999996,0.033850428,0.016654769,0.012804376,0.0043912837,0.06452668,0.0057767592,4.305741,-0.005634616,5.645949,0.35909477,0.12905335,0.0115535185,0.11315642,-0.00014808022,0.06626676,0.0042147133,252.50267,250.21667,335.96765,-0.35346016,16.987322,0.14160903
3,72,10,0.0048999996,0.03574282,0.019340778,0.011941208,0.0044608354,0.06953556,0.0021113914,4.1580796,-0.15934986,5.690485,0.12957232,0.13907112,0.004222783,0.10927583,-0.0041877734,0.066789486,0.0015207975,252.60669,250.68526,336.59027,0.029777542,16.987322,0.121428795
3,73,10,0.0048999996,0.031177364,0.013621276,0.013317416,0.0042386716,0.05835511,0.0067598238,4.3911543,-0.069501676,5.5469737,-0.05381879,0.11671022,0.0135196475,0.11540111,-0.0018265299,0.06510508,-0.00063167256,252.62003,250.89775,336.0598,0.12332046,16.983381,0.12959391
3,74,10,0.0048999996,0.03203756,0.014362664,0.013459264,0.004215633,0.059922166,0.0062344014,4.4144773,-0.17996095,5.5318785,-0.11692544,0.11984433,0.012468803,0.11601407,-0.0047294414,0.064927906,-0.0013723596,252.62042,250.80916,336.55533,0.29688638,16.983381,0.13599578
3,75,10,0.0048999996,0.037834596,0.019904783,0.013455206,0.0044746064,0.07054216,0.00077694806,4.4138117,-0.35366753,5.699262,-0.112128444,0.14108431,0.0015538961,0.11599658,-0.009294513,0.0668925,-0.0013160586,252.62744,250.76614,337.04892,0.46579596,16.983381,0.14294387
3,76,10,0.0048999996,0.035161223,0.014508112,0.016127007,0.0045261043,0.060224812,0.0071407123,4.832207,-0.20377661,5.7319646,0.22847801,0.120449625,0.014281425,0.12699215,-0.0053553237,0.06727633,0.0026816574,252.58578,250.63786,336.35535,-0.024701402,16.983381,0.15305163
3,77,10,0.0048999996,0.032033846,0.015041672,0.012392213,0.0045999624,0.061322246,0.0043897377,4.2358747,-0.36645642,5.7785435,-0.109326914,0.12264449,0.008779475,0.11132032,-0.009630609,0.06782302,-0.0012831748,252.64636,250.79976,336.76843,0.47578335,16.979424,0.11297407
3,78,10,0.0048999996,0.037524913,0.021423861,0.010887562,0.0052134865,0.07318446,0.00081212335,3.9703977,-0.36571094,6.1518455,-0.2958411,0.14636892,0.0016242467,0.10434348,-0.009611016,0.07220448,-0.0034722993,252.73405,251.09273,337.33258,0.6615521,16.979424,0.105990626
3,79,10,0.0048999996,0.03083222,0.01293103,0.012544803,0.0053563863,0.056857344,0.0053877146,4.2618737,-0.29603526,6.2355847,0.004198556,0.11371469,0.010775429,0.11200359,-0.007779915,0.07318734,4.9285216e-5,252.76604,251.29608,336.86667,0.2918367,16.979424,0.10775461
3,80,10,0.0048999996,0.03283969,0.015699893,0.011834324,0.005305474,0.06264961,0.005138297,4.1394286,-0.31920278,6.205879,0.0025464452,0.12529922,0.010276594,0.10878568,-0.008388763,0.07283869,2.9890225e-5,252.81131,251.40747,337.33673,0.31665632,16.979424,0.10847995
3,81,10,0.0048999996,0.035636276,0.019601347,0.010768185,0.005266743,0.07000241,-0.00016554295,3.948571,-0.36633858,6.1831856,-0.32324666,0.14000481,-0.0003310859,0.10376987,-0.00962751,0.07257233,-0.003793961,252.85641,251.52513,337.98224,0.6895852,16.975428,0.099503286
3,82,10,0.0048999996,0.030862961,0.013766165,0.012161583,0.004935213,0.05866465,0.0041598408,4.1962724,-0.34384528,5.9854126,-0.15446249,0.1173293,0.0083196815,0.11027957,-0.00903638,0.07025107,-0.0018129337,252.82266,251.47992,337.3626,0.49830776,16.975428,0.10282642
3,83,10,0.0048999996,0.034459673,0.016348202,0.013148264,0.0049632066,0.06393004,0.0038140998,4.3631773,-0.30875736,6.002365,-0.21477093,0.12786008,0.0076281996,0.11466588,-0.008114253,0.07045003,-0.0025207743,252.82005,251.38727,337.58136,0.5235283,16.975428,0.10486396
3,84,10,0.0048999996,0.03700637,0.020184714,0.011329127,0.0054925308,0.07103646,-0.0007305045,4.0501103,-0.24722062,6.3143325,-0.4897928,0.14207292,-0.001461009,0.10643837,-0.0064970474,0.07411161,-0.0057487134,252.86356,251.51193,337.87985,0.7370134,16.975428,0.09859575
3,85,10,0.0048999996,0.029253107,0.012346162,0.011466384,0.00544056,0.055556644,0.002833011,4.0745716,-0.04697425,6.284388,-0.6582942,0.11111329,0.005666022,0.107081205,-0.0012345001,0.07376015,-0.0077264286,252.8941,251.78139,337.23886,0.70526844,16.971426,0.08998527
3,86,10,0.0048999996,0.030238109,0.0137588605,0.011437073,0.005042175,0.058649085,0.0024000641,4.0693607,-0.24597555,6.049927,-0.6645144,0.11729817,0.0048001283,0.106944256,-0.0064643235,0.07100827,-0.007799439,252.96349,252.05415,337.9791,0.91049,16.971426,0.103994675
3,87,10,0.0048999996,0.035937805,0.020144142,0.01065835,0.005135314,0.07096503,-0.0020847481,3.9283817,-0.5237962,6.1055493,-0.7798417,0.14193006,-0.0041694962,0.10323928,-0.013765557,0.07166111,-0.009153036,253.02887,252.29054,338.70444,1.303638,16.971426,0.14026234
3,88,10,0.0048999996,0.029235238,0.012032159,0.012166768,0.005036311,0.054845598,0.0014374478,4.1971674,-0.28912088,6.0464087,-0.5254499,0.109691195,0.0028748957,0.110303074,-0.0075982027,0.070966974,-0.0061672335,253.01689,252.35718,338.10385,0.8145708,16.971426,0.11044592
3,89,10,0.0048999996,0.032225136,0.015931537,0.011071867,0.0052217306,0.0631101,0.0022768422,4.0038624,-0.46598065,6.1567063,-0.64017075,0.1262202,0.0045536845,0.10522294,-0.012246144,0.07226154,-0.007513717,253.0222,252.25757,338.3807,1.1061513,16.967426,0.114801854
3,90,10,0.0048999996,0.034749757,0.017766135,0.011052292,0.005931332,0.06664483,-0.002201746,4.0003204,-0.50851023,6.561714,-0.753113,0.13328966,-0.004403492,0.10512988,-0.013363831,0.07701514,-0.008839315,253.02187,252.14798,338.41342,1.2616231,16.967426,0.14161265
3,91,10,0.0048999996,0.030438647,0.012172102,0.012303228,0.0059633185,0.055163626,0.002776746,4.220639,-0.37145296,6.5793834,-0.7266712,0.11032725,0.005553492,0.110919915,-0.0097619165,0.077222526,-0.008528971,252.95912,251.9175,337.56052,1.0981241,16.967426,0.12251822
3,92,10,0.0048999996,0.031537753,0.014939192,0.01109332,0.0055052424,0.061112992,0.0011150538,4.0077395,-0.23374203,6.3216357,-0.9010467,0.122225985,0.0022301076,0.105324835,-0.006142826,0.07419732,-0.010575627,252.94739,251.81505,337.75388,1.1347888,16.967426,0.11675276
3,93,10,0.0048999996,0.035499766,0.01923227,0.010698875,0.0055686203,0.06934023,-0.00481511,3.935843,-0.039920133,6.35792,-1.126992,0.13868046,-0.00963022,0.10343537,-0.0010491161,0.07462319,-0.013227552,252.98833,251.93741,338.29822,1.1669121,16.963459,0.12564695
3,94,10,0.0048999996,0.029125676,0.012856109,0.010627072,0.0056424933,0.05669239,5.6089775e-5,3.9226136,-0.070836306,6.399952,-0.88914645,0.11338478,0.00011217955,0.10308769,-0.0018616042,0.07511653,-0.010435956,253.01018,252.16016,337.76343,0.95998275,16.963459,0.11073429
3,95,10,0.0048999996,0.031371173,0.014926223,0.010852271,0.005592678,0.06108646,-0.00087505777,3.9639578,-0.19969526,6.371639,-0.8666525,0.12217292,-0.0017501155,0.104174234,-0.005248067,0.07478421,-0.010171944,253.07173,252.35953,338.34146,1.0663477,16.963459,0.10763948
3,96,10,0.0048999996,0.033297,0.014977348,0.011961665,0.0063579855,0.06119099,-0.003955987,4.1616397,-0.12736599,6.7936163,-0.98198646,0.12238198,-0.007911974,0.1093694,-0.0033472234,0.07973698,-0.011525616,253.16075,252.71826,339.0607,1.1093525,16.963459,0.14032552
3,97,10,0.0048999996,0.033541713,0.01590748,0.011530295,0.006103937,0.06306243,-0.00081655866,4.085911,0.028053591,6.656505,-1.0262924,0.12612486,-0.0016331173,0.10737921,0.00073725585,0.0781277,-0.012045634,253.1813,252.89249,338.4374,0.99823886,16.959496,0.09721027
3,98,10,0.0048999996,0.034141045,0.015531799,0.012680399,0.0059288484,0.06231332,-0.00045367892,4.284845,-0.10947087,6.56034,-1.0075183,0.12462664,-0.00090735784,0.11260728,-0.0028769355,0.076999016,-0.01182529,253.21243,252.93265,338.85336,1.1169891,16.959496,0.10105009
3,99,10,0.0048999996,0.04240095,0.022139506,0.0142696025,0.0059918407,0.07439675,-0.004910352,4.545426,-0.18101224,6.5951,-0.9196006,0.1487935,-0.009820704,0.11945544,-0.0047570686,0.07740698,-0.010793394,253.27376,253.10898,339.44666,1.1006129,16.959496,0.12868272
3,100,10,0.0048999996,0.035241522,0.014271329,0.014292148,0.0066780443,0.059731334,-0.0026273932,4.5490155,0.078809336,6.9625096,-0.6760915,0.11946267,-0.0052547865,0.11954977,0.0020711385,0.0817193,-0.007935315,253.27869,253.26709,338.87833,0.5972822,16.959496,0.11315393
4,1,10,0.0034299996,0.06370674,0.022730036,0.03243215,0.008544556,0.07538242,0.0052031307,6.852618,-0.5968565,7.875642,1.2741643,0.15076484,0.010406261,0.18008928,-0.015685588,0.09243677,0.0149549255,253.35626,252.36699,337.98676,-0.67730784,16.955467,0.3791694
4,2,10,0.0034299996,0.06312239,0.023453537,0.031295385,0.008373473,0.07657274,0.0046140826,6.7314534,-0.73512983,7.796398,1.307765,0.15314548,0.009228165,0.17690502,-0.019319482,0.09150668,0.015349294,253.34827,252.25085,338.34317,-0.5726352,16.955467,0.3912674
4,3,10,0.0034299996,0.06586687,0.025936414,0.03189178,0.008038674,0.08052393,-0.0002613809,6.795291,-0.74141693,7.638944,1.0051458,0.16104786,-0.0005227618,0.1785827,-0.019484695,0.08965865,0.0117974365,253.33511,252.29935,338.35196,-0.26372886,16.955467,0.34660608
4,4,10,0.0034299996,0.055800058,0.018720422,0.029729096,0.0073505403,0.0684113,0.0042421776,6.560841,-0.3428354,7.3046746,1.0470716,0.1368226,0.008484355,0.17242128,-0.009009853,0.08573529,0.012289532,253.26416,252.08453,337.28528,-0.70423615,16.955467,0.32985306
4,5,10,0.0034299996,0.05206535,0.021297455,0.024097167,0.00667073,0.07296824,0.003078057,5.906791,-0.29722995,6.9586964,0.92594385,0.14593647,0.006156114,0.15523262,-0.0078113033,0.08167454,0.0108678425,253.2318,251.81696,337.4919,-0.6287139,16.952705,0.3381269
4,6,10,0.0034299996,0.055933595,0.025349421,0.023795048,0.006789124,0.07960751,-0.00071710546,5.8696465,-0.36752912,7.020178,0.8294951,0.15921502,-0.0014342109,0.15425643,-0.009658799,0.08239614,0.00973582,253.20906,251.72624,337.7586,-0.46196595,16.952705,0.30018538
4,7,10,0.0034299996,0.047906533,0.017811352,0.02379223,0.0063029528,0.06672959,0.004274426,5.869299,-0.15153812,6.7641497,0.9798034,0.13345918,0.008548852,0.1542473,-0.0039824788,0.07939114,0.0115,253.10828,251.39401,336.84003,-0.82826525,16.952705,0.2914481
4,8,10,0.0034299996,0.046244007,0.017432254,0.022740686,0.0060710637,0.06601563,0.0035292427,5.738131,-0.3170671,6.6385555,0.9494506,0.13203126,0.0070584854,0.15080015,-0.008332645,0.07791703,0.011143742,253.0307,250.98048,336.80295,-0.6323835,16.952705,0.3168314
4,9,10,0.0034299996,0.04926053,0.024339167,0.019167542,0.0057538184,0.078005075,-0.002380971,5.268074,-0.22879206,6.462779,0.614498,0.15601015,-0.004761942,0.1384469,-0.006012738,0.07585393,0.007212394,252.94926,250.54605,336.48825,-0.38570595,16.950024,0.20609057
4,10,10,0.0034299996,0.03882666,0.01324691,0.020065468,0.0055142837,0.05754761,0.0026898498,5.390056,-0.032002304,6.326824,0.7146536,0.11509522,0.0053796996,0.14165263,-0.00084103,0.07425822,0.00838792,252.87267,250.30019,335.57263,-0.6826513,16.950024,0.18426265
4,11,10,0.0034299996,0.039526936,0.015678605,0.018404111,0.005444216,0.06260712,0.002253012,5.162096,0.051589426,6.2864995,0.6823407,0.12521423,0.004506024,0.13566175,0.001355795,0.07378493,0.0080086645,252.84154,250.10715,335.86786,-0.7339301,16.950024,0.19731791
4,12,10,0.0034299996,0.041380964,0.017033098,0.018969964,0.005377904,0.065255456,-0.002382762,5.240852,-0.14654464,6.2480965,0.4675109,0.13051091,-0.004765524,0.13773149,-0.00385125,0.073334195,0.0054871994,252.8206,250.06392,335.95132,-0.32096627,16.950024,0.19058304
4,13,10,0.0034299996,0.03182067,0.01113549,0.01603117,0.0046540108,0.052762415,4.0882464e-5,4.817827,0.077071294,5.8123918,0.47658968,0.10552483,8.176493e-5,0.12661426,0.0020254634,0.06822031,0.005593754,252.76717,249.92679,335.2134,-0.553661,16.947435,0.120381005
4,14,10,0.0034299996,0.031156896,0.012647438,0.01424512,0.0042643384,0.056230415,-5.666761e-5,4.5415254,0.008863353,5.5637426,0.42686006,0.11246083,-0.00011333522,0.11935292,0.00023293014,0.0653019,0.005010074,252.74771,249.84572,335.44153,-0.43572342,16.947435,0.13820982
4,15,10,0.0034299996,0.031704854,0.014463267,0.013229135,0.00401245,0.06013166,-0.003822776,4.376575,-0.004613934,5.396921,0.23857734,0.12026332,-0.007645552,0.11501798,-0.00012125391,0.063343905,0.0028001931,252.69843,249.6934,335.5381,-0.2339634,16.947435,0.11830139
4,16,10,0.0034299996,0.028114881,0.011773044,0.012568844,0.0037729917,0.05425183,0.0003739594,4.2659554,0.42593336,5.2334023,0.37782514,0.10850366,0.0007479188,0.11211085,0.011193682,0.061424684,0.004434552,252.5936,249.31297,334.5628,-0.8037585,16.947435,0.11480419
4,17,10,0.0034299996,0.029053725,0.012985507,0.012518449,0.003549769,0.056976985,-0.0025765523,4.257395,0.8764783,5.07623,0.21449074,0.11395397,-0.0051531047,0.111885875,0.023034165,0.05957994,0.0025174876,252.5349,249.01219,334.61243,-1.0909691,16.944931,0.14758871
4,18,10,0.0034299996,0.033515647,0.016562494,0.01292969,0.0040234644,0.06434768,-0.0060709887,4.3267593,0.4601469,5.4043226,0.023382124,0.12869535,-0.012141977,0.113708794,0.012092825,0.063430786,0.0002744371,252.51701,248.96695,334.53204,-0.48352903,16.944931,0.20448135
4,19,10,0.0034299996,0.031211331,0.013226743,0.013955997,0.004028593,0.05750379,-0.0015494155,4.4952006,0.3109553,5.407766,0.09444667,0.11500758,-0.003098831,0.118135504,0.008172017,0.0634712,0.0011085245,252.48843,249.00853,333.96796,-0.40540195,16.944931,0.19559075
4,20,10,0.0034299996,0.03241777,0.014611569,0.013520839,0.00428536,0.060439162,-0.002037349,4.424564,0.24736705,5.5774393,-0.11524024,0.120878324,-0.004074698,0.11627914,0.006500896,0.065462664,-0.0013525803,252.45331,248.75916,334.16833,-0.13212681,16.944931,0.18766725
4,21,10,0.0034299996,0.03641144,0.017973533,0.013571699,0.0048662093,0.0670327,-0.0063638156,4.4328785,0.45469308,5.943423,-0.41179726,0.1340654,-0.012727631,0.116497636,0.011949502,0.06975822,-0.0048332834,252.40974,248.50383,333.9279,-0.042895824,16.942448,0.3013896
4,22,10,0.0034299996,0.03696563,0.017023671,0.0146875065,0.0052544554,0.065237395,-0.0019836968,4.611505,0.50267196,6.175969,-0.33988678,0.13047479,-0.0039673937,0.12119202,0.0132104,0.07248762,-0.003989266,252.37904,248.45071,333.0651,-0.16278517,16.942448,0.29323015
4,23,10,0.0034299996,0.03271439,0.014783799,0.012901207,0.005029384,0.060794324,-0.0022854765,4.321991,0.3523575,6.0422487,-0.4697263,0.12158865,-0.004570953,0.11358348,0.009260084,0.07091815,-0.005513199,252.37062,248.43562,333.41544,0.11736879,16.942448,0.26938176
4,24,10,0.0034299996,0.03761391,0.019685434,0.012764967,0.0051635094,0.070152394,-0.0053450502,4.299109,0.2811489,6.1222873,-0.65204656,0.14030479,-0.0106901005,0.112982154,0.007388696,0.071857564,-0.007653101,252.34073,248.34448,333.54758,0.37089765,16.942448,0.35486734
4,25,10,0.0034299996,0.03400766,0.015259913,0.014076176,0.00467157,0.06176551,-0.0006812398,4.514514,0.62767977,5.8233466,-0.64875406,0.12353102,-0.0013624796,0.11864306,0.016495649,0.068348885,-0.007614456,252.28072,248.17442,332.76492,0.021074295,16.939962,0.31265944
4,26,10,0.0034299996,0.035824686,0.016468706,0.01446028,0.0048957025,0.06416523,-0.0017690345,4.5756946,0.6155613,5.9614058,-0.71771735,0.12833045,-0.003538069,0.1202509,0.01617718,0.0699693,-0.008423881,252.26022,248.1139,332.83475,0.10215604,16.939962,0.27478114
4,27,10,0.0034299996,0.040299118,0.019676428,0.015027022,0.005595671,0.070136346,-0.0055218684,4.6645007,0.4841002,6.373343,-0.85027504,0.14027269,-0.011043737,0.12258475,0.012722326,0.07480422,-0.0099797165,252.20871,247.89244,332.628,0.36617485,16.939962,0.3399077
4,28,10,0.0034299996,0.038872838,0.017332025,0.015850322,0.0056904927,0.065825574,-0.0011309906,4.790576,0.7635942,6.427116,-0.79178584,0.13165115,-0.0022619811,0.12589806,0.020067533,0.075435355,-0.009293225,252.15442,247.72441,332.00717,0.028191626,16.939962,0.34583414
4,29,10,0.0034299996,0.035950743,0.015420246,0.015217506,0.0053129923,0.06208914,0.00061209133,4.6939716,0.7803721,6.210274,-0.7517418,0.12417828,0.0012241827,0.123359255,0.020508459,0.072890274,-0.008823229,252.15778,247.70703,332.65665,-0.028630257,16.937435,0.20797697
4,30,10,0.0034299996,0.035171766,0.01633924,0.013487164,0.005345362,0.06391252,-0.0025935727,4.4190507,0.57244784,6.229164,-0.84463507,0.12782504,-0.0051871454,0.11613425,0.015044146,0.07311198,-0.00991352,252.14694,247.7021,332.83286,0.27218723,16.937435,0.21974193
4,31,10,0.0034299996,0.03790637,0.016151749,0.015958777,0.0057958444,0.063544765,0.0010425193,4.806937,0.5603854,6.4863377,-0.8692291,0.12708953,0.0020850387,0.12632805,0.014727127,0.07613044,-0.0102021815,252.11761,247.73686,332.0935,0.30884367,16.937435,0.2121226
4,32,10,0.0034299996,0.04003592,0.01772837,0.016354455,0.0059530954,0.06657396,-0.00038408555,4.8661633,0.6143471,6.573741,-0.92710054,0.13314793,-0.0007681711,0.12788454,0.016145261,0.077156305,-0.010881424,252.09839,247.54712,332.18198,0.31275344,16.937435,0.20151076
4,33,10,0.0034299996,0.039509058,0.016711967,0.01699797,0.0057991208,0.064637385,0.00035773646,4.960977,0.6123258,6.488171,-0.89034235,0.12927477,0.0007154729,0.13037626,0.016092138,0.07615196,-0.010449989,252.0937,247.50995,332.35495,0.27801657,16.934816,0.19988695
4,34,10,0.0034299996,0.039812483,0.016068168,0.017834915,0.005909399,0.06338014,0.004129436,5.081644,0.4822688,6.5495715,-0.8065898,0.12676027,0.008258872,0.13354743,0.012674199,0.07687262,-0.00946698,252.08945,247.5992,331.8681,0.32432097,16.934816,0.19581605
4,35,10,0.0034299996,0.039794184,0.016257808,0.017658478,0.0058778967,0.06375305,0.0037912785,5.0564446,0.44121158,6.5320907,-0.7387062,0.1275061,0.007582557,0.1328852,0.011595196,0.07666744,-0.008670228,252.10393,247.64555,332.56946,0.2974946,16.934816,0.20331536
4,36,10,0.0034299996,0.04061554,0.015748292,0.018538905,0.0063283397,0.0627461,0.0015730469,5.180966,0.39816424,6.7777586,-0.8251822,0.1254922,0.0031460938,0.13615765,0.010463903,0.07955086,-0.0096852025,252.10942,247.66112,332.6602,0.42701796,16.934816,0.18914405
4,37,10,0.0034299996,0.042409185,0.01650055,0.019523688,0.00638495,0.06422723,0.0071136206,5.316791,0.44534,6.808007,-0.6432037,0.12845446,0.014227241,0.13972719,0.011703691,0.07990588,-0.0075493087,252.08424,247.63539,331.93335,0.19786367,16.9321,0.2889457
4,38,10,0.0034299996,0.042639066,0.017621947,0.018100748,0.0069163707,0.06637384,0.0058222557,5.1193748,0.5839455,7.0856614,-0.5423195,0.13274768,0.0116445115,0.13453902,0.015346301,0.08316472,-0.0063652317,252.07117,247.52625,332.29404,-0.041626036,16.9321,0.3157041
4,39,10,0.0034299996,0.045081813,0.019004336,0.01877833,0.0072991475,0.06892811,0.0030965114,5.214314,0.4529765,7.2790923,-0.5842994,0.13785622,0.0061930227,0.13703404,0.011904387,0.08543505,-0.006857948,252.02377,247.39687,332.15717,0.13132289,16.9321,0.31137976
4,40,10,0.0034299996,0.04464857,0.017172812,0.02027908,0.007196675,0.06552254,0.008497523,5.4186707,0.44835424,7.227818,-0.473447,0.13104507,0.016995046,0.14240463,0.011782911,0.08483322,-0.0055568735,251.91707,247.00693,331.24557,0.02509275,16.9321,0.3411031
4,41,10,0.0034299996,0.047196772,0.021937402,0.018207034,0.0070523354,0.0740564,0.010055789,5.1343827,0.065470144,7.154968,-0.5342949,0.1481128,0.020111578,0.13493344,0.0017205802,0.08397818,-0.0062710457,251.90335,246.8662,331.49045,0.46882474,16.929287,0.39144114
4,42,10,0.0034299996,0.04721737,0.020810008,0.019047424,0.007359938,0.07212837,0.006120275,5.2515416,0.011104854,7.309343,-0.668313,0.14425674,0.01224055,0.13801241,0.0002918364,0.08579008,-0.007844016,251.91483,246.88274,331.3671,0.65720814,16.929287,0.30755562
4,43,10,0.0034299996,0.04525282,0.018018354,0.019592116,0.0076423464,0.06711623,0.01036401,5.3261,-0.0060915705,7.448256,-0.6820776,0.13423246,0.02072802,0.13997184,-0.00016008002,0.087420516,-0.0080055725,251.93178,246.99187,330.81467,0.6881692,16.929287,0.33071244
4,44,10,0.0034299996,0.04744739,0.019010594,0.020759763,0.0076770354,0.068939455,0.008988415,5.4825153,0.14659998,7.4651403,-0.7526984,0.13787891,0.01797683,0.14408249,0.0038527022,0.08761869,-0.008834452,251.95688,247.05414,331.3346,0.6060984,16.929287,0.36822265
4,45,10,0.0034299996,0.044749565,0.017552078,0.019260438,0.007937053,0.06624213,0.004611276,5.2808247,-0.16239706,7.5905085,-0.7784971,0.13248426,0.009222552,0.13878198,-0.004267859,0.08909014,-0.009137256,251.97987,247.24567,331.3374,0.9408941,16.926441,0.27576843
4,46,10,0.0034299996,0.04481891,0.015956841,0.020662026,0.008200046,0.063160196,0.008570732,5.4695945,-0.15096737,7.715238,-0.57845086,0.12632039,0.017141463,0.14374292,-0.0039674705,0.0905541,-0.006789304,251.98466,247.37283,330.87827,0.7294182,16.926441,0.28490707
4,47,10,0.0034299996,0.048779212,0.019854091,0.02003847,0.00888665,0.07045227,0.009206327,5.3864284,0.006032539,8.031751,-0.608047,0.14090455,0.018412653,0.1415573,0.00015854114,0.09426903,-0.0071366713,251.95894,247.18726,331.05148,0.6020145,16.926441,0.32019842
4,48,10,0.0034299996,0.05037183,0.019886792,0.021410039,0.009074997,0.07051027,0.004965901,5.5677204,0.26650923,8.11642,-0.72193015,0.14102054,0.009931802,0.1463217,0.0070039574,0.09526278,-0.008473322,251.93413,247.07166,330.95132,0.4554209,16.926441,0.29424146
4,49,10,0.0034299996,0.051247746,0.020326164,0.021654498,0.009267084,0.07128493,0.007938883,5.599416,-0.032714073,8.201868,-0.8259836,0.14256985,0.015877767,0.14715467,-0.0008597422,0.096265696,-0.009694606,251.9034,247.05031,330.1131,0.85869765,16.92362,0.2009585
4,50,10,0.0034299996,0.05124691,0.019599425,0.022786563,0.008860923,0.06999897,0.0053670523,5.743916,-0.11022333,8.020117,-0.823782,0.13999794,0.010734105,0.15095219,-0.0028967015,0.094132476,-0.00966876,251.95415,247.22858,330.786,0.9340054,16.92362,0.2039243
4,51,10,0.0034299996,0.049300775,0.01871655,0.021806166,0.008778059,0.06840422,0.0013931976,5.6189904,-0.3047624,7.982528,-0.7728854,0.13680844,0.0027863951,0.1476691,-0.008009265,0.0936913,-0.009071396,252.02415,247.57295,331.32812,1.0776478,16.92362,0.17679463
4,52,10,0.0034299996,0.05136943,0.018965125,0.023570318,0.008833985,0.06885696,0.005662984,5.841864,-0.36598253,8.007917,-0.64989126,0.13771392,0.011325968,0.15352628,-0.009618152,0.09398928,-0.007627805,252.09026,247.98497,331.2054,1.0158738,16.92362,0.19191113
4,53,10,0.0034299996,0.049236562,0.019911183,0.020748673,0.008576706,0.0705535,0.0007939521,5.481051,-0.518295,7.890444,-0.59923637,0.141107,0.0015879042,0.144044,-0.013620981,0.09261051,-0.007033266,252.17242,248.26228,331.8618,1.1175313,16.92085,0.19367276
4,54,10,0.0034299996,0.04606929,0.017490007,0.019879648,0.008699638,0.06612489,-0.002129905,5.3650403,-0.75798315,7.9467916,-0.513361,0.13224979,-0.00425981,0.1409952,-0.01992007,0.09327185,-0.006025343,252.22166,248.34761,332.10434,1.2713442,16.92085,0.21666494
4,55,10,0.0034299996,0.04635375,0.01733188,0.02026822,0.008753651,0.0658253,0.0033522702,5.4172196,-0.79510427,7.971422,-0.4936539,0.1316506,0.0067045405,0.1423665,-0.020895623,0.09356095,-0.0057940385,252.24928,248.55414,331.7701,1.2887582,16.92085,0.20691481
4,56,10,0.0034299996,0.04515545,0.017288301,0.019747866,0.008119286,0.06574249,0.0026769545,5.3472285,-0.86354977,7.677152,-0.5053802,0.13148499,0.005353909,0.1405271,-0.022694396,0.09010708,-0.0059316675,252.29033,248.73213,332.77676,1.36893,16.92085,0.19822304
4,57,10,0.0034299996,0.03905659,0.015902191,0.015690526,0.0074638724,0.06305195,-0.0027352776,4.766366,-0.77780056,7.3607717,-0.4019353,0.1261039,-0.0054705553,0.12526183,-0.020440882,0.08639371,-0.0047175307,252.26682,248.69275,333.1391,1.1797359,16.918222,0.23423849
4,58,10,0.0034299996,0.036547005,0.013633961,0.015977142,0.006935903,0.058382276,0.00065613404,4.809703,-0.80080867,7.0956583,-0.11141212,0.11676455,0.0013122681,0.12640072,-0.02104554,0.08328207,-0.0013076513,252.16371,248.28264,332.3623,0.9122208,16.918222,0.19415201
4,59,10,0.0034299996,0.037877917,0.014572023,0.016086437,0.007219456,0.060357317,-0.00014637878,4.8261247,-0.7071533,7.239248,-0.2454091,0.120714635,-0.00029275756,0.12683232,-0.01858425,0.08496738,-0.0028803793,252.10089,247.90767,332.39874,0.95256245,16.918222,0.18178983
4,60,10,0.0034299996,0.04190408,0.017356606,0.016246611,0.008300863,0.06587224,-0.002884029,4.850093,-0.8463653,7.7625227,-0.4670498,0.13174447,-0.005768058,0.1274622,-0.022242783,0.091109075,-0.00548178,252.08742,247.96666,332.2627,1.313415,16.918222,0.21205235
4,61,10,0.0034299996,0.039726652,0.01506004,0.016416797,0.008249814,0.061359677,0.00026961273,4.875429,-0.9666943,7.738616,-0.24844283,0.122719355,0.00053922547,0.12812805,-0.02540508,0.090828486,-0.0029159808,252.06924,248.01373,331.60602,1.2151371,16.91578,0.24285117
4,62,10,0.0034299996,0.040780265,0.01723089,0.015286369,0.008263004,0.065633245,-0.00058979436,4.7045803,-0.9260624,7.7448,-0.40671962,0.13126649,-0.0011795887,0.123638056,-0.024337245,0.09090107,-0.0047736904,252.1021,248.03947,332.06897,1.332782,16.91578,0.2558448
4,63,10,0.0034299996,0.041348547,0.017378738,0.0155673055,0.008402504,0.06591422,-0.0027255572,4.7476144,-0.6369779,7.809901,-0.34402588,0.13182844,-0.0054511144,0.12476901,-0.016740015,0.09166517,-0.0040378473,252.12251,248.17725,332.29282,0.98100376,16.91578,0.2824226
4,64,10,0.0034299996,0.03989816,0.015770108,0.015511305,0.008616749,0.062789544,0.00062322954,4.7390666,-0.72082686,7.908843,-0.29744527,0.12557909,0.0012464591,0.12454439,-0.018943593,0.09282645,-0.003491126,252.09627,248.16382,331.50067,1.0182722,16.91578,0.27887124
4,65,10,0.0034299996,0.040893815,0.018423045,0.014049491,0.008421278,0.06786576,0.00046589298,4.510233,-0.671581,7.818621,-0.3855173,0.13573152,0.00093178597,0.11853055,-0.01764939,0.09176752,-0.0045248354,252.10751,248.12457,331.92834,1.0570983,16.913551,0.24663498
4,66,10,0.0034299996,0.04192566,0.0194787,0.013968957,0.008478005,0.069783054,-0.0028740426,4.4972873,-0.5269911,7.844912,-0.38605383,0.13956611,-0.005748085,0.11819034,-0.013849518,0.092076086,-0.0045311344,252.12662,248.24408,332.32788,0.9130449,16.913551,0.26676726
4,67,10,0.0034299996,0.037228867,0.016371114,0.0126988245,0.00815893,0.06397483,0.0016027816,4.287957,-0.62539536,7.695872,-0.16731447,0.12794966,0.0032055632,0.11268906,-0.016435618,0.09032679,-0.0019637744,252.14398,248.35973,331.99896,0.7927098,16.913551,0.21242394
4,68,10,0.0034299996,0.03483613,0.01559534,0.011399764,0.007841025,0.062440652,0.0012116616,4.062717,-0.57446414,7.5444503,-0.1411401,0.124881305,0.0024233232,0.10676967,-0.015097125,0.08854956,-0.0016565636,252.20616,248.50624,332.74573,0.71560425,16.913551,0.18629165
4,69,10,0.0034299996,0.037519146,0.018461866,0.01131901,0.0077382694,0.067937225,-0.0014370445,4.048302,-0.27037716,7.4948525,-0.020045578,0.13587445,-0.002874089,0.106390834,-0.007105607,0.08796743,-0.000235277,252.21417,248.59839,332.82962,0.29042274,16.911528,0.1532087
4,70,10,0.0034299996,0.033085093,0.013933847,0.011541178,0.0076100696,0.05902086,0.0021424764,4.087838,-0.31659734,7.4325104,0.116557114,0.11804172,0.004284953,0.10742988,-0.008320292,0.08723571,0.0013680361,252.23015,248.70297,332.2264,0.20004022,16.911528,0.12759052
4,71,10,0.0034299996,0.033851914,0.014606073,0.011350617,0.007895224,0.060427792,0.0020930632,4.0539503,-0.25418156,7.5704803,-0.0010073883,0.120855585,0.0041861264,0.10653927,-0.006679985,0.08885507,-1.18209855e-5,252.32103,249.03662,333.01224,0.25518894,16.911528,0.12284766
4,72,10,0.0034299996,0.035862923,0.01762618,0.010237015,0.0079997275,0.06638181,-0.0010649582,3.8499522,-0.22016248,7.6204176,0.033530496,0.13276362,-0.0021299163,0.10117813,-0.005785946,0.089441195,0.00039355562,252.36557,249.23958,333.36664,0.18663198,16.911528,0.155677
4,73,10,0.0034299996,0.033747427,0.012986093,0.012843231,0.007918106,0.05697827,0.004391512,4.3122687,-0.28533927,7.581442,0.17337637,0.11395654,0.008783024,0.11332798,-0.007498818,0.088983744,0.002034929,252.3179,249.18176,332.53687,0.1119629,16.909645,0.1188899
4,74,10,0.0034299996,0.034324296,0.014685874,0.011955875,0.0076825474,0.060592644,0.002438909,4.160632,-0.2848559,7.4678197,0.105352074,0.12118529,0.004877818,0.109342925,-0.0074861124,0.08765014,0.001236523,252.31569,249.0537,332.99075,0.17950383,16.909645,0.14585434
4,75,10,0.0034299996,0.03254072,0.0143951,0.010918909,0.0072267116,0.05998979,0.00038642398,3.976109,-0.004533922,7.242885,0.18272354,0.11997958,0.00077284797,0.10449358,-0.00011915119,0.08501007,0.002144639,252.33417,249.08803,333.38358,-0.17818962,16.909645,0.14657618
4,76,10,0.0034299996,0.02909094,0.011850119,0.010335811,0.0069050104,0.054429125,0.004107682,3.868485,0.0025725702,7.079839,0.25484458,0.10885825,0.008215364,0.10166519,6.760551e-5,0.08309639,0.0029911262,252.32468,249.14075,332.71588,-0.25741714,16.909645,0.118649036
4,77,10,0.0034299996,0.032285333,0.014852614,0.01054734,0.0068853786,0.06093565,0.0034941684,3.9078705,0.2292458,7.0697665,0.19687799,0.1218713,0.006988337,0.10270024,0.006024663,0.08297818,0.0023107685,252.33205,249.20338,333.32675,-0.4261238,16.907806,0.19301292
4,78,10,0.0034299996,0.035001688,0.018049955,0.010271344,0.006680386,0.06717506,0.00025829583,3.8564022,0.31403658,6.963732,0.05487631,0.13435012,0.00051659165,0.10134764,0.008252994,0.08173363,0.0006440818,252.30272,249.13239,333.65643,-0.36891288,16.907806,0.21270743
4,79,10,0.0034299996,0.03135016,0.013709247,0.011585572,0.0060553392,0.058543246,0.0036616945,4.095693,0.25250307,6.629953,0.22331977,0.11708649,0.007323389,0.107636295,0.006635873,0.07781606,0.0026211136,252.27194,249.04257,333.1898,-0.47582284,16.907806,0.248069
4,80,10,0.0034299996,0.031039402,0.014898113,0.010159784,0.0059815054,0.061028913,0.002665872,3.835402,0.24446341,6.5894094,0.2818582,0.122057825,0.005331744,0.10079575,0.006424587,0.07734019,0.0033081842,252.33713,249.24738,334.03134,-0.52632165,16.907806,0.28364277
4,81,10,0.0034299996,0.03393513,0.016704578,0.011516041,0.0057145106,0.064623095,0.00040962102,4.0833845,0.38048172,6.4406652,0.40567085,0.12924619,0.00081924204,0.10731282,0.009999194,0.07559438,0.004761378,252.3894,249.45245,334.29083,-0.7861526,16.905897,0.2544813
4,82,10,0.0034299996,0.030359626,0.012379745,0.012525501,0.005454379,0.05563215,0.0034543932,4.258594,0.27432865,6.2923646,0.51566213,0.1112643,0.0069087865,0.111917384,0.007209455,0.07385377,0.00605235,252.39677,249.57083,333.54633,-0.7899908,16.905897,0.2856938
4,83,10,0.0034299996,0.034797538,0.016742181,0.012368437,0.005686921,0.06469579,0.0029884584,4.2318096,0.2044603,6.4250994,0.3428566,0.12939158,0.0059769168,0.111213475,0.0053732865,0.07541168,0.0040241205,252.38478,249.47206,334.05093,-0.5473169,16.905897,0.25466835
4,84,10,0.0034299996,0.036471523,0.02013674,0.010717166,0.005617619,0.07095199,-0.00081667694,3.9392054,0.40927476,6.3858304,0.21028045,0.14190398,-0.0016333539,0.103523746,0.010755889,0.07495078,0.0024680719,252.34154,249.23465,333.9517,-0.61955523,16.905897,0.23386091
4,85,10,0.0034299996,0.028011886,0.011433011,0.011512382,0.005066494,0.05346263,0.0031627784,4.0827355,0.44528756,6.0645,0.44762537,0.10692526,0.006325557,0.10729577,0.011702321,0.07117931,0.0052538035,252.35275,249.3323,333.46616,-0.8929129,16.903837,0.19991231
4,86,10,0.0034299996,0.029233288,0.012590761,0.0118987365,0.004743791,0.05610428,0.0032194299,4.1506786,0.4007287,5.868188,0.5087712,0.11220856,0.0064388597,0.10908133,0.01053129,0.068875186,0.005971471,252.42996,249.61186,334.2256,-0.9094999,16.903837,0.21263821
4,87,10,0.0034299996,0.03161232,0.015725128,0.0109183965,0.0049687955,0.06269994,-0.00015444888,3.9760156,0.5557093,6.0057435,0.28227857,0.12539987,-0.00030889775,0.10449113,0.0146042425,0.07048968,0.0033131177,252.49005,249.98122,334.62485,-0.8379879,16.903837,0.18121496
4,88,10,0.0034299996,0.029092327,0.012375934,0.011982136,0.0047342554,0.055623587,0.0038814542,4.1651998,0.62469774,5.862286,0.3145238,0.111247174,0.0077629085,0.10946295,0.016417282,0.068805926,0.0036915806,252.45985,249.95082,333.9178,-0.9392215,16.903837,0.19059694
4,89,10,0.0034299996,0.03196009,0.015468071,0.01185936,0.004632658,0.06218535,0.00046523262,4.1438046,0.27482116,5.799043,0.31817195,0.1243707,0.00093046523,0.10890069,0.007222402,0.06806363,0.0037344014,252.47076,249.92928,334.37576,-0.59299314,16.90166,0.1452616
4,90,10,0.0034299996,0.035692852,0.018196946,0.012628339,0.004867568,0.06744803,-0.0030437484,4.2760406,0.29513445,5.944252,0.2698422,0.13489605,-0.006087497,0.112375885,0.007756242,0.06976796,0.0031671482,252.50941,250.04857,334.76956,-0.5649767,16.90166,0.14833435
4,91,10,0.0034299996,0.03654661,0.015572616,0.015514801,0.0054591936,0.062395144,0.0020441692,4.739601,0.31228164,6.295141,0.45180458,0.12479029,0.0040883385,0.12455843,0.008206874,0.07388636,0.005302852,252.53426,250.1977,334.255,-0.76408625,16.90166,0.12609227
4,92,10,0.0034299996,0.033187855,0.015003507,0.013012335,0.005172014,0.061244402,0.0016013447,4.340565,0.43348616,6.127327,0.5570796,0.122488804,0.0032026893,0.11407162,0.011392173,0.071916714,0.0065384707,252.59589,250.32164,335.16895,-0.9905658,16.90166,0.14237292
4,93,10,0.0034299996,0.034087066,0.017221933,0.012416718,0.0044484125,0.06561618,-0.0064230952,4.240061,0.3291484,5.682556,0.64597654,0.13123237,-0.0128461905,0.111430325,0.008650138,0.06669642,0.0075818542,252.6437,250.47928,335.87653,-0.97512496,16.899387,0.17248163
4,94,10,0.0034299996,0.028148074,0.011815108,0.012320858,0.004012108,0.054348662,-0.0023184493,4.223662,0.3957417,5.396691,0.7364375,0.108697325,-0.0046368986,0.11099936,0.010400234,0.0633412,0.008643598,252.61119,250.39865,335.18625,-1.1321793,16.899387,0.16029048
4,95,10,0.0034299996,0.028214563,0.0136445835,0.010763808,0.0038061708,0.058405016,-0.0021941052,3.947768,0.38050947,5.2563634,0.81245905,0.11681003,-0.0043882104,0.103748776,0.009999929,0.06169417,0.0095358705,252.60428,250.23747,335.66425,-1.1929685,16.899387,0.14682592
4,96,10,0.0034299996,0.033124134,0.017514132,0.011651554,0.0039584506,0.066170484,-0.006959967,4.1073394,0.5773143,5.360482,0.8239797,0.13234097,-0.013919934,0.107942365,0.015172031,0.06291622,0.009671085,252.6349,250.34683,335.95312,-1.401294,16.899387,0.18329449
4,97,10,0.0034299996,0.0281405,0.012199252,0.012293058,0.0036481894,0.05522511,-0.002551712,4.218894,0.23479566,5.14612,1.0276905,0.11045022,-0.005103424,0.110874064,0.0061705117,0.060400244,0.0120620495,252.66754,250.62735,335.32608,-1.2624862,16.897038,0.18101187
4,98,10,0.0034299996,0.029749248,0.013248952,0.012704379,0.003795918,0.057552047,-0.0019667323,4.288895,0.10011476,5.249279,0.93117416,0.115104094,-0.0039334646,0.1127137,0.002631053,0.061611023,0.010929232,252.72072,250.81737,336.08633,-1.0312889,16.897038,0.16354115
4,99,10,0.0034299996,0.034488704,0.016949657,0.013518201,0.004020844,0.065095425,-0.0045352182,4.424133,0.1515439,5.4025626,0.8378333,0.13019085,-0.0090704365,0.1162678,0.003982628,0.063410126,0.009833687,252.74294,250.86447,336.66025,-0.9893772,16.897038,0.19860479
4,100,10,0.0034299996,0.030663103,0.01346997,0.01333738,0.003855753,0.0580301,-0.0012507432,4.3944435,0.18066937,5.290489,0.8798509,0.1160602,-0.0025014863,0.115487576,0.0047480552,0.06209471,0.010326849,252.7182,250.83798,335.78082,-1.0605203,16.897038,0.20187241
5,1,10,0.0024009997,0.03930713,0.014663249,0.019192757,0.0054511256,0.06054595,-0.0035463586,5.2715383,0.04896715,6.2904873,1.2322055,0.1210919,-0.007092717,0.13853793,0.0012868776,0.07383174,0.014462453,253.47566,254.61366,340.84457,-1.2811726,16.894567,0.28165936
5,2,10,0.0024009997,0.043275557,0.017469363,0.020384079,0.0054221163,0.06608586,-0.0021612805,5.4326816,0.08700153,6.2737265,1.127455,0.13217172,-0.004322561,0.14277282,0.002286427,0.07363502,0.013232988,253.45065,254.44165,340.99826,-1.2144566,16.894567,0.2897736
5,3,10,0.0024009997,0.046681847,0.020670874,0.019997284,0.0060136863,0.071886845,-0.00902758,5.3808904,0.16971457,6.6071105,1.0294511,0.14377369,-0.01805516,0.14141175,0.0044601685,0.07754796,0.012082716,253.44354,254.39304,341.36505,-1.1991657,16.894567,0.3081378
5,4,10,0.0024009997,0.04429712,0.01678512,0.021523686,0.005988313,0.0647787,-0.0052708616,5.582478,0.19820581,6.5931573,1.1292629,0.1295574,-0.010541723,0.14670953,0.0052089184,0.07738419,0.01325421,253.37184,254.21954,340.24557,-1.3274688,16.894567,0.31254676
5,5,10,0.0024009997,0.042306334,0.016801678,0.01886164,0.0066430154,0.06481064,-0.0022587427,5.2258673,-0.21815383,6.944226,1.245121,0.12962128,-0.0045174854,0.13733768,-0.00573316,0.081504695,0.0146140475,253.37279,254.0977,340.858,-1.0269672,16.89278,0.261741
5,6,10,0.0024009997,0.046348847,0.018635163,0.020459978,0.0072537046,0.068255335,-0.009678299,5.4427853,-0.3136239,7.2563987,1.0699699,0.13651067,-0.019356597,0.14303838,-0.008242152,0.08516868,0.012558284,253.36678,253.98538,341.19843,-0.756346,16.89278,0.27853435
5,7,10,0.0024009997,0.042034477,0.015207277,0.019517321,0.0073098782,0.061658893,-0.004750702,5.3159246,-0.24714075,7.2844415,1.3583953,0.123317786,-0.009501404,0.1397044,-0.0064949435,0.08549783,0.015943553,253.30702,253.71004,340.2593,-1.1112546,16.89278,0.26562142
5,8,10,0.0024009997,0.041737717,0.017029725,0.017982576,0.0067254156,0.065248996,-0.0036889983,5.102637,-0.44512415,6.9871616,1.2599123,0.13049799,-0.0073779966,0.13409913,-0.011698027,0.08200863,0.014787642,253.31322,253.67464,340.43924,-0.8147881,16.89278,0.26196367
5,9,10,0.0024009997,0.045659482,0.020987818,0.01768173,0.006989934,0.07243586,-0.008062996,5.0597734,-0.58356404,7.123243,1.0051848,0.14487173,-0.016125992,0.13297267,-0.015336275,0.083605826,0.011797902,253.32414,253.6847,340.44263,-0.42162073,16.890934,0.22501913
5,10,10,0.0024009997,0.043870397,0.01618516,0.020630732,0.007054504,0.06361046,-0.004111337,5.465451,-0.39690268,7.1560674,1.3330339,0.12722091,-0.008222674,0.14363402,-0.010430746,0.083991095,0.015645886,253.28386,253.60425,339.66815,-0.93613124,16.890934,0.19192444
5,11,10,0.0024009997,0.045805484,0.017882384,0.020294229,0.007628871,0.066862516,-0.0031320783,5.420695,-0.53937906,7.4416857,1.3202724,0.13372503,-0.0062641567,0.14245781,-0.014175078,0.08734341,0.015496101,253.33353,253.70694,340.2981,-0.7808934,16.890934,0.21041076
5,12,10,0.0024009997,0.051439837,0.021618793,0.02127195,0.008549095,0.07351665,-0.0077486495,5.5497355,-0.5592328,7.877734,1.1508435,0.1470333,-0.015497299,0.14584906,-0.014696834,0.09246132,0.0135074975,253.39668,253.91008,340.96783,-0.5916107,16.890934,0.24258365
5,13,10,0.0024009997,0.04626083,0.017335061,0.02039402,0.008531749,0.06583134,-0.0009325999,5.4340053,-0.5378389,7.8697376,1.3542576,0.13166268,-0.0018651998,0.14280763,-0.014134592,0.09236747,0.015894992,253.43265,254.14038,340.22754,-0.8164187,16.889084,0.20343731
5,14,10,0.0024009997,0.052094698,0.019902341,0.02355759,0.00863477,0.07053783,-0.00048122878,5.840286,-0.7104429,7.917108,1.4033141,0.14107566,-0.00096245756,0.15348482,-0.018670697,0.09292346,0.016470764,253.5413,254.54303,340.80225,-0.6928712,16.889084,0.22485106
5,15,10,0.0024009997,0.05941426,0.024392312,0.025832372,0.009189575,0.07809019,-0.0051496453,6.115765,-0.5975161,8.167495,1.3705893,0.15618038,-0.0102992905,0.16072452,-0.015702952,0.09586227,0.01608667,253.63684,254.89351,341.43616,-0.77307314,16.889084,0.24203068
5,16,10,0.0024009997,0.049623843,0.016219063,0.024727197,0.008677582,0.06367704,-0.00059721526,5.9835114,-0.20424606,7.936712,1.535049,0.12735409,-0.0011944305,0.15724884,-0.005367662,0.093153544,0.01801694,253.6241,254.94354,340.72763,-1.3308029,16.889084,0.23931599
5,17,10,0.0024009997,0.051918283,0.020512138,0.023528256,0.007877891,0.071610294,0.00088968454,5.836649,-0.2602439,7.5621653,1.3707205,0.14322059,0.0017793691,0.15338923,-0.006839302,0.088757485,0.01608821,253.61949,254.90033,340.8625,-1.1104766,16.887232,0.23965758
5,18,10,0.0024009997,0.05391147,0.020130984,0.02522466,0.008555827,0.07094185,-0.0037744087,6.0433993,-0.46817094,7.880835,1.2525481,0.1418837,-0.0075488174,0.15882273,-0.012303697,0.092497714,0.014701217,253.62973,254.9062,341.37997,-0.78437716,16.887232,0.22114182
5,19,10,0.0024009997,0.049747445,0.016734315,0.02370886,0.009304271,0.06468059,0.00045001763,5.8590064,-0.37895602,8.2183075,1.4505433,0.12936118,0.00090003526,0.15397681,-0.009959096,0.09645865,0.01702509,253.62448,254.94365,340.94177,-1.0715873,16.887232,0.21103558
5,20,10,0.0024009997,0.053892203,0.020209994,0.02376818,0.0099140275,0.07108093,0.0013642434,5.8663316,-0.5217278,8.483328,1.537531,0.14216186,0.002728487,0.15416932,-0.01371119,0.09956921,0.018046075,253.68163,255.0872,341.5644,-1.0158032,16.887232,0.23802666
5,21,10,0.0024009997,0.054240704,0.021099828,0.023537176,0.009603703,0.0726289,-0.0010874106,5.8377542,-0.45280573,8.349502,1.4018866,0.1452578,-0.0021748212,0.1534183,-0.011899903,0.097998485,0.016454017,253.71524,255.16673,341.7951,-0.9490808,16.885395,0.23531534
5,22,10,0.0024009997,0.051094856,0.016805552,0.02521119,0.009078111,0.064818114,0.002814292,6.041786,-0.08763192,8.117811,1.5047041,0.12963623,0.005628584,0.15878032,-0.002303003,0.09527912,0.017660782,253.64334,254.89603,340.61118,-1.4170722,16.885395,0.23256063
5,23,10,0.0024009997,0.053036742,0.020224428,0.023484446,0.009327867,0.07110631,0.0046467516,5.8312116,-0.083675966,8.228723,1.4318748,0.14221261,0.009293503,0.15324636,-0.002199031,0.096580885,0.016805967,253.60204,254.5971,340.69733,-1.3481988,16.885395,0.23785782
5,24,10,0.0024009997,0.057768345,0.023235437,0.023742806,0.010790101,0.07621587,-0.000592848,5.8631997,-0.3686467,8.85022,1.404057,0.15243174,-0.001185696,0.154087,-0.009688185,0.10387541,0.016479485,253.57758,254.37546,340.89093,-1.0354103,16.885395,0.22148095
5,25,10,0.0024009997,0.051693726,0.018361688,0.023323504,0.0100085335,0.06775265,0.0037827685,5.8111973,-0.25126755,8.523665,1.4273508,0.1355053,0.007565537,0.15272035,-0.0066034035,0.100042656,0.016752878,253.5114,254.14023,339.65427,-1.1760832,16.883598,0.22274902
5,26,10,0.0024009997,0.053429957,0.021058075,0.022949975,0.009421906,0.072557,0.0052858,5.7644753,-0.28465334,8.270097,1.3677319,0.145114,0.0105716,0.15149249,-0.0074807922,0.09706651,0.016053136,253.53986,254.21931,340.1571,-1.0830786,16.883598,0.25669175
5,27,10,0.0024009997,0.056296937,0.022816468,0.02370087,0.0097796,0.075525604,0.0005540712,5.8580194,-0.24396206,8.425619,1.2538395,0.15105121,0.0011081424,0.15395087,-0.006411403,0.09889186,0.014716374,253.58902,254.39061,340.79718,-1.0098774,16.883598,0.22899409
5,28,10,0.0024009997,0.053020626,0.01789091,0.025452958,0.009676756,0.06687845,0.0053685517,6.070686,-0.06426979,8.381198,1.4417502,0.1337569,0.010737103,0.15953983,-0.0016890318,0.09837051,0.016921885,253.56116,254.42546,339.99823,-1.3774804,16.883598,0.25356302
5,29,10,0.0024009997,0.051965028,0.019859547,0.022792727,0.009312758,0.07046195,0.0057074446,5.7446933,-0.17630413,8.2220545,1.1648589,0.1409239,0.011414889,0.1509726,-0.004633341,0.09650263,0.013672003,253.59206,254.51897,340.4233,-0.98855484,16.881847,0.24639964
5,30,10,0.0024009997,0.05468591,0.022512127,0.022293376,0.009880404,0.07502021,-0.0018933349,5.6814165,-0.37962964,8.46893,1.0716989,0.15004042,-0.0037866698,0.14930966,-0.009976806,0.09940022,0.012578586,253.64418,254.67242,340.9391,-0.6920693,16.881847,0.21722431
5,31,10,0.0024009997,0.05121797,0.019076804,0.02204908,0.010092083,0.0690594,0.004125338,5.650201,-0.39146066,8.55917,1.3272368,0.1381188,0.008250676,0.14848933,-0.010287728,0.10045936,0.015577843,253.65355,254.76906,340.72592,-0.9357761,16.881847,0.23139371
5,32,10,0.0024009997,0.05333089,0.021900339,0.02138998,0.010040573,0.07399382,0.004044318,5.5651116,-0.515591,8.537298,1.1890473,0.14798763,0.008088636,0.14625314,-0.013549925,0.10020266,0.013955894,253.67491,254.82591,341.2807,-0.6734563,16.881847,0.21947423
5,33,10,0.0024009997,0.053980164,0.024167584,0.020459495,0.009353087,0.077729635,-0.0015882382,5.442722,-0.30611286,8.239839,0.7287797,0.15545927,-0.0031764763,0.1430367,-0.008044757,0.09671136,0.008553718,253.66536,254.69807,341.24298,-0.42266682,16.880157,0.19692715
5,34,10,0.0024009997,0.046094608,0.015529552,0.02128627,0.009278786,0.06230881,0.0017970523,5.5516033,-0.13989581,8.207046,0.82268333,0.12461762,0.0035941047,0.14589815,-0.0036765083,0.096326455,0.009655868,253.60289,254.45387,339.98044,-0.68278754,16.880157,0.19876873
5,35,10,0.0024009997,0.04984083,0.01931301,0.020979576,0.009548246,0.06948563,0.0022308447,5.511465,-0.2718327,8.32536,0.70095026,0.13897125,0.0044616894,0.14484328,-0.0071438574,0.097715124,0.008227078,253.61467,254.4868,340.2969,-0.42911756,16.880157,0.19717674
5,36,10,0.0024009997,0.054985758,0.022870172,0.022038186,0.010077398,0.07561444,-0.0021648132,5.6488047,-0.31710684,8.55294,0.6577654,0.15122887,-0.0043296264,0.14845264,-0.00833368,0.10038625,0.007720226,253.66406,254.6407,340.81955,-0.34065855,16.880157,0.21023826
5,37,10,0.0024009997,0.051990774,0.017272474,0.024946889,0.009771411,0.06571239,0.0012613263,6.0100327,-0.24300747,8.422089,0.59879017,0.13142478,0.0025226525,0.15794584,-0.0063863234,0.09885045,0.007028021,253.67854,254.84418,340.38858,-0.3557827,16.878561,0.17804313
5,38,10,0.0024009997,0.051602237,0.020086272,0.02135182,0.010164146,0.07086302,0.0037479233,5.560145,-0.3230195,8.589675,0.7597416,0.14172605,0.0074958466,0.14612262,-0.008489077,0.10081739,0.008917114,253.6986,254.84407,341.25226,-0.4367221,16.878561,0.2020845
5,39,10,0.0024009997,0.05408949,0.022384783,0.021013826,0.01069088,0.074807726,-0.00035433998,5.5159616,-0.27179748,8.809433,0.76874965,0.14961545,-0.00070867996,0.14496146,-0.0071429363,0.103396714,0.00902285,253.68631,254.6903,341.2902,-0.49695218,16.878561,0.19326556
5,40,10,0.0024009997,0.05044452,0.016664438,0.02289868,0.010881402,0.06454541,0.0028024768,5.75803,0.032356646,8.887582,0.8020106,0.12909082,0.0056049535,0.1513231,0.0008503355,0.104313955,0.009413242,253.64102,254.5163,339.89304,-0.8343672,16.878561,0.19819988
5,41,10,0.0024009997,0.047075488,0.017138315,0.019701038,0.010236136,0.065456696,0.0018238941,5.3408847,-0.02612031,8.62004,0.41534516,0.13091339,0.0036477882,0.14036039,-0.00068645045,0.10117379,0.004874923,253.68994,254.65404,340.2197,-0.38922486,16.87701,0.16734557
5,42,10,0.0024009997,0.052128162,0.0208551,0.020969808,0.010303255,0.072206475,-0.004800493,5.510182,-0.13465211,8.648254,0.3253203,0.14441295,-0.009600986,0.14480956,-0.003538699,0.10150495,0.003818294,253.76671,254.94989,340.70984,-0.1906682,16.87701,0.18897815
5,43,10,0.0024009997,0.048690178,0.015913371,0.02237613,0.010400676,0.063074104,0.0014224834,5.6919513,0.07631467,8.689044,0.62292325,0.12614821,0.0028449667,0.14958653,0.0020055734,0.1019837,0.0073112804,253.77615,255.12111,340.7516,-0.69923794,16.87701,0.16619562
5,44,10,0.0024009997,0.048716526,0.018556954,0.019914666,0.010244906,0.068111956,0.0015804506,5.369764,0.13086654,8.623731,0.45793846,0.13622391,0.0031609011,0.14111933,0.0034392206,0.10121712,0.0053748433,253.75311,254.95264,341.21103,-0.588805,16.87701,0.1786778
5,45,10,0.0024009997,0.05267708,0.02513314,0.0177908,0.009753139,0.079267174,-0.0042104064,5.0753546,0.14252618,8.414211,-0.018146554,0.15853435,-0.008420813,0.13338216,0.0037456402,0.09875798,-0.00021298004,253.68785,254.61644,341.0845,-0.12437963,16.875534,0.21102145
5,46,10,0.0024009997,0.042356305,0.013918573,0.01909889,0.009338839,0.0589885,-0.00041941798,5.258631,0.27848846,8.23356,0.092784844,0.117977,-0.00083883596,0.13819873,0.007318786,0.096637666,0.0010890238,253.57951,254.27586,340.02792,-0.3712733,16.875534,0.18786739
5,47,10,0.0024009997,0.04491985,0.015308902,0.020236818,0.009374129,0.061864574,-1.6117563e-5,5.413022,0.072956584,8.249102,0.05624251,0.12372915,-3.2235126e-5,0.14225617,0.0019173189,0.096820086,0.00066012325,253.52457,254.0373,340.14435,-0.12919909,16.875534,0.19643354
5,48,10,0.0024009997,0.048605476,0.018178798,0.0210486,0.009378079,0.06741439,-0.004971385,5.520524,-0.019447634,8.250841,-0.05852254,0.13482878,-0.00994277,0.14508136,-0.00051109237,0.096840486,-0.00068688154,253.50624,253.904,340.16498,0.07797018,16.875534,0.23843452
5,49,10,0.0024009997,0.0417343,0.0129398545,0.0198948,0.008899649,0.05687674,0.00044753173,5.3670845,0.04546341,8.037624,-0.19017044,0.11375348,0.00089506345,0.14104892,0.0011947937,0.09433795,-0.0022320459,253.49765,253.89633,339.46378,0.14470702,16.874136,0.19264133
5,50,10,0.0024009997,0.045049656,0.018905953,0.017225262,0.008918442,0.06874946,0.0011355573,4.9940352,-0.13237736,8.046105,-0.12386283,0.13749892,0.0022711146,0.13124505,-0.003478923,0.0944375,-0.0014537825,253.55978,254.10803,340.30768,0.2562402,16.874136,0.18968081
5,51,10,0.0024009997,0.04859067,0.020620275,0.018306613,0.009663783,0.07179881,-0.0037108944,5.1484046,-0.12130991,8.375578,-0.25921816,0.14359762,-0.0074217888,0.13530193,-0.0031880657,0.09830454,-0.0030424572,253.60344,254.28435,340.44238,0.38052806,16.874136,0.21607265
5,52,10,0.0024009997,0.044136316,0.015254065,0.019403748,0.009478503,0.061753675,0.00063916395,5.300435,0.0899622,8.294899,-0.15537901,0.12350735,0.0012783279,0.13929734,0.002364243,0.0973576,-0.001823695,253.58827,254.3558,339.6497,0.06541681,16.874136,0.17587163
5,53,10,0.0024009997,0.038670555,0.014278178,0.015674422,0.008717955,0.059745666,0.0014866628,4.76392,-0.06914682,7.9551525,-0.19162881,0.11949133,0.0029733256,0.12519753,-0.0018171999,0.09336999,-0.0022491638,253.61798,254.4154,340.38785,0.26077563,16.872791,0.13243318
5,54,10,0.0024009997,0.040957462,0.017118799,0.0151031595,0.008735503,0.06541941,-0.0037546314,4.6763024,-0.25723657,7.963155,-0.34538978,0.13083883,-0.0075092628,0.12289491,-0.00676027,0.09346391,-0.0040538553,253.65004,254.5311,340.86786,0.6026263,16.872791,0.15647367
5,55,10,0.0024009997,0.03967987,0.013952498,0.017171904,0.008555467,0.059060346,0.001119184,4.9862943,0.002541359,7.880669,-0.27630877,0.11812069,0.002238368,0.13104162,6.678851e-5,0.09249577,-0.0032430503,253.5997,254.44861,340.2074,0.2737674,16.872791,0.14946814
5,56,10,0.0024009997,0.038986675,0.014331032,0.016194375,0.0084612705,0.059856143,8.428481e-5,4.8422894,-0.06502105,7.837165,-0.38033858,0.119712286,0.00016856962,0.12725712,-0.0017087784,0.091985166,-0.0044640508,253.52875,254.03632,340.35812,0.44535965,16.872791,0.15421548
5,57,10,0.0024009997,0.040849417,0.017981932,0.014682467,0.00818502,0.06704836,-0.002713692,4.6107144,-0.2337421,7.708166,-0.5350297,0.13409673,-0.005427384,0.12117123,-0.0061428254,0.0904711,-0.0062796697,253.44507,253.53053,340.08908,0.7687718,16.871489,0.15259233
5,58,10,0.0024009997,0.037189238,0.013994636,0.0151451,0.008049504,0.059149463,0.00072620116,4.6827908,-0.055051513,7.6440897,-0.46664706,0.118298925,0.0014524023,0.12306543,-0.0014467752,0.08971903,-0.00547706,253.35278,253.16902,338.70813,0.5216986,16.871489,0.13984047
5,59,10,0.0024009997,0.035236605,0.013923188,0.01333642,0.0079769995,0.05899828,0.0019460001,4.3942857,-0.12565273,7.6095853,-0.3933443,0.11799656,0.0038920003,0.11548342,-0.0033022033,0.08931405,-0.004616698,253.3393,252.98311,338.9597,0.5189971,16.871489,0.14090976
5,60,10,0.0024009997,0.03860635,0.015580688,0.014931224,0.008094438,0.062411312,-0.0028873896,4.649608,-0.13765505,7.6653957,-0.4747384,0.124822624,-0.0057747792,0.12219339,-0.0036176227,0.0899691,-0.005572035,253.32085,252.83138,339.07788,0.61239344,16.871489,0.16107607
5,61,10,0.0024009997,0.034631647,0.012575042,0.014960424,0.00709618,0.056069247,0.0020006462,4.654153,0.16742945,7.177175,-0.50885135,0.112138495,0.0040012924,0.122312814,0.0044001057,0.08423883,-0.00597241,253.25018,252.65579,338.11102,0.3414219,16.870243,0.1285545
5,62,10,0.0024009997,0.03580511,0.014377592,0.014434608,0.0069929096,0.0599533,0.0014664949,4.5716305,-0.05905242,7.1247587,-0.5479681,0.1199066,0.0029329897,0.120144114,-0.001551918,0.08362362,-0.0064315265,253.21524,252.4517,338.35358,0.6070205,16.870243,0.138212
5,63,10,0.0024009997,0.03740023,0.01468442,0.015480099,0.007235712,0.060589645,-0.0021562173,4.7342973,-0.15579969,7.2473936,-0.60043603,0.12117929,-0.0043124347,0.12441905,-0.0040944736,0.08506299,-0.0070473477,253.22615,252.47404,338.5529,0.7562357,16.870243,0.14897135
5,64,10,0.0024009997,0.035133783,0.012463198,0.01569415,0.006976432,0.055819348,0.003021758,4.7669168,-0.06875409,7.11636,-0.59705913,0.111638695,0.006043516,0.1252763,-0.0018068826,0.08352504,-0.0070077106,253.25816,252.72293,338.20813,0.6658132,16.870243,0.14790863
5,65,10,0.0024009997,0.033658512,0.013683356,0.013595766,0.0063793873,0.05848794,0.0015120389,4.4368067,-0.10407562,6.8050404,-0.6059428,0.11697588,0.0030240777,0.116600886,-0.0027351445,0.079871066,-0.0071119773,253.27551,252.74614,338.9256,0.7100184,16.869,0.14611113
5,66,10,0.0024009997,0.034782924,0.0154358195,0.013072193,0.006274912,0.062120486,-0.0025503442,4.3505373,-0.25991413,6.7490873,-0.7152634,0.12424097,-0.0051006884,0.11433369,-0.0068306364,0.07921434,-0.008395083,253.24976,252.54567,338.98477,0.9751775,16.869,0.14353617
5,67,10,0.0024009997,0.029735796,0.010771601,0.013150991,0.0058132038,0.051893163,0.0027796198,4.36363,0.006995018,6.4960446,-0.6826587,0.10378633,0.0055592395,0.11467777,0.00018383133,0.07624437,-0.008012394,253.2348,252.54588,338.4518,0.67566365,16.869,0.12755857
5,68,10,0.0024009997,0.031593654,0.012367088,0.013264393,0.0059621725,0.055603705,0.0019779634,4.3824043,-0.019914135,6.578752,-0.8614715,0.11120741,0.0039559267,0.11517115,-0.00052335166,0.077215105,-0.010111127,253.2518,252.60677,338.5711,0.8813856,16.869,0.14010131
5,69,10,0.0024009997,0.03420325,0.016179288,0.012196059,0.0058279033,0.063598916,-0.0032728883,4.2022166,-0.14287362,6.5042534,-0.8384605,0.12719783,-0.0065457765,0.11043577,-0.0037547708,0.076340705,-0.00984105,253.2766,252.72644,338.65216,0.9813341,16.867727,0.14825442
5,70,10,0.0024009997,0.03066137,0.011413806,0.01375064,0.0054969247,0.05341771,0.001267924,4.4620056,0.17705946,6.316858,-0.7873716,0.10683542,0.002535848,0.11726312,0.004653187,0.07414125,-0.009241416,253.26796,252.7616,338.18924,0.6103121,16.867727,0.13920934
5,71,10,0.0024009997,0.03319444,0.014306059,0.013613485,0.0052748965,0.05980397,0.0024806503,4.439697,0.12714285,6.1879697,-0.6956513,0.11960794,0.0049613006,0.11667684,0.0033413605,0.07262848,-0.008164888,253.2867,252.79865,338.7089,0.56850845,16.867727,0.1633672
5,72,10,0.0024009997,0.03368214,0.015077575,0.01311833,0.0054862336,0.061395388,-0.001595655,4.358208,-0.075682044,6.3107114,-0.7728596,0.122790776,-0.00319131,0.11453528,-0.0019889518,0.07406911,-0.009071086,253.26508,252.6931,338.67062,0.8485416,16.867727,0.14682117
5,73,10,0.0024009997,0.028775617,0.011569167,0.012057283,0.005149167,0.05378003,0.0026472488,4.1782403,0.20850202,6.113778,-0.6891442,0.10756006,0.0052944976,0.10980566,0.005479508,0.0717577,-0.008088518,253.1987,252.44365,337.75162,0.48064217,16.866413,0.133006
5,74,10,0.0024009997,0.029527653,0.012810814,0.011558487,0.005158351,0.056592435,0.002179794,4.090903,0.100436255,6.1192284,-0.6403903,0.11318487,0.004359588,0.1075104,0.002639502,0.07182166,-0.007516289,253.1898,252.24731,338.10507,0.539954,16.866413,0.15604763
5,75,10,0.0024009997,0.029658616,0.013267332,0.011328365,0.00506292,0.057591952,-0.0018915854,4.0499744,-0.09623287,6.062361,-0.59238017,0.115183905,-0.0037831708,0.10643479,-0.0025290365,0.0711542,-0.0069527933,253.21295,252.3112,338.2689,0.68861306,16.866413,0.1512268
5,76,10,0.0024009997,0.027676545,0.011505711,0.011189858,0.0049809758,0.053632338,0.0031596927,4.02514,0.04654306,6.0131,-0.58351696,0.107264675,0.0063193855,0.10578213,0.0012231698,0.07057603,-0.0068487646,253.2095,252.43886,337.68228,0.5369739,16.866413,0.14281283
5,77,10,0.0024009997,0.030494088,0.013206269,0.012432099,0.0048557203,0.057459265,0.0026900966,4.2426863,0.38613063,5.937013,-0.6258478,0.11491853,0.0053801932,0.111499324,0.0101476535,0.069683,-0.007345603,253.1892,252.37358,337.87515,0.23971719,16.865019,0.1531567
5,78,10,0.0024009997,0.03257004,0.0150494445,0.012893587,0.0046270113,0.06133809,-0.0018796283,4.320714,0.61377406,5.795508,-0.6990939,0.12267618,-0.0037592566,0.11354993,0.016130205,0.06802214,-0.008205296,253.1592,252.20381,337.82275,0.08531982,16.865019,0.17440392
5,79,10,0.0024009997,0.032180578,0.014492953,0.013116113,0.0045715105,0.06019334,0.0028046155,4.3578396,0.81711394,5.760644,-0.8006382,0.12038668,0.005609231,0.1145256,0.02147405,0.067612946,-0.009397128,253.08093,251.91965,336.96643,-0.016475737,16.865019,0.19020866
5,80,10,0.0024009997,0.031100396,0.014196142,0.01239609,0.0045081633,0.05957378,0.0020510626,4.236537,0.69763666,5.720593,-0.83968747,0.11914756,0.0041021253,0.11133773,0.018334141,0.06714286,-0.00985545,253.05739,251.79712,337.36237,0.1420508,16.865019,0.19495732
5,81,10,0.0024009997,0.03250543,0.015599254,0.012279822,0.0046263547,0.062448487,-0.0018982529,4.216622,0.7353753,5.7950964,-0.8736898,0.12489697,-0.0037965057,0.110814355,0.019325932,0.06801731,-0.010254536,253.02257,251.58185,337.33594,0.13831449,16.863508,0.18091397
5,82,10,0.0024009997,0.031834997,0.014164538,0.01283314,0.0048373174,0.059507433,0.0027990667,4.310574,0.8738021,5.925753,-0.9378005,0.11901487,0.0055981334,0.11328345,0.022963837,0.06955083,-0.011007009,252.97021,251.42375,336.562,0.0639984,16.863508,0.17429186
5,83,10,0.0024009997,0.033204988,0.014571265,0.01340508,0.0052286414,0.06035575,0.002187635,4.405583,0.62080044,6.160779,-1.0055673,0.1207115,0.00437527,0.11578031,0.016314862,0.072309345,-0.01180239,252.9412,251.21793,336.66403,0.38476688,16.863508,0.17975618
5,84,10,0.0024009997,0.035705153,0.015181616,0.015490597,0.00503294,0.06160685,-0.0018806546,4.7359023,0.45453298,6.044384,-0.9215864,0.1232137,-0.0037613092,0.124461226,0.011945289,0.070943214,-0.010816702,252.9006,250.9579,336.6152,0.4670534,16.863508,0.19221094
5,85,10,0.0024009997,0.035908587,0.015400525,0.015956867,0.0045511946,0.062049426,0.0023103065,4.80665,0.653308,5.747829,-0.8792821,0.12409885,0.004620613,0.1263205,0.017169168,0.06746254,-0.010320174,252.82417,250.6301,335.72992,0.22597414,16.861853,0.20452727
5,86,10,0.0024009997,0.03412758,0.014542024,0.01477515,0.0048104026,0.060295157,0.0014792281,4.6252437,0.5646998,5.9092445,-1.0323489,0.120590314,0.0029584563,0.12155308,0.0148405135,0.06935707,-0.012116727,252.81235,250.55496,335.91013,0.46764904,16.861853,0.19152196
5,87,10,0.0024009997,0.034724135,0.015483387,0.014573922,0.0046668253,0.06221613,-0.0016740017,4.59364,0.502316,5.8203883,-1.0133579,0.12443226,-0.0033480034,0.1207225,0.013201047,0.068314165,-0.0118938275,252.78752,250.47917,335.80228,0.5110419,16.861853,0.20553546
5,88,10,0.0024009997,0.03632233,0.017607218,0.014219921,0.0044951933,0.066346094,0.0021356451,4.5375066,0.75923365,5.712358,-0.891374,0.13269219,0.0042712903,0.11924731,0.019952932,0.0670462,-0.0104621,252.7364,250.30043,334.94934,0.13214034,16.861853,0.2068882
5,89,10,0.0024009997,0.032391526,0.013632835,0.013930691,0.0048279967,0.058379866,0.0017461947,4.491123,0.7265531,5.9200406,-0.8400606,0.11675973,0.0034923893,0.11802835,0.019094078,0.06948379,-0.009859826,252.73666,250.22923,335.36218,0.11350751,16.860052,0.17954834
5,90,10,0.0024009997,0.035730973,0.016594093,0.013541422,0.0055954577,0.06440903,-0.0007992876,4.4279304,0.72517496,6.373222,-0.984294,0.12881806,-0.0015985752,0.116367616,0.01905786,0.07480279,-0.0115527045,252.6908,250.01196,335.24866,0.25911903,16.860052,0.20229964
5,91,10,0.0024009997,0.036920007,0.015704494,0.015592333,0.005623179,0.06265879,0.0027257234,4.751429,0.8677969,6.3889894,-0.9017213,0.12531757,0.005451447,0.124869265,0.022806019,0.07498786,-0.010583544,252.62804,249.83069,334.37234,0.0339244,16.860052,0.21285662
5,92,10,0.0024009997,0.036569163,0.015074576,0.015382444,0.006112144,0.061389282,0.0025737253,4.7193403,0.6443084,6.6609783,-1.0289674,0.122778565,0.0051474506,0.12402598,0.016932659,0.0781802,-0.012077036,252.63896,249.83592,334.65863,0.384659,16.860052,0.19525781
5,93,10,0.0024009997,0.036490433,0.01514233,0.015249911,0.006098191,0.06152709,0.00014262805,4.6989665,0.5232467,6.653371,-0.8752563,0.12305418,0.0002852561,0.12349053,0.013751109,0.07809091,-0.010272922,252.65816,249.87912,334.7863,0.3520096,16.858099,0.1917362
5,94,10,0.0024009997,0.035476215,0.016359638,0.013707605,0.0054089725,0.0639524,0.0030971693,4.4550176,0.6854046,6.2661185,-0.90829766,0.1279048,0.0061943387,0.11707948,0.018012678,0.07354572,-0.01066073,252.6415,249.87762,334.41824,0.22289306,16.858099,0.20918353
5,95,10,0.0024009997,0.035232835,0.015223815,0.013981647,0.0060273744,0.061692413,0.002606826,4.49933,0.68122566,6.614626,-0.9871511,0.123384826,0.005213652,0.118244015,0.017902853,0.07763617,-0.011586235,252.64879,249.88538,334.81857,0.30592543,16.858099,0.1932119
5,96,10,0.0024009997,0.034886084,0.014842593,0.014506666,0.0055368235,0.06091509,-5.6234723e-5,4.5830274,0.500755,6.3397417,-0.83162445,0.12183018,-0.000112469446,0.12044362,0.013160018,0.074409835,-0.009760812,252.66232,249.97981,335.07285,0.33086944,16.858099,0.20205235
5,97,10,0.0024009997,0.035607047,0.015869437,0.014231888,0.00550572,0.06298698,0.0055250437,4.5394154,0.5856141,6.3219094,-0.7684786,0.12597395,0.011050087,0.119297475,0.015390143,0.07420054,-0.009019668,252.60432,249.7882,334.34576,0.18286449,16.855984,0.17687145
5,98,10,0.0024009997,0.037255675,0.017303603,0.013881028,0.006071043,0.06577158,0.006106563,4.483111,0.49594802,6.638545,-0.92635643,0.13154316,0.012213126,0.117817774,0.013033695,0.0779169,-0.010872689,252.53894,249.46193,334.31705,0.43040842,16.855984,0.1756933
5,99,10,0.0024009997,0.033775255,0.014216378,0.013860086,0.0056987917,0.059616227,0.0038057836,4.4797277,0.34110045,6.4318004,-0.67176914,0.11923245,0.007611567,0.11772887,0.008964243,0.07549034,-0.007884587,252.47163,249.12434,333.97357,0.3306687,16.855984,0.15126239
5,100,10,0.0024009997,0.037519474,0.015847381,0.015521018,0.006151075,0.06294319,0.0064829444,4.740551,0.38733715,6.682158,-0.6252523,0.12588638,0.012965889,0.12458338,0.010179357,0.07842879,-0.007338618,252.41687,248.93292,333.20755,0.23791516,16.855984,0.16593274
