ic,traj,n_steps,eta,loss_total,loss_T,loss_olw,loss_slwd,rmse_T,bias_T,rmse_olw,bias_olw,rmse_slwd,bias_slwd,nrmse_T,nbias_T,nrmse_olw,nbias_olw,nrmse_slwd,nbias_slwd,mean_T,mean_olw,mean_slwd,bias_C,pnorm,gnorm
1,1,10,0.01,2.6334476,0.28454316,0.7576795,1.5912249,0.26671293,0.00542603,33.12161,-2.767717,107.47489,-29.714514,0.53342587,0.01085206,0.8704479,-0.0727366,1.2614377,-0.34876058,253.44098,253.19496,339.12674,32.48223,13.68661,8.6561775
1,2,10,0.01,2.677434,0.30064672,0.76902974,1.6077574,0.2741563,0.003421249,33.368774,-2.8168144,108.03177,-29.450726,0.5483126,0.006842498,0.8769434,-0.07402696,1.2679738,-0.34566447,253.37492,252.8641,339.22464,32.26754,13.68661,8.837265
1,3,10,0.01,2.7324195,0.344725,0.75231904,1.6353755,0.29356644,-0.0025559405,33.00424,-2.1654904,108.955696,-30.266537,0.5871329,-0.005111881,0.8673633,-0.05690986,1.278818,-0.35523978,253.31229,252.57848,339.22614,32.432026,13.68661,8.789884
1,4,10,0.01,2.6618433,0.279892,0.77093273,1.6110187,0.2645241,0.0047104927,33.41003,-2.108912,108.14127,-28.475006,0.5290482,0.009420985,0.87802774,-0.055422917,1.2692591,-0.33421257,253.23888,252.28624,338.54605,30.583918,13.68661,8.834248
1,5,10,0.01,1.3127854,0.21150811,0.3947523,0.7065249,0.22995006,-0.0054854006,23.907324,2.4168155,71.61516,-6.2529964,0.4599001,-0.010970801,0.62829316,0.063514784,0.84055036,-0.07339168,253.23166,252.15302,338.61072,3.836181,13.679437,4.9377003
1,6,10,0.01,1.3420877,0.23503149,0.38470525,0.7223511,0.24240023,-0.010927731,23.601128,2.8620574,72.41281,-7.315056,0.48480046,-0.021855462,0.6202461,0.07521586,0.8499124,-0.08585718,253.2447,252.20015,338.76895,4.452998,13.679437,4.826435
1,7,10,0.01,1.2982793,0.2126284,0.39022776,0.6954232,0.23055823,0.00011264774,23.76992,3.1647947,71.05027,-6.1738443,0.46111646,0.00022529547,0.6246821,0.08317192,0.83392036,-0.07246267,253.19907,252.07347,338.19302,3.0090497,13.679437,4.880181
1,8,10,0.01,1.334415,0.22174756,0.39810103,0.7145663,0.2354504,-0.003926183,24.00852,3.0362337,72.02155,-6.269333,0.4709008,-0.007852366,0.6309525,0.07979328,0.8453202,-0.0735834,253.17316,251.89806,338.47687,3.2330992,13.679437,5.022103
1,9,10,0.01,0.6967958,0.16550447,0.2315737,0.29971763,0.2034112,-0.018858926,18.311052,6.3237286,46.644173,13.0061245,0.4068224,-0.037717853,0.48122105,0.16618985,0.5474647,0.15265346,253.15988,251.80525,338.61688,-19.329853,13.681237,1.7739474
1,10,10,0.01,0.66108274,0.13214193,0.2417503,0.28719053,0.18175666,-0.009995699,18.709068,6.509992,45.65899,14.270917,0.36351332,-0.019991398,0.4916811,0.17108494,0.5359016,0.16749841,253.09833,251.58862,337.8262,-20.780909,13.681237,1.7497854
1,11,10,0.01,0.6637813,0.149342,0.23252647,0.28191277,0.19322397,-0.0130525585,18.34868,6.0774865,45.237495,13.534875,0.38644794,-0.026105117,0.48220998,0.15971854,0.5309546,0.15885945,253.08928,251.51953,338.30264,-19.612362,13.681237,1.7370019
1,12,10,0.01,0.6780485,0.16729371,0.22874404,0.2820107,0.20450777,-0.016862176,18.198833,6.218384,45.24536,13.121482,0.40901554,-0.033724353,0.47827193,0.16342138,0.5310468,0.15400742,253.05873,251.42033,338.20303,-19.339867,13.681237,1.7310774
1,13,10,0.01,0.5612975,0.09983057,0.173531,0.2879359,0.15797988,-0.014735085,15.851019,7.5483675,45.718193,29.072142,0.31595975,-0.02947017,0.4165705,0.19837384,0.5365966,0.34122103,252.99611,251.23141,337.1402,-36.62051,13.6876,2.5382411
1,14,10,0.01,0.56968653,0.10337346,0.1741783,0.29213476,0.16075872,-0.018280167,15.880554,7.6389847,46.05034,28.561918,0.32151744,-0.036560334,0.41734675,0.20075528,0.5404949,0.3352326,252.9795,251.07451,337.40656,-36.200905,13.6876,2.5896819
1,15,10,0.01,0.5956826,0.1302436,0.1760092,0.2894298,0.18044639,-0.024066294,15.963804,7.8234205,45.83665,27.734386,0.36089277,-0.048132587,0.4195345,0.20560227,0.5379868,0.32551974,252.96161,250.94547,337.53165,-35.557808,13.6876,2.579442
1,16,10,0.01,0.55997527,0.09479251,0.16991693,0.2952658,0.15394196,-0.015850423,15.685089,7.899546,46.29646,28.865776,0.30788392,-0.031700846,0.4122098,0.20760292,0.54338366,0.33879894,252.90793,250.80154,336.80075,-36.765324,13.6876,2.6582298
1,17,10,0.01,0.5584698,0.08005375,0.13257316,0.3458429,0.14146885,-0.025517453,13.854679,6.508778,50.10495,29.781939,0.2829377,-0.051034905,0.36410597,0.17105302,0.5880841,0.34955198,252.91217,250.81747,337.33298,-36.290718,13.689279,3.36273
1,18,10,0.01,0.57743776,0.097831756,0.13685966,0.34274638,0.15639034,-0.030558348,14.0768795,6.5645604,49.880135,28.986317,0.31278068,-0.061116695,0.36994547,0.17251903,0.58544546,0.3402137,252.90578,250.81282,337.41257,-35.550877,13.689279,3.3463523
1,19,10,0.01,0.55655503,0.0786072,0.13860376,0.33934408,0.14018488,-0.021031292,14.166292,6.6659846,49.631947,29.096424,0.28036976,-0.042062584,0.37229526,0.1751845,0.58253247,0.34150603,252.85478,250.6011,336.69046,-35.76241,13.689279,3.3338811
1,20,10,0.01,0.5708892,0.082128644,0.14970003,0.33906052,0.14329048,-0.022707019,14.722434,6.7343736,49.611217,29.436296,0.28658095,-0.045414038,0.3869109,0.17698176,0.58228904,0.3454952,252.85326,250.5842,336.97397,-36.17067,13.689279,3.3485556
1,21,10,0.01,0.46236607,0.083727784,0.110711984,0.2679263,0.14467877,-0.03174892,12.660942,4.619963,44.101044,24.163593,0.28935754,-0.06349784,0.3327341,0.12141428,0.517616,0.28360918,252.82867,250.49669,336.79184,-28.783556,13.686843,2.766267
1,22,10,0.01,0.43343458,0.067863815,0.099699944,0.2658708,0.13025342,-0.02429622,12.014788,4.737454,43.931553,24.921406,0.26050684,-0.04859244,0.31575298,0.12450197,0.5156266,0.2925037,252.77942,250.30374,335.94287,-29.65886,13.686843,2.801173
1,23,10,0.01,0.43791196,0.07547646,0.098888114,0.2635474,0.1373649,-0.027657304,11.965772,4.556398,43.73917,24.581045,0.2747298,-0.055314608,0.3144648,0.11974379,0.51336867,0.28850886,252.79477,250.3125,336.3757,-29.137444,13.686843,2.7921236
1,24,10,0.01,0.44050884,0.08331141,0.092234105,0.26496333,0.14431858,-0.032845687,11.556184,4.455755,43.856514,23.968878,0.28863716,-0.065691374,0.3037007,0.117098846,0.5147459,0.28132382,252.81659,250.4392,336.72278,-28.424633,13.686843,2.7884712
1,25,10,0.01,0.28309274,0.06124985,0.06465465,0.15718824,0.123743534,-0.0273481,9.675392,2.0423622,33.779346,15.624549,0.24748707,-0.0546962,0.2542728,0.05367401,0.3964697,0.18338606,252.77406,250.34602,336.1891,-17.666912,13.682759,1.6199155
1,26,10,0.01,0.28785664,0.062296987,0.067805365,0.15775429,0.12479682,-0.029229783,9.908336,2.2945466,33.840107,15.39538,0.24959365,-0.058459565,0.26039463,0.060301512,0.39718294,0.18069628,252.71437,250.00325,336.26443,-17.689926,13.682759,1.599656
1,27,10,0.01,0.3054171,0.07495746,0.07110742,0.15935221,0.1368918,-0.035220172,10.146729,2.6241214,34.01107,14.887192,0.2737836,-0.070440345,0.26665974,0.068962865,0.39918944,0.17473167,252.65921,249.76527,336.1059,-17.511312,13.682759,1.5600817
1,28,10,0.01,0.30233818,0.06169972,0.076880105,0.16375838,0.12419714,-0.026706176,10.550563,2.7403693,34.478077,15.69655,0.24839428,-0.05341235,0.2772726,0.07201789,0.40467072,0.18423113,252.5926,249.59174,335.1879,-18.43692,13.682759,1.6048243
1,29,10,0.01,0.24165456,0.05977729,0.0789912,0.102886066,0.12224697,-0.028795084,10.694438,0.6238221,27.328732,6.125554,0.24449395,-0.057590168,0.28105372,0.016394267,0.32075858,0.071895905,252.55571,249.39522,335.13455,-6.7493763,13.679581,0.6630112
1,30,10,0.01,0.24184632,0.06823572,0.073255986,0.10035461,0.13060984,-0.034675997,10.298885,0.8108218,26.990435,5.790357,0.26121968,-0.06935199,0.27065843,0.021308692,0.31678796,0.067961685,252.51517,249.2145,335.02197,-6.601179,13.679581,0.6061316
1,31,10,0.01,0.23273085,0.05798908,0.073473744,0.10126802,0.12040461,-0.025381519,10.314181,0.97245294,27.112988,6.6443076,0.24080922,-0.050763037,0.2710604,0.025556415,0.31822637,0.077984534,252.44681,248.98561,334.08337,-7.6167607,13.679581,0.66269517
1,32,10,0.01,0.23090391,0.058220867,0.07137951,0.10130353,0.120645,-0.029944422,10.166125,1.0705965,27.11774,6.6435127,0.24129,-0.059888843,0.26716945,0.028135661,0.31828216,0.07797522,252.43312,248.88542,334.23096,-7.7141094,13.679581,0.6144339
1,33,10,0.01,0.25208485,0.06391287,0.07013338,0.1180386,0.12640497,-0.032855034,10.076996,0.11083321,29.272055,-2.1616943,0.25280994,-0.06571007,0.26482707,0.0029127358,0.34356746,-0.025371905,252.43715,248.92078,334.32275,2.0508611,13.677466,1.2281314
1,34,10,0.01,0.2497703,0.05899483,0.069908485,0.120866984,0.121444255,-0.025326837,10.060826,0.2135382,29.620682,-1.3447791,0.24288851,-0.050653674,0.26440212,0.005611857,0.3476593,-0.015783736,252.40959,248.83916,333.67984,1.131241,13.677466,1.1691597
1,35,10,0.01,0.2483635,0.06310973,0.06524533,0.12000844,0.12560825,-0.02783131,9.719487,0.027412184,29.515295,-1.5769248,0.2512165,-0.05566262,0.25543165,0.0007203974,0.34642234,-0.01850844,252.42278,248.78314,334.07385,1.5495126,13.677466,1.1402899
1,36,10,0.01,0.25123462,0.07037185,0.061398536,0.11946423,0.13263847,-0.031539753,9.428611,0.10730007,29.448296,-2.0416527,0.26527694,-0.063079506,0.24778728,0.0028198776,0.34563598,-0.023962963,252.42163,248.75694,334.24182,1.9343526,13.677466,1.1166734
1,37,10,0.01,0.26519918,0.0568149,0.0588939,0.1494904,0.11917938,-0.021121467,9.234297,-0.34353182,32.94184,-6.3320374,0.23835877,-0.042242933,0.24268065,-0.009028143,0.3866399,-0.07431941,252.4014,248.75331,333.7345,6.675569,13.676788,1.5868487
1,38,10,0.01,0.27686116,0.061073784,0.063724935,0.15206245,0.123565555,-0.024628064,9.605574,-0.4054964,33.224022,-6.6903553,0.24713111,-0.049256127,0.25243798,-0.010656588,0.38995185,-0.07852501,252.41493,248.80164,334.2262,7.095852,13.676788,1.6115012
1,39,10,0.01,0.28679854,0.065102264,0.06510319,0.15659307,0.12757573,-0.029960092,9.708896,-0.3564698,33.715336,-7.12717,0.25515145,-0.059920184,0.25515327,-0.009368151,0.39571843,-0.08365191,252.39674,248.77075,334.2843,7.4836397,13.676788,1.6161172
1,40,10,0.01,0.28039724,0.054418787,0.065380335,0.16059813,0.116639175,-0.022014117,9.729538,-0.20564598,34.14377,-6.4144926,0.23327835,-0.044028234,0.2556958,-0.0054044505,0.40074697,-0.0752872,252.32854,248.53989,333.5535,6.6201386,13.676788,1.6413467
1,41,10,0.01,0.293553,0.055787943,0.06698815,0.17077692,0.11809736,-0.022592502,9.848444,-0.20499787,35.209175,-8.719979,0.23619471,-0.045185003,0.25882068,-0.0053874194,0.41325164,-0.10234681,252.30563,248.36996,333.79553,8.924977,13.677166,1.7286272
1,42,10,0.01,0.3050925,0.061466515,0.069026425,0.17459959,0.12396221,-0.02504499,9.997153,-0.07012223,35.601044,-8.682759,0.24792442,-0.05008998,0.2627288,-0.0018428287,0.41785115,-0.101909965,252.26878,248.25935,333.52872,8.752881,13.677166,1.7167122
1,43,10,0.01,0.29298264,0.06030641,0.067406215,0.16527003,0.12278682,-0.018969912,9.879128,0.1053099,34.63684,-7.482958,0.24557364,-0.037939824,0.25962707,0.0027675834,0.40653417,-0.08782784,252.21123,248.04427,332.65112,7.377648,13.677166,1.6883613
1,44,10,0.01,0.3009203,0.06588402,0.06700393,0.16803236,0.12833941,-0.022845529,9.849605,0.46501958,34.925102,-7.5714335,0.25667882,-0.045691058,0.25885117,0.012220881,0.4099175,-0.08886624,252.20941,247.95479,332.846,7.106414,13.677166,1.7303058
1,45,10,0.01,0.27086782,0.06497438,0.06112032,0.14477314,0.12745036,-0.024273222,9.407224,0.28005785,32.417927,-7.88145,0.25490072,-0.048546445,0.24722524,0.007360025,0.38049066,-0.09250493,252.2306,248.04506,333.1014,7.6013923,13.678203,1.3855591
1,46,10,0.01,0.25572383,0.055211797,0.058193106,0.14231892,0.117485955,-0.016826015,9.179193,0.34656468,32.141975,-7.002915,0.23497191,-0.03365203,0.24123247,0.00910784,0.3772518,-0.08219354,252.2174,248.0596,332.6729,6.65635,13.678203,1.3660539
1,47,10,0.01,0.25772333,0.053240534,0.05937413,0.14510868,0.11536955,-0.020036051,9.27187,0.26297235,32.45547,-7.273535,0.2307391,-0.040072102,0.24366808,0.006911012,0.38093135,-0.0853698,252.22293,248.09285,333.06503,7.0105624,13.678203,1.4177264
1,48,10,0.01,0.27088615,0.059279054,0.063031636,0.14857547,0.12173645,-0.02305,9.55318,0.18407209,32.840878,-7.5161386,0.2434729,-0.0461,0.25106102,0.0048374855,0.3854549,-0.088217266,252.21042,248.08592,333.05594,7.3320665,13.678203,1.424489
1,49,10,0.01,0.22905156,0.05671186,0.06298135,0.109358355,0.11907126,-0.015221161,9.549369,0.4559554,28.17521,-3.7069,0.23814252,-0.030442322,0.25096086,0.011982666,0.33069375,-0.043508064,252.20384,248.20226,332.37378,3.2509446,13.679485,0.8172866
1,50,10,0.01,0.23515719,0.054921687,0.06802189,0.112213604,0.11717688,-0.018001338,9.924143,0.49857962,28.54066,-3.3320658,0.23435377,-0.036002677,0.26081008,0.013102864,0.334983,-0.0391086,252.2388,248.41486,332.8342,2.833486,13.679485,0.89659095
1,51,10,0.01,0.25094587,0.05986266,0.07323166,0.11785156,0.122334234,-0.020466704,10.297176,0.49995354,29.24886,-3.475428,0.24466847,-0.040933408,0.2706135,0.013138966,0.34329516,-0.040791243,252.23686,248.47072,333.0542,2.9754746,13.679485,0.96892834
1,52,10,0.01,0.25502038,0.055647094,0.07689015,0.12248312,0.11794818,-0.01323958,10.551252,0.6652203,29.818056,-2.3268538,0.23589636,-0.02647916,0.27729073,0.017482232,0.34997588,-0.027310379,252.20522,248.43037,332.47427,1.6616335,13.679485,0.95483565
1,53,10,0.01,0.22109467,0.056775313,0.06986391,0.09445546,0.11913785,-0.01296651,10.057616,0.5377813,26.185131,0.25590932,0.2382757,-0.02593302,0.2643178,0.014133088,0.30733606,0.0030036166,252.19368,248.34146,332.70294,-0.7936906,13.680397,0.47670373
1,54,10,0.01,0.2227057,0.063974135,0.06597364,0.092757925,0.12646554,-0.016880082,9.773585,0.42232135,25.948769,-0.69034857,0.2529311,-0.033760164,0.25685334,0.011098767,0.30456185,-0.0081026545,252.19243,248.2573,332.58984,0.26802722,13.680397,0.5175167
1,55,10,0.01,0.21141511,0.056028157,0.063316554,0.09207039,0.11835134,-0.01096756,9.574747,0.3822711,25.852423,-0.59618855,0.23670268,-0.02193512,0.2516278,0.010046222,0.30343103,-0.0069974926,252.2191,248.44405,332.37988,0.21391743,13.680397,0.43157464
1,56,10,0.01,0.21183294,0.05543561,0.063208416,0.09318891,0.11772384,-0.014010597,9.566566,0.31613696,26.008978,-0.68010217,0.23544767,-0.028021194,0.25141284,0.008308194,0.3052686,-0.00798239,252.25317,248.6576,333.02652,0.3639652,13.680397,0.42513344
1,57,10,0.01,0.21150425,0.054556306,0.059191,0.09775695,0.11678646,-0.012177735,9.257559,0.29717934,26.638823,1.8088675,0.23357292,-0.02435547,0.243292,0.0078099836,0.31266108,0.021230761,252.20793,248.52344,333.18277,-2.1060467,13.680086,0.6897644
1,58,10,0.01,0.2020108,0.048438672,0.059293944,0.09427818,0.110043935,-0.0079030385,9.265607,0.6936491,26.160547,2.452337,0.22008787,-0.015806077,0.24350348,0.018229354,0.30704752,0.028783191,252.11037,248.1273,332.28976,-3.145986,13.680086,0.6664828
1,59,10,0.01,0.208754,0.052400574,0.061848003,0.09450544,0.11445586,-0.010574025,9.463058,0.90291804,26.192055,2.380393,0.22891171,-0.02114805,0.24869259,0.023729006,0.30741736,0.027938785,252.0816,247.92714,332.3766,-3.2833111,13.680086,0.6585054
1,60,10,0.01,0.22293681,0.06182527,0.06695918,0.09415236,0.12432344,-0.014963199,9.846315,0.9998571,26.143085,2.2303674,0.24864689,-0.029926399,0.2587647,0.026276603,0.30684257,0.02617793,252.04608,247.75801,332.23264,-3.2302246,13.680086,0.6722717
1,61,10,0.01,0.20741168,0.050797705,0.062609866,0.09400411,0.11269173,-0.006865627,9.521165,1.1503848,26.122494,5.4161425,0.22538346,-0.013731254,0.25021964,0.030232528,0.3066009,0.0635695,251.97932,247.53555,331.32877,-6.5665274,13.678184,0.96367925
1,62,10,0.01,0.22084749,0.052454412,0.06572398,0.10266909,0.11451464,-0.008567336,9.755075,1.2547969,27.299902,5.882535,0.22902928,-0.017134672,0.25636688,0.032976523,0.32042018,0.06904358,251.9948,247.62816,331.71466,-7.137332,13.678184,0.95457846
1,63,10,0.01,0.23361927,0.06026354,0.06762146,0.105734274,0.12274317,-0.011100028,9.89489,1.4287276,27.704422,5.758156,0.24548633,-0.022200055,0.26004127,0.037547484,0.32516807,0.06758374,251.98169,247.59332,331.67892,-7.1868834,13.678184,0.92856693
1,64,10,0.01,0.21355343,0.051314633,0.06595683,0.09628196,0.11326367,-0.0062934286,9.77234,1.434445,26.437092,6.4034047,0.22652733,-0.012586857,0.25682062,0.03769773,0.31029335,0.07515705,251.95052,247.52386,331.0928,-7.8378496,13.678184,0.9062391
1,65,10,0.01,0.19640401,0.053335223,0.050279897,0.0927889,0.1154721,-0.0073251966,8.532295,1.1791778,25.953096,7.2571025,0.2309442,-0.014650393,0.2242318,0.030989219,0.3046127,0.08517694,251.98119,247.5799,331.51828,-8.43628,13.675069,0.95726687
1,66,10,0.01,0.20060225,0.057984177,0.049155883,0.093462184,0.12039952,-0.0096170595,8.436385,1.3125284,26.047087,6.8547473,0.24079904,-0.019234119,0.22171126,0.034493715,0.30571586,0.08045447,252.00269,247.71307,331.8287,-8.167275,13.675069,0.9373313
1,67,10,0.01,0.19499175,0.04727969,0.053098854,0.09461321,0.10871947,-0.0025301578,8.768216,1.2095126,26.20699,7.24988,0.21743894,-0.0050603156,0.23043188,0.031786423,0.3075926,0.08509216,251.99617,247.7282,331.17416,-8.459393,13.675069,0.98812187
1,68,10,0.01,0.19798191,0.050834272,0.049993753,0.09715389,0.112732284,-0.006247981,8.507981,1.3069464,26.556528,7.3394527,0.22546457,-0.012495962,0.22359283,0.034347016,0.3116952,0.08614349,252.03668,247.88712,331.8141,-8.6463995,13.675069,0.9264494
1,69,10,0.01,0.18640153,0.0529242,0.04548755,0.08798978,0.1150263,-0.004889649,8.115494,1.1810876,25.273033,7.007604,0.2300526,-0.009779298,0.2132781,0.031039411,0.2966307,0.08224856,252.05022,247.95384,332.0385,-8.188692,13.670953,0.8645722
1,70,10,0.01,0.18546426,0.04796483,0.051294535,0.086204894,0.10950437,0.0012512824,8.617955,1.3803546,25.015383,7.8571334,0.21900874,0.0025025648,0.22648297,0.036276206,0.2936067,0.09221952,251.99725,247.82646,331.33484,-9.237488,13.670953,0.8562097
1,71,10,0.01,0.1889251,0.04853137,0.05330193,0.0870918,0.11014918,-0.001873099,8.784966,1.6587741,25.14374,7.5754914,0.22029836,-0.003746198,0.23087211,0.04359319,0.2951132,0.08891387,251.96136,247.63676,331.66504,-9.234265,13.670953,0.83554405
1,72,10,0.01,0.19857147,0.05246842,0.056685235,0.08941782,0.11452993,-0.003209732,9.059487,1.7666754,25.477291,7.357233,0.22905986,-0.006419464,0.23808661,0.046428874,0.29902813,0.08635219,251.94801,247.60767,331.62137,-9.123908,13.670953,0.80009323
1,73,10,0.01,0.17258748,0.04594539,0.05588211,0.07075998,0.10717438,0.0062008086,8.99508,1.6808802,22.663923,7.387728,0.21434876,0.012401617,0.23639397,0.044174127,0.26600748,0.0867101,251.89185,247.49348,330.80954,-9.068608,13.666467,0.5081834
1,74,10,0.01,0.17579445,0.05320636,0.054852404,0.067735694,0.11533252,0.00031035175,8.911821,1.5398043,22.174305,7.7077746,0.23066504,0.0006207035,0.2342059,0.040466618,0.26026082,0.0904665,251.87985,247.38872,330.78256,-9.247579,13.666467,0.50364697
1,75,10,0.01,0.1820755,0.059549652,0.052139986,0.070385866,0.122013986,-0.0035833302,8.688686,1.4404213,22.60393,7.1988244,0.24402797,-0.0071666604,0.22834182,0.03785479,0.26530334,0.08449292,251.93884,247.64522,331.174,-8.639246,13.666467,0.48312744
1,76,10,0.01,0.17936274,0.052616447,0.054360487,0.07238582,0.11469138,0.0033598514,8.871772,1.5172651,22.922815,7.6615005,0.22938275,0.006719703,0.23315336,0.039874285,0.26904613,0.089923374,251.94937,247.75903,330.78824,-9.178765,13.666467,0.49491128
1,77,10,0.01,0.15948874,0.048085876,0.046508852,0.064894,0.10964246,0.0031787287,8.206094,0.9784777,21.704185,4.835574,0.21928492,0.0063574575,0.21565911,0.025714744,0.254743,0.056755364,251.9841,247.92604,331.7257,-5.8140516,13.662435,0.32695624
1,78,10,0.01,0.16822357,0.052994993,0.046045292,0.06918329,0.11510321,0.0006252964,8.165096,0.9597282,22.409996,4.3631797,0.23020642,0.0012505928,0.21458167,0.025222007,0.26302716,0.051210836,251.98804,247.98868,331.92252,-5.322908,13.662435,0.3119486
1,79,10,0.01,0.15443134,0.0482916,0.04303018,0.063109554,0.10987675,0.0060712188,7.893239,0.81357867,21.403696,5.058364,0.2197535,0.0121424375,0.20743717,0.021381132,0.25121614,0.059370242,252.01111,248.1922,331.55334,-5.8719425,13.662435,0.34153247
1,80,10,0.01,0.15120731,0.051131587,0.04140283,0.05867289,0.11306147,0.0048378482,7.7425437,0.76244134,20.637636,4.8176928,0.22612295,0.0096756965,0.20347686,0.02003723,0.24222487,0.056545477,252.01373,248.12431,332.06644,-5.580134,13.662435,0.32293597
1,81,10,0.01,0.15269813,0.048847318,0.04031377,0.06353704,0.110507146,0.0026834463,7.6400356,0.2574639,21.476063,2.3328748,0.22101429,0.0053668926,0.2007829,0.0067662396,0.25206554,0.027381051,251.97064,247.91054,332.16638,-2.5903387,13.65906,0.4834596
1,82,10,0.01,0.14825487,0.043558285,0.04369994,0.06099666,0.10435311,0.0070591317,7.9544296,0.34711403,21.042353,3.3631086,0.20870622,0.0141182635,0.2090453,0.009122276,0.24697502,0.03947296,251.93974,247.89963,331.45502,-3.7102227,13.65906,0.49834907
1,83,10,0.01,0.16451514,0.051216256,0.046474848,0.06682403,0.113155045,0.0060099303,8.203094,0.20579055,22.024576,3.2790077,0.22631009,0.012019861,0.21558025,0.0054082535,0.25850344,0.03848585,251.97348,248.07071,332.24713,-3.4847982,13.65906,0.51062167
1,84,10,0.01,0.1779949,0.057909783,0.048965048,0.07112007,0.12032226,0.0019080172,8.419993,0.2962867,22.721514,3.0226102,0.24064451,0.0038160344,0.22128047,0.007786522,0.26668346,0.035476517,251.98997,248.10376,332.3245,-3.3188968,13.65906,0.5373534
1,85,10,0.01,0.16678771,0.046745364,0.04801721,0.07202514,0.10810338,0.007585485,8.3381,-0.2761226,22.865635,1.7597536,0.21620676,0.01517097,0.2191283,-0.007256602,0.268375,0.0206543,252.01231,248.12326,331.53046,-1.483631,13.656902,0.7394327
1,86,10,0.01,0.1680809,0.052224446,0.043415237,0.07244122,0.11426334,0.0033686147,7.9284763,-0.28768831,22.931585,1.2783881,0.22852668,0.0067372294,0.20836323,-0.007560553,0.26914907,0.015004484,252.10942,248.40382,332.40103,-0.9906998,13.656902,0.73817277
1,87,10,0.01,0.16379239,0.057315364,0.03546186,0.071015164,0.11970314,0.0033985851,7.1655483,-0.6717222,22.704752,0.24666017,0.23940627,0.0067971703,0.1883132,-0.017653106,0.2664867,0.0028950553,252.151,248.64764,333.03815,0.425062,13.656902,0.6496723
1,88,10,0.01,0.1509356,0.045595355,0.035184167,0.07015608,0.106765345,0.010691905,7.1374373,-0.808074,22.567001,0.7679998,0.21353069,0.02138381,0.18757443,-0.02123648,0.26486993,0.009014039,252.10883,248.56956,332.53986,0.04007417,13.656902,0.6875001
1,89,10,0.01,0.14721186,0.04709671,0.03464685,0.065468304,0.108508885,0.007831467,7.0827274,-1.4806734,21.800014,-0.5652189,0.21701777,0.015662935,0.18613665,-0.038912628,0.25586775,-0.0066339974,252.07437,248.41028,332.78534,2.0458922,13.656075,0.6607702
1,90,10,0.01,0.14750111,0.048000064,0.034053896,0.06544715,0.10954458,0.004925083,7.0218587,-1.3633502,21.796492,-0.7198816,0.21908917,0.009850166,0.18453698,-0.03582933,0.2558264,-0.008449282,252.04715,248.2172,332.86246,2.0832317,13.656075,0.7089624
1,91,10,0.01,0.13513812,0.03946573,0.03234612,0.06332627,0.09932992,0.010508648,6.8435235,-0.77738786,21.440413,0.23082949,0.19865984,0.021017296,0.17985027,-0.020430036,0.2516471,0.0027092586,252.00119,248.05247,331.8393,0.5465584,13.656075,0.7276548
1,92,10,0.01,0.148363,0.046627503,0.03387168,0.0678638,0.10796701,0.008218923,7.003047,-0.94054836,22.195263,-0.19718795,0.21593402,0.016437845,0.1840426,-0.024717953,0.2605068,-0.0023144074,252.04463,248.24309,332.37692,1.1377363,13.656075,0.70378566
1,93,10,0.01,0.14717998,0.053954877,0.03535201,0.05787308,0.11614095,0.005968637,7.1544414,-1.6371472,20.49649,-1.102653,0.2322819,0.011937274,0.1880213,-0.04302482,0.24056825,-0.012941881,252.06006,248.38309,332.7683,2.7398002,13.656472,0.5729935
1,94,10,0.01,0.1253489,0.042036235,0.035020165,0.048292488,0.1025137,0.011941052,7.120783,-1.5256411,18.72324,-0.061463017,0.2050274,0.023882104,0.18713675,-0.040094394,0.21975552,-0.00072140404,252.04982,248.4785,332.1234,1.5871041,13.656472,0.6024729
1,95,10,0.01,0.13710926,0.047230065,0.035362687,0.05451651,0.1086624,0.009688221,7.1555214,-1.589485,19.893227,-0.3108959,0.2173248,0.019376442,0.18804969,-0.041772246,0.23348771,-0.0036489975,252.10176,248.72226,332.87665,1.900381,13.656472,0.57142127
1,96,10,0.01,0.15179944,0.056807697,0.03617853,0.05881322,0.11917183,0.0047964333,7.2375927,-1.941217,20.6623,-0.5313573,0.23834366,0.0095928665,0.19020654,-0.05101589,0.24251437,-0.006236564,252.152,248.97685,333.26077,2.4725742,13.656472,0.56133246
1,97,10,0.01,0.121530555,0.04186136,0.032909732,0.046759464,0.10230024,0.009354863,6.902889,-1.2225152,18.423662,-0.0018403796,0.20460048,0.018709727,0.1814104,-0.032128148,0.21623936,-2.1597803e-5,252.16661,248.98875,332.70654,1.2243556,13.65784,0.3366009
1,98,10,0.01,0.1317958,0.04558114,0.036380455,0.049834203,0.1067487,0.005384566,7.257762,-1.3300186,19.019756,-0.7930146,0.2134974,0.010769132,0.1907366,-0.03495338,0.22323576,-0.009307647,252.23412,249.11043,333.3747,2.1230333,13.65784,0.3564558
1,99,10,0.01,0.15583546,0.053157642,0.04168617,0.060991656,0.115279704,0.0026856365,7.7689915,-1.8166202,21.041485,-1.872243,0.23055941,0.005371273,0.20417191,-0.04774143,0.24696489,-0.021974605,252.31178,249.45135,334.28134,3.6888633,13.65784,0.36666727
1,100,10,0.01,0.14178456,0.044045582,0.040945664,0.05679332,0.1049352,0.01031388,7.69968,-1.7284058,20.304384,-1.1542602,0.2098704,0.02062776,0.20235035,-0.045423124,0.2383135,-0.013547602,252.30487,249.54387,333.7749,2.882666,13.65784,0.3376652
2,1,10,0.0069999998,0.35121158,0.07330612,0.21487375,0.06303171,0.13537551,0.0113763055,17.638447,-5.686199,21.390493,-2.593675,0.27075103,0.022752611,0.46354476,-0.1494353,0.25106117,-0.030442083,253.70683,254.98735,340.65576,8.279874,13.659629,1.2487851
2,2,10,0.0069999998,0.37017807,0.07558947,0.22911339,0.06547523,0.1374677,0.009594117,18.213522,-5.818793,21.801165,-3.1389318,0.2749354,0.019188235,0.4786579,-0.15291992,0.25588128,-0.036841784,253.75288,255.08357,341.10388,8.957725,13.659629,1.314863
2,3,10,0.0069999998,0.39994338,0.09540919,0.23686633,0.06766787,0.1544419,0.0025418545,18.519123,-6.31742,22.163202,-4.2169595,0.3088838,0.005083709,0.48668915,-0.16602406,0.2601305,-0.049494646,253.77397,255.1609,341.79675,10.53438,13.659629,1.3606405
2,4,10,0.0069999998,0.36643884,0.073636256,0.22996387,0.06283871,0.13568,0.010446569,18.247295,-5.9171095,21.35772,-3.373066,0.27136,0.020893138,0.47954547,-0.15550376,0.2506765,-0.039589826,253.74092,255.10878,340.9984,9.290175,13.659629,1.3370764
2,5,10,0.0069999998,0.3514607,0.084510624,0.20036842,0.06658168,0.14535356,0.0077432976,17.032692,-5.2076893,21.984602,-3.3428926,0.2907071,0.015486595,0.4476253,-0.13685994,0.25803426,-0.039235678,253.71733,254.87843,341.3118,8.550582,13.659232,1.2156575
2,6,10,0.0069999998,0.3759718,0.10015377,0.20499687,0.07082118,0.1582354,0.0021072235,17.228292,-5.4892793,22.673721,-4.186357,0.3164708,0.004214447,0.4527658,-0.14426026,0.2661225,-0.04913547,253.7341,254.80719,341.86502,9.675636,13.659232,1.252458
2,7,10,0.0069999998,0.3505842,0.081167914,0.20119223,0.06822407,0.14244992,0.010493081,17.067673,-5.160686,22.2541,-3.0557506,0.28489983,0.020986162,0.44854456,-0.1356247,0.2611974,-0.03586547,253.7351,254.82375,340.9903,8.216436,13.659232,1.2498654
2,8,10,0.0069999998,0.37098706,0.09389389,0.20698057,0.07011259,0.15321055,0.011587054,17.311451,-4.988294,22.560005,-2.3798616,0.3064211,0.023174107,0.45495117,-0.1310942,0.26478782,-0.02793253,253.77548,254.99405,341.23846,7.3681555,13.659232,1.2795264
2,9,10,0.0069999998,0.32447714,0.09421836,0.1638882,0.06637057,0.15347505,0.0013781647,15.404321,-4.860503,21.94972,-2.5107903,0.3069501,0.0027563295,0.40483108,-0.12773578,0.25762486,-0.029469267,253.80481,255.2083,341.99585,7.3712935,13.657575,1.1055256
2,10,10,0.0069999998,0.30687308,0.07969997,0.1634984,0.0636747,0.14115591,0.00907419,15.38599,-4.471877,21.499317,-1.6602241,0.28231183,0.01814838,0.40434936,-0.1175226,0.25233847,-0.01948613,253.74373,255.0318,341.16833,6.132101,13.657575,1.0924804
2,11,10,0.0069999998,0.32150584,0.0855621,0.16793396,0.0680098,0.146255,0.0076408484,15.593297,-4.1994824,22.219128,-1.5151684,0.29251,0.015281697,0.40979746,-0.11036389,0.2607869,-0.0177836,253.70839,254.73889,341.06653,5.714651,13.657575,1.1128179
2,12,10,0.0069999998,0.32745492,0.09442051,0.16490248,0.06813194,0.1536396,0.0006168027,15.451912,-4.447764,22.23907,-1.8770517,0.3072792,0.0012336054,0.40608186,-0.116888836,0.26102096,-0.022031043,253.70155,254.64452,341.36768,6.3248158,13.657575,1.1066554
2,13,10,0.0069999998,0.25621086,0.07449319,0.12275404,0.05896361,0.1364672,0.0068047456,13.331731,-3.6810074,20.688702,-0.90960324,0.2729344,0.013609491,0.35036272,-0.09673823,0.24282424,-0.010676047,253.6338,254.46246,340.49774,4.5906105,13.655371,0.8584462
2,14,10,0.0069999998,0.27485994,0.085127376,0.12666926,0.06306329,0.14588298,0.0055198777,13.542669,-3.3931904,21.395847,-1.3190129,0.29176596,0.011039755,0.35590625,-0.08917429,0.25112405,-0.015481308,253.61098,254.3094,340.92487,4.712203,13.655371,0.8435301
2,15,10,0.0069999998,0.28496057,0.09557327,0.12634392,0.0630434,0.15457463,-0.003071963,13.525267,-3.8163567,21.392473,-1.4423234,0.30914927,-0.006143926,0.3554489,-0.10029525,0.25108445,-0.016928617,253.58472,254.10902,340.8432,5.2586803,13.655371,0.8673566
2,16,10,0.0069999998,0.2554519,0.07822478,0.11777589,0.059451222,0.13984346,0.0057882667,13.058606,-3.2995665,20.77407,-0.3556574,0.27968693,0.011576533,0.34318492,-0.08671381,0.24382621,-0.004174372,253.53682,253.91025,339.7035,3.6552238,13.655371,0.831883
2,17,10,0.0069999998,0.2297667,0.08628195,0.09036254,0.053122204,0.14686894,0.0046170265,11.438336,-2.589846,19.637186,-0.27176118,0.2937379,0.009234053,0.30060363,-0.068062104,0.23048255,-0.003189672,253.53911,253.88815,339.9454,2.861607,13.653315,0.6215326
2,18,10,0.0069999998,0.23499408,0.09553511,0.08795131,0.05150767,0.15454377,-0.0018016793,11.284697,-2.9536119,19.33647,-0.72085476,0.30908754,-0.0036033585,0.29656586,-0.07762197,0.22695301,-0.008460707,253.51732,253.73161,340.28055,3.6744666,13.653315,0.60831773
2,19,10,0.0069999998,0.20766096,0.072331704,0.082107306,0.05322196,0.13447277,0.0044473917,10.903341,-2.4426422,19.655615,-0.26055568,0.26894554,0.008894783,0.28654373,-0.06419353,0.23069885,-0.0030581614,253.44536,253.48337,339.32016,2.703198,13.653315,0.62533396
2,20,10,0.0069999998,0.22536577,0.08064837,0.089945495,0.054771915,0.14199328,0.0028608677,11.411911,-2.4077506,19.939772,-0.23838513,0.28398657,0.0057217353,0.29990914,-0.06327655,0.234034,-0.0027979407,253.42625,253.42206,339.38986,2.6461358,13.653315,0.64909256
2,21,10,0.0069999998,0.20695104,0.08484559,0.07488326,0.04722218,0.14564133,-0.0021841277,10.412644,-1.9988163,18.514593,-0.48875043,0.29128265,-0.0043682554,0.27364805,-0.052529614,0.21730664,-0.0057364833,253.46106,253.55927,339.95746,2.4875667,13.651605,0.50436276
2,22,10,0.0069999998,0.1909702,0.07290611,0.0741701,0.04389399,0.13500565,0.004491219,10.362942,-1.822311,17.850227,0.031267416,0.2700113,0.008982438,0.27234188,-0.047891002,0.20950893,0.000366984,253.46841,253.72311,339.437,1.7910436,13.651605,0.5209517
2,23,10,0.0069999998,0.2024943,0.07982208,0.07540085,0.047271363,0.141264,0.003521065,10.448567,-1.6920403,18.524235,-0.6095858,0.282528,0.00704213,0.27459216,-0.044467427,0.21741979,-0.007154732,253.5196,253.8374,340.28964,2.3016262,13.651605,0.5341155
2,24,10,0.0069999998,0.2021962,0.0864008,0.06935425,0.04644115,0.14697006,-0.00057266094,10.020864,-1.9478219,18.360847,-0.53979385,0.29394013,-0.0011453219,0.26335195,-0.051189452,0.21550208,-0.006335586,253.56256,253.9596,340.87436,2.4876156,13.651605,0.5141181
2,25,10,0.0069999998,0.17137352,0.063343026,0.06905294,0.038977552,0.1258402,0.006883012,9.999074,-0.46742958,16.820871,0.61763835,0.2516804,0.013766024,0.26277927,-0.012284226,0.19742733,0.0072492505,253.55894,254.08313,339.95517,-0.15020877,13.650319,0.5526082
2,26,10,0.0069999998,0.18626285,0.07239813,0.071849324,0.04201539,0.13453451,0.004749491,10.199528,-0.2954415,17.464067,0.3053174,0.26906902,0.009498982,0.26804724,-0.007764313,0.20497656,0.0035835227,253.6109,254.27216,340.48898,-0.009875894,13.650319,0.5559046
2,27,10,0.0069999998,0.19845667,0.08978813,0.067476414,0.041192126,0.14982334,-0.0037093777,9.884272,-1.1045631,17.292122,0.08285499,0.29964668,-0.0074187554,0.25976223,-0.029028324,0.20295843,0.00097247114,253.63477,254.36827,340.78976,1.0217081,13.650319,0.50229275
2,28,10,0.0069999998,0.17043687,0.06398309,0.06820964,0.038244147,0.1264744,0.0045203725,9.93783,-0.59978557,16.661867,0.41205728,0.2529488,0.009040745,0.26116976,-0.015762577,0.19556111,0.0048363353,253.5982,254.34787,340.2197,0.18772829,13.650319,0.53930265
2,29,10,0.0069999998,0.17280726,0.06569623,0.070177376,0.036933642,0.12815638,0.0038206168,10.080155,0.7434538,16.373905,0.017902644,0.25631276,0.0076412335,0.26491013,0.019538227,0.19218127,0.00021012263,253.60054,254.25438,340.6833,-0.7613565,13.649423,0.5889039
2,30,10,0.0069999998,0.17339486,0.0741154,0.06357973,0.03569973,0.13612072,-0.0020442973,9.5946245,0.17798422,16.098066,0.06779572,0.27224144,-0.0040885946,0.2521502,0.0046774833,0.18894371,0.000795722,253.59773,254.11697,340.8615,-0.24577995,13.649423,0.5239883
2,31,10,0.0069999998,0.15950891,0.057238348,0.06597572,0.036294844,0.119622685,0.0046412423,9.77374,0.6131174,16.23169,0.4314696,0.23924537,0.009282485,0.2568574,0.016112939,0.19051206,0.005064181,253.57396,254.05032,339.92334,-1.044587,13.649423,0.5791387
2,32,10,0.0069999998,0.17570946,0.06803634,0.069435254,0.03823787,0.13041888,0.0034704504,10.026715,0.7293766,16.660501,-0.048866887,0.26083776,0.006940901,0.2635057,0.01916828,0.19554506,-0.00057355204,253.60196,254.15416,340.54245,-0.68050975,13.649423,0.5609585
2,33,10,0.0069999998,0.17969692,0.07272587,0.069883205,0.037087847,0.13483867,-0.0025180816,10.059007,1.4518229,16.408052,0.17936398,0.26967734,-0.005036163,0.26435432,0.03815444,0.19258206,0.0021052072,253.59915,254.17068,340.84567,-1.6311868,13.648819,0.5876958
2,34,10,0.0069999998,0.15932442,0.049512945,0.07230066,0.03751082,0.11125752,0.0033283848,10.231512,2.1279018,16.501348,0.80260074,0.22251505,0.0066567697,0.26888782,0.05592205,0.1936771,0.00942016,253.54443,254.0396,340.07324,-2.9305024,13.648819,0.64217037
2,35,10,0.0069999998,0.17600197,0.06259157,0.075597994,0.03781241,0.12509154,0.0017189636,10.462218,2.483574,16.567553,0.5195291,0.25018308,0.0034379272,0.2749509,0.06526923,0.19445413,0.006097736,253.53816,253.92645,340.40387,-3.003103,13.648819,0.6543543
2,36,10,0.0069999998,0.18301363,0.068621404,0.07499789,0.039394334,0.13097844,-0.0024488955,10.42061,1.9278902,16.910564,0.721641,0.26195687,-0.004897791,0.2738574,0.050665654,0.19848005,0.008469938,253.52802,253.81857,340.47913,-2.6495311,13.648819,0.5793882
2,37,10,0.0069999998,0.16687612,0.049694404,0.07704704,0.04013468,0.11146121,0.004503268,10.562013,3.3227665,17.068726,1.3898848,0.22292241,0.009006536,0.2775735,0.08732351,0.20033641,0.016313145,253.49538,253.80806,339.45694,-4.7126513,13.648541,0.6721751
2,38,10,0.0069999998,0.175132,0.05618034,0.080110975,0.038840696,0.11851196,0.0053810244,10.769975,3.684886,16.791315,0.8030867,0.23702392,0.010762049,0.28303882,0.09684014,0.19708043,0.009425859,253.474,253.62881,339.81653,-4.4879727,13.648541,0.6938939
2,39,10,0.0069999998,0.18937154,0.07248701,0.07774058,0.039143953,0.13461706,-0.0017147495,10.609443,3.1368117,16.856739,1.0496653,0.26923412,-0.003429499,0.27881998,0.08243654,0.1978483,0.012319975,253.46832,253.51921,340.14172,-4.186477,13.648541,0.69515336
2,40,10,0.0069999998,0.16814083,0.049815923,0.07783624,0.040488668,0.111597404,0.0045830216,10.615968,3.5148687,17.143835,1.3386388,0.22319481,0.009166043,0.27899146,0.092372015,0.20121796,0.015711674,253.46437,253.53279,339.50528,-4.8535075,13.648541,0.73761016
2,41,10,0.0069999998,0.17604598,0.053466916,0.08062317,0.04195588,0.11561457,0.0023887411,10.804348,4.387576,17.451696,1.298658,0.23122914,0.0047774822,0.2839422,0.11530709,0.20483135,0.015242413,253.49783,253.67064,339.82297,-5.686234,13.64847,0.77404267
2,42,10,0.0069999998,0.18766093,0.06686038,0.07824835,0.0425522,0.12928687,-0.0019093367,10.644034,4.0021772,17.575277,1.7540101,0.25857374,-0.0038186733,0.27972907,0.10517866,0.20628184,0.020586899,253.46996,253.53673,339.95596,-5.7561874,13.64847,0.7635968
2,43,10,0.0069999998,0.16670746,0.0453701,0.07844111,0.042896237,0.10650129,0.0054833414,10.657136,4.5428705,17.646185,1.9745033,0.21300258,0.010966683,0.2800734,0.11938826,0.20711407,0.023174835,253.36826,253.19496,338.69128,-6.517374,13.64847,0.77783406
2,44,10,0.0069999998,0.17668849,0.049903106,0.08339985,0.043385535,0.111695014,0.0023752898,10.988825,4.761884,17.74654,1.4094497,0.22339003,0.0047505796,0.28879032,0.12514403,0.20829195,0.016542764,253.35278,252.9944,339.06226,-6.171334,13.64847,0.8055063
2,45,10,0.0069999998,0.17274402,0.057380974,0.07448093,0.04088212,0.11977163,-0.003302017,10.384634,4.631213,17.22693,1.5934794,0.23954326,-0.006604034,0.27291194,0.12170996,0.20219328,0.018702736,253.34827,252.83372,339.3252,-6.2246923,13.648482,0.77448064
2,46,10,0.0069999998,0.14786004,0.042242173,0.0673423,0.03827556,0.1027645,0.004785885,9.874445,4.8070903,16.66871,1.5364897,0.205529,0.00957177,0.25950396,0.12633206,0.1956414,0.018033834,253.33716,252.86734,338.55228,-6.3435802,13.648482,0.7320619
2,47,10,0.0069999998,0.15460694,0.048268795,0.06766,0.038678143,0.1098508,0.0042872205,9.897709,4.8205314,16.756142,1.1537454,0.2197016,0.008574441,0.26011536,0.12668529,0.1966676,0.013541549,253.37663,252.96666,339.0405,-5.9742765,13.648482,0.74584055
2,48,10,0.0069999998,0.16624549,0.06580974,0.06286972,0.037566032,0.12826705,-0.0027799576,9.540901,4.172036,16.51349,1.1270376,0.2565341,-0.005559915,0.25073835,0.10964262,0.19381958,0.013228082,253.39363,252.97452,339.35266,-5.2990737,13.648482,0.74535656
2,49,10,0.0069999998,0.1318639,0.03674894,0.06036202,0.034752946,0.095850065,0.0057723485,9.348686,4.5942082,15.883164,1.2703475,0.19170013,0.011544697,0.24568683,0.12073743,0.18642142,0.014910118,253.39815,253.08263,339.12415,-5.864556,13.648452,0.6942523
2,50,10,0.0069999998,0.1346085,0.041120462,0.061078034,0.032410014,0.101390906,0.003051592,9.40397,4.640749,15.338427,0.59604466,0.20278181,0.006103184,0.2471397,0.12196055,0.18002781,0.006995791,253.45084,253.2762,339.734,-5.2367935,13.648452,0.6880588
2,51,10,0.0069999998,0.14385048,0.05228168,0.059189714,0.032379083,0.11432594,-0.0018147771,9.25746,4.017977,15.331107,1.0902069,0.22865188,-0.0036295543,0.24328937,0.105593905,0.1799419,0.012795805,253.47575,253.3868,339.82703,-5.108184,13.648452,0.6988271
2,52,10,0.0069999998,0.12766805,0.03573132,0.058637213,0.033299524,0.09451365,0.0066757374,9.214151,4.513407,15.547487,1.3991582,0.1890273,0.013351475,0.24215122,0.118613966,0.18248157,0.016421981,253.4264,253.22467,338.87946,-5.912565,13.648452,0.70464337
2,53,10,0.0069999998,0.124477,0.03892967,0.053193145,0.032354183,0.09865302,0.0039686975,8.775998,4.099921,15.32521,1.0207247,0.19730604,0.007937395,0.23063639,0.10774741,0.17987269,0.0119802905,253.42484,253.14832,339.2459,-5.120646,13.648192,0.6034213
2,54,10,0.0069999998,0.13380884,0.04707895,0.05331032,0.03341956,0.10848842,-0.0010993505,8.785659,3.9644017,15.575484,1.395935,0.21697684,-0.002198701,0.23089027,0.104185924,0.18281017,0.016384155,253.4214,253.10263,339.5412,-5.360337,13.648192,0.62398356
2,55,10,0.0069999998,0.11938688,0.03297647,0.0537882,0.03262221,0.09079713,0.0068714498,8.824948,4.435438,15.388557,1.5449445,0.18159425,0.0137428995,0.23192284,0.116564915,0.1806162,0.01813308,253.34274,252.83109,338.44675,-5.980383,13.648192,0.6157276
2,56,10,0.0069999998,0.12657428,0.038601212,0.05655726,0.0314158,0.09823596,0.0044607064,9.049255,4.5120144,15.101335,1.198777,0.19647191,0.008921413,0.2378177,0.118577376,0.17724504,0.014070101,253.28464,252.53291,338.554,-5.7107916,13.648192,0.60870147
2,57,10,0.0069999998,0.12600239,0.045911234,0.049844634,0.03024652,0.107134536,-0.0026734502,8.495284,3.2376528,14.8176365,0.8819928,0.21426907,-0.0053469003,0.22325912,0.08508669,0.17391527,0.010351998,253.19441,252.07666,338.43094,-4.1196456,13.647787,0.554422
2,58,10,0.0069999998,0.10937735,0.029960075,0.04934189,0.030075379,0.08654489,0.00482241,8.452332,3.5347288,14.775657,0.9566749,0.17308979,0.00964482,0.22213034,0.09289395,0.17342255,0.0112285325,253.09624,251.69965,337.31116,-4.4914036,13.647787,0.5575329
2,59,10,0.0069999998,0.115683615,0.034301035,0.05080718,0.030575395,0.09260269,0.0019703123,8.576918,3.4897232,14.897975,0.544789,0.18520539,0.0039406247,0.22540449,0.091711186,0.17485821,0.0063942177,253.1042,251.69263,337.63757,-4.034512,13.647787,0.5389823
2,60,10,0.0069999998,0.12571843,0.046011202,0.048028253,0.03167897,0.10725111,-0.0033236954,8.339059,3.0429888,15.1644535,0.693665,0.21450222,-0.006647391,0.2191535,0.07997085,0.17798588,0.008141578,253.14717,251.75726,337.93103,-3.7366538,13.647787,0.57149714
2,61,10,0.0069999998,0.099904165,0.031328782,0.038109597,0.030465782,0.088499695,0.0061097783,7.4282393,2.2908611,14.871247,0.1782091,0.17699939,0.012219557,0.19521679,0.06020465,0.1745445,0.0020916557,253.19969,252.02332,337.55658,-2.4690702,13.647468,0.4958508
2,62,10,0.0069999998,0.099480025,0.034164276,0.036525164,0.028790584,0.0924179,0.00443433,7.2721825,2.3690681,14.456609,0.10788673,0.1848358,0.00886866,0.19111557,0.062259972,0.16967788,0.001266264,253.25383,252.2715,338.1548,-2.476955,13.647468,0.47207463
2,63,10,0.0069999998,0.11252344,0.04792779,0.03562498,0.02897067,0.10946208,0.0012503964,7.1820097,2.1659935,14.501753,0.43255907,0.21892416,0.0025007927,0.18874581,0.056923095,0.17020772,0.005076961,253.23868,252.20651,338.4559,-2.5985525,13.647468,0.5039432
2,64,10,0.0069999998,0.09552178,0.031607736,0.036110446,0.027803604,0.088892825,0.0079100225,7.230779,2.4129546,14.206653,0.4824826,0.17778565,0.015820045,0.19002749,0.06341333,0.16674413,0.0056629167,253.15274,251.95885,337.45312,-2.8954372,13.647468,0.50699955
2,65,10,0.0069999998,0.09175229,0.035042565,0.03218796,0.024521772,0.0935983,0.0049973647,6.826772,1.6611507,13.341882,-0.537448,0.1871966,0.009994729,0.17941004,0.043655653,0.15659429,-0.0063080536,253.08653,251.58282,337.51697,-1.1237028,13.646951,0.447866
2,66,10,0.0069999998,0.0931445,0.03589199,0.031053614,0.026198892,0.09472591,-0.0010020063,6.7054014,1.2961398,13.7905855,-0.62459266,0.18945181,-0.0020040127,0.17622036,0.034063023,0.16186072,-0.0073308703,253.00485,251.22517,337.39954,-0.6715472,13.646951,0.47243297
2,67,10,0.0069999998,0.08876708,0.028792202,0.033312615,0.02666226,0.084841326,0.00585846,6.945012,1.6353998,13.912004,-0.2711984,0.16968265,0.01171692,0.18251744,0.0429789,0.16328582,-0.0031830675,252.9163,250.92192,336.48697,-1.3642014,13.646951,0.48479357
2,68,10,0.0069999998,0.089779794,0.031041894,0.032944154,0.02579375,0.08809355,0.0025973474,6.906498,1.6882923,13.683539,-0.65224296,0.1761871,0.0051946947,0.18150525,0.044368938,0.16060433,-0.007655404,252.90187,250.84114,336.82355,-1.0360494,13.646951,0.48026705
2,69,10,0.0069999998,0.09037298,0.036876034,0.028911574,0.024585372,0.09601567,-0.002157546,6.4700036,0.59061366,13.359174,-1.628952,0.19203134,-0.004315092,0.17003404,0.0155215375,0.15679723,-0.019119078,252.88638,250.70853,336.87555,1.0383384,13.64631,0.44051793
2,70,10,0.0069999998,0.08349478,0.02971043,0.02879997,0.024984386,0.08618357,0.006269394,6.4575043,0.54346704,13.467145,-1.6484579,0.17236714,0.012538788,0.16970554,0.014282509,0.1580645,-0.019348025,252.90092,250.84758,336.33112,1.1049908,13.64631,0.45749298
2,71,10,0.0069999998,0.087726265,0.030915473,0.030228129,0.026582668,0.08791398,0.0033827766,6.615677,0.48808187,13.891224,-1.9274113,0.17582797,0.0067655533,0.17386238,0.012826968,0.16304192,-0.022622118,252.93896,251.0084,336.66745,1.4393294,13.64631,0.44874617
2,72,10,0.0069999998,0.10218121,0.043488644,0.030819932,0.027872637,0.10426965,0.00014642603,6.6801243,0.2979906,14.2242775,-1.8410127,0.2085393,0.00029285206,0.17555606,0.007831297,0.166951,-0.021608049,252.95908,251.0664,336.77655,1.5430222,13.64631,0.45658505
2,73,10,0.0069999998,0.087898284,0.034283407,0.028640695,0.024974179,0.092578895,0.007915144,6.4396224,-0.33061364,13.464395,-2.5584664,0.18515779,0.015830288,0.16923562,-0.008688646,0.15803221,-0.030028839,252.96815,251.14488,336.14584,2.88908,13.645451,0.3893281
2,74,10,0.0069999998,0.091543615,0.03698319,0.029067194,0.025493236,0.09615507,0.0055313534,6.4873924,-0.38352704,13.603597,-2.78869,0.19231014,0.011062707,0.17049104,-0.010079233,0.15966602,-0.032730985,253.02116,251.37476,336.58698,3.1722171,13.645451,0.40384153
2,75,10,0.0069999998,0.10328053,0.045014624,0.03140364,0.026862267,0.10608325,0.0017844182,6.743086,-0.6319131,13.9640875,-2.9106042,0.2121665,0.0035688365,0.17721072,-0.016606906,0.16389713,-0.03416189,252.99904,251.31857,336.6759,3.5425174,13.645451,0.41174027
2,76,10,0.0069999998,0.09593572,0.03658221,0.033104956,0.026248548,0.09563238,0.009150892,6.923332,-0.19409333,13.803647,-2.597206,0.19126476,0.018301783,0.18194768,-0.0051008416,0.16201404,-0.030483527,252.91043,250.93166,335.70422,2.7912993,13.645451,0.43021783
2,77,10,0.0069999998,0.0888138,0.035916567,0.030319527,0.022577705,0.09475833,0.0044846395,6.625671,-0.36663002,12.802097,-3.0675628,0.18951666,0.008969279,0.17412503,-0.009635173,0.1502588,-0.036004122,252.84726,250.55013,335.74734,3.434193,13.644098,0.28202355
2,78,10,0.0069999998,0.098115094,0.044016138,0.029510526,0.024588428,0.104900114,0.0003510575,6.536679,-0.51966697,13.360003,-3.1791,0.20980023,0.000702115,0.17178628,-0.013657038,0.15680698,-0.037313245,252.8015,250.31313,335.57477,3.698767,13.644098,0.28109553
2,79,10,0.0069999998,0.09160912,0.0346089,0.031727992,0.025272228,0.09301734,0.00692733,6.777819,-0.47545817,13.544501,-3.0811682,0.18603468,0.01385466,0.17812353,-0.012495213,0.15897241,-0.03616381,252.76515,250.23503,334.89212,3.5566263,13.644098,0.30868784
2,80,10,0.0069999998,0.09289464,0.035924356,0.03208938,0.02488091,0.094768606,0.0042543607,6.81631,-0.47198763,13.439229,-3.3332603,0.18953721,0.008508721,0.17913508,-0.012404009,0.15773684,-0.039122626,252.7616,250.18965,335.22235,3.805248,13.644098,0.3069844
2,81,10,0.0069999998,0.093263075,0.03901869,0.030365916,0.023878472,0.098765746,-0.0014923568,6.6307373,-0.9841843,13.165716,-3.7939527,0.19753149,-0.0029847135,0.17425819,-0.025864718,0.1545266,-0.044529796,252.76701,250.241,335.22775,4.778137,13.642319,0.27090594
2,82,10,0.0069999998,0.08698367,0.034065407,0.031223273,0.021694995,0.09228408,0.007193121,6.723693,-0.92948854,12.549343,-3.6707804,0.18456817,0.014386242,0.17670108,-0.024427293,0.14729221,-0.043084115,252.74783,250.20786,334.5416,4.600269,13.642319,0.2809663
2,83,10,0.0069999998,0.08812301,0.034957446,0.030744685,0.02242088,0.09348455,0.0048251026,6.6719637,-0.92627144,12.757557,-3.5093606,0.1869691,0.009650205,0.17534162,-0.024342753,0.14973603,-0.041189525,252.7612,250.25754,334.8047,4.4356318,13.642319,0.26828402
2,84,10,0.0069999998,0.10241181,0.04205448,0.033497464,0.02685986,0.10253595,0.0001748719,6.964254,-0.9753959,13.963462,-3.3072383,0.2050719,0.0003497438,0.18302312,-0.025633762,0.16388978,-0.03881721,252.7597,250.2876,334.89468,4.2826343,13.642319,0.28082824
2,85,10,0.0069999998,0.099275395,0.03656812,0.03457659,0.02813068,0.095613964,0.006748187,7.075543,-1.1117173,14.289971,-3.9438477,0.19122793,0.013496374,0.18594782,-0.029216336,0.16772203,-0.04628912,252.71556,250.10504,334.23737,5.055565,13.640077,0.31738403
2,86,10,0.0069999998,0.09985321,0.038233664,0.033788662,0.027830882,0.09776715,0.0036874348,6.9944596,-1.0586067,14.21362,-4.4257345,0.1955343,0.0073748697,0.18381692,-0.027820569,0.1668259,-0.051945046,252.71014,249.97285,334.6703,5.484341,13.640077,0.33929387
2,87,10,0.0069999998,0.10505163,0.04440062,0.032432724,0.028218286,0.105357274,-0.0012282034,6.852679,-0.9711449,14.312205,-4.5138226,0.21071455,-0.0024564068,0.18009087,-0.025522042,0.167983,-0.05297894,252.70157,249.99915,334.8125,5.484967,13.640077,0.36543673
2,88,10,0.0069999998,0.099108614,0.037075657,0.03540323,0.026629724,0.0962752,0.0032249216,7.159622,-0.62823755,13.903514,-3.8840609,0.1925504,0.0064498433,0.18815745,-0.016510313,0.16318616,-0.045587394,252.65005,249.85866,334.2007,4.5122986,13.640077,0.34064764
2,89,10,0.0069999998,0.099570274,0.03831255,0.03279961,0.028458115,0.09786796,0.0011066307,6.8913293,-0.82471615,14.372896,-3.873791,0.19573592,0.0022132613,0.18110663,-0.021673838,0.16869533,-0.045466855,252.60121,249.5902,334.34232,4.6985073,13.637366,0.37867725
2,90,10,0.0069999998,0.104474425,0.041554835,0.03458869,0.0283309,0.101925015,-0.0026282496,7.0767803,-0.87590945,14.3407345,-3.9661546,0.20385003,-0.005256499,0.18598035,-0.023019217,0.16831785,-0.04655093,252.53659,249.31728,334.16052,4.842064,13.637366,0.396618
2,91,10,0.0069999998,0.10377713,0.037498396,0.03693977,0.029338965,0.096822515,0.0031116018,7.3133397,-0.69904584,14.593639,-3.8292816,0.19364503,0.0062232036,0.19219722,-0.018371176,0.17128621,-0.04494446,252.44539,248.99393,333.04135,4.5283275,13.637366,0.37008107
2,92,10,0.0069999998,0.10389153,0.03894335,0.035999727,0.02894845,0.09867035,0.00032214535,7.2196846,-0.4206534,14.496189,-3.7199757,0.1973407,0.0006442907,0.18973593,-0.01105492,0.17014244,-0.043661527,252.40558,248.81654,333.11533,4.1406293,13.637366,0.37503764
2,93,10,0.0069999998,0.112960845,0.044546474,0.03456262,0.03385175,0.10553018,-0.0038552098,7.074113,-0.6958723,15.675877,-3.5826466,0.21106036,-0.0077104196,0.18591025,-0.018287772,0.18398845,-0.042049684,252.37457,248.67876,332.98904,4.2785187,13.634523,0.41679856
2,94,10,0.0069999998,0.107599184,0.03746469,0.033623725,0.03651077,0.09677899,0.0029204104,6.977368,-0.45157507,16.2799,-3.5109591,0.19355798,0.0058408207,0.18336773,-0.011867553,0.19107792,-0.041208286,252.32246,248.49164,332.32663,3.9625342,13.634523,0.40066606
2,95,10,0.0069999998,0.10418469,0.035179876,0.032497622,0.03650719,0.09378149,-0.0013268985,6.8595314,-0.45271724,16.2791,-3.5051541,0.18756299,-0.002653797,0.18027097,-0.011897573,0.19106854,-0.04114015,252.31595,248.43736,332.71225,3.9578714,13.634523,0.43243
2,96,10,0.0069999998,0.11344157,0.04385124,0.03211941,0.037470922,0.10470344,-0.0034831697,6.8194985,-0.605325,16.492573,-3.7106051,0.20940688,-0.0069663394,0.17921889,-0.015908154,0.19357407,-0.043551542,252.32999,248.53746,333.03906,4.3159304,13.634523,0.41837144
2,97,10,0.0069999998,0.10507275,0.038346086,0.03251073,0.03421593,0.097910784,0.0008397338,6.8609147,-0.93122154,15.759971,-3.2932212,0.19582157,0.0016794676,0.18030733,-0.024472842,0.18497549,-0.03865268,252.30626,248.58327,332.52393,4.224443,13.631789,0.39972728
2,98,10,0.0069999998,0.100790024,0.03853962,0.031523153,0.030727254,0.09815755,-0.00176798,6.755904,-0.80278367,14.934927,-3.1935394,0.1963151,-0.00353596,0.1775476,-0.021097444,0.17529191,-0.037482716,252.29059,248.50607,333.01532,3.996323,13.631789,0.38674292
2,99,10,0.0069999998,0.10696851,0.042994283,0.030667357,0.033306867,0.10367531,-0.005921742,6.663568,-0.521915,15.549202,-3.4188602,0.20735063,-0.011843484,0.17512098,-0.0137161175,0.18250169,-0.040127315,252.28113,248.46948,333.2057,3.9407752,13.631789,0.38737002
2,100,10,0.0069999998,0.102983475,0.037314106,0.031213889,0.03445548,0.0965843,0.0013289974,6.7226825,-0.23777941,15.815042,-3.4908383,0.1931686,0.0026579949,0.17667453,-0.006248926,0.18562187,-0.040972132,252.27965,248.49866,332.7042,3.7286177,13.631789,0.39706364
3,1,10,0.0048999996,0.10693535,0.034111165,0.037065685,0.0357585,0.09234604,-0.0029666845,7.325794,-1.7629678,16.111311,-6.147398,0.18469208,-0.005933369,0.19252451,-0.04633144,0.18909918,-0.072152294,253.0625,252.8759,338.83942,7.910366,13.629242,0.40258548
3,2,10,0.0048999996,0.11604127,0.04089158,0.038681712,0.036467984,0.101108335,-0.0037005567,7.4837885,-2.2255504,16.270357,-6.530156,0.20221667,-0.0074011134,0.19667667,-0.05848827,0.19096592,-0.07664474,253.1564,253.25645,339.71274,8.755707,13.629242,0.44506115
3,3,10,0.0048999996,0.11988303,0.04542545,0.039150976,0.0353066,0.106566235,-0.009800002,7.5290456,-2.3617616,16.009184,-6.7010098,0.21313247,-0.019600004,0.19786605,-0.062067956,0.1879005,-0.07865006,253.20584,253.40071,340.26706,9.062771,13.629242,0.45595577
3,4,10,0.0048999996,0.09907336,0.03157838,0.036976125,0.030518854,0.088851534,-0.0010698952,7.3169374,-2.1235037,14.884193,-5.987225,0.17770307,-0.0021397904,0.19229177,-0.055806454,0.17469646,-0.07027233,253.17921,253.30925,339.52924,8.110729,13.629242,0.3976301
3,5,10,0.0048999996,0.0969673,0.032697413,0.035497613,0.028772272,0.09041213,-0.0029333206,7.16916,-1.8962927,14.45201,-5.1396337,0.18082426,-0.005866641,0.1884081,-0.04983525,0.16962391,-0.06032411,253.18173,253.25766,339.77652,7.0359263,13.62757,0.35996628
3,6,10,0.0048999996,0.11302313,0.04209587,0.03790697,0.033020284,0.10258639,-0.008636167,7.408465,-1.9670093,15.4821615,-5.7697687,0.20517278,-0.017272335,0.19469713,-0.051693708,0.18171485,-0.06772005,253.17616,253.10596,340.1122,7.7367783,13.62757,0.4097446
3,7,10,0.0048999996,0.096264474,0.030524705,0.03602804,0.02971173,0.087356605,-0.0018578836,7.222523,-1.7606728,14.686056,-5.2432175,0.17471321,-0.0037157673,0.18981053,-0.046271123,0.17237091,-0.06153988,253.12088,252.89421,339.132,7.00389,13.62757,0.3806399
3,8,10,0.0048999996,0.10699094,0.038222987,0.038841706,0.02992625,0.0977535,-0.0041782744,7.4992504,-1.9758084,14.738978,-5.3861465,0.195507,-0.008356549,0.197083,-0.051924963,0.17299205,-0.06321745,253.14716,252.9162,339.3859,7.3619547,13.62757,0.4086482
3,9,10,0.0048999996,0.11654055,0.046621274,0.03953538,0.030383904,0.1079598,-0.010907378,7.565918,-1.6771665,14.85125,-4.245507,0.2159196,-0.021814756,0.19883506,-0.044076536,0.17430979,-0.04982971,253.15846,252.91957,339.50998,5.922673,13.625875,0.3975821
3,10,10,0.0048999996,0.10034567,0.032514285,0.039205976,0.028625414,0.09015859,-0.0021553286,7.534333,-1.5312693,14.415082,-3.9305198,0.18031718,-0.0043106573,0.19800499,-0.0402423,0.16919047,-0.046132684,253.12512,252.80693,338.76926,5.461789,13.625875,0.3627502
3,11,10,0.0048999996,0.10878069,0.033808853,0.044615008,0.030356834,0.09193592,-0.0034054324,8.037281,-1.9823028,14.844631,-4.639574,0.18387184,-0.006810865,0.21122265,-0.05209562,0.17423213,-0.0544549,253.16267,252.88782,339.30972,6.6218767,13.625875,0.42505094
3,12,10,0.0048999996,0.1173651,0.040892318,0.045875475,0.030597307,0.101109244,-0.00870303,8.150025,-2.131343,14.903314,-4.6773562,0.20221849,-0.01740606,0.21418561,-0.056012467,0.17492086,-0.05489834,253.19376,253.02661,339.75528,6.808699,13.625875,0.4503331
3,13,10,0.0048999996,0.10696896,0.03265014,0.047877755,0.026441066,0.090346746,-0.00064710714,8.325983,-1.6623251,13.8541765,-2.3101969,0.18069349,-0.0012942143,0.21880986,-0.04368651,0.16260709,-0.027114883,253.13869,252.86502,338.7196,3.972522,13.624225,0.42099264
3,14,10,0.0048999996,0.11419797,0.039509382,0.047809254,0.026879333,0.09938484,-0.0028344374,8.320025,-1.5630119,13.968522,-2.0612254,0.19876967,-0.005668875,0.21865328,-0.04107651,0.16394918,-0.0241927,253.16913,252.9949,339.1053,3.6242373,13.624225,0.4070719
3,15,10,0.0048999996,0.111049086,0.039538108,0.043911263,0.027599713,0.09942096,-0.009985521,7.9736395,-1.67685,14.154467,-2.7616994,0.19884191,-0.019971043,0.20955014,-0.04406821,0.16613162,-0.032414194,253.1871,253.04703,339.49637,4.4385495,13.624225,0.42718828
3,16,10,0.0048999996,0.0993473,0.031499613,0.04178371,0.02606398,0.088740654,-0.0007059863,7.778076,-1.7635436,13.7550335,-2.877073,0.17748131,-0.0014119726,0.20441064,-0.04634655,0.16144343,-0.033768337,253.15657,252.9943,338.98563,4.6406164,13.624225,0.43699554
3,17,10,0.0048999996,0.099293336,0.033524804,0.04122252,0.024546012,0.0915489,-0.0028041105,7.725666,-1.568596,13.348476,-1.85411,0.1830978,-0.005608221,0.2030333,-0.041223258,0.15667167,-0.021761773,253.2006,253.10114,339.45068,3.4227061,13.622603,0.43239626
3,18,10,0.0048999996,0.108462386,0.040979527,0.04119703,0.026285827,0.101217,-0.010309925,7.723277,-1.764613,13.813446,-2.2351398,0.202434,-0.02061985,0.20297052,-0.046374664,0.16212904,-0.026233943,253.26913,253.31868,340.18408,3.999753,13.622603,0.45576972
3,19,10,0.0048999996,0.09491082,0.02913376,0.042289436,0.023487626,0.08534307,-0.0021233063,7.8250055,-1.7226957,13.057521,-1.3581722,0.17068614,-0.0042466125,0.20564395,-0.04527307,0.15325673,-0.015940925,253.28421,253.4849,339.87082,3.0808678,13.622603,0.45920238
3,20,10,0.0048999996,0.10450031,0.034536228,0.04579427,0.024169814,0.092919625,-0.0041585993,8.142809,-1.6571387,13.2457905,-1.4536622,0.18583925,-0.008317199,0.21399596,-0.04355019,0.15546644,-0.017061697,253.3112,253.59334,340.15088,3.1108007,13.622603,0.48001513
3,21,10,0.0048999996,0.11057002,0.04158487,0.044868093,0.02411706,0.10196184,-0.010070985,8.060046,-1.4454223,13.231327,-0.3232408,0.20392369,-0.02014197,0.2118209,-0.03798621,0.15529668,-0.00379389,253.33629,253.70435,340.43695,1.768663,13.620914,0.47111475
3,22,10,0.0048999996,0.099158846,0.02863616,0.04798287,0.022539815,0.08461111,-0.002552828,8.335119,-1.5467166,12.79135,-0.06957021,0.16922222,-0.005105656,0.21904993,-0.040648263,0.15013266,-0.0008165475,253.31293,253.69708,339.8529,1.6162868,13.620914,0.5077866
3,23,10,0.0048999996,0.11013964,0.03627012,0.04962024,0.024249274,0.095223576,-0.004163271,8.47614,-1.3882866,13.267545,-0.22630927,0.19044715,-0.008326542,0.22275601,-0.03648467,0.15572178,-0.0026561997,253.31642,253.62326,340.17447,1.6145959,13.620914,0.5265213
3,24,10,0.0048999996,0.11981106,0.042109504,0.050524265,0.027177285,0.102603,-0.010191635,8.553003,-1.1532815,14.045728,-0.39020377,0.205206,-0.02038327,0.22477603,-0.030308656,0.16485535,-0.0045798356,253.28911,253.37437,340.27185,1.5434852,13.620914,0.53744966
3,25,10,0.0048999996,0.10220886,0.02935703,0.046577338,0.026274493,0.085669465,-0.0026810465,8.212133,-0.6077428,13.810469,1.2568609,0.17133893,-0.005362093,0.21581784,-0.015971703,0.16209409,0.014751834,253.23146,253.11348,339.3413,-0.64911807,13.619271,0.5422391
3,26,10,0.0048999996,0.113744944,0.035387084,0.051928982,0.026428875,0.09405728,-0.004674659,8.671087,-0.59846514,13.850981,1.0410907,0.18811455,-0.009349318,0.22787932,-0.015727881,0.1625696,0.0122193275,253.19089,252.82596,339.3233,-0.44262558,13.619271,0.5403133
3,27,10,0.0048999996,0.12468916,0.04182891,0.05492397,0.02793628,0.10226059,-0.011715148,8.917634,-0.78532594,14.240509,0.890811,0.20452118,-0.023430295,0.23435864,-0.020638645,0.1671415,0.010455488,253.17981,252.7442,339.3583,-0.10548508,13.619271,0.5797507
3,28,10,0.0048999996,0.11981416,0.03193865,0.05914117,0.028734345,0.08935694,-0.0030859485,9.253662,-0.9487215,14.442483,1.2052269,0.17871387,-0.006171897,0.24318957,-0.024932746,0.16951208,0.01414581,253.20483,253.046,338.92804,-0.25650537,13.619271,0.6144195
3,29,10,0.0048999996,0.119788796,0.037570685,0.0542054,0.028012704,0.0969158,-0.005005704,8.859107,-0.46674138,14.2599745,1.9203585,0.1938316,-0.010011408,0.23282053,-0.0122661255,0.16736996,0.02253933,253.3086,253.51625,339.7682,-1.4536171,13.6177845,0.52369565
3,30,10,0.0048999996,0.1263451,0.042467285,0.05351533,0.030362494,0.10303796,-0.012000303,8.802536,-0.46312797,14.846017,2.1968164,0.20607592,-0.024000606,0.2313338,-0.012171162,0.17424837,0.025784137,253.38657,253.78125,340.25485,-1.7336885,13.6177845,0.52195716
3,31,10,0.0048999996,0.10941713,0.0315902,0.050083835,0.027743096,0.08886816,-0.003554077,8.515644,-0.60289294,14.191186,2.4558377,0.17773633,-0.007108154,0.22379418,-0.015844258,0.16656259,0.028824272,253.41785,253.92783,339.8376,-1.8529449,13.6177845,0.5268336
3,32,10,0.0048999996,0.11346795,0.037502456,0.046227813,0.02973768,0.09682775,-0.005076417,8.181262,-0.55989337,14.692467,2.7576392,0.1936555,-0.010152834,0.21500655,-0.014714203,0.17244616,0.032366537,253.484,254.18324,340.219,-2.1977458,13.6177845,0.5354946
3,33,10,0.0048999996,0.11019857,0.044321243,0.03840785,0.02746948,0.105263054,-0.009425794,7.4572496,-0.15526836,14.121032,3.7239485,0.21052611,-0.018851588,0.19597921,-0.004080503,0.1657392,0.043708157,253.48642,254.13475,340.30627,-3.56868,13.6164665,0.43053296
3,34,10,0.0048999996,0.10289378,0.037670746,0.038584597,0.026638435,0.097044766,-0.0043947883,7.4743886,-0.10015777,13.9057865,3.9686282,0.19408953,-0.008789577,0.19642963,-0.0026321844,0.16321285,0.046579976,253.439,254.06499,339.47064,-3.8684704,13.6164665,0.43440253
3,35,10,0.0048999996,0.106506586,0.039929878,0.04207381,0.024502903,0.09991231,-0.005910018,7.80503,0.04574277,13.336751,3.3578386,0.19982462,-0.011820036,0.20511901,0.0012021112,0.15653403,0.0394111,253.4303,253.9939,340.1779,-3.4035814,13.6164665,0.42848182
3,36,10,0.0048999996,0.11698436,0.047990784,0.04283704,0.026156537,0.109533995,-0.012008933,7.875506,0.08406036,13.779431,3.114403,0.21906799,-0.024017867,0.20697111,0.0022091335,0.16172983,0.036553893,253.4214,253.89114,340.6845,-3.1984634,13.6164665,0.45648754
3,37,10,0.0048999996,0.09965799,0.037312064,0.036736548,0.025609383,0.09658165,-0.0026063146,7.2931952,0.6076002,13.634549,3.954473,0.1931633,-0.005212629,0.19166781,0.015967956,0.16002932,0.04641383,253.39386,253.7865,339.76215,-4.562073,13.615297,0.38457608
3,38,10,0.0048999996,0.1101349,0.044055853,0.038389537,0.027689505,0.10494743,-0.003779734,7.455471,0.62620306,14.177473,3.7622373,0.20989487,-0.007559468,0.19593248,0.016456831,0.16640164,0.04415755,253.44936,253.93884,339.94086,-4.38844,13.615297,0.38455635
3,39,10,0.0048999996,0.1140449,0.048791114,0.03785952,0.027394256,0.110443555,-0.009545268,7.403826,0.4906191,14.101685,3.8645685,0.22088711,-0.019090535,0.19457524,0.012893651,0.1655121,0.04535862,253.51254,254.16077,340.26498,-4.3551874,13.615297,0.39332718
3,40,10,0.0048999996,0.104351506,0.038501937,0.03821357,0.027635997,0.09810955,-0.0009358698,7.4383655,0.49641302,14.163768,4.43998,0.1962191,-0.0018717396,0.19548291,0.013045911,0.16624078,0.05211225,253.55544,254.48494,339.63913,-4.9363933,13.615297,0.43371475
3,41,10,0.0048999996,0.101696715,0.04005347,0.03416477,0.027478471,0.10006681,-0.003049675,7.0332804,0.7859889,14.1233425,4.481424,0.20013362,-0.00609935,0.18483715,0.020656073,0.16576631,0.052598674,253.63933,254.83014,340.46695,-5.2674127,13.6142,0.3838101
3,42,10,0.0048999996,0.10949676,0.05167443,0.031385843,0.026436485,0.11366005,-0.008275055,6.7411747,0.674476,13.852977,4.2999134,0.2273201,-0.01655011,0.1771605,0.017725468,0.162593,0.050468277,253.66083,254.81783,341.07346,-4.9743896,13.6142,0.36490667
3,43,10,0.0048999996,0.09491117,0.03793791,0.031618863,0.0253544,0.09738828,-0.0010538872,6.766153,0.6249679,13.566503,4.4447203,0.19477656,-0.0021077744,0.17781694,0.016424386,0.15923065,0.052167878,253.61829,254.72318,340.33893,-5.0696883,13.6142,0.4029515
3,44,10,0.0048999996,0.09850854,0.039708555,0.03288624,0.025913745,0.09963503,-0.0033862202,6.9004245,0.72351724,13.715331,4.307979,0.19927005,-0.0067724404,0.18134564,0.019014284,0.16097747,0.050562944,253.62512,254.6825,340.76672,-5.0314965,13.6142,0.39586923
3,45,10,0.0048999996,0.10234858,0.05352088,0.026895424,0.021932274,0.1156729,-0.009828488,6.240335,0.75715446,12.617783,4.555325,0.2313458,-0.019656977,0.16399825,0.019898295,0.14809549,0.053466056,253.62944,254.62898,340.98737,-5.3124795,13.613034,0.31227806
3,46,10,0.0048999996,0.081988975,0.031121846,0.026921585,0.023945548,0.088206924,-0.0021640742,6.243369,0.96355206,13.184195,4.7478356,0.17641385,-0.0043281484,0.16407798,0.0253225,0.1547435,0.05572556,253.57259,254.4253,340.09802,-5.7113876,13.613034,0.34423485
3,47,10,0.0048999996,0.095083684,0.040058628,0.030729834,0.024295222,0.100073256,-0.005132433,6.6703525,1.3595424,13.280109,4.0866413,0.20014651,-0.010264866,0.17529927,0.03572927,0.15586925,0.047965087,253.53697,254.20251,340.39047,-5.4461837,13.613034,0.33968034
3,48,10,0.0048999996,0.10434501,0.04841415,0.030776443,0.02515442,0.11001608,-0.013029346,6.6754093,1.3018384,13.512895,4.6639924,0.22003216,-0.026058692,0.17543216,0.034212783,0.15860145,0.054741483,253.49011,253.97842,340.27695,-5.965831,13.613034,0.315767
3,49,10,0.0048999996,0.086962014,0.0341315,0.029966565,0.022863949,0.092373565,-0.0031954707,6.5869923,1.2872471,12.882995,4.666731,0.18474713,-0.0063909413,0.17310853,0.033829324,0.1512083,0.054773632,253.4486,253.91907,339.33902,-5.953978,13.611839,0.32310507
3,50,10,0.0048999996,0.096465975,0.04127351,0.030943451,0.02424902,0.10157941,-0.004467272,6.6934967,1.5158938,13.267476,4.505185,0.20315883,-0.008934544,0.17590751,0.039838232,0.15572096,0.05287756,253.4732,253.9667,339.9536,-6.021079,13.611839,0.33322445
3,51,10,0.0048999996,0.10199244,0.045950208,0.030541062,0.025501179,0.10718,-0.010800521,6.649833,1.4479549,13.605713,4.8797965,0.21436,-0.021601042,0.17476001,0.03805278,0.15969089,0.05727439,253.45631,253.82043,340.07056,-6.327751,13.611839,0.29493532
3,52,10,0.0048999996,0.09194295,0.035104677,0.030817468,0.026020806,0.09368121,-0.004272262,6.6798573,1.586403,13.743635,5.3952484,0.18736242,-0.008544524,0.17554905,0.04169124,0.16130966,0.06332428,253.40697,253.68896,339.03177,-6.9816513,13.611839,0.33263195
3,53,10,0.0048999996,0.09617687,0.038474575,0.033756442,0.023945853,0.09807468,-0.0031793562,6.991124,1.4730629,13.184278,4.135844,0.19614936,-0.0063587124,0.18372926,0.03871262,0.15474448,0.048542593,253.41063,253.69026,339.26996,-5.608907,13.610728,0.36405024
3,54,10,0.0048999996,0.10354283,0.04467146,0.03486945,0.024001919,0.10567812,-0.010660499,7.1054435,1.1881586,13.199703,4.5312905,0.21135624,-0.021320999,0.18673363,0.031225244,0.15492553,0.053183973,253.41405,253.7092,339.64612,-5.719449,13.610728,0.3462493
3,55,10,0.0048999996,0.092917345,0.032213904,0.03610892,0.024594521,0.08974116,-0.002085274,7.2306266,1.4293886,13.36166,4.891065,0.17948233,-0.004170548,0.19002347,0.037564844,0.1568264,0.057406668,253.36758,253.61842,339.05106,-6.3204536,13.610728,0.39270464
3,56,10,0.0048999996,0.10376423,0.039180554,0.039152462,0.02543121,0.09897039,-0.0032315634,7.5291886,1.4560522,13.587035,4.2838364,0.19794078,-0.0064631267,0.19786981,0.03826558,0.15947166,0.050279588,253.35236,253.48787,339.45758,-5.7398887,13.610728,0.3821337
3,57,10,0.0048999996,0.11364014,0.048924387,0.038563713,0.026152035,0.11059429,-0.010140325,7.472365,0.965144,13.778246,3.9281256,0.22118858,-0.02028065,0.19637646,0.025364332,0.16171591,0.046104576,253.3569,253.47952,339.55414,-4.8932695,13.609798,0.41715854
3,58,10,0.0048999996,0.09375901,0.033765838,0.03348709,0.026506081,0.091877416,-0.00080510747,6.9631763,1.1197717,13.871197,4.0989814,0.18375483,-0.0016102149,0.18299478,0.029428007,0.16280688,0.048109923,253.35925,253.5464,338.94852,-5.218753,13.609798,0.4092543
3,59,10,0.0048999996,0.094668,0.034211606,0.033648577,0.026807819,0.0924819,-0.0026387863,6.9799457,1.317556,13.949928,3.842631,0.1849638,-0.0052775727,0.18343548,0.034625847,0.16373093,0.045101143,253.38498,253.59915,339.3062,-5.1601872,13.609798,0.40834907
3,60,10,0.0048999996,0.109013416,0.05137567,0.032764055,0.024873694,0.113331005,-0.0077108415,6.8875933,0.88391477,13.437279,4.014503,0.22666201,-0.015421683,0.18100844,0.023229593,0.15771396,0.047118403,253.40909,253.65822,339.3859,-4.898418,13.609798,0.39960623
3,61,10,0.0048999996,0.0877667,0.03508096,0.03003171,0.022654036,0.09364956,0.00088604004,6.594148,0.86874473,12.823718,3.268912,0.18729912,0.0017720801,0.1732966,0.022830928,0.15051258,0.038367365,253.43492,253.86433,339.14746,-4.1376567,13.609056,0.41973677
3,62,10,0.0048999996,0.08625397,0.036125135,0.029011026,0.021117803,0.095033064,-0.00067861064,6.481122,0.8324245,12.381281,2.882121,0.19006613,-0.0013572213,0.17032623,0.021876412,0.14531966,0.033827588,253.48375,254.04767,339.87003,-3.7145457,13.609056,0.39446238
3,63,10,0.0048999996,0.093846105,0.04566891,0.026826227,0.021350967,0.10685143,-0.0039242273,6.2323017,0.51457244,12.449446,3.0147707,0.21370286,-0.007848455,0.16378714,0.01352315,0.1461197,0.035384495,253.51042,254.09381,340.33432,-3.5293431,13.609056,0.3595992
3,64,10,0.0048999996,0.080377206,0.030747348,0.027788356,0.021841506,0.08767461,0.0028740875,6.3430786,0.65469205,12.591646,2.908716,0.17534922,0.005748175,0.1666984,0.017205546,0.14778872,0.034139734,253.50288,254.11867,339.54712,-3.563408,13.609056,0.4084967
3,65,10,0.0048999996,0.081568,0.032597978,0.028655833,0.020314196,0.09027455,0.0014694362,6.441324,0.6620278,12.143421,1.8111751,0.1805491,0.0029388724,0.16928034,0.017398326,0.14252788,0.021257846,253.51547,254.04897,339.9569,-2.473203,13.608346,0.3747145
3,66,10,0.0048999996,0.084418625,0.038470306,0.02662236,0.019325955,0.09806924,-0.0040647774,6.2085752,0.6221184,11.844362,2.5017881,0.19613849,-0.008129555,0.1631636,0.016349498,0.13901782,0.029363597,253.4895,253.88936,340.10376,-3.1239066,13.608346,0.33814016
3,67,10,0.0048999996,0.07553542,0.028624708,0.027929412,0.018981298,0.08459419,0.0037809196,6.359157,1.0009755,11.738272,2.7701974,0.16918838,0.007561839,0.16712095,0.026305988,0.13777263,0.03251394,253.42021,253.6604,339.34317,-3.771173,13.608346,0.3844307
3,68,10,0.0048999996,0.0780553,0.030778408,0.027461717,0.019815175,0.08771888,0.0013053952,6.3056884,1.1191801,11.99334,2.1772726,0.17543776,0.0026107903,0.16571577,0.029412452,0.14076638,0.025554745,253.39134,253.50316,339.66956,-3.2964525,13.608346,0.42152727
3,69,10,0.0048999996,0.08479358,0.04045965,0.025571225,0.018762711,0.10057292,-0.0033151947,6.084774,0.868269,11.670487,2.0417662,0.20114584,-0.0066303895,0.15991005,0.022818418,0.13697705,0.023964308,253.32872,253.1441,339.53467,-2.9100351,13.607576,0.37007713
3,70,10,0.0048999996,0.07301237,0.025571506,0.028106863,0.019333998,0.079955466,0.003549905,6.379327,0.8810262,11.846827,2.3456795,0.15991093,0.00709981,0.16765101,0.023153683,0.13904674,0.027531344,253.25702,252.91785,338.41788,-3.2267058,13.607576,0.4027274
3,71,10,0.0048999996,0.07389763,0.026848856,0.02809278,0.018955994,0.081928104,0.0012628159,6.3777285,1.0780165,11.730444,1.8649924,0.16385621,0.0025256318,0.167609,0.028330669,0.13768077,0.02188949,253.21638,252.70584,338.37476,-2.943009,13.607576,0.4009184
3,72,10,0.0048999996,0.08381078,0.038251992,0.0268135,0.018745288,0.097790584,-0.004363809,6.230823,0.8725686,11.665069,2.29287,0.19558117,-0.008727618,0.16374828,0.022931421,0.13691343,0.026911521,253.17093,252.48804,338.17307,-3.1654387,13.607576,0.36084795
3,73,10,0.0048999996,0.07233999,0.025151102,0.02856914,0.018619748,0.07929549,0.004329241,6.4315734,1.098748,11.62594,1.6873969,0.15859099,0.008658482,0.16902408,0.0288755,0.1364542,0.019805046,253.1046,252.22171,337.4881,-2.7861447,13.606741,0.34864268
3,74,10,0.0048999996,0.07291742,0.026920449,0.027323773,0.018673193,0.08203726,0.00043548772,6.2898316,1.1603687,11.642614,1.1103964,0.16407453,0.00087097543,0.16529904,0.030494906,0.13664989,0.013032776,253.08696,252.06464,337.99054,-2.270765,13.606741,0.356881
3,75,10,0.0048999996,0.08583034,0.037603885,0.028842587,0.019383872,0.09695861,-0.0053368025,6.4622803,1.0571493,11.862097,1.7001196,0.19391721,-0.010673605,0.16983105,0.027782261,0.13922597,0.019954383,253.06255,251.97043,338.07867,-2.757269,13.606741,0.3603437
3,76,10,0.0048999996,0.0753841,0.024985436,0.030656764,0.019741898,0.07903391,0.001419981,6.662417,1.3456311,11.971144,1.8715385,0.15806782,0.002839962,0.17509073,0.035363674,0.14050587,0.02196634,253.00635,251.75099,337.2014,-3.2171698,13.606741,0.3675757
3,77,10,0.0048999996,0.076438166,0.027787948,0.028640568,0.02000965,0.08334859,0.0017145538,6.4396086,1.2490145,12.052052,0.8325695,0.16669717,0.0034291076,0.16923524,0.032824554,0.14145547,0.009771906,253.03308,251.8834,337.46597,-2.081584,13.6057625,0.31943098
3,78,10,0.0048999996,0.086236276,0.037144344,0.028895486,0.020196447,0.09636434,-0.0028219935,6.4682035,0.8848985,12.108176,1.1792262,0.19272868,-0.005643987,0.16998672,0.023255449,0.1421142,0.013840632,253.08041,252.05705,337.71838,-2.0641246,13.6057625,0.32619768
3,79,10,0.0048999996,0.07461372,0.025696574,0.02772503,0.021192117,0.08015075,0.006894137,6.3358474,0.91933024,12.403047,0.8090897,0.1603015,0.013788274,0.16650835,0.024160337,0.14557512,0.009496326,253.07819,252.07954,337.08917,-1.72842,13.6057625,0.33506128
3,80,10,0.0048999996,0.07529733,0.02834302,0.026469553,0.02048476,0.08417693,0.0036930155,6.190732,0.8868406,12.194295,0.27528566,0.16835386,0.007386031,0.16269466,0.023306485,0.14312498,0.0032310463,253.1482,252.33768,337.79184,-1.1621263,13.6057625,0.368785
3,81,10,0.0048999996,0.08459655,0.038296446,0.02558182,0.020718286,0.09784739,-0.0009914669,6.086034,0.38949445,12.263604,-0.22187944,0.19569477,-0.0019829338,0.15994318,0.010236061,0.14393848,-0.00260421,253.2165,252.5717,338.34497,-0.16761501,13.60454,0.39421585
3,82,10,0.0048999996,0.07286094,0.025869971,0.024815356,0.022175618,0.080420725,0.0073338402,5.9941683,0.43734464,12.687587,-0.52152663,0.16084145,0.0146676805,0.1575289,0.011493567,0.1489148,-0.006121183,253.2665,252.82912,337.99088,0.084181994,13.60454,0.3915756
3,83,10,0.0048999996,0.07689108,0.028501322,0.026130155,0.022259597,0.08441167,0.0053863707,6.150914,0.7203782,12.71159,-0.91284686,0.16882335,0.010772741,0.16164824,0.018931793,0.1491965,-0.010714129,253.30914,253.00673,338.4871,0.19246864,13.60454,0.40520537
3,84,10,0.0048999996,0.08706656,0.036189463,0.027723333,0.023153763,0.09511764,-0.0011476742,6.335653,0.5959266,12.964389,-0.0017280964,0.19023529,-0.0022953483,0.16650325,0.015661167,0.15216361,-2.0272804e-5,253.29759,252.97064,338.4496,-0.59419847,13.60454,0.44430923
3,85,10,0.0048999996,0.07427776,0.026525138,0.026128603,0.021624021,0.0814327,0.008782014,6.1507316,0.3310146,12.528798,-1.0300255,0.1628654,0.017564029,0.16164345,0.008699186,0.14705108,-0.012089458,253.25162,252.84454,337.82474,0.69901085,13.602844,0.39628646
3,86,10,0.0048999996,0.07383217,0.027387552,0.023568254,0.022876361,0.082745925,0.005977955,5.8416076,0.37275958,12.886492,-1.8637825,0.16549185,0.01195591,0.15351956,0.009796263,0.15124933,-0.021875298,253.22467,252.65677,338.23428,1.491023,13.602844,0.4149144
3,87,10,0.0048999996,0.08227117,0.03558777,0.023353713,0.023329694,0.094323605,-0.00010113734,5.814959,0.44589972,13.013549,-0.9915613,0.18864721,-0.00020227468,0.15281922,0.011718404,0.15274061,-0.011638003,253.14575,252.30891,338.05563,0.54566157,13.602844,0.43097028
3,88,10,0.0048999996,0.072628364,0.025276454,0.024833553,0.022518355,0.07949285,0.0071222708,5.996365,0.72370744,12.785259,-0.8427497,0.1589857,0.0142445415,0.15758665,0.019019306,0.15006118,-0.009891392,253.03854,251.85405,337.02454,0.11904228,13.602844,0.40624142
3,89,10,0.0048999996,0.070353866,0.026987594,0.02131074,0.022055537,0.08213951,0.0046248655,5.5547934,0.37906817,12.653191,-2.2472887,0.16427901,0.009249731,0.14598198,0.009962053,0.14851107,-0.026376532,252.98347,251.46968,336.87396,1.8682206,13.600746,0.33660042
3,90,10,0.0048999996,0.08904698,0.042970397,0.021819511,0.024257071,0.10364651,0.0009969621,5.62071,0.16569395,13.269679,-1.782093,0.20729302,0.0019939241,0.14771429,0.0043545035,0.15574682,-0.020916514,252.92937,251.1864,336.7104,1.616399,13.600746,0.36396512
3,91,10,0.0048999996,0.068892226,0.022608237,0.022820037,0.02346395,0.07518018,0.0074770865,5.748133,0.24231288,13.050938,-1.9491513,0.15036036,0.014954173,0.15106302,0.006368066,0.15317947,-0.022877274,252.86356,251.00075,335.86166,1.7068384,13.600746,0.36027434
3,92,10,0.0048999996,0.0726911,0.026075428,0.021209916,0.025405757,0.08073944,0.006734966,5.541638,0.28703323,13.580235,-2.8063533,0.16147888,0.013469932,0.14563625,0.0075433375,0.15939184,-0.032938294,252.85165,250.89658,336.12555,2.51932,13.600746,0.37292907
3,93,10,0.0048999996,0.07660115,0.033151314,0.019604791,0.023845045,0.09103751,0.0013711829,5.327823,-0.09376464,13.156498,-3.4472907,0.18207502,0.0027423657,0.1400171,-0.0024641643,0.15441841,-0.040461004,252.8153,250.69691,336.14764,3.5410552,13.598471,0.37360466
3,94,10,0.0048999996,0.0656232,0.02158281,0.021982834,0.022057556,0.073455445,0.007952381,5.641707,-0.08072269,12.65377,-3.3711329,0.14691089,0.015904762,0.14826609,-0.0021214292,0.14851786,-0.03956713,252.74274,250.4243,335.39484,3.4518557,13.598471,0.37247404
3,95,10,0.0048999996,0.065440886,0.022284321,0.0211413,0.022015266,0.07463967,0.0048717093,5.5326667,-0.009171149,12.641634,-3.612475,0.14927934,0.009743419,0.14540048,-0.00024101228,0.14837542,-0.04239978,252.70084,250.17897,335.58203,3.6216462,13.598471,0.35994223
3,96,10,0.0048999996,0.07460639,0.030045105,0.022793973,0.021767309,0.08666762,-0.0001745835,5.7448497,-0.07455799,12.57024,-3.0170565,0.17333524,-0.000349167,0.15097673,-0.0019594058,0.14753748,-0.035411324,252.65692,250.012,335.65002,3.0916145,13.598471,0.37454933
3,97,10,0.0048999996,0.06563258,0.022737944,0.02149605,0.021398585,0.07539553,0.0066634584,5.5788927,-0.29553115,12.463321,-3.8809495,0.15079106,0.013326917,0.14661531,-0.0077666636,0.14628255,-0.045550875,252.60474,249.87305,334.97064,4.176481,13.59598,0.3450219
3,98,10,0.0048999996,0.068323605,0.024668358,0.020007644,0.023647605,0.07853082,0.0046135318,5.3822846,-0.29295504,13.101916,-4.227928,0.15706164,0.0092270635,0.14144838,-0.007698965,0.15377778,-0.04962339,252.65565,250.09976,335.43246,4.520883,13.59598,0.3458182
3,99,10,0.0048999996,0.07852357,0.032365352,0.02299238,0.023165837,0.089951865,0.0007655217,5.7697983,-0.507917,12.967768,-3.6699038,0.17990373,0.0015310434,0.15163238,-0.0133482395,0.15220328,-0.043073833,252.716,250.45718,335.64267,4.1778207,13.59598,0.37221277
3,100,10,0.0048999996,0.07037914,0.024099605,0.024615929,0.021663604,0.07762024,0.0082832,5.9700336,-0.50413406,12.540259,-3.506035,0.15524048,0.0165664,0.15689464,-0.013248826,0.14718561,-0.04115049,252.72076,250.54005,334.99017,4.010169,13.59598,0.37128904
4,1,10,0.0034299996,0.18870936,0.039910726,0.10925923,0.039539415,0.09988835,0.003042145,12.5776,2.8884144,16.941673,-3.2844722,0.1997767,0.00608429,0.33054385,0.07590859,0.19884521,-0.03855,251.48538,245.98755,329.6221,0.39605784,13.593425,0.9187524
4,2,10,0.0034299996,0.19542524,0.043223724,0.11208448,0.040117048,0.10395158,-0.0021269983,12.739179,3.032549,17.06498,-3.3804867,0.20790316,-0.0042539965,0.3347902,0.07969646,0.20029241,-0.03967692,251.4845,245.95271,329.98843,0.34793782,13.593425,0.9257087
4,3,10,0.0034299996,0.20184535,0.047205973,0.11416077,0.040478602,0.10863468,-0.0041328496,12.856629,3.2980359,17.141703,-3.0400212,0.21726936,-0.008265699,0.33787686,0.08667358,0.20119295,-0.035680868,251.44176,245.7742,329.9349,-0.25801468,13.593425,0.9296582
4,4,10,0.0034299996,0.19278279,0.043805305,0.10753158,0.041445903,0.10464858,0.0033313527,12.47776,2.9734669,17.345306,-3.281885,0.20929717,0.0066627054,0.32792008,0.07814379,0.20358267,-0.038519632,251.39401,245.6611,329.20462,0.30841804,13.593425,0.9323877
4,5,10,0.0034299996,0.1769067,0.04413329,0.090622455,0.04215096,0.10503963,-0.003086361,11.454776,2.9538598,17.492222,-3.87172,0.21007925,-0.006172722,0.30103564,0.077628516,0.20530699,-0.04544255,251.38538,245.52797,329.6604,0.91786027,13.591859,0.8373266
4,6,10,0.0034299996,0.18886405,0.05096076,0.096695244,0.041208036,0.11287245,-0.0061468785,11.832356,3.1869504,17.295462,-2.9239488,0.2257449,-0.012293757,0.3109586,0.083754204,0.20299762,-0.034318525,251.35942,245.43192,329.53757,-0.26300168,13.591859,0.84036744
4,7,10,0.0034299996,0.18572742,0.046150684,0.09580221,0.043774515,0.10741355,0.00017834139,11.777589,3.1171515,17.825916,-3.0404398,0.2148271,0.00035668278,0.30951932,0.08191989,0.2092236,-0.03568578,251.32103,245.29393,328.82587,-0.076711655,13.591859,0.8608352
4,8,10,0.0034299996,0.18671107,0.051018856,0.09224108,0.04345113,0.11293677,-0.0037601404,11.55662,3.011569,17.75995,-3.577485,0.22587354,-0.007520281,0.30371216,0.0791451,0.20844935,-0.04198911,251.35883,245.39586,329.11615,0.56591606,13.591859,0.8500269
4,9,10,0.0034299996,0.16646905,0.048345268,0.07748864,0.040635157,0.10993779,-0.0052015767,10.592236,2.8002968,17.17482,-3.4033062,0.21987557,-0.0104031535,0.27836782,0.07359277,0.20158164,-0.03994476,251.3741,245.50882,329.2647,0.60300946,13.590486,0.7128052
4,10,10,0.0034299996,0.15380976,0.04302848,0.071586,0.039195277,0.10371654,0.00036994796,10.1808195,2.3469503,16.867786,-3.8307292,0.20743307,0.0007398959,0.2675556,0.0616787,0.19797798,-0.04496142,251.35913,245.54474,328.921,1.483779,13.590486,0.69863147
4,11,10,0.0034299996,0.15048698,0.043807823,0.07033513,0.036344018,0.10465159,-0.0038157154,10.091479,2.235576,16.242678,-4.0909443,0.20930319,-0.007631431,0.2652077,0.058751732,0.19064108,-0.0480156,251.38995,245.61679,329.7373,1.8553684,13.590486,0.698898
4,12,10,0.0034299996,0.15721984,0.046316538,0.074239396,0.03666391,0.10760639,-0.0061876294,10.367784,2.18051,16.314007,-3.913939,0.21521278,-0.012375259,0.27246907,0.057304595,0.19147822,-0.04593808,251.40645,245.71907,330.12332,1.733429,13.590486,0.68526864
4,13,10,0.0034299996,0.13248503,0.038725886,0.056983568,0.036775567,0.09839447,-0.0004884287,9.083296,1.807092,16.338829,-4.1249638,0.19678894,-0.0009768574,0.23871231,0.047491014,0.19176957,-0.048414875,251.39035,245.69887,329.69366,2.3178718,13.589354,0.5604328
4,14,10,0.0034299996,0.13832405,0.041535113,0.054538738,0.0422502,0.10190082,-0.0027526496,8.886306,1.7412955,17.5128,-5.060421,0.20380165,-0.005505299,0.2335353,0.04576188,0.20554854,-0.059394408,251.43526,245.79126,330.37848,3.3191257,13.589354,0.5671079
4,15,10,0.0034299996,0.14576039,0.0462148,0.060331833,0.039213754,0.10748814,-0.0054436983,9.346348,2.0288582,16.87176,-4.09596,0.21497628,-0.0108873965,0.24562539,0.05331914,0.19802463,-0.04807446,251.46913,245.97125,330.54373,2.067102,13.589354,0.57818824
4,16,10,0.0034299996,0.13891777,0.037341636,0.0592121,0.042364035,0.09661992,0.001908012,9.25921,1.8759843,17.536379,-4.078667,0.19323984,0.003816024,0.24333537,0.04930154,0.20582525,-0.047871493,251.45085,245.94987,330.00537,2.202683,13.589354,0.6182795
4,17,10,0.0034299996,0.12456199,0.04234503,0.047688562,0.034528397,0.10288954,-0.0026001919,8.309518,1.8300331,15.831768,-3.598714,0.20577908,-0.0052003837,0.21837711,0.048093926,0.18581818,-0.042238273,251.46243,245.88786,330.37073,1.768681,13.588325,0.4940219
4,18,10,0.0034299996,0.1294293,0.04436204,0.04958617,0.03548109,0.10531149,-0.0044305264,8.473229,2.1461663,16.048695,-3.0739992,0.21062298,-0.008861053,0.22267953,0.056402043,0.18836425,-0.03607967,251.47342,245.92506,330.55356,0.92783284,13.588325,0.4939671
4,19,10,0.0034299996,0.12533724,0.03592911,0.051409077,0.03799905,0.09477488,0.000989014,8.627572,2.0028474,16.60839,-3.064831,0.18954976,0.001978028,0.2267357,0.052635554,0.19493344,-0.03597207,251.44014,245.84671,329.9778,1.0619836,13.588325,0.5138434
4,20,10,0.0034299996,0.13516487,0.04220005,0.052957486,0.040007334,0.10271326,-0.0026198307,8.756537,2.18575,17.041624,-3.7802558,0.20542651,-0.0052396613,0.23012494,0.0574423,0.20001833,-0.044369034,251.39647,245.60231,330.13016,1.5945058,13.588325,0.52923113
4,21,10,0.0034299996,0.12469056,0.047061443,0.044715457,0.032913666,0.10846825,-0.0054432936,8.046324,2.320736,15.457146,-2.9899921,0.2169365,-0.010886587,0.21146029,0.060989786,0.18142124,-0.035093673,251.36478,245.49765,329.79556,0.6692562,13.587352,0.44597945
4,22,10,0.0034299996,0.11183787,0.039830506,0.03901021,0.032997154,0.099787906,0.0021792827,7.5155,1.869399,15.476737,-3.0131917,0.19957581,0.0043585654,0.19751003,0.049128473,0.18165119,-0.035365965,251.35788,245.61037,329.23193,1.1437927,13.587352,0.43351465
4,23,10,0.0034299996,0.112792194,0.042356748,0.03853162,0.031903826,0.102903776,-0.0018529594,7.469255,1.8145674,15.218175,-3.268333,0.20580755,-0.0037059188,0.19629472,0.047687482,0.17861642,-0.038360573,251.41788,245.77628,329.91046,1.4537655,13.587352,0.40928513
4,24,10,0.0034299996,0.119632535,0.049685363,0.040491506,0.02945567,0.11145107,-0.0045631253,7.656859,1.9097399,14.622635,-2.926687,0.22290213,-0.009126251,0.20122501,0.050188653,0.17162654,-0.034350652,251.49635,246.14761,330.26678,1.0169472,13.587352,0.422338
4,25,10,0.0034299996,0.099845454,0.03735115,0.03709596,0.025398342,0.09663223,0.0016484017,7.3287854,1.1628193,13.578252,-2.4646282,0.19326445,0.0032968035,0.19260311,0.030559303,0.15936857,-0.028927457,251.54857,246.42482,330.0003,1.301809,13.58634,0.37573168
4,26,10,0.0034299996,0.101710625,0.03904018,0.03288792,0.029782526,0.09879294,-0.0027237548,6.9006004,1.0280132,14.703543,-3.268847,0.19758588,-0.0054475097,0.18135028,0.027016563,0.17257614,-0.03836661,251.61833,246.61017,331.06165,2.2408338,13.58634,0.380987
4,27,10,0.0034299996,0.11672512,0.04990298,0.034863748,0.031958386,0.11169487,-0.0051259547,7.1048627,1.3445126,15.231182,-3.122775,0.22338974,-0.0102519095,0.18671836,0.035334274,0.17876908,-0.036652155,251.64627,246.75551,331.3571,1.7782625,13.58634,0.4139108
4,28,10,0.0034299996,0.10015234,0.033514123,0.03595265,0.030685574,0.09153432,0.0015065703,7.2149634,1.2694769,14.924793,-2.8575346,0.18306863,0.0030131405,0.18961184,0.03336231,0.17517298,-0.033539012,251.61095,246.65913,330.7418,1.5880578,13.58634,0.38074315
4,29,10,0.0034299996,0.10044421,0.036865547,0.033714063,0.0298646,0.09600201,-0.0022218365,6.986734,1.3065602,14.723789,-2.8320298,0.19200402,-0.004443673,0.1836139,0.034336876,0.17281377,-0.033239663,251.5877,246.41501,331.17178,1.5254697,13.58525,0.36162934
4,30,10,0.0034299996,0.11205535,0.043825336,0.036211442,0.032018572,0.10467251,-0.0042533376,7.2408834,1.7000895,15.24552,-2.7397916,0.20934501,-0.008506675,0.19029304,0.04467897,0.17893735,-0.032157063,251.54083,246.20879,331.05783,1.0397022,13.58525,0.39478087
4,31,10,0.0034299996,0.09801441,0.034831733,0.03212448,0.0310582,0.09331631,0.0035104621,6.8200374,1.2218976,15.015139,-2.580172,0.18663262,0.0070209242,0.17923303,0.03211191,0.17623337,-0.03028359,251.50887,246.17061,330.21783,1.3582745,13.58525,0.39153245
4,32,10,0.0034299996,0.0953304,0.03813299,0.028890729,0.028306676,0.09763835,-0.0014539202,6.467671,1.1518295,14.334602,-2.9073458,0.1952767,-0.0029078403,0.16997273,0.030270495,0.16824588,-0.03412365,251.51892,246.07646,330.7085,1.7555163,13.58525,0.36813763
4,33,10,0.0034299996,0.10066882,0.044112947,0.030530928,0.026024945,0.10501541,-0.004248974,6.648729,0.87725884,13.744726,-2.440235,0.21003082,-0.008497948,0.17473102,0.02305468,0.16132249,-0.028641148,251.5595,246.28253,330.9527,1.5629761,13.584066,0.386347
4,34,10,0.0034299996,0.08703889,0.031955417,0.029649487,0.025433986,0.08938039,0.0031897582,6.5520515,0.6813174,13.587778,-2.2702088,0.17876078,0.0063795163,0.17219026,0.017905267,0.15948036,-0.026645547,251.60236,246.56198,330.7249,1.5888915,13.584066,0.35882133
4,35,10,0.0034299996,0.08880128,0.03505328,0.027303973,0.026444022,0.093612604,-0.00095649937,6.287552,0.57438856,13.854949,-2.7002628,0.18722521,-0.0019129987,0.16523914,0.015095143,0.16261618,-0.03169311,251.68369,246.85423,331.91083,2.1258743,13.584066,0.3706329
4,36,10,0.0034299996,0.095518604,0.0391615,0.028878432,0.027478669,0.098946325,-0.004919698,6.466295,0.89505327,14.123394,-2.5768285,0.19789265,-0.009839396,0.16993655,0.023522325,0.16576691,-0.030244345,251.70966,246.92606,332.56036,1.6817752,13.584066,0.41748893
4,37,10,0.0034299996,0.084842056,0.029775197,0.028291857,0.026774999,0.086277455,0.0029164772,6.4002867,0.24545681,13.941385,-2.427403,0.17255491,0.0058329543,0.16820183,0.0064506927,0.16363068,-0.028490538,251.68602,246.95398,331.9382,2.1819463,13.582775,0.36505038
4,38,10,0.0034299996,0.093377165,0.034777597,0.028699538,0.02990003,0.09324376,-0.0018853036,6.4462347,0.2287768,14.732521,-2.9220464,0.18648753,-0.0037706073,0.16940938,0.0060123373,0.17291625,-0.03429619,251.72891,246.9965,332.70557,2.6932697,13.582775,0.37043324
4,39,10,0.0034299996,0.1040888,0.040035266,0.03051864,0.03353489,0.10004407,-0.0059065074,6.647392,0.51871645,15.602336,-3.0408945,0.20008814,-0.011813015,0.17469585,0.013632052,0.18312533,-0.035691116,251.80551,247.25537,333.29166,2.5221782,13.582775,0.409619
4,40,10,0.0034299996,0.089597255,0.028376361,0.029396836,0.031824064,0.08422642,0.002871358,6.5240755,0.30800244,15.199141,-2.4566033,0.16845284,0.005742716,0.17145506,0.008094414,0.178393,-0.028833259,251.84036,247.60895,332.74945,2.1486008,13.582775,0.39109895
4,41,10,0.0034299996,0.09387362,0.03811553,0.028219143,0.027538948,0.097615995,-0.000118020354,6.3920555,-0.19254981,14.138876,-2.513297,0.19523199,-0.00023604071,0.16798554,-0.0050602728,0.16594863,-0.029498683,251.84967,247.62352,333.3668,2.7058468,13.581435,0.35563397
4,42,10,0.0034299996,0.1018541,0.044510014,0.028449519,0.028894564,0.10548698,-0.0036320987,6.4180946,0.1723652,14.482692,-2.7453456,0.21097396,-0.0072641973,0.16866985,0.0045298208,0.16998401,-0.03222225,251.82063,247.49806,333.34778,2.5729804,13.581435,0.40780556
4,43,10,0.0034299996,0.080734715,0.02509318,0.026968392,0.028673144,0.079204135,0.0035020527,6.2487946,0.069656834,14.4270935,-2.3866072,0.15840827,0.0070041055,0.16422056,0.001830602,0.16933146,-0.028011722,251.75667,247.36436,332.58057,2.3169503,13.581435,0.405964
4,44,10,0.0034299996,0.0859401,0.029517565,0.027665235,0.0287573,0.085903384,0.0008512406,6.329011,0.06233377,14.448249,-2.6106064,0.17180677,0.0017024812,0.1663287,0.0016381572,0.16957977,-0.030640794,251.75406,247.33728,333.1325,2.5482726,13.581435,0.38034454
4,45,10,0.0034299996,0.09131553,0.03585287,0.027659962,0.0278027,0.094674274,-0.0019383951,6.3284073,0.03914889,14.206421,-2.5836952,0.18934855,-0.0038767902,0.16631284,0.0010288485,0.16674142,-0.030324945,251.75087,247.24596,333.38138,2.5445464,13.580006,0.3584466
4,46,10,0.0034299996,0.076960996,0.024566641,0.027295573,0.025098784,0.078368746,0.004053737,6.2865853,-0.082806595,13.497942,-1.6182889,0.15673749,0.008107474,0.16521372,-0.0021761789,0.15842596,-0.018993935,251.77733,247.46088,332.64722,1.7010955,13.580006,0.3399717
4,47,10,0.0034299996,0.08308332,0.029073881,0.027333494,0.026675936,0.085255325,-9.0553e-5,6.2909503,-0.18904977,13.915571,-1.387439,0.17051065,-0.000181106,0.16532844,-0.0049682963,0.1633277,-0.016284434,251.8837,247.8972,333.23486,1.5764887,13.580006,0.3597965
4,48,10,0.0034299996,0.09947431,0.04057183,0.02941319,0.029489294,0.100712255,-0.0018589894,6.52589,-0.044590574,14.6309805,-1.067842,0.20142451,-0.0037179787,0.17150274,-0.0011718562,0.17172447,-0.012533311,251.95697,248.17603,333.52853,1.1124326,13.580006,0.3877961
4,49,10,0.0034299996,0.082601815,0.02495234,0.030361403,0.02728807,0.07898155,0.0068382863,6.6302457,-0.80518955,14.0743265,-0.9505663,0.1579631,0.013676573,0.17424524,-0.02116066,0.16519101,-0.011156841,251.98871,248.43456,333.1714,1.7557559,13.578551,0.355935
4,50,10,0.0034299996,0.0810268,0.02754147,0.03005969,0.023425637,0.082978114,0.0019525365,6.5972195,-1.0048951,13.04028,-1.4859151,0.16595623,0.003905073,0.1733773,-0.02640902,0.15305436,-0.017440252,252.04028,248.54955,334.13818,2.4908102,13.578551,0.34790978
4,51,10,0.0034299996,0.092516206,0.037878666,0.02871852,0.025919022,0.09731221,-0.0030154034,6.448366,-0.658301,13.716726,-2.1186497,0.19462442,-0.006030807,0.1694654,-0.017300392,0.16099386,-0.024866689,252.04901,248.50142,334.4906,2.7769508,13.578551,0.3543229
4,52,10,0.0034299996,0.07611971,0.02282593,0.02912894,0.024164842,0.075541265,0.00469711,6.4942803,-0.89721686,13.244428,-1.988526,0.15108253,0.00939422,0.17067203,-0.023579188,0.15545045,-0.02333942,252.0489,248.57379,333.93295,2.885743,13.578551,0.33727357
4,53,10,0.0034299996,0.0827482,0.02852428,0.030673485,0.023550432,0.08444566,0.0012734388,6.664234,-1.5142938,13.074969,-2.865603,0.16889133,0.0025468776,0.17513847,-0.039796174,0.1534615,-0.033633713,252.10217,248.67752,334.759,4.3798966,13.577143,0.36339363
4,54,10,0.0034299996,0.09067925,0.03491094,0.028365845,0.027402468,0.093422346,-0.0024164023,6.4086494,-1.3463026,14.103799,-3.178728,0.18684469,-0.0048328047,0.16842163,-0.03538132,0.16553691,-0.037308875,252.15839,248.89178,335.2411,4.5250306,13.577143,0.37560603
4,55,10,0.0034299996,0.07755621,0.022452628,0.029547526,0.025556058,0.074921004,0.0068265097,6.5407753,-1.4796216,13.620347,-2.348169,0.14984201,0.013653019,0.17189394,-0.03888499,0.15986262,-0.027560566,252.14552,248.97527,334.49622,3.8277907,13.577143,0.3595139
4,56,10,0.0034299996,0.085127324,0.0287081,0.031060815,0.02535841,0.084717326,0.0029817068,6.706178,-1.8569632,13.5675745,-2.941904,0.16943465,0.0059634135,0.17624079,-0.048801664,0.15924324,-0.03452926,252.16563,248.95494,335.03085,4.798867,13.577143,0.38630286
4,57,10,0.0034299996,0.08979735,0.03629451,0.02737191,0.02613093,0.09525559,-0.0026850046,6.2953696,-1.9795095,13.772686,-3.495782,0.19051118,-0.005370009,0.16544458,-0.052022226,0.16165064,-0.04103015,252.21974,249.13956,335.59366,5.4752913,13.575782,0.3888911
4,58,10,0.0034299996,0.0759801,0.021849958,0.028633175,0.025496967,0.07390866,0.0072628492,6.4387774,-2.145094,13.604589,-2.7238443,0.14781731,0.0145256985,0.1692134,-0.056373842,0.1596777,-0.03196989,252.2242,249.2552,334.86465,4.8689384,13.575782,0.3937906
4,59,10,0.0034299996,0.0852619,0.02979983,0.030017547,0.025444524,0.086313136,0.006335693,6.592593,-2.1837034,13.590592,-2.8160229,0.17262627,0.012671386,0.17325573,-0.057388518,0.1595134,-0.033051793,252.25099,249.3451,335.478,4.9997263,13.575782,0.4021103
4,60,10,0.0034299996,0.09558152,0.04041687,0.028184325,0.026980324,0.10051974,-0.0008141448,6.3881106,-1.9414963,13.994739,-3.0660956,0.20103948,-0.0016282896,0.16788188,-0.051023223,0.16425689,-0.035986904,252.25557,249.36505,335.61356,5.0075917,13.575782,0.38264978
4,61,10,0.0034299996,0.07568014,0.023312878,0.025154032,0.02721323,0.07634278,0.0070930095,6.0349336,-1.9016588,14.055014,-2.1913135,0.15268555,0.014186019,0.15860023,-0.04997629,0.16496433,-0.025719544,252.24901,249.40437,334.93948,4.0929723,13.574498,0.3680845
4,62,10,0.0034299996,0.08469161,0.030506542,0.02646309,0.027721973,0.08733061,0.004520227,6.189976,-1.9285004,14.1857815,-2.2817085,0.17466122,0.009040454,0.1626748,-0.050681688,0.16649917,-0.026780512,252.32558,249.5437,335.60464,4.210209,13.574498,0.37614855
4,63,10,0.0034299996,0.09795087,0.039012246,0.028086126,0.030852498,0.09875759,-6.484323e-5,6.3769727,-1.8587297,14.965333,-2.273049,0.19751517,-0.00012968646,0.16758916,-0.04884809,0.1756488,-0.026678873,252.41063,249.87823,336.078,4.1317787,13.574498,0.39965758
4,64,10,0.0034299996,0.08167195,0.025639033,0.026819311,0.029213605,0.08006097,0.007838509,6.231498,-1.7563783,14.562427,-1.7466813,0.16012193,0.015677018,0.16376603,-0.046158247,0.17091988,-0.020500869,252.39987,249.94855,335.55576,3.5030596,13.574498,0.38429993
4,65,10,0.0034299996,0.08439371,0.030017288,0.026420822,0.027955595,0.08662749,0.0039686626,6.1850305,-1.9089535,14.245431,-1.6831893,0.17325498,0.007937325,0.16254483,-0.05016799,0.16719927,-0.019755669,252.43793,249.98969,336.1816,3.5921428,13.573326,0.41045275
4,66,10,0.0034299996,0.09013025,0.031831164,0.029288083,0.029011,0.08920645,-0.0019255335,6.5119963,-2.119787,14.511844,-2.4248888,0.1784129,-0.003851067,0.17113762,-0.055708766,0.17032616,-0.02846103,252.49147,250.13948,336.7227,4.544676,13.573326,0.41731918
4,67,10,0.0034299996,0.08321569,0.024955565,0.031182474,0.02707765,0.07898665,0.006103107,6.719299,-2.406935,14.019957,-1.8492712,0.1579733,0.012206214,0.1765856,-0.06325512,0.16455288,-0.021704981,252.5421,250.49251,336.14316,4.256206,13.573326,0.4294293
4,68,10,0.0034299996,0.09497408,0.032461654,0.035341397,0.027171021,0.09008559,0.004847124,7.153367,-2.807511,14.044108,-1.8746744,0.18017118,0.009694248,0.18799308,-0.0737824,0.16483635,-0.022003144,252.64836,250.87527,336.95502,4.6821856,13.573326,0.47279167
4,69,10,0.0034299996,0.10540798,0.039293725,0.035078466,0.031035792,0.099113226,0.00021902268,7.126708,-2.8032334,15.00972,-1.7392612,0.19822645,0.00043804536,0.18729246,-0.073669985,0.17616978,-0.020413788,252.72878,251.15634,337.51657,4.542495,13.572264,0.47586402
4,70,10,0.0034299996,0.09361385,0.026204368,0.03657565,0.03083383,0.080938816,0.007571983,7.277207,-2.7694566,14.960803,-1.4129572,0.16187763,0.015143966,0.19124761,-0.07278232,0.17559564,-0.016583938,252.73627,251.30557,336.856,4.182414,13.572264,0.48108542
4,71,10,0.0034299996,0.1007821,0.031754185,0.03832103,0.030706882,0.08909852,0.0058936724,7.4488163,-2.8740985,14.9299755,-1.8187397,0.17819704,0.011787345,0.19575758,-0.07553233,0.1752338,-0.021346629,252.74945,251.2673,337.2481,4.692838,13.572264,0.4867747
4,72,10,0.0034299996,0.11468446,0.04330175,0.039761487,0.03162122,0.10404536,-0.00047564085,7.587522,-2.9666505,15.150623,-2.546725,0.20809072,-0.0009512817,0.19940282,-0.077964626,0.17782357,-0.029891023,252.74371,251.13281,337.53748,5.5133753,13.572264,0.5055153
4,73,10,0.0034299996,0.09282983,0.029485347,0.03459293,0.028751554,0.08585649,0.007614642,7.0772142,-2.6957796,14.446807,-1.8028313,0.17171298,0.015229284,0.18599175,-0.07084606,0.16956283,-0.021159898,252.7106,251.0554,336.92218,4.498611,13.571343,0.47995293
4,74,10,0.0034299996,0.100494675,0.03889607,0.033472,0.028126607,0.09861043,0.0056762574,6.961607,-2.767434,14.288936,-1.5181752,0.19722086,0.011352515,0.18295355,-0.072729155,0.16770989,-0.017818892,252.74266,251.17712,337.433,4.2856092,13.571343,0.50513804
4,75,10,0.0034299996,0.10928972,0.045983467,0.033259477,0.030046774,0.10721878,0.0008162004,6.9394712,-2.581598,14.768628,-1.2589502,0.21443756,0.0016324008,0.18237181,-0.067845345,0.17334005,-0.01477636,252.74878,251.12689,337.5535,3.8405483,13.571343,0.48298708
4,76,10,0.0034299996,0.09043852,0.029461704,0.031200416,0.0297764,0.08582206,0.0088283345,6.7212315,-2.3684487,14.702028,-0.65191835,0.17164412,0.017656669,0.1766364,-0.062243678,0.1725584,-0.0076515963,252.6774,250.86427,336.4027,3.0203671,13.571343,0.4615853
4,77,10,0.0034299996,0.08698216,0.033074763,0.025935905,0.027971493,0.09093234,0.0040938333,6.1280093,-1.8770677,14.249482,-0.3319918,0.18186468,0.008187667,0.16104628,-0.04933002,0.1672468,-0.0038965978,252.69275,250.84819,336.8709,2.2090595,13.57055,0.41920903
4,78,10,0.0034299996,0.09809391,0.039485656,0.028651489,0.029956767,0.09935499,-0.0021965818,6.440837,-2.1412444,14.746491,-0.8516901,0.19870998,-0.0043931636,0.1692675,-0.05627268,0.17308024,-0.009996337,252.75479,251.04369,337.6767,2.9929345,13.57055,0.45271218
4,79,10,0.0034299996,0.08646149,0.027758326,0.028909106,0.029794058,0.08330415,0.0054081385,6.4697275,-2.215693,14.706389,-0.44415283,0.1666083,0.010816277,0.17002678,-0.058229204,0.17260955,-0.005213051,252.79759,251.38222,337.34265,2.6598458,13.57055,0.45342895
4,80,10,0.0034299996,0.09623786,0.035912037,0.03201953,0.028306296,0.09475236,0.0031842077,6.808887,-2.6363575,14.334505,-0.69009584,0.18950471,0.0063684154,0.17894001,-0.069284424,0.16824475,-0.008099681,252.90764,251.84032,338.06448,3.3264534,13.57055,0.4750428
4,81,10,0.0034299996,0.09696697,0.039549243,0.029778272,0.027639445,0.09943496,-0.002691797,6.5662656,-2.2495139,14.164651,0.03996169,0.19886991,-0.005383594,0.17256382,-0.05911805,0.16625115,0.00046902473,252.98552,252.18015,338.57312,2.2095523,13.569803,0.43293726
4,82,10,0.0034299996,0.08754973,0.03126999,0.028669782,0.02760996,0.08841661,0.006249266,6.442892,-2.1745055,14.157093,0.33558825,0.17683323,0.012498532,0.16932154,-0.05714679,0.16616245,0.0039388193,252.98318,252.24307,338.20218,1.8389173,13.569803,0.43957478
4,83,10,0.0034299996,0.09866913,0.037939023,0.031912956,0.028817143,0.09738971,0.0035694228,6.797547,-2.5210195,14.463276,0.00487264,0.19477943,0.0071388455,0.17864197,-0.06625331,0.16975613,5.718915e-5,253.01448,252.27315,338.689,2.516147,13.569803,0.45791432
4,84,10,0.0034299996,0.11039308,0.044780325,0.033195373,0.032417376,0.10580681,-0.0015557248,6.932781,-2.4424934,15.340169,-0.41186923,0.21161363,-0.0031114495,0.18219598,-0.06418961,0.18004826,-0.004834134,253.0058,252.12405,338.7848,2.8543627,13.569803,0.47655606
4,85,10,0.0034299996,0.08285109,0.029406827,0.027107958,0.026336305,0.08574209,0.006351122,6.264942,-1.8957608,13.826703,1.0556893,0.17148419,0.012702244,0.16464494,-0.049821284,0.16228464,0.012390681,252.96378,251.96094,337.83273,0.84007144,13.569059,0.39592502
4,86,10,0.0034299996,0.08848892,0.035492096,0.027442325,0.0255545,0.09419673,0.0023549215,6.303462,-1.9016703,13.619931,0.85938394,0.18839346,0.004709843,0.16565725,-0.04997659,0.15985775,0.010086628,253.00513,252.07866,338.42636,1.0422864,13.569059,0.4090637
4,87,10,0.0034299996,0.094363615,0.03934876,0.02789532,0.027119529,0.099182606,-0.0028293082,6.3552756,-2.0032558,14.030795,0.47773975,0.19836521,-0.0056586163,0.16701892,-0.05264629,0.16468008,0.0056072534,253.04996,252.25008,338.80862,1.525516,13.569059,0.4204737
4,88,10,0.0034299996,0.085235424,0.03152299,0.02699967,0.026712766,0.08877357,0.0056703514,6.252416,-2.0820591,13.925175,0.8761421,0.17754714,0.011340703,0.16431576,-0.05471726,0.1634404,0.010283321,253.0715,252.50024,338.42062,1.2059171,13.569059,0.439576
4,89,10,0.0034299996,0.08652975,0.03752339,0.024651691,0.02435467,0.096854776,0.0033582181,5.9743686,-1.6858604,13.296347,1.4793534,0.19370955,0.0067164362,0.15700857,-0.044305015,0.15605983,0.017363237,253.12903,252.72978,339.10883,0.20650697,13.568333,0.39662415
4,90,10,0.0034299996,0.091018766,0.040471297,0.02466356,0.02588391,0.1005874,-0.003634421,5.975807,-1.6311061,13.707433,1.5188437,0.2011748,-0.007268842,0.15704636,-0.042866055,0.16088477,0.01782674,253.19055,252.9767,339.9791,0.11226249,13.568333,0.4105548
4,91,10,0.0034299996,0.08331786,0.03313951,0.02516716,0.025011193,0.0910213,0.0046361885,6.0365076,-1.6745452,13.474368,2.1789236,0.1820426,0.009272377,0.1586416,-0.044007648,0.15814927,0.025574135,253.16197,252.96255,339.35107,-0.50437844,13.568333,0.4187618
4,92,10,0.0034299996,0.08919769,0.035121597,0.028357081,0.025719007,0.093703784,0.0024507018,6.4076595,-1.721552,13.6637,1.8379904,0.18740757,0.0049014036,0.16839561,-0.045243014,0.16037147,0.021572573,253.14983,252.77824,339.51648,-0.11643839,13.568333,0.43751788
4,93,10,0.0034299996,0.08900687,0.03761409,0.026507672,0.024885112,0.09697176,-0.005853166,6.195188,-1.3997992,13.440364,2.331265,0.19394352,-0.011706332,0.16281177,-0.036787234,0.15775016,0.027362168,253.14429,252.70616,339.71542,-0.93146574,13.567486,0.36841884
4,94,10,0.0034299996,0.07904567,0.030423433,0.024594564,0.02402767,0.08721157,0.0029263755,5.967442,-1.3488876,13.206783,2.796056,0.17442314,0.005852751,0.15682654,-0.035449248,0.15500861,0.03281744,253.129,252.73032,339.0012,-1.4471685,13.567486,0.37364492
4,95,10,0.0034299996,0.087852016,0.034995433,0.027804324,0.02505226,0.093535334,0.0005991212,6.344901,-1.5705615,13.485427,2.4405785,0.18707067,0.0011982424,0.16674629,-0.041274928,0.15827906,0.028645188,253.17705,252.87677,339.54602,-0.87001693,13.567486,0.36898053
4,96,10,0.0034299996,0.097186096,0.041562017,0.028987585,0.026636494,0.10193382,-0.0048115198,6.478503,-1.7192214,13.905282,2.27143,0.20386764,-0.0096230395,0.1702574,-0.045181748,0.1632069,0.026659878,253.20222,252.97981,339.80756,-0.55220866,13.567486,0.39958945
4,97,10,0.0034299996,0.08079788,0.031720303,0.025511745,0.023565834,0.08905097,0.0021364929,6.077693,-1.4487579,13.079244,2.9616542,0.17810194,0.0042729857,0.15972397,-0.03807388,0.15351167,0.03476107,253.1803,252.97487,339.07257,-1.5128963,13.566579,0.34987545
4,98,10,0.0034299996,0.09008235,0.038528353,0.026733588,0.024820399,0.098143205,0.00050889933,6.2215314,-1.372254,13.422875,2.8648815,0.19628641,0.0010177987,0.1635041,-0.036063325,0.15754491,0.033625256,253.22455,253.06142,339.78668,-1.4926275,13.566579,0.3623767
4,99,10,0.0034299996,0.091199964,0.03671914,0.027762573,0.026718251,0.095811196,-0.004512587,6.340135,-1.3539785,13.926603,3.008216,0.19162239,-0.009025174,0.16662104,-0.03558303,0.16345719,0.035307556,253.23868,253.03003,339.90695,-1.6542374,13.566579,0.37049893
4,100,10,0.0034299996,0.088505715,0.03306974,0.028712757,0.026723221,0.09092544,0.0038624778,6.4477196,-1.3192438,13.927898,3.5748599,0.18185088,0.0077249557,0.16944839,-0.034670215,0.16347238,0.041958287,253.24452,253.11577,339.07358,-2.2556162,13.566579,0.38041174
5,1,10,0.0024009997,0.08004235,0.024263207,0.026293017,0.029486125,0.07788326,0.00057558535,6.1700525,1.1958379,14.630194,4.589253,0.15576652,0.0011511707,0.16215122,0.031427044,0.17171524,0.053864278,251.9297,247.44241,331.65866,-5.785091,13.565689,0.41241017
5,2,10,0.0024009997,0.076823816,0.023677418,0.024743237,0.028403161,0.07693734,-0.0025029175,5.9854517,1.2670419,14.359012,4.7486157,0.15387468,-0.005005835,0.15729983,0.033298325,0.16853237,0.05573473,251.91301,247.3999,331.92078,-6.0156574,13.565689,0.45019826
5,3,10,0.0024009997,0.08124525,0.025628284,0.027063878,0.028553093,0.08004418,-0.0058964486,6.259846,1.4464349,14.39686,5.1289754,0.16008836,-0.011792897,0.16451102,0.038012836,0.1689766,0.06019901,251.89253,247.30864,332.1189,-6.5754104,13.565689,0.46466547
5,4,10,0.0024009997,0.08060208,0.023851437,0.027842658,0.02890798,0.07721955,-0.0016591292,6.349273,1.2124666,14.486054,5.3046417,0.1544391,-0.0033182583,0.16686119,0.031864055,0.17002347,0.06226083,251.84,247.16252,331.39966,-6.5171084,13.565689,0.4769706
5,5,10,0.0024009997,0.07865562,0.024399508,0.028995799,0.025260314,0.07810171,-0.0044685607,6.479421,1.2196883,13.5413065,4.8792844,0.15620342,-0.008937121,0.17028153,0.03205385,0.15893494,0.057268385,251.83673,247.09525,331.76297,-6.098973,13.565157,0.4589561
5,6,10,0.0024009997,0.08384088,0.026628993,0.031457584,0.0257543,0.081591964,-0.008067185,6.748874,1.0666876,13.673071,4.8342433,0.16318393,-0.01613437,0.17736286,0.028032925,0.16048147,0.05673973,251.85161,247.1824,332.06934,-5.900931,13.565157,0.41378978
5,7,10,0.0024009997,0.08621131,0.024599476,0.032002203,0.029609632,0.0784211,-0.0018998723,6.8070445,1.1279391,14.660801,4.6708217,0.1568422,-0.0037997446,0.1788916,0.02964264,0.1720745,0.054821655,251.79951,247.01662,331.40503,-5.798761,13.565157,0.4544433
5,8,10,0.0024009997,0.08341459,0.023744693,0.031530038,0.028139858,0.077046566,-0.0039478703,6.7566423,1.2604882,14.292301,4.0909386,0.15409313,-0.007895741,0.17756699,0.03312609,0.16774939,0.048015535,251.7921,246.96126,331.9131,-5.3514266,13.565157,0.44796887
5,9,10,0.0024009997,0.08600995,0.027202953,0.032837868,0.025969129,0.08246659,-0.008585195,6.895347,1.7885698,13.7299795,4.5976863,0.16493317,-0.01717039,0.18121222,0.04700426,0.1611494,0.053963248,251.76144,246.83763,332.03156,-6.386256,13.56472,0.4338538
5,10,10,0.0024009997,0.083876364,0.024340352,0.034629326,0.024906687,0.078006975,-0.0021491195,7.0809364,1.6590124,13.446189,4.8439546,0.15601395,-0.004298239,0.18608956,0.04359944,0.15781853,0.05685372,251.74753,246.89249,331.30453,-6.502967,13.56472,0.44923183
5,11,10,0.0024009997,0.080743164,0.024542717,0.030165749,0.026034702,0.07833058,-0.0028357569,6.608848,1.3312511,13.747304,4.5994473,0.15666115,-0.0056715137,0.1736829,0.034985766,0.16135272,0.05398392,251.77234,247.00319,331.48267,-5.9306984,13.56472,0.4492781
5,12,10,0.0024009997,0.08561304,0.025990399,0.03508778,0.024534864,0.08060769,-0.006362712,7.127654,1.6231406,13.345444,5.250958,0.16121538,-0.012725424,0.18731733,0.04265673,0.15663609,0.061630737,251.75824,246.97261,331.60645,-6.874099,13.56472,0.48752216
5,13,10,0.0024009997,0.08373883,0.023093332,0.038361076,0.022284428,0.07598245,-0.002120019,7.452708,1.8833917,12.7186775,5.5178323,0.1519649,-0.004240038,0.19585983,0.049496207,0.1492797,0.064763054,251.66917,246.6039,330.70862,-7.401224,13.5643425,0.50712276
5,14,10,0.0024009997,0.084240936,0.02391525,0.037030194,0.023295494,0.07732278,-0.004543411,7.322286,1.9902208,13.004006,5.1949744,0.15464556,-0.009086822,0.19243231,0.052303728,0.15262862,0.060973648,251.64122,246.35202,330.86053,-7.185195,13.5643425,0.49485117
5,15,10,0.0024009997,0.09530386,0.027442612,0.0435496,0.02431165,0.08282906,-0.0069132177,7.9407363,2.134106,13.284599,5.9028344,0.16565812,-0.013826435,0.20868541,0.056085076,0.15592194,0.06928184,251.65053,246.48929,330.76068,-8.036941,13.5643425,0.51548535
5,16,10,0.0024009997,0.09160952,0.025069622,0.04112963,0.02541027,0.07916695,-5.76331e-5,7.7169566,1.762629,13.581442,6.0142198,0.1583339,-0.0001152662,0.20280442,0.046322513,0.15940599,0.07058917,251.64189,246.52403,330.03214,-7.776849,13.5643425,0.5323504
5,17,10,0.0024009997,0.08952965,0.028749755,0.037751783,0.023028111,0.08477876,-0.0027423685,7.393284,1.7353249,12.929162,5.1754737,0.16955753,-0.005484737,0.19429818,0.045604967,0.15175016,0.060744766,251.69113,246.58797,330.483,-6.9107985,13.564035,0.47772545
5,18,10,0.0024009997,0.09069927,0.029731702,0.039704684,0.021262884,0.086214416,-0.006080874,7.582101,1.6458552,12.423738,4.6696935,0.17242883,-0.012161748,0.19926034,0.04325367,0.14581798,0.054808404,251.74704,246.83626,331.0978,-6.315549,13.564035,0.45421135
5,19,10,0.0024009997,0.0878147,0.025453795,0.04134399,0.021016914,0.07977123,-0.0018720458,7.7370396,1.5324239,12.35167,4.758575,0.15954246,-0.0037440916,0.20333222,0.04027265,0.14497212,0.055851612,251.73543,246.91031,330.8805,-6.290999,13.564035,0.4549105
5,20,10,0.0024009997,0.09065792,0.025868572,0.04118227,0.023607077,0.08041855,-0.0041407095,7.7218933,1.6902039,13.090684,4.476372,0.1608371,-0.008281419,0.20293415,0.04441916,0.15364595,0.052539386,251.736,246.88573,331.4387,-6.1665754,13.564035,0.4653384
5,21,10,0.0024009997,0.0974058,0.029894846,0.04193459,0.025576362,0.08645063,-0.007358984,7.7921066,1.7905353,13.625757,4.68743,0.17290126,-0.014717968,0.20477937,0.047055915,0.15992612,0.055016585,251.70766,246.8292,331.38092,-6.4779654,13.5637455,0.42258534
5,22,10,0.0024009997,0.096104905,0.025691323,0.04505545,0.02535813,0.080142565,-0.0015891606,8.076856,1.8846432,13.5675,4.5421205,0.16028513,-0.0031783213,0.21226269,0.049529087,0.15924236,0.05331108,251.62161,246.47144,330.4631,-6.4267635,13.5637455,0.45691022
5,23,10,0.0024009997,0.09361783,0.02606244,0.043241434,0.02431396,0.08071933,-0.0037343393,7.9125915,1.9901111,13.285229,3.935603,0.16143866,-0.0074686785,0.20794575,0.05230086,0.15592934,0.04619235,251.60036,246.1791,330.59714,-5.925714,13.5637455,0.44693044
5,24,10,0.0024009997,0.09805301,0.029021006,0.045473833,0.023558171,0.085177764,-0.0048697237,8.11427,1.9432361,13.077117,4.4090624,0.17035553,-0.009739447,0.21324594,0.05106895,0.15348671,0.051749375,251.59848,246.19765,330.64407,-6.3522987,13.5637455,0.44856483
5,25,10,0.0024009997,0.0970526,0.02656576,0.044595733,0.025891101,0.08149503,0.0001631367,8.035545,1.9493198,13.709337,4.2737722,0.16299006,0.0003262734,0.21117702,0.051228818,0.16090712,0.05016146,251.5711,246.23584,330.2085,-6.223092,13.563451,0.44249398
5,26,10,0.0024009997,0.1002253,0.028646948,0.047117878,0.024460474,0.08462705,-0.0029665274,8.259647,2.0324984,13.325198,4.8362947,0.1692541,-0.0059330547,0.21706653,0.053414803,0.15639845,0.056763813,251.56552,246.21484,330.34766,-6.868793,13.563451,0.48483756
5,27,10,0.0024009997,0.11003031,0.031498436,0.055200905,0.023330973,0.08873899,-0.0059504337,8.940086,2.0932624,13.013905,5.486724,0.17747799,-0.011900867,0.23494872,0.055011686,0.1527448,0.064397916,251.57599,246.31929,330.25964,-7.5799866,13.563451,0.51087457
5,28,10,0.0024009997,0.109776266,0.028730424,0.056883615,0.024162224,0.08475026,-0.0008332627,9.075326,2.0814595,13.2437105,5.422086,0.16950051,-0.0016665254,0.23850286,0.054701503,0.15544203,0.06363927,251.59839,246.45122,329.89453,-7.5035453,13.563451,0.50833124
5,29,10,0.0024009997,0.09882867,0.028620321,0.04524082,0.024967538,0.08458771,-0.0043026013,8.093454,2.1428673,13.4626045,4.7773523,0.16917542,-0.008605203,0.21269889,0.05631532,0.1580112,0.056072008,251.67664,246.63313,330.5558,-6.9202194,13.563185,0.4573292
5,30,10,0.0024009997,0.10816231,0.03432546,0.047407404,0.026429446,0.09263566,-0.006817768,8.284986,2.293495,13.8511305,5.1795926,0.18527132,-0.013635536,0.21773241,0.060273882,0.16257136,0.060793124,251.74124,246.94148,330.9665,-7.4730873,13.563185,0.46228513
5,31,10,0.0024009997,0.10390634,0.030414976,0.047007456,0.026483906,0.08719945,-0.0016206693,8.249964,1.9702986,13.865396,4.895067,0.1743989,-0.0032413385,0.21681203,0.05178016,0.16273877,0.05745363,251.78235,247.16203,330.69553,-6.865366,13.563185,0.45949414
5,32,10,0.0024009997,0.10394044,0.03330434,0.043201327,0.027434772,0.09124739,-0.0038463676,7.908921,1.6896689,14.112108,4.231121,0.18249477,-0.007692735,0.2078493,0.044405088,0.16563445,0.049660858,251.83568,247.33522,331.29395,-5.9207897,13.563185,0.4385961
5,33,10,0.0024009997,0.10162319,0.032747597,0.0414812,0.027394403,0.09048148,-0.005582847,7.7498674,1.8638802,14.101722,3.7169838,0.18096296,-0.011165694,0.20366934,0.048983455,0.16551255,0.043626405,251.83029,247.26535,331.707,-5.580864,13.562848,0.4213173
5,34,10,0.0024009997,0.09635188,0.025233218,0.042973008,0.028145652,0.079424836,-0.00035825447,7.8879933,2.141583,14.293773,3.9585125,0.15884967,-0.00071650895,0.20729932,0.056281563,0.16776666,0.046461236,251.75317,247.05484,330.89493,-6.1000957,13.562848,0.4446038
5,35,10,0.0024009997,0.09648475,0.027241124,0.044047568,0.025196064,0.08252443,-0.0025219037,7.986006,2.2467852,13.524076,3.6739163,0.16504885,-0.0050438074,0.20987512,0.05904632,0.15873268,0.043120924,251.69357,246.77925,331.0666,-5.9207015,13.562848,0.43591225
5,36,10,0.0024009997,0.102707595,0.0303042,0.046604414,0.025798982,0.08704051,-0.004905891,8.21452,2.484774,13.684928,3.8502574,0.17408101,-0.009811782,0.21588056,0.06530076,0.16062061,0.045190644,251.63428,246.45364,330.87018,-6.3350315,13.562848,0.4469762
5,37,10,0.0024009997,0.095021114,0.026157781,0.04209672,0.026766617,0.080866836,0.00037605397,7.807155,2.2773144,13.939203,2.8768923,0.16173367,0.00075210794,0.20517485,0.05984865,0.16360506,0.033766214,251.5642,246.17097,329.99222,-5.1542068,13.56242,0.41576883
5,38,10,0.0024009997,0.09655638,0.028778277,0.04081342,0.026964677,0.08482081,-0.00037662248,7.687235,2.2941828,13.990682,2.6057136,0.16964161,-0.00075324497,0.20202331,0.060291965,0.16420925,0.03058338,251.59126,246.22708,330.16437,-4.8998966,13.56242,0.42126793
5,39,10,0.0024009997,0.09987041,0.029569,0.04247805,0.027823355,0.085978195,-0.0024524794,7.8424354,2.426129,14.211699,3.802092,0.17195639,-0.004904959,0.20610204,0.063759536,0.16680335,0.04462533,251.66286,246.55106,330.369,-6.228221,13.56242,0.44191042
5,40,10,0.0024009997,0.09891217,0.028091,0.04472271,0.02609846,0.08380185,0.0018872905,8.046976,2.2246711,13.764126,4.493922,0.1676037,0.003774581,0.21147744,0.058465157,0.16155018,0.052745372,251.67981,246.81598,329.82855,-6.7185936,13.56242,0.4483107
5,41,10,0.0024009997,0.09858796,0.031131731,0.042031843,0.025424382,0.08822093,-0.00013538564,7.8011365,1.9323666,13.585212,3.1524756,0.17644186,-0.00027077127,0.20501669,0.05078329,0.15945025,0.037000753,251.6887,246.85928,330.2493,-5.084842,13.561907,0.3797267
5,42,10,0.0024009997,0.10276335,0.038846105,0.03693051,0.026986733,0.09854708,-0.0023354853,7.312423,1.6869571,13.996401,2.9954531,0.19709416,-0.0046709706,0.19217312,0.044333838,0.16427639,0.035157766,251.778,247.22313,330.5536,-4.6824102,13.561907,0.38667834
5,43,10,0.0024009997,0.099616155,0.03882518,0.033363406,0.027427565,0.09852053,0.002752237,6.9503055,1.2865514,14.110253,3.1803424,0.19704106,0.005504474,0.18265653,0.033811033,0.1656127,0.037327822,251.85898,247.60878,330.14212,-4.4668937,13.561907,0.38751516
5,44,10,0.0024009997,0.094345644,0.03584157,0.030484304,0.028019773,0.09465935,0.000507376,6.643652,0.8760592,14.261773,2.3692696,0.1893187,0.001014752,0.17459755,0.023023153,0.16739108,0.027808212,251.96504,247.90495,330.96844,-3.245329,13.561907,0.39125162
5,45,10,0.0024009997,0.1004633,0.040969837,0.03011086,0.029382601,0.101205036,-0.0031628339,6.6028323,1.360894,14.604487,1.8132488,0.20241007,-0.0063256677,0.17352481,0.0357648,0.17141354,0.021282185,252.00241,248.01602,331.8133,-3.1741428,13.561224,0.37149745
5,46,10,0.0024009997,0.08627571,0.028098049,0.026229132,0.031948525,0.08381236,0.0027575747,6.1625524,0.90172,15.228833,0.87622994,0.16762473,0.0055151493,0.1619541,0.023697522,0.1787415,0.010284354,251.9425,247.87,331.25687,-1.7779499,13.561224,0.36148894
5,47,10,0.0024009997,0.08807026,0.027926851,0.028725682,0.031417724,0.083556645,0.00016126713,6.44917,0.9477913,15.101797,0.03951009,0.16711329,0.00032253427,0.16948652,0.024908299,0.17725046,0.00046372414,251.8973,247.56396,331.6931,-0.98730135,13.561224,0.36960477
5,48,10,0.0024009997,0.09071097,0.030405413,0.029373499,0.030932056,0.08718574,-0.003128901,6.521484,1.2144605,14.984616,0.48040557,0.17437148,-0.006257802,0.17138699,0.031916454,0.17587511,0.005638544,251.8574,247.30278,331.77066,-1.6948661,13.561224,0.36753017
5,49,10,0.0024009997,0.07808415,0.02493061,0.024271332,0.028882205,0.07894715,0.0027691743,5.9280996,0.9937129,14.479593,-0.024490818,0.1578943,0.0055383486,0.1557926,0.026115132,0.16994765,-0.00028745574,251.79463,247.12,331.02963,-0.96922207,13.560395,0.3148015
5,50,10,0.0024009997,0.080200516,0.026249664,0.024365071,0.02958578,0.08100874,1.2121267e-5,5.939535,1.018513,14.654896,-0.51421875,0.16201748,2.4242534e-5,0.15609315,0.026766894,0.17200518,-0.0060354047,251.76424,247.01587,331.4111,-0.5042942,13.560395,0.310586
5,51,10,0.0024009997,0.09096567,0.035454966,0.025240745,0.030269962,0.094147444,-0.0031769006,6.045326,1.1671821,14.823379,-0.2297052,0.18829489,-0.006353801,0.15887336,0.030673962,0.17398265,-0.0026960734,251.76073,246.95998,331.43484,-0.9374769,13.560395,0.34219655
5,52,10,0.0024009997,0.077561095,0.02435189,0.024663752,0.028545454,0.07802546,0.002957352,5.97583,1.0031638,14.394934,-0.22408132,0.15605092,0.005914704,0.15704697,0.026363507,0.168954,-0.0026300508,251.76147,247.05354,330.86423,-0.7790825,13.560395,0.33026883
5,53,10,0.0024009997,0.07446642,0.02353237,0.018749688,0.032184362,0.07670132,0.0013098618,5.2103353,0.7869274,15.284938,-1.7295551,0.15340264,0.0026197236,0.1369295,0.020680731,0.17940001,-0.020299865,251.78201,247.0932,331.53244,0.9426277,13.55952,0.31506932
5,54,10,0.0024009997,0.08504823,0.0334122,0.023263233,0.028372796,0.09139502,-0.002846312,5.8036833,1.034365,14.351335,-0.8843373,0.18279004,-0.005692624,0.15252289,0.027183484,0.16844226,-0.010379503,251.75732,247.03282,331.53613,-0.15002775,13.55952,0.32922938
5,55,10,0.0024009997,0.07375218,0.02502555,0.024445742,0.024280883,0.07909733,0.0033513843,5.9493604,1.0063992,13.27619,-0.60580426,0.15819466,0.0067027686,0.15635134,0.026448539,0.15582325,-0.007110355,251.70964,246.94446,330.70377,-0.4005949,13.55952,0.32277587
5,56,10,0.0024009997,0.07073021,0.025211565,0.021817591,0.023701053,0.07939075,0.0004758772,5.6204624,0.8390621,13.1167145,-0.9685048,0.1587815,0.0009517544,0.14770779,0.022050852,0.15395147,-0.011367376,251.71472,246.8268,331.07678,0.12944269,13.55952,0.3160509
5,57,10,0.0024009997,0.08349956,0.034576554,0.022717929,0.026205078,0.09297386,-0.0038688916,5.735259,0.96931833,13.792212,-1.4446216,0.18594772,-0.0077377832,0.15072468,0.02547404,0.16187982,-0.016955594,251.74261,246.88336,331.40277,0.47530323,13.558655,0.31579408
5,58,10,0.0024009997,0.072657235,0.024508175,0.023101965,0.025047095,0.078275435,0.003378979,5.7835317,0.78443277,13.484036,-1.3552682,0.15655087,0.006757958,0.1519933,0.020615183,0.15826274,-0.01590685,251.76784,247.0774,330.8976,0.5708355,13.558655,0.31631655
5,59,10,0.0024009997,0.07447721,0.025655031,0.022684952,0.026137222,0.08008594,0.00061795505,5.731095,0.63320065,13.7743435,-2.0617657,0.16017188,0.0012359101,0.15061525,0.01664074,0.1616701,-0.02419904,251.81009,247.19342,331.57693,1.428565,13.558655,0.33291087
5,60,10,0.0024009997,0.083471894,0.03059078,0.023751471,0.029129643,0.0874511,-0.0027036793,5.8642697,0.7050761,14.541486,-2.072067,0.1749022,-0.0054073585,0.15411513,0.018529652,0.17067409,-0.024319952,251.8271,247.18439,332.02386,1.3669909,13.558655,0.3453126
5,61,10,0.0024009997,0.0714668,0.021548694,0.023544056,0.026374057,0.07339737,0.003690171,5.8386087,0.67115355,13.83661,-2.5603352,0.14679474,0.007380342,0.15344073,0.017638156,0.16240092,-0.030050764,251.82045,247.24779,331.4709,1.8891816,13.557831,0.30179688
5,62,10,0.0024009997,0.07605766,0.02491856,0.0235677,0.027571391,0.07892807,0.0015749213,5.8415394,0.5655727,14.147202,-3.0690844,0.15785614,0.0031498426,0.15351775,0.0148634575,0.16604635,-0.036021985,251.85136,247.31183,332.07355,2.5035117,13.557831,0.30664423
5,63,10,0.0024009997,0.09050159,0.036621727,0.025562795,0.028317071,0.09568402,-0.0035159914,6.083771,0.74410117,14.337234,-2.5243418,0.19136804,-0.0070319828,0.1598837,0.019555248,0.16827677,-0.029628316,251.88222,247.49052,332.41263,1.7802407,13.557831,0.31929135
5,64,10,0.0024009997,0.07634874,0.022162683,0.025445746,0.028740311,0.07443568,0.004541559,6.0698266,0.5292422,14.443982,-2.4350433,0.14887136,0.009083118,0.15951723,0.013908677,0.16952968,-0.02858022,251.88353,247.6301,331.77225,1.905801,13.557831,0.31996948
5,65,10,0.0024009997,0.078619026,0.026523877,0.02475598,0.027339166,0.08143076,0.0023678427,5.986993,0.23052801,14.087498,-3.8137558,0.16286153,0.0047356854,0.15734033,0.006058357,0.1653456,-0.04476223,251.94456,247.81776,332.4188,3.5832276,13.55707,0.31425452
5,66,10,0.0024009997,0.081953496,0.030760493,0.023399685,0.027793318,0.08769335,-0.0003061302,5.8206797,0.41754904,14.204024,-3.4612572,0.1753867,-0.0006122604,0.15296955,0.010973339,0.16671328,-0.040624935,251.9811,247.86868,332.7556,3.043708,13.55707,0.32128835
5,67,10,0.0024009997,0.06999609,0.020455847,0.02229317,0.027247071,0.07151197,0.0054771733,5.6813903,0.3208284,14.063748,-3.1545072,0.14302394,0.0109543465,0.14930898,0.008431485,0.16506687,-0.0370246,251.95908,247.85027,332.09238,2.8336787,13.55707,0.3207909
5,68,10,0.0024009997,0.0702578,0.021689909,0.02120292,0.027364967,0.07363747,0.0024881545,5.5407243,0.4037131,14.094144,-3.223419,0.14727494,0.004976309,0.14561222,0.010609726,0.1654236,-0.037833415,251.95798,247.84036,332.73065,2.819706,13.55707,0.30162233
5,69,10,0.0024009997,0.08434785,0.037680414,0.021342615,0.02532482,0.097057216,-0.0028264883,5.558946,0.8046878,13.558586,-3.2262728,0.19411443,-0.0056529767,0.14609112,0.021147484,0.15913774,-0.03786691,251.94585,247.74454,333.17484,2.421585,13.556313,0.280678
5,70,10,0.0024009997,0.064758845,0.02051621,0.02028624,0.023956396,0.0716174,0.004840938,5.4196277,0.56070596,13.1871805,-3.5266964,0.1432348,0.009681876,0.14242977,0.014735552,0.15477854,-0.041392997,251.89183,247.46109,332.3891,2.9659905,13.556313,0.27341118
5,71,10,0.0024009997,0.066580884,0.022770397,0.020787738,0.023022749,0.07544932,0.0032107725,5.4862084,0.59211206,12.927656,-4.003605,0.15089864,0.006421545,0.14417954,0.015560916,0.15173249,-0.046990488,251.87717,247.30116,332.8141,3.4114928,13.556313,0.28396243
5,72,10,0.0024009997,0.07621205,0.033408575,0.020844037,0.021959435,0.091390066,-0.0026435277,5.493632,1.1015242,12.625592,-3.4678147,0.18278013,-0.0052870554,0.14437464,0.028948456,0.14818716,-0.0407019,251.86253,247.26639,332.99905,2.3662906,13.556313,0.30021197
5,73,10,0.0024009997,0.063039966,0.018112343,0.0225756,0.022352027,0.06729105,0.004827507,5.717265,0.8370001,12.737953,-3.9272964,0.1345821,0.009655014,0.15025179,0.021996662,0.14950594,-0.046094865,251.8346,247.3052,332.22296,3.0902963,13.555564,0.29718393
5,74,10,0.0024009997,0.06887095,0.021952316,0.023159003,0.02375963,0.07408157,0.0016938592,5.790667,0.7641075,13.132913,-4.6190357,0.14816314,0.0033877185,0.15218082,0.020081025,0.15414159,-0.05421384,251.85014,247.29285,332.9184,3.8549283,13.555564,0.3106029
5,75,10,0.0024009997,0.080889076,0.033767525,0.023003863,0.02411769,0.09187971,-0.0037049362,5.7712393,0.8363165,13.2315,-4.2309265,0.18375942,-0.0074098725,0.15167025,0.0219787,0.15529871,-0.049658574,251.8964,247.4456,333.2302,3.39461,13.555564,0.31508985
5,76,10,0.0024009997,0.06455958,0.017838497,0.022468355,0.024252731,0.06678042,0.0042441385,5.7036686,0.5360709,13.26849,-4.068415,0.13356084,0.008488277,0.14989448,0.014088139,0.15573289,-0.04775117,251.92053,247.67448,332.59378,3.5323443,13.555564,0.32274184
5,77,10,0.0024009997,0.0685392,0.023580398,0.022216626,0.022742178,0.07677955,0.002935611,5.671628,0.27210483,12.848642,-4.6040993,0.1535591,0.005871222,0.14905243,0.0071510114,0.1508051,-0.05403853,251.96014,247.8445,333.231,4.3319945,13.554787,0.3450005
5,78,10,0.0024009997,0.081697576,0.03540393,0.023306157,0.02298749,0.09407966,-0.0025919161,5.809036,0.5313208,12.917752,-4.224396,0.18815932,-0.0051838323,0.15266354,0.013963302,0.15161626,-0.049581934,252.00821,248.01172,333.7614,3.6930754,13.554787,0.33046758
5,79,10,0.0024009997,0.06347316,0.018521326,0.023201713,0.02175012,0.06804654,0.0040230397,5.796004,0.4796783,12.565274,-4.0676723,0.13609308,0.008046079,0.15232109,0.0126061225,0.14747922,-0.047742464,252.05559,248.25343,333.18335,3.5879939,13.554787,0.31591538
5,80,10,0.0024009997,0.06900751,0.024429325,0.022660904,0.02191728,0.078149416,0.0028408645,5.728057,0.12667924,12.61347,-5.0927,0.15629883,0.005681729,0.15053539,0.0033291734,0.14804485,-0.059773244,252.1686,248.64134,334.27966,4.9660206,13.554787,0.3494836
5,81,10,0.0024009997,0.07700484,0.0324279,0.023132147,0.0214448,0.09003874,-0.0025755884,5.787309,-0.102995746,12.47677,-4.9945493,0.18007748,-0.005151177,0.15209256,-0.0027067685,0.14644043,-0.058621254,252.28911,249.14929,335.26147,5.097545,13.553993,0.3468588
5,82,10,0.0024009997,0.06369875,0.018625563,0.02443362,0.020639569,0.06823775,0.004946556,5.947885,-0.22490253,12.240284,-4.8701754,0.1364755,0.009893112,0.15631257,-0.0059105195,0.14366478,-0.057161465,252.32536,249.3917,334.78503,5.095078,13.553993,0.35219574
5,83,10,0.0024009997,0.065259114,0.021446,0.021933554,0.02187956,0.073222265,0.0018678801,5.63538,-0.2005905,12.60261,-5.354623,0.14644453,0.0037357602,0.14809981,-0.005271589,0.1479174,-0.06284746,252.36333,249.53279,335.49985,5.5552135,13.553993,0.3855227
5,84,10,0.0024009997,0.0944962,0.049024444,0.021913506,0.023558253,0.11070732,-0.0021694251,5.6328034,-0.09346918,13.07714,-5.378293,0.22141464,-0.0043388503,0.14803211,-0.0024564073,0.15348698,-0.06312526,252.37671,249.61235,335.74902,5.471762,13.553993,0.40141898
5,85,10,0.0024009997,0.065945685,0.020865517,0.023010654,0.022069512,0.072224505,0.00524757,5.772091,-0.4235779,12.657196,-5.5197964,0.14444901,0.01049514,0.15169263,-0.011131775,0.14855811,-0.0647861,252.32497,249.47733,335.0535,5.943374,13.553126,0.38166744
5,86,10,0.0024009997,0.07067047,0.023306066,0.024867918,0.022496484,0.07633162,0.0041435664,6.000513,-0.518377,12.779049,-5.6284523,0.15266325,0.008287133,0.15769565,-0.013623144,0.14998828,-0.06606141,252.35551,249.61409,335.5321,6.146829,13.553126,0.3852665
5,87,10,0.0024009997,0.08574142,0.036838725,0.02516369,0.023739008,0.095967084,-0.00050536107,6.036092,-0.57533205,13.1272135,-5.2390895,0.19193417,-0.0010107221,0.15863067,-0.015119931,0.15407468,-0.061491437,252.40019,249.85085,336.04053,5.8144217,13.553126,0.39322606
5,88,10,0.0024009997,0.06634055,0.018818835,0.025435017,0.022086699,0.06859088,0.006680503,6.0685472,-0.5614133,12.662126,-5.1460915,0.13718176,0.013361006,0.1594836,-0.014754153,0.14861594,-0.060399923,252.39801,249.82166,335.63815,5.7075047,13.553126,0.37660545
5,89,10,0.0024009997,0.06695969,0.023118375,0.023104686,0.02073663,0.07602364,0.0044514863,5.7838726,-1.0269127,12.2690325,-5.312302,0.15204728,0.008902973,0.15200226,-0.02698764,0.14400218,-0.062350728,252.50975,250.20506,336.29306,6.339215,13.552141,0.33450705
5,90,10,0.0024009997,0.07560437,0.035299513,0.021109825,0.019195037,0.093940824,-0.0002690456,5.528547,-1.0888144,11.804177,-4.711781,0.18788165,-0.0005380912,0.14529221,-0.02861444,0.13854615,-0.0553024,252.65073,250.79605,336.99985,5.8005953,13.552141,0.3290234
5,91,10,0.0024009997,0.061840437,0.021732368,0.022548389,0.017559683,0.07370951,0.0068004085,5.713818,-1.1689583,11.290146,-4.101767,0.14741902,0.013600817,0.1501612,-0.030720647,0.13251296,-0.04814263,252.70831,251.1598,336.5606,5.2707253,13.552141,0.32448363
5,92,10,0.0024009997,0.067383185,0.025091117,0.024259448,0.018032618,0.07920088,0.0043377997,5.926648,-1.3366504,11.4411745,-4.7981477,0.15840176,0.0086755995,0.15575445,-0.035127655,0.13428558,-0.05631608,252.7719,251.45676,337.47513,6.134798,13.552141,0.37265837
5,93,10,0.0024009997,0.08185139,0.03941431,0.02387995,0.018557133,0.09926519,0.0008128919,5.8801084,-1.5851263,11.606376,-4.388363,0.19853038,0.0016257839,0.15453139,-0.04165769,0.13622457,-0.05150642,252.80453,251.54283,338.03406,5.9734893,13.551103,0.33801842
5,94,10,0.0024009997,0.06342076,0.020518595,0.025248943,0.017653218,0.07162157,0.007996672,6.046308,-1.6047388,11.320174,-4.2655954,0.14324313,0.015993344,0.15889916,-0.04217312,0.13286541,-0.050065495,252.75833,251.28905,337.06793,5.870334,13.551103,0.33158824
5,95,10,0.0024009997,0.074639,0.025866223,0.029930385,0.018842392,0.0804149,0.004529745,6.583015,-1.8923178,11.69524,-5.0078044,0.1608298,0.00905949,0.173004,-0.0497308,0.13726759,-0.058776822,252.82788,251.49962,337.7303,6.900122,13.551103,0.38316464
5,96,10,0.0024009997,0.085841104,0.036779642,0.03046492,0.018596547,0.0958901,-0.0024162661,6.641538,-1.9191879,11.618694,-4.597006,0.1917802,-0.0048325323,0.17454202,-0.050436962,0.13636915,-0.053955257,252.91252,251.85129,338.27765,6.516194,13.551103,0.38308758
5,97,10,0.0024009997,0.06479433,0.020193763,0.028735083,0.015865488,0.07105238,0.0058997474,6.450226,-2.2759588,10.731685,-4.078374,0.14210476,0.011799495,0.16951425,-0.059813023,0.12595828,-0.047868054,252.95337,252.1496,337.9032,6.354333,13.55007,0.35883236
5,98,10,0.0024009997,0.073394194,0.025737105,0.030055024,0.017602067,0.08021394,0.0055277054,6.5967073,-2.6860821,11.303764,-4.5404754,0.16042788,0.011055411,0.17336385,-0.07059121,0.13267279,-0.053291775,253.03215,252.3767,338.63232,7.2265577,13.55007,0.3998104
5,99,10,0.0024009997,0.0833033,0.035407275,0.029779563,0.01811647,0.09408411,0.0003446845,6.5664086,-2.6932254,11.467745,-4.608917,0.18816821,0.000689369,0.17256756,-0.070778936,0.13459744,-0.054095075,253.06293,252.37425,339.13977,7.3021426,13.55007,0.39806157
5,100,10,0.0024009997,0.066994295,0.022597685,0.02696149,0.017435115,0.075162634,0.0081170825,6.247994,-2.280552,11.250029,-4.1220784,0.15032527,0.016234165,0.16419955,-0.05993373,0.1320421,-0.048381027,253.03831,252.37259,338.34848,6.4026303,13.55007,0.34953117
