ic,traj,n_steps,eta,loss_total,loss_T,loss_olw,loss_slwd,rmse_T,bias_T,rmse_olw,bias_olw,rmse_slwd,bias_slwd,nrmse_T,nbias_T,nrmse_olw,nbias_olw,nrmse_slwd,nbias_slwd,mean_T,mean_olw,mean_slwd,bias_C,pnorm,gnorm
1,1,10,0.01,0.8329681,0.37463856,0.26985493,0.18847467,0.30603862,0.0027733692,19.766687,-4.472073,36.988583,-14.188472,0.61207724,0.0055467384,0.51947564,-0.11752769,0.4341367,-0.16653073,252.38171,250.41885,336.0445,18.660545,19.560951,3.1752114
1,2,10,0.01,0.9297937,0.42756864,0.31189,0.19033502,0.32694367,-0.0006300506,21.250513,-5.2531314,37.17068,-14.465542,0.65388733,-0.0012601012,0.55847114,-0.13805419,0.43627402,-0.16978273,252.4257,250.53682,336.72128,19.718674,19.560951,3.4581616
1,3,10,0.01,0.9432535,0.4367431,0.32148755,0.18502282,0.3304327,-0.0073824488,21.574995,-3.1742342,36.648304,-13.651493,0.6608654,-0.0147648975,0.5669987,-0.08342,0.4301428,-0.16022818,252.42111,250.4441,336.9982,16.825727,19.560951,3.32842
1,4,10,0.01,0.8249765,0.35754824,0.28068715,0.18674113,0.2989767,0.0057426738,20.159508,-4.0978765,36.818085,-13.636701,0.5979534,0.0114853475,0.52979916,-0.107693665,0.43213555,-0.16005449,252.38048,250.36833,336.27866,17.734577,19.560951,3.1798522
1,5,10,0.01,0.57617384,0.32807872,0.1958949,0.05220027,0.28639078,-0.040016044,16.84148,2.590787,19.466038,-7.3748803,0.57278156,-0.08003209,0.44260016,0.06808682,0.22847378,-0.0865593,252.39743,250.3604,336.80554,4.7840934,19.538624,3.6955285
1,6,10,0.01,0.6601511,0.36554572,0.24453719,0.0500682,0.30230188,-0.043390762,18.816599,3.856822,19.06436,-6.6797886,0.60460377,-0.086781524,0.494507,0.10135868,0.22375925,-0.07840097,252.39925,250.27686,337.04785,2.8229666,19.538624,3.875478
1,7,10,0.01,0.55366784,0.31308585,0.1871345,0.05344751,0.27977037,-0.034089115,16.4606,2.754009,19.69722,-6.9989333,0.55954075,-0.06817823,0.43259045,0.07237634,0.23118718,-0.082146786,252.3821,250.30699,336.2166,4.2449245,19.538624,3.7293081
1,8,10,0.01,0.5619198,0.32029215,0.1871369,0.054490753,0.2829718,-0.03719929,16.460705,2.1271222,19.888527,-7.3869286,0.5659436,-0.07439858,0.43259323,0.05590153,0.23343255,-0.08670069,252.40317,250.38165,336.82275,5.2598066,19.538624,3.7638338
1,9,10,0.01,0.40198198,0.12777276,0.24822102,0.025988193,0.17872658,-0.0021507915,18.9578,9.620513,13.735021,0.7845595,0.35745317,-0.004301583,0.49821785,0.25283054,0.16120854,0.009208415,252.42783,250.44316,337.29257,-10.405072,19.530361,2.433985
1,10,10,0.01,0.36183208,0.1155533,0.21923329,0.027045485,0.16996565,0.0099380305,17.81648,8.92505,14.011629,0.5615284,0.3399313,0.019876061,0.46822354,0.23455356,0.16445512,0.0065907035,252.4165,250.44183,336.5788,-9.486578,19.530361,2.2758136
1,11,10,0.01,0.36382234,0.11096148,0.22579813,0.027062701,0.1665544,0.0052223736,18.081264,8.761091,14.016087,0.16639602,0.3331088,0.010444747,0.4751822,0.23024468,0.16450745,0.001952995,252.4573,250.55524,337.32285,-8.927487,19.530361,2.2826211
1,12,10,0.01,0.40146288,0.1298633,0.2469163,0.024683254,0.18018275,5.700793e-5,18.90791,9.533532,13.385739,1.0132844,0.3603655,0.00011401586,0.49690673,0.2505447,0.15710905,0.011892961,252.48001,250.6883,337.74515,-10.546817,19.530361,2.4375057
1,13,10,0.01,0.2212159,0.12120401,0.073671974,0.026339918,0.17407183,0.039317943,10.328084,1.7148085,13.827651,4.624137,0.34814367,0.07863589,0.2714258,0.04506578,0.16229577,0.05427369,252.44322,250.5902,336.94427,-6.3389454,19.525442,1.5639335
1,14,10,0.01,0.2128271,0.109152675,0.07799423,0.025680203,0.16519131,0.03557138,10.626736,1.676378,13.653388,4.4605355,0.33038262,0.07114276,0.27927446,0.04405582,0.16025044,0.052353512,252.5035,250.74165,337.67764,-6.1369133,19.525442,1.5267634
1,15,10,0.01,0.21020047,0.112702936,0.07184578,0.025651766,0.16785629,0.027721971,10.199276,1.7375984,13.645826,4.9870334,0.33571258,0.055443943,0.26804063,0.045664717,0.16016169,0.058533043,252.59706,251.16734,338.38657,-6.724632,19.525442,1.486516
1,16,10,0.01,0.20574082,0.11754032,0.06274817,0.025452336,0.17142077,0.0388164,9.531674,1.565276,13.592676,4.6750054,0.34284154,0.0776328,0.25049585,0.041136015,0.15953788,0.05487076,252.60255,251.34268,337.84756,-6.2402816,19.525442,1.500055
1,17,10,0.01,0.20810907,0.07244186,0.11337423,0.022292972,0.13457513,0.024029836,12.812263,-8.089414,12.721115,4.01921,0.26915026,0.048059672,0.3367109,-0.21259269,0.14930831,0.047173645,252.6482,251.37575,338.29108,4.070204,19.523651,1.7142109
1,18,10,0.01,0.2156028,0.07691341,0.11574708,0.022942323,0.13866633,0.01835281,12.945644,-8.0846,12.905056,4.465799,0.27733266,0.03670562,0.34021622,-0.21246623,0.15146723,0.052415278,252.69577,251.52722,338.6126,3.6188016,19.523651,1.7465259
1,19,10,0.01,0.21378784,0.079131894,0.11139492,0.023261027,0.14065196,0.027360085,12.699932,-7.6150184,12.994382,4.3240213,0.2813039,0.05472017,0.33375877,-0.20012541,0.15251566,0.050751243,252.7151,251.72267,338.1119,3.290997,19.523651,1.6794131
1,20,10,0.01,0.21087652,0.078074865,0.110833794,0.021967858,0.1397094,0.024598937,12.667904,-7.792102,12.628015,3.9343808,0.2794188,0.049197875,0.3329171,-0.2047792,0.14821558,0.04617801,252.76279,251.88084,338.61572,3.857721,19.523651,1.6884166
1,21,10,0.01,0.22254474,0.05714121,0.14590836,0.019495172,0.11952114,0.0015685173,14.534789,-7.6290154,11.896105,2.6921818,0.23904228,0.0031370346,0.38197953,-0.20049328,0.13962512,0.03159826,252.80295,251.99988,339.04285,4.9368334,19.52049,1.8059415
1,22,10,0.01,0.20588757,0.05542982,0.13083759,0.01962017,0.11771769,0.011231939,13.763691,-7.1673546,11.93418,2.5473037,0.23543538,0.022463879,0.36171478,-0.18836068,0.14007202,0.029897828,252.78065,251.98288,338.3724,4.620051,19.52049,1.6515719
1,23,10,0.01,0.21029072,0.057718083,0.13358048,0.018992152,0.12012294,0.008486147,13.907214,-7.2927475,11.741628,2.3065777,0.24024588,0.016972294,0.36548662,-0.19165611,0.13781202,0.027072405,252.84155,252.19034,339.0988,4.98617,19.52049,1.6750057
1,24,10,0.01,0.22766209,0.06360853,0.14445703,0.019596534,0.12610365,0.0017340361,14.462322,-7.8745575,11.92699,2.626828,0.2522073,0.0034680723,0.38007504,-0.20694622,0.13998762,0.030831197,252.93312,252.55946,339.7163,5.2477293,19.52049,1.8284795
1,25,10,0.01,0.1345478,0.042462457,0.076193646,0.015891701,0.103032105,0.0011449339,10.503356,-1.1045564,10.740547,0.5766168,0.20606421,0.0022898677,0.27603197,-0.029028136,0.12606229,0.006767781,252.9858,252.85966,339.20044,0.5279396,19.517178,0.97406733
1,26,10,0.01,0.13994777,0.049653035,0.074499875,0.01579485,0.111414805,0.0005035027,10.385955,-0.7204722,10.707768,0.274173,0.22282961,0.0010070055,0.27294666,-0.018934276,0.12567757,0.0032179814,253.0835,253.18138,340.0457,0.44629923,19.517178,0.9832972
1,27,10,0.01,0.15052068,0.05381539,0.08100837,0.015696935,0.11599072,-0.00235271,10.830129,-1.2199253,10.674528,0.55541945,0.23198144,-0.00470542,0.2846197,-0.032060087,0.12528741,0.006518985,253.12904,253.3399,340.18442,0.66450584,19.517178,1.0329636
1,28,10,0.01,0.13779776,0.046335038,0.07672826,0.014734468,0.107627876,0.003628738,10.54014,-1.0462848,10.3420925,0.37903064,0.21525575,0.007257476,0.27699867,-0.027496751,0.12138562,0.0044487,253.07437,253.19241,339.29373,0.66725415,19.517178,0.92690367
1,29,10,0.01,0.11688424,0.045119777,0.059565425,0.01219904,0.10620708,-0.006628006,9.286794,3.919248,9.410312,-1.7033849,0.21241416,-0.013256012,0.2440603,0.10299925,0.11044926,-0.019992702,253.06377,253.00795,339.82956,-2.2158632,19.512697,0.80806303
1,30,10,0.01,0.13717444,0.061387327,0.06100553,0.014781591,0.12388233,-0.0135443695,9.398386,3.4470255,10.358618,-1.0896564,0.24776466,-0.027088739,0.24699298,0.090589084,0.121579565,-0.012789339,253.08127,252.98984,340.04852,-2.3573692,19.512697,0.84769547
1,31,10,0.01,0.12404396,0.040612634,0.067435466,0.015995856,0.10076288,-0.0035224226,9.881272,3.8839152,10.775688,-0.97651505,0.20152576,-0.0070448453,0.2596834,0.10207071,0.12647472,-0.011461402,253.10818,253.19951,339.6902,-2.9074001,19.512697,0.8710304
1,32,10,0.01,0.12223832,0.04510435,0.06197385,0.01516012,0.10618892,-0.004579957,9.472681,4.145418,10.490411,-1.1568668,0.21237785,-0.009159914,0.24894547,0.10894306,0.12312644,-0.013578203,253.21422,253.59058,340.39062,-2.9885514,19.512697,0.8893746
1,33,10,0.01,0.14643666,0.059498362,0.071135834,0.015802478,0.12196143,-0.018825196,10.148759,5.416041,10.710354,-2.7947917,0.24392286,-0.03765039,0.26671302,0.14233552,0.12570791,-0.032802608,253.28018,253.8503,340.61868,-2.6212492,19.50661,0.9673096
1,34,10,0.01,0.135806,0.043640763,0.07664951,0.0155157205,0.10445186,-0.012449387,10.534729,5.5046887,10.612732,-2.9555457,0.20890372,-0.024898775,0.27685648,0.14466518,0.124562114,-0.034689374,253.24228,253.68044,339.78867,-2.549143,19.50661,0.9569009
1,35,10,0.01,0.13704698,0.04519481,0.07564146,0.0162107,0.106295355,-0.014530545,10.465227,5.403076,10.847811,-2.9678948,0.21259071,-0.02906109,0.27502993,0.1419948,0.12732124,-0.03483432,253.24089,253.53477,340.20447,-2.4351814,19.50661,0.94399726
1,36,10,0.01,0.15236343,0.057925403,0.07648218,0.017955853,0.120338485,-0.021037461,10.523223,5.486584,11.416796,-2.4306557,0.24067697,-0.042074922,0.2765541,0.14418942,0.13399945,-0.028528715,253.24982,253.53922,340.48334,-3.0559285,19.50661,0.9802704
1,37,10,0.01,0.13796516,0.0411901,0.07928644,0.017488612,0.10147672,-0.014875963,10.714406,3.5688848,11.267274,-3.4649115,0.20295344,-0.029751927,0.28157848,0.0937916,0.13224451,-0.040667832,253.24376,253.57617,339.83432,-0.10397339,19.498726,0.98471963
1,38,10,0.01,0.14035986,0.047500968,0.075774565,0.017084327,0.108973585,-0.016433254,10.47443,3.3774543,11.136282,-3.6470144,0.21794717,-0.032866508,0.2752718,0.088760726,0.13070703,-0.042805165,253.32457,253.84627,340.56573,0.2695601,19.498726,1.0291363
1,39,10,0.01,0.1428708,0.054835662,0.070237204,0.017797936,0.11708508,-0.023245696,10.084452,3.2218468,11.36648,-3.4289825,0.23417015,-0.046491392,0.26502302,0.084671296,0.1334089,-0.040246118,253.40866,254.23854,341.12262,0.20713568,19.498726,1.0489669
1,40,10,0.01,0.14193669,0.044627763,0.07938748,0.01792145,0.10562642,-0.016055344,10.721231,3.60198,11.405853,-3.5108457,0.21125284,-0.032110687,0.28175783,0.094661325,0.13387102,-0.04120695,253.43034,254.38617,340.54562,-0.09113431,19.498726,1.0477942
1,41,10,0.01,0.11427084,0.04175204,0.056750424,0.015768379,0.10216658,-0.011755487,9.064695,1.1796046,10.698791,-3.3321483,0.20433316,-0.023510974,0.23822348,0.031000433,0.1255722,-0.039109573,253.48112,254.5825,341.07852,2.1525435,19.48991,0.8965213
1,42,10,0.01,0.12081912,0.05050431,0.054447707,0.015867107,0.11236582,-0.018140834,8.878885,0.8798009,10.732232,-3.0971155,0.22473164,-0.036281668,0.23334032,0.023121482,0.1259647,-0.036350984,253.49767,254.65025,341.70383,2.2173147,19.48991,0.89368874
1,43,10,0.01,0.10868241,0.0355873,0.05675597,0.016339142,0.09432298,-0.012063989,9.065139,1.0875322,10.8907,-3.1467748,0.18864596,-0.024127979,0.23823512,0.02858073,0.12782465,-0.036933832,253.42883,254.36516,340.81052,2.0592427,19.48991,0.84956306
1,44,10,0.01,0.116667606,0.04312134,0.056405988,0.017140279,0.10382839,-0.014802765,9.037146,1.2012197,11.154502,-3.2175164,0.20765679,-0.02960553,0.23749945,0.031568483,0.13092089,-0.037764143,253.44563,254.29167,341.1938,2.0162969,19.48991,0.86212075
1,45,10,0.01,0.087479725,0.037539076,0.035805527,0.014135125,0.09687502,-0.0071587637,7.2001867,-0.5866579,10.12957,-1.6724463,0.19375004,-0.014317527,0.18922348,-0.015417593,0.11889123,-0.019629585,253.5132,254.51353,341.3284,2.2591043,19.481573,0.4248271
1,46,10,0.01,0.077394366,0.030827837,0.032952897,0.013613634,0.08778929,0.0012853474,6.9074135,0.0013071696,9.940958,-1.9227391,0.17557858,0.0025706948,0.18152933,3.4346725e-5,0.11667748,-0.022567281,253.538,254.55942,340.51752,1.921432,19.481573,0.46339664
1,47,10,0.01,0.08115737,0.034466803,0.033705372,0.012985197,0.09282619,-0.0007353967,6.985834,-0.026214523,9.708798,-1.9674135,0.18565238,-0.0014707934,0.18359023,-0.0006889285,0.11395261,-0.023091627,253.5581,254.55966,340.74915,1.993628,19.481573,0.48238975
1,48,10,0.01,0.08443185,0.038563654,0.032231715,0.013636475,0.098188154,-0.008895331,6.831411,-0.6207838,9.949295,-1.7213265,0.19637631,-0.017790662,0.17953193,-0.01631442,0.11677532,-0.020203296,253.565,254.62906,341.157,2.3421102,19.481573,0.44170395
1,49,10,0.01,0.077789955,0.033819575,0.03295702,0.01101336,0.0919505,0.0113064265,6.9078455,-1.4890175,8.94131,-0.050146546,0.183901,0.022612853,0.18154068,-0.039131932,0.10494456,-0.0005885772,253.52693,254.54317,340.4229,1.5391641,19.474571,0.5797643
1,50,10,0.01,0.08064448,0.035099074,0.034444258,0.011101151,0.093673736,0.011065106,7.06199,-1.4304037,8.976875,0.029781533,0.18734747,0.022130212,0.18559164,-0.03759153,0.105362,0.00034955054,253.54344,254.50357,340.9622,1.4006221,19.474571,0.58171564
1,51,10,0.01,0.08150052,0.03537009,0.03465604,0.011474391,0.09403469,0.0052678436,7.0836663,-1.8929652,9.126538,0.25466287,0.18806937,0.010535687,0.18616132,-0.049747806,0.107118584,0.002988988,253.58148,254.62498,341.33945,1.6383023,19.474571,0.61558044
1,52,10,0.01,0.07589458,0.032332394,0.031814374,0.011747811,0.08990605,0.009685078,6.7870393,-1.5505761,9.234633,0.22393706,0.1798121,0.019370155,0.17836584,-0.04074971,0.10838732,0.0026283602,253.59532,254.77296,340.60605,1.326639,19.474571,0.5693236
1,53,10,0.01,0.0953177,0.03964239,0.045381088,0.010294219,0.09955198,0.014804617,8.105991,-2.3944292,8.644461,2.000668,0.19910397,0.029609233,0.21302837,-0.06292648,0.10146043,0.023481933,253.66829,255.04019,341.32828,0.39376116,19.468489,0.79113835
1,54,10,0.01,0.10332778,0.040529896,0.051252637,0.0115452465,0.10066019,0.009658289,8.614434,-2.6048234,9.154672,2.1564007,0.20132038,0.019316578,0.22639045,-0.06845569,0.10744881,0.02530977,253.70717,255.18486,341.8326,0.44842267,19.468489,0.8482916
1,55,10,0.01,0.0919623,0.034329757,0.04657799,0.011054554,0.09264146,0.014152449,8.212191,-2.367545,8.958015,2.0129428,0.18528292,0.028304897,0.21581934,-0.062219936,0.10514064,0.023626005,253.67194,255.04903,340.91013,0.3546021,19.468489,0.7739301
1,56,10,0.01,0.08920556,0.035865784,0.04282144,0.010518345,0.09469132,0.0119851045,7.8740697,-2.2345674,8.738058,1.9605833,0.18938264,0.023970209,0.20693342,-0.058725245,0.102558985,0.023011457,253.68092,255.00838,341.04486,0.27398407,19.468489,0.6870979
1,57,10,0.01,0.0864601,0.032532122,0.042605363,0.011322618,0.09018332,0.006863464,7.8541794,-2.7613418,9.065978,2.798198,0.18036664,0.013726928,0.20641066,-0.072569065,0.10640779,0.032842577,253.71877,255.16193,341.3611,-0.036856174,19.462757,0.6579231
1,58,10,0.01,0.08413573,0.031643603,0.04145969,0.011032437,0.08894324,0.012209979,7.7478585,-2.7361932,8.949051,2.893795,0.17788649,0.024419958,0.20361653,-0.07190815,0.10503541,0.033964608,253.70863,255.17789,340.857,-0.15760183,19.462757,0.6264556
1,59,10,0.01,0.08598421,0.033669222,0.040836073,0.011478907,0.091745876,0.012350345,7.689368,-2.944059,9.128333,3.1479142,0.18349175,0.02470069,0.20207937,-0.07737092,0.10713966,0.036947206,253.76634,255.35841,341.45068,-0.20385528,19.462757,0.6337297
1,60,10,0.01,0.091524236,0.035475656,0.04423582,0.011812754,0.094174914,0.008403749,8.003053,-3.2218761,9.260124,3.2638845,0.18834983,0.016807498,0.21032314,-0.08467206,0.10868649,0.03830837,253.83844,255.7127,341.98373,-0.0420084,19.462757,0.7030099
1,61,10,0.01,0.08424236,0.034300152,0.03861542,0.011326794,0.0926015,0.010673531,7.4773726,-2.8018928,9.067649,3.8546314,0.185203,0.021347063,0.19650806,-0.07363475,0.10642741,0.045241985,253.82626,255.77446,341.24936,-1.0527387,19.457184,0.58150125
1,62,10,0.01,0.08550443,0.03716524,0.03633896,0.012000231,0.09639144,0.010942128,7.2536216,-2.8066683,9.333318,4.044998,0.19278288,0.021884255,0.1906278,-0.07376026,0.109545566,0.047476325,253.8127,255.5975,341.84775,-1.2383299,19.457184,0.6011989
1,63,10,0.01,0.082237065,0.032297164,0.037008516,0.012931381,0.08985706,0.006248361,7.320142,-2.4099207,9.68866,4.028615,0.17971411,0.012496722,0.19237597,-0.063333586,0.11371623,0.047284033,253.7514,255.17397,341.6773,-1.6186943,19.457184,0.5541312
1,64,10,0.01,0.06971693,0.025696415,0.032325886,0.011694629,0.08015051,0.010030106,6.8413825,-1.9302784,9.213708,3.4833486,0.16030101,0.020060211,0.17979401,-0.050728403,0.108141705,0.04088422,253.6473,254.68063,340.05667,-1.5530702,19.457184,0.48696992
1,65,10,0.01,0.06936952,0.031464193,0.02799478,0.009910545,0.08869074,0.0048022545,6.366595,-0.37941256,8.481838,3.2833576,0.17738149,0.009604509,0.1673164,-0.009971104,0.09955172,0.03853692,253.64305,254.61093,340.2988,-2.903945,19.451418,0.37387338
1,66,10,0.01,0.07145127,0.028818013,0.032521803,0.010111448,0.084879346,8.441643e-5,6.862083,-0.034650013,8.567377,2.9987502,0.16975869,0.00016883286,0.18033803,-0.0009106217,0.100555696,0.035196472,253.61781,254.44492,340.4652,-2.9641001,19.451418,0.3707833
1,67,10,0.01,0.06677581,0.028513702,0.028395321,0.009866785,0.08443,0.006280315,6.4119782,-0.12241722,8.463092,2.96395,0.16886,0.01256063,0.16850911,-0.0032171658,0.09933169,0.034788016,253.56676,254.25604,339.6131,-2.8415327,19.451418,0.42280298
1,68,10,0.01,0.074516684,0.039668795,0.024919346,0.00992854,0.09958513,0.0041489443,6.0067143,-0.48382205,8.489536,3.1306329,0.19917026,0.008297889,0.15785863,-0.0127150165,0.09964206,0.03674438,253.57756,254.26286,339.85226,-2.6468108,19.451418,0.54172707
1,69,10,0.01,0.07131335,0.03363371,0.029722437,0.007957206,0.09169748,-0.0023353563,6.5601068,1.5900375,7.6001377,2.541067,0.18339495,-0.0046707126,0.17240196,0.041786753,0.08920317,0.029824618,253.62233,254.47928,340.3326,-4.1311045,19.445255,0.46798003
1,70,10,0.01,0.06759441,0.031952508,0.027866427,0.007775478,0.08937632,0.003087413,6.351983,1.3610948,7.5128503,2.559863,0.17875265,0.006174826,0.1669324,0.03577006,0.08817867,0.030045228,253.67749,254.84288,340.1074,-3.920958,19.445255,0.4182267
1,71,10,0.01,0.069022104,0.033037465,0.027582888,0.008401755,0.09088106,0.0026806497,6.3195844,1.0301617,7.8095536,2.965829,0.18176211,0.0053612995,0.16608097,0.027073024,0.09166109,0.034810062,253.77174,255.20818,341.14685,-3.9959908,19.445255,0.37247577
1,72,10,0.01,0.076246865,0.031406622,0.03647578,0.00836446,0.08860957,-0.0013005781,7.267264,1.207572,7.7922015,2.7463875,0.17721914,-0.0026011562,0.19098634,0.031735424,0.09145743,0.032234475,253.7931,255.22925,341.17426,-3.9539595,19.445255,0.4258486
1,73,10,0.01,0.07021763,0.025334563,0.038632225,0.0062508425,0.079584174,-0.000694383,7.479,2.2310863,6.7361307,1.4050224,0.15916835,-0.001388766,0.19655082,0.058633745,0.07906227,0.016490811,253.72345,254.9903,340.1185,-3.6361086,19.438911,0.4386393
1,74,10,0.01,0.07748025,0.034179967,0.0368747,0.0064255823,0.09243912,-0.0019685773,7.306896,2.0826802,6.8296356,1.5520898,0.18487824,-0.0039371545,0.19202787,0.054733593,0.08015973,0.018216949,253.69116,254.78857,340.55484,-3.63477,19.438911,0.4294514
1,75,10,0.01,0.07158905,0.02636042,0.038902644,0.0063259895,0.08117946,-0.0066959364,7.5051293,2.5334568,6.7765007,1.344044,0.16235892,-0.013391873,0.19723754,0.06658016,0.07953609,0.015775105,253.69263,254.76001,340.70975,-3.8775008,19.438911,0.5591889
1,76,10,0.01,0.06290466,0.022517623,0.03415805,0.006228992,0.075029366,-0.00058713194,7.0325885,2.244289,6.724347,1.5546693,0.15005873,-0.0011742639,0.18481897,0.058980722,0.07892396,0.018247226,253.7145,255.00487,340.4155,-3.7989583,19.438911,0.45473656
1,77,10,0.01,0.061440334,0.025998788,0.030447973,0.004993574,0.0806207,-0.004893813,6.6396914,2.2661452,6.0206995,0.23032457,0.1612414,-0.009787626,0.17449348,0.05955512,0.070665225,0.0027033288,253.73639,255.03078,340.97803,-2.4964697,19.432478,0.51261944
1,78,10,0.01,0.07222738,0.030931547,0.036184028,0.005111804,0.08793683,-0.007725741,7.238142,2.617818,6.0915575,0.11706701,0.17587367,-0.015451482,0.190221,0.06879721,0.07149688,0.0013740213,253.72676,254.9324,341.1075,-2.7348852,19.432478,0.601336
1,79,10,0.01,0.06351834,0.026263915,0.03245805,0.004796375,0.08103073,-0.0038134854,6.855355,2.4287717,5.900622,0.08576341,0.16206145,-0.0076269708,0.18016118,0.063829,0.069255866,0.001006608,253.67973,254.7706,340.26523,-2.5145352,19.432478,0.5550078
1,80,10,0.01,0.06379094,0.02700679,0.031936634,0.0048475126,0.08216871,-0.005098249,6.8000684,2.3527472,5.9319935,0.042866718,0.16433743,-0.010196498,0.17870824,0.061831042,0.06962408,0.00050312944,253.68413,254.74268,340.5122,-2.395614,19.432478,0.5624766
1,81,10,0.01,0.06837659,0.03535211,0.02775635,0.0052681314,0.094010785,-0.013548426,6.339425,1.7898828,6.1840005,-1.6784637,0.18802157,-0.027096853,0.16660237,0.047038764,0.072581895,-0.019700205,253.6664,254.71289,340.62247,-0.11141908,19.425896,0.5153207
1,82,10,0.01,0.049786586,0.01988469,0.024858924,0.0050429725,0.07050654,-0.007180598,5.9994283,1.5398613,6.050406,-1.5476832,0.14101309,-0.014361196,0.15766713,0.040468115,0.07101389,-0.018165229,253.59703,254.43971,340.06116,0.0078219175,19.425896,0.37577605
1,83,10,0.01,0.052100457,0.022843486,0.024413364,0.0048436085,0.07557031,-0.0074557476,5.9454193,1.464836,5.9296045,-1.4422783,0.15114062,-0.014911495,0.15624776,0.038496424,0.06959604,-0.016928088,253.55685,254.22186,340.11252,-0.022557735,19.425896,0.402574
1,84,10,0.01,0.06399153,0.031844553,0.027235428,0.0049115475,0.08922521,-0.010264461,6.2796545,1.7962878,5.971046,-1.5750228,0.17845042,-0.020528922,0.1650316,0.04720709,0.07008243,-0.018486116,253.5227,254.01993,339.94846,-0.22126496,19.425896,0.5021269
1,85,10,0.01,0.042792547,0.019342186,0.017850783,0.005599576,0.069538094,-0.005807644,5.0839033,0.17888042,6.3755674,-2.6380918,0.13907619,-0.011615288,0.13360682,0.0047010435,0.074830316,-0.03096341,253.46082,253.79565,339.2339,2.4592113,19.41951,0.33697543
1,86,10,0.01,0.047833238,0.026290568,0.015547023,0.005995645,0.08107183,-0.006594072,4.74452,-0.07816429,6.5971923,-2.5256586,0.16214366,-0.013188144,0.1246877,-0.002054185,0.07743155,-0.029643767,253.46516,253.7257,339.68668,2.603823,19.41951,0.32541928
1,87,10,0.01,0.056010112,0.032127373,0.017832257,0.006050483,0.08962055,-0.0100920545,5.0812645,-0.0066548744,6.627294,-2.821191,0.1792411,-0.020184109,0.13353747,-0.00017489026,0.07778485,-0.033112444,253.45345,253.60432,339.55673,2.827846,19.41951,0.4276808
1,88,10,0.01,0.04387348,0.020960215,0.017031573,0.0058816937,0.07238822,-0.0052442695,4.9658785,-0.17169663,6.5342,-2.8044167,0.14477643,-0.010488539,0.13050507,-0.0045122458,0.0766922,-0.032915562,253.40825,253.44247,338.74115,2.9761133,19.41951,0.32283136
1,89,10,0.01,0.04790874,0.023321602,0.01830323,0.006283907,0.07635706,0.00029611023,5.147929,-1.4577085,6.753923,-2.9594846,0.15271412,0.00059222046,0.13528943,-0.0383091,0.0792711,-0.034735605,253.41258,253.36531,339.21338,4.417193,19.413298,0.3744622
1,90,10,0.01,0.05618071,0.029540693,0.020289091,0.0063509285,0.08593703,-0.0034354904,5.4200087,-1.4313091,6.7898445,-2.966273,0.17187406,-0.006870981,0.14243978,-0.037615318,0.079692714,-0.03481528,253.42342,253.35298,339.25638,4.397582,19.413298,0.43213975
1,91,10,0.01,0.045733407,0.020465652,0.018969862,0.006297894,0.071529105,0.0015965991,5.240838,-1.3101989,6.761435,-2.9965732,0.14305821,0.0031931982,0.13773112,-0.034432508,0.07935927,-0.035170913,253.43051,253.32631,338.60196,4.306772,19.413298,0.41147763
1,92,10,0.01,0.04658988,0.022645684,0.017876195,0.0060680015,0.075242415,0.0023179445,5.087521,-1.2057658,6.636882,-2.7040346,0.15048483,0.004635889,0.13370189,-0.031687964,0.07789738,-0.03173738,253.50735,253.58904,339.27115,3.9098005,19.413298,0.36565158
1,93,10,0.01,0.053410143,0.025983864,0.021581478,0.0058448003,0.08059756,0.0062708277,5.5899677,-1.742539,6.5136747,-2.486472,0.16119511,0.012541655,0.14690636,-0.045794554,0.076451294,-0.02918383,253.54585,253.73682,339.45352,4.229011,19.40718,0.40461987
1,94,10,0.01,0.047709268,0.018761605,0.022776313,0.006171351,0.068486504,0.010241834,5.742624,-1.6921487,6.6931624,-2.7323744,0.13697301,0.020483669,0.15091823,-0.04447028,0.078557946,-0.03207,253.51476,253.62299,338.5734,4.4245234,19.40718,0.36847082
1,95,10,0.01,0.04958391,0.021529455,0.021857822,0.006196628,0.07336459,0.008620027,5.625643,-1.7155561,6.706855,-2.5491023,0.14672919,0.017240055,0.14784391,-0.045085434,0.07871866,-0.02991892,253.57523,253.894,339.39035,4.2646585,19.40718,0.38386068
1,96,10,0.01,0.056397147,0.026766846,0.023254832,0.0063754683,0.08180288,0.004633196,5.8026347,-1.7657161,6.8029494,-2.580682,0.16360576,0.009266392,0.15249535,-0.04640365,0.07984653,-0.030289585,253.62164,254.08,339.84384,4.3463984,19.40718,0.40947017
1,97,10,0.01,0.04512497,0.019773006,0.019684615,0.0056673493,0.07030826,0.015020946,5.3386583,-1.4017235,6.414033,-1.8920693,0.14061652,0.030041892,0.14030187,-0.036837805,0.0752818,-0.022207307,253.5966,253.96591,339.31192,3.2937927,19.400963,0.40927264
1,98,10,0.01,0.051140077,0.024355281,0.020946873,0.005837926,0.07803089,0.013806766,5.507167,-1.615018,6.5098424,-1.8699845,0.15606178,0.027613532,0.14473034,-0.042443246,0.07640632,-0.02194809,253.55698,253.71365,339.32904,3.4850025,19.400963,0.42739305
1,99,10,0.01,0.049565356,0.021833165,0.022156067,0.005576122,0.07388025,0.011172777,5.663893,-1.70236,6.3622,-2.053638,0.1477605,0.022345554,0.14884914,-0.044738635,0.07467344,-0.024103643,253.50221,253.42813,339.21426,3.7559981,19.400963,0.45436642
1,100,10,0.01,0.04750006,0.02208288,0.019535549,0.0058816285,0.07430155,0.01602497,5.3184056,-1.4424732,6.534164,-2.092139,0.1486031,0.03204994,0.13976963,-0.037908707,0.07669178,-0.024555527,253.43954,253.20389,338.52698,3.5346122,19.400963,0.44068208
2,1,10,0.0069999998,0.17448977,0.08644163,0.060617518,0.027430626,0.14700478,0.018959578,9.368451,0.15058005,14.111041,-2.3092828,0.29400957,0.037919156,0.24620625,0.0039573004,0.16562194,-0.027104158,252.00142,248.02647,331.76886,2.1587029,19.394537,1.3171362
2,2,10,0.0069999998,0.16726616,0.07868175,0.06177904,0.02680537,0.14025134,0.017642854,9.457781,0.53768134,13.949291,-2.1891649,0.28050268,0.035285708,0.2485539,0.014130448,0.16372345,-0.025694348,251.9985,247.95515,332.35913,1.6514835,19.394537,1.3004864
2,3,10,0.0069999998,0.1692841,0.07597298,0.064866595,0.028444532,0.13781598,0.014593269,9.691237,0.6322209,14.369466,-2.6923828,0.27563196,0.029186537,0.25468922,0.01661502,0.16865507,-0.031600613,251.92317,247.73146,332.15033,2.0601618,19.394537,1.3967696
2,4,10,0.0069999998,0.18161267,0.08893084,0.06364539,0.029036427,0.14910637,0.017478123,9.599578,0.6056639,14.5182,-2.8416317,0.29821274,0.034956247,0.25228038,0.015917085,0.17040078,-0.033352368,251.80878,247.27478,331.1194,2.2359676,19.394537,1.5199639
2,5,10,0.0069999998,0.12494625,0.05219589,0.045458417,0.027291939,0.1142321,0.018850556,8.112895,0.83786553,14.075324,-2.0851216,0.2284642,0.03770111,0.2132098,0.022019386,0.16520272,-0.024473147,251.751,246.94478,331.47607,1.247256,19.388401,0.875254
2,6,10,0.0069999998,0.122891985,0.047849692,0.046866093,0.028176194,0.10937286,0.01661763,8.237549,0.5839563,14.301525,-2.3091695,0.21874572,0.03323526,0.21648578,0.015346585,0.16785766,-0.027102817,251.66478,246.52248,331.37833,1.7252133,19.388401,0.87960833
2,7,10,0.0069999998,0.13791116,0.05793305,0.051100276,0.028877825,0.12034643,0.020662382,8.601621,0.85757136,14.478497,-2.5102346,0.24069285,0.041324764,0.2260537,0.022537304,0.16993476,-0.029462747,251.5262,246.07745,330.18817,1.6526632,19.388401,0.9474753
2,8,10,0.0069999998,0.13459986,0.058484707,0.04701468,0.02910048,0.12091806,0.019046979,8.250598,0.91162205,14.5342045,-2.4591262,0.24183612,0.038093958,0.21682869,0.023957748,0.17058863,-0.028862877,251.44492,245.8133,329.9301,1.5475042,19.388401,0.9595315
2,9,10,0.0069999998,0.09691915,0.03919495,0.033388987,0.024335215,0.09898857,0.021692669,6.9529696,1.0837154,13.291036,-1.7546927,0.19797714,0.043385338,0.18272653,0.02848042,0.15599748,-0.020594902,251.42653,245.69365,329.9133,0.67097723,19.381754,0.7216162
2,10,10,0.0069999998,0.11358359,0.053517558,0.035264075,0.024801955,0.11566931,0.02566348,7.145537,1.2207673,13.417889,-1.6698039,0.23133862,0.05132696,0.18778731,0.032082204,0.15748636,-0.019598559,251.45517,245.817,329.60788,0.4490366,19.381754,0.7648196
2,11,10,0.0069999998,0.10676119,0.04939701,0.032937836,0.02442634,0.11112719,0.024019167,6.905834,1.2068388,13.315895,-1.5718908,0.22225438,0.048038334,0.18148784,0.031716164,0.15628928,-0.01844935,251.53116,246.08653,330.47876,0.36505198,19.381754,0.72996616
2,12,10,0.0069999998,0.09790934,0.038378455,0.034768883,0.024761997,0.0979521,0.020671705,7.0951905,1.0310464,13.407076,-1.6462572,0.1959042,0.04134341,0.18646416,0.02709628,0.15735945,-0.019322181,251.56352,246.276,330.79672,0.6152108,19.381754,0.6774417
2,13,10,0.0069999998,0.09237695,0.04895255,0.023189208,0.020235186,0.11062612,0.020697065,5.7944427,0.58957297,12.119782,-0.9219348,0.22125223,0.04139413,0.15228003,0.015494189,0.14225043,-0.010820788,251.55887,246.28046,330.05325,0.33236182,19.375462,0.91499764
2,14,10,0.0069999998,0.08863951,0.04557499,0.023378335,0.01968619,0.106741495,0.016960122,5.818023,0.7042262,11.954243,-0.7865576,0.21348299,0.033920243,0.15289976,0.018507315,0.14030749,-0.009231864,251.69125,246.83615,331.22168,0.08233142,19.375462,0.9077014
2,15,10,0.0069999998,0.08638583,0.043028444,0.02305964,0.020297753,0.10371649,0.015507061,5.7782316,0.6871777,12.138505,-0.7670621,0.20743299,0.031014122,0.15185401,0.018059274,0.14247018,-0.009003039,251.77596,247.14748,331.807,0.07988441,19.375462,0.912854
2,16,10,0.0069999998,0.09438744,0.047051955,0.026795354,0.020540133,0.10845731,0.018493801,6.2287145,0.53260875,12.210764,-0.697581,0.21691462,0.036987603,0.16369286,0.013997143,0.1433183,-0.008187549,251.80444,247.375,331.37347,0.16497225,19.375462,0.91682345
2,17,10,0.0069999998,0.0783741,0.03602082,0.026131697,0.016221583,0.09489576,0.00442644,6.1510954,-0.5216604,10.851452,-0.15694498,0.18979152,0.00885288,0.16165301,-0.013709422,0.12736398,-0.0018420797,251.85486,247.67387,332.12878,0.6786054,19.369736,0.7654566
2,18,10,0.0069999998,0.07326633,0.03226744,0.025192205,0.015806686,0.0898157,0.0023931586,6.0395107,-0.7589359,10.711779,-0.18086612,0.1796314,0.0047863172,0.15872052,-0.019945111,0.12572464,-0.002122838,251.89244,247.83444,332.4657,0.93980205,19.369736,0.73064905
2,19,10,0.0069999998,0.075849615,0.03599948,0.02419991,0.015650222,0.09486765,0.0056077954,5.919371,-0.62543833,10.658632,-0.10989087,0.1897353,0.011215591,0.1555632,-0.01643674,0.12510085,-0.0012897963,251.91884,247.92326,332.23413,0.7353292,19.369736,0.7784385
2,20,10,0.0069999998,0.073694244,0.037100397,0.020995196,0.015598647,0.096307315,0.0049255625,5.513516,-0.36837032,10.641055,-0.27578998,0.19261463,0.009851125,0.1448972,-0.009680904,0.124894544,-0.003236956,251.93283,247.89343,332.72964,0.6441603,19.369736,0.79912657
2,21,10,0.0069999998,0.07036386,0.02396572,0.034292523,0.012105616,0.07740433,-0.011592745,7.046418,-1.3431354,9.374209,-0.09753402,0.15480866,-0.02318549,0.18518241,-0.035298087,0.110025525,-0.0011447584,251.91994,247.80864,332.88928,1.4406694,19.364336,0.6238478
2,22,10,0.0069999998,0.06951886,0.024523415,0.03290181,0.012093634,0.07829977,-0.0096130585,6.9020567,-1.3979856,9.369569,-0.06560694,0.15659954,-0.019226117,0.18138856,-0.036739577,0.10997106,-0.0007700318,251.9104,247.83408,332.30658,1.4635925,19.364336,0.6069183
2,23,10,0.0069999998,0.07114809,0.024887243,0.034017544,0.0122433,0.078878455,-0.010005255,7.0181093,-1.4999115,9.427367,-0.16173653,0.15775691,-0.02001051,0.18443845,-0.039418217,0.110649444,-0.0018983079,251.93413,247.89555,332.83286,1.661648,19.364336,0.62767524
2,24,10,0.0069999998,0.07424329,0.026131349,0.03540495,0.012706996,0.08082597,-0.012501856,7.159796,-1.630728,9.604233,-0.320665,0.16165194,-0.025003713,0.18816203,-0.042856116,0.11272531,-0.0037636661,251.8739,247.67459,332.56363,1.951393,19.364336,0.63993293
2,25,10,0.0069999998,0.078236915,0.03103354,0.036807425,0.01039595,0.088081695,-0.020874145,7.300227,-1.6125929,8.68707,-0.23054735,0.17616339,-0.04174829,0.19185261,-0.042379525,0.10196053,-0.0027059484,251.76823,247.29033,331.4216,1.8431402,19.358812,0.87601966
2,26,10,0.0069999998,0.07309762,0.028402416,0.034595534,0.010099662,0.08426508,-0.021696022,7.077481,-1.4759732,8.562383,-0.038352117,0.16853017,-0.043392044,0.18599875,-0.038789105,0.100497074,-0.0004501451,251.75821,247.09383,332.06036,1.5143254,19.358812,0.82638687
2,27,10,0.0069999998,0.07900917,0.03364068,0.035450418,0.00991807,0.09170698,-0.023617769,7.1643925,-1.4560556,8.485058,-0.17298697,0.18341395,-0.047235537,0.18828282,-0.03826567,0.09958951,-0.0020303545,251.78625,247.19717,332.38028,1.6290426,19.358812,0.8312362
2,28,10,0.0069999998,0.0751676,0.029210998,0.036114033,0.009842563,0.085456125,-0.021603439,7.231138,-1.1923434,8.452698,-0.17321646,0.17091225,-0.043206878,0.19003692,-0.031335216,0.099209696,-0.0020330446,251.76271,247.21315,331.98172,1.3655598,19.358812,0.79313904
2,29,10,0.0069999998,0.06858375,0.028298644,0.031402465,0.008882645,0.084111005,-0.02573113,6.74296,-0.4194188,8.029941,0.17135474,0.16822201,-0.05146226,0.17720741,-0.011022483,0.09424778,0.0020112023,251.80054,247.34631,332.62366,0.24806407,19.352814,0.62858367
2,30,10,0.0069999998,0.07199761,0.03224643,0.030945318,0.008805863,0.089786455,-0.027524168,6.6936984,-0.39277712,7.9951606,0.14855376,0.17957291,-0.055048335,0.17591281,-0.010322323,0.093839556,0.0017435797,251.81116,247.40968,332.87704,0.24422336,19.352814,0.6593341
2,31,10,0.0069999998,0.063344255,0.02732371,0.027524957,0.008495589,0.082649425,-0.02509999,6.3129444,-0.49467823,7.853043,0.13241908,0.16529885,-0.05019998,0.16590647,-0.013000329,0.09217152,0.0015542074,251.78146,247.40091,332.1665,0.36225915,19.352814,0.60835814
2,32,10,0.0069999998,0.06423965,0.028882792,0.026466208,0.008890649,0.08497469,-0.027801495,6.19034,-0.59297293,8.033558,0.124005675,0.16994938,-0.05560299,0.16268438,-0.015583544,0.09429024,0.00145546,251.76302,247.30145,332.57056,0.46896726,19.352814,0.6206419
2,33,10,0.0069999998,0.06123079,0.029611105,0.023591483,0.008028201,0.08603939,-0.023381134,5.8444858,0.87590456,7.633967,0.2501434,0.17207877,-0.04676227,0.1535952,0.023019092,0.08960023,0.002935944,251.73662,247.23291,332.50595,-1.126048,19.346342,0.3997525
2,34,10,0.0069999998,0.0597514,0.027166482,0.024859587,0.007725329,0.08241129,-0.020662364,5.999508,1.0512391,7.4885845,0.38029304,0.16482258,-0.041324727,0.15766923,0.027626943,0.08789385,0.004463515,251.73413,247.3429,331.64954,-1.4315321,19.346342,0.37368512
2,35,10,0.0069999998,0.059658904,0.028300013,0.023563111,0.0077957762,0.08411304,-0.02332777,5.84097,1.0592558,7.522651,0.48123986,0.16822608,-0.04665554,0.1535028,0.027837628,0.088293694,0.0056483336,251.81244,247.6258,332.27185,-1.5404956,19.346342,0.38702732
2,36,10,0.0069999998,0.06894205,0.03448749,0.026852388,0.007602168,0.09285404,-0.024020003,6.2353396,1.0491133,7.4286513,0.4082129,0.18570808,-0.048040006,0.16386698,0.027571086,0.08719041,0.004791213,251.88597,247.83519,332.71204,-1.4573262,19.346342,0.45875004
2,37,10,0.0069999998,0.06314292,0.02628747,0.029004052,0.007851399,0.081067055,-0.01238224,6.480343,2.4163635,7.5494394,0.75268316,0.16213411,-0.02476448,0.17030576,0.06350291,0.088608116,0.008834278,251.91872,247.96399,332.17062,-3.1690466,19.339657,0.5468821
2,38,10,0.0069999998,0.061415907,0.02582071,0.02740273,0.008192468,0.08034412,-0.014439216,6.298913,2.375959,7.711673,0.8009331,0.16068824,-0.028878432,0.1655377,0.062441066,0.09051225,0.009400587,251.98524,248.17192,332.85434,-3.176892,19.339657,0.54067796
2,39,10,0.0069999998,0.06763425,0.030250661,0.029596696,0.007786893,0.08696359,-0.015830021,6.5462155,2.097838,7.5183625,0.70299786,0.17392717,-0.031660043,0.1720369,0.055131935,0.08824337,0.008251118,252.02364,248.33554,333.45392,-2.8008358,19.339657,0.5590229
2,40,10,0.0069999998,0.06534573,0.024652882,0.032790396,0.007902448,0.07850618,-0.0114576,6.890362,2.150951,7.573943,0.60230035,0.15701236,-0.0229152,0.18108119,0.056527764,0.088895716,0.0070692245,252.01385,248.29483,332.94177,-2.7532513,19.339657,0.5651569
2,41,10,0.0069999998,0.05731145,0.021594318,0.0273392,0.008377932,0.073475026,-0.004808448,6.2916064,2.6447196,7.7984743,1.0501513,0.14695005,-0.009616896,0.1653457,0.06950418,0.091531046,0.012325676,252.06053,248.39023,333.6833,-3.694871,19.332827,0.64810526
2,42,10,0.0069999998,0.07032585,0.030951526,0.03090118,0.008473142,0.08796523,-0.007710531,6.688923,2.577941,7.8426614,0.89136934,0.17593046,-0.015421062,0.17578731,0.067749225,0.09204967,0.010462042,252.06392,248.35428,333.95154,-3.4693103,19.332827,0.60603654
2,43,10,0.0069999998,0.0631642,0.022684522,0.032710366,0.0077693104,0.07530691,-0.0038099014,6.881948,2.5906208,7.50987,0.9185334,0.15061381,-0.007619803,0.18086007,0.06808245,0.08814369,0.010780865,252.05388,248.3129,333.3393,-3.509154,19.332827,0.6028747
2,44,10,0.0069999998,0.058765374,0.022408444,0.028704591,0.007652337,0.07484725,-0.0046445113,6.446802,2.5943627,7.4531226,1.0428535,0.1496945,-0.009289023,0.1694243,0.0681808,0.08747764,0.012240021,252.17307,248.82777,334.12943,-3.637216,19.332827,0.6298209
2,45,10,0.0069999998,0.056186035,0.024931984,0.02336726,0.007886791,0.078949325,-0.002798684,5.816645,1.8662658,7.5664353,1.0285912,0.15789865,-0.005597368,0.15286353,0.049046136,0.088807605,0.01207262,252.30307,249.41852,335.1421,-2.894857,19.326107,0.45989534
2,46,10,0.0069999998,0.05077131,0.018517466,0.024646167,0.0076076775,0.06803945,-0.00018368466,5.9736996,1.804116,7.431342,1.2165189,0.1360789,-0.00036736933,0.15699098,0.047412824,0.087222,0.014278335,252.32915,249.59268,334.98993,-3.020635,19.326107,0.43628883
2,47,10,0.0069999998,0.050528653,0.018969841,0.023572948,0.007985862,0.06886552,-0.0016656064,5.842189,1.6614499,7.613811,1.4296589,0.13773105,-0.0033312128,0.15353484,0.043663505,0.08936365,0.016779974,252.38,249.68121,335.3586,-3.0911088,19.326107,0.42941976
2,48,10,0.0069999998,0.050581932,0.022041142,0.020718591,0.007822199,0.0742313,-0.0030786707,5.477077,1.6183413,7.535389,1.3787799,0.1484626,-0.0061573414,0.14393954,0.04253059,0.0884432,0.0161828,252.45938,249.88611,335.70163,-2.9971213,19.326107,0.4222059
2,49,10,0.0069999998,0.04718016,0.02012687,0.019152246,0.007901043,0.0709346,0.0035030595,5.2659726,0.49870896,7.573269,1.2842038,0.1418692,0.007006119,0.13839164,0.013106252,0.08888781,0.015072758,252.47672,249.99423,335.00858,-1.7829127,19.31976,0.3250998
2,50,10,0.0069999998,0.045200214,0.020442797,0.016857741,0.007899675,0.071489155,0.0016703226,4.940471,0.48806155,7.5726137,1.2461818,0.14297831,0.0033406452,0.12983736,0.012826433,0.088880114,0.014626492,252.52681,250.1754,335.55734,-1.7342434,19.31976,0.32246286
2,51,10,0.0069999998,0.051326938,0.0280626,0.015207013,0.008057327,0.08375948,-0.0020305312,4.692353,0.54162025,7.647803,1.0778573,0.16751896,-0.0040610624,0.12331672,0.014233975,0.08976261,0.012650864,252.55907,250.29393,335.89032,-1.6194775,19.31976,0.36502156
2,52,10,0.0069999998,0.042505965,0.01826938,0.0168061,0.0074304873,0.06758214,0.0026951174,4.9328985,0.6068405,7.3442907,1.2227803,0.13516428,0.0053902348,0.12963834,0.015947988,0.086200275,0.0143518355,252.57805,250.43802,335.6362,-1.8296208,19.31976,0.34198356
2,53,10,0.0069999998,0.04353266,0.01945339,0.01673372,0.007345547,0.0697377,0.003809523,4.922265,-0.76494473,7.3021936,1.0887293,0.1394754,0.007619046,0.12935889,-0.020103024,0.08570617,0.012778464,252.63712,250.71484,336.49344,-0.32378453,19.313717,0.3989506
2,54,10,0.0069999998,0.044090167,0.02183054,0.014829162,0.0074304654,0.07387581,0.0026725645,4.63369,-0.67847234,7.3442793,0.8675063,0.14775161,0.005345129,0.121775046,-0.0178305,0.08620015,0.010181958,252.66844,250.85129,336.97552,-0.18903399,19.313717,0.4180722
2,55,10,0.0069999998,0.042353783,0.020552749,0.014454098,0.0073469365,0.07168115,0.005274251,4.574716,-0.7992527,7.302883,1.0336193,0.1433623,0.010548502,0.1202252,-0.021004653,0.08571427,0.012131634,252.63553,250.84703,336.28275,-0.2343666,19.313717,0.4026539
2,56,10,0.0069999998,0.040477026,0.020102782,0.013159132,0.0072151115,0.07089214,0.0030668492,4.3649807,-0.9397042,7.237069,1.0530796,0.14178428,0.0061336984,0.11471326,-0.024695769,0.08494181,0.012360041,252.6601,250.98532,336.81897,-0.113375425,19.313717,0.3966227
2,57,10,0.0069999998,0.04135105,0.019853251,0.01450301,0.00699479,0.07045078,0.0039432864,4.58245,-2.0342493,7.125716,0.7160449,0.14090157,0.007886573,0.12042844,-0.0534608,0.08363486,0.008404247,252.66675,250.91959,337.23492,1.3182044,19.307846,0.44676903
2,58,10,0.0069999998,0.038787547,0.01767748,0.014438212,0.0066718585,0.06647834,0.007736529,4.5722017,-1.7749628,6.9592843,0.8709675,0.13295668,0.015473058,0.12015911,-0.046646662,0.081681445,0.010222587,252.62823,250.73679,336.4479,0.9039953,19.307846,0.42472127
2,59,10,0.0069999998,0.041026685,0.019626407,0.014343867,0.0070564128,0.07004714,0.0055649797,4.557239,-1.6015451,7.1570363,0.66837096,0.14009428,0.0111299595,0.119765885,-0.042089183,0.08400246,0.0078447,252.65111,250.78935,336.7848,0.93317413,19.307846,0.39889038
2,60,10,0.0069999998,0.043245167,0.021387257,0.0149539225,0.006903989,0.07312191,0.0032031813,4.653141,-1.7345587,7.079315,0.5796756,0.14624383,0.0064063626,0.12228623,-0.045584824,0.083090246,0.006803674,252.71492,251.03601,337.29388,1.1548831,19.307846,0.41260973
2,61,10,0.0069999998,0.037816886,0.016419467,0.015354578,0.0060428423,0.064069234,0.012212477,4.715064,-1.6407609,6.623108,0.561124,0.12813847,0.024424953,0.12391359,-0.043119792,0.07773572,0.0065859375,252.71896,251.09636,336.76007,1.0796368,19.302038,0.31427202
2,62,10,0.0069999998,0.041084617,0.01844698,0.016273448,0.0063641905,0.06790983,0.010996055,4.854097,-1.6632729,6.79693,0.5901748,0.13581966,0.02199211,0.12756743,-0.043711413,0.07977588,0.0069269133,252.76878,251.28024,337.56543,1.0730981,19.302038,0.31648928
2,63,10,0.0069999998,0.038688224,0.014531419,0.017541131,0.006615671,0.060273167,0.008448897,5.039616,-1.7194433,6.929919,0.52884394,0.12054633,0.016897794,0.13244294,-0.045187593,0.081336774,0.006207063,252.82455,251.48639,338.18436,1.1905994,19.302038,0.32367003
2,64,10,0.0069999998,0.040763505,0.017374402,0.016564032,0.006825069,0.065905996,0.010542706,4.8972435,-1.5569106,7.0387373,0.6361346,0.13181199,0.021085411,0.12870133,-0.04091618,0.082613975,0.0074663404,252.83006,251.61218,337.5585,0.920776,19.302038,0.3116359
2,65,10,0.0069999998,0.03996312,0.018907333,0.014256092,0.0067996937,0.06875197,0.014486125,4.543274,-0.86682266,7.0256405,0.3706423,0.13750394,0.02897225,0.11939888,-0.02278041,0.082460254,0.004350248,252.88625,251.80544,338.0947,0.49618036,19.296242,0.32064465
2,66,10,0.0069999998,0.035820607,0.015217997,0.013844938,0.006757674,0.061680622,0.011365622,4.477279,-1.0162764,7.0038977,0.095804386,0.123361245,0.022731245,0.117664516,-0.026708102,0.08220507,0.0011244615,252.9334,251.97731,338.40112,0.92047197,19.296242,0.29382315
2,67,10,0.0069999998,0.03705697,0.015924595,0.015044524,0.0060878517,0.063096344,0.014603574,4.6672153,-0.80533725,6.647728,0.19521771,0.12619269,0.029207148,0.12265612,-0.021164551,0.078024685,0.0022912784,252.92928,251.9596,337.50638,0.6101195,19.296242,0.28214034
2,68,10,0.0069999998,0.0398443,0.020135695,0.013696065,0.006012539,0.07095015,0.013724368,4.453142,-0.78565854,6.60648,0.16987734,0.1419003,0.027448736,0.11703019,-0.020647392,0.07754056,0.0019938562,252.99171,252.13013,337.99356,0.6157812,19.296242,0.29629156
2,69,10,0.0069999998,0.036993645,0.017465834,0.013275113,0.0062527005,0.066079184,0.0106047485,4.3841743,-0.067223,6.737131,-0.46243685,0.13215837,0.021209497,0.11521768,-0.0017666443,0.07907402,-0.0054276413,253.04094,252.44708,338.54712,0.52965987,19.29056,0.2904036
2,70,10,0.0069999998,0.036981806,0.017810013,0.0132647455,0.005907048,0.06672708,0.013469588,4.382461,0.06151758,6.548268,-0.33754313,0.13345416,0.026939176,0.11517268,0.0016167044,0.07685732,-0.003961756,253.00035,252.40697,337.96597,0.27602553,19.29056,0.28008124
2,71,10,0.0069999998,0.03769043,0.018910194,0.012905578,0.0058746585,0.06875717,0.013441048,4.322723,0.07617859,6.530291,-0.2746286,0.13751434,0.026882095,0.11360272,0.002002,0.07664632,-0.00322333,252.99326,252.28082,338.665,0.19845003,19.29056,0.34460217
2,72,10,0.0069999998,0.036511768,0.01634023,0.014023575,0.0061479635,0.063914455,0.009399279,4.506071,0.072935164,6.680467,-0.27574366,0.12782891,0.018798558,0.118421175,0.0019167614,0.07840895,-0.0032364153,253.01231,252.26299,339.12674,0.2028085,19.29056,0.306071
2,73,10,0.0069999998,0.03604925,0.016743997,0.0138815725,0.0054236786,0.0646993,0.011521197,4.483199,0.59132445,6.2746315,-0.36112422,0.1293986,0.023042394,0.117820084,0.015540221,0.07364563,-0.0042385333,253.03429,252.45917,338.31558,-0.23020023,19.285015,0.3599501
2,74,10,0.0069999998,0.03915142,0.020053813,0.013388023,0.0057095834,0.07080574,0.012175273,4.402779,0.46241453,6.4378886,-0.4230523,0.14161149,0.024350546,0.11570662,0.012152421,0.075561784,-0.004965388,253.10054,252.65349,338.9172,-0.039362222,19.285015,0.41773817
2,75,10,0.0069999998,0.03759744,0.016890794,0.014808441,0.0058982074,0.064982295,0.00851423,4.630451,0.45227173,6.5433664,-0.6110222,0.12996459,0.01702846,0.12168994,0.0118858665,0.07679979,-0.0071715945,253.14809,252.83383,339.48618,0.15875044,19.285015,0.39623293
2,76,10,0.0069999998,0.038625296,0.017469812,0.015252098,0.0059033856,0.06608671,0.011869294,4.699303,0.6440863,6.546238,-0.38383445,0.13217342,0.023738587,0.123499386,0.016926818,0.076833494,-0.004505083,253.11307,252.7676,338.78653,-0.26025185,19.285015,0.394209
2,77,10,0.0069999998,0.03462091,0.015728028,0.012979952,0.005912929,0.06270572,0.00604603,4.3351607,0.51807255,6.5515275,-0.77742565,0.12541144,0.01209206,0.11392959,0.013615136,0.07689557,-0.00912468,253.10748,252.61319,339.165,0.2593531,19.279573,0.2943353
2,78,10,0.0069999998,0.03414343,0.015621891,0.012529282,0.0059922547,0.062493782,0.00095808716,4.2592363,0.3977514,6.5953264,-0.90520555,0.124987565,0.0019161743,0.111934274,0.010453048,0.077409655,-0.010624438,253.09315,252.51595,339.51617,0.50745416,19.279573,0.26650837
2,79,10,0.0069999998,0.035605434,0.015756316,0.014089468,0.0057596504,0.06276208,0.003532444,4.516645,0.4929345,6.4660535,-0.5583063,0.12552416,0.007064888,0.11869907,0.012954498,0.07589236,-0.0065528634,253.03401,252.36017,338.5135,0.06537178,19.279573,0.27534097
2,80,10,0.0069999998,0.039072983,0.018221414,0.014489523,0.006362045,0.06749336,0.0052763307,4.5803194,0.51743466,6.7957845,-0.4349235,0.13498671,0.0105526615,0.12037244,0.013598369,0.07976243,-0.005104714,253.053,252.3666,338.95377,-0.08251116,19.279573,0.3141653
2,81,10,0.0069999998,0.032938987,0.014478602,0.012081675,0.006378712,0.06016353,-0.0038567197,4.182464,0.027933786,6.8046803,-1.1460282,0.12032706,-0.0077134394,0.10991667,0.0007341095,0.07986684,-0.013450983,253.08302,252.41563,339.21597,1.1180943,19.2742,0.19285823
2,82,10,0.0069999998,0.03240005,0.013974318,0.012645853,0.005779879,0.05910651,-0.0021999727,4.2790046,0.0690082,6.477398,-1.0175831,0.11821302,-0.0043999455,0.11245378,0.0018135603,0.076025516,-0.011943419,253.10472,252.51811,338.43994,0.9485749,19.2742,0.19557932
2,83,10,0.0069999998,0.035849523,0.016036537,0.014064891,0.0057480936,0.06331772,-0.0014202655,4.5127044,0.0019229157,6.459563,-0.99764943,0.12663545,-0.002840531,0.118595496,5.053571e-5,0.075816184,-0.011709453,253.18509,252.67499,338.9232,0.9957265,19.2742,0.21172667
2,84,10,0.0069999998,0.036765225,0.01576492,0.01457968,0.0064206263,0.06277922,-0.005111661,4.5945463,-0.2555468,6.827,-1.04763,0.12555844,-0.010223322,0.120746344,-0.006715865,0.08012881,-0.01229608,253.29007,253.04747,339.54758,1.3031768,19.2742,0.22112983
2,85,10,0.0069999998,0.035844676,0.016484918,0.013661984,0.0056977747,0.0641968,-0.007743431,4.4475985,-0.6137483,6.4312267,-1.2700014,0.1283936,-0.015486862,0.11688449,-0.01612953,0.075483605,-0.014906064,253.3435,253.4257,339.01984,1.8837497,19.268894,0.26053175
2,86,10,0.0069999998,0.034922626,0.016423676,0.012443805,0.0060551446,0.064077444,-0.005783957,4.244683,-0.7090956,6.629846,-1.202096,0.12815489,-0.011567914,0.11155181,-0.018635286,0.07781481,-0.014109052,253.4321,253.78221,339.89114,1.9111916,19.268894,0.23872232
2,87,10,0.0069999998,0.03467762,0.015345617,0.013060269,0.006271735,0.061938714,-0.007213363,4.348552,-0.65020597,6.747378,-1.2936498,0.12387743,-0.014426726,0.114281535,-0.017087648,0.079194285,-0.015183621,253.47116,253.9122,340.7062,1.9438558,19.268894,0.25958118
2,88,10,0.0069999998,0.03415379,0.014909645,0.013745956,0.0054981876,0.061052527,-0.0055675237,4.461246,-0.6623888,6.3175836,-1.2284082,0.122105055,-0.011135047,0.11724315,-0.01740781,0.074149765,-0.014417879,253.43285,253.8618,339.94815,1.890797,19.268894,0.2545467
2,89,10,0.0069999998,0.033054426,0.015554878,0.01269814,0.0048014093,0.062359598,-0.0068785623,4.287842,-0.73871005,5.9037175,-1.3313224,0.124719195,-0.013757125,0.11268602,-0.019413564,0.0692922,-0.015625797,253.44243,253.7994,340.24088,2.0700326,19.263514,0.26940173
2,90,10,0.0069999998,0.036713894,0.018776074,0.012379485,0.005558335,0.06851291,-0.011841407,4.233699,-0.57878923,6.352045,-1.4716879,0.13702582,-0.023682814,0.11126313,-0.0152107915,0.07455424,-0.017273262,253.45297,253.8213,340.58078,2.050477,19.263514,0.28663716
2,91,10,0.0069999998,0.031940755,0.014281889,0.012796132,0.004862732,0.05975343,-0.010064435,4.3043547,-0.5558958,5.9412985,-1.2647725,0.11950686,-0.02012887,0.11311999,-0.014609144,0.06973329,-0.014844697,253.41267,253.73885,339.72855,1.8206683,19.263514,0.26176846
2,92,10,0.0069999998,0.03293754,0.01546509,0.012374722,0.005097728,0.062179357,-0.010083598,4.2328844,-0.66961426,6.083164,-1.3375801,0.12435871,-0.020167196,0.11124173,-0.017597701,0.07139838,-0.015699241,253.46126,253.85141,340.03,2.0071943,19.263514,0.26607037
2,93,10,0.0069999998,0.03755409,0.019057877,0.013747476,0.004748734,0.06902514,-0.01193095,4.461492,-0.42541966,5.871244,-1.2758764,0.13805027,-0.0238619,0.11724963,-0.011180184,0.06891106,-0.014975022,253.55171,254.20984,340.6961,1.7012961,19.258064,0.2714621
2,94,10,0.0069999998,0.03470789,0.015272597,0.015037081,0.0043982114,0.061791174,-0.007714651,4.666061,-0.51502144,5.6504006,-1.1122583,0.12358235,-0.015429302,0.122625776,-0.013534953,0.06631901,-0.013054624,253.57541,254.47226,340.3033,1.6272798,19.258064,0.23129825
2,95,10,0.0069999998,0.03410218,0.014829398,0.014270475,0.005002305,0.060888007,-0.007766991,4.545565,-0.6132498,6.025961,-0.9279861,0.121776015,-0.015533982,0.11945909,-0.01611643,0.070726976,-0.010891813,253.6141,254.49542,341.02106,1.5412359,19.258064,0.1903184
2,96,10,0.0069999998,0.036233947,0.015189413,0.014532841,0.006511692,0.061622668,-0.010216598,4.5871606,-0.697736,6.875244,-0.9163484,0.123245336,-0.020433197,0.120552234,-0.018336752,0.080695055,-0.010755226,253.65775,254.57845,341.45816,1.6140845,19.258064,0.2276679
2,97,10,0.0069999998,0.029750576,0.012363595,0.012234676,0.0051523056,0.055595852,-0.0050046407,4.2088637,-0.030972134,6.115642,-0.56958455,0.111191705,-0.010009281,0.11061047,-0.0008139592,0.071779564,-0.00668524,253.65877,254.64609,340.65857,0.6005567,19.252693,0.22961648
2,98,10,0.0069999998,0.032895133,0.014491633,0.013632818,0.004770683,0.0601906,-0.00320315,4.4428487,-0.2691137,5.884797,-0.46550396,0.1203812,-0.0064063,0.11675966,-0.007072402,0.06907013,-0.0054636397,253.69846,254.72968,341.0022,0.73461765,19.252693,0.25021806
2,99,10,0.0069999998,0.040681966,0.018260773,0.016301202,0.0061199903,0.067566216,-0.0064910604,4.858235,-0.0513076,6.6652517,-0.4552808,0.13513243,-0.012982121,0.12767616,-0.001348382,0.078230366,-0.005343648,253.76973,254.917,341.52975,0.5065884,19.252693,0.31529477
2,100,10,0.0069999998,0.0374145,0.01269045,0.018064508,0.0066595403,0.05632595,-0.003293846,5.1142473,-0.09471694,6.952858,-0.40047354,0.1126519,-0.006587692,0.13440427,-0.0024891908,0.08160601,-0.0047003776,253.8065,255.19348,340.93408,0.49519047,19.252693,0.30476066
3,1,10,0.0048999996,0.06725818,0.037722964,0.022067139,0.0074680764,0.097112,0.010737924,5.6525145,1.0679846,7.362844,-0.9011185,0.194224,0.021475848,0.14855012,0.028067015,0.08641803,-0.01057647,251.77585,247.40353,331.05157,-0.16686606,19.24746,0.8947548
3,2,10,0.0048999996,0.07088461,0.039329138,0.02457087,0.0069845957,0.09915788,0.009433334,5.9645667,1.1167969,7.120522,-0.96924627,0.19831575,0.018866668,0.15675098,0.029349823,0.08357389,-0.011376088,251.73888,247.21739,331.0273,-0.14755058,19.24746,0.9378992
3,3,10,0.0048999996,0.07121701,0.036513355,0.02694925,0.0077544088,0.09554234,0.007561243,6.246575,1.3884379,7.5026655,-1.1231773,0.19108468,0.015122486,0.16416226,0.036488637,0.08805912,-0.013182784,251.71808,247.07497,330.8175,-0.26526058,19.24746,0.956857
3,4,10,0.0048999996,0.07097458,0.03921968,0.024604198,0.0071507036,0.099019796,0.010407667,5.968611,1.3780409,7.204695,-1.1461828,0.19803959,0.020815333,0.15685725,0.03621541,0.08456183,-0.013452797,251.70328,247.09793,330.27716,-0.23185813,19.24746,0.92200345
3,5,10,0.0048999996,0.061389852,0.03001399,0.024862302,0.0065135607,0.08662273,0.014023938,5.9998355,1.2007326,6.8762307,-0.80945396,0.17324546,0.028047876,0.15767784,0.03155569,0.08070663,-0.009500598,251.71405,247.12094,330.96246,-0.39127862,19.24364,0.6250212
3,6,10,0.0048999996,0.06003371,0.026116224,0.026953178,0.0069643087,0.080802575,0.013534647,6.2470307,1.3492211,7.1101747,-0.8535614,0.16160515,0.027069295,0.16417423,0.035458013,0.08345243,-0.010018289,251.6758,246.99055,330.9911,-0.4956597,19.24364,0.666761
3,7,10,0.0048999996,0.05906609,0.026754824,0.02584648,0.0064647873,0.08178451,0.015031803,6.117435,1.426682,6.8504376,-0.8261074,0.16356902,0.030063607,0.1607684,0.037493724,0.0804039,-0.009696061,251.599,246.68678,330.3916,-0.6005746,19.24364,0.6695835
3,8,10,0.0048999996,0.062403146,0.029121663,0.026953671,0.006327812,0.08532535,0.013846558,6.2470884,1.2621851,6.7774773,-0.75169957,0.1706507,0.027693115,0.16417573,0.03317068,0.07954755,-0.008822733,251.56514,246.46526,330.668,-0.51048553,19.24364,0.6767734
3,9,10,0.0048999996,0.052418407,0.021315739,0.024512714,0.006589954,0.07299955,0.015966166,5.9575043,1.1458198,6.916437,-0.41567364,0.1459991,0.03193233,0.15656537,0.030112552,0.08117853,-0.004878782,251.52243,246.32295,330.34296,-0.73014617,19.239805,0.5048638
3,10,10,0.0048999996,0.05365183,0.023821669,0.02416356,0.005666602,0.07717135,0.01966326,5.9149237,1.1165236,6.4136105,-0.38940132,0.1543427,0.03932652,0.15544632,0.029342651,0.07527684,-0.0045704204,251.4476,246.05727,329.4589,-0.7271223,19.239805,0.50727165
3,11,10,0.0048999996,0.05327695,0.023902394,0.024232524,0.005142033,0.077301994,0.018425327,5.923358,1.0237701,6.109542,-0.31594062,0.15460399,0.036850654,0.15566799,0.026905045,0.07170797,-0.0037082084,251.44499,245.96437,329.78067,-0.7078295,19.239805,0.51144564
3,12,10,0.0048999996,0.05231922,0.02221026,0.024823856,0.005285107,0.07451554,0.017373702,5.995195,1.0547291,6.1939564,-0.40990895,0.14903107,0.034747403,0.15755588,0.027718648,0.07269874,-0.00481112,251.44968,245.9723,329.84668,-0.64482015,19.239805,0.5040764
3,13,10,0.0048999996,0.044052217,0.02232323,0.016805386,0.004923602,0.0747048,0.019320255,4.9327927,0.4873271,5.9783688,0.060892742,0.1494096,0.03864051,0.12963559,0.012807128,0.07016838,0.0007147,251.42603,245.84967,329.31412,-0.54821986,19.236183,0.5800483
3,14,10,0.0048999996,0.043040264,0.023626614,0.014763573,0.0046500755,0.07685476,0.018070625,4.623431,0.4309233,5.809934,0.14610934,0.15370952,0.03614125,0.12150545,0.011324822,0.06819146,0.00171489,251.40906,245.63408,329.74387,-0.5770327,19.236183,0.59797287
3,15,10,0.0048999996,0.040658027,0.020968117,0.014913127,0.004776785,0.07240186,0.014988055,4.6467896,0.7041492,5.8885593,0.017442876,0.14480372,0.02997611,0.122119315,0.018505285,0.06911429,0.00020472992,251.40869,245.69254,329.9157,-0.72159207,19.236183,0.56814003
3,16,10,0.0048999996,0.04177318,0.022341985,0.014813691,0.0046175057,0.07473618,0.018282192,4.631272,0.8632905,5.7895513,0.056041755,0.14947236,0.036564384,0.12171151,0.02268759,0.06795223,0.00065776496,251.37721,245.68593,329.36774,-0.91933227,19.236183,0.5589271
3,17,10,0.0048999996,0.035088114,0.019490484,0.010674984,0.0049226466,0.06980416,0.013991026,3.9314458,-0.27360645,5.9777884,0.43794465,0.13960832,0.027982052,0.10331982,-0.007190478,0.07016157,0.005140178,251.42126,245.82275,329.85056,-0.1643382,19.23286,0.512816
3,18,10,0.0048999996,0.037549835,0.01889251,0.013215124,0.005442201,0.06872501,0.013161298,4.3742566,-0.23566002,6.285336,0.20064622,0.13745002,0.026322596,0.11495705,-0.0061932295,0.073771276,0.0023549977,251.4503,245.92638,329.76743,0.035013795,19.23286,0.44080436
3,19,10,0.0048999996,0.037648175,0.019432565,0.012695794,0.0055198157,0.06970037,0.015266652,4.2874455,-0.15067838,6.3299966,0.17653632,0.13940074,0.030533304,0.112675615,-0.003959882,0.07429546,0.002072015,251.46442,246.04364,329.56537,-0.02585794,19.23286,0.45507586
3,20,10,0.0048999996,0.037510663,0.020196859,0.011720714,0.005593091,0.07105783,0.014328541,4.1195116,-0.31786084,6.3718734,0.2028441,0.14211565,0.028657082,0.10826225,-0.008353497,0.07478697,0.0023807876,251.52568,246.32158,330.3667,0.11501674,19.23286,0.4996553
3,21,10,0.0048999996,0.031519964,0.013370773,0.012879662,0.005269529,0.05781603,0.0066192844,4.3183804,-1.117642,6.184821,0.30731323,0.11563206,0.013238569,0.1134886,-0.029372036,0.07259152,0.0036069492,251.52223,246.31255,330.3873,0.81032884,19.229858,0.3690468
3,22,10,0.0048999996,0.029985294,0.012989454,0.011860425,0.0051354147,0.056985643,0.00784356,4.1439905,-1.1496158,6.105609,0.1739119,0.113971286,0.01568712,0.108905576,-0.030212319,0.07166181,0.0020412097,251.47353,246.18456,329.7006,0.97570384,19.229858,0.38622904
3,23,10,0.0048999996,0.032650176,0.015359354,0.012379709,0.004911114,0.06196643,0.007913544,4.233737,-1.0161312,5.970782,0.23521139,0.12393286,0.015827088,0.11126414,-0.026704293,0.07007934,0.0027606871,251.49649,246.23625,330.19623,0.7809198,19.229858,0.40121552
3,24,10,0.0048999996,0.030037498,0.014481093,0.010493287,0.0050631184,0.060168706,0.0066543394,3.8978438,-0.91647947,6.0624795,0.10704811,0.12033741,0.013308679,0.10243674,-0.024085412,0.07115559,0.0012564262,251.49095,246.3288,330.45258,0.8094314,19.229858,0.3401258
3,25,10,0.0048999996,0.031763848,0.012546349,0.014263498,0.0049540023,0.056005243,0.0022910512,4.544454,-1.709674,5.996796,0.2676326,0.11201049,0.0045821024,0.11942989,-0.044930853,0.070384674,0.003141219,251.41414,246.0153,329.70828,1.4420414,19.227125,0.40056613
3,26,10,0.0048999996,0.033282652,0.013251144,0.015184556,0.0048469533,0.057556808,0.0011994381,4.688887,-1.8106388,5.931652,0.33292767,0.115113616,0.0023988762,0.12322563,-0.04758424,0.069620065,0.0039075864,251.39172,245.77824,329.90164,1.4777111,19.227125,0.42795894
3,27,10,0.0048999996,0.0327879,0.012751909,0.01534826,0.004687731,0.056462176,-0.0005700131,4.714094,-1.7874153,5.8334107,0.17349644,0.11292435,-0.0011400261,0.1238881,-0.046973918,0.068467006,0.0020363308,251.39003,245.85295,329.98618,1.6139188,19.227125,0.40710616
3,28,10,0.0048999996,0.032376222,0.012622143,0.015051593,0.004702488,0.056174155,0.0014248563,4.668312,-1.8991936,5.8425856,0.28468522,0.11234831,0.0028497125,0.12268493,-0.049911488,0.06857469,0.0033413642,251.35663,245.79292,329.37234,1.6145084,19.227125,0.39629057
3,29,10,0.0048999996,0.035882775,0.014232652,0.017086232,0.004563889,0.05965034,-0.0047897776,4.9738398,-2.038718,5.7558403,0.44892976,0.11930068,-0.009579555,0.13071431,-0.053578246,0.06755656,0.0052691107,251.38629,245.83827,329.88333,1.5897882,19.224453,0.50199616
3,30,10,0.0048999996,0.036421172,0.015752748,0.016199492,0.004468934,0.062754974,-0.006970736,4.843055,-1.7640643,5.695649,0.4082818,0.12550995,-0.013941472,0.12727723,-0.046360243,0.06685009,0.004792026,251.40228,245.83615,330.10965,1.3557825,19.224453,0.48302174
3,31,10,0.0048999996,0.037416376,0.015120474,0.01771586,0.0045800433,0.061482668,-0.004214489,5.064654,-1.8104831,5.766018,0.45601737,0.122965336,-0.008428978,0.13310094,-0.04758015,0.067676015,0.0053522997,251.42886,245.95805,329.56274,1.3544657,19.224453,0.46122372
3,32,10,0.0048999996,0.03698178,0.015661145,0.016771026,0.0045496104,0.06257225,-0.0056910333,4.9277477,-1.9746057,5.7468295,0.5133028,0.1251445,-0.011382067,0.129503,-0.051893353,0.0674508,0.0060246573,251.5248,246.36058,330.4558,1.4613029,19.224453,0.48681718
3,33,10,0.0048999996,0.03675339,0.017323304,0.014831933,0.0045981524,0.06580901,-0.0100875,4.6341233,-1.411046,5.7774057,0.3169564,0.13161802,-0.020175,0.12178642,-0.037082795,0.06780968,0.0037201343,251.54944,246.53877,331.06644,1.0940896,19.22163,0.45569628
3,34,10,0.0048999996,0.034493364,0.01631622,0.013728257,0.0044488856,0.06386748,-0.0087571675,4.458373,-1.2204604,5.682858,0.35015053,0.12773496,-0.017514335,0.117167644,-0.03207414,0.06669997,0.0041097314,251.48682,246.30705,330.3105,0.8703099,19.22163,0.3879984
3,35,10,0.0048999996,0.030566595,0.013988914,0.012091158,0.0044865226,0.05913737,-0.010310552,4.184106,-1.2140682,5.7068458,0.43897125,0.11827474,-0.020621104,0.1099598,-0.03190615,0.06698151,0.0051522283,251.53426,246.42967,331.0464,0.7750969,19.22163,0.35378906
3,36,10,0.0048999996,0.032998465,0.015779136,0.012741922,0.0044774064,0.062807515,-0.011965036,4.2952275,-1.0750207,5.7010455,0.19543411,0.12561503,-0.023930073,0.112880126,-0.028251935,0.066913426,0.0022938221,251.6018,246.76291,331.4698,0.8795866,19.22163,0.36377162
3,37,10,0.0048999996,0.03175648,0.015198969,0.012245082,0.004312428,0.06164205,-0.009109176,4.210654,-0.1423395,5.595026,0.24711531,0.1232841,-0.018218352,0.1106575,-0.0037407333,0.06566908,0.0029004049,251.61026,246.8814,330.82614,-0.104775816,19.218534,0.2567653
3,38,10,0.0048999996,0.028802881,0.014135261,0.010471615,0.004196005,0.059445903,-0.009483483,3.8938167,-0.24714199,5.5189853,0.44345698,0.118891805,-0.018966965,0.10233091,-0.006494982,0.06477658,0.005204875,251.64444,246.9133,331.32135,-0.19631499,19.218534,0.23397392
3,39,10,0.0048999996,0.029438559,0.015061959,0.01039958,0.0039770203,0.061363585,-0.011184916,3.8804007,-0.027242448,5.3730407,0.38063642,0.12272717,-0.022369832,0.10197833,-0.0007159433,0.06306362,0.004467545,251.64758,246.87094,331.8231,-0.35339397,19.218534,0.25093168
3,40,10,0.0048999996,0.027808515,0.012922915,0.010973568,0.003912034,0.0568395,-0.009572809,3.9860487,-0.07840505,5.328961,0.3142851,0.113679,-0.019145617,0.1047548,-0.002060512,0.06254625,0.0036887792,251.572,246.70116,331.04428,-0.23588005,19.218534,0.24609932
3,41,10,0.0048999996,0.027103268,0.012866117,0.01031922,0.00391793,0.056714453,-0.00855067,3.8653793,0.8316091,5.3329744,0.2543213,0.113428906,-0.01710134,0.10158356,0.021854987,0.06259337,0.0029849808,251.53407,246.53938,331.3809,-1.0859303,19.2152,0.28432545
3,42,10,0.0048999996,0.031437363,0.016136924,0.01139863,0.0039018083,0.063515596,-0.01091699,4.0625153,0.85898226,5.3219914,0.07222393,0.12703119,-0.02183398,0.10676437,0.022574367,0.062464457,0.00084769604,251.51839,246.43118,331.48737,-0.9312062,19.2152,0.31361502
3,43,10,0.0048999996,0.028756263,0.013148302,0.011771009,0.0038369498,0.057333022,-0.008189484,4.1283402,0.8576376,5.2775736,0.14208673,0.114666045,-0.016378967,0.10849428,0.022539029,0.061943118,0.0016676789,251.48712,246.30736,330.80316,-0.9997243,19.2152,0.28454125
3,44,10,0.0048999996,0.027939536,0.012732009,0.01124906,0.0039584665,0.056418102,-0.008452295,4.0357738,0.83973384,5.3604927,0.20788968,0.112836204,-0.01690459,0.106061585,0.02206851,0.062916346,0.0024400083,251.5053,246.31033,331.2682,-1.0476235,19.2152,0.272483
3,45,10,0.0048999996,0.03190407,0.014679946,0.01363899,0.003585136,0.060580414,-0.006475267,4.443854,1.7141982,5.101455,0.19140409,0.12116083,-0.012950534,0.116786085,0.04504975,0.059876006,0.0022465172,251.5479,246.54654,331.46497,-1.9056023,19.211687,0.35791433
3,46,10,0.0048999996,0.030930601,0.013270372,0.014142845,0.0035173863,0.05759855,-0.0045766607,4.5251927,1.587373,5.053023,0.42173368,0.1151971,-0.009153321,0.118923694,0.041716736,0.059307557,0.0049499073,251.54955,246.53773,330.9557,-2.0091066,19.211687,0.33346424
3,47,10,0.0048999996,0.028657442,0.012416971,0.012753145,0.0034873267,0.055715732,-0.0052523585,4.297118,1.3032143,5.031385,0.44461432,0.111431465,-0.010504717,0.11292982,0.03424894,0.059053592,0.0052184565,251.62851,246.73862,331.60858,-1.7478286,19.211687,0.32193312
3,48,10,0.0048999996,0.032387365,0.014730511,0.014150097,0.0035067566,0.06068466,-0.007659869,4.5263524,1.3777883,5.0453815,0.25440812,0.12136932,-0.015319738,0.11895418,0.03620877,0.059217874,0.0029860002,251.74359,247.1994,332.30667,-1.6321964,19.211687,0.3232199
3,49,10,0.0048999996,0.03057078,0.01282244,0.014436087,0.0033122548,0.056618106,-0.0012012383,4.5718656,1.6347013,4.9034653,0.20935044,0.11323621,-0.0024024765,0.12015027,0.042960532,0.057552192,0.0024571554,251.83858,247.72131,332.01413,-1.8440517,19.208147,0.3061873
3,50,10,0.0048999996,0.030151527,0.014174246,0.012455181,0.0035220995,0.05952782,-0.0020910862,4.246623,1.655075,5.056407,0.34583902,0.11905564,-0.0041821725,0.11160278,0.043495964,0.05934728,0.004059128,251.95285,248.22603,332.94998,-2.000914,19.208147,0.31223276
3,51,10,0.0048999996,0.029778684,0.013460477,0.01319621,0.0031219968,0.058009647,-0.0049421825,4.3711257,1.866203,4.760554,0.22981763,0.11601929,-0.009884365,0.11487476,0.049044494,0.055874832,0.0026973793,251.99385,248.33943,333.46054,-2.0960207,19.208147,0.32512563
3,52,10,0.0048999996,0.02902887,0.012889647,0.012975231,0.0031639924,0.05676629,-0.0030294901,4.3343725,1.8955331,4.7924647,0.20792909,0.11353258,-0.0060589802,0.11390887,0.049815293,0.056249376,0.0024404721,251.9646,248.2242,332.85748,-2.1034622,19.208147,0.31946704
3,53,10,0.0048999996,0.024122752,0.011456293,0.009442695,0.003223763,0.053517036,-0.002743383,3.6975722,1.1314303,4.83752,0.28493774,0.10703407,-0.005486766,0.097173534,0.029734403,0.056778193,0.003344327,252.01662,248.44855,333.76334,-1.416368,19.204525,0.22322652
3,54,10,0.0048999996,0.02840608,0.014163877,0.010990808,0.0032513966,0.059506044,-0.005003566,3.9891784,1.3274935,4.858209,0.026103327,0.11901209,-0.010007132,0.10483705,0.034887005,0.057021018,0.00030637524,252.0557,248.59381,334.20923,-1.3535969,19.204525,0.25050476
3,55,10,0.0048999996,0.023505595,0.010008988,0.010477603,0.003019003,0.050022464,-0.0020108584,3.8949304,1.1881279,4.6813703,0.10257021,0.10004493,-0.004021717,0.10236017,0.03122443,0.054945454,0.0012038705,252.05824,248.66568,333.74203,-1.290698,19.204525,0.2103998
3,56,10,0.0048999996,0.025716528,0.012323075,0.010028649,0.0033648058,0.055504672,-0.0026744318,3.8105698,1.0539368,4.94221,0.1008696,0.111009344,-0.0053488635,0.10014314,0.027697843,0.058006946,0.0011839111,252.09296,248.87038,334.27182,-1.1548065,19.204525,0.22043374
3,57,10,0.0048999996,0.026540266,0.012838354,0.01067604,0.0030258724,0.05665323,-0.0048236605,3.9316404,0.6099409,4.6866927,-0.27098352,0.11330646,-0.009647321,0.10332493,0.016029466,0.05500793,-0.003180545,252.10942,248.9467,334.5927,-0.33895737,19.200884,0.22481617
3,58,10,0.0048999996,0.02550023,0.011235093,0.0110455835,0.003219555,0.05299786,-0.0039043992,3.999107,0.5541218,4.8343616,-0.18321717,0.10599572,-0.0078087985,0.10509797,0.014562521,0.056741122,-0.0021504282,252.09935,249.01233,333.98627,-0.37090462,19.200884,0.2207029
3,59,10,0.0048999996,0.024550108,0.012282457,0.00890083,0.0033668226,0.055413123,-0.0030439026,3.5899127,0.4582258,4.943691,-0.2503182,0.11082625,-0.006087805,0.094344206,0.012042339,0.05802433,-0.0029379963,252.13086,249.08733,334.43994,-0.20790759,19.200884,0.18387641
3,60,10,0.0048999996,0.029627807,0.01579658,0.010490928,0.003340301,0.06284222,-0.0054096067,3.897406,0.6894362,4.9241815,-0.35107157,0.12568444,-0.010819213,0.10242523,0.018118631,0.05779534,-0.0041205427,252.16438,249.14493,334.8848,-0.33836463,19.200884,0.2419455
3,61,10,0.0048999996,0.02721469,0.01282965,0.011381611,0.003003428,0.056634024,-0.0011084215,4.059481,-0.25406778,4.669279,-0.24844724,0.11326805,-0.002216843,0.10668463,-0.006676992,0.05480354,-0.0029160357,252.18008,249.28015,334.3144,0.502515,19.197145,0.25367495
3,62,10,0.0048999996,0.028013906,0.0127190845,0.0119432155,0.0033516043,0.05638946,-0.0017480025,4.1584287,-0.3865274,4.932505,-0.008763631,0.11277892,-0.003496005,0.10928502,-0.010158079,0.05789304,-0.0001028588,252.23648,249.35081,335.02805,0.39529103,19.197145,0.2301424
3,63,10,0.0048999996,0.028488997,0.01344095,0.011728564,0.0033194828,0.057967555,-0.0034442944,4.12089,-0.14641729,4.908812,0.1240746,0.11593511,-0.006888589,0.108298495,-0.0038478978,0.057614952,0.0014562685,252.32121,249.5472,335.47574,0.02234269,19.197145,0.2639311
3,64,10,0.0048999996,0.02600206,0.011675993,0.010933333,0.0033927343,0.054027755,-0.0005981015,3.9787347,-0.2968226,4.9626784,0.20384784,0.10805551,-0.001196203,0.10456258,-0.0078006056,0.058247183,0.0023925712,252.36151,249.72375,334.9797,0.09297477,19.197145,0.24911144
3,65,10,0.0048999996,0.026532648,0.012882475,0.01026137,0.0033888028,0.056750495,0.0018478,3.8545291,-0.8198307,4.9598026,0.16027246,0.11350099,0.0036956,0.10129842,-0.021545446,0.058213424,0.0018811247,252.43924,249.99785,335.88525,0.65955824,19.19324,0.23538232
3,66,10,0.0048999996,0.026496528,0.013375908,0.01014214,0.002978479,0.05782713,-0.00029831883,3.8320706,-0.5900381,4.649845,-0.09620923,0.11565426,-0.00059663766,0.100708194,-0.015506415,0.054575443,-0.0011292124,252.47223,250.0988,336.23456,0.68624735,19.19324,0.25155023
3,67,10,0.0048999996,0.024877267,0.011444437,0.010383813,0.003049018,0.05348934,0.0025183,3.8774579,-0.6932686,4.7045836,-0.0471255,0.10697868,0.0050366,0.101900995,-0.01821935,0.055217914,-0.0005531142,252.44382,250.10637,335.35086,0.7403941,19.19324,0.25355965
3,68,10,0.0048999996,0.02448419,0.012340213,0.0091638565,0.0029801184,0.055543255,0.0011504615,3.6425688,-0.83220375,4.651125,-0.038490355,0.11108651,0.002300923,0.09572803,-0.021870611,0.05459046,-0.00045176287,252.46022,250.17587,335.7938,0.8706941,19.19324,0.24200408
3,69,10,0.0048999996,0.0264211,0.014473797,0.009119042,0.0028282607,0.060153548,-0.00040795375,3.6336515,-0.83035254,4.5310717,-0.21190356,0.120307095,-0.0008159075,0.095493674,-0.02182196,0.053181395,-0.0024871218,252.46709,250.19391,336.07413,1.0422561,19.189188,0.21969901
3,70,10,0.0048999996,0.025220241,0.012274097,0.009972027,0.0029741193,0.055394262,0.0024707676,3.799797,-0.7885468,4.646441,0.10142093,0.110788524,0.004941535,0.099860035,-0.020723293,0.054535486,0.0011903822,252.44557,250.12852,335.468,0.68712586,19.189188,0.20289496
3,71,10,0.0048999996,0.024009127,0.012088559,0.008888806,0.0030317614,0.05497399,0.0037244346,3.5874875,-0.99516356,4.6912518,0.16125897,0.10994798,0.0074488693,0.09428047,-0.02615326,0.055061433,0.0018927039,252.50267,250.21667,335.96765,0.8339046,19.189188,0.20478496
3,72,10,0.0048999996,0.02632014,0.014166793,0.009202869,0.002950479,0.05951217,0.0022350617,3.6503148,-0.98299074,4.627938,0.016009012,0.11902434,0.0044701234,0.09593158,-0.025833357,0.054318313,0.00018789762,252.60669,250.68526,336.59027,0.9669817,19.189188,0.20928104
3,73,10,0.0048999996,0.021411704,0.010920262,0.007982995,0.0025084466,0.052250028,0.0056638247,3.3997862,-0.67790407,4.267206,0.042479776,0.104500055,0.0113276495,0.08934761,-0.017815564,0.050084393,0.00049858744,252.62003,250.89775,336.0598,0.6354243,19.185064,0.14115393
3,74,10,0.0048999996,0.024094095,0.012079804,0.00915339,0.0028609016,0.05495408,0.005752652,3.6404886,-0.6674982,4.557143,0.028414486,0.10990816,0.011505304,0.09567335,-0.017542092,0.053487398,0.00033350303,252.62042,250.80916,336.55533,0.6390837,19.185064,0.14326037
3,75,10,0.0048999996,0.025174031,0.013161235,0.009169312,0.0028434845,0.05736121,0.0018305399,3.6436534,-0.67158526,4.5432506,-0.092648745,0.11472242,0.0036610798,0.09575652,-0.017649502,0.053324334,-0.0010874211,252.62744,250.76614,337.04892,0.764234,19.185064,0.14760146
3,76,10,0.0048999996,0.024632178,0.0125161065,0.009491758,0.0026243147,0.055937704,0.0042786263,3.707166,-0.7254497,4.364648,0.10117849,0.11187541,0.008557253,0.097425655,-0.019065078,0.051228065,0.0011875371,252.58578,250.63786,336.35535,0.6242712,19.185064,0.14459649
3,77,10,0.0048999996,0.022757402,0.010834837,0.0090608215,0.0028617443,0.052045263,0.0073066256,3.6220336,-0.5727554,4.5578146,0.21594997,0.10409053,0.014613251,0.09518835,-0.015052217,0.053495273,0.0025346153,252.64636,250.79976,336.76843,0.35680544,19.180891,0.1885401
3,78,10,0.0048999996,0.024681592,0.012332834,0.009102626,0.0032461328,0.055526648,0.0046966993,3.6303794,-0.52595276,4.8542747,0.09128906,0.111053295,0.009393399,0.09540768,-0.01382223,0.056974843,0.0010714658,252.73405,251.09273,337.33258,0.4346637,19.180891,0.17655177
3,79,10,0.0048999996,0.022768332,0.010494338,0.009312394,0.0029616002,0.05122094,0.0074198004,3.6719718,-0.45976892,4.6366515,0.28652143,0.10244188,0.014839601,0.09650075,-0.012082893,0.054420587,0.0033629148,252.76604,251.29608,336.86667,0.17324749,19.180891,0.17861466
3,80,10,0.0048999996,0.025142524,0.011669404,0.010230623,0.003242496,0.054012507,0.007931466,3.8487499,-0.455188,4.8515544,0.1691559,0.108025014,0.015862932,0.10114654,-0.011962505,0.056942917,0.001985391,252.81131,251.40747,337.33673,0.2860321,19.180891,0.21519366
3,81,10,0.0048999996,0.025337534,0.013097232,0.009174809,0.0030654937,0.05722157,0.006132463,3.644745,-0.13037337,4.717277,-0.043908052,0.11444314,0.012264926,0.09578522,-0.0034262582,0.0553669,-0.0005153505,252.85641,251.52513,337.98224,0.17428142,19.176697,0.22945292
3,82,10,0.0048999996,0.024969695,0.011750285,0.010524051,0.00269536,0.054199364,0.0076866085,3.9035537,-0.16752525,4.4233327,0.03695613,0.10839873,0.015373217,0.1025868,-0.0044026235,0.051916856,0.00043375595,252.82266,251.47992,337.3626,0.13056912,19.176697,0.23008381
3,83,10,0.0048999996,0.024276262,0.01149209,0.009901651,0.002882519,0.053600583,0.0071079964,3.786365,-0.049622662,4.574328,0.114063844,0.10720117,0.014215993,0.09950704,-0.0013041014,0.053689096,0.0013387733,252.82005,251.38727,337.58136,-0.06444118,19.176697,0.2509299
3,84,10,0.0048999996,0.02519357,0.011954581,0.009813781,0.0034252096,0.054668505,0.0040819803,3.769527,-0.11631351,4.9863734,-0.03140721,0.10933701,0.008163961,0.09906453,-0.0030567604,0.05852529,-0.00036862763,252.86356,251.51193,337.87985,0.14772072,19.176697,0.25335282
3,85,10,0.0048999996,0.023327747,0.009695991,0.010220095,0.0034116616,0.04923411,0.004841642,3.846769,-0.019902721,4.976502,-0.015202455,0.09846822,0.009683284,0.101094484,-0.00052305,0.05840943,-0.00017843282,252.8941,251.78139,337.23886,0.035105176,19.17247,0.2284084
3,86,10,0.0048999996,0.023586601,0.010773537,0.009920207,0.0028928572,0.051897824,0.004614812,3.7899108,-0.12844078,4.5825233,0.003270544,0.10379565,0.009229624,0.09960023,-0.0033754662,0.053785287,3.838539e-5,252.96349,252.05415,337.9791,0.12517023,19.17247,0.23322526
3,87,10,0.0048999996,0.025722822,0.012196487,0.010338401,0.0031879344,0.055218853,0.0015890646,3.8689702,-0.24105947,4.810563,-0.13414888,0.110437706,0.0031781292,0.10167793,-0.0063351295,0.056461796,-0.0015745094,253.02887,252.29054,338.70444,0.37520835,19.17247,0.24892464
3,88,10,0.0048999996,0.024791941,0.011977275,0.00985957,0.0029550956,0.05472037,0.0026278966,3.778311,-0.1457236,4.6315565,-0.020334417,0.10944074,0.005255793,0.09929537,-0.003829666,0.054360792,-0.00023866784,253.01689,252.35718,338.10385,0.16605802,19.17247,0.23205094
3,89,10,0.0048999996,0.02302846,0.011767084,0.008093501,0.0031678746,0.054238096,0.0037154062,3.4232364,-0.100588284,4.795404,0.08759231,0.10847619,0.0074308123,0.08996389,-0.0026434956,0.056283876,0.0010280763,253.0222,252.25757,338.3807,0.012995973,19.168182,0.18625046
3,90,10,0.0048999996,0.023826743,0.011569854,0.008593557,0.0036633306,0.05378163,0.0019809296,3.5274038,-0.043443043,5.156788,0.12583083,0.10756326,0.0039618593,0.09270144,-0.0011416968,0.060525455,0.0014768833,253.02187,252.14798,338.41342,-0.08238779,19.168182,0.17289011
3,91,10,0.0048999996,0.023691524,0.010751248,0.009244776,0.0036955,0.051844113,0.0048706303,3.6586163,0.05923296,5.1793804,0.16632427,0.103688225,0.009741261,0.09614976,0.0015566614,0.060790624,0.0019521557,252.95912,251.9175,337.56052,-0.22555724,19.168182,0.19063559
3,92,10,0.0048999996,0.02291212,0.010839566,0.0086864615,0.0033860926,0.052056618,0.0026019525,3.5464199,0.2011253,4.957818,-0.020924656,0.104113236,0.005203905,0.09320119,0.005285648,0.05819014,-0.0002455931,252.94739,251.81505,337.75388,-0.18020064,19.168182,0.21099648
3,93,10,0.0048999996,0.024669787,0.012941138,0.008170183,0.0035584664,0.05687956,-0.002400032,3.439415,0.08262598,5.0824447,-0.22490855,0.11375912,-0.004800064,0.090389065,0.00217144,0.059652884,-0.0026397633,252.98833,251.93741,338.29822,0.14228258,19.163841,0.1398341
3,94,10,0.0048999996,0.023581449,0.011317599,0.008901497,0.0033623537,0.0531921,-0.00018624417,3.5900474,0.102782816,4.940409,-0.19774,0.1063842,-0.00037248834,0.094347745,0.0027011686,0.057985805,-0.0023208838,253.01018,252.16016,337.76343,0.09495719,19.163841,0.14763975
3,95,10,0.0048999996,0.022357367,0.011038231,0.007984999,0.0033341376,0.052531492,0.0009899978,3.4002128,0.05376226,4.9196362,-0.15819156,0.105062984,0.0019799955,0.08935882,0.0014128932,0.057741992,-0.0018567012,253.07173,252.35953,338.34146,0.104429305,19.163841,0.15293407
3,96,10,0.0048999996,0.022487398,0.010080559,0.0084538115,0.003953028,0.050200995,-0.0017347476,3.4986053,-0.104008876,5.356809,-0.073090136,0.10040199,-0.003469495,0.09194461,-0.0027333908,0.06287311,-0.00085786136,253.16075,252.71826,339.0607,0.17709902,19.163841,0.16522972
3,97,10,0.0048999996,0.02291792,0.010739436,0.008384118,0.0037943672,0.051815625,-0.0012711744,3.484154,-0.14267325,5.2482057,-0.22304153,0.10363125,-0.0025423488,0.09156483,-0.0037495065,0.061598435,-0.0026178474,253.1813,252.89249,338.4374,0.3657148,19.159458,0.12691747
3,98,10,0.0048999996,0.02212156,0.010586838,0.008118969,0.0034157513,0.05144618,-0.0009031967,3.428618,-0.1740363,4.9794836,-0.291951,0.10289236,-0.0018063934,0.090105325,-0.004573739,0.05844443,-0.0034266422,253.21243,252.93265,338.85336,0.4659873,19.159458,0.14109424
3,99,10,0.0048999996,0.025998881,0.012805056,0.009428688,0.0037651372,0.056579713,-0.0031595586,3.6948287,-0.20351167,5.227952,-0.1565889,0.113159426,-0.0063191173,0.097101435,-0.0053483625,0.061360713,-0.0018378918,253.27376,253.10898,339.44666,0.36010057,19.159458,0.15412909
3,100,10,0.0048999996,0.024785183,0.011150904,0.009649762,0.0039845174,0.05279892,-0.0016758888,3.7378936,-0.15278076,5.378103,-0.057204466,0.10559784,-0.0033517776,0.0982332,-0.004015132,0.06312303,-0.000671412,253.27869,253.26709,338.87833,0.20998523,19.159458,0.16895051
4,1,10,0.0034299996,0.046451975,0.01588527,0.020727077,0.009839627,0.06301839,0.0071884613,5.4781976,-1.028651,8.451436,2.1128893,0.12603678,0.0143769225,0.14396901,-0.027033314,0.09919489,0.024799075,253.35626,252.36699,337.98676,-1.0842383,19.155046,0.42935252
4,2,10,0.0034299996,0.047372073,0.015989682,0.020964077,0.010418313,0.06322516,0.0069146943,5.509428,-1.214401,8.696408,2.3214002,0.12645032,0.013829389,0.14478977,-0.031914897,0.10207014,0.027246375,253.34827,252.25085,338.34317,-1.1069992,19.155046,0.45997828
4,3,10,0.0034299996,0.045160484,0.015287642,0.019711116,0.010161725,0.061821602,0.0044753533,5.342251,-1.2126987,8.588652,2.050473,0.123643205,0.008950707,0.14039628,-0.031870153,0.10080538,0.024066495,253.33511,252.29935,338.35196,-0.8377743,19.155046,0.40920022
4,4,10,0.0034299996,0.042712867,0.014103284,0.019269608,0.009339975,0.059378624,0.006133796,5.282082,-1.0531768,8.234061,1.9521846,0.11875725,0.012267592,0.13881502,-0.027677866,0.096643545,0.02291287,253.26416,252.08453,337.28528,-0.8990078,19.155046,0.41660193
4,5,10,0.0034299996,0.04034147,0.014992759,0.016844317,0.008504395,0.06122246,0.0038016902,4.9385033,-0.9991036,7.857112,1.7218856,0.12244492,0.0076033804,0.12978566,-0.026256807,0.09221928,0.020209847,253.2318,251.81696,337.4919,-0.72278196,19.15188,0.40478283
4,6,10,0.0034299996,0.03767222,0.013073937,0.016182825,0.008415459,0.05717066,0.0020985007,4.8405633,-0.89360124,7.8159204,1.5978261,0.11434132,0.0041970015,0.12721173,-0.023484157,0.09173581,0.018753761,253.20906,251.72624,337.7586,-0.7042249,19.15188,0.371147
4,7,10,0.0034299996,0.037520446,0.013406264,0.016256807,0.007857373,0.05789271,0.0046724724,4.8516145,-0.6905325,7.552311,1.7160888,0.11578542,0.009344945,0.12750219,-0.018147442,0.08864182,0.02014181,253.10828,251.39401,336.84003,-1.0255563,19.15188,0.37525654
4,8,10,0.0034299996,0.035589587,0.011860274,0.01591651,0.007812804,0.05445244,0.0039802818,4.800568,-0.8699611,7.530862,1.7777183,0.10890488,0.0079605635,0.12616065,-0.022862894,0.08839007,0.020865161,253.0307,250.98048,336.80295,-0.9077572,19.15188,0.39452648
4,9,10,0.0034299996,0.032944217,0.01278568,0.013010991,0.0071475487,0.05653689,-0.00024676128,4.340341,-0.5922595,7.203106,1.3678583,0.11307378,-0.00049352256,0.11406573,-0.015564796,0.084543176,0.016054615,252.94926,250.54605,336.48825,-0.77559876,19.14867,0.290398
4,10,10,0.0034299996,0.029696802,0.010117095,0.0129613625,0.0066183447,0.050291885,0.002139514,4.3320556,-0.4069105,6.9313197,1.4447047,0.10058377,0.004279028,0.11384798,-0.010693755,0.08135321,0.01695656,252.87267,250.30019,335.57263,-1.0377941,19.14867,0.27712178
4,11,10,0.0034299996,0.029576033,0.010331072,0.0125411,0.0067038615,0.05082094,0.0013824449,4.261245,-0.42444488,6.975956,1.5480038,0.10164188,0.0027648897,0.111987054,-0.011154565,0.08187711,0.018168986,252.84154,250.10715,335.86786,-1.1235589,19.14867,0.26463884
4,12,10,0.0034299996,0.030407852,0.010544801,0.013158205,0.006704846,0.05134394,-0.0007409179,4.364827,-0.46798998,6.976468,1.3077065,0.10268788,-0.0014818358,0.11470922,-0.012298946,0.081883125,0.015348608,252.8206,250.06392,335.95132,-0.8397165,19.14867,0.26197213
4,13,10,0.0034299996,0.026886523,0.009214682,0.012270026,0.005401816,0.047996566,-0.0011662531,4.21494,0.062244877,6.2619715,1.12853,0.09599313,-0.0023325062,0.11077015,0.0016358187,0.07349705,0.013245607,252.76717,249.92679,335.2134,-1.1907749,19.14548,0.20251296
4,14,10,0.0034299996,0.025205448,0.009553731,0.010698146,0.00495357,0.048871595,-0.00070426514,3.9357085,0.10848564,5.9965343,1.1594143,0.09774319,-0.0014085303,0.10343184,0.0028510394,0.070381604,0.013608101,252.74771,249.84572,335.44153,-1.2679,19.14548,0.19922476
4,15,10,0.0034299996,0.025642443,0.010223462,0.0103605045,0.0050584762,0.05055557,-0.003176768,3.873103,0.043918572,6.0596995,1.0178605,0.10111114,-0.006353536,0.10178656,0.0011541952,0.07112297,0.0119466735,252.69843,249.6934,335.5381,-1.0617791,19.14548,0.20395961
4,16,10,0.0034299996,0.02585814,0.010473084,0.010759944,0.0046251123,0.05116904,-0.001616354,3.9470594,0.22879945,5.794318,0.9860488,0.10233808,-0.003232708,0.10373015,0.0060129324,0.06800818,0.011573302,252.5936,249.31297,334.5628,-1.2148483,19.14548,0.21612222
4,17,10,0.0034299996,0.025109882,0.010493122,0.010462379,0.00415438,0.05121797,-0.0048480425,3.8920994,0.6988305,5.4915423,0.8193872,0.10243594,-0.009696085,0.10228577,0.018365521,0.06445448,0.009617184,252.5349,249.01219,334.61243,-1.5182177,19.14229,0.2434372
4,18,10,0.0034299996,0.026472405,0.011422013,0.010705955,0.004344438,0.05343691,-0.0059061195,3.9371445,0.5384993,5.6157527,0.56822366,0.10687382,-0.011812239,0.10346959,0.014151955,0.06591235,0.006669268,252.51701,248.96695,334.53204,-1.106723,19.14229,0.2807107
4,19,10,0.0034299996,0.025102044,0.009753738,0.01117501,0.0041732956,0.049380507,-0.00333555,4.0224686,0.60410154,5.5040293,0.6486546,0.098761015,-0.0066711,0.10571192,0.015875999,0.06460105,0.0076132873,252.48843,249.00853,333.96796,-1.2527561,19.14229,0.2743976
4,20,10,0.0034299996,0.02456417,0.009882736,0.01036882,0.004312612,0.049705975,-0.003919908,3.8746579,0.41499916,5.595146,0.75749546,0.09941195,-0.007839816,0.101827405,0.01090633,0.06567048,0.008890756,252.45331,248.75916,334.16833,-1.1724946,19.14229,0.2614555
4,21,10,0.0034299996,0.029104188,0.012399949,0.01213572,0.0045685186,0.05567753,-0.007121417,4.191808,0.94351643,5.758759,0.23468338,0.11135506,-0.014242834,0.11016224,0.024795953,0.06759082,0.00275449,252.40974,248.50383,333.9279,-1.1781998,19.139118,0.3784055
4,22,10,0.0034299996,0.02958593,0.0122188,0.012939974,0.0044271555,0.055269342,-0.0043454296,4.3284793,1.0950652,5.668963,0.22231123,0.110538684,-0.008690859,0.113754004,0.028778711,0.06653687,0.002609277,252.37904,248.45071,333.0651,-1.3173765,19.139118,0.3987618
4,23,10,0.0034299996,0.027365606,0.011775807,0.011563742,0.0040260595,0.054258194,-0.0039310283,4.0918326,1.022163,5.4060655,0.32522574,0.10851639,-0.007862057,0.10753484,0.026862811,0.06345124,0.0038171897,252.37062,248.43562,333.41544,-1.3473887,19.139118,0.3839177
4,24,10,0.0034299996,0.028535802,0.012898457,0.011574415,0.004062929,0.056785688,-0.0061056716,4.0937204,1.082032,5.430763,0.05430996,0.113571376,-0.012211343,0.107584454,0.028436193,0.06374111,0.00063743873,252.34073,248.34448,333.54758,-1.1363419,19.139118,0.4447509
4,25,10,0.0034299996,0.029390417,0.012727352,0.013042371,0.003620695,0.056407783,-0.0036298386,4.3455715,1.417736,5.126692,-0.1774305,0.11281557,-0.007259677,0.1142032,0.03725861,0.06017221,-0.00208251,252.28072,248.17442,332.76492,-1.2403055,19.135958,0.44909593
4,26,10,0.0034299996,0.031910345,0.01531208,0.012938159,0.003660104,0.061870996,-0.0036890055,4.3281755,1.3885205,5.1545167,-0.0764873,0.12374199,-0.007378011,0.113746025,0.036490817,0.060498793,-0.00089773384,252.26022,248.1139,332.83475,-1.3120332,19.135958,0.46196663
4,27,10,0.0034299996,0.03325121,0.015826548,0.013501125,0.0039235405,0.0629018,-0.005749745,4.421337,1.36245,5.3367915,-0.28406784,0.1258036,-0.01149949,0.116194345,0.03580568,0.06263817,-0.0033341174,252.20871,247.89244,332.628,-1.0783821,19.135958,0.51235723
4,28,10,0.0034299996,0.033175036,0.014483193,0.014966348,0.003725496,0.06017307,-0.003864195,4.6550736,1.5130666,5.200358,-0.16453846,0.12034614,-0.00772839,0.12233703,0.03976394,0.06103684,-0.0019311956,252.15442,247.72441,332.00717,-1.3485281,19.135958,0.52898526
4,29,10,0.0034299996,0.030629719,0.012620815,0.014407385,0.0036015187,0.0561712,-0.0025169987,4.567318,1.5895164,5.113097,-0.29782537,0.1123424,-0.0050339974,0.12003077,0.04177307,0.060012653,-0.0034955908,252.15778,247.70703,332.65665,-1.2916911,19.13282,0.43239003
4,30,10,0.0034299996,0.028549518,0.01174395,0.013278283,0.003527286,0.054184753,-0.0038140635,4.384698,1.4504725,5.0601287,-0.4221177,0.10836951,-0.007628127,0.11523143,0.038118947,0.05939096,-0.0049544126,252.14694,247.7021,332.83286,-1.0283548,19.13282,0.4409982
4,31,10,0.0034299996,0.029532252,0.012701878,0.013010089,0.0038202833,0.056351304,-0.0014444141,4.340191,1.3480945,5.266098,-0.40032554,0.11270261,-0.0028888283,0.11406178,0.035428412,0.06180844,-0.004698637,252.11761,247.73686,332.0935,-0.9477689,19.13282,0.44779834
4,32,10,0.0034299996,0.030536123,0.01305677,0.013554368,0.0039249845,0.057133112,-0.000995169,4.4300466,1.365391,5.337774,-0.29819158,0.114266224,-0.001990338,0.11642323,0.03588297,0.0626497,-0.003499889,252.09839,247.54712,332.18198,-1.0671995,19.13282,0.45269898
4,33,10,0.0034299996,0.025778329,0.009772821,0.012197927,0.00380758,0.04942879,0.0011766456,4.202538,1.0004469,5.257336,-0.48984882,0.09885758,0.0023532913,0.110444225,0.02629211,0.061705593,-0.005749377,252.0937,247.50995,332.35495,-0.51059806,19.12975,0.29781693
4,34,10,0.0034299996,0.027285725,0.010230489,0.013302556,0.0037526777,0.05057294,0.0025613257,4.3887033,1.0029055,5.2192945,-0.58193487,0.10114588,0.0051226513,0.11533671,0.026356721,0.061259102,-0.006830193,252.08945,247.5992,331.8681,-0.42097062,19.12975,0.32269126
4,35,10,0.0034299996,0.027387973,0.011381557,0.012239303,0.0037671113,0.05334219,0.0017711526,4.2096596,0.97054666,5.229323,-0.5051585,0.10668438,0.0035423052,0.110631384,0.025506318,0.0613768,-0.005929071,252.10393,247.64555,332.56946,-0.46538818,19.12975,0.32333192
4,36,10,0.0034299996,0.028152805,0.010027951,0.013713302,0.0044115526,0.050069828,0.0009262764,4.455943,0.9057248,5.6589637,-0.54151994,0.100139655,0.0018525528,0.11710381,0.023802768,0.06641952,-0.006355844,252.10942,247.66112,332.6602,-0.36420488,19.12975,0.32960504
4,37,10,0.0034299996,0.028299997,0.010610127,0.013443587,0.004246281,0.051502734,0.0057937345,4.411906,0.43821347,5.55195,-0.6499364,0.10300547,0.011587469,0.11594649,0.01151641,0.06516349,-0.007628334,252.08424,247.63539,331.93335,0.21172291,19.126823,0.29262927
4,38,10,0.0034299996,0.028893618,0.011357553,0.013088391,0.004447674,0.05328591,0.004819484,4.353232,0.5525068,5.6820846,-0.582245,0.10657182,0.009638968,0.11440451,0.014520079,0.066690885,-0.0068338388,252.07117,247.52625,332.29404,0.029738188,19.126823,0.31835306
4,39,10,0.0034299996,0.02768087,0.0101014115,0.012657829,0.004921629,0.05025289,0.0033074918,4.2810297,0.6694681,5.977171,-0.74680257,0.10050578,0.0066149835,0.112507015,0.017593857,0.070154324,-0.008765254,252.02377,247.39687,332.15717,0.07733446,19.126823,0.31428945
4,40,10,0.0034299996,0.028571257,0.010375587,0.0133613115,0.004834359,0.050930314,0.006098949,4.398385,0.6481736,5.9239407,-0.7779576,0.10186063,0.012197898,0.11559114,0.01703423,0.069529556,-0.009130923,251.91707,247.00693,331.24557,0.12978405,19.126823,0.33711654
4,41,10,0.0034299996,0.027065154,0.013211228,0.009601621,0.0042523053,0.057470053,0.0073997313,3.7285583,-0.37898687,5.555887,-0.8383721,0.11494011,0.014799463,0.09798786,-0.009959907,0.0652097,-0.009840012,251.90335,246.8662,331.49045,1.217359,19.124107,0.34950188
4,42,10,0.0034299996,0.026350833,0.011784809,0.0103146,0.0042514238,0.05427893,0.0066464767,3.8645134,-0.2962883,5.5553117,-0.9598584,0.10855786,0.013292953,0.101560816,-0.007786563,0.065202944,-0.011265906,251.91483,246.88274,331.3671,1.2561467,19.124107,0.30125043
4,43,10,0.0034299996,0.025792435,0.011968036,0.009702076,0.004122323,0.05469926,0.008659779,3.7480125,-0.3743882,5.4703135,-0.9477318,0.10939852,0.017319558,0.09849912,-0.009839065,0.06420532,-0.0111235725,251.93178,246.99187,330.81467,1.32212,19.124107,0.30581024
4,44,10,0.0034299996,0.028783932,0.01381617,0.01079889,0.0041688723,0.058771104,0.008055125,3.9541962,-0.33880866,5.501113,-0.862813,0.11754221,0.01611025,0.10391771,-0.008904014,0.064566806,-0.010126878,251.95688,247.05414,331.3346,1.2016217,19.124107,0.33004335
4,45,10,0.0034299996,0.02683217,0.010456382,0.012005646,0.004370142,0.051128227,0.007257435,4.1692834,-0.97812265,5.632342,-0.93878037,0.102256455,0.01451487,0.10957028,-0.02570542,0.06610705,-0.011018505,251.97987,247.24567,331.3374,1.916903,19.121603,0.29545432
4,46,10,0.0034299996,0.028823897,0.011868012,0.012215836,0.004740049,0.054470204,0.008636899,4.2056227,-0.96919334,5.8658724,-0.78970814,0.10894041,0.017273799,0.11052527,-0.025470756,0.068848014,-0.009268835,251.98466,247.37283,330.87827,1.7589015,19.121603,0.2896258
4,47,10,0.0034299996,0.030769095,0.014448076,0.011174122,0.0051468983,0.060100075,0.008849233,4.022309,-0.886419,6.1124315,-0.7719678,0.12020015,0.017698467,0.10570772,-0.02329541,0.07174189,-0.009060624,251.95894,247.18726,331.05148,1.6583868,19.121603,0.30071858
4,48,10,0.0034299996,0.030649072,0.012448167,0.012500381,0.005700523,0.05578568,0.008328393,4.2543216,-0.7702003,6.432778,-0.89704204,0.11157136,0.016656786,0.1118051,-0.02024114,0.07550181,-0.010528625,251.93413,247.07166,330.95132,1.6672423,19.121603,0.25632846
4,49,10,0.0034299996,0.035909537,0.0144275,0.015541457,0.0059405803,0.060057264,0.009733764,4.7436705,-1.2995892,6.5668283,-1.057425,0.12011453,0.019467529,0.12466538,-0.03415367,0.07707516,-0.012411044,251.9034,247.05031,330.1131,2.3570142,19.119255,0.29505372
4,50,10,0.0034299996,0.03652618,0.014028158,0.016662039,0.005835984,0.059220262,0.00883523,4.91171,-1.2965612,6.50876,-1.128151,0.118440524,0.01767046,0.12908152,-0.034074094,0.07639361,-0.0132411625,251.95415,247.22858,330.786,2.4247122,19.119255,0.29279348
4,51,10,0.0034299996,0.03366915,0.012863774,0.0153137995,0.0054915757,0.05670929,0.007847736,4.7087984,-1.3900726,6.3137836,-1.2049867,0.11341858,0.015695471,0.123748936,-0.03653161,0.074105166,-0.014142985,252.02415,247.57295,331.32812,2.5950594,19.119255,0.28239465
4,52,10,0.0034299996,0.03688206,0.013886337,0.017221453,0.0057742703,0.058920152,0.010324412,4.993483,-1.4231336,6.474254,-1.1381618,0.117840305,0.020648824,0.13123053,-0.037400473,0.07598862,-0.013358658,252.09026,247.98497,331.2054,2.5612955,19.119255,0.30095664
4,53,10,0.0034299996,0.034268916,0.013169497,0.015576942,0.005522476,0.057379216,0.0077445465,4.749083,-1.3988407,6.3315225,-1.0272213,0.11475843,0.015489093,0.12480762,-0.036762036,0.074313365,-0.012056545,252.17242,248.26228,331.8618,2.426062,19.116985,0.31317356
4,54,10,0.0034299996,0.030701708,0.011516538,0.013503836,0.005681333,0.05365757,0.0055923588,4.421781,-1.4901823,6.4219418,-1.0187454,0.10731514,0.0111847175,0.116206005,-0.03916253,0.07537462,-0.011957065,252.22166,248.34761,332.10434,2.5089278,19.116985,0.30786282
4,55,10,0.0034299996,0.031525247,0.013265154,0.012503194,0.0057568992,0.057587225,0.007858032,4.2548,-1.6399088,6.4645085,-1.073186,0.11517445,0.015716065,0.11181768,-0.04309739,0.07587423,-0.012596032,252.24928,248.55414,331.7701,2.7130947,19.116985,0.31344563
4,56,10,0.0034299996,0.030234335,0.013050811,0.011805653,0.0053778724,0.057120074,0.006883512,4.1344113,-1.605353,6.2480783,-1.0435438,0.11424015,0.013767024,0.10865382,-0.042189255,0.07333398,-0.0122481175,252.29033,248.73213,332.77676,2.6488967,19.116985,0.300698
4,57,10,0.0034299996,0.025137829,0.009275597,0.010651971,0.0052102604,0.04815495,0.003590887,3.9272056,-1.3221858,6.1499405,-1.0891927,0.0963099,0.007181774,0.103208385,-0.034747522,0.072182134,-0.012783903,252.26682,248.69275,333.1391,2.4113784,19.114805,0.27485996
4,58,10,0.0034299996,0.027498145,0.011340415,0.010950733,0.0052069956,0.053245693,0.004809052,3.9819,-1.2102041,6.148013,-1.0884403,0.10649139,0.009618104,0.10464575,-0.031804606,0.072159514,-0.012775069,252.16371,248.28264,332.3623,2.2986445,19.114805,0.27137986
4,59,10,0.0034299996,0.02677415,0.010400576,0.011537436,0.0048361393,0.050991606,0.004249434,4.0871763,-1.2364442,5.9250307,-1.0377134,0.10198321,0.008498868,0.10741246,-0.0324942,0.069542356,-0.01217969,252.10089,247.90767,332.39874,2.2741575,19.114805,0.2659102
4,60,10,0.0034299996,0.026715241,0.009525357,0.011686719,0.0055031665,0.048798967,0.002802875,4.113533,-1.4119198,6.320443,-1.0789548,0.097597934,0.00560575,0.10810513,-0.03710576,0.07418333,-0.0126637425,252.08742,247.96666,332.2627,2.4908748,19.114805,0.2785241
4,61,10,0.0034299996,0.026796207,0.010233721,0.010884864,0.005677622,0.050580926,0.003746261,3.9699059,-0.91871303,6.419843,-1.0553932,0.10116185,0.007492522,0.104330555,-0.024144113,0.075349994,-0.012387195,252.06924,248.01373,331.60602,1.9741063,19.112719,0.2271687
4,62,10,0.0034299996,0.026716186,0.01157857,0.00993273,0.005204885,0.053801883,0.0036949257,3.7923026,-0.9899648,6.146767,-0.9503414,0.107603766,0.0073898514,0.099663086,-0.026016632,0.07214489,-0.0111542,252.1021,248.03947,332.06897,1.9403062,19.112719,0.23967865
4,63,10,0.0034299996,0.02552282,0.009811716,0.010198945,0.0055121584,0.049527053,0.0024344565,3.8427868,-0.8470124,6.325605,-0.93427837,0.099054106,0.004868913,0.100989826,-0.022259794,0.07424391,-0.01096567,252.12251,248.17725,332.29282,1.7812908,19.112719,0.2378895
4,64,10,0.0034299996,0.026745435,0.011191105,0.009967592,0.005586739,0.052894007,0.003520844,3.7989516,-0.7947207,6.368254,-1.0706171,0.105788015,0.007041688,0.099837825,-0.02088555,0.07474449,-0.012565886,252.09627,248.16382,331.50067,1.8653378,19.112719,0.24171615
4,65,10,0.0034299996,0.02765772,0.013395327,0.009211216,0.0050511747,0.05786909,0.003180964,3.6519697,-0.23427308,6.0553236,-0.9608532,0.11573818,0.006361928,0.09597508,-0.0061567803,0.07107162,-0.011277577,252.10751,248.12457,331.92834,1.1951263,19.110723,0.1757063
4,66,10,0.0034299996,0.023889601,0.009761522,0.009033027,0.005095054,0.049400207,0.00084333867,3.6164737,-0.0014063325,6.0815682,-0.99558496,0.09880041,0.0016866773,0.095042236,-3.6956684e-5,0.07137965,-0.011685227,252.12662,248.24408,332.32788,0.9969913,19.110723,0.13724922
4,67,10,0.0034299996,0.023336144,0.010514291,0.00782536,0.0049964935,0.05126961,0.0027321826,3.3660522,-0.10109362,6.0224586,-0.9753355,0.10253922,0.0054643652,0.088461064,-0.0026567762,0.07068588,-0.011447556,252.14398,248.35973,331.99896,1.0764291,19.110723,0.12671618
4,68,10,0.0034299996,0.023001228,0.011012827,0.0074204295,0.004567971,0.05247101,0.00282291,3.2778056,-0.25713268,5.758414,-0.8419234,0.10494202,0.00564582,0.086141914,-0.006757539,0.067586765,-0.009881693,252.20616,248.50624,332.74573,1.0990561,19.110723,0.15662216
4,69,10,0.0034299996,0.02448275,0.011305543,0.008660745,0.0045164614,0.053163763,-0.0005149755,3.541166,0.5220668,5.7258554,-0.81080157,0.106327526,-0.001029951,0.09306312,0.013720101,0.067204624,-0.009516412,252.21417,248.59839,332.82962,0.2887348,19.108826,0.17841306
4,70,10,0.0034299996,0.024501601,0.010800713,0.00901543,0.00468546,0.05196324,0.00066998135,3.6129494,0.6727519,5.8319974,-0.76332057,0.10392648,0.0013399627,0.09494962,0.017680163,0.06845042,-0.008959129,252.23015,248.70297,332.2264,0.09056866,19.108826,0.17683025
4,71,10,0.0034299996,0.023612956,0.010410257,0.008404525,0.004798174,0.051015332,0.0007590212,3.4883919,0.6350836,5.9017286,-0.6832806,0.102030665,0.0015180424,0.0916762,0.016690228,0.06926885,-0.008019691,252.32103,249.03662,333.01224,0.04819697,19.108826,0.17747144
4,72,10,0.0034299996,0.023960507,0.010534174,0.00889636,0.004529973,0.05131806,-0.00039134972,3.5890117,0.6208477,5.734414,-0.8242305,0.10263612,-0.00078269944,0.09432052,0.016316103,0.06730507,-0.0096740285,252.36557,249.23958,333.36664,0.20338279,19.108826,0.1645224
4,73,10,0.0034299996,0.024252547,0.009481323,0.010416485,0.004354739,0.048686042,-0.00021111785,3.8835533,0.9121652,5.6224074,-0.6479241,0.097372085,-0.0004222357,0.10206118,0.023972034,0.06599045,-0.007604716,252.3179,249.18176,332.53687,-0.2642411,19.106972,0.20993304
4,74,10,0.0034299996,0.02301382,0.009830652,0.009258566,0.0039246026,0.049574822,-0.0009008666,3.6613443,0.8476737,5.3375144,-0.58412296,0.099149644,-0.0018017332,0.09622145,0.022277173,0.06264665,-0.0068558767,252.31569,249.0537,332.99075,-0.26355076,19.106972,0.20209363
4,75,10,0.0034299996,0.02393328,0.010467562,0.009632797,0.0038329223,0.051155552,-0.0018694235,3.7346065,1.0274975,5.2748027,-0.6039527,0.102311105,-0.003738847,0.09814681,0.027003009,0.0619106,-0.0070886225,252.33417,249.08803,333.38358,-0.42354482,19.106972,0.21716537
4,76,10,0.0034299996,0.022803701,0.008994885,0.01001867,0.0037901478,0.047420684,-0.00082520675,3.808673,1.1178514,5.2452874,-0.7897217,0.09484137,-0.0016504135,0.100093305,0.029377535,0.061564177,-0.009268996,252.32468,249.14075,332.71588,-0.32812965,19.106972,0.2202045
4,77,10,0.0034299996,0.023367347,0.009464346,0.010385152,0.0035178498,0.048642434,-0.003690326,3.877708,1.301723,5.0533557,-0.6380368,0.09728487,-0.007380652,0.101907566,0.034209747,0.059311464,-0.007488668,252.33205,249.20338,333.32675,-0.6636862,19.105108,0.24098264
4,78,10,0.0034299996,0.027597837,0.011833031,0.0122411,0.0035237083,0.054389868,-0.0062306877,4.209969,1.3800933,5.0575614,-0.7378028,0.108779736,-0.012461375,0.110639505,0.03626935,0.059360832,-0.0086596245,252.30272,249.13239,333.65643,-0.64229053,19.105108,0.28236607
4,79,10,0.0034299996,0.025540158,0.009822975,0.01224805,0.0034691321,0.04955546,-0.0041147643,4.211164,1.4573591,5.0182424,-0.63458514,0.09911092,-0.008229529,0.11067091,0.038299922,0.05889934,-0.007448156,252.27194,249.04257,333.1898,-0.82277393,19.105108,0.2739913
4,80,10,0.0034299996,0.024263948,0.009896299,0.010868669,0.0034989798,0.049740072,-0.005208159,3.966951,1.3278686,5.039784,-0.4849947,0.099480145,-0.010416318,0.104252905,0.03489686,0.059152175,-0.0056924024,252.33713,249.24738,334.03134,-0.8428739,19.105108,0.2560677
4,81,10,0.0034299996,0.026136298,0.011588323,0.011420169,0.0031278066,0.053824537,-0.008624774,4.066352,1.2692084,4.764981,-0.30746326,0.10764907,-0.017249549,0.10686519,0.033355255,0.055926796,-0.0036087101,252.3894,249.45245,334.29083,-0.96174514,19.10314,0.2565384
4,82,10,0.0034299996,0.025628904,0.010069255,0.012401851,0.0031577987,0.05017284,-0.006428133,4.2375216,1.3153164,4.7877717,-0.33555418,0.10034568,-0.012856266,0.1113636,0.034566984,0.056194294,-0.0039384156,252.39677,249.57083,333.54633,-0.97976226,19.10314,0.2356207
4,83,10,0.0034299996,0.026836868,0.012722064,0.011108189,0.0030066147,0.056396063,-0.00715111,4.010424,1.3187857,4.671756,-0.4188284,0.11279213,-0.01430222,0.10539539,0.034658164,0.054832608,-0.004915809,252.38478,249.47206,334.05093,-0.8999573,19.10314,0.24559441
4,84,10,0.0034299996,0.025806524,0.012404581,0.010554003,0.0028479404,0.055687927,-0.0099685695,3.9091046,1.4041357,4.5468082,-0.55951524,0.11137585,-0.019937139,0.10273267,0.03690119,0.0533661,-0.0065670544,252.34154,249.23465,333.9517,-0.84462047,19.10314,0.2869815
4,85,10,0.0034299996,0.021715622,0.009815145,0.00904616,0.0028543165,0.049535707,-0.008940691,3.6191022,1.0804049,4.551895,-0.2719969,0.09907141,-0.017881382,0.0951113,0.028393434,0.053425804,-0.0031924392,252.35275,249.3323,333.46616,-0.808408,19.101053,0.22335863
4,86,10,0.0034299996,0.02319996,0.011215169,0.009180203,0.0028045892,0.052950848,-0.008015177,3.6458163,0.9431657,4.51207,-0.27098504,0.105901696,-0.016030354,0.09581338,0.024786742,0.052958373,-0.0031805641,252.42996,249.61186,334.2256,-0.67218065,19.101053,0.20783311
4,87,10,0.0034299996,0.024246952,0.0122601045,0.009192986,0.0027938609,0.05536268,-0.0109121725,3.648354,0.9807194,4.5034323,-0.5057519,0.11072536,-0.021824345,0.09588006,0.02577366,0.052856985,-0.0059360326,252.49005,249.98122,334.62485,-0.47496748,19.101053,0.25628066
4,88,10,0.0034299996,0.021914318,0.010286368,0.008919595,0.0027083543,0.050710868,-0.00800703,3.5936952,1.0179965,4.433982,-0.4920575,0.101421736,-0.01601406,0.094443604,0.026753316,0.05204185,-0.0057753,252.45985,249.95082,333.9178,-0.52593905,19.101053,0.21882595
4,89,10,0.0034299996,0.023486631,0.012419763,0.008236984,0.002829885,0.055721994,-0.008195273,3.4534473,0.33943948,4.5323725,-0.109310806,0.11144399,-0.016390545,0.09075783,0.008920594,0.053196665,-0.0012829858,252.47076,249.92928,334.37576,-0.23012868,19.098827,0.19137534
4,90,10,0.0034299996,0.023290923,0.011796518,0.008630213,0.0028641915,0.05430589,-0.009592526,3.5349188,0.47536245,4.559763,-0.15721188,0.10861178,-0.019185051,0.09289894,0.012492695,0.053518143,-0.001845203,252.50941,250.04857,334.76956,-0.31815058,19.098827,0.2205433
4,91,10,0.0034299996,0.025428938,0.01278354,0.009455596,0.0031898,0.05653216,-0.0074441275,3.700097,0.60243154,4.81197,-0.13063018,0.11306432,-0.014888255,0.09723989,0.01583212,0.056478314,-0.001533213,252.53426,250.1977,334.255,-0.47180134,19.098827,0.19454814
4,92,10,0.0034299996,0.023901876,0.012492111,0.008241701,0.003168066,0.055884056,-0.0076648775,3.4544358,0.5889918,4.795549,0.001714822,0.11176811,-0.015329755,0.09078381,0.015478915,0.056285575,2.0127556e-5,252.59589,250.32164,335.16895,-0.59070665,19.098827,0.19044735
4,93,10,0.0034299996,0.023127818,0.011406456,0.00851711,0.003204252,0.053400505,-0.007987155,3.511679,-0.0045215143,4.8228593,0.23130147,0.10680101,-0.01597431,0.09228819,-0.00011882758,0.056606114,0.0027147965,252.6437,250.47928,335.87653,-0.22677995,19.096527,0.21106976
4,94,10,0.0034299996,0.021686606,0.010521847,0.007964784,0.0031999752,0.051288027,-0.005460563,3.3959062,0.14893676,4.819639,0.2439641,0.102576055,-0.010921126,0.08924564,0.0039141118,0.056568325,0.0028634174,252.61119,250.39865,335.18625,-0.39290088,19.096527,0.1929616
4,95,10,0.0034299996,0.020716384,0.010769508,0.0065050344,0.0034418423,0.05188812,-0.0064501762,3.0689757,0.14599487,4.9984655,0.32403043,0.10377624,-0.0129003525,0.080653794,0.0038368003,0.058667216,0.0038031617,252.60428,250.23747,335.66425,-0.4700253,19.096527,0.18718609
4,96,10,0.0034299996,0.024882374,0.013920667,0.007478638,0.0034830694,0.058992937,-0.009495185,3.2906368,0.30601975,5.0283127,0.24158818,0.117985874,-0.01899037,0.08647912,0.008042314,0.059017535,0.002835531,252.6349,250.34683,335.95312,-0.5476079,19.096527,0.2332475
4,97,10,0.0034299996,0.021157816,0.010209275,0.0075387214,0.0034098192,0.05052048,-0.0045989817,3.303829,-0.22487772,4.975158,0.37574935,0.10104096,-0.009197963,0.08682581,-0.0059098676,0.058393657,0.004410189,252.66754,250.62735,335.32608,-0.15087163,19.09416,0.19307032
4,98,10,0.0034299996,0.020901874,0.010240711,0.006931514,0.0037296498,0.0505982,-0.0037628629,3.1679823,-0.30962387,5.203257,0.27051798,0.1011964,-0.0075257258,0.083255716,-0.008137026,0.06107086,0.003175083,252.72072,250.81737,336.08633,0.039105892,19.09416,0.18937775
4,99,10,0.0034299996,0.021974195,0.011123588,0.0070623234,0.003788284,0.05273421,-0.006754103,3.197735,-0.2373811,5.2439976,0.076898634,0.10546842,-0.013508206,0.08403763,-0.0062384605,0.061549038,0.0009025626,252.74294,250.86447,336.66025,0.16048247,19.09416,0.21763615
4,100,10,0.0034299996,0.021386418,0.009539633,0.0080234995,0.0038232855,0.048835523,-0.0046051433,3.4084003,-0.3115834,5.268168,-0.013315721,0.09767105,-0.009210287,0.08957399,-0.008188522,0.061832722,-0.0001562891,252.7182,250.83798,335.78082,0.3248991,19.09416,0.20459059
5,1,10,0.0024009997,0.034918465,0.012116305,0.018280843,0.004521316,0.055037044,-0.0022535897,5.1447797,-0.74405,5.728931,1.313158,0.11007409,-0.0045071794,0.13520667,-0.019553905,0.06724073,0.015412593,253.47566,254.61366,340.84457,-0.569108,19.09173,0.31861547
5,2,10,0.0024009997,0.037680257,0.011574795,0.021332815,0.004772649,0.05379311,-0.0010725263,5.5576696,-0.9268388,5.886009,1.194322,0.10758622,-0.0021450527,0.14605758,-0.02435765,0.06908436,0.014017813,253.45065,254.44165,340.99826,-0.26748317,19.09173,0.33867872
5,3,10,0.0024009997,0.04597968,0.016743932,0.02416133,0.005074421,0.06469917,-0.0060618105,5.9146504,-0.9709562,6.069242,1.3016135,0.12939835,-0.012123621,0.15543915,-0.025517074,0.07123497,0.015277095,253.44354,254.39304,341.36505,-0.33065724,19.09173,0.3775867
5,4,10,0.0024009997,0.04413107,0.014517871,0.02488423,0.0047289706,0.060245063,-0.0033604074,6.00248,-0.8326251,5.8590136,1.3999243,0.12049013,-0.006720815,0.15774736,-0.021881687,0.06876751,0.016430976,253.37184,254.21954,340.24557,-0.5672992,19.09173,0.38646662
5,5,10,0.0024009997,0.040176764,0.01407783,0.021124221,0.0049747117,0.059325017,0.0022254023,5.530432,-0.94783205,6.009318,1.5817872,0.118650034,0.0044508046,0.14534174,-0.024909372,0.07053164,0.01856551,253.37279,254.0977,340.858,-0.6339552,19.08997,0.35486704
5,6,10,0.0024009997,0.04259684,0.014533517,0.02204811,0.0060152104,0.060277518,-0.0033893995,5.650077,-0.95799446,6.607948,1.5660716,0.120555036,-0.006778799,0.14848606,-0.025176436,0.07755779,0.018381052,253.36678,253.98538,341.19843,-0.60807717,19.08997,0.3836107
5,7,10,0.0024009997,0.040393677,0.013837467,0.021052388,0.0055038207,0.05881638,-0.0008629756,5.5210204,-0.81436294,6.3208194,1.5751123,0.11763276,-0.0017259512,0.14509441,-0.02140176,0.07418774,0.018487165,253.30702,253.71004,340.2593,-0.7607494,19.08997,0.3764377
5,8,10,0.0024009997,0.04006259,0.013678814,0.021471832,0.0049119433,0.058478232,0.00058721413,5.5757494,-1.0155205,5.9712873,1.5447487,0.116956465,0.0011744283,0.1465327,-0.026688244,0.07008526,0.018130785,253.31322,253.67464,340.43924,-0.5292282,19.08997,0.38777813
5,9,10,0.0024009997,0.04158628,0.016064666,0.020625707,0.004895906,0.06337323,5.1844e-5,5.4647846,-1.0155739,5.96153,1.489484,0.12674646,0.000103688,0.14361653,-0.026689637,0.06997075,0.017482143,253.32414,253.6847,340.44263,-0.4739101,19.088125,0.34393653
5,10,10,0.0024009997,0.040138606,0.014554731,0.02057655,0.005007326,0.060321495,0.0023093196,5.458269,-0.8164064,6.028985,1.6092936,0.12064299,0.004618639,0.14344528,-0.021455446,0.07076246,0.018888349,253.28386,253.60425,339.66815,-0.79288715,19.088125,0.3492782
5,11,10,0.0024009997,0.042322516,0.015880045,0.02087333,0.005569143,0.063008025,0.0045587816,5.4974923,-1.0286261,6.3582172,1.6945086,0.12601605,0.009117563,0.14447606,-0.027032671,0.07462669,0.019888526,253.33353,253.70694,340.2981,-0.66588247,19.088125,0.40119767
5,12,10,0.0024009997,0.046922315,0.01737862,0.022385221,0.007158474,0.065914,0.001171299,5.6931076,-1.0945983,7.2086086,1.7522488,0.131828,0.002342598,0.14961691,-0.028766435,0.084607765,0.020566223,253.39668,253.91008,340.96783,-0.6576505,19.088125,0.40834424
5,13,10,0.0024009997,0.04075865,0.015939465,0.018414935,0.0064042513,0.0631258,0.0049371063,5.163614,-1.1008232,6.818289,1.7607366,0.1262516,0.009874213,0.13570164,-0.028930029,0.08002657,0.020665845,253.43265,254.14038,340.22754,-0.6599134,19.086277,0.33408612
5,14,10,0.0024009997,0.04125119,0.016900472,0.018535662,0.005815057,0.06500091,0.0063353474,5.180513,-1.267868,6.4970803,1.87841,0.13000181,0.012670695,0.13614574,-0.033320036,0.07625652,0.022046987,253.5413,254.54303,340.80225,-0.61054194,19.086277,0.3447974
5,15,10,0.0024009997,0.043753862,0.018313017,0.019478848,0.0059619974,0.0676628,0.003920641,5.3106823,-1.1098065,6.5786552,1.9070802,0.1353256,0.007841282,0.13956665,-0.029166115,0.07721397,0.022383487,253.63684,254.89351,341.43616,-0.79727364,19.086277,0.3547543
5,16,10,0.0024009997,0.043742023,0.016795361,0.020895416,0.0060512447,0.06479846,0.006848908,5.500399,-1.0387639,6.6277113,1.92271,0.12959692,0.013697816,0.14455247,-0.02729909,0.077789746,0.022566933,253.6241,254.94354,340.72763,-0.88394606,19.086277,0.37124324
5,17,10,0.0024009997,0.04041277,0.017399944,0.017663404,0.005349422,0.065954424,0.008205222,5.0571504,-1.08406,6.2315297,1.6533304,0.13190885,0.016410444,0.13290374,-0.02848948,0.07313974,0.01940522,253.61949,254.90033,340.8625,-0.5692705,19.084457,0.31601605
5,18,10,0.0024009997,0.042294808,0.017946884,0.018637808,0.0057101157,0.06698299,0.005341259,5.1947665,-1.1851232,6.438188,1.6781347,0.13396598,0.010682518,0.13652036,-0.031145455,0.07556531,0.019696342,253.62973,254.9062,341.37997,-0.49301147,19.084457,0.31264374
5,19,10,0.0024009997,0.041976593,0.016354276,0.01939208,0.006230235,0.06394192,0.0072086714,5.2988405,-1.254164,6.725017,1.8263896,0.12788384,0.014417343,0.13925545,-0.032959886,0.07893184,0.02143642,253.62448,254.94365,340.94177,-0.5722256,19.084457,0.33994535
5,20,10,0.0024009997,0.044483762,0.01858971,0.018753143,0.0071409075,0.068172045,0.008084163,5.2108164,-1.4613339,7.1997576,2.084523,0.13634409,0.016168326,0.13694212,-0.038404383,0.08450389,0.024466148,253.68163,255.0872,341.5644,-0.6231891,19.084457,0.38057742
5,21,10,0.0024009997,0.042335995,0.018116245,0.017589035,0.0066307154,0.0672983,0.0063601695,5.046492,-1.1251389,6.9377947,1.906087,0.1345966,0.012720339,0.13262366,-0.029569058,0.081429206,0.022371829,253.71524,255.16673,341.7951,-0.78094816,19.082638,0.30600452
5,22,10,0.0024009997,0.041537043,0.015941402,0.019930318,0.0056653223,0.06312963,0.0078010703,5.3718734,-0.84339136,6.4128857,1.7746855,0.12625927,0.015602141,0.14117478,-0.022164633,0.075268336,0.020829564,253.64334,254.89603,340.61118,-0.93129414,19.082638,0.31751826
5,23,10,0.0024009997,0.040051,0.01675109,0.017760446,0.005539464,0.064713,0.008610571,5.0710235,-0.9005203,6.3412533,1.8325949,0.129426,0.017221142,0.13326833,-0.023666002,0.074427575,0.021509245,253.60204,254.5971,340.69733,-0.93207455,19.082638,0.337417
5,24,10,0.0024009997,0.04400052,0.018075109,0.01884416,0.0070812553,0.06722185,0.006877386,5.223445,-0.8895279,7.1696224,1.8561244,0.1344437,0.013754772,0.13727403,-0.02337712,0.084150195,0.021785429,253.57758,254.37546,340.89093,-0.9665965,19.082638,0.3250269
5,25,10,0.0024009997,0.038545508,0.014890008,0.017301114,0.0063543883,0.06101231,0.006528864,5.005019,-0.5804516,6.7916937,1.6281638,0.12202462,0.013057728,0.1315337,-0.015254481,0.07971442,0.019109834,253.5114,254.14023,339.65427,-1.0477122,19.08083,0.27595174
5,26,10,0.0024009997,0.03565232,0.0152172595,0.014989542,0.005445518,0.06167913,0.006541422,4.65868,-0.6557672,6.2872515,1.71742,0.12335826,0.013082844,0.122431785,-0.017233796,0.073793754,0.02015743,253.53986,254.21931,340.1571,-1.0616528,19.08083,0.2968484
5,27,10,0.0024009997,0.03922866,0.016000459,0.01742288,0.0058053196,0.06324646,0.0040472513,5.0226,-0.50600827,6.491637,1.6521568,0.12649292,0.008094503,0.13199575,-0.013298079,0.07619265,0.01939144,253.58902,254.39061,340.79718,-1.1461486,19.08083,0.28841183
5,28,10,0.0024009997,0.041173734,0.013405111,0.021721592,0.006047033,0.05789022,0.005341904,5.6080837,-0.43971568,6.6254044,1.6946144,0.11578044,0.010683808,0.14738247,-0.0115558775,0.07776267,0.019889764,253.56116,254.42546,339.99823,-1.2548988,19.08083,0.30757168
5,29,10,0.0024009997,0.036064073,0.013536929,0.01715361,0.005373532,0.058174156,0.0029063115,4.983637,-0.3740596,6.2455573,1.4090546,0.11634831,0.005812623,0.13097179,-0.009830423,0.07330438,0.016538138,253.59206,254.51897,340.4233,-1.0349951,19.079044,0.27078736
5,30,10,0.0024009997,0.03711994,0.015714303,0.016177116,0.005228521,0.06267835,0.000633554,4.8397083,-0.40819672,6.1607075,1.316361,0.1253567,0.001267108,0.1271893,-0.010727557,0.07230851,0.015450191,253.64418,254.67242,340.9391,-0.90816426,19.079044,0.2723515
5,31,10,0.0024009997,0.033752672,0.012646954,0.015615409,0.005490309,0.056229338,0.0024828545,4.7549434,-0.368163,6.313055,1.4506247,0.112458676,0.004965709,0.12496163,-0.00967546,0.07409662,0.017026048,253.65355,254.76906,340.72592,-1.0824617,19.079044,0.24695833
5,32,10,0.0024009997,0.032992013,0.013549689,0.013702157,0.005740165,0.058201566,0.0033541417,4.454132,-0.4850911,6.455106,1.5136466,0.11640313,0.0067082834,0.11705621,-0.012748366,0.075763874,0.017765738,253.67491,254.82591,341.2807,-1.0285555,19.079044,0.25551468
5,33,10,0.0024009997,0.03522887,0.015166501,0.014518052,0.005544317,0.061576173,-0.001795944,4.5848255,-0.017579783,6.34403,1.0986977,0.123152345,-0.003591888,0.12049088,-0.00046200462,0.07446017,0.012895461,253.66536,254.69807,341.24298,-1.0811179,19.077295,0.26881725
5,34,10,0.0024009997,0.030596936,0.01110716,0.014507093,0.004982684,0.052695256,-0.0008834724,4.5830956,0.097052485,6.0141306,1.0077924,0.10539051,-0.0017669448,0.12044539,0.0025505766,0.07058813,0.0118285045,253.60289,254.45387,339.98044,-1.1048448,19.077295,0.26652086
5,35,10,0.0024009997,0.029599778,0.01291423,0.012054343,0.004631207,0.056820396,0.00023719668,4.1777306,-0.07572839,5.798135,0.91398734,0.11364079,0.00047439337,0.10979227,-0.0019901695,0.06805297,0.010727512,253.61467,254.4868,340.2969,-0.838259,19.077295,0.26344043
5,36,10,0.0024009997,0.034561303,0.015500732,0.013909211,0.0051513594,0.062250968,-0.0018885146,4.48766,-0.21205713,6.1150794,0.89238155,0.124501936,-0.0037770292,0.11793732,-0.005572935,0.07177297,0.010473923,253.66406,254.6407,340.81955,-0.68032444,19.077295,0.27493998
5,37,10,0.0024009997,0.033546433,0.01416085,0.014370403,0.0050151795,0.059499685,-0.0039691073,4.5614524,0.17958458,6.033711,0.64947194,0.11899937,-0.007938215,0.119876616,0.004719551,0.07081793,0.0076228804,253.67854,254.84418,340.38858,-0.8290565,19.075586,0.28597164
5,38,10,0.0024009997,0.031114355,0.013899341,0.011975129,0.0052398858,0.058947735,-0.0018850929,4.1639814,0.015597681,6.1674,0.92763984,0.11789547,-0.0037701859,0.10943093,0.00040991258,0.072387055,0.01088775,253.6986,254.84407,341.25226,-0.94323754,19.075586,0.23221566
5,39,10,0.0024009997,0.03364774,0.013824805,0.013654926,0.006168007,0.058789466,-0.004057418,4.4464493,0.04253534,6.6913486,0.93303657,0.11757893,-0.008114836,0.116854295,0.0011178454,0.07853666,0.0109510925,253.68631,254.6903,341.2902,-0.97557193,19.075586,0.2621466
5,40,10,0.0024009997,0.035071377,0.012572779,0.01655936,0.005939237,0.056064203,-0.002905197,4.8965526,0.324146,6.5660853,0.70802516,0.11212841,-0.005810394,0.12868318,0.008518676,0.077066444,0.00831012,253.64102,254.5163,339.89304,-1.0321711,19.075586,0.28213334
5,41,10,0.0024009997,0.031517256,0.013305689,0.013063142,0.0051484248,0.057675146,-0.0034535215,4.349031,0.46341258,6.1133385,0.39651263,0.11535029,-0.006907043,0.114294104,0.012178652,0.071752526,0.0046538883,253.68994,254.65404,340.2197,-0.8599252,19.073875,0.26546448
5,42,10,0.0024009997,0.0333184,0.014705399,0.013146104,0.005466899,0.06063291,-0.0072470745,4.362819,0.4441991,6.299582,0.24849045,0.12126582,-0.014494149,0.11465646,0.01167371,0.07393848,0.002916545,253.76671,254.94989,340.70984,-0.69268954,19.073875,0.32420936
5,43,10,0.0024009997,0.031704426,0.012836902,0.013522635,0.005344887,0.056650028,-0.005343879,4.424858,0.6060484,6.2288876,0.30703288,0.113300055,-0.010687758,0.11628687,0.015927168,0.07310873,0.0036036589,253.77615,255.12111,340.7516,-0.9130813,19.073875,0.28623447
5,44,10,0.0024009997,0.028957348,0.012820783,0.0111471135,0.0049894536,0.056614447,-0.0039996756,4.0174446,0.69567055,6.018215,0.24552925,0.113228895,-0.007999351,0.10557989,0.018282479,0.070636064,0.0028817866,253.75311,254.95264,341.21103,-0.9411998,19.073875,0.2625252
5,45,10,0.0024009997,0.033286233,0.016391937,0.011899864,0.00499443,0.0640155,-0.0068894583,4.1508746,1.0254847,6.021216,-0.20350651,0.128031,-0.013778917,0.1090865,0.026950106,0.07067128,-0.0023885707,253.68785,254.61644,341.0845,-0.82197815,19.07219,0.26315814
5,46,10,0.0024009997,0.027283967,0.010213008,0.012335584,0.004735374,0.050529715,-0.00630106,4.2261853,1.1556674,5.8629794,-0.17002137,0.10105943,-0.01260212,0.11106567,0.03037136,0.068814054,-0.001995548,253.57951,254.27586,340.02792,-0.98564607,19.07219,0.2378553
5,47,10,0.0024009997,0.027124079,0.010109709,0.012268671,0.0047456995,0.050273523,-0.0044200225,4.2147074,1.0821493,5.869367,-0.17030731,0.100547045,-0.008840045,0.110764034,0.028439274,0.06888904,-0.0019989037,253.52457,254.0373,340.14435,-0.911842,19.07219,0.22698443
5,48,10,0.0024009997,0.03132528,0.013041639,0.013253102,0.005030538,0.057099998,-0.0077914568,4.380538,1.0233732,6.042942,-0.1642663,0.114199996,-0.0155829135,0.11512212,0.026894622,0.07092629,-0.0019280013,253.50624,253.904,340.16498,-0.85910696,19.07219,0.26359084
5,49,10,0.0024009997,0.029378893,0.011013762,0.013693747,0.0046713836,0.052473236,-0.0054771216,4.4527655,1.1551639,5.8232307,-0.29241234,0.10494647,-0.010954243,0.11702029,0.030358119,0.06834752,-0.0034320601,253.49765,253.89633,339.46378,-0.86275154,19.070467,0.2239347
5,50,10,0.0024009997,0.027981259,0.012275535,0.010811778,0.004893947,0.055397507,-0.0042481963,3.9565551,0.9224688,5.9603376,-0.005465074,0.11079501,-0.0084963925,0.1039797,0.024242815,0.06995675,-6.414182e-5,253.55978,254.10803,340.30768,-0.9170037,19.070467,0.19381319
5,51,10,0.0024009997,0.031545565,0.014099433,0.011839175,0.005606956,0.059370518,-0.006638919,4.140277,0.81065273,6.379766,-0.10687838,0.118741035,-0.013277838,0.10880797,0.021304248,0.07487961,-0.0012544375,253.60344,254.28435,340.44238,-0.70377433,19.070467,0.21946482
5,52,10,0.0024009997,0.029600468,0.01144856,0.012890388,0.0052615176,0.053498972,-0.0051889136,4.3201785,1.0803919,6.1801167,-0.26553386,0.106997944,-0.010377827,0.113535844,0.028393088,0.07253632,-0.003116578,253.58827,254.3558,339.6497,-0.814858,19.070467,0.22067083
5,53,10,0.0024009997,0.02621495,0.010172989,0.011306221,0.004735739,0.05043062,-0.004716454,4.046014,0.8642128,5.8632054,-0.3919473,0.10086124,-0.009432908,0.106330715,0.02271182,0.06881671,-0.0046003056,253.61798,254.4154,340.38785,-0.4722655,19.068686,0.20046897
5,54,10,0.0024009997,0.027166925,0.011270955,0.011060879,0.0048350906,0.053082377,-0.006035678,4.001875,0.63051665,5.924388,-0.5428638,0.10616475,-0.012071356,0.10517071,0.016570209,0.069534816,-0.006371618,253.65004,254.5311,340.86786,-0.08765286,19.068686,0.21024728
5,55,10,0.0024009997,0.027646758,0.010960173,0.0121631455,0.0045234403,0.05234542,-0.00402228,4.1965427,0.8765219,5.7302775,-0.49486318,0.10469084,-0.00804456,0.11028665,0.023035314,0.067256525,-0.005808234,253.5997,254.44861,340.2074,-0.3816587,19.068686,0.21427016
5,56,10,0.0024009997,0.025975522,0.009668191,0.011668003,0.004639327,0.04916348,-0.0041470327,4.110237,0.8508976,5.8032155,-0.4875045,0.09832696,-0.0082940655,0.10801853,0.0223619,0.068112604,-0.0057218643,253.52875,254.03632,340.35812,-0.3633931,19.068686,0.22621675
5,57,10,0.0024009997,0.028694496,0.012347709,0.011719193,0.0046275933,0.055560123,-0.0053709513,4.119244,0.58913493,5.7958727,-0.68734896,0.11112025,-0.0107419025,0.10825522,0.015482673,0.068026416,-0.008067444,253.44507,253.53053,340.08908,0.09821403,19.06682,0.24510008
5,58,10,0.0024009997,0.02710289,0.010474245,0.012094858,0.004533787,0.05117188,-0.0040706424,4.1847463,0.72243166,5.7368274,-0.7775202,0.10234376,-0.008141285,0.10997663,0.018985763,0.0673334,-0.009125789,253.35278,253.16902,338.70813,0.05508852,19.06682,0.22241893
5,59,10,0.0024009997,0.026225371,0.009975811,0.011710181,0.0045393794,0.04993949,-0.004043542,4.1176596,0.65112245,5.740364,-0.6460482,0.09987898,-0.008087084,0.10821359,0.01711173,0.067374915,-0.0075826976,253.3393,252.98311,338.9597,-0.0050742626,19.06682,0.23746446
5,60,10,0.0024009997,0.02715569,0.010504643,0.011949429,0.0047016176,0.05124608,-0.00614778,4.1595106,0.5751341,5.842045,-0.8019022,0.10249216,-0.01229556,0.10931344,0.015114734,0.06856834,-0.009411962,253.32085,252.83138,339.07788,0.22676808,19.06682,0.23168725
5,61,10,0.0024009997,0.027555648,0.0102380235,0.013015787,0.004301839,0.05059156,-0.0038448037,4.341141,0.6855364,5.588153,-0.8630195,0.10118312,-0.0076896073,0.114086755,0.018016146,0.06558841,-0.0101293,253.25018,252.65579,338.11102,0.17748314,19.064892,0.22882664
5,62,10,0.0024009997,0.027604487,0.00956106,0.013437883,0.004605542,0.048890337,-0.003030111,4.41097,0.56890905,5.782046,-0.88783056,0.097780675,-0.006060222,0.115921885,0.014951138,0.06786414,-0.010420509,253.21524,252.4517,338.35358,0.3189215,19.064892,0.25723714
5,63,10,0.0024009997,0.029719254,0.01060232,0.014372043,0.0047448906,0.051483784,-0.004913523,4.5617123,0.3772263,5.868868,-0.909237,0.10296757,-0.009827046,0.119883455,0.009913641,0.068883166,-0.010671755,253.22615,252.47404,338.5529,0.53201073,19.064892,0.27253142
5,64,10,0.0024009997,0.028597672,0.010078971,0.01405393,0.0044647725,0.05019704,-0.0031908038,4.5109453,0.55562156,5.6929955,-0.8918254,0.10039408,-0.0063816076,0.11854927,0.014601934,0.06681895,-0.010467393,253.25816,252.72293,338.20813,0.3362038,19.064892,0.2567349
5,65,10,0.0024009997,0.026507713,0.008415848,0.013690592,0.004401273,0.045868967,-0.0018576531,4.452253,0.197826,5.6523676,-0.7731333,0.09173793,-0.0037153063,0.1170068,0.005198935,0.06634209,-0.0090743005,253.27551,252.74614,338.9256,0.57530725,19.062853,0.2508197
5,66,10,0.0024009997,0.028800376,0.00965732,0.014591341,0.004551717,0.04913583,-0.0028794918,4.5963836,0.15881221,5.74816,-0.91760534,0.09827166,-0.0057589835,0.120794624,0.00417364,0.067466415,-0.010769974,253.24976,252.54567,338.98477,0.7587931,19.062853,0.27324066
5,67,10,0.0024009997,0.026463455,0.009285938,0.013069522,0.004107995,0.048181787,-0.0025923173,4.350093,0.2805077,5.4607983,-0.92773914,0.096363574,-0.0051846346,0.11432201,0.0073718457,0.06409364,-0.010888917,253.2348,252.54588,338.4518,0.64723146,19.062853,0.23708536
5,68,10,0.0024009997,0.02720422,0.00965903,0.0132671315,0.004278059,0.04914018,-0.0022534542,4.382856,0.040628143,5.5726867,-0.78336525,0.09828036,-0.0045069084,0.11518303,0.0010677238,0.065406874,-0.009194394,253.2518,252.60677,338.5711,0.7427371,19.062853,0.2537736
5,69,10,0.0024009997,0.027423173,0.00979974,0.01313228,0.004491155,0.04949682,-0.003503935,4.3605247,-0.11462071,5.709791,-0.9424884,0.09899364,-0.00700787,0.11459616,-0.0030122767,0.06701608,-0.01106203,253.2766,252.72644,338.65216,1.0571091,19.06071,0.2645903
5,70,10,0.0024009997,0.027262088,0.009781496,0.0134393815,0.0040412103,0.04945072,-0.0010122741,4.411216,0.14829786,5.4162283,-0.8216077,0.09890144,-0.0020245481,0.115928344,0.0038973202,0.063570514,-0.009643247,253.26796,252.7616,338.18924,0.67330986,19.06071,0.24625362
5,71,10,0.0024009997,0.026607849,0.008903656,0.013874003,0.0038301907,0.047179595,0.00019558813,4.4819765,0.012710957,5.272923,-0.59408087,0.09435919,0.00039117626,0.11778796,0.0003340509,0.061888535,-0.006972755,253.2867,252.79865,338.7089,0.58136994,19.06071,0.23959967
5,72,10,0.0024009997,0.027543843,0.009200503,0.014298113,0.0040452257,0.047959626,-0.0010410132,4.549965,-0.11041699,5.4189186,-0.85985494,0.09591925,-0.0020820263,0.11957472,-0.0029017937,0.06360209,-0.010092155,253.26508,252.6931,338.67062,0.97027194,19.06071,0.25818655
5,73,10,0.0024009997,0.025299245,0.00978561,0.011840653,0.0036729823,0.049461123,0.0014187986,4.1405354,-0.12255297,5.1635766,-0.8156112,0.098922245,0.0028375972,0.10881476,-0.0032207363,0.060605135,-0.009572866,253.1987,252.44365,337.75162,0.9381642,19.058485,0.2136776
5,74,10,0.0024009997,0.023469178,0.008458051,0.0111872405,0.003823886,0.045983832,0.0014350986,4.0246687,-0.26298276,5.268581,-0.5925465,0.091967665,0.0028701972,0.10576975,-0.0069112875,0.061837576,-0.0069547445,253.1898,252.24731,338.10507,0.8555293,19.058485,0.20247263
5,75,10,0.0024009997,0.024919303,0.009294816,0.011540513,0.0040839748,0.048204813,-0.00077778957,4.087721,-0.39400083,5.4448104,-0.63450325,0.09640963,-0.0015555791,0.10742678,-0.010354483,0.063905984,-0.007447195,253.21295,252.3112,338.2689,1.0285041,19.058485,0.24259551
5,76,10,0.0024009997,0.026774023,0.011057672,0.011848401,0.00386795,0.052577734,0.0005961338,4.1418896,-0.18055572,5.29885,-0.69518256,0.10515547,0.0011922676,0.10885036,-0.004745074,0.062192846,-0.00815939,253.2095,252.43886,337.68228,0.87573826,19.058485,0.23844157
5,77,10,0.0024009997,0.02387312,0.009025305,0.011233411,0.0036144042,0.0475008,0.0020511877,4.0329657,-0.28887558,5.1222363,-0.502919,0.0950016,0.0041023754,0.10598779,-0.007591758,0.060119916,-0.005902783,253.1892,252.37358,337.87515,0.7917946,19.056204,0.2171364
5,78,10,0.0024009997,0.024813816,0.009740201,0.011301568,0.0037720469,0.049346227,0.0005091888,4.0451813,-0.35847455,5.232747,-0.79052055,0.098692454,0.0010183776,0.10630883,-0.009420837,0.06141699,-0.009278375,253.1592,252.20381,337.82275,1.1489952,19.056204,0.26775777
5,79,10,0.0024009997,0.02549645,0.010640468,0.011443854,0.0034121273,0.051576324,0.0023932038,4.070566,-0.06747344,4.9768414,-0.9565766,0.10315265,0.0047864076,0.10697595,-0.0017732249,0.058413416,-0.011227382,253.08093,251.91965,336.96643,1.02405,19.056204,0.25126967
5,80,10,0.0024009997,0.025122732,0.010408298,0.011322901,0.0033915336,0.051010534,0.0018999992,4.048998,-0.13002707,4.9618,-0.9158706,0.10202107,0.0037999984,0.10640912,-0.0034171524,0.058236875,-0.010749616,253.05739,251.79712,337.36237,1.0458977,19.056204,0.2466591
5,81,10,0.0024009997,0.024137013,0.009713947,0.010771973,0.003651094,0.04927968,0.0018523413,3.949265,-0.29594606,5.1481676,-0.9570612,0.09855936,0.0037046827,0.103788115,-0.0077775703,0.060424283,-0.01123307,253.02257,251.58185,337.33594,1.2530072,19.05388,0.23703262
5,82,10,0.0024009997,0.025563281,0.011254241,0.010766132,0.0035429082,0.053043004,0.0035350781,3.9481943,-0.16426969,5.0713224,-0.9077079,0.10608601,0.0070701563,0.103759974,-0.0043170704,0.059522334,-0.010653808,252.97021,251.42375,336.562,1.0719776,19.05388,0.24113558
5,83,10,0.0024009997,0.02465422,0.009850442,0.011020105,0.003783674,0.049624696,0.0037651833,3.9944923,-0.27458945,5.240806,-0.8389626,0.09924939,0.0075303665,0.10497669,-0.007216307,0.061511576,-0.009846945,252.9412,251.21793,336.66403,1.1135521,19.05388,0.21959758
5,84,10,0.0024009997,0.024226861,0.008617013,0.011711598,0.0038982504,0.046413932,0.0030759089,4.1179094,-0.41853556,5.319564,-0.83306646,0.092827864,0.0061518177,0.10822014,-0.010999264,0.06243597,-0.00977774,252.9006,250.9579,336.6152,1.251602,19.05388,0.23547527
5,85,10,0.0024009997,0.024163337,0.010260549,0.010287031,0.0036157581,0.050647184,0.0063754334,3.8593457,-0.31078342,5.123195,-0.6905992,0.10129437,0.012750867,0.101425,-0.008167501,0.060131174,-0.008105595,252.82417,250.6301,335.72992,1.0013826,19.051525,0.19156058
5,86,10,0.0024009997,0.023549916,0.009871841,0.010119764,0.0035583093,0.04967857,0.005730706,3.8278408,-0.41066974,5.0823326,-0.62163126,0.09935714,0.011461412,0.10059704,-0.010792548,0.059651565,-0.0072961156,252.81235,250.55496,335.91013,1.032301,19.051525,0.19270527
5,87,10,0.0024009997,0.024999987,0.010522016,0.011041555,0.0034364157,0.05128844,0.0044165505,3.9983773,-0.520744,4.994524,-0.7740867,0.10257688,0.008833101,0.1050788,-0.013685338,0.05862095,-0.009085491,252.78752,250.47917,335.80228,1.2948308,19.051525,0.20363069
5,88,10,0.0024009997,0.025952961,0.012064961,0.010435681,0.0034523201,0.05492031,0.005219007,3.8871295,-0.34446007,5.0060678,-0.78992176,0.10984062,0.010438014,0.10215518,-0.009052532,0.05875645,-0.009271348,252.7364,250.30043,334.94934,1.1343818,19.051525,0.22349875
5,89,10,0.0024009997,0.021063099,0.008859972,0.008645752,0.003557375,0.047063712,0.0064151804,3.5380998,-0.41147706,5.0816646,-0.61514467,0.094127424,0.012830361,0.09298254,-0.0108137615,0.059643734,-0.0072199823,252.73666,250.22923,335.36218,1.0266217,19.049166,0.17179048
5,90,10,0.0024009997,0.022276117,0.009192377,0.009309414,0.0037743247,0.047938444,0.004489362,3.6713843,-0.45428732,5.234327,-0.74382466,0.09587689,0.008978724,0.0964853,-0.011938836,0.06143553,-0.008730305,252.6908,250.01196,335.24866,1.198112,19.049166,0.18740577
5,91,10,0.0024009997,0.025383655,0.010353499,0.011113499,0.003916657,0.050876074,0.0051704454,4.0113826,-0.4442685,5.332109,-0.69847274,0.10175215,0.010340891,0.10542058,-0.0116755385,0.0625832,-0.008198007,252.62804,249.83069,334.37234,1.1427412,19.049166,0.20668682
5,92,10,0.0024009997,0.026195187,0.0101924855,0.011633778,0.0043689227,0.05047892,0.0067923833,4.104205,-0.49554855,5.631555,-0.5845248,0.10095784,0.013584767,0.10785999,-0.013023193,0.066097826,-0.006860593,252.63896,249.83592,334.65863,1.0800734,19.049166,0.20456563
5,93,10,0.0024009997,0.022113128,0.008303575,0.010068807,0.0037407454,0.045561977,0.0074587204,3.818191,-0.6595193,5.2109904,-0.6111542,0.09112395,0.014917441,0.10034344,-0.017332405,0.061161634,-0.007173145,252.65816,249.87912,334.7863,1.2706735,19.04682,0.14303514
5,94,10,0.0024009997,0.023624878,0.010245068,0.009633172,0.0037466376,0.050608963,0.0079803355,3.7346795,-0.56744623,5.215093,-0.64070094,0.101217926,0.015960671,0.098148726,-0.014912691,0.061209783,-0.0075199376,252.6415,249.87762,334.41824,1.2081472,19.04682,0.15977871
5,95,10,0.0024009997,0.022732282,0.009474702,0.009139578,0.0041180006,0.04866904,0.0073276293,3.6377409,-0.62337756,5.4674444,-0.59843373,0.09733808,0.0146552585,0.09560114,-0.016382586,0.06417165,-0.007023846,252.64879,249.88538,334.81857,1.2218113,19.04682,0.16735503
5,96,10,0.0024009997,0.02165752,0.008390656,0.009378139,0.0038887265,0.04580026,0.0062002544,3.684911,-0.6463717,5.3130627,-0.5751241,0.09160052,0.012400509,0.09684079,-0.016986886,0.062359653,-0.006750259,252.66232,249.97981,335.07285,1.2214959,19.04682,0.15524586
5,97,10,0.0024009997,0.02106925,0.008630528,0.008601751,0.0038369696,0.046450317,0.008433949,3.5290847,-0.57489437,5.2775865,-0.45926154,0.092900634,0.016867898,0.092745624,-0.015108432,0.061943278,-0.005390373,252.60432,249.7882,334.34576,1.0341558,19.044506,0.13674971
5,98,10,0.0024009997,0.02339051,0.010307196,0.008967815,0.0041155005,0.05076218,0.0082661435,3.603396,-0.7260158,5.465785,-0.418384,0.10152436,0.016532287,0.09469855,-0.019079957,0.064152166,-0.004910591,252.53894,249.46193,334.31705,1.1443998,19.044506,0.16187027
5,99,10,0.0024009997,0.02094603,0.007903861,0.009064862,0.003977306,0.04445183,0.008362602,3.6228411,-0.5967845,5.3732333,-0.49767438,0.08890366,0.016725205,0.09520957,-0.01568371,0.06306589,-0.005841226,252.47163,249.12434,333.97357,1.0944588,19.044506,0.13644686
5,100,10,0.0024009997,0.02417291,0.0096051255,0.010319072,0.0042487127,0.04900287,0.00947779,3.8653517,-0.4255199,5.5535398,-0.43070844,0.09800574,0.01895558,0.10158283,-0.0111828195,0.06518215,-0.005055244,252.41687,248.93292,333.20755,0.85622835,19.044506,0.16324578
