ic,traj,n_steps,eta,loss_total,loss_T,loss_olw,loss_slwd,rmse_T,bias_T,rmse_olw,bias_olw,rmse_slwd,bias_slwd,nrmse_T,nbias_T,nrmse_olw,nbias_olw,nrmse_slwd,nbias_slwd,mean_T,mean_olw,mean_slwd,bias_C,pnorm,gnorm
1,1,10,0.01,2.260248,1.0171417,0.97462815,0.2684782,0.5042672,-0.09302168,35.225895,22.373205,43.0236,-30.187124,1.0085344,-0.18604337,0.98723257,0.6270261,0.51814884,-0.3635545,254.12619,263.45593,358.02652,7.813919,17.000746,8.655312
1,2,10,0.01,2.2942755,1.0818555,0.94524837,0.26717168,0.52006143,-0.10624117,34.690895,21.441795,42.91878,-29.804485,1.0401229,-0.21248233,0.97223884,0.6009227,0.51688653,-0.3589462,254.07217,262.88437,358.02374,8.36269,17.000746,8.420359
1,3,10,0.01,0.63856226,0.23501192,0.23144361,0.17210676,0.24239014,0.044768184,17.165844,5.341346,34.44698,-22.195875,0.48478028,0.08953637,0.48108587,0.14969532,0.4148575,-0.26731297,254.02754,262.37332,357.94232,16.85453,16.988504,2.3001058
1,4,10,0.01,0.5258335,0.17750087,0.21153174,0.13680087,0.21065426,0.06587619,16.41082,4.818361,30.711187,-19.899033,0.42130852,0.13175239,0.4599258,0.1350382,0.369866,-0.23965126,253.97198,262.02548,356.13483,15.080671,16.988504,1.8916109
1,5,10,0.01,0.59969944,0.3225425,0.22537608,0.051780894,0.28396413,0.09331561,16.93934,-9.139379,18.89457,-7.9148765,0.56792825,0.18663122,0.4747379,-0.2561381,0.22755416,-0.095321745,254.02142,261.94742,356.85443,17.054255,16.990652,2.9106917
1,6,10,0.01,0.4907112,0.21342842,0.20676553,0.07051726,0.23099157,0.0703239,16.224884,-8.534068,22.049559,-9.460149,0.46198314,0.1406478,0.45471478,-0.23917377,0.26555085,-0.113932006,254.09952,262.114,357.49268,17.994217,16.990652,2.3989294
1,7,10,0.01,0.42614165,0.20313561,0.18611123,0.03689484,0.22535284,0.037814956,15.393197,-9.788493,15.949057,0.22846445,0.45070568,0.07562991,0.4314061,-0.27433,0.19208029,0.0027514806,254.11798,262.1786,356.09888,9.560029,16.992147,2.381733
1,8,10,0.01,0.4772332,0.25148204,0.19010386,0.03564731,0.25073993,0.03830586,15.557435,-9.826769,15.6770935,1.030817,0.50147986,0.07661172,0.43600902,-0.2754027,0.18880495,0.012414513,254.21822,262.3425,356.94724,8.795952,16.992147,2.4020462
1,9,10,0.01,0.24624911,0.11773782,0.09312644,0.035384852,0.17156473,-0.015309328,10.888776,-5.760991,15.619277,6.048704,0.34312946,-0.030618656,0.30516624,-0.16145618,0.18810862,0.07284674,254.27585,262.45233,357.46332,-0.28771305,16.994816,1.0329841
1,10,10,0.01,0.2370223,0.11807657,0.085165255,0.033780474,0.17181136,-0.008342637,10.41295,-5.866729,15.261072,6.9927707,0.3436227,-0.016685273,0.29183087,-0.16441956,0.18379465,0.084216475,254.2244,262.14313,356.00366,-1.1260419,16.994816,1.1523707
1,11,10,0.01,0.24928854,0.1426161,0.07571162,0.030960832,0.18882273,-0.03253682,9.818017,-0.36624947,14.610278,10.348439,0.37764546,-0.06507364,0.27515745,-0.010264397,0.1759569,0.12463001,254.20238,261.7462,356.14694,-9.98219,16.998768,1.0791389
1,12,10,0.01,0.24775779,0.13527848,0.07945578,0.03302354,0.18390112,-0.04245985,10.057853,0.5895199,15.089124,9.505315,0.36780223,-0.0849197,0.281879,0.016521752,0.1817238,0.11447594,254.1617,261.2863,355.87576,-10.094834,16.998768,1.1229149
1,13,10,0.01,0.22297873,0.10480483,0.09400256,0.024171341,0.16186787,-0.041918147,10.939877,3.3161201,12.909296,8.406917,0.32373574,-0.083836295,0.30659837,0.09293682,0.15547135,0.101247564,254.03793,260.68378,353.79544,-11.723037,17.001997,1.294388
1,14,10,0.01,0.24868321,0.13079238,0.09487957,0.023011273,0.18082614,-0.044214062,10.99079,3.3133626,12.595707,8.581988,0.36165228,-0.088428125,0.30802527,0.09285949,0.15169467,0.103356,254.02538,260.3358,354.08557,-11.895351,17.001997,1.285248
1,15,10,0.01,0.2621908,0.16409767,0.08249772,0.0155954035,0.20254485,-0.053136963,10.248575,2.9672012,10.369327,4.9045005,0.4050897,-0.10627393,0.28722417,0.083158106,0.12488156,0.059066687,254.00264,259.99554,354.00638,-7.8717017,17.005005,1.4584931
1,16,10,0.01,0.21337989,0.11710083,0.08060496,0.015674101,0.17109999,-0.043157294,10.130325,2.850102,10.395454,5.1867332,0.34219998,-0.08631459,0.28391013,0.0798763,0.12519625,0.062465705,253.91304,259.5771,352.0819,-8.036835,17.005005,1.1987457
1,17,10,0.01,0.16848572,0.10271073,0.05483807,0.010936917,0.16024257,-0.027704133,8.355716,0.51283574,8.683597,2.7946923,0.32048514,-0.055408265,0.2341753,0.014372609,0.10457972,0.033657495,253.93317,259.3738,352.15924,-3.307528,17.008991,0.8771856
1,18,10,0.01,0.21267243,0.1426233,0.05744824,0.012600877,0.1888275,-0.032795962,8.55226,0.8588588,9.320787,2.2376115,0.377655,-0.065591924,0.23968363,0.024070172,0.11225363,0.026948376,253.95609,259.31708,352.4184,-3.0964704,17.008991,1.1427717
1,19,10,0.01,0.13531871,0.06407292,0.059688877,0.011556906,0.12656315,0.0027908478,8.717445,-1.2191595,8.92633,1.08902,0.2531263,0.0055816956,0.24431308,-0.03416787,0.10750305,0.013115463,253.92033,259.25238,351.03433,0.13013947,17.014368,0.55388814
1,20,10,0.01,0.1438476,0.079801686,0.053920466,0.010125439,0.14124596,0.0006760061,8.285512,-1.6457052,8.355244,1.1304638,0.28249192,0.0013520122,0.2322078,-0.046122152,0.10062524,0.013614584,253.93623,259.09378,351.75656,0.5152414,17.014368,0.54817617
1,21,10,0.01,0.14297976,0.074811555,0.05657564,0.011592548,0.1367585,0.019256592,8.487061,-2.3707411,8.940085,0.21690568,0.273517,0.038513184,0.23785634,-0.06644184,0.1076687,0.002612273,253.93173,258.9217,351.56573,2.1538355,17.020605,0.655217
1,22,10,0.01,0.14084622,0.0720246,0.058716413,0.0101052,0.134187,0.02808461,8.64614,-2.2802906,8.3468895,0.7318303,0.268374,0.05616922,0.2423147,-0.06390688,0.10052463,0.008813699,253.87091,258.59018,349.73508,1.5484602,17.020605,0.7133627
1,23,10,0.01,0.15257627,0.09244283,0.050129183,0.010004257,0.15202206,0.03951133,7.9889164,-1.910983,8.305095,-0.19889122,0.30404413,0.07902266,0.22389548,-0.05355676,0.10002128,-0.0023953181,253.90208,258.54556,350.11783,2.1098742,17.026987,0.9079797
1,24,10,0.01,0.15486293,0.08935484,0.05443252,0.011075574,0.1494614,0.03039378,8.324761,-1.6938907,8.738468,-0.320288,0.2989228,0.06078756,0.23330778,-0.047472578,0.10524055,-0.0038573393,253.87923,258.2182,350.01047,2.0141788,17.026987,0.86695313
1,25,10,0.01,0.15286638,0.09227001,0.049146786,0.011449591,0.15187989,0.04063365,7.910249,-0.18599296,8.88479,-1.0088849,0.30375978,0.0812673,0.22169074,-0.0052125985,0.107002765,-0.01215037,253.80774,257.86633,348.36423,1.1948779,17.033073,0.83229667
1,26,10,0.01,0.16674255,0.1077812,0.04803001,0.010931333,0.16415024,0.039813977,7.8198586,-0.14012192,8.68138,-1.3250308,0.32830048,0.07962795,0.2191575,-0.003927031,0.104553014,-0.01595783,253.80797,257.6465,348.76996,1.4651527,17.033073,0.79140586
1,27,10,0.01,0.119853616,0.062338717,0.04515603,0.01235887,0.12483861,0.019397417,7.5822906,1.3156723,9.230847,-2.4083583,0.24967723,0.038794834,0.21249948,0.03687272,0.111170456,-0.029004743,253.76137,257.30212,348.59082,1.092686,17.038511,0.5642408
1,28,10,0.01,0.13302578,0.07341093,0.04798453,0.01163033,0.13547225,0.027310617,7.816155,1.3349483,8.954642,-2.4173887,0.2709445,0.054621235,0.21905372,0.037412953,0.10784401,-0.029113488,253.63908,256.8477,347.0647,1.0824404,17.038511,0.70865273
1,29,10,0.01,0.1208681,0.061015837,0.0472105,0.012641762,0.12350692,0.011542929,7.7528586,2.136433,9.335896,-3.152256,0.24701384,0.023085859,0.21727978,0.05987515,0.112435594,-0.037963763,253.59093,256.51694,347.43814,1.0158231,17.043695,0.6225983
1,30,10,0.01,0.11544181,0.053382937,0.048776988,0.013281879,0.11552374,0.0027870776,7.8804326,2.0374022,9.56934,-3.298821,0.23104748,0.005574155,0.22085513,0.057099756,0.11524703,-0.0397289,253.53535,256.10153,347.4113,1.2614188,17.043695,0.63272333
1,31,10,0.01,0.09307675,0.03796533,0.042934746,0.0121766785,0.09742347,-0.0011209333,7.393447,2.2357123,9.162555,-2.4373336,0.19484694,-0.0022418667,0.20720701,0.06265753,0.110347986,-0.029353691,253.43236,255.63963,345.8952,0.2016213,17.048695,0.4634531
1,32,10,0.01,0.09787962,0.039919224,0.04558246,0.012377933,0.09989898,-0.0025124291,7.6180077,2.3807955,9.237964,-2.54728,0.19979796,-0.0050248583,0.21350048,0.066723615,0.11125616,-0.030677825,253.4472,255.54053,346.1294,0.1664846,17.048695,0.42214018
1,33,10,0.01,0.08908746,0.03445025,0.042012673,0.012624536,0.092803895,-0.018009499,7.313625,1.9142998,9.329535,-1.8066647,0.18560779,-0.036018997,0.20496993,0.053649724,0.11235896,-0.02175832,253.4884,255.64792,346.41162,-0.10763514,17.053339,0.4132817
1,34,10,0.01,0.08368634,0.031594403,0.040310282,0.011781651,0.08887407,-0.01109612,7.163915,1.9249068,9.012708,-1.7214514,0.17774814,-0.02219224,0.20077421,0.053946987,0.108543314,-0.02073206,253.46251,255.60284,345.49905,-0.20345545,17.053339,0.3430094
1,35,10,0.01,0.08641546,0.038864434,0.036784858,0.010766168,0.098570324,-0.018989546,6.8434806,1.5991141,8.615545,-0.66812503,0.19714065,-0.037979092,0.19179378,0.0448164,0.103760146,-0.0080464715,253.49072,255.50749,346.19006,-0.930989,17.057442,0.4800402
1,36,10,0.01,0.093909405,0.047613677,0.03598173,0.010313997,0.10910279,-0.023602067,6.768361,1.7167063,8.432682,-0.46002784,0.21820559,-0.047204133,0.1896885,0.04811201,0.10155785,-0.0055402843,253.52458,255.52205,346.27533,-1.2566785,17.057442,0.54220927
1,37,10,0.01,0.080627,0.037138775,0.035790898,0.007697328,0.096357115,-0.017291306,6.7503896,0.79924405,7.284876,1.0107841,0.19271423,-0.03458261,0.18918483,0.02239942,0.087734416,0.012173238,253.50154,255.45331,345.02084,-1.8100282,17.060787,0.46687818
1,38,10,0.01,0.090517245,0.045607556,0.03698468,0.007925008,0.10677963,-0.021930233,6.8620443,0.89266205,7.391831,0.40012908,0.21355926,-0.043860465,0.19231401,0.025017535,0.08902252,0.004818897,253.51733,255.41158,345.2503,-1.2927911,17.060787,0.5081967
1,39,10,0.01,0.09273422,0.04856448,0.03606068,0.008109067,0.11018675,-0.023546869,6.7757826,-0.3255915,7.477176,1.6102793,0.2203735,-0.047093738,0.1898965,-0.009124952,0.090050355,0.019393176,253.50417,255.26111,345.0583,-1.2846878,17.063173,0.4681922
1,40,10,0.01,0.07665233,0.035422835,0.034099042,0.007130462,0.094104774,-0.0152481105,6.5889106,0.08261763,7.0115013,1.4802979,0.18820955,-0.030496221,0.18465926,0.0023154225,0.084442064,0.017827766,253.43977,254.99014,344.03595,-1.5629156,17.063173,0.3482483
1,41,10,0.01,0.0844342,0.038275056,0.03597311,0.010186029,0.09782006,-0.010178508,6.767551,-0.40541384,8.380204,2.2067142,0.19564012,-0.020357016,0.18966578,-0.011362029,0.100925855,0.026576258,253.41592,254.71915,344.27866,-1.8013003,17.064684,0.39046547
1,42,10,0.01,0.09120483,0.043931,0.037628464,0.009645363,0.104798615,-0.014540545,6.9215093,-0.49045023,8.154766,2.2961032,0.20959723,-0.02908109,0.19398057,-0.0137452455,0.09821081,0.027652813,253.37709,254.401,344.08145,-1.805653,17.064684,0.47607645
1,43,10,0.01,0.08764174,0.036087967,0.03907257,0.012481208,0.09498417,0.0023218596,7.0530753,-0.14097926,9.2764225,2.9310594,0.18996833,0.004643719,0.19766782,-0.003951052,0.111719325,0.03529981,253.27707,254.00465,342.53033,-2.79008,17.065298,0.4842582
1,44,10,0.01,0.08324458,0.033674657,0.035315547,0.014254376,0.09175328,0.00071817543,6.7054133,0.21432488,9.913485,2.250266,0.18350656,0.0014363509,0.18792431,0.0060066143,0.119391695,0.02710077,253.23347,253.67189,342.60065,-2.464591,17.065298,0.4335064
1,45,10,0.01,0.08588914,0.038374472,0.03437135,0.013143318,0.09794702,0.0026339095,6.6151676,0.41716868,9.519293,2.4069307,0.19589403,0.005267819,0.18539512,0.0116914725,0.11464431,0.028987538,253.16629,253.27046,342.34106,-2.8240993,17.064753,0.4685245
1,46,10,0.01,0.076952145,0.03006246,0.034256574,0.012633118,0.086692646,0.010272652,6.604113,0.80514574,9.332704,2.6023893,0.17338529,0.020545304,0.18508531,0.022564823,0.11239714,0.031341523,253.08775,252.91656,341.0902,-3.407535,17.064753,0.42082146
1,47,10,0.01,0.07026297,0.028783692,0.030749151,0.010730127,0.08482879,0.014707285,6.256899,0.9897688,8.601112,1.8648456,0.16965757,0.02941457,0.17535436,0.02773903,0.10358632,0.022459015,253.12286,252.96776,341.66968,-2.8546145,17.063105,0.28569165
1,48,10,0.01,0.06743343,0.02973456,0.027211554,0.010487322,0.08621856,0.010642026,5.8859863,0.7732744,8.503242,2.0462134,0.17243712,0.021284051,0.16495925,0.021671606,0.10240763,0.02464329,253.1393,252.9809,341.95532,-2.8194878,17.063105,0.27216724
1,49,10,0.01,0.061120838,0.029526137,0.025141815,0.0064528873,0.085915856,0.021480748,5.657712,1.3987106,6.670052,1.0353277,0.17183171,0.042961497,0.1585617,0.03919994,0.080329865,0.01246883,253.0727,252.73056,340.8896,-2.4340382,17.060642,0.28450283
1,50,10,0.01,0.06493071,0.031611923,0.02598326,0.0073355213,0.08889871,0.0207475,5.751609,1.521127,7.1116056,0.8218524,0.17779742,0.041495,0.16119324,0.04263074,0.08564766,0.009897868,253.06735,252.56178,341.09225,-2.3429794,17.060642,0.31078476
1,51,10,0.01,0.06129579,0.030733874,0.025051106,0.0055108108,0.087655395,0.016123977,5.6474967,1.2051848,6.163962,-0.5727242,0.17531079,0.032247953,0.15827541,0.033776224,0.074234836,-0.0068975277,253.03645,252.36624,341.12097,-0.6324606,17.057692,0.2820318
1,52,10,0.01,0.06582354,0.027394872,0.032638777,0.0057898923,0.08275698,0.023158107,6.446285,1.4930625,6.318114,-0.5751512,0.16551396,0.046316214,0.18066205,0.041844223,0.07609134,-0.006926757,252.94728,251.99554,339.8054,-0.9179113,17.057692,0.32662472
1,53,10,0.01,0.06288772,0.025939735,0.02860649,0.008341497,0.08052909,0.018873464,6.034966,0.92402774,7.5835786,-2.349804,0.16105817,0.03774693,0.16913453,0.025896592,0.091331795,-0.028299548,252.91617,251.75688,339.9783,1.4257762,17.0546,0.30063736
1,54,10,0.01,0.053997632,0.022990925,0.023277035,0.0077296714,0.07581379,0.01622376,5.4438524,0.7840187,7.3001657,-2.1226811,0.15162759,0.03244752,0.15256813,0.021972723,0.08791855,-0.025564225,252.87747,251.57106,339.86734,1.3386624,17.0546,0.2424691
1,55,10,0.01,0.057231605,0.024374707,0.024309378,0.00854752,0.078062005,0.020459004,5.5632615,0.5401384,7.6766596,-3.2588067,0.15612401,0.040918007,0.15591465,0.015137793,0.0924528,-0.039247,252.77141,251.11272,338.7931,2.7186682,17.051638,0.24096355
1,56,10,0.01,0.06085682,0.026759485,0.024403907,0.009693431,0.08179163,0.018417012,5.574067,0.4116571,8.17506,-3.4836533,0.16358326,0.036834024,0.1562175,0.011537002,0.09845522,-0.0419549,252.73201,250.84698,339.01688,3.0719962,17.051638,0.24397492
1,57,10,0.01,0.05991388,0.025669454,0.02465347,0.009590956,0.08010845,0.008577404,5.6024966,-0.5386056,8.131734,-3.8650193,0.1602169,0.017154807,0.15701424,-0.015094832,0.09793343,-0.04654783,252.69183,250.60114,338.90988,4.403625,17.048769,0.27089956
1,58,10,0.01,0.0642975,0.024909923,0.030166915,0.009220656,0.07891439,0.014388489,6.197378,-0.20782292,7.973208,-3.8831599,0.15782878,0.028776977,0.17368625,-0.005824401,0.096024245,-0.0467663,252.6102,250.23557,337.8036,4.090983,17.048769,0.27781582
1,59,10,0.01,0.067282625,0.02485776,0.031214401,0.011210467,0.07883172,0.008606772,6.3040557,-0.8682703,8.791522,-4.2990804,0.15766343,0.017213544,0.17667598,-0.024333939,0.10587949,-0.05177539,252.57272,249.9823,337.87177,5.167351,17.045828,0.321736
1,60,10,0.01,0.062482502,0.026272025,0.025061306,0.011149173,0.081043236,0.004778214,5.648646,-1.0940809,8.767454,-4.1231546,0.16208647,0.009556428,0.15830763,-0.03066245,0.10558964,-0.04965665,252.4859,249.58244,337.3848,5.2172356,17.045828,0.36699423
1,61,10,0.01,0.061892167,0.026304288,0.025678355,0.009909527,0.08109298,0.0061045294,5.7177625,-0.96350545,8.265682,-3.7469802,0.16218597,0.012209059,0.16024467,-0.027002975,0.09954661,-0.045126244,252.37639,249.13249,336.06146,4.7104855,17.042643,0.31038052
1,62,10,0.01,0.06352747,0.026586063,0.025666518,0.01127489,0.08152617,0.00544755,5.7164445,-0.9846097,8.816746,-4.0477576,0.16305234,0.0108951,0.16020773,-0.027594442,0.10618328,-0.048748624,252.36609,248.9629,336.4472,5.032367,17.042643,0.29197216
1,63,10,0.01,0.063145265,0.02557164,0.027787063,0.009786561,0.079955675,-0.0025515219,5.9479027,-0.96779853,8.214238,-3.102642,0.15991135,-0.0051030437,0.16669452,-0.027123297,0.09892705,-0.03736625,252.34306,248.82666,336.48312,4.070441,17.039114,0.19651459
1,64,10,0.01,0.06541946,0.024282802,0.03181472,0.009321934,0.0779147,0.0019534205,6.364388,-0.70154685,8.016877,-3.0480711,0.1558294,0.003906841,0.17836681,-0.019661387,0.09655016,-0.03670903,252.28104,248.61403,335.57114,3.749618,17.039114,0.18299258
1,65,10,0.01,0.06818444,0.023885274,0.033847157,0.010452008,0.07727431,-0.0013005432,6.5645304,-0.31145403,8.488914,-2.4595034,0.15454862,-0.0026010864,0.18397596,-0.00872874,0.102235064,-0.029620698,252.27898,248.54108,335.85672,2.7709575,17.035324,0.195798
1,66,10,0.01,0.06671231,0.022067653,0.03353212,0.011112543,0.074275926,-0.0044547077,6.5339084,-0.55737895,8.75304,-2.3526115,0.14855185,-0.008909415,0.18311778,-0.015620965,0.105416045,-0.028333358,252.25938,248.47905,335.86813,2.9099905,17.035324,0.17882723
1,67,10,0.01,0.06001866,0.020380892,0.02894949,0.010688273,0.07138083,-0.00039430519,6.0710382,0.087518595,8.584322,-1.1723423,0.14276166,-0.00078861037,0.1701455,0.002452777,0.10338411,-0.014118948,252.19354,248.31723,334.91846,1.0848237,17.031248,0.23081176
1,68,10,0.01,0.060661655,0.020454338,0.028172778,0.01203454,0.07150933,-0.0019395516,5.9890423,0.18255988,9.108921,-1.5310681,0.14301866,-0.003879103,0.16784748,0.0051163766,0.10970205,-0.018439213,252.15486,248.05576,335.16107,1.3485082,17.031248,0.23099196
1,69,10,0.01,0.059340093,0.020884087,0.027507937,0.01094807,0.07225664,-0.006743472,5.917954,0.609265,8.688023,-0.30097687,0.14451328,-0.013486944,0.16585517,0.017075118,0.104633026,-0.0036247764,252.12296,247.88617,335.03992,-0.30828816,17.026852,0.21185966
1,70,10,0.01,0.059439495,0.021577613,0.028125461,0.00973642,0.0734466,-0.00068217097,5.984011,1.0403565,8.193168,-0.2070988,0.1468932,-0.0013643419,0.16770647,0.029156785,0.0986733,-0.0024941687,252.08235,247.76523,334.16245,-0.83325773,17.026852,0.22722761
1,71,10,0.01,0.061167695,0.025304465,0.025054852,0.0108083775,0.079536885,-0.00035574415,5.6479187,1.3242052,8.632418,0.23663987,0.15907377,-0.0007114883,0.15828724,0.037111863,0.103963345,0.0028499376,252.07083,247.66045,334.51254,-1.560845,17.022139,0.2307173
1,72,10,0.01,0.060230296,0.0245255,0.024693847,0.011010948,0.0783031,-0.003843844,5.607082,1.2490222,8.712936,0.31466419,0.1566062,-0.007687688,0.15714276,0.035004802,0.10493306,0.0037896193,252.04128,247.52025,334.45294,-1.5636864,17.022139,0.2419611
1,73,10,0.01,0.05603425,0.020708546,0.026095798,0.009229903,0.07195232,0.0010370144,5.764051,1.0798552,7.9772053,0.83909273,0.14390464,0.0020740288,0.16154194,0.030263769,0.09607238,0.010105502,252.01373,247.47096,333.8432,-1.9189479,17.017078,0.22221625
1,74,10,0.01,0.05677907,0.02230805,0.024460843,0.01001018,0.0746794,0.0011768428,5.5805655,0.80808544,8.307553,0.76605296,0.1493588,0.0023536857,0.15639962,0.02264721,0.10005089,0.00922585,252.00136,247.40027,334.2407,-1.5741384,17.017078,0.21467766
1,75,10,0.01,0.052711587,0.019625546,0.024227684,0.008858357,0.070045605,0.0020538613,5.553905,-0.1098366,7.8149962,0.99026656,0.14009121,0.0041077225,0.15565245,-0.0030782544,0.09411884,0.0119261425,251.93166,247.04854,334.10922,-0.88043,17.01159,0.24964757
1,76,10,0.01,0.05469072,0.017773747,0.027030377,0.009886594,0.06665911,0.004573549,5.8663588,0.18888663,8.256111,0.8322056,0.13331822,0.009147098,0.16440918,0.0052936897,0.09943135,0.010022551,251.82565,246.61188,333.13406,-1.0210922,17.01159,0.24449983
1,77,10,0.01,0.05474007,0.019056525,0.024080863,0.011602686,0.069022685,0.006763051,5.537051,-0.30909812,8.943993,0.16549014,0.13804537,0.013526102,0.1551801,-0.008662712,0.10771576,0.0019930578,251.75032,246.26643,333.04657,0.14360799,17.005833,0.19142832
1,78,10,0.01,0.057142876,0.019809889,0.02390061,0.013432375,0.0703738,0.0053919335,5.516289,-0.5221645,9.623403,0.000816692,0.1407476,0.010783867,0.15459822,-0.014634059,0.115898125,9.833261e-6,251.63455,245.78906,332.4483,0.5213478,17.005833,0.22517586
1,79,10,0.01,0.053284794,0.016001413,0.024904162,0.012379223,0.063248344,0.009842248,5.630909,-0.2676011,9.238444,-0.40599623,0.12649669,0.019684495,0.15781052,-0.007499725,0.11126196,-0.0048895595,251.52382,245.38533,331.2253,0.67359734,16.999947,0.13839114
1,80,10,0.01,0.05452682,0.017138062,0.024647266,0.01274149,0.06545621,0.0095606195,5.6017914,-0.23891924,9.372647,-0.46769056,0.13091242,0.019121239,0.15699448,-0.006695894,0.11287821,-0.005632569,251.48566,245.13571,331.33768,0.7066098,16.999947,0.14057952
1,81,10,0.01,0.05687256,0.020294534,0.025631312,0.010946713,0.07122944,0.0067344303,5.712523,-0.28049517,8.687485,-0.5106944,0.14245889,0.013468861,0.16009782,-0.007861091,0.104626544,-0.006150478,251.49037,245.12425,331.4739,0.79118955,16.994041,0.14556658
1,82,10,0.01,0.06584191,0.022465236,0.032772277,0.010604397,0.07494204,0.010889965,6.459454,-0.16638005,8.550572,-0.27246308,0.14988407,0.02177993,0.18103115,-0.0046629324,0.102977656,-0.0032813717,251.50572,245.1914,330.86588,0.43884313,16.994041,0.13727695
1,83,10,0.01,0.06676556,0.021701641,0.03331681,0.011747113,0.073657386,0.009298933,6.5128975,0.06871894,8.999488,-0.6285401,0.14731477,0.018597865,0.18252893,0.0019259031,0.1083841,-0.0075697377,251.59033,245.44125,331.40924,0.5598211,16.988213,0.20926014
1,84,10,0.01,0.06534311,0.0217375,0.031452496,0.012153122,0.07371821,0.008974622,6.3280525,-0.20004836,9.1536875,-0.48887002,0.14743643,0.017949244,0.17734851,-0.0056065116,0.1102412,-0.0058876406,251.66017,245.79999,332.0486,0.68891835,16.988213,0.22464949
1,85,10,0.01,0.06486938,0.0219389,0.031593926,0.0113365585,0.07405893,0.010400022,6.3422637,0.19803956,8.840824,-0.6905738,0.14811786,0.020800045,0.1777468,0.0055502104,0.106473275,-0.008316835,251.64145,245.9074,331.41312,0.49253425,16.982498,0.23024394
1,86,10,0.01,0.06482887,0.02179043,0.030818393,0.012220045,0.07380791,0.008929507,6.2639394,0.12533069,9.178856,-0.79487586,0.14761582,0.017859014,0.17555168,0.0035124896,0.11054431,-0.009572979,251.64864,245.98624,331.695,0.6695452,16.982498,0.22037397
1,87,10,0.01,0.06250612,0.020006038,0.029643262,0.012856821,0.07072135,0.0042191143,6.1433535,0.16315971,9.41497,-0.6138551,0.1414427,0.008438229,0.17217219,0.0045726765,0.11338792,-0.0073928777,251.62627,245.90405,331.66846,0.4506954,16.976944,0.19282466
1,88,10,0.01,0.06672885,0.019672021,0.03382521,0.013231619,0.07012849,0.007521834,6.5624013,0.5538645,9.551216,-0.41017652,0.14025699,0.015043668,0.18391632,0.015522476,0.115028776,-0.004939905,251.58688,245.72842,330.8408,-0.14368796,16.976944,0.17229624
1,89,10,0.01,0.0632194,0.019984314,0.030208696,0.013026385,0.07068294,0.004998507,6.2016683,0.34616,9.476852,-0.45069253,0.14136589,0.009997014,0.17380649,0.009701397,0.11413319,-0.0054278546,251.61253,245.77628,331.1592,0.10453254,16.971546,0.14010936
1,90,10,0.01,0.06567149,0.020428866,0.032155335,0.0130872885,0.07146479,0.0022221624,6.3983655,0.059876896,9.4989805,-0.409289,0.14292958,0.004444325,0.17931908,0.0016780962,0.11439969,-0.0049292175,251.63828,245.87701,331.61343,0.3494121,16.971546,0.18959996
1,91,10,0.01,0.06486742,0.020434259,0.03368888,0.010744281,0.071474224,0.006656024,6.549163,0.16880375,8.606784,-0.10275727,0.14294845,0.013312048,0.1835453,0.0047308537,0.10365462,-0.0012375435,251.63179,245.94089,331.08914,-0.066046484,16.966265,0.14425951
1,92,10,0.01,0.06452373,0.021610806,0.032506097,0.010406822,0.07350307,0.0061201253,6.4331684,0.22782154,8.470543,-0.08158622,0.14700614,0.012240251,0.18029447,0.0063848724,0.102013834,-0.0009825723,251.63794,245.92888,331.5947,-0.14623532,16.966265,0.124534756
1,93,10,0.01,0.058829386,0.01803129,0.030924708,0.009873387,0.06714032,0.0026601143,6.274734,0.12112936,8.250595,0.12385147,0.13428064,0.0053202286,0.17585422,0.0033947416,0.09936492,0.0014915894,251.63182,245.87553,331.7896,-0.24498083,16.96094,0.17465124
1,94,10,0.01,0.061955508,0.02073617,0.032010525,0.009208813,0.072000295,0.006704015,6.383942,0.40168852,7.9680853,0.28457713,0.14400059,0.01340803,0.17891486,0.011257625,0.09596256,0.0034272657,251.62343,245.9607,331.07608,-0.68626565,16.96094,0.1748203
1,95,10,0.01,0.056187537,0.02122754,0.026194682,0.008765315,0.07284837,0.00435467,5.7749615,0.19362013,7.773846,0.19748338,0.14569674,0.00870934,0.16184771,0.005426353,0.09362326,0.0023783657,251.6452,246.09209,331.6579,-0.3911035,16.955576,0.17812611
1,96,10,0.01,0.054674663,0.021336764,0.02474659,0.008591309,0.073035546,0.0032324074,5.613067,0.048597846,7.696298,0.3029932,0.14607109,0.006464815,0.15731049,0.0013619922,0.09268931,0.003649058,251.62643,246.02264,331.74313,-0.35159105,16.955576,0.15131988
1,97,10,0.01,0.052022085,0.019273799,0.024163444,0.008584843,0.069415055,0.005087245,5.5465374,0.25667477,7.6934013,0.27835587,0.13883011,0.01017449,0.15544595,0.0071935058,0.09265443,0.0033523412,251.55603,245.74825,331.03445,-0.5350306,16.950272,0.12916714
1,98,10,0.01,0.054062944,0.020628747,0.024221914,0.009212282,0.07181355,0.0050273137,5.5532436,-0.16447257,7.969587,0.23909281,0.1436271,0.010054627,0.15563391,-0.0046094703,0.09598063,0.0028794822,251.51564,245.46689,331.18036,-0.07462025,16.950272,0.16707642
1,99,10,0.01,0.051459894,0.01647588,0.024040062,0.010943949,0.064179204,0.0006042825,5.5323596,-0.110559754,8.686388,-0.38411313,0.12835841,0.001208565,0.15504858,-0.0030985214,0.104613334,-0.004626014,251.48631,245.34561,331.00552,0.4946729,16.944996,0.12752882
1,100,10,0.01,0.05589497,0.01732324,0.026889296,0.011682436,0.06580889,0.002609971,5.851029,-0.04895169,8.974677,-0.25482562,0.13161778,0.005219942,0.16397956,-0.0013719095,0.10808532,-0.003068957,251.43439,245.2811,330.09564,0.3037773,16.944996,0.12892605
2,1,10,0.0069999998,0.15803602,0.041254476,0.09166624,0.025115311,0.10155599,-0.014686388,10.803072,-6.6580267,13.158958,-1.8098431,0.20311198,-0.029372776,0.30276433,-0.18659629,0.15847811,-0.021796597,253.68755,261.48077,355.60464,8.46787,16.939877,0.9277985
2,2,10,0.0069999998,0.16382027,0.047259636,0.091306694,0.025253944,0.10869641,-0.017222784,10.781864,-6.698084,13.195225,-1.9847043,0.21739282,-0.03444557,0.30216998,-0.1877189,0.1589149,-0.023902515,253.71283,261.37408,356.189,8.682788,16.939877,0.92883503
2,3,10,0.0069999998,0.13186076,0.047243986,0.062025305,0.022591477,0.10867841,-0.022591429,8.886422,-4.1746125,12.480286,-1.3433608,0.21735682,-0.045182858,0.2490488,-0.11699672,0.15030462,-0.016178578,253.64418,260.71436,355.7946,5.5179734,16.93538,0.6814949
2,4,10,0.0069999998,0.1242386,0.041583624,0.060729753,0.021925226,0.10196032,-0.013974962,8.793126,-3.8102417,12.294877,-1.118359,0.20392063,-0.027949924,0.24643408,-0.10678494,0.14807169,-0.013468805,253.50342,259.97836,353.15057,4.928601,16.93538,0.6183224
2,5,10,0.0069999998,0.09343482,0.034089077,0.04052183,0.018823912,0.092316136,-0.009635433,7.182689,-0.70263255,11.392188,-0.36060587,0.18463227,-0.019270865,0.20130035,-0.01969181,0.13720027,-0.0043429052,253.49416,259.6426,353.46307,1.0632384,16.93064,0.3802439
2,6,10,0.0069999998,0.092364535,0.035566177,0.038952157,0.0178462,0.09429499,-0.01655521,7.042199,-0.15149759,11.092389,-0.31068838,0.18858998,-0.03311042,0.197363,-0.00424584,0.13358967,-0.0037417412,253.47144,259.27765,353.65665,0.46218598,16.93064,0.37880424
2,7,10,0.0069999998,0.082348764,0.027993947,0.038257077,0.016097741,0.08365696,-0.0019890366,6.979084,2.6271446,10.535004,0.78952456,0.16731392,-0.003978073,0.19559416,0.07362774,0.12687688,0.009508535,253.34761,258.57828,351.6816,-3.4166691,16.92611,0.5016065
2,8,10,0.0069999998,0.08863507,0.030756913,0.041459296,0.016418863,0.087688245,-0.0039214958,7.2653,2.5656614,10.639563,0.53140056,0.17537649,-0.0078429915,0.20361556,0.07190462,0.12813611,0.006399851,253.3133,258.06952,351.79468,-3.097062,16.92611,0.5066091
2,9,10,0.0069999998,0.09088064,0.029333234,0.045724906,0.015822502,0.08563474,-0.0027252494,7.6299014,3.9425437,10.4445505,1.1216816,0.17126948,-0.005450499,0.21383382,0.1104928,0.12578753,0.01350882,253.2706,257.5899,351.6654,-5.064225,16.921577,0.5966992
2,10,10,0.0069999998,0.08861418,0.027365455,0.04453865,0.01671007,0.08271254,0.0050843996,7.530278,4.0006866,10.7335,1.3076699,0.16542508,0.010168799,0.21104182,0.1121223,0.12926744,0.015748745,253.1832,257.09375,349.96014,-5.3083563,16.921577,0.6082691
2,11,10,0.0069999998,0.08776046,0.027880017,0.045017116,0.014863324,0.08348655,0.00858368,7.5706186,3.7450986,10.123022,1.4072825,0.1669731,0.01716736,0.21217237,0.10495926,0.121915236,0.016948419,253.18158,256.8811,350.22964,-5.152381,16.91696,0.6249487
2,12,10,0.0069999998,0.090309046,0.024740556,0.05057947,0.01498902,0.078645654,0.0060653714,8.024716,4.142882,10.165736,1.5250344,0.15729131,0.012130743,0.2248988,0.11610742,0.122429654,0.018366547,253.18407,256.62677,350.37302,-5.6679163,16.91696,0.6555609
2,13,10,0.0069999998,0.08106606,0.026952703,0.04149769,0.0126156695,0.08208639,0.012645557,7.268662,2.9181826,9.326256,1.3554542,0.16417278,0.025291113,0.20370981,0.08178429,0.1123195,0.016324228,253.12231,256.31064,348.62286,-4.273637,16.91223,0.57939863
2,14,10,0.0069999998,0.08699256,0.03342284,0.04119508,0.012374638,0.09140957,0.010554075,7.242112,2.7861242,9.236733,1.0620824,0.18281914,0.02110815,0.2029657,0.07808328,0.11124135,0.012791047,253.14485,256.23517,348.94595,-3.8482065,16.91223,0.63169664
2,15,10,0.0069999998,0.08055853,0.040023744,0.030313771,0.010221012,0.10002968,0.0069964747,6.2124443,1.3336145,8.394584,0.4588522,0.20005935,0.013992949,0.1741085,0.03737557,0.10109902,0.0055261226,253.12666,255.93044,348.7983,-1.7924666,16.907478,0.5887873
2,16,10,0.0069999998,0.073803276,0.028677292,0.035017498,0.010108488,0.084671855,0.010957643,6.6770573,1.4679703,8.348247,0.35928383,0.16934371,0.021915287,0.18712963,0.041140985,0.10054097,0.0043269866,253.01527,255.40518,347.0644,-1.827254,16.907478,0.5864788
2,17,10,0.0069999998,0.06481052,0.03172726,0.024857895,0.008225366,0.08906074,0.0071753794,5.625676,-0.21545468,7.5306025,-0.25359222,0.17812148,0.014350759,0.15766387,-0.0060382816,0.0906938,-0.003054107,252.95654,254.91919,347.05533,0.4690469,16.902998,0.5005244
2,18,10,0.0069999998,0.07247953,0.043072972,0.021496639,0.007909923,0.103770144,0.0044261813,5.2315187,0.025500905,7.3847933,-0.21136285,0.20754029,0.008852363,0.14661732,0.0007146862,0.088937744,-0.0025455174,252.89554,254.4104,346.83286,0.18586195,16.902998,0.5087236
2,19,10,0.0069999998,0.056765933,0.022872876,0.026833111,0.0070599443,0.07561891,0.008106981,5.844913,-0.41673556,6.976744,-0.43097487,0.15123782,0.016213963,0.16380815,-0.011679333,0.084023476,-0.005190387,252.83218,254.10149,345.29355,0.84771043,16.898964,0.31058773
2,20,10,0.0069999998,0.0619019,0.030268261,0.0248156,0.006818039,0.08698888,0.0058324994,5.620888,-0.60279536,6.856175,-0.39511412,0.17397776,0.011664999,0.15752968,-0.016893808,0.08257142,-0.0047585033,252.89343,254.15813,345.6171,0.9979095,16.898964,0.3550555
2,21,10,0.0069999998,0.060564276,0.024695566,0.029472524,0.006396187,0.07857411,0.001969331,6.125636,-0.6576165,6.640683,-0.6752162,0.15714823,0.003938662,0.17167564,-0.018430198,0.079976164,-0.008131873,252.9779,254.33582,345.72424,1.3328327,16.895277,0.47113445
2,22,10,0.0069999998,0.058217086,0.01991501,0.031972963,0.0063291113,0.07056028,0.0059309932,6.3801956,-0.5313453,6.605772,-0.66491455,0.14112055,0.0118619865,0.17880985,-0.01489136,0.07955571,-0.0080078095,252.99254,254.48721,344.72388,1.1962599,16.895277,0.41357878
2,23,10,0.0069999998,0.063759014,0.02578737,0.0316189,0.006352743,0.08029223,0.001282374,6.344771,-0.62644553,6.618092,-1.2945397,0.16058446,0.002564748,0.17781705,-0.017556617,0.0797041,-0.015590611,253.0109,254.43756,345.375,1.9209852,16.891888,0.5409241
2,24,10,0.0069999998,0.062141858,0.026243653,0.029523203,0.0063749985,0.080999464,-0.0004416,6.130901,-0.3734598,6.6296744,-1.3332307,0.16199893,-0.0008832,0.17182317,-0.01046649,0.07984359,-0.01605658,252.95049,253.96317,345.27982,1.7066905,16.891888,0.5730703
2,25,10,0.0069999998,0.055898678,0.022847837,0.0270137,0.006037141,0.075577505,0.0031588697,5.8645487,-0.17979701,6.4516068,-1.4115397,0.15115501,0.0063177394,0.16435845,-0.0050389525,0.07769904,-0.016999688,252.83282,253.41772,343.4481,1.5913367,16.888645,0.57915235
2,26,10,0.0069999998,0.058260936,0.0269902,0.025253115,0.00601762,0.08214347,0.0017269494,5.670222,-0.34085876,6.441167,-1.5392166,0.16428694,0.0034538987,0.15891229,-0.009552834,0.07757332,-0.018537348,252.80927,253.13057,343.55832,1.8800755,16.888645,0.5497563
2,27,10,0.0069999998,0.046349704,0.019676048,0.020910295,0.005763358,0.07013567,-0.00060433225,5.159678,-0.55604076,6.30362,-1.9229096,0.14027134,-0.0012086645,0.14460392,-0.015583465,0.07591678,-0.0231583,252.77443,252.89629,343.1246,2.4789505,16.885353,0.40790206
2,28,10,0.0069999998,0.04804703,0.02150822,0.02075346,0.005785344,0.073328406,0.004433096,5.1402917,-0.29621387,6.315631,-1.8664445,0.14665681,0.008866192,0.14406061,-0.0083016185,0.07606145,-0.022478268,252.67621,252.44504,341.54056,2.1626582,16.885353,0.42859462
2,29,10,0.0069999998,0.041778743,0.018897975,0.016978366,0.005902401,0.06873495,0.0023807362,4.649331,-0.50052214,6.3792043,-2.1721976,0.1374699,0.0047614723,0.13030106,-0.014027516,0.07682709,-0.026160566,252.63654,252.05986,341.90723,2.6727197,16.882122,0.22295381
2,30,10,0.0069999998,0.04127646,0.016820295,0.018667957,0.0057882085,0.06484654,-0.0007755951,4.8751826,-0.39615154,6.317195,-2.3147306,0.12969308,-0.0015511902,0.13663073,-0.011102451,0.07608028,-0.027877139,252.60909,251.83748,342.08395,2.7108822,16.882122,0.19037972
2,31,10,0.0069999998,0.03974144,0.016477652,0.01822309,0.0050406978,0.064182654,0.004088571,4.816744,-0.32779825,5.895186,-2.2583039,0.12836531,0.008177142,0.13499293,-0.009186798,0.07099787,-0.02719757,252.53366,251.53375,340.59628,2.586102,16.878942,0.26365486
2,32,10,0.0069999998,0.037579462,0.017873505,0.014752687,0.004953267,0.066845916,0.003832602,4.3338923,-0.3883989,5.8438363,-2.1961086,0.13369183,0.007665204,0.12146064,-0.010885173,0.07037945,-0.026448537,252.51752,251.29425,340.78403,2.5845075,16.878942,0.25996262
2,33,10,0.0069999998,0.03722208,0.017713286,0.014121039,0.0053877546,0.066545635,0.0010629318,4.2400975,-0.3192969,6.094753,-2.1556747,0.13309127,0.0021258637,0.11883198,-0.008948538,0.073401324,-0.025961578,252.49998,251.15839,340.80957,2.4749715,16.87572,0.36727074
2,34,10,0.0069999998,0.035782635,0.016311489,0.014178555,0.005292592,0.06385822,0.004812519,4.2487245,-0.20899034,6.040688,-2.107165,0.12771644,0.009625038,0.11907374,-0.005857113,0.0727502,-0.025377361,252.44038,250.93912,339.34424,2.3161554,16.87572,0.37380314
2,35,10,0.0069999998,0.043744426,0.021253733,0.016221894,0.006268799,0.0728933,0.0030581807,4.5445757,0.22138259,6.574221,-2.0166013,0.1457866,0.0061163614,0.1273652,0.0062044174,0.07917575,-0.024286665,252.45628,250.87747,339.63913,1.7952187,16.872519,0.40487146
2,36,10,0.0069999998,0.04053899,0.017279506,0.016307283,0.006952198,0.065725766,0.001434307,4.5565205,0.30289385,6.9233017,-2.1333685,0.13145153,0.002868614,0.12769997,0.008488829,0.08337984,-0.025692934,252.46318,250.90025,339.85037,1.8304746,16.872519,0.37409592
2,37,10,0.0069999998,0.04264032,0.01668865,0.019166248,0.0067854216,0.06459228,0.00185772,4.93982,1.0566121,6.839756,-1.9205322,0.12918456,0.00371544,0.13844222,0.02961236,0.08237367,-0.023129666,252.39621,250.6583,338.63586,0.8639201,16.869297,0.2974238
2,38,10,0.0069999998,0.04132282,0.016408883,0.017816905,0.0070970324,0.06404858,0.0029656042,4.76276,0.9459582,6.995046,-2.0408523,0.12809716,0.0059312084,0.13347998,0.026511202,0.084243886,-0.024578722,252.33511,250.2427,338.68155,1.0948942,16.869297,0.30721152
2,39,10,0.0069999998,0.03564462,0.014513334,0.0144843245,0.006646962,0.06023565,-0.0018112654,4.294293,1.4299304,6.7696114,-1.6555209,0.1204713,-0.0036225307,0.12035084,0.040074885,0.0815289,-0.019938048,252.29187,249.96628,338.5243,0.22559047,16.866,0.2448602
2,40,10,0.0069999998,0.035123713,0.012110972,0.016630663,0.0063820775,0.05502493,8.466351e-5,4.6014776,1.5553764,6.6333547,-1.4889098,0.11004986,0.00016932702,0.12895992,0.04359061,0.079887904,-0.017931487,252.23746,249.77306,337.47647,-0.06646657,16.866,0.25810722
2,41,10,0.0069999998,0.035050523,0.013057199,0.015675623,0.0063177017,0.05713405,-0.0004772708,4.4674006,1.44341,6.599814,-1.0015488,0.1142681,-0.0009545416,0.12520233,0.040452667,0.07948397,-0.01206202,252.24442,249.74522,337.86365,-0.44186127,16.86276,0.24851513
2,42,10,0.0069999998,0.033727698,0.012405372,0.015067018,0.006255308,0.055689704,-0.0023000382,4.3798194,1.5178403,6.5671444,-1.0392749,0.11137941,-0.0046000765,0.12274778,0.04253863,0.079090506,-0.012516368,252.2092,249.58636,337.64233,-0.47856534,16.86276,0.27120477
2,43,10,0.0069999998,0.035438493,0.014308542,0.015311574,0.00581838,0.05980916,0.00025694614,4.4152207,1.2802261,6.333638,-0.17113371,0.11961832,0.0005138923,0.12373994,0.03587932,0.07627831,-0.002061025,252.1326,249.27142,336.5714,-1.1090924,16.8596,0.2851199
2,44,10,0.0069999998,0.03750913,0.014558749,0.01661335,0.006337028,0.06032982,-0.000761146,4.5990825,1.3767148,6.6099014,-0.38617614,0.12065964,-0.001522292,0.12889278,0.03858348,0.07960545,-0.00465086,252.10835,249.03737,336.9317,-0.9905387,16.8596,0.29313472
2,45,10,0.0069999998,0.03380705,0.014097279,0.013309561,0.0064002117,0.05936598,-0.0009209002,4.1164646,0.62438816,6.6427727,0.23304571,0.11873196,-0.0018418004,0.11536707,0.017498955,0.080001324,0.0028066551,252.10802,248.97218,336.9256,-0.85743386,16.85653,0.26809716
2,46,10,0.0069999998,0.03492214,0.014528521,0.014067633,0.006325986,0.060267158,0.00073477265,4.232072,0.7804578,6.60414,0.47134408,0.120534316,0.0014695453,0.11860705,0.021872925,0.079536065,0.005676562,252.08379,248.93716,335.98492,-1.2518018,16.85653,0.26892826
2,47,10,0.0069999998,0.033232447,0.012948575,0.0138902785,0.0063935937,0.056895904,0.0038150519,4.20531,-0.1644783,6.639337,0.7592965,0.11379181,0.0076301037,0.117857024,-0.004609632,0.07995995,0.009144484,252.07895,248.85532,336.26334,-0.5948182,16.853546,0.16814224
2,48,10,0.0069999998,0.03212041,0.011813759,0.01353582,0.0067708315,0.05434556,0.002713009,4.1513066,-0.31227604,6.832399,0.70537966,0.10869112,0.005426018,0.11634354,-0.008751776,0.08228506,0.008495143,252.05165,248.67085,336.13483,-0.39310363,16.853546,0.1697508
2,49,10,0.0069999998,0.031493254,0.010957296,0.015037912,0.005498044,0.05233855,0.005767497,4.375587,-0.99334294,6.156818,1.2853388,0.1046771,0.011534994,0.122629166,-0.027839193,0.0741488,0.015479806,251.98116,248.32077,335.15988,-0.29199582,16.85063,0.18141928
2,50,10,0.0069999998,0.032483213,0.012929683,0.0136486115,0.005904919,0.056854382,0.0071162297,4.1685667,-0.9836057,6.380565,1.2655549,0.113708764,0.0142324595,0.11682727,-0.027566303,0.07684347,0.0152415335,251.93387,247.95593,335.32437,-0.28194922,16.85063,0.17496315
2,51,10,0.0069999998,0.032824613,0.0113792075,0.015140863,0.0063045416,0.053336684,0.0077673867,4.390539,-1.6830417,6.592937,1.2663648,0.10667337,0.0155347735,0.123048216,-0.047168523,0.07940114,0.015251291,251.89171,247.80388,335.13416,0.41667688,16.84772,0.26580197
2,52,10,0.0069999998,0.033403777,0.0120630525,0.015187367,0.0061533554,0.054915965,0.0086315675,4.3972764,-1.6641393,6.5134068,1.470471,0.10983193,0.017263135,0.123237036,-0.046638772,0.078443326,0.01770942,251.81528,247.46753,334.15137,0.19366825,16.84772,0.31738764
2,53,10,0.0069999998,0.03873055,0.016582586,0.016593847,0.0055541187,0.064386696,0.008709798,4.5963817,-1.568114,6.188135,1.2807581,0.12877339,0.017419595,0.12881711,-0.043947596,0.07452596,0.015424634,251.81454,247.38065,334.4803,0.2873559,16.844893,0.35685116
2,54,10,0.0069999998,0.036509518,0.013015514,0.016853953,0.006640051,0.057042778,0.0076346523,4.6322656,-1.7103854,6.7660923,1.0254142,0.114085555,0.015269305,0.12982278,-0.04793485,0.08148651,0.012349434,251.78716,247.35942,334.36124,0.6849712,16.844893,0.31773132
2,55,10,0.0069999998,0.034714356,0.013565272,0.015115183,0.0060338997,0.058235023,0.0040712385,4.386814,-0.98833364,6.449875,0.69491297,0.11647005,0.008142477,0.12294382,-0.027698811,0.07767818,0.008369089,251.70271,247.14574,333.19922,0.29342067,16.842075,0.1677504
2,56,10,0.0069999998,0.0375378,0.013675405,0.01671536,0.0071470332,0.058470942,0.003683121,4.61318,-0.87751603,7.0196443,0.6261881,0.116941884,0.007366242,0.1292879,-0.024593055,0.08454013,0.0075414116,251.69417,247.01488,333.41635,0.25132793,16.842075,0.1654468
2,57,10,0.0069999998,0.03790942,0.011893028,0.018734066,0.007282323,0.05452758,-0.00038369413,4.8838077,-0.12168986,7.085772,-0.024250839,0.10905516,-0.00076738826,0.13687244,-0.003410452,0.08533653,-0.00029206157,251.73308,247.14703,333.5422,0.1459407,16.83939,0.14502789
2,58,10,0.0069999998,0.043451242,0.012574245,0.02357098,0.0073060184,0.05606747,0.00032467386,5.4781184,0.10375252,7.09729,0.12783158,0.11213494,0.0006493477,0.15352844,0.0029077393,0.08547525,0.0015395236,251.77458,247.37906,332.99802,-0.2315841,16.83939,0.15461913
2,59,10,0.0069999998,0.043133646,0.0144715095,0.021357398,0.0073047397,0.060148794,-0.0010937823,5.2145486,0.77358294,7.0966697,-0.28986067,0.12029759,-0.0021875645,0.14614171,0.021680249,0.08546777,-0.003490898,251.83984,247.59549,333.8268,-0.48372227,16.836782,0.2164862
2,60,10,0.0069999998,0.041370846,0.012558954,0.021127643,0.007684248,0.05603337,-0.0014369786,5.1864247,0.69681394,7.278684,-0.19261086,0.11206674,-0.0028739572,0.14535351,0.019528743,0.08765984,-0.0023196826,251.83653,247.56897,333.89633,-0.5042031,16.836782,0.24506998
2,61,10,0.0069999998,0.04267855,0.0127278445,0.022383219,0.0075674867,0.056408875,-0.004024469,5.3383102,1.1490352,7.2231727,-0.3404194,0.11281775,-0.008048938,0.14961022,0.03220259,0.0869913,-0.004099795,251.77242,247.4338,333.06924,-0.8086158,16.834187,0.24124406
2,62,10,0.0069999998,0.04030664,0.01165295,0.020729685,0.007924001,0.053974416,-0.0030869576,5.137347,0.9786455,7.391361,-0.4637224,0.10794883,-0.006173915,0.14397807,0.027427286,0.089016855,-0.0055847783,251.7137,247.13795,333.2523,-0.5149231,16.834187,0.23412246
2,63,10,0.0069999998,0.03813801,0.010796376,0.019453023,0.007888611,0.051952805,-0.0034976273,4.9766383,0.83613586,7.374838,-0.86700916,0.10390561,-0.0069952547,0.1394741,0.023433343,0.08881786,-0.010441707,251.6311,246.82362,333.08295,0.030873299,16.831614,0.2168535
2,64,10,0.0069999998,0.041905567,0.012635384,0.022094574,0.007175609,0.05620361,-0.003673789,5.303778,1.053669,7.0336633,-0.81079185,0.11240722,-0.007347578,0.14864244,0.029529875,0.08470897,-0.009764662,251.52881,246.48871,332.05942,-0.24287713,16.831614,0.253623
2,65,10,0.0069999998,0.040578317,0.013082591,0.020122418,0.0073733074,0.057189576,-0.0024236918,5.0615396,0.52049285,7.1298985,-0.933924,0.11437915,-0.0048473836,0.14185351,0.014587208,0.085867964,-0.011247586,251.48322,246.22293,332.15573,0.41343117,16.829092,0.20647109
2,66,10,0.0069999998,0.043938868,0.013492334,0.022111375,0.008335156,0.05807825,-0.0024168834,5.3057947,0.48555797,7.5806956,-1.0116986,0.1161565,-0.0048337667,0.14869894,0.013608135,0.091297075,-0.012184254,251.43533,245.99866,332.0531,0.52614063,16.829092,0.22868298
2,67,10,0.0069999998,0.043113455,0.012322805,0.02302755,0.007763099,0.055504065,-0.001730197,5.4146,0.18057522,7.3159337,-0.5840942,0.11100813,-0.003460394,0.15174831,0.0050607612,0.08810845,-0.0070344596,251.37323,245.7871,331.268,0.403519,16.826561,0.22868769
2,68,10,0.0069999998,0.04444798,0.014520596,0.022003133,0.007924249,0.06025072,-0.0014469897,5.292792,-0.012384838,7.391478,-0.42803046,0.12050144,-0.0028939794,0.14833453,-0.0003470965,0.089018255,-0.0051549263,251.36893,245.80731,331.65253,0.4404153,16.826561,0.2582106
2,69,10,0.0069999998,0.041155465,0.012414374,0.020110339,0.008630754,0.055709906,-0.00086222554,5.06002,-0.87904483,7.713946,-0.3249603,0.11141981,-0.0017244511,0.14181092,-0.024635902,0.092901856,-0.003913615,251.37358,245.886,331.86044,1.2040051,16.824055,0.16919377
2,70,10,0.0069999998,0.04298168,0.012674071,0.021818405,0.008489203,0.056289587,4.522322e-5,5.270527,-1.0153081,7.6504264,0.05662791,0.112579174,9.044644e-5,0.14771055,-0.028454786,0.09213687,0.00068199093,251.36368,245.99217,331.30365,0.9586802,16.824055,0.20467648
2,71,10,0.0069999998,0.044030078,0.014288677,0.021645457,0.0080959415,0.059767626,0.0016585224,5.2495956,-1.2866155,7.4711227,0.04637044,0.11953525,0.0033170448,0.14712395,-0.036058377,0.08997745,0.0005584561,251.37311,246.009,331.48776,1.2402451,16.8218,0.24671702
2,72,10,0.0069999998,0.04630937,0.014405582,0.022749064,0.009154726,0.06001163,0.0005254883,5.3817596,-1.3692569,7.944652,-0.12522091,0.12002326,0.0010509766,0.15082793,-0.038374472,0.09568033,-0.0015080823,251.39465,246.04993,331.37625,1.4944777,16.8218,0.23676385
2,73,10,0.0069999998,0.046967015,0.013777515,0.024957975,0.008231525,0.05868883,0.0008321931,5.6369896,-1.1449289,7.5334225,0.3862097,0.11737766,0.0016643862,0.15798093,-0.032087505,0.090727754,0.0046512643,251.40268,246.17522,331.3099,0.7587192,16.819805,0.2609173
2,74,10,0.0069999998,0.048908293,0.01556456,0.02443013,0.008913602,0.062379003,0.0015967125,5.5770617,-1.1893035,7.839328,0.47588024,0.124758005,0.003193425,0.15630141,-0.033331133,0.09441187,0.005731199,251.41637,246.17882,331.88687,0.71342325,16.819805,0.23410751
2,75,10,0.0069999998,0.049593307,0.015198292,0.024431774,0.0099632405,0.061640676,0.0012892758,5.5772495,-0.83248514,8.288053,0.442226,0.12328135,0.0025785516,0.15630667,-0.023331035,0.09981603,0.005325889,251.43427,246.28302,332.10025,0.39025915,16.817978,0.21982594
2,76,10,0.0069999998,0.051020224,0.014339106,0.027096696,0.009584422,0.059873004,0.0022515797,5.8735504,-0.7427812,8.128963,0.84524953,0.11974601,0.0045031593,0.16461074,-0.02081701,0.09790006,0.010179647,251.42728,246.28091,331.4898,-0.10246831,16.817978,0.21165203
2,77,10,0.0069999998,0.047315963,0.0148490565,0.02329021,0.0091766985,0.060928352,0.005974422,5.4453936,-0.36854115,7.9541802,1.1576779,0.121856704,0.011948844,0.1526113,-0.010328647,0.09579509,0.013942338,251.45267,246.34676,332.02612,-0.78913677,16.81628,0.11094076
2,78,10,0.0069999998,0.04965137,0.013385117,0.025986213,0.010280037,0.057847034,0.0061559184,5.7519364,-0.6356326,8.418788,1.0940081,0.11569407,0.012311837,0.1612024,-0.017814087,0.10139052,0.01317554,251.44044,246.35889,332.30768,-0.4583755,16.81628,0.12879217
2,79,10,0.0069999998,0.04975102,0.013405627,0.027215851,0.009129541,0.057891335,0.006097259,5.8864512,-0.07765588,7.9337153,1.320628,0.11578267,0.012194518,0.16497228,-0.00217637,0.09554863,0.015904803,251.36418,246.15562,331.43738,-1.2429721,16.814724,0.17724594
2,80,10,0.0069999998,0.049808748,0.015069464,0.025291694,0.009447588,0.061378874,0.007946164,5.674551,-0.16257532,8.070727,1.187321,0.12275775,0.015892329,0.15903363,-0.0045562983,0.0971987,0.014299338,251.30489,245.77109,331.40558,-1.0247456,16.814724,0.15393186
2,81,10,0.0069999998,0.052797876,0.014996358,0.02776892,0.010032596,0.06122981,0.004273079,5.9459605,0.12227265,8.316852,0.84993476,0.12245962,0.008546158,0.16664009,0.0034267807,0.10016285,0.010236074,251.24536,245.50319,331.25095,-0.9722074,16.813282,0.19200353
2,82,10,0.0069999998,0.051239323,0.014643466,0.027132487,0.009463369,0.060505096,0.005045909,5.8774285,0.16767675,8.077464,1.3393928,0.12101019,0.010091818,0.16471942,0.004699269,0.09727985,0.016130794,251.18051,245.33284,330.3902,-1.5070696,16.813282,0.223862
2,83,10,0.0069999998,0.04937132,0.014710157,0.025395446,0.009265716,0.06064272,0.0024556492,5.686178,0.47075826,7.992667,0.9670495,0.12128544,0.0049112984,0.15935948,0.013193357,0.09625859,0.01164653,251.21248,245.49197,330.89322,-1.4378078,16.81189,0.17874579
2,84,10,0.0069999998,0.05418989,0.0151610635,0.02851039,0.010518437,0.061565135,0.0024609882,6.024821,0.3477753,8.515846,0.9110701,0.12313027,0.0049219765,0.1688502,0.0097466735,0.10255943,0.010972351,251.2403,245.69054,331.11404,-1.2588454,16.81189,0.1796306
2,85,10,0.0069999998,0.053810157,0.014773336,0.02948021,0.009556609,0.060772806,-0.0007756518,6.126435,0.3440581,8.11716,0.77946234,0.12154561,-0.0015513035,0.17169802,0.00964249,0.09775791,0.009387349,251.22568,245.69247,330.547,-1.1235204,16.810492,0.11995862
2,86,10,0.0069999998,0.052349385,0.015843045,0.027017815,0.009488527,0.06293458,0.00021659989,5.8649945,0.20503059,8.088194,0.9101476,0.12586915,0.00043319978,0.16437097,0.005746142,0.09740907,0.01096124,251.27144,245.72153,331.14114,-1.1151782,16.810492,0.10010672
2,87,10,0.0069999998,0.051341668,0.015715312,0.025842737,0.009783618,0.06268036,-0.0019519362,5.7360353,-0.06116659,8.213001,0.4513929,0.12536073,-0.0039038723,0.16075677,-0.0017142398,0.09891217,0.005436288,251.34145,245.94603,331.49054,-0.3902263,16.809155,0.1512722
2,88,10,0.0069999998,0.050049372,0.014920308,0.025980372,0.009148689,0.061074357,-0.0017759318,5.7512894,0.019634016,7.9420323,0.5274778,0.122148715,-0.0035518636,0.16118428,0.0005502562,0.09564878,0.006352609,251.34444,246.0052,330.96735,-0.5471118,16.809155,0.15345965
2,89,10,0.0069999998,0.04652421,0.014862222,0.022862606,0.008799385,0.060955357,-0.0036559033,5.395173,-0.20465383,7.7889404,0.013163788,0.12191071,-0.0073118065,0.15120386,-0.00573558,0.09380504,0.00015853722,251.3544,246.04924,331.65405,0.19149004,16.807934,0.110134885
2,90,10,0.0069999998,0.048924875,0.014729213,0.024398936,0.0097967265,0.060681984,-0.004124064,5.5734997,-0.1938848,8.218503,-0.06410909,0.12136397,-0.008248128,0.15620159,-0.005433769,0.098978415,-0.0007720897,251.31223,245.81322,331.47437,0.25799388,16.807934,0.13826299
2,91,10,0.0069999998,0.048849843,0.01452426,0.02568842,0.008637163,0.060258318,-0.0033359353,5.7188835,-0.1955056,7.7168083,-0.019145118,0.120516635,-0.0066718706,0.16027607,-0.0054791924,0.09293634,-0.00023057184,251.27519,245.7178,330.60632,0.21465072,16.806694,0.121747896
2,92,10,0.0069999998,0.0450759,0.014745998,0.022340158,0.007989744,0.06071655,-0.0025885766,5.3331723,-0.40338305,7.4219604,0.08497473,0.1214331,-0.0051771533,0.14946625,-0.011305117,0.08938537,0.0010233793,251.30826,245.87689,331.14694,0.3184083,16.806694,0.12786376
2,93,10,0.0069999998,0.04505215,0.013853605,0.022611555,0.008586988,0.05885067,-0.0027141517,5.3654695,-0.4818387,7.6943617,-0.14616506,0.11770134,-0.0054283035,0.15037139,-0.013503897,0.092666,-0.0017603214,251.3164,245.89915,331.25055,0.6280038,16.805332,0.15917957
2,94,10,0.0069999998,0.045823272,0.014512542,0.023271602,0.008039127,0.060234006,-0.0024702812,5.4432178,-0.21442132,7.444862,0.13336352,0.12046801,-0.0049405624,0.15255032,-0.006009321,0.08966118,0.0016061465,251.28618,245.81332,330.5231,0.0810578,16.805332,0.15577774
2,95,10,0.0069999998,0.041707966,0.012707814,0.02110156,0.007898592,0.05636447,-0.0022858647,5.1832223,0.11753336,7.3795023,-0.15104829,0.11272894,-0.0045717293,0.14526376,0.0032939622,0.08887403,-0.0018191301,251.26605,245.68845,330.4793,0.033514924,16.803936,0.1166224
2,96,10,0.0069999998,0.039481472,0.012019036,0.019533888,0.007928546,0.054815684,-0.0032150878,4.9869714,0.035358313,7.393481,-0.30849102,0.10963137,-0.0064301756,0.13976368,0.0009909399,0.08904238,-0.0037152695,251.28902,245.90088,330.5964,0.2731327,16.803936,0.10718718
2,97,10,0.0069999998,0.041373447,0.014027653,0.020237535,0.007108258,0.059219196,-0.0013406846,5.075997,0.42439875,7.000576,-0.34397346,0.11843839,-0.0026813692,0.14225869,0.011894099,0.08431049,-0.0041425955,251.29236,245.9662,330.0443,-0.08042529,16.802483,0.11212387
2,98,10,0.0069999998,0.04023145,0.0141047295,0.019442828,0.0066838944,0.059381668,-0.0011376337,4.975334,0.19661912,6.788393,-0.34476295,0.118763335,-0.0022752674,0.13943754,0.0055104042,0.08175509,-0.0041521084,251.31963,246.06194,330.71548,0.14814383,16.802483,0.117232144
2,99,10,0.0069999998,0.03757572,0.013885722,0.016669886,0.007020113,0.058918845,-0.0027866147,4.606901,0.15681174,6.957036,-0.88992393,0.11783769,-0.0055732294,0.12911192,0.0043947683,0.083786115,-0.010717675,251.323,245.99481,330.933,0.7331122,16.800814,0.14652643
2,100,10,0.0069999998,0.040409748,0.015245095,0.018494798,0.006669854,0.061735515,0.00049268897,4.8525205,0.34337944,6.7812595,-0.5645204,0.12347103,0.0009853779,0.13599558,0.009623474,0.081669174,-0.006798725,251.36124,246.15953,330.353,0.22114098,16.800814,0.13385622
3,1,10,0.0048999996,0.08289784,0.031879842,0.0352353,0.015782697,0.08927464,-0.0047220555,6.6977906,-2.0764077,10.431404,-5.258688,0.17854927,-0.009444111,0.18771069,-0.058192912,0.1256292,-0.06333229,252.51752,255.97429,347.1454,7.3350954,16.798908,0.46550414
3,2,10,0.0048999996,0.08881656,0.036156125,0.03742939,0.015231052,0.09507382,-0.003843588,6.9031754,-2.3363757,10.247481,-5.061134,0.19014764,-0.007687176,0.19346677,-0.065478705,0.12341415,-0.060953062,252.45564,255.47568,346.98557,7.3975096,16.798908,0.4854516
3,3,10,0.0048999996,0.07309443,0.025837382,0.033234745,0.014022302,0.08037005,-0.0069558593,6.504871,-1.3148556,9.832453,-4.553038,0.1607401,-0.0139117185,0.182304,-0.03684983,0.1184158,-0.054833904,252.38498,255.04692,346.13266,5.8678937,16.796667,0.33191988
3,4,10,0.0048999996,0.0743443,0.028263828,0.031974446,0.014106031,0.084059246,-0.004441616,6.3803434,-1.4552011,9.861764,-4.403383,0.16811849,-0.008883232,0.178814,-0.040783122,0.11876881,-0.053031538,252.26353,254.40094,344.42368,5.858584,16.796667,0.36834794
3,5,10,0.0048999996,0.06803394,0.028531458,0.027557328,0.011945156,0.08445629,-0.0064993063,5.923264,-0.47463027,9.075031,-3.3516235,0.16891257,-0.012998613,0.166004,-0.013301875,0.1092939,-0.04036482,252.17596,253.7079,344.53555,3.826254,16.79384,0.23468994
3,6,10,0.0048999996,0.06499009,0.023278413,0.029170742,0.012540936,0.07628632,-0.008448658,6.0941935,0.13708596,9.298591,-3.407926,0.15257265,-0.016897315,0.17079444,0.0038419373,0.11198632,-0.041042898,252.0906,253.13553,344.09387,3.2708402,16.79384,0.23248304
3,7,10,0.0048999996,0.058586136,0.021703934,0.025119856,0.011762342,0.073661275,-0.0019543953,5.6552405,1.1277997,9.00532,-2.167799,0.14732255,-0.0039087906,0.15849245,0.031607453,0.10845433,-0.026107593,251.9916,252.6514,342.49133,1.0399992,16.790749,0.19976485
3,8,10,0.0048999996,0.056862302,0.021658173,0.02387272,0.011331408,0.07358358,-0.0034678741,5.5130696,1.0591313,8.838817,-2.0183556,0.14716716,-0.0069357483,0.154508,0.029682958,0.10644909,-0.024307787,251.9797,252.38353,343.0744,0.95922434,16.790749,0.19754972
3,9,10,0.0048999996,0.056846343,0.02178483,0.024573555,0.010487959,0.073798425,-0.0042364425,5.5934076,1.9853659,8.503499,-0.9845916,0.14759685,-0.008472885,0.15675955,0.0556414,0.10241073,-0.011857795,251.91725,251.90443,342.80936,-1.0007743,16.787552,0.305545
3,10,10,0.0048999996,0.055120036,0.019647924,0.024660924,0.010811186,0.070085526,-0.0008021256,5.6033425,2.0863621,8.633541,-0.91685116,0.14017105,-0.0016042512,0.15703797,0.058471896,0.10397685,-0.011041973,251.82349,251.47746,341.1131,-1.169511,16.787552,0.27010068
3,11,10,0.0048999996,0.060738977,0.026025936,0.024729831,0.009983209,0.08066278,5.2631203e-5,5.611166,2.2061512,8.296352,0.34065047,0.16132556,0.00010526241,0.15725721,0.061829068,0.09991601,0.0041025775,251.82231,251.32379,341.11148,-2.5468018,16.784397,0.32209486
3,12,10,0.0048999996,0.05492927,0.017377827,0.02750952,0.010041924,0.06591249,-0.0006847523,5.9181237,2.4997418,8.320715,0.21957259,0.13182499,-0.0013695046,0.16585994,0.070057176,0.1002094,0.002644392,251.77777,250.985,340.76672,-2.7193143,16.784397,0.36698672
3,13,10,0.0048999996,0.052790985,0.017099258,0.025138361,0.0105533665,0.06538206,0.004350276,5.6573234,2.160047,8.529975,1.1091144,0.13076413,0.008700552,0.15855081,0.060536977,0.10272958,0.013357466,251.71736,250.74268,339.72513,-3.2691615,16.781368,0.3105432
3,14,10,0.0048999996,0.057304244,0.021289505,0.025493922,0.010520819,0.07295462,0.0027141126,5.697192,2.1579332,8.51681,1.2315605,0.14590923,0.0054282253,0.15966816,0.06047773,0.10257104,0.014832128,251.70682,250.54742,339.8488,-3.3894937,16.781368,0.3531619
3,15,10,0.0048999996,0.05322409,0.017858388,0.025201254,0.01016445,0.06681764,0.0051215175,5.6643963,1.6031731,8.371324,1.5513402,0.13363528,0.010243035,0.15874903,0.044930145,0.100818895,0.018683353,251.67006,250.20534,339.4921,-3.1545134,16.778486,0.34534147
3,16,10,0.0048999996,0.049288064,0.015890123,0.023093535,0.010304404,0.063028015,0.007680454,5.422353,1.6061659,8.42876,1.4635,0.12605603,0.015360908,0.15196557,0.04501403,0.101510614,0.017625464,251.62082,249.95786,338.5288,-3.069666,16.778486,0.2941701
3,17,10,0.0048999996,0.045226976,0.016098222,0.019431194,0.009697562,0.063439384,0.009708322,4.973846,0.58044463,8.176802,1.7615799,0.12687877,0.019416643,0.13939582,0.016267402,0.0984762,0.021215348,251.66087,250.0359,339.11783,-2.3420246,16.775822,0.23782954
3,18,10,0.0048999996,0.046344217,0.016122434,0.020794004,0.009427778,0.063487075,0.006906035,5.145311,0.8334414,8.062261,1.638272,0.12697415,0.01381207,0.14420126,0.02335783,0.09709675,0.019730305,251.67436,250.03557,339.2095,-2.4717135,16.775822,0.26952723
3,19,10,0.0048999996,0.041382995,0.0139108915,0.018695729,0.008776375,0.05897222,0.010729539,4.878808,-0.21131054,7.778749,1.4176714,0.11794444,0.021459078,0.13673232,-0.005922139,0.09368231,0.017073527,251.60866,249.70958,337.7223,-1.2063609,16.77334,0.20005035
3,20,10,0.0048999996,0.04432923,0.01685562,0.018891063,0.008582546,0.0649146,0.010858137,4.904229,-0.10419248,7.6923723,1.5652286,0.1298292,0.021716274,0.13744476,-0.0029200737,0.09264203,0.018850615,251.62575,249.5722,337.92657,-1.4610361,16.77334,0.20601748
3,21,10,0.0048999996,0.042628042,0.014202576,0.020525157,0.007900309,0.05958728,0.009925461,5.1119404,-0.9198137,7.380304,1.2526481,0.11917456,0.019850923,0.14326604,-0.025778474,0.08888368,0.0150860995,251.61826,249.43193,337.66272,-0.33283442,16.771015,0.19771479
3,22,10,0.0048999996,0.043116327,0.01312151,0.022091119,0.0079037,0.05727458,0.012494715,5.3033633,-0.94442564,7.381888,1.5322349,0.11454916,0.02498943,0.14863081,-0.02646825,0.08890276,0.018453266,251.5896,249.2885,336.7905,-0.58780926,16.771015,0.22762312
3,23,10,0.0048999996,0.044402726,0.015949508,0.02067009,0.007783131,0.06314568,0.010680457,5.1299567,-1.6168635,7.325366,1.2407376,0.12629136,0.021360913,0.14377096,-0.045313835,0.08822206,0.014942655,251.61943,249.32716,337.25592,0.37612593,16.768879,0.23552075
3,24,10,0.0048999996,0.044151194,0.0145956725,0.02127091,0.0082846135,0.060406275,0.010036544,5.20398,-1.5754561,7.557677,1.2100666,0.12081255,0.020073088,0.1458455,-0.04415335,0.091019854,0.014573273,251.6018,249.24443,337.00916,0.3653896,16.768879,0.22065458
3,25,10,0.0048999996,0.045526106,0.014320756,0.022960238,0.00824511,0.05983468,0.008153883,5.4066806,-1.8318044,7.5396366,0.77969486,0.11966936,0.016307766,0.15152636,-0.051337715,0.09080259,0.00939015,251.49516,248.72224,335.7578,1.0521095,16.766953,0.25241417
3,26,10,0.0048999996,0.04525658,0.01486498,0.022105925,0.008285674,0.06096101,0.008016831,5.3051405,-1.855243,7.5581603,0.8172412,0.12192202,0.016033662,0.14868061,-0.051994607,0.09102568,0.0098423315,251.48137,248.50462,336.04718,1.0380018,16.766953,0.2565525
3,27,10,0.0048999996,0.042893298,0.012303358,0.021915682,0.008674257,0.055460252,0.003263748,5.282263,-1.7402406,7.733362,0.13165252,0.110920504,0.006527496,0.14803946,-0.04877158,0.09313569,0.0015855413,251.4534,248.29155,336.00583,1.6085881,16.76528,0.2361848
3,28,10,0.0048999996,0.045955777,0.013321583,0.023573978,0.009060215,0.057709582,0.003941803,5.4784665,-1.6025864,7.903536,0.09384051,0.115419164,0.007883606,0.1535382,-0.044913705,0.09518516,0.0011301553,251.37094,247.95522,334.69366,1.5087459,16.76528,0.22586396
3,29,10,0.0048999996,0.045092158,0.0140288,0.021538988,0.00952437,0.059221618,-0.00075515383,5.23667,-1.0314027,8.1034565,-0.40000674,0.118443236,-0.0015103077,0.14676167,-0.028905844,0.097592875,-0.0048174234,251.36502,247.82191,334.95984,1.4314095,16.763832,0.18018429
3,30,10,0.0048999996,0.046999447,0.012962558,0.023228854,0.010808037,0.056926616,-0.00076325977,5.4382157,-1.1101269,8.632281,-0.3835401,0.11385323,-0.0015265195,0.15241015,-0.031112151,0.103961706,-0.004619108,251.35518,247.815,334.8296,1.4936669,16.763832,0.1882382
3,31,10,0.0048999996,0.052577186,0.017308343,0.023963062,0.011305784,0.06578059,-0.002855189,5.523492,-0.5110019,8.828816,-0.5709076,0.13156117,-0.005710378,0.15480007,-0.014321214,0.10632866,-0.00687565,251.30615,247.59052,333.70645,1.0819094,16.762608,0.1809773
3,32,10,0.0048999996,0.050160702,0.01591601,0.022849698,0.011394997,0.063079335,-0.0028891051,5.39365,-0.41394126,8.863583,-0.4736274,0.12615867,-0.0057782102,0.15116116,-0.011601024,0.10674735,-0.005704067,251.33223,247.62245,334.28534,0.88756865,16.762608,0.18322326
3,33,10,0.0048999996,0.04750028,0.0120640965,0.023669071,0.011767112,0.05491834,-0.0054299817,5.489505,0.025955182,9.007144,-0.81092775,0.10983668,-0.0108599635,0.15384756,0.0007274127,0.10847632,-0.009766297,251.31433,247.4588,334.09186,0.78497255,16.761562,0.20476133
3,34,10,0.0048999996,0.051283773,0.014199889,0.024962956,0.012120928,0.059581645,-0.004844306,5.637552,0.3258981,9.141556,-1.0573571,0.11916329,-0.009688612,0.1579967,0.009133543,0.11009508,-0.012734138,251.259,247.24393,333.00018,0.73145896,16.761562,0.17237015
3,35,10,0.0048999996,0.05093303,0.017076312,0.022465799,0.011390921,0.06533818,-0.0040483875,5.3481483,0.511799,8.861998,-0.8017554,0.13067636,-0.008096775,0.14988595,0.014343558,0.106728256,-0.009655832,251.2814,247.2075,333.46017,0.28995645,16.76057,0.15481932
3,36,10,0.0048999996,0.052458603,0.014085107,0.025951184,0.012422312,0.059340347,-0.004397624,5.748058,0.6446307,9.254509,-0.77543753,0.11868069,-0.008795248,0.16109371,0.018066265,0.111455426,-0.009338875,251.29082,247.18555,333.35013,0.13080686,16.76057,0.17229293
3,37,10,0.0048999996,0.05232186,0.014031644,0.026145095,0.0121451225,0.05922762,-0.0047402824,5.769493,0.76320666,9.150675,-0.70391506,0.11845524,-0.009480565,0.16169445,0.02138945,0.11020491,-0.008477507,251.26595,247.04588,332.64172,-0.0592916,16.75959,0.20175073
3,38,10,0.0048999996,0.054732338,0.01798949,0.02426785,0.012474997,0.06706245,-0.00220309,5.5585074,0.36397505,9.274115,-0.45430094,0.1341249,-0.00440618,0.15578142,0.01020068,0.11169153,-0.0054713096,251.30548,246.98428,333.41833,0.09032589,16.75959,0.20280968
3,39,10,0.0048999996,0.053208742,0.013347819,0.027241828,0.012619098,0.05776638,-0.000804531,5.889259,0.26370248,9.327523,-0.2598803,0.11553276,-0.001609062,0.16505098,0.007390463,0.11233476,-0.0031298327,251.30498,246.98538,333.2807,-0.0038221776,16.758537,0.17579366
3,40,10,0.0048999996,0.055468492,0.014629594,0.028361687,0.012477211,0.06047643,-0.0019388661,6.009088,0.50386286,9.274938,-0.28051874,0.12095286,-0.0038777322,0.16840929,0.014121145,0.11170144,-0.003378389,251.21558,246.62674,331.95242,-0.22334412,16.758537,0.21689147
3,41,10,0.0048999996,0.054290384,0.016000971,0.02615124,0.012138174,0.06324747,-0.00037317263,5.77017,0.253199,9.148058,0.10296689,0.12649494,-0.00074634526,0.16171345,0.007096095,0.11017338,0.0012400692,251.2032,246.39272,332.53665,-0.3561659,16.757334,0.1850788
3,42,10,0.0048999996,0.055971857,0.013598701,0.028860617,0.013512542,0.058306735,0.00070245686,6.0617123,0.1600361,9.652077,-0.010846841,0.11661347,0.0014049137,0.16988413,0.004485135,0.11624346,-0.00013063532,251.18263,246.2481,332.57425,-0.14918926,16.757334,0.21253622
3,43,10,0.0048999996,0.054653168,0.014163881,0.027796786,0.0126925,0.05950605,0.0003311851,5.948943,0.26363003,9.354613,0.36744508,0.1190121,0.0006623702,0.16672368,0.007388436,0.112661,0.0044252733,251.11938,246.06538,331.4134,-0.63107514,16.755999,0.16365466
3,44,10,0.0048999996,0.05678548,0.016853794,0.0269406,0.012991086,0.06491108,0.002483329,5.856608,0.19936998,9.4640045,0.45770755,0.12982216,0.004966658,0.16413592,0.005587496,0.113978446,0.0055123386,251.15227,246.09308,332.2974,-0.65707755,16.755999,0.14081867
3,45,10,0.0048999996,0.055419974,0.014206165,0.028072078,0.013141728,0.05959481,0.0028787078,5.978329,-0.39192525,9.518718,0.8177398,0.11918962,0.0057574157,0.16754724,-0.0109840045,0.114637375,0.009848338,251.14694,246.01517,332.23886,-0.42581454,16.754543,0.13661194
3,46,10,0.0048999996,0.055816542,0.01542847,0.027296385,0.013091687,0.062105697,0.0027317281,5.8951535,-0.28678784,9.500577,0.8877777,0.12421139,0.0054634563,0.16521618,-0.008037451,0.11441891,0.010691828,251.1222,245.97049,331.1919,-0.6009898,16.754543,0.12866779
3,47,10,0.0048999996,0.05510572,0.018081896,0.024557805,0.012466018,0.06723447,0.0036680584,5.5916157,-0.5713663,9.270775,1.5607605,0.13446894,0.007336117,0.1567093,-0.016012976,0.111651324,0.018796807,251.09302,245.80428,331.36777,-0.9893942,16.753042,0.17753035
3,48,10,0.0048999996,0.052324273,0.014597401,0.02552469,0.012202182,0.06040985,0.004546907,5.7006288,-0.70357376,9.172146,1.7758404,0.1208197,0.009093814,0.15976448,-0.019718196,0.110463485,0.021387093,251.0215,245.41916,331.05136,-1.0722666,16.753042,0.17456892
3,49,10,0.0048999996,0.047945008,0.014298122,0.022733659,0.010913229,0.059787378,0.003074132,5.379937,-0.6204355,8.674188,2.1164813,0.119574755,0.006148264,0.15077685,-0.017388182,0.1044664,0.025489554,250.9848,245.20743,330.18686,-1.4960458,16.751514,0.19771363
3,50,10,0.0048999996,0.047527276,0.0152356215,0.021374274,0.010917382,0.06171633,0.0030617537,5.2166085,-0.6676037,8.675838,2.0829742,0.12343266,0.0061235074,0.14619943,-0.018710101,0.10448628,0.025086015,251.04845,245.35512,331.0554,-1.4153705,16.751514,0.20208532
3,51,10,0.0048999996,0.044633478,0.013376223,0.02082246,0.010434794,0.05782781,0.00041935014,5.14883,-0.68124336,8.481919,1.5828259,0.11565562,0.0008387003,0.1442999,-0.019092368,0.10215084,0.019062549,251.0571,245.32396,331.4576,-0.90158254,16.75001,0.17761236
3,52,10,0.0048999996,0.043706857,0.012450813,0.021373272,0.00988277,0.055791605,-6.350333e-5,5.216486,-0.4751187,8.254514,1.3585732,0.11158321,-0.00012700666,0.14619601,-0.013315567,0.09941212,0.01636179,251.0216,245.2568,330.67374,-0.8834545,16.75001,0.1728652
3,53,10,0.0048999996,0.045602396,0.015523938,0.02037229,0.0097061675,0.06229755,-0.0009473737,5.092869,-0.37876865,8.180429,1.1335679,0.1245951,-0.0018947474,0.14273153,-0.010615282,0.098519884,0.013651972,251.03859,245.23514,331.4407,-0.75479925,16.748474,0.14051472
3,54,10,0.0048999996,0.041212566,0.011580456,0.02010239,0.009529723,0.053806264,-0.00058888533,5.0590196,-0.280775,8.105734,0.996679,0.10761253,-0.0011777707,0.1417829,-0.007868934,0.0976203,0.01200337,251.01349,245.0763,331.39072,-0.715904,16.748474,0.1300458
3,55,10,0.0048999996,0.03756305,0.011384901,0.018040324,0.008137822,0.053350024,-0.00079497334,4.7925286,0.03301082,7.490422,0.9316266,0.10670005,-0.0015899467,0.13431427,0.0009251544,0.09020988,0.011219918,251.01953,245.17578,330.8813,-0.96463746,16.746862,0.089028805
3,56,10,0.0048999996,0.03533453,0.011866513,0.015727662,0.007740355,0.05446676,0.00075068505,4.47481,-0.22105208,7.305209,1.2381804,0.10893352,0.0015013701,0.12540998,-0.0061951526,0.08797929,0.014911857,251.08183,245.36613,331.67172,-1.0171283,16.746862,0.08156501
3,57,10,0.0048999996,0.032821126,0.010466192,0.015228337,0.007126597,0.051152203,-0.00079970574,4.4032035,0.0033326582,7.0096006,0.87283325,0.10230441,-0.0015994115,0.12340315,9.340168e-5,0.084419176,0.010511849,251.13377,245.59746,332.01855,-0.8761659,16.745111,0.10058316
3,58,10,0.0048999996,0.034932453,0.011091428,0.016901435,0.006939589,0.052657925,-0.000477022,4.6387863,-0.058893975,6.9170203,0.99468935,0.10531585,-0.000954044,0.13000552,-0.0016505439,0.0833042,0.011979407,251.12721,245.68352,331.31784,-0.93579537,16.745111,0.10646744
3,59,10,0.0048999996,0.033326823,0.011199514,0.015335074,0.0067922357,0.052913878,-0.0017329506,4.4186077,-0.039242525,6.8431897,0.70749146,0.105827756,-0.0034659011,0.12383486,-0.0010998044,0.08241502,0.008520578,251.16801,245.81558,332.18658,-0.66824895,16.74324,0.10525314
3,60,10,0.0048999996,0.031522937,0.009431266,0.015252367,0.0068393047,0.048557352,-0.0017839757,4.4066763,0.11792979,6.866859,0.43474603,0.097114705,-0.0035679515,0.123500474,0.0033050722,0.08270009,0.0052358042,251.19348,246.0121,332.3749,-0.55267584,16.74324,0.11318634
3,61,10,0.0048999996,0.033588488,0.010173739,0.017100126,0.0063146236,0.050432477,-0.0027910755,4.665973,0.65848446,6.5982075,0.23915792,0.100864954,-0.005582151,0.13076745,0.01845453,0.07946461,0.0028802657,251.18991,246.05367,331.68005,-0.8976424,16.741268,0.14456517
3,62,10,0.0048999996,0.034564573,0.012012869,0.016361143,0.0061905603,0.054801617,-0.0019326499,4.564039,0.5716578,6.5330677,0.225958,0.10960323,-0.0038652997,0.12791069,0.016021147,0.07868011,0.002721294,251.19559,245.9796,332.16028,-0.79761577,16.741268,0.14150903
3,63,10,0.0048999996,0.030893363,0.009926507,0.015217975,0.00574888,0.04981593,-0.0012461568,4.4017053,0.593851,6.2956967,-0.09609914,0.09963186,-0.0024923135,0.123361155,0.016643127,0.07582137,-0.0011573579,251.20116,245.96964,332.30835,-0.49775183,16.739086,0.09936539
3,64,10,0.0048999996,0.03336796,0.012408606,0.0153076295,0.0056517255,0.05569696,-0.0010598772,4.4146523,0.6447699,6.2422724,0.09577665,0.11139392,-0.0021197544,0.123724006,0.01807017,0.07517796,0.001153473,251.21156,246.02063,331.60385,-0.7405466,16.739086,0.10630638
3,65,10,0.0048999996,0.03076635,0.011660522,0.013818915,0.005286913,0.053991947,-0.0021461667,4.1944942,0.37360248,6.037446,-0.20168559,0.107983895,-0.0042923335,0.11755388,0.010470493,0.07271116,-0.0024289724,251.25507,246.0674,332.3768,-0.17191689,16.736708,0.089267634
3,66,10,0.0048999996,0.027078785,0.009408748,0.012752709,0.0049173273,0.04849935,-0.0019033542,4.0294313,0.50871205,5.822597,-0.4161716,0.0969987,-0.0038067084,0.11292789,0.014257045,0.07012366,-0.0050121057,251.2706,246.10666,332.6134,-0.09254044,16.736708,0.0796272
3,67,10,0.0048999996,0.028644027,0.009669167,0.0138173895,0.005157471,0.04916596,-0.0019624124,4.1942616,0.3268135,5.9630795,-0.58110094,0.09833192,-0.0039248248,0.11754739,0.009159195,0.071815535,-0.0069984123,251.25015,246.05598,332.05466,0.25428745,16.73418,0.08575825
3,68,10,0.0048999996,0.030065885,0.012062424,0.012991906,0.0050115543,0.054914534,-3.7792055e-5,4.067045,0.2645964,5.878119,-0.40357512,0.10982907,-7.558411e-5,0.113982044,0.0074155163,0.07079233,-0.0048604026,251.25679,246.05054,332.39038,0.13897872,16.73418,0.10219841
3,69,10,0.0048999996,0.029645815,0.010399183,0.014153419,0.005093214,0.050988194,-0.0016002387,4.2449565,-0.13388057,5.925816,-0.78707916,0.10197639,-0.0032004775,0.118968144,-0.0037521045,0.07136676,-0.00947908,251.26578,246.03867,332.18228,0.9209597,16.731482,0.121125974
3,70,10,0.0048999996,0.03462654,0.011932809,0.017684788,0.005008944,0.054618698,-0.0020449671,4.7450676,-0.023059806,5.876588,-0.5693509,0.109237395,-0.0040899343,0.13298416,-0.0006462685,0.07077389,-0.006856904,251.2945,246.07817,331.503,0.5924107,16.731482,0.14360133
3,71,10,0.0048999996,0.033669956,0.012993865,0.015891058,0.004785033,0.056995317,-0.0019149319,4.497995,-0.31897256,5.743738,-0.5700779,0.113990635,-0.0038298639,0.12605974,-0.008939451,0.06917393,-0.006865658,251.37973,246.37152,332.60583,0.8890505,16.728699,0.15632427
3,72,10,0.0048999996,0.028282426,0.009904617,0.01364003,0.00473778,0.04976097,-0.0012240183,4.1672564,-0.42096925,5.7153077,-0.7502617,0.09952194,-0.0024480366,0.11679054,-0.011797984,0.06883153,-0.009035679,251.40894,246.47594,333.11688,1.171231,16.728699,0.13881911
3,73,10,0.0048999996,0.032160506,0.011170765,0.016241962,0.0047477763,0.05284592,0.0001848225,4.547385,-0.3185273,5.7213345,-1.1202774,0.10569184,0.000369645,0.12744395,-0.008926968,0.06890411,-0.01349191,251.39616,246.42842,332.45807,1.4388047,16.725859,0.1447909
3,74,10,0.0048999996,0.03537266,0.013482231,0.01731864,0.0045717866,0.058056504,0.00020879364,4.69569,-0.32953024,5.614294,-1.202892,0.11611301,0.0004175873,0.1316003,-0.009235337,0.06761499,-0.014486867,251.44894,246.48833,333.27194,1.5324222,16.725859,0.15513715
3,75,10,0.0048999996,0.032804277,0.010995462,0.017408295,0.004400522,0.052429624,-0.00076207804,4.7078295,-0.19465609,5.508132,-1.5336218,0.10485925,-0.0015241561,0.1319405,-0.005455383,0.06633643,-0.018469967,251.52505,246.71405,333.72617,1.7282779,16.722958,0.14166899
3,76,10,0.0048999996,0.032435384,0.011278725,0.01675813,0.0043985294,0.05310067,0.000878564,4.619078,-0.19887629,5.506884,-1.5374968,0.10620134,0.001757128,0.1294532,-0.005573661,0.06632141,-0.01851663,251.5071,246.65761,332.92346,1.7363731,16.722958,0.16994306
3,77,10,0.0048999996,0.028433943,0.011459286,0.012903858,0.0040707984,0.05352403,0.0015083511,4.05324,-0.0884159,5.297757,-1.5676,0.10704806,0.0030167021,0.11359515,-0.0024779227,0.06380281,-0.01887918,251.52188,246.64635,333.5204,1.6560159,16.719994,0.13090262
3,78,10,0.0048999996,0.028989851,0.011201944,0.013562967,0.0042249407,0.05291962,-0.00023304258,4.155467,-0.010081879,5.397125,-1.7488526,0.10583924,-0.00046608516,0.11646015,-0.00028255009,0.06499954,-0.021062067,251.52397,246.74962,333.55832,1.7589345,16.719994,0.11215595
3,79,10,0.0048999996,0.028306957,0.009965992,0.014013924,0.0043270425,0.049914908,-0.001140823,4.223985,0.3750963,5.461951,-1.5529286,0.099829815,-0.002281646,0.11838042,0.010512359,0.06578026,-0.018702483,251.52505,246.88301,333.00433,1.1778322,16.717062,0.11978571
3,80,10,0.0048999996,0.02805845,0.010482148,0.013711691,0.0038646127,0.05119118,-0.0008677602,4.1781883,0.36223587,5.1618476,-1.3864342,0.10238236,-0.0017355204,0.11709693,0.010151936,0.06216601,-0.016697332,251.5515,246.88774,333.82782,1.0241983,16.717062,0.12862071
3,81,10,0.0048999996,0.028210174,0.009251193,0.0148776695,0.0040813126,0.04809156,-0.002676142,4.352211,0.80579615,5.3045936,-1.580022,0.09618312,-0.005352284,0.12197405,0.022583054,0.06388515,-0.019028785,251.5709,246.88754,334.1377,0.77422583,16.71415,0.15919076
3,82,10,0.0048999996,0.03128326,0.00964274,0.017338049,0.0043024733,0.049098726,-0.0021498501,4.698321,0.68291885,5.4464216,-1.4422194,0.09819745,-0.0042997003,0.13167402,0.019139322,0.06559324,-0.017369173,251.55283,246.91034,333.46597,0.75930053,16.71415,0.15415245
3,83,10,0.0048999996,0.028497957,0.0093869,0.015219912,0.0038911437,0.04844301,-0.0030216207,4.4019856,0.5642289,5.1795354,-1.1574126,0.09688602,-0.0060432414,0.12336901,0.015812946,0.062379032,-0.013939141,251.56972,246.90562,333.91165,0.59318376,16.711227,0.1563512
3,84,10,0.0048999996,0.027352812,0.009136473,0.01430831,0.003908029,0.04779245,-0.0021378582,4.268121,0.56975764,5.1907616,-1.0862962,0.0955849,-0.0042757164,0.11961735,0.015967892,0.06251423,-0.013082658,251.61691,247.1048,334.08423,0.51653856,16.711227,0.1495281
3,85,10,0.0048999996,0.031958587,0.010670671,0.016870227,0.004417691,0.05164947,-0.0031828461,4.6345015,0.45655623,5.518866,-0.896611,0.10329894,-0.0063656922,0.12988544,0.01279534,0.06646571,-0.010798212,251.64494,247.3014,333.4977,0.44005474,16.708364,0.13666518
3,86,10,0.0048999996,0.031306565,0.010979561,0.016444372,0.0038826335,0.0523917,-0.004640694,4.5756326,0.26919731,5.1738687,-0.7205137,0.1047834,-0.009281388,0.12823561,0.007544458,0.06231078,-0.00867741,251.75053,247.723,334.4476,0.4513164,16.708364,0.15740918
3,87,10,0.0048999996,0.030330345,0.012896865,0.0137003865,0.0037330943,0.056782182,-0.0021541861,4.1764665,-0.10906709,5.073255,-0.4488638,0.113564365,-0.0043083723,0.11704865,-0.0030566894,0.061099052,-0.0054058293,251.90623,248.3907,335.4484,0.5579309,16.705585,0.13726474
3,88,10,0.0048999996,0.030878205,0.011674101,0.014782127,0.0044219755,0.054023378,-0.002108532,4.3382144,0.04470089,5.5215416,-0.56758165,0.108046755,-0.004217064,0.12158177,0.0012527752,0.06649794,-0.006835593,251.93521,248.51848,335.1665,0.5228808,16.705585,0.102761194
3,89,10,0.0048999996,0.027793683,0.010741405,0.013115329,0.0039369497,0.051820375,-0.00019139006,4.0863175,-0.54256,5.209933,-0.45838878,0.10364075,-0.00038278013,0.114522174,-0.015205655,0.06274512,-0.0055205445,251.98941,248.62044,336.05182,1.0009488,16.702948,0.085063845
3,90,10,0.0048999996,0.025892884,0.009451586,0.012446596,0.003994701,0.048609633,-6.960784e-5,3.980777,-0.51840144,5.2480063,-0.42817035,0.097219266,-0.00013921568,0.111564316,-0.014528598,0.06320365,-0.0051566116,252.07999,248.94246,336.68954,0.9465718,16.702948,0.09518823
3,91,10,0.0048999996,0.02667504,0.009814064,0.012829469,0.0040315073,0.04953298,0.0011699353,4.0415397,-0.5548166,5.272128,-0.47255808,0.09906596,0.0023398707,0.11326724,-0.015549158,0.06349415,-0.005691189,252.11058,249.11108,335.99048,1.0273747,16.700417,0.13256514
3,92,10,0.0048999996,0.024747446,0.0098348325,0.011396498,0.0035161155,0.04958536,0.0012004097,3.8091521,-0.43065143,4.923611,-0.54484165,0.09917072,0.0024008194,0.106754385,-0.012069335,0.059296843,-0.006561725,252.14047,249.18509,336.76508,0.9754931,16.700417,0.11185487
3,93,10,0.0048999996,0.023283023,0.01006467,0.010033275,0.0031850778,0.050161414,-0.000113592265,3.5740767,-0.27853766,4.686107,-0.6118548,0.10032283,-0.00022718453,0.10016624,-0.0078062313,0.056436494,-0.0073687886,252.10902,248.9467,336.98325,0.8903924,16.697912,0.14616084
3,94,10,0.0048999996,0.02507809,0.008318114,0.013054245,0.0037057314,0.04560185,0.0014237427,4.076791,-0.15338871,5.0546274,-0.7655564,0.0912037,0.0028474855,0.114255175,-0.0042988346,0.06087472,-0.0092198765,252.06645,248.87755,336.06186,0.9189451,16.697912,0.16182545
3,95,10,0.0048999996,0.025408914,0.009883582,0.011694139,0.0038311942,0.049708102,0.0039741118,3.8585722,-0.1329144,5.139481,-0.4596814,0.099416204,0.0079482235,0.10813944,-0.0037250265,0.06189664,-0.0055361097,252.10007,248.92229,336.73877,0.5925958,16.695404,0.107366525
3,96,10,0.0048999996,0.026385056,0.009186313,0.012931637,0.0042671054,0.047922626,0.0025659706,4.0576005,-0.18831883,5.42399,-0.495649,0.09584525,0.0051319413,0.113717355,-0.005277779,0.065323085,-0.005969283,252.14029,249.03314,337.3062,0.6839678,16.695404,0.11621469
3,97,10,0.0048999996,0.025099847,0.007572037,0.013719989,0.0038078206,0.043508727,0.0024618513,4.179453,0.108411826,5.1237803,-0.3884154,0.087017454,0.0049237027,0.11713236,0.0030383249,0.06170754,-0.004677828,252.11348,248.9924,336.3137,0.28000358,16.6929,0.08642143
3,98,10,0.0048999996,0.025256908,0.009008064,0.012091719,0.0041571236,0.04745541,0.0032633515,3.9236164,-0.045342542,5.353634,-0.32588157,0.09491082,0.006526703,0.10996235,-0.0012707602,0.06447576,-0.00392471,252.1674,249.07292,337.04868,0.3712241,16.6929,0.10452373
3,99,10,0.0048999996,0.026905887,0.0103092855,0.012363292,0.004233308,0.050767325,0.0019197994,3.967433,0.049518317,5.4024673,-0.08821411,0.10153465,0.0038395987,0.11119034,0.0013877869,0.06506388,-0.0010623932,252.27368,249.42038,337.95282,0.03869579,16.690351,0.13345201
3,100,10,0.0048999996,0.027600352,0.008990436,0.014186432,0.0044234847,0.047408953,0.0030500516,4.2499037,0.10579991,5.522484,-0.16872868,0.09481791,0.0061001033,0.11910681,0.0029651253,0.066509284,-0.002032062,252.31363,249.72859,337.25696,0.062928766,16.690351,0.13771021
4,1,10,0.0034299996,0.18541405,0.068400584,0.08859705,0.028416406,0.13076752,-0.03151437,10.620677,-1.5088059,13.997059,-4.84356,0.26153505,-0.06302874,0.29765257,-0.042285427,0.16857167,-0.058332752,253.70345,261.59973,356.37982,6.352366,16.687828,0.9533995
4,2,10,0.0034299996,0.19661164,0.07484934,0.09242931,0.029333,0.13679303,-0.030480754,10.847942,-1.9109251,14.221008,-5.00475,0.27358606,-0.060961507,0.3040219,-0.053555146,0.17126879,-0.06027404,253.71687,261.41675,356.6546,6.915675,16.687828,0.9868158
4,3,10,0.0034299996,0.1648075,0.051823396,0.085574865,0.027409248,0.113823764,-0.028418407,10.437962,-1.4693975,13.746774,-3.842723,0.22764753,-0.056836814,0.29253182,-0.041180983,0.16555738,-0.0462793,253.70984,261.12686,356.7526,5.3121204,16.685583,0.8376982
4,4,10,0.0034299996,0.18065396,0.059050653,0.09224084,0.029362462,0.1215017,-0.023554606,10.836878,-1.1676898,14.228148,-3.8289847,0.2430034,-0.047109213,0.30371177,-0.0327254,0.17135479,-0.046113856,253.62614,260.7037,354.95816,4.9966745,16.685583,0.8773325
4,5,10,0.0034299996,0.15389924,0.045311663,0.083002314,0.025585262,0.106432684,-0.015010464,10.279871,-1.4930118,13.2815,-2.4200325,0.21286537,-0.030020928,0.28810123,-0.04184279,0.15995394,-0.029145328,253.63876,260.5069,355.21085,3.9130445,16.683176,0.6732214
4,6,10,0.0034299996,0.14754492,0.03761783,0.082688965,0.027238138,0.09697658,-0.017769791,10.260447,-1.187932,13.7037945,-2.1658766,0.19395316,-0.035539582,0.2875569,-0.03329272,0.16503981,-0.026084438,253.65138,260.271,355.35242,3.3538086,16.683176,0.6548603
4,7,10,0.0034299996,0.12931347,0.03908161,0.06728114,0.022950714,0.09884535,-0.002670659,9.255275,-0.94323575,12.579123,-0.25496665,0.1976907,-0.005341318,0.2593861,-0.026434908,0.15149494,-0.0030706532,253.63753,260.11108,353.7201,1.1982024,16.680883,0.48151508
4,8,10,0.0034299996,0.1294628,0.038359255,0.06824662,0.02285692,0.09792759,-0.0028513498,9.321443,-1.3415096,12.553391,-0.14658518,0.19585519,-0.0057026995,0.26124054,-0.037596848,0.15118505,-0.0017653692,253.73997,260.34268,354.70276,1.4880948,16.680883,0.5166971
4,9,10,0.0034299996,0.105278015,0.033196643,0.050785616,0.021295758,0.09109973,-0.0028148096,8.041053,-1.073137,12.117103,1.6682435,0.18219946,-0.005629619,0.22535664,-0.030075498,0.14593066,0.02009126,253.82875,260.5688,355.4814,-0.5951065,16.67885,0.45478228
4,10,10,0.0034299996,0.11036658,0.03688012,0.051496208,0.021990258,0.09602099,0.0024874131,8.097112,-1.0276332,12.3131,1.8248812,0.19204198,0.0049748262,0.22692776,-0.028800193,0.14829113,0.021977704,253.85495,260.65796,354.43277,-0.797248,16.67885,0.5369444
4,11,10,0.0034299996,0.09814165,0.03853561,0.03972797,0.019878067,0.098152444,0.0031932902,7.1119833,-0.97524846,11.706829,2.8217435,0.19630489,0.0063865804,0.19931877,-0.027332075,0.1409896,0.033983286,253.9522,260.8361,355.57,-1.846495,16.677122,0.6230994
4,12,10,0.0034299996,0.09810168,0.034725178,0.04263835,0.020738157,0.09317347,0.003550636,7.3678827,-0.87875074,11.957414,3.0755708,0.18634693,0.007101272,0.20649056,-0.024627667,0.14400749,0.037040204,254.04614,261.0835,355.919,-2.19682,16.677122,0.59812236
4,13,10,0.0034299996,0.08774538,0.03506354,0.034033123,0.018648718,0.093626305,0.00610723,6.5825386,-0.19442472,11.33905,3.6420374,0.18725261,0.01221446,0.18448068,-0.0054489025,0.1365603,0.043862388,254.0603,261.20465,354.35736,-3.4476128,16.67574,0.61061573
4,14,10,0.0034299996,0.08590856,0.034769412,0.032904137,0.018235017,0.09323279,0.004699949,6.472437,-0.37364504,11.212574,3.5688927,0.18646558,0.009399898,0.18139498,-0.010471684,0.1350371,0.042981476,254.10109,261.19553,354.90286,-3.1952477,16.67574,0.6141182
4,15,10,0.0034299996,0.08146456,0.03552559,0.028489133,0.017449832,0.094241165,-0.001358171,6.0225735,0.50577104,10.968515,3.8311875,0.18848233,-0.002716342,0.16878724,0.014174618,0.13209781,0.046140376,254.12357,261.1527,355.32166,-4.3369584,16.674736,0.5304257
4,16,10,0.0034299996,0.08141912,0.030044893,0.033794947,0.017579282,0.086667314,0.0063117007,6.5594645,0.34599212,11.009124,3.908061,0.17333463,0.012623401,0.18383402,0.009696694,0.13258688,0.04706619,254.09818,261.00293,353.84012,-4.254053,16.674736,0.5242509
4,17,10,0.0034299996,0.07719146,0.029711757,0.031362604,0.016117092,0.08618549,-0.0001810157,6.3190036,0.5423337,10.541333,4.087101,0.17237099,-0.0003620314,0.1770949,0.01519932,0.12695311,0.049222447,254.16675,261.14075,354.32153,-4.6294346,16.674196,0.38495713
4,18,10,0.0034299996,0.08825767,0.03754874,0.033461746,0.017247181,0.096887484,-0.0025640612,6.527049,0.92170995,10.904637,4.1888833,0.19377497,-0.0051281224,0.18292552,0.025831632,0.13132852,0.050448254,254.24496,261.40234,354.80713,-5.1105933,16.674196,0.46312055
4,19,10,0.0034299996,0.071082085,0.026708534,0.029333,0.015040551,0.08171373,-0.0009556894,6.111119,1.389875,10.183195,3.805153,0.16342746,-0.0019113788,0.17126879,0.038952306,0.122639924,0.04582684,254.24814,261.36008,353.4278,-5.195028,16.67407,0.33712834
4,20,10,0.0034299996,0.0768329,0.03160902,0.030037764,0.015186113,0.08889463,-0.0034821196,6.1840973,1.1328493,10.232352,3.712353,0.17778926,-0.0069642393,0.17331406,0.03174897,0.12323195,0.044709224,254.322,261.4549,353.7342,-4.8452024,16.67407,0.34807017
4,21,10,0.0034299996,0.08955487,0.04153969,0.033882745,0.014132434,0.10190644,-0.005964421,6.567981,1.534709,9.870989,3.5645313,0.20381288,-0.011928842,0.18407266,0.04301139,0.118879914,0.042928956,254.33643,261.41302,353.9431,-5.0992403,16.674236,0.5288138
4,22,10,0.0034299996,0.07734324,0.02731271,0.03594117,0.014089362,0.08263279,-0.0013826616,6.7645464,1.6121413,9.855936,3.589342,0.16526558,-0.0027653233,0.18958156,0.04518149,0.11869862,0.04322776,254.25505,261.02542,352.28006,-5.2014832,16.674236,0.47148007
4,23,10,0.0034299996,0.075154826,0.029350411,0.03318254,0.012621877,0.08565981,-0.004210638,6.4997606,1.0791343,9.32855,3.3582246,0.17131962,-0.008421276,0.18216075,0.030243566,0.112347126,0.040444322,254.27533,260.8753,352.8031,-4.437359,16.674599,0.52941126
4,24,10,0.0034299996,0.09254908,0.04283415,0.035885453,0.013829476,0.10348207,-0.005413261,6.7593,1.3571725,9.764612,3.5749571,0.20696414,-0.010826522,0.18943456,0.038035803,0.117598794,0.04305451,254.28879,260.79877,352.936,-4.93213,16.674599,0.63300127
4,25,10,0.0034299996,0.07390671,0.029100714,0.032399338,0.012406665,0.08529466,-0.0001464453,6.4225955,0.87265366,9.248679,3.2113645,0.17058931,-0.0002928906,0.17999816,0.02445678,0.11138521,0.038675625,254.22806,260.49243,351.4055,-4.084018,16.675085,0.4827133
4,26,10,0.0034299996,0.07275321,0.027764246,0.032576215,0.012412754,0.08331303,-0.0024165888,6.440104,0.86512107,9.250949,3.074855,0.16662607,-0.0048331777,0.18048882,0.024245681,0.11141254,0.0370316,254.22913,260.3039,351.67334,-3.9399762,16.675085,0.49114236
4,27,10,0.0034299996,0.07074599,0.0283113,0.030700533,0.0117341615,0.08412981,-0.0034732888,6.25195,0.08917456,8.994524,2.8000288,0.16825962,-0.0069465777,0.17521568,0.0024991855,0.108324334,0.033721764,254.21106,260.1465,351.86234,-2.8892033,16.675583,0.35094523
4,28,10,0.0034299996,0.0722301,0.026905494,0.033314258,0.012010347,0.08201447,-0.0004907123,6.5126476,0.17341949,9.09976,2.8660407,0.16402894,-0.0009814246,0.18252194,0.00486021,0.10959173,0.034516778,254.14023,259.868,350.4984,-3.0394602,16.675583,0.369962
4,29,10,0.0034299996,0.06721365,0.021793637,0.035136342,0.010283668,0.07381334,-0.00016169065,6.6883783,-0.6990509,8.420275,2.529332,0.14762668,-0.0003233813,0.1874469,-0.019591434,0.10140842,0.030461663,254.14249,259.71344,350.9458,-1.830281,16.676176,0.27063614
4,30,10,0.0034299996,0.07341547,0.026992442,0.035229698,0.011193338,0.08214688,-0.0043726503,6.6972566,-0.504271,8.784802,2.5637045,0.16429377,-0.008745301,0.18769576,-0.014132581,0.10579857,0.030875625,254.15637,259.6679,351.21796,-2.0594335,16.676176,0.2304905
4,31,10,0.0034299996,0.07293532,0.022016052,0.041097593,0.0098216785,0.07418904,0.0006427734,7.2335377,-1.1193721,8.228962,1.9469068,0.14837807,0.0012855468,0.20272541,-0.031371262,0.09910438,0.023447301,254.11028,259.461,349.80118,-0.8275347,16.67681,0.3610551
4,32,10,0.0034299996,0.06921372,0.023379982,0.035818607,0.010015126,0.07645257,2.4241932e-5,6.753002,-1.3493603,8.309606,1.9396251,0.15290514,4.8483864e-5,0.18925804,-0.037816852,0.1000756,0.023359613,254.1162,259.35413,349.64426,-0.5902648,16.67681,0.35176477
4,33,10,0.0034299996,0.07018824,0.023935229,0.037102193,0.009150816,0.07735507,-0.0040603336,6.872936,-1.448098,7.942955,1.1937282,0.15471014,-0.008120667,0.1926193,-0.040584054,0.0956599,0.014376506,254.14844,259.34064,349.90704,0.25436974,16.677444,0.43060544
4,34,10,0.0034299996,0.07175928,0.023451524,0.039009947,0.0092978105,0.07656945,-0.0013845842,7.047421,-1.2899665,8.006496,1.1607734,0.1531389,-0.0027691685,0.19750936,-0.036152296,0.09642515,0.013979615,254.1203,259.25592,348.87134,0.12919307,16.677444,0.4706084
4,35,10,0.0034299996,0.072059706,0.023491357,0.039983243,0.008585107,0.07663445,-0.0053694765,7.134795,-1.3361197,7.6935186,0.17458047,0.1532689,-0.010738953,0.1999581,-0.03744578,0.09265585,0.0021025361,254.139,259.23523,349.32758,1.1615392,16.678106,0.4666402
4,36,10,0.0034299996,0.077571765,0.0283149,0.040210217,0.009046642,0.08413516,-0.007186775,7.1550183,-1.1719983,7.897613,0.2710765,0.16827032,-0.01437355,0.20052485,-0.032846145,0.095113836,0.003264674,254.10614,259.0222,349.4543,0.90092176,16.678106,0.42527702
4,37,10,0.0034299996,0.06655109,0.018669764,0.039016005,0.0088653155,0.06831867,-0.0072904653,7.0479684,-0.5712525,7.8180647,-0.738935,0.13663734,-0.014580931,0.1975247,-0.016009789,0.0941558,-0.008899266,254.01877,258.63278,347.9997,1.3101876,16.678875,0.2891721
4,38,10,0.0034299996,0.06289888,0.017984541,0.03651808,0.008396262,0.06705323,-0.0077118655,6.81862,-0.5460872,7.608433,-0.71477956,0.13410646,-0.015423731,0.19109704,-0.015304511,0.09163112,-0.0086083505,254.03683,258.4837,348.2941,1.2608668,16.678875,0.26185894
4,39,10,0.0034299996,0.06311967,0.022249456,0.032459136,0.008411079,0.07458126,-0.009422463,6.42852,-0.09135757,7.6151423,-1.4745626,0.14916252,-0.018844927,0.18016419,-0.0025603638,0.09171193,-0.017758695,254.05812,258.39975,348.541,1.5659202,16.679745,0.22648796
4,40,10,0.0034299996,0.05913955,0.016543744,0.03432962,0.008266189,0.06431124,-0.0072464794,6.6111507,0.30830893,7.5492682,-1.5371889,0.12862249,-0.014492959,0.18528254,0.008640596,0.090918586,-0.018512925,254.0071,258.2358,347.23462,1.2288799,16.679745,0.21425655
4,41,10,0.0034299996,0.054915447,0.017923584,0.029141063,0.0078508,0.066939496,-0.005097111,6.0910935,0.40754607,7.3571424,-2.0925348,0.13387899,-0.010194222,0.17070754,0.011421794,0.08860474,-0.025201157,254.01077,258.14706,347.62186,1.6849887,16.680695,0.33200103
4,42,10,0.0034299996,0.06861158,0.028374804,0.031484596,0.008752172,0.08422411,-0.008442389,6.3312817,0.6914229,7.7680154,-2.2417445,0.16844822,-0.016884778,0.17743899,0.01937765,0.093553044,-0.026998147,254.00201,258.08282,348.05524,1.5503216,16.680695,0.42052883
4,43,10,0.0034299996,0.05683718,0.018257283,0.030302394,0.0082775,0.06755976,-0.0039897393,6.2112784,1.1094065,7.5544314,-2.331391,0.13511951,-0.007979479,0.17407583,0.031091968,0.09098077,-0.028077794,253.9332,257.9262,346.81955,1.2219846,16.681667,0.4303865
4,44,10,0.0034299996,0.061655544,0.022384793,0.031243999,0.0080267545,0.07480774,-0.004215198,6.3070436,0.94068164,7.4391313,-2.1615365,0.14961548,-0.008430396,0.17675972,0.026363334,0.08959216,-0.026032174,253.9485,257.86642,347.1756,1.2208548,16.681667,0.4128292
4,45,10,0.0034299996,0.059743963,0.021587223,0.031346932,0.0068098074,0.073462956,-0.0009751187,6.317425,0.4985286,6.8520355,-1.400784,0.14692591,-0.0019502374,0.17705065,0.013971642,0.08252156,-0.01687015,253.99019,257.98053,347.56992,0.9022554,16.682638,0.2643164
4,46,10,0.0034299996,0.06367555,0.018632215,0.037841767,0.007201569,0.06824993,0.0007546935,6.941099,0.7981509,7.0463753,-1.4024473,0.13649987,0.001509387,0.19452961,0.022368785,0.08486206,-0.016890181,253.98938,258.09406,346.54672,0.60429645,16.682638,0.24186327
4,47,10,0.0034299996,0.05569759,0.018112166,0.03135041,0.00623501,0.06729072,0.005662316,6.3177752,0.05778507,6.556481,-0.79653037,0.13458145,0.011324632,0.17706047,0.0016194666,0.07896208,-0.009592906,254.01764,258.06454,347.16772,0.7387453,16.6836,0.20719531
4,48,10,0.0034299996,0.058376115,0.018001184,0.032649975,0.0077249543,0.067084245,0.0035912127,6.4473906,0.03632135,7.2979383,-0.7609143,0.13416849,0.0071824254,0.18069305,0.0010179281,0.08789172,-0.009163967,254.014,257.95267,347.34784,0.724593,16.6836,0.20924029
4,49,10,0.0034299996,0.06716,0.018986743,0.04027587,0.007897385,0.0688962,0.007064476,7.160857,0.17299746,7.378938,-0.027964717,0.1377924,0.014128952,0.2006885,0.00484839,0.08886723,-0.00033678912,253.94249,257.68283,345.93442,-0.14503275,16.68457,0.2389301
4,50,10,0.0034299996,0.05951966,0.019862777,0.032873128,0.0067837588,0.07046768,0.007922137,6.469385,0.061082087,6.838918,-0.15113908,0.14093536,0.015844274,0.18130948,0.0017118695,0.082363576,-0.001820222,253.95494,257.586,346.2461,0.09005699,16.68457,0.2589079
4,51,10,0.0034299996,0.058691442,0.022650851,0.029602239,0.0064383517,0.075251,0.0062455344,6.139101,-0.117684275,6.6625357,0.60884905,0.150502,0.012491069,0.17205301,-0.0032981911,0.08023934,0.0073325885,253.96143,257.45117,346.5881,-0.49116477,16.685434,0.31999433
4,52,10,0.0034299996,0.05238297,0.017918557,0.02844137,0.0060230414,0.06693011,0.0071286624,6.0175233,0.23742726,6.444068,0.6215255,0.13386022,0.014257325,0.1686457,0.006654084,0.07760826,0.007485256,253.93521,257.43216,345.63162,-0.85895276,16.685434,0.26642874
4,53,10,0.0034299996,0.051807042,0.020793807,0.02546987,0.0055433675,0.07210029,0.0068780063,5.6945043,-0.14288186,6.182142,1.0556434,0.14420058,0.013756013,0.15959282,-0.004004377,0.07445379,0.012713497,253.97588,257.4966,346.15347,-0.91276157,16.686182,0.24965335
4,54,10,0.0034299996,0.057953898,0.025863847,0.026362855,0.005727199,0.0804112,0.004625767,5.7934694,-0.2806714,6.2838144,1.1061367,0.1608224,0.009251534,0.16236642,-0.00786603,0.07567826,0.013321606,253.99213,257.55902,346.37338,-0.8254653,16.686182,0.20881902
4,55,10,0.0034299996,0.052332766,0.017504873,0.02912534,0.0057025547,0.06615299,0.0033068361,6.08945,0.07899541,6.2702794,1.2074844,0.13230598,0.0066136722,0.17066148,0.002213908,0.07551526,0.014542173,253.9415,257.3754,345.27524,-1.2864797,16.686789,0.19882262
4,56,10,0.0034299996,0.050404184,0.018085355,0.02652048,0.005798349,0.0672409,0.004220585,5.8107634,-0.1337757,6.322726,1.1672273,0.1344818,0.00844117,0.1628511,-0.0037491634,0.07614689,0.014057341,253.96255,257.2944,345.75418,-1.0334516,16.686789,0.1998537
4,57,10,0.0034299996,0.049790286,0.016760847,0.02672899,0.006300451,0.064731844,0.0014753877,5.833562,-0.55639637,6.590798,1.4956278,0.12946369,0.0029507754,0.16349003,-0.015593431,0.07937538,0.01801239,253.96869,257.2212,345.9397,-0.9392314,16.687191,0.14547877
4,58,10,0.0034299996,0.049324844,0.014239414,0.029140336,0.005945095,0.059664506,0.002222362,6.0910172,-0.36138007,6.4022346,1.5087817,0.11932901,0.004444724,0.17070541,-0.010127949,0.07710444,0.018170808,253.87938,256.86493,344.60416,-1.1474016,16.687191,0.12591036
4,59,10,0.0034299996,0.046456777,0.014285552,0.026328597,0.005842627,0.059761092,0.0008093516,5.7897043,-0.26925266,6.3468213,1.1043884,0.119522184,0.0016187032,0.16226089,-0.007546007,0.07643708,0.013300551,253.82133,256.43073,344.87927,-0.8351357,16.687346,0.13311712
4,60,10,0.0034299996,0.04553998,0.016668828,0.023113811,0.005757338,0.06455391,6.194014e-5,5.424732,-0.19920361,6.3003263,1.0843728,0.12910782,0.00012388028,0.15203227,-0.005582836,0.07587712,0.013059496,253.73262,255.91115,344.64346,-0.88516915,16.687346,0.15926272
4,61,10,0.0034299996,0.04713006,0.015056149,0.02614309,0.0059308186,0.06135175,-0.0014876626,5.769272,0.25097305,6.3945436,0.8299539,0.1227035,-0.002975325,0.16168825,0.0070337085,0.07701181,0.009995436,253.61545,255.45522,343.23178,-1.0809269,16.687187,0.23864178
4,62,10,0.0034299996,0.049043696,0.015734132,0.02705098,0.006258585,0.062717885,-0.0011013218,5.8685937,0.24301003,6.568864,0.65060633,0.12543577,-0.0022026435,0.16447182,0.006810542,0.07911122,0.007835487,253.56464,255.0903,343.17682,-0.8936164,16.687187,0.24873334
4,63,10,0.0034299996,0.04716105,0.01803247,0.023388516,0.005740063,0.06714252,-0.0036868122,5.4568734,0.056595273,6.290868,0.5070509,0.13428503,-0.0073736245,0.15293305,0.0015861259,0.0757632,0.0061065992,253.5145,254.73291,342.9475,-0.56364614,16.686653,0.2730812
4,64,10,0.0034299996,0.04793227,0.017645743,0.024696497,0.005590034,0.06641864,-0.002699268,5.6073823,0.51220715,6.20811,0.3347823,0.13283728,-0.005398536,0.15715119,0.014354996,0.07476653,0.0040319073,253.45847,254.512,341.91446,-0.84698945,16.686653,0.30706334
4,65,10,0.0034299996,0.043269668,0.014213049,0.023366375,0.005690242,0.059609246,-0.0013024235,5.45429,0.35483837,6.2635074,0.115519516,0.11921849,-0.002604847,0.15286064,0.009944615,0.075433694,0.0013912459,253.49554,254.5693,342.43695,-0.4703579,16.685736,0.19048683
4,66,10,0.0034299996,0.04353161,0.0151632335,0.022825021,0.0055433596,0.06156954,-0.003106517,5.3907366,0.24915178,6.1821375,0.03179323,0.12313908,-0.006213034,0.15107952,0.0069826683,0.07445374,0.00038289544,253.49335,254.55177,342.57135,-0.280945,16.685736,0.2105674
4,67,10,0.0034299996,0.04227327,0.012109526,0.024887078,0.0052766684,0.055021647,-0.0032109688,5.628978,0.47355393,6.0315933,-0.16004944,0.110043295,-0.0064219376,0.15775639,0.0132717155,0.07264068,-0.0019275311,253.43063,254.40384,341.60803,-0.3135045,16.68451,0.15655966
4,68,10,0.0034299996,0.044942763,0.013693878,0.024920752,0.0063281334,0.058510423,-0.0023998714,5.632784,0.69266033,6.6052613,-0.4086091,0.117020845,-0.0047997427,0.15786308,0.019412339,0.079549566,-0.0049210293,253.421,254.30316,342.0643,-0.28405124,16.68451,0.16150379
4,69,10,0.0034299996,0.04473344,0.016038783,0.022377333,0.0063173203,0.06332216,-0.0013069392,5.3376083,0.09425177,6.5996156,-0.38871688,0.12664431,-0.0026138783,0.14959055,0.0026414767,0.07948157,-0.004681458,253.39667,254.13283,342.17014,0.29446512,16.682896,0.14828756
4,70,10,0.0034299996,0.04404087,0.013207243,0.024988748,0.005844879,0.057461385,-0.00036959158,5.6404634,0.42250037,6.3480453,-0.2582449,0.11492277,-0.00073918316,0.1580783,0.011840898,0.07645181,-0.0031101392,253.33653,253.83447,341.1856,-0.16425547,16.682896,0.18064806
4,71,10,0.0034299996,0.04410848,0.016564507,0.021688916,0.0058550555,0.06435159,0.0025170888,5.254864,-0.09807402,6.353568,-0.5060204,0.12870318,0.0050341776,0.14727157,-0.002748599,0.076518334,-0.006094187,253.33179,253.71863,341.30115,0.60409445,16.6809,0.2422918
4,72,10,0.0034299996,0.041664854,0.015237284,0.020802824,0.005624743,0.061719697,0.0010279989,5.146402,-0.2963766,6.227354,-0.41602316,0.123439394,0.0020559977,0.14423184,-0.008306184,0.07499829,-0.005010317,253.29301,253.43266,341.14584,0.7123997,16.6809,0.25787005
4,73,10,0.0034299996,0.039480116,0.011618998,0.022813339,0.005047781,0.053895727,0.0030764753,5.3893576,-0.13279732,5.8993273,-0.75292873,0.10779145,0.0061529507,0.15104085,-0.003721743,0.07104774,-0.009067798,253.21935,253.09026,339.98428,0.88572603,16.678572,0.24665686
4,74,10,0.0034299996,0.04384613,0.015779622,0.021985246,0.006081262,0.062808484,0.0046287104,5.29064,-0.17775214,6.4751387,-0.9755588,0.12561697,0.009257421,0.14827423,-0.0049816384,0.07798245,-0.011749005,253.21451,252.96567,340.3138,1.153311,16.678572,0.26908603
4,75,10,0.0034299996,0.038180694,0.011780226,0.021140657,0.00525981,0.054268375,0.005181153,5.1880217,-0.48662683,6.0219507,-1.0781764,0.10853675,0.010362306,0.14539827,-0.013638085,0.07252455,-0.012984871,253.19173,252.79382,340.35434,1.5648032,16.675924,0.23823442
4,76,10,0.0034299996,0.03939161,0.012642175,0.021327527,0.005421912,0.056218714,0.0057827644,5.210901,-0.04425725,6.1140428,-1.2525277,0.11243743,0.011565529,0.14603947,-0.0012403444,0.07363363,-0.015084648,253.12267,252.5282,339.6645,1.296785,16.675924,0.21443678
4,77,10,0.0034299996,0.035542715,0.010802081,0.018973207,0.0057674265,0.05196653,0.007372967,4.91488,0.21298765,6.3058434,-1.7150544,0.10393306,0.014745934,0.13774326,0.0059691435,0.075943574,-0.020655021,253.11111,252.43813,339.9472,1.5020667,16.673038,0.1436786
4,78,10,0.0034299996,0.031823587,0.010291385,0.016394826,0.0051373774,0.050723232,0.006585084,4.568735,0.19403766,5.951452,-1.7188624,0.101446465,0.013170168,0.12804228,0.005438054,0.0716755,-0.02070089,253.09676,252.35056,340.1841,1.5248247,16.673038,0.13575394
4,79,10,0.0034299996,0.033636574,0.010766028,0.018169591,0.0047009564,0.051879738,0.005537623,4.8096685,0.9079961,5.693053,-2.1235578,0.103759475,0.011075246,0.13479462,0.025447287,0.06856352,-0.025574775,252.98856,251.96332,339.26157,1.2155616,16.670002,0.17433059
4,80,10,0.0034299996,0.034546062,0.010218057,0.018801006,0.0055269995,0.0505422,0.006818927,4.892525,1.1472827,6.1730094,-2.5056212,0.1010844,0.013637854,0.13711676,0.03215348,0.07434379,-0.030176105,252.92294,251.6347,339.19693,1.3583385,16.670002,0.18002649
4,81,10,0.0034299996,0.035546627,0.0118396515,0.018448198,0.005258775,0.054405082,0.0047768597,4.8464026,1.10096,6.0213585,-2.5071318,0.108810164,0.009553719,0.13582414,0.030855248,0.07251741,-0.030194305,252.87453,251.40631,339.1141,1.4061718,16.666836,0.22835842
4,82,10,0.0034299996,0.03495599,0.009651814,0.01973036,0.005573818,0.049121823,0.005376187,5.011988,1.3573062,6.1990995,-2.640617,0.09824365,0.010752374,0.1404648,0.038039543,0.07465801,-0.031801913,252.78488,251.03992,338.061,1.2833107,16.666836,0.24803281
4,83,10,0.0034299996,0.03304133,0.009751179,0.01762709,0.005663059,0.04937403,0.0046015345,4.7373214,1.2571046,6.2485275,-2.6327374,0.09874806,0.009203069,0.13276705,0.03523131,0.0752533,-0.03170701,252.75983,250.8156,338.42407,1.3756328,16.66362,0.21330082
4,84,10,0.0034299996,0.032837134,0.010226957,0.017131852,0.005478327,0.050564207,0.005750162,4.6702995,0.95816547,6.1457686,-2.5329876,0.101128414,0.011500324,0.1308887,0.026853323,0.07401572,-0.03050569,252.76187,250.7732,338.68466,1.5748222,16.66362,0.18899013
4,85,10,0.0034299996,0.032767534,0.009011826,0.018765226,0.004990481,0.047465317,0.004925171,4.887868,0.48305866,5.865747,-2.2658193,0.094930634,0.009850342,0.13698623,0.013538088,0.070643336,-0.02728809,252.71947,250.61873,337.63754,1.7827606,16.660393,0.12994637
4,86,10,0.0034299996,0.03506275,0.010165149,0.019141093,0.0057565076,0.050411183,0.0065284777,4.936577,0.6406887,6.2998724,-2.434499,0.10082237,0.013056955,0.13835134,0.017955791,0.075871654,-0.02931956,252.74332,250.67274,337.89102,1.7938104,16.660393,0.14559647
4,87,10,0.0034299996,0.03324679,0.010899651,0.017133959,0.005213179,0.052200697,0.0047232187,4.6705856,-0.07417182,5.995198,-2.0230358,0.104401395,0.0094464375,0.13089675,-0.0020787213,0.07220235,-0.02436416,252.73729,250.69142,337.93835,2.0972075,16.657177,0.105138004
4,88,10,0.0034299996,0.033858284,0.009230992,0.0194033,0.005223992,0.048039027,0.0045856223,4.970274,0.050313756,6.0014124,-2.095592,0.09607805,0.009171245,0.13929573,0.0014100819,0.07227719,-0.025237978,252.65826,250.40746,337.07608,2.0452783,16.657177,0.10060219
4,89,10,0.0034299996,0.034397732,0.009923148,0.01925184,0.005222744,0.0498075,0.005167532,4.950838,-0.48004806,6.0006948,-1.7228009,0.099615,0.010335064,0.138751,-0.013453715,0.07226855,-0.020748317,252.63269,250.17136,337.40973,2.202849,16.654043,0.13061531
4,90,10,0.0034299996,0.031468354,0.009006425,0.017495453,0.004966473,0.047451094,0.004555627,4.7195992,-0.5137075,5.8516216,-1.7659292,0.09490219,0.009111254,0.13227038,-0.014397043,0.07047321,-0.021267727,252.63043,250.10963,337.5435,2.2796369,16.654043,0.13073324
4,91,10,0.0034299996,0.03056762,0.008581008,0.017855661,0.0041309525,0.046316866,0.0038491765,4.7679367,-0.6790982,5.3367553,-1.2760625,0.09263373,0.007698353,0.13362508,-0.019032247,0.064272486,-0.015368086,252.58464,249.97151,336.77478,1.9551606,16.65098,0.15033154
4,92,10,0.0034299996,0.030826287,0.008896283,0.017419126,0.004510878,0.047160055,0.004189138,4.7092934,-0.70370805,5.576769,-1.3795123,0.09432011,0.008378276,0.13198154,-0.019721959,0.06716307,-0.016613971,252.54546,249.73473,336.87057,2.0832205,16.65098,0.15485947
4,93,10,0.0034299996,0.031101739,0.009230584,0.017683154,0.004188001,0.048037965,0.0039028656,4.744849,-1.1204704,5.373479,-0.92019266,0.09607593,0.007805731,0.13297802,-0.031402044,0.06471477,-0.011082217,252.49872,249.49025,336.64212,2.040663,16.647955,0.17103946
4,94,10,0.0034299996,0.032109357,0.008286138,0.019144535,0.0046786848,0.045514114,0.005384094,4.937021,-0.98055816,5.679552,-0.87787914,0.09102823,0.010768188,0.13836378,-0.027480891,0.06840091,-0.010572617,252.4472,249.25304,335.7701,1.8584373,16.647955,0.18623775
4,95,10,0.0034299996,0.032914937,0.0094524305,0.018666482,0.004796023,0.048611805,0.005314734,4.87499,-0.73989516,5.750331,-0.5473159,0.09722361,0.010629468,0.13662533,-0.020736128,0.069253325,-0.006591524,252.44606,249.13014,336.2318,1.2872111,16.64502,0.15167533
4,96,10,0.0034299996,0.03261742,0.010172095,0.017539198,0.004906126,0.0504284,0.005154622,4.7254953,-0.94807357,5.8159614,-0.68433994,0.1008568,0.010309244,0.13243563,-0.026570486,0.07004374,-0.008241755,252.44545,249.20143,336.19778,1.6324135,16.64502,0.14234181
4,97,10,0.0034299996,0.029960861,0.00880793,0.016630819,0.004522113,0.046925288,0.004325909,4.601499,-0.5599721,5.583711,-0.32690808,0.093850575,0.008651818,0.12896053,-0.015693644,0.06724666,-0.003937073,252.39264,249.01698,335.34937,0.88688016,16.642157,0.09882572
4,98,10,0.0034299996,0.03232197,0.011052007,0.016365968,0.004903996,0.052564263,0.006372518,4.5647125,-0.52014697,5.8146996,-0.28858525,0.10512853,0.012745036,0.12792954,-0.014577514,0.070028536,-0.003475536,252.36679,248.76353,335.6484,0.8087322,16.642157,0.10802487
4,99,10,0.0034299996,0.02935189,0.009301615,0.015595828,0.004454446,0.04822244,0.0048294687,4.456016,-0.2701877,5.5417776,-0.08518049,0.09644488,0.009658937,0.12488326,-0.0075722164,0.06674164,-0.001025861,252.29663,248.40651,335.56818,0.3553682,16.63933,0.09214333
4,100,10,0.0034299996,0.030409597,0.009269997,0.016436094,0.0047035078,0.04814041,0.0044208253,4.574481,-0.0689277,5.6945987,-0.22753964,0.09628082,0.008841651,0.12820333,-0.001931752,0.068582125,-0.0027403412,252.21404,248.12122,334.56146,0.29646733,16.63933,0.09931724
5,1,10,0.0024009997,0.28730762,0.054858666,0.18046325,0.051985707,0.117109634,-0.020763768,15.157828,-2.1094992,18.931896,-4.2938867,0.23421927,-0.041527536,0.42480966,-0.059120324,0.22800374,-0.051712863,251.85985,253.49591,344.0073,6.403386,16.636557,1.0233047
5,2,10,0.0024009997,0.2950258,0.054454625,0.1892868,0.051284384,0.116677575,-0.021753129,15.523967,-2.122328,18.803762,-4.262386,0.23335515,-0.043506257,0.43507102,-0.05947984,0.22646056,-0.051333476,251.81194,252.98694,344.56573,6.384714,16.636557,1.047679
5,3,10,0.0024009997,0.27442354,0.049644932,0.17555358,0.049225036,0.111405715,-0.019828787,14.950213,-1.1586834,18.42236,-3.3976552,0.22281143,-0.039657574,0.41899115,-0.032472957,0.22186716,-0.040919174,251.7174,252.4021,343.80682,4.556339,16.633364,0.9140775
5,4,10,0.0024009997,0.26821622,0.04485222,0.17401432,0.049349688,0.10589171,-0.015021239,14.884526,-1.4260069,18.44567,-3.3258228,0.21178342,-0.030042479,0.41715023,-0.039964944,0.2221479,-0.04005411,251.6069,251.8694,342.3324,4.7518296,16.633364,0.8919727
5,5,10,0.0024009997,0.24119282,0.040054098,0.15677415,0.044364575,0.1000676,-0.011091272,14.127971,-0.7531806,17.489218,-1.8434411,0.2001352,-0.022182545,0.39594716,-0.021108454,0.210629,-0.02220123,251.53548,251.34296,342.3168,2.5966218,16.629444,0.6861579
5,6,10,0.0024009997,0.2422014,0.036272876,0.16046464,0.045463875,0.0952272,-0.010920684,14.293291,-0.32001412,17.704569,-1.88965,0.1904544,-0.021841368,0.40058038,-0.008968613,0.2132226,-0.022757761,251.45407,250.86766,341.6223,2.209664,16.629444,0.71659845
5,7,10,0.0024009997,0.2154162,0.034200307,0.1412378,0.039978087,0.09246662,-0.003153365,13.409667,0.15149604,16.602104,0.043986928,0.18493325,-0.00630673,0.37581617,0.004245777,0.19994521,0.0005297372,251.311,250.15892,339.91895,-0.19548297,16.62522,0.6211306
5,8,10,0.0024009997,0.21893577,0.036398817,0.14283733,0.03969963,0.09539237,-0.0036107006,13.485387,0.406926,16.544188,0.08760949,0.19078474,-0.007221401,0.37793827,0.011404413,0.19924766,0.0010551058,251.29512,249.88974,340.19543,-0.4945355,16.62522,0.6421014
5,9,10,0.0024009997,0.18923914,0.026996966,0.12658629,0.035655893,0.08215377,-0.0015881,12.695092,0.9405576,15.678982,1.6939417,0.16430753,-0.0031762,0.35578966,0.026359838,0.18882768,0.02040077,251.26428,249.57332,340.0226,-2.6344993,16.62094,0.68795156
5,10,10,0.0024009997,0.18842387,0.03084963,0.12293455,0.034639686,0.087820314,0.00045422802,12.510641,0.80225873,15.453937,1.8591161,0.17564063,0.00090845604,0.35062024,0.022483923,0.1861174,0.022390023,251.23009,249.29936,338.97876,-2.6613748,16.62094,0.7130017
5,11,10,0.0024009997,0.16937141,0.03097058,0.10731016,0.031090666,0.0879923,0.0017056752,11.688612,0.7879629,14.640882,3.1052775,0.1759846,0.0034113503,0.3275823,0.022083234,0.17632546,0.037397973,251.30464,249.51076,339.81653,-3.8932405,16.616743,0.7134968
5,12,10,0.0024009997,0.17061687,0.03040017,0.1082553,0.03196139,0.08717822,0.0019015019,11.739973,0.9965355,14.84448,3.0103872,0.17435645,0.0038030038,0.32902172,0.02792865,0.17877749,0.03625519,251.33592,249.54202,339.81882,-4.0069227,16.616743,0.7444464
5,13,10,0.0024009997,0.150446,0.031798985,0.089375675,0.029271342,0.08916135,0.0026929628,10.667244,0.8868379,14.206056,3.7340817,0.1783227,0.0053859255,0.29895765,0.024854299,0.1710887,0.044970922,251.27786,249.2542,338.438,-4.6209197,16.612715,0.67258084
5,14,10,0.0024009997,0.14848675,0.03138578,0.08833701,0.028763955,0.08858016,0.0028487598,10.60508,1.0458996,14.082395,3.7540197,0.17716032,0.0056975195,0.29721543,0.02931214,0.1695994,0.045211036,251.22995,248.84229,338.68552,-4.799919,16.612715,0.6892739
5,15,10,0.0024009997,0.11761957,0.022612818,0.069969,0.025037749,0.075187795,-0.0003721629,9.438334,0.77298945,13.138623,3.7609608,0.15037559,-0.0007443258,0.26451653,0.021663625,0.15823321,0.045294628,251.1957,248.55508,338.44598,-4.5339503,16.608892,0.48445305
5,16,10,0.0024009997,0.11858006,0.026908828,0.06734043,0.024330799,0.08201955,0.0010612821,9.25935,0.93791234,12.951807,3.870477,0.1640391,0.0021225642,0.25950035,0.026285721,0.15598333,0.046613567,251.13138,248.20035,337.47095,-4.808389,16.608892,0.4870061
5,17,10,0.0024009997,0.09450728,0.020960923,0.05214952,0.021396833,0.07238944,-0.00096691545,8.148313,0.46003154,12.1458235,3.6586525,0.14477888,-0.0019338309,0.2283627,0.0128927445,0.14627656,0.044062488,251.15874,248.07059,338.27295,-4.1186843,16.605309,0.31973213
5,18,10,0.0024009997,0.095646754,0.019886527,0.054397292,0.02136293,0.0705098,-0.0020269153,8.322067,0.6953504,12.136196,3.4980352,0.1410196,-0.0040538306,0.23323227,0.019487744,0.14616063,0.042128105,251.1879,248.10971,337.98352,-4.1933856,16.605309,0.30620092
5,19,10,0.0024009997,0.08504182,0.021925597,0.044719566,0.018396664,0.07403647,-0.0032782808,7.545557,0.19452944,11.262161,3.1228752,0.14807294,-0.0065565617,0.21147001,0.0054518455,0.1356343,0.037609916,251.15634,247.95306,337.14188,-3.3174047,16.60195,0.28423306
5,20,10,0.0024009997,0.08975148,0.024501242,0.046357304,0.018892935,0.07826436,-0.00438855,7.6824827,0.21325684,11.413055,3.140038,0.15652873,-0.0087771,0.21530746,0.0059766746,0.13745157,0.037816625,251.2027,247.98721,337.8424,-3.3532948,16.60195,0.2702287
5,21,10,0.0024009997,0.07818704,0.020809608,0.040715188,0.01666225,0.07212768,-0.006262897,7.1998057,-0.17575705,10.71813,2.3341687,0.14425536,-0.012525794,0.20178005,-0.0049257255,0.12908234,0.028111244,251.21336,248.05583,337.73004,-2.1584115,16.598782,0.3854263
5,22,10,0.0024009997,0.083169945,0.024185667,0.042662878,0.016321398,0.07775871,-0.005164416,7.3700023,0.047907896,10.607936,2.501109,0.15551741,-0.010328832,0.20654994,0.0013426578,0.12775522,0.03012176,251.14043,247.69698,336.46036,-2.5490167,16.598782,0.41417158
5,23,10,0.0024009997,0.08546866,0.03004105,0.040546935,0.01488067,0.08666177,-0.0073049483,7.184914,-0.27812502,10.128927,1.8192406,0.17332354,-0.014609897,0.2013627,-0.007794674,0.12198635,0.02190977,251.1961,247.79524,337.0201,-1.5411155,16.59576,0.506386
5,24,10,0.0024009997,0.078318104,0.02323996,0.040779077,0.014299069,0.07622329,-0.0071744407,7.205453,-0.15409204,9.929012,1.7813021,0.15244658,-0.014348881,0.2019383,-0.0043185456,0.11957871,0.02145287,251.24791,247.92572,337.148,-1.62721,16.59576,0.5231608
5,25,10,0.0024009997,0.07684173,0.023795351,0.0409051,0.012141273,0.07712871,-0.0057489392,7.216577,-0.12426862,9.149225,1.0359435,0.15425742,-0.0114978785,0.2022501,-0.0034827115,0.11018745,0.012476246,251.25342,247.91997,336.29053,-0.91167486,16.592852,0.5255238
5,26,10,0.0024009997,0.07393586,0.024007205,0.037532367,0.012396284,0.07747129,-0.006036255,6.912665,-0.25696155,9.244809,1.0985364,0.15494259,-0.01207251,0.19373272,-0.0072015356,0.1113386,0.013230068,251.38873,248.43347,337.60516,-0.8415748,16.592852,0.49842384
5,27,10,0.0024009997,0.07200235,0.024152061,0.03625552,0.011594775,0.07770467,-0.004673053,6.7940636,-0.12132517,8.940945,0.47483724,0.15540934,-0.009346106,0.19040883,-0.0034002233,0.10767904,0.00571864,251.43054,248.5544,338.13644,-0.35351208,16.590014,0.49314588
5,28,10,0.0024009997,0.07454491,0.02489423,0.038213503,0.011437174,0.07888953,-0.0023877406,6.9751086,0.118460186,8.8799715,0.59759414,0.15777905,-0.0047754813,0.19548275,0.0033199438,0.106944725,0.007197045,251.37119,248.31926,336.89142,-0.7160543,16.590014,0.4769077
5,29,10,0.0024009997,0.06518267,0.023839027,0.031084955,0.010258687,0.07719946,-0.0021189293,6.2909703,0.42592567,8.41004,0.08166381,0.15439892,-0.0042378586,0.17630926,0.011936894,0.101285174,0.0009835032,251.38483,248.22258,337.32373,-0.50758946,16.587252,0.37298888
5,30,10,0.0024009997,0.06450969,0.022797996,0.03137793,0.010333759,0.07549503,-0.0033342193,6.3205476,0.46130612,8.440757,-0.15481228,0.15099005,-0.0066684387,0.17713816,0.012928458,0.101655096,-0.0018644574,251.44681,248.40195,337.5086,-0.30649385,16.587252,0.3975738
5,31,10,0.0024009997,0.06139196,0.019426292,0.033093497,0.008872169,0.06968912,-0.0007591962,6.4910336,1.0451597,7.8210864,-0.42673522,0.13937823,-0.0015183924,0.18191618,0.029291399,0.09419219,-0.0051393304,251.47435,248.50024,336.81464,-0.6184245,16.584568,0.29501933
5,32,10,0.0024009997,0.06061855,0.024407065,0.027585812,0.008625669,0.0781138,-0.00035600376,5.9263244,0.7868868,7.7116733,-0.30591092,0.1562276,-0.0007120075,0.16608977,0.02205311,0.09287448,-0.0036841943,251.58858,248.84134,338.25064,-0.4809759,16.584568,0.2808289
5,33,10,0.0024009997,0.053327847,0.019246742,0.025964614,0.00811649,0.06936631,0.0006628265,5.749545,1.1379917,7.480598,-0.7842739,0.13873263,0.001325653,0.16113539,0.031893086,0.090091564,-0.0094452975,251.65085,249.10637,338.54556,-0.35371774,16.58198,0.22182287
5,34,10,0.0024009997,0.05339584,0.018199317,0.027305648,0.007890875,0.06745242,0.0030698716,5.8961535,1.3589239,7.375896,-0.6804426,0.13490485,0.006139743,0.1652442,0.03808488,0.0888306,-0.008194821,251.62883,249.02904,337.4855,-0.67848134,16.58198,0.22683226
5,35,10,0.0024009997,0.051571395,0.019108038,0.024741536,0.007721823,0.069115914,0.003644417,5.612493,1.6456914,7.2964582,-1.1025959,0.13823183,0.007288834,0.15729442,0.046121757,0.087873906,-0.013278965,251.69887,249.10883,338.21164,-0.54309547,16.5795,0.25749308
5,36,10,0.0024009997,0.053863227,0.018879341,0.026943041,0.008040845,0.06870106,0.00067946693,5.856874,1.7779411,7.4456577,-1.1695613,0.13740212,0.0013589339,0.16414335,0.049828157,0.08967076,-0.014085449,251.75426,249.22038,338.3626,-0.60837984,16.5795,0.21816431
5,37,10,0.0024009997,0.05452785,0.014826517,0.031514153,0.00818718,0.06088209,0.0033994317,6.334252,2.1251402,7.5131025,-1.2555977,0.12176418,0.0067988634,0.17752226,0.05955867,0.09048304,-0.015121621,251.79063,249.43213,337.75253,-0.8695425,16.577164,0.27988204
5,38,10,0.0024009997,0.05198732,0.017173296,0.026825603,0.007988424,0.06552346,0.0037836914,5.844095,1.6758292,7.4213467,-1.1212002,0.13104692,0.007567383,0.16378523,0.046966393,0.089377984,-0.013503024,251.87108,249.61151,338.89813,-0.55462897,16.577164,0.31639862
5,39,10,0.0024009997,0.050508976,0.014655307,0.026929947,0.008923722,0.060529552,0.0021074,5.8554497,1.4219795,7.8437767,-1.6628749,0.121059105,0.0042148,0.16410346,0.039852057,0.09446546,-0.02002661,251.96034,249.94579,339.54623,0.24089539,16.574957,0.28740674
5,40,10,0.0024009997,0.057062965,0.016319757,0.03164027,0.009102938,0.0638744,0.0041174,6.3469133,1.6475332,7.9221487,-1.5444194,0.1277488,0.0082348,0.17787711,0.04617337,0.09540932,-0.018600002,251.96956,250.13249,338.49594,-0.10311377,16.574957,0.30037963
5,41,10,0.0024009997,0.049757563,0.0147629725,0.026218554,0.008776036,0.060751487,0.0038173732,5.777592,1.1523805,7.7786,-2.0476313,0.12150297,0.0076347464,0.16192144,0.03229636,0.0936805,-0.024660368,252.0495,250.33559,339.44254,0.8952508,16.572899,0.30414397
5,42,10,0.0024009997,0.04799854,0.014877311,0.024723426,0.008397803,0.06098629,0.0013656751,5.6104383,1.2872531,7.609131,-2.0980597,0.12197258,0.0027313503,0.15723684,0.036076244,0.091639526,-0.025267698,252.12964,250.56483,340.33545,0.8108065,16.572899,0.27480337
5,43,10,0.0024009997,0.047954656,0.0123897195,0.026937615,0.008627322,0.05565456,0.0021651734,5.856283,1.20506,7.7124124,-2.3955672,0.11130912,0.004330347,0.16412683,0.03377273,0.09288338,-0.028850686,252.12701,250.48485,339.38416,1.1905072,16.570974,0.23769109
5,44,10,0.0024009997,0.048151553,0.014468989,0.024315717,0.009366846,0.060143556,0.0018124548,5.563987,0.9180353,8.036165,-2.3853254,0.12028711,0.0036249096,0.15593497,0.025728645,0.09678247,-0.02872734,252.2294,250.86862,340.29956,1.4672902,16.570974,0.25336137
5,45,10,0.0024009997,0.047217473,0.0125908125,0.024648478,0.009978181,0.056104396,-0.0008124405,5.601929,0.5208083,8.294265,-2.9083302,0.11220879,-0.001624881,0.15699834,0.014596056,0.09989084,-0.035026073,252.28508,251.04234,340.9907,2.387522,16.569174,0.17231506
5,46,10,0.0024009997,0.049065616,0.011940111,0.027725099,0.009400404,0.05463541,0.0010875348,5.941267,0.9429574,8.050548,-2.9261372,0.10927082,0.0021750696,0.16650856,0.02642711,0.09695568,-0.03524054,252.25694,250.93732,340.1808,1.9831798,16.569174,0.18783754
5,47,10,0.0024009997,0.04413001,0.012572465,0.022017008,0.009540535,0.056063503,6.143087e-5,5.29446,0.15031464,8.110331,-3.2502444,0.112127006,0.00012286173,0.1483813,0.0042126803,0.09767566,-0.03914388,252.28967,250.8934,340.83514,3.0999298,16.567493,0.15977184
5,48,10,0.0024009997,0.046910837,0.013221904,0.023750963,0.009937973,0.05749327,-0.0012068539,5.4989924,0.115346044,8.277536,-3.427785,0.11498654,-0.0024137078,0.15411347,0.0032326644,0.09968938,-0.041282065,252.30733,250.8494,340.9012,3.312439,16.567493,0.19235264
5,49,10,0.0024009997,0.048201337,0.0112608345,0.02671487,0.01022563,0.05305854,-0.0013133653,5.8320208,0.20688444,8.39648,-3.6264436,0.10611708,-0.0026267306,0.16344684,0.0057980954,0.10112186,-0.043674584,252.29494,250.84888,339.8359,3.4195592,16.565914,0.22550768
5,50,10,0.0024009997,0.04489875,0.011708574,0.022085538,0.011104636,0.054103084,-0.0012347212,5.3026934,-0.20649858,8.749926,-3.5601342,0.10820617,-0.0024694423,0.14861204,-0.00578728,0.10537854,-0.042875987,252.37825,251.10674,340.84793,3.7666328,16.565914,0.20270088
5,51,10,0.0024009997,0.048856623,0.01363025,0.023858305,0.011368071,0.05837433,-0.0042075566,5.5114055,-0.3436741,8.853105,-3.6934543,0.11674866,-0.008415113,0.15446134,-0.00963173,0.10662115,-0.044481616,252.4585,251.37172,341.46158,4.0371284,16.564411,0.25347352
5,52,10,0.0024009997,0.05409054,0.0110114245,0.03143523,0.011643887,0.052467667,-0.0023649295,6.326316,0.04854056,8.959859,-3.58218,0.10493533,-0.004729859,0.17729983,0.0013603863,0.10790684,-0.043141495,252.48248,251.54971,340.59003,3.5336394,16.564411,0.2408972
5,53,10,0.0024009997,0.04578031,0.0107676415,0.02382243,0.011190234,0.051883623,-0.002098924,5.507261,-0.4229536,8.783585,-3.2612212,0.103767246,-0.004197848,0.15434517,-0.011853597,0.1057839,-0.039276075,252.56561,251.82881,341.4294,3.6841748,16.56296,0.21140753
5,54,10,0.0024009997,0.047471687,0.012703571,0.023696337,0.011071781,0.05635506,-0.0045985854,5.4926653,-0.44218022,8.736971,-3.250754,0.11271012,-0.009197171,0.15393615,-0.012392439,0.10522253,-0.03915002,252.64182,252.09915,341.98315,3.6929343,16.56296,0.24267945
5,55,10,0.0024009997,0.047306612,0.010223171,0.026408035,0.010675406,0.05055485,-0.0019441821,5.7984324,-0.12260421,8.579153,-2.8981879,0.1011097,-0.0038883642,0.1625055,-0.0034360753,0.10332186,-0.034903932,252.67249,252.30478,341.2561,3.020792,16.561611,0.2064568
5,56,10,0.0024009997,0.04409748,0.011700705,0.021926016,0.010470759,0.054084897,-0.00086824154,5.283509,-0.62914413,8.496523,-2.7113407,0.108169794,-0.0017364831,0.14807436,-0.017632244,0.10232673,-0.032653663,252.76329,252.50142,342.29675,3.3404849,16.561611,0.18447813
5,57,10,0.0024009997,0.04326301,0.012121316,0.021189213,0.009952481,0.055048425,-0.0028136177,5.1939764,-0.39711565,8.283576,-2.2254066,0.11009685,-0.0056272354,0.14556515,-0.011129478,0.09976212,-0.026801381,252.84862,252.76015,342.87125,2.6225224,16.560358,0.17165643
5,58,10,0.0024009997,0.04647803,0.01065101,0.025678197,0.010148822,0.051601864,3.7272544e-5,5.717746,-0.11129934,8.364885,-2.2047243,0.10320373,7.454509e-5,0.16024418,-0.0031192508,0.100741364,-0.0265523,252.86266,252.92296,342.0963,2.3160236,16.560358,0.15908206
5,59,10,0.0024009997,0.04042538,0.011788367,0.01871048,0.009926531,0.054287124,0.001175607,4.8807325,-0.048530657,8.27277,-1.4891437,0.10857425,0.002351214,0.13678625,-0.0013601129,0.09963198,-0.017934304,252.93048,253.08827,342.83368,1.5376744,16.559206,0.13027158
5,60,10,0.0024009997,0.042568155,0.0143247405,0.018482747,0.009760665,0.059843004,-0.0012457742,4.8509393,0.08617925,8.203362,-1.4943105,0.11968601,-0.0024915484,0.13595127,0.0024152368,0.09879608,-0.017996527,253.01614,253.34845,343.56528,1.4081312,16.559206,0.14867753
5,61,10,0.0024009997,0.039088942,0.0118511515,0.01914585,0.0080919415,0.054431498,0.0013857655,4.9371905,0.483088,7.4692764,-0.7472785,0.108862996,0.002771531,0.13836853,0.01353891,0.08995522,-0.008999747,253.03516,253.53366,342.8737,0.26419052,16.558186,0.10983087
5,62,10,0.0024009997,0.04093124,0.012550036,0.019812267,0.008568937,0.056013472,0.0025266903,5.022381,0.0053287083,7.6862707,-0.67862326,0.112026945,0.0050533805,0.14075606,0.00014934516,0.092568554,-0.008172904,253.06183,253.53618,343.5236,0.67329454,16.558186,0.12847695
5,63,10,0.0024009997,0.041658435,0.013746749,0.019250952,0.008660733,0.058623265,0.000911351,4.9507227,0.20341288,7.727331,-0.19389999,0.11724653,0.001822702,0.1387478,0.0057008048,0.09306306,-0.002335209,253.0955,253.65048,343.92435,-0.009512886,16.557224,0.12428635
5,64,10,0.0024009997,0.046261385,0.012586962,0.024289833,0.0093845865,0.056095816,0.0023251257,5.5610247,0.655203,8.043772,-0.32868272,0.11219163,0.0046502515,0.15585196,0.018362567,0.09687407,-0.003958442,253.07295,253.67717,342.83096,-0.32652026,16.557224,0.12989412
5,65,10,0.0024009997,0.04439133,0.013339487,0.021456646,0.009595198,0.057748348,0.0041916436,5.226651,0.43815076,8.133531,0.32230616,0.115496695,0.008383287,0.14648087,0.012279516,0.09795508,0.0038816507,253.12111,253.73991,343.52866,-0.7604569,16.556318,0.171648
5,66,10,0.0024009997,0.047657277,0.015996387,0.02144456,0.010216329,0.06323841,0.0013424393,5.2251787,0.49731994,8.39266,0.2514445,0.12647682,0.0026848787,0.14643961,0.013937769,0.10107586,0.0030282363,253.1665,253.83931,344.16873,-0.7487644,16.556318,0.1619274
5,67,10,0.0024009997,0.04402547,0.011591225,0.022183992,0.010250252,0.053831276,0.004592148,5.3145003,0.75291264,8.406582,0.65895474,0.10766255,0.009184296,0.14894292,0.021100957,0.101243526,0.007936037,253.17058,253.93964,343.2235,-1.4118674,16.555471,0.15967844
5,68,10,0.0024009997,0.0442714,0.010840712,0.022709562,0.010721125,0.05205937,0.0028806871,5.377085,0.49489132,8.597503,0.62029135,0.10411874,0.0057613743,0.15069692,0.013869706,0.103542864,0.007470397,253.21101,253.95972,343.5023,-1.1151826,16.555471,0.17186157
5,69,10,0.0024009997,0.044214226,0.011667762,0.021681573,0.010864889,0.054008707,0.0008331869,5.253974,0.46680236,8.654955,0.88326544,0.108017415,0.0016663738,0.14724664,0.013082497,0.10423478,0.010637487,253.26508,254.13324,344.01007,-1.3500679,16.55465,0.14290594
5,70,10,0.0024009997,0.04910907,0.011496503,0.026410257,0.011202312,0.053610872,0.0030440122,5.7986765,0.8196456,8.788322,0.88089496,0.107221745,0.0060880245,0.16251233,0.022971192,0.10584097,0.010608939,253.27032,254.27103,343.22995,-1.7005405,16.55465,0.15341464
5,71,10,0.0024009997,0.049258176,0.012722078,0.024474856,0.012061241,0.056396093,0.003267887,5.5821643,-0.039771494,9.11902,1.4361032,0.11279219,0.006535774,0.15644442,-0.0011146334,0.10982368,0.017295511,253.31984,254.38573,343.93774,-1.3963318,16.553823,0.13112238
5,72,10,0.0024009997,0.053233325,0.012176349,0.028138744,0.012918233,0.055173248,-0.00078251923,5.985423,-0.11237073,9.43743,1.3024461,0.110346496,-0.0015650385,0.16774607,-0.0031492638,0.113658406,0.015685832,253.37334,254.4619,344.39517,-1.1900754,16.553823,0.13267988
5,73,10,0.0024009997,0.05291699,0.014193828,0.026545553,0.012177609,0.059568927,0.0019816698,5.8135104,-0.2884161,9.162906,1.4247317,0.11913785,0.0039633396,0.16292806,-0.008083088,0.1103522,0.017158564,253.40125,254.60933,343.43774,-1.1363156,16.55302,0.123501986
5,74,10,0.0024009997,0.054564886,0.014741743,0.027361704,0.01246144,0.06070779,0.003065586,5.902203,-0.7246639,9.2690735,1.6289366,0.12141558,0.006131172,0.16541374,-0.020309262,0.11163082,0.019617883,253.50322,254.94673,344.15042,-0.90427274,16.55302,0.14215715
5,75,10,0.0024009997,0.052423548,0.012716762,0.027391227,0.012315561,0.05638431,-0.0006799782,5.905385,-1.0523827,9.21466,1.8925297,0.11276862,-0.0013599565,0.16550295,-0.029493816,0.1109755,0.022792429,253.59276,255.30168,345.08807,-0.840147,16.55222,0.15986766
5,76,10,0.0024009997,0.052132808,0.012773021,0.027505426,0.011854363,0.056508895,0.0014519918,5.9176836,-0.7573084,9.040475,1.8285944,0.11301779,0.0029039837,0.1658476,-0.021224147,0.10887774,0.02202242,253.58716,255.36946,344.36356,-1.071286,16.55222,0.14221665
5,77,10,0.0024009997,0.055460162,0.015375009,0.028114472,0.011970686,0.061998002,0.0013683629,5.982842,-1.1905724,9.084723,1.9438976,0.123996004,0.0027367258,0.1676737,-0.033366676,0.10941063,0.023411069,253.634,255.47241,345.07654,-0.7533252,16.551413,0.16515379
5,78,10,0.0024009997,0.05665847,0.01416776,0.030056011,0.012434698,0.0595142,-0.0013717336,6.1859756,-1.3093392,9.259123,1.952503,0.1190284,-0.0027434672,0.1733667,-0.036695234,0.11151098,0.0235147,253.68239,255.69148,345.50668,-0.6431638,16.551413,0.18659312
5,79,10,0.0024009997,0.053571083,0.011950833,0.029755397,0.011864852,0.054659933,0.0016263226,6.154962,-0.93304473,9.044475,1.8159615,0.109319866,0.0032526453,0.17249753,-0.026149297,0.1089259,0.021870278,253.65486,255.63322,344.2953,-0.88291675,16.55061,0.16399929
5,80,10,0.0024009997,0.05815531,0.015319196,0.030833771,0.012002341,0.061885368,0.0013999507,6.265502,-1.2042179,9.096728,1.9419073,0.123770736,0.0027999014,0.17559548,-0.033749122,0.1095552,0.0233871,253.69801,255.6929,344.67062,-0.7376894,16.55061,0.1710141
5,81,10,0.0024009997,0.05639079,0.01408441,0.03002428,0.0122821005,0.05933888,-0.0017749025,6.1827087,-1.1304951,9.202133,1.9421501,0.11867776,-0.003549805,0.17327516,-0.031682987,0.11082464,0.02339002,253.74301,255.81284,345.3657,-0.81165504,16.549803,0.17545041
5,82,10,0.0024009997,0.05940166,0.013608739,0.03346778,0.0123251425,0.05832825,0.00095564977,6.5276375,-1.0217434,9.218243,1.834358,0.1166565,0.0019112995,0.18294202,-0.02863514,0.11101866,0.022091841,253.72203,255.80496,344.32663,-0.81261456,16.549803,0.1638931
5,83,10,0.0024009997,0.06907907,0.015634952,0.040026966,0.013417155,0.0625199,0.0010886358,7.1386952,-1.3865104,9.617948,1.9672369,0.1250398,0.0021772715,0.2000674,-0.03885801,0.11583244,0.02369215,253.77493,255.86186,344.91946,-0.5807265,16.54898,0.20115551
5,84,10,0.0024009997,0.07347284,0.014909741,0.043717436,0.014845663,0.061052725,-0.00028134257,7.460533,-1.5389334,10.117005,2.2014961,0.12210545,-0.00056268513,0.20908715,-0.043129787,0.12184278,0.026513418,253.84677,256.08215,345.72858,-0.6625627,16.54898,0.22393295
5,85,10,0.0024009997,0.064222924,0.0149083575,0.036644973,0.012669592,0.061049893,-0.0024124165,6.830457,-0.7348602,9.346167,1.6948518,0.12209979,-0.004824833,0.19142877,-0.020595016,0.11255928,0.020411719,253.86093,256.28574,344.53784,-0.9599916,16.548113,0.18662192
5,86,10,0.0024009997,0.0674668,0.016852127,0.03781554,0.0127991345,0.06490787,-0.0009995872,6.938693,-0.8906232,9.393825,1.5699104,0.12981574,-0.0019991745,0.19446218,-0.024960378,0.11313326,0.018906998,253.91856,256.3923,344.93167,-0.6792872,16.548113,0.21431571
5,87,10,0.0024009997,0.065557554,0.017110115,0.036181215,0.012266225,0.06540282,-0.0057833195,6.787098,-0.51959133,9.196184,1.3497518,0.13080564,-0.011566639,0.1902136,-0.0145619325,0.11075299,0.01625555,253.9575,256.49915,345.38538,-0.8301605,16.547192,0.19220832
5,88,10,0.0024009997,0.063699566,0.016120618,0.035325296,0.012253651,0.0634835,-0.003237928,6.7063384,-0.55175513,9.19147,1.4582615,0.126967,-0.006475856,0.18795025,-0.015463352,0.11069621,0.017562374,253.92186,256.39893,344.5535,-0.90650636,16.547192,0.17281541
5,89,10,0.0024009997,0.06673935,0.015743654,0.038562167,0.012433525,0.06273686,-0.0012065021,7.0068564,-0.5437067,9.258684,1.3022912,0.12547372,-0.0024130042,0.19637252,-0.015237784,0.11150572,0.015683971,253.94125,256.39362,344.7605,-0.75858444,16.546251,0.19323598
5,90,10,0.0024009997,0.074033365,0.019045224,0.04114231,0.013845827,0.06900222,-0.0052077337,7.2374725,-0.51348585,9.770385,1.2849804,0.13800444,-0.010415467,0.20283568,-0.01439083,0.11766829,0.015475495,253.9785,256.54797,345.28986,-0.77149457,16.546251,0.17951448
5,91,10,0.0024009997,0.06557087,0.015383765,0.037430767,0.012756338,0.062015653,-0.003641804,6.903302,-0.22062083,9.378108,0.9936332,0.124031305,-0.007283608,0.19347033,-0.0061830706,0.11294396,0.011966689,253.98009,256.68506,344.65933,-0.7730124,16.545303,0.18906832
5,92,10,0.0024009997,0.07236245,0.014814362,0.044464476,0.013083612,0.060857132,-0.001973187,7.5240054,-0.3142919,9.497646,1.1273351,0.121714264,-0.003946374,0.21086602,-0.008808285,0.114383616,0.01357691,254.02008,256.75485,345.19495,-0.8130432,16.545303,0.23252991
5,93,10,0.0024009997,0.070717394,0.015383779,0.041841242,0.013492375,0.062015682,-0.0050669992,7.2986884,-0.45380086,9.644871,1.002675,0.124031365,-0.0101339985,0.20455132,-0.012718105,0.11615668,0.012075577,254.01553,256.66022,345.53583,-0.5488742,16.544327,0.21847546
5,94,10,0.0024009997,0.06799202,0.013761258,0.040862467,0.013368294,0.058654193,-0.00222867,7.212816,-0.30004498,9.600419,0.7948308,0.117308386,-0.00445734,0.20214467,-0.00840899,0.115621336,0.00957244,253.9388,256.43182,344.35873,-0.49478582,16.544327,0.2183738
5,95,10,0.0024009997,0.068935014,0.014470951,0.041577037,0.01288703,0.060147632,-0.0033388988,7.275608,-0.44481644,9.426026,0.6573018,0.120295264,-0.0066777975,0.20390448,-0.012466329,0.113521054,0.007916123,253.92445,256.21783,344.2818,-0.21248534,16.543365,0.20678535
5,96,10,0.0024009997,0.07239198,0.014744804,0.04384611,0.013801066,0.060714092,-0.0062881312,7.4715056,-0.6306261,9.75458,0.806437,0.121428184,-0.0125762625,0.20939463,-0.017673781,0.11747794,0.009712216,253.92436,256.12308,344.73615,-0.17581093,16.543365,0.21672729
5,97,10,0.0024009997,0.06676862,0.013952376,0.040409077,0.012407165,0.05906009,-0.005789642,7.1726894,-0.8678681,9.248865,0.70103824,0.11812018,-0.011579284,0.20102009,-0.024322659,0.111387454,0.008442857,253.90631,256.21207,343.9709,0.16682988,16.542456,0.18487643
5,98,10,0.0024009997,0.06583404,0.013508575,0.039755676,0.012569787,0.0581132,-0.0037515135,7.114463,-1.0256284,9.309281,0.9275169,0.1162264,-0.007503027,0.19938825,-0.028744008,0.11211506,0.011170424,253.93611,256.24115,344.54852,0.09811157,16.542456,0.18843377
5,99,10,0.0024009997,0.06550624,0.013143006,0.03856945,0.013793785,0.057321474,-0.004761261,7.007519,-1.3200388,9.752005,1.0561769,0.11464295,-0.009522522,0.19639106,-0.03699509,0.117446944,0.012719919,253.9482,256.2165,345.2,0.2638619,16.541597,0.20976508
5,100,10,0.0024009997,0.06759977,0.01189334,0.04172754,0.013978893,0.054528296,-0.0029777589,7.288764,-1.3005278,9.817221,1.0611851,0.10905659,-0.0059555178,0.2042732,-0.036448278,0.11823237,0.012780243,253.91924,256.17856,344.39545,0.23934269,16.541597,0.21884064
