ic,traj,n_steps,eta,loss_total,loss_T,loss_olw,loss_slwd,rmse_T,bias_T,rmse_olw,bias_olw,rmse_slwd,bias_slwd,nrmse_T,nbias_T,nrmse_olw,nbias_olw,nrmse_slwd,nbias_slwd,mean_T,mean_olw,mean_slwd,bias_C,pnorm,gnorm
1,1,10,0.1,0.48184758,0.087822296,0.3370921,0.05693321,0.14817414,0.016455313,22.092403,12.802617,20.329378,-6.9118505,0.29634827,0.032910626,0.5805963,0.33645746,0.23860681,-0.08112471,253.44098,253.19496,339.12674,-5.8907666,0.0,0.633343
1,2,10,0.1,0.49399787,0.09502794,0.3416597,0.057310235,0.154133,0.0129564,22.241575,12.754518,20.396578,-6.9665704,0.308266,0.0259128,0.58451664,0.33519328,0.23939556,-0.08176694,253.37492,252.8641,339.22464,-5.787947,0.0,0.6394859
1,3,10,0.1,0.5599056,0.12481729,0.37685427,0.058234062,0.17664745,0.0081194,23.35906,13.57408,20.560316,-7.0035276,0.3532949,0.0162388,0.61388457,0.3567317,0.24131735,-0.08220073,253.31229,252.57848,339.22614,-6.570553,0.0,0.7041356
1,4,10,0.1,0.47867426,0.08229561,0.3388447,0.057533942,0.14343606,0.017968467,22.14976,12.753403,20.436346,-6.735853,0.28687212,0.035936933,0.58210367,0.33516404,0.23986234,-0.079059035,253.23888,252.28624,338.54605,-6.0175495,0.0,0.6357784
1,5,10,0.1,0.36938927,0.07279314,0.24703416,0.049561944,0.13490102,0.012436226,18.912424,9.472093,18.96773,-3.7260318,0.26980203,0.024872452,0.4970253,0.24893002,0.22262512,-0.043732595,253.23166,252.15302,338.61072,-5.746061,0.4582479,0.49326864
1,6,10,0.1,0.4160479,0.09378065,0.27252352,0.04974375,0.15311813,0.0072654174,19.864182,10.277459,19.002487,-3.8408277,0.30623627,0.014530835,0.52203786,0.27009532,0.22303307,-0.045079958,253.2447,252.20015,338.76895,-6.436631,0.4582479,0.5526314
1,7,10,0.1,0.3526554,0.05842145,0.24582233,0.048411652,0.12085265,0.018452374,18.86598,9.8412,18.746325,-3.676498,0.2417053,0.03690475,0.49580473,0.25863028,0.22002648,-0.043151233,253.19907,252.07347,338.19302,-6.164702,0.4582479,0.50341445
1,8,10,0.1,0.36300007,0.07108648,0.24331045,0.048603155,0.13331024,0.014592464,18.76934,9.564923,18.78337,-3.8034015,0.2666205,0.029184928,0.4932651,0.25136966,0.22046123,-0.04464068,253.17316,251.89806,338.47687,-5.761522,0.4582479,0.49835825
1,9,10,0.1,0.29723796,0.06287993,0.19085535,0.043502685,0.12537935,0.0048797852,16.623436,7.1927233,17.770483,-1.0155113,0.2507587,0.0097595705,0.43686995,0.18902734,0.20857297,-0.011919106,253.15988,251.80525,338.61688,-6.1772118,0.90551656,0.41214702
1,10,10,0.1,0.25728744,0.045043398,0.16961329,0.04263077,0.10611715,0.01519326,15.671067,6.6123376,17.5915,-0.86766684,0.2122343,0.03038652,0.41184133,0.17377463,0.2064722,-0.0101838615,253.09833,251.58862,337.8262,-5.744671,0.90551656,0.36487648
1,11,10,0.1,0.2623737,0.052398343,0.16706954,0.042905807,0.11445342,0.010989103,15.553113,6.2717643,17.648153,-0.9009048,0.22890684,0.021978205,0.4087414,0.1648242,0.20713717,-0.010573955,253.08928,251.51953,338.30264,-5.3708596,0.90551656,0.36077014
1,12,10,0.1,0.29407534,0.062332086,0.18820745,0.04353579,0.124831975,0.0068314862,16.507719,6.7792563,17.777245,-1.0026122,0.24966395,0.0136629725,0.43382883,0.17816134,0.20865232,-0.011767717,253.05873,251.42033,338.20303,-5.776644,0.90551656,0.40631506
1,13,10,0.1,0.20378153,0.044197194,0.12017088,0.03941347,0.105115645,0.011912326,13.190713,3.5466192,16.91467,1.3061554,0.21023129,0.023824653,0.3466567,0.09320641,0.19852826,0.015330394,252.99611,251.23141,337.1402,-4.8527746,1.3264668,0.25011745
1,14,10,0.1,0.20575257,0.045773428,0.12027276,0.039706383,0.106973626,0.00876293,13.196302,3.4763975,16.977407,1.2711567,0.21394725,0.01752586,0.34680364,0.09136098,0.1992646,0.014919638,252.9795,251.07451,337.40656,-4.7475543,1.3264668,0.251002
1,15,10,0.1,0.2312012,0.061100848,0.12956868,0.040531673,0.12359293,0.0017004844,13.696787,4.2047915,17.152937,1.1773983,0.24718586,0.0034009689,0.3599565,0.110503435,0.20132479,0.013819174,252.96161,250.94547,337.53165,-5.3821898,1.3264668,0.29415172
1,16,10,0.1,0.19496459,0.038160317,0.11690058,0.039903704,0.09767333,0.011110975,13.009992,3.76396,17.019539,1.3594108,0.19534665,0.02222195,0.34190726,0.09891822,0.19975911,0.01595547,252.90793,250.80154,336.80075,-5.1233706,1.3264668,0.25679523
1,17,10,0.1,0.16469313,0.04154636,0.08507775,0.038069025,0.10191462,0.0027444775,11.098817,0.9999337,16.623678,2.5830667,0.20382924,0.005488955,0.2916809,0.026278619,0.19511285,0.030317575,252.91217,250.81747,337.33298,-3.5830004,1.7086178,0.17229822
1,18,10,0.1,0.17707868,0.045903776,0.092709206,0.03846569,0.10712583,-0.003310663,11.585909,1.4454756,16.710058,2.4884095,0.21425167,-0.006621326,0.30448186,0.037987594,0.19612671,0.029206574,252.90578,250.81282,337.41257,-3.933885,1.7086178,0.20010206
1,19,10,0.1,0.16026995,0.03952302,0.08289413,0.037852798,0.09940199,0.007010727,10.95546,1.0739267,16.576399,2.6399348,0.19880398,0.014021454,0.2879134,0.028223183,0.19455795,0.03098502,252.85478,250.6011,336.69046,-3.7138615,1.7086178,0.17720039
1,20,10,0.1,0.16625488,0.04141071,0.08740931,0.037434857,0.10174811,0.0049028066,11.249871,0.9884072,16.484632,2.5203588,0.20349622,0.009805613,0.29565066,0.025975695,0.1934809,0.029581588,252.85326,250.5842,336.97397,-3.508766,1.7086178,0.17544763
1,21,10,0.1,0.14966358,0.043810025,0.07143964,0.034413915,0.10465422,-0.006739719,10.170405,-0.77637714,15.8055,2.5361536,0.20930845,-0.013479438,0.26728195,-0.020403462,0.18550988,0.029766945,252.82867,250.49669,336.79184,-1.7597764,2.045419,0.14540973
1,22,10,0.1,0.14076838,0.042964704,0.06347467,0.034328997,0.10363965,0.0031062053,9.586696,-0.9793388,15.785988,2.7132962,0.2072793,0.0062124105,0.2519418,-0.02573739,0.18528086,0.031846065,252.77942,250.30374,335.94287,-1.7339573,2.045419,0.14774661
1,23,10,0.1,0.14648394,0.04919323,0.06294061,0.034350097,0.110897735,0.0009679165,9.54628,-1.0711304,15.790838,2.7266774,0.22179547,0.001935833,0.25087968,-0.028149696,0.1853378,0.03200314,252.79477,250.3125,336.3757,-1.655547,2.045419,0.1461763
1,24,10,0.1,0.14042315,0.045086004,0.06114177,0.034195382,0.106167324,-0.0056872284,9.408874,-0.74513936,15.755236,2.5712962,0.21233465,-0.011374457,0.24726862,-0.019582534,0.18491994,0.03017941,252.81659,250.4392,336.72278,-1.8261569,2.045419,0.15270624
1,25,10,0.1,0.12312637,0.045587566,0.046975173,0.03056364,0.106756225,-0.0006918013,8.247131,-2.8497221,14.895111,2.3039553,0.21351245,-0.0013836026,0.21673757,-0.07489172,0.1748246,0.027041616,252.77406,250.34602,336.1891,0.54576683,2.3369021,0.17276274
1,26,10,0.1,0.12131381,0.04705697,0.044025082,0.03023176,0.10846309,-0.003291284,7.9839673,-2.722089,14.81402,2.24521,0.21692619,-0.006582568,0.20982155,-0.071537495,0.17387283,0.026352126,252.71437,250.00325,336.26443,0.47687912,2.3369021,0.16737023
1,27,10,0.1,0.123269066,0.04528227,0.047701176,0.03028562,0.10639816,-0.011932299,8.3106165,-2.32781,14.8272085,2.0704882,0.21279632,-0.023864597,0.21840599,-0.061175693,0.17402764,0.02430142,252.65921,249.76527,336.1059,0.25732183,2.3369021,0.15917307
1,28,10,0.1,0.13161813,0.049970534,0.051777594,0.029870003,0.11177045,-0.0036729255,8.658439,-2.5201735,14.72512,2.1174462,0.2235409,-0.007345851,0.2275469,-0.06623107,0.1728294,0.024852578,252.5926,249.59174,335.1879,0.40272737,2.3369021,0.18080804
1,29,10,0.1,0.13606271,0.048393045,0.06005652,0.027613152,0.109992094,-0.005555385,9.324998,-3.9065385,14.157911,1.3208796,0.21998419,-0.01111077,0.24506432,-0.10266524,0.16617206,0.015503226,252.55571,249.39522,335.13455,2.585659,2.5865831,0.20556687
1,30,10,0.1,0.12941566,0.043287627,0.05783851,0.02828953,0.1040284,-0.013392024,9.151182,-3.5425422,14.330259,1.1944901,0.2080568,-0.026784047,0.24049638,-0.09309929,0.16819492,0.014019783,252.51517,249.2145,335.02197,2.348052,2.5865831,0.19121292
1,31,10,0.1,0.13479696,0.051001318,0.05586028,0.027935363,0.112917356,-0.003215653,8.993324,-3.5661736,14.240275,1.2853044,0.22583471,-0.006431306,0.2363478,-0.09372033,0.16713876,0.01508568,252.44681,248.98561,334.08337,2.280869,2.5865831,0.2080358
1,32,10,0.1,0.13327448,0.049463317,0.05596074,0.027850416,0.11120175,-0.006802507,9.001407,-3.668198,14.218607,1.1834248,0.2224035,-0.013605014,0.23656023,-0.09640158,0.16688444,0.01388991,252.43312,248.88542,334.23096,2.4847732,2.5865831,0.20111322
1,33,10,0.1,0.1321231,0.042578414,0.06317771,0.026366977,0.10317269,-0.01188649,9.564244,-4.566932,13.834753,0.24463753,0.20634538,-0.02377298,0.25135177,-0.120020635,0.16237912,0.002871328,252.43715,248.92078,334.32275,4.3222947,2.8032036,0.2170369
1,34,10,0.1,0.14500242,0.052378193,0.06643629,0.026187934,0.11443141,-0.002397795,9.807796,-4.6952176,13.787701,0.35971978,0.22886282,-0.00479559,0.2577524,-0.12339201,0.16182686,0.0042220512,252.40959,248.83916,333.67984,4.335498,2.8032036,0.23095016
1,35,10,0.1,0.13955559,0.0502249,0.06305441,0.026276281,0.112054564,-0.0056752004,9.554906,-4.6632414,13.810937,0.35875124,0.22410913,-0.011350401,0.25110638,-0.122551695,0.1620996,0.0042106886,252.42278,248.78314,334.07385,4.30449,2.8032036,0.2154598
1,36,10,0.1,0.13341787,0.044218946,0.0625984,0.026600523,0.105141506,-0.010636945,9.520292,-4.477068,13.895888,0.26992026,0.21028301,-0.02127389,0.25019673,-0.117658965,0.16309667,0.0031680749,252.42163,248.75694,334.24182,4.2071476,2.8032036,0.20535056
1,37,10,0.1,0.13981517,0.044302642,0.07050833,0.025004199,0.10524096,0.001529598,10.103896,-5.0226107,13.472486,-0.29937544,0.21048193,0.003059196,0.26553404,-0.13199604,0.15812716,-0.0035137902,252.4014,248.75331,333.7345,5.321986,2.9893448,0.22578014
1,38,10,0.1,0.14211953,0.046547335,0.07044293,0.025129251,0.107874155,-0.0017195509,10.09921,-4.949675,13.506132,-0.28058648,0.21574831,-0.0034391019,0.26541087,-0.13007924,0.15852208,-0.0032932602,252.41493,248.80164,334.2262,5.230262,2.9893448,0.22033168
1,39,10,0.1,0.13896768,0.041500997,0.07232268,0.025143994,0.101858966,-0.0077292486,10.23307,-4.8154697,13.510093,-0.4235353,0.20371793,-0.015458497,0.26892877,-0.12655227,0.15856858,-0.004971048,252.39674,248.77075,334.2843,5.239005,2.9893448,0.2178336
1,40,10,0.1,0.14507164,0.046594758,0.07408055,0.024396325,0.107929096,0.0008929283,10.356686,-4.946048,13.3077135,-0.37009776,0.21585819,0.0017858566,0.27217743,-0.12998392,0.15619323,-0.004343849,252.32854,248.53989,333.5535,5.3161454,2.9893448,0.2371287
1,41,10,0.1,0.14907247,0.043657977,0.08245338,0.022961106,0.10447246,-4.7002475e-5,10.926293,-4.9817486,12.910338,-1.0655061,0.20894492,-9.400495e-5,0.28714696,-0.13092217,0.15152922,-0.012505902,252.30563,248.36996,333.79553,6.0472546,3.143812,0.2320869
1,42,10,0.1,0.14576793,0.039928567,0.08276483,0.023074545,0.09991067,-0.003155621,10.946912,-4.8638754,12.94219,-1.2797523,0.19982134,-0.006311242,0.28768876,-0.1278244,0.15190308,-0.015020521,252.26878,248.25935,333.52872,6.1436276,3.143812,0.22979848
1,43,10,0.1,0.15432936,0.05171445,0.08014509,0.022469815,0.113704056,0.0038744283,10.772268,-4.7566586,12.771474,-1.2148482,0.22740811,0.0077488567,0.28309909,-0.12500669,0.14989935,-0.014258723,252.21123,248.04427,332.65112,5.9715066,3.143812,0.234708
1,44,10,0.1,0.16272707,0.057941772,0.08212251,0.022662792,0.12035549,0.00068443234,10.90435,-4.6296406,12.826198,-1.2467719,0.24071097,0.0013688647,0.28657025,-0.12166863,0.15054166,-0.014633418,252.20941,247.95479,332.846,5.8764124,3.143812,0.22678226
1,45,10,0.1,0.15355456,0.04430037,0.08681175,0.022442434,0.10523827,-0.0013016008,11.2113495,-4.268458,12.763689,-1.7436961,0.21047653,-0.0026032017,0.29463834,-0.112176605,0.14980799,-0.020465853,252.2306,248.04506,333.1014,6.012154,3.266015,0.21184467
1,46,10,0.1,0.15856257,0.045431502,0.090167545,0.022963526,0.106573336,0.007133436,11.425987,-4.388308,12.911017,-1.6529039,0.21314667,0.014266872,0.3002791,-0.115326285,0.15153721,-0.019400207,252.2174,248.0596,332.6729,6.041212,3.266015,0.22393882
1,47,10,0.1,0.16572174,0.04474109,0.09758643,0.02339422,0.10576045,0.0034483813,11.886757,-4.55825,13.031532,-1.6788931,0.2115209,0.0068967626,0.31238827,-0.11979244,0.15295169,-0.019705234,252.22293,248.09285,333.06503,6.237143,3.266015,0.23392259
1,48,10,0.1,0.16568966,0.041139375,0.10063212,0.023918172,0.10141422,-0.00018260891,12.070827,-4.53741,13.176657,-1.764679,0.20282844,-0.00036521783,0.31722566,-0.11924475,0.15465501,-0.020712107,252.21042,248.08592,333.05594,6.3020887,3.266015,0.23543388
1,49,10,0.1,0.17652999,0.04931541,0.10443051,0.022784067,0.11103537,0.009337997,12.296524,-3.8964455,12.86047,-2.0199647,0.22207074,0.018675994,0.3231571,-0.10240002,0.15094392,-0.023708418,252.20384,248.20226,332.37378,5.9164104,3.358842,0.22709353
1,50,10,0.1,0.179237,0.046008304,0.11025352,0.022975162,0.10724773,0.0053565833,12.634699,-3.884847,12.914289,-2.0749419,0.21449547,0.010713167,0.33204445,-0.10209518,0.1515756,-0.024353687,252.2388,248.41486,332.8342,5.959789,3.358842,0.22834295
1,51,10,0.1,0.17762782,0.0444696,0.109989464,0.023168754,0.10543908,0.0029275364,12.619559,-4.052636,12.968583,-2.1561186,0.21087816,0.0058550728,0.3316466,-0.106504746,0.15221286,-0.02530647,252.23686,248.47072,333.0542,6.2087545,3.358842,0.23396814
1,52,10,0.1,0.18672028,0.04992562,0.11401012,0.022784553,0.11172021,0.010541052,12.848143,-4.1132183,12.860607,-2.141585,0.22344042,0.021082103,0.33765385,-0.10809682,0.15094553,-0.025135877,252.20522,248.43037,332.47427,6.2548037,3.358842,0.24017735
1,53,10,0.1,0.18255308,0.051518373,0.10873728,0.02229743,0.113488294,0.0075350446,12.547521,-3.4206362,12.722386,-2.2444284,0.22697659,0.015070089,0.32975337,-0.08989554,0.14932324,-0.026342968,252.19368,248.34146,332.70294,5.665065,3.4244678,0.21809945
1,54,10,0.1,0.17353499,0.047805216,0.10244917,0.023280613,0.10932202,0.0027325875,12.179316,-3.463205,12.999852,-2.3051784,0.21864404,0.005465175,0.32007682,-0.09101427,0.15257986,-0.027055971,252.19243,248.2573,332.58984,5.7683835,3.4244678,0.2119868
1,55,10,0.1,0.17221244,0.048426937,0.10079561,0.02298988,0.11003061,0.009911492,12.0806265,-3.5315392,12.918426,-2.1117563,0.22006121,0.019822983,0.31748325,-0.09281013,0.15162414,-0.024785789,252.2191,248.44405,332.37988,5.6432953,3.4244678,0.20956545
1,56,10,0.1,0.176376,0.052705184,0.10079255,0.022878269,0.11478805,0.007219972,12.080443,-3.7126927,12.887029,-2.0885804,0.2295761,0.014439944,0.31747842,-0.09757091,0.15125564,-0.024513762,252.25317,248.6576,333.02652,5.8012733,3.4244678,0.2148814
1,57,10,0.1,0.17357841,0.048155796,0.10357054,0.021852069,0.109722145,0.0044701197,12.2457905,-2.825648,12.594689,-1.8975755,0.21944429,0.008940239,0.32182378,-0.07425908,0.14782445,-0.022271931,252.20793,248.52344,333.18277,4.7232237,3.4632711,0.20784526
1,58,10,0.1,0.18170583,0.045995098,0.11406501,0.021645732,0.10723234,0.009535488,12.851234,-2.6891394,12.535088,-1.8982861,0.21446468,0.019070975,0.33773512,-0.070671566,0.14712489,-0.022280263,252.11037,248.1273,332.28976,4.587425,3.4632711,0.21285813
1,59,10,0.1,0.19025493,0.050883766,0.11744701,0.021924159,0.11278715,0.006572498,13.040362,-2.5403354,12.615447,-1.9428275,0.2255743,0.013144996,0.34270543,-0.06676093,0.14806809,-0.022803053,252.0816,247.92714,332.3766,4.483163,3.4632711,0.21349032
1,60,10,0.1,0.1990273,0.05492832,0.121072076,0.023026891,0.11718396,0.003147528,13.240082,-2.4386141,12.928819,-1.9797859,0.23436792,0.006295056,0.34795412,-0.06408766,0.15174614,-0.023236852,252.04608,247.75801,332.23264,4.4184,3.4632711,0.2111321
1,61,10,0.1,0.19647865,0.0536068,0.120533876,0.022337971,0.11576571,0.0063365744,13.210622,-1.3834133,12.733948,-1.6471746,0.23153143,0.012673149,0.3471799,-0.036356602,0.14945893,-0.019332962,251.97932,247.53555,331.32877,3.030588,3.4824467,0.19065642
1,62,10,0.1,0.20205222,0.0574918,0.12240497,0.022155443,0.11988724,0.0032795777,13.312763,-1.4494588,12.681815,-1.6826999,0.23977448,0.0065591554,0.3498642,-0.038092304,0.14884704,-0.019749923,251.9948,247.62816,331.71466,3.1321588,3.4824467,0.19717008
1,63,10,0.1,0.20779485,0.061475873,0.123802766,0.02251621,0.12397164,0.0013611392,13.388558,-1.4439392,12.78465,-1.8272848,0.24794328,0.0027222785,0.35185617,-0.03794723,0.15005402,-0.021446927,251.98169,247.59332,331.67892,3.271224,3.4824467,0.19896884
1,64,10,0.1,0.19322012,0.052923452,0.11827317,0.022023505,0.11502549,0.006816342,13.086146,-1.442496,12.643998,-1.818754,0.23005098,0.013632684,0.34390867,-0.037909295,0.14840318,-0.0213468,251.95052,247.52386,331.0928,3.26125,3.4824467,0.19491284
1,65,10,0.1,0.18703745,0.060230017,0.106140845,0.02066658,0.12270902,-0.0003957029,12.396811,-0.3738952,12.248293,-1.4357196,0.24541804,-0.0007914058,0.32579264,-0.009826082,0.14375876,-0.016851105,251.98119,247.5799,331.51828,1.8096148,3.4866693,0.17453164
1,66,10,0.1,0.1888951,0.060506042,0.10755797,0.0208311,0.12298988,-0.0036549866,12.479293,-0.43661746,12.2969475,-1.4732717,0.24597976,-0.0073099732,0.3279603,-0.011474441,0.14432983,-0.017291866,252.00269,247.71307,331.8287,1.9098892,3.4866693,0.17604718
1,67,10,0.1,0.18211171,0.054445535,0.10729898,0.020367207,0.11666784,0.004405164,12.464258,-0.40088415,12.159256,-1.4401007,0.23333567,0.008810328,0.32756522,-0.010535336,0.14271373,-0.016902534,251.99617,247.7282,331.17416,1.8409848,3.4866693,0.17641903
1,68,10,0.1,0.1859431,0.058559485,0.10647029,0.020913333,0.120995335,0.00082052714,12.416034,-0.42189813,12.321196,-1.3375121,0.24199067,0.0016410543,0.32629785,-0.011087668,0.14461443,-0.015698435,252.03668,247.88712,331.8141,1.7594103,3.4866693,0.1805843
1,69,10,0.1,0.19267805,0.063192904,0.10831082,0.021174332,0.125691,-0.0043192697,12.52289,0.5779416,12.397841,-0.7867999,0.251382,-0.008638539,0.3291061,0.015188506,0.14551403,-0.009234715,252.05022,247.95384,332.0385,0.20885831,3.4801161,0.17090261
1,70,10,0.1,0.20204145,0.060885224,0.120034896,0.021121316,0.123374656,0.001965337,13.18325,0.5759049,12.38231,-0.7638394,0.24674931,0.003930674,0.34646052,0.015135004,0.14533174,-0.00896523,251.99725,247.82646,331.33484,0.18793452,3.4801161,0.17638859
1,71,10,0.1,0.20711745,0.06075849,0.12527837,0.021080595,0.123246185,-0.001878537,13.468112,0.6751459,12.37037,-0.76304054,0.24649237,-0.003757074,0.35394683,0.017743072,0.14519158,-0.008955857,251.96136,247.63676,331.66504,0.08789462,3.4801161,0.18944325
1,72,10,0.1,0.21398847,0.06140954,0.13083312,0.021745821,0.12390474,-0.0038036436,13.763456,0.75848913,12.564034,-0.9147362,0.24780948,-0.0076072873,0.3617086,0.019933354,0.14746465,-0.010736305,251.94801,247.60767,331.62137,0.15624708,3.4801161,0.19787747
1,73,10,0.1,0.20258771,0.05506738,0.12652405,0.020996293,0.1173322,0.0009683759,13.5349045,1.3757999,12.345609,-0.49612874,0.2346644,0.0019367518,0.3557022,0.036156494,0.14490098,-0.0058230823,251.89185,247.49348,330.80954,-0.87967116,3.4677296,0.18443839
1,74,10,0.1,0.21689598,0.065606855,0.12987053,0.021418588,0.12806918,-0.0050547747,13.712732,1.5325953,12.469143,-0.58565855,0.25613835,-0.010109549,0.36037555,0.040277157,0.1463509,-0.0068739,251.87985,247.38872,330.78256,-0.9469367,3.4677296,0.18463384
1,75,10,0.1,0.22336517,0.07042937,0.13160728,0.021328524,0.13269266,-0.00921253,13.804118,1.6473697,12.4429,-0.5837766,0.26538533,-0.01842506,0.36277717,0.043293446,0.14604288,-0.0068518105,251.93884,247.64522,331.174,-1.0635931,3.4677296,0.17200786
1,76,10,0.1,0.20675942,0.06518574,0.121090576,0.020483106,0.12765749,-0.00075276213,13.241094,1.4379753,12.193801,-0.53761107,0.25531498,-0.0015055243,0.3479807,0.03779053,0.1431192,-0.006309968,251.94937,247.75903,330.78824,-0.9003642,3.4677296,0.16498655
1,77,10,0.1,0.18708391,0.062011708,0.10609974,0.018972471,0.12451075,-0.0056910575,12.39441,1.7665666,11.735542,0.032730717,0.2490215,-0.011382115,0.32572955,0.04642603,0.1377406,0.00038415493,251.9841,247.92604,331.7257,-1.7992973,3.4531386,0.14824638
1,78,10,0.1,0.19299614,0.062575094,0.11101309,0.019407962,0.12507507,-0.009519745,12.678146,1.9586891,11.869466,0.017158277,0.25015014,-0.01903949,0.33318627,0.051475063,0.13931246,0.00020138905,251.98804,247.98868,331.92252,-1.9758474,3.4531386,0.15427405
1,79,10,0.1,0.19001558,0.059470043,0.110852085,0.019693471,0.1219324,-0.0023255676,12.668949,1.7822411,11.956452,0.081193715,0.2438648,-0.0046511353,0.33294457,0.046837937,0.14033343,0.0009529807,252.01111,248.1922,331.55334,-1.8634348,3.4531386,0.15440333
1,80,10,0.1,0.1929647,0.06442294,0.10874076,0.019800985,0.12690838,-0.005896018,12.547722,1.8138179,11.989044,0.15272768,0.25381675,-0.011792036,0.32975864,0.047667794,0.14071597,0.0017925753,252.01373,248.12431,332.06644,-1.9665456,3.4531386,0.15511817
1,81,10,0.1,0.18732968,0.060858186,0.107518174,0.018953323,0.12334726,-0.008851905,12.476984,2.446088,11.729619,0.47219864,0.24669452,-0.01770381,0.32789963,0.06428407,0.13767107,0.0055422205,251.97064,247.91054,332.16638,-2.9182868,3.4384654,0.14164753
1,82,10,0.1,0.18072465,0.05654149,0.10570435,0.018478813,0.118892275,-0.0032702142,12.371292,2.140431,11.58186,0.40081587,0.23778455,-0.0065404284,0.32512206,0.056251332,0.1359368,0.0047044056,251.93974,247.89963,331.45502,-2.541247,3.4384654,0.13415863
1,83,10,0.1,0.18669936,0.06422292,0.10384182,0.018634617,0.1267112,-0.0067989994,12.261818,1.9181587,11.630583,0.47760102,0.2534224,-0.013597999,0.32224497,0.050409906,0.13650867,0.0056056255,251.97348,248.07071,332.24713,-2.3957596,3.4384654,0.13175887
1,84,10,0.1,0.19636741,0.068103656,0.10954275,0.018721018,0.13048339,-0.009793394,12.593907,2.2429023,11.6575165,0.3713476,0.26096678,-0.019586788,0.33097243,0.058944296,0.13682477,0.0043585156,251.98997,248.10376,332.3245,-2.61425,3.4384654,0.13924423
1,85,10,0.1,0.17993724,0.059866335,0.10245787,0.017613038,0.12233799,-0.003276784,12.179831,2.4392545,11.307286,0.433646,0.24467598,-0.006553568,0.3200904,0.064104505,0.13271412,0.005089721,252.01231,248.12326,331.53046,-2.8729005,3.4278164,0.11586885
1,86,10,0.1,0.17900941,0.06706308,0.09493572,0.017010605,0.1294827,-0.00788287,11.724208,2.3010228,11.1122265,0.529619,0.2589654,-0.01576574,0.3081164,0.060471736,0.13042471,0.006216167,252.10942,248.40382,332.40103,-2.8306417,3.4278164,0.10913865
1,87,10,0.1,0.17365853,0.06462722,0.09205732,0.016973982,0.12710942,-0.009294929,11.545105,2.1836777,11.100259,0.6376653,0.25421885,-0.018589858,0.3034095,0.057387825,0.13028423,0.0074843206,252.151,248.64764,333.03815,-2.821343,3.4278164,0.1043852
1,88,10,0.1,0.1575841,0.055428684,0.08545677,0.016698638,0.117716484,-0.0012547931,11.123511,1.9031324,11.009859,0.77667207,0.23543297,-0.0025095863,0.2923299,0.050015006,0.12922321,0.009115827,252.10883,248.56956,332.53986,-2.6798046,3.4278164,0.09939623
1,89,10,0.1,0.15302373,0.055364,0.08183924,0.015820485,0.11764778,-0.0052434923,10.885528,2.0701663,10.716454,0.6461935,0.23529556,-0.010486985,0.2860756,0.054404713,0.12577951,0.0075844154,252.07437,248.41028,332.78534,-2.7163599,3.4237761,0.093400404
1,90,10,0.1,0.15429936,0.051911443,0.08688658,0.015501335,0.11392041,-0.0071763154,11.21618,2.4498587,10.607811,0.597831,0.22784083,-0.014352631,0.2947653,0.06438317,0.12450436,0.007016765,252.04715,248.2172,332.86246,-3.0476897,3.4237761,0.107192986
1,91,10,0.1,0.151283,0.048067305,0.08771898,0.015496714,0.10962129,-0.00023209726,11.26978,2.3975828,10.60623,0.4606898,0.21924257,-0.0004641945,0.2961739,0.06300937,0.1244858,0.0054071313,252.00119,248.05247,331.8393,-2.8582726,3.4237761,0.106010444
1,92,10,0.1,0.15712816,0.053793944,0.08776105,0.015573164,0.11596761,-0.00517708,11.272483,2.3396688,10.6323595,0.46712086,0.23193522,-0.01035416,0.29624492,0.061487332,0.12479249,0.005482628,252.04463,248.24309,332.37692,-2.8067896,3.4237761,0.10589737
1,93,10,0.1,0.16289829,0.05346586,0.09385132,0.0155811,0.11561343,-0.0049508587,11.657056,2.5060108,10.635069,0.23532566,0.23122686,-0.009901717,0.30635163,0.06585887,0.12482428,0.002762031,252.06006,248.38309,332.7683,-2.7413363,3.4296193,0.10059251
1,94,10,0.1,0.15369801,0.049172405,0.088867195,0.015658412,0.11087426,0.0018453243,11.343299,2.2709455,10.66142,0.21556431,0.22174852,0.0036906486,0.298106,0.05968127,0.12513357,0.0025300907,252.04982,248.4785,332.1234,-2.4865098,3.4296193,0.09154279
1,95,10,0.1,0.15912187,0.053149603,0.09062852,0.015343749,0.11527099,-0.00235508,11.455158,2.2367764,10.553753,0.3458753,0.23054197,-0.00471016,0.30104572,0.05878331,0.12386989,0.0040595485,252.10176,248.72226,332.87665,-2.5826516,3.4296193,0.09198974
1,96,10,0.1,0.17094497,0.060750615,0.09483411,0.015360253,0.1232382,-0.005621974,11.717932,2.396098,10.559428,0.37297243,0.2464764,-0.011243948,0.30795148,0.06297035,0.12393649,0.004377589,252.152,248.97685,333.26077,-2.7690704,3.4296193,0.09796988
1,97,10,0.1,0.1562571,0.054771747,0.08638475,0.015100601,0.11701682,0.004464517,11.183744,1.8813456,10.469799,0.12130167,0.23403364,0.008929034,0.29391283,0.049442474,0.122884504,0.001423737,252.16661,248.98875,332.70654,-2.0026474,3.4477377,0.0811173
1,98,10,0.1,0.15681507,0.057743873,0.084348224,0.014722976,0.12014978,-0.0007253307,11.051128,1.8790946,10.338059,0.24551761,0.24029955,-0.0014506615,0.29042765,0.049383264,0.12133827,0.0028816499,252.23412,249.11043,333.3747,-2.1246123,3.4477377,0.0852338
1,99,10,0.1,0.16032888,0.05775131,0.088420935,0.014156637,0.12015751,-0.0033296004,11.314782,2.1284142,10.137276,0.48863283,0.24031502,-0.006659201,0.29735658,0.055935495,0.11898167,0.0057351035,252.31178,249.45135,334.28134,-2.617047,3.4477377,0.10618959
1,100,10,0.1,0.14907248,0.051698796,0.08391045,0.013463241,0.113686845,0.0039399364,11.022414,1.6397393,9.885895,0.45247534,0.22737369,0.007879873,0.289673,0.04309293,0.11603121,0.005310723,252.30487,249.54387,333.7749,-2.0922146,3.4477377,0.083335176
2,1,10,0.07,0.1591915,0.053484835,0.08800693,0.017699735,0.11563394,0.006299775,11.288262,0.7201384,11.33508,1.5791563,0.23126788,0.01259955,0.29665962,0.018925512,0.13304035,0.018534617,253.70683,254.98735,340.65576,-2.2992947,3.4740736,0.12470923
2,2,10,0.07,0.16370757,0.0601008,0.086532004,0.017074766,0.122577325,0.0034281546,11.193272,0.5478739,11.133163,1.5120692,0.24515465,0.0068563092,0.29416323,0.014398334,0.13067044,0.017747236,253.75288,255.08357,341.10388,-2.0599432,3.4740736,0.1277359
2,3,10,0.07,0.1838317,0.068912126,0.095122255,0.01979732,0.1312556,-0.0028746512,11.73572,0.73158264,11.987934,1.6517717,0.2625112,-0.0057493025,0.30841896,0.01922625,0.14070295,0.019386912,253.77397,255.1609,341.79675,-2.3833542,3.4740736,0.14115226
2,4,10,0.07,0.15475431,0.049880836,0.085917115,0.01895636,0.11167009,0.004850748,11.153432,0.27862826,11.730558,1.6306001,0.22334018,0.009701496,0.2931162,0.0073224558,0.1376821,0.019138422,253.74092,255.10878,340.9984,-1.9092283,3.4740736,0.1202208
2,5,10,0.07,0.16300912,0.060694616,0.085412435,0.016902072,0.12318139,0.0016500576,11.120626,-0.011788262,11.07672,0.95485723,0.24636278,0.0033001152,0.29225406,-0.0003098093,0.13000797,0.011207195,253.71733,254.87843,341.3118,-0.943069,3.48559,0.12351456
2,6,10,0.07,0.18646541,0.07224704,0.09433122,0.01988715,0.13439405,-0.00292218,11.686821,0.66718143,12.015102,1.1317306,0.2687881,-0.00584436,0.30713388,0.017533774,0.1410218,0.013283179,253.7341,254.80719,341.86502,-1.798912,3.48559,0.13976361
2,7,10,0.07,0.17423688,0.05961882,0.094648816,0.019969238,0.122084826,0.005455491,11.706479,0.31435603,12.039876,1.1135064,0.24416965,0.010910982,0.30765048,0.008261387,0.14131255,0.013069269,253.7351,254.82375,340.9903,-1.4278624,3.48559,0.122553885
2,8,10,0.07,0.17749928,0.066009715,0.09364546,0.01784409,0.12846178,0.0045672157,11.644262,0.087134,11.381209,0.89928615,0.25692356,0.009134431,0.30601546,0.0022898852,0.13358177,0.010554959,253.77548,254.99405,341.23846,-0.98642015,3.48559,0.12495112
2,9,10,0.07,0.17795894,0.06320043,0.097141296,0.01761721,0.12569848,-0.0054558637,11.859615,0.26402345,11.308625,0.21751358,0.25139695,-0.010911727,0.31167498,0.0069386503,0.13272984,0.0025529717,253.80481,255.2083,341.99585,-0.48153704,3.492781,0.1329972
2,10,10,0.07,0.15976681,0.05219438,0.09059958,0.016972853,0.11423045,0.0035228338,11.453329,0.02979055,11.099889,0.26251915,0.2284609,0.0070456676,0.30099764,0.000782904,0.1302799,0.0030811916,253.74373,255.0318,341.16833,-0.2923097,3.492781,0.110778205
2,11,10,0.07,0.16548833,0.0583396,0.0905354,0.016613333,0.12076796,0.0015531695,11.449273,-0.015372074,10.9817,0.051444314,0.24153592,0.003106339,0.300891,-0.00040399184,0.12889272,0.0006038179,253.70839,254.73889,341.06653,-0.03607224,3.492781,0.10787055
2,12,10,0.07,0.17970541,0.06387954,0.09851878,0.017307092,0.12637201,-0.0061009303,11.943406,0.5108246,11.208651,0.023776738,0.25274402,-0.012201861,0.31387702,0.013424656,0.13155642,0.00027907014,253.70155,254.64452,341.36768,-0.53460133,3.492781,0.11457976
2,13,10,0.07,0.16076992,0.052319065,0.09145789,0.016992966,0.11436681,-0.001064737,11.507455,0.08815881,11.106463,-0.74291253,0.22873361,-0.002129474,0.30242005,0.0023168481,0.13035707,-0.008719608,253.6338,254.46246,340.49774,0.65475374,3.4993336,0.096093714
2,14,10,0.07,0.17832784,0.063740656,0.09697493,0.01761226,0.12623456,-0.0020516932,11.849457,-0.07276408,11.307035,-0.7316287,0.25246912,-0.0041033863,0.31140798,-0.0019122567,0.13271119,-0.00858717,253.61098,254.3094,340.92487,0.8043928,3.4993336,0.099572085
2,15,10,0.07,0.19921306,0.07382427,0.10566711,0.019721683,0.13585311,-0.011072441,12.369113,0.5966954,11.965014,-0.89440364,0.27170622,-0.022144882,0.32506478,0.015681373,0.14043391,-0.010497657,253.58472,254.10902,340.8432,0.2977082,3.4993336,0.11190089
2,16,10,0.07,0.1710624,0.05450048,0.09824971,0.018312206,0.11672669,-0.001255083,11.927084,0.38583297,11.529529,-1.0007415,0.23345338,-0.002510166,0.3134481,0.010139822,0.1353226,-0.011745752,253.53682,253.91025,339.7035,0.6149085,3.4993336,0.10044064
2,17,10,0.07,0.17689338,0.062027592,0.09812241,0.01674337,0.124526694,-0.003927959,11.919355,-0.08282363,11.024594,-1.67819,0.24905339,-0.007855918,0.31324497,-0.0021766026,0.12939617,-0.01969699,253.53911,253.88815,339.9454,1.7610136,3.5069573,0.102934666
2,18,10,0.07,0.18620218,0.06931295,0.099945456,0.016943764,0.13163677,-0.010097234,12.0295725,0.24989688,11.090373,-1.6558224,0.26327354,-0.020194467,0.31614152,0.0065673627,0.13016821,-0.019434456,253.51732,253.73161,340.28055,1.4059255,3.5069573,0.110966444
2,19,10,0.07,0.16088243,0.051204305,0.09331069,0.01636744,0.11314184,-0.0031419331,11.623433,-0.011262528,10.900127,-1.6768067,0.22628368,-0.0062838662,0.305468,-0.00029595694,0.12793529,-0.019680748,253.44536,253.48337,339.32016,1.6880692,3.5069573,0.09901845
2,20,10,0.07,0.17117104,0.05628006,0.09937291,0.01551807,0.118617095,-0.0053222296,11.995067,-0.021926109,10.613535,-1.821147,0.23723419,-0.010644459,0.3152347,-0.0005762168,0.12457155,-0.021374885,253.42625,253.42206,339.38986,1.8430731,3.5069573,0.093031056
2,21,10,0.07,0.19156289,0.06775054,0.107183464,0.016628895,0.13014467,-0.011241932,12.457547,0.27323404,10.986842,-2.1436474,0.26028934,-0.022483865,0.32738885,0.0071806717,0.12895307,-0.025160082,253.46106,253.55927,339.95746,1.8704134,3.5166159,0.11625645
2,22,10,0.07,0.16957442,0.056437276,0.096743554,0.016393585,0.118782654,-0.0036749158,11.835312,0.03979523,10.908831,-2.0131192,0.23756531,-0.0073498315,0.31103626,0.0010458098,0.12803744,-0.023628056,253.46841,253.72311,339.437,1.973324,3.5166159,0.111754775
2,23,10,0.07,0.17504658,0.064396486,0.09386885,0.016781244,0.12688231,-0.0039450293,11.658145,-0.2130392,11.037057,-1.7191479,0.25376463,-0.007890059,0.30638024,-0.005598728,0.12954244,-0.020177718,253.5196,253.8374,340.28964,1.9321871,3.5166159,0.10281115
2,24,10,0.07,0.18846245,0.06908292,0.10138717,0.017992364,0.13141815,-0.007048911,12.116026,0.122340806,11.428396,-1.636883,0.2628363,-0.014097822,0.31841353,0.0032151637,0.13413562,-0.01921217,253.56256,253.9596,340.87436,1.5145422,3.5166159,0.11075446
2,25,10,0.07,0.16983464,0.053497523,0.09921229,0.017124835,0.11564766,-0.00028647715,11.985368,-0.4323917,11.149474,-1.9523804,0.23129532,-0.0005729543,0.31497982,-0.0113634,0.1308619,-0.022915171,253.55894,254.08313,339.95517,2.384772,3.5286076,0.09566036
2,26,10,0.07,0.17115514,0.057490822,0.097486004,0.016178314,0.11988622,-0.003103987,11.88064,-0.6601692,10.83697,-2.0230105,0.23977244,-0.006207974,0.3122275,-0.017349476,0.127194,-0.023744162,253.6109,254.27216,340.48898,2.6831796,3.5286076,0.10097471
2,27,10,0.07,0.1928331,0.076088846,0.099910244,0.016833998,0.13792104,-0.012112724,12.027454,-0.25611693,11.054392,-2.205722,0.27584207,-0.024225447,0.31608582,-0.0067308405,0.1297459,-0.02588867,253.63477,254.36827,340.78976,2.461839,3.5286076,0.11989782
2,28,10,0.07,0.16815609,0.058310557,0.09205054,0.017794993,0.120737895,-0.0019408389,11.54468,-0.5726923,11.365541,-1.9069151,0.24147579,-0.0038816778,0.3033983,-0.015050558,0.13339788,-0.022381542,253.5982,254.34787,340.2197,2.4796073,3.5286076,0.10153917
2,29,10,0.07,0.16706231,0.057624176,0.092267305,0.017170828,0.12002518,-0.0021467062,11.558264,-0.9268301,11.164437,-1.6887827,0.24005036,-0.0042934124,0.30375534,-0.024357418,0.1310375,-0.019821322,253.60054,254.25438,340.6833,2.6156127,3.5416641,0.09579103
2,30,10,0.07,0.17643443,0.066363156,0.09336804,0.016703226,0.12880524,-0.0075482246,11.627003,-0.4121396,11.011372,-1.7919408,0.25761047,-0.015096449,0.30556184,-0.010831192,0.12924096,-0.021032095,253.59773,254.11697,340.8615,2.2040803,3.5416641,0.10689108
2,31,10,0.07,0.15130268,0.04675951,0.088364825,0.016178349,0.10811973,-0.0014914371,11.3111925,-0.6592768,10.836981,-1.9293951,0.21623947,-0.0029828742,0.29726222,-0.017326023,0.12719414,-0.022645397,253.57396,254.05032,339.92334,2.588672,3.5416641,0.09499823
2,32,10,0.07,0.16218017,0.0555757,0.09024399,0.01636048,0.11787249,-0.0025260437,11.430832,-0.9195347,10.89781,-1.8476045,0.23574498,-0.0050520874,0.30040637,-0.024165712,0.1279081,-0.021685421,253.60196,254.15416,340.54245,2.7671392,3.5416641,0.09592959
2,33,10,0.07,0.17966841,0.06894502,0.09371988,0.01700352,0.13128692,-0.0066270167,11.6488905,-0.59816134,11.109911,-1.6041392,0.26257384,-0.013254033,0.30613703,-0.015719885,0.13039754,-0.018827852,253.59915,254.17068,340.84567,2.2023005,3.5547745,0.09786757
2,34,10,0.07,0.14802997,0.046358015,0.085331924,0.016340028,0.10765456,0.00084196194,11.115384,-0.8994985,10.890997,-1.6095134,0.21530911,0.0016839239,0.29211628,-0.023639144,0.12782812,-0.018890925,253.54443,254.0396,340.07324,2.509012,3.5547745,0.08144865
2,35,10,0.07,0.16160187,0.058790505,0.08678337,0.016027985,0.12123377,-0.0009464188,11.2095175,-1.0349661,10.786504,-1.6223549,0.24246754,-0.0018928376,0.29459018,-0.027199263,0.12660168,-0.019041648,253.53816,253.92645,340.40387,2.657321,3.5547745,0.084746435
2,36,10,0.07,0.17896672,0.06648244,0.09602723,0.01645703,0.12892094,-0.006466605,11.791413,-0.50105965,10.929919,-1.7322918,0.25784189,-0.01293321,0.3098826,-0.013168056,0.12828496,-0.020331994,253.52802,253.81857,340.47913,2.2333515,3.5547745,0.093319274
2,37,10,0.07,0.15874176,0.04967728,0.09341625,0.015648233,0.111442,0.0022697828,11.630005,-0.8954354,10.657954,-1.5569816,0.222884,0.0045395656,0.30564073,-0.023532327,0.1250929,-0.018274367,253.49538,253.80806,339.45694,2.452417,3.5692856,0.07760278
2,38,10,0.07,0.16659379,0.057379372,0.09326507,0.015949346,0.11976996,0.0028010847,11.62059,-1.0874517,10.76001,-1.441996,0.23953992,0.0056021693,0.3053933,-0.028578643,0.12629072,-0.016924778,253.474,253.62881,339.81653,2.5294476,3.5692856,0.07230942
2,39,10,0.07,0.18830478,0.07374756,0.097274095,0.017283125,0.13578251,-0.0049460363,11.867719,-0.5718966,11.200887,-1.4546211,0.27156502,-0.0098920725,0.31188795,-0.015029676,0.1314653,-0.017072963,253.46832,253.51921,340.14172,2.0265176,3.5692856,0.078491695
2,40,10,0.07,0.1596804,0.049499433,0.092548154,0.017632805,0.11124234,0.0032081576,11.57584,-0.7483437,11.313628,-1.3330476,0.22248468,0.006416315,0.30421728,-0.019666739,0.13278857,-0.015646053,253.46437,253.53279,339.50528,2.0813913,3.5692856,0.06893232
2,41,10,0.07,0.16424732,0.05586946,0.09171661,0.016661245,0.118183605,0.0029388983,11.52372,-0.92978275,10.997525,-0.95621234,0.23636721,0.0058777966,0.3028475,-0.024435043,0.12907845,-0.011223109,253.49783,253.67064,339.82297,1.8859951,3.5860345,0.059120666
2,42,10,0.07,0.18534413,0.07085965,0.09793297,0.016551515,0.13309738,-0.0018824358,11.907845,-0.47509474,10.96125,-1.0470334,0.26619476,-0.0037648715,0.31294245,-0.012485668,0.12865269,-0.012289071,253.46996,253.53673,339.95596,1.5221281,3.5860345,0.06823607
2,43,10,0.07,0.15637483,0.049070157,0.09195265,0.01535202,0.11075892,0.00647404,11.53854,-0.6176844,10.556598,-1.217774,0.22151785,0.01294808,0.30323696,-0.016232962,0.12390327,-0.0142930625,253.36826,253.19496,338.69128,1.8354585,3.5860345,0.054107253
2,44,10,0.07,0.15823588,0.055558104,0.08696209,0.015715688,0.117853835,0.0034198503,11.221054,-0.54599786,10.680902,-1.1077206,0.23570767,0.0068397005,0.29489335,-0.014349022,0.12536223,-0.013001377,253.35278,252.9944,339.06226,1.6537185,3.5860345,0.046326045
2,45,10,0.07,0.1721807,0.06814017,0.08803609,0.016004425,0.13051836,0.0002322495,11.2901325,-0.24585146,10.778573,-0.53388715,0.26103672,0.000464499,0.29670876,-0.0064610667,0.1265086,-0.0062662615,253.34827,252.83372,339.3252,0.7797386,3.605439,0.048224833
2,46,10,0.07,0.15150082,0.050018672,0.086407386,0.015074753,0.111824274,0.00772318,11.185209,-0.7321615,10.4608345,-0.5455612,0.22364855,0.01544636,0.29395133,-0.01924144,0.12277929,-0.0064032753,253.33716,252.86734,338.55228,1.2777227,3.605439,0.042717885
2,47,10,0.07,0.15431091,0.055779185,0.08403223,0.014499505,0.11808809,0.0069682375,11.030409,-0.9974715,10.259302,-0.57537365,0.23617618,0.013936475,0.28988314,-0.026213886,0.12041389,-0.006753199,253.37663,252.96666,339.0405,1.5728452,3.605439,0.0549978
2,48,10,0.07,0.17159505,0.07824435,0.07923912,0.014111581,0.13986096,-0.0009221102,10.711209,-0.6155648,10.121132,-0.70677155,0.27972192,-0.0018442204,0.28149444,-0.016177269,0.118792176,-0.008295406,253.39363,252.97452,339.35266,1.3223364,3.605439,0.0744065
2,49,10,0.07,0.13216262,0.047558833,0.071302935,0.013300853,0.10903994,0.0120630795,10.16067,-0.93205076,9.826095,0.173836,0.21807988,0.024126159,0.2670261,-0.024494622,0.115329325,0.002040314,253.39815,253.08263,339.12415,0.7582148,3.6267045,0.06082233
2,50,10,0.07,0.1386347,0.053110335,0.07252617,0.012998188,0.1152284,0.0090919,10.247456,-1.1736223,9.713654,0.27911592,0.2304568,0.0181838,0.26930684,-0.030843215,0.1140096,0.0032759965,253.45084,253.2762,339.734,0.89450634,3.6267045,0.077091075
2,51,10,0.07,0.14759955,0.06200202,0.0729693,0.012628229,0.12450103,0.003197175,10.278714,-0.8056661,9.574419,0.12850875,0.24900205,0.00639435,0.2701283,-0.021173216,0.11237539,0.0015083154,253.47575,253.3868,339.82703,0.67715734,3.6267045,0.090069465
2,52,10,0.07,0.122099124,0.042994004,0.06708474,0.01202039,0.10367498,0.012731429,9.855543,-0.92417425,9.341153,0.07199821,0.20734996,0.025462858,0.25900722,-0.024287617,0.109637536,0.0008450397,253.4264,253.22467,338.87946,0.8521761,3.6267045,0.07154414
2,53,10,0.07,0.12541594,0.04930059,0.06430221,0.011813138,0.11101868,0.010029971,9.648986,-0.78354096,9.260275,0.6024538,0.22203736,0.020059941,0.2535788,-0.020591721,0.10868826,0.0070710303,253.42484,253.14832,339.2459,0.18108714,3.6489177,0.083920345
2,54,10,0.07,0.13797107,0.05857323,0.06778494,0.011612891,0.121009536,0.0050466456,9.906843,-0.4451328,9.181453,0.61459535,0.24201907,0.010093291,0.2603554,-0.011698255,0.10776313,0.007213531,253.4214,253.10263,339.5412,-0.16946256,3.6489177,0.09781325
2,55,10,0.07,0.12382495,0.042494085,0.07030375,0.011027105,0.10307047,0.013842907,10.089229,-0.62943,8.946888,0.42993256,0.20614094,0.027685814,0.26514855,-0.016541656,0.105010025,0.0050461413,253.34274,252.83109,338.44675,0.19949743,3.6489177,0.07960933
2,56,10,0.07,0.13265328,0.049968462,0.071744524,0.010940299,0.111768134,0.011675148,10.192085,-0.6252859,8.911603,0.42884874,0.22353627,0.023350297,0.26785168,-0.016432732,0.104595885,0.005033411,253.28464,252.53291,338.554,0.19643718,3.6489177,0.08692957
2,57,10,0.07,0.13763505,0.05670914,0.07072526,0.010200653,0.11906841,0.003221122,10.119428,0.05213836,8.605086,0.48011303,0.23813681,0.006442244,0.26594222,0.0013702181,0.10099828,0.0056351074,253.19441,252.07666,338.43094,-0.53225136,3.6714046,0.0787156
2,58,10,0.07,0.11526231,0.039939858,0.065929905,0.009392542,0.099924795,0.011216734,9.770345,-0.12042776,8.257198,0.34066433,0.19984959,0.022433467,0.2567682,-0.0031648886,0.096915126,0.0039983927,253.09624,251.69965,337.31116,-0.22023657,3.6714046,0.061910413
2,59,10,0.07,0.11950217,0.046583496,0.063903734,0.009014945,0.10791605,0.0077754073,9.619041,-0.14501922,8.0895195,0.391744,0.2158321,0.015550815,0.25279188,-0.0038111522,0.09494706,0.0045979167,253.1042,251.69263,337.63757,-0.24672477,3.6714046,0.07810424
2,60,10,0.07,0.12647325,0.057492223,0.060355946,0.0086250715,0.11988768,0.0011584039,9.348216,0.33115658,7.9126616,0.3812426,0.23977536,0.0023168079,0.24567448,0.008702921,0.09287126,0.004474659,253.14717,251.75726,337.93103,-0.7123992,3.6714046,0.09389061
2,61,10,0.07,0.10086902,0.038971215,0.053588443,0.008309364,0.09870564,0.010514536,8.808546,0.08331083,7.7664957,0.6524247,0.19741128,0.021029072,0.23149177,0.002189434,0.091155715,0.0076575424,253.19969,252.02332,337.55658,-0.73573554,3.6942048,0.07980869
2,62,10,0.07,0.10281846,0.042551693,0.052404072,0.007862694,0.10314031,0.008846824,8.710663,-0.10792588,7.5548687,0.7484613,0.20628062,0.017693648,0.22891936,-0.0028363285,0.08867183,0.008784725,253.25383,252.2715,338.1548,-0.6405354,3.6942048,0.09367271
2,63,10,0.07,0.11692033,0.05361845,0.055662807,0.0076390747,0.11577829,0.0051805973,8.977414,0.13411266,7.446661,0.70672125,0.23155658,0.010361195,0.23592967,0.003524537,0.0874018,0.008294818,253.23868,252.20651,338.4559,-0.8408339,3.6942048,0.100844115
2,64,10,0.07,0.09561998,0.03518206,0.053288274,0.0071496437,0.09378441,0.0125185,8.783842,-0.028430592,7.2041616,0.5368053,0.18756881,0.025037,0.23084253,-0.0007471653,0.08455557,0.0063005025,253.15274,251.95885,337.45312,-0.5083747,3.6942048,0.08689973
2,65,10,0.07,0.09941132,0.039255086,0.053128544,0.00702769,0.099064484,0.007773822,8.770667,0.039990973,7.1424546,0.43500766,0.19812897,0.015547644,0.2304963,0.0010509804,0.08383132,0.005105707,253.08653,251.58282,337.51697,-0.47499862,3.7172213,0.08001097
2,66,10,0.07,0.10142651,0.039369307,0.055296086,0.006761115,0.099208504,0.0010459655,8.947792,0.37306553,7.0056815,0.3103831,0.19841701,0.002091931,0.2351512,0.009804287,0.082226,0.00364298,253.00485,251.22517,337.39954,-0.6834487,3.7172213,0.08334453
2,67,10,0.07,0.09146783,0.032265484,0.052871004,0.0063313367,0.08981298,0.008812908,8.749383,0.21937221,6.7793636,0.21690539,0.17962596,0.017625816,0.22993696,0.005765173,0.0795697,0.0025458264,252.9163,250.92192,336.48697,-0.4362776,3.7172213,0.06161989
2,68,10,0.07,0.093794726,0.034993786,0.05259797,0.0062029744,0.09353313,0.005594735,8.726762,0.055354957,6.7102885,0.22934708,0.18706626,0.01118947,0.22934248,0.0014547459,0.07875896,0.002691856,252.90187,250.84114,336.82355,-0.28470203,3.7172213,0.070911914
2,69,10,0.07,0.0953905,0.03860452,0.05106403,0.0057219462,0.09824017,-0.0032021564,8.59857,0.5669653,6.4448543,-0.10071757,0.19648033,-0.006404313,0.22597352,0.014900043,0.07564355,-0.0011821287,252.88638,250.70853,336.87555,-0.4662477,3.7401917,0.06567124
2,70,10,0.07,0.08595079,0.031995427,0.04865423,0.0053011323,0.08943633,0.0056177825,8.393227,0.2898994,6.203339,-0.1035295,0.17887266,0.011235565,0.22057703,0.0076186643,0.07280888,-0.001215131,252.90092,250.84758,336.33112,-0.18636991,3.7401917,0.04521806
2,71,10,0.07,0.08891254,0.033569414,0.049989384,0.0053537427,0.09160979,0.0026363665,8.507609,0.123459786,6.234046,-0.1244718,0.18321958,0.005272733,0.22358306,0.003244571,0.073169276,-0.0014609309,252.93896,251.0084,336.66745,0.0010120124,3.7401917,0.05331261
2,72,10,0.07,0.10247299,0.04672498,0.050205722,0.0055422946,0.108079806,-0.002025566,8.525999,0.51699716,6.342873,-0.21540594,0.21615961,-0.004051132,0.22406633,0.013586884,0.07444659,-0.0025282283,252.95908,251.0664,336.77655,-0.30159122,3.7401917,0.06538088
2,73,10,0.07,0.08186773,0.03284223,0.04354424,0.0054812655,0.09061213,0.0031856226,7.9402475,0.27870032,6.307854,-0.50459653,0.18122426,0.0063712453,0.20867257,0.007324351,0.07403557,-0.005922476,252.96815,251.14488,336.14584,0.22589621,3.762002,0.028296959
2,74,10,0.07,0.078694,0.032741122,0.04050278,0.005450098,0.09047254,0.0011423312,7.6579247,0.08795062,6.2898946,-0.46860084,0.18094508,0.0022846623,0.20125303,0.0023113743,0.07382478,-0.00549999,253.02116,251.37476,336.58698,0.38065022,3.762002,0.030639946
2,75,10,0.07,0.09792844,0.042241633,0.04926452,0.006422291,0.10276385,-0.0032353983,8.4457035,0.35727468,6.827885,-0.48479733,0.2055277,-0.0064707967,0.22195612,0.009389306,0.0801392,-0.0056900894,252.99904,251.31857,336.6759,0.12752265,3.762002,0.05086886
2,76,10,0.07,0.0912625,0.032208245,0.051624633,0.007429623,0.08973328,0.0050415196,8.645641,0.25783768,7.3438635,-0.58458585,0.17946656,0.010083039,0.22721055,0.0067760693,0.08619526,-0.006861311,252.91043,250.93166,335.70422,0.32674816,3.762002,0.023999104
2,77,10,0.07,0.09152175,0.031305738,0.052310143,0.007905863,0.088467136,-0.0007982838,8.702853,0.3913497,7.5755796,-0.8405828,0.17693427,-0.0015965676,0.22871411,0.010284814,0.08891492,-0.009865957,252.84726,250.55013,335.74734,0.44923308,3.782671,0.04248577
2,78,10,0.07,0.09846792,0.038793143,0.051998474,0.0076763136,0.098479874,-0.0056486055,8.676887,0.8002864,7.464789,-1.0883914,0.19695975,-0.011297211,0.22803174,0.021031816,0.08761457,-0.012774501,252.8015,250.31313,335.57477,0.288105,3.782671,0.06423788
2,79,10,0.07,0.089399815,0.030747484,0.0508835,0.007768823,0.087674804,0.00026231582,8.583357,0.6204086,7.5096345,-1.1557927,0.17534961,0.00052463164,0.22557372,0.016304562,0.08814093,-0.013565591,252.76515,250.23503,334.89212,0.5353841,3.782671,0.058637638
2,80,10,0.07,0.08941825,0.03027577,0.05178172,0.007360754,0.08699967,-0.0019335257,8.658784,0.5765763,7.3097477,-1.0874207,0.17399934,-0.0038670513,0.22755598,0.015152632,0.08579484,-0.012763105,252.7616,250.18965,335.22235,0.5108444,3.782671,0.057348184
2,81,10,0.07,0.09354195,0.034124196,0.05217531,0.007242438,0.09236368,-0.009115697,8.69163,0.7517341,7.2507615,-1.2910995,0.18472736,-0.018231394,0.22841915,0.019755842,0.08510251,-0.015153692,252.76701,250.241,335.22775,0.5393655,3.801891,0.07882847
2,82,10,0.07,0.084941976,0.030142544,0.047290754,0.007508678,0.08680804,-0.00027794097,8.274787,0.43133628,7.382832,-1.3291069,0.17361608,-0.00055588194,0.21746437,0.011335674,0.08665263,-0.015599793,252.74783,250.20786,334.5416,0.89777064,3.801891,0.072377026
2,83,10,0.07,0.08626494,0.031013293,0.04780387,0.007447775,0.08805296,-0.0026997565,8.319557,0.2809838,7.3528295,-1.3177096,0.17610592,-0.005399513,0.21864097,0.0073843556,0.08630049,-0.015466016,252.7612,250.25754,334.8047,1.0367258,3.801891,0.06627263
2,84,10,0.07,0.092117846,0.03928014,0.045747977,0.007089736,0.09909609,-0.007825219,8.138693,0.6260263,7.1739144,-1.5375113,0.19819218,-0.015650438,0.21388777,0.016452191,0.08420057,-0.01804584,252.7597,250.2876,334.89468,0.9114851,3.801891,0.08660222
2,85,10,0.07,0.08142723,0.03479326,0.039957736,0.006676234,0.09326476,-0.00023943908,7.606224,0.5756122,6.961566,-1.3058503,0.18652952,-0.00047887815,0.19989431,0.0151272975,0.08170822,-0.015326826,252.71556,250.10504,334.23737,0.7302381,3.8203664,0.092762314
2,86,10,0.07,0.08303826,0.037566762,0.038563445,0.0069080507,0.09691074,-0.0021174443,7.472339,0.55840135,7.081398,-1.1192565,0.19382147,-0.0042348886,0.19637577,0.014674987,0.08311468,-0.013136764,252.71014,249.97285,334.6703,0.56085515,3.8203664,0.08533642
2,87,10,0.07,0.08757878,0.040880278,0.039565995,0.0071325107,0.10109436,-0.00810342,7.568847,0.8185196,7.1955237,-1.1526623,0.20218872,-0.01620684,0.19891202,0.021510988,0.08445419,-0.013528848,252.70157,249.99915,334.8125,0.33414268,3.8203664,0.08792631
2,88,10,0.07,0.085701585,0.03574268,0.041913446,0.008045456,0.094528675,-0.0018577792,7.7901425,0.6287155,7.642167,-1.1029469,0.18905735,-0.0037155584,0.20472774,0.016522875,0.08969647,-0.012945339,252.65005,249.85866,334.2007,0.47423136,3.8203664,0.09501667
2,89,10,0.07,0.09378524,0.036878068,0.04805525,0.008851924,0.096018314,-0.0015923542,8.341403,0.42188254,8.016043,-0.75714475,0.19203663,-0.0031847083,0.21921508,0.011087223,0.094084665,-0.008886641,252.60121,249.5902,334.34232,0.3352622,3.8369458,0.0865577
2,90,10,0.07,0.10231999,0.03823329,0.054799948,0.009286757,0.097766675,-0.006376141,8.907559,0.57893264,8.210569,-0.899771,0.19553335,-0.012752282,0.23409389,0.015214559,0.09636782,-0.010560651,252.53659,249.31728,334.16052,0.32083833,3.8369458,0.094234414
2,91,10,0.07,0.108598396,0.040376324,0.05780965,0.010412427,0.100469306,-0.0006680126,9.148899,0.5311526,8.693951,-1.134135,0.20093861,-0.0013360252,0.24043638,0.01395887,0.1020413,-0.013311397,252.44539,248.99393,333.04135,0.6029824,3.8369458,0.11471108
2,92,10,0.07,0.11175199,0.041177023,0.05948958,0.011085387,0.10146061,-0.0023455054,9.28088,0.53080046,8.970501,-1.2317564,0.20292123,-0.004691011,0.24390486,0.013949624,0.105287164,-0.01445718,252.40558,248.81654,333.11533,0.700956,3.8369458,0.11455935
2,93,10,0.07,0.114775896,0.044258203,0.059464846,0.01105285,0.10518817,-0.0056567527,9.27895,0.81350803,8.957326,-0.99417377,0.21037634,-0.0113135055,0.24385415,0.021379285,0.105132535,-0.011668665,252.37457,248.67876,332.98904,0.18066573,3.8510413,0.10334256
2,94,10,0.07,0.10876819,0.04001178,0.057411473,0.011344935,0.100014724,0.001638344,9.117338,0.7105771,9.074907,-1.0335274,0.20002945,0.003276688,0.23960692,0.018674225,0.106512606,-0.012130558,252.32246,248.49164,332.32663,0.3229503,3.8510413,0.11760455
2,95,10,0.07,0.10662475,0.03998219,0.055551413,0.01109115,0.09997773,-0.00075621676,8.968425,0.666521,8.972832,-1.0013313,0.19995546,-0.0015124335,0.23569347,0.017516416,0.10531453,-0.011752672,252.31595,248.43736,332.71225,0.33481032,3.8510413,0.109298706
2,96,10,0.07,0.11033587,0.04353449,0.055706523,0.011094856,0.1043246,-0.004287447,8.980939,0.8073407,8.97433,-0.9608547,0.2086492,-0.008574894,0.2360223,0.021217212,0.10533212,-0.011277591,252.32999,248.53746,333.03906,0.15351403,3.8510413,0.104703136
2,97,10,0.07,0.105939284,0.04275482,0.052046422,0.011138039,0.10338619,0.0042592515,8.680887,0.22736628,8.991779,-0.37125126,0.20677239,0.008518503,0.22813685,0.005975273,0.10553691,-0.0043573948,252.30626,248.58327,332.52393,0.14388497,3.8622897,0.08150608
2,98,10,0.07,0.10358149,0.043769527,0.04896215,0.010849814,0.10460584,0.0028738454,8.4197445,0.16874911,8.874674,-0.15437841,0.20921168,0.005747691,0.22127393,0.004434795,0.10416244,-0.0018119499,252.29059,248.50607,333.01532,-0.014370695,3.8622897,0.06843915
2,99,10,0.07,0.10970058,0.045139793,0.05381254,0.010748248,0.10623064,-0.0018615887,8.826944,0.510286,8.833036,-0.102330066,0.21246128,-0.0037231774,0.2319753,0.013410501,0.103673756,-0.0012010565,252.28113,248.46948,333.2057,-0.4079559,3.8622897,0.058691744
2,100,10,0.07,0.10862546,0.044807684,0.053220715,0.010597058,0.105839126,0.0058905375,8.778272,0.35179245,8.770693,-0.08525933,0.21167825,0.011781075,0.23069616,0.009245244,0.10294201,-0.001000691,252.27965,248.49866,332.7042,-0.26653314,3.8622897,0.07775432
3,1,10,0.049,0.11049906,0.046123173,0.05287101,0.011504879,0.10738153,0.00808094,8.749384,-1.1036178,9.138653,2.2967038,0.21476306,0.01616188,0.22993697,-0.029003475,0.1072608,0.026956517,253.0625,252.8759,338.83942,-1.193086,3.8713694,0.07687077
3,2,10,0.049,0.12115175,0.053717088,0.055008713,0.012425951,0.115884736,0.008052064,8.924511,-1.3699242,9.497429,2.4837058,0.23176947,0.016104128,0.23453936,-0.036002107,0.11147175,0.029151367,253.1564,253.25645,339.71274,-1.1137816,3.8713694,0.08328942
3,3,10,0.049,0.12531382,0.055424698,0.056490976,0.013398142,0.11771225,0.0006853312,9.043952,-1.1162016,9.861965,2.4963644,0.2354245,0.0013706624,0.2376783,-0.029334186,0.11575034,0.02929994,253.20584,253.40071,340.26706,-1.3801627,3.8713694,0.060740236
3,4,10,0.049,0.115166225,0.04676344,0.05593472,0.01246806,0.10812428,0.011637307,8.999314,-1.2752513,9.513508,2.406625,0.21624856,0.023274614,0.23650523,-0.03351406,0.111660466,0.028246665,253.17921,253.30925,339.52924,-1.1313738,3.8713694,0.08510965
3,5,10,0.049,0.11668666,0.050485745,0.05515577,0.011045144,0.11234517,0.009743776,8.936433,-1.3726705,8.954203,2.320075,0.22469033,0.019487552,0.23485266,-0.03607428,0.10509588,0.027230823,253.18173,253.25766,339.77652,-0.9474045,3.8701255,0.09013471
3,6,10,0.049,0.121441714,0.051201448,0.059019666,0.011220595,0.11313868,0.0018737882,9.244151,-1.0347346,9.025041,2.3055406,0.22627737,0.0037475764,0.24293964,-0.027193204,0.10592731,0.027060237,253.17616,253.10596,340.1122,-1.270806,3.8701255,0.061396413
3,7,10,0.049,0.116997644,0.044525553,0.06027166,0.012200428,0.10550539,0.0099732205,9.341687,-1.1946918,9.410848,2.29685,0.21101078,0.019946441,0.24550287,-0.031396937,0.11045555,0.026958235,253.12088,252.89421,339.132,-1.1021582,3.8701255,0.08247971
3,8,10,0.049,0.1293171,0.053478982,0.061887823,0.013950298,0.11562762,0.007898188,9.466105,-1.3292046,10.063128,2.4062927,0.23125523,0.015796376,0.24877264,-0.034931973,0.11811138,0.028242767,253.14716,252.9162,339.3859,-1.0770881,3.8701255,0.08731454
3,9,10,0.049,0.13742672,0.058579016,0.06436601,0.014481697,0.12101551,0.00064366753,9.65377,-0.96773046,10.253,2.0957096,0.24203102,0.0012873351,0.25370458,-0.025432302,0.12033992,0.02459744,253.15846,252.91957,339.50998,-1.127979,3.8633552,0.061307974
3,10,10,0.049,0.12073119,0.045799874,0.06246588,0.01246543,0.10700452,0.009270542,9.510211,-0.9978091,9.512504,2.0559373,0.21400905,0.018541085,0.24993175,-0.026222778,0.11164869,0.02413063,253.12512,252.80693,338.76926,-1.0581281,3.8633552,0.078861006
3,11,10,0.049,0.12282782,0.048072636,0.06272305,0.0120321335,0.109627366,0.006631789,9.529766,-1.1140311,9.3457155,2.1143925,0.21925473,0.013263578,0.2504457,-0.029277127,0.10969108,0.024816725,253.16267,252.88782,339.30972,-1.0003614,3.8633552,0.08195913
3,12,10,0.049,0.14001584,0.05570566,0.07082916,0.013481025,0.11801023,0.0018706346,10.126858,-1.0396748,9.892423,2.2113938,0.23602046,0.0037412692,0.26613748,-0.027323026,0.116107814,0.025955224,253.19376,253.02661,339.75528,-1.1717191,3.8633552,0.06944868
3,13,10,0.049,0.13226676,0.048133522,0.0712678,0.012865435,0.10969677,0.00935084,10.158168,-1.0256987,9.663923,1.5800986,0.21939354,0.01870168,0.2669603,-0.026955739,0.1134259,0.018545687,253.13869,252.86502,338.7196,-0.55439997,3.851849,0.084057346
3,14,10,0.049,0.1391619,0.056067664,0.07012609,0.012968151,0.118393056,0.007312688,10.07647,-1.1786146,9.702425,1.5561259,0.23678611,0.014625376,0.2648133,-0.03097442,0.11387779,0.01826432,253.16913,252.9949,339.1053,-0.37751126,3.851849,0.08442357
3,15,10,0.049,0.13567488,0.057688314,0.065606736,0.012379819,0.12009196,0.00020246222,9.74637,-0.944728,9.479781,1.5636239,0.24018392,0.00040492445,0.25613812,-0.024827788,0.11126463,0.018352328,253.1871,253.04703,339.49637,-0.6188959,3.851849,0.056135416
3,16,10,0.049,0.12797488,0.050387103,0.06604954,0.011538238,0.11223536,0.009535297,9.779205,-1.2436538,9.151894,1.7373877,0.22447072,0.019070594,0.25700104,-0.032683674,0.10741619,0.020391796,253.15657,252.9943,338.98563,-0.49373388,3.851849,0.08708126
3,17,10,0.049,0.12848637,0.053036604,0.06400854,0.011441216,0.11514839,0.005802623,9.626926,-1.2863622,9.113335,1.1917387,0.23029678,0.011605246,0.2529991,-0.033806056,0.10696362,0.013987488,253.2006,253.10114,339.45068,0.09462345,3.8379958,0.08059802
3,18,10,0.049,0.13413388,0.056178976,0.06553709,0.012417802,0.11851052,-0.002775752,9.741196,-0.99009883,9.494314,1.3146893,0.23702104,-0.005551504,0.25600213,-0.026020156,0.11143519,0.015430566,253.26913,253.31868,340.18408,-0.32459044,3.8379958,0.060987253
3,19,10,0.049,0.122306496,0.044547588,0.06493792,0.012820989,0.1055315,0.0066496613,9.696565,-1.3081341,9.647216,1.4031979,0.211063,0.013299323,0.2548292,-0.034378253,0.113229804,0.016469395,253.28421,253.4849,339.87082,-0.095063806,3.8379958,0.07652894
3,20,10,0.049,0.12581569,0.051550083,0.06323412,0.011031484,0.113523215,0.005061441,9.568512,-1.4547261,8.948663,1.3279746,0.22704643,0.010122882,0.25146395,-0.038230725,0.10503087,0.0155864945,253.3112,253.59334,340.15088,0.12675154,3.8379958,0.085385844
3,21,10,0.049,0.13507052,0.057859804,0.065897025,0.011313688,0.12027033,-0.0043808864,9.767908,-0.8567926,9.062402,0.54480857,0.24054065,-0.008761773,0.25670415,-0.022516824,0.10636582,0.0063944417,253.33629,253.70435,340.43695,0.31198406,3.8222163,0.04966768
3,22,10,0.049,0.12046945,0.044532064,0.0636342,0.012303189,0.10551311,0.0033860866,9.598735,-0.91017723,9.4503975,0.64303666,0.21102622,0.006772173,0.2522582,-0.023919797,0.110919744,0.0075473497,253.31293,253.69708,339.8529,0.26714057,3.8222163,0.06089515
3,23,10,0.049,0.13027994,0.050434116,0.067339785,0.012506042,0.11228771,0.001609751,9.87426,-1.0394888,9.527987,0.61544,0.22457542,0.003219502,0.2594991,-0.027318131,0.11183041,0.0072234496,253.31642,253.62326,340.17447,0.42404878,3.8222163,0.064451925
3,24,10,0.049,0.14354771,0.058401816,0.071891636,0.013254253,0.12083234,-0.005421801,10.20253,-0.65247816,9.8088665,0.5009655,0.24166468,-0.010843602,0.26812616,-0.017147372,0.11512712,0.005879857,253.28911,253.37437,340.27185,0.15151268,3.8222163,0.037708636
3,25,10,0.049,0.13035148,0.04265795,0.07495269,0.012740841,0.103269,0.00029698043,10.417471,-0.5163027,9.617013,-0.390037,0.206538,0.00059396087,0.2737749,-0.013568623,0.112875335,-0.004577885,253.23146,253.11348,339.3413,0.9063397,3.8046906,0.046235573
3,26,10,0.049,0.13839224,0.05114769,0.07487676,0.012367782,0.11307927,-0.0019941672,10.412192,-0.52273744,9.475173,-0.5251209,0.22615854,-0.0039883344,0.2736362,-0.013737727,0.11121053,-0.0061633685,253.19089,252.82596,339.3233,1.0478584,3.8046906,0.04829427
3,27,10,0.049,0.14722264,0.05507675,0.07926704,0.012878847,0.11734218,-0.00950507,10.713096,-0.23847638,9.668959,-0.6713627,0.23468436,-0.01901014,0.28154403,-0.006267254,0.11348501,-0.007879816,253.17981,252.7442,339.3583,0.9098391,3.8046906,0.024008458
3,28,10,0.049,0.14371997,0.046204187,0.08383855,0.013677236,0.107475795,-0.0008637434,11.017691,-0.57212955,9.964153,-0.5176866,0.21495159,-0.0017274868,0.28954887,-0.015035769,0.116949715,-0.0060761143,253.20483,253.046,338.92804,1.0898161,3.8046906,0.049835876
3,29,10,0.049,0.15855582,0.054477356,0.08930409,0.014774372,0.11670192,-0.0036008556,11.371148,-0.5751472,10.356089,-0.9662007,0.23340385,-0.007201711,0.2988379,-0.015115078,0.121549875,-0.011340339,253.3086,253.51625,339.7682,1.541348,3.7865949,0.052384414
3,30,10,0.049,0.16885175,0.059470173,0.09253827,0.016843308,0.12193254,-0.011620568,11.575222,-0.10283329,11.057447,-1.0327364,0.24386507,-0.023241136,0.30420104,-0.0027024723,0.12978177,-0.01212127,253.38657,253.78125,340.25485,1.1355697,3.7865949,0.038757518
3,31,10,0.049,0.15044309,0.046039287,0.08718432,0.017219482,0.10728384,-0.0034082942,11.235383,-0.4054137,11.1802435,-0.9715508,0.21456768,-0.0068165883,0.2952699,-0.010654425,0.13122302,-0.011403139,253.41785,253.92783,339.8376,1.3769646,3.7865949,0.065025285
3,32,10,0.049,0.15093501,0.051398385,0.08475335,0.014783279,0.11335606,-0.005288436,11.077636,-0.6641528,10.359209,-1.0166205,0.22671212,-0.010576872,0.29112428,-0.017454186,0.12158651,-0.011932125,253.484,254.18324,340.219,1.6807733,3.7865949,0.046861175
3,33,10,0.049,0.16197798,0.061554104,0.085830726,0.014593149,0.1240505,-0.010803366,11.147822,0.02280218,10.2923765,-1.6805245,0.248101,-0.021606732,0.2929688,0.0005992446,0.120802104,-0.019724384,253.48642,254.13475,340.30627,1.6577222,3.7674289,0.032019593
3,34,10,0.049,0.14605509,0.051997483,0.07969359,0.014364021,0.11401478,-0.005331113,10.741881,-0.25260338,10.211258,-1.7978337,0.22802956,-0.010662226,0.28230053,-0.006638527,0.119849995,-0.02110126,253.439,254.06499,339.47064,2.050437,3.7674289,0.050695803
3,35,10,0.049,0.14862831,0.053929657,0.080631174,0.014067482,0.1161138,-0.005745127,10.804885,-0.5724672,10.105304,-1.5131525,0.2322276,-0.011490254,0.2839563,-0.015044627,0.11860642,-0.017759947,253.4303,253.9939,340.1779,2.0856197,3.7674289,0.044066537
3,36,10,0.049,0.1690468,0.06559303,0.08794831,0.0155054815,0.12805568,-0.012171162,11.284503,-0.27775005,10.60923,-1.3320287,0.25611135,-0.024342325,0.2965608,-0.007299351,0.12452101,-0.015634079,253.4214,253.89114,340.6845,1.6097788,3.7674289,0.03801923
3,37,10,0.049,0.1555486,0.05082337,0.089091934,0.015633306,0.1127202,-0.004874008,11.357634,-0.25061652,10.652869,-1.8078156,0.2254404,-0.009748016,0.29848272,-0.0065862965,0.12503321,-0.021218415,253.39386,253.7865,339.76215,2.058432,3.7479382,0.053628474
3,38,10,0.049,0.15800826,0.05895728,0.08361413,0.015436843,0.1214056,-0.0054261815,11.002934,-0.33442134,10.58572,-1.9310627,0.2428112,-0.010852363,0.2891611,-0.008788721,0.12424509,-0.02266496,253.44936,253.93884,339.94086,2.265484,3.7479382,0.05360842
3,39,10,0.049,0.17242613,0.07133665,0.08439824,0.01669123,0.13354461,-0.011310528,11.054405,0.093997225,11.007416,-1.8520209,0.26708922,-0.022621056,0.29051375,0.0024703054,0.12919454,-0.021737244,253.51254,254.16077,340.26498,1.7580236,3.7479382,0.03957459
3,40,10,0.049,0.1580834,0.053855572,0.08747643,0.016751396,0.116034016,-0.0030448623,11.254189,-0.17433614,11.027237,-1.7941679,0.23206803,-0.0060897246,0.29576415,-0.0045816246,0.12942718,-0.021058233,253.55544,254.48494,339.63913,1.968504,3.7479382,0.033703335
3,41,10,0.049,0.15894756,0.0576086,0.08537455,0.015964402,0.12000896,-0.00526352,11.118158,-0.30632758,10.765087,-1.855054,0.24001792,-0.01052704,0.29218924,-0.008050404,0.12635031,-0.021772856,253.63933,254.83014,340.46695,2.1613817,3.7295408,0.022290891
3,42,10,0.049,0.17843711,0.07444961,0.08749972,0.016487772,0.13642728,-0.010664245,11.255687,-0.14796294,10.940123,-1.7895668,0.27285457,-0.02132849,0.29580352,-0.003888506,0.12840472,-0.021004222,253.66083,254.81783,341.07346,1.9375297,3.7295408,0.03941229
3,43,10,0.049,0.1464196,0.050849278,0.08021876,0.015351567,0.11274892,-0.0035397152,10.777217,-0.45465642,10.556442,-1.7883097,0.22549784,-0.0070794304,0.28322917,-0.011948532,0.12390144,-0.02098947,253.61829,254.72318,340.33893,2.2429662,3.7295408,0.02594056
3,44,10,0.049,0.15165855,0.058128037,0.07785568,0.015674839,0.120548785,-0.003869524,10.617292,-0.49370813,10.667012,-1.7072226,0.24109757,-0.007739048,0.2790263,-0.012974826,0.1251992,-0.020037742,253.62512,254.6825,340.76672,2.2009306,3.7295408,0.027466815
3,45,10,0.049,0.17310637,0.074686535,0.08073118,0.017688664,0.13664418,-0.010374611,10.811584,0.18924567,11.331534,-1.8225249,0.27328837,-0.020749222,0.28413233,0.0049734213,0.13299873,-0.021391049,253.62944,254.62898,340.98737,1.6332792,3.71323,0.04578934
3,46,10,0.049,0.14156388,0.04516478,0.07950027,0.01689883,0.10626003,-0.0028186229,10.728845,0.17407751,11.075657,-1.8831182,0.21252006,-0.0056372457,0.28195792,0.0045748143,0.1299955,-0.022102246,253.57259,254.4253,340.09802,1.7090406,3.71323,0.036166325
3,47,10,0.049,0.16044424,0.056522418,0.08693942,0.016982405,0.11887222,-0.005285657,11.219591,0.0736235,11.103013,-1.8676039,0.23774444,-0.010571314,0.2948549,0.0019348558,0.13031656,-0.021920158,253.53697,254.20251,340.39047,1.7939804,3.71323,0.038550153
3,48,10,0.049,0.18661624,0.0725743,0.09605869,0.01798325,0.1346981,-0.01517175,11.793344,0.5070804,11.425503,-2.1537223,0.2693962,-0.0303435,0.30993336,0.01332625,0.13410164,-0.025278345,253.49011,253.97842,340.27695,1.646642,3.71323,0.06700744
3,49,10,0.049,0.16519643,0.05090842,0.095749475,0.01853853,0.11281447,-0.0050758836,11.774348,0.62919325,11.600558,-2.0825484,0.22562894,-0.010151767,0.30943412,0.016535413,0.13615628,-0.024442961,253.4486,253.91907,339.33902,1.4533551,3.698915,0.06861219
3,50,10,0.049,0.17630465,0.06290267,0.09429509,0.019106893,0.12540202,-0.0058163553,11.684583,0.51788485,11.777042,-1.9419218,0.25080404,-0.011632711,0.30707505,0.013610214,0.13822769,-0.022792421,253.4732,253.9667,339.9536,1.424037,3.698915,0.06470305
3,51,10,0.049,0.18788116,0.07069433,0.09794077,0.01924606,0.13294202,-0.011543418,11.9083185,0.9563907,11.819855,-2.0232537,0.26588404,-0.023086837,0.3129549,0.025134299,0.13873017,-0.023747025,253.45631,253.82043,340.07056,1.0668631,3.698915,0.07634883
3,52,10,0.049,0.1649272,0.052671432,0.09438428,0.017871479,0.11475129,-0.0062755514,11.690108,0.8869114,11.389941,-2.2566867,0.22950257,-0.012551103,0.30722025,0.02330834,0.13368425,-0.026486833,253.40697,253.68896,339.03177,1.3697753,3.698915,0.08371953
3,53,10,0.049,0.17025217,0.05900689,0.094120465,0.017124811,0.12145667,-0.003975397,11.673759,0.96474606,11.149467,-1.947848,0.24291334,-0.007950794,0.3067906,0.025353884,0.1308618,-0.022861984,253.41063,253.69026,339.26996,0.9831019,3.68729,0.07106762
3,54,10,0.049,0.18473813,0.068231784,0.099245824,0.017260518,0.13060607,-0.011181889,11.987394,1.2037394,11.193558,-1.9606117,0.26121214,-0.022363778,0.31503305,0.031634696,0.13137929,-0.023011792,253.41405,253.7092,339.64612,0.7568723,3.68729,0.08226358
3,55,10,0.049,0.16528976,0.049825426,0.0982272,0.017237127,0.11160805,-0.002831208,11.925718,0.96063554,11.18597,-1.9130754,0.2232161,-0.005662416,0.3134122,0.025245849,0.13129024,-0.022453854,253.36758,253.61842,339.05106,0.9524399,3.68729,0.081424996
3,56,10,0.049,0.17421997,0.057989683,0.09924973,0.016980557,0.120405234,-0.0032641063,11.98763,0.9420481,11.102407,-1.8114923,0.24081047,-0.0065282127,0.31503925,0.024757355,0.13030946,-0.02126157,253.35236,253.48787,339.45758,0.86944425,3.68729,0.08023839
3,57,10,0.049,0.19307068,0.07287579,0.103069,0.017125892,0.13497758,-0.010181387,12.216104,1.4600402,11.149819,-1.5142282,0.26995516,-0.020362774,0.3210436,0.038370367,0.13086593,-0.017772565,253.3569,253.47952,339.55414,0.054188013,3.679175,0.087925404
3,58,10,0.049,0.159466,0.050130833,0.09226704,0.017068136,0.11194958,-0.00039411982,11.558248,1.077621,11.131002,-1.494547,0.22389916,-0.00078823965,0.3037549,0.028320283,0.13064508,-0.017541572,253.35925,253.5464,338.94852,0.41692603,3.679175,0.07863548
3,59,10,0.049,0.16580343,0.054386202,0.09500102,0.016416213,0.116604246,-0.001689937,11.728239,0.85460824,10.916356,-1.4687619,0.23320849,-0.003379874,0.30822235,0.02245942,0.12812577,-0.01723893,253.38498,253.59915,339.3062,0.6141537,3.679175,0.061474107
3,60,10,0.049,0.1852629,0.07427828,0.09445115,0.016533474,0.13627021,-0.008451645,11.694248,1.1563462,10.955274,-1.5516388,0.27254042,-0.01690329,0.30732906,0.030389199,0.12858255,-0.018211653,253.40909,253.65822,339.3859,0.39529264,3.679175,0.07539369
3,61,10,0.049,0.1523177,0.052203074,0.084292665,0.015821965,0.11423996,0.002711983,11.047488,0.671353,10.716955,-0.6464212,0.22847992,0.005423966,0.290332,0.017643413,0.1257854,-0.0075870836,253.43492,253.86433,339.14746,-0.024931788,3.675633,0.033141505
3,62,10,0.049,0.14870408,0.05306293,0.08091919,0.014721954,0.11517696,0.0026801801,10.824165,0.44416517,10.337701,-0.4651446,0.23035392,0.0053603603,0.284463,0.011672814,0.12133406,-0.005459415,253.48375,254.04767,339.87003,0.020979434,3.675633,0.035502218
3,63,10,0.049,0.16821152,0.070093304,0.08348452,0.014633689,0.1323757,-0.0013441961,10.994403,0.7376695,10.306664,-0.4633823,0.2647514,-0.0026883923,0.28893688,0.019386234,0.12096979,-0.0054387394,253.51042,254.09381,340.33432,-0.27428722,3.675633,0.06359654
3,64,10,0.049,0.14631377,0.05014492,0.0816913,0.014477553,0.111965306,0.004431913,10.875684,0.6015286,10.251533,-0.44453245,0.22393061,0.008863826,0.2858169,0.015808366,0.120322704,-0.005217497,253.50288,254.11867,339.54712,-0.15699613,3.675633,0.038913436
3,65,10,0.049,0.15033107,0.05702974,0.07885372,0.014447617,0.1194045,0.0062685893,10.685128,0.6366724,10.240929,0.24809112,0.238809,0.012537179,0.28080904,0.016731985,0.12019824,0.002911852,253.51547,254.04897,339.9569,-0.8847635,3.6784177,0.06473495
3,66,10,0.049,0.15612425,0.061459918,0.080418006,0.014246334,0.123955555,0.00019224123,10.790593,0.9586031,10.169341,0.11298748,0.24791111,0.00038448247,0.2835807,0.025192443,0.11935801,0.0013261371,253.4895,253.88936,340.10376,-1.0715905,3.6784177,0.08038976
3,67,10,0.049,0.14180532,0.047247335,0.08087252,0.013685468,0.10868226,0.008347071,10.821044,0.7318023,9.967152,0.070636325,0.21736452,0.016694142,0.28438094,0.019232027,0.116984904,0.00082906085,253.42021,253.6604,339.34317,-0.8024386,3.6784177,0.06365705
3,68,10,0.049,0.14392133,0.05051678,0.079849124,0.013555421,0.11237969,0.005940707,10.752359,0.5709358,9.919682,0.07691478,0.22475938,0.011881414,0.28257588,0.015004409,0.11642775,0.0009027563,253.39134,253.50316,339.66956,-0.6478506,3.6784177,0.06886073
3,69,10,0.049,0.15867916,0.06283765,0.08246808,0.013373428,0.1253372,0.0025606095,10.927269,0.97385013,9.852866,0.32418963,0.2506744,0.005121219,0.28717256,0.025593141,0.11564354,0.003805028,253.32872,253.1441,339.53467,-1.2980398,3.6871052,0.08485891
3,70,10,0.049,0.14076811,0.046000782,0.081502385,0.013264933,0.10723896,0.008910241,10.863101,0.84030133,9.812818,0.10920268,0.21447793,0.017820481,0.28548622,0.022083417,0.11517349,0.001281707,253.25702,252.91785,338.41788,-0.949504,3.6871052,0.067527235
3,71,10,0.049,0.14454749,0.049603466,0.08215782,0.0127862105,0.11135918,0.007071218,10.906693,0.715824,9.634123,-0.0117830215,0.22271836,0.014142436,0.28663185,0.018812103,0.11307613,-0.00013829481,253.21638,252.70584,338.37476,-0.704041,3.6871052,0.0703062
3,72,10,0.049,0.15613878,0.060838617,0.08283566,0.012464486,0.12332743,-4.3173106e-5,10.951594,1.2423465,9.512143,-0.2392478,0.24665485,-8.634621e-5,0.28781185,0.032649316,0.11164446,-0.0028080628,253.17093,252.48804,338.17307,-1.0030987,3.6871052,0.08603099
3,73,10,0.049,0.13557208,0.04463487,0.078287505,0.012649693,0.10563483,0.009088688,10.646697,1.0906388,9.582553,0.14381717,0.21126966,0.018177375,0.27979904,0.028662393,0.11247085,0.0016879843,253.1046,252.22171,337.4881,-1.234456,3.7013047,0.06532238
3,74,10,0.049,0.1423319,0.050659455,0.07873998,0.012932457,0.11253828,0.0062326337,10.677421,1.1111944,9.689062,0.36102247,0.22507656,0.012465267,0.28060645,0.029202586,0.11372096,0.004237339,253.08696,252.06464,337.99054,-1.4722168,3.7013047,0.07725855
3,75,10,0.049,0.15802884,0.062406477,0.083043516,0.012578842,0.12490644,0.0005879125,10.965325,1.44701,9.555678,0.2419782,0.24981289,0.001175825,0.28817272,0.03802795,0.11215544,0.002840112,253.06255,251.97043,338.07867,-1.6889882,3.7013047,0.09436347
3,76,10,0.049,0.13559367,0.044540368,0.07949647,0.011556822,0.105522946,0.007592929,10.728588,1.3167421,9.159261,0.1390538,0.21104589,0.015185858,0.2819512,0.03460447,0.10750266,0.0016320763,253.00635,251.75099,337.2014,-1.4557959,3.7013047,0.077585615
3,77,10,0.049,0.14554895,0.050799787,0.08349458,0.011254591,0.11269404,0.008397759,10.995066,1.088861,9.038703,0.3582571,0.22538808,0.016795518,0.2889543,0.028615663,0.106087655,0.0042048874,253.03308,251.8834,337.46597,-1.447118,3.7204218,0.08030175
3,78,10,0.049,0.1546314,0.056868367,0.086741865,0.011021171,0.11923545,0.0013330895,11.206838,1.59019,8.94448,0.2511185,0.2384709,0.002666179,0.29451972,0.04179077,0.104981765,0.0029473908,253.08041,252.05705,337.71838,-1.8413086,3.7204218,0.09534035
3,79,10,0.049,0.13352743,0.044753104,0.07828754,0.010486776,0.10577465,0.011759972,10.646699,1.1543233,8.724934,0.23750721,0.2115493,0.023519944,0.2797991,0.030336032,0.10240496,0.0027876333,253.07819,252.07954,337.08917,-1.3918306,3.7204218,0.068003275
3,80,10,0.049,0.13327116,0.048815858,0.074272186,0.0101831155,0.110471554,0.009683063,10.370072,0.86494106,8.597686,0.5260065,0.22094311,0.019366127,0.27252924,0.022730958,0.10091142,0.0061737695,253.1482,252.33768,337.79184,-1.3909476,3.7204218,0.08302948
3,81,10,0.049,0.14091966,0.05784135,0.073125854,0.009952461,0.12025114,0.0034411224,10.289734,0.9761799,8.499756,0.7270497,0.24050228,0.0068822447,0.27041793,0.025654364,0.09976202,0.008533415,253.2165,252.5717,338.34497,-1.7032297,3.7442203,0.09782493
3,82,10,0.049,0.12020966,0.04382234,0.066841364,0.009545955,0.10466893,0.011537795,9.837648,0.5610154,8.324362,0.8347232,0.20933786,0.02307559,0.25853696,0.014743699,0.097703405,0.009797181,253.2665,252.82912,337.99088,-1.3957386,3.7442203,0.08356607
3,83,10,0.049,0.12468364,0.045677822,0.06962887,0.00937695,0.10686185,0.011671711,10.040684,0.2726072,8.250342,0.85994357,0.2137237,0.023343422,0.26387283,0.0071642064,0.09683465,0.010093203,253.30914,253.00673,338.4871,-1.1325507,3.7442203,0.10095814
3,84,10,0.049,0.12941058,0.05110683,0.069507174,0.00879657,0.1130341,0.004234401,10.031907,0.82796,7.99094,0.6607874,0.2260682,0.008468802,0.26364213,0.021759098,0.09379003,0.007755694,253.29759,252.97064,338.4496,-1.4887474,3.7442203,0.11082455
3,85,10,0.049,0.11290467,0.04083303,0.063444674,0.008626969,0.10103592,0.013798246,9.584429,0.38898692,7.913531,0.7008485,0.20207185,0.027596492,0.25188226,0.010222717,0.09288148,0.008225894,253.25162,252.84454,337.82474,-1.0898354,3.771162,0.088652536
3,86,10,0.049,0.11125088,0.041012287,0.061583262,0.008655327,0.10125745,0.011131775,9.442783,0.22486492,7.9265275,0.814387,0.2025149,0.02226355,0.24815975,0.0059095393,0.093034014,0.0095585,253.22467,252.65677,338.23428,-1.0392519,3.771162,0.09946609
3,87,10,0.049,0.11924049,0.049322225,0.06195326,0.007965004,0.111043036,0.0052482635,9.471107,0.60500914,7.6038613,0.5882689,0.22208607,0.010496527,0.24890412,0.015899861,0.08924687,0.006904536,253.14575,252.30891,338.05563,-1.1932781,3.771162,0.103080235
3,88,10,0.049,0.104763776,0.037236147,0.059711736,0.0078158965,0.09648335,0.0126646375,9.298192,0.51857334,7.532352,0.5321227,0.1929667,0.025329275,0.24435985,0.013628288,0.08840756,0.006245542,253.03854,251.85405,337.02454,-1.050696,3.771162,0.09029516
3,89,10,0.049,0.1072516,0.038365074,0.06111018,0.0077763465,0.09793502,0.007424642,9.406444,0.5256982,7.513271,0.20042126,0.19587004,0.014849284,0.24720474,0.013815552,0.0881836,0.0023523532,252.98347,251.46968,336.87396,-0.72611946,3.8006158,0.072388776
3,90,10,0.049,0.120867886,0.05292187,0.06071008,0.0072359364,0.11502377,0.0025966782,9.3756,0.95372754,7.2475066,-0.032137938,0.23004754,0.0051933564,0.24639416,0.025064323,0.08506431,-0.00037720468,252.92937,251.1864,336.7104,-0.9215896,3.8006158,0.08125764
3,91,10,0.049,0.094235756,0.030311976,0.056844663,0.007079119,0.087051675,0.009347931,9.072219,0.545494,7.168542,-0.09738922,0.17410335,0.018695861,0.23842119,0.014335781,0.0841375,-0.0011430618,252.86356,251.00075,335.86166,-0.4481048,3.8006158,0.0593091
3,92,10,0.049,0.09209427,0.034275092,0.05153925,0.006279932,0.09256767,0.008933309,8.638488,0.4381824,6.7517858,-0.07011244,0.18513533,0.017866619,0.22702257,0.011515593,0.07924602,-0.00082291133,252.85165,250.89658,336.12555,-0.36806998,3.8006158,0.0703384
3,93,10,0.049,0.08955216,0.037535965,0.04650514,0.0055110552,0.096871,-0.00024724126,8.205766,0.58222777,6.3249717,-0.4148488,0.193742,-0.0004944825,0.2156505,0.015301159,0.07423648,-0.004869099,252.8153,250.69691,336.14764,-0.16737896,3.8319614,0.06185501
3,94,10,0.049,0.07300728,0.025992105,0.042066365,0.004948813,0.080610335,0.0065840916,7.8043404,0.31554613,5.993655,-0.49115652,0.16122067,0.013168183,0.20510086,0.008292666,0.0703478,-0.005764725,252.74274,250.4243,335.39484,0.1756104,3.8319614,0.033555776
3,95,10,0.049,0.0740425,0.028539231,0.041009713,0.004493555,0.08446779,0.0044396315,7.705699,0.21801846,5.7113166,-0.52843434,0.16893558,0.008879263,0.20250855,0.005729604,0.067033984,-0.0062022572,252.70084,250.17897,335.58203,0.31041586,3.8319614,0.031745095
3,96,10,0.049,0.07833844,0.032897353,0.041179795,0.00426129,0.09068814,-0.0014405302,7.7216616,0.5873797,5.561754,-0.6715672,0.18137628,-0.0028810604,0.20292805,0.015436542,0.06527856,-0.007882216,252.65692,250.012,335.65002,0.08418751,3.8319614,0.05281776
3,97,10,0.049,0.07047064,0.027963879,0.0381947,0.0043120603,0.08361202,0.0032815842,7.436528,0.08271531,5.594788,-0.88368446,0.16722403,0.0065631685,0.19543464,0.0021737837,0.06566628,-0.010371846,252.60474,249.87305,334.97064,0.8009691,3.8637946,0.023137368
3,98,10,0.049,0.07721144,0.031117667,0.041528344,0.004565433,0.088201,0.0015217653,7.7542715,-0.062976144,5.756814,-0.81457204,0.176402,0.0030435305,0.20378505,-0.0016550308,0.06756799,-0.00956067,252.65565,250.09976,335.43246,0.87754816,3.8637946,0.022503164
3,99,10,0.049,0.08914371,0.038238395,0.04598224,0.004923078,0.0977732,-0.002608519,8.159503,0.27390605,5.9780507,-0.9310468,0.1955464,-0.005217038,0.2144347,0.007198352,0.07016465,-0.010927738,252.716,250.45718,335.64267,0.65714073,3.8637946,0.053613152
3,100,10,0.049,0.07962766,0.029793786,0.044305325,0.005528554,0.08630438,0.0057470375,8.009339,-0.06304346,6.3350053,-0.99263847,0.17260876,0.011494075,0.2104883,-0.0016568117,0.074354246,-0.011650644,252.72076,250.54005,334.99017,1.055682,3.8637946,0.032439798
4,1,10,0.0343,0.15000926,0.053434793,0.07984291,0.016731562,0.115579836,0.0041375547,10.751941,0.8501266,11.020707,-2.4549296,0.23115967,0.008275109,0.28256488,0.02234163,0.12935054,-0.028813625,251.48538,245.98755,329.6221,1.604803,3.8957763,0.119710185
4,2,10,0.0343,0.15278175,0.056760855,0.07866363,0.017357254,0.119122684,-0.00073515374,10.672242,0.883134,11.22488,-2.3282685,0.23824537,-0.0014703075,0.28047037,0.023209084,0.13174693,-0.027326994,251.4845,245.95271,329.98843,1.4451345,3.8957763,0.11015438
4,3,10,0.0343,0.16547397,0.060336754,0.087227404,0.017909802,0.1228177,-0.0033439163,11.238159,1.3463049,11.402146,-2.3667529,0.2456354,-0.0066878325,0.29534286,0.035381373,0.13382751,-0.027778676,251.44176,245.7742,329.9349,1.020448,3.8957763,0.12573919
4,4,10,0.0343,0.15534945,0.055756237,0.08210222,0.017490992,0.11806379,0.0043681804,10.903004,1.1256126,11.268042,-2.5269341,0.23612759,0.008736361,0.28653485,0.029581487,0.13225351,-0.029658739,251.39401,245.6611,329.20462,1.4013215,3.8957763,0.1329226
4,5,10,0.0343,0.14911014,0.0575287,0.07495778,0.016623657,0.11992571,-0.0029722254,10.417826,1.1079977,10.985112,-2.4137566,0.23985142,-0.005944451,0.2737842,0.029118586,0.12893276,-0.028330375,251.38538,245.52797,329.6604,1.305759,3.9157228,0.13957179
4,6,10,0.0343,0.16024366,0.061936203,0.081319846,0.016987612,0.124434926,-0.0063706506,10.85093,1.5570226,11.104715,-2.553768,0.24886985,-0.012741301,0.28516635,0.040919103,0.13033654,-0.029973688,251.35942,245.43192,329.53757,0.99674535,3.9157228,0.15798539
4,7,10,0.0343,0.15430151,0.060065057,0.07704198,0.017194463,0.12254087,0.00042469875,10.5616665,1.2744018,11.172117,-2.5513995,0.24508174,0.0008493975,0.27756438,0.03349174,0.13112766,-0.029945891,251.32103,245.29393,328.82587,1.2769977,3.9157228,0.15414125
4,8,10,0.0343,0.16244842,0.063995965,0.08111937,0.017333081,0.12648712,-0.0038830028,10.837545,1.4079266,11.21706,-2.5017066,0.25297424,-0.0077660056,0.28481463,0.037000816,0.13165516,-0.029362652,251.35883,245.39586,329.11615,1.09378,3.9157228,0.14569186
4,9,10,0.0343,0.17128228,0.061649643,0.09176478,0.017867848,0.12414673,-0.007151499,11.526744,1.4515439,11.388783,-2.257099,0.24829346,-0.014302998,0.30292702,0.03814711,0.13367067,-0.026491674,251.3741,245.50882,329.2647,0.805555,3.9331126,0.14606212
4,10,10,0.0343,0.15984584,0.058537073,0.083618045,0.017690733,0.12097218,0.00093000766,11.003191,0.9775314,11.332197,-2.203773,0.24194436,0.0018600153,0.28916785,0.025689857,0.13300651,-0.025865776,251.35913,245.54474,328.921,1.2262416,3.9331126,0.14105885
4,11,10,0.0343,0.1535107,0.060071107,0.076123096,0.01731651,0.12254704,-0.003768561,10.498492,0.73792446,11.211699,-1.9871947,0.24509408,-0.007537122,0.27590415,0.019392934,0.13159221,-0.02332379,251.38995,245.61679,329.7373,1.2492702,3.9331126,0.13126808
4,12,10,0.0343,0.15869763,0.060817868,0.080960244,0.01691952,0.12330639,-0.0074756467,10.826911,0.97626716,11.082436,-1.9080219,0.24661279,-0.014951293,0.28453514,0.025656633,0.13007505,-0.02239455,251.40645,245.71907,330.12332,0.93175477,3.9331126,0.13979396
4,13,10,0.0343,0.14429304,0.055596437,0.07330002,0.015396574,0.117894486,0.00058606087,10.30198,0.38193458,10.571905,-1.4714509,0.23578897,0.0011721217,0.27073976,0.010037389,0.12408293,-0.017270477,251.39035,245.69887,329.69366,1.0895164,3.9479628,0.11209275
4,14,10,0.0343,0.14427656,0.058173567,0.07079861,0.015304385,0.120595984,-0.0032060319,10.124674,0.39390627,10.540208,-1.3544892,0.24119197,-0.0064120637,0.26608008,0.010351986,0.12371089,-0.015897699,251.43526,245.79126,330.37848,0.960583,3.9479628,0.10044051
4,15,10,0.0343,0.1500906,0.05748843,0.07645429,0.016147874,0.11988372,-0.006018908,10.521305,0.67571294,10.82677,-1.4677119,0.23976745,-0.012037816,0.27650368,0.017757965,0.12707429,-0.017226616,251.46913,245.97125,330.54373,0.791999,3.9479628,0.115443505
4,16,10,0.0343,0.13855839,0.049927946,0.07279992,0.015830517,0.11172281,0.0022259979,10.266777,0.2810672,10.7198515,-1.4108381,0.22344562,0.0044519957,0.2698146,0.007386535,0.12581939,-0.016559068,251.45085,245.94987,330.00537,1.129771,3.9479628,0.105105646
4,17,10,0.0343,0.14349344,0.05402346,0.073453516,0.016016472,0.11621474,-0.0009225923,10.312762,0.100299254,10.782629,-0.9126024,0.23242947,-0.0018451846,0.2710231,0.0026359076,0.1265562,-0.0107112555,251.46243,245.88786,330.37073,0.8123032,3.9616125,0.07096198
4,18,10,0.0343,0.15240698,0.052181724,0.08330269,0.016922567,0.114216596,-0.0036382724,10.982424,0.4321693,11.083433,-0.92537034,0.22843319,-0.007276545,0.28862205,0.0113575775,0.13008676,-0.010861117,251.47342,245.92506,330.55356,0.49320105,3.9616125,0.076413035
4,19,10,0.0343,0.14278397,0.048808463,0.0772367,0.0167388,0.11046319,0.0037500851,10.575003,0.10392314,11.023089,-1.0073717,0.22092637,0.0075001703,0.2779149,0.0027311642,0.12937851,-0.011823565,251.44014,245.84671,329.9778,0.9034485,3.9616125,0.07889126
4,20,10,0.0343,0.15127906,0.053212225,0.080716446,0.017350396,0.11533888,-0.00063061924,10.810598,0.24966647,11.222662,-1.083423,0.23067775,-0.0012612385,0.2841064,0.0065613226,0.1317209,-0.0127161825,251.39647,245.60231,330.13016,0.83375657,3.9616125,0.07916162
4,21,10,0.0343,0.16143435,0.054594975,0.089419834,0.017419547,0.11682784,-0.0043705544,11.378515,0.5167596,11.245005,-0.88852024,0.23365568,-0.008741109,0.2990315,0.013580621,0.13198313,-0.010428597,251.36478,245.49765,329.79556,0.37176067,3.9740815,0.070295826
4,22,10,0.0343,0.14910577,0.051730227,0.08072969,0.01664585,0.1137214,0.0045432583,10.811483,-0.0039033215,10.992442,-0.9202451,0.2274428,0.009086517,0.2841297,-0.00010260187,0.1290188,-0.010800954,251.35788,245.61037,329.23193,0.92414844,3.9740815,0.06785768
4,23,10,0.0343,0.1471277,0.053301286,0.07808591,0.01574051,0.115435354,0.0011320317,10.63298,0.18004061,10.689334,-0.8239749,0.23087071,0.0022640633,0.27943856,0.00473153,0.12546119,-0.009671021,251.41788,245.77628,329.91046,0.6439343,3.9740815,0.04982708
4,24,10,0.0343,0.15148963,0.05796577,0.078370094,0.015153766,0.12038041,-0.0036757498,10.652312,0.6414143,10.488213,-0.8500961,0.24076082,-0.0073514995,0.2799466,0.016856613,0.12310063,-0.009977613,251.49635,246.14761,330.26678,0.20868182,3.9740815,0.07195915
4,25,10,0.0343,0.13684265,0.05192082,0.07113943,0.01378239,0.1139307,0.005835219,10.149014,0.050952643,10.002383,-0.34068313,0.2278614,0.011670438,0.26671976,0.0013390455,0.117398426,-0.003998607,251.54857,246.42482,330.0003,0.2897305,3.9861796,0.045499917
4,26,10,0.0343,0.13210389,0.050917707,0.06863903,0.012547148,0.11282476,0.0008236908,9.96906,0.028551506,9.543633,-0.072763614,0.22564952,0.0016473816,0.26199052,0.000750349,0.112014055,-0.00085404183,251.61833,246.61017,331.06165,0.04421211,3.9861796,0.028689444
4,27,10,0.0343,0.14479062,0.058590982,0.073796794,0.012402848,0.12102787,-0.0022700785,10.336831,0.39615884,9.488595,-0.08424023,0.24205574,-0.004540157,0.27165565,0.010411195,0.111368075,-0.0009887266,251.64627,246.75551,331.3571,-0.31191862,3.9861796,0.04607077
4,28,10,0.0343,0.12575005,0.044839084,0.06881931,0.012091662,0.10587621,0.005425589,9.982143,0.09210005,9.368805,-0.0043507586,0.21175241,0.010851178,0.26233435,0.002420411,0.10996209,-5.1064926e-5,251.61095,246.65913,330.7418,-0.08774929,3.9861796,0.031636365
4,29,10,0.0343,0.12864186,0.050389558,0.06624806,0.01200424,0.112238094,0.0030515965,9.79389,-0.025190104,9.334876,0.4963547,0.22447619,0.006103193,0.25738698,-0.0006620041,0.109563865,0.005825735,251.5877,246.41501,331.17178,-0.47116458,3.9966147,0.04454431
4,30,10,0.0343,0.1353404,0.051067136,0.07174853,0.012524718,0.11299019,-0.00042470408,10.192371,0.37847745,9.535098,0.39625427,0.22598039,-0.00084940816,0.26785916,0.0099465195,0.11191389,0.0046508503,251.54083,246.20879,331.05783,-0.77473176,3.9966147,0.039858077
4,31,10,0.0343,0.12303594,0.04232952,0.06787569,0.012830728,0.102870695,0.007816491,9.913474,-0.087295994,9.650878,0.21159703,0.20574139,0.015632981,0.26052964,-0.0022941502,0.1132728,0.0024835244,251.50887,246.17061,330.21783,-0.12430103,3.9966147,0.044189025
4,32,10,0.0343,0.1253425,0.044058327,0.06924711,0.012037066,0.104950376,0.002499782,10.013122,-0.024833448,9.3476305,0.22677843,0.20990075,0.004999564,0.26314846,-0.0006526215,0.10971356,0.0026617073,251.51892,246.07646,330.7085,-0.20194498,3.9966147,0.047599494
4,33,10,0.0343,0.13527165,0.04895131,0.0748142,0.011506147,0.110624716,-0.00084280455,10.407842,0.1227921,9.139157,0.34954926,0.22124943,-0.0016856091,0.27352184,0.0032270171,0.10726671,0.0041026804,251.5595,246.28253,330.9527,-0.47234136,4.00441,0.045189057
4,34,10,0.0343,0.12141791,0.043720145,0.067193374,0.010504398,0.104546815,0.008515661,9.863519,-0.43257403,8.732263,0.47313944,0.20909363,0.017031321,0.25921685,-0.011368208,0.10249096,0.0055532637,251.60236,246.56198,330.7249,-0.0405654,4.00441,0.06265944
4,35,10,0.0343,0.11778586,0.046043906,0.062015783,0.009726174,0.10728922,0.0049228203,9.475885,-0.6866081,8.402572,0.7265944,0.21457843,0.0098456405,0.24902968,-0.018044313,0.09862137,0.008528064,251.68369,246.85423,331.91083,-0.039986312,4.00441,0.074219495
4,36,10,0.0343,0.12262446,0.049191173,0.064653695,0.008779588,0.11089542,-0.0002659651,9.675321,-0.38054988,7.983224,0.7821145,0.22179084,-0.0005319302,0.2542709,-0.010000994,0.093699455,0.009179716,251.70966,246.92606,332.56036,-0.40156463,4.00441,0.06236963
4,37,10,0.0343,0.11680744,0.045470215,0.06244335,0.008893867,0.10661873,0.009433381,9.508494,-0.97652507,8.035012,0.902425,0.21323746,0.018866763,0.24988668,-0.025663426,0.0943073,0.0105918,251.68602,246.95398,331.9382,0.07410008,4.0087786,0.07788313
4,38,10,0.0343,0.119555116,0.04995943,0.060819894,0.008775789,0.11175803,0.003907116,9.384076,-0.87817216,7.9814963,1.0617893,0.22351606,0.007814232,0.2466169,-0.023078691,0.09367918,0.012462267,251.72891,246.9965,332.70557,-0.18361712,4.0087786,0.07794661
4,39,10,0.0343,0.12407052,0.05194469,0.06371403,0.008411801,0.11395689,-0.0009103797,9.604753,-0.61801946,7.814221,1.1463771,0.22791378,-0.0018207594,0.25241637,-0.016241772,0.09171587,0.0134550715,251.80551,247.25537,333.29166,-0.5283576,4.0087786,0.07370599
4,40,10,0.0343,0.10949647,0.04281428,0.058361385,0.008320803,0.10345806,0.008359612,9.192452,-1.2896788,7.771839,1.0761127,0.20691612,0.016719224,0.24158101,-0.033893235,0.091218434,0.012630382,251.84036,247.60895,332.74945,0.21356606,4.0087786,0.08662278
4,41,10,0.0343,0.11809136,0.053047657,0.05698349,0.008060216,0.11516038,0.0044330037,9.08329,-1.4189742,7.649174,1.1758884,0.23032077,0.008866007,0.23871215,-0.037291158,0.08977871,0.013801459,251.84967,247.62352,333.3668,0.24308574,4.009569,0.11035851
4,42,10,0.0343,0.12460165,0.056266997,0.060681704,0.007652942,0.11860333,7.7657925e-5,9.373408,-0.9063986,7.453417,1.0578063,0.23720665,0.00015531585,0.24633656,-0.023820484,0.0874811,0.012415519,251.82063,247.49806,333.34778,-0.15140766,4.009569,0.08969541
4,43,10,0.0343,0.105431944,0.039964218,0.058019083,0.0074486407,0.09995526,0.009441373,9.165456,-1.3299072,7.3532567,0.9668872,0.19991052,0.018882746,0.2408715,-0.034950446,0.08630551,0.0113484,251.75667,247.36436,332.58057,0.36302,4.009569,0.10231847
4,44,10,0.0343,0.10612928,0.04145992,0.057314556,0.0073548015,0.10180855,0.0054113455,9.109637,-1.3665689,7.3067904,1.012467,0.2036171,0.010822691,0.23940459,-0.035913933,0.08576014,0.011883377,251.75406,247.33728,333.1325,0.3541019,4.009569,0.109210946
4,45,10,0.0343,0.11219872,0.043203752,0.061559547,0.0074354205,0.10392756,-0.00067253533,9.440964,-0.7899817,7.346729,0.8473868,0.20785512,-0.0013450707,0.24811196,-0.020760998,0.086228885,0.009945817,251.75087,247.24596,333.38138,-0.057405055,4.0070424,0.090439446
4,46,10,0.0343,0.11044017,0.04027741,0.06207376,0.008088997,0.10034616,0.007596562,9.480313,-1.182834,7.6628184,0.77357966,0.20069233,0.015193124,0.24914606,-0.031085303,0.08993885,0.009079537,251.77733,247.46088,332.64722,0.40925437,4.0070424,0.08337368
4,47,10,0.0343,0.12077041,0.04519592,0.06721794,0.00835656,0.10629666,0.0031036579,9.865323,-1.3580507,7.7885203,0.7446415,0.21259332,0.0062073157,0.25926423,-0.035690065,0.09141422,0.008739896,251.8837,247.8972,333.23486,0.6134092,4.0070424,0.08962334
4,48,10,0.0343,0.13503854,0.05361386,0.07318859,0.0082360925,0.115773335,0.0017029459,10.294146,-1.0589814,7.7321787,0.7323001,0.23154667,0.0034058918,0.2705339,-0.02783042,0.09075292,0.008595043,251.95697,248.17603,333.52853,0.32668132,4.0070424,0.078681655
4,49,10,0.0343,0.11712074,0.039172992,0.06956704,0.008380709,0.09896084,0.008460516,10.036227,-1.537055,7.7997665,0.5541879,0.19792168,0.016921032,0.26375565,-0.04039437,0.091546215,0.006504528,251.98871,248.43456,333.1714,0.9828671,4.0016804,0.085130006
4,50,10,0.0343,0.11528745,0.04206829,0.06496412,0.008255035,0.10255278,0.0039506867,9.698521,-1.738944,7.741064,0.84292173,0.20510556,0.007901373,0.2548806,-0.045700084,0.09085722,0.009893405,252.04028,248.54955,334.13818,0.8960223,4.0016804,0.109709814
4,51,10,0.0343,0.115442164,0.04600422,0.06168615,0.007751791,0.10724297,-0.0024253807,9.450667,-1.174218,7.5013986,0.75721574,0.21448594,-0.0048507615,0.24836697,-0.030858884,0.088044256,0.008887473,252.04901,248.50142,334.4906,0.41700232,4.0016804,0.08864109
4,52,10,0.0343,0.10111294,0.039111607,0.05460888,0.00739245,0.09888327,0.0067235217,8.892018,-1.5812002,7.325469,0.8446552,0.19776654,0.0134470435,0.23368543,-0.041554518,0.08597936,0.009913757,252.0489,248.57379,333.93295,0.736545,4.0016804,0.09335609
4,53,10,0.0343,0.1085258,0.044545427,0.056096345,0.007884026,0.105528936,0.0014324439,9.012307,-1.7364708,7.5651097,0.6744128,0.21105787,0.0028648877,0.23684667,-0.045635063,0.08879203,0.007915612,252.10217,248.67752,334.759,1.062058,3.9926755,0.089042604
4,54,10,0.0343,0.11292196,0.04721383,0.0580069,0.007701224,0.10864372,-0.0040318035,9.164494,-1.375466,7.4768915,0.6971419,0.21728744,-0.008063607,0.24084622,-0.036147743,0.08775662,0.008182387,252.15839,248.89178,335.2411,0.6783241,3.9926755,0.077360444
4,55,10,0.0343,0.09509912,0.03763514,0.05043629,0.0070276884,0.09699889,0.0055318302,8.545555,-1.7307628,7.1424546,0.64407885,0.19399779,0.0110636605,0.22458026,-0.045485083,0.08383131,0.0075595803,252.14552,248.97527,334.49622,1.086684,3.9926755,0.08499563
4,56,10,0.0343,0.10517129,0.045573402,0.052450493,0.007147401,0.10673964,0.001627621,8.7145195,-1.7849554,7.203031,0.6446363,0.21347928,0.003255242,0.22902073,-0.046909273,0.084542304,0.0075661233,252.16563,248.95494,335.03085,1.1403191,3.9926755,0.09109359
4,57,10,0.0343,0.11270013,0.04803238,0.0575795,0.007088253,0.109581456,-0.006132785,9.13067,-1.2634416,7.1731644,0.2348316,0.21916291,-0.01226557,0.23995729,-0.0332037,0.08419176,0.0027562277,252.21974,249.13956,335.59366,1.02861,3.980006,0.07168496
4,58,10,0.0343,0.09625958,0.035263952,0.054012503,0.0069831274,0.09389349,0.0052427463,8.843329,-1.6467363,7.1197734,0.23224933,0.18778698,0.010485493,0.2324059,-0.04327684,0.08356511,0.0027259218,252.2242,249.2552,334.86465,1.4144869,3.980006,0.07347637
4,59,10,0.0343,0.09718332,0.039386407,0.05131634,0.0064805737,0.09923004,0.002009038,8.619785,-1.8021029,6.8587966,0.37979943,0.19846009,0.004018076,0.2265311,-0.047359914,0.08050201,0.004457721,252.25099,249.3451,335.478,1.4223034,3.980006,0.08698066
4,60,10,0.0343,0.10982492,0.04919282,0.054057844,0.0065742475,0.11089727,-0.005436359,8.84704,-1.316432,6.9081903,0.22629571,0.22179455,-0.010872718,0.23250343,-0.03459631,0.08108173,0.0026560419,252.25557,249.36505,335.61356,1.0901363,3.980006,0.06988492
4,61,10,0.0343,0.095407926,0.034641482,0.053751748,0.0070147016,0.09306111,0.003458608,8.821958,-1.4303815,7.1358514,-0.09591987,0.18612222,0.006917216,0.23184423,-0.037590943,0.08375382,-0.0011258167,252.24901,249.40437,334.93948,1.5263014,3.964402,0.06275437
4,62,10,0.0343,0.10827901,0.041945986,0.058437638,0.00789539,0.102403596,0.0010549354,9.198457,-1.566414,7.57056,0.0023180644,0.20480719,0.0021098708,0.24173878,-0.041165926,0.088856004,2.7207714e-5,252.32558,249.5437,335.60464,1.564096,3.964402,0.072145306
4,63,10,0.0343,0.12279994,0.050122846,0.06439422,0.008282875,0.11194066,-0.0052518314,9.655886,-1.3938526,7.7541075,-0.10343394,0.22388132,-0.010503663,0.25376016,-0.036630955,0.0910103,-0.0012140109,252.41063,249.87823,336.078,1.4972866,3.964402,0.07045019
4,64,10,0.0343,0.108704925,0.037303243,0.0628219,0.008579774,0.09657024,0.0035582893,9.537273,-1.9474434,7.8918557,-0.024986133,0.19314048,0.0071165785,0.250643,-0.05117952,0.09262707,-0.0002932645,252.39987,249.94855,335.55576,1.9724295,3.964402,0.08188889
4,65,10,0.0343,0.10733569,0.038426857,0.06008804,0.008820786,0.09801385,-0.0019668431,9.327444,-1.803044,8.001932,-0.2763727,0.1960277,-0.0039336863,0.24512862,-0.047384653,0.09391904,-0.0032437975,252.43793,249.98969,336.1816,2.0794168,3.9469843,0.07546517
4,66,10,0.0343,0.11193905,0.0436589,0.05947729,0.00880286,0.10447356,-0.0076599633,9.279921,-1.3719851,7.993797,-0.24799845,0.20894712,-0.015319927,0.24387966,-0.036056265,0.09382356,-0.0029107702,252.49147,250.13948,336.7227,1.6199836,3.9469843,0.0639521
4,67,10,0.0343,0.10106259,0.036582194,0.055594478,0.0088859135,0.09563236,-0.00024915705,8.971902,-1.7096233,8.031419,-0.25052777,0.19126472,-0.0004983141,0.23578481,-0.044929523,0.094265126,-0.0029404552,252.5421,250.49251,336.14316,1.9601511,3.9469843,0.06901694
4,68,10,0.0343,0.106328025,0.04412926,0.052384492,0.00981428,0.10503483,-0.002739852,8.709035,-1.9421546,8.440544,-0.089309596,0.21006966,-0.005479704,0.22887659,-0.05104053,0.09906705,-0.001048229,252.64836,250.87527,336.95502,2.0314643,3.9469843,0.07873298
4,69,10,0.0343,0.11497698,0.049066465,0.055097237,0.010813276,0.11075476,-0.008831213,8.931689,-1.3496531,8.859716,-0.4019529,0.22150952,-0.017662426,0.23472801,-0.03546937,0.103986904,-0.004717741,252.72878,251.15634,337.51657,1.751606,3.927248,0.06461111
4,70,10,0.0343,0.104906514,0.04028853,0.054433603,0.010184374,0.10036001,-0.0006084016,8.877735,-1.7460932,8.598216,-0.42403203,0.20072003,-0.0012168032,0.2333101,-0.045887966,0.10091766,-0.004976885,252.73627,251.30557,336.856,2.1701252,3.927248,0.07425069
4,71,10,0.0343,0.1075471,0.044019926,0.05431754,0.009209628,0.10490463,-0.00299392,8.868266,-1.7843797,8.176402,-0.46227565,0.20980926,-0.00598784,0.23306124,-0.04689414,0.09596681,-0.0054257526,252.74945,251.2673,337.2481,2.2466555,3.927248,0.07514502
4,72,10,0.0343,0.120046206,0.055218555,0.05582326,0.0090043945,0.117493145,-0.010695811,8.990343,-1.152113,8.0847845,-0.51672095,0.23498629,-0.021391623,0.23626946,-0.030277941,0.09489149,-0.0060647773,252.74371,251.13281,337.53748,1.668834,3.927248,0.058420178
4,73,10,0.0343,0.097413614,0.036495604,0.051590953,0.009327053,0.09551911,-0.0030154514,8.642819,-1.0693502,8.228362,-0.7242077,0.19103822,-0.0060309027,0.22713642,-0.028102908,0.09657667,-0.008500055,252.7106,251.0554,336.92218,1.7935579,3.905829,0.059497736
4,74,10,0.0343,0.1137021,0.047499925,0.055558674,0.010643503,0.108972386,-0.004058287,8.969012,-1.3911117,8.789891,-0.6372755,0.21794477,-0.008116574,0.23570888,-0.036558922,0.103167355,-0.0074797315,252.74266,251.17712,337.433,2.0283873,3.905829,0.06442767
4,75,10,0.0343,0.1294917,0.057728965,0.06060908,0.011153656,0.120134264,-0.007694289,9.367799,-0.9113243,8.998079,-0.7418492,0.24026853,-0.015388578,0.24618912,-0.023949927,0.10561087,-0.008707118,252.74878,251.12689,337.5535,1.6531734,3.905829,0.045272805
4,76,10,0.0343,0.11147128,0.03978491,0.061256096,0.01043028,0.099730775,0.0007010655,9.417667,-1.0331911,8.701402,-0.84647346,0.19946155,0.001402131,0.24749969,-0.027152639,0.102128744,-0.009935099,252.6774,250.86427,336.4027,1.8796645,3.905829,0.05805147
4,77,10,0.0343,0.10695696,0.041502573,0.05595074,0.009503651,0.1018609,-0.0040434496,9.000603,-0.9770434,8.305896,-1.0560886,0.2037218,-0.008086899,0.23653908,-0.025677063,0.097486675,-0.012395358,252.69275,250.84819,336.8709,2.033132,3.883533,0.052572902
4,78,10,0.0343,0.11513505,0.04850634,0.05699231,0.009636402,0.11012077,-0.012312947,9.083993,-0.5750638,8.363704,-0.87456936,0.22024155,-0.024625894,0.23873062,-0.015112882,0.09816518,-0.010264861,252.75479,251.04369,337.6767,1.4496331,3.883533,0.048033632
4,79,10,0.0343,0.09816232,0.035712555,0.05282113,0.00962864,0.09448883,-0.0026233308,8.745255,-1.0048511,8.360335,-0.6323997,0.18897766,-0.0052466616,0.22982848,-0.026407843,0.09812563,-0.007422501,252.79759,251.38222,337.34265,1.6372508,3.883533,0.052206416
4,80,10,0.0343,0.10913548,0.045664497,0.052950606,0.010520376,0.106846265,-0.004849522,8.755968,-1.461801,8.738902,-0.5096142,0.21369253,-0.009699044,0.23010999,-0.03841666,0.10256889,-0.0059813648,252.90764,251.84032,338.06448,1.9714153,3.883533,0.06435409
4,81,10,0.0343,0.11542434,0.052842803,0.05195859,0.01062295,0.11493781,-0.011543215,8.673559,-0.80745536,8.781401,-0.72147995,0.22987562,-0.02308643,0.22794427,-0.021220217,0.103067696,-0.008468041,252.98552,252.18015,338.57312,1.5289353,3.8609395,0.062055387
4,82,10,0.0343,0.10170461,0.042347107,0.049031537,0.010325969,0.10289206,-0.00079735735,8.425709,-1.066172,8.657782,-0.60172164,0.20578413,-0.0015947147,0.22143066,-0.028019382,0.10161678,-0.0070624305,252.98318,252.24307,338.20218,1.6678936,3.8609395,0.061031517
4,83,10,0.0343,0.111815855,0.049618244,0.05175162,0.010445986,0.111375764,-0.0057001174,8.656267,-1.2046299,8.707951,-0.61265767,0.22275153,-0.011400235,0.22748983,-0.0316581,0.102205604,-0.007190788,253.01448,252.27315,338.689,1.8172876,3.8609395,0.06353405
4,84,10,0.0343,0.12097302,0.05416025,0.056240603,0.010572164,0.116361775,-0.0107142255,9.023887,-0.6779304,8.760385,-0.73465616,0.23272355,-0.021428451,0.23715101,-0.017816255,0.10282103,-0.008622692,253.0058,252.12405,338.7848,1.4125866,3.8609395,0.05141026
4,85,10,0.0343,0.10207336,0.037657477,0.053812783,0.010603098,0.097027674,-0.0020105033,8.826964,-0.577227,8.7731905,-0.8619813,0.19405535,-0.0040210066,0.23197582,-0.01516974,0.102971345,-0.010117113,252.96378,251.96094,337.83273,1.4392083,3.8380017,0.054085534
4,86,10,0.0343,0.110626325,0.04666296,0.052935652,0.011027705,0.10800806,-0.0050858213,8.754731,-0.790228,8.94713,-0.7060249,0.21601611,-0.0101716425,0.23007749,-0.020767476,0.10501288,-0.008286648,253.00513,252.07866,338.42636,1.4962529,3.8380017,0.05069472
4,87,10,0.0343,0.11942976,0.054336622,0.053856123,0.011237015,0.11655109,-0.011120517,8.830519,-0.54159844,9.031642,-0.7190539,0.23310217,-0.022241034,0.23206922,-0.0142333945,0.10600479,-0.008439569,253.04996,252.25008,338.80862,1.2606523,3.8380017,0.05617187
4,88,10,0.0343,0.100658834,0.04029734,0.050056547,0.010304945,0.10037099,-0.0013167127,8.513323,-1.1283191,8.648963,-0.5838116,0.20074198,-0.0026334254,0.2237332,-0.029652644,0.101513274,-0.006852226,253.0715,252.50024,338.42062,1.7121308,3.8380017,0.058477253
4,89,10,0.0343,0.103082076,0.04359013,0.04979279,0.00969916,0.10439125,-0.003700774,8.490865,-1.1910695,8.390895,-0.50161564,0.2087825,-0.007401548,0.22314298,-0.03130174,0.098484315,-0.005887484,253.12903,252.72978,339.10883,1.6926851,3.815907,0.05242989
4,90,10,0.0343,0.10903403,0.049788833,0.049416613,0.009828583,0.11156706,-0.010860508,8.45873,-0.79674184,8.446692,-0.3618785,0.22313412,-0.021721017,0.22229847,-0.02093866,0.09913921,-0.00424738,253.19055,252.9767,339.9791,1.1586204,3.815907,0.05927696
4,91,10,0.0343,0.096250564,0.040504772,0.04557118,0.010174621,0.10062899,-0.0014388525,8.12295,-1.0046208,8.594099,-0.31791463,0.20125797,-0.002877705,0.21347407,-0.02640179,0.10086933,-0.0037313772,253.16197,252.96255,339.35107,1.3225354,3.815907,0.052919567
4,92,10,0.0343,0.10446341,0.04409699,0.049155634,0.011210782,0.10499642,-0.0036455307,8.436364,-1.1489516,9.021094,-0.358917,0.20999284,-0.0072910613,0.2217107,-0.030194866,0.10588098,-0.0042126225,253.14983,252.77824,339.51648,1.5078686,3.815907,0.057083547
4,93,10,0.0343,0.11293298,0.047133353,0.05387759,0.011922035,0.108551085,-0.01255037,8.832278,-0.209204,9.302858,-0.42632085,0.21710217,-0.02510074,0.23211546,-0.0054979613,0.10918807,-0.005003751,253.14429,252.70616,339.71542,0.63552487,3.7952054,0.048437893
4,94,10,0.0343,0.098319426,0.03803682,0.048918143,0.011364461,0.09751515,-0.0010598211,8.41596,-0.45777553,9.082714,-0.44233787,0.1950303,-0.0021196422,0.22117446,-0.01203051,0.106604226,-0.005191743,253.129,252.73032,339.0012,0.9001134,3.7952054,0.046933554
4,95,10,0.0343,0.10675405,0.041819867,0.05354731,0.01138687,0.10224953,-0.0045277555,8.805164,-0.66066164,9.091665,-0.41960713,0.20449907,-0.009055511,0.23140292,-0.017362436,0.10670928,-0.004924949,253.17705,252.87677,339.54602,1.0802687,3.7952054,0.047821812
4,96,10,0.0343,0.12510253,0.056566022,0.056382768,0.01215375,0.11891806,-0.011748615,9.035284,-0.20811293,9.392829,-0.5307585,0.23783612,-0.02349723,0.23745055,-0.0054692645,0.11024405,-0.006229526,253.20222,252.97981,339.80756,0.73887146,3.7952054,0.051858086
4,97,10,0.0343,0.10246032,0.04097422,0.05008318,0.011402918,0.101210445,-0.0023232347,8.515588,-0.10688535,9.098068,-0.5195571,0.20242089,-0.0046464694,0.22379272,-0.002808973,0.10678445,-0.006098061,253.1803,252.97487,339.07257,0.6264425,3.7753808,0.049309354
4,98,10,0.0343,0.10816252,0.04630221,0.050533663,0.011326647,0.107589744,-0.003485245,8.5538,-0.32204676,9.06759,-0.3715583,0.21517949,-0.00697049,0.22479694,-0.008463503,0.10642672,-0.004360997,253.22455,253.06142,339.78668,0.69360507,3.7753808,0.04615985
4,99,10,0.0343,0.11581257,0.046594117,0.056931235,0.012287212,0.10792835,-0.008463929,9.079124,0.2497346,9.444259,-0.40892816,0.2158567,-0.016927859,0.23860267,0.006563095,0.1108477,-0.004799608,253.23868,253.03003,339.90695,0.15919356,3.7753808,0.040454827
4,100,10,0.0343,0.11665776,0.045053493,0.059011538,0.012592734,0.10612904,0.00038189787,9.243515,0.08556605,9.560954,-0.5021715,0.21225809,0.00076379575,0.2429229,0.0022486919,0.11221735,-0.0058940058,253.24452,253.11577,339.07358,0.41660547,3.7753808,0.055431522
5,1,10,0.024009999,0.10299055,0.036952935,0.05518133,0.010856288,0.09611573,0.0020101606,8.938501,2.0545714,8.877319,-2.217234,0.19223146,0.004020321,0.23490706,0.05399487,0.10419351,-0.026023773,251.9297,247.44241,331.65866,0.1626625,3.7574704,0.089190334
5,2,10,0.024009999,0.10232971,0.03623179,0.055271767,0.010826149,0.09517325,-0.00082862994,8.945824,2.0962157,8.86499,-2.2417486,0.1903465,-0.0016572599,0.23509948,0.05508931,0.10404878,-0.026311507,251.91301,247.3999,331.92078,0.14553285,3.7574704,0.09401914
5,3,10,0.024009999,0.11254393,0.04142685,0.060358085,0.010759001,0.101767935,-0.0036730953,9.348381,2.4651859,8.837454,-2.2825356,0.20353587,-0.0073461905,0.24567883,0.06478596,0.103725605,-0.026790222,251.89253,247.30864,332.1189,-0.18265033,3.7574704,0.10939604
5,4,10,0.024009999,0.114819676,0.040717524,0.06282062,0.011281539,0.10089292,0.0022515962,9.537176,2.2111857,9.049517,-2.3479064,0.20178583,0.0045031924,0.25064042,0.058110762,0.10621459,-0.027557483,251.84,247.16252,331.39966,0.13672066,3.7574704,0.10611212
5,5,10,0.024009999,0.11847784,0.04241697,0.06452311,0.011537771,0.1029769,-0.00047582854,9.665544,2.2782998,9.151709,-2.0812993,0.2059538,-0.0009516571,0.254014,0.059874557,0.107414015,-0.024428308,251.83673,247.09525,331.76297,-0.1970005,3.74693,0.101433195
5,6,10,0.024009999,0.12341169,0.04578626,0.06586026,0.0117651755,0.106988624,-0.003809075,9.765183,2.60334,9.241456,-2.1158838,0.21397725,-0.00761815,0.25663254,0.0684167,0.10846739,-0.02483422,251.85161,247.1824,332.06934,-0.48745608,3.74693,0.1156557
5,7,10,0.024009999,0.114813015,0.041513808,0.061626393,0.011672813,0.10187469,0.0017417696,9.44609,2.4018593,9.20511,-2.1602433,0.20374937,0.0034835392,0.24824664,0.06312172,0.108040795,-0.025354877,251.79951,247.01662,331.40503,-0.24161601,3.74693,0.11333458
5,8,10,0.024009999,0.10869849,0.040565327,0.056944355,0.011188806,0.10070418,-0.0014380864,9.080171,2.3479254,9.012246,-2.045249,0.20140836,-0.0028761728,0.23863016,0.061704326,0.10577715,-0.024005186,251.7921,246.96126,331.9131,-0.30267644,3.74693,0.10616699
5,9,10,0.024009999,0.11679764,0.04420757,0.061185196,0.011404874,0.10512798,-0.004593518,9.412215,2.8242471,9.098849,-1.8092192,0.21025597,-0.009187036,0.24735641,0.07422222,0.106793605,-0.021234892,251.76144,246.83763,332.03156,-1.0150279,3.7373595,0.120837465
5,10,10,0.024009999,0.1165936,0.042051982,0.062099237,0.012442383,0.1025329,0.002431555,9.482258,2.5328689,9.503706,-1.8760992,0.2050658,0.00486311,0.24919719,0.06656471,0.11154543,-0.022019856,251.74753,246.89249,331.30453,-0.65676963,3.7373595,0.11330341
5,11,10,0.024009999,0.1198563,0.043101955,0.063279375,0.013474973,0.10380505,0.0007974474,9.571937,2.3960762,9.890202,-1.9366992,0.2076101,0.0015948948,0.25155392,0.062969744,0.11608175,-0.022731125,251.77234,247.00319,331.48267,-0.45937705,3.7373595,0.11101363
5,12,10,0.024009999,0.13149092,0.044658285,0.07284815,0.013984479,0.10566253,-0.0026073332,10.270177,2.6961713,10.075447,-1.975066,0.21132506,-0.0052146665,0.26990396,0.070856355,0.11825599,-0.02318144,251.75824,246.97261,331.60645,-0.72110534,3.7373595,0.12141685
5,13,10,0.024009999,0.12934065,0.04169627,0.07386776,0.013776614,0.10209832,0.0043715746,10.341801,2.4889772,10.000288,-1.8140863,0.20419665,0.008743149,0.27178624,0.06541122,0.117373824,-0.021292023,251.66917,246.6039,330.70862,-0.6748909,3.7290568,0.117184594
5,14,10,0.024009999,0.1298224,0.04348661,0.07225986,0.0140759405,0.10426722,0.0025466878,10.228623,2.4777994,10.108343,-1.7924688,0.20853443,0.0050933757,0.26881194,0.06511747,0.11864207,-0.021038283,251.64122,246.35202,330.86053,-0.6853306,3.7290568,0.11492056
5,15,10,0.024009999,0.14112608,0.0499406,0.075453155,0.015732339,0.11173697,-0.0013294118,10.452191,2.7343087,10.686559,-2.0885277,0.22347394,-0.0026588235,0.27468738,0.07185861,0.12542862,-0.024513148,251.65053,246.48929,330.76068,-0.64578104,3.7290568,0.12888962
5,16,10,0.024009999,0.13507411,0.047280267,0.07127808,0.016515762,0.10872013,0.004794171,10.158898,2.456455,10.949406,-2.1672916,0.21744026,0.009588342,0.26697955,0.06455652,0.12851366,-0.02543761,251.64189,246.52403,330.03214,-0.28916335,3.7290568,0.12566239
5,17,10,0.024009999,0.13927962,0.052441467,0.07012819,0.01670997,0.11450051,0.0037076513,10.076622,2.3410704,11.013593,-1.7489165,0.22900102,0.0074153026,0.26481727,0.06152417,0.12926705,-0.020527115,251.69113,246.58797,330.483,-0.5921539,3.7221653,0.112631254
5,18,10,0.024009999,0.1449739,0.052959617,0.0759543,0.016059974,0.115064785,-0.0016471493,10.486846,2.4975848,10.797263,-1.6116812,0.23012957,-0.0032942987,0.27559808,0.065637454,0.12672795,-0.018916378,251.74704,246.83626,331.0978,-0.8859036,3.7221653,0.11146922
5,19,10,0.024009999,0.13752319,0.049318604,0.07186495,0.016339635,0.11103896,0.005074495,10.200636,2.0180345,10.890866,-1.4175911,0.22207792,0.01014899,0.2680764,0.053034667,0.12782659,-0.016638335,251.73543,246.91031,330.8805,-0.60044336,3.7221653,0.09595917
5,20,10,0.024009999,0.13964668,0.050719336,0.07245487,0.016472474,0.11260477,0.0024188291,10.242418,1.9189833,10.935044,-1.2229166,0.22520953,0.0048376583,0.26917443,0.05043157,0.12834513,-0.014353432,251.736,246.88573,331.4387,-0.69606674,3.7221653,0.08755851
5,21,10,0.024009999,0.14712222,0.05370037,0.076636165,0.016785687,0.1158667,-0.0014150946,10.5338125,2.167052,11.038519,-0.96562886,0.2317334,-0.0028301892,0.27683237,0.05695092,0.12955959,-0.011333634,251.70766,246.8292,331.38092,-1.2014232,3.7165608,0.09221317
5,22,10,0.024009999,0.1420353,0.049838014,0.07554315,0.016654141,0.11162215,0.006033713,10.458424,2.2162926,10.995179,-0.98370945,0.2232443,0.012067426,0.27485114,0.058244955,0.12905093,-0.011545846,251.62161,246.47144,330.4631,-1.2325832,3.7165608,0.09975345
5,23,10,0.024009999,0.14775662,0.0520257,0.07913836,0.016592566,0.11404572,0.0032474564,10.704397,2.482824,10.974834,-1.0377157,0.22809143,0.006494913,0.28131542,0.06524951,0.12881213,-0.012179727,251.60036,246.1791,330.59714,-1.4451084,3.7165608,0.10981943
5,24,10,0.024009999,0.15669332,0.05135015,0.08837151,0.016971665,0.11330286,0.0010069401,11.31162,2.798549,11.099501,-1.2039295,0.22660571,0.0020138803,0.29727346,0.073546864,0.13027534,-0.01413058,251.59848,246.19765,330.64407,-1.5946194,3.7165608,0.121588744
5,25,10,0.024009999,0.15329303,0.04882134,0.088060476,0.016411219,0.11047776,0.009382402,11.291695,2.1660516,10.914696,-0.9382648,0.22095552,0.018764803,0.29674986,0.0569246,0.12810628,-0.01101246,251.5711,246.23584,330.2085,-1.2277868,3.7123818,0.109320715
5,26,10,0.024009999,0.16165383,0.05275186,0.091806255,0.017095711,0.11483887,0.0048094564,11.52935,2.167327,11.139989,-0.9968522,0.22967774,0.009618913,0.30299547,0.05695815,0.13075057,-0.011700098,251.56552,246.21484,330.34766,-1.1704748,3.7123818,0.1148654
5,27,10,0.024009999,0.17501527,0.055695746,0.101142585,0.01817695,0.11799973,0.0009017469,12.101401,2.6081986,11.486872,-1.1549404,0.23599946,0.0018034938,0.31802922,0.06854438,0.13482192,-0.0135555845,251.57599,246.31929,330.25964,-1.4532583,3.7123818,0.12402886
5,28,10,0.024009999,0.17800777,0.056607544,0.10363151,0.017768713,0.1189617,0.007460162,12.2493925,2.3180153,11.357147,-1.051512,0.2379234,0.014920324,0.3219185,0.060918298,0.13329934,-0.012341651,251.59839,246.45122,329.89453,-1.2665033,3.7123818,0.116464674
5,29,10,0.024009999,0.1702508,0.05707493,0.095867455,0.017308418,0.1194518,0.0055963886,11.781601,1.9812785,11.209078,-0.68491924,0.2389036,0.011192777,0.3096247,0.05206873,0.13156146,-0.008038931,251.67664,246.63313,330.5558,-1.2963593,3.7097194,0.09454173
5,30,10,0.024009999,0.16741812,0.05930174,0.09004686,0.018069524,0.12175974,0.0016489117,11.418341,2.0672343,11.452876,-0.76734126,0.24351948,0.0032978235,0.3000781,0.054327685,0.13442293,-0.009006317,251.74124,246.94148,330.9665,-1.299893,3.7097194,0.088826776
5,31,10,0.024009999,0.15387185,0.053516276,0.082710184,0.01764539,0.115667924,0.008643541,10.943296,1.6949369,11.317665,-0.6918028,0.23133585,0.017287081,0.28759378,0.04454355,0.13283595,-0.008119715,251.78235,247.16203,330.69553,-1.003134,3.7097194,0.08537005
5,32,10,0.024009999,0.1589674,0.059506495,0.082295045,0.017165864,0.12196977,0.005130338,10.915799,1.6669827,11.162824,-0.53020114,0.24393953,0.010260676,0.28687114,0.043808907,0.13101856,-0.0062229945,251.83568,247.33522,331.29395,-1.1367815,3.7097194,0.08007516
5,33,10,0.024009999,0.15929997,0.060538307,0.08278302,0.015978627,0.12302267,0.004286785,10.948114,1.8376869,10.769882,0.001923224,0.24604534,0.00857357,0.28772038,0.048295084,0.1264066,2.2575108e-5,251.83029,247.26535,331.707,-1.8396101,3.708312,0.0748708
5,34,10,0.024009999,0.14520378,0.051533297,0.0791607,0.014509779,0.11350473,0.011767844,10.705907,1.4914646,10.262937,-0.13789321,0.22700946,0.023535687,0.2813551,0.039196227,0.12045655,-0.0016184624,251.75317,247.05484,330.89493,-1.3535714,3.708312,0.079220235
5,35,10,0.024009999,0.14834498,0.05223518,0.081746325,0.014363478,0.11427508,0.0074817617,10.879345,1.5512141,10.211065,-0.21068811,0.22855017,0.0149635235,0.28591314,0.040766466,0.11984773,-0.0024728582,251.69357,246.77925,331.0666,-1.340526,3.708312,0.08385112
5,36,10,0.024009999,0.1536114,0.05203931,0.086119495,0.015452608,0.11406063,0.004124262,11.166559,2.1169062,10.5911255,-0.25910687,0.22812127,0.008248524,0.29346123,0.055633016,0.12430852,-0.0030411421,251.63428,246.45364,330.87018,-1.8577993,3.708312,0.097685225
5,37,10,0.024009999,0.15493648,0.049720436,0.08896959,0.016246459,0.1114904,0.010346994,11.349833,1.6407648,10.859769,-0.0079842,0.2229808,0.020693988,0.2982777,0.043119874,0.1274616,-9.3708135e-5,251.5642,246.17097,329.99222,-1.6327807,3.7085893,0.09930516
5,38,10,0.024009999,0.16683967,0.052879393,0.09707736,0.016882917,0.1149776,0.008759399,11.855713,1.6148093,11.070442,0.029411085,0.2299552,0.017518798,0.3115724,0.04243778,0.12993428,0.0003452012,251.59126,246.22708,330.16437,-1.6442204,3.7085893,0.10028055
5,39,10,0.024009999,0.17457132,0.051511765,0.10469387,0.018365698,0.113481015,0.005986871,12.312018,1.7894844,11.546356,-0.02572077,0.22696203,0.011973742,0.32356432,0.047028296,0.1355201,-0.0003018885,251.66286,246.55106,330.369,-1.7637637,3.7085893,0.09439281
5,40,10,0.024009999,0.17562845,0.051385887,0.10528356,0.018959023,0.11334228,0.01227396,12.346645,1.361701,11.731384,-0.15850306,0.22668456,0.02454792,0.32447428,0.035785973,0.13769177,-0.0018603441,251.67981,246.81598,329.82855,-1.203198,3.7085893,0.09502132
5,41,10,0.024009999,0.1712072,0.056261558,0.09604746,0.018898187,0.1185976,0.009560148,11.792656,0.8198672,11.712544,2.4660669e-5,0.2371952,0.019120296,0.30991524,0.021546394,0.13747068,2.9140048e-7,251.6887,246.85928,330.2493,-0.81989187,3.710567,0.074420184
5,42,10,0.024009999,0.16743912,0.058502063,0.09061189,0.018325163,0.120936,0.0054760054,11.454108,1.1087713,11.5336075,-0.06978075,0.241872,0.010952011,0.3010181,0.029138884,0.13537046,-0.0008190184,251.778,247.22313,330.5536,-1.0389906,3.710567,0.05895902
5,43,10,0.024009999,0.1535653,0.056273494,0.07904841,0.0182434,0.11861017,0.010904748,10.698312,0.6315733,11.507848,-0.16855012,0.23722035,0.021809496,0.2811555,0.01659795,0.13506813,-0.001978277,251.85898,247.60878,330.14212,-0.4630232,3.710567,0.048295747
5,44,10,0.024009999,0.14856537,0.057175834,0.07428174,0.017107796,0.11955734,0.008221244,10.370739,0.6355727,11.143927,0.07057452,0.23911469,0.016442489,0.27254677,0.016703065,0.13079678,0.0008283384,251.96504,247.90495,330.96844,-0.7061472,3.710567,0.043248735
5,45,10,0.024009999,0.15261306,0.05889195,0.07813548,0.015585638,0.121338315,0.0028514005,10.636355,0.6871378,10.636616,0.42437327,0.24267663,0.005702801,0.27952725,0.018058218,0.12484245,0.0049808943,252.00241,248.01602,331.8133,-1.111511,3.7145083,0.043678142
5,46,10,0.024009999,0.13836218,0.0511458,0.07253683,0.014679549,0.113077186,0.0105757965,10.248208,0.3551799,10.322801,0.54453945,0.22615437,0.021151593,0.26932663,0.009334285,0.12115919,0.0063912747,251.9425,247.87,331.25687,-0.89971936,3.7145083,0.054055907
5,47,10,0.024009999,0.13906957,0.052553922,0.072081864,0.014433788,0.11462321,0.0068350914,10.216018,0.5252365,10.236026,0.7304507,0.22924642,0.013670183,0.26848066,0.013803386,0.1201407,0.008573332,251.8973,247.56396,331.6931,-1.2556872,3.7145083,0.074776225
5,48,10,0.024009999,0.14507917,0.052391253,0.07844268,0.014245245,0.11444568,0.002366778,10.657243,0.98216665,10.168951,0.7047024,0.22889136,0.004733556,0.2800762,0.025811702,0.11935344,0.008271119,251.8574,247.30278,331.77066,-1.686869,3.7145083,0.07031823
5,49,10,0.024009999,0.13925864,0.049947295,0.07555154,0.013759813,0.111744456,0.009075246,10.459004,0.37475216,9.994187,0.66454387,0.22348891,0.018150492,0.2748664,0.00984861,0.11730223,0.007799784,251.79463,247.12,331.02963,-1.039296,3.7197902,0.07118359
5,50,10,0.024009999,0.14045914,0.050988067,0.07583788,0.013633188,0.112902686,0.0057802885,10.478806,0.15523337,9.948095,0.6358011,0.22580537,0.011560577,0.27538678,0.0040795924,0.116761245,0.0074624247,251.76424,247.01587,331.4111,-0.79103446,3.7197902,0.06923403
5,51,10,0.024009999,0.14606215,0.05430083,0.07840945,0.013351879,0.11651269,0.0005097472,10.654984,0.6330989,9.844925,0.47928813,0.23302539,0.0010194944,0.28001687,0.016638076,0.11555033,0.005625431,251.76073,246.95998,331.43484,-1.1123871,3.7197902,0.061087146
5,52,10,0.024009999,0.1289279,0.04569388,0.07024134,0.012992677,0.106880635,0.0090681715,10.084748,0.13569503,9.711595,0.46832675,0.21376127,0.018136343,0.26503083,0.003566106,0.11398543,0.0054967767,251.76147,247.05354,330.86423,-0.6040218,3.7197902,0.06483949
5,53,10,0.024009999,0.12700123,0.04641758,0.06825852,0.012325132,0.1077237,0.005321985,9.941389,-0.2083307,9.458821,0.57992244,0.2154474,0.01064397,0.2612633,-0.0054750154,0.11101861,0.006806583,251.78201,247.0932,331.53244,-0.37159175,3.7258599,0.07675295
5,54,10,0.024009999,0.14046879,0.050787892,0.07740778,0.012273111,0.112680845,0.00013773188,10.58671,0.3223231,9.438838,0.4773045,0.22536169,0.00027546377,0.27822253,0.008470748,0.110784076,0.005602148,251.75732,247.03282,331.53613,-0.7996276,3.7258599,0.07042332
5,55,10,0.024009999,0.13631137,0.04670694,0.076943085,0.012661334,0.108058944,0.00822269,10.554884,-0.063467935,9.586961,0.37954634,0.21611789,0.01644538,0.27738616,-0.001667986,0.112522595,0.0044547524,251.70964,246.94446,330.70377,-0.31607842,3.7258599,0.072189994
5,56,10,0.024009999,0.13467176,0.045372423,0.07678072,0.012518613,0.106504016,0.0037576694,10.543742,-0.038156528,9.532775,0.44810116,0.21300803,0.0075153387,0.27709335,-0.0010027838,0.111886606,0.0052593816,251.71472,246.8268,331.07678,-0.40994462,3.7258599,0.08130929
5,57,10,0.024009999,0.13927276,0.05037628,0.07746092,0.011435557,0.112223305,-0.0020839204,10.590342,0.14329606,9.11108,0.37900966,0.22444661,-0.004167841,0.27831802,0.0037658864,0.10693716,0.0044484525,251.74261,246.88336,331.40277,-0.5223057,3.7327235,0.0746305
5,58,10,0.024009999,0.13042422,0.04346106,0.07591375,0.011049399,0.10423658,0.0063926983,10.484045,-0.24352843,8.955927,0.36378202,0.20847316,0.012785397,0.2755245,-0.0064000166,0.10511612,0.004269725,251.76784,247.0774,330.8976,-0.12025359,3.7327235,0.075169384
5,59,10,0.024009999,0.13585259,0.049378265,0.0757234,0.010750923,0.111106105,0.002948944,10.470894,-0.33175597,8.834136,0.50511307,0.22221221,0.005897888,0.27517885,-0.008718688,0.10368666,0.005928533,251.81009,247.19342,331.57693,-0.1733571,3.7327235,0.08309075
5,60,10,0.024009999,0.13625209,0.04746578,0.078659214,0.010127091,0.10893321,-0.0014218421,10.671943,0.13193442,8.574002,0.6094547,0.21786642,-0.0028436843,0.2804625,0.0034672709,0.10063345,0.007153199,251.8271,247.18439,332.02386,-0.7413891,3.7327235,0.0750219
5,61,10,0.024009999,0.1306597,0.0428606,0.07757526,0.010223829,0.10351401,0.005443027,10.598157,-0.579999,8.614856,0.47089687,0.20702802,0.010886054,0.27852336,-0.0152426055,0.101112954,0.005526935,251.82045,247.24779,331.4709,0.10910216,3.739783,0.073335744
5,62,10,0.024009999,0.13689372,0.05143995,0.07560707,0.0098467,0.11340188,0.0023927493,10.462847,-0.5208153,8.4544735,0.61388606,0.22680376,0.0047854986,0.2749674,-0.013687211,0.09923054,0.0072052046,251.85136,247.31183,332.07355,-0.093070745,3.739783,0.0898961
5,63,10,0.024009999,0.14451255,0.055329375,0.079291664,0.009891515,0.11761098,-0.0037739517,10.71476,-0.10373588,8.473691,0.5757933,0.23522197,-0.0075479033,0.28158775,-0.0027262033,0.099456094,0.0067581157,251.88222,247.49052,332.41263,-0.47205746,3.739783,0.08328897
5,64,10,0.024009999,0.12725502,0.0435298,0.073651396,0.010073833,0.104318984,0.0058486215,10.326643,-0.4136317,8.551426,0.5233433,0.20863797,0.011697243,0.2713879,-0.010870399,0.100368485,0.006142508,251.88353,247.6301,331.77225,-0.10971162,3.739783,0.06347481
5,65,10,0.024009999,0.13325551,0.050354917,0.0729131,0.009987486,0.11219951,0.0017959358,10.2747555,-0.5593633,8.514699,0.4850151,0.22439902,0.0035918716,0.27002427,-0.014700278,0.09993741,0.005692646,251.94456,247.81776,332.4188,0.07434821,3.7470322,0.079709314
5,66,10,0.024009999,0.13427879,0.049423672,0.07504009,0.009815034,0.11115718,-0.002757287,10.423542,-0.16118614,8.440868,0.49486533,0.22231436,-0.005514574,0.27393445,-0.004236043,0.099070854,0.005808267,251.9811,247.86868,332.7556,-0.3336792,3.7470322,0.07052855
5,67,10,0.024009999,0.12221889,0.042526226,0.07059181,0.009100855,0.10310944,0.0046690786,10.109876,-0.7898589,8.127974,0.38139158,0.20621888,0.009338157,0.2656912,-0.020757776,0.0953984,0.004476409,251.95908,247.85027,332.09238,0.4084673,3.7470322,0.06825592
5,68,10,0.024009999,0.12418784,0.046463024,0.0691892,0.008535621,0.10777642,0.0021166166,10.008934,-1.108162,7.871524,0.4399798,0.21555284,0.004233233,0.2630384,-0.029122893,0.09238842,0.005164068,251.95798,247.84036,332.73065,0.66818225,3.7470322,0.08404967
5,69,10,0.024009999,0.13536638,0.054582253,0.072594374,0.008189749,0.116814226,-0.0055114026,10.252273,-0.8222733,7.7103934,0.14671588,0.23362845,-0.011022805,0.26943344,-0.021609643,0.09049723,0.0017220083,251.94585,247.74454,333.17484,0.67555743,3.7542975,0.0819372
5,70,10,0.024009999,0.11163498,0.038023874,0.06545407,0.008157032,0.09749856,0.003370567,9.735024,-1.1702824,7.694977,0.18118271,0.19499712,0.006741134,0.25583994,-0.030755457,0.09031629,0.0021265491,251.89183,247.46109,332.3891,0.9890996,3.7542975,0.06987022
5,71,10,0.024009999,0.11560831,0.042948708,0.0649769,0.0076827067,0.10362035,0.0020822815,9.699473,-1.3226783,7.4678974,0.20605668,0.2072407,0.004164563,0.25490567,-0.034760457,0.08765105,0.0024184976,251.87717,247.30116,332.8141,1.1166216,3.7542975,0.0867215
5,72,10,0.024009999,0.12216859,0.04704553,0.06765406,0.0074690063,0.108449906,-0.0065869708,9.897275,-0.7801899,7.3633018,0.058780245,0.21689981,-0.0131739415,0.26010394,-0.020503668,0.08642341,0.0006899075,251.86253,247.26639,332.99905,0.7214096,3.7542975,0.074035935
5,73,10,0.024009999,0.1029858,0.03389455,0.061760888,0.0073303557,0.09205236,0.0024059596,9.456391,-1.140413,7.2946386,-0.14043672,0.18410473,0.0048119193,0.24851738,-0.029970476,0.0856175,-0.0016483129,251.8346,247.3052,332.22296,1.2808498,3.760909,0.06374333
5,74,10,0.024009999,0.105972834,0.040028594,0.05850107,0.0074431705,0.100035734,-0.0019930522,9.203448,-1.3214542,7.3505564,-0.0019624499,0.20007147,-0.0039861044,0.24186994,-0.03472828,0.08627381,-2.3027864e-5,251.85014,247.29285,332.9184,1.3234166,3.760909,0.07852393
5,75,10,0.024009999,0.125947,0.05317813,0.06528245,0.0074864184,0.11530192,-0.007948363,9.722252,-0.84058416,7.37188,-0.07298163,0.23060384,-0.015896726,0.2555043,-0.022090854,0.08652409,-0.0008565874,251.8964,247.4456,333.2302,0.9135658,3.760909,0.07734014
5,76,10,0.024009999,0.10136716,0.036310446,0.05784838,0.0072083287,0.0952765,0.0012782412,9.151963,-1.3942776,7.233667,-0.0473854,0.190553,0.0025564823,0.2405169,-0.03664212,0.08490188,-0.00055616314,251.92053,247.67448,332.59378,1.441663,3.760909,0.0705157
5,77,10,0.024009999,0.10597072,0.041487202,0.057551228,0.0069322907,0.10184204,-0.0013897315,9.1284275,-1.7486063,7.0938106,-0.12768231,0.20368408,-0.002779463,0.23989837,-0.04595401,0.08326038,-0.0014986125,251.96014,247.8445,333.231,1.8762887,3.7673097,0.083634496
5,78,10,0.024009999,0.12660165,0.0527952,0.066304006,0.007502449,0.11488603,-0.0072460044,9.798024,-1.2503604,7.379769,-0.08226221,0.22977206,-0.014492009,0.25749564,-0.032859925,0.08661668,-0.0009655158,252.00821,248.01172,333.7614,1.3326225,3.7673097,0.08113653
5,79,10,0.024009999,0.107527114,0.035844058,0.06372268,0.00796038,0.09466264,0.00059963425,9.605405,-1.5790441,7.601654,-0.09302382,0.18932527,0.0011992685,0.2524335,-0.041497853,0.08922096,-0.0010918246,252.05559,248.25343,333.18335,1.6720679,3.7673097,0.07148328
5,80,10,0.024009999,0.109279096,0.042814966,0.058574658,0.007889472,0.10345889,-0.0015006686,9.209235,-1.8644737,7.5677223,0.18215911,0.20691778,-0.0030013372,0.24202202,-0.048999034,0.0888227,0.0021380137,252.1686,248.64134,334.27966,1.6823146,3.7673097,0.09586356
5,81,10,0.024009999,0.116462424,0.046260167,0.061766014,0.008436246,0.10754088,-0.008294106,9.456783,-1.6150618,7.8255677,0.12608337,0.21508177,-0.016588213,0.24852769,-0.042444404,0.09184904,0.0014798467,252.28911,249.14929,335.26147,1.4889784,3.7728205,0.09249183
5,82,10,0.024009999,0.10057462,0.033661306,0.058698945,0.00821437,0.09173509,0.00025225265,9.219,-2.1062286,7.7219734,0.11934192,0.18347017,0.0005045053,0.24227865,-0.05535244,0.09063316,0.0014007242,252.32536,249.3917,334.78503,1.9868866,3.7728205,0.09284639
5,83,10,0.024009999,0.10387832,0.039257735,0.0568849,0.0077356817,0.09906782,-0.0015321976,9.075429,-2.2324383,7.4936,0.22715235,0.19813564,-0.0030643952,0.23850556,-0.058669277,0.087952726,0.0026660953,252.36333,249.53279,335.49985,2.005286,3.7728205,0.101141624
5,84,10,0.024009999,0.13081868,0.06177222,0.061725482,0.0073209777,0.12427009,-0.007076354,9.45368,-1.8427051,7.28997,0.12617277,0.24854018,-0.014152708,0.24844614,-0.04842696,0.08556271,0.0014808943,252.37671,249.61235,335.74902,1.7165323,3.7728205,0.10681199
5,85,10,0.024009999,0.09319833,0.029874293,0.056515545,0.0068084905,0.08642091,-0.0007769958,9.0459175,-2.3143938,7.030183,-0.11353803,0.17284182,-0.0015539916,0.23772998,-0.060823094,0.08251358,-0.0013325991,252.32497,249.47733,335.0535,2.4279318,3.7771237,0.09681524
5,86,10,0.024009999,0.09685788,0.035120215,0.055262882,0.006474787,0.093701944,-0.0024770764,8.945106,-2.4710853,6.8557343,-0.087676845,0.18740389,-0.0049541527,0.23508058,-0.06494101,0.08046606,-0.0010290673,252.35551,249.61409,335.5321,2.558762,3.7771237,0.104987204
5,87,10,0.024009999,0.111433975,0.045796312,0.059203107,0.00643455,0.107000366,-0.009087259,9.258506,-1.989129,6.8343987,-0.18344682,0.21400073,-0.018174518,0.24331689,-0.05227503,0.08021565,-0.002153123,252.40019,249.85085,336.04053,2.1725757,3.7771237,0.10168919
5,88,10,0.024009999,0.088787094,0.02842153,0.053337514,0.007028052,0.08429343,0.00033318214,8.7879,-2.1802979,7.142639,-0.02799691,0.16858687,0.00066636427,0.23094916,-0.05729901,0.08383348,-0.0003286034,252.39801,249.82166,335.63815,2.2082949,3.7771237,0.08749262
5,89,10,0.024009999,0.098546244,0.037497796,0.053023018,0.008025428,0.09682174,-0.0034205,8.761953,-2.3267746,7.6326494,-0.14905779,0.19364348,-0.006841,0.23026727,-0.061148483,0.08958475,-0.0017494975,252.50975,250.20506,336.29306,2.4758325,3.780616,0.09303825
5,90,10,0.024009999,0.120044924,0.048317723,0.06357332,0.008153875,0.109906465,-0.0085366145,9.594143,-1.9838779,7.6934876,-0.012642388,0.21981293,-0.017073229,0.2521375,-0.052137017,0.09029881,-0.00014838396,252.65073,250.79605,336.99985,1.9965203,3.780616,0.096713625
5,91,10,0.024009999,0.10539761,0.03739477,0.06022576,0.00777708,0.096688636,0.00027453928,9.338127,-2.433008,7.5136247,0.039022233,0.19337727,0.00054907857,0.24540937,-0.06394034,0.088187754,0.000458006,252.70831,251.1598,336.5606,2.3939857,3.780616,0.100518174
5,92,10,0.024009999,0.10463723,0.041312207,0.05619501,0.007130013,0.10162702,-0.0015234414,9.020228,-2.8562613,7.1942635,0.24079426,0.20325404,-0.0030468828,0.23705487,-0.07506358,0.084439404,0.002826212,252.7719,251.45676,337.47513,2.615467,3.780616,0.12127611
5,93,10,0.024009999,0.11644777,0.050613765,0.058539633,0.007294374,0.11248752,-0.0073072165,9.206481,-2.2205927,7.2767124,0.03272048,0.22497503,-0.014614433,0.24194965,-0.058358,0.08540711,0.00038404265,252.80453,251.54283,338.03406,2.1878722,3.7827718,0.10847414
5,94,10,0.024009999,0.09649694,0.03322934,0.0556027,0.0076649045,0.091144584,-0.0002208045,8.972566,-2.3541312,7.4592404,-0.005029977,0.18228917,-0.000441609,0.23580225,-0.061867423,0.08754944,-5.9035992e-5,252.75833,251.28905,337.06793,2.3591611,3.7827718,0.09706347
5,95,10,0.024009999,0.106794946,0.04094918,0.057574566,0.008271192,0.10117952,-0.004461546,9.130278,-2.6133695,7.7486353,0.076050945,0.20235904,-0.008923092,0.239947,-0.06868029,0.09094609,0.00089261297,252.82788,251.49962,337.7303,2.5373185,3.7827718,0.106921665
5,96,10,0.024009999,0.11300978,0.04877752,0.055845737,0.008386519,0.11042817,-0.01152737,8.992152,-2.0854673,7.8024697,0.035496105,0.22085634,-0.02305474,0.23631702,-0.05480683,0.09157794,0.0004166187,252.91252,251.85129,338.27765,2.0499713,3.7827718,0.10415798
5,97,10,0.024009999,0.092782274,0.035305325,0.04945534,0.008021608,0.09394856,-0.001597495,8.462044,-2.377918,7.6308327,-0.021542039,0.18789712,-0.00319499,0.22238557,-0.062492553,0.08956343,-0.0002528384,252.95337,252.1496,337.9032,2.39946,3.7833068,0.101766676
5,98,10,0.024009999,0.10347201,0.04346158,0.051816408,0.008194022,0.10423721,-0.0033165347,8.661685,-2.691683,7.712404,0.16759104,0.20847441,-0.0066330694,0.22763218,-0.07073842,0.09052084,0.0019670224,253.03215,252.3767,338.63232,2.524092,3.7833068,0.115390785
5,99,10,0.024009999,0.11069412,0.048001748,0.054635268,0.008057104,0.109546505,-0.009595151,8.894165,-2.0753562,7.6476984,0.1571583,0.21909301,-0.019190302,0.23374188,-0.054541115,0.08976138,0.001844575,253.06293,252.37425,339.13977,1.918198,3.7833068,0.10611032
5,100,10,0.024009999,0.09664903,0.035336368,0.053226877,0.008085778,0.09398985,-0.00016535232,8.77878,-2.5550082,7.6612935,0.06871752,0.1879797,-0.00033070464,0.23070951,-0.06714655,0.08992095,0.00080653874,253.03831,252.37259,338.34848,2.4862907,3.7833068,0.10849275
