ic,traj,n_steps,eta,loss_total,loss_T,loss_olw,loss_slwd,rmse_T,bias_T,rmse_olw,bias_olw,rmse_slwd,bias_slwd,nrmse_T,nbias_T,nrmse_olw,nbias_olw,nrmse_slwd,nbias_slwd,mean_T,mean_olw,mean_slwd,bias_C,pnorm,gnorm
1,1,10,0.01,2.698784,0.88102555,1.6666065,0.1511519,0.4693148,-0.09292636,46.06373,33.48793,32.28189,-17.90742,0.9386296,-0.18585272,1.2909712,0.93852496,0.3887826,-0.21566556,254.12619,263.45593,358.02652,-15.580511,17.000746,10.364951
1,2,10,0.01,2.7018178,0.9511572,1.5994744,0.15118624,0.48763645,-0.10652198,45.126453,32.25379,32.28556,-17.721897,0.9752729,-0.21304396,1.2647033,0.90393716,0.38882676,-0.21343125,254.07217,262.88437,358.02374,-14.531895,17.000746,10.067393
1,3,10,0.01,0.7129931,0.33231437,0.2948805,0.08579821,0.28823358,0.0050647827,19.376062,7.228238,24.321552,-11.331758,0.57646716,0.010129565,0.543029,0.20257686,0.29291332,-0.13647248,254.02754,262.37332,357.94232,4.1035194,16.98558,2.9847002
1,4,10,0.01,0.53933144,0.20132041,0.26481903,0.07319202,0.22434372,0.024694571,18.36188,6.4795637,22.463842,-9.784347,0.44868743,0.049389143,0.5146057,0.18159473,0.27054024,-0.11783643,253.97198,262.02548,356.13483,3.3047829,16.98558,2.2845294
1,5,10,0.01,0.59679866,0.19391568,0.37823257,0.024650397,0.22017929,0.066323005,21.944315,-12.242592,13.036593,-1.1887844,0.44035858,0.13264601,0.61500615,-0.34310803,0.15700445,-0.014316966,254.02142,261.94742,356.85443,13.431376,16.98758,3.4194443
1,6,10,0.01,0.5190464,0.14002383,0.35013777,0.028884798,0.18709879,0.047924284,21.113585,-11.437156,14.111944,-1.9536207,0.37419757,0.09584857,0.5917244,-0.32053503,0.16995528,-0.023528162,254.09952,262.114,357.49268,13.390777,16.98758,3.2046256
1,7,10,0.01,0.5142333,0.20977476,0.28395653,0.02050201,0.22900587,0.053835396,19.01378,-11.379479,11.889138,2.768525,0.45801175,0.10767079,0.5328757,-0.31891865,0.14318523,0.03334236,254.11798,262.1786,356.09888,8.610954,16.99036,3.2055993
1,8,10,0.01,0.57376504,0.25695324,0.29569498,0.021116868,0.25345278,0.055524707,19.402803,-11.51126,12.0661,3.3025513,0.50690556,0.11104941,0.5437784,-0.3226118,0.14531644,0.039773826,254.21822,262.3425,356.94724,8.208709,16.99036,3.2291732
1,9,10,0.01,0.28595978,0.13545434,0.12635094,0.024154479,0.18402061,0.010334138,12.683285,-5.5457826,12.904793,3.622115,0.36804122,0.020668276,0.35545877,-0.15542479,0.15541711,0.04362245,254.27585,262.45233,357.46332,1.9236677,16.99254,1.570317
1,10,10,0.01,0.31048515,0.16898432,0.11708651,0.024414338,0.20553851,0.02159293,12.209445,-5.5492573,12.974024,4.41633,0.41107702,0.04318586,0.34217906,-0.15552217,0.15625088,0.053187467,254.2244,262.14313,356.00366,1.1329274,16.99254,1.7840889
1,11,10,0.01,0.25328034,0.13581476,0.09841535,0.019050226,0.18426527,-0.0069478066,11.193707,1.1104394,11.460465,4.13039,0.36853054,-0.013895613,0.3137122,0.031120902,0.13802256,0.04974379,254.20238,261.7462,356.14694,-5.2408295,16.994284,1.1555842
1,12,10,0.01,0.22004491,0.08922406,0.10932063,0.02150021,0.14935198,-0.020246224,11.797598,2.338615,12.175128,3.7575738,0.29870397,-0.04049245,0.3306367,0.065541476,0.1466295,0.045253832,254.1617,261.2863,355.87576,-6.0961885,16.994284,1.1967704
1,13,10,0.01,0.20403242,0.053978536,0.13569881,0.014355084,0.116166405,-0.023280162,13.144092,4.6625204,9.9484415,2.3500557,0.23233281,-0.046560325,0.3683732,0.13067068,0.119812705,0.02830257,254.03793,260.68378,353.79544,-7.012576,16.995949,1.6327312
1,14,10,0.01,0.22157744,0.07497419,0.13225693,0.014346332,0.13690707,-0.02413956,12.976326,4.6009226,9.945409,2.7883492,0.27381414,-0.04827912,0.36367145,0.12894435,0.119776174,0.033581104,254.02538,260.3358,354.08557,-7.3892717,16.995949,1.5852183
1,15,10,0.01,0.2256204,0.119745255,0.09197369,0.013901452,0.17302114,-0.040815912,10.821174,2.8513875,9.78999,0.52129716,0.34604228,-0.081631824,0.30327165,0.079912305,0.11790442,0.006278169,254.00264,259.99554,354.00638,-3.3726847,16.998053,1.361548
1,16,10,0.01,0.18544874,0.07459801,0.09688652,0.0139641985,0.13656318,-0.031497218,11.106423,3.0517526,9.81206,0.98885614,0.27312636,-0.062994435,0.311266,0.085527696,0.11817021,0.011909155,253.91304,259.5771,352.0819,-4.040609,16.998053,1.216957
1,17,10,0.01,0.1732275,0.113430314,0.04721776,0.012579429,0.16839708,-0.029344343,7.753454,-0.84929204,9.312852,0.09939398,0.33679417,-0.058688685,0.21729648,-0.023802059,0.11215805,0.0011970359,253.93317,259.3738,352.15924,0.7498981,17.001066,0.8478851
1,18,10,0.01,0.21921997,0.15617822,0.048113022,0.014928728,0.19759695,-0.034415755,7.8266125,-0.6252386,10.145269,-0.14496921,0.3951939,-0.06883151,0.2193468,-0.017522797,0.122183174,-0.0017459146,253.95609,259.31708,352.4184,0.7702078,17.001066,1.028343
1,19,10,0.01,0.16199031,0.08679115,0.062267147,0.012932013,0.14730169,-0.008159921,8.903731,-2.7131958,9.442462,0.092315905,0.29460338,-0.016319841,0.24953386,-0.07603938,0.11371901,0.001111794,253.92033,259.25238,351.03433,2.62088,17.004845,0.98105794
1,20,10,0.01,0.1768332,0.10578479,0.059813086,0.011235328,0.16262287,-0.011068073,8.726511,-3.382747,8.801265,0.26559812,0.32524574,-0.022136146,0.24456714,-0.09480406,0.10599683,0.0031986984,253.93623,259.09378,351.75656,3.1171489,17.004845,1.070343
1,21,10,0.01,0.16595988,0.086012885,0.067899406,0.01204759,0.14663976,0.004406514,9.2977,-3.3772926,9.113859,0.5908926,0.29327953,0.008813028,0.26057515,-0.09465119,0.109761514,0.00711633,253.93173,258.9217,351.56573,2.7864,17.00877,1.0574888
1,22,10,0.01,0.14312536,0.063553095,0.06833,0.011242278,0.1260487,0.014713661,9.327134,-3.1463625,8.803986,1.1951109,0.2520974,0.029427322,0.26140007,-0.088179216,0.10602961,0.014393153,253.87091,258.59018,349.73508,1.9512516,17.00877,0.9616243
1,23,10,0.01,0.12040647,0.055349402,0.05506996,0.00998711,0.11763227,0.024775242,8.373363,-1.3665358,8.297975,1.5374839,0.23526454,0.049550485,0.2346699,-0.038298234,0.09993553,0.018516477,253.90208,258.54556,350.11783,-0.17094815,17.01253,0.57971483
1,24,10,0.01,0.14237028,0.07183976,0.05911165,0.011418874,0.1340147,0.018224832,8.675192,-1.3578318,8.872864,1.5299683,0.2680294,0.036449663,0.24312888,-0.03805428,0.10685913,0.01842596,253.87923,258.2182,350.01047,-0.17213643,17.01253,0.6145758
1,25,10,0.01,0.12779307,0.056853957,0.060605414,0.010333703,0.11922034,0.033228006,8.784121,1.5478078,8.440733,1.7918038,0.23844068,0.06645601,0.24618167,0.04337849,0.10165482,0.021579346,253.80774,257.86633,348.36423,-3.3396115,17.016432,0.5996544
1,26,10,0.01,0.1307759,0.065031886,0.05579014,0.009953876,0.12750675,0.031543717,8.427937,1.4765807,8.284158,1.698884,0.2550135,0.06308743,0.23619936,0.04138229,0.099769115,0.020460283,253.80797,257.6465,348.76996,-3.1754646,17.016432,0.56513923
1,27,10,0.01,0.12069793,0.0513437,0.05982472,0.009529508,0.11329574,0.017024787,8.72736,3.1349301,8.105642,0.956104,0.22659148,0.034049574,0.24459092,0.087858826,0.0976192,0.011514712,253.76137,257.30212,348.59082,-4.091034,17.020506,0.7263021
1,28,10,0.01,0.12769523,0.057705466,0.060794562,0.009195205,0.12010981,0.026518704,8.797817,3.1333835,7.9621973,1.1413329,0.24021962,0.05303741,0.24656554,0.087815486,0.09589163,0.013745491,253.63908,256.8477,347.0647,-4.2747164,17.020506,0.7664752
1,29,10,0.01,0.13075854,0.06460707,0.057820342,0.008331129,0.1270896,0.015077892,8.579912,3.3185585,7.578864,0.05423675,0.2541792,0.030155784,0.24045861,0.09300515,0.09127502,0.0006531922,253.59093,256.51694,347.43814,-3.372795,17.024868,0.7656739
1,30,10,0.01,0.12916987,0.06032935,0.059880152,0.008960364,0.12281017,0.005577162,8.731402,3.0764,7.859864,-0.049080204,0.24562034,0.011154324,0.24470422,0.08621845,0.0946592,-0.0005910926,253.53535,256.10153,347.4113,-3.02732,17.024868,0.75039953
1,31,10,0.01,0.11089559,0.05495118,0.047152404,0.008792007,0.11720834,0.005903959,7.748086,1.9528931,7.7856746,-0.33732727,0.23441668,0.011807918,0.21714604,0.05473132,0.093765706,-0.0040625515,253.43236,255.63963,345.8952,-1.6155659,17.029358,0.63805866
1,32,10,0.01,0.112171,0.055978805,0.047122825,0.0090693785,0.1182992,0.003684764,7.7456565,2.2500966,7.907532,-0.3867236,0.2365984,0.007369528,0.21707793,0.063060686,0.095233284,-0.004657453,253.4472,255.54053,346.1294,-1.8633729,17.029358,0.6042477
1,33,10,0.01,0.0888565,0.036393493,0.041340675,0.011122331,0.095385395,-0.012834852,7.2548976,0.39660692,8.756894,-1.2193234,0.19077079,-0.025669703,0.20332406,0.011115209,0.10546246,-0.014684754,253.4884,255.64792,346.41162,0.8227165,17.033686,0.30848128
1,34,10,0.01,0.091367185,0.042184852,0.03849376,0.010688576,0.10269476,-0.004148457,7.0006394,0.46834403,8.584443,-1.0062178,0.20538951,-0.008296914,0.19619827,0.013125695,0.10338557,-0.012118248,253.46251,255.60284,345.49905,0.5378738,17.033686,0.41517138
1,35,10,0.01,0.083398595,0.034022853,0.03704037,0.012335378,0.09222642,-0.0140398005,6.8672085,-0.49243593,9.22207,-1.6533178,0.18445285,-0.028079601,0.19245875,-0.013800891,0.11106475,-0.019911505,253.49072,255.50749,346.19006,2.1457539,17.037466,0.32132214
1,36,10,0.01,0.085130155,0.037177943,0.034992743,0.012959465,0.09640791,-0.019861445,6.6746964,-0.5240182,9.452478,-1.6761668,0.19281583,-0.03972289,0.18706347,-0.014686014,0.11383965,-0.020186692,253.52458,255.52205,346.27533,2.200185,17.037466,0.33879864
1,37,10,0.01,0.076552905,0.02515371,0.03874547,0.0126537215,0.07929961,-0.015060584,7.023491,-1.0641958,9.340311,-1.3711954,0.15859921,-0.030121168,0.19683869,-0.0298249,0.11248876,-0.016513806,253.50154,255.45331,345.02084,2.4353912,17.040356,0.39766312
1,38,10,0.01,0.085034885,0.032526746,0.038735576,0.013772562,0.09017587,-0.019556677,7.0225935,-1.005628,9.7445,-1.894728,0.18035173,-0.039113354,0.19681355,-0.028183484,0.11735656,-0.0228189,253.51733,255.41158,345.2503,2.9003558,17.040356,0.38808534
1,39,10,0.01,0.08958691,0.03828884,0.03877023,0.012527844,0.09783767,-0.024297781,7.0257344,-1.1482639,9.293737,-1.6374844,0.19567534,-0.048595563,0.19690157,-0.03218097,0.11192785,-0.019720824,253.50417,255.26111,345.0583,2.7857485,17.042248,0.5257523
1,40,10,0.01,0.07272334,0.026797041,0.03454287,0.011383424,0.08184901,-0.01574718,6.6316514,-0.58299434,8.859079,-1.6556879,0.16369802,-0.03149436,0.18585712,-0.016338855,0.106693126,-0.019940054,253.43977,254.99014,344.03595,2.2386823,17.042248,0.37730426
1,41,10,0.01,0.080583185,0.036266103,0.03358399,0.0107330885,0.09521831,-0.01535872,6.53896,0.4670866,8.602299,-1.3636336,0.19043662,-0.03071744,0.18325935,0.0130904615,0.10360062,-0.01642274,253.41592,254.71915,344.27866,0.896547,17.043259,0.3427453
1,42,10,0.01,0.08629032,0.041485216,0.034415107,0.010389997,0.1018396,-0.01815645,6.619376,0.2625817,8.463694,-1.3180391,0.2036792,-0.0363129,0.1855131,0.0073590484,0.10193133,-0.015873622,253.37709,254.401,344.08145,1.0554574,17.043259,0.41651055
1,43,10,0.01,0.07285514,0.027797954,0.035780866,0.009276317,0.08336359,-0.005357695,6.7494435,1.6241101,7.997237,-0.26970464,0.16672719,-0.01071539,0.1891583,0.04551692,0.09631364,-0.003248157,253.27707,254.00465,342.53033,-1.3544054,17.043713,0.31783363
1,44,10,0.01,0.08054604,0.03461385,0.034806374,0.011125809,0.09302399,-0.008340801,6.6568985,2.041808,8.758263,-0.91702026,0.18604799,-0.016681602,0.18656467,0.057223223,0.10547895,-0.011044013,253.23347,253.67189,342.60065,-1.1247876,17.043713,0.39173466
1,45,10,0.01,0.08055581,0.03789746,0.032447826,0.010210531,0.09733635,-0.004478105,6.4274,2.3072088,8.390278,0.31153747,0.1946727,-0.00895621,0.1801328,0.06466128,0.10104717,0.003751957,253.16629,253.27046,342.34106,-2.6187463,17.043823,0.42362785
1,46,10,0.01,0.06707232,0.023940753,0.03330831,0.009823256,0.077364,0.0019964825,6.5120664,2.7063758,8.229623,0.5462834,0.154728,0.003992965,0.18250564,0.07584826,0.09911234,0.006579086,253.08775,252.91656,341.0902,-3.2526593,17.043823,0.3956751
1,47,10,0.01,0.06655402,0.026502,0.028936723,0.011115291,0.081397176,0.0077095656,6.0696993,2.1870546,8.754123,1.2717724,0.16279435,0.015419131,0.17010798,0.061293885,0.10542908,0.015316421,253.12286,252.96776,341.66968,-3.458827,17.04348,0.33275726
1,48,10,0.01,0.06641893,0.030103667,0.025457405,0.010857854,0.08675204,0.0052715936,5.6931105,1.9298055,8.652152,1.3975261,0.17350408,0.010543187,0.15955377,0.05408428,0.104201026,0.016830916,253.1393,252.9809,341.95532,-3.3273315,17.04348,0.34324175
1,49,10,0.01,0.05542913,0.023214925,0.022628909,0.009585298,0.076182224,0.018306639,5.3675284,1.4738343,8.129334,1.8293347,0.15236445,0.036613278,0.15042908,0.04130533,0.09790453,0.022031337,253.0727,252.73056,340.8896,-3.303169,17.042728,0.25617614
1,50,10,0.01,0.06411008,0.030249905,0.02353991,0.010320258,0.0869625,0.01769533,5.474506,1.5359869,8.43524,1.5811574,0.173925,0.03539066,0.15342721,0.04304721,0.101588674,0.019042451,253.06735,252.56178,341.09225,-3.1171443,17.042728,0.29468715
1,51,10,0.01,0.05840218,0.028022246,0.021969562,0.00841037,0.083699234,0.017944617,5.2887526,0.18732204,7.6148214,1.5483171,0.16739847,0.035889234,0.14822133,0.005249843,0.09170807,0.018646946,253.03645,252.36624,341.12097,-1.7356391,17.041632,0.22619
1,52,10,0.01,0.056789473,0.021837307,0.025995387,0.00895678,0.07388726,0.02378043,5.752951,0.61694884,7.858291,1.5604384,0.14777452,0.04756086,0.16123085,0.017290464,0.09464026,0.018792935,252.94728,251.99554,339.8054,-2.1773872,17.041632,0.23294927
1,53,10,0.01,0.059719432,0.02671888,0.025295652,0.007704902,0.08172955,0.021431103,5.674995,-0.37942466,7.288459,0.67956525,0.1634591,0.042862207,0.15904607,-0.010633666,0.08777757,0.008184252,252.91617,251.75688,339.9783,-0.3001406,17.040142,0.23928961
1,54,10,0.01,0.051612914,0.02230898,0.021829253,0.0074746814,0.074680954,0.01923013,5.2718377,-0.4922809,7.178745,0.9292965,0.14936191,0.03846026,0.14774726,-0.013796548,0.08645624,0.0111918505,252.87747,251.57106,339.86734,-0.4370156,17.040142,0.22805329
1,55,10,0.01,0.054427065,0.0252844,0.023470107,0.005672561,0.07950535,0.02196454,5.4663835,-0.5673314,6.253768,0.10824423,0.1590107,0.04392908,0.15319957,-0.015899897,0.07531641,0.001303627,252.77141,251.11272,338.7931,0.45908713,17.038294,0.22455265
1,56,10,0.01,0.059187476,0.028855316,0.023706637,0.0066255233,0.084934264,0.020638376,5.4938593,-0.62729084,6.758686,-0.16484578,0.16986853,0.041276753,0.1539696,-0.017580306,0.08139732,-0.001985299,252.73201,250.84698,339.01688,0.7921366,17.038294,0.23094217
1,57,10,0.01,0.056440763,0.025943954,0.024192562,0.0063042482,0.080535635,0.00975637,5.549879,-0.96925,6.592784,-0.90912646,0.16107127,0.01951274,0.15553959,-0.027163977,0.079399295,-0.010948942,252.69183,250.60114,338.90988,1.8783765,17.036013,0.19593886
1,58,10,0.01,0.06370162,0.028428258,0.028982855,0.0062905136,0.08430341,0.014906322,6.0745363,-0.5445719,6.5855985,-0.81036806,0.16860682,0.029812643,0.17024352,-0.015262045,0.07931276,-0.009759558,252.6102,250.23557,337.8036,1.3549399,17.036013,0.22626254
1,59,10,0.01,0.06595646,0.02724988,0.029813604,0.008892972,0.08253769,0.007317378,6.16098,-0.5862304,7.8302503,-1.9146402,0.16507538,0.014634756,0.17266616,-0.01642956,0.09430256,-0.02305871,252.57272,249.9823,337.87177,2.5008707,17.033134,0.23400743
1,60,10,0.01,0.05806262,0.026106823,0.023388544,0.008567251,0.08078803,0.0037423999,5.4568768,-0.7657382,7.6855145,-1.6969782,0.16157606,0.0074847997,0.15293314,-0.021460393,0.09255945,-0.020437323,252.4859,249.58244,337.3848,2.4627163,17.033134,0.22487585
1,61,10,0.01,0.05913764,0.025880706,0.024044668,0.009212267,0.08043741,0.0025283564,5.532889,-0.5725204,7.96958,-2.2882483,0.16087481,0.005056713,0.15506344,-0.016045319,0.095980555,-0.027558204,252.37639,249.13249,336.06146,2.8607688,17.02962,0.28116238
1,62,10,0.01,0.060895994,0.02611781,0.024322841,0.010455345,0.080805026,0.0017979419,5.5648017,-0.57061535,8.490267,-2.5802023,0.16161005,0.0035958837,0.15595782,-0.015991932,0.10225138,-0.031074312,252.36609,248.9629,336.4472,3.1508176,17.02962,0.2819256
1,63,10,0.01,0.057893343,0.023012077,0.024719287,0.010161981,0.07584866,-0.005905863,5.6099696,-0.8118525,8.370307,-2.5637934,0.15169732,-0.011811726,0.15722369,-0.022752786,0.10080665,-0.0308767,252.34306,248.82666,336.48312,3.3756459,17.025583,0.2640105
1,64,10,0.01,0.062412504,0.023632566,0.029088855,0.009691085,0.076864436,-0.0019247729,6.085634,-0.6142153,8.17407,-2.5178945,0.15372887,-0.0038495457,0.17055455,-0.017213859,0.09844331,-0.030323926,252.28104,248.61403,335.57114,3.1321099,17.025583,0.30683357
1,65,10,0.01,0.06187912,0.022621544,0.029255094,0.010002483,0.0752023,-0.0049962415,6.102999,-0.66438156,8.3043585,-2.6396804,0.1504046,-0.009992483,0.1710412,-0.018619802,0.100012414,-0.03179063,252.27898,248.54108,335.85672,3.304062,17.021187,0.2464607
1,66,10,0.01,0.06053059,0.021263393,0.028961316,0.010305884,0.07290986,-0.007598416,6.072278,-0.82591325,8.429364,-2.5068707,0.14581972,-0.015196832,0.17018025,-0.023146851,0.1015179,-0.030191159,252.25938,248.47905,335.86813,3.332784,17.021187,0.22986133
1,67,10,0.01,0.053560812,0.020503106,0.02387261,0.009185095,0.07159453,-0.004671271,5.513057,-0.58696526,7.9578176,-1.9733618,0.14318906,-0.009342542,0.15450764,-0.016450148,0.095838904,-0.023765912,252.19354,248.31723,334.91846,2.560327,17.016356,0.15775134
1,68,10,0.01,0.054262046,0.020768816,0.023524215,0.009969014,0.07205695,-0.0053385235,5.472681,-0.38749626,8.290454,-2.3202825,0.1441139,-0.010677047,0.15337606,-0.01085988,0.09984495,-0.027944006,252.15486,248.05576,335.16107,2.7077787,17.016356,0.15886
1,69,10,0.01,0.05410178,0.021446424,0.023886984,0.008768371,0.07322299,-0.009024518,5.514717,-0.21003899,7.775202,-1.5018419,0.14644597,-0.018049035,0.15455414,-0.0058865026,0.09363958,-0.018087227,252.12296,247.88617,335.03992,1.7118809,17.010881,0.2676168
1,70,10,0.01,0.056111567,0.022761595,0.024918038,0.008431935,0.07543473,-0.0047680973,5.6324778,0.18577044,7.6245775,-1.4211438,0.15086946,-0.009536195,0.15785448,0.005206361,0.09182557,-0.017115353,252.08235,247.76523,334.16245,1.2353734,17.010881,0.22150719
1,71,10,0.01,0.05705648,0.025391556,0.022616636,0.009048286,0.07967364,-0.0029212811,5.3660727,0.8361074,7.898332,-1.1831326,0.15934728,-0.0058425623,0.15038829,0.023432551,0.09512248,-0.014248896,252.07083,247.66045,334.51254,0.34702528,17.004627,0.23167172
1,72,10,0.01,0.05786107,0.025347658,0.023146663,0.009366751,0.07960474,-0.0056594694,5.428586,0.68922627,8.036125,-1.0849897,0.15920947,-0.011318939,0.15214027,0.019316088,0.09678198,-0.013066925,252.04128,247.52025,334.45294,0.3957634,17.004627,0.27374554
1,73,10,0.01,0.053651214,0.022232078,0.023017807,0.008401326,0.074552126,0.00020313097,5.413454,1.2206788,7.610727,-0.6875258,0.14910425,0.00040626194,0.1517162,0.034210455,0.09165875,-0.0082801245,252.01373,247.47096,333.8432,-0.533153,16.997677,0.20306179
1,74,10,0.01,0.052784987,0.023311704,0.02068431,0.008788972,0.076340854,0.00019796795,5.131721,0.977476,7.7843294,-0.80743283,0.15268171,0.0003959359,0.1438204,0.027394507,0.093749516,-0.009724213,252.00136,247.40027,334.2407,-0.17004317,16.997677,0.20604028
1,75,10,0.01,0.04849294,0.022252968,0.01807143,0.00816854,0.074587144,0.0024113823,4.7966585,0.86589164,7.504546,-0.3894432,0.14917429,0.0048227645,0.13443002,0.024267277,0.090379976,-0.004690207,251.93166,247.04854,334.10922,-0.47644845,16.990322,0.2245492
1,76,10,0.01,0.050263293,0.019498898,0.021677405,0.009086988,0.06981923,0.0044621644,5.253469,1.1394062,7.9152045,-0.5887648,0.13963845,0.008924329,0.14723249,0.031932727,0.09532569,-0.0070907096,251.82565,246.61188,333.13406,-0.5506414,16.990322,0.2302203
1,77,10,0.01,0.05176591,0.0205823,0.02100078,0.01018283,0.07173266,0.007005873,5.17083,0.9713738,8.378888,-0.86876625,0.14346533,0.014011746,0.14491646,0.027223496,0.10091001,-0.010462869,251.75032,246.26643,333.04657,-0.10260755,16.98297,0.29087496
1,78,10,0.01,0.052790627,0.021795789,0.019810174,0.011184661,0.073816985,0.006593938,5.0221157,0.7822189,8.781397,-0.8893957,0.14763397,0.013187876,0.14074862,0.021922277,0.10575756,-0.010711318,251.63455,245.78906,332.4483,0.10717684,16.98297,0.28164983
1,79,10,0.01,0.0480408,0.016128002,0.021491313,0.010421486,0.063498035,0.008190003,5.2308707,0.8922011,8.476508,-0.9696151,0.12699607,0.016380006,0.14659916,0.025004616,0.10208568,-0.011677425,251.52382,245.38533,331.2253,0.077413976,16.975847,0.18242213
1,80,10,0.01,0.050337248,0.018006174,0.021964928,0.010366147,0.06709354,0.008301161,5.288195,0.932042,8.453974,-0.9639811,0.13418709,0.016602322,0.1482057,0.026121188,0.10181428,-0.011609574,251.48566,245.13571,331.33768,0.03193909,16.975847,0.20145686
1,81,10,0.01,0.0503961,0.020565303,0.020501856,0.00932894,0.07170304,0.0038128537,5.1090384,0.3643207,8.019889,-0.71579766,0.14340608,0.0076257074,0.14318469,0.010210366,0.096586436,-0.008620612,251.49037,245.12425,331.4739,0.35147697,16.969028,0.1658751
1,82,10,0.01,0.057900906,0.0217941,0.026312143,0.009794665,0.073814124,0.0070463577,5.787895,0.48261487,8.217638,-0.5034243,0.14762825,0.014092715,0.16221018,0.013525647,0.098968,-0.0060629225,251.50572,245.1914,330.86588,0.020809412,16.969028,0.17179464
1,83,10,0.01,0.058363073,0.021477636,0.026631178,0.0102542555,0.07327625,0.0047450257,5.8228784,-0.18133773,8.408224,-0.64284205,0.1465525,0.009490051,0.16319062,-0.0050821267,0.1012633,-0.0077419803,251.59033,245.44125,331.40924,0.82417977,16.962442,0.19336912
1,84,10,0.01,0.05660993,0.02221019,0.023833128,0.010566609,0.07451542,0.004863519,5.5084963,-0.4847282,8.535324,-0.4675144,0.14903083,0.009727038,0.15437981,-0.013584878,0.102794014,-0.005630446,251.66017,245.79999,332.0486,0.9522426,16.962442,0.22418566
1,85,10,0.01,0.056842573,0.02182265,0.024811858,0.010208064,0.073862456,0.006507254,5.620465,-0.8635436,8.389264,-0.38538948,0.14772491,0.013014508,0.1575178,-0.024201475,0.10103496,-0.0046413867,251.64145,245.9074,331.41312,1.2489331,16.956043,0.17448366
1,86,10,0.01,0.058820736,0.023447143,0.024797158,0.0105764335,0.0765623,0.0051767277,5.6187997,-0.9595473,8.53929,-0.5769456,0.1531246,0.010353455,0.15747114,-0.026892046,0.10284179,-0.0069483663,251.64864,245.98624,331.695,1.5364928,16.956043,0.17561935
1,87,10,0.01,0.05540176,0.018772155,0.024998775,0.0116308285,0.06850576,0.0028020511,5.641595,-1.1036024,8.954834,-0.46924433,0.13701151,0.0056041023,0.15811001,-0.030929301,0.10784632,-0.0056512803,251.62627,245.90405,331.66846,1.5728468,16.949938,0.19449016
1,88,10,0.01,0.058259033,0.018680772,0.027684467,0.011893794,0.06833881,0.005895241,5.9369116,-0.8121798,9.0555,-0.22970627,0.13667762,0.011790482,0.1663865,-0.022761961,0.10905867,-0.0027664404,251.58688,245.72842,330.8408,1.0418861,16.949938,0.167084
1,89,10,0.01,0.056725804,0.01895112,0.02578146,0.011993225,0.06883153,0.0047842627,5.729231,-0.8188803,9.093272,-0.31956565,0.13766307,0.0095685255,0.16056606,-0.022949746,0.10951358,-0.0038486465,251.61253,245.77628,331.1592,1.138446,16.944046,0.1669646
1,90,10,0.01,0.05956885,0.019470569,0.027685355,0.012412923,0.06976849,0.00250596,5.9370074,-0.91039824,9.251012,-0.3243928,0.13953698,0.00501192,0.16638917,-0.02551461,0.1114133,-0.003906781,251.63828,245.87701,331.61343,1.234791,16.944046,0.15223245
1,91,10,0.01,0.05985346,0.020514283,0.028271353,0.011067827,0.07161404,0.006486227,5.9995103,-0.32650495,8.735412,0.14229341,0.14322808,0.012972454,0.16814087,-0.009150552,0.10520374,0.0017136907,251.63179,245.94089,331.08914,0.18421154,16.938368,0.15610026
1,92,10,0.01,0.060592785,0.022043217,0.02769434,0.010855227,0.07423479,0.0054233465,5.937971,-0.3800121,8.651106,0.14574157,0.14846958,0.010846693,0.16641617,-0.01065013,0.10418842,0.001755218,251.63794,245.92888,331.5947,0.23427053,16.938368,0.18797408
1,93,10,0.01,0.053601358,0.01727493,0.026198082,0.010128345,0.065717064,0.0016187233,5.7753367,0.25988835,8.356442,0.4248784,0.13143413,0.0032374465,0.16185822,0.007283568,0.10063968,0.005116964,251.63182,245.87553,331.7896,-0.68476677,16.932978,0.16790761
1,94,10,0.01,0.058166318,0.020380156,0.028095735,0.009690427,0.07137954,0.00469448,5.9808483,0.2787114,8.173793,0.62410736,0.14275908,0.00938896,0.16761783,0.0078111016,0.09843997,0.0075163506,251.62343,245.9607,331.07608,-0.9028188,16.932978,0.16964273
1,95,10,0.01,0.05076506,0.019020794,0.023365637,0.008378628,0.06895795,0.00283703,5.4542036,0.526053,7.6004386,0.8153385,0.1379159,0.00567406,0.15285823,0.014743037,0.091534846,0.00981942,251.6452,246.09209,331.6579,-1.3413916,16.927925,0.13446157
1,96,10,0.01,0.050917484,0.01886988,0.023258956,0.008788645,0.06868384,0.0008156351,5.441738,0.44104376,7.7841845,0.7557612,0.13736768,0.0016312702,0.15250887,0.012360588,0.09374777,0.009101906,251.62643,246.02264,331.74313,-1.196805,16.927925,0.14248428
1,97,10,0.01,0.049156636,0.01811485,0.022550922,0.008490866,0.06729571,0.0027557786,5.358271,0.48141083,7.651176,1.1221588,0.13459142,0.005511557,0.15016964,0.0134919025,0.0921459,0.013514563,251.55603,245.74825,331.03445,-1.6035696,16.92321,0.13014941
1,98,10,0.01,0.048680283,0.018084517,0.021777498,0.00881827,0.067239344,0.0030407049,5.2655845,0.16096863,7.797293,1.0180397,0.13447869,0.0060814098,0.14757201,0.0045112697,0.09390564,0.012260622,251.51564,245.46689,331.18036,-1.1790084,16.92321,0.120287806
1,99,10,0.01,0.047662765,0.015436077,0.021942303,0.010284386,0.062121004,0.0006717153,5.28547,0.1960592,8.420568,0.9403931,0.12424201,0.0013434306,0.14812934,0.005494708,0.10141196,0.011325494,251.48631,245.34561,331.00552,-1.1364523,16.918667,0.1867997
1,100,10,0.01,0.05158185,0.015912855,0.025025386,0.010643604,0.063073084,0.002403248,5.6445966,0.06665615,8.566364,1.1501356,0.12614617,0.004806496,0.15819414,0.0018680899,0.10316785,0.0138515,251.43439,245.2811,330.09564,-1.2167917,16.918667,0.15957017
2,1,10,0.0069999998,0.15853556,0.061307415,0.07708909,0.020139057,0.12380167,-0.0054291547,9.906928,-2.5181541,11.783432,0.5251186,0.24760334,-0.010858309,0.27764922,-0.070573196,0.14191215,0.0063241995,253.68755,261.48077,355.60464,1.9930356,16.914246,0.78928816
2,2,10,0.0069999998,0.16259123,0.07169544,0.071856834,0.019038957,0.13388002,-0.0064532803,9.5648155,-2.9608047,11.457076,0.57979083,0.26776004,-0.012906561,0.26806125,-0.0829788,0.13798173,0.006982641,253.71283,261.37408,356.189,2.3810139,16.914246,0.80082184
2,3,10,0.0069999998,0.13242114,0.055854447,0.058771193,0.017795503,0.11816773,-0.0178193,8.650173,-2.1123989,11.076621,0.07199559,0.23633546,-0.0356386,0.2424277,-0.05920159,0.13339978,0.0008670706,253.64418,260.71436,355.7946,2.0404034,16.910051,0.592118
2,4,10,0.0069999998,0.13762899,0.059349526,0.06119099,0.017088478,0.12180879,-0.008581089,8.826455,-2.1733754,10.854351,0.48249123,0.24361758,-0.017162178,0.24736813,-0.060910493,0.13072291,0.0058108196,253.50342,259.97836,353.15057,1.6908841,16.910051,0.63527286
2,5,10,0.0069999998,0.10312125,0.042393133,0.04677671,0.013951403,0.102947965,-0.011336147,7.7171574,-1.7158787,9.807564,0.52923155,0.20589593,-0.022672294,0.21627924,-0.048088808,0.11811606,0.006373733,253.49416,259.6426,353.46307,1.1866472,16.905197,0.54817975
2,6,10,0.0069999998,0.09843704,0.039318744,0.045125537,0.013992753,0.09914477,-0.017077178,7.5797296,-1.0910467,9.822087,0.24371739,0.19828954,-0.034154356,0.21242772,-0.030577414,0.11829097,0.0029351772,253.47144,259.27765,353.65665,0.8473293,16.905197,0.5087382
2,7,10,0.0069999998,0.08067528,0.030642139,0.037915844,0.012117294,0.08752448,-0.007635974,6.94789,-0.0655335,9.140185,0.75392336,0.17504896,-0.015271948,0.19471991,-0.0018366202,0.11007858,0.009079774,253.34761,258.57828,351.6816,-0.68838984,16.900236,0.49156603
2,8,10,0.0069999998,0.08581783,0.037144523,0.0367078,0.0119655095,0.09636457,-0.009449722,6.83631,-0.21888332,9.08276,0.60948414,0.19272915,-0.018899444,0.1915928,-0.00613438,0.10938697,0.00734024,253.3133,258.06952,351.79468,-0.3906008,16.900236,0.55015767
2,9,10,0.0069999998,0.07124671,0.028365573,0.03129148,0.011589659,0.08421041,-0.009523331,6.311834,1.0765558,8.9389715,0.47776857,0.16842082,-0.019046662,0.17689398,0.030171297,0.10765528,0.00575394,253.2706,257.5899,351.6654,-1.5543244,16.89531,0.40592512
2,10,10,0.0069999998,0.06669997,0.025477637,0.030491183,0.010731142,0.07980858,-0.0025112384,6.2305975,0.99326193,8.601519,0.74395657,0.15961716,-0.005022477,0.17461725,0.027836934,0.103591226,0.008959741,253.1832,257.09375,349.96014,-1.7372185,16.89531,0.40986416
2,11,10,0.0069999998,0.063455634,0.029308774,0.024728304,0.009418553,0.08559903,0.0014510847,5.610993,1.3382868,8.058316,1.0972574,0.17119806,0.0029021695,0.15725236,0.037506502,0.09704923,0.013214673,253.18158,256.8811,350.22964,-2.435544,16.89055,0.31165335
2,12,10,0.0069999998,0.06318324,0.026092438,0.027334144,0.009756659,0.08076577,-0.0017109029,5.8992295,1.6541923,8.20168,0.9450922,0.16153154,-0.0034218058,0.16533041,0.046359997,0.098775804,0.011382094,253.18407,256.62677,350.37302,-2.5992846,16.89055,0.36675835
2,13,10,0.0069999998,0.06737888,0.029336618,0.029081637,0.008960625,0.08563968,0.0082782125,6.0848794,1.903267,7.8599777,1.2289064,0.17127936,0.016556425,0.17053339,0.053340513,0.09466058,0.014800167,253.12231,256.31064,348.62286,-3.1321735,16.886126,0.39059922
2,14,10,0.0069999998,0.07231464,0.034972295,0.028519312,0.008823038,0.09350441,0.005858539,6.025763,1.8144677,7.7994013,1.1594526,0.18700881,0.011717078,0.16887662,0.05085184,0.09393103,0.013963709,253.14485,256.23517,348.94595,-2.9739203,16.886126,0.41333923
2,15,10,0.0069999998,0.080026396,0.041480333,0.03043385,0.008112212,0.101833604,0.005126602,6.224737,1.8205097,7.4786267,0.6939228,0.20366721,0.010253204,0.174453,0.05102118,0.09006782,0.0083571635,253.12666,255.93044,348.7983,-2.5144324,16.882036,0.56392896
2,16,10,0.0069999998,0.07081535,0.032734416,0.030104432,0.0079764975,0.09046327,0.010260174,6.1909566,1.9203987,7.4158063,0.73113143,0.18092655,0.020520348,0.17350629,0.053820647,0.08931124,0.008805281,253.01527,255.40518,347.0644,-2.6515303,16.882036,0.5028613
2,17,10,0.0069999998,0.0678508,0.034142748,0.026581103,0.0071269483,0.09238878,0.009064926,5.817402,1.4012252,7.0097737,0.21918842,0.18477756,0.018129852,0.16303712,0.039270416,0.084421255,0.0026397635,252.95654,254.91919,347.05533,-1.6204137,16.87834,0.4933024
2,18,10,0.0069999998,0.07659674,0.04444807,0.025110457,0.0070382045,0.105413556,0.0050256997,5.654183,1.5717574,6.965994,-0.015826754,0.21082711,0.0100513995,0.1584628,0.044049703,0.08389401,-0.00019060783,252.89554,254.4104,346.83286,-1.5559307,16.87834,0.49867052
2,19,10,0.0069999998,0.059331186,0.02707468,0.025364742,0.0068917666,0.082271926,0.010530776,5.6827393,1.3405614,6.8931456,-0.39797103,0.16454385,0.021061553,0.15926312,0.037570268,0.083016664,-0.0047929115,252.83218,254.10149,345.29355,-0.94259036,16.87494,0.32723057
2,20,10,0.0069999998,0.06863003,0.035369586,0.026622964,0.0066374857,0.094034016,0.009209248,5.8219805,1.4162598,6.7647843,-0.2797258,0.18806803,0.018418496,0.16316545,0.039691754,0.081470765,-0.0033688413,252.89343,254.15813,345.6171,-1.136534,16.87494,0.35828388
2,21,10,0.0069999998,0.05713156,0.028306276,0.022305718,0.0065195644,0.084122345,0.0044018985,5.32906,0.7826059,6.704424,-1.1424065,0.16824469,0.008803797,0.14935099,0.021933118,0.08074382,-0.013758417,252.9779,254.33582,345.72424,0.35980058,16.8716,0.2968971
2,22,10,0.0069999998,0.053528376,0.024243005,0.022845112,0.006440259,0.077850826,0.010493524,5.3931084,0.86201495,6.6635222,-1.0854055,0.15570165,0.020987049,0.151146,0.024158623,0.080251224,-0.013071935,252.99254,254.48721,344.72388,0.22339052,16.8716,0.28592354
2,23,10,0.0069999998,0.053227767,0.028536387,0.01838764,0.0063037416,0.08446358,0.0057624616,4.8384414,0.47283477,6.5925193,-1.941928,0.16892716,0.011524923,0.13560103,0.013251552,0.07939611,-0.023387345,253.0109,254.43756,345.375,1.4690933,16.868204,0.31697717
2,24,10,0.0069999998,0.05346615,0.029261654,0.01804478,0.006159715,0.08553019,0.0030216388,4.7931204,0.40465516,6.516772,-1.995786,0.17106038,0.0060432777,0.13433085,0.01134077,0.07848385,-0.024035979,252.95049,253.96317,345.27982,1.5911307,16.868204,0.37981397
2,25,10,0.0069999998,0.043870233,0.021403255,0.01679313,0.0056738486,0.07314926,0.008036853,4.6238995,0.30987236,6.254478,-2.2443185,0.14629851,0.016073706,0.1295883,0.008684405,0.07532495,-0.027029147,252.83282,253.41772,343.4481,1.9344461,16.864658,0.3223774
2,26,10,0.0069999998,0.046489306,0.025317773,0.01560704,0.0055644903,0.0795578,0.006558811,4.4576173,0.30752534,6.19391,-2.3321419,0.1591156,0.013117622,0.12492814,0.008618632,0.07459551,-0.028086834,252.80927,253.13057,343.55832,2.0246165,16.864658,0.27300307
2,27,10,0.0069999998,0.042545658,0.021154722,0.015755119,0.005635816,0.072723314,0.00468155,4.478715,-0.24986371,6.2334805,-2.7400196,0.14544663,0.0093631,0.1255194,-0.0070026224,0.07507207,-0.032999054,252.77443,252.89629,343.1246,2.9898832,16.860958,0.20594656
2,28,10,0.0069999998,0.03943992,0.01852436,0.01533542,0.0055801375,0.06805211,0.010217994,4.4186583,0.13610241,6.202612,-2.6542346,0.13610423,0.020435989,0.123836264,0.0038143743,0.07470032,-0.03196591,252.67621,252.44504,341.54056,2.5181322,16.860958,0.2038114
2,29,10,0.0069999998,0.03972388,0.019048683,0.01514469,0.0055305073,0.069008484,0.007021698,4.391094,-0.077430785,6.1749682,-2.7445228,0.13801697,0.014043396,0.123063765,-0.0021700563,0.07436738,-0.033053283,252.63654,252.05986,341.90723,2.8219535,16.857231,0.27279562
2,30,10,0.0069999998,0.040199928,0.01870167,0.01585938,0.0056388737,0.068377025,0.0036383476,4.4935093,-0.2505377,6.235172,-2.8637815,0.13675405,0.007276695,0.12593403,-0.007021513,0.075092435,-0.03448956,252.60909,251.83748,342.08395,3.114319,16.857231,0.19803153
2,31,10,0.0069999998,0.04022215,0.01836566,0.016932074,0.0049244124,0.06775998,0.007937686,4.642988,-0.11738475,5.826791,-2.5510938,0.13551997,0.015875371,0.1301233,-0.0032897922,0.07017416,-0.030723752,252.53366,251.53375,340.59628,2.6684785,16.853514,0.3001421
2,32,10,0.0069999998,0.038841963,0.019984322,0.014218002,0.0046396386,0.07068296,0.0066868155,4.25463,-0.13864595,5.6558027,-2.5484025,0.14136592,0.013373631,0.11923926,-0.003885658,0.06811489,-0.030691339,252.51752,251.29425,340.78403,2.6870484,16.853514,0.36816436
2,33,10,0.0069999998,0.038436923,0.020106772,0.0137906885,0.0045394623,0.07089917,0.0010605418,4.190207,-0.6411399,5.594411,-2.2736027,0.14179835,0.0021210837,0.117433764,-0.01796844,0.06737553,-0.02738183,252.49998,251.15839,340.80957,2.9147427,16.849752,0.2959434
2,34,10,0.0069999998,0.037313413,0.01792445,0.014758101,0.004630859,0.06694111,0.0068693985,4.3346868,-0.29219595,5.650449,-2.137647,0.13388222,0.013738797,0.12148292,-0.008189011,0.068050414,-0.025744455,252.44038,250.93912,339.34424,2.429843,16.849752,0.32663834
2,35,10,0.0069999998,0.041486226,0.02193666,0.014871804,0.0046777604,0.07405515,0.0010132175,4.3513536,-0.38663203,5.6789904,-1.7799125,0.1481103,0.002026435,0.12195001,-0.010835657,0.068394154,-0.02143613,252.45628,250.87747,339.63913,2.1665444,16.845917,0.26055217
2,36,10,0.0069999998,0.039909083,0.019309804,0.015460305,0.0051389756,0.06947986,-0.0005807358,4.4366136,-0.6359511,5.9523773,-1.8089231,0.13895972,-0.0011614716,0.124339476,-0.017823014,0.07168665,-0.02178552,252.46318,250.90025,339.85037,2.4448743,16.845917,0.240959
2,37,10,0.0069999998,0.04141815,0.018571934,0.01768598,0.005160236,0.06813944,-0.00086129125,4.7452283,-0.28665257,5.964678,-1.3434438,0.13627888,-0.0017225825,0.13298865,-0.008033658,0.07183478,-0.016179584,252.39621,250.6583,338.63586,1.6300963,16.841883,0.2140176
2,38,10,0.0069999998,0.04024288,0.019079648,0.016042322,0.00512091,0.06906455,-0.0004815965,4.519352,-0.31320217,5.941905,-1.5595173,0.1381291,-0.000963193,0.12665829,-0.008777732,0.07156053,-0.018781833,252.33511,250.2427,338.68155,1.8727194,16.841883,0.19770919
2,39,10,0.0069999998,0.03592221,0.018200886,0.012911385,0.0048099407,0.06745533,-0.008145568,4.0544224,-0.36738378,5.758668,-1.0446979,0.13491066,-0.016291136,0.113628276,-0.0102962125,0.06935374,-0.012581676,252.29187,249.96628,338.5243,1.4120817,16.837473,0.27871025
2,40,10,0.0069999998,0.030639747,0.012624415,0.013041428,0.0049739056,0.05617921,-0.004423444,4.0747886,-0.10751319,5.8559985,-0.92259824,0.11235842,-0.008846888,0.11419907,-0.003013139,0.07052592,-0.011111185,252.23746,249.77306,337.47647,1.0301114,16.837473,0.2345242
2,41,10,0.0069999998,0.03309983,0.014797701,0.013086431,0.005215697,0.0608229,-0.007139708,4.0818133,0.1858314,5.9966455,-0.42647377,0.1216458,-0.014279416,0.11439594,0.0052080685,0.07221978,-0.0051361755,252.24442,249.74522,337.86365,0.24064237,16.832766,0.18246707
2,42,10,0.0069999998,0.033560686,0.01609886,0.012054754,0.005407072,0.06344064,-0.0095418105,3.917615,0.077809766,6.1056695,-0.44002077,0.12688129,-0.019083621,0.10979415,0.002180677,0.0735328,-0.0052993344,252.2092,249.58636,337.64233,0.362211,16.832766,0.2209143
2,43,10,0.0069999998,0.032475777,0.013665833,0.013015826,0.00579412,0.058450475,-0.0060202642,4.0707874,0.5559597,6.3204193,0.21893758,0.11690095,-0.0120405285,0.114086926,0.015581193,0.07611912,0.0026367458,252.1326,249.27142,336.5714,-0.7748973,16.827938,0.15556689
2,44,10,0.0069999998,0.039159384,0.019051423,0.014058714,0.006049245,0.06901345,-0.0073730373,4.23073,0.71630526,6.4580708,0.05525747,0.1380269,-0.014746075,0.11856945,0.020075006,0.077776894,0.00066548167,252.10835,249.03737,336.9317,-0.7715627,16.827938,0.1767946
2,45,10,0.0069999998,0.03315529,0.013639449,0.013224535,0.006291305,0.058394026,-0.0073658107,4.103295,0.6473572,6.5860133,0.5219866,0.11678805,-0.014731621,0.114997976,0.018142676,0.07931775,0.0062864744,252.10802,248.97218,336.9256,-1.1693438,16.823189,0.21773148
2,46,10,0.0069999998,0.033181354,0.013161022,0.01353668,0.00648365,0.05736075,-0.0052316706,4.1514387,0.7800893,6.685932,0.6342642,0.1147215,-0.010463341,0.11634724,0.021862604,0.080521114,0.007638676,252.08379,248.93716,335.98492,-1.4143535,16.823189,0.21205725
2,47,10,0.0069999998,0.032986,0.0137216635,0.012466279,0.0067980606,0.05856975,-0.001796877,3.9839234,0.5799348,6.8461227,0.7443867,0.1171395,-0.003593754,0.11165249,0.016253117,0.08245035,0.00896492,252.07895,248.85532,336.26334,-1.3243215,16.818668,0.22226931
2,48,10,0.0069999998,0.035081312,0.015908107,0.012086256,0.0070869466,0.06306367,-0.0031798289,3.9227302,0.3348468,6.990074,0.67916214,0.12612735,-0.0063596577,0.10993751,0.009384336,0.084184006,0.008179398,252.05165,248.67085,336.13483,-1.014009,16.818668,0.2078123
2,49,10,0.0069999998,0.03230724,0.01217759,0.013573803,0.0065558474,0.05517606,0.0030027307,4.157127,-0.0781186,6.723054,0.9716973,0.11035212,0.0060054613,0.116506666,-0.0021893317,0.080968186,0.011702505,251.98116,248.32077,335.15988,-0.89357865,16.814438,0.15397023
2,50,10,0.0069999998,0.03271565,0.012828646,0.0134658,0.0064211995,0.056631807,0.0030348445,4.140556,-0.105036035,6.653655,1.0353985,0.113263614,0.006069689,0.116042234,-0.002943718,0.08013239,0.012469675,251.93387,247.95593,335.32437,-0.93036246,16.814438,0.16712525
2,51,10,0.0069999998,0.033808406,0.01185776,0.01489589,0.0070547583,0.05444667,0.005780246,4.354875,-0.93281126,6.9741817,1.002426,0.10889334,0.011560492,0.12204872,-0.026142748,0.08399261,0.012072587,251.89171,247.80388,335.13416,-0.06961477,16.81051,0.16500854
2,52,10,0.0069999998,0.031989597,0.010704045,0.014056841,0.0072287107,0.05173018,0.007875253,4.2304482,-0.7517266,7.059641,1.1048498,0.10346036,0.015750507,0.11856155,-0.021067709,0.08502182,0.013306107,251.81528,247.46753,334.15137,-0.3531232,16.81051,0.16900326
2,53,10,0.0069999998,0.037571248,0.016899638,0.013961451,0.0067101587,0.064999305,0.011483772,4.2160697,-1.0244528,6.8017178,1.0895038,0.12999861,0.022967543,0.11815859,-0.028711071,0.08191556,0.013121288,251.81454,247.38065,334.4803,-0.06505096,16.806892,0.19703394
2,54,10,0.0069999998,0.036479924,0.01402269,0.014755525,0.0077017094,0.05920872,0.009828928,4.334309,-1.2073109,7.2869496,0.9638106,0.11841744,0.019657856,0.12147232,-0.033835806,0.08775938,0.011607519,251.78716,247.35942,334.36124,0.24350029,16.806892,0.19666906
2,55,10,0.0069999998,0.037321184,0.014396184,0.015093064,0.007831936,0.05999205,0.011706876,4.3836036,-1.1281428,7.348298,0.79447854,0.1199841,0.023413751,0.12285383,-0.031617064,0.08849823,0.009568191,251.70271,247.14574,333.19922,0.3336643,16.803644,0.19872017
2,56,10,0.0069999998,0.03979229,0.014631617,0.016632661,0.008528015,0.06048061,0.011213022,4.6017537,-1.1046683,7.667896,0.69595104,0.12096122,0.022426045,0.12896767,-0.030959168,0.09234725,0.00838159,251.69417,247.01488,333.41635,0.40871722,16.803644,0.18688615
2,57,10,0.0069999998,0.037634943,0.011892697,0.017130354,0.0086118905,0.05452682,0.008765506,4.670095,-0.79430765,7.705511,0.4640503,0.10905364,0.017531011,0.13088298,-0.022261078,0.092800274,0.005588729,251.73308,247.14703,333.5422,0.33025736,16.80074,0.13971096
2,58,10,0.0069999998,0.044069074,0.013444054,0.021643316,0.008981706,0.05797425,0.010017053,5.2493367,-0.6886605,7.8692183,0.64277035,0.1159485,0.020034106,0.14711668,-0.019300237,0.09477186,0.0077411165,251.77458,247.37906,332.99802,0.045890152,16.80074,0.14297011
2,59,10,0.0069999998,0.041360755,0.013765853,0.018860506,0.008734395,0.058663987,0.007341061,4.9002604,-0.17484117,7.760123,0.4142561,0.11732797,0.014682122,0.13733356,-0.004900057,0.09345798,0.0049890364,251.83984,247.59549,333.8268,-0.23941493,16.798155,0.107909866
2,60,10,0.0069999998,0.040346686,0.012782341,0.01839835,0.009165995,0.056529507,0.0069765826,4.839851,-0.19126971,7.949539,0.44065762,0.113059014,0.013953165,0.13564052,-0.0053604804,0.0957392,0.0053070015,251.83653,247.56897,333.89633,-0.2493879,16.798155,0.123550095
2,61,10,0.0069999998,0.03941301,0.012434189,0.017653618,0.009325203,0.05575435,0.0029149365,4.740885,0.4562286,8.018282,0.27990797,0.1115087,0.005829873,0.13286692,0.012786157,0.09656709,0.003371034,251.77242,247.4338,333.06924,-0.73613656,16.795908,0.11267334
2,62,10,0.0069999998,0.037976164,0.012591408,0.01610986,0.009274895,0.05610572,0.003758346,4.5288553,0.32055905,7.9966245,0.2291874,0.11221144,0.007516692,0.12692462,0.008983911,0.09630626,0.0027601833,251.7137,247.13795,333.2523,-0.54974645,16.795908,0.11071701
2,63,10,0.0069999998,0.03601645,0.012218427,0.01455721,0.009240814,0.055268496,-0.00023361201,4.3050838,0.487172,7.981919,-0.012947506,0.11053699,-0.00046722402,0.120653264,0.013653368,0.09612915,-0.00015593297,251.6311,246.82362,333.08295,-0.4742245,16.793968,0.14015648
2,64,10,0.0069999998,0.040654123,0.015351222,0.016097885,0.009205017,0.061950024,-0.0009390769,4.5271716,0.68555486,7.9664435,-0.025666207,0.12390005,-0.0018781538,0.12687744,0.019213198,0.09594278,-0.00030910788,251.52881,246.48871,332.05942,-0.6598886,16.793968,0.1832174
2,65,10,0.0069999998,0.039947607,0.014799725,0.015963448,0.009184434,0.06082706,-0.003033894,4.5082283,0.5008928,7.957532,-0.17389594,0.12165412,-0.006067788,0.12634654,0.014037904,0.095835455,-0.0020942895,251.48322,246.22293,332.15573,-0.32699686,16.792234,0.133643
2,66,10,0.0069999998,0.040766962,0.013924781,0.016590616,0.010251567,0.059001654,-0.0030082946,4.5959344,0.3963209,8.407122,-0.19803365,0.11800331,-0.0060165892,0.12880456,0.011107197,0.10125002,-0.0023849919,251.43533,245.99866,332.0531,-0.19828726,16.792234,0.13499738
2,67,10,0.0069999998,0.04071502,0.012020923,0.01892524,0.009768857,0.054819986,-0.0031971869,4.9086637,0.38194114,8.206804,0.054821823,0.10963997,-0.0063943737,0.13756904,0.010704185,0.098837525,0.00066023826,251.37323,245.7871,331.268,-0.43676296,16.79052,0.11023194
2,68,10,0.0069999998,0.04235721,0.01384893,0.01883601,0.009672269,0.058840737,-0.0032071485,4.8970776,0.20086516,8.166132,0.16121323,0.11768147,-0.006414297,0.13724434,0.005629397,0.09834769,0.0019415509,251.36893,245.80731,331.65253,-0.3620784,16.79052,0.13589261
2,69,10,0.0069999998,0.039626166,0.012619906,0.016441857,0.010564402,0.05616918,-0.0038368034,4.575283,-0.55247134,8.534433,0.29531536,0.11233836,-0.0076736067,0.1282258,-0.015483433,0.10278328,0.0035565866,251.37358,245.886,331.86044,0.25715598,16.788761,0.16258647
2,70,10,0.0069999998,0.042450085,0.013017581,0.01855304,0.010879464,0.057047307,-0.0037334128,4.860154,-0.62639046,8.66076,0.516036,0.114094615,-0.0074668257,0.13620955,-0.017555071,0.10430467,0.0062148077,251.36368,245.99217,331.30365,0.11035448,16.788761,0.16851906
2,71,10,0.0069999998,0.045794126,0.01637852,0.01896382,0.010451786,0.0639893,-0.0023828938,4.9136634,-0.9490302,8.488822,0.44781932,0.1279786,-0.0047657876,0.13770919,-0.026597295,0.102233976,0.0053932504,251.37311,246.009,331.48776,0.5012109,16.786966,0.19361278
2,72,10,0.0069999998,0.04467065,0.014865207,0.018277591,0.011527849,0.060961477,-0.0039469316,4.8239417,-1.1097273,8.915103,0.3165008,0.121922955,-0.007893863,0.13519464,-0.031100953,0.10736782,0.0038117352,251.39465,246.04993,331.37625,0.7932265,16.786966,0.14828353
2,73,10,0.0069999998,0.04414062,0.013392414,0.019916084,0.010832121,0.0578628,-0.004700073,5.035522,-0.7560356,8.641893,0.48400402,0.1157256,-0.009400146,0.14112435,-0.021188473,0.10407747,0.0058290325,251.40268,246.17522,331.3099,0.2720316,16.785,0.13570912
2,74,10,0.0069999998,0.046804763,0.014692724,0.020935452,0.011176586,0.060606774,-0.004067819,5.1627812,-0.8726267,8.778227,0.5700949,0.12121355,-0.008135638,0.14469089,-0.02445603,0.10571937,0.006865859,251.41637,246.17882,331.88687,0.30253184,16.785,0.13561106
2,75,10,0.0069999998,0.048413143,0.014535211,0.021143574,0.012734358,0.06028103,-0.005478109,5.1883793,-0.53668904,9.370024,0.3410109,0.12056206,-0.010956218,0.1454083,-0.01504112,0.11284661,0.0041069216,251.43427,246.28302,332.10025,0.19567814,16.782846,0.16522057
2,76,10,0.0069999998,0.049878355,0.01344193,0.024114246,0.01232218,0.057969667,-0.0050475723,5.540889,-0.34563634,9.217135,0.62748396,0.115939334,-0.010095145,0.15528762,-0.009686725,0.11100531,0.00755702,251.42728,246.28091,331.4898,-0.28184763,16.782846,0.15573639
2,77,10,0.0069999998,0.047077566,0.015547419,0.020365242,0.011164903,0.062344644,-0.0012583866,5.091987,-0.097516514,8.773638,0.54147726,0.12468929,-0.0025167733,0.14270684,-0.0027329756,0.105664104,0.0065212087,251.45267,246.34676,332.02612,-0.44396076,16.780506,0.12823778
2,78,10,0.0069999998,0.046750043,0.0130534535,0.02119416,0.012502429,0.057125855,-0.0022907269,5.1945825,-0.24609001,9.284306,0.47343326,0.11425171,-0.0045814537,0.14558214,-0.006896857,0.11181426,0.005701729,251.44044,246.35889,332.30768,-0.22734325,16.780506,0.17092155
2,79,10,0.0069999998,0.04719897,0.013164657,0.022347063,0.011687249,0.05736867,-4.225834e-5,5.3339972,0.16281985,8.976527,0.3747736,0.11473734,-8.451668e-5,0.14948934,0.004563151,0.10810758,0.0045135324,251.36418,246.15562,331.43738,-0.5375934,16.778204,0.1321556
2,80,10,0.0069999998,0.048533514,0.0149171855,0.021770911,0.011845416,0.061067965,0.00096675364,5.264787,0.06794696,9.037064,0.1500404,0.12213593,0.0019335073,0.14754969,0.0019042672,0.10883665,0.001806993,251.30489,245.77109,331.40558,-0.21798736,16.778204,0.17007568
2,81,10,0.0069999998,0.05014342,0.01405205,0.023836145,0.012255225,0.059270673,0.0021940726,5.508845,0.09555908,9.1920595,0.013044222,0.118541345,0.004388145,0.15438959,0.0026781203,0.11070332,0.00015709556,251.24536,245.50319,331.25095,-0.108603306,16.77608,0.15142678
2,82,10,0.0069999998,0.049277898,0.014456292,0.023335125,0.011486481,0.06011716,0.0026208584,5.450641,0.12833841,8.899092,0.39033946,0.12023432,0.0052417167,0.15275839,0.0035967866,0.107175,0.004701001,251.18051,245.33284,330.3902,-0.5186779,16.77608,0.13684364
2,83,10,0.0069999998,0.04716412,0.015106714,0.021021688,0.011035716,0.061454687,0.0055179405,5.1734033,0.04049933,8.72273,0.4023522,0.122909375,0.011035881,0.14498858,0.0011350256,0.10505102,0.004845675,251.21248,245.49197,330.89322,-0.44285154,16.774216,0.14968096
2,84,10,0.0069999998,0.05045169,0.01424073,0.023670442,0.012540515,0.059667263,0.00488459,5.4896626,-0.0889445,9.298435,0.38626498,0.11933453,0.00976918,0.15385202,-0.002492736,0.11198444,0.00465193,251.2403,245.69054,331.11404,-0.2973205,16.774216,0.16230752
2,85,10,0.0069999998,0.05060569,0.014694994,0.024044702,0.011865991,0.060611457,0.0056879516,5.532892,-0.28169417,9.0449095,0.5206674,0.12122291,0.011375903,0.15506354,-0.007894694,0.10893113,0.0062705874,251.22568,245.69247,330.547,-0.2389732,16.772627,0.18729402
2,86,10,0.0069999998,0.050858207,0.016762525,0.022874553,0.0112211285,0.064735085,0.0072119683,5.3965826,-0.35904035,8.795701,0.63631535,0.12947017,0.014423937,0.15124336,-0.010062379,0.10592983,0.007663377,251.27144,245.72153,331.14114,-0.277275,16.772627,0.16045675
2,87,10,0.0069999998,0.047943294,0.015289089,0.02142444,0.0112297665,0.061824527,0.005303868,5.222727,-0.5603233,8.799087,0.5434234,0.12364905,0.010607736,0.1463709,-0.015703488,0.10597059,0.006544643,251.34145,245.94603,331.49054,0.016899884,16.771416,0.11943853
2,88,10,0.0069999998,0.048098203,0.015376383,0.022069132,0.010652687,0.062000774,0.0050029047,5.300723,-0.43372566,8.57002,0.65490246,0.12400155,0.010005809,0.14855683,-0.012155493,0.10321186,0.007887229,251.34444,246.0052,330.96735,-0.2211768,16.771416,0.135137
2,89,10,0.0069999998,0.04472622,0.0148273185,0.019752875,0.010146026,0.060883738,0.0029425784,5.0148473,-0.59831995,8.363733,0.57184434,0.121767476,0.005885157,0.14054492,-0.01676837,0.10072748,0.006886928,251.3544,246.04924,331.65405,0.026475608,16.770233,0.17739876
2,90,10,0.0069999998,0.04607737,0.013848996,0.021317605,0.01091077,0.05884088,0.002162369,5.209688,-0.5707388,8.673211,0.49339798,0.11768176,0.004324738,0.1460055,-0.015995389,0.10445463,0.0059421714,251.31223,245.81322,331.47437,0.07734081,16.770233,0.20137303
2,91,10,0.0069999998,0.045783434,0.013378769,0.022386683,0.010017979,0.057833314,0.001750242,5.3387237,-0.26858935,8.310789,0.7356165,0.11566663,0.003500484,0.1496218,-0.007527421,0.100089855,0.008859295,251.27519,245.7178,330.60632,-0.46702716,16.768978,0.13791226
2,92,10,0.0069999998,0.042847224,0.01392437,0.019265173,0.009657679,0.059000783,0.0033231892,4.9525514,-0.6165888,8.15997,0.8301365,0.118001565,0.0066463784,0.13879904,-0.01728037,0.09827349,0.009997638,251.30826,245.87689,331.14694,-0.2135477,16.768978,0.13949378
2,93,10,0.0069999998,0.04173913,0.012372744,0.01917198,0.010194405,0.05561642,0.0012091644,4.940559,-0.49654227,8.38365,0.7042015,0.11123284,0.0024183288,0.13846292,-0.013915976,0.10096735,0.008480953,251.3164,245.89915,331.25055,-0.20765924,16.767647,0.14273536
2,94,10,0.0069999998,0.04548096,0.014603362,0.021097872,0.009779725,0.060422186,0.0016946519,5.182769,-0.26767635,8.211368,0.8744557,0.12084437,0.0033893038,0.14525107,-0.0075018327,0.098892495,0.0105313845,251.28618,245.81332,330.5231,-0.60677934,16.767647,0.17326008
2,95,10,0.0069999998,0.040845674,0.012467404,0.01895832,0.009419949,0.055828765,0.0006769592,4.912951,0.17676105,8.058912,0.83844656,0.11165753,0.0013539183,0.13768922,0.0049538687,0.09705642,0.010097719,251.26605,245.68845,330.4793,-1.0152076,16.766243,0.1539673
2,96,10,0.0069999998,0.038608894,0.011021189,0.017936515,0.009651188,0.052490927,-0.0011701876,4.77872,0.03905707,8.1572275,0.8922975,0.104981855,-0.0023403752,0.13392727,0.001094605,0.09824046,0.010746266,251.28902,245.90088,330.5964,-0.9313546,16.766243,0.1324157
2,97,10,0.0069999998,0.04089053,0.013130362,0.018841818,0.008918348,0.057293896,-0.0031506203,4.8978324,0.5760234,7.841414,0.9007177,0.11458779,-0.0063012405,0.1372655,0.016143499,0.094437,0.010847668,251.29236,245.9662,330.0443,-1.4767411,16.764723,0.15544692
2,98,10,0.0069999998,0.039519697,0.013314456,0.01764036,0.008564882,0.05769414,-0.002346797,4.7391043,0.43155423,7.6844516,0.8755875,0.11538828,-0.004693594,0.13281702,0.012094635,0.09254665,0.010545018,251.31963,246.06194,330.71548,-1.3071418,16.764723,0.14336984
2,99,10,0.0069999998,0.03776919,0.013710957,0.016031317,0.008026915,0.058546897,-0.006468259,4.517802,0.624502,7.4392047,0.36483735,0.117093794,-0.012936518,0.12661484,0.017502146,0.08959305,0.0043938714,251.323,245.99481,330.933,-0.98933935,16.762989,0.22995414
2,100,10,0.0069999998,0.041774925,0.015932212,0.017695192,0.00814752,0.06311143,-0.0039521987,4.7464643,0.6822166,7.494883,0.56796646,0.12622286,-0.007904397,0.13302328,0.019119643,0.09026361,0.006840225,251.36124,246.15953,330.353,-1.2501831,16.762989,0.20142797
3,1,10,0.0048999996,0.09440597,0.04009675,0.04157978,0.0127294455,0.100120865,-0.012649475,7.2758484,2.2116497,9.368216,-3.963516,0.20024173,-0.02529895,0.2039112,0.061983176,0.11282484,-0.047734063,252.51752,255.97429,347.1454,1.7518663,16.760908,0.64254856
3,2,10,0.0048999996,0.09642121,0.04192701,0.041615408,0.012878788,0.10238043,-0.011525313,7.278965,1.8735452,9.42301,-3.7972956,0.20476086,-0.023050627,0.20399855,0.052507535,0.11348475,-0.04573222,252.45564,255.47568,346.98557,1.9237504,16.760908,0.59132546
3,3,10,0.0048999996,0.08150214,0.028957218,0.04023951,0.012305406,0.0850841,-0.011674021,7.1576242,1.1069939,9.21086,-3.580903,0.1701682,-0.023348043,0.20059788,0.03102435,0.110929735,-0.043126117,252.38498,255.04692,346.13266,2.4739091,16.75814,0.45970747
3,4,10,0.0048999996,0.084066994,0.033794004,0.037667714,0.01260527,0.09191573,-0.00908051,6.9251175,0.8562162,9.322412,-3.644391,0.18383145,-0.01816102,0.19408172,0.023996107,0.112273194,-0.043890733,252.26353,254.40094,344.42368,2.7881749,16.75814,0.4764363
3,5,10,0.0048999996,0.073834285,0.026688106,0.03538518,0.011761,0.08168247,-0.008121835,6.7120204,-0.3608881,9.004805,-3.1624663,0.16336495,-0.01624367,0.18810949,-0.010114168,0.10844815,-0.03808673,252.17596,253.7079,344.53555,3.5233543,16.754395,0.3273681
3,6,10,0.0048999996,0.06988844,0.02087243,0.037080467,0.01193555,0.07223647,-0.009132245,6.870924,0.19697106,9.071381,-3.0568614,0.14447294,-0.01826449,0.1925629,0.005520263,0.10924994,-0.036814887,252.0906,253.13553,344.09387,2.8598905,16.754395,0.31126472
3,7,10,0.0048999996,0.06376382,0.021469994,0.031674728,0.010619097,0.07326321,-0.0020516159,6.3503695,-0.74980104,8.556497,-2.1903093,0.14652643,-0.0041032317,0.17797396,-0.021013746,0.103049,-0.026378697,251.9916,252.6514,342.49133,2.9401102,16.750088,0.34684214
3,8,10,0.0048999996,0.062173124,0.022223031,0.029686369,0.010263722,0.07453696,-0.002505701,6.147819,-0.7971213,8.412104,-2.1760194,0.14907391,-0.005011402,0.17229733,-0.02233993,0.10131003,-0.026206592,251.9797,252.38353,343.0744,2.9731407,16.750088,0.38327935
3,9,10,0.0048999996,0.059497423,0.024212811,0.026175035,0.009109579,0.07780233,-0.0028181046,5.772795,-0.65123904,7.9250374,-1.4765863,0.15560466,-0.005636209,0.161787,-0.01825147,0.09544411,-0.017783064,251.91725,251.90443,342.80936,2.1278253,16.745695,0.36597496
3,10,10,0.0048999996,0.05455492,0.021338278,0.02392174,0.009294901,0.07303814,-0.00020446967,5.518727,-0.64440084,8.005244,-1.5190828,0.14607628,-0.00040893935,0.15466654,-0.018059827,0.096410066,-0.018294867,251.82349,251.47746,341.1131,2.1634836,16.745695,0.38172638
3,11,10,0.0048999996,0.05877363,0.02903472,0.021130051,0.008608853,0.08519789,-3.6084064e-5,5.18672,-0.48150757,7.704152,-0.7582281,0.17039578,-7.216813e-5,0.1453618,-0.013494616,0.092783906,-0.009131616,251.82231,251.32379,341.11148,1.2397357,16.74149,0.36922038
3,12,10,0.0048999996,0.051515564,0.019140003,0.02352773,0.008847833,0.0691737,9.3149865e-5,5.47309,-0.19275469,7.810352,-0.7638771,0.1383474,0.00018629973,0.15338752,-0.005402098,0.09406292,-0.00919965,251.77777,250.985,340.76672,0.9566318,16.74149,0.35411274
3,13,10,0.0048999996,0.047486845,0.017672297,0.021371678,0.008442871,0.0664686,0.0017147711,5.216292,0.3252337,7.629521,-0.012392776,0.1329372,0.0034295423,0.14619055,0.009114922,0.0918851,-0.00014925138,251.71736,250.74268,339.72513,-0.3128409,16.737722,0.2671666
3,14,10,0.0048999996,0.05194823,0.023265578,0.020105567,0.008577086,0.07626529,0.0003286315,5.0594196,0.2850803,7.6899247,-0.10368536,0.15253058,0.000657263,0.1417941,0.007989593,0.09261256,-0.0012487182,251.70682,250.54742,339.8488,-0.18139496,16.737722,0.3102433
3,15,10,0.0048999996,0.05221721,0.019533662,0.023829216,0.008854333,0.06988144,0.00032983403,5.5080447,1.0673546,7.8132215,0.24283993,0.13976288,0.00065966806,0.15436715,0.029913431,0.094097465,0.0029246097,251.67006,250.20534,339.4921,-1.3101945,16.734493,0.343743
3,16,10,0.0048999996,0.048095345,0.017331777,0.022122646,0.008640922,0.065825105,0.0037355728,5.3071465,1.1437595,7.718488,0.2956354,0.13165021,0.0074711456,0.14873683,0.03205473,0.09295656,0.0035604476,251.62082,249.95786,338.5288,-1.439395,16.734493,0.28974387
3,17,10,0.0048999996,0.046938337,0.016553612,0.021717139,0.008667587,0.06433042,0.0050930497,5.258282,1.25104,7.7303886,0.6745894,0.12866084,0.010186099,0.14736736,0.035061356,0.09309988,0.0081243245,251.66087,250.0359,339.11783,-1.9256294,16.731764,0.3363767
3,18,10,0.0048999996,0.050131094,0.018305855,0.023113359,0.008711877,0.067649566,0.0025069579,5.4246793,1.520711,7.750113,0.48914754,0.13529913,0.0050139157,0.15203078,0.04261908,0.09333744,0.00589098,251.67436,250.03557,339.2095,-2.0098586,16.731764,0.39842445
3,19,10,0.0048999996,0.04718486,0.016723538,0.02164968,0.0088116415,0.06465976,0.008280671,5.2501082,1.2259026,7.794362,0.78942585,0.12931952,0.016561342,0.1471383,0.034356855,0.09387034,0.009507345,251.60866,249.70958,337.7223,-2.0153284,16.729538,0.371751
3,20,10,0.0048999996,0.049838424,0.019426767,0.021632062,0.008779592,0.06968997,0.008819667,5.247972,1.200147,7.7801747,0.82084674,0.13937993,0.017639333,0.14707842,0.03363504,0.09369948,0.009885753,251.62575,249.5722,337.92657,-2.0209937,16.729538,0.37887824
3,21,10,0.0048999996,0.04666531,0.01632832,0.02137699,0.008959999,0.06389116,0.010899724,5.21694,0.41528416,7.8597045,0.99821186,0.12778232,0.021799449,0.14620872,0.011638658,0.09465727,0.012021829,251.61826,249.43193,337.66272,-1.413496,16.727753,0.3228412
3,22,10,0.0048999996,0.0460076,0.015775762,0.021302748,0.008929088,0.0628008,0.013618464,5.2078724,0.41026986,7.846134,1.1344216,0.1256016,0.027236927,0.14595461,0.011498122,0.09449385,0.0136622535,251.5896,249.2885,336.7905,-1.5446914,16.727753,0.32669878
3,23,10,0.0048999996,0.044865374,0.01752737,0.01857946,0.00875854,0.06619549,0.017123956,4.863614,-0.5644413,7.7708406,1.3220046,0.13239098,0.034247912,0.1363065,-0.015818901,0.09358707,0.01592138,251.61943,249.32716,337.25592,-0.75756323,16.726383,0.228787
3,24,10,0.0048999996,0.045148283,0.015601586,0.0201974,0.009349298,0.062453154,0.01618107,5.0709615,-0.59333,8.028635,1.3959999,0.12490631,0.03236214,0.14211756,-0.01662853,0.096691765,0.016812533,251.6018,249.24443,337.00916,-0.8026699,16.726383,0.21661155
3,25,10,0.0048999996,0.04649034,0.017009605,0.020690786,0.00878995,0.06521044,0.019530721,5.1325245,-1.1055417,7.7847624,1.1066105,0.13042088,0.039061442,0.14384292,-0.030983653,0.09375473,0.013327316,251.49516,248.72224,335.7578,-0.0010688305,16.725424,0.25788528
3,26,10,0.0048999996,0.045197576,0.017987415,0.018505977,0.008704184,0.067058586,0.018917354,4.8539863,-1.0880047,7.7466908,1.0975441,0.13411717,0.037834708,0.13603668,-0.030492166,0.093296215,0.013218121,251.48137,248.50462,336.04718,-0.009539366,16.725424,0.25681496
3,27,10,0.0048999996,0.043147527,0.014754784,0.019472755,0.008919989,0.060734637,0.016163616,4.979162,-1.6642731,7.8421354,0.7339357,0.121469274,0.03232723,0.13954481,-0.046642523,0.09444569,0.008839053,251.4534,248.29155,336.00583,0.9303374,16.724812,0.30631763
3,28,10,0.0048999996,0.045407247,0.016123524,0.020512432,0.008771288,0.06348922,0.017179528,5.1103554,-1.4755776,7.776494,0.6622999,0.12697844,0.034359057,0.14322162,-0.04135418,0.093655154,0.007976317,251.37094,247.95522,334.69366,0.8132777,16.724812,0.28236386
3,29,10,0.0048999996,0.04501552,0.016764434,0.019335007,0.008916078,0.06473877,0.012234266,4.9615192,-1.318753,7.840416,0.14674935,0.12947755,0.024468532,0.13905038,-0.03695906,0.094424985,0.001767356,251.36502,247.82191,334.95984,1.1720036,16.72444,0.2589648
3,30,10,0.0048999996,0.046474807,0.01409097,0.022276849,0.010106987,0.059352696,0.012156763,5.3256106,-1.5600455,8.347629,0.14283544,0.11870539,0.024313526,0.1492543,-0.043721464,0.100533515,0.001720218,251.35518,247.815,334.8296,1.4172101,16.72444,0.29043022
3,31,10,0.0048999996,0.048874497,0.017609969,0.021566557,0.009697975,0.06635128,0.0076441127,5.2400203,-1.0397023,8.176975,-0.16791865,0.13270256,0.015288225,0.14685556,-0.029138448,0.098478295,-0.0020223034,251.30615,247.59052,333.70645,1.207621,16.724234,0.20779273
3,32,10,0.0048999996,0.046065263,0.016323963,0.019766582,0.009974719,0.063882634,0.0078581,5.0165863,-0.9694716,8.292826,-0.11303056,0.12776527,0.0157162,0.14059368,-0.027170176,0.09987351,-0.0013612678,251.33223,247.62245,334.28534,1.0825021,16.724234,0.18245669
3,33,10,0.0048999996,0.04343394,0.011641269,0.02145473,0.010337941,0.053947356,-0.00017056975,5.2264175,-0.48739463,8.442464,-0.7169923,0.10789471,-0.0003411395,0.14647433,-0.0136596095,0.10167567,-0.008634999,251.31433,247.4588,334.09186,1.204387,16.724178,0.18739007
3,34,10,0.0048999996,0.046481274,0.013740981,0.022438679,0.010301611,0.058610965,0.0009107728,5.3449197,-0.14990726,8.427616,-0.79854715,0.11722193,0.0018215457,0.14979546,-0.0042012664,0.10149685,-0.009617194,251.259,247.24393,333.00018,0.9484544,16.724178,0.15352757
3,35,10,0.0048999996,0.047958404,0.016732365,0.020789852,0.010436183,0.06467682,-0.005342796,5.144797,0.4021508,8.482484,-0.8956017,0.12935364,-0.010685592,0.14418687,0.0112705855,0.10215764,-0.0107860565,251.2814,247.2075,333.46017,0.49345088,16.724123,0.16334905
3,36,10,0.0048999996,0.049224865,0.014514151,0.023338981,0.011371731,0.060237344,-0.005273499,5.451092,0.39800343,8.854529,-0.94844955,0.12047469,-0.010546998,0.15277101,0.011154348,0.10663832,-0.011422523,251.29082,247.18555,333.35013,0.55044615,16.724123,0.1976132
3,37,10,0.0048999996,0.04832357,0.014293287,0.02322563,0.010804653,0.059777267,-0.008767363,5.4378376,1.0688069,8.63093,-1.0509665,0.119554535,-0.017534725,0.15239957,0.029954126,0.103945434,-0.012657173,251.26595,247.04588,332.64172,-0.017840385,16.723991,0.19344983
3,38,10,0.0048999996,0.05105406,0.018319534,0.021536227,0.011198295,0.06767484,-0.0073873065,5.2363343,0.738187,8.786747,-0.8226089,0.13534968,-0.014774613,0.14675227,0.020688254,0.105822,-0.009906977,251.30548,246.98428,333.41833,0.08442187,16.723991,0.16991344
3,39,10,0.0048999996,0.04909355,0.014355113,0.023434162,0.011304275,0.059906412,-0.010271073,5.4621964,0.88412815,8.828229,-0.63923323,0.119812824,-0.020542147,0.1530822,0.024778366,0.106321566,-0.0076985178,251.30498,246.98538,333.2807,-0.24489492,16.723768,0.17869729
3,40,10,0.0048999996,0.051139522,0.0156233385,0.024427611,0.011088572,0.062496677,-0.010885975,5.576774,1.1629324,8.743594,-0.73207355,0.124993354,-0.02177195,0.15629335,0.03259207,0.10530229,-0.00881663,251.21558,246.62674,331.95242,-0.43085885,16.723768,0.19445738
3,41,10,0.0048999996,0.050257422,0.017852515,0.021592207,0.010812702,0.06680665,-0.009976752,5.243135,0.9525652,8.634145,-0.40350723,0.1336133,-0.019953504,0.14694287,0.026696369,0.10398414,-0.0048595876,251.2032,246.39272,332.53665,-0.54905796,16.72341,0.17963062
3,42,10,0.0048999996,0.050199296,0.015323839,0.023694323,0.011181136,0.06189475,-0.010254634,5.492432,0.79918295,8.780013,-0.4030401,0.1237895,-0.020509267,0.1539296,0.022397714,0.10574089,-0.0048539573,251.18263,246.2481,332.57425,-0.39614284,16.72341,0.19363348
3,43,10,0.0048999996,0.048600934,0.01558747,0.022636002,0.010377465,0.062424894,-0.009428266,5.3683696,0.74683994,8.458588,0.030317625,0.12484979,-0.018856533,0.15045266,0.02093076,0.101869844,0.00036512647,251.11938,246.06538,331.4134,-0.77715755,16.722975,0.15784451
3,44,10,0.0048999996,0.05068672,0.018080914,0.02202411,0.010581698,0.067232646,-0.0077737877,5.2953143,0.6955474,8.541415,0.13122025,0.13446529,-0.015547575,0.14840522,0.019493248,0.10286738,0.0015803346,251.15227,246.09308,332.2974,-0.8267677,16.722975,0.16623117
3,45,10,0.0048999996,0.047675822,0.014379907,0.022825012,0.010470902,0.059958126,-0.005733671,5.3907366,-0.16463271,8.496581,0.4055842,0.11991625,-0.011467342,0.15107949,-0.004613956,0.10232742,0.004884598,251.14694,246.01517,332.23886,-0.24095148,16.722456,0.12590033
3,46,10,0.0048999996,0.048706673,0.016665881,0.02207243,0.009968364,0.0645482,-0.0061189802,5.30112,-0.028339462,8.290183,0.55172336,0.1290964,-0.0122379605,0.14856793,-0.0007942379,0.09984169,0.006644605,251.1222,245.97049,331.1919,-0.5233839,16.722456,0.14733616
3,47,10,0.0048999996,0.047895577,0.019186998,0.018683432,0.010025147,0.06925857,-0.0019468266,4.877203,-0.6007859,8.313762,1.1189334,0.13851714,-0.0038936532,0.13668735,-0.016837483,0.100125656,0.013475722,251.09302,245.80428,331.36777,-0.5181475,16.721844,0.16511016
3,48,10,0.0048999996,0.045425605,0.015094169,0.020339375,0.009992058,0.061429165,-0.0012590925,5.0887527,-0.74385625,8.300029,1.1262321,0.12285833,-0.002518185,0.14261618,-0.020847138,0.09996028,0.013563624,251.0215,245.41916,331.05136,-0.3823759,16.721844,0.18042031
3,49,10,0.0048999996,0.04248065,0.01507852,0.018578656,0.008823473,0.061397314,0.0005555428,4.8635087,-0.890467,7.7995934,1.3890935,0.12279463,0.0011110856,0.13630354,-0.02495602,0.093933344,0.016729357,250.9848,245.20743,330.18686,-0.49862653,16.72115,0.17978987
3,50,10,0.0048999996,0.042728238,0.01678392,0.016694311,0.009250008,0.06477638,0.00055038236,4.6102743,-0.90615845,7.9858875,1.373036,0.12955277,0.0011007647,0.12920646,-0.025395783,0.09617696,0.016535975,251.04845,245.35512,331.0554,-0.46687758,16.72115,0.16711998
3,51,10,0.0048999996,0.039978046,0.014131311,0.017197026,0.0086497115,0.059437595,-0.0007982372,4.6791754,-1.0163475,7.7224126,1.0584441,0.11887519,-0.0015964744,0.13113743,-0.028483914,0.093003824,0.012747223,251.0571,245.32396,331.4576,-0.042096615,16.720371,0.15860619
3,52,10,0.0048999996,0.039074954,0.013503942,0.017332492,0.008238521,0.05810323,-0.0007184655,4.6975675,-0.8984972,7.536624,0.9436357,0.11620646,-0.001436931,0.13165292,-0.025181066,0.0907663,0.011364548,251.0216,245.2568,330.67374,-0.04513848,16.720371,0.18336968
3,53,10,0.0048999996,0.042098302,0.016714085,0.016955141,0.0084290765,0.06464148,0.00054069096,4.6461506,-0.8074077,7.623286,0.78238547,0.12928297,0.0010813819,0.1302119,-0.02262822,0.09181,0.009422554,251.03859,245.23514,331.4407,0.025022209,16.719416,0.17931221
3,54,10,0.0048999996,0.037596386,0.012152956,0.017308038,0.008135392,0.055120222,0.00011001505,4.6942525,-0.74567366,7.489304,0.76801896,0.110240445,0.0002200301,0.13156001,-0.020898072,0.09019641,0.0092495335,251.01349,245.0763,331.39072,-0.022345304,16.719416,0.15929769
3,55,10,0.0048999996,0.034493275,0.012633028,0.014821244,0.007039002,0.056198373,0.0021665473,4.3439503,-0.41926143,6.9663887,0.8874319,0.11239675,0.0043330947,0.12174253,-0.0117501225,0.08389876,0.010687665,251.01953,245.17578,330.8813,-0.4681705,16.718256,0.12058116
3,56,10,0.0048999996,0.0332697,0.012790152,0.013504788,0.006974761,0.056546777,0.003075731,4.1465454,-0.67543924,6.9345274,1.1668918,0.113093555,0.006151462,0.1162101,-0.018929701,0.08351503,0.014053304,251.08183,245.36613,331.67172,-0.49145257,16.718256,0.14022009
3,57,10,0.0048999996,0.030425346,0.01102707,0.012981918,0.0064163585,0.052504927,0.002506927,4.065481,-0.092218705,6.6511464,0.8502068,0.105009854,0.005013854,0.11393822,-0.0025844988,0.080102175,0.01023935,251.13377,245.59746,332.01855,-0.7579881,16.716988,0.12542541
3,58,10,0.0048999996,0.031074721,0.011177674,0.013528083,0.0063689644,0.05286226,0.0028615745,4.1501203,-0.263441,6.626536,0.9469459,0.10572452,0.005723149,0.11631029,-0.007383134,0.07980579,0.011404415,251.12721,245.68352,331.31784,-0.68350494,16.716988,0.13091792
3,59,10,0.0048999996,0.029673668,0.011292215,0.012203047,0.0061784047,0.05313242,0.002214142,3.9416378,-0.114865705,6.52665,0.7291543,0.10626484,0.004428284,0.110467404,-0.0032192017,0.07860283,0.008781469,251.16801,245.81558,332.18658,-0.61428857,16.715725,0.11706944
3,60,10,0.0048999996,0.027244898,0.009377374,0.011797431,0.0060700923,0.04841842,0.001471113,3.8755758,0.022098137,6.469189,0.70747805,0.09683684,0.002942226,0.10861598,0.00061931816,0.077910796,0.008520415,251.19348,246.0121,332.3749,-0.7295762,16.715725,0.10317079
3,61,10,0.0048999996,0.028179878,0.009560865,0.01268049,0.005938525,0.04888984,0.000984998,4.018006,0.62674356,6.398696,0.5234652,0.09777968,0.001969996,0.11260768,0.017564967,0.077061825,0.006304281,251.18991,246.05367,331.68005,-1.1502087,16.714487,0.103316836
3,62,10,0.0048999996,0.029375209,0.011175831,0.012235174,0.0059642023,0.052857902,0.0017002923,3.946823,0.47962278,6.4125147,0.66610456,0.105715804,0.0034005847,0.11061272,0.0134417955,0.07722825,0.008022139,251.19559,245.9796,332.16028,-1.1457274,16.714487,0.104104795
3,63,10,0.0048999996,0.027086329,0.0094320355,0.012253617,0.0054006753,0.048559334,0.0015590895,3.9497964,0.7424658,6.1020555,0.28006127,0.09711867,0.003118179,0.110696055,0.020808171,0.073489286,0.0033728788,251.20116,245.96964,332.30835,-1.0225271,16.713247,0.13666931
3,64,10,0.0048999996,0.02946828,0.011538609,0.012363244,0.0055664266,0.05370896,0.001306638,3.967425,0.7638513,6.1949873,0.3394135,0.10741792,0.002613276,0.111190125,0.021407515,0.07460849,0.0040876823,251.21156,246.02063,331.60385,-1.1032648,16.713247,0.11121792
3,65,10,0.0048999996,0.028162956,0.012369485,0.010895556,0.0048979153,0.055609092,-0.0007579868,3.7244933,0.6091499,5.8110933,0.12010998,0.111218184,-0.0015159736,0.10438178,0.017071893,0.06998511,0.0014465277,251.25507,246.0674,332.3768,-0.72925985,16.711985,0.10795506
3,66,10,0.0048999996,0.027411422,0.011590828,0.0112813,0.0045392937,0.053830355,-0.0010142504,3.789851,0.7260524,5.5943074,0.02681451,0.10766071,-0.002028501,0.106213465,0.020348173,0.06737428,0.00032293677,251.2706,246.10666,332.6134,-0.7528669,16.711985,0.15716654
3,67,10,0.0048999996,0.026861139,0.009856531,0.012094204,0.004910401,0.049640033,-0.0012025752,3.92402,0.4650102,5.818495,-0.18120413,0.09928007,-0.0024051503,0.109973654,0.013032268,0.07007425,-0.002182308,251.25015,246.05598,332.05466,-0.2838061,16.71067,0.12441274
3,68,10,0.0048999996,0.028482802,0.011728414,0.011805358,0.004949029,0.0541489,0.00013651903,3.8768775,0.29567158,5.8413363,0.11434825,0.1082978,0.00027303805,0.108652465,0.008286422,0.070349336,0.0013771382,251.25679,246.05054,332.39038,-0.41001981,16.71067,0.14048618
3,69,10,0.0048999996,0.028143886,0.009732446,0.013229355,0.0051820846,0.04932658,-0.00038986924,4.104043,-0.028994126,5.9772916,-0.056761615,0.09865316,-0.0007797385,0.115018934,-0.0008125811,0.0719867,-0.00068359845,251.26578,246.03867,332.18228,0.08575574,16.709208,0.14569736
3,70,10,0.0048999996,0.03182032,0.012041539,0.014429961,0.0053488202,0.054866973,0.000376099,4.2862263,-0.049449958,6.0726914,-0.0098614935,0.10973395,0.000752198,0.12012477,-0.0013858767,0.07313563,-0.00011876617,251.2945,246.07817,331.503,0.05931145,16.709208,0.16809405
3,71,10,0.0048999996,0.032107614,0.013833705,0.0130547555,0.005219154,0.058808386,-0.0015227476,4.0768704,-0.3909604,5.9986324,0.11726703,0.11761677,-0.0030454951,0.11425741,-0.010956962,0.07224371,0.0014122905,251.37973,246.37152,332.60583,0.27369338,16.70765,0.15893711
3,72,10,0.0048999996,0.028400626,0.011238521,0.012023703,0.005138402,0.053005945,-0.0010264072,3.9125655,-0.4368861,5.9520454,0.117159605,0.10601189,-0.0020528145,0.109652646,-0.012244071,0.07168265,0.0014109972,251.40894,246.47594,333.11688,0.3197265,16.70765,0.1581001
3,73,10,0.0048999996,0.031497866,0.012398179,0.013850446,0.005249242,0.055673555,0.0004161199,4.199276,-0.35402945,6.0158987,-0.13688937,0.11134711,0.0008322398,0.11768792,-0.009921946,0.07245165,-0.0016486085,251.39616,246.42842,332.45807,0.49091882,16.705963,0.13525237
3,74,10,0.0048999996,0.03356474,0.014481909,0.014193194,0.004889638,0.0601704,-0.00015765007,4.250917,-0.2612376,5.8061814,-0.1478522,0.1203408,-0.00031530013,0.11913519,-0.0073213847,0.06992595,-0.001780637,251.44894,246.48833,333.27194,0.4090898,16.705963,0.14300215
3,75,10,0.0048999996,0.030510185,0.012925534,0.01334187,0.004242781,0.05684526,-0.0019762083,4.1214576,-0.14407,5.408508,-0.19248365,0.11369052,-0.0039524166,0.115507014,-0.0040376717,0.065136634,-0.0023181522,251.52505,246.71405,333.72617,0.33655363,16.704102,0.1282523
3,76,10,0.0048999996,0.030364111,0.013453875,0.012632164,0.0042780717,0.05799542,0.0004587741,4.0103426,0.047813956,5.4309554,-0.37222338,0.11599084,0.0009175482,0.1123929,0.0013400235,0.06540697,-0.004482823,251.5071,246.65761,332.92346,0.32440943,16.704102,0.1358592
3,77,10,0.0048999996,0.027534,0.014112764,0.0095601035,0.0038611323,0.059398577,-0.00037245825,3.4887822,0.029493159,5.1595225,-0.44439438,0.11879715,-0.0007449165,0.09777578,0.000826568,0.06213801,-0.005352002,251.52188,246.64635,333.5204,0.41490123,16.702126,0.11184243
3,78,10,0.0048999996,0.028492618,0.013855657,0.010509453,0.00412751,0.058855027,-0.0020203376,3.6579065,0.008897367,5.3345313,-0.44342807,0.117710054,-0.0040406752,0.10251562,0.00024935557,0.0642457,-0.005340367,251.52397,246.74962,333.55832,0.4345307,16.702126,0.1359942
3,79,10,0.0048999996,0.026673447,0.011690929,0.01065052,0.004331999,0.0540623,-0.0011629037,3.6823745,0.15450117,5.465078,-0.41928914,0.1081246,-0.0023258075,0.10320136,0.0043300116,0.06581792,-0.00504965,251.52505,246.88301,333.00433,0.26478797,16.700104,0.11824523
3,80,10,0.0048999996,0.026094161,0.012184654,0.009969991,0.0039395164,0.05519206,-0.001171528,3.5627875,0.05595793,5.2116313,-0.34287602,0.11038412,-0.002343056,0.09984984,0.0015682635,0.06276557,-0.0041293814,251.5515,246.88774,333.82782,0.2869181,16.700104,0.10360065
3,81,10,0.0048999996,0.025523936,0.011204164,0.010525993,0.0037937798,0.05292486,-0.001974338,3.6607835,0.25615427,5.114324,-0.5275353,0.10584972,-0.003948676,0.10259626,0.0071789194,0.061593667,-0.0063533015,251.5709,246.88754,334.1377,0.27138105,16.698078,0.10522111
3,82,10,0.0048999996,0.02719127,0.010200172,0.012712035,0.004279062,0.05049795,-0.00043159013,4.0230002,0.26955083,5.4315834,-0.6088898,0.1009959,-0.00086318026,0.11274766,0.007554368,0.06541454,-0.0073330817,251.55283,246.91034,333.46597,0.339339,16.698078,0.11972508
3,83,10,0.0048999996,0.025255427,0.010337381,0.011047389,0.0038706558,0.050836455,-0.00067292334,3.7503552,0.14710338,5.165882,-0.6274025,0.10167291,-0.0013458467,0.10510656,0.0041226847,0.062214594,-0.007556037,251.56972,246.90562,333.91165,0.48029912,16.696114,0.13873193
3,84,10,0.0048999996,0.024358833,0.010034564,0.010428197,0.0038960732,0.050086334,0.00028499842,3.6437383,0.014731128,5.182815,-0.3362091,0.10017267,0.00056999683,0.102118544,0.00041285067,0.06241853,-0.004049089,251.61691,247.1048,334.08423,0.32147795,16.696114,0.1284952
3,85,10,0.0048999996,0.028518587,0.010557779,0.013295913,0.004664895,0.051375527,0.00034263186,4.1143537,0.15824448,5.671176,-0.64557207,0.102751054,0.0006852637,0.115307905,0.00443492,0.06830004,-0.00777486,251.64494,247.3014,333.4977,0.48732758,16.694202,0.10878866
3,86,10,0.0048999996,0.027864598,0.010812613,0.012514901,0.0045370823,0.051991858,-0.002201502,3.991685,-0.059570488,5.592945,-0.45015213,0.103983715,-0.004403004,0.11187002,-0.0016695092,0.06735787,-0.005421346,251.75053,247.723,334.4476,0.5097226,16.694202,0.12809771
3,87,10,0.0048999996,0.030639611,0.013810722,0.012479966,0.004348923,0.058759514,-0.002862363,3.9861093,-0.26766127,5.4757423,-0.34496817,0.11751903,-0.005724726,0.11171377,-0.007501411,0.06594636,-0.0041545774,251.90623,248.3907,335.4484,0.6126294,16.692322,0.10759234
3,88,10,0.0048999996,0.030517716,0.01174105,0.013907995,0.0048686713,0.054178063,-0.0007930688,4.207991,-0.006095684,5.7937193,-0.5614601,0.108356126,-0.0015861376,0.11793216,-0.00017083685,0.069775864,-0.0067618676,251.93521,248.51848,335.1665,0.5675558,16.692322,0.08545732
3,89,10,0.0048999996,0.026579322,0.010749469,0.011791674,0.004038179,0.05183982,-0.002676684,3.8746305,-0.4144757,5.2764874,-0.6820841,0.10367964,-0.005353368,0.10858948,-0.011616,0.063546665,-0.008214588,251.98941,248.62044,336.05182,1.0965598,16.690462,0.09622095
3,90,10,0.0048999996,0.026322812,0.011596555,0.010694121,0.004032136,0.05384365,-0.0022429086,3.6899037,-0.45197663,5.272539,-0.49565148,0.1076873,-0.004485817,0.10341238,-0.012666991,0.0634991,-0.005969313,252.07999,248.94246,336.68954,0.94762814,16.690462,0.123898394
3,91,10,0.0048999996,0.026882235,0.010412846,0.011857293,0.004612096,0.051021677,-0.0023133713,3.885396,-0.3148518,5.6389904,-0.8931556,0.10204335,-0.0046267426,0.1088912,-0.008823961,0.067912415,-0.010756597,252.11058,249.11108,335.99048,1.2080073,16.68856,0.15670396
3,92,10,0.0048999996,0.023794007,0.010316906,0.0096613625,0.0038157394,0.050786085,-0.0031989042,3.5072098,-0.2333176,5.129104,-0.9922627,0.10157217,-0.0063978084,0.09829223,-0.0065389043,0.061771672,-0.01195018,252.14047,249.18509,336.76508,1.2255803,16.68856,0.13933693
3,93,10,0.0048999996,0.024737526,0.012377993,0.008776453,0.00358308,0.055628214,-0.0060160174,3.3427358,-0.074467435,4.9702754,-0.96327764,0.11125643,-0.012032035,0.09368273,-0.0020870066,0.059858833,-0.0116011035,252.10902,248.9467,336.98325,1.0377451,16.68651,0.17946574
3,94,10,0.0048999996,0.024993787,0.009551312,0.011329529,0.0041129454,0.048865408,-0.0036853314,3.797943,0.13371277,5.3251114,-1.1889211,0.097730815,-0.007370663,0.10644026,0.0037474015,0.06413225,-0.014318609,252.06645,248.87755,336.06186,1.0552083,16.68651,0.16756114
3,95,10,0.0048999996,0.024203818,0.009902703,0.0104188975,0.0038822189,0.049756162,-0.0018853153,3.6421127,0.16139376,5.173592,-0.9958924,0.099512324,-0.0037706306,0.102073,0.0045231828,0.062307455,-0.011993894,252.10007,248.92229,336.73877,0.83449864,16.684328,0.099948466
3,96,10,0.0048999996,0.025744641,0.010504898,0.011145804,0.00409394,0.051246703,-0.0029230053,3.7670226,-0.005914645,5.312793,-0.7346213,0.102493405,-0.0058460105,0.10557369,-0.00016576172,0.0639839,-0.008847313,252.14029,249.03314,337.3062,0.7405359,16.684328,0.12347459
3,97,10,0.0048999996,0.025059622,0.008579492,0.01226408,0.00421605,0.04631277,-0.0011422738,3.9514823,0.35494363,5.3914437,-0.7747314,0.09262554,-0.0022845475,0.11074331,0.009947566,0.06493112,-0.00933037,252.11348,248.9924,336.3137,0.41978776,16.682043,0.12686242
3,98,10,0.0048999996,0.023921346,0.008913792,0.010720079,0.0042874753,0.04720644,-0.0011866207,3.6943798,0.23951216,5.436921,-0.8666414,0.09441288,-0.0023732414,0.10353781,0.0067125103,0.06547882,-0.010437276,252.1674,249.07292,337.04868,0.62712926,16.682043,0.15622993
3,99,10,0.0048999996,0.026787078,0.011515947,0.011048069,0.0042230617,0.05365619,-0.0007431051,3.7504704,0.018280184,5.3959246,-0.3518048,0.10731238,-0.0014862102,0.105109796,0.0005123152,0.06498509,-0.0042369138,252.27368,249.42038,337.95282,0.3335246,16.679663,0.1826566
3,100,10,0.0048999996,0.02712716,0.009586666,0.013002702,0.004537793,0.04895576,0.00086617086,4.068734,0.12080098,5.5933833,-0.544147,0.09791152,0.0017323417,0.11402939,0.0033855378,0.06736314,-0.0065533575,252.31363,249.72859,337.25696,0.42334604,16.679663,0.20596656
4,1,10,0.0034299996,0.22706623,0.07725105,0.109055296,0.040759895,0.13897036,-0.036097225,11.783273,0.64285725,16.763657,-7.1191216,0.27794072,-0.07219445,0.3302352,0.018016545,0.2018908,-0.085738175,253.70345,261.59973,356.37982,6.4762645,16.677246,1.1113473
4,2,10,0.0034299996,0.24084523,0.08382416,0.11490281,0.042118262,0.14476201,-0.03557749,12.095056,0.25138438,17.0407,-7.0732546,0.28952402,-0.07115498,0.33897316,0.007045216,0.20522735,-0.08518575,253.71687,261.41675,356.6546,6.8218703,16.677246,1.1639819
4,3,10,0.0034299996,0.20549412,0.06437988,0.10249466,0.03861959,0.12686595,-0.031495854,11.423342,0.100320525,16.31759,-5.497115,0.2537319,-0.06299171,0.32014787,0.0028115474,0.19651867,-0.066203766,253.70984,261.12686,356.7526,5.396795,16.673954,1.0427886
4,4,10,0.0034299996,0.22086823,0.06915145,0.11108191,0.040634863,0.13148332,-0.026910074,11.892257,0.396112,16.737925,-5.7337036,0.26296663,-0.053820148,0.33328953,0.011101337,0.20158091,-0.06905309,253.62614,260.7037,354.95816,5.3375916,16.673954,1.1176802
4,5,10,0.0034299996,0.18263207,0.05833689,0.08962448,0.0346707,0.12076516,-0.018757906,10.68208,-0.85920393,15.460854,-4.0685124,0.24153031,-0.03751581,0.29937348,-0.024079852,0.1862007,-0.048998583,253.63876,260.5069,355.21085,4.9277163,16.669714,0.8775007
4,6,10,0.0034299996,0.1812729,0.054941308,0.08924566,0.037085924,0.11719781,-0.021623265,10.659482,-0.53089905,15.990305,-3.668675,0.23439562,-0.04324653,0.29874012,-0.014878861,0.19257706,-0.044183187,253.65138,260.271,355.35242,4.199574,16.669714,0.88704216
4,7,10,0.0034299996,0.1457111,0.047047216,0.06927961,0.029384272,0.10845185,-0.006041476,9.391723,-1.1165371,14.233432,-2.0108938,0.2169037,-0.012082952,0.2632102,-0.031291816,0.17141841,-0.02421794,253.63753,260.11108,353.7201,3.127431,16.665298,0.6211643
4,8,10,0.0034299996,0.14340135,0.045573525,0.06801375,0.029814087,0.10673978,-0.006757531,9.305526,-1.5262266,14.337153,-1.91208,0.21347956,-0.013515062,0.26079446,-0.042773657,0.17266756,-0.023027867,253.73997,260.34268,354.70276,3.4383068,16.665298,0.66212267
4,9,10,0.0034299996,0.10623208,0.031514764,0.049323462,0.025393855,0.08876199,-0.0051379846,7.9244533,-1.980242,13.231726,0.049865413,0.17752399,-0.010275969,0.22208886,-0.05549778,0.1593545,0.0006005451,253.82875,260.5688,355.4814,1.9303766,16.661272,0.49453735
4,10,10,0.0034299996,0.11348317,0.038585223,0.049015015,0.02588293,0.09821561,0.00022420738,7.8996367,-1.8645525,13.358539,0.09712389,0.19643122,0.00044841476,0.22139335,-0.05225552,0.16088173,0.0011696863,253.85495,260.65796,354.43277,1.7674286,16.661272,0.550285
4,11,10,0.0034299996,0.098661914,0.03548021,0.041242253,0.02193946,0.09418096,0.0021463921,7.246257,-2.2299128,12.298869,1.0206513,0.18836191,0.0042927843,0.20308189,-0.062494997,0.14811975,0.012292066,253.9522,260.8361,355.57,1.2092614,16.657988,0.5508718
4,12,10,0.0034299996,0.097794,0.029940305,0.044080153,0.023773538,0.086516336,0.0022303897,7.49142,-2.1608877,12.802628,1.491551,0.17303267,0.0044607795,0.20995274,-0.060560536,0.1541867,0.017963296,254.04614,261.0835,355.919,0.6693367,16.657988,0.5235688
4,13,10,0.0034299996,0.08752315,0.02907032,0.037397802,0.021055026,0.0852501,0.005053123,6.900262,-1.7118866,12.048418,2.1766706,0.1705002,0.010106246,0.19338511,-0.047976937,0.1451035,0.026214436,254.0603,261.20465,354.35736,-0.4647839,16.655567,0.508987
4,14,10,0.0034299996,0.0857269,0.029721964,0.035105843,0.02089909,0.0862003,0.0033143323,6.685475,-1.8729228,12.00372,1.96254,0.1724006,0.0066286647,0.18736553,-0.05249008,0.14456518,0.023635585,254.10109,261.19553,354.90286,-0.08961725,16.655567,0.5032862
4,15,10,0.0034299996,0.08076326,0.030573003,0.030438296,0.019751957,0.08742569,-0.0009255957,6.225192,-1.162296,11.669635,2.7316043,0.17485137,-0.0018511914,0.17446575,-0.032574236,0.14054166,0.03289772,254.12357,261.1527,355.32166,-1.5693083,16.65399,0.4393557
4,16,10,0.0034299996,0.08485279,0.029231064,0.035099395,0.020522332,0.08548547,0.0051847226,6.6848607,-1.2117455,11.895031,2.7384555,0.17097095,0.010369445,0.18734832,-0.033960085,0.14325617,0.03298021,254.09818,261.00293,353.84012,-1.52671,16.65399,0.43681252
4,17,10,0.0034299996,0.07969525,0.031070543,0.030184366,0.018440334,0.08813419,-9.0608395e-5,6.1991696,-0.89390063,11.275519,2.921838,0.17626838,-0.00018121679,0.17373648,-0.025052251,0.13579519,0.035188764,254.16675,261.14075,354.32153,-2.0279374,16.653133,0.39744526
4,18,10,0.0034299996,0.08308447,0.032898452,0.030681502,0.019504515,0.09068965,-0.0011608785,6.250012,-0.5543532,11.59631,3.2603033,0.1813793,-0.002321757,0.17516136,-0.015536172,0.13965857,0.039265018,254.24496,261.40234,354.80713,-2.70595,16.653133,0.40106067
4,19,10,0.0034299996,0.07577732,0.028325884,0.02988236,0.01756908,0.08415148,-0.00065648917,6.16808,0.15010102,11.00593,3.117817,0.16830295,-0.0013129783,0.17286515,0.0042067007,0.1325484,0.037549008,254.24814,261.36008,353.4278,-3.2679179,16.652834,0.3755168
4,20,10,0.0034299996,0.07929636,0.033564895,0.027801089,0.017930372,0.09160362,-0.0028438065,5.949404,-0.084788,11.118516,2.9866068,0.18320724,-0.005687613,0.16673659,-0.0023762553,0.13390434,0.03596879,254.322,261.4549,353.7342,-2.9018188,16.652834,0.3815222
4,21,10,0.0034299996,0.08827078,0.036405135,0.034432806,0.017432837,0.09540065,-0.0037364701,6.621079,0.5636596,10.963172,3.4976006,0.1908013,-0.0074729403,0.1855608,0.01579699,0.13203347,0.042122878,254.33643,261.41302,353.9431,-4.06126,16.652815,0.41698688
4,22,10,0.0034299996,0.079372965,0.025357608,0.036723368,0.01729199,0.07962036,-0.00020951244,6.837759,0.504131,10.918793,3.4251144,0.15924072,-0.00041902487,0.19163342,0.014128656,0.131499,0.041249897,254.25505,261.02542,352.28006,-3.9292455,16.652815,0.35822594
4,23,10,0.0034299996,0.07622893,0.024250582,0.03657155,0.0154068,0.07786299,-0.0023894073,6.8236103,0.959767,10.306434,3.465348,0.15572599,-0.0047788145,0.1912369,0.026898203,0.12412413,0.041734453,254.27533,260.8753,352.8031,-4.425115,16.652859,0.34386158
4,24,10,0.0034299996,0.08334413,0.030171858,0.036567423,0.016604844,0.08685024,-0.0013842264,6.823226,1.0309997,10.699652,3.8220575,0.17370048,-0.0027684527,0.19122611,0.028894555,0.12885979,0.046030436,254.28879,260.79877,352.936,-4.853057,16.652859,0.408237
4,25,10,0.0034299996,0.07830683,0.023530789,0.039620135,0.015155902,0.07669874,0.002978564,7.1023245,1.437017,10.22217,3.6775868,0.15339749,0.005957128,0.19904807,0.0402735,0.12310931,0.04429052,254.22806,260.49243,351.4055,-5.114604,16.65291,0.40462384
4,26,10,0.0034299996,0.077430986,0.02221507,0.040745124,0.0144707905,0.074523605,-0.00011363144,7.2024517,1.5980844,9.988455,3.3895583,0.14904721,-0.00022726288,0.20185421,0.044787537,0.1202946,0.040821683,254.22913,260.3039,351.67334,-4.987643,16.65291,0.42025593
4,27,10,0.0034299996,0.07824217,0.025359748,0.038638826,0.014243594,0.07962372,0.001601939,7.0138173,1.7263509,9.909734,3.7363973,0.15924744,0.003203878,0.19656761,0.0483823,0.11934653,0.044998784,254.21106,260.1465,351.86234,-5.462748,16.652828,0.4400829
4,28,10,0.0034299996,0.08148878,0.02282545,0.044342928,0.014320405,0.07554047,0.0038211541,7.5137157,1.5759342,9.936417,3.7239897,0.15108094,0.0076423083,0.2105776,0.044166762,0.119667895,0.044849362,254.14023,259.868,350.4984,-5.299924,16.652828,0.45173958
4,29,10,0.0034299996,0.076998554,0.025275776,0.039068136,0.012654642,0.07949179,0.002694054,7.052675,1.720955,9.340651,3.3427968,0.15898357,0.005388108,0.19765662,0.04823108,0.11249285,0.040258516,254.14249,259.71344,350.9458,-5.0637517,16.652647,0.38877696
4,30,10,0.0034299996,0.08004818,0.025911495,0.040756974,0.013379717,0.08048524,6.371586e-5,7.2035,1.8735797,9.60452,3.5738883,0.16097048,0.00012743172,0.20188357,0.0525085,0.115670726,0.04304164,254.15637,259.6679,351.21796,-5.447468,16.652647,0.42382824
4,31,10,0.0034299996,0.07361789,0.020691661,0.040449347,0.012476881,0.07192298,0.003494424,7.176262,1.4469322,9.274814,3.0116985,0.14384596,0.006988848,0.20112023,0.040551383,0.11169996,0.036270984,254.11028,259.461,349.80118,-4.4586306,16.652384,0.33462375
4,32,10,0.0034299996,0.06924787,0.02345124,0.03328109,0.012515534,0.07656899,0.0023735398,6.509405,1.061653,9.289168,2.911352,0.15313798,0.0047470797,0.18243106,0.029753637,0.111872844,0.035062466,254.1162,259.35413,349.64426,-3.9730048,16.652384,0.30171892
4,33,10,0.0034299996,0.06444144,0.020968081,0.031378973,0.012094387,0.0724018,-0.0003184193,6.3206525,0.43324134,9.13154,2.4949167,0.1448036,-0.0006368386,0.17714112,0.012141922,0.10997448,0.030047186,254.14844,259.34064,349.90704,-2.928158,16.652142,0.22204462
4,34,10,0.0034299996,0.064019494,0.02005293,0.032261897,0.011704671,0.070804186,0.0026444967,6.408959,0.562964,8.983216,2.2965918,0.14160837,0.0052889935,0.17961597,0.015777498,0.10818813,0.027658693,254.1203,259.25592,348.87134,-2.8595557,16.652142,0.23559809
4,35,10,0.0034299996,0.067274325,0.022569144,0.03354111,0.011164068,0.07511515,-0.0006459041,6.5347843,-0.19445485,8.77331,1.4979106,0.1502303,-0.0012918082,0.18314232,-0.0054497444,0.105660155,0.018039886,254.139,259.23523,349.32758,-1.3034558,16.651974,0.2221895
4,36,10,0.0034299996,0.07080367,0.023826724,0.034913044,0.012063908,0.077179536,-0.001649484,6.6670914,-0.3541211,9.120029,1.9893069,0.15435907,-0.003298968,0.18685032,-0.009924511,0.109835826,0.023957944,254.10614,259.0222,349.4543,-1.6351858,16.651974,0.21977587
4,37,10,0.0034299996,0.06834726,0.019117009,0.038180687,0.011049567,0.069132134,-0.0022168192,6.9721127,-0.8193551,8.728203,0.81662935,0.13826427,-0.0044336384,0.1953988,-0.022963053,0.10511692,0.009834963,254.01877,258.63278,347.9997,0.0027257204,16.651878,0.2640504
4,38,10,0.0034299996,0.066886134,0.020901375,0.035704974,0.010279787,0.07228654,-0.002820486,6.742282,-0.72404236,8.418684,0.5920666,0.14457308,-0.005640972,0.1889576,-0.020291837,0.10138928,0.0071304687,254.03683,258.4837,348.2941,0.13197577,16.651878,0.26135767
4,39,10,0.0034299996,0.06609963,0.022656117,0.03335504,0.010088477,0.075259745,-0.0058561624,6.5166326,-1.3207706,8.33998,-0.104335785,0.15051949,-0.011712325,0.18263362,-0.037015617,0.10044141,-0.0012565559,254.05812,258.39975,348.541,1.4251064,16.651852,0.29112852
4,40,10,0.0034299996,0.06351243,0.01813003,0.035284743,0.010097657,0.0673239,-0.002854329,6.7024875,-0.81591696,8.343773,-0.3128813,0.1346478,-0.005708658,0.18784234,-0.022866694,0.1004871,-0.0037681416,254.0071,258.2358,347.23462,1.1287982,16.651852,0.26404274
4,41,10,0.0034299996,0.05782517,0.018328689,0.029846927,0.009649554,0.06769174,-0.003251567,6.164421,-1.5356797,8.156536,-1.0928895,0.13538349,-0.006503134,0.17276263,-0.043038588,0.09823214,-0.013162066,254.01077,258.14706,347.62186,2.6285691,16.651842,0.29371575
4,42,10,0.0034299996,0.06669813,0.02519324,0.03177957,0.009725317,0.07936189,-0.0064630583,6.36087,-1.4160247,8.188495,-0.9566795,0.15872379,-0.012926117,0.17826825,-0.03968518,0.098617025,-0.011521642,254.00201,258.08282,348.05524,2.3727043,16.651842,0.28207308
4,43,10,0.0034299996,0.057126433,0.018279739,0.029180175,0.009666519,0.06760129,-0.0043145693,6.095179,-1.032691,8.163704,-1.8363751,0.13520259,-0.008629139,0.17082205,-0.028941961,0.09831846,-0.022116141,253.9332,257.9262,346.81955,2.8690662,16.65179,0.24279535
4,44,10,0.0034299996,0.063429564,0.021903375,0.031273738,0.010252454,0.07399894,-0.0042788247,6.3100443,-1.2824682,8.407485,-1.949261,0.14799789,-0.008557649,0.17684382,-0.035942145,0.1012544,-0.023475658,253.9485,257.86642,347.1756,3.231729,16.65179,0.2723616
4,45,10,0.0034299996,0.06061849,0.021839594,0.028556114,0.01022278,0.073891126,-0.004293883,6.0296497,-1.5105617,8.39531,-1.7431298,0.14778225,-0.008587766,0.16898555,-0.042334642,0.10110776,-0.020993153,253.99019,257.98053,347.56992,3.2536917,16.651712,0.27781978
4,46,10,0.0034299996,0.06541906,0.019433156,0.035500586,0.01048532,0.069701426,-0.0016888073,6.722956,-1.0646232,8.50243,-1.9168595,0.13940285,-0.0033776145,0.18841599,-0.029836884,0.10239785,-0.023085436,253.98938,258.09406,346.54672,2.9814827,16.651712,0.23053904
4,47,10,0.0034299996,0.058884893,0.018712644,0.030314634,0.009857613,0.06839708,0.00016784585,6.2125335,-1.164578,8.244001,-2.0769904,0.13679416,0.0003356917,0.17411098,-0.032638185,0.09928551,-0.025013946,254.01764,258.06454,347.16772,3.2415683,16.65163,0.21282479
4,48,10,0.0034299996,0.061298836,0.020671204,0.030411655,0.010215978,0.07188742,-0.0016452679,6.222467,-1.256603,8.392516,-1.7641854,0.14377484,-0.0032905359,0.17438938,-0.035217255,0.10107412,-0.021246728,254.014,257.95267,347.34784,3.0207884,16.65163,0.21458468
4,49,10,0.0034299996,0.06903028,0.019024173,0.039347634,0.010658471,0.06896407,0.0017757838,7.077858,-0.1804447,8.572345,-1.9222621,0.13792814,0.0035515677,0.19836238,-0.005057102,0.10323987,-0.0231505,253.94249,257.68283,345.93442,2.1027067,16.651577,0.13117175
4,50,10,0.0034299996,0.060694616,0.019914152,0.030746983,0.01003348,0.07055876,0.0032611194,6.2566786,-0.42927128,8.317216,-1.9874079,0.14111751,0.0065222387,0.17534818,-0.012030652,0.10016726,-0.023935078,253.95494,257.586,346.2461,2.4166791,16.651577,0.14767028
4,51,10,0.0034299996,0.059292957,0.021707214,0.028056761,0.0095289815,0.07366684,0.0018410453,5.976698,0.25561777,8.105418,-1.544716,0.14733368,0.0036820907,0.16750152,0.0071638837,0.0976165,-0.018603576,253.96143,257.45117,346.5881,1.2890983,16.651505,0.1471227
4,52,10,0.0034299996,0.05646773,0.01769554,0.02909319,0.009679001,0.066512294,0.0042451825,6.0860877,0.7972933,8.168973,-1.7655383,0.13302459,0.008490365,0.17056726,0.022344753,0.098381914,-0.021263022,253.93521,257.43216,345.63162,0.968245,16.651505,0.2080054
4,53,10,0.0034299996,0.052242715,0.019322287,0.023618288,0.00930214,0.06950232,0.0055855573,5.4836125,0.5886984,8.00836,-1.3596582,0.13900463,0.011171115,0.15368243,0.016498726,0.0964476,-0.016374866,253.97588,257.4966,346.15347,0.77095985,16.65139,0.18784924
4,54,10,0.0034299996,0.060781904,0.026280802,0.0251886,0.009312505,0.08105677,0.003074398,5.662974,0.5345142,8.012821,-1.1128154,0.16211355,0.006148796,0.15870917,0.014980169,0.09650132,-0.013402046,253.99213,257.55902,346.37338,0.5783012,16.65139,0.2041226
4,55,10,0.0034299996,0.058370356,0.019024957,0.030503767,0.008841631,0.068965495,0.0066844407,6.2318826,1.1275386,7.8076143,-0.9783478,0.13793099,0.013368881,0.17465328,0.03160013,0.09402995,-0.011782598,253.9415,257.3754,345.27524,-0.14919078,16.651234,0.25605077
4,56,10,0.0034299996,0.050816998,0.017742226,0.023968216,0.009106555,0.06659997,0.0073221456,5.524085,0.7044041,7.9237227,-1.0690476,0.13319995,0.014644291,0.15481672,0.019741463,0.09542827,-0.012874931,253.96255,257.2944,345.75418,0.36464345,16.651234,0.20981836
4,57,10,0.0034299996,0.04984178,0.017139116,0.024004688,0.008697976,0.06545822,0.006254195,5.528287,0.19377677,7.7439275,-0.3247183,0.13091645,0.01250839,0.15493447,0.005430742,0.09326294,-0.0039106985,253.96869,257.2212,345.9397,0.13094153,16.650988,0.17128831
4,58,10,0.0034299996,0.052183844,0.0152692385,0.028503567,0.008411038,0.06178438,0.007955248,6.0240993,0.6202492,7.615124,-0.5583188,0.12356876,0.015910495,0.16882999,0.017382953,0.09171171,-0.0067240377,253.87938,256.86493,344.60416,-0.061930418,16.650988,0.18817155
4,59,10,0.0034299996,0.044768166,0.014554943,0.021487225,0.008725996,0.060321935,0.0066076647,5.2303734,0.33062845,7.7563906,-0.3865633,0.12064387,0.0132153295,0.14658521,0.009266111,0.09341304,-0.004655517,253.82133,256.43073,344.87927,0.055934846,16.650652,0.14928418
4,60,10,0.0034299996,0.044090386,0.015610417,0.01993982,0.008540149,0.062470827,0.0051370533,5.038522,0.30715573,7.673348,-0.17824253,0.124941655,0.010274107,0.14120843,0.008608277,0.092412926,-0.0021466427,253.73262,255.91115,344.64346,-0.1289132,16.650652,0.17885205
4,61,10,0.0034299996,0.04545424,0.013303597,0.024015652,0.008134993,0.057670612,0.0045337053,5.5295496,0.565655,7.48912,-0.32548854,0.115341224,0.009067411,0.15496984,0.015852911,0.090194196,-0.003919979,253.61545,255.45522,343.23178,-0.24016646,16.65019,0.17760885
4,62,10,0.0034299996,0.043869257,0.012857898,0.022298953,0.008712409,0.056696337,0.004053341,5.3282523,0.46811962,7.75035,-0.5273704,0.11339267,0.008106682,0.14932834,0.013119404,0.093340285,-0.0063513108,253.56464,255.0903,343.17682,0.059250772,16.65019,0.16371538
4,63,10,0.0034299996,0.041896112,0.014721186,0.019182775,0.007992151,0.060665447,0.00073498546,4.941949,0.040836066,7.4230785,-0.18001942,0.121330895,0.0014699709,0.1385019,0.0011444616,0.08939883,-0.0021680377,253.5145,254.73291,342.9475,0.13918336,16.649565,0.16454323
4,64,10,0.0034299996,0.044548232,0.014830552,0.022007378,0.0077103046,0.060890377,0.0018306545,5.2933025,0.629817,7.291014,-0.5729717,0.12178075,0.003661309,0.14834884,0.017651107,0.08780834,-0.006900508,253.45847,254.512,341.91446,-0.056845307,16.649565,0.16693725
4,65,10,0.0034299996,0.039320033,0.012760989,0.018680932,0.0078781145,0.056482274,0.0015639155,4.876877,0.2690194,7.369929,-0.5657962,0.11296455,0.003127831,0.1366782,0.007539474,0.088758744,-0.006814094,253.49554,254.5693,342.43695,0.2967768,16.648746,0.13235015
4,66,10,0.0034299996,0.04136864,0.014253665,0.019271579,0.0078433985,0.059694357,0.00018531008,4.953375,0.011617333,7.353674,-0.3331486,0.119388714,0.00037062017,0.13882211,0.00032558345,0.088562965,-0.004012231,253.49335,254.55177,342.57135,0.32153127,16.648746,0.14925861
4,67,10,0.0034299996,0.039837316,0.011879534,0.02070205,0.007255734,0.05449664,-0.0010465486,5.1339207,0.32562172,7.072824,-0.5184394,0.10899328,-0.0020930972,0.14388207,0.009125797,0.085180596,-0.0062437537,253.43063,254.40384,341.60803,0.19281769,16.647776,0.19095507
4,68,10,0.0034299996,0.039899655,0.0132751325,0.018619264,0.008005257,0.05760888,-0.0001783955,4.8688207,0.54307616,7.429162,-0.590314,0.11521776,-0.000356791,0.13645242,0.0152201215,0.0894721,-0.0071093687,253.421,254.30316,342.0643,0.047237813,16.647776,0.19630659
4,69,10,0.0034299996,0.04367774,0.015647987,0.019927356,0.008102396,0.062545955,-0.0017483999,5.0369473,0.009835137,7.4740996,-0.07672227,0.12509191,-0.0034967999,0.14116429,0.00027563836,0.09001331,-0.0009239912,253.39667,254.13283,342.17014,0.06688713,16.646633,0.17390308
4,70,10,0.0034299996,0.04252074,0.011793002,0.023208577,0.0075191613,0.054297794,-0.0002851408,5.435842,0.43861666,7.200073,-0.22336146,0.10859559,-0.0005702816,0.15234362,0.012292569,0.0867131,-0.0026900251,253.33653,253.83447,341.1856,-0.2152552,16.646633,0.21975097
4,71,10,0.0034299996,0.036417678,0.010767893,0.017936917,0.0077128657,0.05188423,0.00069213816,4.778773,-0.13388771,7.292225,-0.050862093,0.10376846,0.0013842763,0.13392878,-0.0037523026,0.08782292,-0.00061254547,253.33179,253.71863,341.30115,0.1847498,16.645243,0.16524102
4,72,10,0.0034299996,0.039468396,0.0137983775,0.017858954,0.0078110653,0.058733247,-0.00045749726,4.7683764,-0.34215167,7.338501,0.15241496,0.117466494,-0.0009149945,0.1336374,-0.009589062,0.08838023,0.0018355907,253.29301,253.43266,341.14584,0.18973671,16.645243,0.2012681
4,73,10,0.0034299996,0.036217622,0.010244826,0.019146947,0.0068258503,0.050608363,0.0012207424,4.937332,-0.0467495,6.8601017,-0.060103677,0.101216726,0.0024414847,0.1383725,-0.0013101919,0.082618706,-0.00072384963,253.21935,253.09026,339.98428,0.10685317,16.643602,0.15972087
4,74,10,0.0034299996,0.036506157,0.012019043,0.016986199,0.007500917,0.0548157,0.001258451,4.6504035,-0.1711123,7.191333,-0.17932469,0.1096314,0.002516902,0.13033111,-0.0047955527,0.086607836,-0.0021596688,253.21451,252.96567,340.3138,0.350437,16.643602,0.16659074
4,75,10,0.0034299996,0.035190605,0.011812494,0.01643842,0.0069396924,0.05434265,0.00220953,4.5748053,-0.6472755,6.917072,0.20624258,0.1086853,0.00441906,0.1282124,-0.018140392,0.083304815,0.0024838527,253.19173,252.79382,340.35434,0.44103295,16.641718,0.18928576
4,76,10,0.0034299996,0.036033984,0.01174438,0.01753741,0.006752196,0.054185744,0.0024430498,4.7252555,-0.15195312,6.8229895,-0.14448693,0.10837149,0.0048860996,0.13242888,-0.004258604,0.082171746,-0.0017401077,253.12267,252.5282,339.6645,0.29644006,16.641718,0.14656389
4,77,10,0.0034299996,0.03191704,0.010291675,0.014625589,0.006999775,0.050723948,0.004639775,4.315183,-0.000537487,6.946951,-0.18358867,0.101447895,0.00927955,0.120936304,-1.5064322e-5,0.083664656,-0.002211026,253.11111,252.43813,339.9472,0.18412615,16.639608,0.13288069
4,78,10,0.0034299996,0.029140301,0.009582545,0.012919143,0.0066386135,0.048945237,0.003767061,4.0556393,-0.090162486,6.7653604,0.14787932,0.097890474,0.007534122,0.11366241,-0.0025268728,0.08147769,0.0017809633,253.09676,252.35056,340.1841,-0.05771683,16.639608,0.13559343
4,79,10,0.0034299996,0.030105762,0.010543005,0.013569983,0.005992775,0.051339567,0.0033903567,4.1565423,0.5792162,6.4278564,-0.30512747,0.10267913,0.0067807133,0.11649027,0.016232977,0.077413015,-0.0036747612,252.98856,251.96332,339.26157,-0.2740887,16.637312,0.14578933
4,80,10,0.0034299996,0.029603995,0.009605968,0.013448868,0.00654916,0.04900502,0.0037171582,4.137952,0.87718946,6.719625,-0.50892603,0.09801004,0.0074343164,0.115969256,0.024583904,0.08092688,-0.006129182,252.92294,251.6347,339.19693,-0.36826342,16.637312,0.154399
4,81,10,0.0034299996,0.031170385,0.011002948,0.0138952555,0.006272182,0.052447468,0.0030939819,4.2060633,0.84493065,6.575996,-0.42642295,0.104894936,0.0061879638,0.11787814,0.023679825,0.07919711,-0.0051355637,252.87453,251.40631,339.1141,-0.4185077,16.634869,0.15262319
4,82,10,0.0034299996,0.030644773,0.008855658,0.015168927,0.0066201887,0.047052253,0.0039062405,4.394606,1.1873349,6.7559648,-0.81179196,0.094104506,0.007812481,0.123162195,0.03327597,0.08136454,-0.009776706,252.78488,251.03992,338.061,-0.37554294,16.634869,0.18972562
4,83,10,0.0034299996,0.029000267,0.009565856,0.012626425,0.0068079866,0.048902597,0.0034034613,4.009431,0.98324805,6.8511195,-0.8873669,0.097805195,0.0068069226,0.11236737,0.02755628,0.08251052,-0.010686883,252.75983,250.8156,338.42407,-0.095881164,16.632315,0.1622062
4,84,10,0.0034299996,0.029495442,0.009362725,0.013473915,0.0066588013,0.048380587,0.003675732,4.141803,0.7959694,6.7756376,-0.5866786,0.096761174,0.007351464,0.11607719,0.022307646,0.08160148,-0.0070655844,252.76187,250.7732,338.68466,-0.2092908,16.632315,0.14789581
4,85,10,0.0034299996,0.029924352,0.0094025815,0.014343312,0.0061784573,0.048483454,0.003229355,4.273338,0.45502126,6.526679,-0.8296525,0.09696691,0.00645871,0.11976357,0.01275232,0.07860316,-0.009991805,252.71947,250.61873,337.63754,0.37463123,16.62969,0.109726585
4,86,10,0.0034299996,0.030337065,0.010268701,0.013472628,0.0065957373,0.0506673,0.005139514,4.141605,0.58213747,6.7434764,-0.7957104,0.1013346,0.010279028,0.11607165,0.016314846,0.081214145,-0.009583029,252.74332,250.67274,337.89102,0.21357292,16.62969,0.12387707
4,87,10,0.0034299996,0.031198028,0.011832903,0.012957976,0.0064071496,0.054389574,0.004330443,4.061731,0.0066829063,6.6463714,-0.66905564,0.10877915,0.008660886,0.11383311,0.00018729194,0.08004467,-0.008057681,252.73729,250.69142,337.93835,0.6623727,16.627018,0.10577005
4,88,10,0.0034299996,0.031008948,0.010434018,0.014056258,0.0065186718,0.05107352,0.0039067976,4.230361,0.14283855,6.7039647,-0.97163576,0.10214704,0.007813595,0.11855909,0.0040031592,0.08073829,-0.011701761,252.65826,250.40746,337.07608,0.8287972,16.627018,0.104204774
4,89,10,0.0034299996,0.028417928,0.009918732,0.012060927,0.006438268,0.049796414,0.0027675712,3.9186175,-0.39728817,6.6624928,-0.9939912,0.09959283,0.0055351425,0.10982225,-0.011134304,0.08023882,-0.011970997,252.63269,250.17136,337.40973,1.3912793,16.62435,0.12553945
4,90,10,0.0034299996,0.029249186,0.010149734,0.012406108,0.0066933427,0.050372943,0.0023627644,3.9742968,-0.44542164,6.7931895,-0.8977421,0.10074589,0.004725529,0.11138271,-0.01248328,0.08181285,-0.010811835,252.63043,250.10963,337.5435,1.3431637,16.62435,0.117210105
4,91,10,0.0034299996,0.029105047,0.009956017,0.012778388,0.0063706413,0.049889922,0.0006758047,4.0334864,-0.5621521,6.627409,-0.9856425,0.099779844,0.0013516094,0.113041535,-0.01575474,0.0798163,-0.01187045,252.58464,249.97151,336.77478,1.5477946,16.621693,0.12116549
4,92,10,0.0034299996,0.028363338,0.010084638,0.012042582,0.0062361173,0.05021115,0.0009265165,3.9156363,-0.6382189,6.5570626,-0.8515296,0.1004223,0.001853033,0.1097387,-0.017886575,0.07896909,-0.010255282,252.54546,249.73473,336.87057,1.4897485,16.621693,0.13298874
4,93,10,0.0034299996,0.02968976,0.010127606,0.013342505,0.006219649,0.050318003,0.0016378491,4.1215563,-1.0344052,6.548399,-0.54401183,0.100636005,0.0032756983,0.11550976,-0.028989999,0.07886475,-0.006551732,252.49872,249.49025,336.64212,1.5784171,16.619009,0.15635227
4,94,10,0.0034299996,0.03026545,0.009729738,0.013674175,0.0068615377,0.049319718,0.0024727073,4.172469,-0.9040916,6.8780117,-0.79158914,0.098639436,0.0049454146,0.11693663,-0.025337854,0.0828344,-0.009533396,252.4472,249.25304,335.7701,1.6956807,16.619009,0.14450242
4,95,10,0.0034299996,0.030218553,0.010287309,0.013233153,0.0066980906,0.050713185,0.0012358136,4.104632,-0.7676051,6.7955985,-0.58293283,0.10142637,0.0024716272,0.115035444,-0.02151272,0.08184186,-0.007020472,252.44606,249.13014,336.2318,1.350538,16.616337,0.1216185
4,96,10,0.0034299996,0.03096507,0.011004267,0.012978532,0.006982269,0.052450612,0.0027396805,4.064952,-0.8783328,6.9382586,-0.5473056,0.104901224,0.005479361,0.11392336,-0.02461595,0.083559975,-0.0065913997,252.44545,249.20143,336.19778,1.4256384,16.616337,0.13105488
4,97,10,0.0034299996,0.028777458,0.010298215,0.011863308,0.006615935,0.05074006,0.0014241184,3.8863819,-0.54921305,6.753794,-0.62554514,0.10148012,0.0028482368,0.108918816,-0.015392115,0.0813384,-0.0075336676,252.39264,249.01698,335.34937,1.1747582,16.61367,0.10027054
4,98,10,0.0034299996,0.028901044,0.010820509,0.011795719,0.006284817,0.052010838,0.0028691895,3.8752947,-0.57450914,6.582616,-0.5686887,0.104021676,0.005738379,0.1086081,-0.016101055,0.07927684,-0.0068489253,252.36679,248.76353,335.6484,1.1431978,16.61367,0.11046946
4,99,10,0.0034299996,0.027809905,0.009374357,0.0123367915,0.006098756,0.04841063,0.0031756603,3.9631789,-0.4692045,6.484445,-0.3058829,0.09682126,0.0063513205,0.11107111,-0.013149814,0.078094535,-0.0036838579,252.29663,248.40651,335.56818,0.77508736,16.61099,0.10589482
4,100,10,0.0034299996,0.027006697,0.009173211,0.0116276825,0.006205805,0.04788844,0.0023208742,3.847593,-0.30321214,6.541107,-0.5534885,0.09577688,0.0046417485,0.10783173,-0.008497755,0.07877693,-0.006665865,252.21404,248.12122,334.56146,0.85670066,16.61099,0.10400161
5,1,10,0.0024009997,0.27251393,0.051007427,0.18649681,0.035009675,0.11292412,-0.02206971,15.409136,-3.8597777,15.53625,-0.89802754,0.22584824,-0.04413942,0.43185276,-0.1081732,0.18710873,-0.010815279,251.85985,253.49591,344.0073,4.7578053,16.608309,1.2394387
5,2,10,0.0024009997,0.2805864,0.052477412,0.19255269,0.035556294,0.11453974,-0.022775125,15.657316,-4.0575924,15.657068,-0.936951,0.22907948,-0.04555025,0.43880826,-0.113717124,0.18856376,-0.011284038,251.81194,252.98694,344.56573,4.9945436,16.608309,1.2689433
5,3,10,0.0024009997,0.25263888,0.044985052,0.17301908,0.034634754,0.1060484,-0.019145897,14.841902,-2.3841393,15.452837,-0.54761666,0.2120968,-0.038291793,0.41595563,-0.06681735,0.18610415,-0.006595149,251.7174,252.4021,343.80682,2.931756,16.605566,0.98305666
5,4,10,0.0024009997,0.25277552,0.04127746,0.17632754,0.03517052,0.10158428,-0.01573484,14.983133,-2.476473,15.571901,-0.65853727,0.20316856,-0.03146968,0.41991374,-0.06940509,0.18753806,-0.00793102,251.6069,251.8694,342.3324,3.1350102,16.605566,1.0016783
5,5,10,0.0024009997,0.22242598,0.033250548,0.15575926,0.033416163,0.091173664,-0.012229125,14.082166,-0.672227,15.178557,-0.34830728,0.18234733,-0.02445825,0.39466348,-0.018839682,0.18280089,-0.004194794,251.53548,251.34296,342.3168,1.0205343,16.602442,0.71461844
5,6,10,0.0024009997,0.22841275,0.03295765,0.16152684,0.033928238,0.09077121,-0.010664281,14.340519,-0.30502382,15.294413,-0.36414346,0.18154243,-0.021328563,0.40190402,-0.008548553,0.18419619,-0.00438551,251.45407,250.86766,341.6223,0.6691673,16.602442,0.73255247
5,7,10,0.0024009997,0.20506907,0.028578313,0.14506483,0.03142592,0.08452561,-0.0052327644,13.590131,1.3039267,14.719606,-0.07333867,0.16905122,-0.010465529,0.38087377,0.03654349,0.17727357,-0.0008832421,251.311,250.15892,339.91895,-1.2305881,16.599262,0.7017701
5,8,10,0.0024009997,0.2080161,0.028890172,0.14727522,0.0318507,0.08498555,-0.0048904363,13.693275,1.4729398,14.818753,-0.18026517,0.1699711,-0.009780873,0.38376454,0.041280273,0.17846765,-0.0021710107,251.29512,249.88974,340.19543,-1.2926747,16.599262,0.7242935
5,9,10,0.0024009997,0.18520698,0.025194239,0.13037044,0.029642303,0.079363465,-0.002680889,12.883446,2.4389641,14.29579,0.24027969,0.15872693,-0.005361778,0.36106846,0.06835384,0.1721694,0.0028937755,251.26428,249.57332,340.0226,-2.6792438,16.596233,0.8632201
5,10,10,0.0024009997,0.1859443,0.027911166,0.12851465,0.029518487,0.083533175,-0.00037908583,12.791423,2.428873,14.265902,0.078166924,0.16706635,-0.00075817166,0.3584894,0.068071,0.17180945,0.00094139215,251.23009,249.29936,338.97876,-2.50704,16.596233,0.8528406
5,11,10,0.0024009997,0.16860695,0.028684868,0.11309237,0.026829718,0.08468304,0.0021412047,11.999391,2.5083406,13.600668,0.40825182,0.16936608,0.0042824093,0.3362921,0.070298165,0.1637978,0.0049167257,251.30464,249.51076,339.81653,-2.9165924,16.593475,0.88137335
5,12,10,0.0024009997,0.1763516,0.03100487,0.11802324,0.027323507,0.088041,0.002641681,12.258189,2.7403321,13.725255,0.45201403,0.176082,0.005283362,0.3435451,0.076799914,0.16529824,0.0054437704,251.33592,249.54202,339.81882,-3.192346,16.593475,0.9334289
5,13,10,0.0024009997,0.1573946,0.036375593,0.09598701,0.025031997,0.09536193,0.003515082,11.054747,2.2154932,13.137113,0.47094572,0.19072387,0.007030164,0.3098177,0.062090896,0.15821503,0.0056717806,251.27786,249.2542,338.438,-2.686439,16.590958,0.80880654
5,14,10,0.0024009997,0.15219298,0.033172082,0.094128236,0.024892654,0.091066025,0.004047112,10.947186,2.3519757,13.100498,0.40699014,0.18213205,0.008094224,0.30680326,0.06591589,0.15777406,0.0049015246,251.22995,248.84229,338.68552,-2.7589657,16.590958,0.8099585
5,15,10,0.0024009997,0.12426491,0.030407678,0.07144418,0.022413049,0.08718899,0.0037025746,9.537312,0.94445086,12.4309025,0.51454085,0.17437798,0.0074051493,0.26729044,0.026468966,0.14970988,0.006196807,251.1957,248.55508,338.44598,-1.4589918,16.588665,0.55120236
5,16,10,0.0024009997,0.12494524,0.034819137,0.06821872,0.02190737,0.09329943,0.0048744804,9.319537,1.2036757,12.289871,0.23490274,0.18659887,0.009748961,0.26118714,0.033733938,0.14801139,0.0028290218,251.13138,248.20035,337.47095,-1.4385785,16.588665,0.57469
5,17,10,0.0024009997,0.0966101,0.02664363,0.05150024,0.018466232,0.08161438,0.0045970744,8.097429,-0.17243426,11.283435,0.14121516,0.16322877,0.009194149,0.22693664,-0.0048326002,0.13589051,0.0017007071,251.15874,248.07059,338.27295,0.031219095,16.586542,0.39272025
5,18,10,0.0024009997,0.09968039,0.02648479,0.054422252,0.018773347,0.08137074,0.0035220664,8.323976,-0.0285522,11.376877,0.18204229,0.16274148,0.007044133,0.23328577,-0.00080019055,0.13701586,0.0021923985,251.1879,248.10971,337.98352,-0.15349008,16.586542,0.39375472
5,19,10,0.0024009997,0.090258256,0.02793234,0.04595135,0.016374562,0.083564855,0.0030610396,7.6487722,-0.9243575,10.625198,-0.2116525,0.16712971,0.006122079,0.21436267,-0.025905821,0.12796313,-0.0025490078,251.15634,247.95306,337.14188,1.1360099,16.58454,0.43041986
5,20,10,0.0024009997,0.09021554,0.02865738,0.045757163,0.015800996,0.084642455,0.002812841,7.632592,-0.91958404,10.4374485,-0.14723976,0.16928491,0.005625682,0.21390924,-0.025772043,0.12570201,-0.0017732587,251.2027,247.98721,337.8424,1.0668238,16.58454,0.41336775
5,21,10,0.0024009997,0.08080249,0.020857261,0.04547614,0.014469094,0.072210215,0.00060090557,7.609118,-1.7862034,9.987869,-0.4050085,0.14442043,0.0012018111,0.21325135,-0.050059713,0.120287545,-0.0048776697,251.21336,248.05583,337.73004,2.191212,16.582602,0.6027741
5,22,10,0.0024009997,0.08435113,0.024885818,0.044078533,0.015386783,0.0788762,0.00096062396,7.491281,-1.338931,10.299737,-0.73029333,0.1577524,0.0019212479,0.20994888,-0.03752456,0.12404347,-0.008795189,251.14043,247.69698,336.46036,2.0692244,16.582602,0.5270436
5,23,10,0.0024009997,0.07914297,0.024011241,0.041519146,0.013612582,0.077477805,-0.0015829756,7.270541,-1.4155151,9.687739,-1.0597568,0.15495561,-0.0031659512,0.20376247,-0.039670885,0.11667297,-0.012763036,251.1961,247.79524,337.0201,2.4752717,16.580593,0.53942597
5,24,10,0.0024009997,0.076480396,0.020775992,0.042449016,0.013255385,0.0720694,-0.0016553843,7.3515067,-1.4519783,9.559791,-0.9740061,0.1441388,-0.0033107686,0.20603159,-0.040692803,0.115132034,-0.011730314,251.24791,247.92572,337.148,2.4259844,16.580593,0.60307354
5,25,10,0.0024009997,0.06920377,0.020940667,0.036543928,0.0117191775,0.07235445,-0.0013736306,6.8210335,-0.7666678,8.98878,-1.4733875,0.1447089,-0.0027472612,0.19116466,-0.021486446,0.10825515,-0.01774454,251.25342,247.91997,336.29053,2.2400553,16.57852,0.47100762
5,26,10,0.0024009997,0.06818494,0.022213347,0.034924127,0.011047468,0.074520715,-0.0017891823,6.6681485,-0.75256217,8.727374,-1.4173757,0.14904143,-0.0035783646,0.18687998,-0.021091118,0.105106935,-0.017069966,251.38873,248.43347,337.60516,2.1699378,16.57852,0.45678663
5,27,10,0.0024009997,0.06869156,0.024686864,0.032691218,0.0113134775,0.07856027,-0.0032325513,6.451461,-0.17010151,8.8318205,-1.5436993,0.15712054,-0.0064651025,0.18080713,-0.004767217,0.10636483,-0.018591335,251.43054,248.5544,338.13644,1.7138008,16.576445,0.399627
5,28,10,0.0024009997,0.069499105,0.025222829,0.032461617,0.011814661,0.07940848,-0.0018834275,6.4287653,0.25442263,9.025325,-1.661129,0.15881696,-0.003766855,0.18017107,0.0071303863,0.10869527,-0.020005586,251.37119,248.31926,336.89142,1.4067063,16.576445,0.33539265
5,29,10,0.0024009997,0.06416653,0.025808437,0.027599312,0.010758783,0.08032502,-0.0053678653,5.9277744,1.1208407,8.61259,-1.7942415,0.16065004,-0.010735731,0.16613041,0.031412426,0.103724554,-0.021608708,251.38483,248.22258,337.32373,0.6734009,16.574396,0.28531674
5,30,10,0.0024009997,0.06499624,0.02516326,0.029120488,0.010712499,0.07931466,-0.0056628627,6.088942,1.038463,8.594044,-1.7914977,0.15862931,-0.011325725,0.17064726,0.029103722,0.1035012,-0.02157566,251.44681,248.40195,337.5086,0.7530347,16.574396,0.2873103
5,31,10,0.0024009997,0.062702455,0.022577647,0.029710416,0.010414389,0.0751293,-0.004067206,6.1503086,1.9584019,8.473622,-1.9884033,0.1502586,-0.008134412,0.1723671,0.05488572,0.102050915,-0.023947066,251.47435,248.50024,336.81464,0.030001402,16.57241,0.3366887
5,32,10,0.0024009997,0.06546326,0.028802225,0.026880218,0.009780816,0.08485609,-0.004938907,5.850041,1.853503,8.211826,-1.8059766,0.16971219,-0.009877814,0.16395187,0.05194584,0.09889801,-0.021750031,251.58858,248.84134,338.25064,-0.04752636,16.57241,0.35708952
5,33,10,0.0024009997,0.058692165,0.021335267,0.028522009,0.008834891,0.07303298,-0.0039494797,6.026048,2.0813658,7.8046384,-1.4980057,0.14606597,-0.007898959,0.1688846,0.058331866,0.0939941,-0.018041028,251.65085,249.10637,338.54556,-0.5833601,16.57052,0.37254542
5,34,10,0.0024009997,0.057763956,0.019927172,0.028815884,0.0090209,0.070581816,-0.0030621262,6.0570135,2.3461554,7.886369,-1.7494347,0.14116363,-0.0061242525,0.16975242,0.0657528,0.09497842,-0.021069076,251.62883,249.02904,337.4855,-0.5967207,16.57052,0.39788395
5,35,10,0.0024009997,0.054248806,0.01923324,0.026806014,0.008209554,0.06934198,-0.0023923472,5.841961,2.3189628,7.5233617,-1.348905,0.13868396,-0.0047846944,0.16372542,0.06499072,0.090606585,-0.016245356,251.69887,249.10883,338.21164,-0.97005785,16.568743,0.41385993
5,36,10,0.0024009997,0.05853226,0.021917067,0.02819959,0.008415604,0.07402207,-0.0041898875,5.991892,2.3297894,7.6171904,-1.2034949,0.14804414,-0.008379775,0.16792734,0.065294124,0.0917366,-0.014494128,251.75426,249.22038,338.3626,-1.1262945,16.568743,0.41336823
5,37,10,0.0024009997,0.053449053,0.015777148,0.029359797,0.008312111,0.06280356,-0.0004730113,6.11391,1.9444844,7.5702085,-0.84193265,0.12560712,-0.0009460226,0.171347,0.05449566,0.09117078,-0.010139701,251.79063,249.43213,337.75253,-1.1025517,16.567102,0.31732455
5,38,10,0.0024009997,0.054260075,0.017742675,0.028114842,0.008402554,0.066600814,-0.0007782896,5.9828815,1.7086381,7.611283,-0.62553084,0.13320163,-0.0015565793,0.16767481,0.047885876,0.09166545,-0.007533497,251.87108,249.61151,338.89813,-1.0831072,16.567102,0.33669546
5,39,10,0.0024009997,0.052345812,0.016214808,0.027441708,0.008689296,0.06366869,0.0009097697,5.910825,0.78543043,7.7400627,-0.038032763,0.12733738,0.0018195393,0.16565539,0.022012297,0.0932164,-0.00045804348,251.96034,249.94579,339.54623,-0.74739766,16.565592,0.20855953
5,40,10,0.0024009997,0.054481067,0.01604948,0.029552639,0.008878947,0.06334327,0.0014838182,6.1339564,0.99409777,7.824074,-0.22777723,0.12668654,0.0029676363,0.17190881,0.02786035,0.09422816,-0.0027432034,251.96956,250.13249,338.49594,-0.7663205,16.565592,0.21089014
5,41,10,0.0024009997,0.04793791,0.014949471,0.025121272,0.007867168,0.061134014,0.0029528535,5.6554008,0.09384972,7.364807,0.29094338,0.12226803,0.005905707,0.15849692,0.002630212,0.08869705,0.0035039373,252.0495,250.33559,339.44254,-0.3847931,16.564188,0.17475693
5,42,10,0.0024009997,0.047018558,0.015491489,0.02392163,0.007605441,0.062232405,0.0019663335,5.518714,0.049939167,7.241264,0.51869285,0.12446481,0.003932667,0.15466619,0.0013995821,0.08720918,0.006246807,252.12964,250.56483,340.33545,-0.568632,16.564188,0.18917343
5,43,10,0.0024009997,0.04572984,0.013328648,0.025022637,0.0073785502,0.057724882,0.004345438,5.644287,-0.36094952,7.132434,0.6529323,0.115449764,0.008690876,0.15818545,-0.010115881,0.08589849,0.007863501,252.12701,250.48485,339.38416,-0.29198277,16.562815,0.22449732
5,44,10,0.0024009997,0.04591519,0.014169787,0.024161803,0.0075836,0.059518456,0.003688625,5.546349,-0.42085314,7.2308598,0.81400585,0.11903691,0.00737725,0.15544067,-0.011794728,0.08708387,0.009803369,252.2294,250.86862,340.29956,-0.3931527,16.562815,0.23383725
5,45,10,0.0024009997,0.04625164,0.013210041,0.025189418,0.00785218,0.05746747,0.0031408372,5.6630654,-0.9606289,7.3577886,1.0667789,0.11493494,0.0062816744,0.15871175,-0.026922356,0.08861253,0.012847607,252.28508,251.04234,340.9907,-0.10614997,16.56146,0.31786892
5,46,10,0.0024009997,0.046292014,0.012947099,0.026017452,0.0073274616,0.05689266,0.0049184607,5.7553916,-0.6036401,7.107698,0.8040209,0.11378532,0.0098369215,0.16129926,-0.016917476,0.08560059,0.009683116,252.25694,250.93732,340.1808,-0.2003808,16.56146,0.28635246
5,47,10,0.0024009997,0.044151172,0.014517205,0.022349866,0.0072840997,0.06024368,0.00442477,5.3343315,-0.9483835,7.086636,1.0389272,0.12048736,0.00884954,0.14949872,-0.026579177,0.08534694,0.012512178,252.28967,250.8934,340.83514,-0.09054369,16.560091,0.28697452
5,48,10,0.0024009997,0.046129633,0.014037543,0.024504751,0.0075873393,0.05924007,0.0027604105,5.5855722,-0.9415018,7.232641,0.9979349,0.11848014,0.005520821,0.15653993,-0.02638631,0.087105334,0.012018492,252.30733,250.8494,340.9012,-0.05643308,16.560091,0.33522278
5,49,10,0.0024009997,0.047278687,0.014536132,0.024932252,0.007810303,0.060282942,0.0033063963,5.6340837,-0.41522914,7.3381424,0.6790477,0.120565884,0.0066127926,0.1578995,-0.011637115,0.08837592,0.008178018,252.29494,250.84888,339.8359,-0.26381856,16.55869,0.26215193
5,50,10,0.0024009997,0.044880684,0.013671924,0.023167888,0.0080408715,0.058463503,0.00317036,5.431074,-0.6400199,7.445669,0.8880987,0.116927005,0.00634072,0.15221001,-0.017937051,0.089670904,0.010695695,252.37825,251.10674,340.84793,-0.24807882,16.55869,0.24459928
5,51,10,0.0024009997,0.04644676,0.0156124765,0.023082463,0.0077518173,0.062474947,0.00096989755,5.421053,-0.4876359,7.310615,0.8956057,0.124949895,0.0019397951,0.15192914,-0.01366637,0.088044405,0.010786106,252.4585,251.37172,341.46158,-0.40796977,16.557278,0.19964737
5,52,10,0.0024009997,0.048873845,0.015001881,0.026158514,0.0077134534,0.061241083,0.0035987652,5.770973,-0.13956814,7.292503,0.7952366,0.122482166,0.0071975305,0.16173594,-0.0039115073,0.08782627,0.009577323,252.48248,251.54971,340.59003,-0.65566844,16.557278,0.19460003
5,53,10,0.0024009997,0.044054136,0.014518305,0.021933941,0.0076018926,0.060245965,0.0025234576,5.2844634,-0.012550585,7.239575,0.5856294,0.12049193,0.0050469153,0.14810112,-0.00035174447,0.08718883,0.007052948,252.56561,251.82881,341.4294,-0.5730788,16.555855,0.15899897
5,54,10,0.0024009997,0.044439085,0.015449805,0.021319145,0.007670133,0.062148623,0.00010013599,5.209876,-0.122754335,7.2719965,0.80828154,0.12429725,0.00020027198,0.14601077,-0.0034402849,0.087579295,0.0097344285,252.64182,252.09915,341.98315,-0.6855272,16.555855,0.15205032
5,55,10,0.0024009997,0.039760545,0.011405221,0.021256668,0.0070986557,0.053397615,0.0027809932,5.2022367,0.34309372,6.9958467,0.34270388,0.10679523,0.0055619865,0.14579667,0.009615461,0.08425352,0.004127309,252.67249,252.30478,341.2561,-0.6857976,16.554523,0.20309241
5,56,10,0.0024009997,0.041985024,0.014102125,0.020814797,0.0070681027,0.059376184,0.0026211643,5.147883,-0.038480625,6.9807744,0.45215556,0.11875237,0.0052423286,0.14427334,-0.0010784455,0.08407201,0.005445476,252.76329,252.50142,342.29675,-0.41367495,16.554523,0.24424618
5,57,10,0.0024009997,0.041578878,0.013902623,0.020486139,0.007190115,0.058954693,3.5956502e-5,5.10708,-0.027862856,7.040768,0.3074485,0.11790939,7.1913004e-5,0.1431298,-0.0007808835,0.08479454,0.0037027157,252.84862,252.76015,342.87125,-0.27958566,16.55333,0.23167315
5,58,10,0.0024009997,0.042978946,0.013305233,0.0225523,0.007121413,0.057674155,0.0028799481,5.358434,0.3291313,7.007051,0.18996938,0.11534831,0.0057598962,0.15017423,0.009224155,0.084388465,0.002287872,252.86266,252.92296,342.0963,-0.51910067,16.55333,0.23460187
5,59,10,0.0024009997,0.041100733,0.015051686,0.019024272,0.007024777,0.061342657,0.001727335,4.9214892,0.36544278,6.9593453,-0.12470993,0.12268531,0.00345467,0.1379285,0.010241814,0.08381394,-0.0015019262,252.93048,253.08827,342.83368,-0.24073285,16.552275,0.24540487
5,60,10,0.0024009997,0.041269377,0.015750196,0.018523378,0.006995803,0.06274989,-2.4592033e-5,4.8562675,0.17803785,6.9449797,0.062866285,0.12549978,-4.9184066e-5,0.13610062,0.0049896506,0.08364092,0.0007571247,253.01614,253.34845,343.56528,-0.24090414,16.552275,0.23515639
5,61,10,0.0024009997,0.034507986,0.0122801615,0.015972009,0.006255817,0.055407945,0.0010796686,4.5094376,0.16532193,6.567412,-0.29377928,0.11081589,0.0021593373,0.12638041,0.00463328,0.079093724,-0.0035380903,253.03516,253.53366,342.8737,0.12845735,16.551332,0.16315529
5,62,10,0.0024009997,0.040294617,0.015248882,0.018496007,0.0065497314,0.06174318,0.001534649,4.852679,-0.047126036,6.719918,-0.25584844,0.12348636,0.003069298,0.13600002,-0.0013207342,0.08093041,-0.0030812758,253.06183,253.53618,343.5236,0.30297446,16.551332,0.18882123
5,63,10,0.0024009997,0.042554848,0.017572004,0.018013034,0.00696981,0.06627972,0.000316055,4.788902,-0.44241858,6.9320655,-0.37960845,0.13255943,0.00063211,0.13421264,-0.012399117,0.08348539,-0.00457176,253.0955,253.65048,343.92435,0.822027,16.550486,0.14159307
5,64,10,0.0024009997,0.039912038,0.013509521,0.019295726,0.0071067885,0.058115233,0.001582139,4.956477,-0.07430437,6.999852,-0.4500197,0.116230465,0.003164278,0.13890906,-0.0020824322,0.08430177,-0.0054197498,253.07295,253.67717,342.83096,0.52432406,16.550486,0.121937774
5,65,10,0.0024009997,0.041017994,0.016449917,0.017085144,0.0074829315,0.064128615,0.00176813,4.663928,-0.41883466,7.1827054,-0.6881512,0.12825723,0.00353626,0.13071015,-0.011738158,0.08650394,-0.008287658,253.12111,253.73991,343.52866,1.1069858,16.549704,0.13884893
5,66,10,0.0024009997,0.045019716,0.017955482,0.019104155,0.007960083,0.06699903,0.0001554915,4.9318113,-0.61505467,7.40817,-0.4696304,0.13399807,0.000310983,0.13821778,-0.017237376,0.089219294,-0.00565593,253.1665,253.83931,344.16873,1.0846851,16.549704,0.16992593
5,67,10,0.0024009997,0.039053433,0.01285433,0.018196648,0.0080024535,0.05668847,0.0011853353,4.8132486,-0.44686648,7.4278607,-0.6313677,0.11337694,0.0023706707,0.13489495,-0.012523771,0.08945643,-0.007603789,253.17058,253.93964,343.2235,1.0782342,16.548944,0.17547476
5,68,10,0.0024009997,0.04136533,0.013519307,0.019925324,0.007920698,0.058136277,-0.0016049118,5.03669,-0.48002464,7.3898206,-0.87887806,0.116272554,-0.0032098235,0.14115709,-0.013453055,0.0889983,-0.010584648,253.21101,253.95972,343.5023,1.3589027,16.548944,0.19012506
5,69,10,0.0024009997,0.042226102,0.015336108,0.018493611,0.008396384,0.06191952,-0.002448979,4.8523645,-0.536231,7.6084876,-0.9277196,0.12383904,-0.004897958,0.13599122,-0.015028287,0.091631785,-0.0111728655,253.26508,254.13324,344.01007,1.4639506,16.548197,0.2264107
5,70,10,0.0024009997,0.045384306,0.015068263,0.021506224,0.00880982,0.061376426,0.00019182732,5.232685,-0.23665318,7.7935567,-0.8406322,0.12275285,0.00038365464,0.14665,-0.006632385,0.09386064,-0.010124043,253.27032,254.27103,343.22995,1.0772854,16.548197,0.20424248
5,71,10,0.0024009997,0.04753719,0.015841603,0.022110453,0.00958513,0.06293172,0.0003715886,5.3056836,-0.55615443,8.129263,-0.8593768,0.12586343,0.0007431772,0.14869584,-0.015586653,0.09790368,-0.010349782,253.31984,254.38573,343.93774,1.4155312,16.547417,0.1950236
5,72,10,0.0024009997,0.051754866,0.015043332,0.02589221,0.010819323,0.061325632,-0.0021313368,5.741523,-0.7241929,8.636787,-0.7170444,0.122651264,-0.0042626737,0.16091056,-0.020296056,0.104015976,-0.008635623,253.37334,254.4619,344.39517,1.4412373,16.547417,0.23050852
5,73,10,0.0024009997,0.049149334,0.014977163,0.023726607,0.010445567,0.06119061,0.0017764248,5.496172,-0.539283,8.486298,-0.5194702,0.12238122,0.0035528496,0.15403444,-0.0151138175,0.102203555,-0.0062561603,253.40125,254.60933,343.43774,1.0587533,16.546612,0.15462619
5,74,10,0.0024009997,0.051428296,0.01735703,0.024306241,0.009765023,0.06587304,0.0017914018,5.5629025,-0.78478634,8.2051935,-0.6323724,0.13174608,0.0035828035,0.15590459,-0.021994235,0.09881813,-0.007615895,253.50322,254.94673,344.15042,1.4171587,16.546612,0.17428742
5,75,10,0.0024009997,0.04943214,0.014946031,0.024410496,0.010075614,0.06112698,0.00031513066,5.57482,-0.84628314,8.334662,-0.22403355,0.12225396,0.0006302613,0.15623859,-0.023717722,0.10037736,-0.002698118,253.59276,255.30168,345.08807,1.0703167,16.545805,0.16981737
5,76,10,0.0024009997,0.044341892,0.011654509,0.02294192,0.009745463,0.053978026,0.0025974591,5.4045234,-0.6266182,8.196972,-0.22507608,0.10795605,0.0051949183,0.15146591,-0.017561456,0.09871911,-0.00271067,253.58716,255.36946,344.36356,0.8516943,16.545805,0.13761945
5,77,10,0.0024009997,0.046981588,0.015915904,0.021968931,0.009096752,0.063079126,0.0027563693,5.2886767,-0.43436483,7.9194555,-0.20505732,0.12615825,0.0055127386,0.1482192,-0.0121733975,0.095376894,-0.002469584,253.634,255.47241,345.07654,0.6394222,16.54501,0.15129825
5,78,10,0.0024009997,0.04944831,0.015604264,0.024318142,0.009525905,0.062458515,0.0013630366,5.564264,-0.6870431,8.10411,0.06722668,0.12491703,0.0027260731,0.15594275,-0.019254914,0.09760074,0.0008096418,253.68239,255.69148,345.50668,0.6198164,16.54501,0.17034595
5,79,10,0.0024009997,0.045658946,0.01252206,0.023945082,0.009191805,0.055951007,0.004580161,5.521419,-0.106773145,7.9607244,0.06607734,0.11190201,0.009160322,0.15474199,-0.0029923965,0.0958739,0.00079578825,253.65486,255.63322,344.2953,0.04069581,16.54426,0.15884209
5,80,10,0.0024009997,0.049734246,0.016025836,0.02447685,0.009231559,0.063296594,0.0032346454,5.5823917,-0.12743077,7.9779215,-0.059658166,0.12659319,0.0064692907,0.1564508,-0.0035713466,0.096081,-0.0007184852,253.69801,255.6929,344.67062,0.18708894,16.54426,0.17105643
5,81,10,0.0024009997,0.048739508,0.013502481,0.02504694,0.010190084,0.05810009,0.001378828,5.6470275,-0.21618313,8.381873,0.259585,0.11620018,0.002757656,0.15826225,-0.0060587004,0.10094594,0.003126278,253.74301,255.81284,345.3657,-0.043401867,16.543564,0.16517845
5,82,10,0.0024009997,0.050251868,0.013355419,0.02637065,0.010525797,0.057782825,0.004406001,5.7943263,-0.040766552,8.518825,0.2585765,0.11556565,0.008812002,0.16239043,-0.0011425138,0.10259531,0.0031141248,253.72203,255.80496,344.32663,-0.21780996,16.543564,0.17481576
5,83,10,0.0024009997,0.057048395,0.01589699,0.029854635,0.011296771,0.063041635,0.0030967726,6.165218,-0.23919138,8.825297,0.2932989,0.12608327,0.006193545,0.17278494,-0.006703512,0.106286265,0.003532306,253.77493,255.86186,344.91946,-0.054107517,16.54287,0.18241431
5,84,10,0.0024009997,0.058680277,0.0141512975,0.03137738,0.0131516,0.059479613,0.0017833279,6.3204923,-0.43688434,9.522292,0.65451264,0.118959226,0.0035666558,0.17713661,-0.012244012,0.114680424,0.007882528,253.84677,256.08215,345.72858,-0.2176283,16.54287,0.19557318
5,85,10,0.0024009997,0.051439524,0.012036554,0.027701141,0.01170183,0.054855615,0.0007155518,5.9386997,0.14815675,8.982124,0.43497458,0.10971123,0.0014311036,0.1664366,0.004152204,0.108174995,0.005238562,253.86093,256.28574,344.53784,-0.5831313,16.542181,0.1817623
5,86,10,0.0024009997,0.053649098,0.014769151,0.027844109,0.011035837,0.060764197,0.0021305645,5.9540052,-0.042600535,8.722778,0.2799533,0.121528395,0.004261129,0.16686554,-0.0011939184,0.10505159,0.0033715842,253.91856,256.3923,344.93167,-0.23735276,16.542181,0.2160793
5,87,10,0.0024009997,0.053397514,0.014834585,0.027285712,0.011277218,0.060898654,-0.0023478742,5.894,-0.13620111,8.817657,0.4074123,0.12179731,-0.0046957484,0.16518387,-0.0038171296,0.10619425,0.0049066157,253.9575,256.49915,345.38538,-0.27121118,16.5415,0.16918026
5,88,10,0.0024009997,0.051869646,0.013524264,0.026917668,0.011427714,0.058146935,0.00053390115,5.854115,-0.19698912,8.876299,0.56107813,0.11629387,0.0010678023,0.16406605,-0.005520775,0.10690048,0.0067572678,253.92186,256.39893,344.5535,-0.364089,16.5415,0.17873049
5,89,10,0.0024009997,0.05292407,0.013884585,0.028537504,0.01050198,0.058916435,0.00045348177,6.0276847,-0.24517421,8.509182,0.32518053,0.11783287,0.00090696354,0.16893047,-0.0068711992,0.10247917,0.003916265,253.94125,256.39362,344.7605,-0.08000632,16.540798,0.17967145
5,90,10,0.0024009997,0.060957406,0.01762419,0.03139074,0.011942473,0.066378064,-0.0020517292,6.321838,-0.29367036,9.074012,0.53072226,0.13275613,-0.0041034585,0.17717433,-0.00823034,0.10928162,0.006391681,253.9785,256.54797,345.28986,-0.2370519,16.540798,0.1919892
5,91,10,0.0024009997,0.052745685,0.012753274,0.028154658,0.01183775,0.056465197,-0.0020809637,5.987116,-0.09742521,9.03414,0.5420756,0.112930395,-0.0041619274,0.1677935,-0.0027304154,0.108801425,0.006528417,253.98009,256.68506,344.65933,-0.44465035,16.540106,0.1756117
5,92,10,0.0024009997,0.058905892,0.014745799,0.03232022,0.011839874,0.06071614,-0.0015323898,6.414749,-0.058834422,9.034949,0.5740817,0.12143228,-0.0030647796,0.17977825,-0.0016488885,0.108811185,0.006913874,254.02008,256.75485,345.19495,-0.5152473,16.540106,0.20829691
5,93,10,0.0024009997,0.055645883,0.013271652,0.029930146,0.0124440845,0.05760133,-0.0045468668,6.17301,-0.20265213,9.262616,0.7809863,0.11520266,-0.0090937335,0.17300332,-0.005679482,0.11155306,0.009405699,254.01553,256.66022,345.53583,-0.5783342,16.539415,0.19372936
5,94,10,0.0024009997,0.053930543,0.011944706,0.028446205,0.013539635,0.05464592,-0.0024784694,6.018035,-0.01682266,9.661748,0.8456274,0.10929184,-0.004956939,0.16866003,-0.00047147155,0.116359934,0.010184201,253.9388,256.43182,344.35873,-0.8288048,16.539415,0.2011845
5,95,10,0.0024009997,0.055761706,0.013831012,0.029519496,0.012411195,0.05880266,-0.003543113,6.130515,-0.009565488,9.250367,0.46347123,0.11760532,-0.007086226,0.17181239,-0.00026808123,0.111405544,0.0055817496,253.92445,256.21783,344.2818,-0.45390573,16.538738,0.19568475
5,96,10,0.0024009997,0.058676124,0.014728071,0.030574815,0.013373235,0.060679633,-0.005496001,6.239136,-0.21439292,9.602193,0.6601023,0.12135927,-0.010992002,0.17485656,-0.0060085217,0.115642704,0.007949845,253.92436,256.12308,344.73615,-0.4457094,16.538738,0.20777573
5,97,10,0.0024009997,0.05232059,0.01267653,0.026802666,0.012841392,0.05629505,-0.0050021177,5.8415966,-0.31420568,9.409319,0.6578984,0.1125901,-0.010004235,0.1637152,-0.008805858,0.11331987,0.00792331,253.90631,256.21207,343.9709,-0.34369275,16.538082,0.18045121
5,98,10,0.0024009997,0.05161939,0.012563717,0.02696496,0.012090715,0.056043994,-0.004194043,5.8592563,-0.5070403,9.130156,0.5442436,0.11208799,-0.008388086,0.16421011,-0.014210186,0.109957784,0.00655453,253.93611,256.24115,344.54852,-0.037203252,16.538082,0.19222754
5,99,10,0.0024009997,0.053176492,0.014505443,0.02586715,0.012803902,0.060219273,-0.0047399737,5.738743,-0.5373846,9.395576,0.6852523,0.120438546,-0.009479947,0.16083267,-0.0150606185,0.11315433,0.008252743,253.9482,256.2165,345.2,-0.14786768,16.53743,0.1918368
5,100,10,0.0024009997,0.052726205,0.011918202,0.027635206,0.013172798,0.05458526,-0.003870014,5.9316273,-0.47786528,9.529963,0.747271,0.10917052,-0.007740028,0.1662384,-0.013392547,0.11477281,0.00899966,253.91924,256.17856,344.39545,-0.26940572,16.53743,0.19928972
