ic,traj,n_steps,eta,loss_total,loss_T,loss_olw,loss_slwd,rmse_T,bias_T,rmse_olw,bias_olw,rmse_slwd,bias_slwd,nrmse_T,nbias_T,nrmse_olw,nbias_olw,nrmse_slwd,nbias_slwd,mean_T,mean_olw,mean_slwd,bias_C,pnorm,gnorm
1,1,2,0.01,1.0566036,0.040910773,0.979997,0.035695735,0.10113206,0.011214341,37.668736,14.321995,16.097164,6.117354,0.20226412,0.022428682,0.989948,0.37638715,0.18893315,0.07179967,252.3802,250.36665,336.26538,-20.439348,14.304812,4.9280586
1,2,2,0.01,1.0403106,0.047500677,0.95763797,0.035172008,0.10897325,0.007987934,37.236546,13.985979,15.9786415,5.9220834,0.2179465,0.015975868,0.9785898,0.36755648,0.18754202,0.06950776,252.44229,250.5705,337.0854,-19.908062,14.304812,4.9064236
1,3,2,0.01,1.0258135,0.046254713,0.9438019,0.035756852,0.10753454,0.0077357474,36.966564,14.4978075,16.110939,5.9419446,0.21506909,0.015471495,0.9714947,0.38100764,0.18909483,0.06974088,252.40147,250.4272,336.45035,-20.439753,14.304812,4.8200703
1,4,2,0.01,1.0108382,0.04267382,0.9343274,0.03383692,0.10328821,0.011024947,36.78055,14.161123,15.67244,6.105353,0.20657642,0.022049895,0.96660614,0.3721594,0.18394814,0.07165878,252.3898,250.37552,336.45517,-20.266476,14.304812,4.8443675
1,5,2,0.01,0.28186086,0.03907159,0.2212846,0.021504663,0.098832674,-0.0051151426,17.89964,1.2573258,12.494174,3.5231464,0.19766535,-0.010230285,0.47040898,0.033042975,0.14664468,0.041351333,252.41478,250.41856,337.12894,-4.7804723,14.264232,1.4066879
1,6,2,0.01,0.28809676,0.036302745,0.22935373,0.022440277,0.095266394,-0.0045230063,18.223072,1.635392,12.763075,3.589578,0.19053279,-0.009046013,0.4789089,0.04297866,0.14980079,0.042131044,252.37445,250.23897,336.4992,-5.22497,14.264232,1.4359952
1,7,2,0.01,0.2823949,0.03182514,0.22768682,0.022882942,0.08919801,-0.0011925077,18.156729,1.1651037,12.888345,3.6736524,0.17839602,-0.0023850154,0.4771654,0.030619327,0.15127109,0.043117825,252.38435,250.27867,336.36743,-4.838756,14.264232,1.4447036
1,8,2,0.01,0.28797618,0.03810698,0.22693095,0.022938248,0.09760505,-0.0038268138,18.126564,0.99081945,12.903909,3.4230082,0.1952101,-0.0076536275,0.4763727,0.026039066,0.15145378,0.040176008,252.41916,250.4102,337.1572,-4.413828,14.264232,1.4354633
1,9,2,0.01,0.2835052,0.03070152,0.23651391,0.016289758,0.08760925,-0.012411459,18.505339,-5.817564,10.87423,1.1649758,0.1752185,-0.024822919,0.48632696,-0.15288766,0.12763134,0.013673375,252.40518,250.42996,336.72443,4.6525884,14.237563,1.8703026
1,10,2,0.01,0.26768538,0.0253276,0.22712906,0.015228712,0.07957324,-0.009152408,18.134478,-6.1497445,10.514116,1.2187294,0.15914647,-0.018304816,0.4765806,-0.16161752,0.12340467,0.014304277,252.41946,250.41493,336.7534,4.931015,14.237563,1.8663703
1,11,2,0.01,0.27106377,0.032664556,0.22318503,0.015214175,0.09036669,-0.012503188,17.976337,-6.1406126,10.509097,0.9620835,0.18073338,-0.025006376,0.47242463,-0.16137749,0.123345755,0.011292021,252.4709,250.58073,337.65894,5.1785293,14.237563,1.8790319
1,12,2,0.01,0.27763268,0.031594504,0.23004693,0.015991235,0.08887421,-0.013133941,18.25059,-5.8931594,10.77413,1.2382885,0.17774843,-0.026267882,0.47963208,-0.15487435,0.12645645,0.014533848,252.45688,250.66626,337.1967,4.654871,14.237563,1.8953565
1,13,2,0.01,0.24679555,0.015958061,0.21905977,0.011777729,0.06316261,-0.0061335834,17.809427,-5.007074,9.246386,-0.051147614,0.12632522,-0.012267167,0.4680382,-0.13158774,0.10852525,-0.0006003211,252.45258,250.57932,337.19315,5.0582213,14.212704,2.086727
1,14,2,0.01,0.25468498,0.021817697,0.22114259,0.011724703,0.073854074,-0.008763653,17.893892,-5.1075907,9.225548,-0.16201721,0.14770815,-0.017527306,0.470258,-0.13422932,0.108280666,-0.001901611,252.51053,250.74117,337.99045,5.269608,14.212704,2.0704587
1,15,2,0.01,0.26621872,0.020350618,0.2334053,0.0124627855,0.0713278,-0.0091421325,18.383324,-4.828445,9.511495,0.16901405,0.1426556,-0.018284265,0.48312038,-0.12689331,0.11163685,0.0019837292,252.56053,251.07974,337.72995,4.659431,14.212704,2.0716653
1,16,2,0.01,0.24664818,0.015619055,0.22010094,0.01092819,0.06248811,-0.0055976585,17.851702,-5.287255,8.90667,0.1910943,0.12497622,-0.011195317,0.46914917,-0.13895093,0.104537986,0.0022428783,252.60872,251.32098,338.03775,5.0961604,14.212704,2.082704
1,17,2,0.01,0.17260951,0.013548484,0.14945696,0.009604072,0.058198977,-0.0013322455,14.710477,-1.1940504,8.349663,-0.667722,0.116397955,-0.002664491,0.38659665,-0.031380083,0.09800037,-0.007837083,252.66177,251.40678,338.66443,1.8617724,14.189382,1.4849504
1,18,2,0.01,0.17360617,0.0130255325,0.1492561,0.011324542,0.057064727,-0.0015282662,14.700589,-0.7457602,9.066747,-0.4829248,0.114129454,-0.0030565325,0.38633677,-0.019598857,0.10641683,-0.00566811,252.6688,251.48553,338.09668,1.228685,14.189382,1.4670995
1,19,2,0.01,0.17052883,0.009727895,0.15024094,0.0105599975,0.049315047,0.001591871,14.749009,-1.0503708,8.755342,-0.40974703,0.09863009,0.003183742,0.38760927,-0.027604122,0.10276185,-0.0048092254,252.7146,251.6854,338.16983,1.4601178,14.189382,1.4810605
1,20,2,0.01,0.17318328,0.013968532,0.14897017,0.010244585,0.059094273,-0.0010690113,14.686501,-0.86380917,8.623596,-0.61256903,0.118188545,-0.0021380226,0.38596654,-0.02270122,0.101215534,-0.007189753,252.77449,251.90166,338.94183,1.4763782,14.189382,1.4586368
1,21,2,0.01,0.11655796,0.009926086,0.09606887,0.01056301,0.049814872,0.0056561376,11.79397,3.2001946,8.756591,-0.48493665,0.099629745,0.011312275,0.3099498,0.08410228,0.102776505,-0.005691727,252.7766,251.98358,338.4555,-2.715258,14.167565,0.78652996
1,22,2,0.01,0.11346577,0.00790736,0.096374646,0.009183761,0.044461668,0.0088673,11.812724,2.7022266,8.164912,-0.44007334,0.088923335,0.0177346,0.31044266,0.07101549,0.09583194,-0.00516516,252.78577,251.95456,338.51096,-2.2621534,14.167565,0.8156662
1,23,2,0.01,0.113820866,0.010442304,0.09446509,0.00891347,0.051093798,0.0062137004,11.69511,2.8560836,8.043862,-0.52467424,0.102187596,0.012427401,0.30735174,0.075058915,0.09441118,-0.0061581293,252.85143,252.19572,339.39584,-2.3314095,14.167565,0.7780954
1,24,2,0.01,0.11921337,0.010829964,0.09835567,0.010027735,0.052033555,0.005501465,11.933516,2.8418581,8.531838,-0.27111185,0.10406711,0.01100293,0.31361708,0.07468505,0.100138575,-0.0031820498,252.89717,252.4854,339.1316,-2.5707464,14.167565,0.7746988
1,25,2,0.01,0.11470893,0.008641629,0.09751956,0.0085477345,0.04648018,0.013155141,11.882686,4.671319,7.8771067,-0.17360926,0.09296036,0.026310282,0.31228122,0.12276394,0.09245396,-0.0020376577,252.98132,252.78273,339.36285,-4.4977098,14.147927,0.9139266
1,26,2,0.01,0.11931212,0.010201521,0.09986077,0.0092498325,0.05050129,0.010860444,12.024475,4.9611244,8.194229,0.0062161842,0.10100258,0.021720888,0.31600755,0.13038017,0.09617605,7.29609e-5,253.09303,253.18556,340.39938,-4.9673405,14.147927,0.9398157
1,27,2,0.01,0.11855287,0.010132919,0.098694704,0.009725251,0.0503312,0.010289629,11.954065,4.977025,8.402173,0.37882072,0.1006624,0.020579258,0.31415713,0.13079801,0.09861669,0.0044462355,253.10942,253.31439,339.76642,-5.355846,14.147927,0.91595435
1,28,2,0.01,0.10844023,0.009021074,0.091217205,0.008201949,0.047489665,0.01338705,11.492302,4.5398946,7.7161336,0.22024058,0.09497933,0.0267741,0.30202186,0.11931007,0.090564616,0.0025849727,253.08282,253.1949,339.45593,-4.760135,14.147927,0.89575446
1,29,2,0.01,0.11736872,0.00945011,0.100854814,0.0070637963,0.048605837,0.011163807,12.084175,4.8063073,7.1607795,0.09803502,0.097211674,0.022327613,0.31757647,0.12631148,0.08404639,0.0011506405,253.0831,253.08043,340.15802,-4.904342,14.130594,1.1611481
1,30,2,0.01,0.123160325,0.00951661,0.105146535,0.008497176,0.048776556,0.009952577,12.338609,4.8069987,7.8537755,0.36447275,0.09755311,0.019905154,0.32426307,0.12632968,0.092180125,0.0042778337,253.05473,252.96355,339.5096,-5.1714716,14.130594,1.1487346
1,31,2,0.01,0.12490813,0.008670484,0.10763224,0.008605401,0.046557717,0.013458895,12.4836,4.156159,7.9036326,0.25289223,0.093115434,0.02691779,0.32807353,0.10922538,0.0927653,0.0029682103,253.10255,253.12747,339.69733,-4.409051,14.130594,1.1557912
1,32,2,0.01,0.12740043,0.009283001,0.10949013,0.008627306,0.048174165,0.01112662,12.590881,4.3771234,7.9136863,0.19984914,0.09634833,0.02225324,0.33089292,0.11503239,0.09288329,0.002345638,253.22015,253.58803,340.73352,-4.5769725,14.130594,1.1736326
1,33,2,0.01,0.11295052,0.007811591,0.09676858,0.008370348,0.044191603,0.008362776,11.836843,2.5598247,7.794943,0.7782641,0.088383205,0.016725551,0.3110765,0.067273095,0.091489606,0.00913452,253.25607,253.81143,340.1897,-3.3380888,14.115484,1.0895363
1,34,2,0.01,0.10966426,0.008048631,0.094561934,0.007053697,0.04485708,0.011714098,11.701103,2.2384486,7.1556587,0.76900464,0.08971416,0.023428196,0.30750924,0.058827255,0.08398629,0.009025848,253.25209,253.70837,339.96826,-3.0074532,14.115484,1.090045
1,35,2,0.01,0.113998614,0.007649557,0.099263094,0.0070859645,0.043730874,0.009211061,11.988438,2.6662495,7.1720066,0.93521297,0.08746175,0.018422121,0.31506047,0.07007002,0.08417817,0.010976635,253.26129,253.5937,340.60333,-3.6014624,14.115484,1.1250948
1,36,2,0.01,0.12029121,0.0073638866,0.10448164,0.008445689,0.042906545,0.008200046,12.299535,2.776025,7.8299465,1.0466965,0.08581309,0.016400091,0.3232362,0.07295496,0.09190043,0.012285119,253.22823,253.51053,340.0326,-3.8227215,14.115484,1.130552
1,37,2,0.01,0.08902653,0.00749306,0.0739465,0.00758698,0.04328123,0.0071043535,10.34731,-0.22382794,7.421226,1.2703104,0.08656246,0.014208707,0.27193105,-0.00588228,0.08710327,0.0149096865,253.24261,253.51562,339.91684,-1.0464824,14.102605,0.8427511
1,38,2,0.01,0.08788842,0.007588045,0.07310105,0.007199325,0.043554693,0.004917322,10.28799,-0.11682869,7.2291484,1.2473146,0.08710939,0.009834644,0.27037206,-0.0030703256,0.084848836,0.0146397855,253.32907,253.85736,340.8198,-1.1304859,14.102605,0.8373504
1,39,2,0.01,0.08944794,0.007380666,0.07434542,0.007721855,0.042955402,0.0044126566,10.375184,-0.25496572,7.4869,1.4944499,0.085910805,0.008825313,0.27266356,-0.006700612,0.087874085,0.017540427,253.3797,254.18759,340.6781,-1.2394841,14.102605,0.826437
1,40,2,0.01,0.09270434,0.007722537,0.07805631,0.0069254898,0.043938983,0.007585001,10.630964,-0.48536065,7.090331,1.3696512,0.08787797,0.015170002,0.2793856,-0.012755442,0.08321953,0.016075654,253.4317,254.35269,340.72403,-0.8842906,14.102605,0.831321
1,41,2,0.01,0.07868582,0.0072242315,0.064679205,0.0067823855,0.04249774,0.0006086122,9.677228,-2.6118,7.016692,1.6694762,0.08499548,0.0012172244,0.25432107,-0.06863904,0.08235524,0.019594716,253.49529,254.5959,341.42297,0.9423238,14.091456,0.6214653
1,42,2,0.01,0.07990617,0.007797284,0.065106615,0.007002271,0.044151116,-0.00052530156,9.70915,-2.4166236,7.1295257,1.7791421,0.08830223,-0.0010506031,0.25515997,-0.06350973,0.08367957,0.020881873,253.4755,254.64157,341.12714,0.63748145,14.091456,0.6112334
1,43,2,0.01,0.07371457,0.008286467,0.05879058,0.0066375174,0.045515016,0.002387805,9.226193,-2.570315,6.9413514,1.5124364,0.09103003,0.00477561,0.24246769,-0.06754881,0.08147096,0.017751537,253.44136,254.38054,341.0093,1.0578785,14.091456,0.57128096
1,44,2,0.01,0.07493076,0.008440113,0.05929711,0.007193533,0.045935042,-0.00016012318,9.265853,-2.2838385,7.2262387,1.4994538,0.091870084,-0.00032024636,0.24350998,-0.0600201,0.0848147,0.017599156,253.45885,254.33861,341.5058,0.7843847,14.091456,0.56074953
1,45,2,0.01,0.073502764,0.009778642,0.05547403,0.008250091,0.04944351,-0.0042561456,8.962176,-3.9690034,7.738745,1.6312672,0.09888702,-0.008512291,0.23552926,-0.10430684,0.09083001,0.019146256,253.48106,254.44298,340.9075,2.3377361,14.08134,0.48640275
1,46,2,0.01,0.06998123,0.009891059,0.052337445,0.007752724,0.049726903,-0.0013898818,8.705124,-4.141122,7.5018506,1.4737221,0.09945381,-0.0027797637,0.22877379,-0.108830184,0.08804955,0.017297143,253.5393,254.55779,340.6484,2.6674,14.08134,0.49956727
1,47,2,0.01,0.06928874,0.009399381,0.052439343,0.0074500167,0.048475202,-0.0034324185,8.7135935,-3.9113872,7.353936,1.5765353,0.096950404,-0.006864837,0.22899638,-0.102792665,0.08631348,0.018503869,253.5745,254.60121,341.0566,2.3348517,14.08134,0.4919008
1,48,2,0.01,0.07455727,0.0093291495,0.05734851,0.007879608,0.048293762,-0.0046490454,9.112336,-4.01698,7.5629897,1.9585834,0.096587524,-0.009298091,0.23947549,-0.10556768,0.088767156,0.022987982,253.54214,254.60089,340.60968,2.0583968,14.08134,0.51832974
1,49,2,0.01,0.06697516,0.010099051,0.04980083,0.007075279,0.050247017,-0.004065654,8.4915495,-4.365325,7.166597,1.3904475,0.100494035,-0.008131308,0.223161,-0.11472233,0.08411468,0.01631975,253.53345,254.53516,340.59012,2.9748774,14.071394,0.5983021
1,50,2,0.01,0.06679395,0.009943545,0.0499963,0.006854103,0.049858663,-0.0063947523,8.508198,-4.079502,7.0536923,1.283074,0.09971733,-0.012789505,0.22359852,-0.10721079,0.08278951,0.015059497,253.55786,254.55232,341.22705,2.7964282,14.071394,0.57705015
1,51,2,0.01,0.06829195,0.009789987,0.051263127,0.0072388356,0.04947218,-0.006692512,8.615316,-4.3838873,7.2489576,1.4885496,0.09894436,-0.013385024,0.22641362,-0.11521013,0.08508135,0.017471178,253.55363,254.57669,340.87326,2.8953376,14.071394,0.5873004
1,52,2,0.01,0.06925398,0.010710755,0.051607925,0.0069353,0.05174639,-0.004049357,8.64424,-4.6186504,7.0953503,1.4356194,0.10349278,-0.008098714,0.22717378,-0.121379815,0.08327845,0.016849926,253.59491,254.73477,340.76413,3.183031,14.071394,0.614194
1,53,2,0.01,0.067226976,0.009709323,0.05142671,0.006090947,0.049267948,-0.006920545,8.629051,-3.5947971,6.649418,0.85018504,0.098535895,-0.01384109,0.22677457,-0.09447256,0.07804452,0.009978665,253.67772,255.05965,341.65234,2.7446122,14.06114,0.63618094
1,54,2,0.01,0.067886785,0.009438726,0.051647235,0.006800819,0.048576552,-0.0075057265,8.647532,-3.5507905,7.026221,0.93462616,0.097153105,-0.015011453,0.22726028,-0.09331605,0.08246708,0.010969751,253.68018,255.14212,341.26025,2.6161644,14.06114,0.63979274
1,55,2,0.01,0.06826871,0.009908835,0.051493887,0.0068659848,0.049771566,-0.0043968223,8.6346855,-3.7768798,7.059804,1.0121995,0.09954313,-0.008793645,0.22692265,-0.09925776,0.08286124,0.011880237,253.6783,255.05443,341.08084,2.7646804,14.06114,0.6486696
1,56,2,0.01,0.072547905,0.010022632,0.05561431,0.006910964,0.050056547,-0.006533229,8.973502,-3.4663591,7.082891,1.1487465,0.100113094,-0.013066458,0.23582686,-0.09109717,0.08313221,0.01348289,253.6964,255.06517,341.3735,2.3176126,14.06114,0.61838263
1,57,2,0.01,0.0679125,0.008022486,0.053462394,0.006427619,0.044784166,-0.0064828843,8.798181,-1.7975286,6.830717,0.4209595,0.08956833,-0.012965769,0.23121937,-0.04723971,0.080172434,0.004940822,253.69618,255.12816,340.8912,1.3765692,14.050293,0.581012
1,58,2,0.01,0.0678744,0.008297318,0.05355885,0.0060182377,0.045544807,-0.0038350087,8.806113,-1.914162,6.6096106,0.39206192,0.091089614,-0.0076700174,0.23142785,-0.050304867,0.0775773,0.0046016457,253.71536,255.1588,341.09143,1.5221001,14.050293,0.60893613
1,59,2,0.01,0.066277675,0.0086186575,0.051564265,0.006094756,0.04641836,-0.006198571,8.640583,-1.9477571,6.6514964,0.36815298,0.09283672,-0.012397142,0.22707766,-0.05118776,0.07806892,0.0043210303,253.77573,255.37563,341.74216,1.5796041,14.050293,0.57753617
1,60,2,0.01,0.06561182,0.00828631,0.050766584,0.0065589254,0.045514587,-0.006878226,8.573489,-2.0073955,6.9001346,0.5252093,0.091029175,-0.013756452,0.22531441,-0.052755073,0.08098719,0.006164404,253.8071,255.65913,341.41504,1.4821862,14.050293,0.56055796
1,61,2,0.01,0.06424855,0.0073504713,0.05069904,0.0061990386,0.042867444,-0.001698732,8.567784,-0.66565317,6.70816,-0.33475727,0.08573489,-0.003397464,0.22516447,-0.017493607,0.07873397,-0.0039290623,253.83397,255.7461,341.4248,1.0004104,14.038985,0.48186767
1,62,2,0.01,0.062347975,0.0073003913,0.048533667,0.0065139155,0.042721163,-0.004055852,8.382822,-0.23413034,6.876418,-0.18955477,0.08544233,-0.008111704,0.22030358,-0.006153031,0.08070883,-0.002224812,253.83566,255.67473,342.19373,0.4236851,14.038985,0.45434558
1,63,2,0.01,0.06804325,0.006857975,0.053694427,0.0074908454,0.041406445,-0.004283266,8.817253,-0.23993471,7.3740597,-0.020748679,0.08281289,-0.008566532,0.23172058,-0.0063055716,0.08654967,-0.00024352712,253.74353,255.22104,341.36746,0.2606834,14.038985,0.47664386
1,64,2,0.01,0.06699922,0.006477593,0.05319622,0.0073254053,0.040241748,-0.0016311124,8.776252,-0.20018722,7.292175,-0.19625592,0.080483496,-0.0032622248,0.23064306,-0.0052609933,0.08558858,-0.002303463,253.6585,254.7086,340.28503,0.39644313,14.038985,0.51115054
1,65,2,0.01,0.06860797,0.005768557,0.056411684,0.006427728,0.03797551,-0.0017001458,9.037601,1.3740381,6.830775,-0.8165736,0.07595102,-0.0034002915,0.23751144,0.03611022,0.08017311,-0.009584163,253.65936,254.65733,340.5744,-0.5574645,14.027519,0.48299038
1,66,2,0.01,0.069840856,0.0054316972,0.057854947,0.00655421,0.036850024,-0.0028235042,9.152483,1.2219042,6.8976536,-0.68956566,0.07370005,-0.0056470083,0.24053055,0.03211208,0.080958076,-0.008093464,253.60033,254.46558,339.95422,-0.5323385,14.027519,0.46371487
1,67,2,0.01,0.060733106,0.005346677,0.04833337,0.00705306,0.036560487,3.3518732e-5,8.365506,1.3057173,7.155336,-0.7389719,0.073120974,6.7037465e-5,0.21984851,0.034314726,0.0839825,-0.008673348,253.5738,254.24426,339.78677,-0.56674546,14.027519,0.4259319
1,68,2,0.01,0.050668858,0.0053911554,0.038312875,0.0069648274,0.036712244,-0.0027381836,7.4480233,1.3410125,7.1104383,-0.73018485,0.07342449,-0.005476367,0.19573675,0.035242293,0.08345554,-0.008570209,253.58937,254.30188,340.157,-0.6108276,14.027519,0.35650253
1,69,2,0.01,0.04904311,0.005053202,0.03738123,0.0066086757,0.03554294,-0.0011425787,7.3569107,1.5366406,6.926254,-0.9145218,0.07108588,-0.0022851573,0.19334227,0.040383473,0.08129376,-0.010733782,253.59431,254.43765,339.73785,-0.62211883,14.016286,0.3037757
1,70,2,0.01,0.05842372,0.004951257,0.047018953,0.006453511,0.035182584,0.0023451045,8.250972,1.7034122,6.8444605,-0.9403024,0.07036517,0.004690209,0.21683854,0.044766296,0.08033375,-0.01103637,253.67409,254.7586,340.2194,-0.7631098,14.016286,0.35922784
1,71,2,0.01,0.06713896,0.0058069127,0.054962657,0.006369396,0.03810155,0.00013885133,8.9207735,1.749203,6.799709,-0.7952176,0.0762031,0.00027770267,0.23444116,0.045969695,0.079808496,-0.009333508,253.77948,255.21875,341.45084,-0.9539854,14.016286,0.39854065
1,72,2,0.01,0.07007116,0.0053751967,0.0576293,0.007066671,0.036657866,-0.00033384436,9.134617,1.5202097,7.162236,-0.558105,0.07331573,-0.0006676887,0.24006103,0.039951663,0.08406349,-0.0065505034,253.77225,255.21599,340.7175,-0.9621047,14.016286,0.37212995
1,73,2,0.01,0.061922777,0.0052719014,0.050297637,0.006353241,0.03630393,0.0041598757,8.5338,1.3048438,6.79108,-0.6653539,0.07260786,0.008319751,0.22427134,0.034291763,0.07970722,-0.0078092855,253.74005,255.00676,340.3569,-0.6394899,14.00558,0.34473604
1,74,2,0.01,0.057285715,0.0053018206,0.04617824,0.0058056535,0.0364068,0.0013993265,8.176875,1.3832957,6.491824,-0.7705897,0.0728136,0.002798653,0.21489123,0.036353517,0.07619484,-0.009044445,253.70908,254.85266,340.84363,-0.61270595,14.00558,0.32806516
1,75,2,0.01,0.05513619,0.0056592473,0.04378842,0.0056885215,0.037613984,0.0005001121,7.962478,1.1971157,6.4260025,-0.67512083,0.07522797,0.0010002241,0.20925683,0.031460635,0.07542229,-0.0079239225,253.66698,254.7283,340.16617,-0.5219948,14.00558,0.30086535
1,76,2,0.01,0.056264322,0.0051243547,0.04496279,0.006177175,0.0357923,0.0039171632,8.068546,1.1624076,6.696319,-0.6582281,0.0715846,0.0078343265,0.21204431,0.030548496,0.078595005,-0.0077256532,253.71432,254.95465,340.53046,-0.50417954,14.00558,0.29958045
1,77,2,0.01,0.050403602,0.00583132,0.038958624,0.005613658,0.03818154,0.0020215623,7.510529,0.24636737,6.383578,-0.17177084,0.07636308,0.0040431246,0.1973794,0.00647463,0.07492435,-0.002016083,253.75146,255.08507,341.2421,-0.074596524,13.995421,0.2576557
1,78,2,0.01,0.05073737,0.0060437587,0.03913903,0.005554583,0.038870808,0.0015424021,7.527898,0.17695992,6.3499007,-0.13340825,0.077741615,0.0030848042,0.19783586,0.0046505737,0.074529074,-0.0015658182,253.70822,254.91232,340.69043,-0.04355167,13.995421,0.26910254
1,79,2,0.01,0.044314552,0.004890154,0.034115735,0.00530866,0.03496482,0.0045730113,7.0282316,0.17798685,6.2077417,-0.35762355,0.06992964,0.009146023,0.18470445,0.004677557,0.072860554,-0.004197444,253.68939,254.7772,340.5082,0.1796367,13.995421,0.26870498
1,80,2,0.01,0.04384028,0.005819205,0.032928564,0.0050925133,0.038141858,0.0018739366,6.904863,0.43521675,6.0800524,-0.40844887,0.076283716,0.0037478732,0.18146229,0.011437657,0.07136185,-0.0047939816,253.69783,254.78065,340.75284,-0.02676788,13.995421,0.28865126
1,81,2,0.01,0.04517315,0.006481608,0.033983067,0.004708476,0.040254217,0.00089642947,7.0145516,-0.28203568,5.846304,0.17740357,0.08050843,0.0017928589,0.18434496,-0.007412006,0.068618335,0.002082193,253.6502,254.72346,340.10306,0.10463211,13.98584,0.30279902
1,82,2,0.01,0.040536046,0.0046893614,0.03090601,0.0049406746,0.034239456,0.004399265,6.689446,-0.32193497,5.988724,0.055425122,0.06847891,0.00879853,0.17580105,-0.008460572,0.07028993,0.0006505275,253.61142,254.47021,340.24518,0.26650983,13.98584,0.26532117
1,83,2,0.01,0.040941343,0.0059473678,0.029988809,0.005005167,0.03855959,0.0016663171,6.589436,-0.39694622,6.0276847,0.13921164,0.07711918,0.0033326342,0.17317277,-0.010431897,0.070747204,0.0016339325,253.57527,254.28287,340.40344,0.2577346,13.98584,0.2534461
1,84,2,0.01,0.04116631,0.0059690666,0.030061224,0.005136016,0.038629867,0.0014233524,6.597388,-0.4549241,6.105966,0.115888536,0.077259734,0.0028467048,0.17338173,-0.011955567,0.071666,0.0013601894,253.50822,254.02884,339.52786,0.33903557,13.98584,0.24401835
1,85,2,0.01,0.037280902,0.0040816525,0.027721988,0.0054772594,0.031943906,0.0037077512,6.3354993,-1.2034627,6.305549,0.4239895,0.06388781,0.0074155023,0.16649921,-0.03162743,0.07400851,0.0049763843,253.47418,253.82187,339.43466,0.7794732,13.976703,0.27644718
1,86,2,0.01,0.04060454,0.006151325,0.029026631,0.005426583,0.039215192,0.0011429965,6.4828644,-1.4731102,6.2763104,0.51637393,0.078430384,0.002285993,0.17037204,-0.03871387,0.07366534,0.0060607027,253.47577,253.7564,339.93768,0.95673627,13.976703,0.3198464
1,87,2,0.01,0.04136751,0.0054872413,0.030104293,0.0057759737,0.037037957,0.0008271811,6.6021113,-1.2794425,6.475209,0.5284611,0.074075915,0.0016543622,0.17350589,-0.033624213,0.075999826,0.006202571,253.4397,253.6095,339.17886,0.75098145,13.976703,0.3271791
1,88,2,0.01,0.038304113,0.003946746,0.028621092,0.005736277,0.031411566,0.0036652684,6.437419,-1.2737607,6.4529195,0.44606653,0.06282313,0.007330537,0.1691777,-0.033474896,0.075738214,0.0052355016,253.41637,253.4564,338.937,0.8276942,13.976703,0.3100141
1,89,2,0.01,0.045156404,0.0060299,0.03327044,0.0058560637,0.038826216,0.0001738867,6.9406147,-2.0768788,6.5199475,0.7132619,0.07765243,0.0003477734,0.18240187,-0.05458112,0.07652492,0.008371589,253.42593,253.3968,339.43887,1.363617,13.967953,0.3634488
1,90,2,0.01,0.04911296,0.005652277,0.03720559,0.006255089,0.037590813,-0.0002763707,7.339607,-2.1158001,6.7384176,0.7175748,0.075181626,-0.0005527414,0.19288751,-0.05560401,0.07908912,0.008422207,253.39876,253.32341,338.8117,1.3982253,13.967953,0.3796038
1,91,2,0.01,0.045432597,0.0036243272,0.034870457,0.006937813,0.030101193,0.0027689263,7.1055465,-2.1810162,7.0966353,0.57173824,0.060202386,0.0055378526,0.18673633,-0.057317898,0.083293535,0.0067105163,253.43575,253.32576,338.8396,1.609278,13.967953,0.37876162
1,92,2,0.01,0.0484955,0.005754093,0.03589958,0.0068418286,0.03792787,0.00039098493,7.209636,-2.4120126,7.0473742,0.6498837,0.07585574,0.00078196987,0.18947184,-0.063388556,0.08271535,0.0076277135,253.50874,253.5576,339.42776,1.7621288,13.967953,0.41750625
1,93,2,0.01,0.045653008,0.005240151,0.03391553,0.006497326,0.036194444,-0.00047684435,7.0075784,-1.7536196,6.867656,0.65605134,0.07238889,-0.0009536887,0.1841617,-0.046085756,0.08060599,0.007700102,253.52641,253.72299,339.0483,1.0975683,13.959364,0.3505516
1,94,2,0.01,0.040529825,0.003229654,0.030610079,0.0066900905,0.028415022,0.0025385576,6.657343,-1.4490415,6.9687877,0.6469958,0.056830045,0.0050771153,0.17495736,-0.03808134,0.08179297,0.007593818,253.52129,253.62231,338.7807,0.8020457,13.959364,0.33443862
1,95,2,0.01,0.044833206,0.005448713,0.03272966,0.0066548316,0.0369077,8.255221e-5,6.883977,-1.488698,6.9503994,0.7475208,0.0738154,0.00016510441,0.1809134,-0.03912352,0.08157715,0.008773684,253.57974,253.87682,339.55728,0.7411772,13.959364,0.34932116
1,96,2,0.01,0.047304396,0.005320214,0.035125315,0.0068588657,0.0364699,-1.7764442e-5,7.131465,-1.5135309,7.0561438,0.80394167,0.0729398,-3.5528883e-5,0.18741749,-0.03977613,0.08281827,0.009435898,253.59798,254.05824,339.29175,0.7095892,13.959364,0.34665683
1,97,2,0.01,0.037353184,0.0029951318,0.027643766,0.006714285,0.027363898,0.0027147448,6.3265553,-0.75906765,6.981377,0.3144293,0.054727796,0.0054294895,0.16626415,-0.019948572,0.08194074,0.0036904726,253.60663,253.98248,339.47214,0.44463834,13.950992,0.20792536
1,98,2,0.01,0.04118664,0.005574127,0.029346053,0.0062664584,0.03733004,-2.8551527e-5,6.5184374,-1.0411137,6.744539,0.30664432,0.07466008,-5.7103054e-5,0.1713069,-0.027360843,0.079160966,0.0035991012,253.57907,253.78864,339.64633,0.7344694,13.950992,0.21632354
1,99,2,0.01,0.038312614,0.0051459586,0.026790274,0.0063763834,0.03586767,-0.00037463364,6.228124,-0.8910399,6.8034368,0.2657373,0.07173534,-0.0007492673,0.16367735,-0.02341685,0.07985226,0.0031189732,253.4884,253.43103,338.78305,0.6253026,13.950992,0.20987372
1,100,2,0.01,0.03402007,0.0028492105,0.024526253,0.0066446075,0.026688999,0.002471204,5.959149,-0.8722487,6.9450583,0.11944692,0.053377997,0.004942408,0.1566086,-0.022923015,0.08151446,0.0014019536,253.454,253.23477,338.78137,0.7528018,13.950992,0.19628456
2,1,2,0.0069999998,0.19729939,0.0043798485,0.16252336,0.030396175,0.03309021,0.005877193,15.340042,1.5339044,14.854248,-2.5106652,0.06618042,0.011754386,0.40314186,0.04031158,0.17434499,-0.02946779,252.01085,248.04666,331.94467,0.97676075,13.942819,0.8527417
2,2,2,0.0069999998,0.20297502,0.00579731,0.16696757,0.030210136,0.038070034,0.0033029607,15.548366,1.6256572,14.808722,-2.484026,0.07614007,0.0066059213,0.40861666,0.04272287,0.17381063,-0.029155137,252.00829,247.97084,332.58258,0.85836875,13.942819,0.88875085
2,3,2,0.0069999998,0.20530626,0.004445034,0.17026684,0.030594392,0.033335544,0.0033691742,15.701231,2.0371234,14.902602,-2.7564046,0.06667109,0.0067383484,0.41263402,0.053536337,0.17491253,-0.03235205,251.91862,247.75519,331.72226,0.7192812,13.942819,0.948265
2,4,2,0.0069999998,0.1985102,0.0038498119,0.16497618,0.029684208,0.031023426,0.0054412154,15.455366,2.0806725,14.679253,-2.9447107,0.062046852,0.010882431,0.4061726,0.054680854,0.17229106,-0.03456219,251.8288,247.33022,331.3732,0.8640382,13.942819,0.9740098
2,5,2,0.0069999998,0.16857015,0.0051931115,0.13765335,0.025723686,0.036031622,0.0030872358,14.1176405,1.9573154,13.664943,-2.9928024,0.072063245,0.0061744717,0.37101665,0.051438957,0.16038606,-0.035126664,251.76724,247.00366,331.7365,1.0354869,13.935445,0.88197005
2,6,2,0.0069999998,0.17683385,0.0043465216,0.14613374,0.026353603,0.032964077,0.0032864327,14.54601,1.9028503,13.831243,-3.1262436,0.06592815,0.0065728654,0.38227442,0.050007608,0.16233793,-0.036692876,251.66312,246.56755,330.95526,1.2233933,13.935445,0.94131416
2,7,2,0.0069999998,0.18431805,0.0037069742,0.15327804,0.02733303,0.030442463,0.004990121,14.897338,2.0127056,14.0859165,-3.4998033,0.060884926,0.009980242,0.3915074,0.052894596,0.16532704,-0.04107734,251.55191,246.12978,330.49683,1.4870977,13.935445,0.99990404
2,8,2,0.0069999998,0.18363619,0.005556448,0.15019666,0.027883077,0.03727079,0.0022536013,14.746835,2.0114813,14.226942,-3.5835822,0.07454158,0.0045072027,0.38755214,0.052862443,0.16698226,-0.042060684,251.46162,245.86186,330.21756,1.5721009,13.935445,0.9918086
2,9,2,0.0069999998,0.13693838,0.004551673,0.11041341,0.021973295,0.033733044,0.0026588934,12.643858,1.4221737,12.629578,-3.5197182,0.06746609,0.0053177867,0.33228514,0.03737525,0.14823392,-0.041311085,251.40674,245.66695,329.4029,2.0975444,13.92721,0.7435633
2,10,2,0.0069999998,0.13955688,0.003768343,0.11327266,0.022515893,0.030693416,0.0048169554,12.806522,1.2598876,12.784559,-3.6463106,0.06138683,0.009633911,0.33656004,0.033110287,0.15005296,-0.042796906,251.4557,245.78738,329.80066,2.386423,13.92721,0.71629405
2,11,2,0.0069999998,0.13842341,0.005983283,0.11055237,0.021887759,0.03867584,0.0020056544,12.65181,1.1703281,12.604972,-3.475913,0.07735168,0.004011309,0.33249417,0.030756623,0.14794512,-0.040796958,251.5316,246.06364,330.6737,2.305585,13.92721,0.7185111
2,12,2,0.0069999998,0.13848628,0.004863341,0.11200345,0.02161949,0.03486883,0.0023105782,12.734572,1.310039,12.527485,-3.4297402,0.06973766,0.0046211565,0.33466917,0.03442828,0.14703567,-0.040255014,251.54424,246.23964,330.2839,2.1197011,13.92721,0.7141802
2,13,2,0.0069999998,0.10283548,0.004156021,0.08030014,0.018379316,0.032233603,0.0048389304,10.782681,0.29540738,11.550634,-3.392176,0.06446721,0.009677861,0.2833728,0.0077634,0.13557033,-0.03981411,251.56062,246.25375,330.28104,3.0967686,13.919051,0.49131536
2,14,2,0.0069999998,0.108940855,0.005547227,0.08427733,0.0191163,0.037239853,0.0024415753,11.046484,0.15077764,11.779942,-3.3235676,0.07447971,0.0048831506,0.29030558,0.0039624977,0.1382617,-0.039008874,251.68474,246.7911,331.36688,3.17279,13.919051,0.50326955
2,15,2,0.0069999998,0.11076406,0.0042927037,0.0876298,0.018841552,0.032759365,0.0031454726,11.2640505,0.3899006,11.694982,-3.075992,0.06551873,0.006290945,0.2960233,0.010246734,0.13726453,-0.036103066,251.75209,247.11293,331.29376,2.6860914,13.919051,0.51387614
2,16,2,0.0069999998,0.11293952,0.0038517157,0.089909926,0.01917788,0.031031096,0.0054739695,11.409654,0.18095522,11.7989,-3.0594115,0.062062193,0.010947939,0.29984984,0.004755574,0.13848422,-0.03590845,251.80765,247.3256,331.5537,2.8784564,13.919051,0.5154669
2,17,2,0.0069999998,0.090694934,0.005353188,0.068392895,0.01694885,0.036582742,0.0027107908,9.951171,-0.8751279,11.092037,-2.51819,0.073165484,0.0054215817,0.26152036,-0.022998681,0.13018775,-0.029556109,251.85744,247.64398,332.34717,3.3933177,13.911757,0.4394147
2,18,2,0.0069999998,0.09245134,0.0042628273,0.07188729,0.016301224,0.032645166,0.0031738367,10.202221,-1.0078784,10.878057,-2.3401175,0.06529033,0.0063476735,0.26811805,-0.02648741,0.12767625,-0.027466066,251.87192,247.80846,331.95132,3.3479958,13.911757,0.4510247
2,19,2,0.0069999998,0.091021195,0.0037165969,0.0712692,0.0160354,0.03048195,0.005378678,10.158266,-0.9576935,10.789,-2.4487302,0.0609639,0.010757356,0.26696292,-0.025168533,0.12663096,-0.02874085,251.92468,247.92133,332.41635,3.4064238,13.911757,0.504601
2,20,2,0.0069999998,0.09325347,0.005281964,0.07170814,0.016263368,0.03633856,0.0028157276,10.189501,-0.6812459,10.865418,-2.491731,0.07267712,0.005631455,0.26778376,-0.0179034,0.12752791,-0.029245563,251.94315,247.92578,332.99915,3.172977,13.911757,0.48352152
2,21,2,0.0069999998,0.075956054,0.00396313,0.05801944,0.013973483,0.0314767,0.0029237887,9.165485,-1.361831,10.071486,-1.9231706,0.0629534,0.0058475775,0.24087225,-0.035789404,0.11820949,-0.022572339,251.90456,247.79755,332.3664,3.2850015,13.90568,0.5383833
2,22,2,0.0069999998,0.07289134,0.0038646872,0.055294693,0.013731962,0.031083304,0.0049713207,8.9476795,-1.5946366,9.984067,-2.0168538,0.06216661,0.0099426415,0.23514824,-0.041907627,0.117183454,-0.0236719,251.91501,247.81424,332.54395,3.6114902,13.90568,0.5790356
2,23,2,0.0069999998,0.073930636,0.0050699194,0.0547853,0.014075415,0.035601683,0.0024766824,8.906369,-1.6215805,10.108154,-2.0219765,0.071203366,0.004953365,0.2340626,-0.042615727,0.11863986,-0.023732021,251.94658,247.91377,333.1812,3.643557,13.90568,0.56436664
2,24,2,0.0069999998,0.07735977,0.004267009,0.05912784,0.013964924,0.032661173,0.002287702,9.25262,-1.5048966,10.068401,-1.9849397,0.06532235,0.004575404,0.24316217,-0.03954922,0.11817328,-0.023297343,251.86908,247.70132,332.10654,3.4898362,13.90568,0.5669848
2,25,2,0.0069999998,0.066298425,0.0034622748,0.05091025,0.011925903,0.029420549,0.0039381064,8.585612,-2.0193624,9.304367,-1.2721093,0.058841098,0.007876213,0.225633,-0.053069577,0.10920578,-0.014930806,251.78442,247.32463,331.7062,3.2914717,13.900923,0.68156004
2,26,2,0.0069999998,0.06905489,0.004655237,0.052205797,0.012193854,0.034114648,0.0012310202,8.694168,-1.9357547,9.408313,-1.1839546,0.068229295,0.0024620404,0.22848588,-0.050872337,0.110425785,-0.013896127,251.76608,247.12883,332.30325,3.1197093,13.900923,0.6676313
2,27,2,0.0069999998,0.06649566,0.0040533463,0.050340265,0.012102042,0.03183295,0.0014806408,8.5374155,-1.5564482,9.372826,-1.2735623,0.0636659,0.0029612817,0.22436637,-0.040904015,0.11000928,-0.014947858,251.76535,247.16014,331.80356,2.8300104,13.900923,0.6277678
2,28,2,0.0069999998,0.06330087,0.0036353357,0.047919158,0.011746378,0.030146873,0.0034997198,8.329582,-1.3820708,9.23407,-1.3833996,0.060293745,0.0069994396,0.21890445,-0.036321323,0.108380705,-0.016237022,251.77127,247.20049,332.1841,2.7654705,13.900923,0.63600254
2,29,2,0.0069999998,0.05380311,0.0052558435,0.038376853,0.01017041,0.0362486,2.6617237e-5,7.4542394,-1.1996005,8.59232,-0.3839872,0.0724972,5.3234475e-5,0.19590011,-0.03152592,0.10084845,-0.0045068758,251.80666,247.3539,332.87057,1.5835876,13.897338,0.58608866
2,30,2,0.0069999998,0.05853688,0.004102409,0.044567745,0.0098667275,0.032025024,0.0004871335,8.033023,-1.0701022,8.463067,-0.30312595,0.06405005,0.000974267,0.21111074,-0.028122678,0.0993314,-0.003557802,251.79369,247.38908,332.37302,1.3732282,13.897338,0.59534544
2,31,2,0.0069999998,0.05452781,0.0035236154,0.041203927,0.009800269,0.029680025,0.0028640823,7.7239237,-1.1914669,8.434518,-0.26115665,0.05936005,0.0057281647,0.2029875,-0.031312183,0.09899631,-0.0030652098,251.79063,247.38531,332.38763,1.4526236,13.897338,0.6499163
2,32,2,0.0069999998,0.053026624,0.004591766,0.038692217,0.009742642,0.033881284,0.00031939658,7.484804,-1.2813884,8.409682,-0.15063015,0.06776257,0.00063879316,0.19670337,-0.033675354,0.09870482,-0.0017679539,251.77808,247.3438,332.83002,1.4320185,13.897338,0.6343278
2,33,2,0.0069999998,0.045686267,0.0037622377,0.033744436,0.008179593,0.030668542,-0.00068947754,6.98988,-0.28470844,7.705611,0.75665724,0.061337084,-0.0013789551,0.18369658,-0.007482235,0.0904411,0.008880918,251.72218,247.22926,332.01666,-0.4719488,13.8945465,0.4599053
2,34,2,0.0069999998,0.045529477,0.003656671,0.033786256,0.008086552,0.030235207,0.001647067,6.994211,-0.33610374,7.661661,0.6875689,0.060470413,0.003294134,0.18381038,-0.008832919,0.08992526,0.008070029,251.73405,247.2874,331.91455,-0.35146517,13.8945465,0.5142284
2,35,2,0.0069999998,0.045794316,0.0051696245,0.032553904,0.008070791,0.03595005,-0.001051501,6.8654685,-0.49213102,7.654191,0.7454555,0.0719001,-0.002103002,0.180427,-0.012933379,0.08983758,0.008749445,251.8127,247.61447,332.48697,-0.25332448,13.8945465,0.46595228
2,36,2,0.0069999998,0.045592338,0.0041984357,0.033332907,0.008060997,0.03239767,-0.0008323416,6.9471273,-0.09152908,7.6495442,0.6494371,0.06479534,-0.0016646832,0.18257302,-0.0024054134,0.08978306,0.007622473,251.85522,247.77628,332.1181,-0.55790806,13.8945465,0.39843017
2,37,2,0.0069999998,0.03546098,0.0037917004,0.023472209,0.00819707,0.030788392,0.0005083327,5.8296924,1.0156075,7.7138386,1.5641338,0.061576784,0.0010166654,0.15320642,0.02669053,0.090537675,0.018358307,251.92105,247.92613,332.42798,-2.5797412,13.892243,0.21940789
2,38,2,0.0069999998,0.04143572,0.0050974987,0.028663546,0.0076746764,0.035698384,-0.0018510877,6.442191,0.82475394,7.463993,1.867673,0.07139677,-0.0037021753,0.16930312,0.02167483,0.08760523,0.021920966,251.98833,248.15956,333.0928,-2.692427,13.892243,0.22038744
2,39,2,0.0069999998,0.04329648,0.0039980235,0.032079056,0.0072194003,0.031614963,-0.001724184,6.815213,0.7052421,7.2392197,1.8919779,0.063229926,-0.003448368,0.17910627,0.018534018,0.084967054,0.02220623,252.00072,248.29372,332.8109,-2.59722,13.892243,0.20918638
2,40,2,0.0069999998,0.03775676,0.0036417386,0.026623353,0.0074916654,0.03017341,0.0005024178,6.2086906,0.35638705,7.3744626,1.7978994,0.06034682,0.0010048356,0.16316664,0.009365987,0.08655441,0.021102024,252.01439,248.28581,333.0868,-2.1542864,13.892243,0.22398697
2,41,2,0.0069999998,0.04191917,0.0048121135,0.029151458,0.0079556005,0.0346847,-0.0032507565,6.4967895,1.1915445,7.599371,2.66409,0.0693694,-0.006501513,0.17073798,0.031314224,0.08919417,0.031268544,252.07141,248.41647,333.96744,-3.8556345,13.889896,0.24683252
2,42,2,0.0069999998,0.049397778,0.004324575,0.037265636,0.007807569,0.03288075,-0.0030379284,7.3455276,1.3996189,7.528339,2.630495,0.0657615,-0.0060758567,0.1930431,0.036782485,0.08836045,0.030874243,252.0448,248.35512,333.299,-4.030114,13.889896,0.25622627
2,43,2,0.0069999998,0.044448923,0.0035687473,0.03272674,0.008153438,0.029869497,-0.00044841846,6.8836694,1.0886254,7.693281,2.490653,0.059738994,-0.0008968369,0.18090533,0.028609464,0.09029639,0.029232902,252.05379,248.27365,333.55048,-3.5792785,13.889896,0.27379563
2,44,2,0.0069999998,0.044453003,0.005123245,0.031332783,0.007996972,0.035788424,-0.0033689027,6.7354736,0.9090561,7.619105,2.6505713,0.07157685,-0.0067378054,0.17701069,0.023890326,0.08942579,0.031109877,252.16608,248.76308,334.35303,-3.5596275,13.889896,0.26999637
2,45,2,0.0069999998,0.054045178,0.00442429,0.041422296,0.008198595,0.033257667,-0.0034698392,7.7443633,1.5313323,7.7145567,2.9458883,0.066515334,-0.0069396785,0.20352468,0.04024397,0.090546094,0.034576025,252.26944,249.33559,334.41486,-4.4772205,13.886918,0.42122146
2,46,2,0.0069999998,0.048272528,0.0038651824,0.0360128,0.008394546,0.031085296,-0.0006557697,7.2209964,1.4637105,7.8062034,2.719874,0.06217059,-0.0013115394,0.18977039,0.03846684,0.09162176,0.031923287,252.33417,249.6031,335.15924,-4.183584,13.886918,0.43141308
2,47,2,0.0069999998,0.047944613,0.004619984,0.035125613,0.008199015,0.03398523,-0.003130138,7.1314964,1.154105,7.714753,2.9789321,0.06797046,-0.006260276,0.18741828,0.030330295,0.09054841,0.034963865,252.38802,249.68788,335.7007,-4.133037,13.886918,0.41237503
2,48,2,0.0069999998,0.048729815,0.0042911195,0.036490064,0.007948628,0.03275332,-0.0026726178,7.2686872,1.2533752,7.5960417,2.9968672,0.06550664,-0.0053452356,0.19102372,0.03293915,0.08915508,0.03517436,252.42747,249.80685,335.10416,-4.250242,13.886918,0.3893278
2,49,2,0.0069999998,0.0590267,0.0039389855,0.046075992,0.009011722,0.03138067,4.6100336e-5,8.167817,1.8405782,8.088075,2.770321,0.06276134,9.220067e-5,0.2146532,0.048371054,0.09493009,0.032515388,252.47708,249.98027,335.15594,-4.610899,13.882993,0.49165305
2,50,2,0.0069999998,0.053290643,0.0045659053,0.03983322,0.008891514,0.03378574,-0.0025618295,7.594363,2.033697,8.033948,3.001888,0.06757148,-0.005123659,0.19958262,0.05344629,0.09429482,0.035233293,252.53386,250.15343,335.9006,-5.035585,13.882993,0.47610825
2,51,2,0.0069999998,0.054611333,0.0044045965,0.04176324,0.008443497,0.033183567,-0.0027157168,7.77617,2.2968054,7.82893,3.0997052,0.066367134,-0.0054314337,0.20436056,0.06036088,0.0918885,0.03638138,252.53645,250.26523,335.30728,-5.3965106,13.882993,0.46741375
2,52,2,0.0069999998,0.052631617,0.00369424,0.040083043,0.008854333,0.03039013,-5.7398218e-5,7.618141,2.2448363,8.017133,2.9282923,0.06078026,-0.000114796436,0.2002075,0.058995094,0.094097465,0.034369506,252.5756,250.40671,335.68738,-5.1731286,13.882993,0.47750413
2,53,2,0.0069999998,0.054818697,0.0045285258,0.042301845,0.007988325,0.03364716,-0.0022599248,7.826153,1.9000933,7.614985,2.686556,0.06729432,-0.0045198495,0.20567413,0.04993513,0.08937743,0.031532228,252.64589,250.70798,336.78735,-4.5866494,13.878095,0.4967079
2,54,2,0.0069999998,0.055359527,0.0037843597,0.04392704,0.007648129,0.030758575,-0.002342919,7.9750724,2.1297941,7.4510736,2.6510367,0.06151715,-0.004685838,0.20958778,0.055971753,0.08745358,0.031115344,252.6493,250.8207,336.4709,-4.780831,13.878095,0.49152893
2,55,2,0.0069999998,0.05262822,0.0036794555,0.041040566,0.007908201,0.030329257,0.000112340356,7.7085967,2.060493,7.5766993,2.2679484,0.060658514,0.00022468071,0.20258471,0.0541505,0.088928066,0.026619015,252.64125,250.83276,336.44113,-4.3284416,13.878095,0.50124377
2,56,2,0.0069999998,0.049376354,0.0040971763,0.037633006,0.007646172,0.032004595,-0.0026540102,7.3816442,1.8237599,7.4501195,2.318635,0.06400919,-0.0053080204,0.19399229,0.047929056,0.08744239,0.027213927,252.67554,251.01286,337.18228,-4.142395,13.878095,0.4992339
2,57,2,0.0069999998,0.04958018,0.0036415544,0.039361987,0.0065766387,0.030172646,-0.0018598349,7.5493083,1.7085536,6.9094443,1.6183316,0.060345292,-0.0037196698,0.19839856,0.044901416,0.08109648,0.018994436,252.64656,250.91771,336.61755,-3.3268852,13.872293,0.4489126
2,58,2,0.0069999998,0.0493807,0.0033521822,0.038992617,0.007035901,0.028949017,0.001020482,7.513803,1.5800227,7.146626,1.476904,0.057898033,0.002040964,0.19746548,0.04152357,0.083880275,0.01733449,252.63348,250.74574,336.56064,-3.0569267,13.872293,0.4594964
2,59,2,0.0069999998,0.05075014,0.0038506426,0.039710212,0.0071892845,0.031026773,-0.0019804726,7.582628,1.7396044,7.2241044,1.6099937,0.062053546,-0.003960945,0.19927421,0.045717426,0.08478965,0.018896574,252.6633,250.7936,337.19666,-3.349598,13.872293,0.47198266
2,60,2,0.0069999998,0.057490334,0.0039855894,0.04605978,0.0074449615,0.031565763,-0.0024012192,8.16638,2.0636206,7.35144,1.8062434,0.063131526,-0.0048024384,0.21461542,0.054232694,0.08628419,0.021199958,252.68541,250.98074,336.68143,-3.869864,13.872293,0.4790257
2,61,2,0.0069999998,0.05131847,0.0035972109,0.040740244,0.0069810143,0.029988376,0.0016409585,7.6803412,1.480322,7.1186967,0.8960576,0.059976753,0.003281917,0.20184213,0.038903404,0.083552465,0.01051707,252.719,251.0839,336.83057,-2.3763795,13.865813,0.37606138
2,62,2,0.0069999998,0.051796943,0.0042108963,0.040477965,0.0071080825,0.03244571,-0.0006385892,7.655578,1.3507138,7.183192,1.0476252,0.06489142,-0.0012771784,0.20119137,0.035497252,0.084309444,0.012296027,252.78563,251.31389,338.00998,-2.398339,13.865813,0.37780222
2,63,2,0.0069999998,0.04784876,0.0036341292,0.03719914,0.007015492,0.03014187,-0.0006758157,7.3389707,1.375673,7.1362543,1.2033259,0.06028374,-0.0013516314,0.19287078,0.036153186,0.08375853,0.014123489,252.79767,251.41466,337.5878,-2.578999,13.865813,0.36319518
2,64,2,0.0069999998,0.04807932,0.0038881418,0.03689988,0.0072912984,0.031177483,0.0020924716,7.3093905,1.5328952,7.2751784,1.0071981,0.062354967,0.004184943,0.19209342,0.040285032,0.0853891,0.01182153,252.83015,251.59871,337.64874,-2.5400934,13.865813,0.36745572
2,65,2,0.0069999998,0.03740502,0.004090536,0.026518868,0.0067956173,0.03197865,0.00095702737,6.196496,0.87646097,7.023534,0.23052208,0.0639573,0.0019140547,0.16284615,0.02303371,0.08243553,0.0027056488,252.90031,251.82915,338.5244,-1.1069831,13.858911,0.23691492
2,66,2,0.0069999998,0.03891105,0.0036658067,0.028192736,0.007052508,0.030272953,0.0008562574,6.3890643,1.0267725,7.1550555,0.21711577,0.060545906,0.0017125148,0.16790693,0.026983952,0.08397921,0.0025482997,252.91087,251.91037,337.8922,-1.2438883,13.858911,0.23691788
2,67,2,0.0069999998,0.0437595,0.0037175745,0.032970984,0.0070709405,0.030485958,0.003421023,6.9093094,0.9680609,7.1643996,0.030006794,0.060971916,0.006842046,0.18157914,0.025440989,0.084088884,0.00035219,252.922,251.9199,337.5524,-0.9980677,13.858911,0.26054728
2,68,2,0.0069999998,0.04289395,0.004058096,0.031746235,0.007089619,0.031851593,0.0012884397,6.7797685,0.9898258,7.173856,0.20476462,0.06370319,0.0025768795,0.17817473,0.02601298,0.084199876,0.0024033291,253.00142,252.12286,338.43088,-1.1945904,13.858911,0.24930537
2,69,2,0.0069999998,0.045609977,0.0038026941,0.034320172,0.007487112,0.030832995,0.0012535283,7.0492578,0.5306382,7.372222,-0.482365,0.06166599,0.0025070566,0.18525705,0.013945366,0.0865281,-0.0056615355,253.02155,252.42128,337.97256,-0.048273206,13.851945,0.21508461
2,70,2,0.0069999998,0.044424865,0.003355834,0.03367991,0.0073891217,0.02896478,0.00387861,6.9831944,0.35712734,7.3238196,-0.72777486,0.05792956,0.00775722,0.18352087,0.0093854265,0.08596,-0.008541933,253.00772,252.40005,338.08017,0.37064752,13.851945,0.2441819
2,71,2,0.0069999998,0.041794665,0.0037093225,0.030567557,0.007517784,0.030452104,0.0012457944,6.652717,0.21792741,7.387307,-0.6110388,0.06090421,0.0024915887,0.1748358,0.0057272213,0.086705156,-0.0071717896,253.01305,252.32532,339.09122,0.3931114,13.851945,0.22527047
2,72,2,0.0069999998,0.043976367,0.0037727873,0.03215438,0.0080491975,0.03071151,0.0004460546,6.8232107,0.4770589,7.6439447,-0.35633233,0.06142302,0.0008921092,0.17931643,0.012537278,0.08971732,-0.0041822833,252.9837,252.21437,338.49875,-0.120726556,13.851945,0.21638864
2,73,2,0.0069999998,0.04012721,0.0033309674,0.028661473,0.00813477,0.028857267,0.004106209,6.441959,-0.4237092,7.6844683,-0.83347714,0.057714533,0.008212418,0.169297,-0.011135232,0.09019296,-0.009782554,253.03076,252.4171,338.43423,1.2571864,13.8450575,0.23559693
2,74,2,0.0069999998,0.041029535,0.0037324564,0.029002508,0.008294573,0.030546917,0.0016821217,6.4801707,-0.7164528,7.7595816,-0.69068784,0.061093833,0.0033642433,0.17030123,-0.018828645,0.09107455,-0.0081066415,253.11533,252.68239,339.3248,1.4071406,13.8450575,0.2510128
2,75,2,0.0069999998,0.042129546,0.0037793627,0.029769793,0.008580389,0.03073826,0.00086385285,6.5653305,-0.47221887,7.8921394,-0.5794687,0.06147652,0.0017277057,0.17253925,-0.012410076,0.092630394,-0.0068012513,253.12224,252.78174,338.87436,1.0516876,13.8450575,0.24193618
2,76,2,0.0069999998,0.040826913,0.0032513705,0.028957376,0.008618166,0.028510395,0.004019818,6.4751263,-0.46182168,7.909493,-0.7715973,0.05702079,0.008039636,0.17016867,-0.012136842,0.09283408,-0.009056275,253.12149,252.77644,338.8922,1.233419,13.8450575,0.23796779
2,77,2,0.0069999998,0.038664855,0.0034408497,0.026597403,0.008626603,0.029329378,0.0016382115,6.205664,-1.1741811,7.913363,-0.9044068,0.058658756,0.003276423,0.1630871,-0.0308579,0.092879504,-0.010615057,253.13205,252.6819,339.61823,2.078588,13.83832,0.27648565
2,78,2,0.0069999998,0.041679017,0.0036778813,0.029153727,0.008847409,0.03032277,0.0008094228,6.497042,-0.9298769,8.013998,-0.77958524,0.06064554,0.0016188456,0.17074463,-0.0244375,0.09406067,-0.009150021,253.07217,252.50171,338.95264,1.7094622,13.83832,0.26892996
2,79,2,0.0069999998,0.041710436,0.0031286858,0.02968748,0.008894271,0.027967328,0.0037318077,6.556247,-0.8909949,8.035194,-0.90494424,0.055934656,0.0074636154,0.17230055,-0.023415666,0.09430944,-0.010621367,253.04027,252.35709,338.61526,1.7959392,13.83832,0.25566396
2,80,2,0.0069999998,0.04214501,0.0036579925,0.029002514,0.009484503,0.03024067,0.0014359112,6.4801717,-1.14712,8.297524,-0.6968687,0.06048134,0.0028718223,0.17030124,-0.03014673,0.09738842,-0.008179178,253.07141,252.40524,339.37128,1.8439887,13.83832,0.27996883
2,81,2,0.0069999998,0.040148586,0.003573311,0.027573321,0.009001954,0.029888589,0.00088242535,6.3184886,-1.2632895,8.08369,-0.5877382,0.059777178,0.0017648507,0.16605216,-0.0331997,0.09487863,-0.006898309,253.06055,252.38165,338.75348,1.8510277,13.831774,0.27905977
2,82,2,0.0069999998,0.03743138,0.0029818402,0.026146503,0.008303037,0.027303115,0.0035525686,6.1528373,-1.138354,7.763539,-0.94203,0.05460623,0.007105137,0.1616988,-0.029916355,0.091121,-0.011056654,253.09727,252.47766,338.48715,2.080384,13.831774,0.25909612
2,83,2,0.0069999998,0.040738635,0.003546603,0.028552812,0.008639218,0.029776681,0.0015411663,6.4297357,-1.30966,7.919147,-0.86056626,0.059553362,0.0030823327,0.16897577,-0.034418337,0.09294739,-0.010100514,253.19618,252.69862,339.34848,2.170226,13.831774,0.2803128
2,84,2,0.0069999998,0.045522857,0.003420871,0.032817658,0.009284328,0.029244106,0.0012163532,6.8932242,-1.3538259,8.209495,-0.67869663,0.058488213,0.0024327063,0.18115644,-0.035579026,0.096355215,-0.007965894,253.25568,252.96019,338.99155,2.0325227,13.831774,0.29448113
2,85,2,0.0069999998,0.040152643,0.0029208797,0.029469537,0.007762227,0.027022582,0.0036726396,6.532138,-1.3810667,7.506447,-0.62873423,0.054045163,0.007345279,0.17166694,-0.03629493,0.0881035,-0.007379485,253.33194,253.34987,339.0128,2.009801,13.825487,0.2704026
2,86,2,0.0069999998,0.038606375,0.003377952,0.027033841,0.008194583,0.029060075,0.0016528341,6.2563715,-1.4319365,7.712668,-0.4681731,0.05812015,0.0033056682,0.16441971,-0.037631806,0.090523936,-0.005494968,253.44197,253.7846,340.28363,1.9001095,13.825487,0.27421522
2,87,2,0.0069999998,0.04021463,0.0039581377,0.027641641,0.008614852,0.031456865,0.0007291495,6.3263116,-1.2935381,7.907972,-0.2946287,0.06291373,0.001458299,0.16625775,-0.033994656,0.092816226,-0.0034580592,253.45253,253.90341,340.24722,1.5881668,13.825487,0.26943988
2,88,2,0.0069999998,0.038057216,0.0031861404,0.02702653,0.007844546,0.028222954,0.003567004,6.2555256,-1.376868,7.5461445,-0.64118975,0.056445908,0.007134008,0.16439748,-0.036184587,0.08856944,-0.0075256717,253.43622,253.85103,340.01822,2.0180578,13.825487,0.25486353
2,89,2,0.0069999998,0.03472883,0.0037025614,0.024105838,0.00692043,0.030424338,0.00046815453,5.9078546,-1.4276384,7.0877404,-0.28618845,0.060848676,0.00093630905,0.15526055,-0.03751885,0.08318912,-0.0033590118,253.4624,253.85776,340.66605,1.7138269,13.819442,0.214471
2,90,2,0.0069999998,0.03697971,0.004217813,0.025020177,0.0077417186,0.032472346,-0.000670174,6.0188546,-1.2206267,7.496524,-0.022460321,0.06494469,-0.001340348,0.15817767,-0.0320785,0.087987036,-0.0002636163,253.43546,253.80643,340.08813,1.243087,13.819442,0.21491195
2,91,2,0.0069999998,0.031184249,0.002644063,0.021719633,0.0068205516,0.025710227,0.002447017,5.607831,-1.2390838,7.0364075,-0.26596224,0.051420454,0.004894034,0.14737582,-0.032563567,0.08258663,-0.0031216121,253.4163,253.71109,339.82782,1.505046,13.819442,0.20317443
2,92,2,0.0069999998,0.033347696,0.0036514185,0.022824265,0.006872015,0.030213485,-4.1024476e-5,5.748666,-1.3420935,7.062903,-0.22268985,0.06042697,-8.204895e-5,0.15107702,-0.035270702,0.08289762,-0.0026137275,253.46803,253.83855,340.41083,1.5647833,13.819442,0.21222955
2,93,2,0.0069999998,0.034278918,0.0039440417,0.024211766,0.00612311,0.031400803,-0.00087549543,5.920821,-0.96790075,6.666951,0.25778246,0.06280161,-0.0017509909,0.15560131,-0.025436781,0.078250304,0.0030255993,253.52573,254.17531,340.16666,0.7101183,13.813637,0.17121612
2,94,2,0.0069999998,0.03269508,0.0026112115,0.024026109,0.0060577607,0.025550008,0.0020694754,5.898076,-1.0622139,6.6312785,0.077924475,0.051100016,0.0041389507,0.15500358,-0.027915362,0.07783162,0.00091460254,253.57521,254.41872,340.36948,0.9842894,13.813637,0.17715
2,95,2,0.0069999998,0.033513058,0.003382686,0.023210557,0.006919814,0.029080432,-0.00015129973,5.7971087,-0.98607945,7.087424,0.29203582,0.058160864,-0.00030259945,0.15235011,-0.02591452,0.08318542,0.003427633,253.62848,254.51524,341.47052,0.69404364,13.813637,0.1672843
2,96,2,0.0069999998,0.036789507,0.0037828817,0.024961917,0.00804471,0.030752568,-0.0011277555,6.011843,-0.95260286,7.641813,0.57629025,0.061505135,-0.002255511,0.1579934,-0.025034754,0.08969231,0.0067639425,253.62883,254.53185,340.91064,0.3763126,13.813637,0.16769736
2,97,2,0.0069999998,0.03029143,0.0026028936,0.02148733,0.006201208,0.025509281,0.001811451,5.577761,-0.4133582,6.7093334,0.7478822,0.051018562,0.003622902,0.14658557,-0.0108632,0.07874775,0.008777928,253.6605,254.6417,340.7158,-0.33452398,13.808057,0.112818986
2,98,2,0.0069999998,0.031944502,0.0033674755,0.022126304,0.006450722,0.029014977,-0.00047003847,5.6600866,-0.46588176,6.8429823,0.9626549,0.058029953,-0.00094007695,0.14874913,-0.012243542,0.08031639,0.011298734,253.71346,254.76578,341.46042,-0.49677312,13.808057,0.11893038
2,99,2,0.0069999998,0.03556458,0.003979982,0.024218079,0.0073665194,0.03154355,-0.0013288651,5.921592,-0.72704995,7.312609,1.2310396,0.0630871,-0.0026577301,0.15562159,-0.019107133,0.08582843,0.014448774,253.73761,254.87491,340.97363,-0.5039897,13.808057,0.14123124
2,100,2,0.0069999998,0.035104245,0.0025569028,0.025250074,0.007297267,0.025282914,0.0014657917,6.0464435,-0.7063909,7.278156,1.0900457,0.050565828,0.0029315834,0.15890272,-0.018564213,0.08542404,0.012793914,253.79794,255.12619,340.88138,-0.38365477,13.808057,0.14775477
3,1,2,0.0048999996,0.035599425,0.004662509,0.022107923,0.008828993,0.034141283,0.003535216,5.6577353,-0.042815942,8.005653,-0.08858082,0.06828257,0.007070432,0.14868733,-0.0011252161,0.09396272,-0.001039676,251.79025,247.40755,331.32983,0.13139676,13.802633,0.12633611
3,2,2,0.0048999996,0.0392078,0.0055018524,0.0247752,0.008930752,0.037087236,0.001365752,5.9893155,0.17442773,8.051657,-0.05012281,0.07417447,0.002731504,0.1574014,0.0045840233,0.09450266,-0.00058829365,251.753,247.25896,331.33948,-0.12430492,13.802633,0.14687091
3,3,2,0.0048999996,0.040058725,0.005499316,0.025565764,0.008993643,0.037078686,0.0010564534,6.084124,0.59298253,8.079957,0.019638292,0.07415737,0.002112907,0.15989298,0.015583797,0.09483482,0.00023049657,251.70222,247.0711,330.35544,-0.61262083,13.802633,0.14827305
3,4,2,0.0048999996,0.036905307,0.004918899,0.023370253,0.008616156,0.03506743,0.0028808499,5.817018,0.5199108,7.908571,-0.03991961,0.07013486,0.0057616998,0.15287332,0.013663441,0.09282325,-0.00046854006,251.71349,247.08029,330.51715,-0.4799912,13.802633,0.13843809
3,5,2,0.0048999996,0.037691824,0.005359198,0.02314903,0.009183599,0.036603272,0.0010438754,5.7894197,0.7835327,8.164839,0.07524787,0.073206544,0.0020877507,0.15214805,0.02059152,0.095831096,0.0008831855,251.72348,247.15384,331.1852,-0.85878056,13.798938,0.1685703
3,6,2,0.0048999996,0.04139073,0.0050869267,0.02680938,0.009494421,0.035661347,0.0008338449,6.2303443,0.96031183,8.301861,0.09266223,0.071322694,0.0016676898,0.1637357,0.025237337,0.09743932,0.0010875788,251.6685,247.01567,330.52335,-1.0529741,13.798938,0.18668477
3,7,2,0.0048999996,0.036247578,0.0046365047,0.022865806,0.008745269,0.034045942,0.0027163492,5.753895,0.6805675,7.967605,-0.003761831,0.068091884,0.0054326984,0.15121444,0.01788556,0.09351614,-4.4153196e-5,251.61482,246.71848,330.611,-0.6768057,13.798938,0.1662052
3,8,2,0.0048999996,0.037431307,0.0055369535,0.023120513,0.008773841,0.037205353,0.0006896792,5.785853,0.65183645,7.98061,0.13002153,0.07441071,0.0013793583,0.15205431,0.01713049,0.09366878,0.001526074,251.57887,246.50497,330.93472,-0.78185797,13.798938,0.1826721
3,9,2,0.0048999996,0.041677948,0.0050169453,0.02769082,0.008970183,0.0354152,0.0013539165,6.331937,0.91215885,8.069411,0.17213593,0.0708304,0.002707833,0.16640559,0.023971861,0.09471105,0.0020203663,251.51508,246.33398,329.9635,-1.0842948,13.795294,0.22060058
3,10,2,0.0048999996,0.038577918,0.0045836843,0.025086995,0.008907237,0.033851456,0.003111006,6.0268865,0.7688953,8.04105,-0.072536275,0.06770291,0.006222012,0.15838875,0.020206846,0.09437816,-0.0008513578,251.46094,246.08601,329.7034,-0.69635904,13.795294,0.22391708
3,11,2,0.0048999996,0.04010258,0.0055693556,0.025616009,0.008917214,0.037314057,0.00071965955,6.0900993,0.88253045,8.045552,0.0111050075,0.074628115,0.0014393191,0.16005002,0.02319322,0.094431005,0.00013034031,251.45251,245.97932,330.02805,-0.89363545,13.795294,0.23937911
3,12,2,0.0048999996,0.04330572,0.00523552,0.0290694,0.0090008,0.036178447,0.000840367,6.48764,0.946465,8.08317,-0.052454785,0.072356895,0.001680734,0.1704975,0.02487344,0.09487254,-0.0006156558,251.43459,245.95811,329.3875,-0.89401025,13.795294,0.2585174
3,13,2,0.0048999996,0.036486134,0.0038281484,0.023749882,0.008908104,0.030936016,0.0034084856,5.8640738,0.9762413,8.04144,-0.2425944,0.06187203,0.006816971,0.15410997,0.025655974,0.094382755,-0.0028473332,251.43623,245.87181,329.51068,-0.73364687,13.791701,0.23234537
3,14,2,0.0048999996,0.036020704,0.0045573376,0.022955552,0.008507814,0.03375403,0.0015336244,5.765175,1.2145289,7.858691,0.092946984,0.06750806,0.0030672487,0.1515109,0.031918257,0.092237815,0.0010909239,251.41785,245.66722,329.97046,-1.3074759,13.791701,0.24808812
3,15,2,0.0048999996,0.036085658,0.004099074,0.023898846,0.008087741,0.032012004,0.0020265067,5.8824344,1.2513782,7.6622243,0.09144361,0.06402401,0.0040530134,0.15459251,0.03288667,0.08993187,0.0010732809,251.39445,245.65605,329.4926,-1.3428218,13.791701,0.253442
3,16,2,0.0048999996,0.0377981,0.0038537038,0.025307659,0.008636734,0.031039104,0.0037434318,6.053334,1.1457081,7.9180093,-0.13141917,0.062078208,0.0074868635,0.15908381,0.030109622,0.092934035,-0.0015424767,251.3845,245.68292,329.5242,-1.0142889,13.791701,0.24720775
3,17,2,0.0048999996,0.03524515,0.0044992454,0.022306932,0.008438975,0.033538207,0.0023438993,5.683143,1.2157367,7.8268323,0.07448046,0.067076415,0.0046877987,0.14935505,0.031949997,0.09186389,0.00087417616,251.42365,245.81964,330.0921,-1.2902172,13.788172,0.22305028
3,18,2,0.0048999996,0.040736616,0.004397638,0.02706957,0.009269411,0.033157345,0.0022897033,6.2605042,1.1637557,8.202898,-0.04281971,0.06631469,0.0045794067,0.16452833,0.030583918,0.09627778,-0.0005025671,251.42862,245.88457,329.30847,-1.1209359,13.788172,0.22964555
3,19,2,0.0048999996,0.035931543,0.0041592666,0.02219753,0.009574746,0.032246187,0.0041460227,5.66919,0.9408083,8.336905,-0.11626273,0.064492375,0.008292045,0.14898835,0.024724778,0.09785063,-0.0013645899,251.47165,246.01686,329.75192,-0.82454556,13.788172,0.19467598
3,20,2,0.0048999996,0.03789603,0.004974756,0.023633648,0.009287625,0.035265975,0.002042186,5.8497057,1.0122285,8.210953,-0.0148844095,0.07053195,0.004084372,0.15373239,0.026601724,0.09637232,-0.00017470062,251.52766,246.30968,330.56335,-0.9973441,13.788172,0.21757168
3,21,2,0.0048999996,0.038110357,0.004060476,0.025530566,0.008519313,0.031860933,0.0027264943,6.079934,0.9368163,7.8640003,-0.050007213,0.063721865,0.0054529887,0.15978287,0.024619866,0.092300124,-0.0005869384,251.50955,246.30684,329.9459,-0.88680905,13.784735,0.18750852
3,22,2,0.0048999996,0.034306146,0.0035989694,0.021871796,0.008835383,0.029995706,0.004376572,5.62744,0.9512392,8.00855,-0.20886123,0.059991412,0.008753144,0.14789116,0.02499891,0.09399672,-0.0024514005,251.4824,246.1823,329.8824,-0.742378,13.784735,0.19705847
3,23,2,0.0048999996,0.03860017,0.0042116507,0.025686633,0.008701883,0.032448616,0.0026676448,6.0984893,1.1581255,7.947817,-0.1726273,0.06489723,0.0053352895,0.1602705,0.03043595,0.093283884,-0.0020261388,251.50525,246.25085,330.47052,-0.9854982,13.784735,0.22996
3,24,2,0.0048999996,0.03927182,0.003957206,0.026526147,0.008788466,0.031453162,0.0025121698,6.1973467,1.267056,7.9872594,-0.16651054,0.062906325,0.0050243395,0.1628685,0.0332987,0.09374682,-0.0019543436,251.47932,246.31941,329.97012,-1.1005454,13.784735,0.24155232
3,25,2,0.0048999996,0.031774987,0.0034743976,0.020098718,0.008201871,0.02947201,0.0054234145,5.3945208,0.6780163,7.7160964,-0.25973296,0.05894402,0.010846829,0.14176995,0.017818516,0.090564184,-0.0030484933,251.43233,246.05989,329.96536,-0.41828334,13.781451,0.19217381
3,26,2,0.0048999996,0.03383527,0.004083153,0.021792348,0.007959766,0.031949777,0.0034227436,5.6172104,0.83822376,7.6013618,-0.12409341,0.063899554,0.0068454873,0.14762232,0.022028822,0.08921752,-0.0014564871,251.404,245.8133,330.239,-0.71413034,13.781451,0.21063127
3,27,2,0.0048999996,0.037667938,0.00375975,0.026048956,0.007859233,0.0306584,0.0033356308,6.1413493,1.030454,7.553205,-0.22109939,0.0613168,0.0066712615,0.16139689,0.02708071,0.08865231,-0.0025950514,251.3761,245.83716,329.4787,-0.80935466,13.781451,0.21589755
3,28,2,0.0048999996,0.031504966,0.0033374408,0.020772059,0.0073954663,0.028885294,0.005497146,5.4841385,0.58120745,7.326963,-0.27794978,0.057770588,0.010994292,0.14412515,0.01527434,0.085996896,-0.003262303,251.3641,245.78603,329.60074,-0.30325767,13.781451,0.1794828
3,29,2,0.0048999996,0.0310919,0.0041290293,0.019592065,0.007370806,0.032128762,0.0037954098,5.326094,0.22778933,7.314737,-0.18680549,0.064257525,0.0075908196,0.13997166,0.005986386,0.0858534,-0.002192549,251.39334,245.85379,330.11765,-0.04098384,13.778379,0.15204495
3,30,2,0.0048999996,0.033102077,0.003899474,0.021951353,0.00725125,0.031222884,0.0039481404,5.6376657,0.41093323,7.255171,-0.18791753,0.062445767,0.007896281,0.14815989,0.010799472,0.08515427,-0.0022055935,251.38416,245.82706,329.62543,-0.2230157,13.778379,0.1678461
3,31,2,0.0048999996,0.030706497,0.0036897573,0.019214498,0.007802243,0.030371686,0.0061348723,5.274523,0.1976477,7.5257707,-0.23593725,0.060743373,0.012269745,0.13861637,0.005194251,0.088330306,-0.0027692064,251.428,245.91678,329.8059,0.038289547,13.778379,0.1536004
3,32,2,0.0048999996,0.032658197,0.004430717,0.020104045,0.008123434,0.033281814,0.0038421343,5.3952346,0.16624643,7.6791134,-0.17988047,0.06656363,0.0076842685,0.14178874,0.0043690205,0.0901301,-0.0021112724,251.52605,246.33037,330.6739,0.013634041,13.778379,0.16060352
3,33,2,0.0048999996,0.03197724,0.00395593,0.020404082,0.007617228,0.031448092,0.003803175,5.435346,-0.24097659,7.4360056,-0.28676042,0.062896185,0.00760635,0.14284286,-0.006332955,0.087276734,-0.0033657202,251.53415,246.5222,330.52258,0.527737,13.775496,0.14451547
3,34,2,0.0048999996,0.031027002,0.0037325067,0.019813702,0.007480794,0.030547122,0.005922607,5.356135,-0.24859947,7.3691106,-0.44533285,0.061094243,0.011845214,0.14076115,-0.0065332856,0.086491585,-0.005226894,251.49664,246.31827,330.5252,0.6939323,13.775496,0.14470156
3,35,2,0.0048999996,0.030944781,0.0043649995,0.01942059,0.0071591926,0.03303407,0.003426885,5.3027344,0.07213415,7.2089705,-0.2589674,0.06606814,0.00685377,0.13935778,0.0018957143,0.08461201,-0.0030395165,251.53717,246.41936,331.27548,0.18683325,13.775496,0.14943014
3,36,2,0.0048999996,0.031863175,0.0038237476,0.021194082,0.0068453467,0.03091823,0.0034252547,5.5395694,0.38493255,7.0491858,-0.23541275,0.06183646,0.0068505094,0.14558187,0.01011617,0.08273661,-0.0027630497,251.57635,246.71046,330.94138,-0.1495198,13.775496,0.15948428
3,37,2,0.0048999996,0.030448377,0.0038622338,0.019570513,0.0070156315,0.031073436,0.0056190384,5.323163,-0.17236282,7.1363244,-0.36392143,0.062146872,0.011238077,0.13989465,-0.004529757,0.08375937,-0.004271363,251.61522,246.86455,331.04544,0.53628427,13.772761,0.14811687
3,38,2,0.0048999996,0.031004278,0.004685719,0.019568253,0.0067503066,0.034226157,0.0031943053,5.3228555,-0.15572836,7.000079,-0.2507732,0.06845231,0.0063886107,0.13988657,-0.0040925946,0.08216025,-0.0029433316,251.65497,246.9494,331.58917,0.40650153,13.772761,0.14940153
3,39,2,0.0048999996,0.029321037,0.00382155,0.018816248,0.00668324,0.030909343,0.0031793516,5.219575,-0.099599205,6.965218,-0.23004782,0.061818685,0.006358703,0.13717233,-0.0026174989,0.081751086,-0.0027000844,251.6308,246.86734,331.20056,0.32964703,13.772761,0.14019695
3,40,2,0.0048999996,0.027973823,0.00378395,0.017915541,0.0062743323,0.03075691,0.0053134887,5.0931168,-0.078696586,6.7487755,-0.35471475,0.06151382,0.010626977,0.13384895,-0.002068173,0.07921068,-0.0041633015,251.58627,246.7064,331.24475,0.43341133,13.772761,0.14426312
3,41,2,0.0048999996,0.026978318,0.004283626,0.01691867,0.005776022,0.03272471,0.0022899646,4.9493914,-0.4258312,6.475237,-0.20101205,0.06544942,0.004579929,0.13007179,-0.011191002,0.07600015,-0.0023592866,251.55045,246.58499,331.67285,0.6268432,13.770192,0.13965304
3,42,2,0.0048999996,0.026079737,0.004010128,0.016490856,0.0055787517,0.031662785,0.0024399054,4.8864145,-0.3183794,6.3637004,-0.20236869,0.06332557,0.004879811,0.12841673,-0.008367128,0.07469104,-0.002375209,251.50298,246.42383,330.946,0.5207481,13.770192,0.12235347
3,43,2,0.0048999996,0.025539096,0.003937592,0.01608189,0.005519614,0.031375118,0.0049246754,4.8254433,-0.35274443,6.329881,-0.36270088,0.062750235,0.009849351,0.1268144,-0.009270254,0.074294105,-0.0042570396,251.49373,246.3119,331.02655,0.7154453,13.770192,0.1386252
3,44,2,0.0048999996,0.026754957,0.0044705253,0.01705879,0.005225642,0.033430994,0.00258947,4.9698443,-0.15309536,6.159012,-0.19268043,0.06686199,0.00517894,0.1306093,-0.004023398,0.0722886,-0.002261499,251.51515,246.31999,331.5587,0.34577578,13.770192,0.14690423
3,45,2,0.0048999996,0.025363237,0.0038276182,0.016142875,0.005392744,0.030933874,0.0020963969,4.8345838,-0.5587817,6.256711,0.007986743,0.061867747,0.0041927937,0.12705462,-0.014684984,0.07343531,9.3737035e-5,251.52632,246.51132,330.9608,0.55079496,13.767755,0.14402469
3,46,2,0.0048999996,0.027479747,0.0037456371,0.01835534,0.0053787697,0.030600805,0.0048691556,5.1552515,-0.9597205,6.2485995,0.07407649,0.06120161,0.009738311,0.13548188,-0.0252218,0.073340096,0.0008694409,251.55194,246.52357,331.16675,0.885644,13.767755,0.1922115
3,47,2,0.0048999996,0.028469566,0.0041803815,0.019104727,0.0051844576,0.032327935,0.0025420983,5.2594347,-0.9236393,6.1346936,0.08906023,0.06465587,0.0050841966,0.13821985,-0.024273574,0.07200318,0.0010452999,251.62723,246.70776,331.90158,0.83457905,13.767755,0.21107033
3,48,2,0.0048999996,0.029331798,0.00384559,0.020638784,0.0048474246,0.03100641,0.002546929,5.466517,-0.7601137,5.9319396,0.13576962,0.06201282,0.005093858,0.14366205,-0.019976065,0.06962345,0.0015935326,251.71051,247.1312,331.6961,0.6243441,13.767755,0.1813108
3,49,2,0.0048999996,0.029348176,0.0033853278,0.021337952,0.0046248953,0.029091785,0.0040223035,5.558339,-1.0450423,5.7941823,0.17295976,0.05818357,0.008044607,0.14607516,-0.027464092,0.06800658,0.0020300355,251.82962,247.63092,332.1262,0.87208253,13.765448,0.24338497
3,50,2,0.0048999996,0.030006751,0.0040287604,0.021247046,0.0047309464,0.03173626,0.0014627802,5.5464864,-1.0074772,5.860237,0.13383777,0.06347252,0.0029255603,0.14576367,-0.026476867,0.068781875,0.0015708599,251.95613,248.20934,333.1751,0.8736394,13.765448,0.24422678
3,51,2,0.0048999996,0.025707817,0.0032181283,0.01795233,0.0045373566,0.028364275,0.0013418723,5.0983434,-0.85592806,5.739085,0.096493304,0.05672855,0.0026837445,0.13398631,-0.022494096,0.0673599,0.0011325448,251.9713,248.3234,332.91565,0.75943476,13.765448,0.20134926
3,52,2,0.0048999996,0.025961867,0.0031635133,0.018353801,0.004444552,0.02812256,0.0040956875,5.155035,-0.882372,5.68009,0.08082064,0.05624512,0.008191375,0.1354762,-0.023189053,0.066667475,0.0009485959,251.9701,248.20169,333.05453,0.8015514,13.765448,0.23412782
3,53,2,0.0048999996,0.024471361,0.0037358447,0.016864011,0.0038715054,0.030560778,0.00014939254,4.9413896,-0.8012653,5.3012843,0.39629605,0.061121557,0.00029878507,0.1298615,-0.02105754,0.062221423,0.0046513453,252.02518,248.44405,333.99054,0.40496925,13.763218,0.22054358
3,54,2,0.0048999996,0.024786647,0.0031061422,0.017749347,0.0039311587,0.027866388,0.0003084307,5.069439,-0.6652421,5.341971,0.44192535,0.055732775,0.0006168614,0.13322668,-0.0174828,0.06269895,0.005186895,252.0318,248.55334,333.62778,0.22331673,13.763218,0.1908917
3,55,2,0.0048999996,0.025150217,0.0028548655,0.018796302,0.0034990504,0.02671547,0.0025551496,5.2168083,-0.9027954,5.039835,0.18099305,0.05343094,0.005110299,0.13709961,-0.023725789,0.05915277,0.0021243233,252.06021,248.65321,333.86554,0.72180235,13.763218,0.21112786
3,56,2,0.0048999996,0.027052406,0.0037119081,0.019620633,0.0037198653,0.030462716,0.00024202371,5.3299747,-0.902352,5.196427,0.13272429,0.06092543,0.00048404743,0.14007367,-0.023714133,0.0609907,0.0015577921,252.10255,248.85878,334.5764,0.7696277,13.763218,0.21354713
3,57,2,0.0048999996,0.024604747,0.0031196505,0.018078534,0.0034065626,0.027926916,-0.0010544442,5.1162324,-0.56280285,4.9727817,0.214079,0.055853833,-0.0021088885,0.13445644,-0.014790662,0.058365766,0.0025126557,252.09059,248.95677,334.01212,0.34872386,13.761039,0.16821763
3,58,2,0.0048999996,0.023611013,0.0025033203,0.017852144,0.0032555482,0.025016597,0.001387305,5.0840974,-0.6467114,4.8613095,0.20991711,0.050033193,0.00277461,0.13361192,-0.016995806,0.05705741,0.002463805,252.10219,248.9824,334.18774,0.43679428,13.761039,0.18438528
3,59,2,0.0048999996,0.023489293,0.003292823,0.017178962,0.0030175084,0.028691562,-0.0010436091,4.9873185,-0.52523863,4.6802115,0.24761258,0.057383124,-0.0020872182,0.13106854,-0.013803461,0.054931853,0.0029062405,252.1454,249.10318,334.81955,0.27762604,13.761039,0.18091471
3,60,2,0.0048999996,0.026280144,0.003340491,0.019708458,0.0032311962,0.02889849,-0.001386945,5.3418913,-0.101652585,4.843094,0.27529103,0.05779698,-0.00277389,0.14038682,-0.002671465,0.056843612,0.0032311024,252.13974,249.12602,334.2146,-0.17363843,13.761039,0.15630832
3,61,2,0.0048999996,0.023058683,0.0025018128,0.017585127,0.0029717428,0.025009062,0.00049411383,5.0459323,-0.45777708,4.6445837,0.19941357,0.050018124,0.0009882277,0.13260892,-0.012030548,0.054513693,0.002340526,252.18015,249.24681,334.469,0.25836352,13.758869,0.14265923
3,62,2,0.0048999996,0.023362955,0.0031602136,0.017082741,0.0031199988,0.028107889,-0.001994924,4.973332,-0.6119317,4.75903,0.25857863,0.056215778,-0.003989848,0.13070096,-0.016081786,0.05585695,0.003034949,252.24443,249.3653,335.33163,0.35335305,13.758869,0.13477857
3,63,2,0.0048999996,0.0240253,0.002959038,0.017740479,0.0033257853,0.02719852,-0.0017156071,5.0681715,-0.5397205,4.91347,0.46325052,0.05439704,-0.0034312143,0.13319339,-0.01418405,0.05766962,0.0054371925,252.28978,249.49759,334.84296,0.07646996,13.758869,0.13516924
3,64,2,0.0048999996,0.024742208,0.00256178,0.018729338,0.0034510894,0.025307015,0.0011019369,5.207507,-0.7281494,5.0051756,0.4573897,0.05061403,0.0022038738,0.13685517,-0.019136032,0.058745973,0.005368405,252.35895,249.7032,335.0629,0.2707597,13.758869,0.17244639
3,65,2,0.0048999996,0.024190623,0.0031083506,0.017419603,0.003662669,0.027876291,-0.0019469702,5.022128,-0.2814182,5.1563225,0.5577818,0.055752583,-0.0038939405,0.13198334,-0.007395772,0.06051999,0.0065467106,252.44783,250.0073,336.19247,-0.2763636,13.756638,0.12955286
3,66,2,0.0048999996,0.021846086,0.0028215137,0.01582194,0.0032026316,0.026558962,-0.0021087371,4.7862844,-0.030235834,4.821639,0.55518454,0.053117923,-0.0042174743,0.12578529,-0.00079460803,0.056591798,0.0065162266,252.4513,250.06064,335.72543,-0.5249487,13.756638,0.11795114
3,67,2,0.0048999996,0.021306213,0.002386241,0.016129993,0.0027899796,0.024424583,0.00033347294,4.8326545,-0.15598421,4.500303,0.43512854,0.048849165,0.0006669459,0.12700391,-0.0040993216,0.052820258,0.0051071234,252.45056,250.1091,335.51215,-0.27914435,13.756638,0.13083735
3,68,2,0.0048999996,0.02023042,0.003161667,0.014328524,0.0027402295,0.02811435,-0.0020413368,4.554801,-0.064220294,4.459998,0.38445413,0.0562287,-0.0040826737,0.11970181,-0.0016877317,0.0523472,0.0045123557,252.47278,250.17404,336.15158,-0.32023382,13.756638,0.12240981
3,69,2,0.0048999996,0.019906243,0.00329974,0.013966002,0.0026405025,0.02872168,-0.0029773456,4.496812,0.21517587,4.3780885,0.48342484,0.05744336,-0.005954691,0.11817784,0.0056549003,0.05138582,0.00567398,252.4487,250.18105,335.56415,-0.6986007,13.754279,0.09452325
3,70,2,0.0048999996,0.020984495,0.0024654763,0.015604216,0.0029148038,0.024826782,-0.0004513483,4.753239,0.012744961,4.5998726,0.5059064,0.049653564,-0.0009026966,0.12491684,0.00033494076,0.053988922,0.0059378454,252.44887,250.12737,335.5951,-0.51865137,13.754279,0.12187791
3,71,2,0.0048999996,0.021361142,0.0033592994,0.01504905,0.0029527936,0.028979732,-0.0025450573,4.6679177,0.15373941,4.6297517,0.6422912,0.057959463,-0.0050901147,0.12267457,0.0040403293,0.054339614,0.0075386004,252.50958,250.21346,336.40033,-0.7960306,13.754279,0.11884596
3,72,2,0.0048999996,0.020765278,0.003326108,0.01426791,0.0031712586,0.02883621,-0.0029030975,4.545157,0.15322517,4.7979646,0.6761393,0.05767242,-0.005806195,0.11944836,0.004026813,0.05631393,0.007935876,252.57773,250.60487,336.0558,-0.8293645,13.754279,0.108130895
3,73,2,0.0048999996,0.01910959,0.0024409886,0.013638219,0.0030303816,0.02470318,-0.00042074558,4.443728,0.074743405,4.690184,0.3947132,0.04940636,-0.00084149116,0.116782784,0.001964282,0.0550489,0.004632768,252.62212,250.87733,336.1769,-0.4694566,13.751752,0.102390535
3,74,2,0.0048999996,0.022256903,0.0031183178,0.015878629,0.0032599564,0.02792095,-0.0029236963,4.794852,0.13682048,4.8645997,0.3929814,0.0558419,-0.0058473926,0.12601043,0.0035956965,0.057096027,0.004612441,252.63889,250.85634,336.93893,-0.5298019,13.751752,0.09601034
3,75,2,0.0048999996,0.022388194,0.0035112177,0.015583976,0.003293,0.029627765,-0.0031838526,4.750155,0.06525065,4.8891916,0.50254405,0.05925553,-0.0063677053,0.1248358,0.0017148082,0.057384666,0.0058983825,252.60905,250.76547,336.48706,-0.5677947,13.751752,0.09799413
3,76,2,0.0048999996,0.021355942,0.0025091222,0.015484309,0.0033625108,0.02504557,-0.00033942584,4.734941,-0.17453423,4.9405246,0.45124397,0.05009114,-0.0006788517,0.12443596,-0.004586824,0.05798716,0.0052962713,252.5916,250.63104,336.50644,-0.27670974,13.751752,0.12141114
3,77,2,0.0048999996,0.02188052,0.0031813206,0.015140185,0.0035590131,0.028201599,-0.002697616,4.6820307,0.2880724,5.082835,0.5170892,0.056403197,-0.005395232,0.12304546,0.0075706462,0.059657466,0.0060690995,252.65244,250.78831,337.14236,-0.8051616,13.74904,0.12994586
3,78,2,0.0048999996,0.022705767,0.0035140403,0.015176979,0.00401475,0.02963967,-0.0031194426,4.6877165,0.38708928,5.3984666,0.64498603,0.05927934,-0.006238885,0.12319488,0.010172847,0.063362055,0.007570228,252.70406,251.03192,336.82346,-1.0320753,13.74904,0.117120564
3,79,2,0.0048999996,0.022927266,0.0025422212,0.016367923,0.0040171193,0.025210222,-0.00020575391,4.8681664,0.04474813,5.400059,0.5897041,0.050420444,-0.00041150782,0.12793718,0.0011759936,0.06338075,0.0069213836,252.76477,251.28558,336.93564,-0.6344522,13.74904,0.12957688
3,80,2,0.0048999996,0.023819,0.0030804141,0.016472125,0.00426646,0.02775074,-0.002258396,4.883638,0.3820081,5.5651264,0.6948849,0.05550148,-0.004516792,0.12834378,0.01003931,0.065318145,0.008155895,252.82605,251.41927,337.76752,-1.076893,13.74904,0.1254555
3,81,2,0.0048999996,0.022819817,0.003249716,0.015354135,0.004215968,0.02850314,-0.0020802184,4.7149963,0.57050043,5.532098,0.63796973,0.05700628,-0.004160437,0.123911805,0.014992956,0.06493048,0.0074878787,252.83183,251.4941,337.41025,-1.2084701,13.746142,0.118805066
3,82,2,0.0048999996,0.02195086,0.0027227986,0.015448128,0.0037799333,0.026090221,0.00051953486,4.729406,0.24542992,5.2382145,0.50970197,0.052180443,0.0010390697,0.124290496,0.0064499867,0.061481163,0.0059823995,252.83076,251.49211,337.44235,-0.7551319,13.746142,0.13255025
3,83,2,0.0048999996,0.023174563,0.003261602,0.016047506,0.0038654567,0.028555218,-0.0017938656,4.8202815,0.5798736,5.297142,0.55645335,0.057110436,-0.0035877312,0.12667875,0.015239288,0.062172797,0.0065311166,252.83533,251.41202,337.9819,-1.136327,13.746142,0.13984543
3,84,2,0.0048999996,0.02367878,0.0033811405,0.0158989,0.00439874,0.029073788,-0.0024574057,4.7979107,0.76347876,5.6507406,0.6516327,0.058147576,-0.0049148113,0.12609084,0.020064496,0.066323,0.007648248,252.83562,251.44946,337.41785,-1.4151115,13.746142,0.15162171
3,85,2,0.0048999996,0.024324771,0.0028363238,0.017037963,0.0044504837,0.026628574,0.0010484335,4.9668097,0.47021538,5.68388,0.15624206,0.05325715,0.002096867,0.13052955,0.01235743,0.06671195,0.001833823,252.89381,251.75027,337.34326,-0.62645745,13.74303,0.16376191
3,86,2,0.0048999996,0.023607366,0.00292558,0.016522553,0.0041592317,0.027044315,-0.0010654697,4.8911085,0.5305084,5.494748,0.17441274,0.05408863,-0.0021309394,0.12854008,0.013941954,0.06449211,0.0020470931,252.97322,252.05563,338.3381,-0.7049211,13.74303,0.14795908
3,87,2,0.0048999996,0.021639636,0.0033702082,0.013874247,0.004395182,0.029026747,-0.0017914145,4.482016,0.48567867,5.648454,0.27337492,0.058053493,-0.003582829,0.11778899,0.012763813,0.06629617,0.0032086133,252.99992,252.22836,338.1091,-0.7590536,13.74303,0.12782174
3,88,2,0.0048999996,0.020969981,0.0027979119,0.013924702,0.0042473674,0.026447646,0.00077561295,4.490158,0.31111416,5.5526605,0.16440475,0.052895293,0.0015512259,0.11800297,0.008176193,0.06517183,0.0019296263,253.0167,252.33061,338.17618,-0.4755189,13.74303,0.14989008
3,89,2,0.0048999996,0.021732284,0.0031276247,0.01426986,0.0043347976,0.027962586,2.2180317e-5,4.5454674,0.36754882,5.609519,0.10601036,0.05592517,4.4360633e-5,0.11945652,0.009659318,0.06583918,0.00124425,253.04521,252.3241,338.90573,-0.4735592,13.739736,0.14179564
3,90,2,0.0048999996,0.024193695,0.0030947619,0.016414288,0.0046846443,0.027815292,-0.00037298028,4.875057,0.46303955,5.8314905,0.23112696,0.055630583,-0.00074596057,0.12811826,0.012168844,0.06844446,0.0027127448,253.00256,252.12447,337.94864,-0.69416654,13.739736,0.13836682
3,91,2,0.0048999996,0.02416097,0.0026353556,0.016882062,0.004643552,0.025667857,0.0018034556,4.9440336,0.3183314,5.805857,0.033741035,0.051335715,0.0036069113,0.12993099,0.008365864,0.06814361,0.00039601928,252.96782,251.93777,337.61548,-0.35207242,13.739736,0.15521114
3,92,2,0.0048999996,0.024413798,0.002960335,0.016771466,0.004681998,0.02720448,-0.0004560389,4.9278126,0.611096,5.829843,-0.06824763,0.05440896,-0.0009120778,0.1295047,0.01605982,0.06842513,-0.00080102624,252.96638,251.85277,338.21124,-0.5428484,13.739736,0.1681709
3,93,2,0.0048999996,0.025933962,0.0034794875,0.017583802,0.004870671,0.02949359,-0.00039699452,5.045743,0.6687804,5.946146,-0.07498215,0.05898718,-0.00079398905,0.13260393,0.017575791,0.06979019,-0.0008800656,252.96173,251.89072,337.74286,-0.5937982,13.736318,0.15146829
3,94,2,0.0048999996,0.023577394,0.0027744113,0.01594071,0.0048622717,0.02633634,0.0022490486,4.804216,0.3328104,5.9410176,-0.28322887,0.05267268,0.004498097,0.12625653,0.008746381,0.06972999,-0.003324269,253.00726,252.11394,337.79657,-0.049581528,13.736318,0.14006472
3,95,2,0.0048999996,0.024679463,0.0031801504,0.016547149,0.004952165,0.028196411,5.9580296e-5,4.894747,0.4613904,5.995684,-0.1666209,0.056392822,0.00011916059,0.12863572,0.012125504,0.07037162,-0.0019556321,253.08223,252.3789,338.70044,-0.29476953,13.736318,0.14544234
3,96,2,0.0048999996,0.026123988,0.003151053,0.017545857,0.005427077,0.028067121,-0.00058313383,5.040295,0.5132799,6.276596,0.0744746,0.056134243,-0.0011662677,0.13246077,0.013489186,0.073668696,0.00087411114,253.12875,252.64058,338.5201,-0.5877545,13.736318,0.14007469
3,97,2,0.0048999996,0.023628663,0.002556824,0.016178474,0.0048933662,0.025282523,0.0028706922,4.839912,0.12902905,5.9599843,-0.2764975,0.050565045,0.0057413843,0.12719463,0.00339093,0.0699526,-0.0032452622,253.18501,252.90294,338.53888,0.14746846,13.732784,0.12184756
3,98,2,0.0048999996,0.024997007,0.0030218652,0.017083166,0.004891976,0.027485747,0.000855208,4.973394,0.27275458,5.959137,-0.3149485,0.054971494,0.001710416,0.13070258,0.007168093,0.06994266,-0.0036965657,253.22543,252.93718,339.21164,0.04219392,13.732784,0.13485664
3,99,2,0.0048999996,0.028450992,0.0034882103,0.01965292,0.005309862,0.029530536,0.00040808794,5.3343587,0.25514328,6.2084446,-0.008080531,0.059061073,0.0008161759,0.14018887,0.0067052566,0.0728688,-9.4843635e-5,253.24504,253.05899,338.87732,-0.24706276,13.732784,0.13384663
3,100,2,0.0048999996,0.028467981,0.002648917,0.02030363,0.0055154357,0.025733816,0.0026977784,5.4219503,0.25217006,6.3274846,-0.006560046,0.05146763,0.005395557,0.1424908,0.0066271224,0.07426598,-7.699596e-5,253.28224,253.23868,338.90314,-0.24561001,13.732784,0.14293295
4,1,2,0.0034299996,0.054004617,0.0029367355,0.04150446,0.009563418,0.027095828,0.0058013774,7.752042,-1.7136042,8.331971,1.6959585,0.054191656,0.011602755,0.20372644,-0.04503414,0.09779273,0.019905545,253.36943,252.38104,338.29837,0.017645717,13.729169,0.4224756
4,2,2,0.0034299996,0.056756567,0.003576547,0.04385943,0.009320591,0.02990212,0.003063456,7.9689326,-1.6043563,8.2255125,1.7872868,0.05980424,0.006126912,0.20942643,-0.042163063,0.09654321,0.020977467,253.36174,252.2924,338.6572,-0.18293047,13.729169,0.41572464
4,3,2,0.0034299996,0.05566483,0.003453962,0.042940903,0.009269963,0.02938521,0.0028413697,7.8850465,-1.5023171,8.203142,1.7689521,0.05877042,0.0056827394,0.20722187,-0.03948144,0.09628065,0.020762268,253.3245,252.28326,337.95758,-0.26663506,13.729169,0.3923852
4,4,2,0.0034299996,0.052237745,0.0026831399,0.040518153,0.0090364525,0.025899516,0.005284934,7.6593785,-1.4755121,8.099164,1.666624,0.051799033,0.010569868,0.20129122,-0.03877699,0.09506026,0.019561244,253.27644,252.10085,337.4584,-0.1911118,13.729169,0.39544547
4,5,2,0.0034299996,0.049245972,0.0031044588,0.03790496,0.008236553,0.027858835,0.0032217996,7.4082675,-1.339786,7.7323933,1.5927839,0.05571767,0.0064435992,0.19469196,-0.035210066,0.090755455,0.018694583,253.24664,251.8655,337.8215,-0.25299788,13.72653,0.37486666
4,6,2,0.0034299996,0.04789552,0.0029466853,0.036868595,0.008080241,0.02714169,0.003149459,7.3062916,-1.3813957,7.658671,1.5163928,0.05428338,0.006298918,0.19201197,-0.03630358,0.08989016,0.017797973,253.19708,251.72298,337.27832,-0.13499713,13.72653,0.3677739
4,7,2,0.0034299996,0.046303958,0.00259911,0.035744883,0.007959964,0.025490733,0.005498379,7.194086,-1.5276126,7.601455,1.4780847,0.050981466,0.010996758,0.18906318,-0.040146206,0.08921863,0.01734835,253.12946,251.43883,337.10614,0.049527884,13.72653,0.38834384
4,8,2,0.0034299996,0.04661404,0.0031893244,0.035701,0.0077237156,0.028237052,0.0030830707,7.189668,-1.4272825,7.4878025,1.5487498,0.056474105,0.0061661415,0.18894708,-0.037509512,0.08788467,0.018177746,253.05374,251.07124,337.16544,-0.12146735,13.72653,0.38110137
4,9,2,0.0034299996,0.041659165,0.003026566,0.031663544,0.0069690538,0.027507117,0.0030094325,6.7709317,-1.3338561,7.1125956,1.3892739,0.055014234,0.006018865,0.17794253,-0.03505422,0.08348086,0.01630597,252.94006,250.57578,336.062,-0.055417776,13.723874,0.33205378
4,10,2,0.0034299996,0.041517932,0.0023816107,0.032325603,0.0068107164,0.024400875,0.005438688,6.8413525,-1.446939,7.0313315,1.2491412,0.04880175,0.010877376,0.17979322,-0.038026083,0.082527064,0.014661229,252.88712,250.31471,335.79672,0.19779778,13.723874,0.33968434
4,11,2,0.0034299996,0.04185599,0.0030089382,0.03209885,0.0067482046,0.027426895,0.003025094,6.8173165,-1.3381641,6.9989886,1.3112011,0.05485379,0.006050188,0.17916152,-0.035167444,0.08214746,0.015389628,252.8546,250.14528,336.17938,0.026962996,13.723874,0.33422595
4,12,2,0.0034299996,0.042741716,0.0028806124,0.033417027,0.0064440733,0.026835669,0.0027732127,6.955888,-1.4161162,6.8394547,1.2945452,0.053671338,0.0055464255,0.18280324,-0.037216052,0.080274984,0.015194132,252.8074,250.06204,335.52664,0.121571064,13.723874,0.3370716
4,13,2,0.0034299996,0.036409143,0.002415194,0.028489178,0.0055047725,0.024572311,0.0051043048,6.422567,-1.353827,6.321366,0.99293166,0.049144622,0.0102086095,0.16878738,-0.03557907,0.074194156,0.011654081,252.78197,249.93858,335.44617,0.36089534,13.721235,0.29072958
4,14,2,0.0034299996,0.033994146,0.0028604255,0.025827145,0.005306575,0.026741473,0.0026853015,6.115147,-1.1613665,6.206523,1.0442936,0.053482946,0.005370603,0.16070826,-0.03052114,0.07284624,0.012256918,252.76196,249.87279,335.73154,0.11707282,13.721235,0.28857285
4,15,2,0.0034299996,0.031770047,0.0028859142,0.02391048,0.0049736532,0.026860353,0.0023314347,5.883867,-1.0994791,6.0086784,0.96963406,0.053720705,0.0046628695,0.15463014,-0.028894706,0.070524134,0.011380638,252.68945,249.70972,335.062,0.12984502,13.721235,0.26619178
4,16,2,0.0034299996,0.028574374,0.0025550448,0.02111403,0.0049052984,0.025273725,0.0048766816,5.5290976,-1.1569182,5.9672456,0.89664495,0.05054745,0.009753363,0.14530668,-0.030404229,0.070037834,0.010523962,252.61038,249.34276,334.8155,0.26027322,13.721235,0.2774266
4,17,2,0.0034299996,0.024205143,0.0030009209,0.017010974,0.0041932478,0.027390331,0.0017542694,4.962874,-0.3607987,5.5171714,0.8386796,0.054780662,0.0035085387,0.13042612,-0.009481922,0.06475529,0.009843621,252.55315,249.08282,334.95444,-0.47788092,13.718653,0.18293194
4,18,2,0.0034299996,0.026576713,0.0028568336,0.019302715,0.004417165,0.026724678,0.001892814,5.2866173,-0.62617284,5.662563,0.78648186,0.053449355,0.003785628,0.13893421,-0.016456053,0.06646176,0.009230972,252.49986,248.93678,334.03763,-0.16030902,13.718653,0.19037819
4,19,2,0.0034299996,0.02693008,0.0024170345,0.020046365,0.0044666803,0.024581673,0.004340306,5.38749,-1.0354389,5.6942124,0.60165095,0.049163345,0.008680612,0.14158519,-0.027211715,0.06683323,0.0070616053,252.49762,249.00183,334.17416,0.43378794,13.718653,0.21927507
4,20,2,0.0034299996,0.027105898,0.0028168394,0.019680023,0.0046090353,0.026536953,0.0020257228,5.338036,-0.97130984,5.784239,0.5848705,0.053073905,0.0040514455,0.1402855,-0.025526375,0.06788988,0.006864651,252.47214,248.84213,334.46365,0.38643932,13.718653,0.20748292
4,21,2,0.0034299996,0.025410706,0.0026551909,0.017896563,0.0048589525,0.025764272,0.0015124972,5.090418,-0.48986238,5.9389896,0.46603385,0.051528543,0.0030249944,0.13377804,-0.0128737595,0.06970619,0.0054698605,252.3964,248.499,333.4995,0.023828536,13.716179,0.12784709
4,22,2,0.0034299996,0.025811056,0.0022496146,0.018401952,0.0051594875,0.02371505,0.003635823,5.161793,-0.6225381,6.1199026,0.38704902,0.0474301,0.007271646,0.1356538,-0.016360525,0.07182957,0.0045428113,252.38484,248.4388,333.24664,0.23548907,13.716179,0.14362207
4,23,2,0.0034299996,0.02451384,0.0027893153,0.017012719,0.004711807,0.026406985,0.0016485957,4.9631286,-0.49222234,5.848372,0.33339775,0.05281397,0.0032971913,0.13043281,-0.012935781,0.0686426,0.003913104,252.38431,248.46098,333.70523,0.1588246,13.716179,0.13859156
4,24,2,0.0034299996,0.024099957,0.00252459,0.0169802,0.004595167,0.025122648,0.0013336303,4.958383,-0.4457999,5.7755303,0.21270905,0.050245296,0.0026672606,0.13030809,-0.011715781,0.06778766,0.0024965762,252.3323,248.35646,333.1228,0.23309083,13.716179,0.14252709
4,25,2,0.0034299996,0.021491608,0.0021729423,0.015005511,0.0043131546,0.023307415,0.002832326,4.66116,-0.038694017,5.595497,-0.06435057,0.04661483,0.005664652,0.122496985,-0.0010168926,0.06567461,-0.00075528445,252.2937,248.18233,333.0011,0.103044584,13.713848,0.088519335
4,26,2,0.0034299996,0.023411311,0.0028588227,0.016207106,0.004345381,0.02673398,0.00049784145,4.8441925,0.07264784,5.616363,-0.049928453,0.05346796,0.0009956829,0.12730713,0.0019092112,0.0659195,-0.0005860121,252.27376,248.14761,333.13715,-0.022719387,13.713848,0.091945216
4,27,2,0.0034299996,0.024223933,0.0027440367,0.016811932,0.004667965,0.026191777,0.00038849076,4.933754,0.24563235,5.8210993,-0.15401687,0.052383553,0.0007769815,0.12966083,0.0064553064,0.06832251,-0.0018077014,252.20052,247.91405,332.18976,-0.09161548,13.713848,0.09228166
4,28,2,0.0034299996,0.02342883,0.0023129787,0.015847178,0.005268672,0.02404672,0.002591044,4.790101,0.16407515,6.184318,-0.29071134,0.04809344,0.005182088,0.12588558,0.0043119546,0.07258562,-0.0034120935,252.16492,247.72314,332.23523,0.12663619,13.713848,0.0794759
4,29,2,0.0034299996,0.022939444,0.0030041821,0.0146446135,0.0052906475,0.02740521,-0.000114404946,4.6047664,0.6803041,6.1972017,-0.46604088,0.05481042,-0.00022880989,0.12101493,0.017878637,0.07273684,-0.0054699425,252.16829,247.73204,332.9053,-0.21426323,13.711638,0.111200735
4,30,2,0.0034299996,0.020253439,0.0026486341,0.01273997,0.0048648342,0.02573244,-0.00038251793,4.294898,0.7543453,5.942583,-0.48283738,0.05146488,-0.00076503586,0.112871476,0.019824473,0.069748364,-0.0056670858,252.13094,247.67282,332.33258,-0.27150792,13.711638,0.11824662
4,31,2,0.0034299996,0.019532098,0.0023484111,0.01184911,0.005334577,0.024230205,0.0018133639,4.1420135,0.61574966,6.222877,-0.64564085,0.04846041,0.0036267277,0.108853616,0.016182125,0.07303819,-0.007577913,252.12791,247.72972,332.32584,0.029891193,13.711638,0.11703914
4,32,2,0.0034299996,0.022981271,0.0030487662,0.014584248,0.0053482577,0.027607817,-0.00014320746,4.5952663,0.7100561,6.2308507,-0.56014496,0.055215634,-0.00028641493,0.12076526,0.01866053,0.073131785,-0.006574446,252.11218,247.60817,332.517,-0.14991117,13.711638,0.13524666
4,33,2,0.0034299996,0.02483758,0.0026819934,0.016506277,0.0056493105,0.025893982,-0.00066181534,4.888698,0.9936334,6.4038177,-0.6170002,0.051787965,-0.0013236307,0.12847675,0.026113044,0.0751619,-0.0072417622,252.07683,247.48268,331.8681,-0.37663317,13.70951,0.20350853
4,34,2,0.0034299996,0.02446608,0.0023052604,0.016085675,0.0060751457,0.024006564,0.0014020237,4.826011,0.7942173,6.6407866,-0.77702224,0.04801313,0.0028040474,0.12682931,0.020872315,0.07794322,-0.009119949,252.09337,247.56561,332.03275,-0.017195046,13.70951,0.19421151
4,35,2,0.0034299996,0.026440142,0.0030649211,0.017213538,0.006161682,0.027680865,-0.00087400916,4.992336,0.937235,6.6879163,-0.6032697,0.05536173,-0.0017480183,0.13120037,0.024630874,0.07849638,-0.0070806057,252.1133,247.67365,332.81012,-0.3339653,13.70951,0.21814544
4,36,2,0.0034299996,0.028470188,0.0026841792,0.019251142,0.006534867,0.025904533,-0.00043508364,5.27955,0.8646737,6.887468,-0.5544625,0.051809065,-0.0008701673,0.13874848,0.02272393,0.080838524,-0.0065077483,252.09337,247.64134,332.23343,-0.31021118,13.70951,0.22006328
4,37,2,0.0034299996,0.029595,0.0023385438,0.01992864,0.0073278174,0.024179246,0.0014603519,5.3716474,1.0903069,7.2933745,-0.7227854,0.048358493,0.0029207037,0.14116883,0.028653655,0.08560267,-0.008483373,252.0935,247.62299,332.14267,-0.36752146,13.707412,0.2597258
4,38,2,0.0034299996,0.031900503,0.0027852678,0.021418186,0.007697048,0.026387818,-0.00038794812,5.568779,1.1986979,7.4748645,-0.551809,0.052775636,-0.00077589625,0.14634953,0.03150221,0.08773282,-0.0064766104,252.08296,247.55956,332.5222,-0.6468889,13.707412,0.2790267
4,39,2,0.0034299996,0.03326679,0.0025309972,0.022936536,0.007799258,0.025154509,-0.00019239883,5.7627873,1.1808407,7.5243306,-0.64288515,0.050309017,-0.00038479766,0.15144813,0.031032922,0.08831341,-0.0075455685,252.01926,247.42464,331.76553,-0.5379556,13.707412,0.30693287
4,40,2,0.0034299996,0.03148286,0.0022965486,0.02139549,0.007790821,0.023961158,0.0017524214,5.5658283,1.065749,7.5202594,-0.8222503,0.047922317,0.0035048428,0.14627197,0.028008275,0.08826563,-0.0096507855,251.93414,247.04712,331.48044,-0.24349874,13.707412,0.31264043
4,41,2,0.0034299996,0.03272631,0.002961067,0.022118678,0.0076465663,0.027207844,-0.00043056763,5.659112,0.9989143,7.450312,-0.8238628,0.054415688,-0.00086113525,0.1487235,0.026251836,0.08744465,-0.009669711,251.91083,246.884,331.75146,-0.17505151,13.705351,0.31753123
4,42,2,0.0034299996,0.034231856,0.0026803738,0.023853302,0.00769818,0.025886163,-0.0005403416,5.8768277,0.93658024,7.475414,-0.8569089,0.051772326,-0.0010806832,0.15444514,0.02461367,0.087739274,-0.010057584,251.89926,246.8729,330.96017,-0.07967132,13.705351,0.30947316
4,43,2,0.0034299996,0.03329459,0.0023141692,0.023101946,0.007878472,0.024052907,0.0015458023,5.7835293,0.87047166,7.5624447,-0.94225794,0.048105814,0.0030916047,0.15199324,0.022876313,0.088760756,-0.011059325,251.9366,246.97542,331.0184,0.071786284,13.705351,0.29618576
4,44,2,0.0034299996,0.03683547,0.0030426139,0.025688624,0.008104229,0.027579946,-0.00058460206,6.0987253,1.0554637,7.67003,-0.73628294,0.055159893,-0.0011692041,0.16027671,0.027737973,0.090023495,-0.008641794,251.9615,247.05426,331.53702,-0.31918073,13.705351,0.3160325
4,45,2,0.0034299996,0.03618418,0.0026239112,0.025590535,0.007969732,0.025612064,-0.00025754212,6.0870705,1.0203815,7.606118,-0.78722304,0.051224127,-0.00051508425,0.15997042,0.026815988,0.089273356,-0.009239669,251.95906,247.1879,330.90045,-0.23315841,13.703332,0.30492815
4,46,2,0.0034299996,0.035743397,0.0024097902,0.024845816,0.00848779,0.024544807,0.0017388364,5.997846,0.9173136,7.8494368,-0.86803365,0.049089614,0.0034776728,0.15762556,0.024107339,0.0921292,-0.010188148,251.99557,247.38023,331.08768,-0.04927993,13.703332,0.28846222
4,47,2,0.0034299996,0.039294366,0.0032231803,0.026847465,0.009223719,0.02838653,-0.00023116713,6.234769,1.0733244,8.182655,-0.64483136,0.05677306,-0.00046233425,0.16385196,0.028207341,0.0960402,-0.0075684134,251.97333,247.24358,331.38486,-0.42849308,13.703332,0.31264314
4,48,2,0.0034299996,0.04029922,0.0028896618,0.02794576,0.009463797,0.026877787,-0.00039458938,6.361018,1.2704405,8.288463,-0.6199336,0.053755574,-0.00078917877,0.16716985,0.033387624,0.09728205,-0.007276186,251.92046,247.07242,330.47104,-0.65050685,13.703332,0.33198017
4,49,2,0.0034299996,0.039827432,0.0025136801,0.027584763,0.009728988,0.025068307,0.0017788497,6.3198,1.1138942,8.403788,-0.9481616,0.050136615,0.0035576995,0.16608661,0.02927354,0.09863563,-0.011128618,251.91081,247.02237,330.3551,-0.16573262,13.701417,0.29144895
4,50,2,0.0034299996,0.041987576,0.003422511,0.029162282,0.009402782,0.029251115,-0.0002856524,6.497996,1.0305817,8.261701,-0.8564813,0.05850223,-0.0005713048,0.17076968,0.027084066,0.09696794,-0.010052562,251.95392,247.21275,330.98758,-0.1741004,13.701417,0.28508696
4,51,2,0.0034299996,0.041624196,0.0029944899,0.029856134,0.008773571,0.027360966,-0.0002780367,6.5748444,0.9332629,7.980487,-0.9192378,0.054721933,-0.0005560734,0.17278928,0.024526495,0.09366734,-0.01078913,251.9957,247.4891,330.77267,-0.014025092,13.701417,0.28406852
4,52,2,0.0034299996,0.039785977,0.0024858457,0.0281295,0.009170633,0.024929129,0.0014690466,6.3818955,0.835032,8.159074,-1.0845506,0.049858257,0.0029380932,0.16771851,0.021944942,0.09576342,-0.012729421,252.08688,247.92213,331.36182,0.24951863,13.701417,0.267177
4,53,2,0.0034299996,0.040457524,0.0033741826,0.028050316,0.009033025,0.029043857,-0.0002954597,6.3729067,0.53709656,8.097628,-0.98987484,0.058087714,-0.0005909194,0.16748229,0.014115086,0.09504223,-0.011618203,252.17242,248.26547,332.04083,0.45277828,13.699603,0.20955943
4,54,2,0.0034299996,0.040880032,0.002847111,0.028937722,0.009095201,0.026679164,7.755987e-5,6.472929,0.45144084,8.125449,-0.8105971,0.053358328,0.00015511973,0.17011091,0.0118640335,0.095368765,-0.009514019,252.20001,248.32664,331.60226,0.35915628,13.699603,0.22500241
4,55,2,0.0034299996,0.03685158,0.0023114784,0.025283068,0.009257034,0.024038918,0.0019386663,6.0503926,0.49789628,8.197419,-1.051806,0.048077837,0.0038773327,0.1590065,0.013084888,0.09621348,-0.012345092,252.2509,248.5048,331.9538,0.55390966,13.699603,0.22589001
4,56,2,0.0034299996,0.036719456,0.002820544,0.0253541,0.008544812,0.026554396,-0.00028891614,6.058886,0.46528617,7.87576,-1.0242673,0.053108793,-0.0005778323,0.15922971,0.012227887,0.092438154,-0.012021874,252.29759,248.74129,332.9944,0.5589812,13.699603,0.21257174
4,57,2,0.0034299996,0.03169489,0.0024307247,0.021812538,0.007451627,0.02465119,-9.261636e-5,5.619812,0.16354802,7.35473,-1.0071583,0.04930238,-0.00018523273,0.14769068,0.0042980993,0.08632281,-0.011821065,252.25734,248.70757,332.62186,0.8436103,13.697905,0.17434628
4,58,2,0.0034299996,0.028872607,0.0020806517,0.01934501,0.007446947,0.02280708,0.0018442458,5.2924056,0.13826805,7.352421,-1.1056312,0.04561416,0.0036884916,0.13908634,0.0036337376,0.086295694,-0.012976835,252.18358,248.33171,332.62982,0.9673632,13.697905,0.17926255
4,59,2,0.0034299996,0.03183078,0.002717455,0.021566793,0.007546533,0.026064606,-0.00030920142,5.5880647,0.19982903,7.4014187,-1.008508,0.052129213,-0.00061840285,0.14685637,0.005251581,0.08687078,-0.01183691,252.11514,247.9448,332.7233,0.8086789,13.697905,0.20131192
4,60,2,0.0034299996,0.032249294,0.002667712,0.021473482,0.008108099,0.02582495,-0.00021597758,5.575964,-0.039877765,7.6718616,-1.0229167,0.0516499,-0.00043195515,0.14653833,-0.0010480038,0.09004498,-0.0120060155,252.07225,247.94424,331.78488,1.0627944,13.697905,0.1999638
4,61,2,0.0034299996,0.02952591,0.0022353013,0.019137254,0.008153356,0.023639487,0.0021209896,5.2639103,-0.48263434,7.6932416,-1.1840725,0.047278974,0.004241979,0.13833746,-0.01268381,0.09029593,-0.0138975205,252.07747,248.00499,331.81628,1.6667068,13.696347,0.16195776
4,62,2,0.0034299996,0.032580182,0.0028235952,0.02196719,0.0077893995,0.026568756,-0.00014296587,5.639699,-0.41000858,7.519574,-1.1045566,0.05313751,-0.00028593175,0.14821333,-0.010775176,0.08825757,-0.012964233,252.10295,248.03413,332.33072,1.5145651,13.696347,0.17789863
4,63,2,0.0034299996,0.032647945,0.0025885715,0.021821879,0.008237492,0.025439003,0.00014390747,5.6210146,-0.3476668,7.7328343,-1.1794982,0.050878007,0.00028781494,0.1477223,-0.009136802,0.09076063,-0.013843824,252.10487,248.1427,331.8006,1.5271649,13.696347,0.17920193
4,64,2,0.0034299996,0.030959703,0.002426603,0.020069664,0.008463435,0.024630282,0.002237768,5.3906193,-0.34474722,7.838168,-1.2437661,0.049260564,0.004475536,0.14166744,-0.009060082,0.09199693,-0.0145981405,252.10408,248.14641,331.76578,1.5885133,13.696347,0.17712332
4,65,2,0.0034299996,0.031318568,0.003076722,0.020579979,0.007661868,0.027734103,0.00042495527,5.458724,-0.59054047,7.4577627,-1.076202,0.055468205,0.00084991055,0.14345723,-0.015519612,0.087532096,-0.012631428,252.11537,248.14134,332.21335,1.6667426,13.694971,0.21433684
4,66,2,0.0034299996,0.03232617,0.0026252475,0.021944113,0.007756809,0.025618585,0.00038889569,5.6367364,-0.4135028,7.5038257,-1.1212612,0.05123717,0.00077779137,0.14813545,-0.010867001,0.08807275,-0.013160295,252.1059,248.2071,331.7618,1.534764,13.694971,0.19111794
4,67,2,0.0034299996,0.028541699,0.0022707218,0.01841431,0.007856667,0.023826046,0.0023257493,5.163526,-0.46462053,7.551973,-1.2904028,0.04765209,0.0046514985,0.13569933,-0.012210394,0.088637844,-0.015145519,252.14592,248.32738,332.21716,1.7550232,13.694971,0.18777539
4,68,2,0.0034299996,0.02943205,0.002951833,0.01893815,0.0075420677,0.027165387,0.00019248715,5.2364554,-0.6416926,7.399228,-1.1333007,0.054330774,0.0003849743,0.13761595,-0.016863914,0.08684508,-0.013301599,252.21318,248.51662,333.06476,1.7749932,13.694971,0.19318126
4,69,2,0.0034299996,0.029691886,0.0027638667,0.019564535,0.007363484,0.026286244,0.00038534758,5.3223505,-0.77866,7.311102,-0.9843929,0.05257249,0.00077069516,0.13987328,-0.020463469,0.08581074,-0.011553866,252.1964,248.55757,332.31696,1.7630529,13.693779,0.20686914
4,70,2,0.0034299996,0.028575864,0.002315193,0.018542986,0.0077176834,0.024058226,0.0024149613,5.1815367,-0.7751481,7.484877,-0.9766751,0.048116453,0.0048299227,0.13617264,-0.020371169,0.08785035,-0.011463281,252.23149,248.66678,332.4933,1.7518232,13.693779,0.22011116
4,71,2,0.0034299996,0.030390367,0.00295832,0.01929345,0.008138597,0.02719522,6.0105074e-5,5.2853484,-0.80687195,7.686276,-0.90814257,0.05439044,0.00012021015,0.13890086,-0.021204885,0.09021417,-0.010658917,252.31972,249.01093,333.21527,1.7150145,13.693779,0.22523029
4,72,2,0.0034299996,0.02991937,0.0026339567,0.019269964,0.008015448,0.025661044,0.00011298435,5.2821307,-0.7642648,7.627903,-0.81776845,0.051322088,0.0002259687,0.1388163,-0.020085154,0.08952904,-0.00959819,252.34491,249.20258,332.80957,1.5820333,13.693779,0.22008888
4,73,2,0.0034299996,0.030029796,0.0022787754,0.019951992,0.0077990303,0.02386826,0.0023838514,5.374793,-1.0022258,7.5242205,-0.8411395,0.04773652,0.004767703,0.14125152,-0.026338864,0.08831212,-0.009872494,252.33414,249.1926,332.84433,1.8433652,13.692729,0.26219168
4,74,2,0.0034299996,0.029837368,0.0030804274,0.019483658,0.0072732833,0.0277508,-0.00011472547,5.3113375,-1.1647873,7.2661853,-0.82486945,0.0555016,-0.00022945095,0.13958387,-0.030611033,0.08528355,-0.009681526,252.32611,249.10822,333.23447,1.9896567,13.692729,0.26513106
4,75,2,0.0034299996,0.028966632,0.002511257,0.019424614,0.007030762,0.025056222,0.00020263858,5.3032837,-0.9281605,7.1440153,-0.79326534,0.050112445,0.00040527715,0.13937221,-0.024392398,0.08384964,-0.009310595,252.31262,249.06616,332.77695,1.7214258,13.692729,0.2267977
4,76,2,0.0034299996,0.027129048,0.0022405058,0.018202169,0.006686375,0.02366699,0.0024609317,5.133697,-0.7289623,6.966851,-0.8939043,0.04733398,0.0049218633,0.13491541,-0.019157391,0.081770256,-0.0104918,252.33171,249.11926,332.93045,1.6228666,13.692729,0.24409501
4,77,2,0.0034299996,0.02627778,0.0029311362,0.017052855,0.0062937876,0.027069984,-0.00022577502,4.9689794,-0.7750554,6.7592306,-0.66977084,0.054139968,-0.00045155003,0.13058658,-0.020368734,0.079333395,-0.007861135,252.34793,249.25278,333.61472,1.4448262,13.691778,0.2303238
4,78,2,0.0034299996,0.025644047,0.0026378871,0.016718077,0.0062880837,0.025680183,-0.0001217845,4.9199634,-0.8064551,6.756167,-0.7160425,0.051360365,-0.000243569,0.1292984,-0.021193933,0.07929744,-0.008404222,252.29106,249.13145,333.09793,1.5224977,13.691778,0.18489197
4,79,2,0.0034299996,0.025341386,0.0022830775,0.016894959,0.006163349,0.02389078,0.0020823905,4.9459214,-0.86643344,6.6888213,-0.83133984,0.04778156,0.004164781,0.12998061,-0.022770183,0.078507,-0.009757472,252.27747,249.01099,333.43,1.6977732,13.691778,0.17958999
4,80,2,0.0034299996,0.025615588,0.002939159,0.016964039,0.0057123904,0.027107006,-0.0002874627,4.956023,-0.87271166,6.4394703,-0.67279685,0.054214012,-0.0005749254,0.13024607,-0.022935174,0.07558036,-0.007896645,252.3404,249.25075,334.24243,1.5455085,13.691778,0.18137412
4,81,2,0.0034299996,0.024229204,0.0023704453,0.016779117,0.005079642,0.02434361,0.00011155201,4.928937,-0.777766,6.072364,-0.52258325,0.04868722,0.00022310403,0.12953423,-0.020439971,0.071271606,-0.0061335857,252.36308,249.40297,333.72552,1.3003492,13.690858,0.15263182
4,82,2,0.0034299996,0.023990184,0.0021980996,0.016433084,0.0053589996,0.023441948,0.00215811,4.8778477,-0.62950736,6.2371054,-0.67904186,0.046883896,0.00431622,0.12819159,-0.016543683,0.07320519,-0.007969948,252.40114,249.54922,333.77048,1.3085492,13.690858,0.16215895
4,83,2,0.0034299996,0.025690127,0.0029123474,0.017841553,0.0049362252,0.026983084,-0.00023159727,5.082589,-0.7519665,5.9860272,-0.6240061,0.05396617,-0.00046319453,0.13357228,-0.019761948,0.070258275,-0.0073239887,252.40518,249.5466,334.34985,1.3759725,13.690858,0.17375046
4,84,2,0.0034299996,0.022953311,0.0024715294,0.015808783,0.004672998,0.02485724,-0.0004120117,4.7842946,-0.6080723,5.824237,-0.64106727,0.04971448,-0.0008240234,0.12573299,-0.015980357,0.06835933,-0.007524232,252.3255,249.23068,333.44998,1.2491395,13.690858,0.1617402
4,85,2,0.0034299996,0.020756152,0.002060725,0.014429771,0.0042656553,0.022697603,0.0020682255,4.5708647,-0.39071223,5.5646014,-0.5186684,0.045395207,0.004136451,0.12012398,-0.010268058,0.06531198,-0.0060876324,252.35022,249.27904,333.6066,0.9093807,13.68994,0.15314828
4,86,2,0.0034299996,0.022135437,0.002839407,0.015222739,0.0040732897,0.026643043,-5.0073093e-5,4.694779,-0.31827563,5.4376826,-0.41833353,0.053286087,-0.000100146186,0.12338047,-0.008364397,0.06382233,-0.004909998,252.43607,249.60808,334.51263,0.73660916,13.68994,0.16427661
4,87,2,0.0034299996,0.020196538,0.0023355263,0.013717696,0.0041433163,0.024163641,-0.00014107663,4.4566574,-0.21845941,5.484225,-0.50903094,0.048327282,-0.00028215325,0.11712257,-0.0057411934,0.0643686,-0.005974523,252.46785,249.93488,334.08484,0.72749037,13.68994,0.1449586
4,88,2,0.0034299996,0.019179158,0.002154204,0.012975045,0.00404991,0.023206702,0.002208886,4.334341,-0.22082639,5.422055,-0.66334105,0.046413403,0.004417772,0.11390805,-0.0058033997,0.0636389,-0.0077856607,252.46693,249.93817,334.11972,0.88416743,13.68994,0.18187866
4,89,2,0.0034299996,0.019519495,0.0027550824,0.013328273,0.0034361386,0.02624444,-0.00026003103,4.392944,-0.21126664,4.9943223,-0.3210583,0.05248888,-0.00052006205,0.11544814,-0.0055521643,0.058618587,-0.0037682797,252.48128,249.9521,334.66235,0.5323249,13.689048,0.1461178
4,90,2,0.0034299996,0.020249842,0.0026401218,0.01398023,0.0036294882,0.025691058,-0.00027181717,4.499102,-0.048492372,5.1329126,-0.26148736,0.051382117,-0.00054363435,0.118238024,-0.0012743991,0.060245235,-0.0030690883,252.48438,250.01643,334.16342,0.30997974,13.689048,0.10600459
4,91,2,0.0034299996,0.021082874,0.0023085163,0.014480788,0.00429357,0.02402351,0.0022360524,4.578938,-0.2651451,5.5827794,-0.25631058,0.04804702,0.004472105,0.120336145,-0.006968108,0.06552534,-0.0030083288,252.53386,250.15526,334.47632,0.52145565,13.689048,0.14447254
4,92,2,0.0034299996,0.023595557,0.002966517,0.01632188,0.0043071588,0.02723287,-7.272269e-5,4.861315,-0.056092985,5.5916076,-0.17039633,0.05446574,-0.00014544537,0.12775712,-0.0014741445,0.065628946,-0.0019999503,252.6035,250.33424,335.48706,0.2264893,13.689048,0.15322118
4,93,2,0.0034299996,0.022202004,0.002418385,0.016179489,0.00360413,0.024588538,-0.00060322887,4.840064,0.2816232,5.11495,0.11547561,0.049177077,-0.0012064577,0.12719862,0.00740116,0.060034405,0.0013553437,252.62256,250.45348,335.25082,-0.39709884,13.688193,0.0937898
4,94,2,0.0034299996,0.019363482,0.0019168266,0.0137932105,0.003653444,0.02189079,0.0018971484,4.4689074,0.28460196,5.149824,-0.028998442,0.04378158,0.0037942969,0.1174445,0.0074794437,0.060443725,-0.00034035847,252.6179,250.39413,335.39948,-0.25560352,13.688193,0.11617495
4,95,2,0.0034299996,0.019892871,0.0027449487,0.013713664,0.0034342578,0.02619613,-0.00043503067,4.4560027,0.35101414,4.9929557,0.17163864,0.05239226,-0.00087006134,0.11710536,0.009224776,0.05860254,0.0020145287,252.62009,250.27914,336.03262,-0.52265275,13.688193,0.12210942
4,96,2,0.0034299996,0.022631109,0.0025199577,0.016546559,0.0035645931,0.02509959,-0.00058204983,4.8946595,0.48814207,5.0868177,0.3295409,0.05019918,-0.0011640997,0.12863342,0.012828544,0.059704214,0.003867836,252.60904,250.30531,335.33316,-0.817683,13.688193,0.12402805
4,97,2,0.0034299996,0.020156324,0.0021362035,0.014664891,0.0033552288,0.02310954,0.0019634378,4.6079535,0.37879553,4.935172,0.37813014,0.04621908,0.0039268755,0.12109868,0.009954886,0.057924338,0.0044381316,252.66594,250.57253,335.50845,-0.7569257,13.687304,0.117593005
4,98,2,0.0034299996,0.021973675,0.00258797,0.016110267,0.0032754377,0.025436047,-0.0004686688,4.8296986,0.41644973,4.876137,0.3557977,0.050872095,-0.0009373376,0.12692623,0.0109444475,0.05723144,0.004176012,252.73378,250.84363,336.39236,-0.77224743,13.687304,0.12224707
4,99,2,0.0034299996,0.022488756,0.0023936648,0.016928697,0.0031663938,0.024462547,-0.00052773365,4.950858,0.5238227,4.794283,0.36909342,0.048925094,-0.0010554673,0.13011032,0.013766249,0.05627072,0.004332066,252.71909,250.84158,335.98932,-0.89291614,13.687304,0.12069599
4,100,2,0.0034299996,0.022564525,0.002120419,0.017381575,0.003062532,0.023024004,0.0018704754,5.0166435,0.35327607,4.7149982,0.30426976,0.046048008,0.0037409507,0.1318392,0.009284223,0.05534015,0.0035712267,252.72427,250.82805,335.99246,-0.6575458,13.687304,0.118120335
5,1,2,0.0024009997,0.027424531,0.0023114383,0.019569287,0.0055438057,0.02403871,0.0034791557,5.322996,0.40709803,6.3437376,0.9508868,0.04807742,0.0069583114,0.13989027,0.010698682,0.07445674,0.011160603,253.47865,254.6029,340.96173,-1.3579848,13.6862955,0.20620464
5,2,2,0.0024009997,0.03163534,0.0026923718,0.023247516,0.0056954534,0.025944036,0.0012749429,5.801722,0.41094103,6.4299164,0.8754544,0.05188807,0.0025498858,0.15247136,0.0107996715,0.07546823,0.010275252,253.47751,254.51918,341.464,-1.2863954,13.6862955,0.20922914
5,3,2,0.0024009997,0.03279491,0.00348099,0.02300743,0.0063064913,0.029499957,8.2696475e-5,5.7716866,0.51981246,6.766049,0.8956876,0.058999915,0.00016539295,0.151682,0.013660864,0.07941342,0.010512723,253.42021,254.37993,340.7275,-1.4155,13.6862955,0.1959179
5,4,2,0.0024009997,0.028826863,0.002205752,0.020556903,0.0060642087,0.023482718,0.0027672423,5.4556627,0.43387207,6.6348066,0.6968524,0.046965435,0.0055344845,0.14337678,0.011402308,0.07787303,0.008178982,253.38046,254.2026,340.39233,-1.1307244,13.6862955,0.20708701
5,5,2,0.0024009997,0.029423684,0.0027432283,0.020235576,0.0064448793,0.02618792,0.0002378003,5.412856,0.459842,6.839882,0.91452795,0.05237584,0.0004756006,0.1422518,0.012084812,0.080280006,0.010733856,253.39485,254.1658,341.2305,-1.37437,13.685326,0.22988981
5,6,2,0.0024009997,0.034149986,0.0030671093,0.023972724,0.0071101515,0.027690744,-0.0009892532,5.8915215,0.47942838,7.184237,0.98027223,0.055381488,-0.0019785063,0.15483128,0.012599551,0.084321715,0.011505498,253.34584,253.98804,340.66302,-1.4597006,13.685326,0.259941
5,7,2,0.0024009997,0.033948693,0.0020135485,0.025213528,0.0067216153,0.022436291,0.0025256646,6.042066,0.34866995,6.985187,0.82633203,0.044872582,0.0050513293,0.15878768,0.009163171,0.08198546,0.009698695,253.3142,253.70406,340.40103,-1.175002,13.685326,0.2700937
5,8,2,0.0024009997,0.03262698,0.0026920673,0.023324639,0.0066102734,0.025942568,-4.532983e-5,5.811338,0.33160335,6.9270916,0.9347511,0.051885135,-9.065966e-5,0.15272406,0.008714658,0.08130359,0.010971209,253.33089,253.72691,340.8071,-1.2663544,13.685326,0.26326528
5,9,2,0.0024009997,0.03407358,0.0030723736,0.02370595,0.007295256,0.027714498,-0.00071865856,5.858648,0.3085603,7.277152,1.0836891,0.055428997,-0.0014373171,0.15396737,0.008109083,0.08541227,0.012719306,253.30397,253.67554,340.0118,-1.3922493,13.684047,0.25505564
5,10,2,0.0024009997,0.03323633,0.0023176167,0.023770165,0.0071485476,0.024070816,0.0021851475,5.866577,0.43423322,7.2036085,0.96496,0.048141632,0.004370295,0.15417576,0.011411814,0.084549084,0.011325776,253.28981,253.56183,339.79004,-1.3991932,13.684047,0.24669215
5,11,2,0.0024009997,0.035433672,0.0028584984,0.02507237,0.0075028017,0.026732463,-0.00015799057,6.0251293,0.45964813,7.379942,1.0983741,0.053464927,-0.00031598113,0.15834257,0.01207972,0.086618714,0.012891665,253.34766,253.73776,340.66824,-1.5580223,13.684047,0.25590834
5,12,2,0.0024009997,0.04125379,0.0030732886,0.029656949,0.0085235555,0.027718624,-0.00044244973,6.552875,0.29213938,7.8659573,1.2652936,0.05543725,-0.00088489946,0.17221193,0.007677533,0.0923231,0.014850809,253.36809,253.85709,340.51532,-1.557433,13.684047,0.276456
5,13,2,0.0024009997,0.03770144,0.002222557,0.027489686,0.007989197,0.023572002,0.002473109,6.308899,0.20060992,7.6154003,1.1284955,0.047144003,0.004946218,0.16580014,0.005272102,0.089382306,0.013245199,253.42592,254.084,340.31506,-1.3291054,13.682501,0.24911158
5,14,2,0.0024009997,0.03863283,0.0030287702,0.027020808,0.00858325,0.027517132,0.00029762954,6.2548637,0.22901778,7.8934546,1.2715219,0.055034265,0.0005952591,0.16438007,0.0060186675,0.09264583,0.014923905,253.5473,254.53348,341.17252,-1.5005397,13.682501,0.2267676
5,15,2,0.0024009997,0.040208105,0.0031377182,0.027740613,0.009329773,0.02800767,-0.00013821191,6.3376274,0.3253826,8.229563,1.4323051,0.05601534,-0.00027642382,0.16655514,0.008551171,0.09659075,0.016811032,253.6095,254.84178,340.93396,-1.7576877,13.682501,0.22357298
5,16,2,0.0024009997,0.037345998,0.0022890929,0.026327074,0.00872983,0.023922233,0.0026083516,6.1740484,0.65013987,7.960569,1.3286513,0.047844466,0.0052167033,0.1622562,0.017085906,0.09343356,0.015594444,253.62527,254.90553,340.7511,-1.9787912,13.682501,0.2174613
5,17,2,0.0024009997,0.036845252,0.0030780928,0.025362952,0.008404208,0.027740281,7.2493094e-5,6.0599437,0.7541487,7.810694,1.4004296,0.055480562,0.00014498619,0.1592575,0.019819295,0.09167447,0.016436918,253.63966,254.95506,341.2621,-2.1545782,13.680755,0.19280776
5,18,2,0.0024009997,0.038915716,0.0031306897,0.026990179,0.008794846,0.027976284,-0.00064590876,6.251317,0.5320769,7.9901567,1.4173567,0.055952568,-0.0012918175,0.16428688,0.013983172,0.09378084,0.016635586,253.60576,254.87784,340.86703,-1.9494336,13.680755,0.20241362
5,19,2,0.0024009997,0.034854807,0.0023894433,0.02363103,0.008834331,0.024440967,0.0023221723,5.849382,0.36173657,8.008073,1.2371309,0.048881933,0.0046443446,0.15372388,0.00950657,0.09399112,0.014520262,253.62314,254.90613,340.99338,-1.5988674,13.680755,0.21418558
5,20,2,0.0024009997,0.04106482,0.003206279,0.028295351,0.009563195,0.028312007,0.00018642106,6.400682,0.3566053,8.331874,1.5381175,0.056624014,0.00037284213,0.16821222,0.009371719,0.09779159,0.018052965,253.69531,255.1095,341.9564,-1.8947228,13.680755,0.23916784
5,21,2,0.0024009997,0.04081035,0.0029460036,0.027979095,0.0098852515,0.02713855,-4.644693e-5,6.3648105,0.5093894,8.471006,1.7556683,0.0542771,-9.289386e-5,0.16726953,0.013386943,0.0994246,0.02060636,253.69753,255.15187,341.3944,-2.2650576,13.67885,0.21110524
5,22,2,0.0024009997,0.03812232,0.0024838394,0.026682625,0.008955856,0.024919067,0.0025873347,6.2155986,0.6734117,8.062964,1.5471749,0.049838133,0.0051746694,0.16334817,0.017697504,0.09463538,0.018159261,253.65637,254.93819,340.7589,-2.2205868,13.67885,0.21171878
5,23,2,0.0024009997,0.03861368,0.002846978,0.026509507,0.009257195,0.02667854,0.00051155465,6.1954017,0.7977051,8.19749,1.4655362,0.05335708,0.0010231093,0.1628174,0.020963976,0.09621432,0.017201064,253.62741,254.68063,341.14395,-2.2632413,13.67885,0.21774422
5,24,2,0.0024009997,0.04308703,0.0030147235,0.02929778,0.010774527,0.02745325,-0.00023357723,6.5130734,0.6363285,8.843827,1.5853968,0.0549065,-0.00046715446,0.17116594,0.016722942,0.103800416,0.018607866,253.56075,254.37431,340.40112,-2.2217252,13.67885,0.2450857
5,25,2,0.0024009997,0.03937101,0.002282599,0.027410101,0.009678311,0.023888277,0.0022965586,6.29976,0.5505816,8.381871,1.4420656,0.047776554,0.004593117,0.16555996,0.014469487,0.098378405,0.016925588,253.51772,254.15842,339.8319,-1.9926472,13.676818,0.23539466
5,26,2,0.0024009997,0.039146136,0.0027339426,0.026710482,0.009701711,0.026143558,0.00048441425,6.2188425,0.7341128,8.391997,1.5737877,0.052287117,0.0009688285,0.16343342,0.01929275,0.098497264,0.018471617,253.55238,254.23566,340.53372,-2.3079004,13.676818,0.2236817
5,27,2,0.0024009997,0.04058426,0.0027838005,0.0277962,0.010004258,0.026380867,-0.00023181552,6.343974,0.89402455,8.521847,1.645349,0.052761734,-0.00046363103,0.16672193,0.023495298,0.10002129,0.019311547,253.56337,254.34213,340.22726,-2.5393736,13.676818,0.2116647
5,28,2,0.0024009997,0.04153043,0.0021677688,0.029688803,0.009673857,0.023279652,0.0025417518,6.5563936,0.80050534,8.379942,1.4693656,0.046559304,0.0050835037,0.17230439,0.02103757,0.09835577,0.01724601,253.56877,254.41249,340.13522,-2.269871,13.676818,0.21785639
5,29,2,0.0024009997,0.041236136,0.0030023786,0.028846463,0.009387295,0.027396983,0.00017563386,6.4627147,0.7303766,8.254892,1.5687021,0.054793965,0.00035126772,0.16984247,0.019194547,0.09688805,0.018411925,253.60333,254.53133,340.7581,-2.2990787,13.674728,0.20085938
5,30,2,0.0024009997,0.038963318,0.0033859976,0.025896985,0.009680333,0.029094663,-0.0009089998,6.1234097,0.6841554,8.382745,1.6116834,0.058189325,-0.0018179996,0.1609254,0.01797985,0.09838868,0.018916404,253.61462,254.64575,340.34778,-2.2958388,13.674728,0.2005735
5,31,2,0.0024009997,0.036800575,0.0024863912,0.024630621,0.009683563,0.024931863,0.0022849906,5.971814,0.49293086,8.384146,1.6222849,0.049863726,0.0045699812,0.15694146,0.012954396,0.0984051,0.01904083,253.65471,254.74109,340.82718,-2.1152158,13.674728,0.20112827
5,32,2,0.0024009997,0.039840437,0.0032092135,0.026309595,0.010321628,0.02832496,0.00012325738,6.1719975,0.44649914,8.655961,1.7331799,0.05664992,0.00024651477,0.16220233,0.0117341485,0.10159542,0.020342413,253.69499,254.86829,341.64008,-2.1796792,13.674728,0.21142253
5,33,2,0.0024009997,0.039594166,0.003184904,0.02633126,0.010078,0.028217478,-6.3962056e-5,6.174539,0.40737328,8.553195,1.7392435,0.056434955,-0.00012792411,0.1622691,0.010705912,0.10038924,0.02041358,253.64828,254.69513,340.7822,-2.1466167,13.672627,0.17885545
5,34,2,0.0024009997,0.034781486,0.0021385502,0.023299092,0.009343846,0.02312223,0.0023980092,5.8081546,0.29568806,8.235766,1.5005867,0.04624446,0.0047960184,0.1526404,0.007770784,0.09666357,0.017612448,253.60884,254.46725,340.10867,-1.7962748,13.672627,0.17550059
5,35,2,0.0024009997,0.035821505,0.0029898523,0.023598162,0.00923349,0.027339771,4.5314242e-5,5.845313,0.4323628,8.186988,1.5375177,0.054679543,9.0628484e-5,0.15361694,0.011362647,0.09609105,0.018045913,253.62776,254.50221,340.61185,-1.9698805,13.672627,0.19264932
5,36,2,0.0024009997,0.037070308,0.0036013338,0.02375774,0.009711235,0.030005557,-0.0008927791,5.8650436,0.5551992,8.396116,1.6193026,0.060011115,-0.0017855582,0.15413547,0.014590839,0.098545596,0.019005828,253.63618,254.59592,340.26807,-2.174502,13.672627,0.19139403
5,37,2,0.0024009997,0.035053406,0.0023418027,0.023330005,0.009381598,0.024196088,0.0023654355,5.812007,0.17527016,8.252387,1.4350703,0.048392177,0.004730871,0.15274163,0.0046061627,0.09685865,0.016843481,253.6815,254.80334,340.54337,-1.6103405,13.670582,0.16182998
5,38,2,0.0024009997,0.036061734,0.0031070646,0.02325202,0.009702649,0.027870525,0.00013232096,5.8022847,0.3435958,8.392404,1.6794593,0.05574105,0.00026464192,0.15248613,0.0090298215,0.098502025,0.019711887,253.71922,254.89676,341.6561,-2.023055,13.670582,0.17415337
5,39,2,0.0024009997,0.03736732,0.003038695,0.024201334,0.010127294,0.02756218,3.2284184e-5,5.9195447,0.25573492,8.574087,1.8193486,0.05512436,6.456837e-5,0.15556778,0.00672081,0.100634456,0.02135377,253.67148,254.69011,340.8768,-2.0750835,13.670582,0.17274605
5,40,2,0.0024009997,0.03676355,0.002254318,0.024544775,0.009964457,0.02373983,0.0025707332,5.9613996,0.31874993,8.504877,1.5732796,0.04747966,0.0051414664,0.15666772,0.008376854,0.09982213,0.018465664,253.64516,254.51436,340.08414,-1.8920295,13.670582,0.17185439
5,41,2,0.0024009997,0.036511574,0.0031687415,0.024045894,0.00929694,0.028145788,0.00026966157,5.900504,0.32787955,8.21507,1.5553619,0.056291576,0.00053932314,0.15506738,0.008616792,0.09642064,0.018255353,253.70071,254.66866,340.5404,-1.8832414,13.668617,0.17119916
5,42,2,0.0024009997,0.037406676,0.003684423,0.024037095,0.009685158,0.030349724,-0.0008043133,5.8994255,0.24311066,8.384836,1.6708426,0.060699448,-0.0016086266,0.15503901,0.0063890326,0.0984132,0.019610757,253.73244,254.88148,340.0907,-1.9139533,13.668617,0.18251562
5,43,2,0.0024009997,0.037428357,0.0024162584,0.025297794,0.009714304,0.024577726,0.0019950205,6.052155,0.10518215,8.397442,1.6026828,0.04915545,0.003990041,0.1590528,0.0027642201,0.09856117,0.018810766,253.78381,255.12701,340.82788,-1.707865,13.668617,0.16991408
5,44,2,0.0024009997,0.035464387,0.002789627,0.023024358,0.009650402,0.02640846,-7.7023746e-5,5.7738094,0.3214261,8.369777,1.6594716,0.05281692,-0.00015404749,0.1517378,0.008447187,0.09823646,0.019477297,253.77916,255.02205,341.62994,-1.9808977,13.668617,0.17856862
5,45,2,0.0024009997,0.033781074,0.003381062,0.021285934,0.009114077,0.02907345,-0.00092994387,5.5515594,0.3143833,8.133876,1.3932353,0.0581469,-0.0018598877,0.145897,0.008262114,0.09546768,0.01635247,253.67783,254.63916,340.63168,-1.7076186,13.6667595,0.16816334
5,46,2,0.0024009997,0.03253489,0.0020761043,0.021542482,0.008916304,0.022782143,0.0017752621,5.584914,0.1976807,8.045141,1.1898617,0.045564286,0.0035505241,0.14677358,0.005195118,0.094426185,0.013965463,253.59532,254.31013,340.2309,-1.3875424,13.6667595,0.16757306
5,47,2,0.0024009997,0.035153054,0.0029669548,0.023404075,0.008782022,0.02723488,-0.0005850337,5.8212256,0.32137847,7.984329,1.1653904,0.05446976,-0.0011700673,0.1529839,0.008445945,0.09371244,0.013678243,253.54231,254.07713,340.4514,-1.4867688,13.6667595,0.18473893
5,48,2,0.0024009997,0.035688564,0.0032179651,0.023540052,0.008930545,0.028363556,-0.0010459648,5.8381114,0.33446702,8.051563,1.178459,0.05672711,-0.0020919295,0.15342768,0.008789917,0.09450156,0.013831625,253.48381,253.90031,339.62375,-1.5129261,13.6667595,0.17454726
5,49,2,0.0024009997,0.032481045,0.0020898157,0.021790685,0.008600546,0.02285725,0.0021058475,5.6169963,-0.15477028,7.9014034,1.0146343,0.0457145,0.004211695,0.14761668,-0.0040674196,0.09273913,0.011908813,253.5016,253.88693,339.65985,-0.859864,13.665028,0.14847997
5,50,2,0.0024009997,0.034347083,0.0030659025,0.022755353,0.008525827,0.027685296,-0.00020029295,5.7399807,-0.17851967,7.8670063,1.2373974,0.05537059,-0.0004005859,0.15084878,-0.0046915645,0.0923354,0.014523388,253.57056,254.10774,340.6628,-1.0588777,13.665028,0.16804126
5,51,2,0.0024009997,0.036592834,0.0030016345,0.024402147,0.009189052,0.027393587,-0.00050597824,5.944053,-0.14211497,8.167263,1.3156005,0.054787174,-0.0010119565,0.15621187,-0.0037348233,0.09585954,0.015441264,253.58293,254.25043,340.0089,-1.1734855,13.665028,0.18054569
5,52,2,0.0024009997,0.035920523,0.0021396829,0.024683606,0.009097233,0.023128353,0.002286027,5.978235,-0.20119676,8.126357,1.2347516,0.046256706,0.004572054,0.15711017,-0.005287522,0.09537942,0.014492335,253.59502,254.34373,339.82047,-1.0335548,13.665028,0.19496788
5,53,2,0.0024009997,0.035580542,0.0028777032,0.024396906,0.008305932,0.026822114,-0.000344021,5.943415,-0.15199824,7.764892,1.2138568,0.05364423,-0.000688042,0.15619509,-0.0039945696,0.09113689,0.01424709,253.62851,254.4373,340.61044,-1.0618585,13.663412,0.20675592
5,54,2,0.0024009997,0.033565886,0.0029697586,0.022213401,0.008382728,0.027247746,-0.00077462906,5.671216,-0.23885703,7.800706,1.1753836,0.05449549,-0.0015492581,0.14904161,-0.0062772483,0.09155724,0.013795535,253.6278,254.50595,340.35574,-0.93652654,13.663412,0.19805591
5,55,2,0.0024009997,0.032198183,0.001968662,0.021758705,0.008470817,0.022184804,0.0019744306,5.6128726,-0.28916225,7.841584,1.0544709,0.04436961,0.0039488613,0.14750832,-0.0075992937,0.09203704,0.012376381,253.616,254.47467,340.42444,-0.7653086,13.663412,0.18025877
5,56,2,0.0024009997,0.03415174,0.002807827,0.023173364,0.008170548,0.026494466,-0.0005712286,5.792462,-0.15577982,7.7013493,1.0724025,0.05298893,-0.0011424572,0.152228,-0.0040939506,0.090391085,0.012586837,253.55568,254.13174,340.7228,-0.91662264,13.663412,0.18060657
5,57,2,0.0024009997,0.032477014,0.0027364972,0.022106532,0.0076339846,0.02615577,-0.0008215129,5.6575575,-0.41386113,7.4441786,0.88945985,0.05231154,-0.0016430258,0.14868265,-0.010876417,0.087372676,0.010439629,253.43651,253.56467,339.70004,-0.47559872,13.661907,0.16548564
5,58,2,0.0024009997,0.032230645,0.0019729275,0.022318698,0.007939019,0.022208825,0.0017280829,5.684642,-0.57725215,7.5914483,0.8274715,0.04441765,0.0034561658,0.14939444,-0.015170398,0.08910117,0.009712068,253.36324,253.18022,338.9152,-0.25021935,13.661907,0.16207232
5,59,2,0.0024009997,0.032854743,0.0027239372,0.022297906,0.007832898,0.026095675,-0.0005599204,5.6819935,-0.44052216,7.5405397,1.0136139,0.05219135,-0.0011198408,0.14932483,-0.011577076,0.08850366,0.011896828,253.35823,253.05164,339.29736,-0.57309175,13.661907,0.1648566
5,60,2,0.0024009997,0.03368147,0.002691538,0.023148641,0.007841292,0.025940018,-0.00086681085,5.7893715,-0.27844208,7.544578,0.98952913,0.051880036,-0.0017336217,0.15214677,-0.00731756,0.08855107,0.011614146,253.30481,252.82428,338.59442,-0.71108705,13.661907,0.16714244
5,61,2,0.0024009997,0.03086491,0.0019115882,0.021730544,0.007222777,0.021860857,0.0015856316,5.609239,-0.2314488,7.240914,0.7022218,0.043721713,0.0031712633,0.14741284,-0.0060825595,0.084986925,0.008242014,253.26428,252.66983,338.31937,-0.470773,13.660483,0.14242496
5,62,2,0.0024009997,0.032867342,0.0029746427,0.022993673,0.006899026,0.027270142,-0.0011005668,5.7699604,-0.14840089,7.0767703,0.7724804,0.054540284,-0.0022011336,0.15163665,-0.0039000306,0.08306038,0.009066637,253.23146,252.50598,338.63474,-0.6240795,13.660483,0.14368914
5,63,2,0.0024009997,0.0325891,0.0029265883,0.022562828,0.007099686,0.027048975,-0.0011777453,5.7156477,-0.27916726,7.178947,0.7345875,0.05409795,-0.0023554906,0.15020928,-0.0073366226,0.08425964,0.008621883,253.20233,252.44237,338.06818,-0.45542023,13.660483,0.14717992
5,64,2,0.0024009997,0.031389844,0.0017964535,0.02243071,0.007162678,0.021192295,0.0015879839,5.698889,-0.57780194,7.2107253,0.62658465,0.04238459,0.0031759678,0.14976886,-0.015184842,0.084632605,0.0073542558,253.25696,252.6793,338.29602,-0.048782706,13.660483,0.15189333
5,65,2,0.0024009997,0.030567553,0.0026755785,0.021530692,0.0063612834,0.025862997,-0.00094102795,5.583386,-0.6783798,6.7953777,0.6380889,0.051725995,-0.0018820559,0.1467334,-0.017828064,0.07975765,0.00748928,253.29135,252.79372,339.23486,0.040290892,13.659119,0.14151946
5,66,2,0.0024009997,0.03155548,0.0029637383,0.022230905,0.0063608377,0.027220113,-0.0015112608,5.6734505,-0.7282672,6.7951393,0.660377,0.054440226,-0.0030225215,0.14910032,-0.019139124,0.07975486,0.0077508735,253.23363,252.54565,338.4799,0.06789017,13.659119,0.141584
5,67,2,0.0024009997,0.030437574,0.0019743661,0.022146603,0.0063166036,0.02221692,0.0014586552,5.6626825,-0.8352099,6.771471,0.58123887,0.04443384,0.0029173105,0.14881735,-0.021949613,0.079477064,0.0068220263,253.239,252.53069,338.59528,0.25397104,13.659119,0.14806406
5,68,2,0.0024009997,0.029796332,0.0025778676,0.021195713,0.0060227513,0.025386352,-0.0008498096,5.5397816,-0.7488806,6.6120887,0.65816075,0.050772704,-0.0016996192,0.14558747,-0.019680854,0.07760639,0.007724859,253.262,252.62932,338.8738,0.09071988,13.659119,0.14947887
5,69,2,0.0024009997,0.029050956,0.0028090097,0.020341994,0.0058999504,0.026500046,-0.0011831285,5.42707,-0.79885024,6.5443325,0.5661386,0.053000093,-0.002366257,0.14262536,-0.020994069,0.076811135,0.006644793,253.25237,252.67815,338.13297,0.23271161,13.657781,0.14279519
5,70,2,0.0024009997,0.027802432,0.0017935674,0.02017333,0.0058355355,0.021175265,0.0014459013,5.4045243,-0.89591455,6.50851,0.5259091,0.04235053,0.0028918027,0.14203285,-0.02354496,0.076390676,0.0061726193,253.27454,252.75679,338.372,0.37000543,13.657781,0.14903165
5,71,2,0.0024009997,0.028401494,0.0025401341,0.020361586,0.0054997755,0.025199872,-0.0009985856,5.4296827,-0.72801006,6.318496,0.65591615,0.050399743,-0.0019971712,0.14269403,-0.019132366,0.07416047,0.0076985178,253.29916,252.8337,338.9809,0.072093904,13.657781,0.13879806
5,72,2,0.0024009997,0.030099751,0.00251585,0.021885572,0.0056983293,0.025079124,-0.0012831884,5.6292124,-0.75687706,6.4315395,0.5911508,0.050158247,-0.0025663767,0.14793773,-0.019891001,0.07548728,0.0069383634,253.25275,252.70146,338.25717,0.16572624,13.657781,0.14364575
5,73,2,0.0024009997,0.025624078,0.0017796083,0.01831644,0.0055280286,0.021092702,0.0011244776,5.149787,-0.84685403,6.3347044,0.3685626,0.042185403,0.0022489552,0.13533825,-0.02225563,0.074350715,0.0043258346,253.21114,252.46263,338.02563,0.47829142,13.656474,0.1306516
5,74,2,0.0024009997,0.026474344,0.00251446,0.018431298,0.005528586,0.025072195,-0.0011395261,5.165908,-0.80899656,6.3350234,0.50925714,0.05014439,-0.0022790523,0.13576192,-0.021260723,0.07435446,0.005977173,253.20352,252.30476,338.3934,0.29973942,13.656474,0.12785353
5,75,2,0.0024009997,0.026278786,0.0023632487,0.018666372,0.005249165,0.024306629,-0.0011357765,5.198746,-0.89595217,6.1728587,0.5657056,0.048613258,-0.002271553,0.13662493,-0.023545947,0.07245112,0.0066397116,253.18953,252.26709,337.77264,0.33024657,13.656474,0.14371018
5,76,2,0.0024009997,0.026265075,0.0017423707,0.019075446,0.005447259,0.020870857,0.0014193073,5.255402,-1.052587,6.2882566,0.5530602,0.041741714,0.0028386146,0.13811389,-0.027662365,0.07380555,0.0064912913,253.21611,252.42381,337.8353,0.49952686,13.656474,0.15402025
5,77,2,0.0024009997,0.024713432,0.0024161474,0.017517725,0.004779561,0.024577161,-0.00087905145,5.0362525,-0.6418092,5.8902707,0.5506744,0.049154323,-0.0017581029,0.13235454,-0.016866982,0.06913437,0.0064632893,253.20885,252.43054,338.26382,0.091134846,13.655171,0.110539734
5,78,2,0.0024009997,0.023687465,0.0025153863,0.01660977,0.0045623095,0.025076814,-0.001422909,4.904,-0.23826998,5.754844,0.56379336,0.050153628,-0.002845818,0.12887889,-0.0062618232,0.06754487,0.006617269,253.14868,252.21942,337.4289,-0.32552338,13.655171,0.098210774
5,79,2,0.0024009997,0.021146853,0.0016642213,0.014769216,0.0047134156,0.020397434,0.0007034694,4.624315,-0.21675266,5.849371,0.32562748,0.040794868,0.0014069388,0.12152866,-0.005696339,0.06865432,0.0038219057,253.0924,251.92558,337.16058,-0.10887481,13.655171,0.08882888
5,80,2,0.0024009997,0.021248579,0.0024109352,0.014339788,0.0044978564,0.024550637,-0.00169831,4.5565906,-0.12831485,5.7140493,0.29593924,0.049101274,-0.00339662,0.11974885,-0.0033721586,0.06706606,0.0034734525,253.07422,251.85081,337.65683,-0.16762438,13.655171,0.088834696
5,81,2,0.0024009997,0.023560397,0.0024009228,0.016697966,0.004461509,0.024499606,-0.0017477048,4.917002,-0.08781256,5.6909156,0.032897178,0.048999213,-0.0034954096,0.1292206,-0.0023077459,0.06679453,0.0003861159,253.00923,251.58716,336.9081,0.05491538,13.653887,0.08752809
5,82,2,0.0024009997,0.022589106,0.001701894,0.015883913,0.0050033,0.020627009,0.0003436389,4.7956495,-0.18601722,6.02656,-0.14113359,0.041254018,0.0006872778,0.1260314,-0.004888602,0.07073401,-0.0016564901,252.98015,251.4255,336.70908,0.32715082,13.653887,0.09240644
5,83,2,0.0024009997,0.024859447,0.0025312477,0.01726623,0.005061968,0.025155753,-0.0019363713,4.9999704,-0.17643882,6.0617905,-0.111604325,0.050311506,-0.0038727426,0.13140103,-0.004636877,0.07114751,-0.0013099042,252.95944,251.29498,337.0015,0.28804314,13.653887,0.10427556
5,84,2,0.0024009997,0.026169855,0.0023456358,0.018825728,0.0049984907,0.024215883,-0.0019818346,5.22089,-0.3264138,6.0236626,-0.039489515,0.048431765,-0.0039636693,0.13720688,-0.008578273,0.070700005,-0.00046349052,252.88838,250.97005,336.14276,0.36590332,13.653887,0.1166581
5,85,2,0.0024009997,0.024376253,0.0018310568,0.01765519,0.004890006,0.021395424,0.0004411398,5.0559745,-0.44655725,5.9579372,-0.27703288,0.04279085,0.0008822796,0.13287283,-0.011735686,0.06992858,-0.0032515465,252.8372,250.66171,335.9235,0.72359014,13.652563,0.11752043
5,86,2,0.0024009997,0.024166493,0.0026595662,0.016717507,0.00478942,0.02578549,-0.0017783812,4.9198785,-0.547012,5.8963413,-0.09895371,0.05157098,-0.0035567624,0.1292962,-0.01437567,0.069205634,-0.0011614267,252.82619,250.5926,336.21677,0.6459657,13.652563,0.12034026
5,87,2,0.0024009997,0.025010802,0.0024539486,0.017741356,0.004815496,0.024768673,-0.0016243014,5.068297,-0.43676478,5.9123716,-0.12091473,0.049537346,-0.0032486029,0.13319668,-0.0114783365,0.06939378,-0.0014191811,252.77571,250.47577,335.38147,0.55767953,13.652563,0.11327577
5,88,2,0.0024009997,0.021649705,0.001842704,0.014815476,0.0049915262,0.021463364,0.0006099656,4.6315513,-0.33463416,6.019465,-0.18353237,0.04292673,0.0012199312,0.12171884,-0.008794306,0.070650734,-0.0021541256,252.74615,250.29956,335.16486,0.51816654,13.652563,0.09401247
5,89,2,0.0024009997,0.022793617,0.002397989,0.015383824,0.0050118044,0.024484633,-0.0015373131,4.7195525,-0.0033299031,6.0316796,-0.24756414,0.048969265,-0.0030746262,0.124031544,-8.750925e-5,0.0707941,-0.0029056722,252.75134,250.2875,335.639,0.25089404,13.651186,0.1112187
5,90,2,0.0024009997,0.024829332,0.0025332265,0.016856452,0.005439653,0.025165584,-0.0017725747,4.9402823,0.13814484,6.2838645,-0.47286502,0.050331168,-0.0035451495,0.1298324,0.0036304973,0.073754005,-0.0055500385,252.68037,250.03062,334.82977,0.3347202,13.651186,0.13365828
5,91,2,0.0024009997,0.02428786,0.0020269877,0.016415408,0.0058454648,0.02251104,0.0004446508,4.875223,-0.03432164,6.514045,-0.6058852,0.04502208,0.0008893016,0.12812263,-0.00090198684,0.07645564,-0.0071112984,252.63808,249.81827,334.57196,0.6402069,13.651186,0.1200354
5,92,2,0.0024009997,0.026606122,0.00261701,0.01789943,0.0060896818,0.02557836,-0.0016191927,5.090827,-0.23725301,6.6487265,-0.53683156,0.05115672,-0.0032383853,0.13378875,-0.0062350933,0.07803641,-0.006300815,252.64832,249.86522,334.9348,0.77408457,13.651186,0.13201268
5,93,2,0.0024009997,0.026419561,0.0025188657,0.017998165,0.0059025306,0.025094151,-0.0014743757,5.1048474,0.09620959,6.545764,-0.68094164,0.050188303,-0.0029487514,0.13415724,0.002528426,0.07682793,-0.007992246,252.63988,249.84557,334.3296,0.58473206,13.649759,0.15036292
5,94,2,0.0024009997,0.02275486,0.0021498925,0.01472877,0.0058761956,0.023183467,0.00038114304,4.6179786,0.11514581,6.531145,-0.8791525,0.046366934,0.0007622861,0.12136214,0.0030260724,0.07665635,-0.010318652,252.64764,249.87262,334.54877,0.7640067,13.649759,0.13702662
5,95,2,0.0024009997,0.0230439,0.002493584,0.0142719075,0.0062784078,0.0249679,-0.0017187421,4.5457935,0.031175574,6.7509665,-0.7856684,0.0499358,-0.0034374841,0.11946509,0.00081930496,0.0792364,-0.009221419,252.65936,249.91379,335.0713,0.7544928,13.649759,0.1353168
5,96,2,0.0024009997,0.023603152,0.0023487366,0.015312396,0.0059420206,0.024231883,-0.0015405513,4.7085834,-0.05975471,6.5676246,-0.7088388,0.048463766,-0.0030811026,0.123743266,-0.0015703777,0.077084504,-0.008319672,252.64662,249.95462,334.62903,0.76859355,13.649759,0.14590059
5,97,2,0.0024009997,0.021496478,0.0021486988,0.013499426,0.005848354,0.02317703,0.00090597133,4.4210587,0.22933008,6.5156546,-1.0325214,0.04635406,0.0018119427,0.11618703,0.006026877,0.07647453,-0.01211875,252.62067,249.83945,334.55902,0.8031913,13.648244,0.13816544
5,98,2,0.0024009997,0.024907453,0.0027420884,0.015860312,0.0063050524,0.026182476,-0.0010027318,4.7920856,0.25041622,6.7652774,-0.90765256,0.052364953,-0.0020054637,0.12593773,0.006581031,0.07940436,-0.010653159,252.55994,249.53491,334.62405,0.65723634,13.648244,0.16344224
5,99,2,0.0024009997,0.025123801,0.0022939777,0.016684677,0.0061451467,0.023947744,-0.0008128668,4.9150457,0.026192887,6.6789355,-0.7492531,0.047895487,-0.0016257336,0.12916918,0.0006883602,0.078390986,-0.0087940125,252.46323,249.13573,333.5936,0.7230602,13.648244,0.16935413
5,100,2,0.0024009997,0.025740787,0.0020641892,0.016952544,0.006724054,0.022716675,0.0010948352,4.9543433,-0.0014641887,6.9864545,-0.86359465,0.04543335,0.0021896705,0.13020194,-3.8479917e-5,0.08200033,-0.010136048,252.42906,248.95926,333.43747,0.86505884,13.648244,0.16082509
