ic,traj,n_steps,eta,loss_total,loss_T,loss_olw,loss_slwd,rmse_T,bias_T,rmse_olw,bias_olw,rmse_slwd,bias_slwd,nrmse_T,nbias_T,nrmse_olw,nbias_olw,nrmse_slwd,nbias_slwd,mean_T,mean_olw,mean_slwd,bias_C,pnorm,gnorm
1,1,10,0.01,0.99353486,0.43461105,0.5022883,0.056635547,0.3296252,0.07116085,26.967781,8.871132,20.276163,-8.648409,0.6592504,0.1423217,0.708723,0.23313655,0.23798224,-0.101506785,252.63597,251.41576,336.5771,-0.222723,9.207767,4.8717904
1,2,10,0.01,0.985504,0.4293147,0.49944514,0.05674416,0.32761055,0.06751261,26.891348,8.534562,20.295593,-8.681886,0.6552211,0.13502522,0.70671433,0.22429143,0.23821032,-0.1018997,252.66415,251.38692,337.1932,0.14732361,9.207767,4.768221
1,3,10,0.01,0.4867592,0.2053889,0.24114387,0.0402264,0.22659926,0.015325686,18.685589,8.466914,17.088219,-8.730194,0.45319852,0.030651372,0.491064,0.22251357,0.2005652,-0.10246668,252.66586,251.31767,337.6255,0.2632799,9.172338,1.580406
1,4,10,0.01,0.4204007,0.16623232,0.21462446,0.039543916,0.20385799,0.025014574,17.628212,8.329389,16.942638,-8.610241,0.40771598,0.050029147,0.4632758,0.21889932,0.19885652,-0.10105879,252.61353,251.19086,336.97357,0.28085232,9.172338,1.4221909
1,5,10,0.01,0.30692744,0.19867672,0.08163144,0.026619293,0.22286583,0.0002556076,10.871698,7.3455048,13.90079,-6.6014924,0.44573167,0.0005112152,0.28571215,0.1930425,0.1631542,-0.077482,252.61295,251.14095,337.42966,-0.74401236,9.157209,2.2656436
1,6,10,0.01,0.34841853,0.236112,0.08521179,0.027094759,0.24295679,-0.009074377,11.107556,7.7362404,14.024387,-6.6527185,0.48591357,-0.018148754,0.2919106,0.20331119,0.16460486,-0.07808328,252.61905,251.16165,337.75433,-1.0835218,9.157209,2.3912504
1,7,10,0.01,0.18535277,0.10566548,0.06241583,0.01727146,0.16253114,0.004324706,9.506399,4.1312556,11.197105,-3.5237765,0.32506227,0.008649412,0.2498316,0.10857087,0.13142093,-0.04135874,252.57245,251.03185,337.06815,-0.6074791,9.157693,1.48039
1,8,10,0.01,0.1948371,0.113839574,0.064110234,0.016887281,0.1687006,0.0016792181,9.634571,3.9065776,11.071873,-3.6583197,0.3374012,0.0033584363,0.2532,0.10266627,0.12995107,-0.042937867,252.56487,250.94653,337.4724,-0.24825788,9.157693,1.4226756
1,9,10,0.01,0.17232765,0.082975924,0.078644656,0.010707061,0.14402771,0.0042372434,10.670954,-0.6675791,8.816096,-0.307227,0.28805542,0.008474487,0.28043655,-0.01754421,0.10347493,-0.0036059348,252.57474,250.93889,337.55917,0.9748061,9.166435,1.002301
1,10,10,0.01,0.15165506,0.06107679,0.079847135,0.010731139,0.123568594,0.012923344,10.752226,-0.282125,8.826004,-0.52309847,0.24713719,0.025846688,0.28257236,-0.0074143675,0.10359121,-0.0061396337,252.56616,250.99278,336.73184,0.80522346,9.166435,0.93262404
1,11,10,0.01,0.15123118,0.066223286,0.076765515,0.008242378,0.12866943,0.015706433,10.542698,-4.0782404,7.7351274,1.8462377,0.25733885,0.031412866,0.2770659,-0.1071776,0.090787545,0.021669379,252.63545,251.26933,337.43735,2.2320027,9.171598,1.1097907
1,12,10,0.01,0.15912615,0.07533816,0.07470602,0.009081969,0.137239,0.0124173835,10.400313,-4.446045,8.119537,2.2913468,0.274478,0.024834767,0.273324,-0.116843656,0.09529936,0.026893642,252.71109,251.5889,338.08893,2.1546981,9.171598,1.1251768
1,13,10,0.01,0.11833072,0.045969024,0.06391062,0.008451074,0.10720194,0.018838424,9.61956,-4.93892,7.832442,3.235826,0.21440388,0.03767685,0.2528055,-0.12979661,0.09192973,0.03797904,252.73491,251.7586,337.57486,1.703094,9.170451,0.9518981
1,14,10,0.01,0.12635687,0.05397519,0.06420393,0.00817774,0.11616281,0.018794984,9.641608,-5.0198717,7.704738,3.0793865,0.23232561,0.037589967,0.25338495,-0.13192405,0.090430856,0.036142897,252.76544,251.79585,337.87698,1.9404852,9.170451,0.9543125
1,15,10,0.01,0.10783453,0.050103012,0.05033196,0.007399561,0.11191851,0.011021046,8.536713,-3.6433086,7.3289905,3.0434883,0.22383702,0.022042092,0.22434786,-0.09574746,0.0860207,0.035721567,252.75615,251.64641,337.86246,0.5998204,9.166916,0.7306004
1,16,10,0.01,0.10087565,0.03929502,0.054160237,0.0074203974,0.09911486,0.016841814,8.855415,-3.6850123,7.339302,2.6484501,0.19822972,0.033683628,0.23272352,-0.09684346,0.08614173,0.031084975,252.70293,251.46922,336.9656,1.0365622,9.166916,0.71176517
1,17,10,0.01,0.08359611,0.03760899,0.039836243,0.006150879,0.09696519,0.012221346,7.5946517,-1.6861198,6.682051,1.8179022,0.19393037,0.024442691,0.19959019,-0.044311836,0.07842754,0.021336801,252.71684,251.49797,337.436,-0.13178241,9.164967,0.45489037
1,18,10,0.01,0.08288392,0.034749396,0.040921375,0.007213146,0.09320595,0.004406084,7.697396,-1.5806023,7.2360835,2.3244743,0.1864119,0.008812168,0.20229033,-0.041538797,0.08493024,0.027282458,252.73055,251.51776,337.95377,-0.74387205,9.164967,0.45058712
1,19,10,0.01,0.07720681,0.0357093,0.036021847,0.005475665,0.09448452,0.007346612,7.221904,1.0301598,6.3046308,1.4425591,0.18896905,0.014693224,0.18979423,0.02707297,0.073997736,0.016931383,252.7197,251.57335,337.46536,-2.472719,9.166341,0.32853585
1,20,10,0.01,0.0753396,0.037092995,0.033020556,0.005226045,0.09629771,0.006416086,6.914501,0.66781783,6.15925,1.4387637,0.19259542,0.012832172,0.1817156,0.017550498,0.07229139,0.016886836,252.74988,251.56311,338.12415,-2.1065817,9.166341,0.3283849
1,21,10,0.01,0.08968788,0.043274045,0.041257516,0.0051563135,0.10401207,-0.002913589,7.728945,2.9470491,6.1180196,1.0656694,0.20802414,-0.005827178,0.20311946,0.07744952,0.071807474,0.012507809,252.80252,251.79655,338.5516,-4.0127187,9.171292,0.4422422
1,22,10,0.01,0.09799671,0.050189808,0.04295376,0.0048531457,0.11201541,0.004309069,7.8862267,2.9143665,5.93544,0.766032,0.22403082,0.008618138,0.20725289,0.0765906,0.06966452,0.008990953,252.79425,251.81424,337.81787,-3.6803985,9.171292,0.44955766
1,23,10,0.01,0.09706097,0.047032356,0.045889378,0.004139237,0.10843472,0.0033131745,8.151261,3.8874764,5.4815245,0.23983881,0.21686944,0.006626349,0.21421807,0.10216429,0.0643369,0.0028149989,252.84474,251.94688,338.5845,-4.127315,9.179661,0.5284657
1,24,10,0.01,0.1006042,0.044959668,0.0504593,0.0051852283,0.106018476,-0.0032976787,8.547503,4.381635,6.1351495,0.5466504,0.21203695,-0.0065953573,0.22463147,0.115150936,0.07200853,0.0064160605,252.8608,252.03477,338.91705,-4.9282856,9.179661,0.56762743
1,25,10,0.01,0.09943687,0.04517082,0.049163926,0.005102122,0.10626714,0.002050602,8.437076,4.304337,6.0857854,-0.15725015,0.21253428,0.004101204,0.2217294,0.11311954,0.07142914,-0.0018456506,252.84056,252.0348,338.19083,-4.147087,9.190588,0.5684696
1,26,10,0.01,0.10506728,0.051584307,0.048825897,0.004657077,0.11356089,0.001828604,8.408021,3.9495838,5.8143063,-0.14980078,0.22712179,0.003657208,0.22096583,0.10379649,0.06824278,-0.0017582172,252.92464,252.34093,338.73737,-3.799783,9.190588,0.54596364
1,27,10,0.01,0.09170467,0.041042168,0.045972563,0.0046899337,0.10129433,-0.0034612014,8.158645,3.4270275,5.8347816,-0.48400387,0.20258866,-0.006922403,0.21441214,0.09006352,0.06848309,-0.005680776,252.9826,252.57635,339.14453,-2.9430237,9.203207,0.5168843
1,28,10,0.01,0.09591523,0.04078937,0.050939053,0.004186807,0.10098189,0.0008868783,8.588041,3.537218,5.512933,-0.85850453,0.20196378,0.0017737566,0.22569682,0.092959374,0.06470554,-0.010076309,252.94728,252.45361,338.25095,-2.6787136,9.203207,0.52239317
1,29,10,0.01,0.08341933,0.0372473,0.041434664,0.0047373706,0.0964978,0.002414741,7.74552,2.3438082,5.864215,-0.9530218,0.1929956,0.004829482,0.20355506,0.061596118,0.06882856,-0.011185658,252.97446,252.39331,338.75095,-1.3907864,9.21755,0.34210265
1,30,10,0.01,0.08215339,0.036161594,0.0403725,0.0056192977,0.09508101,-0.0035833889,7.6455984,2.699378,6.3867846,-0.72241926,0.19016202,-0.0071667777,0.20092909,0.07094063,0.074961975,-0.008479066,253.01549,252.47368,339.1882,-1.9769588,9.21755,0.34045818
1,31,10,0.01,0.06034319,0.024422957,0.030673578,0.005246653,0.07813923,0.0013392315,6.6642447,0.9540502,6.1713815,-1.1766193,0.15627846,0.002678463,0.17513874,0.025072781,0.072433785,-0.013810035,253.01591,252.63403,338.48825,0.22256911,9.233645,0.1936035
1,32,10,0.01,0.06863287,0.031985592,0.03134058,0.005306702,0.08942258,0.002448815,6.736312,0.57602113,6.2065973,-1.0196011,0.17884517,0.00489763,0.17703271,0.015138046,0.07284711,-0.011967103,253.07828,252.85677,339.15625,0.44357997,9.233645,0.1941376
1,33,10,0.01,0.06654554,0.029665941,0.02993813,0.0069414685,0.08611902,-0.0024353664,6.583865,-0.9836145,7.098505,-0.4993506,0.17223804,-0.004870733,0.17302638,-0.025849752,0.08331548,-0.0058609005,253.1448,253.09375,339.85867,1.4829651,9.250991,0.17947201
1,34,10,0.01,0.061230905,0.024657601,0.029397571,0.0071757315,0.0785137,0.0043150736,6.5241566,-0.84757316,7.217292,-0.7267235,0.1570274,0.008630147,0.1714572,-0.022274526,0.08470969,-0.008529587,253.12286,253.04225,339.20746,1.5742967,9.250991,0.1721512
1,35,10,0.01,0.062092353,0.02632863,0.030139133,0.005624588,0.0811305,0.0038701037,6.6059318,-1.9594532,6.38979,-1.0567973,0.162261,0.0077402075,0.17360626,-0.051495146,0.07499725,-0.012403678,253.09822,252.86923,339.2402,3.0162506,9.268017,0.24164474
1,36,10,0.01,0.068444654,0.029679026,0.032903142,0.0058624884,0.08613801,-0.003079625,6.9021974,-1.925595,6.5235233,-0.86712587,0.17227602,-0.00615925,0.18139224,-0.050605334,0.07656689,-0.010177497,253.10017,252.83217,339.25705,2.7927208,9.268017,0.23886064
1,37,10,0.01,0.06417948,0.022858799,0.034870144,0.006450539,0.07559563,0.0052833953,7.105515,-2.5236213,6.842885,-0.64032066,0.15119126,0.010566791,0.1867355,-0.066321686,0.08031525,-0.007515469,253.10742,252.92088,338.9816,3.1639419,9.28371,0.29389137
1,38,10,0.01,0.06883867,0.0277798,0.034972653,0.006086218,0.08333637,0.005198315,7.1159515,-2.619558,6.646836,-0.5719903,0.16667274,0.01039663,0.18700977,-0.06884293,0.07801422,-0.0067134765,253.14229,253.00699,339.5141,3.1915483,9.28371,0.31654623
1,39,10,0.01,0.07264758,0.031185726,0.035231113,0.0062307445,0.088297404,-0.0012539666,7.142197,-2.932712,6.725292,-0.4893648,0.17659481,-0.0025079332,0.18769953,-0.07707273,0.078935064,-0.005743698,253.15503,253.06519,339.666,3.422077,9.297276,0.33877608
1,40,10,0.01,0.0661765,0.024383763,0.03528641,0.006506325,0.078076504,0.0045197546,7.147801,-2.7956393,6.87241,-0.60106087,0.15615301,0.009039509,0.18784678,-0.07347041,0.080661796,-0.0070546805,253.09947,252.89763,338.90033,3.3967001,9.297276,0.32110912
1,41,10,0.01,0.061263785,0.024392176,0.030475702,0.0063959067,0.078089975,0.0035489914,6.642714,-2.5013728,6.813845,-0.7227644,0.15617995,0.007097983,0.17457291,-0.06573698,0.07997441,-0.0084831165,253.07019,252.6166,339.16013,3.2241373,9.308245,0.27938005
1,42,10,0.01,0.074343756,0.033152938,0.03378285,0.0074079656,0.09103974,-0.0024279868,6.993858,-2.613298,7.3331523,-0.4503768,0.18207948,-0.0048559736,0.18380111,-0.06867841,0.08606954,-0.005286094,253.1032,252.70879,339.3947,3.0636747,9.308245,0.30040428
1,43,10,0.01,0.061451778,0.022613231,0.031511597,0.0073269513,0.07518848,0.0014998768,6.754666,-1.8142717,7.2929435,-1.0657667,0.15037696,0.0029997537,0.17751506,-0.04767972,0.08559761,-0.012508952,253.1309,252.89655,338.8711,2.8800383,9.317173,0.20132557
1,44,10,0.01,0.062407263,0.02700605,0.028391017,0.0070101945,0.08216759,0.00075599644,6.4114923,-1.8605927,7.1335588,-1.1890275,0.16433518,0.0015119929,0.16849634,-0.04889705,0.083726905,-0.013955671,253.1904,253.09583,339.40054,3.0496202,9.317173,0.20176822
1,45,10,0.01,0.06350824,0.033625152,0.02300149,0.006881604,0.09168581,-0.0067262957,5.770942,-1.130505,7.06783,-1.1841769,0.18337162,-0.013452591,0.15166242,-0.029710077,0.082955435,-0.013898738,253.20123,253.07245,339.59708,2.314682,9.325056,0.1576818
1,46,10,0.01,0.05447787,0.02313955,0.024223302,0.0071150227,0.07605845,8.2808765e-5,5.922231,-0.8081062,7.186698,-1.3376398,0.1521169,0.00016561753,0.15563837,-0.021237327,0.08435059,-0.01569994,253.16869,253.03911,338.67508,2.145746,9.325056,0.10771155
1,47,10,0.01,0.053775985,0.025101947,0.022102702,0.0065713325,0.07921797,-0.00056214706,5.6570683,-0.021089071,6.9066577,-1.4404056,0.15843594,-0.0011242941,0.14866978,-0.00055422564,0.081063755,-0.016906109,253.2178,253.2335,339.03378,1.4614947,9.332911,0.114606984
1,48,10,0.01,0.06700811,0.03593507,0.024079235,0.0069938004,0.09478274,-0.0077190814,5.9045935,-0.18663178,7.1252127,-0.98557395,0.18956548,-0.015438163,0.15517485,-0.0049047517,0.083628945,-0.011567725,253.31183,253.57086,339.73248,1.1722057,9.332911,0.1523347
1,49,10,0.01,0.05716175,0.024286922,0.025837636,0.0070371917,0.07792131,0.0012485925,6.1163883,0.40371528,7.1472816,-0.6727048,0.15584262,0.002497185,0.1607409,0.010609784,0.08388797,-0.007895574,253.36812,253.90063,339.7232,0.26898953,9.341234,0.12571026
1,50,10,0.01,0.057904612,0.027878901,0.023719547,0.0063061635,0.08348488,0.0017039237,5.8603277,0.25385565,6.765873,-0.68369144,0.16696976,0.0034078474,0.15401152,0.006671418,0.07941136,-0.008024512,253.42317,254.15207,340.54605,0.4298358,9.341234,0.12224645
1,51,10,0.01,0.06466828,0.034700558,0.023148028,0.006819694,0.09314043,-0.0036526148,5.7892942,0.764422,7.035965,-0.3257315,0.18628086,-0.0073052295,0.15214476,0.020089291,0.08258144,-0.0038231243,253.42426,254.14351,340.68695,-0.4386905,9.349299,0.18935803
1,52,10,0.01,0.053644188,0.023451451,0.023421211,0.006771529,0.07656933,0.0013392345,5.8233566,1.2128996,7.011075,-0.51727605,0.15313867,0.002678469,0.1530399,0.031875443,0.0822893,-0.0060713016,253.3622,253.88802,339.57114,-0.6956235,9.349299,0.16964884
1,53,10,0.01,0.05452181,0.023716077,0.025065655,0.0057400786,0.077000126,0.0018054254,6.024322,1.3600826,6.4550576,-0.37115023,0.15400025,0.0036108508,0.15832137,0.035743464,0.07576331,-0.004356202,253.35413,253.71867,339.83508,-0.9889324,9.356951,0.16878027
1,54,10,0.01,0.067275316,0.03806288,0.023709092,0.005503341,0.09754855,-0.0051180534,5.8590355,1.1580746,6.320544,-0.23206979,0.1950971,-0.010236107,0.15397757,0.030434614,0.07418451,-0.002723816,253.33504,253.63057,339.89816,-0.9260048,9.356951,0.22249039
1,55,10,0.01,0.047495153,0.021172471,0.021239122,0.005083557,0.07275382,0.0026940908,5.545452,1.1237236,6.0747037,-0.08678463,0.14550763,0.0053881817,0.14573649,0.029531863,0.07129907,-0.0010185961,253.27458,253.4057,338.80392,-1.036939,9.364382,0.16295634
1,56,10,0.01,0.051840313,0.024913983,0.022008983,0.004917345,0.07892082,0.0046090176,5.645061,1.0406508,5.974569,0.029507859,0.15784164,0.009218035,0.14835425,0.02734868,0.070123784,0.0003463376,253.29318,253.43414,339.0931,-1.0701587,9.364382,0.15550314
1,57,10,0.01,0.060137656,0.033690866,0.021403203,0.0050435863,0.09177536,-0.0003930347,5.5668306,0.98366416,6.050774,0.6811864,0.18355072,-0.0007860694,0.14629833,0.025851047,0.07101821,0.007995114,253.32797,253.5204,339.45798,-1.6648505,9.371003,0.16635904
1,58,10,0.01,0.04879471,0.021176938,0.022331443,0.0052863304,0.07276149,0.0048408196,5.686264,1.2367066,6.194672,0.50477064,0.14552298,0.009681639,0.14943708,0.0325011,0.072707154,0.0059245187,253.32178,253.44795,338.6794,-1.7414773,9.371003,0.15418461
1,59,10,0.01,0.048511233,0.022826165,0.021048168,0.0046369024,0.07554165,0.005057115,5.5204673,0.76706374,5.8016987,0.73773474,0.1510833,0.01011423,0.14507987,0.020158704,0.068094805,0.00865883,253.40532,253.7592,339.1587,-1.5047984,9.377267,0.122459285
1,60,10,0.01,0.057736948,0.031737477,0.020785948,0.005213521,0.08907507,-0.0013417231,5.485972,0.5987345,6.1518645,0.9958188,0.17815015,-0.0026834463,0.14417332,0.015734958,0.07220472,0.011687969,253.49933,254.17294,340.04602,-1.5945532,9.377267,0.1389843
1,61,10,0.01,0.0449226,0.01968824,0.019590246,0.005644116,0.070157394,0.0064500812,5.325846,0.26995417,6.4008727,1.1557901,0.14031479,0.0129001625,0.13996516,0.0070944964,0.07512733,0.013565557,253.47581,254.16324,339.70532,-1.4257443,9.382782,0.08548623
1,62,10,0.01,0.044856142,0.020027626,0.01988693,0.004941586,0.0707595,0.0045656743,5.366024,0.19256754,5.9892764,1.1185722,0.141519,0.009131349,0.14102103,0.005060744,0.070296414,0.013128734,253.47697,254.12648,339.915,-1.3111398,9.382782,0.082505144
1,63,10,0.01,0.050433654,0.027565388,0.017771529,0.0050967378,0.08301414,-0.00026288177,5.0726056,-0.13521622,6.082574,1.3600434,0.16602828,-0.00052576355,0.1333099,-0.0035535302,0.07139144,0.01596289,253.47462,254.10555,340.18497,-1.2248272,9.386395,0.090157524
1,64,10,0.01,0.045615852,0.020896826,0.019610202,0.0051088245,0.07227867,0.006108649,5.3285584,0.09092709,6.089782,1.2595031,0.14455734,0.012217298,0.14003643,0.0023895972,0.07147604,0.014782848,253.42326,253.89075,339.29395,-1.3504303,9.386395,0.094551966
1,65,10,0.01,0.0462108,0.02100864,0.019440647,0.0057615107,0.07247179,0.00618888,5.305472,-0.28153908,6.467097,1.0287476,0.14494358,0.01237776,0.13942972,-0.0073989546,0.075904615,0.012074454,253.46631,253.98318,339.60483,-0.7472085,9.387873,0.12332888
1,66,10,0.01,0.054857187,0.030925745,0.017845148,0.0060862936,0.087928586,-0.0015858896,5.083101,-0.4051993,6.6468773,1.3429765,0.17585717,-0.0031717792,0.13358574,-0.0106487805,0.0780147,0.015762577,253.51353,254.16742,339.9938,-0.93777716,9.387873,0.09704537
1,67,10,0.01,0.047478013,0.02320081,0.018953249,0.005323955,0.07615906,0.005909638,5.238543,-0.41604722,6.2166796,0.7513373,0.15231812,0.011819276,0.1376708,-0.010933869,0.072965436,0.008818479,253.52884,254.29514,339.58038,-0.33529007,9.387169,0.11423233
1,68,10,0.01,0.04548895,0.021104388,0.018829573,0.0055549904,0.072636746,0.0050194906,5.221423,-0.50090176,6.350134,0.53533375,0.14527349,0.010038981,0.13722089,-0.013163875,0.07453181,0.0062832385,253.59248,254.49594,340.1426,-0.034431994,9.387169,0.13019362
1,69,10,0.01,0.050777342,0.02640479,0.018166324,0.0062062265,0.081247754,-0.0026682513,5.1286397,-0.4158753,6.712048,0.07301654,0.16249551,-0.0053365026,0.13478251,-0.010929351,0.07877961,0.0008569974,253.65996,254.84549,340.8354,0.34285873,9.384545,0.09353218
1,70,10,0.01,0.0424312,0.018541295,0.017700795,0.006189112,0.06808321,0.0030376322,5.0625005,-0.28743485,6.7027864,-0.18001772,0.13616642,0.0060752644,0.13304433,-0.0075538913,0.07867091,-0.0021128769,253.6898,255.11404,340.5229,0.4674526,9.384545,0.10753252
1,71,10,0.01,0.04220372,0.020565448,0.016198928,0.0054393434,0.07170329,0.0028496834,4.84297,0.06455302,6.283687,-1.1070096,0.14340658,0.005699367,0.127275,0.0016964794,0.073751904,-0.01299302,253.72607,255.25403,340.8345,1.0424566,9.380814,0.10738961
1,72,10,0.01,0.048733987,0.027043005,0.016222471,0.0054685087,0.08222379,-0.0033202602,4.8464885,0.20228362,6.3005095,-1.0005727,0.16444758,-0.0066405204,0.12736747,0.005316085,0.07394937,-0.011743766,253.70944,255.16957,340.8641,0.79828906,9.380814,0.09866402
1,73,10,0.01,0.041574217,0.019092413,0.016774982,0.005706826,0.06908765,0.0020596161,4.9283295,0.83086157,6.4363337,-1.8607292,0.1381753,0.0041192323,0.12951827,0.021835342,0.07554354,-0.021839464,253.66704,254.98337,340.03882,1.0298676,9.37689,0.11825497
1,74,10,0.01,0.045255397,0.020769743,0.018544156,0.005941498,0.07205856,0.00076761335,5.1816993,0.66459954,6.5673347,-2.083527,0.14411712,0.0015352267,0.13617693,0.017465914,0.077081114,-0.024454454,253.67755,254.96689,340.26886,1.4189276,9.37689,0.113597244
1,75,10,0.01,0.052916028,0.030014439,0.01800022,0.0049013677,0.08662338,-0.0060371435,5.105139,0.7324427,5.9648542,-2.4890413,0.17324676,-0.012074287,0.1341649,0.019248856,0.07000977,-0.029213995,253.6757,254.9616,340.472,1.7565987,9.37349,0.11206715
1,76,10,0.01,0.04554266,0.019054867,0.021505306,0.00498249,0.06901968,0.00054521585,5.5800934,0.7901891,6.0140133,-2.6035922,0.13803937,0.0010904317,0.14664687,0.020766454,0.070586756,-0.030558476,253.60957,254.72017,339.42838,1.8134031,9.37349,0.118323274
1,77,10,0.01,0.040288996,0.017171655,0.018404381,0.0047129565,0.06552033,0.0001266042,5.162134,0.42956606,5.849085,-2.7604148,0.13104066,0.0002532084,0.13566275,0.011289149,0.068650976,-0.03239911,253.59647,254.55765,340.0387,2.3308487,9.371027,0.1055853
1,78,10,0.01,0.043817904,0.023473788,0.015785467,0.0045586475,0.07660579,-0.006269638,4.780765,0.4394148,5.752534,-2.5353024,0.15321158,-0.012539276,0.12564023,0.011547982,0.06751776,-0.029756956,253.57579,254.40977,340.20218,2.0958877,9.371027,0.122581445
1,79,10,0.01,0.035170943,0.016064737,0.014642081,0.0044641243,0.06337337,0.00012700907,4.604368,0.5648916,5.6925826,-2.4398293,0.12674674,0.00025401814,0.12100447,0.014845556,0.0668141,-0.028636388,253.53787,254.27061,339.397,1.8749378,9.369679,0.08128198
1,80,10,0.01,0.037252415,0.01807831,0.014438153,0.0047359504,0.0672278,-0.0007268803,4.572192,0.7141435,5.863336,-2.551401,0.1344556,-0.0014537605,0.120158866,0.01876795,0.06881824,-0.029945908,253.52338,254.1277,339.52066,1.8372574,9.369679,0.090005115
1,81,10,0.01,0.042253885,0.023488762,0.014677359,0.004087764,0.07663022,-0.006194261,4.6099114,0.61420274,5.4473357,-2.1881027,0.15326044,-0.012388522,0.12115015,0.01614147,0.06393562,-0.025681859,253.49886,254.01137,339.36008,1.5739,9.370004,0.106069624
1,82,10,0.01,0.034699533,0.015679253,0.014764182,0.0042560967,0.06260841,0.0014312075,4.6235266,0.53670245,5.5583634,-2.3985069,0.12521683,0.002862415,0.12150795,0.014104733,0.06523877,-0.028151384,253.44464,253.86377,338.807,1.8618045,9.370004,0.072757736
1,83,10,0.01,0.032642066,0.015088315,0.013506942,0.004046811,0.06141725,0.0007634549,4.42229,-0.11467477,5.419979,-1.8517314,0.1228345,0.0015269098,0.11621937,-0.0030136933,0.06361455,-0.021733858,253.42207,253.70636,339.1755,1.9664062,9.372233,0.072191134
1,84,10,0.01,0.03799703,0.020171827,0.014163457,0.0036617434,0.07101378,-0.003747869,4.528489,-0.2518966,5.15567,-1.6392413,0.14202756,-0.007495738,0.11901032,-0.0066199284,0.06051234,-0.019239847,253.40468,253.6134,339.36288,1.891138,9.372233,0.09311732
1,85,10,0.01,0.03370799,0.015308149,0.014769194,0.003630649,0.061863054,0.004110979,4.6243114,-0.33808598,5.1337333,-1.0744601,0.12372611,0.008221958,0.12152857,-0.008885022,0.060254868,-0.01261099,253.35246,253.44928,338.43185,1.4125462,9.375909,0.09418088
1,86,10,0.01,0.033863384,0.01656783,0.013506074,0.0037894791,0.06435804,0.0034395936,4.4221478,-0.38648853,5.244825,-1.0512078,0.12871608,0.006879187,0.11621564,-0.010157058,0.061558746,-0.012338072,253.37244,253.39229,338.74176,1.4376963,9.375909,0.10322187
1,87,10,0.01,0.03706282,0.020077864,0.013132485,0.003852473,0.07084819,0.0008088834,4.3605585,-0.47472832,5.288239,-0.15367238,0.14169638,0.0016177668,0.11459705,-0.012476034,0.062068295,-0.0018036606,253.42677,253.56471,339.08176,0.6284007,9.380501,0.10973516
1,88,10,0.01,0.040018074,0.019465964,0.016274657,0.004277452,0.06976024,0.007414625,4.854277,-0.42985904,5.572291,-0.30832526,0.13952048,0.01482925,0.12757216,-0.011296852,0.06540223,-0.0036188264,253.43715,253.6754,338.5078,0.73818433,9.380501,0.118896514
1,89,10,0.01,0.036446333,0.016813133,0.015177159,0.0044560446,0.06483273,0.008541848,4.687744,-0.5022665,5.687429,0.18543574,0.12966546,0.017083695,0.12319561,-0.013199746,0.06675361,0.0021764673,253.46004,253.73793,339.07056,0.31683078,9.385544,0.104308486
1,90,10,0.01,0.03894584,0.021517277,0.013294006,0.004134557,0.07334384,0.0023194232,4.3872924,-0.36187115,5.478425,0.36537984,0.14668769,0.0046388465,0.115299635,-0.009510106,0.06430052,0.00428848,253.43655,253.62166,339.1712,-0.003508687,9.385544,0.1068909
1,91,10,0.01,0.031619135,0.0153916245,0.012199608,0.0040279026,0.062031493,0.008106204,4.202828,-0.10070836,5.407303,0.5707878,0.124062985,0.016212407,0.11045183,-0.002646652,0.06346576,0.0066993623,253.38374,253.46165,338.42236,-0.47007942,9.390359,0.07674983
1,92,10,0.01,0.032466013,0.016433652,0.011765989,0.0042663724,0.064096905,0.0074885166,4.1274605,-0.16332808,5.565069,0.5446204,0.12819381,0.014977033,0.10847114,-0.0042923223,0.065317474,0.006392236,253.3684,253.33243,338.6172,-0.3812923,9.390359,0.09667807
1,93,10,0.01,0.04015179,0.021823997,0.013943519,0.0043842704,0.073864736,0.0034526074,4.493191,0.1386067,5.641439,1.0189646,0.14772947,0.006905215,0.11808268,0.0036426352,0.066213824,0.011959635,253.34138,253.15564,338.63428,-1.1575713,9.39422,0.11415644
1,94,10,0.01,0.035320867,0.015549494,0.015609421,0.004161953,0.062348805,0.008261957,4.754031,0.39356032,5.496545,0.8496719,0.12469761,0.016523914,0.12493767,0.010342905,0.0645132,0.009972639,253.2771,252.89915,337.85565,-1.2432323,9.39422,0.12650557
1,95,10,0.01,0.033063404,0.013533821,0.015567714,0.0039618686,0.058167476,0.0062435498,4.747677,0.47615144,5.3627954,0.6097969,0.11633495,0.0124870995,0.12477065,0.012513434,0.06294338,0.0071572126,253.2251,252.66559,338.07977,-1.0859483,9.39717,0.14613007
1,96,10,0.01,0.038653973,0.01860374,0.016119624,0.00393061,0.068197764,0.0018064837,4.831101,0.27939463,5.3415976,0.6728818,0.13639553,0.0036129674,0.12696308,0.00734259,0.06269458,0.007897642,253.16971,252.40468,338.0397,-0.9522764,9.39717,0.1362514
1,97,10,0.01,0.03539029,0.015566839,0.016074836,0.0037486157,0.06238357,0.007783361,4.824385,0.4060798,5.2164693,0.3521509,0.12476714,0.015566722,0.12678657,0.010671923,0.06122594,0.0041332105,253.1136,252.21236,337.03696,-0.7582307,9.399275,0.087241106
1,98,10,0.01,0.032427505,0.0134808235,0.014535259,0.004411423,0.058053475,0.0064204377,4.587542,0.4300047,5.658881,0.35998374,0.11610695,0.012840875,0.12056226,0.011300678,0.06641854,0.0042251474,253.11313,252.16016,337.4328,-0.7899884,9.399275,0.096428536
1,99,10,0.01,0.03313668,0.016424814,0.012692384,0.0040194835,0.064079665,0.0014516377,4.28687,0.3158338,5.401649,0.25147638,0.12815933,0.0029032754,0.11266048,0.008300225,0.0633994,0.0029515915,253.1153,252.10522,337.86774,-0.5673102,9.401097,0.07916274
1,100,10,0.01,0.03096336,0.014769918,0.012431682,0.0037617588,0.060765777,0.0074246014,4.242615,0.29159024,5.2256064,0.109624766,0.12153155,0.014849203,0.111497454,0.0076630996,0.06133318,0.001286671,253.12448,252.21011,337.3241,-0.40121502,9.401097,0.060982335
2,1,10,0.0069999998,0.18923575,0.05231157,0.09649612,0.040428065,0.11435861,0.01311307,11.820167,0.1535438,17.131,-1.6897848,0.22871722,0.02622614,0.31063825,0.0040351693,0.20106731,-0.019833088,251.83002,247.89172,331.99503,1.5362409,9.40294,1.0535839
2,2,10,0.0069999998,0.19745143,0.05461912,0.10193542,0.040896893,0.11685367,0.011111416,12.14874,0.0924584,17.230043,-1.8202987,0.23370734,0.022222832,0.31927326,0.002429837,0.2022298,-0.021364938,251.88115,248.03377,332.64597,1.7278403,9.40294,1.1391301
2,3,10,0.0069999998,0.16229042,0.04600407,0.07858078,0.037705563,0.1072428,0.006426591,10.666619,-0.34205243,16.54413,-1.9229472,0.2144856,0.012853182,0.28032264,-0.008989267,0.1941792,-0.022569733,251.93819,248.31339,333.0607,2.2649996,9.399253,0.85894
2,4,10,0.0069999998,0.16060422,0.04618707,0.078194536,0.036222626,0.10745589,0.012397705,10.640373,-0.14415394,16.21553,-2.128336,0.21491177,0.02479541,0.27963287,-0.0037884181,0.19032243,-0.02498039,251.93912,248.45944,332.78918,2.2724898,9.399253,0.8373834
2,5,10,0.0069999998,0.11636514,0.0351019,0.052809417,0.028453821,0.093677506,0.011208072,8.744286,-0.84734184,14.371812,-1.9569708,0.18735501,0.022416145,0.229803,-0.02226845,0.1686826,-0.022969047,251.94693,248.45111,333.45483,2.8043127,9.3936405,0.45359927
2,6,10,0.0069999998,0.11145365,0.031008838,0.052343663,0.028101156,0.08804663,0.0052942503,8.705641,-0.867296,14.282469,-1.8318198,0.17609327,0.010588501,0.22878738,-0.022792855,0.167634,-0.021500142,251.91084,248.21382,333.4286,2.6991158,9.3936405,0.45957133
2,7,10,0.0069999998,0.09337317,0.02961534,0.042579774,0.021178057,0.08604554,0.009293893,7.8518205,-1.3557718,12.398931,-1.7568822,0.17209108,0.018587787,0.20634867,-0.035630155,0.14552683,-0.020620616,251.88731,248.0835,332.8652,3.112654,9.388287,0.3202602
2,8,10,0.0069999998,0.08364092,0.022931535,0.040214416,0.02049497,0.07571581,0.008825128,7.6306157,-1.6699904,12.197331,-1.6584867,0.15143162,0.017650256,0.20053533,-0.04388796,0.14316064,-0.019465735,251.91682,248.11429,333.52774,3.3284771,9.388287,0.33037716
2,9,10,0.0069999998,0.07246638,0.01911782,0.037281133,0.01606743,0.0691336,0.002727187,7.347054,-2.1305933,10.799768,-1.438452,0.1382672,0.005454374,0.19308323,-0.055992752,0.12675737,-0.016883181,251.91574,248.08313,333.70013,3.5690453,9.384011,0.40113845
2,10,10,0.0069999998,0.07049926,0.017648106,0.03710354,0.015747616,0.06642309,0.0073354025,7.329534,-1.706464,10.691747,-1.6544251,0.13284618,0.014670805,0.1926228,-0.044846483,0.1254895,-0.019418057,251.9074,248.0252,333.01172,3.3608892,9.384011,0.35997686
2,11,10,0.0069999998,0.064904705,0.01760681,0.03454822,0.012749675,0.06634533,0.00394241,7.072639,-2.01374,9.620347,-1.3247353,0.13269065,0.00788482,0.18587151,-0.052921817,0.11291446,-0.015548483,251.98055,248.39397,333.63196,3.3384752,9.381096,0.42255747
2,12,10,0.0069999998,0.07044765,0.020054407,0.03749089,0.012902355,0.070806794,-6.929397e-5,7.3676934,-2.0284817,9.677779,-1.2135794,0.14161359,-0.00013858794,0.19362564,-0.053309232,0.113588534,-0.0142438365,252.05347,248.74109,334.1975,3.2420611,9.381096,0.42973557
2,13,10,0.0069999998,0.0664796,0.019326063,0.036480546,0.010672991,0.069509104,0.0028334658,7.2677393,-1.5807152,8.802058,-0.93085027,0.13901821,0.0056669316,0.19099881,-0.04154175,0.10331017,-0.010925428,252.09932,248.99553,333.88278,2.5115654,9.379328,0.36406553
2,14,10,0.0069999998,0.06315833,0.018308513,0.034144457,0.01070536,0.067654476,0.002746904,7.03119,-1.7927215,8.815397,-0.8501313,0.13530895,0.005493808,0.18478219,-0.047113374,0.10346671,-0.009978031,252.18726,249.38019,334.85947,2.6428528,9.379328,0.3799177
2,15,10,0.0069999998,0.05466783,0.016992986,0.02827208,0.009402768,0.06517857,-0.0043655545,6.3980494,-1.5739316,8.261693,-0.34810168,0.13035715,-0.008731109,0.16814303,-0.041363485,0.09696787,-0.0040856875,252.2314,249.42242,335.06268,1.9220333,9.378832,0.30753615
2,16,10,0.0069999998,0.057471734,0.019536862,0.028817235,0.009117638,0.06988716,0.00019396374,6.4594393,-1.3315601,8.135465,-0.52325594,0.13977432,0.0003879275,0.1697564,-0.034993883,0.09548632,-0.006141476,252.23473,249.54965,334.54352,1.8548161,9.378832,0.30031964
2,17,10,0.0069999998,0.04690257,0.01803281,0.020387445,0.008482319,0.06714315,-0.0022681258,5.43313,-1.1302356,7.8469067,0.020392755,0.1342863,-0.0045362515,0.14278461,-0.029702999,0.09209951,0.00023934817,252.21396,249.50682,334.95633,1.1098428,9.379534,0.24011648
2,18,10,0.0069999998,0.048078764,0.01780219,0.021775797,0.008500776,0.066712424,-0.006528523,5.6150765,-1.1549246,7.85544,0.13590449,0.13342485,-0.013057046,0.14756624,-0.030351838,0.09219965,0.001595119,252.17993,249.23735,335.15585,1.0190201,9.379534,0.24413879
2,19,10,0.0069999998,0.049107846,0.022018446,0.018995164,0.008094235,0.07419307,-0.0036557838,5.2443323,-0.44666025,7.6653,0.41331166,0.14838614,-0.0073115677,0.13782294,-0.011738393,0.089967966,0.004851059,252.12373,249.01508,334.2586,0.03334859,9.381281,0.23993932
2,20,10,0.0069999998,0.050964817,0.02384498,0.019081226,0.00803861,0.0772091,-0.004718047,5.256199,-0.6276429,7.638915,0.4122343,0.1544182,-0.009436094,0.1381348,-0.016494684,0.0896583,0.0048384126,252.13942,249.00642,334.68018,0.21540862,9.381281,0.23516153
2,21,10,0.0069999998,0.044764884,0.02156067,0.015383559,0.007820656,0.07341776,-0.008881028,4.719512,-0.32360536,7.534646,0.7635432,0.14683552,-0.017762056,0.12403048,-0.008504465,0.08843447,0.00896174,252.1807,249.21086,335.14386,-0.43993783,9.383655,0.25055295
2,22,10,0.0069999998,0.047091022,0.023199212,0.016020618,0.007871192,0.07615644,-0.0035926164,4.8162417,-0.040593985,7.5589504,0.6770541,0.15231287,-0.007185233,0.12657258,-0.0010668256,0.08871974,0.007946616,252.18279,249.28355,334.71933,-0.6364601,9.383655,0.23163399
2,23,10,0.0069999998,0.04380755,0.021098115,0.014832555,0.007876882,0.07262595,-0.003637345,4.6342206,0.42476034,7.5616817,0.9036081,0.1452519,-0.00727469,0.12178898,0.011162857,0.0887518,0.01060569,252.23453,249.41954,335.23776,-1.3283684,9.386182,0.19849347
2,24,10,0.0069999998,0.04082036,0.018577734,0.01429735,0.007945277,0.06815008,-0.007140805,4.5498433,0.3351953,7.594439,1.0230476,0.13630016,-0.01428161,0.11957153,0.008809054,0.08913628,0.012007554,252.2751,249.57663,335.4881,-1.3582429,9.386182,0.19925708
2,25,10,0.0069999998,0.041542042,0.017093727,0.01677617,0.0076721427,0.06537149,-0.0007913707,4.928504,0.9662814,7.462761,1.0615011,0.13074298,-0.0015827414,0.12952286,0.025394225,0.08759077,0.012458886,252.25682,249.54749,334.7635,-2.0277824,9.388304,0.16899882
2,26,10,0.0069999998,0.039000645,0.016304256,0.015210559,0.0074858307,0.06384406,-0.0018289435,4.6929,0.83018595,7.3715906,1.0929393,0.12768812,-0.003657887,0.12333109,0.021817593,0.086520694,0.012827876,252.29608,249.67741,335.4419,-1.9231253,9.388304,0.15919992
2,27,10,0.0069999998,0.0422458,0.016802365,0.01803789,0.007405547,0.06481197,-0.0037504197,5.110478,1.2235622,7.331955,1.0614246,0.12962393,-0.0075008394,0.13430521,0.03215566,0.08605549,0.01245799,252.31668,249.70451,335.9477,-2.284987,9.389907,0.16510583
2,28,10,0.0069999998,0.042512722,0.015708357,0.01934311,0.007461257,0.06266649,-0.0004026878,5.2921467,1.5513742,7.3594813,0.9612055,0.12533298,-0.0008053756,0.13907951,0.040770676,0.08637857,0.011281712,252.29088,249.60738,335.18695,-2.5125797,9.389907,0.1694441
2,29,10,0.0069999998,0.043473475,0.018944593,0.017184338,0.0073445444,0.06881968,0.0010551239,4.9880996,1.5815562,7.3016944,1.0464177,0.13763936,0.0021102477,0.13108905,0.04156386,0.08570032,0.012281853,252.3286,249.6662,335.71323,-2.627974,9.390826,0.1601463
2,30,10,0.0069999998,0.041479606,0.015810594,0.018330673,0.007338341,0.06287009,-0.0025397788,5.1517873,1.370817,7.29861,1.0530581,0.12574019,-0.0050795577,0.13539082,0.03602556,0.085664116,0.0123597905,252.37494,249.81248,335.96353,-2.423875,9.390826,0.15537183
2,31,10,0.0069999998,0.04667558,0.016446332,0.023245858,0.0069833915,0.06412163,0.0048782346,5.8015156,1.5037353,7.119909,0.87852156,0.12824325,0.009756469,0.15246592,0.039518714,0.08356669,0.010311246,252.37212,249.91698,335.34097,-2.382257,9.391031,0.15756728
2,32,10,0.0069999998,0.044098575,0.016868364,0.020244742,0.0069854674,0.064939134,0.003960796,5.414082,1.2480034,7.1209674,0.97610444,0.12987827,0.007921592,0.14228402,0.032797977,0.08357911,0.011456581,252.38843,249.89197,336.09784,-2.2241077,9.391031,0.16250642
2,33,10,0.0069999998,0.040152345,0.015610717,0.017722966,0.006818664,0.062471427,0.0009877475,5.0656695,1.1263596,7.035434,0.7548463,0.124942854,0.001975495,0.13312763,0.029601146,0.0825752,0.008859666,252.4035,249.8905,336.51712,-1.8812058,9.39081,0.17619027
2,34,10,0.0069999998,0.04271014,0.017635435,0.018428734,0.006645968,0.06639924,0.0058100903,5.1655483,1.2896951,6.9457693,0.75027186,0.13279848,0.011620181,0.13575247,0.033893656,0.08152281,0.008805976,252.3863,249.90747,335.82654,-2.039967,9.39081,0.16339408
2,35,10,0.0069999998,0.04310412,0.019242773,0.017373238,0.006488108,0.06935916,0.00696646,5.01544,0.99612945,6.8627825,0.75565207,0.13871832,0.01393292,0.13180758,0.026178634,0.08054879,0.008869123,252.42409,250.02863,336.3297,-1.7517815,9.390068,0.18735166
2,36,10,0.0069999998,0.040001407,0.017875578,0.015661152,0.0064646737,0.06684979,0.0031439571,4.761903,1.022409,6.850378,0.83838445,0.13369958,0.0062879142,0.12514453,0.026869273,0.080403194,0.009840157,252.48195,250.24062,336.72565,-1.8607934,9.390068,0.18189709
2,37,10,0.0069999998,0.039019555,0.018231943,0.014702718,0.0060848943,0.067512855,0.007177082,4.613893,0.91293174,6.6461124,0.65498644,0.13502571,0.014354164,0.121254764,0.023992183,0.07800573,0.007687605,252.50766,250.43684,336.26965,-1.5679182,9.389033,0.1681905
2,38,10,0.0069999998,0.039777894,0.01793376,0.015854262,0.005989872,0.066958494,0.0068966453,4.791171,0.7613597,6.5940166,0.74122274,0.13391699,0.013793291,0.12591371,0.020008812,0.07739426,0.008699767,252.55457,250.64014,336.96387,-1.5025824,9.389033,0.173615
2,39,10,0.0069999998,0.0384351,0.01646186,0.01629486,0.0056783827,0.06415189,0.0018061908,4.8572893,0.52979636,6.420274,0.54770064,0.12830378,0.0036123816,0.12765132,0.013923241,0.075355045,0.006428388,252.59833,250.75403,337.4828,-1.077497,9.387784,0.14410333
2,40,10,0.0069999998,0.04022055,0.016819308,0.017538404,0.00586284,0.06484464,0.0065064733,5.039225,0.68515337,6.523719,0.59933674,0.12968928,0.013012947,0.13243264,0.018006084,0.076569185,0.007034445,252.61157,250.86304,336.8956,-1.2844901,9.387784,0.13610171
2,41,10,0.0069999998,0.040607262,0.018350879,0.01643327,0.005823113,0.06773271,0.0058298567,4.877875,0.25560066,6.5015783,0.51605034,0.13546541,0.011659713,0.12819232,0.0067172833,0.07630932,0.006056907,252.67163,251.1046,337.4757,-0.771651,9.38633,0.14022975
2,42,10,0.0069999998,0.038194086,0.016720783,0.015657367,0.005815933,0.06465443,0.0019609793,4.7613273,0.22028436,6.4975696,0.5516925,0.12930886,0.0039219586,0.1251294,0.00578915,0.076262265,0.0064752395,252.69179,251.17638,337.74716,-0.7719768,9.38633,0.14400652
2,43,10,0.0069999998,0.03554205,0.014119881,0.016331084,0.005091082,0.059413552,0.004414402,4.862686,0.05688727,6.0791974,0.28238901,0.118827105,0.008828804,0.12779313,0.0014950217,0.07135182,0.0033144108,252.67021,251.15509,337.00232,-0.33927628,9.384648,0.12377202
2,44,10,0.0069999998,0.04101766,0.017752806,0.017939588,0.005325266,0.06661983,0.0046961256,5.0965333,0.030080006,6.2174444,0.32201084,0.13323966,0.009392251,0.13393874,0.0007905141,0.07297442,0.0037794607,252.7007,251.24986,337.53067,-0.35209084,9.384648,0.13945276
2,45,10,0.0069999998,0.038753886,0.015846128,0.017723287,0.0051844716,0.0629407,-0.0012204897,5.065716,-0.14460954,6.1347027,0.11414222,0.1258814,-0.0024409795,0.13312884,-0.0038003898,0.072003275,0.001339692,252.74818,251.40785,338.03867,0.030467324,9.38293,0.1181349
2,46,10,0.0069999998,0.03814256,0.016042214,0.01709983,0.0050005116,0.06332893,0.003577924,4.9758186,-0.24565063,6.02488,0.21216144,0.12665786,0.007155848,0.13076632,-0.006455791,0.070714295,0.0024901496,252.79578,251.73532,337.70398,0.033489197,9.38293,0.10749262
2,47,10,0.0069999998,0.03692837,0.016950987,0.015459627,0.0045177545,0.06509798,0.0033262884,4.731166,-0.4685562,5.7266746,0.020645296,0.13019596,0.006652577,0.12433675,-0.012313821,0.06721424,0.00024231637,252.8721,252.02483,338.42984,0.4479109,9.38138,0.10549728
2,48,10,0.0069999998,0.034719113,0.015307311,0.0147749465,0.0046368567,0.06186136,9.1940165e-5,4.6252117,-0.44714424,5.8016706,0.09015717,0.12372272,0.00018388033,0.12155224,-0.01175111,0.06809447,0.0010581799,252.93474,252.16722,338.94913,0.35698706,9.38138,0.09925424
2,49,10,0.0069999998,0.03341463,0.012984638,0.016065534,0.004364456,0.056975078,0.0019909153,4.8229885,-0.23369722,5.628677,-0.19964954,0.113950156,0.0039818306,0.12674989,-0.006141646,0.06606403,-0.002343294,252.94867,252.3999,338.3416,0.43334675,9.379966,0.104790375
2,50,10,0.0069999998,0.03470128,0.015116026,0.015263869,0.0043213847,0.061473623,0.002313537,4.701116,-0.25807902,5.600834,-0.040313642,0.122947246,0.004627074,0.12354703,-0.006782409,0.06573724,-0.00047316335,252.98062,252.52419,338.83072,0.29839265,9.379966,0.110996805
2,51,10,0.0069999998,0.036521245,0.016765244,0.015330533,0.0044254693,0.06474034,-0.003355211,4.7113705,-0.012138945,5.667883,-0.27541652,0.12948067,-0.006710422,0.12381653,-0.0003190161,0.0665242,-0.0032325767,253.04236,252.73557,339.48935,0.28755546,9.378872,0.11573462
2,52,10,0.0069999998,0.036479607,0.01568938,0.01601567,0.0047745537,0.06262863,0.00058043137,4.815498,0.034531757,5.887184,-0.2540375,0.12525725,0.0011608627,0.12655303,0.0009075102,0.069098145,-0.0029816525,253.06572,252.89857,339.0323,0.21950574,9.378872,0.10370349
2,53,10,0.0069999998,0.034839354,0.01559507,0.014882911,0.0043613715,0.062440112,0.0011850013,4.64208,0.073727116,5.626687,-0.52149236,0.124880224,0.0023700027,0.12199554,0.001937576,0.06604068,-0.0061207763,253.1039,253.00229,339.45108,0.44776523,9.378033,0.11060006
2,54,10,0.0069999998,0.032607913,0.014672913,0.0134441145,0.0044908873,0.0605659,-0.0026701214,4.4119925,-0.09136466,5.709621,-0.37427244,0.1211318,-0.0053402428,0.11594876,-0.0024011002,0.06701408,-0.004392854,253.12915,253.01817,339.81097,0.4656371,9.378033,0.1197233
2,55,10,0.0069999998,0.02977119,0.012813754,0.012628159,0.0043292777,0.056598928,0.0008015643,4.27601,0.21407323,5.605947,-0.75432134,0.113197856,0.0016031286,0.11237508,0.0056259222,0.06579725,-0.008853502,253.09659,252.99301,339.17877,0.5402481,9.377442,0.113503926
2,56,10,0.0069999998,0.03589368,0.01860031,0.012826404,0.0044669653,0.068191476,0.0012569159,4.3094425,0.14817402,5.6943936,-0.8169506,0.13638295,0.0025138317,0.11325371,0.003894069,0.06683536,-0.009588586,253.06502,252.7711,339.311,0.66877663,9.377442,0.11368088
2,57,10,0.0069999998,0.031235095,0.013277012,0.013264421,0.0046936604,0.05761296,-0.0032842671,4.382408,0.16794725,5.837099,-0.92450583,0.11522592,-0.0065685343,0.11517127,0.004413712,0.068510294,-0.010850964,253.0767,252.71706,339.4842,0.7565586,9.377048,0.09376285
2,58,10,0.0069999998,0.035563737,0.013980724,0.016609892,0.0049731196,0.059120055,0.0007840193,4.9040184,0.26200977,6.0083556,-1.0257593,0.11824011,0.0015680386,0.12887937,0.0068857134,0.07052035,-0.012039383,253.06136,252.7118,338.793,0.7637496,9.377048,0.103596486
2,59,10,0.0069999998,0.034700073,0.013993074,0.015803453,0.0049035493,0.059146162,0.0034581122,4.7834873,0.21971898,5.966182,-0.9451801,0.118292324,0.0069162245,0.12571178,0.0057742917,0.07002535,-0.011093621,253.08511,252.78548,339.2825,0.7254611,9.376901,0.062138114
2,60,10,0.0069999998,0.033274047,0.013687108,0.0146694295,0.0049175094,0.058495957,-0.002748025,4.608667,0.05432803,5.9746685,-0.7746383,0.116991915,-0.00549605,0.12111742,0.0014277636,0.070124954,-0.009091968,253.12004,252.9486,339.65826,0.7203103,9.376901,0.07233607
2,61,10,0.0069999998,0.03659333,0.016207652,0.0154126845,0.004972989,0.06365464,0.0030220284,4.7239776,0.28941146,6.008278,-0.6854537,0.12730928,0.0060440567,0.12414783,0.007605836,0.070519425,-0.008045202,253.10258,252.99643,339.00845,0.39604226,9.376794,0.090211764
2,62,10,0.0069999998,0.03397147,0.013110056,0.015603494,0.005257919,0.057249576,0.0038129396,4.753129,0.19894047,6.178004,-0.69190514,0.11449915,0.0076258793,0.124913946,0.005228233,0.07251151,-0.008120922,253.11348,252.93118,339.73105,0.49296468,9.376794,0.090748444
2,63,10,0.0069999998,0.032173358,0.013912797,0.012843058,0.0054175053,0.05897626,-0.0007677176,4.31224,-0.013344428,6.2710586,-0.56200284,0.11795252,-0.0015354352,0.11332722,-0.00035069205,0.073603705,-0.006596257,253.12752,252.91068,339.79538,0.57534724,9.376491,0.120177425
2,64,10,0.0069999998,0.032301303,0.013186183,0.013525762,0.005589358,0.057415552,0.0039402656,4.4253693,0.18055902,6.369747,-0.6154361,0.114831105,0.007880531,0.11630031,0.0047451584,0.07476201,-0.007223395,253.1189,252.88719,339.01895,0.43487704,9.376491,0.114284016
2,65,10,0.0069999998,0.034051105,0.014466238,0.014148091,0.0054367776,0.060137838,0.0050107976,4.526032,0.3372281,6.282203,-0.55813384,0.120275676,0.010021595,0.11894575,0.008862479,0.07373451,-0.0065508443,253.14267,252.87299,339.2986,0.22090575,9.375918,0.107571326
2,66,10,0.0069999998,0.037170496,0.014693835,0.016351707,0.006124956,0.060609065,0.0013254608,4.865755,0.2166323,6.6679554,-0.4726077,0.12121813,0.0026509217,0.1278738,0.005693178,0.0782621,-0.00554702,253.15956,252.8477,339.51862,0.2559754,9.375918,0.113755144
2,67,10,0.0069999998,0.037799053,0.012774982,0.019202387,0.0058216825,0.05651323,0.0044635525,5.272861,0.5047768,6.50078,-0.5429813,0.11302646,0.008927105,0.13857268,0.013265716,0.07629995,-0.0063729985,253.13966,252.80035,338.7978,0.03820455,9.375068,0.08229639
2,68,10,0.0069999998,0.0382908,0.016161669,0.016492713,0.005636417,0.06356428,0.0046092644,4.886689,0.60644346,6.396506,-0.5338329,0.12712856,0.009218529,0.12842396,0.015937548,0.07507607,-0.006265626,253.19867,252.97873,339.07718,-0.07261056,9.375068,0.077180974
2,69,10,0.0069999998,0.036410075,0.015636189,0.015112743,0.005661143,0.062522374,-0.0005750564,4.677785,0.3181557,6.4105206,-0.14047171,0.12504475,-0.0011501128,0.122933894,0.0083612455,0.07524057,-0.0016487247,253.3119,253.49535,339.89117,-0.177684,9.374382,0.07756232
2,70,10,0.0069999998,0.035386886,0.0144975465,0.01523871,0.00565063,0.060202878,0.0044406564,4.69724,0.69334275,6.4045663,-0.17332242,0.120405756,0.008881313,0.12344517,0.018221298,0.07517067,-0.0020342944,253.36438,253.79155,339.6335,-0.5200203,9.374382,0.08439519
2,71,10,0.0069999998,0.036156733,0.01636034,0.014510954,0.0052854377,0.06395377,0.0029479945,4.583705,0.6048157,6.19415,-0.2094389,0.12790754,0.005895989,0.12046142,0.01589478,0.072701015,-0.0024581943,253.40556,253.92426,339.8886,-0.3953768,9.373737,0.088930875
2,72,10,0.0069999998,0.037583604,0.016645381,0.015262579,0.0056756423,0.06450849,0.00047619062,4.7009177,0.42270622,6.418724,0.0031077839,0.12901698,0.00095238123,0.12354181,0.011108872,0.07533686,3.6478043e-5,253.46263,254.11395,340.15143,-0.425814,9.373737,0.106192246
2,73,10,0.0069999998,0.0366302,0.015246021,0.016170299,0.0052138795,0.06173739,0.0038476954,4.838689,0.45984903,6.1520762,-0.1217404,0.12347478,0.007695391,0.12716249,0.012085002,0.0722072,-0.0014288739,253.46687,254.13242,339.57245,-0.33810863,9.373355,0.08586615
2,74,10,0.0069999998,0.03954727,0.018662345,0.015691051,0.0051938705,0.0683051,0.0044596624,4.7664466,0.45349976,6.1402597,-0.015618989,0.1366102,0.008919325,0.12526393,0.011918138,0.07206851,-0.0001833162,253.512,254.29178,340.2055,-0.43788078,9.373355,0.08763838
2,75,10,0.0069999998,0.03275796,0.014683673,0.012791536,0.0052827504,0.060588103,0.001141786,4.303581,0.054694686,6.192574,0.28890204,0.121176206,0.002283572,0.11309967,0.0014373973,0.07268253,0.0033908528,253.5407,254.39087,340.73083,-0.34359673,9.373209,0.06083347
2,76,10,0.0069999998,0.03390448,0.016174717,0.012622801,0.005106962,0.06358993,0.0037664326,4.2751026,0.24864335,6.088671,0.031735506,0.12717986,0.0075328653,0.11235124,0.006534438,0.07146301,0.0003724857,253.50432,254.36057,340.1137,-0.28037885,9.373209,0.05799711
2,77,10,0.0069999998,0.032018654,0.0143468,0.012799988,0.004871869,0.059889063,0.0034042876,4.3050027,0.2136817,5.946877,-0.17028053,0.11977813,0.0068085752,0.11313703,0.0056156316,0.069798775,-0.0019985943,253.48753,254.21957,340.41565,-0.043401167,9.373349,0.055733684
2,78,10,0.0069999998,0.031862352,0.013649907,0.013128663,0.005083781,0.058416408,-0.00030694492,4.3599243,0.05902506,6.0748377,0.014259338,0.116832815,-0.00061388983,0.11458038,0.0015511974,0.07130064,0.00016736262,253.48051,254.1235,340.51807,-0.0732844,9.373349,0.057250123
2,79,10,0.0069999998,0.033798605,0.013982184,0.014940885,0.004875538,0.059123144,0.0032614134,4.6511126,0.28897488,5.9491167,-0.30856794,0.11824629,0.006522827,0.122232914,0.007594363,0.06982505,-0.0036216758,253.42183,253.9053,339.58136,0.01959306,9.373586,0.08241915
2,80,10,0.0069999998,0.03533963,0.01440427,0.015737485,0.0051978747,0.060008895,0.0037968731,4.7734942,0.2727371,6.142627,-0.19011118,0.12001779,0.0075937463,0.12544914,0.007167629,0.07209629,-0.0022313462,253.43361,253.84236,339.8714,-0.08262591,9.373586,0.07977773
2,81,10,0.0069999998,0.03426333,0.014112698,0.014506421,0.005644215,0.05939844,0.00053979567,4.582989,0.0050846064,6.400929,-0.010111337,0.11879688,0.0010795913,0.12044261,0.00013362458,0.07512799,-0.00011867947,253.51006,254.09206,340.50806,0.0050267302,9.373808,0.0800462
2,82,10,0.0069999998,0.03347328,0.01431495,0.013911951,0.005246379,0.059822552,0.003902685,4.4881015,0.04485226,6.1712203,-0.20402141,0.119645104,0.00780537,0.117948934,0.0011787333,0.07243189,-0.0023946082,253.54715,254.30724,340.07822,0.15916915,9.373808,0.072033666
2,83,10,0.0069999998,0.035421953,0.017052341,0.013544588,0.0048250235,0.065292306,0.002714939,4.428448,0.25418693,5.918217,-0.36668447,0.13058461,0.005429878,0.11638122,0.0066801226,0.06946239,-0.004303792,253.61423,254.5898,340.64734,0.11249754,9.374009,0.071612164
2,84,10,0.0069999998,0.033973254,0.0146188615,0.013882949,0.0054714438,0.060454242,-0.00072132744,4.4834204,0.10687885,6.3022,-0.118997134,0.120908484,-0.0014426549,0.117825925,0.0028088146,0.07396921,-0.0013966777,253.63148,254.599,340.98004,0.012118287,9.374009,0.059809413
2,85,10,0.0069999998,0.033548575,0.013386474,0.014648196,0.005513904,0.057849966,0.0016374879,4.60533,0.52473056,6.3266068,-0.44377035,0.11569993,0.0032749758,0.121029735,0.013790109,0.07425567,-0.0052085537,253.59174,254.43427,340.06412,-0.080960214,9.374321,0.058692295
2,86,10,0.0069999998,0.035545163,0.015408537,0.014849611,0.005287014,0.062065564,0.003046179,4.6368837,0.69707435,6.1950736,-0.42840677,0.12413113,0.006092358,0.12185898,0.018319366,0.072711855,-0.0050282297,253.60043,254.39368,340.11237,-0.26866758,9.374321,0.06752784
2,87,10,0.0069999998,0.034666795,0.01737677,0.012297453,0.0049925726,0.06591049,-0.0033495363,4.219648,0.617429,6.0200963,-0.36740786,0.13182098,-0.0066990727,0.11089388,0.016226258,0.07065814,-0.0043122857,253.61801,254.41698,340.4094,-0.25002116,9.37494,0.07890536
2,88,10,0.0069999998,0.03262535,0.013843941,0.013611191,0.00517022,0.05883014,-0.0008239857,4.439323,0.6692089,6.1262646,-0.4811403,0.11766028,-0.0016479715,0.11666701,0.017587055,0.07190424,-0.005647164,253.5784,254.35114,339.71912,-0.1880686,9.37494,0.06264694
2,89,10,0.0069999998,0.03064906,0.012427757,0.013362314,0.0048589907,0.055739924,-0.0008922692,4.3985496,0.39377794,5.939013,-0.4382244,0.11147985,-0.0017845384,0.115595475,0.010348624,0.06970646,-0.005143462,253.55197,254.16458,339.78378,0.04444647,9.375869,0.06828546
2,90,10,0.0069999998,0.033613555,0.015667161,0.012903958,0.005042436,0.062584266,-0.0048048855,4.3224516,0.31477275,6.050084,-0.340085,0.12516853,-0.009609771,0.11359559,0.008272344,0.07101011,-0.003991595,253.52896,254.01756,340.00095,0.025312245,9.375869,0.0813628
2,91,10,0.0069999998,0.03397484,0.01577372,0.013053503,0.00514762,0.062796734,-0.0014393852,4.347426,0.11537521,6.1128597,-0.33588472,0.12559347,-0.0028787705,0.11425193,0.0030320988,0.071746916,-0.003942295,253.50525,253.99617,339.47885,0.2205095,9.377293,0.07736053
2,92,10,0.0069999998,0.032040745,0.014141847,0.012733142,0.005165754,0.05945975,-0.0009961678,4.293747,0.14402421,6.1236176,-0.3791238,0.1189195,-0.0019923355,0.112841226,0.0037850093,0.07187318,-0.0044497913,253.56073,254.13425,339.96347,0.2350996,9.377293,0.09669252
2,93,10,0.0069999998,0.03310722,0.01598946,0.012481356,0.004636404,0.06322472,-0.004488141,4.2510824,-0.2621032,5.8013873,-0.13410005,0.12644944,-0.008976282,0.11171999,-0.006888164,0.06809115,-0.0015739389,253.64201,254.52588,340.55872,0.39620325,9.379172,0.07666804
2,94,10,0.0069999998,0.030596828,0.013380261,0.012727385,0.004489181,0.05783654,-0.0011355277,4.2927766,-0.31730533,5.708536,-0.23182513,0.11567308,-0.0022710555,0.112815715,-0.008338903,0.06700135,-0.0027209376,253.65584,254.68521,340.19812,0.54913044,9.379172,0.07135079
2,95,10,0.0069999998,0.028010089,0.011603254,0.012100821,0.0043060146,0.0538592,0.0012962773,4.185777,-0.23720373,5.590864,-0.15982768,0.1077184,0.0025925545,0.11000373,-0.0062337997,0.06562023,-0.0018759068,253.6974,254.83339,340.67838,0.39703143,9.381592,0.05430584
2,96,10,0.0069999998,0.030676555,0.0146657,0.011449879,0.004560978,0.06055101,-0.0017631361,4.0716376,-0.18840551,5.7540045,0.07351615,0.12110202,-0.0035262723,0.107004106,-0.0049513658,0.06753501,0.0008628597,253.7021,254.76065,340.8797,0.11488936,9.381592,0.052732103
2,97,10,0.0069999998,0.032234322,0.014157168,0.013342184,0.004734971,0.059491947,0.0023336506,4.395235,0.0137063805,5.86273,-0.14210175,0.118983895,0.004667301,0.11550837,0.00036020877,0.068811126,-0.001667853,253.66876,254.6699,340.28137,0.12839536,9.384606,0.07112079
2,98,10,0.0069999998,0.030188302,0.01357534,0.012137138,0.004475822,0.05825663,0.0019837744,4.192054,-0.0465398,5.700037,-0.14828768,0.11651326,0.0039675487,0.11016868,-0.0012230857,0.06690159,-0.0017404592,253.70079,254.7385,340.5809,0.19482748,9.384606,0.07087995
2,99,10,0.0069999998,0.02774271,0.012150418,0.011613845,0.003978447,0.055114467,-0.00036469556,4.1006875,0.004385493,5.374004,-0.16024353,0.11022893,-0.0007293911,0.10776755,0.000115253555,0.06307493,-0.001880786,253.72261,254.84114,340.70285,0.15585804,9.388361,0.10668973
2,100,10,0.0069999998,0.03047219,0.012901177,0.013171613,0.004399401,0.056791674,0.0015109542,4.3670497,0.01821726,5.651165,-0.3031368,0.11358335,0.0030219085,0.11476765,0.00047875475,0.06632798,-0.0035579288,253.6745,254.70213,339.89062,0.28491953,9.388361,0.10416677
3,1,10,0.0048999996,0.03843318,0.019115949,0.014748734,0.0045684944,0.06913022,0.005760641,4.6211076,-0.56022614,5.758744,0.9210205,0.13826044,0.011521282,0.12144437,-0.014722943,0.06759064,0.010810058,253.85855,255.33807,342.04742,-0.36079437,9.393083,0.13872369
3,2,10,0.0048999996,0.03375218,0.016557481,0.013422597,0.0037721011,0.06433794,0.0047897906,4.4084606,-0.4954792,5.2327847,0.89107853,0.12867588,0.009579581,0.11585593,-0.013021371,0.061417434,0.010458629,253.80159,255.06902,342.0885,-0.39559934,9.393083,0.1340088
3,3,10,0.0048999996,0.02904328,0.014950957,0.010479402,0.00361292,0.061137054,0.00016214032,3.8952641,-0.1931018,5.121184,0.7658318,0.12227411,0.00032428064,0.10236895,-0.0050747828,0.06010757,0.008988599,253.71303,254.55504,341.8879,-0.57273006,9.396601,0.09585208
3,4,10,0.0048999996,0.028912863,0.013758866,0.011640662,0.003513334,0.058649097,0.0034370802,4.1054196,-0.07572937,5.050111,0.42385307,0.11729819,0.0068741604,0.1078919,-0.001990193,0.059273385,0.0049747843,253.57932,254.07188,340.37338,-0.3481237,9.396601,0.08543894
3,5,10,0.0048999996,0.02862681,0.012224995,0.01304957,0.0033522474,0.05528335,0.0009348163,4.3467712,-0.16463825,4.9329786,0.17321065,0.1105667,0.0018696326,0.114234716,-0.004326759,0.057898596,0.0020329817,253.51993,253.7725,340.47064,-0.0085724,9.400022,0.065405145
3,6,10,0.0048999996,0.033004433,0.015355187,0.014227259,0.0034219879,0.061958022,-0.0031994795,4.538677,-0.26823145,4.984028,0.19537485,0.123916045,-0.006398959,0.11927807,-0.0070492197,0.05849776,0.0022931255,253.50975,253.71101,340.59967,0.072856605,9.400022,0.07873971
3,7,10,0.0048999996,0.035000913,0.017190875,0.0142959645,0.0035140757,0.06555699,1.7938213e-6,4.5496225,-0.24664153,5.0506444,-0.17904855,0.13111398,3.5876426e-6,0.11956573,-0.0064818244,0.05927964,-0.0021015035,253.48619,253.70284,340.0035,0.42569008,9.403316,0.1218146
3,8,10,0.0048999996,0.030363513,0.013268932,0.013734574,0.0033600072,0.057595424,0.00087656744,4.4593983,-0.32193568,4.938685,-0.22090134,0.11519085,0.0017531349,0.1171946,-0.008460586,0.05796557,-0.0025927287,253.50252,253.68643,340.68323,0.542837,9.403316,0.122228295
3,9,10,0.0048999996,0.031276446,0.015124239,0.012935145,0.0032170604,0.061490323,-0.0032815991,4.3276715,-0.45575914,4.8324885,-0.09485842,0.12298065,-0.0065631983,0.11373278,-0.011977509,0.056719135,-0.0011133588,253.50659,253.63718,340.7845,0.5506176,9.406393,0.11370245
3,10,10,0.0048999996,0.03197589,0.014472164,0.014097484,0.0034062439,0.060150154,0.00022168303,4.5179296,-0.21993387,4.9725485,-0.24283881,0.12030031,0.00044336607,0.118732825,-0.0057799392,0.058363035,-0.0028502117,253.47427,253.50345,339.97006,0.46277267,9.406393,0.10112505
3,11,10,0.0048999996,0.027898962,0.0113438945,0.01307014,0.0034849276,0.05325386,0.0004358199,4.350196,-0.25073686,5.029654,-0.33687016,0.10650772,0.0008716398,0.11432471,-0.0065894537,0.059033275,-0.003953861,253.51877,253.64925,340.28247,0.587607,9.409122,0.065998934
3,12,10,0.0048999996,0.030826455,0.015713032,0.011802429,0.0033109938,0.06267582,-0.004194366,4.1338468,-0.34347624,4.9025316,-0.1378694,0.12535164,-0.008388732,0.10863899,-0.00902668,0.057541236,-0.0016181807,253.59996,254.01227,340.70694,0.48134565,9.409122,0.084208824
3,13,10,0.0048999996,0.02782163,0.013449357,0.011218758,0.0031535146,0.057985682,0.000993267,4.030334,-0.2706801,4.784523,-0.25729108,0.115971364,0.001986534,0.10591864,-0.007113572,0.056156162,-0.0030198367,253.6261,254.23418,340.45316,0.52797115,9.411694,0.059810065
3,14,10,0.0048999996,0.026178276,0.0128388405,0.010410846,0.002928591,0.056654304,0.0012266462,3.8825023,-0.29281047,4.610739,-0.22601527,0.11330861,0.0024532925,0.102033556,-0.0076951706,0.054116458,-0.0026527517,253.62767,254.23161,340.92496,0.51882577,9.411694,0.050712228
3,15,10,0.0048999996,0.024085693,0.012478792,0.008998584,0.002608318,0.055854257,-0.0020901666,3.6095724,-0.5137827,4.351325,-0.1457726,0.111708514,-0.004180333,0.09486087,-0.013502393,0.051071696,-0.0017109386,253.5739,253.98766,340.99295,0.6595553,9.413982,0.09695726
3,16,10,0.0048999996,0.02425943,0.012752266,0.009147767,0.0023593972,0.056462966,0.00091819285,3.63937,-0.4572255,4.138489,-0.40290362,0.11292593,0.0018363857,0.09564396,-0.012016052,0.048573628,-0.004728895,253.49854,253.73709,340.16327,0.8601291,9.413982,0.11354293
3,17,10,0.0048999996,0.02313649,0.012056745,0.008529021,0.0025507233,0.054901604,0.0012720439,3.5141337,-0.4634835,4.303015,-0.56161916,0.10980321,0.0025440878,0.0923527,-0.012180514,0.050504684,-0.0065917512,253.45432,253.43826,340.49582,1.0251026,9.416143,0.10682035
3,18,10,0.0048999996,0.02420032,0.01365549,0.007952683,0.0025921455,0.058428355,-0.0021496203,3.3933256,-0.51509285,4.337814,-0.6661716,0.11685671,-0.0042992407,0.08917782,-0.013536827,0.050913118,-0.007818885,253.37251,253.01077,340.24768,1.1812644,9.416143,0.081747025
3,19,10,0.0048999996,0.024073435,0.013034605,0.008385235,0.0026535934,0.057084598,0.0012014156,3.484386,-0.26691183,4.3889275,-1.0258877,0.114169195,0.002402831,0.09157093,-0.00701454,0.051513042,-0.01204089,253.29073,252.74692,339.0939,1.2927996,9.417738,0.06525757
3,20,10,0.0048999996,0.02168183,0.010317443,0.008734163,0.002630224,0.050787408,0.0017652132,3.556144,-0.24459715,4.369559,-0.9133317,0.101574816,0.0035304264,0.093456745,-0.0064281006,0.05128571,-0.010719816,253.29097,252.69974,339.43552,1.1579288,9.417738,0.07411548
3,21,10,0.0048999996,0.020880733,0.009679572,0.008650487,0.0025506732,0.049192406,-0.001065958,3.5390682,-0.12873216,4.302973,-0.8564124,0.09838481,-0.002131916,0.093008,-0.0033831296,0.05050419,-0.0100517515,253.26288,252.56593,339.48572,0.98514456,9.418898,0.06488481
3,22,10,0.0048999996,0.02150649,0.009778261,0.0091144405,0.0026137882,0.049442545,0.0025932759,3.6327348,-0.014149752,4.355885,-1.0996069,0.09888509,0.0051865517,0.09546958,-0.00037185953,0.05112522,-0.012906136,253.1937,252.32846,338.62067,1.1137567,9.418898,0.052184857
3,23,10,0.0048999996,0.02118569,0.009418079,0.0089776805,0.002789932,0.048523393,0.0021607848,3.605378,0.20278564,4.5002646,-1.159204,0.097046785,0.0043215696,0.09475062,0.0053292806,0.052819807,-0.013605628,253.18541,252.24187,338.98737,0.9564184,9.419651,0.04925818
3,24,10,0.0048999996,0.023837455,0.012376659,0.008530025,0.0029307716,0.055625215,2.3142331e-5,3.5143404,0.05192597,4.612456,-0.99249405,0.11125043,4.6284662e-5,0.092358135,0.0013646333,0.0541366,-0.011648948,253.16357,252.09766,339.06424,0.9405681,9.419651,0.068560794
3,25,10,0.0048999996,0.019688016,0.008602879,0.0083962055,0.002688932,0.046375852,0.0033993758,3.4866648,0.3500994,4.4180555,-1.2701495,0.092751704,0.0067987517,0.09163081,0.009200736,0.051854912,-0.014907799,253.09564,251.87654,338.179,0.92005,9.419928,0.052025337
3,26,10,0.0048999996,0.02180126,0.009344378,0.009502328,0.002954553,0.04833316,0.0024416293,3.7092295,0.37185845,4.6311316,-1.4125298,0.09666632,0.0048832586,0.09747989,0.009772575,0.0543558,-0.016578928,253.06416,251.72136,338.2684,1.0406713,9.419928,0.05904455
3,27,10,0.0048999996,0.022870008,0.010511074,0.009215958,0.0031429753,0.051261764,0.0006974941,3.6529095,0.19338596,4.776521,-1.2435776,0.10252353,0.0013949882,0.095999785,0.0050822534,0.056062244,-0.014595927,253.05498,251.64816,338.366,1.0501916,9.419612,0.06527768
3,28,10,0.0048999996,0.024490979,0.011289269,0.009863975,0.0033377334,0.053125486,0.003775435,3.7791545,0.34446993,4.9222884,-1.402497,0.10625097,0.00755087,0.09931755,0.0090527935,0.05777312,-0.016461175,253.02975,251.64224,337.67648,1.0580271,9.419612,0.06900923
3,29,10,0.0048999996,0.022963086,0.009912359,0.009685168,0.0033655588,0.049780414,0.0037466956,3.7447448,0.39388284,4.9427633,-1.2512916,0.09956083,0.007493391,0.09841325,0.010351386,0.058013435,-0.014686465,253.03227,251.63368,338.2388,0.85740876,9.418868,0.07101607
3,30,10,0.0048999996,0.021805827,0.009434476,0.00880729,0.0035640604,0.048565615,0.0015585865,3.5709999,0.25756222,5.086437,-1.0824394,0.09713123,0.003117173,0.09384716,0.00676883,0.05969975,-0.01270464,253.01472,251.51839,338.3608,0.8248772,9.418868,0.07230514
3,31,10,0.0048999996,0.022627456,0.011154071,0.008138261,0.0033351239,0.05280642,0.004985816,3.432689,0.17147584,4.9203634,-1.1373743,0.10561284,0.009971632,0.09021231,0.004506446,0.05775053,-0.013349417,252.97356,251.33798,337.60013,0.96589845,9.417428,0.059685875
3,32,10,0.0048999996,0.021203505,0.009723086,0.008395327,0.0030850917,0.049302854,0.0042224755,3.4864824,0.12025952,4.732332,-1.1712306,0.09860571,0.008444951,0.09162602,0.0031604634,0.0555436,-0.013746784,252.97285,251.27106,337.7156,1.050971,9.417428,0.058372784
3,33,10,0.0048999996,0.019256968,0.008935079,0.0073387492,0.0029831398,0.047262773,0.0021186422,3.2597158,-0.28015703,4.6534815,-1.1425135,0.094525546,0.0042372844,0.0856665,-0.0073626274,0.054618128,-0.013409733,252.95146,251.17598,337.58972,1.4226706,9.415513,0.052628048
3,34,10,0.0048999996,0.02262761,0.011437635,0.007735969,0.0034540081,0.05347344,0.004815508,3.3467712,-0.11046265,5.0072913,-1.3670912,0.10694688,0.009631016,0.08795436,-0.0029029984,0.05877081,-0.01604561,252.88416,251.00351,336.51392,1.4775538,9.415513,0.056848846
3,35,10,0.0048999996,0.021354487,0.009219644,0.008247709,0.003887134,0.04800949,0.0036265808,3.4556942,-0.013836446,5.3119745,-1.4362978,0.09601898,0.0072531616,0.0908169,-0.00036362626,0.062346883,-0.016857892,252.85945,250.76567,336.63736,1.4501343,9.413379,0.053988706
3,36,10,0.0048999996,0.023510596,0.010183167,0.0091388635,0.004188566,0.05045584,0.0010748777,3.6375985,-0.21597818,5.51409,-1.3541639,0.10091168,0.0021497554,0.0955974,-0.005675986,0.06471913,-0.015893886,252.86215,250.71428,336.7779,1.570142,9.413379,0.06261266
3,37,10,0.0048999996,0.023576923,0.010217625,0.009448376,0.003910922,0.050541133,0.0035232878,3.6986842,-0.2852401,5.328203,-1.3737074,0.101082265,0.0070465757,0.097202756,-0.007496211,0.062537365,-0.016123265,252.86679,250.83392,336.3688,1.6589475,9.411012,0.065010406
3,38,10,0.0048999996,0.022772247,0.0095349895,0.009114096,0.004123161,0.048823636,0.0038507697,3.6326663,-0.23559827,5.4708695,-1.3045092,0.09764727,0.0077015394,0.095467776,-0.00619161,0.064211845,-0.015311082,252.88171,250.87105,336.89963,1.5401075,9.411012,0.070720136
3,39,10,0.0048999996,0.022198176,0.009414808,0.008511765,0.0042716027,0.048514966,0.00045493696,3.510577,-0.33944097,5.5684795,-1.3424051,0.09702993,0.0009098739,0.09225923,-0.008920631,0.0653575,-0.015755868,252.82208,250.61887,336.75818,1.681846,9.408722,0.06313766
3,40,10,0.0048999996,0.02473758,0.011376796,0.008428705,0.004932078,0.053331032,0.0034402404,3.4934058,-0.2128359,5.983512,-1.6471565,0.106662065,0.006880481,0.09180798,-0.0055934046,0.070228755,-0.019332748,252.71277,250.19678,335.56802,1.8599924,9.408722,0.079407565
3,41,10,0.0048999996,0.02347469,0.010195675,0.008345605,0.0049334085,0.050486818,0.0020725962,3.4761422,-0.11280103,5.9843187,-1.764958,0.100973636,0.0041451924,0.09135428,-0.002964453,0.070238225,-0.020715393,252.68797,250.03941,335.6239,1.8777591,9.406505,0.087355934
3,42,10,0.0048999996,0.02470197,0.011160558,0.008291607,0.0052498044,0.05282177,-0.00021860098,3.4648786,-0.17936845,6.1732345,-1.7956642,0.10564354,-0.00043720196,0.09105826,-0.0047138673,0.07245553,-0.021075793,252.65373,249.89667,335.56683,1.9750327,9.406505,0.11259095
3,43,10,0.0048999996,0.024896171,0.011865259,0.008148666,0.0048822463,0.054463886,0.0020318204,3.4348826,-0.13810189,5.953207,-1.8533411,0.10892777,0.0040636407,0.09026996,-0.003629367,0.06987307,-0.021752747,252.62013,249.84,335.01184,1.991443,9.404296,0.10458358
3,44,10,0.0048999996,0.023057751,0.009700829,0.008400455,0.0049564675,0.049246393,0.001532329,3.4875472,-0.18107663,5.998288,-1.879205,0.09849279,0.003064658,0.091653995,-0.004758758,0.07040218,-0.022056311,252.63324,249.90321,335.4496,2.0602815,9.404296,0.10038545
3,45,10,0.0048999996,0.024842145,0.01145596,0.008457475,0.00492871,0.053516258,-0.00044790012,3.4993637,-0.31757003,5.9814687,-1.7191747,0.107032515,-0.00089580024,0.091964535,-0.008345854,0.07020477,-0.020178031,252.62912,249.84195,335.6471,2.0367448,9.402276,0.08519229
3,46,10,0.0048999996,0.028695587,0.0134323165,0.010116815,0.0051464546,0.057948936,0.0020165076,3.827283,-0.33074388,6.112168,-1.7239555,0.11589787,0.004033015,0.100582376,-0.00869207,0.071738794,-0.020234141,252.61092,249.71584,335.0917,2.0546994,9.402276,0.09434582
3,47,10,0.0048999996,0.027441064,0.013377351,0.009272683,0.0047910307,0.057830248,0.0020360562,3.6641345,-0.35457054,5.8973336,-1.436695,0.115660496,0.0040721125,0.096294776,-0.009318246,0.06921727,-0.01686255,252.64954,249.84348,335.62878,1.7912655,9.400629,0.094226815
3,48,10,0.0048999996,0.025852552,0.011076807,0.009868866,0.0049068793,0.052623205,7.1131035e-5,3.7800915,-0.42913514,5.968207,-1.407123,0.10524641,0.00014226207,0.09934217,-0.011277827,0.07004912,-0.016515467,252.62119,249.83327,335.5236,1.8362582,9.400629,0.09953852
3,49,10,0.0048999996,0.02582046,0.011804116,0.009028054,0.0049882904,0.054323375,0.001734136,3.6154783,-0.39930052,6.0175138,-1.3449656,0.10864675,0.003468272,0.09501607,-0.010493765,0.07062783,-0.015785923,252.55386,249.63286,334.442,1.744266,9.399089,0.08553774
3,50,10,0.0048999996,0.026772557,0.012564096,0.008987552,0.00522091,0.05604484,0.0012433128,3.6073592,-0.3270186,6.156223,-1.2678376,0.11208968,0.0024866257,0.0948027,-0.00859417,0.072255865,-0.014880665,252.54828,249.5666,334.7128,1.5948563,9.399089,0.08856901
3,51,10,0.0048999996,0.024764234,0.009831097,0.009500754,0.0054323846,0.049575943,-0.0013609104,3.7089221,-0.24038494,6.2796645,-1.0731466,0.09915189,-0.0027218207,0.09747181,-0.0063174036,0.07370471,-0.012595569,252.564,249.64067,334.95264,1.3135315,9.397848,0.0810878
3,52,10,0.0048999996,0.030555801,0.0127426125,0.01176823,0.00604496,0.05644159,0.0005263404,4.127853,-0.20002677,6.624268,-1.2155371,0.11288318,0.0010526808,0.108481474,-0.0052567734,0.07774934,-0.014266812,252.5664,249.70387,334.36084,1.4155638,9.397848,0.098691784
3,53,10,0.0048999996,0.029080309,0.013136028,0.010661156,0.005283124,0.057306256,-0.0006515229,3.9288983,0.0047041383,6.192794,-0.97819,0.11461251,-0.0013030458,0.10325287,0.00012362606,0.0726851,-0.011481063,252.6048,249.85709,334.93698,0.9734859,9.396838,0.09080522
3,54,10,0.0048999996,0.028890427,0.012961861,0.010068846,0.005859721,0.056925084,-0.0018047567,3.8181984,-0.16961524,6.521983,-1.0075384,0.11385017,-0.0036095134,0.10034364,-0.0044575497,0.076548815,-0.011825523,252.60054,249.92131,334.9207,1.1771537,9.396838,0.11230483
3,55,10,0.0048999996,0.031041622,0.013900449,0.010745996,0.0063951775,0.05895008,0.0002232442,3.9445007,-0.18067007,6.8134565,-0.8925113,0.11790016,0.0004464884,0.10366289,-0.0047480734,0.07996985,-0.010475441,252.54633,249.74765,333.9865,1.0731814,9.3961,0.10893559
3,56,10,0.0048999996,0.03392783,0.014366848,0.012204142,0.0073568397,0.059930895,-5.031571e-5,4.2036085,-0.26201633,7.3078036,-0.98013276,0.11986179,-0.00010063142,0.11047236,-0.006885885,0.08577202,-0.011503864,252.57066,249.77127,334.36002,1.2421491,9.3961,0.13286175
3,57,10,0.0048999996,0.029666703,0.011994887,0.010844099,0.006827716,0.054760586,-0.0010561587,3.9624648,-0.30717695,7.040102,-0.7746718,0.10952117,-0.0021123174,0.10413501,-0.008072723,0.08262999,-0.009092355,252.5858,249.90329,334.6074,1.0818487,9.395671,0.10801339
3,58,10,0.0048999996,0.030052088,0.013723842,0.009940173,0.0063880747,0.0585744,0.0025327224,3.7937229,-0.27528644,6.8096714,-0.819494,0.1171488,0.005065445,0.09970041,-0.0072346246,0.07992543,-0.009618435,252.53258,249.77386,334.0045,1.0947804,9.395671,0.10348497
3,59,10,0.0048999996,0.02525748,0.012210785,0.0075898757,0.005456819,0.05525121,0.0022085984,3.3150187,-0.100171484,6.2937717,-0.6931409,0.11050242,0.004417197,0.08711989,-0.0026325446,0.07387029,-0.008135426,252.50339,249.51642,334.30133,0.79331243,9.395632,0.06445291
3,60,10,0.0048999996,0.025239432,0.012462514,0.00752145,0.0052554687,0.055817816,0.0010253321,3.300042,-0.15899305,6.1765637,-0.59203595,0.11163563,0.0020506643,0.08672629,-0.004178396,0.07249461,-0.0069487505,252.50916,249.51453,334.44446,0.751029,9.395632,0.06645762
3,61,10,0.0048999996,0.026902841,0.014981698,0.0073748697,0.004546274,0.061199874,0.0028782887,3.2677276,-0.051687047,5.7447224,-0.46913078,0.12239975,0.0057565775,0.08587706,-0.0013583538,0.06742606,-0.005506212,252.47163,249.4489,333.84875,0.5208178,9.395978,0.06914498
3,62,10,0.0048999996,0.024182275,0.012815217,0.0069095963,0.004457463,0.056602158,0.0026252945,3.1629696,-0.12519592,5.6883335,-0.49740246,0.113204315,0.005250589,0.08312398,-0.0032901927,0.066764235,-0.0058380337,252.43872,249.27545,334.285,0.6225984,9.395978,0.08204604
3,63,10,0.0048999996,0.020332508,0.010438491,0.005834942,0.004059074,0.051084466,0.0005734524,2.9066112,-0.15222421,5.428185,-0.48544705,0.10216893,0.0011469048,0.076386794,-0.004000508,0.06371086,-0.005697715,252.36604,248.97574,334.1953,0.63767123,9.396677,0.10173233
3,64,10,0.0048999996,0.02308086,0.012028118,0.0066615692,0.004391174,0.05483639,0.002271904,3.1056817,-0.15291154,5.6458783,-0.5740275,0.10967278,0.004543808,0.081618436,-0.0040185684,0.06626593,-0.0067373863,252.27167,248.67038,333.19424,0.726939,9.396677,0.09558463
3,65,10,0.0048999996,0.024975488,0.0140565885,0.006642922,0.0042759776,0.059280243,0.001559757,3.1013317,0.07672059,5.571331,-0.3545456,0.118560486,0.003119514,0.08150412,0.002016244,0.06539096,-0.00416132,252.25375,248.56439,333.44904,0.277825,9.397682,0.09569041
3,66,10,0.0048999996,0.021905035,0.010622359,0.006232364,0.0050503127,0.051532414,-0.00065894524,3.0039666,-0.014758563,6.054807,-0.2810215,0.10306483,-0.0013178905,0.078945324,-0.00038786067,0.07106555,-0.0032983634,252.27318,248.67645,333.35532,0.29578006,9.397682,0.08474372
3,67,10,0.0048999996,0.022224236,0.011789285,0.005716793,0.004718159,0.054289237,0.0011364821,2.8770332,0.24393521,5.8523126,-0.20119469,0.10857847,0.0022729642,0.075609475,0.006410705,0.068688855,-0.0023614336,252.28177,248.83212,332.95636,-0.042740524,9.398857,0.054570463
3,68,10,0.0048999996,0.024013393,0.01283733,0.006301172,0.0048748897,0.05665097,0.00036158922,3.0205035,0.32837534,5.9487214,-0.30660626,0.11330194,0.00072317844,0.07937992,0.008629824,0.06982041,-0.0035986502,252.29169,248.94524,333.35077,-0.021769077,9.398857,0.07330989
3,69,10,0.0048999996,0.02264159,0.012583933,0.005282189,0.004775468,0.056089066,-0.0019851096,2.7655122,0.39587235,5.8877482,-0.32106805,0.11217813,-0.0039702193,0.07267867,0.010403668,0.06910476,-0.0037683905,252.2601,248.93245,333.16293,-0.074804306,9.400346,0.09158253
3,70,10,0.0048999996,0.025984507,0.014553052,0.0063836416,0.005047814,0.060318016,0.00029800856,3.0402052,0.48164135,6.053309,-0.38863587,0.12063603,0.0005960171,0.079897694,0.012657711,0.07104797,-0.004561434,252.21921,248.77809,332.26935,-0.09300548,9.400346,0.09491192
3,71,10,0.0048999996,0.027253501,0.015053524,0.0073163137,0.0048836633,0.0613464,0.00062642404,3.2547288,0.42861065,5.9540725,-0.31719348,0.1226928,0.0012528481,0.08553545,0.011264041,0.06988321,-0.0037229115,252.25604,248.84967,332.92673,-0.111417174,9.402075,0.07137853
3,72,10,0.0048999996,0.024377123,0.012321923,0.007043061,0.0050121397,0.05550208,-0.0009857453,3.193371,0.29105237,6.031882,-0.2572178,0.11100416,-0.0019714907,0.083922945,0.0076489607,0.07079647,-0.003018974,252.27377,248.80272,333.1156,-0.033834577,9.402075,0.07467548
3,73,10,0.0048999996,0.02534916,0.013567516,0.0071122525,0.004669393,0.05823984,0.0015758415,3.2090185,0.2954803,5.821989,-0.16171789,0.11647968,0.003151683,0.08433417,0.00776533,0.068332955,-0.0018980925,252.28294,248.86435,332.6708,-0.13376242,9.404137,0.05030109
3,74,10,0.0048999996,0.026476463,0.0146562755,0.006957616,0.004862571,0.060531553,0.0007970397,3.1739414,0.3733569,5.9412,-0.2019671,0.121063106,0.0015940794,0.08341233,0.0098119555,0.06973214,-0.002370498,252.29417,248.94778,333.0116,-0.1713898,9.404137,0.059777312
3,75,10,0.0048999996,0.025923157,0.0139857335,0.0069477595,0.004989663,0.059130646,-0.0012264312,3.1716924,0.11811526,6.0183415,-0.25046748,0.11826129,-0.0024528624,0.08335322,0.0031041123,0.07063755,-0.0029397474,252.24036,248.79115,332.73273,0.13235222,9.406541,0.055736717
3,76,10,0.0048999996,0.02824464,0.014798353,0.008319215,0.005127073,0.06082424,0.001005949,3.4706423,0.22285177,6.100647,-0.30665112,0.12164848,0.002011898,0.09120973,0.0058566253,0.07160358,-0.0035991753,252.1728,248.52351,332.17444,0.08379935,9.406541,0.060393177
3,77,10,0.0048999996,0.027872277,0.015387533,0.007860467,0.0046242774,0.06202325,0.0014103632,3.3735943,0.3589203,5.7937946,-0.35644624,0.1240465,0.0028207265,0.08865927,0.009432555,0.06800204,-0.004183625,252.14299,248.33925,332.59644,-0.0024740696,9.4092655,0.06529615
3,78,10,0.0048999996,0.025079716,0.011861581,0.008324814,0.0048933215,0.054455444,-0.00015624364,3.4718096,0.2064059,5.9599566,-0.27375725,0.10891089,-0.00031248727,0.09124042,0.0054244217,0.06995228,-0.0032131053,252.11276,248.25201,332.80478,0.067351356,9.4092655,0.05756408
3,79,10,0.0048999996,0.027666038,0.013596722,0.009208082,0.0048612338,0.058302492,0.0018903529,3.6513486,0.24333557,5.9403834,-0.4015637,0.116604984,0.0037807059,0.095958754,0.0063949474,0.06972255,-0.0047131674,252.04868,248.15524,332.00455,0.15822813,9.412113,0.055910084
3,80,10,0.0048999996,0.028597735,0.015208561,0.008343585,0.0050455886,0.061661497,0.0006365043,3.4757218,0.33745453,6.0519757,-0.4055238,0.12332299,0.0012730086,0.091343224,0.008868427,0.07103231,-0.004759652,252.02025,247.98074,331.97714,0.06806928,9.412113,0.055249505
3,81,10,0.0048999996,0.027240947,0.013064196,0.009095422,0.0050813286,0.057149358,-0.000945872,3.6289425,0.2868876,6.073372,-0.38623977,0.114298716,-0.001891744,0.09536992,0.0075395093,0.07128344,-0.004533315,252.05766,248.17133,331.95273,0.09935218,9.41498,0.071224906
3,82,10,0.0048999996,0.030894032,0.015244201,0.010453064,0.0051967674,0.061733704,0.0016907218,3.8903663,0.4234668,6.141972,-0.36248696,0.12346741,0.0033814437,0.10224023,0.0111288605,0.07208861,-0.004254529,252.09201,248.39186,331.6832,-0.060979843,9.41498,0.06973794
3,83,10,0.0048999996,0.029255245,0.015824586,0.0086058285,0.004824831,0.062897906,0.0013525402,3.5299213,0.4464905,5.9181,-0.4037687,0.12579581,0.0027050804,0.0927676,0.0117339315,0.069461,-0.004739056,252.14134,248.52774,332.32086,-0.042721808,9.418078,0.06375134
3,84,10,0.0048999996,0.029348211,0.015286699,0.008803881,0.0052576303,0.061819695,0.0005413623,3.5703087,0.2652705,6.1778336,-0.2822492,0.12363939,0.0010827245,0.093829,0.006971404,0.07250952,-0.003312775,252.20436,248.89398,332.75458,0.01697871,9.418078,0.09077594
3,85,10,0.0048999996,0.030579839,0.016741842,0.008791082,0.005046916,0.064695135,0.0030299395,3.5677123,0.36257684,6.052771,-0.31979725,0.12939027,0.006059879,0.093760766,0.009528649,0.07104165,-0.0037534768,252.23933,249.13127,332.44785,-0.042779595,9.421425,0.09332495
3,86,10,0.0048999996,0.030144315,0.01747608,0.0077139153,0.00495432,0.06609856,0.0032544918,3.3419971,0.50744843,5.9969883,-0.27849048,0.13219713,0.0065089837,0.0878289,0.013335927,0.07038693,-0.0032686598,252.28506,249.22604,333.09525,-0.22895795,9.421425,0.09328937
3,87,10,0.0048999996,0.027476402,0.0148124285,0.007872689,0.0047912844,0.06085316,0.0021876867,3.3762157,0.13390474,5.89749,-0.33536336,0.12170632,0.0043753735,0.088728175,0.0035190652,0.069219105,-0.0039361753,252.29622,249.32535,333.30087,0.20145862,9.424896,0.0711742
3,88,10,0.0048999996,0.030288892,0.017273504,0.008616586,0.0043988023,0.06571435,0.0041807117,3.5321267,0.1831623,5.6507807,-0.5353562,0.1314287,0.008361423,0.09282557,0.004813573,0.06632347,-0.006283501,252.27155,249.19873,332.5441,0.35219392,9.424896,0.09335591
3,89,10,0.0048999996,0.02892401,0.01754539,0.00750466,0.00387396,0.06622951,0.0045840703,3.2963567,0.1169645,5.302965,-0.6235627,0.13245901,0.009168141,0.08662944,0.003073869,0.062241144,-0.007318787,252.28911,249.13753,332.92404,0.5065982,9.428692,0.06159913
3,90,10,0.0048999996,0.024495956,0.013764378,0.006820013,0.003911567,0.058660842,0.0031997168,3.1423984,-0.10514213,5.3286424,-0.3924267,0.117321685,0.0063994336,0.08258337,-0.0027631728,0.06254252,-0.0046059294,252.289,249.16963,333.0597,0.49756885,9.428692,0.059258763
3,91,10,0.0048999996,0.025685623,0.015315495,0.0068399664,0.0035301624,0.061877895,0.006605522,3.1469922,-0.019470446,5.0621905,-0.4475975,0.12375579,0.013211044,0.08270409,-0.00051168964,0.05941517,-0.005253473,252.27081,249.23445,332.57126,0.46706796,9.432792,0.073182404
3,92,10,0.0048999996,0.024338176,0.014610046,0.0062759058,0.003452225,0.06043601,0.005310462,3.0144417,0.16227365,5.0059986,-0.42026174,0.12087202,0.010620924,0.079220615,0.00426461,0.058755636,-0.004932629,252.26085,249.19553,332.8953,0.2579881,9.432792,0.07291705
3,93,10,0.0048999996,0.023460599,0.013496741,0.0065663927,0.0033974655,0.058087736,0.0044911797,3.083416,0.118396096,4.966138,-0.53022534,0.11617547,0.008982359,0.08103328,0.0031114928,0.05828778,-0.00622328,252.26262,249.12987,332.90775,0.41182923,9.436965,0.058350574
3,94,10,0.0048999996,0.02536987,0.014990792,0.006781864,0.0035972123,0.061218444,0.006367451,3.1335974,0.28128567,5.110039,-0.63918424,0.12243689,0.012734902,0.08235207,0.0073922896,0.059976764,-0.007502133,252.28662,249.25005,332.4266,0.35789856,9.436965,0.06276341
3,95,10,0.0048999996,0.024510881,0.014393291,0.0069482327,0.0031693557,0.05998602,0.0048925877,3.1718009,0.38484952,4.7965245,-0.71571445,0.11997204,0.009785175,0.08335606,0.010113984,0.05629703,-0.008400372,252.35878,249.54121,333.14624,0.33086494,9.441078,0.059104744
3,96,10,0.0048999996,0.023448344,0.013516545,0.0064894906,0.003442308,0.05813034,0.0031077904,3.0653074,0.27939212,4.9988036,-0.7297647,0.11626068,0.0062155807,0.080557376,0.007342525,0.058671184,-0.0085652815,252.38774,249.72337,333.32852,0.45037258,9.441078,0.060587417
3,97,10,0.0048999996,0.026073,0.014956885,0.007828316,0.0032877983,0.061149172,0.00524684,3.3666873,0.4236023,4.8853283,-0.8973207,0.122298345,0.01049368,0.08847777,0.011132422,0.057339326,-0.01053189,252.42937,249.87134,333.16107,0.47371837,9.444952,0.06570643
3,98,10,0.0048999996,0.026238179,0.014560502,0.008554799,0.003122879,0.060333453,0.0044117854,3.5194402,0.30455586,4.761226,-0.7553767,0.120666906,0.008823571,0.092492156,0.008003838,0.055882726,-0.008865891,252.49904,249.94208,333.94907,0.45082083,9.444952,0.07427382
3,99,10,0.0048999996,0.021034589,0.010997546,0.0072003743,0.0028366696,0.052434593,0.0014830469,3.228838,0.1394521,4.537802,-0.7545823,0.10486919,0.0029660938,0.08485502,0.0036648521,0.053260393,-0.008856567,252.54988,250.19194,334.34412,0.6151302,9.448904,0.05128883
3,100,10,0.0048999996,0.025303923,0.01576213,0.0066197994,0.0029219924,0.06277366,0.0033976275,3.0959296,0.22485772,4.6055417,-0.8644675,0.12554732,0.006795255,0.08136215,0.005909342,0.054055456,-0.010146295,252.54175,250.34416,333.74423,0.6396098,9.448904,0.04617053
4,1,10,0.0034299996,0.09571619,0.053155977,0.034248315,0.0083119,0.1152779,-0.008149148,7.0418744,2.3650246,7.7676806,-0.7018066,0.2305558,-0.016298296,0.185063,0.06215369,0.091169626,-0.008237133,253.07558,252.86282,339.184,-1.663218,9.452732,0.93429756
4,2,10,0.0034299996,0.099346206,0.056083463,0.0351894,0.008073348,0.11840974,-0.008234262,7.137968,2.445008,7.655403,-0.70585525,0.23681948,-0.016468523,0.18758838,0.0642557,0.08985181,-0.008284658,253.1235,253.06938,339.76154,-1.7391528,9.452732,0.99258494
4,3,10,0.0034299996,0.08807809,0.05022938,0.029669125,0.008179585,0.11205956,-0.009822075,6.5542207,1.7777334,7.705608,-0.39364716,0.22411913,-0.01964415,0.17224728,0.046719473,0.09044106,-0.004620256,253.21034,253.4691,340.4663,-1.3840863,9.451445,0.83131427
4,4,10,0.0034299996,0.086395465,0.04812362,0.03027942,0.007992425,0.10968548,-0.00816794,6.6212883,1.9680823,7.6169395,-0.35088325,0.21937096,-0.01633588,0.17400983,0.05172192,0.089400366,-0.0041183294,253.22328,253.62704,340.18765,-1.6171991,9.451445,0.807818
4,5,10,0.0034299996,0.06485363,0.035643548,0.021750722,0.0074593597,0.09439749,-0.0030379596,5.6118426,1.197184,7.358546,0.22648805,0.18879499,-0.006075919,0.14748126,0.031462435,0.086367585,0.0026583022,253.26656,253.7187,340.52225,-1.423672,9.447982,0.4774692
4,6,10,0.0034299996,0.066582285,0.034888346,0.023630459,0.008063483,0.09339211,-0.004980955,5.849312,1.0258492,7.6507244,0.51356673,0.18678422,-0.00996191,0.15372202,0.026959684,0.0897969,0.0060277563,253.30531,253.79034,340.78125,-1.539416,9.447982,0.47218144
4,7,10,0.0034299996,0.05273035,0.02395551,0.020822437,0.007952404,0.07738784,-0.00036738347,5.490785,0.46566156,7.597845,0.8175852,0.15477568,-0.00073476695,0.14429982,0.012237763,0.08917625,0.009596044,253.27142,253.69034,340.1049,-1.2832468,9.443431,0.20490277
4,8,10,0.0034299996,0.05457755,0.025661118,0.020548968,0.008367463,0.08009544,0.00032649047,5.4546094,0.5360774,7.793599,0.84399843,0.16019088,0.00065298093,0.14334911,0.014088298,0.09147384,0.009906049,253.30327,253.777,340.42844,-1.3800758,9.443431,0.21573192
4,9,10,0.0034299996,0.054243978,0.023602352,0.022113135,0.00852849,0.076815285,0.0015224423,5.6584024,-0.27595836,7.8682337,1.2456797,0.15363057,0.0030448847,0.14870486,-0.0072522787,0.09234982,0.014620605,253.34904,253.95004,340.5924,-0.9697214,9.43831,0.2858623
4,10,10,0.0034299996,0.054485474,0.023397692,0.022762911,0.008324872,0.07648152,0.002981098,5.740934,-0.1250262,7.773739,1.2355353,0.15296304,0.005962196,0.15087382,-0.0032857356,0.091240734,0.014501523,253.3731,254.14943,340.14252,-1.110509,9.43831,0.24550433
4,11,10,0.0034299996,0.057188384,0.02462313,0.023994869,0.008570388,0.07845879,0.0053708786,5.8942404,-0.5519805,7.887538,1.4274297,0.15691759,0.010741757,0.15490277,-0.014506244,0.09257639,0.016753813,253.47931,254.5565,340.97128,-0.8754492,9.43307,0.4053865
4,12,10,0.0034299996,0.058216326,0.024828203,0.024006037,0.009382085,0.07878484,0.002460601,5.8956122,-0.8018201,8.252602,1.6207198,0.15756968,0.004921202,0.15493882,-0.021072116,0.09686116,0.019022467,253.5386,254.72806,341.73425,-0.8188997,9.43307,0.43190232
4,13,10,0.0034299996,0.06278491,0.026324641,0.027008945,0.009451323,0.08112435,0.0060494426,6.2534904,-1.0676844,8.282997,1.5114089,0.1622487,0.012098885,0.16434398,-0.02805913,0.09721792,0.017739478,253.49951,254.55031,340.8963,-0.4437245,9.42782,0.5096719
4,14,10,0.0034299996,0.06283386,0.027073238,0.02619487,0.009565756,0.082269736,0.006727799,6.158526,-0.8589428,8.33299,1.4853158,0.16453947,0.013455598,0.16184829,-0.022573326,0.09780468,0.017433222,253.5101,254.48099,340.69653,-0.626373,9.42782,0.48861128
4,15,10,0.0034299996,0.06073536,0.025908502,0.024855029,0.009971825,0.08048059,0.0036338489,5.9989576,-1.1831882,8.508021,1.526325,0.16096118,0.0072676977,0.15765478,-0.031094609,0.09985903,0.01791455,253.5346,254.50757,341.00934,-0.3431368,9.422634,0.47143665
4,16,10,0.0034299996,0.058362596,0.025101906,0.0231379,0.010122791,0.0792179,0.006440907,5.788028,-1.0951295,8.572182,1.5140353,0.1584358,0.012881814,0.15211147,-0.028780408,0.10061208,0.017770302,253.54541,254.65088,340.68427,-0.41890585,9.422634,0.45879108
4,17,10,0.0034299996,0.05118167,0.021422805,0.020448806,0.009310059,0.07318266,0.0055143973,5.4413,-1.0020558,8.220863,1.2905412,0.14636531,0.011028795,0.14299932,-0.02633439,0.09648865,0.015147135,253.59859,254.8473,341.14102,-0.2884854,9.4178,0.4020566
4,18,10,0.0034299996,0.051108044,0.02169547,0.019886782,0.00952579,0.07364691,0.0035494359,5.3660035,-1.036231,8.315564,1.3399884,0.14729382,0.0070988717,0.1410205,-0.027232524,0.097600155,0.01572751,253.63411,254.94032,341.62027,-0.3037573,9.4178,0.39085853
4,19,10,0.0034299996,0.04430169,0.017115667,0.018241927,0.008944093,0.06541343,0.004275283,5.139301,-0.74348617,8.057669,1.1114732,0.13082686,0.008550566,0.13506268,-0.019539079,0.094573215,0.013045414,253.6365,255.0121,341.07208,-0.36798704,9.413588,0.3017096
4,20,10,0.0034299996,0.0488199,0.019157507,0.020364903,0.009297491,0.06920532,0.004879864,5.430125,-0.79758745,8.215313,1.245367,0.13841064,0.009759728,0.14270565,-0.02096089,0.0964235,0.014616924,253.6845,255.18312,341.60495,-0.4477796,9.413588,0.32085222
4,21,10,0.0034299996,0.040582865,0.012771525,0.018455375,0.009355968,0.056505587,-0.0005516005,5.169281,-0.67835283,8.241107,1.1994882,0.113011174,-0.001103201,0.13585056,-0.017827356,0.09672625,0.014078449,253.7107,255.3016,341.96957,-0.52113533,9.410185,0.21607761
4,22,10,0.0034299996,0.041710086,0.013447278,0.01813497,0.010127841,0.0579812,0.0016621827,5.1242123,-0.62346035,8.574319,1.1834897,0.1159624,0.0033243655,0.13466614,-0.016384756,0.100637175,0.013890674,253.70381,255.30426,341.3129,-0.5600293,9.410185,0.19689134
4,23,10,0.0034299996,0.03525456,0.011307601,0.014643674,0.009303286,0.053168602,0.00083695987,4.6046185,-0.21961981,8.217873,0.8883464,0.106337205,0.0016739197,0.12101105,-0.0057716905,0.09645354,0.010426558,253.75963,255.37192,341.64584,-0.66872656,9.407767,0.10851931
4,24,10,0.0034299996,0.035407633,0.013166692,0.012327327,0.009913612,0.057373103,-0.0015646549,4.224771,-0.27775642,8.48315,0.9710007,0.114746206,-0.0031293097,0.1110285,-0.007299535,0.09956712,0.01139668,253.80388,255.40887,341.83893,-0.6932442,9.407767,0.10878711
4,25,10,0.0034299996,0.033320732,0.011593893,0.012835724,0.008891115,0.05383747,-0.000619269,4.3110075,0.11939897,8.03377,0.5029254,0.10767494,-0.001238538,0.113294855,0.0031378523,0.09429271,0.0059028515,253.77205,255.35803,340.90433,-0.62232435,9.406324,0.08288705
4,26,10,0.0034299996,0.035176862,0.012923249,0.013483772,0.008769839,0.056840234,2.726743e-6,4.418495,0.24436696,7.9787903,0.5240168,0.11368047,5.453486e-6,0.116119646,0.006422055,0.09364742,0.006150402,253.76631,255.34912,341.1714,-0.76838374,9.406324,0.08610919
4,27,10,0.0034299996,0.035205055,0.014045049,0.012852357,0.008307648,0.059255905,-0.0041238647,4.313801,0.43033808,7.765693,0.36622295,0.11851181,-0.008247729,0.113368236,0.011309439,0.0911463,0.00429838,253.77484,255.34663,341.49985,-0.796561,9.405588,0.12854156
4,28,10,0.0034299996,0.0314074,0.01157337,0.011369631,0.008464399,0.0537898,-0.0023200316,4.057344,0.5381986,7.8386135,0.3693769,0.1075796,-0.0046400633,0.10662847,0.014144055,0.09200217,0.0043353937,253.74104,255.25284,340.91397,-0.9075755,9.405588,0.13265951
4,29,10,0.0034299996,0.034205925,0.013993673,0.012439835,0.0077724145,0.05914743,-0.0023531602,4.244006,0.74774414,7.5113707,0.14163578,0.11829486,-0.0047063204,0.11153401,0.019650986,0.0881613,0.0016623796,253.7436,255.21303,340.85898,-0.8893799,9.405248,0.20201492
4,30,10,0.0034299996,0.03639815,0.014818165,0.013725573,0.007854413,0.060864944,-0.0051776934,4.4579363,0.69059587,7.5508895,0.19923972,0.12172989,-0.010355387,0.11715619,0.01814911,0.088625126,0.0023384877,253.73471,255.09296,340.9982,-0.8898356,9.405248,0.21528868
4,31,10,0.0034299996,0.037854806,0.015861686,0.014680405,0.007312717,0.06297159,-0.0034122593,4.61039,0.796758,7.2858562,0.16099949,0.12594318,-0.0068245186,0.12116272,0.020939087,0.085514426,0.0018896551,253.7062,255.0382,340.5035,-0.9577575,9.405229,0.2273839
4,32,10,0.0034299996,0.03484838,0.012036711,0.0152733,0.007538372,0.054855973,-0.0032569803,4.7025685,0.95735687,7.397415,0.12606426,0.109711945,-0.0065139607,0.123585194,0.025159687,0.0868238,0.0014796124,253.73276,255.11673,341.0383,-1.0834211,9.405229,0.2226637
4,33,10,0.0034299996,0.037586473,0.0138322925,0.01619394,0.007560244,0.058805384,-0.0048082774,4.8422246,0.6534058,7.408139,0.32158968,0.11761077,-0.009616555,0.12725541,0.017171739,0.08694966,0.0037745135,253.71304,254.9869,341.13763,-0.9749955,9.405353,0.20774055
4,34,10,0.0034299996,0.036723934,0.012893525,0.016171167,0.007659241,0.05677483,-0.00253946,4.838818,0.74667877,7.4564834,0.23895764,0.11354966,-0.00507892,0.1271659,0.019622989,0.08751709,0.0028046605,253.61821,254.62675,340.06003,-0.9856364,9.405353,0.20348102
4,35,10,0.0034299996,0.032496475,0.01116438,0.014296727,0.007035366,0.052830815,-0.0021723618,4.549744,0.79758984,7.146354,0.1923254,0.10566163,-0.0043447237,0.11956892,0.020960955,0.08387709,0.0022573334,253.5728,254.3103,340.2434,-0.98991525,9.405646,0.18243608
4,36,10,0.0034299996,0.03615105,0.015023043,0.013816238,0.0073117693,0.061284263,-0.0054828958,4.472636,0.5869817,7.2853847,0.16149648,0.122568525,-0.0109657915,0.1175425,0.015426092,0.08550888,0.0018954951,253.54433,254.1667,340.33783,-0.7484782,9.405646,0.19967934
4,37,10,0.0034299996,0.03328051,0.012724453,0.013587178,0.0069688805,0.056401357,-0.0011712823,4.435405,0.3307223,7.112507,0.18583526,0.112802714,-0.0023425645,0.11656405,0.008691503,0.08347982,0.002181159,253.4607,253.91264,339.44617,-0.5165576,9.405877,0.16435902
4,38,10,0.0034299996,0.034001973,0.011843057,0.014880256,0.0072786575,0.054412905,0.00028638015,4.6416655,0.43355536,7.2688694,0.15282987,0.10882581,0.0005727603,0.12198465,0.01139399,0.08531505,0.0017937747,253.41594,253.65471,339.42282,-0.58638525,9.405877,0.16949357
4,39,10,0.0034299996,0.03212944,0.012231091,0.012952822,0.0069455276,0.055297133,-0.0007738135,4.330628,-0.005987803,7.100581,0.45665187,0.110594265,-0.001547627,0.113810465,-0.00015735807,0.08333983,0.005359744,253.39359,253.4987,339.58005,-0.45066407,9.406122,0.13349687
4,40,10,0.0034299996,0.03142114,0.0113745835,0.012977096,0.007069462,0.053325847,0.0011932761,4.334684,0.0032852443,7.163651,0.1483624,0.10665169,0.0023865523,0.11391706,8.6340035e-5,0.08408009,0.0017413383,253.35872,253.49132,338.9706,-0.15164764,9.406122,0.13139045
4,41,10,0.0034299996,0.028238427,0.010446516,0.0112139275,0.0065779826,0.0511041,0.002674914,4.029466,-0.14721651,6.910152,0.3198068,0.1022082,0.005349828,0.10589583,-0.0038689014,0.08110476,0.003753585,253.37978,253.52867,339.44885,-0.1725903,9.406559,0.10046033
4,42,10,0.0034299996,0.029787386,0.012006371,0.010866338,0.006914677,0.054786794,0.00027753352,3.9665263,-0.3701031,7.0847936,0.45418206,0.10957359,0.00055506703,0.10424173,-0.009726439,0.08315454,0.005330754,253.44054,253.71686,340.082,-0.08407897,9.406559,0.11145453
4,43,10,0.0034299996,0.02954962,0.012848168,0.010004749,0.006696703,0.05667488,0.0048598326,3.8060257,-0.40341645,6.972229,0.5692535,0.11334976,0.009719665,0.10002374,-0.010601931,0.081833385,0.0066813584,253.49934,254.09955,339.94452,-0.16583705,9.406999,0.1018633
4,44,10,0.0034299996,0.029626746,0.01330541,0.0095936805,0.0067276554,0.05767454,0.005002927,3.7270164,-0.31422466,6.988325,0.5051861,0.11534908,0.010005854,0.09794734,-0.008257938,0.08202229,0.0059293904,253.56787,254.33578,340.707,-0.19096142,9.406999,0.10519673
4,45,10,0.0034299996,0.030144995,0.014249211,0.009124693,0.006771089,0.05968503,0.0045835446,3.6347768,-0.39547044,7.0108466,0.78340286,0.11937006,0.009167089,0.09552326,-0.0103931045,0.082286626,0.009194835,253.57114,254.24884,340.76935,-0.38793242,9.407347,0.12363563
4,46,10,0.0034299996,0.028773807,0.013003903,0.00942505,0.006344855,0.05701733,0.00785467,3.6941156,-0.24847214,6.7865973,0.6678794,0.11403466,0.01570934,0.0970827,-0.006529934,0.0796546,0.007838926,253.515,254.05255,339.89667,-0.41940725,9.407347,0.11498185
4,47,10,0.0034299996,0.030335872,0.014229808,0.009809394,0.00629667,0.05964438,0.008291127,3.768684,-0.13993157,6.7607784,0.687455,0.11928876,0.016582254,0.099042386,-0.0036774531,0.07935156,0.008068689,253.50525,253.92357,340.07047,-0.54752344,9.407684,0.12600437
4,48,10,0.0034299996,0.030523114,0.013709184,0.010176968,0.0066369623,0.058543112,0.005825995,3.8386445,-0.26100773,6.941061,0.8033592,0.117086224,0.01165199,0.10088096,-0.0068593784,0.081467554,0.009429064,253.49515,253.8178,339.97397,-0.5423515,9.407684,0.121197425
4,49,10,0.0034299996,0.027267521,0.011291476,0.009857258,0.006118787,0.05313068,0.0076357457,3.7778678,-0.0570472,6.6645975,0.6236104,0.10626136,0.015271491,0.099283725,-0.0014992206,0.07822268,0.0073193396,253.47069,253.7984,339.22116,-0.5665632,9.407884,0.13068168
4,50,10,0.0034299996,0.026392294,0.011326695,0.008975829,0.006089771,0.053213473,0.007353773,3.6050055,-0.040622577,6.6487765,0.63123035,0.10642695,0.014707546,0.09474085,-0.0010675769,0.07803699,0.0074087754,253.50471,253.93011,339.74026,-0.59060776,9.407884,0.14374411
4,51,10,0.0034299996,0.024403384,0.0105067985,0.007972423,0.0059241634,0.051251337,0.004867706,3.3975341,-0.26197967,6.5577493,0.76931584,0.102502674,0.009735412,0.08928843,-0.0068849195,0.07696859,0.009029498,253.5058,253.94894,339.9286,-0.50733614,9.407977,0.12295283
4,52,10,0.0034299996,0.026123997,0.011035627,0.009149299,0.00593907,0.052525297,0.0070985556,3.639675,-0.12235281,6.5659933,0.64744747,0.10505059,0.014197111,0.09565197,-0.0032154808,0.07706536,0.00759912,253.44827,253.79436,339.298,-0.5250946,9.407977,0.120100886
4,53,10,0.0034299996,0.025054006,0.010696431,0.008660638,0.005696938,0.051711775,0.006162882,3.5411444,-0.023531364,6.4307547,0.62155735,0.10342355,0.012325764,0.09306255,-0.00061841565,0.07547806,0.0072952495,253.43004,253.59494,339.58215,-0.598026,9.407993,0.10713451
4,54,10,0.0034299996,0.02357436,0.010351205,0.0074574063,0.0057657473,0.050870437,0.004367496,3.2859619,-0.2014975,6.4694743,0.82627994,0.101740874,0.008734992,0.086356275,-0.0052954266,0.07593252,0.009698084,253.41919,253.49799,339.55103,-0.62478244,9.407993,0.10503446
4,55,10,0.0034299996,0.022916276,0.010093327,0.007559474,0.0052634752,0.050232776,0.0047923485,3.3083732,-0.23088743,6.1812677,0.408024,0.10046555,0.009584697,0.086945236,-0.006067808,0.07254981,0.004788997,253.37311,253.35364,338.80707,-0.17713659,9.407889,0.08904669
4,56,10,0.0034299996,0.022046413,0.009024652,0.0075290143,0.0054927464,0.047499083,0.0045032157,3.3017008,-0.20834129,6.314457,0.47181058,0.094998166,0.009006431,0.086769894,-0.005475283,0.07411306,0.0055376613,253.40738,253.51299,339.35953,-0.26346928,9.407889,0.10061374
4,57,10,0.0034299996,0.020858197,0.008755547,0.0069742594,0.0051283897,0.04678554,0.00050308683,3.1777358,-0.5686679,6.101431,0.46440476,0.09357108,0.0010061737,0.08351203,-0.014944792,0.071612775,0.00545074,253.42792,253.65424,339.58878,0.10426313,9.407876,0.08142177
4,58,10,0.0034299996,0.020895705,0.0088813035,0.0070982436,0.004916158,0.047120333,0.002259421,3.2058573,-0.47444454,5.9738474,0.2432605,0.094240665,0.004518842,0.084251076,-0.0124685755,0.07011532,0.002855161,253.3808,253.51529,338.9925,0.23118404,9.407876,0.08421087
4,59,10,0.0034299996,0.019666985,0.008558743,0.0063756756,0.004732567,0.046256736,0.0011959117,3.0383077,-0.46043855,5.861242,-0.020086924,0.09251347,0.0023918233,0.07984783,-0.012100491,0.068793654,-0.00023576136,253.38176,253.42491,339.37875,0.48052546,9.408127,0.08205092
4,60,10,0.0034299996,0.019204691,0.008127023,0.006445438,0.004632232,0.045075,-0.0005593284,3.054885,-0.68950766,5.7987766,0.12083487,0.09015,-0.0011186568,0.080283485,-0.018120512,0.0680605,0.0014182468,253.38916,253.42996,339.32678,0.5686728,9.408127,0.091797836
4,61,10,0.0034299996,0.018115042,0.0074790763,0.0065765893,0.0040593767,0.043240827,0.0005987068,3.0858088,-0.40088084,5.4283876,-0.26238963,0.08648165,0.0011974137,0.08109617,-0.010535292,0.06371324,-0.0030796786,253.3693,253.45932,338.884,0.6632705,9.408846,0.075980864
4,62,10,0.0034299996,0.017990075,0.0076283063,0.006205541,0.004156227,0.043670088,0.00056578376,2.9974952,-0.37331337,5.492763,-0.23114958,0.087340176,0.0011315675,0.07877526,-0.009810811,0.06446881,-0.0027130116,253.37515,253.4416,339.34308,0.604463,9.408846,0.07663736
4,63,10,0.0034299996,0.018931314,0.009147113,0.00560436,0.004179842,0.04782027,-0.001955662,2.8486013,-0.45934173,5.508345,-0.35295004,0.09564054,-0.003911324,0.07486227,-0.012071664,0.0646517,-0.0041425917,253.3758,253.43346,339.46188,0.81229174,9.409896,0.069528095
4,64,10,0.0034299996,0.019550696,0.008780283,0.0064328397,0.0043375725,0.046851583,-0.00018200041,3.051898,-0.38499835,5.611314,-0.56268144,0.093703166,-0.00036400082,0.080204986,-0.010117894,0.06586025,-0.006604219,253.31828,253.2511,338.67038,0.94767976,9.409896,0.060380902
4,65,10,0.0034299996,0.01826663,0.0077131023,0.0063360566,0.0042174696,0.043912135,-0.00011390209,3.028853,-0.0719011,5.533083,-0.7668066,0.08782427,-0.00022780418,0.07959935,-0.0018895864,0.06494205,-0.009000043,253.29788,253.01346,338.7485,0.8387077,9.411238,0.050035678
4,66,10,0.0034299996,0.017422535,0.007946265,0.0053233914,0.0041528773,0.04457091,-0.0015876257,2.7762778,-0.18913284,5.490549,-0.53175753,0.08914182,-0.0031752514,0.07296158,-0.004970479,0.06444282,-0.0062412634,253.31404,253.01866,338.86795,0.7208904,9.411238,0.059026953
4,67,10,0.0034299996,0.018181354,0.008876358,0.005452043,0.0038529523,0.047107212,0.0007968013,2.8096247,0.15065141,5.2885675,-0.79952526,0.094214424,0.0015936026,0.07383795,0.0039591747,0.062072154,-0.009384062,253.33548,253.20435,338.6031,0.64887387,9.412619,0.04529951
4,68,10,0.0034299996,0.018114854,0.008449839,0.0056584356,0.0040065777,0.045961503,3.6571062e-5,2.8623116,0.17403866,5.392969,-0.83024096,0.091923006,7.3142124e-5,0.075222574,0.004573798,0.06329753,-0.009744577,253.38806,253.44002,339.19894,0.6562023,9.412619,0.049153406
4,69,10,0.0034299996,0.019166427,0.009870052,0.0053996393,0.0038967358,0.049674068,-0.001755291,2.7960892,0.040057015,5.318531,-0.8780471,0.099348135,-0.003510582,0.07348224,0.0010527121,0.06242384,-0.01030568,253.37386,253.37582,339.18173,0.8379901,9.413996,0.055759348
4,70,10,0.0034299996,0.019839004,0.009090723,0.0066975467,0.004050736,0.04767264,0.0006592426,3.1140568,0.15884976,5.422608,-0.9237144,0.09534528,0.0013184852,0.08183854,0.00417463,0.06364539,-0.010841678,253.32465,253.1013,338.26642,0.7648646,9.413996,0.044605616
4,71,10,0.0034299996,0.018646326,0.008109683,0.006624627,0.0039120154,0.04502689,0.0015905139,3.0970583,0.35465664,5.3289475,-1.0120194,0.09005378,0.0031810277,0.08139181,0.009320505,0.062546104,-0.011878117,253.33223,253.04707,338.67648,0.65736276,9.415379,0.058417074
4,72,10,0.0034299996,0.018415282,0.008364572,0.0061749546,0.0038757555,0.04572902,-0.0005116964,2.9900987,0.113397345,5.304194,-0.7762966,0.09145804,-0.0010233928,0.07858088,0.0029801226,0.062255565,-0.009111428,253.34895,253.08444,338.87903,0.66289926,9.415379,0.060088415
4,73,10,0.0034299996,0.01794254,0.008176187,0.006136012,0.003630342,0.045211136,0.0014447152,2.9806554,0.25424802,5.133517,-0.9877317,0.09042227,0.0028894304,0.0783327,0.00668173,0.06025232,-0.011593051,253.31187,253.0241,338.378,0.7334837,9.416518,0.05809443
4,74,10,0.0034299996,0.016977202,0.00707777,0.006258031,0.003641401,0.04206474,0.0016798435,3.0101454,0.34667718,5.1413302,-1.0187606,0.08412948,0.003359687,0.07910772,0.009110803,0.06034402,-0.011957241,253.24857,252.60776,338.31052,0.6720834,9.416518,0.07142429
4,75,10,0.0034299996,0.01847375,0.007905604,0.0067714066,0.0037967397,0.04445673,0.0005930585,3.1311808,0.11214626,5.2498474,-0.9114991,0.08891346,0.001186117,0.082288556,0.0029472432,0.06161769,-0.010698306,253.19397,252.32428,338.00406,0.7993528,9.417412,0.07179247
4,76,10,0.0034299996,0.020462433,0.008575895,0.007850691,0.0040358477,0.046303064,0.0035910811,3.3714955,0.30057183,5.4126334,-1.118114,0.09260613,0.0071821623,0.08860412,0.007899138,0.06352832,-0.013123355,253.14731,252.21457,337.2181,0.8175422,9.417412,0.0769457
4,77,10,0.0034299996,0.020926438,0.008212294,0.008687384,0.0040267594,0.045310855,0.0033227669,3.546608,0.43379736,5.406535,-1.0406084,0.09062171,0.0066455337,0.09320614,0.011400353,0.06345675,-0.012213669,253.13629,252.13431,337.3376,0.60681105,9.417983,0.08513262
4,78,10,0.0034299996,0.021431942,0.008528452,0.008699564,0.0042039244,0.04617481,0.001368788,3.5490935,0.2556125,5.5241914,-0.94717205,0.09234962,0.002737576,0.09327146,0.0067175915,0.06483768,-0.011117001,253.10219,251.9268,337.3768,0.69155955,9.417983,0.085320756
4,79,10,0.0034299996,0.020655882,0.008548578,0.008275958,0.0038313463,0.046229262,0.0033113717,3.4616072,0.33131278,5.2737184,-1.1143733,0.092458524,0.0066227433,0.09097229,0.008707019,0.06189787,-0.0130794505,253.05536,251.70483,336.6258,0.78306055,9.418101,0.07418966
4,80,10,0.0034299996,0.017725809,0.007254806,0.0069514243,0.0035195784,0.042587575,0.0031284043,3.1725283,0.3214487,5.054597,-1.1155195,0.08517515,0.0062568085,0.0833752,0.0084477905,0.059326034,-0.013092904,253.07004,251.69624,337.1026,0.79407084,9.418101,0.07617144
4,81,10,0.0034299996,0.014837869,0.0064896108,0.0049946364,0.0033536227,0.04027906,0.0017765857,2.6891844,0.12924631,4.9339905,-0.79475754,0.08055812,0.0035531714,0.07067274,0.0033966398,0.057910472,-0.009328109,253.08195,251.80724,337.41415,0.66551125,9.41772,0.061155796
4,82,10,0.0034299996,0.01719192,0.0082131,0.0054385588,0.0035402612,0.04531308,0.004352835,2.8061485,0.20447417,5.069427,-0.92866224,0.09062616,0.00870567,0.073746584,0.005373654,0.059500095,-0.0108997505,253.03212,251.68555,336.6936,0.7241881,9.41772,0.06745421
4,83,10,0.0034299996,0.017048012,0.007907479,0.0057994807,0.003341053,0.044462003,0.0037871236,2.8977656,0.34214643,4.924735,-0.9219887,0.088924006,0.007574247,0.07615432,0.008991733,0.057801843,-0.010821424,252.99156,251.4143,336.81656,0.5798423,9.416995,0.06183406
4,84,10,0.0034299996,0.016357534,0.0076250294,0.0052546468,0.0034778565,0.043660708,0.0026143477,2.7582934,0.24708845,5.0245485,-0.89928746,0.087321416,0.0052286955,0.07248894,0.00649357,0.058973353,-0.010554976,252.8995,250.97694,336.49014,0.65219903,9.416995,0.055342954
4,85,10,0.0034299996,0.01573261,0.007620442,0.0046548676,0.0034573,0.043647572,0.0035400635,2.5961053,0.24292408,5.009677,-1.1061647,0.087295145,0.007080127,0.06822659,0.006384133,0.05879881,-0.012983108,252.76865,250.54128,335.18726,0.8632406,9.41591,0.042082284
4,86,10,0.0034299996,0.017199151,0.007903255,0.0057999166,0.003495981,0.044450127,0.0025954058,2.897874,0.2569053,5.037624,-1.1707839,0.08890025,0.0051908116,0.07615718,0.0067515643,0.05912682,-0.013741547,252.69907,250.18419,335.04507,0.91387856,9.41591,0.04977262
4,87,10,0.0034299996,0.017079668,0.0072722887,0.006250872,0.003556508,0.042638857,0.0016022532,3.0084233,-0.09157345,5.081046,-0.9458598,0.085277714,0.0032045064,0.079062454,-0.0024065846,0.059636466,-0.011101599,252.70384,250.1816,335.0613,1.0374333,9.414614,0.04456389
4,88,10,0.0034299996,0.019814827,0.008070191,0.007915385,0.0038292506,0.04491712,0.0031914574,3.385359,-0.100481056,5.272276,-1.05005,0.08983424,0.0063829147,0.08896845,-0.0026406797,0.06188094,-0.012324485,252.73149,250.37619,334.8249,1.150531,9.414614,0.051686935
4,89,10,0.0034299996,0.019493936,0.008689712,0.007032955,0.003771269,0.046609312,0.0033142262,3.1910794,-0.10507362,5.2322073,-0.98115623,0.093218625,0.0066284523,0.083862714,-0.0027613724,0.061410658,-0.011515877,252.73999,250.32988,335.25055,1.0862298,9.413204,0.055468462
4,90,10,0.0034299996,0.017199665,0.007242472,0.006176198,0.0037809948,0.042551357,0.0024967333,2.9903998,-0.21709692,5.23895,-0.87834305,0.085102715,0.0049934667,0.07858879,-0.005705388,0.061489794,-0.010309152,252.71497,250.2049,335.29205,1.0954399,9.413204,0.06234399
4,91,10,0.0034299996,0.02115475,0.010808493,0.0066194553,0.003726802,0.051981952,0.0031034925,3.0958495,-0.20001623,5.2012696,-1.0188895,0.103963904,0.006206985,0.081360035,-0.0052564973,0.06104754,-0.01195875,252.69395,250.1883,334.52686,1.2189058,9.41172,0.07411909
4,92,10,0.0034299996,0.021646712,0.010319333,0.0072209705,0.004106409,0.050792057,0.0027775248,3.2334523,-0.24195784,5.459744,-0.99796,0.101584114,0.0055550495,0.08497629,-0.0063587404,0.06408127,-0.011713102,252.71556,250.22035,334.79678,1.2399178,9.41172,0.08436177
4,93,10,0.0034299996,0.021094406,0.009747038,0.007198029,0.004149338,0.049363542,0.0017685131,3.2283115,-0.45408773,5.4882092,-0.9397672,0.098727085,0.0035370262,0.0848412,-0.011933589,0.06441536,-0.011030089,252.74521,250.35379,335.02264,1.3938549,9.41023,0.09352854
4,94,10,0.0034299996,0.023918316,0.010663919,0.008882721,0.004371677,0.051633127,0.0023765115,3.5862594,-0.37804323,5.633331,-1.1559905,0.103266254,0.004753023,0.09424819,-0.00993511,0.06611866,-0.013567916,252.74428,250.4718,334.62985,1.5340338,9.41023,0.10421009
4,95,10,0.0034299996,0.024176378,0.01141337,0.008400695,0.004362311,0.053416688,0.0021431223,3.487597,-0.39944327,5.6272936,-1.1842393,0.106833376,0.0042862445,0.09165531,-0.010497515,0.066047795,-0.01389947,252.71184,250.2648,334.81076,1.5836825,9.408727,0.10143421
4,96,10,0.0034299996,0.024163414,0.010559391,0.00887348,0.0047305417,0.05137945,0.0010110267,3.584393,-0.57249105,5.859987,-1.0963286,0.1027589,0.0020220533,0.09419915,-0.015045272,0.06877893,-0.012867659,252.68028,250.10844,334.73602,1.6688197,9.408727,0.10469176
4,97,10,0.0034299996,0.025725314,0.012785872,0.008234878,0.0047045634,0.056537315,0.0013902641,3.4530056,-0.546366,5.8438745,-1.2408481,0.11307463,0.0027805283,0.09074623,-0.014358698,0.06858982,-0.014563892,252.62689,249.90363,334.02774,1.787214,9.40731,0.105091766
4,98,10,0.0034299996,0.02442484,0.012122376,0.007807161,0.004495302,0.05505083,0.00131662,3.3621354,-0.5513977,5.7124267,-1.1466659,0.11010166,0.00263324,0.08835814,-0.014490929,0.067047015,-0.01345847,252.61636,249.7551,334.33917,1.6980636,9.40731,0.10803326
4,99,10,0.0034299996,0.020785075,0.009433771,0.007069783,0.004281522,0.0485638,0.00017287582,3.1994233,-0.6289497,5.574941,-1.0813493,0.0971276,0.00034575164,0.084082,-0.016529024,0.06543334,-0.012691844,252.60614,249.70482,334.2185,1.710299,9.406107,0.10775337
4,100,10,0.0034299996,0.023036212,0.010688635,0.008407538,0.0039400384,0.051692925,0.0014498542,3.4890168,-0.5960697,5.348001,-1.0842519,0.10338585,0.0028997085,0.09169263,-0.015664926,0.062769726,-0.012725913,252.57864,249.6804,333.70425,1.6803216,9.406107,0.11434358
5,1,10,0.0024009997,0.047686536,0.020850452,0.02028402,0.0065520653,0.07219843,0.0025352002,5.419331,-1.0818738,6.896525,-1.7491171,0.14439686,0.0050704004,0.14242198,-0.028432041,0.08094483,-0.020529466,251.79225,247.13428,331.02225,2.8309908,9.405058,0.25512636
5,2,10,0.0024009997,0.048068978,0.022261051,0.019572798,0.00623513,0.07460069,0.0030865339,5.323473,-0.9381293,6.7276597,-1.7353548,0.14920138,0.0061730677,0.13990282,-0.024654377,0.07896284,-0.02036794,251.75908,246.9427,331.31897,2.673484,9.405058,0.24614528
5,3,10,0.0024009997,0.041141186,0.01772791,0.017665686,0.0057475897,0.0665731,0.0012914567,5.057477,-0.87942946,6.45928,-1.5574813,0.1331462,0.0025829135,0.13291232,-0.023111723,0.07581286,-0.018280234,251.74258,246.90105,331.53378,2.4369106,9.404374,0.21795093
5,4,10,0.0024009997,0.043509785,0.019470086,0.018299509,0.0057401904,0.069767624,0.0031277123,5.1474056,-0.77684176,6.455121,-1.6526104,0.13953525,0.0062554246,0.13527568,-0.020415682,0.075764045,-0.019396756,251.70493,246.84943,330.79245,2.4294522,9.404374,0.21931086
5,5,10,0.0024009997,0.04010791,0.018233508,0.016189499,0.005684902,0.06751575,0.0025529356,4.841561,-0.46446815,6.4239573,-1.6952618,0.1350315,0.0051058712,0.12723796,-0.0122063905,0.07539829,-0.019897362,251.69133,246.74696,330.9156,2.15973,9.403849,0.19821487
5,6,10,0.0024009997,0.040577605,0.016169706,0.018175364,0.0062325383,0.06358008,0.00085337175,5.1299157,-0.5491099,6.7262607,-1.5645583,0.12716016,0.0017067435,0.13481604,-0.014430805,0.07894643,-0.01836329,251.64192,246.54305,330.90588,2.1136682,9.403849,0.21501747
5,7,10,0.0024009997,0.042275805,0.018321814,0.01775806,0.0061959275,0.06767905,0.0027717997,5.070683,-0.16212417,6.706475,-1.7008693,0.1353581,0.0055435994,0.13325937,-0.0042606723,0.078714214,-0.019963179,251.56093,246.29317,330.0168,1.8629935,9.403431,0.20714828
5,8,10,0.0024009997,0.043681312,0.019383747,0.017901506,0.0063960594,0.069612764,0.00309473,5.0911207,-0.07366219,6.813926,-1.8499781,0.13922553,0.00618946,0.13379651,-0.0019358698,0.07997537,-0.021713272,251.5047,246.07664,330.0294,1.9236403,9.403431,0.23028588
5,9,10,0.0024009997,0.043013833,0.019308256,0.017007716,0.006697864,0.069477074,0.0019818372,4.962399,-0.030385489,6.9728346,-1.8124417,0.13895415,0.0039636744,0.13041364,-0.0007985433,0.08184048,-0.021272715,251.48561,245.92314,329.93835,1.8428272,9.403323,0.21350567
5,10,10,0.0024009997,0.046608888,0.020482568,0.019167515,0.006958806,0.07155866,0.0039772973,5.26807,-0.12070673,7.1073647,-1.7827684,0.14311732,0.007954595,0.1384468,-0.0031722195,0.08341946,-0.020924428,251.5191,246.13977,329.3698,1.903475,9.403323,0.21101896
5,11,10,0.0024009997,0.04290631,0.019529669,0.016697887,0.0066787554,0.069874294,0.0034295893,4.9169917,-0.099273376,6.962881,-1.7215241,0.13974859,0.0068591787,0.1292203,-0.0026089326,0.08172365,-0.020205613,251.59927,246.48956,330.06854,1.8207974,9.4036455,0.17259502
5,12,10,0.0024009997,0.04051038,0.017114026,0.01683266,0.006563694,0.06541029,0.002906588,4.9367943,-0.2945421,6.902643,-1.5403663,0.13082059,0.005813176,0.12974074,-0.0077406685,0.08101663,-0.01807935,251.63538,246.55057,330.52826,1.8349084,9.4036455,0.16700667
5,13,10,0.0024009997,0.03656798,0.015006764,0.016056847,0.005504368,0.061251048,0.0043654013,4.821685,-0.18442936,6.3211336,-1.1926349,0.122502096,0.008730803,0.12671562,-0.004846869,0.07419143,-0.013998015,251.63364,246.48242,330.2674,1.3770643,9.404426,0.13772792
5,14,10,0.0024009997,0.03516036,0.01515517,0.0145976255,0.0054075643,0.06155317,0.003954956,4.597374,-0.14818034,6.2653027,-1.1069913,0.12310634,0.007909912,0.120820634,-0.0038942255,0.07353614,-0.012992813,251.67021,246.6368,331.0481,1.2551717,9.404426,0.14172804
5,15,10,0.0024009997,0.030030012,0.012745351,0.012033515,0.0052511473,0.056447655,0.0025575296,4.17412,-0.17625296,6.1740246,-0.91116023,0.11289531,0.005115059,0.10969738,-0.00463199,0.0724648,-0.0106943315,251.64084,246.54851,331.04697,1.0874132,9.405647,0.13541926
5,16,10,0.0024009997,0.032696884,0.013383595,0.013984237,0.005329052,0.057843745,0.0036109437,4.499747,0.0381536,6.2196527,-1.1056798,0.11568749,0.0072218874,0.11825497,0.0010026923,0.07300036,-0.012977416,251.5402,246.12802,330.41318,1.0675261,9.405647,0.13997024
5,17,10,0.0024009997,0.02981473,0.0134503385,0.011205883,0.005158508,0.057987798,0.002692594,4.0280213,0.16898654,6.1193223,-1.0921367,0.115975596,0.005385188,0.10585784,0.004441023,0.071822755,-0.0128184585,251.46638,245.72972,330.4116,0.9231502,9.407163,0.13757065
5,18,10,0.0024009997,0.029598776,0.012170488,0.0120485155,0.0053797727,0.055159967,0.002206724,4.176721,0.02781554,6.249182,-1.1966393,0.110319935,0.004413448,0.10976573,0.00073100097,0.073346935,-0.014045005,251.41164,245.57848,330.36392,1.1688237,9.407163,0.14591953
5,19,10,0.0024009997,0.031097755,0.013791858,0.012135259,0.0051706377,0.05871937,0.004168929,4.1917295,0.026166627,6.1265116,-1.134392,0.11743874,0.008337858,0.11016015,0.0006876666,0.07190715,-0.013314411,251.37953,245.61047,329.77557,1.1082253,9.408914,0.15048987
5,20,10,0.0024009997,0.03008541,0.013591665,0.011340994,0.00515275,0.058291648,0.0039309156,4.0522313,-0.0047969627,6.115905,-1.0581045,0.116583295,0.007861831,0.10649411,-0.00012606804,0.071782656,-0.012419023,251.40599,245.63582,330.33408,1.0629015,9.408914,0.152598
5,21,10,0.0024009997,0.024377078,0.011158606,0.008526683,0.0046917894,0.05281715,0.002061526,3.5136516,-0.12530124,5.835935,-0.8714374,0.1056343,0.004123052,0.09234004,-0.0032929566,0.06849664,-0.010228102,251.43452,245.72723,330.59042,0.9967386,9.410877,0.125904
5,22,10,0.0024009997,0.026652897,0.013122479,0.008836572,0.0046938453,0.057276696,0.0035475607,3.5769315,-0.03952084,5.8372135,-0.8694245,0.11455339,0.0070951213,0.094003044,-0.0010386223,0.06851164,-0.010204472,251.40483,245.75423,329.7567,0.9089454,9.410877,0.124960385
5,23,10,0.0024009997,0.026064023,0.013472801,0.0077460944,0.004845128,0.058036197,0.0012036861,3.3489609,-0.020079333,5.930535,-0.8584895,0.116072394,0.0024073722,0.0880119,-0.000527695,0.06960695,-0.010076131,251.36014,245.60951,329.97037,0.8785688,9.4129715,0.112962864
5,24,10,0.0024009997,0.024352118,0.012128781,0.0076230844,0.0046002525,0.05506537,0.00012733889,3.3222632,-0.02792786,5.7787247,-0.817946,0.11013074,0.00025467778,0.08731028,-0.00073395594,0.06782516,-0.009600271,251.33353,245.47044,330.20444,0.8458739,9.4129715,0.12090672
5,25,10,0.0024009997,0.024252784,0.012122652,0.007899226,0.0042309044,0.055051457,0.0018597406,3.3819013,0.066985816,5.541889,-0.8414273,0.110102914,0.0037194812,0.08887759,0.0017604118,0.0650454,-0.009875874,251.32765,245.54231,329.63205,0.7744415,9.4151535,0.10498993
5,26,10,0.0024009997,0.025065672,0.012296979,0.008275432,0.004493261,0.055445872,0.0007340359,3.4614973,0.023946704,5.71113,-0.8000072,0.110891744,0.0014680718,0.0909694,0.0006293269,0.06703179,-0.009389724,251.38861,245.82307,330.25168,0.7760605,9.4151535,0.09644595
5,27,10,0.0024009997,0.02239757,0.011244496,0.0068170163,0.004336058,0.053020034,-0.0011176117,3.1417084,-0.08235937,5.6103354,-0.65782017,0.10604007,-0.0022352233,0.082565226,-0.0021644349,0.06584875,-0.0077208644,251.45064,246.14117,330.5724,0.74017954,9.417425,0.07509365
5,28,10,0.0024009997,0.025495373,0.012994709,0.0075582447,0.0049424195,0.05699717,0.0011323392,3.308104,0.092447765,5.989782,-0.69061327,0.11399434,0.0022646785,0.086938165,0.00242956,0.070302345,-0.008105759,251.47968,246.25107,330.00522,0.5981655,9.417425,0.07465265
5,29,10,0.0024009997,0.022953235,0.012416733,0.0066011734,0.0039353287,0.0557152,0.0005175308,3.091571,0.18040355,5.344803,-0.5449866,0.1114304,0.0010350615,0.081247605,0.0047410703,0.0627322,-0.0063965297,251.53441,246.37129,331.08508,0.36458308,9.419749,0.07593247
5,30,10,0.0024009997,0.019302644,0.010087227,0.0053691044,0.0038463122,0.050217595,-0.0006875592,2.7881722,0.09863617,5.2840085,-0.5607845,0.10043519,-0.0013751184,0.07327417,0.002592195,0.062018644,-0.0065819537,251.54999,246.454,331.44815,0.46214834,9.419749,0.07469426
5,31,10,0.0024009997,0.020822797,0.011338524,0.0061222273,0.003362046,0.053241253,-6.1690735e-5,2.9773054,0.28879532,4.9401827,-0.5506662,0.106482506,-0.00012338147,0.078244664,0.0075896448,0.057983153,-0.006463191,251.49928,246.3619,330.7008,0.2618709,9.421925,0.06261929
5,32,10,0.0024009997,0.021046536,0.011559293,0.0063177315,0.0031695128,0.053757075,-0.00056441134,3.0244696,0.31708652,4.7966437,-0.4796712,0.10751415,-0.0011288227,0.07948416,0.008333148,0.056298427,-0.005629926,251.4845,246.22778,330.94586,0.16258469,9.421925,0.07679148
5,33,10,0.0024009997,0.01888246,0.009503391,0.0061571454,0.0032219263,0.048742667,-0.0034166153,2.9857838,0.30837893,4.8361416,-0.5513848,0.09748533,-0.0068332306,0.07846748,0.008104309,0.056762014,-0.006471628,251.44579,246.07808,330.7138,0.24300587,9.423803,0.06296542
5,34,10,0.0024009997,0.021327663,0.010712448,0.007175051,0.003440164,0.051750477,-0.0015884216,3.2231548,0.45346242,4.9972467,-0.6570709,0.103500955,-0.0031768433,0.08470567,0.011917158,0.05865291,-0.0077120666,251.41235,245.98062,330.00757,0.20360845,9.423803,0.057102956
5,35,10,0.0024009997,0.02029791,0.009496348,0.007831139,0.002970422,0.048724603,-0.0024258166,3.3672948,0.57281446,4.6435523,-0.57330894,0.097449206,-0.004851633,0.08849372,0.015053772,0.05450158,-0.0067289528,251.47116,246.07416,330.7594,0.00049448013,9.42544,0.06006077
5,36,10,0.0024009997,0.018771674,0.009018726,0.00669226,0.003060689,0.047483485,-0.0036210353,3.1128278,0.40801668,4.7135797,-0.55714583,0.09496697,-0.0072420705,0.081806235,0.010722825,0.055323493,-0.0065392475,251.56937,246.53003,331.1655,0.14912915,9.42544,0.0575315
5,37,10,0.0024009997,0.0205147,0.010124131,0.0074903434,0.002900226,0.05030937,-0.0009946742,3.2932107,0.5325632,4.588356,-0.5532465,0.10061874,-0.0019893483,0.08654677,0.013995952,0.053853747,-0.0064934767,251.64398,246.86517,331.07275,0.020683289,9.426859,0.055561684
5,38,10,0.0024009997,0.021444242,0.011707762,0.007153127,0.0025833535,0.054101206,-0.0017918204,3.2182267,0.51982254,4.330451,-0.4977755,0.10820241,-0.0035836408,0.08457616,0.013661125,0.050826702,-0.005842413,251.72675,247.04567,331.83716,-0.022047043,9.426859,0.05774764
5,39,10,0.0024009997,0.019527614,0.009133488,0.0076803654,0.0027137597,0.04778464,-0.0031195066,3.3347218,0.31791195,4.4384046,-0.48945147,0.09556928,-0.0062390133,0.08763769,0.008354842,0.05209376,-0.0057447124,251.79376,247.30688,332.45044,0.17153952,9.428086,0.06275856
5,40,10,0.0024009997,0.019689523,0.009205423,0.008037093,0.002447005,0.04797245,-0.00122861,3.4112864,0.57608366,4.214622,-0.5127564,0.0959449,-0.00245722,0.089649834,0.01513969,0.04946721,-0.0060182456,251.73438,247.15182,331.89792,-0.06332725,9.428086,0.06327293
5,41,10,0.0024009997,0.017661659,0.008137897,0.00724046,0.0022833026,0.045105144,-0.0022627776,3.237813,0.52541333,4.071204,-0.56180936,0.09021029,-0.0045255553,0.08509089,0.01380805,0.047783915,-0.006593982,251.65132,246.76825,331.99323,0.036396027,9.429119,0.06883519
5,42,10,0.0024009997,0.016660633,0.0074395044,0.0069520203,0.0022691085,0.04312628,-0.0037394846,3.1726649,0.46586502,4.058531,-0.6405434,0.08625256,-0.007478969,0.08337878,0.012243103,0.04763516,-0.0075180875,251.57446,246.36827,331.91312,0.17467839,9.429119,0.07483399
5,43,10,0.0024009997,0.018024916,0.00877889,0.00708149,0.0021645376,0.046847865,-0.0012627229,3.202071,0.42579773,3.96391,-0.70242155,0.09369573,-0.0025254458,0.08415159,0.011190121,0.04652459,-0.008244353,251.5279,246.24542,331.044,0.27662382,9.429857,0.07161721
5,44,10,0.0024009997,0.018484723,0.009132056,0.007173213,0.0021794555,0.047780894,-0.0020134128,3.2227418,0.43168485,3.977546,-0.7113923,0.09556179,-0.0040268255,0.084694825,0.011344835,0.046684638,-0.008349644,251.53584,246.28555,331.40582,0.27970743,9.429857,0.07283036
5,45,10,0.0024009997,0.01722228,0.008251895,0.0067653246,0.0022050594,0.045419972,-0.003968236,3.129774,0.15970366,4.0008416,-0.760993,0.090839945,-0.007936472,0.08225159,0.004197064,0.04695806,-0.00893181,251.54352,246.4345,331.51242,0.60128933,9.430424,0.089187294
5,46,10,0.0024009997,0.018890643,0.008730661,0.007966566,0.0021934162,0.046719003,-0.0022619108,3.3962862,0.33348706,3.990265,-0.760085,0.09343801,-0.0045238216,0.08925562,0.008764159,0.04683392,-0.008921151,251.5222,246.38126,330.86008,0.42659792,9.430424,0.09597627
5,47,10,0.0024009997,0.018231602,0.008562014,0.007634029,0.00203556,0.046265576,-0.0025699488,3.3246472,0.18731716,3.843998,-0.7056364,0.09253115,-0.0051398976,0.08737293,0.0049227634,0.04511718,-0.008282087,251.58131,246.50244,331.64853,0.51831925,9.430847,0.077479385
5,48,10,0.0024009997,0.021040974,0.010701052,0.008162229,0.0021776936,0.051722944,-0.003916651,3.43774,0.10048752,3.975938,-0.6596772,0.10344589,-0.007833302,0.090345055,0.0026408513,0.046665765,-0.0077426615,251.70995,247.04236,332.5225,0.5591897,9.430847,0.083741166
5,49,10,0.0024009997,0.019744862,0.0088719,0.008836875,0.0020360865,0.04709538,-0.00093348115,3.5769923,0.02059794,3.844495,-0.58774555,0.09419076,-0.0018669623,0.09400465,0.00054132094,0.045123015,-0.0068983957,251.81282,247.53104,332.37186,0.5671476,9.431191,0.07489618
5,50,10,0.0024009997,0.018985417,0.009195092,0.007934307,0.0018560175,0.04794552,-0.0016805822,3.3894026,-0.20884594,3.6705594,-0.41649413,0.09589104,-0.0033611644,0.08907472,-0.005488548,0.043081522,-0.00488841,251.93916,247.92091,333.15952,0.6253401,9.431191,0.071211874
5,51,10,0.0024009997,0.017374879,0.0087102605,0.006813374,0.0018512447,0.046664387,-0.0024252385,3.1408684,-0.47964638,3.6658368,-0.3871389,0.093328774,-0.004850477,0.082543164,-0.012605282,0.043026093,-0.0045438674,252.03703,248.21664,333.78412,0.8667853,9.431512,0.09117617
5,52,10,0.0024009997,0.018779328,0.00972699,0.007316729,0.0017356087,0.04931275,-0.00080882106,3.2548215,-0.3748607,3.5494993,-0.41407213,0.0986255,-0.0016176421,0.08553788,-0.009851474,0.041660637,-0.0048599835,252.05531,248.42133,333.40594,0.7889328,9.431512,0.09488536
5,53,10,0.0024009997,0.016499422,0.008412983,0.0064511052,0.001635334,0.04586116,-0.00067647133,3.0562277,-0.3032933,3.4454381,-0.22877288,0.09172232,-0.0013529427,0.08031877,-0.007970658,0.040439263,-0.0026851175,252.10768,248.68785,334.15237,0.53206617,9.431844,0.08900792
5,54,10,0.0024009997,0.016174363,0.008869209,0.005540928,0.0017642265,0.04708824,-0.0024185563,2.832435,-0.27475446,3.578643,-0.17746295,0.09417648,-0.0048371125,0.07443741,-0.007220646,0.042002697,-0.0020828908,252.13632,248.85602,334.72943,0.4522174,9.431844,0.08911314
5,55,10,0.0024009997,0.016419742,0.009049016,0.005707245,0.0016634824,0.047563158,0.0003857334,2.8746297,-0.15017165,3.4749641,-0.1809247,0.095126316,0.0007714668,0.07554631,-0.0039465646,0.04078581,-0.0021235214,252.10643,248.86559,334.0152,0.33109635,9.431989,0.08850161
5,56,10,0.0024009997,0.016841335,0.009432425,0.0058081015,0.0016008092,0.048560336,-0.00015234797,2.8999186,-0.16202183,3.4088743,-0.10304112,0.09712067,-0.00030469595,0.0762109,-0.0042579887,0.040010113,-0.0012093984,252.11577,248.83682,334.48358,0.26506296,9.431989,0.08913963
5,57,10,0.0024009997,0.014303362,0.0076197907,0.0051137027,0.001569869,0.043645706,-0.00061342755,2.721049,-0.20475188,3.3757706,-0.048907876,0.08729141,-0.0012268551,0.07151016,-0.0053809504,0.039621573,-0.00057403435,252.13434,248.82805,334.92322,0.25365975,9.4320345,0.08079261
5,58,10,0.0024009997,0.016284456,0.008154183,0.0064494666,0.0016808067,0.045150258,0.0011751319,3.0558395,0.030946134,3.493012,-0.098148204,0.090300515,0.0023502638,0.08030857,0.00081327587,0.040997643,-0.0011519698,252.1403,248.89175,334.31232,0.06720207,9.4320345,0.075811505
5,59,10,0.0024009997,0.01718533,0.009320933,0.0061090686,0.0017553288,0.04827249,0.0007986149,2.9741042,0.0985658,3.5696073,-0.03151839,0.09654498,0.0015972299,0.07816053,0.0025903445,0.041896645,-0.00036993306,252.23967,249.26132,335.09613,-0.06704742,9.431959,0.078671426
5,60,10,0.0024009997,0.016467169,0.008689226,0.005960813,0.0018171313,0.04660801,-0.00014897293,2.9377944,0.016713288,3.631904,-0.029941289,0.09321602,-0.00029794587,0.0772063,0.00043923143,0.042627823,-0.00035142267,252.30591,249.58235,335.6975,0.013228001,9.431959,0.07534544
5,61,10,0.0024009997,0.01835265,0.009159948,0.007310765,0.0018819391,0.04785381,0.0014089746,3.2534945,0.22126824,3.6961026,-0.16903833,0.09570762,0.0028179493,0.08550301,0.00581501,0.043381322,-0.0019840105,252.29248,249.62401,334.9834,-0.05222991,9.431733,0.066377416
5,62,10,0.0024009997,0.018642532,0.010188856,0.00656241,0.001891265,0.05046993,0.0007172853,3.0824804,0.13713332,3.705249,0.02605076,0.10093986,0.0014345706,0.0810087,0.0036039134,0.043488678,0.00030575844,252.32825,249.59622,335.64584,-0.16318408,9.431733,0.07276362
5,63,10,0.0024009997,0.016016506,0.007706194,0.0062705795,0.0020397315,0.043892466,-0.000684174,3.0131624,0.07038669,3.8479352,0.11086387,0.08778493,-0.001368348,0.07918699,0.0018497868,0.045163386,0.0013012142,252.37305,249.76389,335.90613,-0.18125057,9.431312,0.062820934
5,64,10,0.0024009997,0.017681427,0.008678442,0.006961169,0.0020418172,0.046579078,0.00096809835,3.1747518,0.26771975,3.8499017,0.14213146,0.093158156,0.0019361967,0.08343362,0.007035771,0.04518647,0.0016682039,252.39287,249.93225,335.53397,-0.4098512,9.431312,0.06400649
5,65,10,0.0024009997,0.016236177,0.0077974433,0.0065355836,0.0019031505,0.044151567,0.0013099867,3.0761738,0.15826778,3.7168734,0.28434217,0.088303134,0.0026199734,0.08084296,0.0041593337,0.043625113,0.0033373367,252.45064,250.18486,336.0606,-0.44260997,9.430786,0.06948814
5,66,10,0.0024009997,0.016253976,0.008180173,0.0061137564,0.0019600461,0.045222156,-0.0007573065,2.975245,0.075301506,3.772023,0.24756847,0.09044431,-0.001514613,0.07819051,0.0019789531,0.044272408,0.0029057222,252.48804,250.26071,336.42157,-0.32287,9.430786,0.062342606
5,67,10,0.0024009997,0.020079222,0.0085838055,0.009232341,0.0022630754,0.046324413,0.000803494,3.6561549,0.21645834,4.0531316,0.0565834,0.09264883,0.001606988,0.09608507,0.005688603,0.047571793,0.0006641219,252.49129,250.34268,335.83557,-0.27304173,9.430082,0.048862137
5,68,10,0.0024009997,0.017627932,0.007939983,0.0075772107,0.0021107374,0.04455329,0.00095757167,3.3122516,-0.01496708,3.914338,0.28301802,0.08910658,0.0019151433,0.087047175,-0.00039333888,0.04594276,0.0033217957,252.58113,250.6994,336.5503,-0.26805094,9.430082,0.0621774
5,69,10,0.0024009997,0.015761022,0.007987184,0.0059619388,0.001811899,0.044685524,-0.00038680862,2.9380722,-0.12481381,3.626671,0.3121801,0.08937105,-0.00077361724,0.07721359,-0.0032801519,0.042566407,0.0036640721,252.65146,250.94954,337.23257,-0.18736629,9.42921,0.054525383
5,70,10,0.0024009997,0.016150098,0.0077757635,0.0065131313,0.0018612035,0.044090144,0.001183704,3.0708854,0.101097085,3.6756837,0.21006617,0.08818029,0.002367408,0.080703974,0.0026568691,0.043141667,0.0024655554,252.65106,250.94832,336.65405,-0.31116325,9.42921,0.052185517
5,71,10,0.0024009997,0.018104207,0.008729094,0.007337566,0.0020375482,0.04671481,0.00082025747,3.2594526,0.10486491,3.8458745,0.14365813,0.09342962,0.0016405149,0.08565959,0.0027558887,0.04513921,0.0016861227,252.6604,250.83507,337.182,-0.24852304,9.428223,0.068732865
5,72,10,0.0024009997,0.017224738,0.0077717747,0.0074276975,0.002025266,0.044078834,-0.0009948178,3.2794104,-0.1129775,3.8342671,0.0077767614,0.08815767,-0.0019896356,0.08618409,-0.0029690894,0.045002956,9.1275935e-5,252.67233,250.81136,337.38843,0.10520074,9.428223,0.067898296
5,73,10,0.0024009997,0.01932251,0.008477643,0.008688457,0.0021564104,0.04603706,0.0013667899,3.5468268,0.09223125,3.9564617,-0.066355005,0.09207412,0.0027335798,0.0932119,0.0024238708,0.046437167,-0.00077881175,252.66245,250.8316,336.57812,-0.025876246,9.427078,0.056361873
5,74,10,0.0024009997,0.01808722,0.008487513,0.0076702097,0.0019294958,0.04606385,0.0005403569,3.3325164,0.053296003,3.7425115,0.23648603,0.0921277,0.0010807138,0.087579735,0.0014006381,0.043926027,0.0027756474,252.70407,251.01859,337.08865,-0.28978205,9.427078,0.060903315
5,75,10,0.0024009997,0.015915887,0.007762943,0.0065146815,0.0016382633,0.04405378,-0.001752819,3.071251,0.006349101,3.4485226,0.25677106,0.08810756,-0.003505638,0.08071358,0.00016685689,0.040475465,0.0030137345,252.74905,251.20721,337.64346,-0.26312014,9.425832,0.056881193
5,76,10,0.0024009997,0.017278537,0.0084578125,0.00710578,0.0017149441,0.045983184,0.0006478636,3.2075582,0.19013318,3.5283058,0.3059251,0.09196637,0.0012957272,0.08429579,0.0049967687,0.041411884,0.0035906571,252.76898,251.35756,337.11365,-0.4960583,9.425832,0.059607323
5,77,10,0.0024009997,0.017239626,0.009092794,0.0065105543,0.0016362772,0.047678072,0.00028726814,3.070278,0.25484887,3.4464314,0.37532583,0.095356144,0.0005745363,0.08068801,0.0066975197,0.040450923,0.0044052172,252.84225,251.60283,337.7079,-0.6301747,9.424555,0.06153674
5,78,10,0.0024009997,0.017043754,0.008317252,0.00689165,0.0018348526,0.045599483,-0.00024140897,3.1588595,0.09671125,3.6495707,0.3387933,0.091198966,-0.00048281794,0.08301596,0.0025416058,0.04283518,0.003976433,252.85239,251.60815,338.02274,-0.43550456,9.424555,0.06330981
5,79,10,0.0024009997,0.016649911,0.007933344,0.0069576036,0.001758963,0.04453466,0.00065685314,3.1739388,0.27201405,3.5733008,0.13274175,0.08906932,0.0013137063,0.08341225,0.0071486277,0.041939992,0.0015579961,252.80774,251.49124,337.4898,-0.4047558,9.423218,0.05580058
5,80,10,0.0024009997,0.017593663,0.009131665,0.006648386,0.001813613,0.047779873,0.00026503936,3.102607,0.34792197,3.6283863,0.09669553,0.095559746,0.0005300787,0.081537634,0.009143516,0.042586535,0.0011349206,252.81345,251.4534,337.9091,-0.4446175,9.423218,0.06931166
5,81,10,0.0024009997,0.017640807,0.009742913,0.006035548,0.0018623456,0.049353097,-0.0005398707,2.9561539,0.18493815,3.676811,0.06444372,0.09870619,-0.0010797414,0.07768879,0.0048602396,0.043154903,0.00075637933,252.8329,251.5576,338.07162,-0.24938187,9.421816,0.07129185
5,82,10,0.0024009997,0.02015866,0.010079122,0.008015615,0.0020639228,0.050197415,0.00064591196,3.4067252,0.4413724,3.8706863,-0.07381628,0.10039483,0.0012918239,0.08952997,0.011599425,0.045430418,-0.0008663854,252.84375,251.68802,337.48468,-0.36755612,9.421816,0.071261354
5,83,10,0.0024009997,0.016949944,0.008206486,0.006915335,0.0018281238,0.04529483,0.0011206481,3.1642826,0.36821824,3.6428728,0.008496757,0.09058966,0.0022412962,0.08315849,0.00967691,0.042756565,9.9726996e-5,252.91473,251.87648,338.1295,-0.376715,9.420459,0.06996225
5,84,10,0.0024009997,0.017790336,0.009093717,0.006737738,0.0019588808,0.04768049,-0.000803484,3.1233864,0.12384981,3.7709022,0.076260805,0.09536098,-0.001606968,0.082083724,0.003254817,0.044259246,0.00089507725,252.99915,252.13696,338.4215,-0.20011061,9.420459,0.06820667
5,85,10,0.0024009997,0.021550817,0.010624237,0.0085750865,0.002351495,0.05153697,0.0009809778,3.5236106,0.24023299,4.131552,0.03237942,0.10307394,0.0019619556,0.09260176,0.006313406,0.048492216,0.0003800386,253.02322,252.32454,337.7519,-0.2726124,9.418993,0.058437653
5,86,10,0.0024009997,0.017389188,0.0075257113,0.007546688,0.0023167876,0.04337543,0.00050496496,3.305574,0.2375531,4.100949,0.23379189,0.08675086,0.0010099299,0.086871676,0.00624298,0.04813302,0.0027440253,253.09691,252.5483,338.7027,-0.471345,9.418993,0.06741671
5,87,10,0.0024009997,0.01734772,0.008074029,0.006854878,0.0024188114,0.044927802,-0.00011130204,3.1504207,-0.04395903,4.190272,0.20020095,0.089855604,-0.00022260408,0.08279419,-0.0011552608,0.049181413,0.0023497655,253.13478,252.65953,339.21457,-0.15624192,9.417499,0.060064
5,88,10,0.0024009997,0.01964602,0.009132131,0.0081544835,0.0023594063,0.04778109,0.001529525,3.4361086,0.20470588,4.138496,0.0951041,0.09556218,0.00305905,0.09030218,0.005379745,0.04857372,0.0011162409,253.08868,252.53477,338.56354,-0.29981,9.417499,0.055772003
5,89,10,0.0024009997,0.018151958,0.007555453,0.008066294,0.0025302102,0.043461055,0.0010861908,3.4174776,0.12554936,4.2856774,0.1864273,0.08692211,0.0021723816,0.08981255,0.003299479,0.050301194,0.0021881063,253.09312,252.52776,338.99393,-0.31197667,9.415996,0.06289989
5,90,10,0.0024009997,0.018544719,0.008315017,0.0076000816,0.0026296182,0.04559336,-0.0008776876,3.3172467,-0.06750542,4.3690557,0.19856928,0.09118672,-0.0017553752,0.08717845,-0.0017740679,0.051279802,0.0023306187,253.09201,252.52571,339.39398,-0.13106386,9.415996,0.06801291
5,91,10,0.0024009997,0.018641077,0.008203745,0.007903104,0.0025342288,0.045287263,0.0012344363,3.382732,0.102108695,4.2890797,0.11427041,0.090574525,0.0024688726,0.088899404,0.0026834554,0.050341126,0.0013411979,253.04843,252.41954,338.70676,-0.2163791,9.414409,0.06310335
5,92,10,0.0024009997,0.020383045,0.008229756,0.009408188,0.0027451015,0.045359,0.001829929,3.69081,0.17651972,4.4639606,0.1770564,0.090718,0.003659858,0.096995816,0.0046390034,0.052393716,0.0020781197,253.0629,252.39204,339.03543,-0.35357612,9.414409,0.06815926
5,93,10,0.0024009997,0.020843431,0.008876538,0.0088788485,0.0030880459,0.04710769,0.0009650172,3.5854774,0.0023770572,4.7345977,0.3519586,0.09421538,0.0019300344,0.09422764,6.246326e-5,0.05557019,0.0041309553,253.07753,252.34114,339.16556,-0.35433567,9.412749,0.066429354
5,94,10,0.0024009997,0.020455154,0.008155499,0.009481656,0.0028179977,0.0451539,0.001704473,3.7051926,0.19559819,4.5228434,0.18105231,0.0903078,0.003408946,0.0973738,0.005140391,0.053084817,0.0021250183,253.06258,252.36586,338.46725,-0.3766505,9.412749,0.06339235
5,95,10,0.0024009997,0.02057408,0.008163244,0.009575597,0.002835238,0.045175336,0.0014206037,3.7235022,0.2444527,4.5366573,0.058026325,0.09035067,0.0028412074,0.09785498,0.006424303,0.053246953,0.0006810571,253.0799,252.36537,338.86786,-0.30247903,9.41103,0.06058792
5,96,10,0.0024009997,0.020444829,0.008305339,0.009069573,0.0030699158,0.045566816,-0.00023550303,3.6237822,-0.003363831,4.7206783,0.12667006,0.09113363,-0.00047100606,0.095234305,-8.840272e-5,0.05540682,0.0014867325,253.11111,252.43596,339.1769,-0.12330623,9.41103,0.067734145
5,97,10,0.0024009997,0.020804385,0.008250925,0.009377088,0.0031763706,0.0454173,0.002009037,3.6847045,0.28949332,4.80183,-0.04651272,0.0908346,0.004018074,0.09683537,0.0076079885,0.0563593,-0.00054592313,253.08397,252.3909,338.3537,-0.2429806,9.409299,0.058739603
5,98,10,0.0024009997,0.021591205,0.008240787,0.010253243,0.003097175,0.04538939,0.002309922,3.8530025,0.30711055,4.741591,0.017056167,0.09077878,0.004619844,0.1012583,0.0080709765,0.05565227,0.00020018852,253.09248,252.35535,338.66684,-0.32416672,9.409299,0.06493633
5,99,10,0.0024009997,0.019872729,0.007013224,0.009756565,0.0031029396,0.041872498,0.00033965163,3.7585227,0.1008117,4.7460012,-0.06891189,0.083744995,0.00067930325,0.09877533,0.0026493676,0.055704035,-0.00080882176,253.08897,252.28429,338.93747,-0.03189981,9.407598,0.058659416
5,100,10,0.0024009997,0.023645572,0.00879437,0.011672274,0.003178927,0.046889152,0.0008363483,4.1109896,0.24663709,4.8037624,-0.32427925,0.093778305,0.0016726966,0.1080383,0.006481713,0.056381974,-0.0038060793,253.03702,252.10358,338.03403,0.07764216,9.407598,0.0686058
